t,x,y,heading,opinion,attention,target_speed,p_att_tb1,p_coop_tb1,p_coop_att_tb1,x_tb1,y_tb1,vx_tb1,vy_tb1,p_att_tb3,p_coop_tb3,p_coop_att_tb3,x_tb3,y_tb3,vx_tb3,vy_tb3,p_att_tb4,p_coop_tb4,p_coop_att_tb4,x_tb4,y_tb4,vx_tb4,vy_tb4,p_att_tb5,p_coop_tb5,p_coop_att_tb5,x_tb5,y_tb5,vx_tb5,vy_tb5,p_att_tb6,p_coop_tb6,p_coop_att_tb6,x_tb6,y_tb6,vx_tb6,vy_tb6,p_att_tb7,p_coop_tb7,p_coop_att_tb7,x_tb7,y_tb7,vx_tb7,vy_tb7,p_att_tb8,p_coop_tb8,p_coop_att_tb8,x_tb8,y_tb8,vx_tb8,vy_tb8,p_att_tb9,p_coop_tb9,p_coop_att_tb9,x_tb9,y_tb9,vx_tb9,vy_tb9,p_att_tb10,p_coop_tb10,p_coop_att_tb10,x_tb10,y_tb10,vx_tb10,vy_tb10,p_att_tb11,p_coop_tb11,p_coop_att_tb11,x_tb11,y_tb11,vx_tb11,vy_tb11,p_att_tb12,p_coop_tb12,p_coop_att_tb12,x_tb12,y_tb12,vx_tb12,vy_tb12,p_att_crnr_x0_y0,p_coop_crnr_x0_y0,p_coop_att_crnr_x0_y0,x_crnr_x0_y0,y_crnr_x0_y0,vx_crnr_x0_y0,vy_crnr_x0_y0,p_att_crnr_x0_y1,p_coop_crnr_x0_y1,p_coop_att_crnr_x0_y1,x_crnr_x0_y1,y_crnr_x0_y1,vx_crnr_x0_y1,vy_crnr_x0_y1,p_att_crnr_x1_y0,p_coop_crnr_x1_y0,p_coop_att_crnr_x1_y0,x_crnr_x1_y0,y_crnr_x1_y0,vx_crnr_x1_y0,vy_crnr_x1_y0,p_att_hat2,p_coop_hat2,p_coop_att_hat2,x_hat2,y_hat2,vx_hat2,vy_hat2,current_speed
1791062888.7995937,-0.3542263545832756,-1.1317126325885145,1.38720875689524,1.9637653035260028e-05,0.19032516365528593,0.20001178259180752,0.0,0.0,0.0,2.2571649326856105,0.6766748829812723,-0.004468482756571792,0.006136112661817105,0.0,0.0,0.0,-2.366683904671336,-0.16683661957429927,-0.00026387706747464526,-0.00011923767771102609,nan,nan,nan,nan,nan,nan,nan,0.0,0.0,0.0,2.3020233589690102,-1.350754714321796,-0.001987338315224821,-0.0063349309378867786,0.0,0.0,0.0,-1.04607907858975,2.7032097990199366,0.0005924338790451695,0.00025787371300364754,nan,nan,nan,nan,nan,nan,nan,nan,nan,nan,nan,nan,nan,nan,1.3859313514896594e-06,0.0,0.0,0.9713299195462931,2.410595908075966,0.001762158507628878,-0.00037941878385457214,nan,nan,nan,nan,nan,nan,nan,nan,nan,nan,nan,nan,nan,nan,nan,nan,nan,nan,nan,nan,nan,nan,nan,nan,nan,nan,nan,nan,nan,nan,nan,nan,nan,nan,nan,nan,nan,nan,nan,nan,nan,nan,nan,nan,nan,nan,nan,nan,nan,0.0010152703802780542
1791062888.8990932,-0.35409588568380745,-1.1315367971486854,1.387454680768011,-0.00011226742072334601,0.36253849417351575,0.19993263955011303,0.0,0.0,0.0,2.2572291658426016,0.6765725117947612,0.004755853632373189,-0.0047066848039316106,0.0,0.0,0.0,-2.366177002441776,-0.16676440218501806,0.017285189188557846,0.0029406242755811427,nan,nan,nan,nan,nan,nan,nan,0.0031463397682714553,0.0,0.0,2.3012571754676068,-1.3497265468159598,-0.022011911144037676,0.02605023202818236,1.1829627361554848e-06,0.0,0.0,-1.045779514021161,2.7029065378197488,0.018057157872639215,-0.012998008949458862,nan,nan,nan,nan,nan,nan,nan,nan,nan,nan,nan,nan,nan,nan,7.020115280389217e-06,0.0,0.0,0.970954445351546,2.4098658050841393,-0.009105491467526221,-0.024625715975833556,nan,nan,nan,nan,nan,nan,nan,nan,nan,nan,nan,nan,nan,nan,nan,nan,nan,nan,nan,nan,nan,nan,nan,nan,nan,nan,nan,nan,nan,nan,nan,nan,nan,nan,nan,nan,nan,nan,nan,nan,nan,nan,nan,nan,nan,nan,nan,nan,nan,0.007436401352436355
1791062888.999178,-0.3535590963924403,-1.1286842419430525,1.3889182555939374,-0.03211271442881437,0.5182983482743057,0.1807917587453864,0.0031226426125244254,0.0,0.0,2.2537256100084284,0.6771850746980833,-0.03897633872693859,0.0026741859496613495,0.03114514602676004,0.0,0.0,-2.3631889157824113,-0.16560622458196403,0.0360608154013947,0.012247590652773551,nan,nan,nan,nan,nan,nan,nan,0.01241466007096212,0.0,0.0,2.297729687784923,-1.3464691878938282,-0.044072685923027,0.04234025034706756,0.018427407508676035,0.0,0.0,-1.0443443375348447,2.699581834208784,0.021730181082357757,-0.04234107062866398,nan,nan,nan,nan,nan,nan,nan,nan,nan,nan,nan,nan,nan,nan,1.0607374181617018,0.0,0.0,0.9695053333026353,2.4067438239328354,-0.02860238972588808,-0.0547933947168112,nan,nan,nan,nan,nan,nan,nan,nan,nan,nan,nan,nan,nan,nan,nan,nan,nan,nan,nan,nan,nan,nan,nan,nan,nan,nan,nan,nan,nan,nan,nan,nan,nan,nan,nan,nan,nan,nan,nan,nan,nan,nan,nan,nan,nan,nan,nan,nan,nan,0.03971555801559925
1791062889.0992324,-0.353089896599417,-1.1240589225233888,1.3863342998903803,-0.0005886483197477567,0.659367783140704,0.1996468113752981,0.059257402883808784,0.0,0.0,2.2498202368275133,0.6771119965321601,-0.03973865717848768,0.004063290005944033,0.09436920354016294,0.0,0.0,-2.3567554334718817,-0.1592731529120157,0.14541401553869074,0.3585828097266863,nan,nan,nan,nan,nan,nan,nan,0.02872211795240321,0.0,0.0,2.2924576588231886,-1.3428734652291945,-0.04784161139655591,0.04117188426672013,0.9585409686282156,0.0,0.0,-1.0421882480742115,2.694952073436658,0.023207781745786422,-0.051640044992480205,nan,nan,nan,nan,nan,nan,nan,nan,nan,nan,nan,nan,nan,nan,1.025951577294278,0.0,0.0,0.9659617516187038,2.4010727431082333,-0.04629262433558347,-0.07259527073440286,nan,nan,nan,nan,nan,nan,nan,nan,nan,nan,nan,nan,nan,nan,nan,nan,nan,nan,nan,nan,nan,nan,nan,nan,nan,nan,nan,nan,nan,nan,nan,nan,nan,nan,nan,nan,nan,nan,nan,nan,nan,nan,nan,nan,nan,nan,nan,nan,nan,0.06590923381101671
1791062889.1987748,-0.35178230855009823,-1.1175212651604751,1.38629239287148,-0.0364176430430785,0.7869603631515428,0.1782359387601852,0.7063460385860947,0.0,0.0,2.2439164544301122,0.677478594915877,-0.06307461012438748,0.010430753766140935,0.9468179979644341,0.0,0.0,-2.348605212861127,-0.16014084773248882,0.14143695314148097,-0.028729637474428082,nan,nan,nan,nan,nan,nan,nan,0.18470433728870667,0.0,0.0,2.2857379400865923,-1.337146860534609,-0.07315552104425975,0.05728145951202078,1.0608141400606554,0.0,0.0,-1.0382539295403679,2.688848542406676,0.033828656537831556,-0.06537333831160205,nan,nan,nan,nan,nan,nan,nan,nan,nan,nan,nan,nan,nan,nan,0.9507581794102592,0.0,0.0,0.961451578132561,2.3934336072759517,-0.07850163357509307,-0.09303929968076036,nan,nan,nan,nan,nan,nan,nan,nan,nan,nan,nan,nan,nan,nan,nan,nan,nan,nan,nan,nan,nan,nan,nan,nan,nan,nan,nan,nan,nan,nan,nan,nan,nan,nan,nan,nan,nan,nan,nan,nan,nan,nan,nan,nan,nan,nan,nan,nan,nan,0.07525037851004315
1791062889.2989175,-0.3501750304658193,-1.1087970413585166,1.3856221191509461,-0.0841401484874023,0.9031310981860055,0.15056148707176387,0.9376355210344185,0.0,0.0,2.2366621150638495,0.6775532346960681,-0.07751228838794882,-0.0015981504196067742,0.8435621797526563,0.0,0.0,-2.3278563773224508,-0.14929075701270875,0.16975505203854718,0.06993310033098558,nan,nan,nan,nan,nan,nan,nan,0.8123712914780696,0.0,0.0,2.278515853199668,-1.3310944450066076,-0.0840919541096578,0.07209964321988407,1.0610917318204331,0.0,0.0,-1.0347070261068647,2.682285717969008,0.0477818009834583,-0.05783875652321237,nan,nan,nan,nan,nan,nan,nan,nan,nan,nan,nan,nan,nan,nan,1.037582256110848,0.0,0.0,0.9557448029571859,2.383488877596946,-0.07494962957538565,-0.12341468514483721,nan,nan,nan,nan,nan,nan,nan,nan,nan,nan,nan,nan,nan,nan,nan,nan,nan,nan,nan,nan,nan,nan,nan,nan,nan,nan,nan,nan,nan,nan,nan,nan,nan,nan,nan,nan,nan,nan,nan,nan,nan,nan,nan,nan,nan,nan,nan,nan,nan,0.09410507171700588
1791062889.4008365,-0.3486267810731055,-1.100068825557839,1.3847395980224229,-0.13180170432993085,1.009695083276096,0.12479788986779497,0.975433877014919,0.0,0.0,2.2280099850016297,0.6780111183834491,-0.08598697698930298,0.006477706030430219,1.0331855403285561,0.0,0.0,-2.313079696349882,-0.143396283063865,0.1479378886859024,0.04869563093281557,nan,nan,nan,nan,nan,nan,nan,0.7659135632211215,0.0,0.0,2.269724817472568,-1.3235595891130372,-0.0832699133887149,0.08480565210731991,1.0596267336764644,0.0,0.0,-1.030729678691901,2.6750600270649647,0.042906750905478554,-0.0795428007733604,nan,nan,nan,nan,nan,nan,nan,nan,nan,nan,nan,nan,nan,nan,1.0357961517571193,0.0,0.0,0.948058993291779,2.3711446936700273,-0.09529053040509458,-0.14815272701503984,nan,nan,nan,nan,nan,nan,nan,nan,nan,nan,nan,nan,nan,nan,nan,nan,nan,nan,nan,nan,nan,nan,nan,nan,nan,nan,nan,nan,nan,nan,nan,nan,nan,nan,nan,nan,nan,nan,nan,nan,nan,nan,nan,nan,nan,nan,nan,nan,nan,0.09784245677750011
1791062889.4987245,-0.3467846914288762,-1.090330937026944,1.3849354978946387,-0.1812871580321889,1.108666457558033,0.10081892182311983,1.0290994414940813,0.0,0.0,2.2186664387211996,0.678010114579305,-0.10026403813520302,0.003673073474158877,0.9264173689197591,0.0,0.0,-2.296383188582956,-0.13574785594899075,0.16034610344550654,0.06758556020898905,nan,nan,nan,nan,nan,nan,nan,0.5108804100886131,0.0,0.0,2.259432702573998,-1.3150911082337027,-0.07545460410174404,0.09318715254320734,0.6460483200778963,0.0,0.0,-1.0265300886158324,2.6678536608378702,0.0049939667185719405,-0.06958183480021929,nan,nan,nan,nan,nan,nan,nan,nan,nan,nan,nan,nan,nan,nan,1.0458072302109334,0.0,0.0,0.9386206185621763,2.3555525992703883,-0.09819527204152023,-0.1682465786405114,nan,nan,nan,nan,nan,nan,nan,nan,nan,nan,nan,nan,nan,nan,nan,nan,nan,nan,nan,nan,nan,nan,nan,nan,nan,nan,nan,nan,nan,nan,nan,nan,nan,nan,nan,nan,nan,nan,nan,nan,nan,nan,nan,nan,nan,nan,nan,nan,nan,0.10017316635731573
1791062889.5995104,-0.34484504698914403,-1.0806212628695253,1.3849095041065114,-0.2242544025724163,1.2013226732727877,0.08264108421155097,1.0282338398550372,0.0,0.0,2.209078890982269,0.6782484370274965,-0.09995774447021157,-0.005265020191334084,0.7408904422018853,0.0,0.0,-2.2826401335183073,-0.13187094376410646,0.1663628972625053,0.08002561935786576,nan,nan,nan,nan,nan,nan,nan,1.046956790866467,0.0,0.0,2.249622412073963,-1.3071765060834217,-0.11692588768538202,0.09368071005291916,1.0500502061955266,0.0,0.0,-1.021668279266244,2.660134434944721,0.03853688931076789,-0.06065412387590767,nan,nan,nan,nan,nan,nan,nan,nan,nan,nan,nan,nan,nan,nan,1.0150500329376928,0.0,0.0,0.9287650364765243,2.3394223156013467,-0.10583355483155076,-0.17084456505253898,nan,nan,nan,nan,nan,nan,nan,nan,nan,nan,nan,nan,nan,nan,nan,nan,nan,nan,nan,nan,nan,nan,nan,nan,nan,nan,nan,nan,nan,nan,nan,nan,nan,nan,nan,nan,nan,nan,nan,nan,nan,nan,nan,nan,nan,nan,nan,nan,nan,0.09232640250017561
1791062889.6991334,-0.3431293376681737,-1.0711196744485223,1.384331924928112,-0.2557340503538291,1.2883297135273066,0.07094007898807766,1.0310863582120633,0.0,0.0,2.1990114879967684,0.6787467014499531,-0.09438262245047617,-0.004050755934162082,0.9932770496475409,0.0,0.0,-2.2703444374866053,-0.12603216647655155,0.1413943856987045,0.00655806362995065,nan,nan,nan,nan,nan,nan,nan,1.0572347985103292,0.0,0.0,2.2368871849595147,-1.2953747525510713,-0.11208857436328157,0.09914917000651022,1.000947711437,0.0,0.0,-1.0182099305225938,2.654098354828167,0.07156320732290761,-0.07973424555760865,nan,nan,nan,nan,nan,nan,nan,nan,nan,nan,nan,nan,nan,nan,0.8998216196322645,0.0,0.0,0.917782271574661,2.3217118438223694,-0.12515360472093967,-0.1720495744576921,nan,nan,nan,nan,nan,nan,nan,nan,nan,nan,nan,nan,nan,nan,nan,nan,nan,nan,nan,nan,nan,nan,nan,nan,nan,nan,nan,nan,nan,nan,nan,nan,nan,nan,nan,nan,nan,nan,nan,nan,nan,nan,nan,nan,nan,nan,nan,nan,nan,0.09505833555602507
1791062889.798997,-0.3416182442762636,-1.0623659134664376,1.3842857263077357,-0.29811011923301095,1.370728229172897,0.05729480087486214,1.0106209273302542,0.0,0.0,2.189211672075048,0.6792256622101862,-0.08835352213706776,0.004635624219157794,0.6673733630244689,0.0,0.0,-2.2525083190068456,-0.11955244356472434,0.147847182598958,0.06694195825729823,nan,nan,nan,nan,nan,nan,nan,0.9926997431395176,0.0,0.0,2.2257121508396516,-1.2858521170609922,-0.11934279909079927,0.08200786805453429,1.0332210734938956,0.0,0.0,-1.0149555008226716,2.647574675779106,0.03043655559415416,-0.07560313319106593,nan,nan,nan,nan,nan,nan,nan,nan,nan,nan,nan,nan,nan,nan,1.022136841502765,0.0,0.0,0.9067494950396796,2.303039346365137,-0.12283483057050645,-0.20004457255925828,nan,nan,nan,nan,nan,nan,nan,nan,nan,nan,nan,nan,nan,nan,nan,nan,nan,nan,nan,nan,nan,nan,nan,nan,nan,nan,nan,nan,nan,nan,nan,nan,nan,nan,nan,nan,nan,nan,nan,nan,nan,nan,nan,nan,nan,nan,nan,nan,nan,0.09017861169979986
1791062889.8996892,-0.3398883442035718,-1.053961060326513,1.3842460625968693,-0.32237835333461784,1.448963954459361,0.05051147810331245,1.0554722361663889,0.0,0.0,2.181116822389755,0.6791840751938927,-0.0943160222129284,0.012134687690633137,1.033286805582923,0.0,0.0,-2.2384823181962834,-0.11283698067597209,0.15594072260127892,0.06713247328082785,nan,nan,nan,nan,nan,nan,nan,1.0558998064345926,0.0,0.0,2.2158089523386324,-1.2780174223816205,-0.11650124219046681,0.0875166165259706,0.9394424902843456,0.0,0.0,-1.009915978271398,2.6394000948879657,0.020865662046507118,-0.057307878518266755,nan,nan,nan,nan,nan,nan,nan,nan,nan,nan,nan,nan,nan,nan,0.8690824932684444,0.0,0.0,0.8947739718097157,2.283581419931399,-0.14543069875232312,-0.1913842479864744,nan,nan,nan,nan,nan,nan,nan,nan,nan,nan,nan,nan,nan,nan,nan,nan,nan,nan,nan,nan,nan,nan,nan,nan,nan,nan,nan,nan,nan,nan,nan,nan,nan,nan,nan,nan,nan,nan,nan,nan,nan,nan,nan,nan,nan,nan,nan,nan,nan,0.08256437131763295
1791062889.9987335,-0.3382537389395815,-1.0459253879251216,1.384390841390838,-0.35419634748337364,1.5232222433827363,0.04266944890808355,1.0402938842336877,0.0,0.0,2.1721530268971785,0.6793153140029927,-0.0818982912946277,-0.008491911941105946,0.4623762656893352,0.0,0.0,-2.2243358765700574,-0.11005685408877532,0.09996795124131502,-0.05869829620290215,nan,nan,nan,nan,nan,nan,nan,1.0594572774240596,0.0,0.0,2.2031589980486848,-1.266435218973337,-0.11666913890522301,0.08898344582834875,0.8656377698912331,0.0,0.0,-1.0062677760963472,2.6333152777109756,0.023497650805446024,-0.058012037024266445,nan,nan,nan,nan,nan,nan,nan,nan,nan,nan,nan,nan,nan,nan,0.9753675195507653,0.0,0.0,0.8827941314424783,2.2632812413591332,-0.11713372304288101,-0.1993692640370855,nan,nan,nan,nan,nan,nan,nan,nan,nan,nan,nan,nan,nan,nan,nan,nan,nan,nan,nan,nan,nan,nan,nan,nan,nan,nan,nan,nan,nan,nan,nan,nan,nan,nan,nan,nan,nan,nan,nan,nan,nan,nan,nan,nan,nan,nan,nan,nan,nan,0.07694609267010241
1791062890.1009164,-0.3370674654613831,-1.0389112567073624,1.384405713235647,-0.38318356039826335,1.594522181538976,0.0364789652574953,1.0576291272433966,0.0,0.0,2.1639089719908755,0.679968400315356,-0.07446081710928153,0.004122891772739182,0.6013369653262056,0.0,0.0,-2.2082193715192497,-0.10070097657908633,0.12790649120944525,0.06856590044196717,nan,nan,nan,nan,nan,nan,nan,0.6954963115667989,0.0,0.0,2.192391760212192,-1.2572327765674782,-0.11842792676520209,0.12533542598848715,0.9353822639907008,0.0,0.0,-1.0040498207428756,2.628300932464371,0.014700876329048214,-0.03845179434413304,nan,nan,nan,nan,nan,nan,nan,nan,nan,nan,nan,nan,nan,nan,0.9681234930872645,0.0,0.0,0.8709952786801222,2.242955533391983,-0.1262944717561882,-0.19842474973187496,nan,nan,nan,nan,nan,nan,nan,nan,nan,nan,nan,nan,nan,nan,nan,nan,nan,nan,nan,nan,nan,nan,nan,nan,nan,nan,nan,nan,nan,nan,nan,nan,nan,nan,nan,nan,nan,nan,nan,nan,nan,nan,nan,nan,nan,nan,nan,nan,nan,0.06647608168129958
1791062890.200768,-0.3355431790066542,-1.0320764611047462,1.3855088527528414,-0.4095752324402242,1.6630654932075315,0.0315581391540543,0.22238180892110654,0.0,0.0,2.1567546909882016,0.6800567211762449,-0.06344391463706481,0.013439400476519472,0.7452784391119984,0.0,0.0,-2.1950425215923364,-0.09534097993842255,0.14226534956221196,0.06747690312680772,nan,nan,nan,nan,nan,nan,nan,0.8256622781244235,0.0,0.0,2.182368431130472,-1.2482664910214794,-0.08798906838629042,0.09629051459359612,0.8543194385234645,0.0,0.0,-1.0006534064981194,2.623630849859448,0.021638170508514663,-0.03940485877032176,nan,nan,nan,nan,nan,nan,nan,nan,nan,nan,nan,nan,nan,nan,0.9157868400215732,0.0,0.0,0.8589767677563934,2.2226046340004184,-0.09827469828012689,-0.19509430253488153,nan,nan,nan,nan,nan,nan,nan,nan,nan,nan,nan,nan,nan,nan,nan,nan,nan,nan,nan,nan,nan,nan,nan,nan,nan,nan,nan,nan,nan,nan,nan,nan,nan,nan,nan,nan,nan,nan,nan,nan,nan,nan,nan,nan,nan,nan,nan,nan,nan,0.059823941386850536
1791062890.301624,-0.3345238031746516,-1.0263242898709914,1.3857453200257885,-0.4452473846696843,1.729893283224912,0.025870847541371724,0.6013891062974798,0.0,0.0,2.1501984819473994,0.6802500712484189,-0.05611889214156392,-0.004894357823312101,0.8581585506421393,0.0,0.0,-2.1818653235853693,-0.09251151229537138,0.14574743115705577,0.04153937985906978,nan,nan,nan,nan,nan,nan,nan,0.6267057030564891,0.0,0.0,2.1729065532758716,-1.2400974487783616,-0.10461504642989727,0.08657666959461141,1.0381644153986127,0.0,0.0,-0.9987456905038002,2.620075908093792,0.02499716784473638,-0.040053414252808,nan,nan,nan,nan,nan,nan,nan,nan,nan,nan,nan,nan,nan,nan,1.0096464650139523,0.0,0.0,0.8469672914631433,2.202295235133565,-0.11282952094593612,-0.20079504862765157,nan,nan,nan,nan,nan,nan,nan,nan,nan,nan,nan,nan,nan,nan,nan,nan,nan,nan,nan,nan,nan,nan,nan,nan,nan,nan,nan,nan,nan,nan,nan,nan,nan,nan,nan,nan,nan,nan,nan,nan,nan,nan,nan,nan,nan,nan,nan,nan,nan,0.06350141664002416
1791062890.4019318,-0.333353059705355,-1.0207607655479731,1.3856802450816728,-0.4767826935668141,1.7961334673369997,0.021652418136952158,0.1265758567843829,0.0,0.0,2.1444205477533673,0.6802740717099479,-0.05409730754613767,0.0028792763131824405,0.3878363054948331,0.0,0.0,-2.1644332004723044,-0.08478651811056992,0.1828977991719625,0.08003363288380375,nan,nan,nan,nan,nan,nan,nan,1.0402273329907583,0.0,0.0,2.161567750214752,-1.230266677035633,-0.11525102539106777,0.0893087683790288,0.0186399983896321,0.0,0.0,-0.9966865178646473,2.6167874804801285,0.019193477869077984,-0.032439757501519305,nan,nan,nan,nan,nan,nan,nan,nan,nan,nan,nan,nan,nan,nan,0.9546180878806085,0.0,0.0,0.8349198487063925,2.1821951835199873,-0.12103860791641201,-0.20496677592493606,nan,nan,nan,nan,nan,nan,nan,nan,nan,nan,nan,nan,nan,nan,nan,nan,nan,nan,nan,nan,nan,nan,nan,nan,nan,nan,nan,nan,nan,nan,nan,nan,nan,nan,nan,nan,nan,nan,nan,nan,nan,nan,nan,nan,nan,nan,nan,nan,nan,0.05186015644316835
1791062890.499184,-0.3325392135775255,-1.015851054800636,1.385203442655362,-0.5068280852633409,1.8615988226110571,0.018243597626530474,0.03076818001406828,0.0,0.0,2.1396265948669124,0.6806441251531681,-0.04914377507127557,0.0007817115644895086,0.185789949938349,0.0,0.0,-2.141011399572185,-0.07541618702292087,0.23923805315958818,0.13975707156682676,nan,nan,nan,nan,nan,nan,nan,0.38054209460458294,0.0,0.0,2.1508545084098265,-1.2204008547985825,-0.12441835151514945,0.13816603937608682,0.00973312345917488,0.0,0.0,-0.9948144662361157,2.6135369832392685,0.0166753187719035,-0.030974646645948144,nan,nan,nan,nan,nan,nan,nan,nan,nan,nan,nan,nan,nan,nan,1.024226002011639,0.0,0.0,0.8230248072254491,2.1620493828132696,-0.11372049565311296,-0.2187512230604592,nan,nan,nan,nan,nan,nan,nan,nan,nan,nan,nan,nan,nan,nan,nan,nan,nan,nan,nan,nan,nan,nan,nan,nan,nan,nan,nan,nan,nan,nan,nan,nan,nan,nan,nan,nan,nan,nan,nan,nan,nan,nan,nan,nan,nan,nan,nan,nan,nan,0.046712210979031596
1791062890.599036,-0.33158998707499443,-1.0112565044676631,1.385915365673454,-0.5299223241208376,1.9259588778775782,0.015977280915663618,0.04107026542368634,0.0,0.0,2.134854666499854,0.680611732880448,-0.05222453901625811,0.00175721350538614,0.3692435717843368,0.0,0.0,-2.1205996262362414,-0.06769152056306772,0.2128622828273235,0.07156047641655904,nan,nan,nan,nan,nan,nan,nan,0.6908259809060568,0.0,0.0,2.13810605526016,-1.2100800417724915,-0.15602927538971775,0.12088819742200761,0.09423438596785608,0.0,0.0,-0.9931138175295035,2.610580285046597,0.04667669237099024,-0.03979148825154417,nan,nan,nan,nan,nan,nan,nan,nan,nan,nan,nan,nan,nan,nan,0.9527363415797081,0.0,0.0,0.8111773279132909,2.1419859447297482,-0.12282026033406908,-0.2081215211670055,nan,nan,nan,nan,nan,nan,nan,nan,nan,nan,nan,nan,nan,nan,nan,nan,nan,nan,nan,nan,nan,nan,nan,nan,nan,nan,nan,nan,nan,nan,nan,nan,nan,nan,nan,nan,nan,nan,nan,nan,nan,nan,nan,nan,nan,nan,nan,nan,nan,0.043817103163105796
1791062890.699307,-0.3307996018896444,-1.0074063853375874,1.3861558304255865,-0.5498354069457355,1.9885296766151415,0.014242033549135181,0.007789751667708095,0.0,0.0,2.130090524758417,0.6807652750492998,-0.04514682363960196,0.0010120529406722053,0.2369850077593358,0.0,0.0,-2.0991458521914543,-0.05937135832549917,0.20492474689809947,0.06227989997083257,nan,nan,nan,nan,nan,nan,nan,0.45039453251199296,0.0,0.0,2.123658838170794,-1.1977496358957662,-0.15169189417368736,0.13519382077839312,0.017500470992243597,0.0,0.0,-0.991370132998454,2.606995570956065,0.02522216827607964,-0.042900253324109086,nan,nan,nan,nan,nan,nan,nan,nan,nan,nan,nan,nan,nan,nan,0.9439486501040608,0.0,0.0,0.7992961980065201,2.1219169133020976,-0.12080882367519802,-0.19933313326734708,nan,nan,nan,nan,nan,nan,nan,nan,nan,nan,nan,nan,nan,nan,nan,nan,nan,nan,nan,nan,nan,nan,nan,nan,nan,nan,nan,nan,nan,nan,nan,nan,nan,nan,nan,nan,nan,nan,nan,nan,nan,nan,nan,nan,nan,nan,nan,nan,nan,0.03507554365241462
1791062890.7992241,-0.33019688457627366,-1.0038385885219256,1.3855341363350988,-0.5733470942105495,2.0496904340329767,0.012426399509800224,0.0069833587969998275,0.0,0.0,2.1255794404678605,0.6809663819705398,-0.04130549008324028,-0.002016511477390847,0.24818403689628132,0.0,0.0,-2.08020081882442,-0.05139782826030247,0.19609741188771818,0.10153548270696869,nan,nan,nan,nan,nan,nan,nan,0.40841101753150805,0.0,0.0,2.1081211427751714,-1.184821482546541,-0.1297431853704853,0.12620057798626075,0.01856068821520317,0.0,0.0,-0.9887680467239507,2.6027515934041117,0.025803250830404936,-0.04276019237123335,nan,nan,nan,nan,nan,nan,nan,nan,nan,nan,nan,nan,nan,nan,0.933261380388681,0.0,0.0,0.7873536800123219,2.1017119423472317,-0.1138025620602098,-0.1826974709814404,nan,nan,nan,nan,nan,nan,nan,nan,nan,nan,nan,nan,nan,nan,nan,nan,nan,nan,nan,nan,nan,nan,nan,nan,nan,nan,nan,nan,nan,nan,nan,nan,nan,nan,nan,nan,nan,nan,nan,nan,nan,nan,nan,nan,nan,nan,nan,nan,nan,0.0353149541110306
1791062890.9009054,-0.3295661839952716,-1.0006164620760754,1.3861429007947175,-0.5915053157885846,2.1095739719112965,0.011179545193904007,0.005441981434038951,0.0,0.0,2.1214841126495187,0.6809774814949332,-0.03824862930501094,-0.0001566390466645523,0.3061672747227405,0.0,0.0,-2.0622469303167104,-0.044784204605156364,0.19911228640848327,0.08222956783548087,nan,nan,nan,nan,nan,nan,nan,0.44426945866986645,0.0,0.0,2.0931316908414006,-1.171914572415471,-0.1431267047284371,0.13063593467772497,0.46437804435820274,0.0,0.0,-0.9863353333961943,2.598574379826043,0.05389688980410365,-0.05464897684900232,nan,nan,nan,nan,nan,nan,nan,nan,nan,nan,nan,nan,nan,nan,0.9382374789806937,0.0,0.0,0.7753089731547417,2.0811150953742947,-0.11594374331241794,-0.19393207340193447,nan,nan,nan,nan,nan,nan,nan,nan,nan,nan,nan,nan,nan,nan,nan,nan,nan,nan,nan,nan,nan,nan,nan,nan,nan,nan,nan,nan,nan,nan,nan,nan,nan,nan,nan,nan,nan,nan,nan,nan,nan,nan,nan,nan,nan,nan,nan,nan,nan,0.03409429858502034
1791062891.0041182,-0.32888810997861745,-0.9974561836076855,1.386473392231088,-0.5975294787148642,2.1663799013173293,0.010793385292019276,0.0034812398663118965,0.0,0.0,2.1178291154869706,0.6810461309074184,-0.03781551824238986,0.0032698476462870167,0.36658772801782774,0.0,0.0,-2.0446278968066682,-0.037227132729750055,0.16346948487661614,0.07581049316343712,nan,nan,nan,nan,nan,nan,nan,0.4317815529731296,0.0,0.0,2.078260631208426,-1.1595724143107307,-0.15518217240695126,0.11318768847936812,0.0035209129759020065,0.0,0.0,-0.9838625487573923,2.5946011014703996,0.031935516903785,-0.04155861799064927,nan,nan,nan,nan,nan,nan,nan,nan,nan,nan,nan,nan,nan,nan,0.9338312017932867,0.0,0.0,0.7632717983118767,2.0607514927946333,-0.12206193947941028,-0.1966128914283753,nan,nan,nan,nan,nan,nan,nan,nan,nan,nan,nan,nan,nan,nan,nan,nan,nan,nan,nan,nan,nan,nan,nan,nan,nan,nan,nan,nan,nan,nan,nan,nan,nan,nan,nan,nan,nan,nan,nan,nan,nan,nan,nan,nan,nan,nan,nan,nan,nan,0.030427346569415304
1791062891.1010952,-0.32830861793396504,-0.9943916013469057,1.3851121110812876,-0.6084729908520019,2.219772343133981,0.010124808714792622,0.0037305885500738003,0.0,0.0,2.1140233334629355,0.6813147764640878,-0.0322684231807734,-0.00019493409293168913,0.8991063352698709,0.0,0.0,-2.027993836046854,-0.03072920355083386,0.19089495301120185,0.1231244084280706,nan,nan,nan,nan,nan,nan,nan,0.545124018638641,0.0,0.0,2.0634382874911825,-1.146425374503284,-0.1352104697490009,0.11518719106685467,0.006380192824035227,0.0,0.0,-0.9816175617046039,2.589814023679227,0.012317047853823152,-0.040820205197412564,nan,nan,nan,nan,nan,nan,nan,nan,nan,nan,nan,nan,nan,nan,0.9230339927462119,0.0,0.0,0.7513491095124656,2.040388434668079,-0.12529813902861056,-0.20496038244834974,nan,nan,nan,nan,nan,nan,nan,nan,nan,nan,nan,nan,nan,nan,nan,nan,nan,nan,nan,nan,nan,nan,nan,nan,nan,nan,nan,nan,nan,nan,nan,nan,nan,nan,nan,nan,nan,nan,nan,nan,nan,nan,nan,nan,nan,nan,nan,nan,nan,0.03491140407899468
1791062891.198766,-0.32764132892106257,-0.9909042655660422,1.3858008277383687,-0.6062771446980111,2.269014489567452,0.010255643704015771,0.002776934311008305,0.0,0.0,2.110771643818426,0.681316642698613,-0.032203808490646496,0.00036947926026178134,0.6752677958973129,0.0,0.0,-2.012521696056755,-0.02522768139050268,0.15629722081870734,0.02389627291291329,nan,nan,nan,nan,nan,nan,nan,0.6952564803337726,0.0,0.0,2.0488897603370413,-1.1339102377272614,-0.11156622323909257,-0.007584176395007809,0.0012895637837093234,0.0,0.0,-0.9787605623668771,2.5855803963241533,0.019235248769960876,-0.0342173615245346,nan,nan,nan,nan,nan,nan,nan,nan,nan,nan,nan,nan,nan,nan,0.9251894543028008,0.0,0.0,0.7396502984663307,2.020324131557999,-0.12792260138066505,-0.21172026597953483,nan,nan,nan,nan,nan,nan,nan,nan,nan,nan,nan,nan,nan,nan,nan,nan,nan,nan,nan,nan,nan,nan,nan,nan,nan,nan,nan,nan,nan,nan,nan,nan,nan,nan,nan,nan,nan,nan,nan,nan,nan,nan,nan,nan,nan,nan,nan,nan,nan,0.03092067609172745
1791062891.3026135,-0.32707721102901893,-0.9876652832603905,1.3857015223722295,-0.6156200339701948,2.3144754340773437,0.009710128532995044,0.0030129440050223107,0.0,0.0,2.1075555696020873,0.6812870092346339,-0.029336391126228413,-0.0011834875218852034,0.24113489257154808,0.0,0.0,-1.9947892770449394,-0.01768123760454732,0.14054511190356536,0.03273553470598279,nan,nan,nan,nan,nan,nan,nan,0.6779984488790665,0.0,0.0,2.035213011910937,-1.1219723639412578,-0.1069981125755221,0.11669563115144173,0.0009285140367763068,0.0,0.0,-0.9772955820144901,2.582554286121207,0.013681945758305251,-0.03132397802889503,nan,nan,nan,nan,nan,nan,nan,nan,nan,nan,nan,nan,nan,nan,0.9712082971497199,0.0,0.0,0.7280185624509935,2.0005196925967383,-0.11875017901127725,-0.20396231400034717,nan,nan,nan,nan,nan,nan,nan,nan,nan,nan,nan,nan,nan,nan,nan,nan,nan,nan,nan,nan,nan,nan,nan,nan,nan,nan,nan,nan,nan,nan,nan,nan,nan,nan,nan,nan,nan,nan,nan,nan,nan,nan,nan,nan,nan,nan,nan,nan,nan,0.03257033697993663
1791062891.4017143,-0.32647054185926655,-0.9848570977924184,1.385867991555882,-0.6127970321786051,2.3563234700564455,0.009871905933003067,0.001975808957808517,0.0,0.0,2.1045519045453918,0.6814278212754916,-0.027181837752455022,0.002565223974950133,0.21525231667971736,0.0,0.0,-1.980825176644563,-0.01207364464238771,0.12139707186365489,0.039796157913291025,nan,nan,nan,nan,nan,nan,nan,0.4758359247774834,0.0,0.0,2.0238569580628205,-1.1108725820875471,-0.16435763673142476,0.21961882805616922,0.10088688370175995,0.0,0.0,-0.9748197232736532,2.5792253753646652,0.06832682211790606,-0.05003708471297934,nan,nan,nan,nan,nan,nan,nan,nan,nan,nan,nan,nan,nan,nan,0.9466070977183697,0.0,0.0,0.7162267856106779,1.980645642051125,-0.1154342806800984,-0.20302735607014605,nan,nan,nan,nan,nan,nan,nan,nan,nan,nan,nan,nan,nan,nan,nan,nan,nan,nan,nan,nan,nan,nan,nan,nan,nan,nan,nan,nan,nan,nan,nan,nan,nan,nan,nan,nan,nan,nan,nan,nan,nan,nan,nan,nan,nan,nan,nan,nan,nan,0.0291807294201134
1791062891.5004122,-0.3260266659914508,-0.9822778288344541,1.385327072122198,-0.60894507717879,2.393333701407949,0.010096893480635739,0.0011010177335224166,0.0,0.0,2.101899820607308,0.6816154595742853,-0.02231896168829317,0.0010174267806841368,0.5635950875896788,0.0,0.0,-1.967949282006535,-0.006950353838200985,0.10824308948332603,0.027244150788153787,nan,nan,nan,nan,nan,nan,nan,0.7532387054408671,0.0,0.0,2.0115118597880866,-1.1009228586117237,-0.20205119937914373,0.10988708884722408,0.014264063069765541,0.0,0.0,-0.9730090818894497,2.575745219808803,0.030286862729914623,-0.050984532415100786,nan,nan,nan,nan,nan,nan,nan,nan,nan,nan,nan,nan,nan,nan,0.9688882234932471,0.0,0.0,0.7042614280566605,1.9605530938021236,-0.11335410754676334,-0.2043142492737512,nan,nan,nan,nan,nan,nan,nan,nan,nan,nan,nan,nan,nan,nan,nan,nan,nan,nan,nan,nan,nan,nan,nan,nan,nan,nan,nan,nan,nan,nan,nan,nan,nan,nan,nan,nan,nan,nan,nan,nan,nan,nan,nan,nan,nan,nan,nan,nan,nan,0.02415655188549879
1791062891.600073,-0.32554781899511287,-0.9797683477785848,1.3854557979020952,-0.573799699835605,2.4223464458191857,0.01239374390455541,0.0011761745457841888,0.0,0.0,2.099778742649638,0.6816382746694715,-0.02164692945312434,-0.0008204603648906705,0.3408244897908338,0.0,0.0,-1.9575656450083239,-0.0027760456986036224,0.09381834929375685,0.03244329054797297,nan,nan,nan,nan,nan,nan,nan,0.3374687093030302,0.0,0.0,1.9921255890348468,-1.0846913166300727,-0.16317724138750297,0.16339598493831894,0.002123937572414533,0.0,0.0,-0.9701581524800799,2.5705387020950416,0.019877593886401285,-0.042256586125894724,nan,nan,nan,nan,nan,nan,nan,nan,nan,nan,nan,nan,nan,nan,0.947876214992948,0.0,0.0,0.690350957349033,1.9400485404564136,-0.114655085577144,-0.19877736747355434,nan,nan,nan,nan,nan,nan,nan,nan,nan,nan,nan,nan,nan,nan,nan,nan,nan,nan,nan,nan,nan,nan,nan,nan,nan,nan,nan,nan,nan,nan,nan,nan,nan,nan,nan,nan,nan,nan,nan,nan,nan,nan,nan,nan,nan,nan,nan,nan,nan,0.024518698344276797
1791062891.6985917,-0.32511023092358626,-0.977450269241405,1.385823058700514,-0.5552336192081884,2.442628721701309,0.013803798649380217,0.0008856914460862166,0.0,0.0,2.0976161627296155,0.6816450800427394,-0.017299290473319517,5.6524478910117146e-05,0.5278074675087688,0.0,0.0,-1.9456309032056538,0.0019063381808662261,0.12190442005596482,0.02822156455750068,nan,nan,nan,nan,nan,nan,nan,0.3953889194385185,0.0,0.0,1.97471969102039,-1.0699789671926414,-0.17475253975345317,0.14565779028227718,0.011164722819208916,0.0,0.0,-0.9670478907348833,2.565596447903503,0.044676900376449905,-0.04942533699314384,nan,nan,nan,nan,nan,nan,nan,nan,nan,nan,nan,nan,nan,nan,0.9267957193029545,0.0,0.0,0.6780798645918402,1.919575030005077,-0.11832746500636958,-0.20158488907550545,nan,nan,nan,nan,nan,nan,nan,nan,nan,nan,nan,nan,nan,nan,nan,nan,nan,nan,nan,nan,nan,nan,nan,nan,nan,nan,nan,nan,nan,nan,nan,nan,nan,nan,nan,nan,nan,nan,nan,nan,nan,nan,nan,nan,nan,nan,nan,nan,nan,0.02187293916442991
1791062891.7992544,-0.3246947917197611,-0.9751685898934819,1.3859223561225495,-0.5244491972746211,2.455880858446203,0.0164886779364811,0.0008764028148605409,0.0,0.0,2.0957399268648564,0.6816000690054511,-0.016196514582014748,-0.00013634602502357444,0.24181994788374275,0.0,0.0,-1.9343416076001896,0.006277618975103586,0.10469992848644952,0.033873969081333985,nan,nan,nan,nan,nan,nan,nan,0.3323965742845617,0.0,0.0,1.9574255084180527,-1.0549090018784457,-0.246098215200091,0.21233874793674534,0.0010951444804097443,0.0,0.0,-0.9646561152312821,2.5619188573467175,0.02410605350097468,-0.039498540104511315,nan,nan,nan,nan,nan,nan,nan,nan,nan,nan,nan,nan,nan,nan,0.8669834875342471,0.0,0.0,0.6679450131094233,1.8976349812548452,-0.13073042593844808,-0.20369128474363996,nan,nan,nan,nan,nan,nan,nan,nan,nan,nan,nan,nan,nan,nan,nan,nan,nan,nan,nan,nan,nan,nan,nan,nan,nan,nan,nan,nan,nan,nan,nan,nan,nan,nan,nan,nan,nan,nan,nan,nan,nan,nan,nan,nan,nan,nan,nan,nan,nan,0.022398332335026284
1791062891.8986516,-0.3242832708265996,-0.9730657761803679,1.3857777976956749,-0.5501563768533478,2.467536930158336,0.014215606168701479,0.0008146597683702458,0.0,0.0,2.0941877085864204,0.681635408770833,-0.017037330949613932,0.00150012077271018,0.3661647221009066,0.0,0.0,-1.9238996794242413,0.010006515199231592,0.09884604516133591,0.034895575078853054,nan,nan,nan,nan,nan,nan,nan,0.9335331647451242,0.0,0.0,1.9403632370915262,-1.0400350927899014,-0.1523269979580696,0.060978224982191104,0.002427514036798527,0.0,0.0,-0.9621588125923909,2.557403780349562,0.04001229298994843,-0.04261460208828205,nan,nan,nan,nan,nan,nan,nan,nan,nan,nan,nan,nan,nan,nan,0.8054180369626897,0.0,0.0,0.6552496655182104,1.8778057346875425,-0.13829539875391875,-0.20014586069626278,nan,nan,nan,nan,nan,nan,nan,nan,nan,nan,nan,nan,nan,nan,nan,nan,nan,nan,nan,nan,nan,nan,nan,nan,nan,nan,nan,nan,nan,nan,nan,nan,nan,nan,nan,nan,nan,nan,nan,nan,nan,nan,nan,nan,nan,nan,nan,nan,nan,0.020710713971068915
1791062891.998857,-0.32387199224296404,-0.9711950220819596,1.3859063336826805,-0.5173694740371516,2.4771735064193665,0.017173459594337536,0.0007088269489110449,0.0,0.0,2.0926316214128042,0.6817009328780761,-0.015282786593904196,0.0006504874193763983,0.2687703606965237,0.0,0.0,-1.9143903834952398,0.013882613256390905,0.09277469784522356,0.037429093009694464,nan,nan,nan,nan,nan,nan,nan,0.24318812520011385,0.0,0.0,1.9233337815944274,-1.023943327100105,-0.2255994178320985,0.21913451639419873,0.003709220103081233,0.0,0.0,-0.9595532663652143,2.5530496741402224,0.035901934442866074,-0.04875176858568811,nan,nan,nan,nan,nan,nan,nan,nan,nan,nan,nan,nan,nan,nan,0.8394248250361238,0.0,0.0,0.6408175386901854,1.8586331542845007,-0.1361509750212821,-0.2075446757010489,nan,nan,nan,nan,nan,nan,nan,nan,nan,nan,nan,nan,nan,nan,nan,nan,nan,nan,nan,nan,nan,nan,nan,nan,nan,nan,nan,nan,nan,nan,nan,nan,nan,nan,nan,nan,nan,nan,nan,nan,nan,nan,nan,nan,nan,nan,nan,nan,nan,0.017373506796216277
1791062892.1000245,-0.32351052093924887,-0.969455639929792,1.385730901278347,-0.49205074905632545,2.4801750934137177,0.01985108306825947,0.0004851996438395432,0.0,0.0,2.0912814538236137,0.6819958377381684,-0.007460821315562381,0.010765928988885747,0.2797805556368945,0.0,0.0,-1.904815950088368,0.017329174919260334,0.08948245411425718,0.031144592335374727,nan,nan,nan,nan,nan,nan,nan,0.33853224413446736,0.0,0.0,1.9094918236681016,-1.0125552776839057,-0.16600623750462085,0.14285074053617083,0.0044465779195669635,0.0,0.0,-0.9574845024307703,2.548802857937306,0.04051918785532223,-0.05066091085159735,nan,nan,nan,nan,nan,nan,nan,nan,nan,nan,nan,nan,nan,nan,0.8899036355108559,0.0,0.0,0.6287805754753911,1.8385727402786778,-0.12357862720445584,-0.2031197521407765,nan,nan,nan,nan,nan,nan,nan,nan,nan,nan,nan,nan,nan,nan,nan,nan,nan,nan,nan,nan,nan,nan,nan,nan,nan,nan,nan,nan,nan,nan,nan,nan,nan,nan,nan,nan,nan,nan,nan,nan,nan,nan,nan,nan,nan,nan,nan,nan,nan,0.01571470911239518
1791062892.201112,-0.3232777629773038,-0.967854174823178,1.3857065575749095,-0.4711758624540454,2.4785738764269847,0.02235182205193047,0.0007139938809421852,0.0,0.0,2.089858596388652,0.6819334174870421,-0.013482835776343998,-0.002488134372314584,0.22081582098469077,0.0,0.0,-1.8949106589812024,0.021629320095460963,0.08260509651324757,0.028291334640882113,nan,nan,nan,nan,nan,nan,nan,0.35856308274068943,0.0,0.0,1.8916648093276276,-0.996696028017713,-0.18557418461762645,0.15355446009691592,0.01757861746585117,0.0,0.0,-0.9539053417715749,2.5435153761503355,0.06192178361808231,-0.05291338180506207,nan,nan,nan,nan,nan,nan,nan,nan,nan,nan,nan,nan,nan,nan,0.9180958307134498,0.0,0.0,0.616547855981199,1.8184958608701929,-0.11857353738741502,-0.20089657493048158,nan,nan,nan,nan,nan,nan,nan,nan,nan,nan,nan,nan,nan,nan,nan,nan,nan,nan,nan,nan,nan,nan,nan,nan,nan,nan,nan,nan,nan,nan,nan,nan,nan,nan,nan,nan,nan,nan,nan,nan,nan,nan,nan,nan,nan,nan,nan,nan,nan,0.0165452338448794
1791062892.3006818,-0.32300323364012085,-0.9662843911153517,1.3853788961735582,-0.45019882529087596,2.4733712420609417,0.0251611997569263,0.0006467936264203926,0.0,0.0,2.0887170195976017,0.6819636406732561,-0.01039357307240004,0.0007378132756932466,0.2750194908695388,0.0,0.0,-1.885363091339265,0.02544114500324111,0.09406291819414916,0.038165455029364755,nan,nan,nan,nan,nan,nan,nan,0.19521529634763482,0.0,0.0,1.8744044832369737,-0.9797638890690517,-0.15919087958314573,0.17767294395838595,0.12826657149829312,0.0,0.0,-0.9511541515406062,2.5387613260152637,0.07100920258004634,-0.06824123118580737,nan,nan,nan,nan,nan,nan,nan,nan,nan,nan,nan,nan,nan,nan,0.9422887260881436,0.0,0.0,0.6044278178486715,1.7981706528150108,-0.1133482455806263,-0.20053954178919314,nan,nan,nan,nan,nan,nan,nan,nan,nan,nan,nan,nan,nan,nan,nan,nan,nan,nan,nan,nan,nan,nan,nan,nan,nan,nan,nan,nan,nan,nan,nan,nan,nan,nan,nan,nan,nan,nan,nan,nan,nan,nan,nan,nan,nan,nan,nan,nan,nan,0.017893213254193237
1791062892.3984082,-0.3226490427303745,-0.9644258729087185,1.3857195651233327,-0.4467862459466546,2.46660416721473,0.02564832308135372,0.0006960418986853601,0.0,0.0,2.0876096326210027,0.6819171068904293,-0.010809864487523427,-0.000596891061018357,0.38572723214193133,0.0,0.0,-1.8764834056483108,0.029094578799122098,0.10000370557814739,0.032453722992643166,nan,nan,nan,nan,nan,nan,nan,0.4369457829051824,0.0,0.0,1.8574317677421177,-0.9657729176262394,-0.1652148836053016,0.12745479041046295,0.46172343405442334,0.0,0.0,-0.9471605600094983,2.532292212121437,0.054912197714575714,-0.0740860218761519,nan,nan,nan,nan,nan,nan,nan,nan,nan,nan,nan,nan,nan,nan,0.8905639789974914,0.0,0.0,0.5919529234900666,1.7779870208678539,-0.1219971570143618,-0.19800267295456464,nan,nan,nan,nan,nan,nan,nan,nan,nan,nan,nan,nan,nan,nan,nan,nan,nan,nan,nan,nan,nan,nan,nan,nan,nan,nan,nan,nan,nan,nan,nan,nan,nan,nan,nan,nan,nan,nan,nan,nan,nan,nan,nan,nan,nan,nan,nan,nan,nan,0.018751701934516855
1791062892.4989054,-0.3223336342982033,-0.9624497265597364,1.3855929922631955,-0.4467936017476838,2.4601952926149036,0.025647263701679246,0.0007495773068244679,0.0,0.0,2.0866447996996045,0.6819183044103981,-0.010255983623761048,-0.001656952551971476,0.3233343494272484,0.0,0.0,-1.866933661433706,0.03268644209998212,0.10217409369575722,0.03516177291371835,nan,nan,nan,nan,nan,nan,nan,0.5763221590300031,0.0,0.0,1.8394630853128857,-0.9497624972312199,-0.17224407827032143,0.11282798155046601,0.4372859950401202,0.0,0.0,-0.9432138539568141,2.5255883101981773,0.05790412274152245,-0.07481400532176444,nan,nan,nan,nan,nan,nan,nan,nan,nan,nan,nan,nan,nan,nan,0.8768318131979901,0.0,0.0,0.5795150339617848,1.7578690377001274,-0.12518879363371987,-0.1970305792585362,nan,nan,nan,nan,nan,nan,nan,nan,nan,nan,nan,nan,nan,nan,nan,nan,nan,nan,nan,nan,nan,nan,nan,nan,nan,nan,nan,nan,nan,nan,nan,nan,nan,nan,nan,nan,nan,nan,nan,nan,nan,nan,nan,nan,nan,nan,nan,nan,nan,0.02113408379887886
1791062892.5988896,-0.3219137009743084,-0.9604203578732992,1.385459476761774,-0.4419644333980933,2.4539748705260647,0.026351591475375514,0.0007687249862645196,0.0,0.0,2.085665488809818,0.68190893095073,-0.011304473135402351,-0.0009872876426036633,0.20131006264022455,0.0,0.0,-1.856063943515706,0.03698453281010132,0.12787700667993945,0.04673920681265925,nan,nan,nan,nan,nan,nan,nan,0.3348215928030527,0.0,0.0,1.8212572097557271,-0.9321169778400183,-0.17130983497582405,0.152143925273231,0.4677129811149377,0.0,0.0,-0.9393974422611815,2.5186085123457693,0.0605415721074219,-0.08213078559795314,nan,nan,nan,nan,nan,nan,nan,nan,nan,nan,nan,nan,nan,nan,0.8654487073926634,0.0,0.0,0.5672581889288756,1.7374182344985294,-0.1317334010223257,-0.20677968387937345,nan,nan,nan,nan,nan,nan,nan,nan,nan,nan,nan,nan,nan,nan,nan,nan,nan,nan,nan,nan,nan,nan,nan,nan,nan,nan,nan,nan,nan,nan,nan,nan,nan,nan,nan,nan,nan,nan,nan,nan,nan,nan,nan,nan,nan,nan,nan,nan,nan,0.020042701313274618
1791062892.6988034,-0.32151979339833986,-0.9585348423205711,1.385157577985441,-0.4192352520398969,2.446009840062129,0.029913925288723053,0.0006746643760394662,0.0,0.0,2.084741241299687,0.6818737202474531,-0.00853829248624016,-0.0012684740440145046,0.17020377812416665,0.0,0.0,-1.84406261676612,0.04204344087636127,0.14016737663242465,0.08785936893119431,nan,nan,nan,nan,nan,nan,nan,0.2846530674152918,0.0,0.0,1.8048276204010658,-0.9179582975246025,-0.12240545362394213,0.12209499445351765,0.9696423379475753,0.0,0.0,-0.9356237634368468,2.5118015997740977,0.027893598546505537,-0.07793882513805647,nan,nan,nan,nan,nan,nan,nan,nan,nan,nan,nan,nan,nan,nan,0.8101179709720242,0.0,0.0,0.5549144888115748,1.7171640620101634,-0.14583965827977338,-0.21276185243835097,nan,nan,nan,nan,nan,nan,nan,nan,nan,nan,nan,nan,nan,nan,nan,nan,nan,nan,nan,nan,nan,nan,nan,nan,nan,nan,nan,nan,nan,nan,nan,nan,nan,nan,nan,nan,nan,nan,nan,nan,nan,nan,nan,nan,nan,nan,nan,nan,nan,0.01873060837141936
1791062892.798882,-0.32123615547705814,-0.9566427566377509,1.3846650193831422,-0.4050635475058856,2.435864621651477,0.03235404676829508,0.0006743741238769016,0.0,0.0,2.083687489865608,0.6818476509365102,-0.006751936332622488,-0.0008997362534327836,0.2881774567686897,0.0,0.0,-1.830817948365482,0.047055650955889206,0.17184623499878157,0.09854024283313476,nan,nan,nan,nan,nan,nan,nan,0.37367289294805944,0.0,0.0,1.7879529812425758,-0.9022284782156881,-0.16242803078654738,0.13769830689811755,0.022595835364994172,0.0,0.0,-0.9314542365396886,2.505184850787519,0.03168081786682525,-0.05499201571017033,nan,nan,nan,nan,nan,nan,nan,nan,nan,nan,nan,nan,nan,nan,0.859082482313313,0.0,0.0,0.5426023282618105,1.6969881933583464,-0.135219595877924,-0.20796303981829686,nan,nan,nan,nan,nan,nan,nan,nan,nan,nan,nan,nan,nan,nan,nan,nan,nan,nan,nan,nan,nan,nan,nan,nan,nan,nan,nan,nan,nan,nan,nan,nan,nan,nan,nan,nan,nan,nan,nan,nan,nan,nan,nan,nan,nan,nan,nan,nan,nan,0.020756624896857142
1791062892.8992898,-0.3211085933033587,-0.9546726282326256,1.3830121224643996,-0.3920268550563573,2.4245887848918444,0.03475765900857788,0.0007886168760930425,0.0,0.0,2.082808529677582,0.681862159752195,-0.010321839550779126,-0.0004351131835785355,0.30766680011913594,0.0,0.0,-1.814948410519351,0.05301210549859602,0.17417507262165982,0.05472609356998065,nan,nan,nan,nan,nan,nan,nan,0.35403827637077273,0.0,0.0,1.772565750747357,-0.8887268332764368,-0.17253022417091993,0.15092041172562615,0.025341053319073978,0.0,0.0,-0.9279408853983713,2.499178932068206,0.034168145777192946,-0.05317054280321999,nan,nan,nan,nan,nan,nan,nan,nan,nan,nan,nan,nan,nan,nan,0.8959287262758329,0.0,0.0,0.5304275081170833,1.677010219594129,-0.1292262773404243,-0.2079444182779388,nan,nan,nan,nan,nan,nan,nan,nan,nan,nan,nan,nan,nan,nan,nan,nan,nan,nan,nan,nan,nan,nan,nan,nan,nan,nan,nan,nan,nan,nan,nan,nan,nan,nan,nan,nan,nan,nan,nan,nan,nan,nan,nan,nan,nan,nan,nan,nan,nan,0.022657746591137968
1791062892.9984114,-0.3205679229776029,-0.9522870293472705,1.3837997396672106,-0.3808596988179037,2.4125857185089727,0.03694385403004912,0.0007503416543350405,0.0,0.0,2.082095664444731,0.6818596583027954,-0.0066739018658109476,-0.0005304602230739922,0.2985416411683057,0.0,0.0,-1.797208771843265,0.05961049138926184,0.17681004585986732,0.0703822550483841,nan,nan,nan,nan,nan,nan,nan,0.3377145008977932,0.0,0.0,1.7546693477842508,-0.8717769780432035,-0.17443605573064125,0.15762490914504762,0.00355847049033675,0.0,0.0,-0.9254919948708863,2.4950160346865617,0.02412120476524162,-0.04303167981200567,nan,nan,nan,nan,nan,nan,nan,nan,nan,nan,nan,nan,nan,nan,0.9362525209577374,0.0,0.0,0.5182409316751062,1.657089372546525,-0.11652110874637159,-0.20099491917686713,nan,nan,nan,nan,nan,nan,nan,nan,nan,nan,nan,nan,nan,nan,nan,nan,nan,nan,nan,nan,nan,nan,nan,nan,nan,nan,nan,nan,nan,nan,nan,nan,nan,nan,nan,nan,nan,nan,nan,nan,nan,nan,nan,nan,nan,nan,nan,nan,nan,0.02378651764732289
1791062893.098779,-0.3201405053239596,-0.9496597269985693,1.3837949873708155,-0.3824960120417003,2.4010552408286374,0.036615958445508155,0.0007952992268889816,0.0,0.0,2.081276366453706,0.6818734152590024,-0.0076543653765891295,-0.0010350095545096404,0.43851162005373906,0.0,0.0,-1.7786857358678072,0.06727251667222951,0.19823335876589668,0.08603588300871932,nan,nan,nan,nan,nan,nan,nan,0.40724346139807394,0.0,0.0,1.7368701623409473,-0.8561303388068399,-0.17054416689709065,0.1416121734092644,0.011885517951373738,0.0,0.0,-0.922760678567196,2.490345777687714,0.024871049785571198,-0.0466753038508999,nan,nan,nan,nan,nan,nan,nan,nan,nan,nan,nan,nan,nan,nan,1.013641079024016,0.0,0.0,0.506138029318832,1.6371522156442158,-0.09667187493782839,-0.1945302380420697,nan,nan,nan,nan,nan,nan,nan,nan,nan,nan,nan,nan,nan,nan,nan,nan,nan,nan,nan,nan,nan,nan,nan,nan,nan,nan,nan,nan,nan,nan,nan,nan,nan,nan,nan,nan,nan,nan,nan,nan,nan,nan,nan,nan,nan,nan,nan,nan,nan,0.02623152736348001
1791062893.1992517,-0.3195667681981054,-0.9471063443267562,1.3840659068102552,-0.3861840346111158,2.391015190433774,0.03588650798214852,0.0008256181154481379,0.0,0.0,2.0805610496412337,0.6818169852924787,-0.001589070978047038,-0.007734560250437191,0.3655424145874024,0.0,0.0,-1.761809120889768,0.073102659609388,0.18726931354445225,0.058957184125277035,nan,nan,nan,nan,nan,nan,nan,0.3241178295237994,0.0,0.0,1.7219933259394937,-0.8423826045305731,-0.1638198354804148,0.15519405246839302,0.014670987552796931,0.0,0.0,-0.9206848340264903,2.4868030941227746,0.045814789708966394,-0.046444895869356885,nan,nan,nan,nan,nan,nan,nan,nan,nan,nan,nan,nan,nan,nan,1.0009736502125668,0.0,0.0,0.49374015312594205,1.6171183109012917,-0.09374432855182505,-0.18965570031424192,nan,nan,nan,nan,nan,nan,nan,nan,nan,nan,nan,nan,nan,nan,nan,nan,nan,nan,nan,nan,nan,nan,nan,nan,nan,nan,nan,nan,nan,nan,nan,nan,nan,nan,nan,nan,nan,nan,nan,nan,nan,nan,nan,nan,nan,nan,nan,nan,nan,0.02507610043616642
1791062893.2986104,-0.3191024339392953,-0.9447750298377207,1.3842819301690252,-0.37400304292836684,2.381279079451496,0.03834667524389235,0.0007812879588018259,0.0,0.0,2.0795521396045453,0.68196916401484,-0.008713226344919816,0.0008938509775682085,0.1982967440382064,0.0,0.0,-1.7397225779338712,0.08159910640681979,0.18025531885285512,0.0009465843781750506,nan,nan,nan,nan,nan,nan,nan,0.3305469761099417,0.0,0.0,1.7038959554671502,-0.8259957490928641,-0.17010557918991215,0.15570747183775754,0.002228023648178173,0.0,0.0,-0.9183489050479323,2.4830237139227815,0.012526259687404784,-0.04084632236133395,nan,nan,nan,nan,nan,nan,nan,nan,nan,nan,nan,nan,nan,nan,0.8526453900110671,0.0,0.0,0.48144642080535693,1.5969372986527262,-0.13403151889715614,-0.19926641053994665,nan,nan,nan,nan,nan,nan,nan,nan,nan,nan,nan,nan,nan,nan,nan,nan,nan,nan,nan,nan,nan,nan,nan,nan,nan,nan,nan,nan,nan,nan,nan,nan,nan,nan,nan,nan,nan,nan,nan,nan,nan,nan,nan,nan,nan,nan,nan,nan,nan,0.0241219986691667
1791062893.3998091,-0.3186812361350487,-0.9421811831057681,1.3835608197616123,-0.37727333392177154,2.3718608942532686,0.037671753026597754,0.0009114020262651446,0.0,0.0,2.0785511976793023,0.6820657988277867,-0.010759495857582374,0.001214377688234541,0.3256511391729069,0.0,0.0,-1.7204655195527985,0.089236852674222,0.178757156923721,0.050868193785940846,nan,nan,nan,nan,nan,nan,nan,0.521952081832376,0.0,0.0,1.686474395866828,-0.8104535015486337,-0.1879981866733141,0.13086007592969828,0.00032271792154128694,0.0,0.0,-0.915905361591344,2.478338034004463,-0.0021251536354301532,-0.027785713179577527,nan,nan,nan,nan,nan,nan,nan,nan,nan,nan,nan,nan,nan,nan,0.9359819702788622,0.0,0.0,0.4706727963431968,1.5767289225460166,-0.11632523000110839,-0.19783393453638703,nan,nan,nan,nan,nan,nan,nan,nan,nan,nan,nan,nan,nan,nan,nan,nan,nan,nan,nan,nan,nan,nan,nan,nan,nan,nan,nan,nan,nan,nan,nan,nan,nan,nan,nan,nan,nan,nan,nan,nan,nan,nan,nan,nan,nan,nan,nan,nan,nan,0.025967417123175282
1791062893.5004754,-0.31820702760138614,-0.9395436591099989,1.3835826109779068,-0.37489535367588156,2.3633889279304956,0.03816145524882167,0.0010070835676036273,0.0,0.0,2.0775091393193246,0.682128973545008,-0.009094766874863203,0.000505887995391983,0.29533297366624683,0.0,0.0,-1.7029460464909043,0.0965189175731358,0.17011531966848892,0.06273383743292615,nan,nan,nan,nan,nan,nan,nan,0.4129390770128676,0.0,0.0,1.6693976135417354,-0.7956779438281188,-0.1666319752714447,0.1418905285554014,0.0006227518014769592,0.0,0.0,-0.9141211558029261,2.475517503109043,0.018947555372221238,-0.026190387957518827,nan,nan,nan,nan,nan,nan,nan,nan,nan,nan,nan,nan,nan,nan,0.9073923456142461,0.0,0.0,0.45810699079025297,1.556460183419255,-0.12792403592303406,-0.2068275582886939,nan,nan,nan,nan,nan,nan,nan,nan,nan,nan,nan,nan,nan,nan,nan,nan,nan,nan,nan,nan,nan,nan,nan,nan,nan,nan,nan,nan,nan,nan,nan,nan,nan,nan,nan,nan,nan,nan,nan,nan,nan,nan,nan,nan,nan,nan,nan,nan,nan,0.02924400611007353
1791062893.5986342,-0.31767009816170694,-0.9366714446415285,1.3835392226107428,-0.3737620378186168,2.3554809798868326,0.03839683916573111,0.0012320296128364963,0.0,0.0,2.07624749126575,0.6821687619413845,-0.012908066275788015,0.00046327515893396215,0.2860986242396371,0.0,0.0,-1.6859649344584187,0.10313440847940426,0.20082078913938306,0.08847883110504531,nan,nan,nan,nan,nan,nan,nan,0.41683721662869083,0.0,0.0,1.6530332542753499,-0.7817017553305249,-0.16020855202368148,0.13859850020851705,0.000632250343197001,0.0,0.0,-0.9127925877223174,2.4733443077922863,0.014309063193299758,-0.02456351146349548,nan,nan,nan,nan,nan,nan,nan,nan,nan,nan,nan,nan,nan,nan,0.8543392103739073,0.0,0.0,0.4457014803865072,1.5363244457500937,-0.13824468567825374,-0.20158926217644224,nan,nan,nan,nan,nan,nan,nan,nan,nan,nan,nan,nan,nan,nan,nan,nan,nan,nan,nan,nan,nan,nan,nan,nan,nan,nan,nan,nan,nan,nan,nan,nan,nan,nan,nan,nan,nan,nan,nan,nan,nan,nan,nan,nan,nan,nan,nan,nan,nan,0.03129029820364953
1791062893.7006817,-0.31654501283523384,-0.9329762404593681,1.3876795624904412,-0.41479268882776077,2.3513696222038414,0.030660074245867187,0.10701900690248513,0.0,0.0,2.0750679998602335,0.6820456000311936,-0.016183453783626362,-0.01329151380814849,0.5508910407857797,0.0,0.0,-1.6649788459902448,0.11064218735618477,0.20444806613827268,0.06729047836916707,nan,nan,nan,nan,nan,nan,nan,0.8841695493190679,0.0,0.0,1.6383827443012446,-0.7690286546414782,-0.16410709951720948,0.11076534385830739,0.10838587390933514,0.0,0.0,-0.9113107252107542,2.47083890356254,0.014563046233735461,-0.022667047574277,nan,nan,nan,nan,nan,nan,nan,nan,nan,nan,nan,nan,nan,nan,0.9441900498749677,0.0,0.0,0.43372020109455045,1.516234749346789,-0.11849859435752977,-0.20535910151360087,nan,nan,nan,nan,nan,nan,nan,nan,nan,nan,nan,nan,nan,nan,nan,nan,nan,nan,nan,nan,nan,nan,nan,nan,nan,nan,nan,nan,nan,nan,nan,nan,nan,nan,nan,nan,nan,nan,nan,nan,nan,nan,nan,nan,nan,nan,nan,nan,nan,0.07210043169154207
1791062893.8004532,-0.3158455979513028,-0.9291895076765866,1.3872788979391946,-0.45460427216903027,2.3540311148507245,0.02454511112322282,0.008035351223318036,0.0,0.0,2.073354606856373,0.682144316662092,-0.0209569508996228,-0.001519534336934523,0.3816242921197909,0.0,0.0,-1.6438755429802157,0.11951577440777056,0.20153188187164797,0.08090625390173323,nan,nan,nan,nan,nan,nan,nan,0.2877907936972917,0.0,0.0,1.6253061704305038,-0.7565002153578124,-0.1072843174560644,0.15293154263836337,0.0077490407667782325,0.0,0.0,-0.9102764289735497,2.4686105613960447,0.006403169192326294,-0.018862074178063272,nan,nan,nan,nan,nan,nan,nan,nan,nan,nan,nan,nan,nan,nan,0.9852981969874789,0.0,0.0,0.42164727217033543,1.4964248257996322,-0.10943535392492626,-0.19094218339523542,nan,nan,nan,nan,nan,nan,nan,nan,nan,nan,nan,nan,nan,nan,nan,nan,nan,nan,nan,nan,nan,nan,nan,nan,nan,nan,nan,nan,nan,nan,nan,nan,nan,nan,nan,nan,nan,nan,nan,nan,nan,nan,nan,nan,nan,nan,nan,nan,nan,0.05584728250974516
1791062893.9006493,-0.3145820979115629,-0.9232412292015335,1.3860582836528692,-0.48354009052965663,2.362314776033982,0.020836909064345543,0.013924029400436432,0.0,0.0,2.071426460703826,0.6821359277631592,-0.020696172116372015,-0.0011744084185800912,0.35123154824336716,0.0,0.0,-1.6230254501645265,0.12765538711003477,0.21072831409615472,0.09268039081826276,nan,nan,nan,nan,nan,nan,nan,0.7922639393489709,0.0,0.0,1.6122897298486347,-0.7453980852746483,-0.15564228900035856,0.09815296319784855,0.02477893771838394,0.0,0.0,-0.9085728742491747,2.466247108421586,0.038283916886688626,-0.03500452546179402,nan,nan,nan,nan,nan,nan,nan,nan,nan,nan,nan,nan,nan,nan,0.9053007780262732,0.0,0.0,0.40977638652722065,1.4764421351117352,-0.11010698453138079,-0.19397940732008226,nan,nan,nan,nan,nan,nan,nan,nan,nan,nan,nan,nan,nan,nan,nan,nan,nan,nan,nan,nan,nan,nan,nan,nan,nan,nan,nan,nan,nan,nan,nan,nan,nan,nan,nan,nan,nan,nan,nan,nan,nan,nan,nan,nan,nan,nan,nan,nan,nan,0.04920497309119041
1791062893.9989443,-0.31368254489745134,-0.9188431284817313,1.3862908082263834,-0.5026935368065523,2.3741704467175624,0.0186804320891659,0.00520436882133608,0.0,0.0,2.0686063827570687,0.6821178615967313,-0.030336710320274664,0.0003223427018336978,0.37901708457144995,0.0,0.0,-1.6043375699602953,0.1345746980549606,0.21569680665423968,0.07361626121823057,nan,nan,nan,nan,nan,nan,nan,0.47857862584259636,0.0,0.0,1.599639644514114,-0.7338713310522567,-0.1313739306894423,0.11900729933380944,0.040556745225502164,0.0,0.0,-0.9070887233346867,2.4640358582713198,0.03143880360258307,-0.040194588999926714,nan,nan,nan,nan,nan,nan,nan,nan,nan,nan,nan,nan,nan,nan,0.9485395754826199,0.0,0.0,0.3978156769172868,1.4562938501160572,-0.11522860075862884,-0.19318562009195336,nan,nan,nan,nan,nan,nan,nan,nan,nan,nan,nan,nan,nan,nan,nan,nan,nan,nan,nan,nan,nan,nan,nan,nan,nan,nan,nan,nan,nan,nan,nan,nan,nan,nan,nan,nan,nan,nan,nan,nan,nan,nan,nan,nan,nan,nan,nan,nan,nan,0.03841600278961336
1791062894.1000485,-0.3131822291681209,-0.915201114244175,1.3848100186801853,-0.4903974298287202,2.385450667869381,0.020039069709115023,0.00409108559315413,0.0,0.0,2.0657412651578433,0.6823147677770774,-0.027650823905698767,0.0019689094086663556,0.34097138836872193,0.0,0.0,-1.5806334479179494,0.1437187833410285,0.20798193378160562,0.043954871798977044,nan,nan,nan,nan,nan,nan,nan,0.3146850330995609,0.0,0.0,1.5878866011308,-0.7227088486109929,-0.06927643909308019,0.08036048373552306,0.020880511287176683,0.0,0.0,-0.9050380664216237,2.460234497575406,0.020742079996534622,-0.039163768554208486,nan,nan,nan,nan,nan,nan,nan,nan,nan,nan,nan,nan,nan,nan,0.5215085036552103,0.0,0.0,0.3860159581444947,1.4359354341027621,-0.18815367163635216,-0.1742537181710132,nan,nan,nan,nan,nan,nan,nan,nan,nan,nan,nan,nan,nan,nan,nan,nan,nan,nan,nan,nan,nan,nan,nan,nan,nan,nan,nan,nan,nan,nan,nan,nan,nan,nan,nan,nan,nan,nan,nan,nan,nan,nan,nan,nan,nan,nan,nan,nan,nan,0.03773014555147006
1791062894.1983795,-0.3125556026026439,-0.9116805295914696,1.3852289818191195,-0.4963243642294241,2.3951067902525827,0.019372877658082245,0.00400038173142455,0.0,0.0,2.0627807783918404,0.6824866214814216,-0.030361299113217406,0.007843241269316696,0.2651590517807393,0.0,0.0,-1.5590583556757571,0.15231804978580554,0.20901608329159585,0.10727594879076445,nan,nan,nan,nan,nan,nan,nan,0.4863848474440367,0.0,0.0,1.575424263049578,-0.712131942371896,-0.1010020268362065,0.1000257571024726,0.5822715306522358,0.0,0.0,-0.9026816481894395,2.4562881126882705,0.05595076205600764,-0.05827581293765828,nan,nan,nan,nan,nan,nan,nan,nan,nan,nan,nan,nan,nan,nan,0.9357392091447497,0.0,0.0,0.37649597516962086,1.4141927387559354,-0.12645812987269367,-0.20994989158373306,nan,nan,nan,nan,nan,nan,nan,nan,nan,nan,nan,nan,nan,nan,nan,nan,nan,nan,nan,nan,nan,nan,nan,nan,nan,nan,nan,nan,nan,nan,nan,nan,nan,nan,nan,nan,nan,nan,nan,nan,nan,nan,nan,nan,nan,nan,nan,nan,nan,0.037783747177643004
1791062894.2987397,-0.31188010802258553,-0.9083489762038929,1.3850232010063714,-0.4847039096930427,2.4032646382289458,0.02069941684206793,0.004111832926268352,0.0,0.0,2.0598984524686648,0.6824511104113539,-0.028958561510988558,-0.0014161343329930519,0.362558382636137,0.0,0.0,-1.5405289732715814,0.159412633805913,0.18556300304037548,0.08187499073660057,nan,nan,nan,nan,nan,nan,nan,0.42978657336396914,0.0,0.0,1.5661759017251797,-0.7032061367409067,-0.09397601145444899,0.09603414061254148,0.028573268264078164,0.0,0.0,-0.9006880747421896,2.4529242877857076,0.02316897913459434,-0.0462265209772502,nan,nan,nan,nan,nan,nan,nan,nan,nan,nan,nan,nan,nan,nan,0.9324668806054365,0.0,0.0,0.3634579578130334,1.3945867252940463,-0.12571420163009303,-0.21177060366880457,nan,nan,nan,nan,nan,nan,nan,nan,nan,nan,nan,nan,nan,nan,nan,nan,nan,nan,nan,nan,nan,nan,nan,nan,nan,nan,nan,nan,nan,nan,nan,nan,nan,nan,nan,nan,nan,nan,nan,nan,nan,nan,nan,nan,nan,nan,nan,nan,nan,0.03184429332577847
1791062894.3989613,-0.3113665658900502,-0.9053985740118776,1.3846935363768624,-0.4671507967533938,2.4079499773136996,0.022866963491662375,0.003977796712290838,0.0,0.0,2.056922253165617,0.682402545855013,-0.031072782767404623,-0.0012382940586069288,0.25083299786605845,0.0,0.0,-1.5217297972951238,0.1670387430634394,0.19130114908957502,0.1020069712431693,nan,nan,nan,nan,nan,nan,nan,0.35896566465563023,0.0,0.0,1.5539098542665366,-0.6926744543627013,-0.11510131017773652,0.11850764228527016,0.0804234717087581,0.0,0.0,-0.8973078195854309,2.447269515080333,0.02553690892514914,-0.05242399019678312,nan,nan,nan,nan,nan,nan,nan,nan,nan,nan,nan,nan,nan,nan,0.9129356932644079,0.0,0.0,0.35177258554636653,1.3741475170658892,-0.13200404154675638,-0.2117375248305572,nan,nan,nan,nan,nan,nan,nan,nan,nan,nan,nan,nan,nan,nan,nan,nan,nan,nan,nan,nan,nan,nan,nan,nan,nan,nan,nan,nan,nan,nan,nan,nan,nan,nan,nan,nan,nan,nan,nan,nan,nan,nan,nan,nan,nan,nan,nan,nan,nan,0.03014359414503301
1791062894.4989831,-0.3108659564319936,-0.9026233390603131,1.3847010920272858,-0.48836125858363993,2.4126394114864533,0.020272905129293296,0.0032159239395917055,0.0,0.0,2.0539079086445278,0.6824920193265491,-0.030603520464349988,0.002216144418023492,0.3470259597955155,0.0,0.0,-1.504579006178537,0.17366514560418359,0.17699167492603207,0.06451623279307168,nan,nan,nan,nan,nan,nan,nan,0.8560943849245177,0.0,0.0,1.540132291801792,-0.6809832569715878,-0.1676562409017069,0.06924841073220217,0.0028833124773188726,0.0,0.0,-0.8949961165598993,2.443326325101075,0.021311286536064164,-0.0345304722100879,nan,nan,nan,nan,nan,nan,nan,nan,nan,nan,nan,nan,nan,nan,1.0306388637031036,0.0,0.0,0.3401071053015265,1.3538865883582814,-0.0958102058707116,-0.21790774315672495,nan,nan,nan,nan,nan,nan,nan,nan,nan,nan,nan,nan,nan,nan,nan,nan,nan,nan,nan,nan,nan,nan,nan,nan,nan,nan,nan,nan,nan,nan,nan,nan,nan,nan,nan,nan,nan,nan,nan,nan,nan,nan,nan,nan,nan,nan,nan,nan,nan,0.02884719224468257
1791062894.5990875,-0.31033949868158045,-0.8998194174350609,1.3851119721861014,-0.4708612171980296,2.4171004674223546,0.022391694869591763,0.0033720219725834875,0.0,0.0,2.050930764298747,0.6827404950281781,-0.030713123732847243,0.004333334161748767,0.3385129873615319,0.0,0.0,-1.4885559481459287,0.1803710170483762,0.16052756853246178,0.06263337797933592,nan,nan,nan,nan,nan,nan,nan,0.2589489963253222,0.0,0.0,1.5252902854265982,-0.6679221247769604,-0.17645983663743806,0.10218944634925678,0.0019826814800441234,0.0,0.0,-0.8932298095649255,2.439705566251666,0.019162524673714633,-0.03240474209961685,nan,nan,nan,nan,nan,nan,nan,nan,nan,nan,nan,nan,nan,nan,0.9517896689054961,0.0,0.0,0.3282122135390183,1.333667215330112,-0.11373753828177582,-0.2011120036188891,nan,nan,nan,nan,nan,nan,nan,nan,nan,nan,nan,nan,nan,nan,nan,nan,nan,nan,nan,nan,nan,nan,nan,nan,nan,nan,nan,nan,nan,nan,nan,nan,nan,nan,nan,nan,nan,nan,nan,nan,nan,nan,nan,nan,nan,nan,nan,nan,nan,0.02919630033716532
1791062894.6985357,-0.30973074267550244,-0.8970008949524129,1.3853688864020721,-0.48354207163294105,2.4207890272349037,0.02083667428741727,0.0036151672689119685,0.0,0.0,2.0480017811842037,0.6827214950497886,-0.029236456867302387,-0.00014299271892936227,0.3454940680985271,0.0,0.0,-1.470853924264352,0.18552263792654264,0.1916834518373573,0.06532231043783644,nan,nan,nan,nan,nan,nan,nan,0.7809958498266405,0.0,0.0,1.5092534981542374,-0.654209856573535,-0.19693655614944827,0.08719272719455985,0.0010890181056348357,0.0,0.0,-0.890947715629043,2.4363356868679333,0.019202766512264543,-0.03021392249352723,nan,nan,nan,nan,nan,nan,nan,nan,nan,nan,nan,nan,nan,nan,0.8323931320068778,0.0,0.0,0.31598482737048905,1.3138055846181496,-0.12814302817302206,-0.18201865273105028,nan,nan,nan,nan,nan,nan,nan,nan,nan,nan,nan,nan,nan,nan,nan,nan,nan,nan,nan,nan,nan,nan,nan,nan,nan,nan,nan,nan,nan,nan,nan,nan,nan,nan,nan,nan,nan,nan,nan,nan,nan,nan,nan,nan,nan,nan,nan,nan,nan,0.027161923022771057
1791062894.7989392,-0.3091641428616119,-0.8946324943856236,1.385730439044132,-0.48060198176675456,2.4249661037659056,0.021187862861859454,0.003357983068996323,0.0,0.0,2.0449514195387897,0.6826496013570421,-0.03407191136001682,-0.00047674744507259333,0.26010139060693105,0.0,0.0,-1.4547280361860315,0.19193609298465963,0.18268090484213917,0.08801724414197873,nan,nan,nan,nan,nan,nan,nan,0.636187327089493,0.0,0.0,1.4931074455182236,-0.639623219021608,-0.16636189480026498,0.14340637978373375,0.00038904721865049685,0.0,0.0,-0.889214279966628,2.433499216415552,0.01690245837696973,-0.02725951529185913,nan,nan,nan,nan,nan,nan,nan,nan,nan,nan,nan,nan,nan,nan,0.9008753159423581,0.0,0.0,0.3039275345398022,1.2934075675411263,-0.12305797737240054,-0.19943178721449453,nan,nan,nan,nan,nan,nan,nan,nan,nan,nan,nan,nan,nan,nan,nan,nan,nan,nan,nan,nan,nan,nan,nan,nan,nan,nan,nan,nan,nan,nan,nan,nan,nan,nan,nan,nan,nan,nan,nan,nan,nan,nan,nan,nan,nan,nan,nan,nan,nan,0.02079691698760671
1791062894.8986814,-0.308743398773743,-0.8923742475911625,1.38606752349871,-0.4658276340882796,2.427103636155013,0.0230387285402063,0.0015580123888497394,0.0,0.0,2.0427715457250044,0.6826618399803772,-0.019498154799729602,0.003586682335918417,0.30519637815647394,0.0,0.0,-1.438562900600425,0.1979385532519936,0.18281362760610695,0.07334409699046127,nan,nan,nan,nan,nan,nan,nan,0.47768845916101205,0.0,0.0,1.4777181524594014,-0.6253550597925661,-0.16905549819051047,0.12410341678206846,0.000299941944450639,0.0,0.0,-0.8886322371417952,2.4317704736238768,0.011777772925566183,-0.02273788911479636,nan,nan,nan,nan,nan,nan,nan,nan,nan,nan,nan,nan,nan,nan,0.9006404893556879,0.0,0.0,0.2917262732109924,1.2731590613524129,-0.13235388922546165,-0.21168275092737365,nan,nan,nan,nan,nan,nan,nan,nan,nan,nan,nan,nan,nan,nan,nan,nan,nan,nan,nan,nan,nan,nan,nan,nan,nan,nan,nan,nan,nan,nan,nan,nan,nan,nan,nan,nan,nan,nan,nan,nan,nan,nan,nan,nan,nan,nan,nan,nan,nan,0.023363285296063952
1791062895.0007186,-0.3083910141634193,-0.8902130107128429,1.3859143449535005,-0.4486734296287078,2.426207243214256,0.02537786411572578,0.002771246159896517,0.0,0.0,2.039520114988045,0.6828411188076895,-0.02884028516499914,-0.001978097242005275,0.3281546026928308,0.0,0.0,-1.4202747554778896,0.20536518223240036,0.19040202997871059,0.06631833074415497,nan,nan,nan,nan,nan,nan,nan,0.38342873022707374,0.0,0.0,1.4629488280146683,-0.6116217002317997,-0.1424744921915499,0.11263197313693366,0.0017576926110633255,0.0,0.0,-0.8864099832637342,2.42876254666365,0.029460400010411933,-0.0353030089199919,nan,nan,nan,nan,nan,nan,nan,nan,nan,nan,nan,nan,nan,nan,0.8834901113392012,0.0,0.0,0.27949583698916514,1.2530492733584724,-0.12895774053298825,-0.1991886449172267,nan,nan,nan,nan,nan,nan,nan,nan,nan,nan,nan,nan,nan,nan,nan,nan,nan,nan,nan,nan,nan,nan,nan,nan,nan,nan,nan,nan,nan,nan,nan,nan,nan,nan,nan,nan,nan,nan,nan,nan,nan,nan,nan,nan,nan,nan,nan,nan,nan,0.02212525595125196
1791062895.0997734,-0.3080266494743548,-0.8879507492292302,1.3857591740690147,-0.43095400757167984,2.4224224776625314,0.028025146813258208,0.0027534355287098626,0.0,0.0,2.0360008968930234,0.6829643361379084,-0.03131460434890848,0.00134493052503021,0.30734004286976097,0.0,0.0,-1.3996482594943154,0.21382891496425407,0.18010054917593926,0.07335763943893714,nan,nan,nan,nan,nan,nan,nan,0.3441943806465317,0.0,0.0,1.448849603978459,-0.5986215669129178,-0.13407398058286674,0.12729198463770713,0.0018681514412002417,0.0,0.0,-0.884775321666287,2.4259552205234503,0.023376778726990212,-0.03630062899770986,nan,nan,nan,nan,nan,nan,nan,nan,nan,nan,nan,nan,nan,nan,0.9159293687566679,0.0,0.0,0.26724963537126467,1.2327044896548294,-0.12616052103501946,-0.206502772397332,nan,nan,nan,nan,nan,nan,nan,nan,nan,nan,nan,nan,nan,nan,nan,nan,nan,nan,nan,nan,nan,nan,nan,nan,nan,nan,nan,nan,nan,nan,nan,nan,nan,nan,nan,nan,nan,nan,nan,nan,nan,nan,nan,nan,nan,nan,nan,nan,nan,0.022194685918615505
1791062895.19932,-0.30752011501174553,-0.885613488306579,1.3862987982505217,-0.41566790042808915,2.416291992254065,0.030511741044651555,0.01139244319837143,0.0,0.0,2.03282387563028,0.6829939171763665,-0.05041530084294873,0.005551766705643182,0.3408927054208349,0.0,0.0,-1.380924648240074,0.22115366002715695,0.1905879353212145,0.07547131673731244,nan,nan,nan,nan,nan,nan,nan,0.30365924862711746,0.0,0.0,1.436126699314266,-0.5871594003033946,-0.11550490656414628,0.12830890915620335,0.0011365688601241517,0.0,0.0,-0.8826063858230292,2.422421911272518,0.021395541338707146,-0.030976963312146374,nan,nan,nan,nan,nan,nan,nan,nan,nan,nan,nan,nan,nan,nan,0.9368403152560548,0.0,0.0,0.2550174989231876,1.2122835593109833,-0.1187999814768255,-0.2086860893067931,nan,nan,nan,nan,nan,nan,nan,nan,nan,nan,nan,nan,nan,nan,nan,nan,nan,nan,nan,nan,nan,nan,nan,nan,nan,nan,nan,nan,nan,nan,nan,nan,nan,nan,nan,nan,nan,nan,nan,nan,nan,nan,nan,nan,nan,nan,nan,nan,nan,0.02528061716659953
1791062895.2988393,-0.3069622747226213,-0.8832258948987428,1.3862571149660883,-0.4021326694638394,2.4084693815303218,0.03288085049933316,0.01674371028012749,0.0,0.0,2.029809906893915,0.6830102497335762,-0.057199207635653386,0.006192645311378032,0.28481528214276464,0.0,0.0,-1.3626513472047446,0.2290863280708491,0.15722198218025554,0.1012342554481027,nan,nan,nan,nan,nan,nan,nan,0.37895527411622787,0.0,0.0,1.4238262215425854,-0.5760399129209519,-0.11270720479151818,0.10774435515948302,0.0015319179085254442,0.0,0.0,-0.881262642468592,2.4199072692366337,0.022142411187716232,-0.03399267512721264,nan,nan,nan,nan,nan,nan,nan,nan,nan,nan,nan,nan,nan,nan,0.9425395397420838,0.0,0.0,0.24276890926797703,1.1919574746024524,-0.1141532942107616,-0.2024849103643253,nan,nan,nan,nan,nan,nan,nan,nan,nan,nan,nan,nan,nan,nan,nan,nan,nan,nan,nan,nan,nan,nan,nan,nan,nan,nan,nan,nan,nan,nan,nan,nan,nan,nan,nan,nan,nan,nan,nan,nan,nan,nan,nan,nan,nan,nan,nan,nan,nan,0.02395459656512578
1791062895.3997746,-0.30649321497827947,-0.8808317473102645,1.3860742367405743,-0.39033647359663465,2.399453591087215,0.03508090066509002,0.015292923414976772,0.0,0.0,2.0248471929737657,0.6833532320904293,-0.0554556305837058,0.0037480366265429917,0.340336900666401,0.0,0.0,-1.3440366794029077,0.23607201390641716,0.16728775979221353,0.05778723413996378,nan,nan,nan,nan,nan,nan,nan,0.35507347429948133,0.0,0.0,1.4121784419440075,-0.5652899235954062,-0.11333695833513535,0.11217531710575682,0.0008186085148396964,0.0,0.0,-0.8795320542659792,2.4169738597359336,0.01878942482584981,-0.028891921828712874,nan,nan,nan,nan,nan,nan,nan,nan,nan,nan,nan,nan,nan,nan,0.939969522078942,0.0,0.0,0.23054535964687553,1.1717703265109907,-0.1146031399189774,-0.19919616652980005,nan,nan,nan,nan,nan,nan,nan,nan,nan,nan,nan,nan,nan,nan,nan,nan,nan,nan,nan,nan,nan,nan,nan,nan,nan,nan,nan,nan,nan,nan,nan,nan,nan,nan,nan,nan,nan,nan,nan,nan,nan,nan,nan,nan,nan,nan,nan,nan,nan,0.023887244798730035
1791062895.4989424,-0.3060544351285817,-0.8783261662466191,1.3862853178094954,-0.38415114001903694,2.3899708492100573,0.03628695725741398,0.2485908403479118,0.0,0.0,2.0189615143579447,0.6834312406276729,-0.10894128100317904,0.019530610897701636,0.2973565231034875,0.0,0.0,-1.3267016245711103,0.24336333010011924,0.18685889896026328,0.0797871832303034,nan,nan,nan,nan,nan,nan,nan,0.44585353633666386,0.0,0.0,1.4005337997685203,-0.5551273704982574,-0.18630932360154132,0.14289873567389155,0.24459385653805307,0.0,0.0,-0.8774170858053644,2.413537186021048,0.07986126150359779,-0.08058578052314164,nan,nan,nan,nan,nan,nan,nan,nan,nan,nan,nan,nan,nan,nan,0.9307686023665321,0.0,0.0,0.21839484552665828,1.1517348583300406,-0.1175737450860592,-0.19821511766507843,nan,nan,nan,nan,nan,nan,nan,nan,nan,nan,nan,nan,nan,nan,nan,nan,nan,nan,nan,nan,nan,nan,nan,nan,nan,nan,nan,nan,nan,nan,nan,nan,nan,nan,nan,nan,nan,nan,nan,nan,nan,nan,nan,nan,nan,nan,nan,nan,nan,0.02570464959845838
1791062895.5987241,-0.3055965253606775,-0.8756699862360847,1.386493911089271,-0.3924113810718027,2.3815772297051274,0.03468450557733145,0.14294633565032602,0.0,0.0,2.0129365376427844,0.6837290098711107,-0.07680982002044685,0.002335096629255885,0.31225468050776156,0.0,0.0,-1.3092017928899156,0.25027855128091575,0.1791914298460793,0.07160289948858164,nan,nan,nan,nan,nan,nan,nan,0.36826326616263205,0.0,0.0,1.3874205143096576,-0.5429331662580466,-0.15475999354798084,0.14278284849729633,0.56645249046972,0.0,0.0,-0.875646664300287,2.410066869156847,0.06454593377783457,-0.08730942873083072,nan,nan,nan,nan,nan,nan,nan,nan,nan,nan,nan,nan,nan,nan,0.9048005816863555,0.0,0.0,0.20626498097502927,1.1316744197896678,-0.12184379681234828,-0.1946105712722574,nan,nan,nan,nan,nan,nan,nan,nan,nan,nan,nan,nan,nan,nan,nan,nan,nan,nan,nan,nan,nan,nan,nan,nan,nan,nan,nan,nan,nan,nan,nan,nan,nan,nan,nan,nan,nan,nan,nan,nan,nan,nan,nan,nan,nan,nan,nan,nan,nan,0.02605686063912294
1791062895.6991549,-0.3050277026444561,-0.8728316196926112,1.38703371713852,-0.4042963927694425,2.3755136787742277,0.03249118877228845,0.14908546012019833,0.0,0.0,2.0037358550286593,0.6839897820641495,-0.11016087666003901,0.030842179461069465,0.3134108638852261,0.0,0.0,-1.2925221414069752,0.2572988459659859,0.18476061064027435,0.07423659757562018,nan,nan,nan,nan,nan,nan,nan,0.5522235520348896,0.0,0.0,1.3709488677821349,-0.52895545172744,-0.16466581005675607,0.11038112204489649,0.611445958783088,0.0,0.0,-0.870374486268919,2.401855098360702,0.06690231919475835,-0.09323775323408687,nan,nan,nan,nan,nan,nan,nan,nan,nan,nan,nan,nan,nan,nan,0.9205420821086558,0.0,0.0,0.19449425216576632,1.111518972391016,-0.12002497873462539,-0.19851463227306368,nan,nan,nan,nan,nan,nan,nan,nan,nan,nan,nan,nan,nan,nan,nan,nan,nan,nan,nan,nan,nan,nan,nan,nan,nan,nan,nan,nan,nan,nan,nan,nan,nan,nan,nan,nan,nan,nan,nan,nan,nan,nan,nan,nan,nan,nan,nan,nan,nan,0.02801822627127105
1791062895.7994158,-0.30441170471857426,-0.870191478067246,1.3872400290200297,-0.4412932288890925,2.3739218965807294,0.026450897469992008,0.046071070585807325,0.0,0.0,1.997189988666385,0.6839374104354339,-0.05513812619188363,-0.009907422434827527,0.29665107541043956,0.0,0.0,-1.2724337193708182,0.2654129410986385,0.187397613202612,0.0856345531826401,nan,nan,nan,nan,nan,nan,nan,0.8583340429348747,0.0,0.0,1.356252017269969,-0.5158983866243595,-0.16135945738122506,0.055586313787448965,0.9011487333661151,0.0,0.0,-0.8668902440286693,2.3952089660857863,0.042830925732449746,-0.0779111467005093,nan,nan,nan,nan,nan,nan,nan,nan,nan,nan,nan,nan,nan,nan,0.9065800878141959,0.0,0.0,0.18269112728175035,1.0915350307204192,-0.12794891047312817,-0.20634712511383807,nan,nan,nan,nan,nan,nan,nan,nan,nan,nan,nan,nan,nan,nan,nan,nan,nan,nan,nan,nan,nan,nan,nan,nan,nan,nan,nan,nan,nan,nan,nan,nan,nan,nan,nan,nan,nan,nan,nan,nan,nan,nan,nan,nan,nan,nan,nan,nan,nan,0.0266123186673352
1791062895.8991277,-0.3039448756886992,-0.8676435902494578,1.3873150461013561,-0.42980232687340747,2.3744138363795746,0.02820577073110422,0.33005677109860904,0.0,0.0,1.986815383031539,0.6844894583140324,-0.09380246724670299,0.013148753444535866,0.32149387412235253,0.0,0.0,-1.2537098813216523,0.2727224725773116,0.19570937536030314,0.06692127190793415,nan,nan,nan,nan,nan,nan,nan,0.4775804709848847,0.0,0.0,1.3429330748877266,-0.5043800705836897,-0.1365524809121645,0.10599009712777234,0.41992690089425333,0.0,0.0,-0.8623504544315268,2.3877390582130045,0.048074118471288556,-0.06100340987235925,nan,nan,nan,nan,nan,nan,nan,nan,nan,nan,nan,nan,nan,nan,0.9238207942135962,0.0,0.0,0.17083203530601968,1.0714282001932935,-0.1249831309853184,-0.20639338420090167,nan,nan,nan,nan,nan,nan,nan,nan,nan,nan,nan,nan,nan,nan,nan,nan,nan,nan,nan,nan,nan,nan,nan,nan,nan,nan,nan,nan,nan,nan,nan,nan,nan,nan,nan,nan,nan,nan,nan,nan,nan,nan,nan,nan,nan,nan,nan,nan,nan,0.026144538797600793
1791062896.0002553,-0.3035431738337553,-0.8650890950216497,1.3873291442979672,-0.4189779434798741,2.3730355004693187,0.029956682241919032,0.14739301201749247,0.0,0.0,1.9812431414865375,0.6844403890654289,0.14682831811962915,0.42334487094548456,0.28419588519545397,0.0,0.0,-1.2339960582724094,0.28097523828477944,0.19442519665762772,0.08185703706903154,nan,nan,nan,nan,nan,nan,nan,0.47963866011038253,0.0,0.0,1.331809210759384,-0.4949625423311593,-0.1227537852915623,0.0948610146389244,0.0033177051207692793,0.0,0.0,-0.8587373758405689,2.381316933229196,0.02534249467070421,-0.06120354058906258,nan,nan,nan,nan,nan,nan,nan,nan,nan,nan,nan,nan,nan,nan,0.9434340095161683,0.0,0.0,0.15977065421375544,1.053220391398884,-0.11423882887804762,-0.2001741532128734,nan,nan,nan,nan,nan,nan,nan,nan,nan,nan,nan,nan,nan,nan,nan,nan,nan,nan,nan,nan,nan,nan,nan,nan,nan,nan,nan,nan,nan,nan,nan,nan,nan,nan,nan,nan,nan,nan,nan,nan,nan,nan,nan,nan,nan,nan,nan,nan,nan,0.023359066703019335
1791062896.1007404,-0.3030432567224509,-0.8624648755085643,1.3874910537148957,-0.40257271634586766,2.3696192948980235,0.03280126000018886,0.26584719516568767,0.0,0.0,1.9718589663961674,0.6847856299246087,-0.07936368742200765,-0.004411189004994142,0.2831026758566576,0.0,0.0,-1.2186112563629505,0.29071586462420435,0.18451158141931848,0.08685780674341195,nan,nan,nan,nan,nan,nan,nan,0.3449335536434438,0.0,0.0,1.318134773629939,-0.48211231313699826,-0.11958711321778824,0.1224282476611101,0.18955839471657096,0.0,0.0,-0.8546336742301306,2.375877051550446,0.05639251098926906,-0.05548087620651175,nan,nan,nan,nan,nan,nan,nan,nan,nan,nan,nan,nan,nan,nan,0.9438529485796109,0.0,0.0,0.14615178153623107,1.0308541816800503,-0.11606314508057083,-0.20329023291302503,nan,nan,nan,nan,nan,nan,nan,nan,nan,nan,nan,nan,nan,nan,nan,nan,nan,nan,nan,nan,nan,nan,nan,nan,nan,nan,nan,nan,nan,nan,nan,nan,nan,nan,nan,nan,nan,nan,nan,nan,nan,nan,nan,nan,nan,nan,nan,nan,nan,0.025556982900579207
1791062896.1997705,-0.3025247748457952,-0.8598146292955193,1.3874913321133766,-0.4078871800105544,2.365715099650603,0.03185381107176293,0.20436028017100497,0.0,0.0,1.963230134687097,0.6849753630390832,-0.07992048316142947,0.005490772767833581,0.33198196175105565,0.0,0.0,-1.1990060717238955,0.29834019581083104,0.20001393885156005,0.06959654550367474,nan,nan,nan,nan,nan,nan,nan,0.6506448996448062,0.0,0.0,1.305066905381522,-0.47090734706491083,-0.15164775628650573,0.08554216104010837,0.05413860356868031,0.0,0.0,-0.8503303309937764,2.3695175117124623,0.03689583254693101,-0.05808784623607453,nan,nan,nan,nan,nan,nan,nan,nan,nan,nan,nan,nan,nan,nan,0.9200527864157828,0.0,0.0,0.13402251897051298,1.0106151511202262,-0.11687624948153814,-0.19817250328285224,nan,nan,nan,nan,nan,nan,nan,nan,nan,nan,nan,nan,nan,nan,nan,nan,nan,nan,nan,nan,nan,nan,nan,nan,nan,nan,nan,nan,nan,nan,nan,nan,nan,nan,nan,nan,nan,nan,nan,nan,nan,nan,nan,nan,nan,nan,nan,nan,nan,0.02777975122840995
1791062896.2984478,-0.30199590237477786,-0.857397794122329,1.3874508549649551,-0.3934304412443983,2.3614322768383205,0.034491309963420404,0.5793795731653175,0.0,0.0,1.9552723839153643,0.6851038990334254,-0.0902842118995688,0.0007558601628766368,0.3107088498808244,0.0,0.0,-1.1801994941928802,0.3063200599466493,0.18976510130100416,0.07363473319861578,nan,nan,nan,nan,nan,nan,nan,0.35368609818985663,0.0,0.0,1.291408046218174,-0.4585131901299831,-0.13465869241523362,0.13344616525133757,0.009670852790176349,0.0,0.0,-0.847408137341935,2.3644536783254337,0.027196006647039687,-0.04166925028845141,nan,nan,nan,nan,nan,nan,nan,nan,nan,nan,nan,nan,nan,nan,0.914095910152745,0.0,0.0,0.1218323392688066,0.9903778884252149,-0.12205799207816452,-0.19896423932596324,nan,nan,nan,nan,nan,nan,nan,nan,nan,nan,nan,nan,nan,nan,nan,nan,nan,nan,nan,nan,nan,nan,nan,nan,nan,nan,nan,nan,nan,nan,nan,nan,nan,nan,nan,nan,nan,nan,nan,nan,nan,nan,nan,nan,nan,nan,nan,nan,nan,0.026137134675540304
1791062896.4008205,-0.3015624637228307,-0.8547664438585043,1.387101427469813,-0.4182989090786113,2.3584635357874775,0.03006978717686364,0.8709835503532452,0.0,0.0,1.9460575436627314,0.6855562082048324,-0.09840647749379491,-0.012819075581823621,0.2861893197431713,0.0,0.0,-1.1606327370699985,0.3153605992091446,0.19321887696745457,0.09074180671785789,nan,nan,nan,nan,nan,nan,nan,0.466895994273968,0.0,0.0,1.2771921863267373,-0.4456235796686474,-0.15197869156449992,0.11745381094302546,0.008608020294975463,0.0,0.0,-0.8445746498329435,2.359762126553406,0.01969500075186808,-0.04020293814484871,nan,nan,nan,nan,nan,nan,nan,nan,nan,nan,nan,nan,nan,nan,0.8994103666786561,0.0,0.0,0.10972776671333259,0.9702138551783559,-0.12818520258330035,-0.19794710949896951,nan,nan,nan,nan,nan,nan,nan,nan,nan,nan,nan,nan,nan,nan,nan,nan,nan,nan,nan,nan,nan,nan,nan,nan,nan,nan,nan,nan,nan,nan,nan,nan,nan,nan,nan,nan,nan,nan,nan,nan,nan,nan,nan,nan,nan,nan,nan,nan,nan,0.027428022683073913
1791062896.4995081,-0.30111257666521013,-0.8520255137083421,1.386916139323994,-0.4075607181493031,2.3567792077078837,0.03191128396051599,0.4803975609247035,0.0,0.0,1.935895450532033,0.6859162850205178,-0.10089490006898123,0.007290458222745358,0.320395650090451,0.0,0.0,-1.143739128188535,0.32233312531547614,0.19512062490087453,0.07166960451072485,nan,nan,nan,nan,nan,nan,nan,0.2614403764534877,0.0,0.0,1.2636553627789866,-0.43337141460272494,-0.12358887864393742,0.1626827928598967,0.003235976060831757,0.0,0.0,-0.8425942587284214,2.356274141779713,0.018442027001641832,-0.032600922201905205,nan,nan,nan,nan,nan,nan,nan,nan,nan,nan,nan,nan,nan,nan,0.9138684590188326,0.0,0.0,0.09777421968294339,0.95026930186678,-0.12224649250764652,-0.196829084551117,nan,nan,nan,nan,nan,nan,nan,nan,nan,nan,nan,nan,nan,nan,nan,nan,nan,nan,nan,nan,nan,nan,nan,nan,nan,nan,nan,nan,nan,nan,nan,nan,nan,nan,nan,nan,nan,nan,nan,nan,nan,nan,nan,nan,nan,nan,nan,nan,nan,0.02834540855129154
1791062896.6018765,-0.30058233164111403,-0.8491576209447192,1.3872532508239375,-0.3975010980107886,2.353642188376708,0.033729275094895074,0.4952283557462647,0.0,0.0,1.9262598173635266,0.6859767566308357,-0.10618916139354821,0.009201205312516666,0.29602520284933564,0.0,0.0,-1.1226019926517268,0.3318393239806319,0.18680558219782167,0.08983520134245138,nan,nan,nan,nan,nan,nan,nan,0.2166580617005175,0.0,0.0,1.2498476071527347,-0.4205951598867334,-0.15267477290132114,0.23737033961324255,0.001299580695301395,0.0,0.0,-0.8409891536391614,2.3535751796945945,0.012324643839901263,-0.023628470427831436,nan,nan,nan,nan,nan,nan,nan,nan,nan,nan,nan,nan,nan,nan,0.9121554428618414,0.0,0.0,0.08576405427483291,0.9302540092063997,-0.1262019851441126,-0.20104713488455261,nan,nan,nan,nan,nan,nan,nan,nan,nan,nan,nan,nan,nan,nan,nan,nan,nan,nan,nan,nan,nan,nan,nan,nan,nan,nan,nan,nan,nan,nan,nan,nan,nan,nan,nan,nan,nan,nan,nan,nan,nan,nan,nan,nan,nan,nan,nan,nan,nan,0.030039096756546826
1791062896.6990254,-0.29997923628155376,-0.8462642959112606,1.3876562225792815,-0.39098775849585116,2.3495790711413886,0.03495603877662312,0.49264367872905135,0.0,0.0,1.915041405906207,0.6862599643292935,-0.11314859615949144,0.007048280158252288,0.3073303824323222,0.0,0.0,-1.1031415992666056,0.3400072897790122,0.19358136551400965,0.08848697453331306,nan,nan,nan,nan,nan,nan,nan,0.39519828362563103,0.0,0.0,1.2317170663493753,-0.4055527356371139,-0.17967427802578712,0.15807019733414385,0.0009437882278537176,0.0,0.0,-0.8393222477281467,2.3508450440298843,0.013536637265446473,-0.02181846181671832,nan,nan,nan,nan,nan,nan,nan,nan,nan,nan,nan,nan,nan,nan,0.9229134553798544,0.0,0.0,0.0735981423567264,0.9100581440026143,-0.12187956267086553,-0.20322498224955393,nan,nan,nan,nan,nan,nan,nan,nan,nan,nan,nan,nan,nan,nan,nan,nan,nan,nan,nan,nan,nan,nan,nan,nan,nan,nan,nan,nan,nan,nan,nan,nan,nan,nan,nan,nan,nan,nan,nan,nan,nan,nan,nan,nan,nan,nan,nan,nan,nan,0.029610259724905243
1791062896.7986083,-0.2995298636271869,-0.8436571366879266,1.387340038850053,-0.39069704811326345,2.3453863787900557,0.03501172294611099,0.6239529218566735,0.0,0.0,1.9046914843461376,0.6865007108680967,-0.1096121677930711,-0.0019181668461146083,0.31529376077788274,0.0,0.0,-1.0844089964252146,0.34786796617562016,0.1938430583778874,0.07144579371241741,nan,nan,nan,nan,nan,nan,nan,0.2544724545872545,0.0,0.0,1.2148393257687526,-0.3896362539747286,-0.15183547147822865,0.1999861293380884,0.0008595967521991917,0.0,0.0,-0.8381450891683047,2.3488651683075092,0.015275028814633653,-0.022496121049621065,nan,nan,nan,nan,nan,nan,nan,nan,nan,nan,nan,nan,nan,nan,0.9552475529530111,0.0,0.0,0.06135686016491194,0.8898432256324718,-0.1117880133854548,-0.20230657010594183,nan,nan,nan,nan,nan,nan,nan,nan,nan,nan,nan,nan,nan,nan,nan,nan,nan,nan,nan,nan,nan,nan,nan,nan,nan,nan,nan,nan,nan,nan,nan,nan,nan,nan,nan,nan,nan,nan,nan,nan,nan,nan,nan,nan,nan,nan,nan,nan,nan,0.026423697489099035
1791062896.8997269,-0.29898289332021094,-0.8407995066754713,1.387691805264853,-0.4053922548343024,2.342714695428774,0.03229544643774451,0.7818323219665735,0.0,0.0,1.8934980808098845,0.6867537999491306,-0.10934028464671483,-0.007317486499106083,0.2909061053307212,0.0,0.0,-1.0651706041898386,0.3561356733567599,0.1897833387734631,0.08856616356708111,nan,nan,nan,nan,nan,nan,nan,0.5071627914484177,0.0,0.0,1.1978312317100475,-0.37546780507497796,-0.18248187021140913,0.12497743733680519,0.0009423507233668004,0.0,0.0,-0.836900370578621,2.346762149401863,0.013546147496493844,-0.02156815218797542,nan,nan,nan,nan,nan,nan,nan,nan,nan,nan,nan,nan,nan,nan,0.9339449236544919,0.0,0.0,0.04886718983783467,0.8695028726578025,-0.1191442184884041,-0.20411227605403698,nan,nan,nan,nan,nan,nan,nan,nan,nan,nan,nan,nan,nan,nan,nan,nan,nan,nan,nan,nan,nan,nan,nan,nan,nan,nan,nan,nan,nan,nan,nan,nan,nan,nan,nan,nan,nan,nan,nan,nan,nan,nan,nan,nan,nan,nan,nan,nan,nan,0.029060916409887363
1791062896.9989183,-0.29845753571759837,-0.8379609836664098,1.3881044540873637,-0.41838566677742756,2.3424269189745557,0.030055314348883866,0.7794295347730288,0.0,0.0,1.8825698986592265,0.6870772062524546,-0.09791729658186837,-0.005027178039432957,0.2993189315647819,0.0,0.0,-1.0458789021764598,0.36402409036864314,0.19831254177535357,0.08599750557222144,nan,nan,nan,nan,nan,nan,nan,0.4961338721966871,0.0,0.0,1.182097792565332,-0.3608284167916114,-0.14772854264880525,0.1304983096836262,0.0005432137236661882,0.0,0.0,-0.8358633974260958,2.34486198515185,0.008842360643759324,-0.015516102917277478,nan,nan,nan,nan,nan,nan,nan,nan,nan,nan,nan,nan,nan,nan,0.9372249709890679,0.0,0.0,0.036601960045338326,0.8489567972963761,-0.11852515562805438,-0.20103486395421225,nan,nan,nan,nan,nan,nan,nan,nan,nan,nan,nan,nan,nan,nan,nan,nan,nan,nan,nan,nan,nan,nan,nan,nan,nan,nan,nan,nan,nan,nan,nan,nan,nan,nan,nan,nan,nan,nan,nan,nan,nan,nan,nan,nan,nan,nan,nan,nan,nan,0.029378129263915694
1791062897.1005595,-0.29789514582097865,-0.8349527407237756,1.388161677762679,-0.40258426320337837,2.341872988811378,0.032799173904633494,0.2190290958993204,0.0,0.0,1.872090043598663,0.6875157595566642,-0.08570344056402804,0.016219285246301007,0.3247404478759669,0.0,0.0,-1.0262348250129456,0.3723838727376014,0.2018693347331442,0.06921205062981223,nan,nan,nan,nan,nan,nan,nan,0.33989198928541503,0.0,0.0,1.1678504785548414,-0.3478616898498895,-0.15893579038161693,0.16514848641909985,0.0005388238396924518,0.0,0.0,-0.8349489103888146,2.343232768468025,0.0039175730609213874,-0.015821443895105855,nan,nan,nan,nan,nan,nan,nan,nan,nan,nan,nan,nan,nan,nan,0.9256431479762932,0.0,0.0,0.023686890146565595,0.8291905174269455,-0.12178656530702563,-0.20248535913159235,nan,nan,nan,nan,nan,nan,nan,nan,nan,nan,nan,nan,nan,nan,nan,nan,nan,nan,nan,nan,nan,nan,nan,nan,nan,nan,nan,nan,nan,nan,nan,nan,nan,nan,nan,nan,nan,nan,nan,nan,nan,nan,nan,nan,nan,nan,nan,nan,nan,0.030156797057386237
1791062897.1992493,-0.29730268675292265,-0.8322521177199423,1.3886354610174378,-0.3871296975385488,2.3389789088778166,0.035701587679399904,0.1529332576779356,0.0,0.0,1.8625363576274652,0.687531525088298,-0.0856301690211668,0.019711742315874078,0.2897976928179493,0.0,0.0,-1.0083152855155515,0.380050146081655,0.1942031290378054,0.09282576176413898,nan,nan,nan,nan,nan,nan,nan,0.3286852333349123,0.0,0.0,1.1549977062988612,-0.33596812162737816,-0.1334183020203898,0.14694056997865954,0.003048925049665341,0.0,0.0,-0.8338994013689692,2.341399729812945,0.014961524505424494,-0.03149748576892136,nan,nan,nan,nan,nan,nan,nan,nan,nan,nan,nan,nan,nan,nan,0.9002797413106411,0.0,0.0,0.011551754729777717,0.8092790665295323,-0.1245595723607073,-0.1922203740436142,nan,nan,nan,nan,nan,nan,nan,nan,nan,nan,nan,nan,nan,nan,nan,nan,nan,nan,nan,nan,nan,nan,nan,nan,nan,nan,nan,nan,nan,nan,nan,nan,nan,nan,nan,nan,nan,nan,nan,nan,nan,nan,nan,nan,nan,nan,nan,nan,nan,0.028404876518595943
1791062897.2989604,-0.29682354397577404,-0.8294513822329934,1.3883923257949666,-0.38993979372387094,2.3354654162303325,0.03515714804617045,0.6315407126561954,0.0,0.0,1.8534284645771522,0.6873884824074019,-0.10062215396511717,0.00125408621695995,0.3074864433340842,0.0,0.0,-0.9866709705150826,0.3889008240698159,0.19918772370825288,0.08764762519497302,nan,nan,nan,nan,nan,nan,nan,0.4889640011026897,0.0,0.0,1.1413151925081566,-0.32303637289903375,-0.13347446161509569,0.10116643841581904,0.026936200781548014,0.0,0.0,-0.8327888185019576,2.3394682376345117,0.02265942031044297,-0.04588312395979573,nan,nan,nan,nan,nan,nan,nan,nan,nan,nan,nan,nan,nan,nan,0.908966619695127,0.0,0.0,0.0002892593026392498,0.78897036634356,-0.12752064296344545,-0.20229983395013734,nan,nan,nan,nan,nan,nan,nan,nan,nan,nan,nan,nan,nan,nan,nan,nan,nan,nan,nan,nan,nan,nan,nan,nan,nan,nan,nan,nan,nan,nan,nan,nan,nan,nan,nan,nan,nan,nan,nan,nan,nan,nan,nan,nan,nan,nan,nan,nan,nan,0.028484677366984675
1791062897.399234,-0.2963025598426782,-0.8265236969318422,1.388682683669429,-0.39709869276553567,2.333034407640803,0.03380391996785399,0.7063784404259372,0.0,0.0,1.8435048628112367,0.6876279950749009,-0.10764548693599804,-0.0018047535068910895,0.3201380998332003,0.0,0.0,-0.9671095451626401,0.39701027666275845,0.20148323317299335,0.07374881173377415,nan,nan,nan,nan,nan,nan,nan,0.44475220110122915,0.0,0.0,1.1284596659259667,-0.311900792497913,-0.1244022029867111,0.10870210578446092,0.023611464627484008,0.0,0.0,-0.8310026654664954,2.336561015297251,0.026508666556232685,-0.04095086151640725,nan,nan,nan,nan,nan,nan,nan,nan,nan,nan,nan,nan,nan,nan,0.9318559352313412,0.0,0.0,-0.01142390619978754,0.7692730977396157,-0.12048571027296116,-0.20130068259754497,nan,nan,nan,nan,nan,nan,nan,nan,nan,nan,nan,nan,nan,nan,nan,nan,nan,nan,nan,nan,nan,nan,nan,nan,nan,nan,nan,nan,nan,nan,nan,nan,nan,nan,nan,nan,nan,nan,nan,nan,nan,nan,nan,nan,nan,nan,nan,nan,nan,0.031675257823583096
1791062897.4987342,-0.29572156061504035,-0.8234641881234861,1.3892219526102818,-0.4047866947429366,2.331958584342561,0.03240347793722503,0.7264344311974772,0.0,0.0,1.8323024862720172,0.6878978500974577,-0.10490555994731485,-0.0013002984776081044,0.3054160870884961,0.0,0.0,-0.9476271083475579,0.405533282570457,0.1955517287443942,0.08267020461576192,nan,nan,nan,nan,nan,nan,nan,0.24459172977817534,0.0,0.0,1.117493213348502,-0.3006041405208611,-0.08962756171920107,0.1620108895331159,0.0005502749423022446,0.0,0.0,-0.8289582641221668,2.333165930140077,0.00945830709889029,-0.010948066321612153,nan,nan,nan,nan,nan,nan,nan,nan,nan,nan,nan,nan,nan,nan,0.7708266761873647,0.0,0.0,-0.023876711837293122,0.7496611114014106,-0.15919870788431809,-0.17523378753009292,nan,nan,nan,nan,nan,nan,nan,nan,nan,nan,nan,nan,nan,nan,nan,nan,nan,nan,nan,nan,nan,nan,nan,nan,nan,nan,nan,nan,nan,nan,nan,nan,nan,nan,nan,nan,nan,nan,nan,nan,nan,nan,nan,nan,nan,nan,nan,nan,nan,0.03310897063458235
1791062897.600156,-0.2950386972214535,-0.8204840583739132,1.389326927985335,-0.40298238242394396,2.331410441429183,0.032727322157716364,0.6042798779459435,0.0,0.0,1.8209900319877297,0.6881636513897801,-0.10520137130051357,7.04649308708612e-05,0.3005471935782432,0.0,0.0,-0.9304511508979848,0.41280566351333725,0.19123794613450884,0.08048329908945201,nan,nan,nan,nan,nan,nan,nan,0.4279755679651653,0.0,0.0,1.1048496498944775,-0.28933612260533237,-0.13368752597388023,0.11487037171449335,0.0005701865185694045,0.0,0.0,-0.8272561222715021,2.330130861907859,0.009629076965349518,-0.01690103334035993,nan,nan,nan,nan,nan,nan,nan,nan,nan,nan,nan,nan,nan,nan,0.9270389411425384,0.0,0.0,-0.03591652348221684,0.7297587545095832,-0.11323779157752599,-0.19763859949242657,nan,nan,nan,nan,nan,nan,nan,nan,nan,nan,nan,nan,nan,nan,nan,nan,nan,nan,nan,nan,nan,nan,nan,nan,nan,nan,nan,nan,nan,nan,nan,nan,nan,nan,nan,nan,nan,nan,nan,nan,nan,nan,nan,nan,nan,nan,nan,nan,nan,0.027635853430972135
1791062897.699289,-0.29459942271350387,-0.8175441165627896,1.3891482588118562,-0.3942569730924717,2.33009473655775,0.03433533061145815,0.47343629526437725,0.0,0.0,1.8102094280475292,0.6883295526201523,-0.11191773377081139,0.009319652014753658,0.31251795548453826,0.0,0.0,-0.9097334070323416,0.4215829734326786,0.19063853076135623,0.07247503770809566,nan,nan,nan,nan,nan,nan,nan,0.35514560265934225,0.0,0.0,1.091721291706525,-0.27700270247610104,-0.158182253090034,0.15693309716185166,0.0004572529351927256,0.0,0.0,-0.8263669804687307,2.328644973391502,0.006711405494683642,-0.011934456091617422,nan,nan,nan,nan,nan,nan,nan,nan,nan,nan,nan,nan,nan,nan,0.9454839208954443,0.0,0.0,-0.0478878561580093,0.7097154899203653,-0.11573714825062409,-0.20133605820449096,nan,nan,nan,nan,nan,nan,nan,nan,nan,nan,nan,nan,nan,nan,nan,nan,nan,nan,nan,nan,nan,nan,nan,nan,nan,nan,nan,nan,nan,nan,nan,nan,nan,nan,nan,nan,nan,nan,nan,nan,nan,nan,nan,nan,nan,nan,nan,nan,nan,0.02872106445666073
1791062897.7987432,-0.29408946293642396,-0.8147253730333734,1.3890302808265018,-0.39028226573872343,2.3279592424006617,0.03509131134449313,0.4867583566143967,0.0,0.0,1.8003909985197084,0.6882001188121447,-0.12173027327623068,0.00557869611772374,0.29876895986306307,0.0,0.0,-0.8907689663529043,0.42981554377553094,0.18643488145354647,0.08287639534782594,nan,nan,nan,nan,nan,nan,nan,0.48515557282652955,0.0,0.0,1.078907534940379,-0.26519569938341414,-0.14684593435759477,0.10795769247808536,0.0005067305965637498,0.0,0.0,-0.825365486924425,2.326859780056738,0.009434284929052461,-0.013675494001960851,nan,nan,nan,nan,nan,nan,nan,nan,nan,nan,nan,nan,nan,nan,0.9187362886131648,0.0,0.0,-0.059891983965066536,0.6894524432109,-0.12045208309723485,-0.19718160131466406,nan,nan,nan,nan,nan,nan,nan,nan,nan,nan,nan,nan,nan,nan,nan,nan,nan,nan,nan,nan,nan,nan,nan,nan,nan,nan,nan,nan,nan,nan,nan,nan,nan,nan,nan,nan,nan,nan,nan,nan,nan,nan,nan,nan,nan,nan,nan,nan,nan,0.028608039091706828
1791062897.8989427,-0.29345984463683733,-0.8117012745943876,1.3896928444921606,-0.3837898905457803,2.325245081206161,0.03635853750256586,0.49073044402048704,0.0,0.0,1.7879684538767464,0.6884024052584468,-0.1285257142766261,0.00877901246850391,0.3750525607098852,0.0,0.0,-0.8727266295378143,0.43689005799145175,0.1418804295110267,0.035339751399340175,nan,nan,nan,nan,nan,nan,nan,0.2975151913799842,0.0,0.0,1.064293312962521,-0.2515872393926874,-0.11996380342358368,0.16336262141123292,0.0006540479407559437,0.0,0.0,-0.8247662929838934,2.32588420573852,0.0063380062943095,-0.012300826578821583,nan,nan,nan,nan,nan,nan,nan,nan,nan,nan,nan,nan,nan,nan,0.9296233697914508,0.0,0.0,-0.07183550426460078,0.6689797369680898,-0.13220145602973027,-0.21715055231396127,nan,nan,nan,nan,nan,nan,nan,nan,nan,nan,nan,nan,nan,nan,nan,nan,nan,nan,nan,nan,nan,nan,nan,nan,nan,nan,nan,nan,nan,nan,nan,nan,nan,nan,nan,nan,nan,nan,nan,nan,nan,nan,nan,nan,nan,nan,nan,nan,nan,0.03307811702157442
1791062897.9991925,-0.29283719664440866,-0.8086510326748853,1.3899821977640476,-0.38456155517151547,2.322388201278348,0.036205788972523405,0.6138348801793025,0.0,0.0,1.7763565000112056,0.6884776776750005,-0.12224511965625245,0.00024282048530544918,0.31063540354493996,0.0,0.0,-0.8535483717638801,0.44537083690489726,0.1797740262503561,0.07112190656955103,nan,nan,nan,nan,nan,nan,nan,0.43294822222213947,0.0,0.0,1.0511800059305385,-0.23988653356017298,-0.13133270859095936,0.11518540866134269,0.0005970035027719532,0.0,0.0,-0.8237382461911862,2.324168803385462,0.007210513689851698,-0.012015598014591407,nan,nan,nan,nan,nan,nan,nan,nan,nan,nan,nan,nan,nan,nan,0.9179500721756355,0.0,0.0,-0.08370587298702732,0.6486328091794604,-0.12935188258087033,-0.20749936292636834,nan,nan,nan,nan,nan,nan,nan,nan,nan,nan,nan,nan,nan,nan,nan,nan,nan,nan,nan,nan,nan,nan,nan,nan,nan,nan,nan,nan,nan,nan,nan,nan,nan,nan,nan,nan,nan,nan,nan,nan,nan,nan,nan,nan,nan,nan,nan,nan,nan,0.03176413310832665
1791062898.0996444,-0.2922860256535925,-0.8056816876388614,1.3900913907625616,-0.3946293079061481,2.3206242037598606,0.034265274292061124,0.738602533043137,0.0,0.0,1.765375409856914,0.6886092290464072,-0.1220154529532262,-0.00746957042580946,0.3175000434126913,0.0,0.0,-0.8402551017150452,0.45047644328004144,0.16798701545840997,0.06420559891089517,nan,nan,nan,nan,nan,nan,nan,0.4033564531229581,0.0,0.0,1.0385093801079253,-0.22810189933213249,-0.11202883794375607,0.11186525501527037,0.0006313742148547889,0.0,0.0,-0.8232705907873566,2.323356617096491,0.0062392709202393785,-0.011357357876588647,nan,nan,nan,nan,nan,nan,nan,nan,nan,nan,nan,nan,nan,nan,0.9308320078415278,0.0,0.0,-0.095461088055682,0.6283625189571541,-0.12305663913607634,-0.20428396788651468,nan,nan,nan,nan,nan,nan,nan,nan,nan,nan,nan,nan,nan,nan,nan,nan,nan,nan,nan,nan,nan,nan,nan,nan,nan,nan,nan,nan,nan,nan,nan,nan,nan,nan,nan,nan,nan,nan,nan,nan,nan,nan,nan,nan,nan,nan,nan,nan,nan,0.032877812110904174
1791062898.200115,-0.29182988382380975,-0.8024380012049401,1.3894039220305447,-0.4038629971301775,2.3204749183024624,0.03256889970067385,0.7390162952961736,0.0,0.0,1.7525637758363175,0.6888046265264725,-0.11090551903264678,-0.0017073818464831247,0.31583073216595686,0.0,0.0,-0.8198887780233319,0.45918390055805053,0.18613821087194915,0.07067242921365646,nan,nan,nan,nan,nan,nan,nan,0.42867644608094835,0.0,0.0,1.0268993869542222,-0.21802582680567298,-0.115262866212032,0.10980917339165092,0.0007461399876906413,0.0,0.0,-0.822525775697779,2.3222395536263987,0.009016663450766424,-0.01016342277672949,nan,nan,nan,nan,nan,nan,nan,nan,nan,nan,nan,nan,nan,nan,0.9501918533694063,0.0,0.0,-0.10733947659451672,0.6079291984270239,-0.11797825141137291,-0.20947456880467288,nan,nan,nan,nan,nan,nan,nan,nan,nan,nan,nan,nan,nan,nan,nan,nan,nan,nan,nan,nan,nan,nan,nan,nan,nan,nan,nan,nan,nan,nan,nan,nan,nan,nan,nan,nan,nan,nan,nan,nan,nan,nan,nan,nan,nan,nan,nan,nan,nan,0.03524856062644844
1791062898.3024614,-0.291136212930625,-0.7990397771724161,1.3898753325390756,-0.4238490569505489,2.32263424135193,0.02915671426448765,0.8461090118737581,0.0,0.0,1.741646990267508,0.6890231016838357,-0.09506347794887189,-0.004388334072100985,0.30878701721516766,0.0,0.0,-0.8011741515089081,0.4669466031272411,0.1889290726987981,0.09023684554739549,nan,nan,nan,nan,nan,nan,nan,0.47737327611526453,0.0,0.0,1.0162326796675036,-0.20671168434850848,-0.11811800252942163,0.10285285068711608,0.0010510018884663302,0.0,0.0,-0.8217150749006495,2.320852825272036,0.010659149664233265,-0.013557299551349943,nan,nan,nan,nan,nan,nan,nan,nan,nan,nan,nan,nan,nan,nan,0.9450297511937605,0.0,0.0,-0.11897316223725952,0.5875986786296165,-0.10450599419925061,-0.20052538589011643,nan,nan,nan,nan,nan,nan,nan,nan,nan,nan,nan,nan,nan,nan,nan,nan,nan,nan,nan,nan,nan,nan,nan,nan,nan,nan,nan,nan,nan,nan,nan,nan,nan,nan,nan,nan,nan,nan,nan,nan,nan,nan,nan,nan,nan,nan,nan,nan,nan,0.03594628748418747
1791062898.4009202,-0.29040699456021424,-0.7956662953978061,1.3903459687787878,-0.4070264292011636,2.324738643611948,0.032005548706357655,0.6133438791338279,0.0,0.0,1.7321003829844757,0.6893975763712373,-0.08523596943520333,-0.002252204975912645,0.30904408009281303,0.0,0.0,-0.7820758823656094,0.4748880555873725,0.2001995934486038,0.07157548041996639,nan,nan,nan,nan,nan,nan,nan,0.34407181452511215,0.0,0.0,1.0047323134322146,-0.19636342180541205,-0.081786687373119,0.1060791918048812,0.00037651230793782933,0.0,0.0,-0.8212118643731589,2.3199125380802976,0.0042342335249964105,-0.005666412301861858,nan,nan,nan,nan,nan,nan,nan,nan,nan,nan,nan,nan,nan,nan,0.9556057124601579,0.0,0.0,-0.13081046812075986,0.5672025672509449,-0.10979640234081955,-0.2016310158841718,nan,nan,nan,nan,nan,nan,nan,nan,nan,nan,nan,nan,nan,nan,nan,nan,nan,nan,nan,nan,nan,nan,nan,nan,nan,nan,nan,nan,nan,nan,nan,nan,nan,nan,nan,nan,nan,nan,nan,nan,nan,nan,nan,nan,nan,nan,nan,nan,nan,0.031262437224586784
1791062898.4991415,-0.2898286634148724,-0.7926122754966818,1.3903686172052754,-0.3936157202547441,2.324305624886546,0.03445628924008792,0.26458683600947436,0.0,0.0,1.723466502845161,0.6895057628748272,-0.08033044659422368,0.007011420573806475,0.3018230472356627,0.0,0.0,-0.7625315470946155,0.4834907207133106,0.20214347034480631,0.08198623555956919,nan,nan,nan,nan,nan,nan,nan,0.39589077587344,0.0,0.0,0.9926380791797478,-0.18534701340547963,-0.11344373601266333,0.11320178610903418,0.0003913366335296399,0.0,0.0,-0.8204729966910216,2.3185495564820706,0.004165776459085776,-0.006660227852399708,nan,nan,nan,nan,nan,nan,nan,nan,nan,nan,nan,nan,nan,nan,0.9439289969618673,0.0,0.0,-0.14256698530355782,0.546660760635114,-0.11372254128645203,-0.19941450949931658,nan,nan,nan,nan,nan,nan,nan,nan,nan,nan,nan,nan,nan,nan,nan,nan,nan,nan,nan,nan,nan,nan,nan,nan,nan,nan,nan,nan,nan,nan,nan,nan,nan,nan,nan,nan,nan,nan,nan,nan,nan,nan,nan,nan,nan,nan,nan,nan,nan,0.030539041355960386
1791062898.5999732,-0.2892570329902115,-0.7894714726929548,1.3908058680781687,-0.37777912991650325,2.3217230450390303,0.03756832224699822,0.4117132286227875,0.0,0.0,1.7159555165018818,0.689479597933695,-0.07986162530566934,0.00045174118465049213,0.3037256663674329,0.0,0.0,-0.7429263332359957,0.49197301830687173,0.19522673444827318,0.09513820426879117,nan,nan,nan,nan,nan,nan,nan,0.2946117781396849,0.0,0.0,0.982067046567064,-0.17477939656308958,-0.09509167357724571,0.15283305275125011,0.00045269082853159625,0.0,0.0,-0.819868093609126,2.317956506793427,0.004057186698842103,-0.00675770020122415,nan,nan,nan,nan,nan,nan,nan,nan,nan,nan,nan,nan,nan,nan,0.9211655220699849,0.0,0.0,-0.1544109945246155,0.5262328603878469,-0.12297868920359867,-0.20386904799617322,nan,nan,nan,nan,nan,nan,nan,nan,nan,nan,nan,nan,nan,nan,nan,nan,nan,nan,nan,nan,nan,nan,nan,nan,nan,nan,nan,nan,nan,nan,nan,nan,nan,nan,nan,nan,nan,nan,nan,nan,nan,nan,nan,nan,nan,nan,nan,nan,nan,0.03233259379401771
1791062898.7009158,-0.28866007916082165,-0.78614087638513,1.390776778595034,-0.3698348346499148,2.3176842419010835,0.0392225656305244,0.31569405430333586,0.0,0.0,1.7085152827071326,0.6897378361579924,-0.06964099164102797,-0.0003219205267656314,0.31224133704950385,0.0,0.0,-0.7252152079963108,0.4995066000565782,0.20293408406643135,0.0753351932432444,nan,nan,nan,nan,nan,nan,nan,0.44694484660073897,0.0,0.0,0.9689216363854188,-0.16313111733684613,-0.13802776973909892,0.12148961473959248,0.00014995006050102228,0.0,0.0,-0.8197527203983316,2.3174458941662377,-0.008649691759984968,0.017128071728351468,nan,nan,nan,nan,nan,nan,nan,nan,nan,nan,nan,nan,nan,nan,0.930267713488857,0.0,0.0,-0.16625725716767595,0.5059282193763105,-0.12745409358068852,-0.20411672923600496,nan,nan,nan,nan,nan,nan,nan,nan,nan,nan,nan,nan,nan,nan,nan,nan,nan,nan,nan,nan,nan,nan,nan,nan,nan,nan,nan,nan,nan,nan,nan,nan,nan,nan,nan,nan,nan,nan,nan,nan,nan,nan,nan,nan,nan,nan,nan,nan,nan,0.037995435067578895
1791062898.798441,-0.2879122438403546,-0.7828293564841092,1.3910186554521748,-0.3575330604428603,2.3126085419417826,0.04191230847498713,0.3020519090233355,0.0,0.0,1.7012499572240198,0.6895612118515368,-0.07131182616073894,-0.0012671085649561085,0.30635487078366586,0.0,0.0,-0.7039739031820705,0.5087587336115516,0.1914520409150042,0.07982538115769111,nan,nan,nan,nan,nan,nan,nan,0.3365399508779857,0.0,0.0,0.9549406390336285,-0.1492466647755049,-0.12693348626697462,0.1588530837905891,0.0013450217131229416,0.0,0.0,-0.8189620600961228,2.316022075295839,0.009855708540307827,-0.01585851023313021,nan,nan,nan,nan,nan,nan,nan,nan,nan,nan,nan,nan,nan,nan,0.9073687041678146,0.0,0.0,-0.17811996277917191,0.4859026725470318,-0.13489935691269253,-0.20296131667356035,nan,nan,nan,nan,nan,nan,nan,nan,nan,nan,nan,nan,nan,nan,nan,nan,nan,nan,nan,nan,nan,nan,nan,nan,nan,nan,nan,nan,nan,nan,nan,nan,nan,nan,nan,nan,nan,nan,nan,nan,nan,nan,nan,nan,nan,nan,nan,nan,nan,0.034750487996559234
1791062898.8983986,-0.2873065648972734,-0.7793231811981889,1.3908920903486066,-0.35024904473199703,2.306681276662273,0.04358066841266026,0.2964808229552715,0.0,0.0,1.6947604514145578,0.6898295713533973,-0.06480063923958429,-0.006175204385887596,0.3048495563325676,0.0,0.0,-0.6845581133709168,0.5171423389764401,0.19374581389933207,0.09129421158564059,nan,nan,nan,nan,nan,nan,nan,0.42953296413442926,0.0,0.0,0.9404814699360199,-0.1361979881857781,-0.14340418358829765,0.12946705812815007,0.0002654446478521801,0.0,0.0,-0.8182261181861178,2.314648547832202,-0.002059424522369882,0.0065747984025198766,nan,nan,nan,nan,nan,nan,nan,nan,nan,nan,nan,nan,nan,nan,0.9411493700423399,0.0,0.0,-0.189594479701517,0.46588520078427675,-0.11844303328669756,-0.20238808466170335,nan,nan,nan,nan,nan,nan,nan,nan,nan,nan,nan,nan,nan,nan,nan,nan,nan,nan,nan,nan,nan,nan,nan,nan,nan,nan,nan,nan,nan,nan,nan,nan,nan,nan,nan,nan,nan,nan,nan,nan,nan,nan,nan,nan,nan,nan,nan,nan,nan,0.037686578680382554
1791062899.0000474,-0.2866757158665842,-0.775621458026196,1.3909032605059255,-0.34398864042676824,2.3004169028800177,0.04506087899721885,0.3096888331439115,0.0,0.0,1.6880556046534425,0.689740666822085,-0.06932697553924314,0.0008880073608572657,0.3090271912178905,0.0,0.0,-0.665046409164905,0.5253840898568867,0.2019945344957466,0.0768207307496335,nan,nan,nan,nan,nan,nan,nan,0.43553689957689157,0.0,0.0,0.925367909520661,-0.12208648992893137,-0.15307190078646932,0.13411982882658838,0.0010617220910778536,0.0,0.0,-0.8174045319405205,2.3132251050658708,0.0048786839259619946,-0.009969218159674212,nan,nan,nan,nan,nan,nan,nan,nan,nan,nan,nan,nan,nan,nan,0.9560900743951125,0.0,0.0,-0.20127391557245572,0.4459605710453971,-0.10686538003254716,-0.1959799307310463,nan,nan,nan,nan,nan,nan,nan,nan,nan,nan,nan,nan,nan,nan,nan,nan,nan,nan,nan,nan,nan,nan,nan,nan,nan,nan,nan,nan,nan,nan,nan,nan,nan,nan,nan,nan,nan,nan,nan,nan,nan,nan,nan,nan,nan,nan,nan,nan,nan,0.03869702713720283
1791062899.1010509,-0.285871117850482,-0.771669058083557,1.391462604835459,-0.3350750896529341,2.2937542828920745,0.047244016671206125,0.163681582047709,0.0,0.0,1.6820665152365124,0.6899864520465082,-0.06055802930630423,-0.0006865844741089262,0.306165359389813,0.0,0.0,-0.6453817839402123,0.534173496679861,0.19202126357704902,0.08075983171638554,nan,nan,nan,nan,nan,nan,nan,0.3649229112468736,0.0,0.0,0.9123154013296373,-0.10958229280328143,-0.129893023527977,0.1518872582797739,0.0192271900572716,0.0,0.0,-0.8167959665342551,2.3121914858448913,0.017818370819829406,-0.03341462989950314,nan,nan,nan,nan,nan,nan,nan,nan,nan,nan,nan,nan,nan,nan,0.9254569364714073,0.0,0.0,-0.2133079693582171,0.4260430648490054,-0.11576820308781327,-0.20054200201293046,nan,nan,nan,nan,nan,nan,nan,nan,nan,nan,nan,nan,nan,nan,nan,nan,nan,nan,nan,nan,nan,nan,nan,nan,nan,nan,nan,nan,nan,nan,nan,nan,nan,nan,nan,nan,nan,nan,nan,nan,nan,nan,nan,nan,nan,nan,nan,nan,nan,0.03942073961199373
1791062899.1986992,-0.28518920343821375,-0.7681035637967054,1.391579574981817,-0.3286274394052026,2.2867485494152135,0.0488797895029806,0.19932117376741365,0.0,0.0,1.6756877646469062,0.6899223252985835,-0.06572537036002374,0.0012554826023318377,0.30648539300868105,0.0,0.0,-0.6279084372789813,0.5414321901725053,0.1892994972472931,0.08944536096557569,nan,nan,nan,nan,nan,nan,nan,0.4061292469505281,0.0,0.0,0.8960441001123615,-0.09504117478634252,-0.1419304529200182,0.13735742161813844,0.0016812751781524959,0.0,0.0,-0.8164585097231793,2.3111626700734793,0.006936489504533792,-0.01358640272264352,nan,nan,nan,nan,nan,nan,nan,nan,nan,nan,nan,nan,nan,nan,0.9368413575110485,0.0,0.0,-0.2254981714571473,0.4060097055517794,-0.12443490891558853,-0.20407553657584768,nan,nan,nan,nan,nan,nan,nan,nan,nan,nan,nan,nan,nan,nan,nan,nan,nan,nan,nan,nan,nan,nan,nan,nan,nan,nan,nan,nan,nan,nan,nan,nan,nan,nan,nan,nan,nan,nan,nan,nan,nan,nan,nan,nan,nan,nan,nan,nan,nan,0.038198826864498894
1791062899.2985585,-0.28449993119983663,-0.7641099657236341,1.391359512537919,-0.3189974004392308,2.2793996863756854,0.05141355463883368,0.2336704670070834,0.0,0.0,1.6699076828994306,0.6901492129477966,-0.060625755935533446,-0.002256132764660722,0.30683287057868114,0.0,0.0,-0.6074408881128769,0.5501757980180073,0.18600567253749448,0.08017401855807227,nan,nan,nan,nan,nan,nan,nan,0.3070923177117013,0.0,0.0,0.8832304444705686,-0.08149709899254708,-0.07637396053164668,0.18340959907661677,0.10234761955047081,0.0,0.0,-0.8149873406662415,2.309167146934302,0.027791057627438498,-0.03975301236629903,nan,nan,nan,nan,nan,nan,nan,nan,nan,nan,nan,nan,nan,nan,0.9183841816369077,0.0,0.0,-0.23797300929185491,0.3859162798602388,-0.13319128489481682,-0.2018833366375506,nan,nan,nan,nan,nan,nan,nan,nan,nan,nan,nan,nan,nan,nan,nan,nan,nan,nan,nan,nan,nan,nan,nan,nan,nan,nan,nan,nan,nan,nan,nan,nan,nan,nan,nan,nan,nan,nan,nan,nan,nan,nan,nan,nan,nan,nan,nan,nan,nan,0.04136322615390041
1791062899.3997202,-0.28374594496381084,-0.7600094298467847,1.391318414540922,-0.31406081982982637,2.271871419186329,0.05275532557870273,0.24615293792424356,0.0,0.0,1.6639157696539717,0.689957556263635,-0.057429941296432634,-0.0043585847700703725,0.307926009642996,0.0,0.0,-0.5907777246943453,0.5578460426918646,0.18046801549918906,0.09097139645210833,nan,nan,nan,nan,nan,nan,nan,0.4087073995116154,0.0,0.0,0.8699544820805112,-0.06957301686242787,-0.14093901411345866,0.14237552874741216,0.026876812790466848,0.0,0.0,-0.8139229501457937,2.3074753074758756,0.018829885743577614,-0.0314240204487988,nan,nan,nan,nan,nan,nan,nan,nan,nan,nan,nan,nan,nan,nan,0.905966343409553,0.0,0.0,-0.250461407295683,0.3657738617577679,-0.13457718609237726,-0.19299322042174344,nan,nan,nan,nan,nan,nan,nan,nan,nan,nan,nan,nan,nan,nan,nan,nan,nan,nan,nan,nan,nan,nan,nan,nan,nan,nan,nan,nan,nan,nan,nan,nan,nan,nan,nan,nan,nan,nan,nan,nan,nan,nan,nan,nan,nan,nan,nan,nan,nan,0.04251369980068458
1791062899.4987586,-0.283038527511189,-0.7562001251433612,1.3913505742548178,-0.3100541171380798,2.264527792541806,0.05386608387331431,0.1325553989943868,0.0,0.0,1.65831556692402,0.6901879892360275,-0.055658497762862684,0.001771484907911948,0.3066515269886876,0.0,0.0,-0.5707461942437886,0.5665613377990075,0.1865273275539503,0.08040224664096868,nan,nan,nan,nan,nan,nan,nan,0.4204932062659389,0.0,0.0,0.8544394342415274,-0.054850103131830974,-0.1423292121591488,0.13457613391981685,0.01884344541410835,0.0,0.0,-0.8117896734727919,2.303905432907703,0.020255484811283524,-0.029987830475151547,nan,nan,nan,nan,nan,nan,nan,nan,nan,nan,nan,nan,nan,nan,0.9175163314704843,0.0,0.0,-0.26279505005326886,0.34546660582759353,-0.13080792882170325,-0.19650220529101908,nan,nan,nan,nan,nan,nan,nan,nan,nan,nan,nan,nan,nan,nan,nan,nan,nan,nan,nan,nan,nan,nan,nan,nan,nan,nan,nan,nan,nan,nan,nan,nan,nan,nan,nan,nan,nan,nan,nan,nan,nan,nan,nan,nan,nan,nan,nan,nan,nan,0.040296922154971854
1791062899.5991907,-0.28232104064110686,-0.7519101661937618,1.3910971988527827,-0.3067321166586409,2.2574502465260227,0.05480194210570737,0.2221826877280842,0.0,0.0,1.6530117985262371,0.689986152947459,-0.055973094912465556,-0.0013611656335255605,0.30653890729287403,0.0,0.0,-0.5548537254642545,0.5740178746019449,0.17885993876794673,0.08125134291967445,nan,nan,nan,nan,nan,nan,nan,0.42854513732398264,0.0,0.0,0.8403056048495451,-0.0411328445007359,-0.14213144187774857,0.14520644450968526,0.005272884929725547,0.0,0.0,-0.8100372741267589,2.3008049298366027,0.006320420389447371,-0.01914602063831038,nan,nan,nan,nan,nan,nan,nan,nan,nan,nan,nan,nan,nan,nan,0.939026516355814,0.0,0.0,-0.2740390383926395,0.3272085512816966,-0.12074491571421264,-0.20455877542234233,nan,nan,nan,nan,nan,nan,nan,nan,nan,nan,nan,nan,nan,nan,nan,nan,nan,nan,nan,nan,nan,nan,nan,nan,nan,nan,nan,nan,nan,nan,nan,nan,nan,nan,nan,nan,nan,nan,nan,nan,nan,nan,nan,nan,nan,nan,nan,nan,nan,0.04399847182460843
1791062899.698927,-0.2815155084596635,-0.7474245378503215,1.3905119358144378,-0.3049378774269983,2.2507604441905973,0.055313073022525416,0.13122429368796015,0.0,0.0,1.6476223635523672,0.6901390500075455,-0.05063758758414944,0.005967070088049434,0.3065104108465379,0.0,0.0,-0.5347084023577071,0.5828139063525555,0.17841826497379878,0.09118492251314733,nan,nan,nan,nan,nan,nan,nan,0.45947053445264835,0.0,0.0,0.8264772237295753,-0.02821482025963373,-0.1386427849222906,0.12349392418174177,0.00796462576439175,0.0,0.0,-0.8087570554369928,2.298662521380343,0.010672025458697748,-0.020540124577804183,nan,nan,nan,nan,nan,nan,nan,nan,nan,nan,nan,nan,nan,nan,0.93666376810451,0.0,0.0,-0.28781863135291424,0.3048067796263919,-0.11934934796559268,-0.2002513065122934,nan,nan,nan,nan,nan,nan,nan,nan,nan,nan,nan,nan,nan,nan,nan,nan,nan,nan,nan,nan,nan,nan,nan,nan,nan,nan,nan,nan,nan,nan,nan,nan,nan,nan,nan,nan,nan,nan,nan,nan,nan,nan,nan,nan,nan,nan,nan,nan,nan,0.04565177081294807
1791062899.7997391,-0.28077723474603133,-0.7433529443759643,1.3906247916045413,-0.30226204727803113,2.2444359345359843,0.05608277477658308,0.09710311870490208,0.0,0.0,1.642734069805913,0.6902442766187686,-0.045826331531277874,-0.0025094785201163054,0.30674999007362197,0.0,0.0,-0.5165288198775897,0.5908627554041777,0.1827401087396723,0.08340124170038579,nan,nan,nan,nan,nan,nan,nan,0.44025793056204765,0.0,0.0,0.8130420244718547,-0.015136915006785899,-0.13260972005589397,0.12230222054492101,0.2260808350043242,0.0,0.0,-0.8090966120622641,2.2980068570877705,0.04837126933118731,-0.03907996997283406,nan,nan,nan,nan,nan,nan,nan,nan,nan,nan,nan,nan,nan,nan,0.9458967734292804,0.0,0.0,-0.30029482619071357,0.28502941417836086,-0.11411162861872179,-0.19431963252469392,nan,nan,nan,nan,nan,nan,nan,nan,nan,nan,nan,nan,nan,nan,nan,nan,nan,nan,nan,nan,nan,nan,nan,nan,nan,nan,nan,nan,nan,nan,nan,nan,nan,nan,nan,nan,nan,nan,nan,nan,nan,nan,nan,nan,nan,nan,nan,nan,nan,0.04289417573930184
1791062899.8999507,-0.2800315970579973,-0.7388291359234328,1.3904589335394362,-0.3011192816110499,2.2384961819247726,0.05641421320964979,0.19787028574754964,0.0,0.0,1.6378039574103862,0.6900603372208922,-0.05029209676944688,-0.0019213074523783153,0.3092851235555706,0.0,0.0,-0.49777716906703295,0.5993834511811194,0.19019326121926486,0.09003875041927026,nan,nan,nan,nan,nan,nan,nan,0.46454512269962367,0.0,0.0,0.8014936549048673,-0.004108635377456715,-0.12734224314211073,0.11833776547457357,1.0243805132112762,0.0,0.0,-0.8055775610211904,2.2934754022039634,0.028991518734013514,-0.04868375833897529,nan,nan,nan,nan,nan,nan,nan,nan,nan,nan,nan,nan,nan,nan,0.9403238662309729,0.0,0.0,-0.31277264248356823,0.2652511897375199,-0.1270596107153177,-0.21108411961765272,nan,nan,nan,nan,nan,nan,nan,nan,nan,nan,nan,nan,nan,nan,nan,nan,nan,nan,nan,nan,nan,nan,nan,nan,nan,nan,nan,nan,nan,nan,nan,nan,nan,nan,nan,nan,nan,nan,nan,nan,nan,nan,nan,nan,nan,nan,nan,nan,nan,0.049400194590329426
1791062900.0002322,-0.27917585487396956,-0.7342309190456182,1.3901482470935778,-0.29741532665194587,2.2328411088095743,0.05749974151938941,0.12014650133922891,0.0,0.0,1.6334086006105377,0.6903930119317497,-0.045807348739719145,0.002215920532657005,0.30622071947241547,0.0,0.0,-0.48018634091571333,0.6069626683732818,0.20437330164131773,0.08680767055959165,nan,nan,nan,nan,nan,nan,nan,0.4193742295101509,0.0,0.0,0.7873836943568387,0.009388235977718306,-0.13193683640774176,0.13734859618102502,0.038970451415133,0.0,0.0,-0.8031703875691272,2.2893100973208096,0.01689749952055008,-0.029580054570807486,nan,nan,nan,nan,nan,nan,nan,nan,nan,nan,nan,nan,nan,nan,0.9247951207403022,0.0,0.0,-0.32474666353751036,0.2458420646784548,-0.12828091719968623,-0.1973373895824719,nan,nan,nan,nan,nan,nan,nan,nan,nan,nan,nan,nan,nan,nan,nan,nan,nan,nan,nan,nan,nan,nan,nan,nan,nan,nan,nan,nan,nan,nan,nan,nan,nan,nan,nan,nan,nan,nan,nan,nan,nan,nan,nan,nan,nan,nan,nan,nan,nan,0.04677247305237235
1791062900.0989585,-0.2784075745007159,-0.7298007709009038,1.390078107305324,-0.2964263165408634,2.2274615582237693,0.05779251826936438,0.1035690771194038,0.0,0.0,1.628832262358333,0.6902751890750254,-0.04459888596537215,-0.0013316247317878892,0.3050067473667987,0.0,0.0,-0.457897178398857,0.6170298800408974,0.20730222095929285,0.0859504608764182,nan,nan,nan,nan,nan,nan,nan,0.46415225394177895,0.0,0.0,0.7738610037423251,0.021831638347249445,-0.13594056301432245,0.11755658978528172,0.022561550330838072,0.0,0.0,-0.8009545900060382,2.2854059895308114,0.013846326235608221,-0.026064521711450284,nan,nan,nan,nan,nan,nan,nan,nan,nan,nan,nan,nan,nan,nan,0.9227896895559923,0.0,0.0,-0.3370919108132015,0.2258039262247333,-0.12634695151657022,-0.18540704482901954,nan,nan,nan,nan,nan,nan,nan,nan,nan,nan,nan,nan,nan,nan,nan,nan,nan,nan,nan,nan,nan,nan,nan,nan,nan,nan,nan,nan,nan,nan,nan,nan,nan,nan,nan,nan,nan,nan,nan,nan,nan,nan,nan,nan,nan,nan,nan,nan,nan,0.04535527389688318
1791062900.199265,-0.2775592753541978,-0.7250232846230014,1.3901909313389154,-0.29512365116777767,2.2224640616007574,0.058180035928351685,0.1403913454417621,0.0,0.0,1.624862524399239,0.6903920683514018,-0.043695365632314534,0.0012213016171783398,0.3056251574046697,0.0,0.0,-0.4390914465299737,0.6256507651093406,0.20822106852772654,0.09351380747203772,nan,nan,nan,nan,nan,nan,nan,0.458031736257992,0.0,0.0,0.7613107657183529,0.03345539654528686,-0.13669220804292787,0.12807408253294744,0.049656866315238794,0.0,0.0,-0.7991424100895267,2.2824259801617037,0.015668848348155323,-0.025898363678983093,nan,nan,nan,nan,nan,nan,nan,nan,nan,nan,nan,nan,nan,nan,0.9631470247038346,0.0,0.0,-0.34798867543738365,0.20755814817418947,-0.10094495532028652,-0.19632636670260706,nan,nan,nan,nan,nan,nan,nan,nan,nan,nan,nan,nan,nan,nan,nan,nan,nan,nan,nan,nan,nan,nan,nan,nan,nan,nan,nan,nan,nan,nan,nan,nan,nan,nan,nan,nan,nan,nan,nan,nan,nan,nan,nan,nan,nan,nan,nan,nan,nan,0.05186934356810639
1791062900.2986078,-0.2769653897753056,-0.7202848423801809,1.3901566899007185,-0.2954067134440238,2.2178913165270178,0.058095647456320565,0.12532263473276697,0.0,0.0,1.6201061781828392,0.6904619661075433,-0.044729028037932585,-0.0007392437699488341,0.3071485860334127,0.0,0.0,-0.41617087694096644,0.6358924249160671,0.20752740997625016,0.08957397957329609,nan,nan,nan,nan,nan,nan,nan,0.4201883282861195,0.0,0.0,0.7465553852184851,0.04656095084239427,-0.172017961069341,0.1631247676294075,0.3367760407099029,0.0,0.0,-0.7979743535933572,2.2803176178516664,0.12460071445939784,-0.1180853180314795,nan,nan,nan,nan,nan,nan,nan,nan,nan,nan,nan,nan,nan,nan,0.9431308457304727,0.0,0.0,-0.3613935265107134,0.18579954442599206,-0.11697361489252156,-0.2055096359742346,nan,nan,nan,nan,nan,nan,nan,nan,nan,nan,nan,nan,nan,nan,nan,nan,nan,nan,nan,nan,nan,nan,nan,nan,nan,nan,nan,nan,nan,nan,nan,nan,nan,nan,nan,nan,nan,nan,nan,nan,nan,nan,nan,nan,nan,nan,nan,nan,nan,0.04477603644595869
1791062900.402958,-0.27614787238362704,-0.7156381114127979,1.3900766857045779,-0.29240475461940296,2.213591616653099,0.058995800567102366,0.055227663643475755,0.0,0.0,1.6157926816368464,0.6905769319331211,-0.040470324313625516,0.01175190083305495,0.3150761061642834,0.0,0.0,-0.3953309445519257,0.6454621340502158,0.21300393543585766,0.1065755196461419,nan,nan,nan,nan,nan,nan,nan,0.42396038783744094,0.0,0.0,0.7337882274201555,0.05912438323097762,-0.15026731258668052,0.1459972882606348,0.5309034956295298,0.0,0.0,-0.7967596153604263,2.2782847705074776,0.030357631830135644,-0.046756757782053016,nan,nan,nan,nan,nan,nan,nan,nan,nan,nan,nan,nan,nan,nan,0.9436155656191402,0.0,0.0,-0.3737630490024251,0.16570318231639602,-0.1181543823309819,-0.2041897240816657,nan,nan,nan,nan,nan,nan,nan,nan,nan,nan,nan,nan,nan,nan,nan,nan,nan,nan,nan,nan,nan,nan,nan,nan,nan,nan,nan,nan,nan,nan,nan,nan,nan,nan,nan,nan,nan,nan,nan,nan,nan,nan,nan,nan,nan,nan,nan,nan,nan,0.04497961459071404
1791062900.5006838,-0.27538681504773915,-0.7108376509693786,1.3898746249149718,-0.2870632630175902,2.2093082659700602,0.06062596512651652,0.09628889897483439,0.0,0.0,1.611307622734044,0.6903014504320557,-0.04349016429251158,0.001812494955702079,0.30967345445307615,0.0,0.0,-0.37641512091504586,0.6540324668966864,0.2121866816911657,0.09788064596999332,nan,nan,nan,nan,nan,nan,nan,0.37592169533816827,0.0,0.0,0.7176958474190378,0.07604939170351105,-0.0590321070907888,0.1498958366728817,0.6117393261964056,0.0,0.0,-0.7909885211820632,2.2687047336693063,0.010578524282700917,-0.048707919585793576,nan,nan,nan,nan,nan,nan,nan,nan,nan,nan,nan,nan,nan,nan,0.9520151399556797,0.0,0.0,-0.38586490276682467,0.14595199744385615,-0.10732951121840878,-0.1912573463677898,nan,nan,nan,nan,nan,nan,nan,nan,nan,nan,nan,nan,nan,nan,nan,nan,nan,nan,nan,nan,nan,nan,nan,nan,nan,nan,nan,nan,nan,nan,nan,nan,nan,nan,nan,nan,nan,nan,nan,nan,nan,nan,nan,nan,nan,nan,nan,nan,nan,0.04690191427487402
1791062900.599143,-0.27444528996759304,-0.7064128536243209,1.3901897672195298,-0.28403239602409047,2.204913875618625,0.061567299619148176,0.07804182230600842,0.0,0.0,1.6074284491843063,0.6906319791739216,-0.03955888012036552,-0.0008349849372142417,0.3051775603929522,0.0,0.0,-0.35519074685432633,0.6635064467385456,0.21400082687782626,0.08938830791215775,nan,nan,nan,nan,nan,nan,nan,0.4126367733437261,0.0,0.0,0.7009425376587671,0.09227052560260815,-0.12782779709366338,0.1665288116954745,0.39278187374474677,0.0,0.0,-0.7890155556980094,2.2654501125830597,0.023137603560935506,-0.04590666155138494,nan,nan,nan,nan,nan,nan,nan,nan,nan,nan,nan,nan,nan,nan,0.9454537822958484,0.0,0.0,-0.39774420478430683,0.1266314294445177,-0.10974532196169488,-0.1884337619227588,nan,nan,nan,nan,nan,nan,nan,nan,nan,nan,nan,nan,nan,nan,nan,nan,nan,nan,nan,nan,nan,nan,nan,nan,nan,nan,nan,nan,nan,nan,nan,nan,nan,nan,nan,nan,nan,nan,nan,nan,nan,nan,nan,nan,nan,nan,nan,nan,nan,0.04398443124248336
1791062900.6988292,-0.2737078035648983,-0.7017991231224424,1.389691520593216,-0.2818455290087458,2.2006477790774537,0.06225390377070972,0.11429343833033016,0.0,0.0,1.6034345809718045,0.6904842472539442,-0.040230184840426154,-0.0018194069545007198,0.3047917031675642,0.0,0.0,-0.333980207918383,0.6733691298440225,0.21335869830607956,0.09292113346579844,nan,nan,nan,nan,nan,nan,nan,0.4253307180225727,0.0,0.0,0.6859673964070845,0.1058886631531803,-0.17072782871768938,0.161177779057735,0.528890124928201,0.0,0.0,-0.7865536585062725,2.261386550346439,0.03562196816635302,-0.0424242910991806,nan,nan,nan,nan,nan,nan,nan,nan,nan,nan,nan,nan,nan,nan,0.9108847681990997,0.0,0.0,-0.4093766246089064,0.10804540761864415,-0.13738880455531763,-0.18109302160454396,nan,nan,nan,nan,nan,nan,nan,nan,nan,nan,nan,nan,nan,nan,nan,nan,nan,nan,nan,nan,nan,nan,nan,nan,nan,nan,nan,nan,nan,nan,nan,nan,nan,nan,nan,nan,nan,nan,nan,nan,nan,nan,nan,nan,nan,nan,nan,nan,nan,0.04828274184574966
1791062900.7987342,-0.272776776893781,-0.697023126606513,1.390097450463432,-0.2796986475457939,2.196554175931171,0.06293401661990128,0.05491878450287867,0.0,0.0,1.5995070706132717,0.6905471093340881,-0.03417123808304169,0.012836173022090731,0.3018636379551532,0.0,0.0,-0.31043742985970707,0.6840023427661058,0.21771588536009348,0.08825239219399592,nan,nan,nan,nan,nan,nan,nan,0.4279268187943739,0.0,0.0,0.6698030906408851,0.12133833210935974,-0.16712902368994736,0.15740454769075812,0.0759061515486105,0.0,0.0,-0.784202319996902,2.2573311238446676,0.020341102041421328,-0.03315821682946985,nan,nan,nan,nan,nan,nan,nan,nan,nan,nan,nan,nan,nan,nan,0.9369523537055849,0.0,0.0,-0.4203623090140772,0.08972300583673994,-0.11024265931345792,-0.18483618539048052,nan,nan,nan,nan,nan,nan,nan,nan,nan,nan,nan,nan,nan,nan,nan,nan,nan,nan,nan,nan,nan,nan,nan,nan,nan,nan,nan,nan,nan,nan,nan,nan,nan,nan,nan,nan,nan,nan,nan,nan,nan,nan,nan,nan,nan,nan,nan,nan,nan,0.047260802989939066
1791062900.8989735,-0.2718849911492767,-0.6923874179530017,1.3902907814499499,-0.2777658564312265,2.1926332860810636,0.0635514653563236,0.07602116378662464,0.0,0.0,1.5958488945940243,0.6907595213193003,-0.03467041328258544,0.003773432101806513,0.31161168893284497,0.0,0.0,-0.2910954004553343,0.6930108930103864,0.21123335462239293,0.10083698697045418,nan,nan,nan,nan,nan,nan,nan,0.43033572362918276,0.0,0.0,0.6525394576025392,0.13810030614770852,-0.17291124454974016,0.15925244589555906,0.1397088449302662,0.0,0.0,-0.7824251647202649,2.253824857741394,0.0028598519561791012,-0.0371782813158569,nan,nan,nan,nan,nan,nan,nan,nan,nan,nan,nan,nan,nan,nan,0.9477567504026821,0.0,0.0,-0.4317201112715207,0.07137681141398326,-0.10426132398907967,-0.1850689084651161,nan,nan,nan,nan,nan,nan,nan,nan,nan,nan,nan,nan,nan,nan,nan,nan,nan,nan,nan,nan,nan,nan,nan,nan,nan,nan,nan,nan,nan,nan,nan,nan,nan,nan,nan,nan,nan,nan,nan,nan,nan,nan,nan,nan,nan,nan,nan,nan,nan,0.04934978396635124
1791062900.9984038,-0.27102427517468847,-0.6873718143243629,1.3906910700233668,-0.277100249937404,2.1889518817795985,0.06376523424078227,0.07270385231840396,0.0,0.0,1.5924683603347747,0.6909028985115805,-0.03190864910971646,0.01162593259019637,0.2997763380493145,0.0,0.0,-0.26746221628319733,0.7035949591862094,0.2162078187346789,0.09645891271518121,nan,nan,nan,nan,nan,nan,nan,0.45132012662436644,0.0,0.0,0.6349950016755161,0.1546909347935129,-0.1854770634620664,0.1570514043345137,0.19650971215517418,0.0,0.0,-0.7803831910156317,2.2508078975228343,0.018947847355420166,-0.03046478854010886,nan,nan,nan,nan,nan,nan,nan,nan,nan,nan,nan,nan,nan,nan,0.927465935704131,0.0,0.0,-0.4428291638229076,0.05360482594670547,-0.1213684020614877,-0.17589777102450774,nan,nan,nan,nan,nan,nan,nan,nan,nan,nan,nan,nan,nan,nan,nan,nan,nan,nan,nan,nan,nan,nan,nan,nan,nan,nan,nan,nan,nan,nan,nan,nan,nan,nan,nan,nan,nan,nan,nan,nan,nan,nan,nan,nan,nan,nan,nan,nan,nan,0.056419847631456466
1791062901.0983613,-0.2698281854031284,-0.6822764779396555,1.39221933137077,-0.27486548143946204,2.185463648793779,0.06448722512857133,0.11346326476263448,0.0,0.0,1.5889093257287108,0.6905541537380564,-0.03502873253856349,-0.0009818216910880838,0.30917594375892027,0.0,0.0,-0.24590286976146902,0.7132756475223231,0.2177772740657417,0.10104124408271647,nan,nan,nan,nan,nan,nan,nan,0.42362760334933663,0.0,0.0,0.6172811995410069,0.17135368213438096,-0.16970800491897975,0.16684089475531055,0.035557823084054786,0.0,0.0,-0.779149849584598,2.2479184501762743,-0.0012067201745821479,-0.025916046179565333,nan,nan,nan,nan,nan,nan,nan,nan,nan,nan,nan,nan,nan,nan,0.9404820423604722,0.0,0.0,-0.45369852527957083,0.03559186332295889,-0.10829182842174728,-0.181217671277064,nan,nan,nan,nan,nan,nan,nan,nan,nan,nan,nan,nan,nan,nan,nan,nan,nan,nan,nan,nan,nan,nan,nan,nan,nan,nan,nan,nan,nan,nan,nan,nan,nan,nan,nan,nan,nan,nan,nan,nan,nan,nan,nan,nan,nan,nan,nan,nan,nan,0.05132144447939686
1791062901.1984987,-0.2689476805432387,-0.6769075565812823,1.392052376273343,-0.2731954246530423,2.1821039478726294,0.06503107422853287,0.11069204428357918,0.0,0.0,1.5854482398203729,0.6906441501020655,-0.0335115923464195,0.0002152999098459364,0.3126060527347608,0.0,0.0,-0.22450420221314799,0.7229602833338703,0.21194421097200017,0.10568483678552336,nan,nan,nan,nan,nan,nan,nan,0.43144569435542446,0.0,0.0,0.6000291537660497,0.18779115339257127,-0.16109573131703753,0.1563905321141271,0.029262352002702902,0.0,0.0,-0.7776571927919462,2.245535130759985,-0.006107250991689333,-0.021335377286347393,nan,nan,nan,nan,nan,nan,nan,nan,nan,nan,nan,nan,nan,nan,0.9424933590099043,0.0,0.0,-0.465228709108636,0.017336792488845416,-0.1183936091751539,-0.20067067497940083,nan,nan,nan,nan,nan,nan,nan,nan,nan,nan,nan,nan,nan,nan,nan,nan,nan,nan,nan,nan,nan,nan,nan,nan,nan,nan,nan,nan,nan,nan,nan,nan,nan,nan,nan,nan,nan,nan,nan,nan,nan,nan,nan,nan,nan,nan,nan,nan,nan,0.0545972231790723
1791062901.298675,-0.2678975702533513,-0.6713504588443696,1.3921117810340593,-0.2703058505811505,2.1788251763020954,0.06598077698341075,0.12110127229383426,0.0,0.0,1.5820350172119875,0.6907761604531047,-0.03420386369262244,0.0007985699555491206,0.30817264001117944,0.0,0.0,-0.20310071870965116,0.7326090456255534,0.20854308352729398,0.09840167423245816,nan,nan,nan,nan,nan,nan,nan,0.4110574774458182,0.0,0.0,0.5822217816981057,0.20551304737814485,-0.17131566264568554,0.19511761225323554,0.030431781735190778,0.0,0.0,-0.7762641206781065,2.2435580502823553,0.027499821746419125,-0.017987207224838066,nan,nan,nan,nan,nan,nan,nan,nan,nan,nan,nan,nan,nan,nan,0.9244295517342193,0.0,0.0,-0.4763343669816733,-0.00025866634744720263,-0.12485060865524181,-0.1773022043151986,nan,nan,nan,nan,nan,nan,nan,nan,nan,nan,nan,nan,nan,nan,nan,nan,nan,nan,nan,nan,nan,nan,nan,nan,nan,nan,nan,nan,nan,nan,nan,nan,nan,nan,nan,nan,nan,nan,nan,nan,nan,nan,nan,nan,nan,nan,nan,nan,nan,0.05323515328198313
1791062901.3988638,-0.26695884037070183,-0.6662315145080433,1.3925875130964491,-0.26854649184200335,2.175620848236606,0.06656444950090352,0.12715745248182886,0.0,0.0,1.5788879445670072,0.6906537015564707,-0.03565731502696003,-0.0019076889914326186,0.2974131157746312,0.0,0.0,-0.1820529351536647,0.742251040728371,0.21369831909961945,0.09285339879392901,nan,nan,nan,nan,nan,nan,nan,0.42949148927305786,0.0,0.0,0.5660691497833398,0.2211405400075714,-0.1802629618901534,0.1680539781976912,0.13061994416750614,0.0,0.0,-0.7746168891241338,2.2410532426567915,0.01765156991303111,-0.02912104021791216,nan,nan,nan,nan,nan,nan,nan,nan,nan,nan,nan,nan,nan,nan,0.9390360426216133,0.0,0.0,-0.48782276961111715,-0.019167497451760933,-0.11469184667153083,-0.18384084242102522,nan,nan,nan,nan,nan,nan,nan,nan,nan,nan,nan,nan,nan,nan,nan,nan,nan,nan,nan,nan,nan,nan,nan,nan,nan,nan,nan,nan,nan,nan,nan,nan,nan,nan,nan,nan,nan,nan,nan,nan,nan,nan,nan,nan,nan,nan,nan,nan,nan,0.053700463660668274
1791062901.4997745,-0.2658754865237127,-0.6604515796339054,1.393354930301245,-0.26721499752365546,2.172564123070149,0.06700891848465514,0.18214288264457426,0.0,0.0,1.5757413369184947,0.6905755049695178,-0.03727853031158153,0.0004859171423702449,0.29213849996871477,0.0,0.0,-0.16247137008763002,0.7511361256483136,0.22253182297672205,0.09390605579721459,nan,nan,nan,nan,nan,nan,nan,0.4363265643813681,0.0,0.0,0.5506110393929411,0.23596756293883805,-0.19034054012225304,0.17251170337310515,0.2131186794403416,0.0,0.0,-0.7734258567198958,2.238554955640547,0.02054736055343627,-0.027833577023475102,nan,nan,nan,nan,nan,nan,nan,nan,nan,nan,nan,nan,nan,nan,0.9420013936394429,0.0,0.0,-0.4980393014210266,-0.035307789667013804,-0.11120289344808995,-0.18550218891972034,nan,nan,nan,nan,nan,nan,nan,nan,nan,nan,nan,nan,nan,nan,nan,nan,nan,nan,nan,nan,nan,nan,nan,nan,nan,nan,nan,nan,nan,nan,nan,nan,nan,nan,nan,nan,nan,nan,nan,nan,nan,nan,nan,nan,nan,nan,nan,nan,nan,0.059012804159148495
1791062901.5999024,-0.2648414901554982,-0.6552495263188405,1.3933235672193975,-0.26486790879004135,2.169612951380829,0.06779817279967086,0.10468166041666899,0.0,0.0,1.571923637288487,0.6906634164000383,-0.03202277285508674,0.0018290503243208872,0.30078198934616435,0.0,0.0,-0.13836858863139118,0.762222416404813,0.21897049669786472,0.08756019236316233,nan,nan,nan,nan,nan,nan,nan,0.4181820513448796,0.0,0.0,0.5323502367493965,0.25408114366766993,-0.13850817754655367,0.1646436682531518,0.08424516293268292,0.0,0.0,-0.7720433942561711,2.2355857796861587,0.014293555513894003,-0.02449546980764277,nan,nan,nan,nan,nan,nan,nan,nan,nan,nan,nan,nan,nan,nan,0.9350570675306875,0.0,0.0,-0.5101216239863336,-0.05483821184177679,-0.11630732913325867,-0.1759054402800773,nan,nan,nan,nan,nan,nan,nan,nan,nan,nan,nan,nan,nan,nan,nan,nan,nan,nan,nan,nan,nan,nan,nan,nan,nan,nan,nan,nan,nan,nan,nan,nan,nan,nan,nan,nan,nan,nan,nan,nan,nan,nan,nan,nan,nan,nan,nan,nan,nan,0.055560670676522914
1791062901.7006218,-0.26386652222500506,-0.6492946628748987,1.3938781807003833,-0.2659100103381763,2.1668790423114186,0.06744683624014829,0.16170115833005194,0.0,0.0,1.5686868841151047,0.6908355943010912,-0.03185380385278664,-0.00022042091203160834,0.29567759019649686,0.0,0.0,-0.11677402137910303,0.771984007145928,0.22042280111148777,0.09315251201087282,nan,nan,nan,nan,nan,nan,nan,0.4444915182476985,0.0,0.0,0.5163807343288307,0.26952675445157454,-0.13260672233091414,0.14350821977563027,0.2185233495311011,0.0,0.0,-0.7703765389696435,2.2331552285214733,0.014697982875132716,-0.02451549527508888,nan,nan,nan,nan,nan,nan,nan,nan,nan,nan,nan,nan,nan,nan,0.9350570675306875,0.0,0.0,-0.5207328639102711,-0.07232299183904291,-0.11115774262723853,-0.17343254315473478,nan,nan,nan,nan,nan,nan,nan,nan,nan,nan,nan,nan,nan,nan,nan,nan,nan,nan,nan,nan,nan,nan,nan,nan,nan,nan,nan,nan,nan,nan,nan,nan,nan,nan,nan,nan,nan,nan,nan,nan,nan,nan,nan,nan,nan,nan,nan,nan,nan,0.06302735656849885
1791062901.7990756,-0.26276081215199354,-0.6437140877392835,1.3938081260445427,-0.2660872996691292,2.1644738025125276,0.06738720917657297,0.10795943136626059,0.0,0.0,1.5655705488258476,0.6907397954408736,-0.03103319058411772,-0.0008921112248892611,0.29362451688421015,0.0,0.0,-0.09542140872569002,0.7815504487910041,0.19161952470157642,0.08963938209478278,nan,nan,nan,nan,nan,nan,nan,0.43399509082793125,0.0,0.0,0.501447425874573,0.28407603733482517,-0.13915592743085944,0.14065685263648836,0.15408673710078444,0.0,0.0,-0.7691152595971467,2.230520536180389,0.015386729565392164,-0.027206219474428535,nan,nan,nan,nan,nan,nan,nan,nan,nan,nan,nan,nan,nan,nan,0.9350570675306875,0.0,0.0,-0.5314694684427466,-0.08955879369648391,-0.09801514565875906,-0.17614503781433002,nan,nan,nan,nan,nan,nan,nan,nan,nan,nan,nan,nan,nan,nan,nan,nan,nan,nan,nan,nan,nan,nan,nan,nan,nan,nan,nan,nan,nan,nan,nan,nan,nan,nan,nan,nan,nan,nan,nan,nan,nan,nan,nan,nan,nan,nan,nan,nan,nan,0.05647336288393532
1791062901.898767,-0.26179846803770707,-0.6376959038080656,1.3940498421712078,-0.2668298934033092,2.162336939829901,0.06713791209799401,0.15735214626354604,0.0,0.0,1.5622753001900427,0.6905743397141881,-0.03213013681590937,0.00013855544693310723,0.29559681681002087,0.0,0.0,-0.07591817411622676,0.7900071174935883,0.212242849825599,0.09688750447886779,nan,nan,nan,nan,nan,nan,nan,0.44537160617790006,0.0,0.0,0.4885649757534894,0.29619253493856945,-0.1430049153584132,0.1371686975468695,0.25104551140330356,0.0,0.0,-0.7673286508980178,2.227890431456099,0.01606087548987425,-0.02819704631091579,nan,nan,nan,nan,nan,nan,nan,nan,nan,nan,nan,nan,nan,nan,0.9350570675306875,0.0,0.0,-0.5419135410784738,-0.10625366370584138,-0.1157692411096331,-0.16239949826427819,nan,nan,nan,nan,nan,nan,nan,nan,nan,nan,nan,nan,nan,nan,nan,nan,nan,nan,nan,nan,nan,nan,nan,nan,nan,nan,nan,nan,nan,nan,nan,nan,nan,nan,nan,nan,nan,nan,nan,nan,nan,nan,nan,nan,nan,nan,nan,nan,nan,0.06044739373639153
1791062901.9990582,-0.26061116565567294,-0.6319888832608189,1.3949572243167534,-0.26713857371085536,2.160455738985796,0.06703450147921167,0.09542538804590525,0.0,0.0,1.559079330166286,0.6907963468765655,-0.030104978717970115,0.003907037921181335,0.30533497731496984,0.0,0.0,-0.053236409019815516,0.800145511211705,0.17809214390075,0.08439216321987947,nan,nan,nan,nan,nan,nan,nan,0.4407048622120554,0.0,0.0,0.4738470770051511,0.30986482141573185,-0.14430649070735385,0.13651451716805088,0.07078414610782978,0.0,0.0,-0.7656861948811229,2.224958449596992,0.013496238160571767,-0.024497878137991362,nan,nan,nan,nan,nan,nan,nan,nan,nan,nan,nan,nan,nan,nan,0.9350570675306875,0.0,0.0,-0.5522075367184842,-0.12313324355827701,-0.09269256558494773,-0.16966459051988683,nan,nan,nan,nan,nan,nan,nan,nan,nan,nan,nan,nan,nan,nan,nan,nan,nan,nan,nan,nan,nan,nan,nan,nan,nan,nan,nan,nan,nan,nan,nan,nan,nan,nan,nan,nan,nan,nan,nan,nan,nan,nan,nan,nan,nan,nan,nan,nan,nan,0.05426083497579157
1791062902.0985532,-0.25963111624919144,-0.6262389773839738,1.3951233988885916,-0.26738580901886994,2.1587824742548327,0.06695176725658747,0.11773625614454532,0.0,0.0,1.5558314496867536,0.6908733945399433,-0.0308249354036386,0.0007616004980000412,0.28992278456850346,0.0,0.0,-0.03247251946122514,0.809338645115283,0.20843735581165312,0.09149416183995848,nan,nan,nan,nan,nan,nan,nan,0.4418286074238725,0.0,0.0,0.4583174547485434,0.32441616551976465,-0.1356284680229092,0.13371608041345018,0.17948186118157283,0.0,0.0,-0.7650185623253974,2.222401092953116,0.014486281724745607,-0.0268445702319873,nan,nan,nan,nan,nan,nan,nan,nan,nan,nan,nan,nan,nan,nan,0.9350570675306875,0.0,0.0,-0.5628917921413507,-0.13979869430016648,-0.10997588759372545,-0.1631317035674224,nan,nan,nan,nan,nan,nan,nan,nan,nan,nan,nan,nan,nan,nan,nan,nan,nan,nan,nan,nan,nan,nan,nan,nan,nan,nan,nan,nan,nan,nan,nan,nan,nan,nan,nan,nan,nan,nan,nan,nan,nan,nan,nan,nan,nan,nan,nan,nan,nan,0.0581974551608835
1791062902.1991363,-0.25853253711656854,-0.6205532151650491,1.3954089238388543,-0.3114869129270777,2.1597281927332244,0.0534666263577783,0.12517798617073947,0.0,0.0,1.5528434560131172,0.6906937140374888,-0.029385941710937467,-0.0006324687328471773,0.28105039108069413,0.0,0.0,-0.012190270190188944,0.8185294183875952,0.18608119662394604,0.07699269421042393,nan,nan,nan,nan,nan,nan,nan,0.4469473679775332,0.0,0.0,0.4464464017773467,0.3357109358999137,-0.13510333213642473,0.12601002880671103,0.8548269211931878,0.0,0.0,-0.762862691734037,2.219787474243714,0.057428619656631666,-0.051203235925103056,nan,nan,nan,nan,nan,nan,nan,nan,nan,nan,nan,nan,nan,nan,0.9350570675306875,0.0,0.0,-0.5728324660143215,-0.1564860351723235,-0.07877805659488764,-0.16257657798252848,nan,nan,nan,nan,nan,nan,nan,nan,nan,nan,nan,nan,nan,nan,nan,nan,nan,nan,nan,nan,nan,nan,nan,nan,nan,nan,nan,nan,nan,nan,nan,nan,nan,nan,nan,nan,nan,nan,nan,nan,nan,nan,nan,nan,nan,nan,nan,nan,nan,0.05429049047544974
1791062902.298873,-0.2576100722228922,-0.615038205313841,1.3953941379081292,-0.30724536902892013,2.1627347866916655,0.054656462884070646,0.13434884140141434,0.0,0.0,1.549504432915783,0.6906591797087576,-0.034844930280176996,0.0013524397971514373,0.30148320987825616,0.0,0.0,0.0070199308036078744,0.8271030275353459,0.20391982493971128,0.09525186818219274,nan,nan,nan,nan,nan,nan,nan,0.44002374663165905,0.0,0.0,0.4317044038653664,0.34999825007213603,-0.13656171087007837,0.13655294040290855,0.5951869891090702,0.0,0.0,-0.7608738093107651,2.2166027091704303,0.04389089552623831,-0.03347559833362823,nan,nan,nan,nan,nan,nan,nan,nan,nan,nan,nan,nan,nan,nan,0.9350570675306875,0.0,0.0,-0.5835599653539261,-0.1727604128725641,-0.10736966094165439,-0.15435947057451735,nan,nan,nan,nan,nan,nan,nan,nan,nan,nan,nan,nan,nan,nan,nan,nan,nan,nan,nan,nan,nan,nan,nan,nan,nan,nan,nan,nan,nan,nan,nan,nan,nan,nan,nan,nan,nan,nan,nan,nan,nan,nan,nan,nan,nan,nan,nan,nan,nan,0.05651965126926978
1791062902.3987224,-0.25656238725290437,-0.60941043748381,1.3958716869608312,-0.3426806679134777,2.167438478598403,0.045375627277992006,0.12546674434177985,0.0,0.0,1.5463682377034451,0.6908065728314192,-0.030936783590603627,0.0016899103148954606,0.3149922434360853,0.0,0.0,0.02739860208595676,0.8362634783218277,0.19847607141914012,0.09983260828002063,nan,nan,nan,nan,nan,nan,nan,0.4434457943102861,0.0,0.0,0.4180912936935205,0.36306924372457,-0.14212130967280218,0.134915512627169,0.7991063040970465,0.0,0.0,-0.7579023541594874,2.2114362474405342,0.06087478895590694,-0.052628892683063075,nan,nan,nan,nan,nan,nan,nan,nan,nan,nan,nan,nan,nan,nan,0.9350570675306875,0.0,0.0,-0.5924473669881959,-0.1883243840719405,-0.08720773513588106,-0.1651495052749022,nan,nan,nan,nan,nan,nan,nan,nan,nan,nan,nan,nan,nan,nan,nan,nan,nan,nan,nan,nan,nan,nan,nan,nan,nan,nan,nan,nan,nan,nan,nan,nan,nan,nan,nan,nan,nan,nan,nan,nan,nan,nan,nan,nan,nan,nan,nan,nan,nan,0.05652844125882183
1791062902.4989183,-0.25575058462164785,-0.6044259622611751,1.3958855493008553,-0.3905184942943471,2.177229127071253,0.03504596380991445,0.14095575203489782,0.0,0.0,1.5429165370640354,0.6909243683744966,-0.03434382792474276,-0.0007687534680298599,0.3278698559912018,0.0,0.0,0.05193760363940032,0.8473822393593611,0.22766885024385974,0.11202484581515225,nan,nan,nan,nan,nan,nan,nan,0.43853564697744357,0.0,0.0,0.4034363758713738,0.3770474014195165,-0.15336457210508023,0.14877621338189395,0.9850134584572244,0.0,0.0,-0.7551065697759077,2.2067376810983097,0.04614063062007745,-0.06079364151579139,nan,nan,nan,nan,nan,nan,nan,nan,nan,nan,nan,nan,nan,nan,0.9350570675306875,0.0,0.0,-0.6025188056930738,-0.20391828348541904,-0.11274493631168844,-0.1554405862710709,nan,nan,nan,nan,nan,nan,nan,nan,nan,nan,nan,nan,nan,nan,nan,nan,nan,nan,nan,nan,nan,nan,nan,nan,nan,nan,nan,nan,nan,nan,nan,nan,nan,nan,nan,nan,nan,nan,nan,nan,nan,nan,nan,nan,nan,nan,nan,nan,nan,0.05450178958420632
1791062902.5988169,-0.2548224498158083,-0.5990053928685592,1.3960782878771618,-0.3786285186477098,2.1884657362089226,0.03739520237757017,0.11752539946510081,0.0,0.0,1.5399969469597,0.6907792862427968,-0.029326741598894097,-0.0005925647456522652,0.30246346002524627,0.0,0.0,0.07359068659475713,0.8567341274202007,0.2111095937619913,0.09798340328927296,nan,nan,nan,nan,nan,nan,nan,0.4404694319246329,0.0,0.0,0.3883170207266195,0.39128368753713333,-0.15409249441395417,0.14548990734824763,0.5802691822682599,0.0,0.0,-0.7518266219631091,2.2003493106724545,0.005005488504212305,-0.03944401464855184,nan,nan,nan,nan,nan,nan,nan,nan,nan,nan,nan,nan,nan,nan,0.9350570675306875,0.0,0.0,-0.6119683021295996,-0.21980734336265226,-0.08693463228082728,-0.16837720690965102,nan,nan,nan,nan,nan,nan,nan,nan,nan,nan,nan,nan,nan,nan,nan,nan,nan,nan,nan,nan,nan,nan,nan,nan,nan,nan,nan,nan,nan,nan,nan,nan,nan,nan,nan,nan,nan,nan,nan,nan,nan,nan,nan,nan,nan,nan,nan,nan,nan,0.05676906910024125
1791062902.6985104,-0.2539005771598218,-0.5942228176434001,1.3966004422768108,-0.36767963228938844,2.1970073188223123,0.03968241095777112,0.09732144608366117,0.0,0.0,1.5366717387876327,0.6907409839863425,-0.03300626540838319,-0.0008470213511438153,0.30569560019283637,0.0,0.0,0.09313312885425616,0.8652185054716494,0.22152901474600117,0.09246656964600863,nan,nan,nan,nan,nan,nan,nan,0.43842950205309683,0.0,0.0,0.373836643853026,0.40517377241446645,-0.16092203240916914,0.15411081002597535,0.2767569451768426,0.0,0.0,-0.7492276444007192,2.195013371378154,-0.007382556955882814,-0.04432085776325177,nan,nan,nan,nan,nan,nan,nan,nan,nan,nan,nan,nan,nan,nan,0.9350570675306875,0.0,0.0,-0.6222921149273292,-0.23573159643788538,-0.10961453427881196,-0.155943004130598,nan,nan,nan,nan,nan,nan,nan,nan,nan,nan,nan,nan,nan,nan,nan,nan,nan,nan,nan,nan,nan,nan,nan,nan,nan,nan,nan,nan,nan,nan,nan,nan,nan,nan,nan,nan,nan,nan,nan,nan,nan,nan,nan,nan,nan,nan,nan,nan,nan,0.04713718332624126
1791062902.8010178,-0.2530610328142942,-0.5890752576141788,1.3966572588381931,-0.35769400480242103,2.203273091982619,0.04187608982613511,0.07152631389968445,0.0,0.0,1.5338351827067813,0.6908313016636991,-0.026849916212191818,0.0018355421649078152,0.2937923655466436,0.0,0.0,0.11473533799085245,0.8745004360458607,0.21958870389719165,0.08802459991482672,nan,nan,nan,nan,nan,nan,nan,0.4381630045290565,0.0,0.0,0.3564208533911748,0.4219114273446616,-0.16519662906923138,0.15299580398349136,0.41766457871260876,0.0,0.0,-0.7465827814387117,2.19113604311248,0.02243209226967616,-0.040583701789487225,nan,nan,nan,nan,nan,nan,nan,nan,nan,nan,nan,nan,nan,nan,0.9350570675306875,0.0,0.0,-0.6311782091101514,-0.250030399887205,-0.09207911243226044,-0.16206340640323097,nan,nan,nan,nan,nan,nan,nan,nan,nan,nan,nan,nan,nan,nan,nan,nan,nan,nan,nan,nan,nan,nan,nan,nan,nan,nan,nan,nan,nan,nan,nan,nan,nan,nan,nan,nan,nan,nan,nan,nan,nan,nan,nan,nan,nan,nan,nan,nan,nan,0.04881068219139966
1791062902.9014606,-0.25215639318856414,-0.5843192883904602,1.3967566526164013,-0.39623436276539914,2.211088645979214,0.03396475750751398,0.07118335743739146,0.0,0.0,1.5309410698500108,0.6909837909432601,-0.02502697802220896,-0.00011022770038571065,0.3170089874843394,0.0,0.0,0.13847308586692939,0.8847919107515282,0.22317789639416033,0.09027964294980226,nan,nan,nan,nan,nan,nan,nan,0.43861284151325075,0.0,0.0,0.3402800086475177,0.43739811912061055,-0.170426159972393,0.15964780555453734,0.8773711498801711,0.0,0.0,-0.7441602012235902,2.1875048727196513,0.05159833013052208,-0.058190326005496,nan,nan,nan,nan,nan,nan,nan,nan,nan,nan,nan,nan,nan,nan,0.9350570675306875,0.0,0.0,-0.6417362133359934,-0.26714575656549067,-0.09697492192656978,-0.14923657764138282,nan,nan,nan,nan,nan,nan,nan,nan,nan,nan,nan,nan,nan,nan,nan,nan,nan,nan,nan,nan,nan,nan,nan,nan,nan,nan,nan,nan,nan,nan,nan,nan,nan,nan,nan,nan,nan,nan,nan,nan,nan,nan,nan,nan,nan,nan,nan,nan,nan,0.0455086629526082
1791062902.9990253,-0.2514458950718559,-0.5801487935720636,1.3966894772688856,-0.4449316247999745,2.22478967395892,0.025916729146188613,0.057426969708417964,0.0,0.0,1.5284193124249374,0.6909387305493412,-0.024138336150271358,-0.0005613523472582836,0.3534300981429714,0.0,0.0,0.15754058103071902,0.8934270369471691,0.21444324669377823,0.10463932549378673,nan,nan,nan,nan,nan,nan,nan,0.4377549073969648,0.0,0.0,0.32314379808007027,0.45316796658624087,-0.1651594787082699,0.16733446942307648,1.0508558113357205,0.0,0.0,-0.7412876341315591,2.1819486701732393,0.03290687324557186,-0.0744636916985353,nan,nan,nan,nan,nan,nan,nan,nan,nan,nan,nan,nan,nan,nan,0.9350570675306875,0.0,0.0,-0.6512627303263292,-0.28253219136988456,-0.08857643234675347,-0.15155262724184926,nan,nan,nan,nan,nan,nan,nan,nan,nan,nan,nan,nan,nan,nan,nan,nan,nan,nan,nan,nan,nan,nan,nan,nan,nan,nan,nan,nan,nan,nan,nan,nan,nan,nan,nan,nan,nan,nan,nan,nan,nan,nan,nan,nan,nan,nan,nan,nan,nan,0.0412910269789953
1791062903.098921,-0.25064501381001275,-0.5758286773621821,1.3971332484610182,-0.47838996887936136,2.244072954398528,0.02145575988644144,0.07153463947211254,0.0,0.0,1.5267850572852038,0.6903142896437388,-0.025297439548250106,-0.004886320230168212,0.3407948445105252,0.0,0.0,0.17894834379583924,0.9028503172274079,0.20585619352989853,0.09789968272616573,nan,nan,nan,nan,nan,nan,nan,0.43675550575093053,0.0,0.0,0.30606906912065096,0.46893793155134206,-0.16721234753808917,0.14637201775976863,0.9111924695143603,0.0,0.0,-0.7370598195053738,2.175543175243793,0.04828957109540401,-0.06445354964600104,nan,nan,nan,nan,nan,nan,nan,nan,nan,nan,nan,nan,nan,nan,0.9350570675306875,0.0,0.0,-0.6605964262023646,-0.297516911232308,-0.09449838020851051,-0.14766081166588757,nan,nan,nan,nan,nan,nan,nan,nan,nan,nan,nan,nan,nan,nan,nan,nan,nan,nan,nan,nan,nan,nan,nan,nan,nan,nan,nan,nan,nan,nan,nan,nan,nan,nan,nan,nan,nan,nan,nan,nan,nan,nan,nan,nan,nan,nan,nan,nan,nan,0.042157298520315134
1791062903.1996167,-0.24993494833070676,-0.571942197784286,1.3970846745486687,-0.45808233546205396,2.2625173896261765,0.02406870361839313,0.0573566051357796,0.0,0.0,1.5241679634484995,0.6904540345043203,-0.026420293005248587,0.00033733226715871624,0.3383486067507352,0.0,0.0,0.2024035044686921,0.9132785512352691,0.20963031703660495,0.1007467004368442,nan,nan,nan,nan,nan,nan,nan,0.44361618679245557,0.0,0.0,0.28940042639883784,0.4849516144452095,-0.1594519021284447,0.15407666131785736,0.20047942051839954,0.0,0.0,-0.7324770118408571,2.1675869060363535,0.05785013911348274,-0.03976982968187129,nan,nan,nan,nan,nan,nan,nan,nan,nan,nan,nan,nan,nan,nan,0.9350570675306875,0.0,0.0,-0.6701484973103246,-0.31260640524688943,-0.09386627337088453,-0.15534111117068602,nan,nan,nan,nan,nan,nan,nan,nan,nan,nan,nan,nan,nan,nan,nan,nan,nan,nan,nan,nan,nan,nan,nan,nan,nan,nan,nan,nan,nan,nan,nan,nan,nan,nan,nan,nan,nan,nan,nan,nan,nan,nan,nan,nan,nan,nan,nan,nan,nan,0.036940036426278
1791062903.2996812,-0.24938972339947743,-0.5686147265660171,1.396634853123272,-0.49235819540866926,2.2806314805393204,0.01981631041848333,0.045539726330650634,0.0,0.0,1.5215781716208034,0.6904485889135318,-0.02533590186743541,0.0019071214421868049,0.3513920015413589,0.0,0.0,0.2236137782892,0.9226418753732643,0.19592337838982038,0.09100276203076428,nan,nan,nan,nan,nan,nan,nan,0.4496683333278615,0.0,0.0,0.2731415613822682,0.5005162398327344,-0.16890981824179804,0.16550447532148085,0.9295923214070307,0.0,0.0,-0.7280355858331409,2.1598861567849648,0.04684700521200961,-0.07917817264026195,nan,nan,nan,nan,nan,nan,nan,nan,nan,nan,nan,nan,nan,nan,0.9350570675306875,0.0,0.0,-0.6793316252619335,-0.32786184120278694,-0.08972195066526646,-0.15278145629113737,nan,nan,nan,nan,nan,nan,nan,nan,nan,nan,nan,nan,nan,nan,nan,nan,nan,nan,nan,nan,nan,nan,nan,nan,nan,nan,nan,nan,nan,nan,nan,nan,nan,nan,nan,nan,nan,nan,nan,nan,nan,nan,nan,nan,nan,nan,nan,nan,nan,0.032451322670109785
1791062903.3996313,-0.24881041086155495,-0.5651775795609206,1.3965365382245742,-0.5274259045160354,2.3035359936199122,0.01620862773114451,0.05842633501302703,0.0,0.0,1.5190591404721254,0.6905105708053995,-0.025414381403135507,-8.753647915702421e-05,0.33327978753504867,0.0,0.0,0.24274344147019775,0.9312082860140805,0.20540524273529728,0.09031773440731838,nan,nan,nan,nan,nan,nan,nan,0.443907337360731,0.0,0.0,0.2565106399503671,0.5165057926995548,-0.18246922117316317,0.1722306058034967,0.9799603129209409,0.0,0.0,-0.7241440630016691,2.153163886246613,0.043672482820094664,-0.07560924593058055,nan,nan,nan,nan,nan,nan,nan,nan,nan,nan,nan,nan,nan,nan,0.9350570675306875,0.0,0.0,-0.6890918644223992,-0.34295750565743094,-0.10311799685098896,-0.14973173217245678,nan,nan,nan,nan,nan,nan,nan,nan,nan,nan,nan,nan,nan,nan,nan,nan,nan,nan,nan,nan,nan,nan,nan,nan,nan,nan,nan,nan,nan,nan,nan,nan,nan,nan,nan,nan,nan,nan,nan,nan,nan,nan,nan,nan,nan,nan,nan,nan,nan,0.037103657443499645
1791062903.4994001,-0.2482790635763895,-0.5620210975419264,1.3963648160820938,-0.5594259345275038,2.3309618597233315,0.013472458846088498,0.051527303871555734,0.0,0.0,1.5166203057766672,0.6904641746473815,-0.026417031254023435,-0.003607384724412803,0.3577439003244079,0.0,0.0,0.26617942963441127,0.9419351840557745,0.2083021004059581,0.09584801427868514,nan,nan,nan,nan,nan,nan,nan,0.43749805268954756,0.0,0.0,0.23897588730842398,0.5327921771886184,-0.1873988173066892,0.15801012580583323,0.9789042977260415,0.0,0.0,-0.7191377544460679,2.1443250599985872,0.04068893451765948,-0.08018198621036375,nan,nan,nan,nan,nan,nan,nan,nan,nan,nan,nan,nan,nan,nan,0.9350570675306875,0.0,0.0,-0.6982183393398799,-0.3580761119609631,-0.08040665717789042,-0.15883198921362135,nan,nan,nan,nan,nan,nan,nan,nan,nan,nan,nan,nan,nan,nan,nan,nan,nan,nan,nan,nan,nan,nan,nan,nan,nan,nan,nan,nan,nan,nan,nan,nan,nan,nan,nan,nan,nan,nan,nan,nan,nan,nan,nan,nan,nan,nan,nan,nan,nan,0.030825402377692223
1791062903.6006083,-0.24772625968207374,-0.5587921877044266,1.39633684657235,-0.5837777017729904,2.361739942576229,0.011694585649930112,0.05088875787298639,0.0,0.0,1.5140063582632672,0.6904238727894483,-0.027228195094733326,-0.0010590484659619166,0.3500121941120933,0.0,0.0,0.28772888299302307,0.9515464015663969,0.22347676224452487,0.09903767233992981,nan,nan,nan,nan,nan,nan,nan,0.457508270985205,0.0,0.0,0.22154823705807644,0.5491914591026967,-0.1712894402067384,0.1738327746782466,0.9095839845652641,0.0,0.0,-0.7138237694062393,2.135021724260689,0.05476961593318288,-0.09497722136349343,nan,nan,nan,nan,nan,nan,nan,nan,nan,nan,nan,nan,nan,nan,0.9350570675306875,0.0,0.0,-0.7074700634563968,-0.37230264816358993,-0.09274692708910878,-0.11482111167886959,nan,nan,nan,nan,nan,nan,nan,nan,nan,nan,nan,nan,nan,nan,nan,nan,nan,nan,nan,nan,nan,nan,nan,nan,nan,nan,nan,nan,nan,nan,nan,nan,nan,nan,nan,nan,nan,nan,nan,nan,nan,nan,nan,nan,nan,nan,nan,nan,nan,0.0315663654527794
1791062903.6994,-0.2473358699459696,-0.5562844810535348,1.3958550570329649,-0.5985859387366109,2.39387812518317,0.010727013956590016,0.044856646570085514,0.0,0.0,1.5111989857556398,0.6903966254836009,-0.027246169762706284,0.0010514529098055669,0.38560039205034424,0.0,0.0,0.30856478558858647,0.9615491754733183,0.22970160969813216,0.104196378657263,nan,nan,nan,nan,nan,nan,nan,0.44137066734495417,0.0,0.0,0.20394737109345942,0.5657956041755947,-0.16277885626479943,0.1648490228608797,0.8135901957688163,0.0,0.0,-0.7079480445147242,2.1250267637714235,0.06453794077600454,-0.10685053743267717,nan,nan,nan,nan,nan,nan,nan,nan,nan,nan,nan,nan,nan,nan,0.9350570675306875,0.0,0.0,-0.7163742646929186,-0.3863945429660611,-0.09200367272154436,-0.1508721701052016,nan,nan,nan,nan,nan,nan,nan,nan,nan,nan,nan,nan,nan,nan,nan,nan,nan,nan,nan,nan,nan,nan,nan,nan,nan,nan,nan,nan,nan,nan,nan,nan,nan,nan,nan,nan,nan,nan,nan,nan,nan,nan,nan,nan,nan,nan,nan,nan,nan,0.024868917907658532
1791062903.7991064,-0.24691042959905762,-0.5537014864153057,1.3955133332262757,-0.6263425355811556,2.4279009614093097,0.009118891315372024,0.03192566014976045,0.0,0.0,1.508649869356248,0.6907539141733904,-0.023660643495609687,0.015578575684068152,0.39058718218702015,0.0,0.0,0.32985333410904905,0.9713122952595694,0.22176827067871027,0.10218032291101188,nan,nan,nan,nan,nan,nan,nan,0.44285906281638177,0.0,0.0,0.18621652059329072,0.5823190005624078,-0.17138917392004205,0.16049021352306106,0.9978117794319613,0.0,0.0,-0.7017142493353361,2.1141137541394586,0.04180917095324027,-0.09271428184715412,nan,nan,nan,nan,nan,nan,nan,nan,nan,nan,nan,nan,nan,nan,0.9350570675306875,0.0,0.0,-0.7244048640154309,-0.39984070678853806,-0.08176129564110085,-0.14997333658704703,nan,nan,nan,nan,nan,nan,nan,nan,nan,nan,nan,nan,nan,nan,nan,nan,nan,nan,nan,nan,nan,nan,nan,nan,nan,nan,nan,nan,nan,nan,nan,nan,nan,nan,nan,nan,nan,nan,nan,nan,nan,nan,nan,nan,nan,nan,nan,nan,nan,0.025095055497363333
1791062903.8990147,-0.24654672708363018,-0.5514420699037111,1.3954298728714758,-0.6165513170003456,2.4606282965385313,0.00965732886781916,0.040598552623894876,0.0,0.0,1.5061080106064704,0.6906738187996154,-0.025202499546798297,0.00021973420233641953,0.4052365211049126,0.0,0.0,0.3486707762964706,0.9800717040932376,0.20135571142794004,0.09707239165707332,nan,nan,nan,nan,nan,nan,nan,0.48013842155890263,0.0,0.0,0.16867636547617393,0.5987216190418299,-0.16313458612745918,0.17501713528916446,0.6325781944908749,0.0,0.0,-0.6950817973971456,2.102758294464259,0.09256770888154395,-0.13035114114123508,nan,nan,nan,nan,nan,nan,nan,nan,nan,nan,nan,nan,nan,nan,0.9350570675306875,0.0,0.0,-0.7335196476603452,-0.4142034338538608,-0.09564211252857654,-0.13940608700145987,nan,nan,nan,nan,nan,nan,nan,nan,nan,nan,nan,nan,nan,nan,nan,nan,nan,nan,nan,nan,nan,nan,nan,nan,nan,nan,nan,nan,nan,nan,nan,nan,nan,nan,nan,nan,nan,nan,nan,nan,nan,nan,nan,nan,nan,nan,nan,nan,nan,0.022672978790454826
1791062903.998758,-0.2461918817722294,-0.5491808625981146,1.395187686216412,-0.6249852686778892,2.4901601198232988,0.009191741700265354,0.041616638914577474,0.0,0.0,1.5035417458813367,0.6905858100149616,-0.025123958791500388,-0.00356232635140512,0.4071557463617438,0.0,0.0,0.371749105697472,0.9908768966438867,0.2009111621152669,0.09422826709515067,nan,nan,nan,nan,nan,nan,nan,0.46341027338498036,0.0,0.0,0.15111900011517979,0.6150625335172354,-0.1673009339435257,0.16148694342981781,0.7764315864169259,0.0,0.0,-0.6892353165861425,2.09204188130748,0.0741103046781584,-0.12474914620353929,nan,nan,nan,nan,nan,nan,nan,nan,nan,nan,nan,nan,nan,nan,0.9350570675306875,0.0,0.0,-0.7425326807380248,-0.42868739062269706,-0.09566141005943975,-0.14842607193414276,nan,nan,nan,nan,nan,nan,nan,nan,nan,nan,nan,nan,nan,nan,nan,nan,nan,nan,nan,nan,nan,nan,nan,nan,nan,nan,nan,nan,nan,nan,nan,nan,nan,nan,nan,nan,nan,nan,nan,nan,nan,nan,nan,nan,nan,nan,nan,nan,nan,0.019714027186698714
1791062904.1005244,-0.24581076099848245,-0.5473131109598484,1.3953714528294165,-0.6135448291871121,2.5164514857159497,0.009828797992531758,0.03899404794238973,0.0,0.0,1.5011159034621924,0.6905054817500662,-0.02383049692589862,-0.003604498518587528,0.4071557463617438,0.0,0.0,0.39423330142121293,1.0003390082924455,0.19324303274318033,0.0871424904104721,nan,nan,nan,nan,nan,nan,nan,0.45932326433416226,0.0,0.0,0.13557237714990075,0.6299248224258889,-0.17620193166214557,0.1627727660454592,0.6117464429846217,0.0,0.0,-0.6818711662155656,2.0793103531313037,0.09338717716831556,-0.13317494081033152,nan,nan,nan,nan,nan,nan,nan,nan,nan,nan,nan,nan,nan,nan,0.9350570675306875,0.0,0.0,-0.7510599316148127,-0.4430446550436896,-0.08626021775194195,-0.14305491656498187,nan,nan,nan,nan,nan,nan,nan,nan,nan,nan,nan,nan,nan,nan,nan,nan,nan,nan,nan,nan,nan,nan,nan,nan,nan,nan,nan,nan,nan,nan,nan,nan,nan,nan,nan,nan,nan,nan,nan,nan,nan,nan,nan,nan,nan,nan,nan,nan,nan,0.016882385298463573
1791062904.1983268,-0.24552784452318718,-0.5458712436018579,1.39528900181646,-0.6253571944601909,2.5403663534601497,0.009171722494262192,0.034840386008502276,0.0,0.0,1.4986427126941395,0.6905325028533783,-0.02460788584044804,0.00027466930007987117,0.4071557463617438,0.0,0.0,0.41499456252358735,1.0097614098446952,0.19801090300180152,0.08933939818737816,nan,nan,nan,nan,nan,nan,nan,0.463715318433754,0.0,0.0,0.11860612798345765,0.6463905503730152,-0.18134950968009397,0.16689871161505887,0.7791709113711554,0.0,0.0,-0.6757332803973259,2.0680352058305376,0.06571099114701845,-0.11529838788658348,nan,nan,nan,nan,nan,nan,nan,nan,nan,nan,nan,nan,nan,nan,0.9350570675306875,0.0,0.0,-0.7600798175290072,-0.4574324374884499,-0.09516603540320534,-0.14006538188025786,nan,nan,nan,nan,nan,nan,nan,nan,nan,nan,nan,nan,nan,nan,nan,nan,nan,nan,nan,nan,nan,nan,nan,nan,nan,nan,nan,nan,nan,nan,nan,nan,nan,nan,nan,nan,nan,nan,nan,nan,nan,nan,nan,nan,nan,nan,nan,nan,nan,0.013443307784882392
1791062904.2997358,-0.2453151706279221,-0.5445552142878649,1.395361456763958,-0.6373048855911221,2.56484060416956,0.008550813307642091,0.03296340523873298,0.0,0.0,1.4963144267215487,0.6906295176978537,-0.02470164466299186,0.0013867490450200572,0.4071557463617438,0.0,0.0,0.4353169979273696,1.0190447778910996,0.21980101005539832,0.09806396941551809,nan,nan,nan,nan,nan,nan,nan,0.47473119700449784,0.0,0.0,0.09993635216357567,0.6643364092489044,-0.1755988233113759,0.1680777913494726,0.7836247117662972,0.0,0.0,-0.6689555920060838,2.056028925362017,0.05648177031402933,-0.1017295040752849,nan,nan,nan,nan,nan,nan,nan,nan,nan,nan,nan,nan,nan,nan,0.9350570675306875,0.0,0.0,-0.769137954944175,-0.4718999717153566,-0.0910798073449074,-0.15523186895677954,nan,nan,nan,nan,nan,nan,nan,nan,nan,nan,nan,nan,nan,nan,nan,nan,nan,nan,nan,nan,nan,nan,nan,nan,nan,nan,nan,nan,nan,nan,nan,nan,nan,nan,nan,nan,nan,nan,nan,nan,nan,nan,nan,nan,nan,nan,nan,nan,nan,0.012442980611757144
1791062904.399555,-0.24516126403809846,-0.5433955474680198,1.3950001841276074,-0.6030581113782907,2.5841728200618928,0.01045042316871816,0.030826800143621706,0.0,0.0,1.4943391746305723,0.6906944740865267,-0.021581324417329295,0.0008483624720160461,0.4071557463617438,0.0,0.0,0.4560140804110076,1.0283649616414305,0.22251741553999096,0.09944698899324678,nan,nan,nan,nan,nan,nan,nan,0.47484575150517994,0.0,0.0,0.08282071936467576,0.6810604064089107,-0.18198089637973702,0.17215039651968767,0.7169647681057267,0.0,0.0,-0.6634419567294746,2.046267397269919,0.04087004769508557,-0.07896706488274699,nan,nan,nan,nan,nan,nan,nan,nan,nan,nan,nan,nan,nan,nan,0.9350570675306875,0.0,0.0,-0.7780557396733695,-0.486863681459007,-0.08982897380021769,-0.15835961304995178,nan,nan,nan,nan,nan,nan,nan,nan,nan,nan,nan,nan,nan,nan,nan,nan,nan,nan,nan,nan,nan,nan,nan,nan,nan,nan,nan,nan,nan,nan,nan,nan,nan,nan,nan,nan,nan,nan,nan,nan,nan,nan,nan,nan,nan,nan,nan,nan,nan,0.0106989386760903
1791062904.4994133,-0.2449967480429399,-0.5423116988598445,1.3949941071742087,-0.5715419258002503,2.5941251911195784,0.01255747323161467,0.039977687325336055,0.0,0.0,1.4920018206589976,0.6906770615692872,-0.02433996787470763,-0.012209156585603105,0.4071557463617438,0.0,0.0,0.47709448093525003,1.0379257383053606,0.2064523038241033,0.0997162169325923,nan,nan,nan,nan,nan,nan,nan,0.46715131994163084,0.0,0.0,0.06546116797517552,0.6976339307265708,-0.1820189839013358,0.16683884248083586,0.540568792451037,0.0,0.0,-0.6584692536711738,2.0376361038038984,0.04362201428314824,-0.07502786033587436,nan,nan,nan,nan,nan,nan,nan,nan,nan,nan,nan,nan,nan,nan,0.9350570675306875,0.0,0.0,-0.7878763586593569,-0.5023509000379194,-0.10524661393627174,-0.1541716884951647,nan,nan,nan,nan,nan,nan,nan,nan,nan,nan,nan,nan,nan,nan,nan,nan,nan,nan,nan,nan,nan,nan,nan,nan,nan,nan,nan,nan,nan,nan,nan,nan,nan,nan,nan,nan,nan,nan,nan,nan,nan,nan,nan,nan,nan,nan,nan,nan,nan,0.010811075966774032
1791062904.5992568,-0.24484017189380222,-0.541246244665873,1.395064786053012,-0.5423456726660686,2.5965328113989394,0.014872307292201393,0.03119057905459964,0.0,0.0,1.4898808363241753,0.690666582778396,-0.02110706946923821,0.0006503329268500645,0.4071557463617438,0.0,0.0,0.4981148806500443,1.0474812929551522,0.20033429732045818,0.09819950067225808,nan,nan,nan,nan,nan,nan,nan,0.4711202222628913,0.0,0.0,0.04794438556322047,0.7143921809420184,-0.18024939904327125,0.16837218673804913,0.25591082873379767,0.0,0.0,-0.6545647651310491,2.030956205236298,0.037273143362932526,-0.06767730874108752,nan,nan,nan,nan,nan,nan,nan,nan,nan,nan,nan,nan,nan,nan,0.9350570675306875,0.0,0.0,-0.7970618311203241,-0.5179375128943773,-0.0814337919723546,-0.1454034579563416,nan,nan,nan,nan,nan,nan,nan,nan,nan,nan,nan,nan,nan,nan,nan,nan,nan,nan,nan,nan,nan,nan,nan,nan,nan,nan,nan,nan,nan,nan,nan,nan,nan,nan,nan,nan,nan,nan,nan,nan,nan,nan,nan,nan,nan,nan,nan,nan,nan,0.011199173213075706
1791062904.6987162,-0.24464988939515045,-0.5401619024523425,1.3951767821619812,-0.5152819304643391,2.5929117484216917,0.017380509174932415,0.034898616782521034,0.0,0.0,1.487446252695797,0.6905994458351805,-0.02582226427317633,0.001531757647594607,0.4071557463617438,0.0,0.0,0.5187109945152896,1.0567517186614261,0.18995298778039824,0.09047048406700131,nan,nan,nan,nan,nan,nan,nan,0.4614937660351385,0.0,0.0,0.030389221193511645,0.7309325292555114,-0.17789967948082852,0.16171642107090922,0.04955408771719927,0.0,0.0,-0.6503441287779974,2.0240742212866385,0.0312844031390412,-0.0505788043424639,nan,nan,nan,nan,nan,nan,nan,nan,nan,nan,nan,nan,nan,nan,0.9350570675306875,0.0,0.0,-0.8066503518157128,-0.5336352095715368,-0.09873737577127707,-0.14398034475694949,nan,nan,nan,nan,nan,nan,nan,nan,nan,nan,nan,nan,nan,nan,nan,nan,nan,nan,nan,nan,nan,nan,nan,nan,nan,nan,nan,nan,nan,nan,nan,nan,nan,nan,nan,nan,nan,nan,nan,nan,nan,nan,nan,nan,nan,nan,nan,nan,nan,0.011783235005996403
1791062904.7987533,-0.24446343485572342,-0.5389590105256306,1.3949530338733844,-0.4900968440819608,2.584515892893365,0.020073427762866736,0.03760666505163927,0.0,0.0,1.4850653708209345,0.6905702648232787,-0.02457821666644873,-0.0018209316391335122,0.4071557463617438,0.0,0.0,0.5387507531757849,1.0657826286457923,0.19253489495714204,0.08933068816534304,nan,nan,nan,nan,nan,nan,nan,0.47423330258228846,0.0,0.0,0.014704186821671815,0.7459232819229128,-0.16960870432502706,0.16448679671799024,0.06628830791977233,0.0,0.0,-0.6475720020072376,2.018694187425971,0.029442437118451854,-0.05238044450680108,nan,nan,nan,nan,nan,nan,nan,nan,nan,nan,nan,nan,nan,nan,0.9350570675306875,0.0,0.0,-0.815473330941578,-0.5482104699529209,-0.08757219147023779,-0.14815554023073227,nan,nan,nan,nan,nan,nan,nan,nan,nan,nan,nan,nan,nan,nan,nan,nan,nan,nan,nan,nan,nan,nan,nan,nan,nan,nan,nan,nan,nan,nan,nan,nan,nan,nan,nan,nan,nan,nan,nan,nan,nan,nan,nan,nan,nan,nan,nan,nan,nan,0.01358477918857371
1791062904.8989599,-0.24421156251174408,-0.5376259777295849,1.3951193613873027,-0.466295958407753,2.5723523206106282,0.022977795425729,0.0374473931092371,0.0,0.0,1.4824333897429545,0.6906737075062606,-0.02509928016292879,0.0026139314881138517,0.4071557463617438,0.0,0.0,0.5576338237794914,1.0743913134695524,0.20161837876266633,0.09184121468299336,nan,nan,nan,nan,nan,nan,nan,0.4788594735097789,0.0,0.0,-0.004238899454341552,0.7643874423387401,-0.16706948961062337,0.1670932596199719,0.03017908993242788,0.0,0.0,-0.6449771059314038,2.0141341314168093,0.024198927151176382,-0.04213870884129974,nan,nan,nan,nan,nan,nan,nan,nan,nan,nan,nan,nan,nan,nan,0.9350570675306875,0.0,0.0,-0.8243198112766164,-0.5630335275410384,-0.0926975063892668,-0.14585384634556856,nan,nan,nan,nan,nan,nan,nan,nan,nan,nan,nan,nan,nan,nan,nan,nan,nan,nan,nan,nan,nan,nan,nan,nan,nan,nan,nan,nan,nan,nan,nan,nan,nan,nan,nan,nan,nan,nan,nan,nan,nan,nan,nan,nan,nan,nan,nan,nan,nan,0.015236651883751314
1791062904.998543,-0.24393001436913195,-0.5360967338122401,1.3952104198929638,-0.44391412119366264,2.557256922177053,0.026065093570996914,0.04152745507854852,0.0,0.0,1.479827910982041,0.6907046503018419,-0.025799448674407255,-0.001423486335781218,0.4071557463617438,0.0,0.0,0.5774939862542859,1.0827808231351503,0.18250043981324637,0.08243619552435012,nan,nan,nan,nan,nan,nan,nan,0.4791234764541337,0.0,0.0,-0.02132090687024997,0.7812892755768612,-0.16347052201606876,0.16482544805589994,0.07397349365366983,0.0,0.0,-0.6418798823711795,2.009145831735421,0.03513209862746543,-0.04962436313072287,nan,nan,nan,nan,nan,nan,nan,nan,nan,nan,nan,nan,nan,nan,0.9350570675306875,0.0,0.0,-0.8334601016737206,-0.5775779659180129,-0.09506432768007846,-0.14388390040889798,nan,nan,nan,nan,nan,nan,nan,nan,nan,nan,nan,nan,nan,nan,nan,nan,nan,nan,nan,nan,nan,nan,nan,nan,nan,nan,nan,nan,nan,nan,nan,nan,nan,nan,nan,nan,nan,nan,nan,nan,nan,nan,nan,nan,nan,nan,nan,nan,nan,0.016408985179150397
1791062905.1007686,-0.24363369535536716,-0.5345276728065351,1.395046613722601,-0.4224883475406285,2.5398943764969335,0.029378176800121517,0.044217667354507995,0.0,0.0,1.47715135668696,0.6905635542539562,-0.028142385245356533,-0.0014484755565143258,0.4071557463617438,0.0,0.0,0.5971479110548443,1.0914854880538996,0.18820780983607552,0.08051688745528074,nan,nan,nan,nan,nan,nan,nan,0.4700049398657502,0.0,0.0,-0.03687609423459735,0.7965790484512426,-0.17619579799084792,0.1703505879774292,0.004218101630295214,0.0,0.0,-0.6400422617413736,2.0053820576645736,-0.01377921328186656,-0.010531766587692733,nan,nan,nan,nan,nan,nan,nan,nan,nan,nan,nan,nan,nan,nan,0.9350570675306875,0.0,0.0,-0.8421736509382066,-0.5922835138139108,-0.07941808185914348,-0.1515691165855012,nan,nan,nan,nan,nan,nan,nan,nan,nan,nan,nan,nan,nan,nan,nan,nan,nan,nan,nan,nan,nan,nan,nan,nan,nan,nan,nan,nan,nan,nan,nan,nan,nan,nan,nan,nan,nan,nan,nan,nan,nan,nan,nan,nan,nan,nan,nan,nan,nan,0.015066265600147634
1791062905.198663,-0.24332859997342757,-0.532927574095463,1.394873432632651,-0.4021030877056511,2.520825682431603,0.03288620720184308,0.048672350508658105,0.0,0.0,1.4740549016850968,0.6905099069163088,-0.031529374147958464,-0.00010898509546471369,0.4071557463617438,0.0,0.0,0.6157610821142444,1.0997212454443586,0.20326669192191482,0.08687976192562719,nan,nan,nan,nan,nan,nan,nan,0.47478922439395715,0.0,0.0,-0.05580114394693199,0.8149511469803933,-0.17011727448206154,0.16908999745134523,0.12516635853113275,0.0,0.0,-0.6375819793139427,2.001546227212823,0.050079700351276325,-0.05193382773121801,nan,nan,nan,nan,nan,nan,nan,nan,nan,nan,nan,nan,nan,nan,0.9350570675306875,0.0,0.0,-0.8511137251199765,-0.6072795979271226,-0.09265748235389733,-0.1408786664082973,nan,nan,nan,nan,nan,nan,nan,nan,nan,nan,nan,nan,nan,nan,nan,nan,nan,nan,nan,nan,nan,nan,nan,nan,nan,nan,nan,nan,nan,nan,nan,nan,nan,nan,nan,nan,nan,nan,nan,nan,nan,nan,nan,nan,nan,nan,nan,nan,nan,0.0172633660622809
1791062905.2989416,-0.2430703404169166,-0.5313186717211204,1.3948168979428444,-0.38244343526638386,2.5005157208240907,0.03662645332419195,0.037291089722139764,0.0,0.0,1.4707823634234929,0.6907786768613833,-0.029518497844703638,0.016454478424618283,0.4071557463617438,0.0,0.0,0.6347607697181477,1.1080321395021508,0.20295223013988928,0.08404300439099399,nan,nan,nan,nan,nan,nan,nan,0.45792746301080467,0.0,0.0,-0.07320482925121377,0.8319753203780236,-0.1789618726356222,0.17012959557921195,0.08638195979683874,0.0,0.0,-0.6367224897392472,1.9994356278147596,0.027912265323407008,-0.050460558188229906,nan,nan,nan,nan,nan,nan,nan,nan,nan,nan,nan,nan,nan,nan,0.9350570675306875,0.0,0.0,-0.8601548137622691,-0.6215358958596933,-0.0943644030765547,-0.14537996226179703,nan,nan,nan,nan,nan,nan,nan,nan,nan,nan,nan,nan,nan,nan,nan,nan,nan,nan,nan,nan,nan,nan,nan,nan,nan,nan,nan,nan,nan,nan,nan,nan,nan,nan,nan,nan,nan,nan,nan,nan,nan,nan,nan,nan,nan,nan,nan,nan,nan,0.018344816555495216
1791062905.400474,-0.24273147229752917,-0.5294179030283261,1.3948688367192377,-0.36385505587132566,2.479349634738841,0.0405102609657156,0.06874493469882542,0.0,0.0,1.4672212291265352,0.6905979836659841,-0.03650610424305328,-0.0018888014992710668,0.4071557463617438,0.0,0.0,0.6546969834857411,1.1165648907445471,0.2073602306417989,0.07717244040922898,nan,nan,nan,nan,nan,nan,nan,0.45905437051950954,0.0,0.0,-0.0907533354507575,0.8487905114638392,-0.18726202516336546,0.1700345878947795,0.24445458178099294,0.0,0.0,-0.6331352545549755,1.9936074865895022,0.03206612969750331,-0.04703131105096859,nan,nan,nan,nan,nan,nan,nan,nan,nan,nan,nan,nan,nan,nan,0.9350570675306875,0.0,0.0,-0.8691423186316426,-0.6364335033148931,-0.08827289182668685,-0.15932559110181532,nan,nan,nan,nan,nan,nan,nan,nan,nan,nan,nan,nan,nan,nan,nan,nan,nan,nan,nan,nan,nan,nan,nan,nan,nan,nan,nan,nan,nan,nan,nan,nan,nan,nan,nan,nan,nan,nan,nan,nan,nan,nan,nan,nan,nan,nan,nan,nan,nan,0.021492169239227876
1791062905.4991088,-0.24241063301209848,-0.5272263221100736,1.3948951771905491,-0.34573296290224714,2.4576687087194773,0.04464409545230091,0.0757383614788531,0.0,0.0,1.4632289012020208,0.690429289865216,-0.041329947647797446,-0.0009077254487487728,0.4071557463617438,0.0,0.0,0.6743600967795957,1.1250765167199577,0.21188473729833499,0.09113101799979069,nan,nan,nan,nan,nan,nan,nan,0.4515047327432384,0.0,0.0,-0.1083011599038115,0.8656086999623538,-0.18005615105969686,0.17048838636330502,0.09358644901931003,0.0,0.0,-0.6309566009114784,1.9898048541642073,0.027775156304387115,-0.04669885664740577,nan,nan,nan,nan,nan,nan,nan,nan,nan,nan,nan,nan,nan,nan,0.9350570675306875,0.0,0.0,-0.8785913624195375,-0.6512977165833863,-0.10570625062057319,-0.1459279497724023,nan,nan,nan,nan,nan,nan,nan,nan,nan,nan,nan,nan,nan,nan,nan,nan,nan,nan,nan,nan,nan,nan,nan,nan,nan,nan,nan,nan,nan,nan,nan,nan,nan,nan,nan,nan,nan,nan,nan,nan,nan,nan,nan,nan,nan,nan,nan,nan,nan,0.022109693602793547
1791062905.599222,-0.24199750427233882,-0.5247641450587566,1.3948363366032848,-0.32832356138765256,2.435703574872515,0.04895807383265363,0.10687092258841967,0.0,0.0,1.458781700437182,0.6904110766370567,-0.04694142085121102,0.002520713161128747,0.4071557463617438,0.0,0.0,0.6936658126630497,1.133368387223028,0.195052440581227,0.08513002218206422,nan,nan,nan,nan,nan,nan,nan,0.4405783466800971,0.0,0.0,-0.12611207484234413,0.8825692378707247,-0.17615907249674329,0.16906292893434346,0.026631962565854504,0.0,0.0,-0.6283997788933211,1.9852087141922767,0.006847563190224288,-0.029562930455578073,nan,nan,nan,nan,nan,nan,nan,nan,nan,nan,nan,nan,nan,nan,0.9350570675306875,0.0,0.0,-0.8886834809825869,-0.6666664611128301,-0.09023803126011748,-0.1597638896692243,nan,nan,nan,nan,nan,nan,nan,nan,nan,nan,nan,nan,nan,nan,nan,nan,nan,nan,nan,nan,nan,nan,nan,nan,nan,nan,nan,nan,nan,nan,nan,nan,nan,nan,nan,nan,nan,nan,nan,nan,nan,nan,nan,nan,nan,nan,nan,nan,nan,0.02713929190777515
1791062905.69882,-0.2414675991270496,-0.5221754537326574,1.3950874152071648,-0.3114222287405134,2.413686333959064,0.053484605914230834,0.16941594450818503,0.0,0.0,1.4540877358299606,0.6905369806201572,-0.05148783217615141,-0.006015334444082144,0.4071557463617438,0.0,0.0,0.7137832306804911,1.1421269249659785,0.1859880753299139,0.07913693485165718,nan,nan,nan,nan,nan,nan,nan,0.41297699831743323,0.0,0.0,-0.1434022778388031,0.8992156752432984,-0.18815492618601504,0.16451661248075475,0.0218361816740947,0.0,0.0,-0.6262523483159337,1.9814369567894843,0.01372281237372197,-0.027562597238381194,nan,nan,nan,nan,nan,nan,nan,nan,nan,nan,nan,nan,nan,nan,0.9350570675306875,0.0,0.0,-0.898022093774989,-0.6820443407434378,-0.09550091991808532,-0.15355771525387296,nan,nan,nan,nan,nan,nan,nan,nan,nan,nan,nan,nan,nan,nan,nan,nan,nan,nan,nan,nan,nan,nan,nan,nan,nan,nan,nan,nan,nan,nan,nan,nan,nan,nan,nan,nan,nan,nan,nan,nan,nan,nan,nan,nan,nan,nan,nan,nan,nan,0.025599652902301217
1791062905.7985828,-0.24095156603901366,-0.5194685137646352,1.3950505359482466,-0.29527457973530374,2.391832432534164,0.05813502741459567,0.1711367793940685,0.0,0.0,1.4487184590067428,0.690356335011798,-0.055357678364913905,-0.0014224499889083004,0.4071557463617438,0.0,0.0,0.7304049616017881,1.149827989766249,0.20189107724683336,0.0847564917761597,nan,nan,nan,nan,nan,nan,nan,0.42774734890205895,0.0,0.0,-0.16054106366705112,0.9157581607107578,-0.17796086661463337,0.16536631311460442,0.045748297722045105,0.0,0.0,-0.6244437189559766,1.9785628103144268,0.022066191125859436,-0.032244118369870324,nan,nan,nan,nan,nan,nan,nan,nan,nan,nan,nan,nan,nan,nan,0.9350570675306875,0.0,0.0,-0.9077191902493544,-0.6972970628511262,-0.09625846616948239,-0.1519089812296207,nan,nan,nan,nan,nan,nan,nan,nan,nan,nan,nan,nan,nan,nan,nan,nan,nan,nan,nan,nan,nan,nan,nan,nan,nan,nan,nan,nan,nan,nan,nan,nan,nan,nan,nan,nan,nan,nan,nan,nan,nan,nan,nan,nan,nan,nan,nan,nan,nan,0.0285049918216487
1791062905.8998506,-0.240445017724727,-0.5166103475813691,1.3951887322531291,-0.2799652726525856,2.370266232866601,0.06284922467839478,0.18474388791517313,0.0,0.0,1.443036384670672,0.6905705775516503,-0.05291968435755871,0.0007577708609981886,0.4071557463617438,0.0,0.0,0.749564389871762,1.1580553521982,0.17063734809618944,0.07445967493300255,nan,nan,nan,nan,nan,nan,nan,0.4333364239250026,0.0,0.0,-0.177396879954618,0.932495606003798,-0.16905045464843904,0.16768129149855054,0.07076110068791573,0.0,0.0,-0.6231051676957384,1.9759061611441562,0.018538824421215763,-0.03457511428381206,nan,nan,nan,nan,nan,nan,nan,nan,nan,nan,nan,nan,nan,nan,0.9350570675306875,0.0,0.0,-0.9167843879533247,-0.7125582119577105,-0.08740579447147513,-0.1554300963002425,nan,nan,nan,nan,nan,nan,nan,nan,nan,nan,nan,nan,nan,nan,nan,nan,nan,nan,nan,nan,nan,nan,nan,nan,nan,nan,nan,nan,nan,nan,nan,nan,nan,nan,nan,nan,nan,nan,nan,nan,nan,nan,nan,nan,nan,nan,nan,nan,nan,0.03276294107983953
1791062905.9987392,-0.23991638714112812,-0.513175936723805,1.3950562523971486,-0.2649948980331495,2.349194551148018,0.06775528153740291,0.48335283877335955,0.0,0.0,1.4369249187115374,0.6903078082641275,-0.06743865694206438,-0.004778302034684284,0.4071557463617438,0.0,0.0,0.766949600418801,1.1654396130577087,0.18198817727614677,0.07534493970154693,nan,nan,nan,nan,nan,nan,nan,0.4215962072112607,0.0,0.0,-0.19448719807723486,0.9491681794114996,-0.16764978758883067,0.16647722378802018,0.09662634236820158,0.0,0.0,-0.6211266226057405,1.9725302775592084,0.018449929949360018,-0.03161974574606072,nan,nan,nan,nan,nan,nan,nan,nan,nan,nan,nan,nan,nan,nan,0.9350570675306875,0.0,0.0,-0.9261537876053494,-0.7274959673307506,-0.10125418956693785,-0.1477345325870845,nan,nan,nan,nan,nan,nan,nan,nan,nan,nan,nan,nan,nan,nan,nan,nan,nan,nan,nan,nan,nan,nan,nan,nan,nan,nan,nan,nan,nan,nan,nan,nan,nan,nan,nan,nan,nan,nan,nan,nan,nan,nan,nan,nan,nan,nan,nan,nan,nan,0.03876200601519282
1791062906.0986748,-0.23916981125780784,-0.5091808699974383,1.3952622577173879,-0.25050926347501906,2.3285892240911212,0.0727880947666261,0.310093187801202,0.0,0.0,1.4307873053864497,0.6905239811923255,-0.0585503945814944,0.002711948982647265,0.4071557463617438,0.0,0.0,0.7838567735736612,1.1726581558599865,0.17043364195208027,0.07487901076899839,nan,nan,nan,nan,nan,nan,nan,0.40747746499200327,0.0,0.0,-0.20998617617651877,0.9641195291688012,-0.1738410120363443,0.1677942434925021,0.08170435242639186,0.0,0.0,-0.6194649497750095,1.9695155547358478,0.015948018587307895,-0.030598112528294818,nan,nan,nan,nan,nan,nan,nan,nan,nan,nan,nan,nan,nan,nan,0.9350570675306875,0.0,0.0,-0.9354401058274752,-0.7430280291885153,-0.0852972623494815,-0.15802228270118715,nan,nan,nan,nan,nan,nan,nan,nan,nan,nan,nan,nan,nan,nan,nan,nan,nan,nan,nan,nan,nan,nan,nan,nan,nan,nan,nan,nan,nan,nan,nan,nan,nan,nan,nan,nan,nan,nan,nan,nan,nan,nan,nan,nan,nan,nan,nan,nan,nan,0.039312001327016566
1791062906.1990163,-0.23844813440591903,-0.5052201722722568,1.3948718802857523,-0.3111111249485268,2.312501085213145,0.053571151477585004,1.0519657334315062,0.0,0.0,1.4238563024625561,0.6903355044442716,-0.08112107466983258,-0.01241691010580064,0.4071557463617438,0.0,0.0,0.8019264144257827,1.1803213333909404,0.19968572786648808,0.06900420737879244,nan,nan,nan,nan,nan,nan,nan,0.40870701389446806,0.0,0.0,-0.22882390106928097,0.9825459062457381,-0.17166245710524772,0.16848227003850236,0.12037847845608973,0.0,0.0,-0.6177156932041384,1.966384134716174,0.015265124463549946,-0.03111317239160257,nan,nan,nan,nan,nan,nan,nan,nan,nan,nan,nan,nan,nan,nan,0.9350570675306875,0.0,0.0,-0.9446128425847756,-0.7581424474738075,-0.09690008035557983,-0.1495350210691472,nan,nan,nan,nan,nan,nan,nan,nan,nan,nan,nan,nan,nan,nan,nan,nan,nan,nan,nan,nan,nan,nan,nan,nan,nan,nan,nan,nan,nan,nan,nan,nan,nan,nan,nan,nan,nan,nan,nan,nan,nan,nan,nan,nan,nan,nan,nan,nan,nan,0.04231215330181164
1791062906.2998188,-0.23775711655499143,-0.5007422419603553,1.394863406979724,-0.360000506982345,2.3043362828715526,0.04136006777929866,1.0050746314432237,0.0,0.0,1.415843430788005,0.6906042726549528,-0.09131173369272363,-0.0013282460519374699,0.4071557463617438,0.0,0.0,0.8190852634988468,1.1880616837433948,0.1632879955353811,0.09288367106622902,nan,nan,nan,nan,nan,nan,nan,0.3666242955375602,0.0,0.0,-0.24611253908766828,0.9994558095764541,-0.18071222440862283,0.1649491941024549,0.231380454909204,0.0,0.0,-0.6158711249466845,1.9631361374218792,0.018599967029636816,-0.032221365927201776,nan,nan,nan,nan,nan,nan,nan,nan,nan,nan,nan,nan,nan,nan,0.9350570675306875,0.0,0.0,-0.9538789267647119,-0.7731219688898274,-0.09136166403180632,-0.15171684582025763,nan,nan,nan,nan,nan,nan,nan,nan,nan,nan,nan,nan,nan,nan,nan,nan,nan,nan,nan,nan,nan,nan,nan,nan,nan,nan,nan,nan,nan,nan,nan,nan,nan,nan,nan,nan,nan,nan,nan,nan,nan,nan,nan,nan,nan,nan,nan,nan,nan,0.048697151892002806
1791062906.3998315,-0.23686406335381613,-0.49637148139740583,1.3956808608694335,-0.3806558721593405,2.301532530152475,0.03698488244549003,0.7763324787671411,0.0,0.0,1.405813263045741,0.690629700556236,-0.11185908335666905,0.009090805065984177,0.4071557463617438,0.0,0.0,0.8378249173350932,1.1958834280446442,0.16568979217669638,0.07199852326405345,nan,nan,nan,nan,nan,nan,nan,0.3887647124930424,0.0,0.0,-0.2633747915253938,1.0159545401048076,-0.17641140502569352,0.16433640974855176,0.066763887391494,0.0,0.0,-0.6142108531065961,1.9602474655112063,0.016455916476232547,-0.026603483619465816,nan,nan,nan,nan,nan,nan,nan,nan,nan,nan,nan,nan,nan,nan,0.9350570675306875,0.0,0.0,-0.9627748797168196,-0.7881613394956625,-0.08882090989691985,-0.15115838027030695,nan,nan,nan,nan,nan,nan,nan,nan,nan,nan,nan,nan,nan,nan,nan,nan,nan,nan,nan,nan,nan,nan,nan,nan,nan,nan,nan,nan,nan,nan,nan,nan,nan,nan,nan,nan,nan,nan,nan,nan,nan,nan,nan,nan,nan,nan,nan,nan,nan,0.04071512363778467
1791062906.4991434,-0.2361320036227718,-0.4921232994550244,1.3956766771385978,-0.4001375797104652,2.3018994159463984,0.033243908521906555,0.7839093845916374,0.0,0.0,1.393787331462329,0.690534127378477,-0.13518562364344894,0.010648110479914057,0.4071557463617438,0.0,0.0,0.854165403490789,1.2032326007788818,0.16791528956379553,0.07941054826089275,nan,nan,nan,nan,nan,nan,nan,0.3594894776923923,0.0,0.0,-0.2806741136198627,1.032180778846675,-0.17383175293563385,0.1562236712221929,0.12802485436397584,0.0,0.0,-0.6125307802640021,1.957213434310916,0.015670058660458036,-0.02679193991168026,nan,nan,nan,nan,nan,nan,nan,nan,nan,nan,nan,nan,nan,nan,0.9350570675306875,0.0,0.0,-0.9719423622018741,-0.8028762796216129,-0.09723385028392464,-0.14363305010959831,nan,nan,nan,nan,nan,nan,nan,nan,nan,nan,nan,nan,nan,nan,nan,nan,nan,nan,nan,nan,nan,nan,nan,nan,nan,nan,nan,nan,nan,nan,nan,nan,nan,nan,nan,nan,nan,nan,nan,nan,nan,nan,nan,nan,nan,nan,nan,nan,nan,0.04708565820392405
1791062906.598811,-0.23530765313916718,-0.4875574526227185,1.3970239979039054,-0.41994588713946107,2.305225720810434,0.029796130324038494,0.8047746766166309,0.0,0.0,1.380163150384775,0.6905196812131257,-0.14892359198458066,0.013608576228847296,0.4071557463617438,0.0,0.0,0.8710076024359985,1.2104612685684502,0.16214637531740764,0.0663275684903975,nan,nan,nan,nan,nan,nan,nan,0.3517640716649852,0.0,0.0,-0.29803454263950274,1.0482465525491622,-0.17888674249133074,0.15782861283275124,0.17229437097838177,0.0,0.0,-0.6109386750708824,1.954363115666892,0.016237438621968033,-0.029819755093220282,nan,nan,nan,nan,nan,nan,nan,nan,nan,nan,nan,nan,nan,nan,0.9350570675306875,0.0,0.0,-0.980974448431909,-0.8180016040263856,-0.0835887326449955,-0.16062552189894988,nan,nan,nan,nan,nan,nan,nan,nan,nan,nan,nan,nan,nan,nan,nan,nan,nan,nan,nan,nan,nan,nan,nan,nan,nan,nan,nan,nan,nan,nan,nan,nan,nan,nan,nan,nan,nan,nan,nan,nan,nan,nan,nan,nan,nan,nan,nan,nan,nan,0.047868929714767056
1791062906.7003832,-0.2343702385605509,-0.48325360504054365,1.3975917222226861,-0.42881035084148894,2.3104804294246417,0.028362209125310445,0.7146522093366422,0.0,0.0,1.3660348468805656,0.6904381460377736,-0.16104510832324867,0.006149393053819596,0.4071557463617438,0.0,0.0,0.8873770307511601,1.217947908427216,0.16735930749417466,0.0780229913090966,nan,nan,nan,nan,nan,nan,nan,0.401263021689988,0.0,0.0,-0.3152630898786218,1.064229755830611,-0.1730384777270891,0.16372810345311922,0.01926353732676329,0.0,0.0,-0.6093122369751408,1.9515166967109399,0.011221531613127205,-0.021984910294010958,nan,nan,nan,nan,nan,nan,nan,nan,nan,nan,nan,nan,nan,nan,0.9350570675306875,0.0,0.0,-0.9900478691559115,-0.8332633666422196,-0.09969219158121509,-0.15269531417007517,nan,nan,nan,nan,nan,nan,nan,nan,nan,nan,nan,nan,nan,nan,nan,nan,nan,nan,nan,nan,nan,nan,nan,nan,nan,nan,nan,nan,nan,nan,nan,nan,nan,nan,nan,nan,nan,nan,nan,nan,nan,nan,nan,nan,nan,nan,nan,nan,nan,0.04029685786634911
1791062906.7994792,-0.2337344728662252,-0.47929750462381016,1.3975269537912154,-0.4402857368394594,2.316905857903415,0.026600610709617015,0.7308670590839504,0.0,0.0,1.3491733436893194,0.6904534409802304,-0.1713991566071575,0.00213397463355254,0.4071557463617438,0.0,0.0,0.9022539044808306,1.2246441466055358,0.1798788307014616,0.0833233893771985,nan,nan,nan,nan,nan,nan,nan,0.401263021689988,0.0,0.0,-0.3308721798131065,1.0789019169965601,-0.1685102453484875,0.16936579019405568,0.05816734981307045,0.0,0.0,-0.6080004395682357,1.9492697716516922,0.01496391669595886,-0.023261820021331713,nan,nan,nan,nan,nan,nan,nan,nan,nan,nan,nan,nan,nan,nan,0.9350570675306875,0.0,0.0,-0.9985336184793573,-0.8473490427168543,-0.10067923900115741,-0.15959998518754465,nan,nan,nan,nan,nan,nan,nan,nan,nan,nan,nan,nan,nan,nan,nan,nan,nan,nan,nan,nan,nan,nan,nan,nan,nan,nan,nan,nan,nan,nan,nan,nan,nan,nan,nan,nan,nan,nan,nan,nan,nan,nan,nan,nan,nan,nan,nan,nan,nan,0.03991231326486808
1791062906.8983974,-0.2330938232735603,-0.4754309446065302,1.3976790304573323,-0.4516291352276503,2.3245723277941646,0.02495960993194826,0.7504876980161144,0.0,0.0,1.328857883357956,0.6904136334389054,-0.18990554076932797,-0.00514876023158624,0.4071557463617438,0.0,0.0,0.9184783852809486,1.232129221211121,0.13606002052013932,0.07817227482081635,nan,nan,nan,nan,nan,nan,nan,0.401263021689988,0.0,0.0,-0.35004247296214397,1.0970259645595177,-0.1700845250655547,0.17210196999282287,0.04473965703166308,0.0,0.0,-0.6067120676689339,1.9470215115867244,0.01105726887569504,-0.020144678372650215,nan,nan,nan,nan,nan,nan,nan,nan,nan,nan,nan,nan,nan,nan,0.9350570675306875,0.0,0.0,-1.0083395125271266,-0.8648466360732778,-0.0894466053527467,-0.1585091884324113,nan,nan,nan,nan,nan,nan,nan,nan,nan,nan,nan,nan,nan,nan,nan,nan,nan,nan,nan,nan,nan,nan,nan,nan,nan,nan,nan,nan,nan,nan,nan,nan,nan,nan,nan,nan,nan,nan,nan,nan,nan,nan,nan,nan,nan,nan,nan,nan,nan,0.040176905544740654
1791062906.997988,-0.2323080484738636,-0.47164382371188446,1.3984180606075287,-0.4558259406546577,2.3328774297498436,0.0243767773153849,0.687127034111069,0.0,0.0,1.3093256881975457,0.6903906831338237,-0.20249727496693953,-0.003652475383052133,0.4071557463617438,0.0,0.0,0.9382002128832576,1.2407092396321913,0.1833259787592401,0.07561448386209316,nan,nan,nan,nan,nan,nan,nan,0.401263021689988,0.0,0.0,-0.36765135279397315,1.1133228169727545,-0.17728832835168726,0.16930158255372685,0.01096803596433226,0.0,0.0,-0.6055123843661628,1.9448607001687488,-0.00888523395274661,-0.002756649749593971,nan,nan,nan,nan,nan,nan,nan,nan,nan,nan,nan,nan,nan,nan,0.9350570675306875,0.0,0.0,-1.0188811317588395,-0.8809928626755272,-0.09822361222437354,-0.1536427663775593,nan,nan,nan,nan,nan,nan,nan,nan,nan,nan,nan,nan,nan,nan,nan,nan,nan,nan,nan,nan,nan,nan,nan,nan,nan,nan,nan,nan,nan,nan,nan,nan,nan,nan,nan,nan,nan,nan,nan,nan,nan,nan,nan,nan,nan,nan,nan,nan,nan,0.034317286689116204
1791062907.0982032,-0.23174593192778759,-0.4684509071594244,1.3980233526967067,-0.4543679071316071,2.340610471229498,0.024577805076359472,0.6340211847420109,0.0,0.0,1.288564763233854,0.6903631201826701,-0.21305473706661343,-0.0001639160869455384,0.4071557463617438,0.0,0.0,0.9535911759748595,1.2474266147887034,0.15988426232037023,0.06967876492763819,nan,nan,nan,nan,nan,nan,nan,0.401263021689988,0.0,0.0,-0.38529851737162946,1.1295058913718616,-0.18058750921923727,0.16505115574065415,0.020933840093850686,0.0,0.0,-0.6043651340540117,1.942756098759043,0.007886915484211587,-0.017005798142962856,nan,nan,nan,nan,nan,nan,nan,nan,nan,nan,nan,nan,nan,nan,0.9350570675306875,0.0,0.0,-1.0274155966546052,-0.8963136810585112,-0.06413698814858425,-0.13672997262271053,nan,nan,nan,nan,nan,nan,nan,nan,nan,nan,nan,nan,nan,nan,nan,nan,nan,nan,nan,nan,nan,nan,nan,nan,nan,nan,nan,nan,nan,nan,nan,nan,nan,nan,nan,nan,nan,nan,nan,nan,nan,nan,nan,nan,nan,nan,nan,nan,nan,0.02977791683278794
1791062907.1984546,-0.23125448281032226,-0.4653254442904091,1.3980399604206728,-0.45173803179689487,2.347253707246422,0.024944323816988856,0.6414882492712973,0.0,0.0,1.2663165185907002,0.6902645805504773,-0.2294442224697658,-0.003189947606914508,0.4071557463617438,0.0,0.0,0.9733903123912571,1.2563544429665727,0.18015526933888074,0.08143681633322229,nan,nan,nan,nan,nan,nan,nan,0.401263021689988,0.0,0.0,-0.40276357056714407,1.145608222813532,-0.17955102146071128,0.16247286654277668,0.025733626130832236,0.0,0.0,-0.603350401984288,1.9413603922078728,0.013062212625390377,-0.01907984400410937,nan,nan,nan,nan,nan,nan,nan,nan,nan,nan,nan,nan,nan,nan,0.9350570675306875,0.0,0.0,-1.0282135723096466,-0.8981046550426678,0.0034876789650961143,-0.0029187969839278337,nan,nan,nan,nan,nan,nan,nan,nan,nan,nan,nan,nan,nan,nan,nan,nan,nan,nan,nan,nan,nan,nan,nan,nan,nan,nan,nan,nan,nan,nan,nan,nan,nan,nan,nan,nan,nan,nan,nan,nan,nan,nan,nan,nan,nan,nan,nan,nan,nan,0.03005695482905954
1791062907.2986116,-0.23069030343667848,-0.46232564374627166,1.3984622726399065,-0.445654292878907,2.352506217038934,0.025811833090443704,0.6015001501319724,0.0,0.0,1.2433880048427244,0.6899461314286564,-0.2433123402271833,0.0031853714850894723,0.4071557463617438,0.0,0.0,0.9901549821638927,1.2640681465563888,0.1762371444994108,0.08024211490493306,nan,nan,nan,nan,nan,nan,nan,0.401263021689988,0.0,0.0,-0.42034091557232306,1.1616038787512475,-0.17741857975391395,0.15737453767942008,0.029050254225927608,0.0,0.0,-0.6021631342269003,1.9393268360838103,0.011377186054268015,-0.020505177468850725,nan,nan,nan,nan,nan,nan,nan,nan,nan,nan,nan,nan,nan,nan,0.9350570675306875,0.0,0.0,-1.0282878320963926,-0.8978827589228596,-0.0002511189356593245,0.0027051508430595023,nan,nan,nan,nan,nan,nan,nan,nan,nan,nan,nan,nan,nan,nan,nan,nan,nan,nan,nan,nan,nan,nan,nan,nan,nan,nan,nan,nan,nan,nan,nan,nan,nan,nan,nan,nan,nan,nan,nan,nan,nan,nan,nan,nan,nan,nan,nan,nan,nan,0.031599580807599746
1791062907.3983934,-0.23010340900356405,-0.4594245298465027,1.3989218174466889,-0.4443282616786841,2.356643832870949,0.02600461172791442,0.6621569929521697,0.0,0.0,1.2197839351763657,0.6896007774491804,-0.24167015135005265,-0.010811498483210818,0.4071557463617438,0.0,0.0,1.0062313328496835,1.2689870933474325,0.19518370436780452,0.08384784826772942,nan,nan,nan,nan,nan,nan,nan,0.401263021689988,0.0,0.0,-0.43801991022041287,1.177500121438956,-0.17536972381096727,0.15373320460496362,0.14685405909681443,0.0,0.0,-0.600706312472782,1.9368198050018421,0.030677324545522005,-0.042782119511985725,nan,nan,nan,nan,nan,nan,nan,nan,nan,nan,nan,nan,nan,nan,0.9350570675306875,0.0,0.0,-1.0281454995865362,-0.898173725542354,0.025989797264559807,-0.009743722031598559,nan,nan,nan,nan,nan,nan,nan,nan,nan,nan,nan,nan,nan,nan,nan,nan,nan,nan,nan,nan,nan,nan,nan,nan,nan,nan,nan,nan,nan,nan,nan,nan,nan,nan,nan,nan,nan,nan,nan,nan,nan,nan,nan,nan,nan,nan,nan,nan,nan,0.02855631572368724
1791062907.4981086,-0.2296353031751472,-0.45677725198048585,1.3985202587463803,-0.4440031148215171,2.3602502973161945,0.026052085747637954,0.6779874444198951,0.0,0.0,1.1963293690036616,0.6892452453333052,-0.24049857114561057,-0.014808006000156136,0.4071557463617438,0.0,0.0,1.0242908233946573,1.278342230723803,0.1583720031890456,0.09507902862156231,nan,nan,nan,nan,nan,nan,nan,0.401263021689988,0.0,0.0,-0.45539216121001913,1.193043782707485,-0.16787069274261227,0.15459618519021454,0.15348041242327592,0.0,0.0,-0.5992335891895394,1.9340297027456657,0.02691335040181509,-0.044715580022754595,nan,nan,nan,nan,nan,nan,nan,nan,nan,nan,nan,nan,nan,nan,0.9350570675306875,0.0,0.0,-1.028384667085578,-0.8980123049869104,0.0009163080888686736,0.00037130614519056146,nan,nan,nan,nan,nan,nan,nan,nan,nan,nan,nan,nan,nan,nan,nan,nan,nan,nan,nan,nan,nan,nan,nan,nan,nan,nan,nan,nan,nan,nan,nan,nan,nan,nan,nan,nan,nan,nan,nan,nan,nan,nan,nan,nan,nan,nan,nan,nan,nan,0.027590960921940934
1791062907.5981827,-0.22924774895121774,-0.4541099122114422,1.398230686794469,-0.43980762571065124,2.3631226311215077,0.026671933024892125,0.5774926938539384,0.0,0.0,1.1730672133638465,0.6891774492231671,-0.22139747230142215,0.007734190753121458,0.4071557463617438,0.0,0.0,1.0417430284681057,1.2858377287316975,0.17384420515756108,0.07874743290733607,nan,nan,nan,nan,nan,nan,nan,0.401263021689988,0.0,0.0,-0.47269746197432705,1.2086128956439872,-0.17246752736194804,0.1523542205100702,0.12703896123636613,0.0,0.0,-0.5965300703954106,1.929258298269765,0.02200705612552853,-0.041841716017221524,nan,nan,nan,nan,nan,nan,nan,nan,nan,nan,nan,nan,nan,nan,0.9350570675306875,0.0,0.0,-1.028404945966541,-0.8980092914607306,-0.0015118259410164508,0.0004953798190114144,nan,nan,nan,nan,nan,nan,nan,nan,nan,nan,nan,nan,nan,nan,nan,nan,nan,nan,nan,nan,nan,nan,nan,nan,nan,nan,nan,nan,nan,nan,nan,nan,nan,nan,nan,nan,nan,nan,nan,nan,nan,nan,nan,nan,nan,nan,nan,nan,nan,0.028871826661405822
1791062907.6984081,-0.22880097163480476,-0.45137526381140514,1.3984146032550393,-0.4426547553317265,2.3656276980866666,0.02624981858842379,0.6728768195917975,0.0,0.0,1.1520855875321494,0.688468648391213,-0.21808123242978986,-0.008931163359216732,0.4071557463617438,0.0,0.0,1.0579843192202523,1.2931434656360203,0.16729432089808938,0.0793643049657531,nan,nan,nan,nan,nan,nan,nan,0.401263021689988,0.0,0.0,-0.4900004663484405,1.2238890888974154,-0.1735689357315514,0.1617662260908813,0.0509744098402315,0.0,0.0,-0.5941993028469438,1.9250885405888296,0.010812944049004276,-0.030294390676245835,nan,nan,nan,nan,nan,nan,nan,nan,nan,nan,nan,nan,nan,nan,0.9350570675306875,0.0,0.0,-1.0284599076806402,-0.8980398648241659,0.00013717138771535757,-0.00029214395374374123,nan,nan,nan,nan,nan,nan,nan,nan,nan,nan,nan,nan,nan,nan,nan,nan,nan,nan,nan,nan,nan,nan,nan,nan,nan,nan,nan,nan,nan,nan,nan,nan,nan,nan,nan,nan,nan,nan,nan,nan,nan,nan,nan,nan,nan,nan,nan,nan,nan,0.029104008937661064
1791062907.7982566,-0.22829128734708173,-0.44844418023744953,1.3985110796759488,-0.44253099105400145,2.3681152143123287,0.0262680380013282,0.6735538331037974,0.0,0.0,1.1263846869781724,0.6877095329879146,-0.23315533137128303,-0.010894570870592337,0.4071557463617438,0.0,0.0,1.0748704789781054,1.3011614530580866,0.1511334177706852,0.09522155579538641,nan,nan,nan,nan,nan,nan,nan,0.401263021689988,0.0,0.0,-0.5070714720369189,1.2391023062129098,-0.1763717076712923,0.15595779696487216,0.023232771186568198,0.0,0.0,-0.5921967389161894,1.921387520316187,0.0034439209607197846,-0.016765880314007248,nan,nan,nan,nan,nan,nan,nan,nan,nan,nan,nan,nan,nan,nan,0.9350570675306875,0.0,0.0,-1.0284303038932276,-0.8980204438552353,-0.0004045917165291566,-0.00034061670629315934,nan,nan,nan,nan,nan,nan,nan,nan,nan,nan,nan,nan,nan,nan,nan,nan,nan,nan,nan,nan,nan,nan,nan,nan,nan,nan,nan,nan,nan,nan,nan,nan,nan,nan,nan,nan,nan,nan,nan,nan,nan,nan,nan,nan,nan,nan,nan,nan,nan,0.029863924480668384
1791062907.8985844,-0.22776922981995418,-0.4457752165982653,1.3986064618189482,-0.4425808907017259,2.3703591941827553,0.026260690830438915,0.7066760727868069,0.0,0.0,1.102782480559193,0.68688940201786,-0.24342474718076768,-0.022964237609376943,0.4071557463617438,0.0,0.0,1.0911478788871545,1.3083043685063285,0.17277446110474864,0.06505192020706099,nan,nan,nan,nan,nan,nan,nan,0.401263021689988,0.0,0.0,-0.5243835475420693,1.25453376955268,-0.1750588493113885,0.15460864703610572,0.03051390863754837,0.0,0.0,-0.5901639375160345,1.9179648839741694,0.013853369443244463,-0.02302050952859934,nan,nan,nan,nan,nan,nan,nan,nan,nan,nan,nan,nan,nan,nan,0.9350570675306875,0.0,0.0,-1.028391811233782,-0.898001917422591,0.0008124579132636959,0.0008108758669606815,nan,nan,nan,nan,nan,nan,nan,nan,nan,nan,nan,nan,nan,nan,nan,nan,nan,nan,nan,nan,nan,nan,nan,nan,nan,nan,nan,nan,nan,nan,nan,nan,nan,nan,nan,nan,nan,nan,nan,nan,nan,nan,nan,nan,nan,nan,nan,nan,nan,0.0263292957730559
1791062907.9990377,-0.22737126682739436,-0.4432339823346059,1.3980540298773603,-0.4366686344476631,2.371882754359021,0.027144618690095348,0.5847137844007005,0.0,0.0,1.0791610153198015,0.6865049448655907,-0.2438936929829872,0.0016948333603327515,0.4071557463617438,0.0,0.0,1.1059151964804024,1.314738876654874,0.17960861062244643,0.06807295851366206,nan,nan,nan,nan,nan,nan,nan,0.401263021689988,0.0,0.0,-0.5418317748643307,1.2698473578469234,-0.16926983010502472,0.14507167498130452,0.043126675902249244,0.0,0.0,-0.5890148196357167,1.9158661000230024,0.016206823883165897,-0.02951375929945275,nan,nan,nan,nan,nan,nan,nan,nan,nan,nan,nan,nan,nan,nan,0.9350570675306875,0.0,0.0,-1.0283897405109321,-0.898023951735186,-0.00023097631246302342,-0.0005601498482476969,nan,nan,nan,nan,nan,nan,nan,nan,nan,nan,nan,nan,nan,nan,nan,nan,nan,nan,nan,nan,nan,nan,nan,nan,nan,nan,nan,nan,nan,nan,nan,nan,nan,nan,nan,nan,nan,nan,nan,nan,nan,nan,nan,nan,nan,nan,nan,nan,nan,0.025361067627522063
1791062908.0986145,-0.22694196209630008,-0.44069227066555017,1.398181909256784,-0.43449753417126274,2.372596171572774,0.02747608607773877,0.647137419213725,0.0,0.0,1.0556263125926713,0.6854643606816164,-0.24232863294728044,-0.009266202910225018,0.4071557463617438,0.0,0.0,1.1237976786505344,1.3228581895376936,0.13361235553105288,0.07381316755793711,nan,nan,nan,nan,nan,nan,nan,0.401263021689988,0.0,0.0,-0.5591838432398671,1.284817757744943,-0.16771116545910905,0.14290716415119553,0.08311451493516459,0.0,0.0,-0.5871932392619383,1.9125878832564194,0.02170898383600032,-0.0362198121958278,nan,nan,nan,nan,nan,nan,nan,nan,nan,nan,nan,nan,nan,nan,0.9350570675306875,0.0,0.0,-1.0283899716620692,-0.8980286346619103,-0.00015779145799835217,0.0005490848657398382,nan,nan,nan,nan,nan,nan,nan,nan,nan,nan,nan,nan,nan,nan,nan,nan,nan,nan,nan,nan,nan,nan,nan,nan,nan,nan,nan,nan,nan,nan,nan,nan,nan,nan,nan,nan,nan,nan,nan,nan,nan,nan,nan,nan,nan,nan,nan,nan,nan,0.027634093302541452
1791062908.198536,-0.22641943009975407,-0.43804316503210444,1.3990139782596986,-0.43248479511714705,2.372898298002797,0.027786721134838578,0.621840822653509,0.0,0.0,1.032100480811583,0.6848648671054846,-0.23090090883718534,-0.0008725909842814818,0.4071557463617438,0.0,0.0,1.1399758340674364,1.329817546995371,0.16746672118559136,0.06468198493720452,nan,nan,nan,nan,nan,nan,nan,0.401263021689988,0.0,0.0,-0.5755320194976246,1.2992849417767622,-0.15926454360499154,0.15893459014500655,0.1726255855154768,0.0,0.0,-0.5849436969934307,1.9086227366561899,0.02386196132572281,-0.04420286427258528,nan,nan,nan,nan,nan,nan,nan,nan,nan,nan,nan,nan,nan,nan,0.9350570675306875,0.0,0.0,-1.0283828253533136,-0.8980305439071891,-7.586957597727952e-05,0.000162638880229093,nan,nan,nan,nan,nan,nan,nan,nan,nan,nan,nan,nan,nan,nan,nan,nan,nan,nan,nan,nan,nan,nan,nan,nan,nan,nan,nan,nan,nan,nan,nan,nan,nan,nan,nan,nan,nan,nan,nan,nan,nan,nan,nan,nan,nan,nan,nan,nan,nan,0.02903273445356709
1791062908.2992456,-0.22582859464050717,-0.4352269478925092,1.3991192159193075,-0.43268422753178787,2.3730282687092497,0.02775579736440339,0.6604119865064549,0.0,0.0,1.0084462101782898,0.6839684909273185,-0.23213897234962144,-0.010536772966707145,0.4071557463617438,0.0,0.0,1.1536568128258473,1.336125250558127,0.16645363750539924,0.07011643686857905,nan,nan,nan,nan,nan,nan,nan,0.401263021689988,0.0,0.0,-0.591205319780982,1.3134698246780923,-0.16116246488224772,0.14671693224939147,0.14589632867871283,0.0,0.0,-0.5825690859126744,1.9045146916924334,0.03746476829803084,-0.041008027109898204,nan,nan,nan,nan,nan,nan,nan,nan,nan,nan,nan,nan,nan,nan,0.9350570675306875,0.0,0.0,-1.0283895015721403,-0.8980284130918466,-0.00024874362452715926,-0.000801612939751237,nan,nan,nan,nan,nan,nan,nan,nan,nan,nan,nan,nan,nan,nan,nan,nan,nan,nan,nan,nan,nan,nan,nan,nan,nan,nan,nan,nan,nan,nan,nan,nan,nan,nan,nan,nan,nan,nan,nan,nan,nan,nan,nan,nan,nan,nan,nan,nan,nan,0.028583951405903533
1791062908.3990471,-0.2254016550392833,-0.4327132928750427,1.3991062765930105,-0.43034808189898127,2.3729633682230533,0.028120043482682735,0.6317087456498491,0.0,0.0,0.9848271592162089,0.6833816623622406,-0.23470759115707562,-0.006995704773063808,0.4071557463617438,0.0,0.0,1.1700219787819757,1.3432821663548955,0.16115633904689627,0.07543763862435361,nan,nan,nan,nan,nan,nan,nan,0.401263021689988,0.0,0.0,-0.6068703007413874,1.3280202031408699,-0.1529622750924668,0.1405110787033793,0.3410376044221335,0.0,0.0,-0.579704895256247,1.8994583620312433,0.03125367857032296,-0.05525619894965306,nan,nan,nan,nan,nan,nan,nan,nan,nan,nan,nan,nan,nan,nan,0.9350570675306875,0.0,0.0,-1.0283853508899856,-0.8980138495063587,0.0001622647387404999,0.0004982937656895546,nan,nan,nan,nan,nan,nan,nan,nan,nan,nan,nan,nan,nan,nan,nan,nan,nan,nan,nan,nan,nan,nan,nan,nan,nan,nan,nan,nan,nan,nan,nan,nan,nan,nan,nan,nan,nan,nan,nan,nan,nan,nan,nan,nan,nan,nan,nan,nan,nan,0.025229395768648542
1791062908.4986796,-0.2249163185067035,-0.43021123431180214,1.399316788345181,-0.42836890183073306,2.3725521691082605,0.02843208469333356,0.6313565498209925,0.0,0.0,0.9613155342601485,0.6828617135948849,-0.23254545131233806,-0.00739051876604304,0.4071557463617438,0.0,0.0,1.1877965282246863,1.3516731415396595,0.15040473706828253,0.09722803077719844,nan,nan,nan,nan,nan,nan,nan,0.401263021689988,0.0,0.0,-0.6223321874484622,1.3422902183634038,-0.15456001852250648,0.1468208012894211,0.06491997984913661,0.0,0.0,-0.5765882367729667,1.8940663921521081,0.01665034267168177,-0.03495839582029921,nan,nan,nan,nan,nan,nan,nan,nan,nan,nan,nan,nan,nan,nan,0.9350570675306875,0.0,0.0,-1.0283942381265607,-0.8980076723169509,-0.00014549405955466456,-0.00013122698613648556,nan,nan,nan,nan,nan,nan,nan,nan,nan,nan,nan,nan,nan,nan,nan,nan,nan,nan,nan,nan,nan,nan,nan,nan,nan,nan,nan,nan,nan,nan,nan,nan,nan,nan,nan,nan,nan,nan,nan,nan,nan,nan,nan,nan,nan,nan,nan,nan,nan,0.02474338869397147
1791062908.5984414,-0.2245100626431639,-0.42770627453510063,1.399643206923419,-0.4247734134653228,2.371722220273293,0.029007148871954637,0.6184177888640574,0.0,0.0,0.93759714368097,0.6822992482946771,-0.2411283813598147,-0.0030226656331339766,0.4071557463617438,0.0,0.0,1.2037698472875318,1.3585136243166256,0.1310967501936926,0.06615075535710611,nan,nan,nan,nan,nan,nan,nan,0.401263021689988,0.0,0.0,-0.6374326914945035,1.3560596085315622,-0.1543327121619209,0.13929268798364755,0.21690088850151149,0.0,0.0,-0.5736444641704166,1.888816071982585,0.03181650479693983,-0.04715238432665057,nan,nan,nan,nan,nan,nan,nan,nan,nan,nan,nan,nan,nan,nan,0.9350570675306875,0.0,0.0,-1.0283895257739084,-0.8980193174501028,0.0005721588935560787,0.0001377509590557133,nan,nan,nan,nan,nan,nan,nan,nan,nan,nan,nan,nan,nan,nan,nan,nan,nan,nan,nan,nan,nan,nan,nan,nan,nan,nan,nan,nan,nan,nan,nan,nan,nan,nan,nan,nan,nan,nan,nan,nan,nan,nan,nan,nan,nan,nan,nan,nan,nan,0.02727100164422711
1791062908.69876,-0.22406654288387406,-0.4250261086818064,1.3994323527853751,-0.4214459581313771,2.370412034914837,0.029548877705282497,0.6262164175353337,0.0,0.0,0.9140955443165049,0.681632483429231,-0.23466215869192997,0.0007000243760142664,0.4071557463617438,0.0,0.0,1.2185743173347072,1.365537634938642,0.11923704958034698,0.07991543599358636,nan,nan,nan,nan,nan,nan,nan,0.401263021689988,0.0,0.0,-0.6525174548942867,1.3701555966188872,-0.14583355454683086,0.1350692011941137,0.07792541687930672,0.0,0.0,-0.5709379793064897,1.88411670463675,0.017289089938209573,-0.03508929668372217,nan,nan,nan,nan,nan,nan,nan,nan,nan,nan,nan,nan,nan,nan,0.9350570675306875,0.0,0.0,-1.0283852209585065,-0.8980168808189442,0.0008528536907827293,0.00047549078890835657,nan,nan,nan,nan,nan,nan,nan,nan,nan,nan,nan,nan,nan,nan,nan,nan,nan,nan,nan,nan,nan,nan,nan,nan,nan,nan,nan,nan,nan,nan,nan,nan,nan,nan,nan,nan,nan,nan,nan,nan,nan,nan,nan,nan,nan,nan,nan,nan,nan,0.026078206650201375
1791062908.798114,-0.22356410517443234,-0.4223239305468365,1.399236648315242,-0.4169841849071652,2.36859945508658,0.030289893055837225,0.5813364416297251,0.0,0.0,0.8903918719863274,0.6811431561540123,-0.23495381903689902,0.004531965852448414,0.4071557463617438,0.0,0.0,1.2327659254450434,1.3715565881919,0.151489332610654,0.057056127804767195,nan,nan,nan,nan,nan,nan,nan,0.401263021689988,0.0,0.0,-0.6673548550835591,1.3838204439842812,-0.1486444853908626,0.1373373952026734,0.18588775095146648,0.0,0.0,-0.5680503861384429,1.8789973639231854,0.028131335873813168,-0.04741197032992894,nan,nan,nan,nan,nan,nan,nan,nan,nan,nan,nan,nan,nan,nan,0.9350570675306875,0.0,0.0,-1.0253801615141243,-0.8981951974275508,0.014253119658622443,-0.0006175756117946094,nan,nan,nan,nan,nan,nan,nan,nan,nan,nan,nan,nan,nan,nan,nan,nan,nan,nan,nan,nan,nan,nan,nan,nan,nan,nan,nan,nan,nan,nan,nan,nan,nan,nan,nan,nan,nan,nan,nan,nan,nan,nan,nan,nan,nan,nan,nan,nan,nan,0.024741566694931657
1791062908.899001,-0.2231258212326926,-0.41997846868313815,1.3993078436193187,-0.4175507193558786,2.366662403384169,0.030194865329253598,0.6700255884330548,0.0,0.0,0.8668337871361297,0.6804487441972942,-0.22462674690299247,-0.01666348281020322,0.4071557463617438,0.0,0.0,1.2451378466213958,1.3773852133736146,0.17372660698740422,0.0600111860210471,nan,nan,nan,nan,nan,nan,nan,0.401263021689988,0.0,0.0,-0.6817894938613909,1.3970250958989774,-0.14969539460223874,0.13413436110952404,0.26310824125885474,0.0,0.0,-0.5652905475541217,1.8741513043370945,0.03147229754401362,-0.053122372778432216,nan,nan,nan,nan,nan,nan,nan,nan,nan,nan,nan,nan,nan,nan,0.9350570675306875,0.0,0.0,-1.0253652479918043,-0.8981963221767909,0.0003468441552565421,-7.419457889818818e-05,nan,nan,nan,nan,nan,nan,nan,nan,nan,nan,nan,nan,nan,nan,nan,nan,nan,nan,nan,nan,nan,nan,nan,nan,nan,nan,nan,nan,nan,nan,nan,nan,nan,nan,nan,nan,nan,nan,nan,nan,nan,nan,nan,nan,nan,nan,nan,nan,nan,0.023074940002107646
1791062908.9995663,-0.2226541609520014,-0.41757761283704736,1.3994196443809561,-0.4136270463524954,2.364631993186465,0.030858657258414593,0.6066770172528188,0.0,0.0,0.8430425665199044,0.6801466277014097,-0.2382464021820818,-0.002967494057500972,0.4071557463617438,0.0,0.0,1.2615316487436092,1.3849130162410517,0.13833426917570282,0.06775347702245485,nan,nan,nan,nan,nan,nan,nan,0.401263021689988,0.0,0.0,-0.696773388896465,1.4102068505856789,-0.14829953115274294,0.1284981507597767,0.5744182002989224,0.0,0.0,-0.5623049853887812,1.8687087601417003,0.03491520279573587,-0.06296695491343024,nan,nan,nan,nan,nan,nan,nan,nan,nan,nan,nan,nan,nan,nan,0.9350570675306875,0.0,0.0,-1.0253500176412014,-0.8982091061488671,-0.0002573402063434933,-0.0008449956509874463,nan,nan,nan,nan,nan,nan,nan,nan,nan,nan,nan,nan,nan,nan,nan,nan,nan,nan,nan,nan,nan,nan,nan,nan,nan,nan,nan,nan,nan,nan,nan,nan,nan,nan,nan,nan,nan,nan,nan,nan,nan,nan,nan,nan,nan,nan,nan,nan,nan,0.023524254037006358
1791062909.100201,-0.22224707503171467,-0.4151418584066587,1.3994915018734306,-0.44879663966410116,2.3654375657887785,0.025360299215446736,0.6242094628475283,0.0,0.0,0.819246108641182,0.679957412244887,-0.24750777797628368,-0.00686127707392964,0.4071557463617438,0.0,0.0,1.2781857583851937,1.3925007324301657,0.18701614304902814,0.0735923548719956,nan,nan,nan,nan,nan,nan,nan,0.401263021689988,0.0,0.0,-0.7120307034985492,1.4232226784041278,-0.15078676524605256,0.12876337537655744,0.8614344608000126,0.0,0.0,-0.5582149504330344,1.8618476158138615,0.056454940764065445,-0.08855187229466488,nan,nan,nan,nan,nan,nan,nan,nan,nan,nan,nan,nan,nan,nan,0.9350570675306875,0.0,0.0,-1.0253496946945957,-0.898206413377681,0.0004199055925029893,-0.00010234503526530955,nan,nan,nan,nan,nan,nan,nan,nan,nan,nan,nan,nan,nan,nan,nan,nan,nan,nan,nan,nan,nan,nan,nan,nan,nan,nan,nan,nan,nan,nan,nan,nan,nan,nan,nan,nan,nan,nan,nan,nan,nan,nan,nan,nan,nan,nan,nan,nan,nan,0.025628316498291358
1791062909.1988125,-0.22179070051240637,-0.41260543901706337,1.3997278148283872,-0.48546616517580676,2.3723211919873237,0.020609830202020785,0.6028847219680452,0.0,0.0,0.7959747857817052,0.6800659701831764,-0.22095643632113235,0.006917670013620785,0.4071557463617438,0.0,0.0,1.2927663962761642,1.3992252634734834,0.21015875854760976,0.05524208618250158,nan,nan,nan,nan,nan,nan,nan,0.401263021689988,0.0,0.0,-0.7265431411199472,1.4359783589213206,-0.13902604759882578,0.12167300003971618,0.9262816275911322,0.0,0.0,-0.5540775032633652,1.8542424905389407,0.05492120038123675,-0.10086623099706304,nan,nan,nan,nan,nan,nan,nan,nan,nan,nan,nan,nan,nan,nan,0.9350570675306875,0.0,0.0,-1.0253766189708613,-0.8982063901567794,-0.00043153108899389344,-0.00011651489220553946,nan,nan,nan,nan,nan,nan,nan,nan,nan,nan,nan,nan,nan,nan,nan,nan,nan,nan,nan,nan,nan,nan,nan,nan,nan,nan,nan,nan,nan,nan,nan,nan,nan,nan,nan,nan,nan,nan,nan,nan,nan,nan,nan,nan,nan,nan,nan,nan,nan,0.02657106964405936
1791062909.3000615,-0.22130325301396794,-0.41001174427283615,1.399819512698821,-0.5170446070897272,2.38482370728998,0.017205525504545637,0.5969405652543922,0.0,0.0,0.7720627727932108,0.679912533068276,-0.24569704533486725,-0.000194372093898739,0.4071557463617438,0.0,0.0,1.3098427646142856,1.406604082628901,0.21582486073023202,0.09260490777700159,nan,nan,nan,nan,nan,nan,nan,0.401263021689988,0.0,0.0,-0.7391870714310211,1.4473959917930181,-0.14044862396251448,0.1272476109527523,0.9034653423545913,0.0,0.0,-0.5481962508710533,1.843974925800056,0.05999488027751523,-0.10880231949005117,nan,nan,nan,nan,nan,nan,nan,nan,nan,nan,nan,nan,nan,nan,0.9350570675306875,0.0,0.0,-1.0253654449835454,-0.8982078218288009,-5.5904155557530844e-05,-0.00017722082808743428,nan,nan,nan,nan,nan,nan,nan,nan,nan,nan,nan,nan,nan,nan,nan,nan,nan,nan,nan,nan,nan,nan,nan,nan,nan,nan,nan,nan,nan,nan,nan,nan,nan,nan,nan,nan,nan,nan,nan,nan,nan,nan,nan,nan,nan,nan,nan,nan,nan,0.024672097801871348
1791062909.3985877,-0.22085053389946424,-0.40779920017145743,1.399804360168446,-0.5180751359399812,2.3991741865959533,0.017104003960774584,0.5213500208156853,0.0,0.0,0.7490947094456945,0.6800972336217145,-0.20704372587854397,0.0192995142977945,0.4071557463617438,0.0,0.0,1.3284047232826537,1.415910424690173,0.13003349260999963,0.09065130076780517,nan,nan,nan,nan,nan,nan,nan,0.401263021689988,0.0,0.0,-0.7544136073399497,1.4591422455750824,-0.13006355783271908,0.13695468932555577,0.5226219178673069,0.0,0.0,-0.5407228395956485,1.8387481221338153,0.06834646830326603,-0.06613444034023443,nan,nan,nan,nan,nan,nan,nan,nan,nan,nan,nan,nan,nan,nan,0.9350570675306875,0.0,0.0,-1.0284046434599814,-0.8980259814593702,-0.057661362991060894,0.0034137932280208635,nan,nan,nan,nan,nan,nan,nan,nan,nan,nan,nan,nan,nan,nan,nan,nan,nan,nan,nan,nan,nan,nan,nan,nan,nan,nan,nan,nan,nan,nan,nan,nan,nan,nan,nan,nan,nan,nan,nan,nan,nan,nan,nan,nan,nan,nan,nan,nan,nan,0.02149954334551728
1791062909.499152,-0.22057585522089912,-0.40567972680618203,1.3994723425319056,-0.5548839359249321,2.4161020208630535,0.01383178826557483,0.5934518431358167,0.0,0.0,0.725207720244773,0.6800895823440166,-0.25651234104399,-0.0032090026817606547,0.4071557463617438,0.0,0.0,1.3489578291519901,1.4249338188549232,0.2008810857432531,0.07529158468222948,nan,nan,nan,nan,nan,nan,nan,0.401263021689988,0.0,0.0,-0.7677945643845658,1.4718556707820727,-0.1365641762027055,0.11963642025794506,1.0093711088941728,0.0,0.0,-0.5348917601076206,1.8266941282998934,0.041605226447415836,-0.11302352011790878,nan,nan,nan,nan,nan,nan,nan,nan,nan,nan,nan,nan,nan,nan,0.9350570675306875,0.0,0.0,-1.0283923806866189,-0.8980244145982477,0.0005754000055655428,-0.0006262448287102226,nan,nan,nan,nan,nan,nan,nan,nan,nan,nan,nan,nan,nan,nan,nan,nan,nan,nan,nan,nan,nan,nan,nan,nan,nan,nan,nan,nan,nan,nan,nan,nan,nan,nan,nan,nan,nan,nan,nan,nan,nan,nan,nan,nan,nan,nan,nan,nan,nan,0.021249408834419024
1791062909.598923,-0.2202357798126562,-0.40359836987790526,1.3991125055564286,-0.5859896315686147,2.438558876834728,0.01154485537746135,0.5585866346677857,0.0,0.0,0.702661797778356,0.6804593518553619,-0.18690067748888664,0.010496791830365152,0.4071557463617438,0.0,0.0,1.364569310994428,1.432388930984749,0.17517111828934645,0.0646494675200184,nan,nan,nan,nan,nan,nan,nan,0.401263021689988,0.0,0.0,-0.781746693365364,1.4843858329039779,-0.13624049206743055,0.12442376700144685,0.9847962302982561,0.0,0.0,-0.5290333022134758,1.8152280038102622,0.0531309611266175,-0.13423874747441883,nan,nan,nan,nan,nan,nan,nan,nan,nan,nan,nan,nan,nan,nan,0.9350570675306875,0.0,0.0,-1.028392496362294,-0.8980156868380552,-0.00026416311274493284,0.0003566583666657387,nan,nan,nan,nan,nan,nan,nan,nan,nan,nan,nan,nan,nan,nan,nan,nan,nan,nan,nan,nan,nan,nan,nan,nan,nan,nan,nan,nan,nan,nan,nan,nan,nan,nan,nan,nan,nan,nan,nan,nan,nan,nan,nan,nan,nan,nan,nan,nan,nan,0.020591189480966235
1791062909.698717,-0.21993322212087682,-0.40159984430150014,1.398951146444723,-0.6079041007585776,2.464719377162352,0.010158548000300938,0.5681191229734065,0.0,0.0,0.6790852542149519,0.680697760907859,-0.20666675060973722,0.0066683318812566575,0.4071557463617438,0.0,0.0,1.3824284254720793,1.4407870838880361,0.18535087214439372,0.07499632131720943,nan,nan,nan,nan,nan,nan,nan,0.401263021689988,0.0,0.0,-0.7952518053136155,1.496525171290539,-0.13457071320266206,0.11871477377364228,0.8908172436984266,0.0,0.0,-0.5218760170304876,1.8018378635548855,0.0689321348124604,-0.13347669511600618,nan,nan,nan,nan,nan,nan,nan,nan,nan,nan,nan,nan,nan,nan,0.9350570675306875,0.0,0.0,-1.0283797925430078,-0.8980159488626571,0.001180856550735133,-0.0001626930492719088,nan,nan,nan,nan,nan,nan,nan,nan,nan,nan,nan,nan,nan,nan,nan,nan,nan,nan,nan,nan,nan,nan,nan,nan,nan,nan,nan,nan,nan,nan,nan,nan,nan,nan,nan,nan,nan,nan,nan,nan,nan,nan,nan,nan,nan,nan,nan,nan,nan,0.020344169175249286
1791062909.7991128,-0.21957365063323747,-0.3996049271969584,1.3991836045398758,-0.6289061564595911,2.4933615312183584,0.008982826100090203,0.5357610130670193,0.0,0.0,0.6562479635830053,0.6811052354194781,-0.19873824589154115,0.014784697554489325,0.4071557463617438,0.0,0.0,1.398245243173499,1.4477760160252058,0.16024553477726472,0.0703644897918504,nan,nan,nan,nan,nan,nan,nan,0.401263021689988,0.0,0.0,-0.8089600013178982,1.508669686593905,-0.14107058226125632,0.11393887831126279,0.9111426107334097,0.0,0.0,-0.5143138987155412,1.7870167300635729,0.06678798806904955,-0.13728315489964235,nan,nan,nan,nan,nan,nan,nan,nan,nan,nan,nan,nan,nan,nan,0.9350570675306875,0.0,0.0,-1.028406379525199,-0.898017275059764,-0.0010577064204597886,-0.00037609394075315136,nan,nan,nan,nan,nan,nan,nan,nan,nan,nan,nan,nan,nan,nan,nan,nan,nan,nan,nan,nan,nan,nan,nan,nan,nan,nan,nan,nan,nan,nan,nan,nan,nan,nan,nan,nan,nan,nan,nan,nan,nan,nan,nan,nan,nan,nan,nan,nan,nan,0.019346391267220764
1791062909.8995593,-0.2191652732016157,-0.3977948132074968,1.3995395637844492,-0.6216558753276467,2.520787334641314,0.009372859705053261,0.5654409485033732,0.0,0.0,0.6336379254542566,0.681436441579145,-0.24088232965286938,0.0019087020927931633,0.4071557463617438,0.0,0.0,1.415188815306277,1.4559005139430503,0.17389221347892483,0.07818465580793751,nan,nan,nan,nan,nan,nan,nan,0.401263021689988,0.0,0.0,-0.8221786935184188,1.5205818577600307,-0.1344661486493138,0.11562200943013143,0.8755787601944127,0.0,0.0,-0.5061543033678838,1.771014629395668,0.08675719354588382,-0.17342788478155352,nan,nan,nan,nan,nan,nan,nan,nan,nan,nan,nan,nan,nan,nan,0.9350570675306875,0.0,0.0,-1.0284121692687183,-0.898049812944166,-0.0008176066473792687,-0.0009847737604996246,nan,nan,nan,nan,nan,nan,nan,nan,nan,nan,nan,nan,nan,nan,nan,nan,nan,nan,nan,nan,nan,nan,nan,nan,nan,nan,nan,nan,nan,nan,nan,nan,nan,nan,nan,nan,nan,nan,nan,nan,nan,nan,nan,nan,nan,nan,nan,nan,nan,0.01681667379329488
1791062909.9984758,-0.21887649582753343,-0.3961955446118705,1.3994278144708732,-0.6324979903050231,2.546104977732715,0.00879551954635356,0.5717791109056117,0.0,0.0,0.6107343448891874,0.6817173882837153,-0.26503749448819686,-0.0035189020897846536,0.4071557463617438,0.0,0.0,1.4306902393855256,1.4632377807044077,0.1590234708550673,0.0652562520880409,nan,nan,nan,nan,nan,nan,nan,0.401263021689988,0.0,0.0,-0.8362835481157148,1.5318924449683933,-0.14537000098868666,0.12249411911008366,0.9262757946418946,0.0,0.0,-0.4976425502869838,1.754582002070458,0.06925266936799868,-0.15887453870382745,nan,nan,nan,nan,nan,nan,nan,nan,nan,nan,nan,nan,nan,nan,0.9350570675306875,0.0,0.0,-1.0283830265050888,-0.8980375268974938,0.00028555943433350076,0.0007550064600366517,nan,nan,nan,nan,nan,nan,nan,nan,nan,nan,nan,nan,nan,nan,nan,nan,nan,nan,nan,nan,nan,nan,nan,nan,nan,nan,nan,nan,nan,nan,nan,nan,nan,nan,nan,nan,nan,nan,nan,nan,nan,nan,nan,nan,nan,nan,nan,nan,nan,0.014828897855039208
1791062910.0989468,-0.21868362711203232,-0.394844410399224,1.3989078381458635,-0.6188662708526198,2.568578934805268,0.00952729134757504,0.5339988059058176,0.0,0.0,0.5875478599981749,0.6821497757805939,-0.1973457796098585,0.01113991917467213,0.4071557463617438,0.0,0.0,1.4474437090180854,1.4712636735541398,0.19447405440568422,0.08009326239277423,nan,nan,nan,nan,nan,nan,nan,0.401263021689988,0.0,0.0,-0.8499596810332529,1.5438290755134692,-0.1410357530714419,0.12776617038186516,0.8654346021138696,0.0,0.0,-0.4882635426603891,1.735927516282451,0.08923822965508045,-0.17952755599999848,nan,nan,nan,nan,nan,nan,nan,nan,nan,nan,nan,nan,nan,nan,0.9350570675306875,0.0,0.0,-1.0283993685859032,-0.8980348247711635,-0.0013319436127972074,-2.25091679561696e-05,nan,nan,nan,nan,nan,nan,nan,nan,nan,nan,nan,nan,nan,nan,nan,nan,nan,nan,nan,nan,nan,nan,nan,nan,nan,nan,nan,nan,nan,nan,nan,nan,nan,nan,nan,nan,nan,nan,nan,nan,nan,nan,nan,nan,nan,nan,nan,nan,nan,0.0144537800099733
1791062910.198217,-0.21846951928418593,-0.3935483970573147,1.3990835198436542,-0.6107472786924258,2.5863756729692566,0.00999101418234365,0.5368759275187576,0.0,0.0,0.5641672294447772,0.6826700697526705,-0.21779968854272638,0.00860509626973196,0.4071557463617438,0.0,0.0,1.4634043502769032,1.478785008148789,0.1849498475750056,0.06517753291418465,nan,nan,nan,nan,nan,nan,nan,0.401263021689988,0.0,0.0,-0.8642486114136501,1.556126583569178,-0.14256875894819965,0.12043790835360138,0.9232857644821097,0.0,0.0,-0.4795654466031986,1.7188482073943903,0.07649614370540916,-0.17834676660854742,nan,nan,nan,nan,nan,nan,nan,nan,nan,nan,nan,nan,nan,nan,0.9350570675306875,0.0,0.0,-1.028407439749623,-0.8980293107082179,-0.00026415784011022607,0.0005068738525878184,nan,nan,nan,nan,nan,nan,nan,nan,nan,nan,nan,nan,nan,nan,nan,nan,nan,nan,nan,nan,nan,nan,nan,nan,nan,nan,nan,nan,nan,nan,nan,nan,nan,nan,nan,nan,nan,nan,nan,nan,nan,nan,nan,nan,nan,nan,nan,nan,nan,0.01302544226929697
1791062910.2985983,-0.21822846695365242,-0.39227055366426733,1.3992284048084083,-0.59096631793752,2.5992143841374458,0.011214742924044164,0.5427940321211611,0.0,0.0,0.5413874059573399,0.6834008562059776,-0.228815613234143,0.005534804028765062,0.4071557463617438,0.0,0.0,1.4808924278892068,1.4868829498819043,0.1876791958445551,0.08279327509938397,nan,nan,nan,nan,nan,nan,nan,0.401263021689988,0.0,0.0,-0.8780885716930871,1.5685577105844186,-0.136181812553898,0.1253478210255103,0.668475017619498,0.0,0.0,-0.4695353720039816,1.6999094843667575,0.1292570578257736,-0.18931849582198262,nan,nan,nan,nan,nan,nan,nan,nan,nan,nan,nan,nan,nan,nan,0.9350570675306875,0.0,0.0,-1.028392764939257,-0.8980235366860465,0.00012261776568688143,-0.0002963142731397349,nan,nan,nan,nan,nan,nan,nan,nan,nan,nan,nan,nan,nan,nan,nan,nan,nan,nan,nan,nan,nan,nan,nan,nan,nan,nan,nan,nan,nan,nan,nan,nan,nan,nan,nan,nan,nan,nan,nan,nan,nan,nan,nan,nan,nan,nan,nan,nan,nan,0.012406511075977239
1791062910.3987215,-0.2179860027072156,-0.3910207891602654,1.3993726010858871,-0.5706258749051216,2.606322042955452,0.012624498618437863,0.5339309213677279,0.0,0.0,0.5178106007536376,0.6841013708660595,-0.242846142034792,0.009293745203700705,0.4071557463617438,0.0,0.0,1.4981255057237401,1.4949581218587902,0.17125045776550943,0.06469091356164276,nan,nan,nan,nan,nan,nan,nan,0.401263021689988,0.0,0.0,-0.8913024993400889,1.5805330188476994,-0.13878690149261863,0.1264662909278559,0.7819824618531668,0.0,0.0,-0.4607921537803926,1.6819881588470214,0.11900419720969821,-0.20822655407949636,nan,nan,nan,nan,nan,nan,nan,nan,nan,nan,nan,nan,nan,nan,0.9350570675306875,0.0,0.0,-1.0283995383260196,-0.8980062919001338,-0.0007284431768020917,0.00034493337483604904,nan,nan,nan,nan,nan,nan,nan,nan,nan,nan,nan,nan,nan,nan,nan,nan,nan,nan,nan,nan,nan,nan,nan,nan,nan,nan,nan,nan,nan,nan,nan,nan,nan,nan,nan,nan,nan,nan,nan,nan,nan,nan,nan,nan,nan,nan,nan,nan,nan,0.013112660622045984
1791062910.4978797,-0.21779068565143825,-0.389762581178775,1.399247958730992,-0.5577760438384781,2.609163378173075,0.013601931971341097,0.5236193533644918,0.0,0.0,0.4943278353407878,0.6848893616693075,-0.24958996618113266,0.01336960257025785,0.4071557463617438,0.0,0.0,1.5160532070185873,1.5036102882129359,0.1910483095584329,0.08458701115863004,nan,nan,nan,nan,nan,nan,nan,0.401263021689988,0.0,0.0,-0.9047428752621022,1.592735106247932,-0.13601317823655681,0.13024986558880663,0.8677954179734019,0.0,0.0,-0.4508729296373137,1.6625628732474174,0.09110763794188564,-0.1868292227257034,nan,nan,nan,nan,nan,nan,nan,nan,nan,nan,nan,nan,nan,nan,0.9350570675306875,0.0,0.0,-1.0283860761996158,-0.8980028061145803,4.497456438020688e-05,-0.000501144357393799,nan,nan,nan,nan,nan,nan,nan,nan,nan,nan,nan,nan,nan,nan,nan,nan,nan,nan,nan,nan,nan,nan,nan,nan,nan,nan,nan,nan,nan,nan,nan,nan,nan,nan,nan,nan,nan,nan,nan,nan,nan,nan,nan,nan,nan,nan,nan,nan,nan,0.012850731134297312
1791062910.5985963,-0.2175524015992373,-0.38838069519538876,1.3993313374142635,-0.554610447265141,2.610059795862248,0.013853717180636639,0.5434073974424839,0.0,0.0,0.4708897970709666,0.6857662219976448,-0.24222849245649947,0.010991489285953362,0.4071557463617438,0.0,0.0,1.5330201945696718,1.5117927971823053,0.17245179967810195,0.08166289668661236,nan,nan,nan,nan,nan,nan,nan,0.401263021689988,0.0,0.0,-0.9181851693475335,1.6049061845000878,-0.12833610942570015,0.10908274868923029,0.8828669055879476,0.0,0.0,-0.4409419113470893,1.642846990980487,0.08497470535540992,-0.17465120847036636,nan,nan,nan,nan,nan,nan,nan,nan,nan,nan,nan,nan,nan,nan,0.9350570675306875,0.0,0.0,-1.0283956227061883,-0.8979995343823658,-0.0005659020142826667,-0.000622993951661433,nan,nan,nan,nan,nan,nan,nan,nan,nan,nan,nan,nan,nan,nan,nan,nan,nan,nan,nan,nan,nan,nan,nan,nan,nan,nan,nan,nan,nan,nan,nan,nan,nan,nan,nan,nan,nan,nan,nan,nan,nan,nan,nan,nan,nan,nan,nan,nan,nan,0.01547307532414273
1791062910.6991017,-0.2172841847134625,-0.38694120102102714,1.3994606455795162,-0.5511507119072951,2.610170972240762,0.014134036066532319,0.5401704302132103,0.0,0.0,0.44808415951279096,0.6866897849747611,-0.2315912675162747,0.007955335772451373,0.4071557463617438,0.0,0.0,1.5513446689739039,1.5208406661288982,0.18825374358838062,0.08272739057551177,nan,nan,nan,nan,nan,nan,nan,0.401263021689988,0.0,0.0,-0.9320728828561085,1.6171988663871448,-0.12890344700736575,0.11289696867539133,0.887270648789555,0.0,0.0,-0.4334054833143663,1.6275843357485782,0.08289442412375761,-0.17357071868396085,nan,nan,nan,nan,nan,nan,nan,nan,nan,nan,nan,nan,nan,nan,0.9350570675306875,0.0,0.0,-1.0284037627104994,-0.8980046353159945,-0.0006271468952772108,-0.0004273095114690563,nan,nan,nan,nan,nan,nan,nan,nan,nan,nan,nan,nan,nan,nan,nan,nan,nan,nan,nan,nan,nan,nan,nan,nan,nan,nan,nan,nan,nan,nan,nan,nan,nan,nan,nan,nan,nan,nan,nan,nan,nan,nan,nan,nan,nan,nan,nan,nan,nan,0.014137215602371018
1791062910.799193,-0.21694668321420674,-0.38541176370287095,1.3996901964222024,-0.5610017572035734,2.6109937568474075,0.013349909191564202,0.5444152636902225,0.0,0.0,0.4237791254774075,0.6876637828340104,-0.22980459937772835,0.006654802217076724,0.4071557463617438,0.0,0.0,1.5663279941745618,1.5282133951177124,0.18286181655909162,0.06911180536547377,nan,nan,nan,nan,nan,nan,nan,0.401263021689988,0.0,0.0,-0.9447564830090742,1.6285521506947507,-0.11878909510215102,0.10954454219544794,0.8278289778966379,0.0,0.0,-0.4246061439876745,1.6099815109137696,0.0840181169695805,-0.1524611637689176,nan,nan,nan,nan,nan,nan,nan,nan,nan,nan,nan,nan,nan,nan,0.9350570675306875,0.0,0.0,-1.0283900454632349,-0.8980035781195721,-0.000894892141156803,0.00035389055088321295,nan,nan,nan,nan,nan,nan,nan,nan,nan,nan,nan,nan,nan,nan,nan,nan,nan,nan,nan,nan,nan,nan,nan,nan,nan,nan,nan,nan,nan,nan,nan,nan,nan,nan,nan,nan,nan,nan,nan,nan,nan,nan,nan,nan,nan,nan,nan,nan,nan,0.014543874696943805
1791062910.8995192,-0.2167210992675614,-0.3841075459751542,1.399620347849664,-0.58962171008152,2.615960791751908,0.011303018475495752,0.5280692311953166,0.0,0.0,0.40248720834901536,0.6885035480893219,-0.23472287618896415,0.01291082974663783,0.4071557463617438,0.0,0.0,1.5855665661863194,1.5377707090484762,0.18145322854610071,0.08535410637671145,nan,nan,nan,nan,nan,nan,nan,0.401263021689988,0.0,0.0,-0.9576903307844941,1.6399026318225935,-0.13287825449356394,0.11095720725206433,0.9366835223521857,0.0,0.0,-0.417509462092882,1.5956014041768656,0.056354624152463166,-0.1320375103150775,nan,nan,nan,nan,nan,nan,nan,nan,nan,nan,nan,nan,nan,nan,0.9350570675306875,0.0,0.0,-1.028393720919469,-0.8980098752621997,-0.00025174409798439136,3.375143975257217e-05,nan,nan,nan,nan,nan,nan,nan,nan,nan,nan,nan,nan,nan,nan,nan,nan,nan,nan,nan,nan,nan,nan,nan,nan,nan,nan,nan,nan,nan,nan,nan,nan,nan,nan,nan,nan,nan,nan,nan,nan,nan,nan,nan,nan,nan,nan,nan,nan,nan,0.013653343965096069
1791062910.9982588,-0.21648501394085448,-0.38285997534448285,1.3993557254367401,-0.5902262277062086,2.6235706824369744,0.011263247807299504,0.5222457996974211,0.0,0.0,0.37888264961635426,0.6893627555882352,-0.23999139499788028,0.013533467066290106,0.4071557463617438,0.0,0.0,1.6016910953301666,1.5459315520643133,0.18911288329873388,0.06932251633956579,nan,nan,nan,nan,nan,nan,nan,0.401263021689988,0.0,0.0,-0.9703162871802445,1.6510613635837035,-0.13410603304320626,0.11468197951644019,0.8326495247290157,0.0,0.0,-0.4095986588743075,1.5801815816742462,0.08296883980187642,-0.15624769757777107,nan,nan,nan,nan,nan,nan,nan,nan,nan,nan,nan,nan,nan,nan,0.9350570675306875,0.0,0.0,-1.0283724522492652,-0.8980098229641231,2.6994900379167266e-05,-0.00021166517721122281,nan,nan,nan,nan,nan,nan,nan,nan,nan,nan,nan,nan,nan,nan,nan,nan,nan,nan,nan,nan,nan,nan,nan,nan,nan,nan,nan,nan,nan,nan,nan,nan,nan,nan,nan,nan,nan,nan,nan,nan,nan,nan,nan,nan,nan,nan,nan,nan,nan,0.011293970493796398
1791062911.1011655,-0.2162966922894744,-0.38161397669449487,1.399276933820982,-0.6047677058281749,2.632232450225051,0.010346533758544952,0.4961013157023052,0.0,0.0,0.3532102236199005,0.6900499419586941,-0.24425368228508365,-0.004030511515811101,0.4071557463617438,0.0,0.0,1.6192845401642526,1.5549548189666467,0.18605179184113613,0.09359665440700832,nan,nan,nan,nan,nan,nan,nan,0.401263021689988,0.0,0.0,-0.9830740908583522,1.6625156054847594,-0.12657061283214086,0.11331540644995777,0.9266168811018682,0.0,0.0,-0.4025955844303679,1.565945041761523,0.06317922048143154,-0.14858392791825786,nan,nan,nan,nan,nan,nan,nan,nan,nan,nan,nan,nan,nan,nan,0.9350570675306875,0.0,0.0,-1.028373704623514,-0.8980174505853964,0.0013626932723234098,-0.000547720203964725,nan,nan,nan,nan,nan,nan,nan,nan,nan,nan,nan,nan,nan,nan,nan,nan,nan,nan,nan,nan,nan,nan,nan,nan,nan,nan,nan,nan,nan,nan,nan,nan,nan,nan,nan,nan,nan,nan,nan,nan,nan,nan,nan,nan,nan,nan,nan,nan,nan,0.01186327802909396
1791062911.199161,-0.21613598981086815,-0.3805316200439188,1.3990426414897614,-0.6144401247106263,2.6427843319936497,0.009777428588856375,0.5374756713799453,0.0,0.0,0.32964769045609577,0.6907521346447599,-0.2491652383536934,0.006228934868083574,0.4071557463617438,0.0,0.0,1.6343993685414602,1.5627744674036634,0.16010999392188388,0.08332225511579745,nan,nan,nan,nan,nan,nan,nan,0.401263021689988,0.0,0.0,-0.9967234109549892,1.6741923587996845,-0.1403667368779825,0.12012144812729532,0.8745404515545417,0.0,0.0,-0.3960218036413409,1.5516500884219664,0.07161512971841075,-0.14868790564577572,nan,nan,nan,nan,nan,nan,nan,nan,nan,nan,nan,nan,nan,nan,0.9350570675306875,0.0,0.0,-1.0283859264382849,-0.8980192458761138,-0.00019831862887694383,9.747466090535625e-05,nan,nan,nan,nan,nan,nan,nan,nan,nan,nan,nan,nan,nan,nan,nan,nan,nan,nan,nan,nan,nan,nan,nan,nan,nan,nan,nan,nan,nan,nan,nan,nan,nan,nan,nan,nan,nan,nan,nan,nan,nan,nan,nan,nan,nan,nan,nan,nan,nan,0.011401852159091595
1791062911.298713,-0.21595111840787148,-0.3793685261143488,1.3988613712815208,-0.6124795185756234,2.653228860214731,0.009890265191654613,0.5309031511929294,0.0,0.0,0.30635038212161253,0.6913862483692607,-0.24692515256023467,0.01009764343113691,0.4071557463617438,0.0,0.0,1.6521803732075264,1.5715267967894997,0.1802818402026799,0.09051973553392809,nan,nan,nan,nan,nan,nan,nan,0.401263021689988,0.0,0.0,-1.0085497383759978,1.6842871545847018,-0.12478458597593153,0.1114655588875508,0.8466984220426196,0.0,0.0,-0.38832255068889915,1.5367412723427645,0.08061424267031754,-0.15660294495201313,nan,nan,nan,nan,nan,nan,nan,nan,nan,nan,nan,nan,nan,nan,0.9350570675306875,0.0,0.0,-1.0283879001823841,-0.8980213684563781,-0.0002664835499143264,-0.00012841501687396712,nan,nan,nan,nan,nan,nan,nan,nan,nan,nan,nan,nan,nan,nan,nan,nan,nan,nan,nan,nan,nan,nan,nan,nan,nan,nan,nan,nan,nan,nan,nan,nan,nan,nan,nan,nan,nan,nan,nan,nan,nan,nan,nan,nan,nan,nan,nan,nan,nan,0.011619123111155264
1791062911.3996618,-0.21577037491253154,-0.37824621848977524,1.3990164633019442,-0.6083119095841207,2.661959191331595,0.01013435090312087,0.5351051723640232,0.0,0.0,0.28561798964057444,0.6919856933480067,-0.23049406806573158,0.007232958752831579,0.4071557463617438,0.0,0.0,1.6692534574933033,1.5799730990347514,0.16112156663018856,0.07362064150807536,nan,nan,nan,nan,nan,nan,nan,0.401263021689988,0.0,0.0,-1.0233999629502304,1.6971103257279327,-0.13442552264937258,0.11311733946410718,0.8590342698858986,0.0,0.0,-0.3804994946187381,1.521327868155481,0.07869696223548167,-0.15822660997308408,nan,nan,nan,nan,nan,nan,nan,nan,nan,nan,nan,nan,nan,nan,0.9350570675306875,0.0,0.0,-1.0283886089204415,-0.8980089305849508,-0.0008871049716553332,0.0002021095775062871,nan,nan,nan,nan,nan,nan,nan,nan,nan,nan,nan,nan,nan,nan,nan,nan,nan,nan,nan,nan,nan,nan,nan,nan,nan,nan,nan,nan,nan,nan,nan,nan,nan,nan,nan,nan,nan,nan,nan,nan,nan,nan,nan,nan,nan,nan,nan,nan,nan,0.010768005178792497
1791062911.5005584,-0.21556401258647198,-0.37708348407866027,1.3989026345412043,-0.595819258122935,2.667908152342761,0.010901675840769577,0.5428290852221451,0.0,0.0,0.2597326237831126,0.6925492278379309,-0.23861661318138488,0.0032579279568534444,0.4071557463617438,0.0,0.0,1.6858555206297166,1.588230701130339,0.1940547217131667,0.07295571683842678,nan,nan,nan,nan,nan,nan,nan,0.401263021689988,0.0,0.0,-1.0358444339753388,1.7089726327103116,-0.1197482356157335,0.11252869023379651,0.8096655814290755,0.0,0.0,-0.3721752391950888,1.505023371823032,0.09106682632243769,-0.16639115461138138,nan,nan,nan,nan,nan,nan,nan,nan,nan,nan,nan,nan,nan,nan,0.9350570675306875,0.0,0.0,-1.0283676015340364,-0.8980196603796814,0.0002374488364609099,-0.00047169099186129414,nan,nan,nan,nan,nan,nan,nan,nan,nan,nan,nan,nan,nan,nan,nan,nan,nan,nan,nan,nan,nan,nan,nan,nan,nan,nan,nan,nan,nan,nan,nan,nan,nan,nan,nan,nan,nan,nan,nan,nan,nan,nan,nan,nan,nan,nan,nan,nan,nan,0.01112156608699793
1791062911.5995538,-0.21536163409765763,-0.37597578007003435,1.3989397768989753,-0.580156574485715,2.6700705673565284,0.011943781602993876,0.5890673643735765,0.0,0.0,0.23832432336979456,0.6929167470170662,-0.24138040777452419,-0.022343345466439575,0.4071557463617438,0.0,0.0,1.7016776428885854,1.5959651842157123,0.15054630122710644,0.06647576515765365,nan,nan,nan,nan,nan,nan,nan,0.401263021689988,0.0,0.0,-1.0493467152006244,1.7203421411553386,-0.106334348458379,0.10753653869582361,0.837892393854632,0.0,0.0,-0.3636525676708365,1.488367547104094,0.08917365365529402,-0.16997736890171278,nan,nan,nan,nan,nan,nan,nan,nan,nan,nan,nan,nan,nan,nan,0.9350570675306875,0.0,0.0,-1.0283742079593383,-0.8980338877449053,0.000744706478802893,-0.0005766334953268345,nan,nan,nan,nan,nan,nan,nan,nan,nan,nan,nan,nan,nan,nan,nan,nan,nan,nan,nan,nan,nan,nan,nan,nan,nan,nan,nan,nan,nan,nan,nan,nan,nan,nan,nan,nan,nan,nan,nan,nan,nan,nan,nan,nan,nan,nan,nan,nan,nan,0.011190388316336312
1791062911.6982033,-0.2151860329970331,-0.37477120168237466,1.398891638421522,-0.5670123091341205,2.668877161024799,0.012892285778414392,0.5284521884537857,0.0,0.0,0.21242504842468687,0.6940209259225387,-0.22716621204545373,0.014108765367968514,0.4071557463617438,0.0,0.0,1.7181126791099552,1.6042534450465251,0.16068031263684002,0.08411420193579872,nan,nan,nan,nan,nan,nan,nan,0.401263021689988,0.0,0.0,-1.0607838443616122,1.7310463167066454,-0.13559146099619251,0.10737352546177575,0.8544740371009221,0.0,0.0,-0.35515395293918745,1.4715300165369833,0.08685183232771616,-0.17240512435342564,nan,nan,nan,nan,nan,nan,nan,nan,nan,nan,nan,nan,nan,nan,0.9350570675306875,0.0,0.0,-1.0283874512599251,-0.8980247759720336,-0.00039462175376366596,0.00042685875317491465,nan,nan,nan,nan,nan,nan,nan,nan,nan,nan,nan,nan,nan,nan,nan,nan,nan,nan,nan,nan,nan,nan,nan,nan,nan,nan,nan,nan,nan,nan,nan,nan,nan,nan,nan,nan,nan,nan,nan,nan,nan,nan,nan,nan,nan,nan,nan,nan,nan,0.013115347023318584
1791062911.7994573,-0.2149529955430867,-0.3735401317371824,1.3988324040271698,-0.5593186646728207,2.6655620941064218,0.013480840439917485,0.5463189483740212,0.0,0.0,0.18866225830523423,0.6942163696554363,-0.23184007194355932,0.0021367696180346267,0.4071557463617438,0.0,0.0,1.733327555514029,1.611775612339871,0.1479337997525747,0.0739765812838767,nan,nan,nan,nan,nan,nan,nan,0.401263021689988,0.0,0.0,-1.0730666259514487,1.7417918159791432,-0.12631284242331542,0.1131150620566363,0.8668904157952888,0.0,0.0,-0.34658941336749516,1.4548127101813395,0.08049016825102215,-0.16211168072740967,nan,nan,nan,nan,nan,nan,nan,nan,nan,nan,nan,nan,nan,nan,0.9350570675306875,0.0,0.0,-1.0283650898361505,-0.8980040413378598,-2.172762574181186e-05,0.00027564939347224474,nan,nan,nan,nan,nan,nan,nan,nan,nan,nan,nan,nan,nan,nan,nan,nan,nan,nan,nan,nan,nan,nan,nan,nan,nan,nan,nan,nan,nan,nan,nan,nan,nan,nan,nan,nan,nan,nan,nan,nan,nan,nan,nan,nan,nan,nan,nan,nan,nan,0.012552217986324408
1791062911.8990734,-0.21467138442286512,-0.3722802286667685,1.3989504146596776,-0.5483815577926207,2.66058936472726,0.01436233133471181,0.5252377706249689,0.0,0.0,0.1654910393748672,0.6951812543166356,-0.23772895827315493,0.008103492189680345,0.4071557463617438,0.0,0.0,1.747041266563445,1.6188642387906376,0.11031797823758634,0.07995282793256764,nan,nan,nan,nan,nan,nan,nan,0.401263021689988,0.0,0.0,-1.0858250948566326,1.7530589726318029,-0.125682204209218,0.10918086432989357,0.8399992524124715,0.0,0.0,-0.3381427136597144,1.4383361885207369,0.08954508595853518,-0.16671400471301207,nan,nan,nan,nan,nan,nan,nan,nan,nan,nan,nan,nan,nan,nan,0.9350570675306875,0.0,0.0,-1.0283837552412805,-0.898000131203392,0.0003811211191531434,-6.482497720461324e-05,nan,nan,nan,nan,nan,nan,nan,nan,nan,nan,nan,nan,nan,nan,nan,nan,nan,nan,nan,nan,nan,nan,nan,nan,nan,nan,nan,nan,nan,nan,nan,nan,nan,nan,nan,nan,nan,nan,nan,nan,nan,nan,nan,nan,nan,nan,nan,nan,nan,0.013885286385544884
1791062911.9991302,-0.21443366921431362,-0.3710384217187151,1.3990196632044982,-0.5418579855828796,2.6542619370059204,0.014914264236252152,0.5352159862313172,0.0,0.0,0.1420614225496142,0.6956360117435301,-0.24049055988512952,0.009842251943112225,0.4071557463617438,0.0,0.0,1.7647138023950324,1.6279430543654108,0.1574480139208217,0.07688182985073057,nan,nan,nan,nan,nan,nan,nan,0.401263021689988,0.0,0.0,-1.0984989281944948,1.764341954250297,-0.12391638108888797,0.1088008563251461,0.8193165130205565,0.0,0.0,-0.3300441231987054,1.422655837138205,0.08742689663181424,-0.15971025646262677,nan,nan,nan,nan,nan,nan,nan,nan,nan,nan,nan,nan,nan,nan,0.9350570675306875,0.0,0.0,-1.0283702365225245,-0.8980050203947013,0.0004589752567377102,-0.00024383241471619816,nan,nan,nan,nan,nan,nan,nan,nan,nan,nan,nan,nan,nan,nan,nan,nan,nan,nan,nan,nan,nan,nan,nan,nan,nan,nan,nan,nan,nan,nan,nan,nan,nan,nan,nan,nan,nan,nan,nan,nan,nan,nan,nan,nan,nan,nan,nan,nan,nan,0.01258014267138201
1791062912.098842,-0.21425599706266588,-0.36988270839915544,1.398576592506617,-0.5462065205263341,2.648348428174607,0.01454413158086243,0.5386544547396859,0.0,0.0,0.1187016187291757,0.6962143129417466,-0.2425616244280508,0.006484288025886844,0.4071557463617438,0.0,0.0,1.7793605380141233,1.6356438069484802,0.11800690082111737,0.0803130608889441,nan,nan,nan,nan,nan,nan,nan,0.401263021689988,0.0,0.0,-1.1110868336817128,1.7754522265689678,-0.11515492663870062,0.10977758883951982,0.8394703688561022,0.0,0.0,-0.3219520681055317,1.4071100373184677,0.0777336198843959,-0.14770804592285314,nan,nan,nan,nan,nan,nan,nan,nan,nan,nan,nan,nan,nan,nan,0.9350570675306875,0.0,0.0,-1.0283801500298753,-0.8980035911824207,-6.660261971370296e-05,0.0003683784932531069,nan,nan,nan,nan,nan,nan,nan,nan,nan,nan,nan,nan,nan,nan,nan,nan,nan,nan,nan,nan,nan,nan,nan,nan,nan,nan,nan,nan,nan,nan,nan,nan,nan,nan,nan,nan,nan,nan,nan,nan,nan,nan,nan,nan,nan,nan,nan,nan,nan,0.011937293015975806
1791062912.1989162,-0.21408344079851008,-0.3686494351034977,1.3984137386730082,-0.5443046315922545,2.6432291776311048,0.014704913782731711,0.5485376442487765,0.0,0.0,0.09528950275793995,0.6965398849638353,-0.24095103511570026,0.0002177891310170501,0.4071557463617438,0.0,0.0,1.7941958882392948,1.6427861845849239,0.14964799551182334,0.07929417861352331,nan,nan,nan,nan,nan,nan,nan,0.401263021689988,0.0,0.0,-1.1230577980210406,1.7863505530345645,-0.11268038518016107,0.10742020071825398,0.8293766639068698,0.0,0.0,-0.31389260030129823,1.3918539666842515,0.08283702080194615,-0.15334952692451667,nan,nan,nan,nan,nan,nan,nan,nan,nan,nan,nan,nan,nan,nan,0.9350570675306875,0.0,0.0,-1.0283737944871838,-0.898000355201722,0.0004613238992179943,0.00015108252975559047,nan,nan,nan,nan,nan,nan,nan,nan,nan,nan,nan,nan,nan,nan,nan,nan,nan,nan,nan,nan,nan,nan,nan,nan,nan,nan,nan,nan,nan,nan,nan,nan,nan,nan,nan,nan,nan,nan,nan,nan,nan,nan,nan,nan,nan,nan,nan,nan,nan,0.013534773581425484
1791062912.298822,-0.2138945454649828,-0.3675131366585433,1.3982158402372007,-0.5477578393620617,2.638779102469606,0.01441423985520487,0.5464867772833919,0.0,0.0,0.07200005733147191,0.6969223975228575,-0.23693975810884116,0.0002374670258924285,0.4071557463617438,0.0,0.0,1.8077887613188501,1.6498270406797728,0.15938661168108828,0.0815593565889805,nan,nan,nan,nan,nan,nan,nan,0.401263021689988,0.0,0.0,-1.1353216528027186,1.7969103683845644,-0.12672841204769092,0.10523549884193578,0.8219202202277699,0.0,0.0,-0.3063875989815927,1.3773553343135518,0.07971918624979549,-0.14530323025698916,nan,nan,nan,nan,nan,nan,nan,nan,nan,nan,nan,nan,nan,nan,0.9350570675306875,0.0,0.0,-1.028381712348523,-0.8980090188501977,-0.0010202532696446075,-0.00027526025550928234,nan,nan,nan,nan,nan,nan,nan,nan,nan,nan,nan,nan,nan,nan,nan,nan,nan,nan,nan,nan,nan,nan,nan,nan,nan,nan,nan,nan,nan,nan,nan,nan,nan,nan,nan,nan,nan,nan,nan,nan,nan,nan,nan,nan,nan,nan,nan,nan,nan,0.012017886855324053
1791062912.3993723,-0.21363816543577827,-0.3660788532333638,1.3981861526775499,-0.5602149844970579,2.636449126702962,0.013410960344465385,0.5500439111777836,0.0,0.0,0.05071966291004762,0.6973151727963045,-0.21698523697437055,0.0010142060511051227,0.4071557463617438,0.0,0.0,1.8233238171343646,1.657111038955908,0.16027143398375432,0.0659241066096237,nan,nan,nan,nan,nan,nan,nan,0.401263021689988,0.0,0.0,-1.145465535531202,1.8053578254077132,-0.12316973800376294,0.10143777571649815,0.8081233494700574,0.0,0.0,-0.29880025537575294,1.3626727057989179,0.07842202923727631,-0.1330999735051004,nan,nan,nan,nan,nan,nan,nan,nan,nan,nan,nan,nan,nan,nan,0.9350570675306875,0.0,0.0,-1.0283720138510997,-0.8980111207443685,0.0002555694002955728,-0.00010903809693356623,nan,nan,nan,nan,nan,nan,nan,nan,nan,nan,nan,nan,nan,nan,nan,nan,nan,nan,nan,nan,nan,nan,nan,nan,nan,nan,nan,nan,nan,nan,nan,nan,nan,nan,nan,nan,nan,nan,nan,nan,nan,nan,nan,nan,nan,nan,nan,nan,nan,0.014887899904424738
1791062912.4998515,-0.21342863860077738,-0.3648655539547099,1.3978901695128256,-0.5674520249066726,2.63641568731433,0.01285940900692506,0.546203935428205,0.0,0.0,0.024620059676138575,0.6975753728733141,-0.23234815005988518,0.0017208766988100858,0.4071557463617438,0.0,0.0,1.8384785850392127,1.6647229750083066,0.1746800175542686,0.06263563531512716,nan,nan,nan,nan,nan,nan,nan,0.401263021689988,0.0,0.0,-1.1581024355505547,1.8161792153821057,-0.12084189692293246,0.10443726976908477,0.8196382402479464,0.0,0.0,-0.29111087524027207,1.3481163783479084,0.07816595518703402,-0.13766167159566234,nan,nan,nan,nan,nan,nan,nan,nan,nan,nan,nan,nan,nan,nan,0.9350570675306875,0.0,0.0,-1.0283823627992226,-0.8980178682771717,-0.0005057301939100073,0.0002111957657666788,nan,nan,nan,nan,nan,nan,nan,nan,nan,nan,nan,nan,nan,nan,nan,nan,nan,nan,nan,nan,nan,nan,nan,nan,nan,nan,nan,nan,nan,nan,nan,nan,nan,nan,nan,nan,nan,nan,nan,nan,nan,nan,nan,nan,nan,nan,nan,nan,nan,0.01348941107292647
1791062912.5992048,-0.213198973197258,-0.3633535278367005,1.398176327999329,-0.5634072760190332,2.636687395769034,0.013164908286978295,0.5448330812714633,0.0,0.0,0.0010084589787301259,0.6978322004669558,-0.2317218214543627,0.005755689293471408,0.4071557463617438,0.0,0.0,1.8544750568975774,1.672432128759445,0.1828726874199786,0.08450270164138755,nan,nan,nan,nan,nan,nan,nan,0.401263021689988,0.0,0.0,-1.1699705424139086,1.8261388074509874,-0.101753442762961,0.07272580491362865,0.8403083239792549,0.0,0.0,-0.28349759870308,1.3336669770094411,0.08121516026050178,-0.1511505788182261,nan,nan,nan,nan,nan,nan,nan,nan,nan,nan,nan,nan,nan,nan,0.9350570675306875,0.0,0.0,-1.028387769615689,-0.8980161906271449,0.0013854704266249651,8.412915622366257e-05,nan,nan,nan,nan,nan,nan,nan,nan,nan,nan,nan,nan,nan,nan,nan,nan,nan,nan,nan,nan,nan,nan,nan,nan,nan,nan,nan,nan,nan,nan,nan,nan,nan,nan,nan,nan,nan,nan,nan,nan,nan,nan,nan,nan,nan,nan,nan,nan,nan,0.015759586113006152
1791062912.7001815,-0.2129983732818592,-0.3619842735149604,1.3978477166369485,-0.5639720282115038,2.6365757366042426,0.013121835235202184,0.5428896365942566,0.0,0.0,-0.022675183750310756,0.6979981661622581,-0.23534673231971673,0.006346019847580851,0.4071557463617438,0.0,0.0,1.8707654595419192,1.6804114574792661,0.16469624381578685,0.08092555474453782,nan,nan,nan,nan,nan,nan,nan,0.401263021689988,0.0,0.0,-1.1816074882804724,1.836154560336392,-0.10995994629580325,0.0906391660245015,0.8509254564478854,0.0,0.0,-0.27567403084978737,1.3188759326384965,0.07588440638613128,-0.14576955031486666,nan,nan,nan,nan,nan,nan,nan,nan,nan,nan,nan,nan,nan,nan,0.9350570675306875,0.0,0.0,-1.0283829277143117,-0.8980133961382039,-0.0004458523735103786,-0.0003792538265966811,nan,nan,nan,nan,nan,nan,nan,nan,nan,nan,nan,nan,nan,nan,nan,nan,nan,nan,nan,nan,nan,nan,nan,nan,nan,nan,nan,nan,nan,nan,nan,nan,nan,nan,nan,nan,nan,nan,nan,nan,nan,nan,nan,nan,nan,nan,nan,nan,nan,0.014210685010759174
1791062912.7986665,-0.21267798749689734,-0.3604796077544338,1.3977557717948845,-0.5565869405413517,2.635717970166405,0.013695988910681623,0.5447611602277753,0.0,0.0,-0.046332451297789054,0.698113378185466,-0.2395347212637462,0.004653821773894288,0.4071557463617438,0.0,0.0,1.8884013310776222,1.6888998308386876,0.16176904136963535,0.08167112556639448,nan,nan,nan,nan,nan,nan,nan,0.401263021689988,0.0,0.0,-1.1914407216106015,1.844851811374921,-0.09589886030511677,0.0876375176373684,0.9107534293584086,0.0,0.0,-0.267707890489391,1.3033545759965433,0.0686000463192788,-0.15349975304954439,nan,nan,nan,nan,nan,nan,nan,nan,nan,nan,nan,nan,nan,nan,0.9350570675306875,0.0,0.0,-1.0283890894131906,-0.8980155615293438,0.0005137099687271202,0.0004507153666975141,nan,nan,nan,nan,nan,nan,nan,nan,nan,nan,nan,nan,nan,nan,nan,nan,nan,nan,nan,nan,nan,nan,nan,nan,nan,nan,nan,nan,nan,nan,nan,nan,nan,nan,nan,nan,nan,nan,nan,nan,nan,nan,nan,nan,nan,nan,nan,nan,nan,0.01470687476293666
1791062912.9005501,-0.21241514571807843,-0.3591763048158926,1.3977938290928118,-0.5400925940683898,2.6323954332601684,0.015067098697290438,0.543158348861412,0.0,0.0,-0.0698208018395067,0.6983475307196848,-0.24131426700869177,0.005519786353453417,0.4071557463617438,0.0,0.0,1.9028823869182159,1.696072985709634,0.12048584451939807,0.08471863233499387,nan,nan,nan,nan,nan,nan,nan,0.401263021689988,0.0,0.0,-1.2022828058804569,1.8542362303370907,-0.09234058624228544,0.09201950579599258,0.7865371685723546,0.0,0.0,-0.2597280763435427,1.287988698882135,0.08848334456947941,-0.15464169074506412,nan,nan,nan,nan,nan,nan,nan,nan,nan,nan,nan,nan,nan,nan,0.9350570675306875,0.0,0.0,-1.0283817397245525,-0.8980016865464564,0.00015700571147746152,0.0007754968094972755,nan,nan,nan,nan,nan,nan,nan,nan,nan,nan,nan,nan,nan,nan,nan,nan,nan,nan,nan,nan,nan,nan,nan,nan,nan,nan,nan,nan,nan,nan,nan,nan,nan,nan,nan,nan,nan,nan,nan,nan,nan,nan,nan,nan,nan,nan,nan,nan,nan,0.012500859014400479
1791062912.9988132,-0.21222513520198952,-0.35794404007586705,1.3975287868463762,-0.5321375180825193,2.6268935334282224,0.015774648480896915,0.5486700464329348,0.0,0.0,-0.09347938084744901,0.6984423358273331,-0.23972029545220308,-0.004259172165817267,0.4071557463617438,0.0,0.0,1.921301098167208,1.7042184714227717,0.18146409928806134,0.07701508707585479,nan,nan,nan,nan,nan,nan,nan,0.401263021689988,0.0,0.0,-1.2123883857945286,1.863453184040134,-0.06994395202924625,0.09263378323248289,0.8706710776990345,0.0,0.0,-0.25192507506531386,1.2729352097409368,0.07349353504329426,-0.15089384478694723,nan,nan,nan,nan,nan,nan,nan,nan,nan,nan,nan,nan,nan,nan,0.9350570675306875,0.0,0.0,-1.028393731912869,-0.8979916269805729,-0.001309797207622498,-9.362230689612995e-05,nan,nan,nan,nan,nan,nan,nan,nan,nan,nan,nan,nan,nan,nan,nan,nan,nan,nan,nan,nan,nan,nan,nan,nan,nan,nan,nan,nan,nan,nan,nan,nan,nan,nan,nan,nan,nan,nan,nan,nan,nan,nan,nan,nan,nan,nan,nan,nan,nan,0.012255319997993312
1791062913.0985656,-0.2120535644750298,-0.3567550322896742,1.397328081470074,-0.5169929287221711,2.6195720268582856,0.01721063167357293,0.5475206761542155,0.0,0.0,-0.11768102786985819,0.6988391063449061,-0.23386380722620997,-0.002024469166029998,0.4071557463617438,0.0,0.0,1.9376604408332052,1.7120021979647604,0.1588535754291279,0.07748659485773192,nan,nan,nan,nan,nan,nan,nan,0.401263021689988,0.0,0.0,-1.2233258519811168,1.8726171376295928,-0.10162144467270204,0.09606939606311485,0.8270153726259101,0.0,0.0,-0.24364916790821803,1.2572155171419594,0.08708981939725366,-0.16077869103764927,nan,nan,nan,nan,nan,nan,nan,nan,nan,nan,nan,nan,nan,nan,0.9350570675306875,0.0,0.0,-1.0279313011853113,-0.8979087100010043,0.0001299705127712135,-0.00015793983846502124,nan,nan,nan,nan,nan,nan,nan,nan,nan,nan,nan,nan,nan,nan,nan,nan,nan,nan,nan,nan,nan,nan,nan,nan,nan,nan,nan,nan,nan,nan,nan,nan,nan,nan,nan,nan,nan,nan,nan,nan,nan,nan,nan,nan,nan,nan,nan,nan,nan,0.01238835163399006
1791062913.1991146,-0.21190777483453813,-0.3555400319821832,1.3967707871531236,-0.5060681480641234,2.610383169950919,0.01832315230970485,0.5448456922349904,0.0,0.0,-0.14168718667250338,0.6994169857216127,-0.237904388179733,0.005645212735401357,0.4071557463617438,0.0,0.0,1.9546814386867566,1.7203807793442356,0.18648658178928867,0.10549013283623371,nan,nan,nan,nan,nan,nan,nan,0.401263021689988,0.0,0.0,-1.2356869359957863,1.8831217072183042,-0.27817880893207897,0.26149940473095884,0.84091058277295,0.0,0.0,-0.23584493616293636,1.2421878410818366,0.08064982569797698,-0.15478156985633867,nan,nan,nan,nan,nan,nan,nan,nan,nan,nan,nan,nan,nan,nan,0.9350570675306875,0.0,0.0,-1.0279296437577465,-0.8979038274657082,0.0001951027182999375,0.00019050779999751346,nan,nan,nan,nan,nan,nan,nan,nan,nan,nan,nan,nan,nan,nan,nan,nan,nan,nan,nan,nan,nan,nan,nan,nan,nan,nan,nan,nan,nan,nan,nan,nan,nan,nan,nan,nan,nan,nan,nan,nan,nan,nan,nan,nan,nan,nan,nan,nan,nan,0.012315589147147893
1791062913.2987053,-0.2117251370423291,-0.354286960396166,1.3965178140744108,-0.49763588376874446,2.6002085343874497,0.019228327971421467,0.5444242967256211,0.0,0.0,-0.16568606611218253,0.6998692905704406,-0.23836577894482763,0.0030092086563021227,0.4071557463617438,0.0,0.0,1.970628417914481,1.72771069501815,0.1608166102451767,0.08137100193214344,nan,nan,nan,nan,nan,nan,nan,0.401263021689988,0.0,0.0,-1.2497149573753132,1.8949961693698796,-0.18445365302627745,0.15960648243897035,0.8617966731050531,0.0,0.0,-0.22794104070039972,1.226711580139665,0.07422262774893,-0.15024406961289205,nan,nan,nan,nan,nan,nan,nan,nan,nan,nan,nan,nan,nan,nan,0.9350570675306875,0.0,0.0,-1.0279344304743008,-0.8979082452184151,0.0004932410200803188,-0.0003175680106356115,nan,nan,nan,nan,nan,nan,nan,nan,nan,nan,nan,nan,nan,nan,nan,nan,nan,nan,nan,nan,nan,nan,nan,nan,nan,nan,nan,nan,nan,nan,nan,nan,nan,nan,nan,nan,nan,nan,nan,nan,nan,nan,nan,nan,nan,nan,nan,nan,nan,0.012228674490703037
1791062913.3992267,-0.21150258451532541,-0.3529534520961369,1.3965087178878186,-0.4893645171015054,2.589420956974644,0.020157369127383553,0.543026868475915,0.0,0.0,-0.18729517592065742,0.7003054411074786,-0.24609844913154877,0.013837150509089308,0.4071557463617438,0.0,0.0,1.9879018486030249,1.735888954126815,0.1648005881818074,0.06496000809400174,nan,nan,nan,nan,nan,nan,nan,0.401263021689988,0.0,0.0,-1.2658845447608889,1.9090764252758379,-0.16596333470252514,0.13301794677948858,0.8523861358249513,0.0,0.0,-0.22006474508652735,1.2117464668882578,0.07773605903064665,-0.14857691595141775,nan,nan,nan,nan,nan,nan,nan,nan,nan,nan,nan,nan,nan,nan,0.9350570675306875,0.0,0.0,-1.0279349019303783,-0.8979029914959618,-0.0004100040620078378,0.0004994391277270677,nan,nan,nan,nan,nan,nan,nan,nan,nan,nan,nan,nan,nan,nan,nan,nan,nan,nan,nan,nan,nan,nan,nan,nan,nan,nan,nan,nan,nan,nan,nan,nan,nan,nan,nan,nan,nan,nan,nan,nan,nan,nan,nan,nan,nan,nan,nan,nan,nan,0.0136444054381407
1791062913.498525,-0.2113168803222062,-0.35158164801124087,1.3965026957907636,-0.4849313819316608,2.5785104169282445,0.020672643930779257,0.5438146117528437,0.0,0.0,-0.2136735665982741,0.700808493023709,-0.23619596194784065,0.013932867855086416,0.4071557463617438,0.0,0.0,2.0021741098832595,1.7430145444543266,0.1544777242187569,0.07502980217191985,nan,nan,nan,nan,nan,nan,nan,0.401263021689988,0.0,0.0,-1.282018592039616,1.922537131618105,-0.20207267779149124,0.1606531808763892,0.8205157030599399,0.0,0.0,-0.21241166899114858,1.1973406732591418,0.0772301468821379,-0.1465667851160107,nan,nan,nan,nan,nan,nan,nan,nan,nan,nan,nan,nan,nan,nan,0.9350570675306875,0.0,0.0,-1.0279440781007634,-0.8979050470518651,-0.0004010502695804039,0.00015665945969789048,nan,nan,nan,nan,nan,nan,nan,nan,nan,nan,nan,nan,nan,nan,nan,nan,nan,nan,nan,nan,nan,nan,nan,nan,nan,nan,nan,nan,nan,nan,nan,nan,nan,nan,nan,nan,nan,nan,nan,nan,nan,nan,nan,nan,nan,nan,nan,nan,nan,0.013068241942402829
1791062913.5980573,-0.21109572606419147,-0.3501215966756931,1.3965725617333842,-0.48772677070708026,2.5684840693536715,0.02034629652418407,0.5444507931390211,0.0,0.0,-0.23751724763314508,0.7013245574760301,-0.20647967656928745,0.005247844050375952,0.4071557463617438,0.0,0.0,2.0194567777264543,1.7511317486626126,0.16672170506124867,0.08041046846754593,nan,nan,nan,nan,nan,nan,nan,0.401263021689988,0.0,0.0,-1.299052471044406,1.9365301208771257,-0.18416499358401522,0.14582281004257436,0.8503284130064598,0.0,0.0,-0.2049834702692944,1.1832515068780174,0.07145296192680159,-0.13539121822653746,nan,nan,nan,nan,nan,nan,nan,nan,nan,nan,nan,nan,nan,nan,0.9350570675306875,0.0,0.0,-1.0279367296814814,-0.8979189690641775,-0.00029777690827470325,-0.000381917575503256,nan,nan,nan,nan,nan,nan,nan,nan,nan,nan,nan,nan,nan,nan,nan,nan,nan,nan,nan,nan,nan,nan,nan,nan,nan,nan,nan,nan,nan,nan,nan,nan,nan,nan,nan,nan,nan,nan,nan,nan,nan,nan,nan,nan,nan,nan,nan,nan,nan,0.01446405435003407
1791062913.6980364,-0.2108521759114545,-0.34863972877065785,1.3964018276245325,-0.48427342649149235,2.559332548998519,0.0207501733762556,0.5447116016742787,0.0,0.0,-0.2614076491509929,0.7016682254652472,-0.24050007599969786,0.009230754596933632,0.4071557463617438,0.0,0.0,2.035497699352414,1.7588498232805354,0.14834259780779757,0.08364796681643996,nan,nan,nan,nan,nan,nan,nan,0.401263021689988,0.0,0.0,-1.3115276613383442,1.9465628531634895,-0.1405719562301638,0.11935936005484532,0.8618322202966011,0.0,0.0,-0.19743519378883384,1.169229018206899,0.072354033648965,-0.14042718646869373,nan,nan,nan,nan,nan,nan,nan,nan,nan,nan,nan,nan,nan,nan,0.9350570675306875,0.0,0.0,-1.027930635106929,-0.8979129175505167,0.0013090037926212796,-0.0001128872771308173,nan,nan,nan,nan,nan,nan,nan,nan,nan,nan,nan,nan,nan,nan,nan,nan,nan,nan,nan,nan,nan,nan,nan,nan,nan,nan,nan,nan,nan,nan,nan,nan,nan,nan,nan,nan,nan,nan,nan,nan,nan,nan,nan,nan,nan,nan,nan,nan,nan,0.015927136184703112
1791062913.7987974,-0.2105014418576488,-0.347151003140864,1.3962682500507488,-0.47694684938772947,2.550048016891999,0.021632255181073992,0.5451240074632451,0.0,0.0,-0.2858208291012642,0.7020579275476923,-0.25631047508128874,0.00864773868533613,0.4071557463617438,0.0,0.0,2.051413997825333,1.7663148269404982,0.13149274563242525,0.08166057244904348,nan,nan,nan,nan,nan,nan,nan,0.401263021689988,0.0,0.0,-1.3254119570753862,1.9577223835782225,-0.16367013537395253,0.12951608654933286,0.8432853899149997,0.0,0.0,-0.190187536255226,1.1556313371580105,0.07779637465289185,-0.1419262575832125,nan,nan,nan,nan,nan,nan,nan,nan,nan,nan,nan,nan,nan,nan,0.9350570675306875,0.0,0.0,-1.0279341266252446,-0.8979113533707138,0.00015772404901860502,1.4248293617755861e-06,nan,nan,nan,nan,nan,nan,nan,nan,nan,nan,nan,nan,nan,nan,nan,nan,nan,nan,nan,nan,nan,nan,nan,nan,nan,nan,nan,nan,nan,nan,nan,nan,nan,nan,nan,nan,nan,nan,nan,nan,nan,nan,nan,nan,nan,nan,nan,nan,nan,0.015626871796146906
1791062913.8985205,-0.21025559503604635,-0.34564454138115824,1.3964423440594638,-0.47671170396200546,2.5409794027657737,0.02166114314557075,0.5440591466838611,0.0,0.0,-0.30967563910703766,0.7027002647709579,-0.24519014488213053,0.0014129188379955922,0.4071557463617438,0.0,0.0,2.065166357651947,1.7724512457791233,0.13863085806788797,0.046841995690280316,nan,nan,nan,nan,nan,nan,nan,0.401263021689988,0.0,0.0,-1.3400024466293468,1.9704530155221773,-0.13653136732355234,0.1301327818618527,0.8655018289813581,0.0,0.0,-0.1826626651492733,1.1418841599920022,0.06941774613261809,-0.13557642505335646,nan,nan,nan,nan,nan,nan,nan,nan,nan,nan,nan,nan,nan,nan,0.9350570675306875,0.0,0.0,-1.0279316352709273,-0.8979132971309486,5.3562068143308324e-05,0.0003465269399434739,nan,nan,nan,nan,nan,nan,nan,nan,nan,nan,nan,nan,nan,nan,nan,nan,nan,nan,nan,nan,nan,nan,nan,nan,nan,nan,nan,nan,nan,nan,nan,nan,nan,nan,nan,nan,nan,nan,nan,nan,nan,nan,nan,nan,nan,nan,nan,nan,nan,0.015699470388326253
1791062913.998839,-0.2100197146335213,-0.3441535716402456,1.3960504405585132,-0.47186662530470175,2.532299806781634,0.02226452063967288,0.5436380991035686,0.0,0.0,-0.33368061537404303,0.7033705147551564,-0.24684288398015267,0.0027111584813055596,0.4071557463617438,0.0,0.0,2.082026791892362,1.7806866964576282,0.13891064019929084,0.071051689886014,nan,nan,nan,nan,nan,nan,nan,0.401263021689988,0.0,0.0,-1.3536249351827254,1.9817905009752088,-0.07245397694297824,0.04167751107730583,0.8418091753632924,0.0,0.0,-0.1751777428037818,1.1278367132617941,0.0759789210141098,-0.1378540870605524,nan,nan,nan,nan,nan,nan,nan,nan,nan,nan,nan,nan,nan,nan,0.9350570675306875,0.0,0.0,-1.0279410489319518,-0.8979270395420191,0.0003320806461176557,2.1251712123767768e-05,nan,nan,nan,nan,nan,nan,nan,nan,nan,nan,nan,nan,nan,nan,nan,nan,nan,nan,nan,nan,nan,nan,nan,nan,nan,nan,nan,nan,nan,nan,nan,nan,nan,nan,nan,nan,nan,nan,nan,nan,nan,nan,nan,nan,nan,nan,nan,nan,nan,0.016082855879983017
1791062914.0982306,-0.20975408323016198,-0.3426113202037231,1.3959178246298956,-0.4560811712397581,2.5225798939465403,0.024341745656130478,0.5658329968175284,0.0,0.0,-0.3572737452986668,0.7042355405177401,-0.2179399044954693,0.03810411445972097,0.4071557463617438,0.0,0.0,2.098171429381354,1.7878008309225728,0.1540155428674233,0.0736378849338491,nan,nan,nan,nan,nan,nan,nan,0.401263021689988,0.0,0.0,-1.3668921695615917,1.9934873161455515,-0.09035254712659616,0.08583603214067598,0.84204425268539,0.0,0.0,-0.16762008970371983,1.114072840288372,0.08127489338166158,-0.1504193802630281,nan,nan,nan,nan,nan,nan,nan,nan,nan,nan,nan,nan,nan,nan,0.9350570675306875,0.0,0.0,-1.0279403146427173,-0.8979311334215956,0.0008795093115978709,-6.306231182202779e-06,nan,nan,nan,nan,nan,nan,nan,nan,nan,nan,nan,nan,nan,nan,nan,nan,nan,nan,nan,nan,nan,nan,nan,nan,nan,nan,nan,nan,nan,nan,nan,nan,nan,nan,nan,nan,nan,nan,nan,nan,nan,nan,nan,nan,nan,nan,nan,nan,nan,0.015348394650597402
1791062914.1981711,-0.20949669250340527,-0.34095032387989743,1.3959512906428886,-0.4590238588635576,2.5127062188810463,0.023941234590109352,0.5658329968175284,0.0,0.0,-0.3808917541056083,0.7051313018780325,-0.23908970411287267,0.004016739334587408,0.4071557463617438,0.0,0.0,2.1114581932547023,1.7943693257190938,0.16360807575670516,0.07668170107042502,nan,nan,nan,nan,nan,nan,nan,0.401263021689988,0.0,0.0,-1.3752102543677083,2.00054174612475,-0.15022860427033652,0.17400936200721262,0.8818073718977235,0.0,0.0,-0.16009854301303605,1.0999256190490347,0.06633132534142944,-0.13438688409882174,nan,nan,nan,nan,nan,nan,nan,nan,nan,nan,nan,nan,nan,nan,0.9350570675306875,0.0,0.0,-1.0279301764238473,-0.8979010477235991,-0.0005009968519152651,0.0012237774368796706,nan,nan,nan,nan,nan,nan,nan,nan,nan,nan,nan,nan,nan,nan,nan,nan,nan,nan,nan,nan,nan,nan,nan,nan,nan,nan,nan,nan,nan,nan,nan,nan,nan,nan,nan,nan,nan,nan,nan,nan,nan,nan,nan,nan,nan,nan,nan,nan,nan,0.017456559878958975
1791062914.298125,-0.20921082944482905,-0.3392424454493,1.395828026589927,-0.453536527131328,2.5035263629880506,0.024693124931755128,0.5658329968175284,0.0,0.0,-0.4044967984512754,0.7059182589904269,-0.23728118538245846,0.01197877418841807,0.4071557463617438,0.0,0.0,2.128513916577696,1.801606468662535,0.14213065241863443,0.059430330055120585,nan,nan,nan,nan,nan,nan,nan,0.401263021689988,0.0,0.0,-1.38716148566343,2.0097291332284164,-0.15134138005544778,0.11796084855182497,0.8689479593953388,0.0,0.0,-0.15224096863915504,1.0850679438831827,0.07358720557861015,-0.1417426540821821,nan,nan,nan,nan,nan,nan,nan,nan,nan,nan,nan,nan,nan,nan,0.9350570675306875,0.0,0.0,-1.0279327830991463,-0.8979011432265177,0.000575239302625082,0.0006290706459899157,nan,nan,nan,nan,nan,nan,nan,nan,nan,nan,nan,nan,nan,nan,nan,nan,nan,nan,nan,nan,nan,nan,nan,nan,nan,nan,nan,nan,nan,nan,nan,nan,nan,nan,nan,nan,nan,nan,nan,nan,nan,nan,nan,nan,nan,nan,nan,nan,nan,0.019236706322378786
1791062914.3978863,-0.20890273271478607,-0.3373248211965279,1.3957553386519648,-0.4388956508240596,2.4934858374821363,0.026808469644943635,0.5658329968175284,0.0,0.0,-0.42797249565276413,0.7058881773444265,-0.22457274506932928,0.015006206907658474,0.4071557463617438,0.0,0.0,2.1438224240413093,1.8092137726128,0.15331971785697018,0.08271857230217075,nan,nan,nan,nan,nan,nan,nan,0.401263021689988,0.0,0.0,-1.4033790561959583,2.024043562057045,-0.1693349325209047,0.15562077074501807,0.8724272249485091,0.0,0.0,-0.14468378240072932,1.070775327759289,0.07880455484149866,-0.15648180496315844,nan,nan,nan,nan,nan,nan,nan,nan,nan,nan,nan,nan,nan,nan,0.9350570675306875,0.0,0.0,-1.027936207431481,-0.897913146854639,-0.0009227240766895648,2.599352031647325e-05,nan,nan,nan,nan,nan,nan,nan,nan,nan,nan,nan,nan,nan,nan,nan,nan,nan,nan,nan,nan,nan,nan,nan,nan,nan,nan,nan,nan,nan,nan,nan,nan,nan,nan,nan,nan,nan,nan,nan,nan,nan,nan,nan,nan,nan,nan,nan,nan,nan,0.021327927339562337
1791062914.4979172,-0.20852516272283458,-0.33523533832195285,1.3956716419056103,-0.42404704482135636,2.481921389194337,0.029124619181666447,0.5658329968175284,0.0,0.0,-0.4515528313831567,0.706679963810916,-0.23330997278162544,0.005289578171600349,0.4071557463617438,0.0,0.0,2.161390500688747,1.8178334344954932,0.15587880047347097,0.06852789642423389,nan,nan,nan,nan,nan,nan,nan,0.401263021689988,0.0,0.0,-1.4176223151891538,2.036338640433138,-0.1636775069547609,0.1382474161745164,0.8477860293361357,0.0,0.0,-0.1364988676437985,1.0556673658956228,0.08537689237958708,-0.15492551565688875,nan,nan,nan,nan,nan,nan,nan,nan,nan,nan,nan,nan,nan,nan,0.9350570675306875,0.0,0.0,-1.0279373216653471,-0.8979114877466732,-7.712582009235125e-05,-0.00020871490191368966,nan,nan,nan,nan,nan,nan,nan,nan,nan,nan,nan,nan,nan,nan,nan,nan,nan,nan,nan,nan,nan,nan,nan,nan,nan,nan,nan,nan,nan,nan,nan,nan,nan,nan,nan,nan,nan,nan,nan,nan,nan,nan,nan,nan,nan,nan,nan,nan,nan,0.019378309763323876
1791062914.598033,-0.20812369925943638,-0.33328450156868833,1.3955893553764924,-0.4077812727075606,2.468952202164762,0.03187244544910119,0.5658329968175284,0.0,0.0,-0.4750733907070007,0.7076921015137898,-0.23000538152002897,0.0065419794982143975,0.4071557463617438,0.0,0.0,2.1749050136535137,1.8247931008202698,0.17051532766689564,0.08248523846008843,nan,nan,nan,nan,nan,nan,nan,0.401263021689988,0.0,0.0,-1.4337297367818542,2.050418373167999,-0.14856562461808068,0.1312976348792657,0.8607167275018228,0.0,0.0,-0.12806793019786397,1.03980730629779,0.08345950659685589,-0.15905231117091168,nan,nan,nan,nan,nan,nan,nan,nan,nan,nan,nan,nan,nan,nan,0.9350570675306875,0.0,0.0,-1.0279349067269168,-0.8979066084947549,-7.68474499074712e-05,-1.5483569524000606e-05,nan,nan,nan,nan,nan,nan,nan,nan,nan,nan,nan,nan,nan,nan,nan,nan,nan,nan,nan,nan,nan,nan,nan,nan,nan,nan,nan,nan,nan,nan,nan,nan,nan,nan,nan,nan,nan,nan,nan,nan,nan,nan,nan,nan,nan,nan,nan,nan,nan,0.019503110123809005
1791062914.6981046,-0.20785578759182155,-0.33148963865253445,1.3949407531997806,-0.38994673587611167,2.4545663202579657,0.0351558123815654,0.5658329968175284,0.0,0.0,-0.49830046102094383,0.708858150246869,-0.24159098756523417,0.007431706322900402,0.4071557463617438,0.0,0.0,2.1918459250828364,1.8326552498439532,0.14409984191388503,0.08974106302164536,nan,nan,nan,nan,nan,nan,nan,0.401263021689988,0.0,0.0,-1.4491143610737844,2.063545568886826,-0.14775969138863324,0.11923843900843523,0.8528387782185043,0.0,0.0,-0.11924924654098207,1.0235347403977566,0.09008402902650182,-0.16811708132515257,nan,nan,nan,nan,nan,nan,nan,nan,nan,nan,nan,nan,nan,nan,0.9350570675306875,0.0,0.0,-1.0279339421685663,-0.8979055325086035,9.683880336800935e-05,-0.00013704538645958197,nan,nan,nan,nan,nan,nan,nan,nan,nan,nan,nan,nan,nan,nan,nan,nan,nan,nan,nan,nan,nan,nan,nan,nan,nan,nan,nan,nan,nan,nan,nan,nan,nan,nan,nan,nan,nan,nan,nan,nan,nan,nan,nan,nan,nan,nan,nan,nan,nan,0.02057246264445163
1791062914.7981536,-0.2075223114119431,-0.3294147972577012,1.3949224480642273,-0.3721045899489929,2.4389073159459533,0.038743419271165626,0.5658329968175284,0.0,0.0,-0.5215948928243028,0.7101144967230093,-0.2384393537329454,0.015547862598213702,0.4071557463617438,0.0,0.0,2.2090800972366855,1.8402413005529685,0.17647998410203147,0.0676742842795863,nan,nan,nan,nan,nan,nan,nan,0.401263021689988,0.0,0.0,-1.4639482915896433,2.0761379630729913,-0.13412427629573662,0.11705147514878247,0.8547778945841507,0.0,0.0,-0.11029292956181554,1.007002443379146,0.090689105561968,-0.1706150102913666,nan,nan,nan,nan,nan,nan,nan,nan,nan,nan,nan,nan,nan,nan,0.9350570675306875,0.0,0.0,-1.0279231546467633,-0.897903621585283,-8.443304849141124e-05,0.0003987365760294711,nan,nan,nan,nan,nan,nan,nan,nan,nan,nan,nan,nan,nan,nan,nan,nan,nan,nan,nan,nan,nan,nan,nan,nan,nan,nan,nan,nan,nan,nan,nan,nan,nan,nan,nan,nan,nan,nan,nan,nan,nan,nan,nan,nan,nan,nan,nan,nan,nan,0.019998387837416802
1791062914.8981302,-0.20721055658702353,-0.32717493980633444,1.3947681946813322,-0.35597675306318877,2.4223312004229616,0.04226396620661395,0.5658329968175284,0.0,0.0,-0.5447476882167928,0.7114136202919589,-0.2508320015985651,0.017080361200137957,0.4071557463617438,0.0,0.0,2.2251514994364405,1.8472837266833695,0.15242996056877983,0.08024813732890333,nan,nan,nan,nan,nan,nan,nan,0.401263021689988,0.0,0.0,-1.4784332000114762,2.0884111217139303,-0.1622794169345011,0.12603611657106648,0.8378556994655444,0.0,0.0,-0.1004075930969386,0.989357949557677,0.09898960885513815,-0.17618144335419805,nan,nan,nan,nan,nan,nan,nan,nan,nan,nan,nan,nan,nan,nan,0.9350570675306875,0.0,0.0,-1.027946382402733,-0.8979183597074513,-0.0011441978374095551,-0.0004910923072909061,nan,nan,nan,nan,nan,nan,nan,nan,nan,nan,nan,nan,nan,nan,nan,nan,nan,nan,nan,nan,nan,nan,nan,nan,nan,nan,nan,nan,nan,nan,nan,nan,nan,nan,nan,nan,nan,nan,nan,nan,nan,nan,nan,nan,nan,nan,nan,nan,nan,0.022606597682945134
1791062914.9986322,-0.20675273453320114,-0.32465385012121695,1.3948818529794207,-0.33929626956775927,2.4051111217355343,0.04619895251456905,0.5658329968175284,0.0,0.0,-0.5654528311584658,0.7126465620002486,-0.22564171358138538,0.013273121975366554,0.4071557463617438,0.0,0.0,2.240663980219284,1.8543338729312335,0.19071202477725924,0.07597834153487745,nan,nan,nan,nan,nan,nan,nan,0.401263021689988,0.0,0.0,-1.4895800451742525,2.0979596330424553,-0.1445292432698977,0.12807706921157685,0.8707040720441858,0.0,0.0,-0.0917650036956651,0.9734721759593663,0.09393231175109694,-0.18118916681364086,nan,nan,nan,nan,nan,nan,nan,nan,nan,nan,nan,nan,nan,nan,0.9350570675306875,0.0,0.0,-1.0279323363151849,-0.8979233200405478,0.0005587526066105047,-7.442985541730585e-05,nan,nan,nan,nan,nan,nan,nan,nan,nan,nan,nan,nan,nan,nan,nan,nan,nan,nan,nan,nan,nan,nan,nan,nan,nan,nan,nan,nan,nan,nan,nan,nan,nan,nan,nan,nan,nan,nan,nan,nan,nan,nan,nan,nan,nan,nan,nan,nan,nan,0.02620600130499619
1791062915.0981855,-0.20616652690067186,-0.3218620063003981,1.3956382683957964,-0.3233203340533096,2.387477062888059,0.050262570163128434,0.5658329968175284,0.0,0.0,-0.5913548920963403,0.7140890662785367,-0.2276584404540032,0.012285231238763008,0.4071557463617438,0.0,0.0,2.2560509247430414,1.8619677530651368,0.14014695833643032,0.07567507541719622,nan,nan,nan,nan,nan,nan,nan,0.401263021689988,0.0,0.0,-1.5038837308808057,2.1107138985368845,-0.11560722299569802,0.09668903022428035,0.8761813881922297,0.0,0.0,-0.08053182344087224,0.95315107620911,0.09124385560565108,-0.1801454211708751,nan,nan,nan,nan,nan,nan,nan,nan,nan,nan,nan,nan,nan,nan,0.9350570675306875,0.0,0.0,-1.0279284040454133,-0.8979290466038023,-0.0007854215976169275,-0.0003172554784843462,nan,nan,nan,nan,nan,nan,nan,nan,nan,nan,nan,nan,nan,nan,nan,nan,nan,nan,nan,nan,nan,nan,nan,nan,nan,nan,nan,nan,nan,nan,nan,nan,nan,nan,nan,nan,nan,nan,nan,nan,nan,nan,nan,nan,nan,nan,nan,nan,nan,0.025570622683846283
1791062915.1983554,-0.2056934019215296,-0.319257255641548,1.3954559246234048,-0.3083789094538729,2.3695671609224984,0.05433631730191597,0.5658329968175284,0.0,0.0,-0.6124253005707991,0.7151680054405081,-0.22626296493399514,0.011170452935455415,0.4071557463617438,0.0,0.0,2.272877477823156,1.8696511559497155,0.1742107104179042,0.08968383925633566,nan,nan,nan,nan,nan,nan,nan,0.401263021689988,0.0,0.0,-1.519867742794185,2.125201407287035,-0.16797274922666797,0.14911171662369305,0.8398073004998655,0.0,0.0,-0.07015607852376951,0.934039650878512,0.11410079890728263,-0.19862404703941633,nan,nan,nan,nan,nan,nan,nan,nan,nan,nan,nan,nan,nan,nan,0.9350570675306875,0.0,0.0,-1.0279374790917744,-0.8979313962745661,0.0009453304855804604,-0.00021826749351519937,nan,nan,nan,nan,nan,nan,nan,nan,nan,nan,nan,nan,nan,nan,nan,nan,nan,nan,nan,nan,nan,nan,nan,nan,nan,nan,nan,nan,nan,nan,nan,nan,nan,nan,nan,nan,nan,nan,nan,nan,nan,nan,nan,nan,nan,nan,nan,nan,nan,0.028137299895720634
1791062915.2995906,-0.20519251234886934,-0.31642646402074476,1.395134175898313,-0.29306260495250935,2.3515855496608222,0.05879755897999999,0.5658329968175284,0.0,0.0,-0.6372548242558095,0.7164897251799156,-0.2037525748815581,0.011493892947737231,0.4071557463617438,0.0,0.0,2.289872479762716,1.8772322056731414,0.13666614246426567,0.06185255717526055,nan,nan,nan,nan,nan,nan,nan,0.401263021689988,0.0,0.0,-1.5348092266215692,2.138073855230286,-0.1573182900935465,0.12646562654789528,0.8756741026067959,0.0,0.0,-0.05999333939811189,0.9151338247500099,0.11206934433843786,-0.20963695771038499,nan,nan,nan,nan,nan,nan,nan,nan,nan,nan,nan,nan,nan,nan,0.9350570675306875,0.0,0.0,-1.0279116302153284,-0.8979265027694019,4.854913748381448e-05,0.000545333148104258,nan,nan,nan,nan,nan,nan,nan,nan,nan,nan,nan,nan,nan,nan,nan,nan,nan,nan,nan,nan,nan,nan,nan,nan,nan,nan,nan,nan,nan,nan,nan,nan,nan,nan,nan,nan,nan,nan,nan,nan,nan,nan,nan,nan,nan,nan,nan,nan,nan,0.03057345356114245
1791062915.4003973,-0.20465007577736924,-0.313079930563877,1.395569804000482,-0.2813900136494723,2.333811443925128,0.06239770410127659,0.5658329968175284,0.0,0.0,-0.6588749848792258,0.717436063187516,-0.22416861935270327,0.005510754659833056,0.4071557463617438,0.0,0.0,2.3065617006358945,1.8846665689335766,0.16027282166655668,0.06956840491508999,nan,nan,nan,nan,nan,nan,nan,0.401263021689988,0.0,0.0,-1.550293360945326,2.151733513539652,-0.13753796651892738,0.1244876934479899,0.8686417381776851,0.0,0.0,-0.05013448072471552,0.8969834444759901,0.10386769392975631,-0.19068416450095704,nan,nan,nan,nan,nan,nan,nan,nan,nan,nan,nan,nan,nan,nan,0.9350570675306875,0.0,0.0,-1.02791611905526,-0.8979216240628553,0.00014612920251561948,2.9443970635829696e-05,nan,nan,nan,nan,nan,nan,nan,nan,nan,nan,nan,nan,nan,nan,nan,nan,nan,nan,nan,nan,nan,nan,nan,nan,nan,nan,nan,nan,nan,nan,nan,nan,nan,nan,nan,nan,nan,nan,nan,nan,nan,nan,nan,nan,nan,nan,nan,nan,nan,0.03727252456016762
1791062915.497796,-0.20390113423469072,-0.3094755299434338,1.395526689384537,-0.2689904014342184,2.3164401151230183,0.06641679248764369,0.5658329968175284,0.0,0.0,-0.6799346904999934,0.718628082168795,-0.22916519343823694,-0.004247940877557513,0.4071557463617438,0.0,0.0,2.320238874734395,1.8911100710919604,0.1377868360361014,0.07143647696466773,nan,nan,nan,nan,nan,nan,nan,0.401263021689988,0.0,0.0,-1.564691100940751,2.1644966889463166,-0.14462262024072134,0.1296356397919433,0.8767826091546944,0.0,0.0,-0.03789562357817636,0.874594024995536,0.1038300020855516,-0.1932855369949897,nan,nan,nan,nan,nan,nan,nan,nan,nan,nan,nan,nan,nan,nan,0.9350570675306875,0.0,0.0,-1.027918430482442,-0.8979139687102013,-0.0006781875351173812,1.58794955117125e-05,nan,nan,nan,nan,nan,nan,nan,nan,nan,nan,nan,nan,nan,nan,nan,nan,nan,nan,nan,nan,nan,nan,nan,nan,nan,nan,nan,nan,nan,nan,nan,nan,nan,nan,nan,nan,nan,nan,nan,nan,nan,nan,nan,nan,nan,nan,nan,nan,nan,0.0364419095984291
1791062915.598686,-0.20325220899921817,-0.30574087665354077,1.3952709495231475,-0.2582084441229566,2.2995362947812517,0.07007780872271288,0.5658329968175284,0.0,0.0,-0.6997514301058438,0.7201789493848643,-0.2108003638644559,0.008763128534170573,0.4071557463617438,0.0,0.0,2.3314580799318114,1.896147668193161,0.12242097314118945,0.06574095102416659,nan,nan,nan,nan,nan,nan,nan,0.401263021689988,0.0,0.0,-1.5785470234369958,2.176929460208613,-0.14001613917044348,0.12869913879046588,0.8833677925607312,0.0,0.0,-0.027111621690202776,0.8543764021244765,0.10164565364511718,-0.19722333514249296,nan,nan,nan,nan,nan,nan,nan,nan,nan,nan,nan,nan,nan,nan,0.9350570675306875,0.0,0.0,-1.0279439039242069,-0.8979166598362801,-0.000720311147965497,-1.3709143483613558e-05,nan,nan,nan,nan,nan,nan,nan,nan,nan,nan,nan,nan,nan,nan,nan,nan,nan,nan,nan,nan,nan,nan,nan,nan,nan,nan,nan,nan,nan,nan,nan,nan,nan,nan,nan,nan,nan,nan,nan,nan,nan,nan,nan,nan,nan,nan,nan,nan,nan,0.040610249096849495
1791062915.6986098,-0.20257702874227873,-0.3016089216182225,1.3950270072716198,-0.24936140793827039,2.283286298027924,0.07319907270079307,0.5658329968175284,0.0,0.0,-0.7221861045939587,0.7213458128342594,-0.22602719129377644,0.010909874151770256,0.4071557463617438,0.0,0.0,2.3474855577175138,1.9033202538171046,0.14211431472919378,0.06443518347439774,nan,nan,nan,nan,nan,nan,nan,0.401263021689988,0.0,0.0,-1.592978158953584,2.189676007921665,-0.14085803627206953,0.14961266440550847,0.8698382463346257,0.0,0.0,-0.016419738316875716,0.8348725491541077,0.11320008859979522,-0.19852545051361037,nan,nan,nan,nan,nan,nan,nan,nan,nan,nan,nan,nan,nan,nan,0.9350570675306875,0.0,0.0,-1.0279181813146598,-0.8979095292332331,0.0008902529933174379,-0.000700165428679568,nan,nan,nan,nan,nan,nan,nan,nan,nan,nan,nan,nan,nan,nan,nan,nan,nan,nan,nan,nan,nan,nan,nan,nan,nan,nan,nan,nan,nan,nan,nan,nan,nan,nan,nan,nan,nan,nan,nan,nan,nan,nan,nan,nan,nan,nan,nan,nan,nan,0.04691429253064904
1791062915.7986171,-0.20163282940909646,-0.29669292042008394,1.3954684707528366,-0.24024042773246113,2.2677217147816306,0.07652882331503258,0.5658329968175284,0.0,0.0,-0.7447906970737989,0.7223799394002749,-0.21717588163417037,0.007625146729254635,0.4071557463617438,0.0,0.0,2.3593522577835455,1.9089002433917057,0.12021772710288336,0.048755954583284904,nan,nan,nan,nan,nan,nan,nan,0.401263021689988,0.0,0.0,-1.607655838712602,2.201812811287109,-0.15100971079457232,0.12718813243497998,0.8764395191527388,0.0,0.0,-0.005798282727099094,0.8150583359164775,0.11942867555535958,-0.21601135833161061,nan,nan,nan,nan,nan,nan,nan,nan,nan,nan,nan,nan,nan,nan,0.9350570675306875,0.0,0.0,-1.0279417940044018,-0.8978754569007229,-0.0012315827323471187,-1.364706000758435e-05,nan,nan,nan,nan,nan,nan,nan,nan,nan,nan,nan,nan,nan,nan,nan,nan,nan,nan,nan,nan,nan,nan,nan,nan,nan,nan,nan,nan,nan,nan,nan,nan,nan,nan,nan,nan,nan,nan,nan,nan,nan,nan,nan,nan,nan,nan,nan,nan,nan,0.04898759839455283
1791062915.8989966,-0.20065775520331802,-0.2914656046390601,1.3992940444061406,-0.23197817598060805,2.2528533335556116,0.07964381614243848,0.5658329968175284,0.0,0.0,-0.7655969942202694,0.7233150535353987,-0.21394853215732398,0.013191656967657287,0.4071557463617438,0.0,0.0,2.373523432962968,1.9153807017985862,0.11419148080699121,0.05205071667868716,nan,nan,nan,nan,nan,nan,nan,0.401263021689988,0.0,0.0,-1.6223472309425282,2.214697835734623,-0.14493796364514197,0.12705532477291734,0.8869446632686987,0.0,0.0,0.005133144309715263,0.7947402672328113,0.11272636402893355,-0.21490873738052305,nan,nan,nan,nan,nan,nan,nan,nan,nan,nan,nan,nan,nan,nan,0.9350570675306875,0.0,0.0,-1.0279489575742338,-0.8978936790586266,-0.0001105555924753139,-0.000550583188227093,nan,nan,nan,nan,nan,nan,nan,nan,nan,nan,nan,nan,nan,nan,nan,nan,nan,nan,nan,nan,nan,nan,nan,nan,nan,nan,nan,nan,nan,nan,nan,nan,nan,nan,nan,nan,nan,nan,nan,nan,nan,nan,nan,nan,nan,nan,nan,nan,nan,0.05315283860374954
1791062915.99865,-0.19971831668838597,-0.28588350732644136,1.3992962796125723,-0.22470844733489045,2.2387058484513536,0.0824626042839246,0.5658329968175284,0.0,0.0,-0.7853745297080641,0.7243255074096432,-0.22170705193840196,0.010012225790046993,0.4071557463617438,0.0,0.0,2.3882107251691695,1.922092276413856,0.15348932624258813,0.06810786465408505,nan,nan,nan,nan,nan,nan,nan,0.401263021689988,0.0,0.0,-1.6348654619003276,2.22588836726986,-0.0926441491349004,0.12127749236184174,0.8952262296118007,0.0,0.0,0.016490656415726404,0.773786608112898,0.1075624053630179,-0.20233368596800677,nan,nan,nan,nan,nan,nan,nan,nan,nan,nan,nan,nan,nan,nan,0.9350570675306875,0.0,0.0,-1.0279415707845572,-0.8979073776047182,0.000304870897392101,-0.00025548882847354075,nan,nan,nan,nan,nan,nan,nan,nan,nan,nan,nan,nan,nan,nan,nan,nan,nan,nan,nan,nan,nan,nan,nan,nan,nan,nan,nan,nan,nan,nan,nan,nan,nan,nan,nan,nan,nan,nan,nan,nan,nan,nan,nan,nan,nan,nan,nan,nan,nan,0.058033289587471795
1791062916.098559,-0.1985413101183899,-0.2802682579447413,1.39959097367143,-0.2179819858828992,2.2253133922465738,0.08513592671259707,0.5658329968175284,0.0,0.0,-0.8082159584363997,0.7252934304763909,-0.2117878183033059,0.008474805549937974,0.4071557463617438,0.0,0.0,2.404473998338372,1.9295996562947895,0.16912875150914447,0.07592783256543209,nan,nan,nan,nan,nan,nan,nan,0.401263021689988,0.0,0.0,-1.6495222402569198,2.2387431619039235,-0.12510439833808756,0.09527299313764517,0.8952930307636386,0.0,0.0,0.027958719255852808,0.7528675860262711,0.10677810468518906,-0.201874959005241,nan,nan,nan,nan,nan,nan,nan,nan,nan,nan,nan,nan,nan,nan,0.9350570675306875,0.0,0.0,-1.0279277184464717,-0.897916897014661,0.00018766715970502514,-0.00010183423791624015,nan,nan,nan,nan,nan,nan,nan,nan,nan,nan,nan,nan,nan,nan,nan,nan,nan,nan,nan,nan,nan,nan,nan,nan,nan,nan,nan,nan,nan,nan,nan,nan,nan,nan,nan,nan,nan,nan,nan,nan,nan,nan,nan,nan,nan,nan,nan,nan,nan,0.05850853644588877
1791062916.1986263,-0.19745500352139986,-0.274140112647326,1.3998037399171437,-0.21251477908277167,2.2126837322147535,0.0873549597938766,0.5658329968175284,0.0,0.0,-0.8281617122877621,0.72639363020111,-0.18484492300001742,0.01172667553351659,0.4071557463617438,0.0,0.0,2.418709615165091,1.9361255702816154,0.15100771455922246,0.0747332794987077,nan,nan,nan,nan,nan,nan,nan,0.401263021689988,0.0,0.0,-1.660778663630322,2.2493152377099275,-0.10599628001079739,0.10651072512437712,0.9023531873191005,0.0,0.0,0.039144402232540204,0.7325589299671897,0.1034839990258641,-0.18655364278714945,nan,nan,nan,nan,nan,nan,nan,nan,nan,nan,nan,nan,nan,nan,0.9350570675306875,0.0,0.0,-1.0279215213840882,-0.8979242872827405,0.000566275175187071,-0.0004770124734446264,nan,nan,nan,nan,nan,nan,nan,nan,nan,nan,nan,nan,nan,nan,nan,nan,nan,nan,nan,nan,nan,nan,nan,nan,nan,nan,nan,nan,nan,nan,nan,nan,nan,nan,nan,nan,nan,nan,nan,nan,nan,nan,nan,nan,nan,nan,nan,nan,nan,0.06540216234516782
1791062916.2986836,-0.1962258002906958,-0.26799786900200123,1.4002322158582188,-0.20840954765217126,2.200869904703499,0.08904839619301991,0.5658329968175284,0.0,0.0,-0.8489094767036869,0.7271907756383137,-0.19280393713400515,0.0070112555429133906,0.4071557463617438,0.0,0.0,2.4349009664122736,1.9437444280244893,0.14109656604986112,0.07952533610579311,nan,nan,nan,nan,nan,nan,nan,0.401263021689988,0.0,0.0,-1.6716290120180215,2.2595911961867903,-0.057071538943334804,0.09084745777521472,0.8801759143764866,0.0,0.0,0.05024579505704055,0.7124177680204455,0.11165870228146665,-0.1902714708454688,nan,nan,nan,nan,nan,nan,nan,nan,nan,nan,nan,nan,nan,nan,0.9350570675306875,0.0,0.0,-1.0279272391188363,-0.8979223648915124,-0.00022682273753832268,-0.0002807706713701931,nan,nan,nan,nan,nan,nan,nan,nan,nan,nan,nan,nan,nan,nan,nan,nan,nan,nan,nan,nan,nan,nan,nan,nan,nan,nan,nan,nan,nan,nan,nan,nan,nan,nan,nan,nan,nan,nan,nan,nan,nan,nan,nan,nan,nan,nan,nan,nan,nan,0.061854580387584845
1791062916.3991024,-0.1951104948048818,-0.2612265172796268,1.4000052721935998,-0.20450464049504935,2.189862795051024,0.0906808184155237,0.5658329968175284,0.0,0.0,-0.8675884546507824,0.7281571035274278,-0.1966115257451208,0.009018560729289814,0.4071557463617438,0.0,0.0,2.452848082137038,1.9518126839218808,0.1657447154853273,0.08732035612887945,nan,nan,nan,nan,nan,nan,nan,0.401263021689988,0.0,0.0,-1.6827853483320079,2.2689904301236994,-0.09344560518860456,0.08091188051981718,0.9005856050233657,0.0,0.0,0.060748755295861004,0.6928348674177887,0.11688291304664719,-0.2123944168952888,nan,nan,nan,nan,nan,nan,nan,nan,nan,nan,nan,nan,nan,nan,0.9350570675306875,0.0,0.0,-1.0279288308707804,-0.8979279623250463,-5.5581700912851165e-05,-0.0002699746947174417,nan,nan,nan,nan,nan,nan,nan,nan,nan,nan,nan,nan,nan,nan,nan,nan,nan,nan,nan,nan,nan,nan,nan,nan,nan,nan,nan,nan,nan,nan,nan,nan,nan,nan,nan,nan,nan,nan,nan,nan,nan,nan,nan,nan,nan,nan,nan,nan,nan,0.07622504262457677
1791062916.4977324,-0.1938119893672217,-0.2545311239946919,1.39995217363796,-0.19955832113249866,2.179566900312442,0.09277879409234618,0.5658329968175284,0.0,0.0,-0.886869061921973,0.7291311544316685,-0.18615923123365358,0.010912828105124728,0.4071557463617438,0.0,0.0,2.4701200172359274,1.9595581332777663,0.1745227924754238,0.0645689938453724,nan,nan,nan,nan,nan,nan,nan,0.401263021689988,0.0,0.0,-1.6920369068293577,2.277008736342821,-0.09113944698550884,0.07651754398888921,0.9073763930458507,0.0,0.0,0.07141177142147545,0.6729798008189387,0.10893026358079255,-0.2133276087743754,nan,nan,nan,nan,nan,nan,nan,nan,nan,nan,nan,nan,nan,nan,0.9350570675306875,0.0,0.0,-1.0279308806458383,-0.8979096037660246,0.0006014206369474429,0.00012046381555058623,nan,nan,nan,nan,nan,nan,nan,nan,nan,nan,nan,nan,nan,nan,nan,nan,nan,nan,nan,nan,nan,nan,nan,nan,nan,nan,nan,nan,nan,nan,nan,nan,nan,nan,nan,nan,nan,nan,nan,nan,nan,nan,nan,nan,nan,nan,nan,nan,nan,0.06893908838902785
1791062916.5984492,-0.19250626295117995,-0.24675748930844169,1.3997586922681806,-0.19503879634124263,2.169882671301733,0.09472516444968096,0.5658329968175284,0.0,0.0,-0.9062161405917616,0.7302007197701077,-0.20308302432441624,0.010046257880880307,0.4071557463617438,0.0,0.0,2.485399842572158,1.9663384232846015,0.1373704686302761,0.026312249534259605,nan,nan,nan,nan,nan,nan,nan,0.401263021689988,0.0,0.0,-1.7015824878804018,2.285716158240091,-0.1009913378780246,0.08333039895230024,0.9186160206720211,0.0,0.0,0.08278915652626444,0.6522560898331347,0.10691285971177403,-0.21961495021874278,nan,nan,nan,nan,nan,nan,nan,nan,nan,nan,nan,nan,nan,nan,0.9350570675306875,0.0,0.0,-1.027945558100785,-0.8979134296475212,0.0005498985630456953,0.00010094516099054863,nan,nan,nan,nan,nan,nan,nan,nan,nan,nan,nan,nan,nan,nan,nan,nan,nan,nan,nan,nan,nan,nan,nan,nan,nan,nan,nan,nan,nan,nan,nan,nan,nan,nan,nan,nan,nan,nan,nan,nan,nan,nan,nan,nan,nan,nan,nan,nan,nan,0.07557549592852894
1791062916.6984594,-0.19126025855284412,-0.24000471753115515,1.399869865732545,-0.19187695335148153,2.160836233556713,0.09610348007400511,0.5658329968175284,0.0,0.0,-0.9252880758966395,0.7311599136854876,-0.18105406751289338,0.010458216702864651,0.4071557463617438,0.0,0.0,2.5030600342339997,1.9745291021404991,0.16584986209503752,0.07129996738539225,nan,nan,nan,nan,nan,nan,nan,0.401263021689988,0.0,0.0,-1.7114683184030088,2.2945151470721217,-0.1049904340124733,0.08838395924933636,0.8993844357522722,0.0,0.0,0.09413528518080834,0.6313294959483323,0.111713230745535,-0.19899589394019637,nan,nan,nan,nan,nan,nan,nan,nan,nan,nan,nan,nan,nan,nan,0.9350570675306875,0.0,0.0,-1.027932783602817,-0.8979233224825186,0.00020275096539806918,-0.000207733441242372,nan,nan,nan,nan,nan,nan,nan,nan,nan,nan,nan,nan,nan,nan,nan,nan,nan,nan,nan,nan,nan,nan,nan,nan,nan,nan,nan,nan,nan,nan,nan,nan,nan,nan,nan,nan,nan,nan,nan,nan,nan,nan,nan,nan,nan,nan,nan,nan,nan,0.07281700384926018
1791062916.798724,-0.1897201521168661,-0.23215116466095465,1.4008695437499912,-0.18886711761732433,2.1524251946018165,0.09742821492452075,0.5658329968175284,0.0,0.0,-0.9442869239060802,0.7320346276813935,-0.18941933417284854,0.006777892776230436,0.4071557463617438,0.0,0.0,2.51843751695734,1.981604920256933,0.15995297954616863,0.0745036812379085,nan,nan,nan,nan,nan,nan,nan,0.401263021689988,0.0,0.0,-1.7218702894923084,2.3038801428003075,-0.10766087894754969,0.09712737699523134,0.9062704914660671,0.0,0.0,0.1053956515585184,0.6104082854287961,0.11082269418096798,-0.19830275026916505,nan,nan,nan,nan,nan,nan,nan,nan,nan,nan,nan,nan,nan,nan,0.9350570675306875,0.0,0.0,-1.0279330006611498,-0.8979175255523236,5.852493142436461e-05,-0.00013136512306529763,nan,nan,nan,nan,nan,nan,nan,nan,nan,nan,nan,nan,nan,nan,nan,nan,nan,nan,nan,nan,nan,nan,nan,nan,nan,nan,nan,nan,nan,nan,nan,nan,nan,nan,nan,nan,nan,nan,nan,nan,nan,nan,nan,nan,nan,nan,nan,nan,nan,0.07846743779339826
1791062916.8983254,-0.18847524274458835,-0.22482793046133773,1.400340470757674,-0.18624021306672037,2.1446137545376254,0.09859448340911972,0.5658329968175284,0.0,0.0,-0.9625086943517163,0.7328388957028796,-0.18525486689943874,0.0077458032194091565,0.4071557463617438,0.0,0.0,2.533998585441396,1.9887532231294507,0.08804384683450728,0.04847611755868135,nan,nan,nan,nan,nan,nan,nan,0.401263021689988,0.0,0.0,-1.7328194070809753,2.313555859121227,-0.09435502665549636,0.09875282149130925,0.9131982574672693,0.0,0.0,0.11643499161474324,0.5896646779185233,0.10532868819968758,-0.1986689692371535,nan,nan,nan,nan,nan,nan,nan,nan,nan,nan,nan,nan,nan,nan,0.9350570675306875,0.0,0.0,-1.0279318009761345,-0.897942264501393,0.00011398918625369868,-6.272274577358351e-06,nan,nan,nan,nan,nan,nan,nan,nan,nan,nan,nan,nan,nan,nan,nan,nan,nan,nan,nan,nan,nan,nan,nan,nan,nan,nan,nan,nan,nan,nan,nan,nan,nan,nan,nan,nan,nan,nan,nan,nan,nan,nan,nan,nan,nan,nan,nan,nan,nan,0.0836330243774814
1791062916.9982288,-0.1870337229824756,-0.21667734335318248,1.4002020527132355,-0.18708069312688372,2.137486508882196,0.09822031535753016,0.5658329968175284,0.0,0.0,-0.9806761397015559,0.7337453046245221,-0.1829315476775688,0.011541879532212574,0.4071557463617438,0.0,0.0,2.548657731998782,1.9957918740629654,0.11785881160394485,0.060592696046586604,nan,nan,nan,nan,nan,nan,nan,0.401263021689988,0.0,0.0,-1.7439274016889916,2.3236300988324317,-0.08438795489198003,0.12354981236094129,0.9123583527212386,0.0,0.0,0.12697416868767716,0.5690999749677759,0.10780260168911569,-0.2084672200615842,nan,nan,nan,nan,nan,nan,nan,nan,nan,nan,nan,nan,nan,nan,0.9350570675306875,0.0,0.0,-1.0279530511799224,-0.8979329583070776,-0.0010291058106416564,0.00017593454642638075,nan,nan,nan,nan,nan,nan,nan,nan,nan,nan,nan,nan,nan,nan,nan,nan,nan,nan,nan,nan,nan,nan,nan,nan,nan,nan,nan,nan,nan,nan,nan,nan,nan,nan,nan,nan,nan,nan,nan,nan,nan,nan,nan,nan,nan,nan,nan,nan,nan,0.10745073568194084
1791062917.0983279,-0.185211889149833,-0.20776933403888892,1.3984577887384537,-0.18448392977956887,2.130969353466173,0.09937944310862722,0.5658329968175284,0.0,0.0,-0.9991046405118521,0.7346366044311053,-0.17953684137572956,0.00705354724616237,0.4071557463617438,0.0,0.0,2.5588912480723187,2.0003498129230954,0.11662285834372843,0.05319763644270972,nan,nan,nan,nan,nan,nan,nan,0.401263021689988,0.0,0.0,-1.7538400536530754,2.331862994869523,-0.07181741480459607,0.06823036245308475,0.920095831852925,0.0,0.0,0.1374377656766503,0.5495044385055643,0.11556749276618264,-0.21311159945687314,nan,nan,nan,nan,nan,nan,nan,nan,nan,nan,nan,nan,nan,nan,0.9350570675306875,0.0,0.0,-1.027923912871288,-0.8979347098864306,-0.00010766855451497132,0.0005920238210179698,nan,nan,nan,nan,nan,nan,nan,nan,nan,nan,nan,nan,nan,nan,nan,nan,nan,nan,nan,nan,nan,nan,nan,nan,nan,nan,nan,nan,nan,nan,nan,nan,nan,nan,nan,nan,nan,nan,nan,nan,nan,nan,nan,nan,nan,nan,nan,nan,nan,0.09633208663705659
1791062917.1989377,-0.18353540950056343,-0.19803841481999465,1.3978881446964593,-0.17859632613431586,2.124773180418856,0.10204124650374445,0.5658329968175284,0.0,0.0,-1.0169751134138614,0.7355080941139053,-0.17497726759453944,0.007879805648249201,0.4071557463617438,0.0,0.0,2.5713659606630115,2.005723314311424,0.12632734867167533,0.0862410391309949,nan,nan,nan,nan,nan,nan,nan,0.401263021689988,0.0,0.0,-1.7656435950146547,2.341480403463194,-0.10264085499903594,0.08271447483501035,0.9246142834215586,0.0,0.0,0.14822802631075985,0.5291595051577913,0.1078279585474836,-0.2126828888634535,nan,nan,nan,nan,nan,nan,nan,nan,nan,nan,nan,nan,nan,nan,0.9350570675306875,0.0,0.0,-1.0279147896514451,-0.8979054529823912,-0.0002111343782714449,0.0003664384708523088,nan,nan,nan,nan,nan,nan,nan,nan,nan,nan,nan,nan,nan,nan,nan,nan,nan,nan,nan,nan,nan,nan,nan,nan,nan,nan,nan,nan,nan,nan,nan,nan,nan,nan,nan,nan,nan,nan,nan,nan,nan,nan,nan,nan,nan,nan,nan,nan,nan,0.07207974238226526
1791062917.2984545,-0.18201818989799473,-0.18977531212570461,1.3938345742393197,-0.17538814061731292,2.118862497093444,0.10351125988974991,0.5658329968175284,0.0,0.0,-1.03503513803346,0.7361874330603677,-0.18488766178358115,0.005987959281987294,0.4071557463617438,0.0,0.0,2.5814312577429583,2.0105900284068947,0.08873016121221927,0.0360141816188564,nan,nan,nan,nan,nan,nan,nan,0.401263021689988,0.0,0.0,-1.774615927649848,2.3493325460377172,-0.06861210560741732,0.06612249939047155,0.9194305120144755,0.0,0.0,0.15881779594153986,0.5084857385280988,0.10296082732664731,-0.20781494869510225,nan,nan,nan,nan,nan,nan,nan,nan,nan,nan,nan,nan,nan,nan,0.9350570675306875,0.0,0.0,-1.027938366354746,-0.8979064312439232,-0.0009334694304450094,-0.0004447050071622571,nan,nan,nan,nan,nan,nan,nan,nan,nan,nan,nan,nan,nan,nan,nan,nan,nan,nan,nan,nan,nan,nan,nan,nan,nan,nan,nan,nan,nan,nan,nan,nan,nan,nan,nan,nan,nan,nan,nan,nan,nan,nan,nan,nan,nan,nan,nan,nan,nan,0.08065709152566324
1791062917.399088,-0.1806602369868822,-0.18258720598419928,1.3931850927848222,-0.17196331771172313,2.113288675717967,0.1050956711010703,0.5658329968175284,0.0,0.0,-1.050973109505634,0.73684899605177,-0.17442318515350924,0.008458512209242342,0.4071557463617438,0.0,0.0,2.591092481642239,2.0153196831598335,0.08520937930777175,0.059240848637948124,nan,nan,nan,nan,nan,nan,nan,0.401263021689988,0.0,0.0,-1.7849581098930347,2.357645274400381,-0.10167949259026823,0.0755345465365399,0.919086970162817,0.0,0.0,0.16838781264118075,0.4898719405024002,0.09803429497818095,-0.1894519836536701,nan,nan,nan,nan,nan,nan,nan,nan,nan,nan,nan,nan,nan,nan,0.9350570675306875,0.0,0.0,-1.0279341049712485,-0.8979081103369048,-0.0010514755255091799,1.4204740545769917e-05,nan,nan,nan,nan,nan,nan,nan,nan,nan,nan,nan,nan,nan,nan,nan,nan,nan,nan,nan,nan,nan,nan,nan,nan,nan,nan,nan,nan,nan,nan,nan,nan,nan,nan,nan,nan,nan,nan,nan,nan,nan,nan,nan,nan,nan,nan,nan,nan,nan,0.07976351645450971
1791062917.4981117,-0.17906843760281274,-0.17348864479959525,1.3924806417813216,-0.1685357640791113,2.1080263613934758,0.10669688876298873,0.5658329968175284,0.0,0.0,-1.0710871658097232,0.7376560206767625,-0.18911291163982885,0.007363005751832748,0.4071557463617438,0.0,0.0,2.600785347422251,2.0199714707629584,0.07328976721758895,0.03782316772507327,nan,nan,nan,nan,nan,nan,nan,0.401263021689988,0.0,0.0,-1.7933981853279892,2.3654550594761226,-0.02984290102911348,0.04290057461125167,0.9266893852833671,0.0,0.0,0.17989936515525137,0.46781538460889893,0.09480898330198217,-0.18230154254777692,nan,nan,nan,nan,nan,nan,nan,nan,nan,nan,nan,nan,nan,nan,0.9350570675306875,0.0,0.0,-1.0279372109494018,-0.897912392200847,-0.0014415060773368127,0.00030485959641019753,nan,nan,nan,nan,nan,nan,nan,nan,nan,nan,nan,nan,nan,nan,nan,nan,nan,nan,nan,nan,nan,nan,nan,nan,nan,nan,nan,nan,nan,nan,nan,nan,nan,nan,nan,nan,nan,nan,nan,nan,nan,nan,nan,nan,nan,nan,nan,nan,nan,0.09113650175829516
1791062917.5983012,-0.17761695143512374,-0.16507028078508656,1.391459843275682,-0.16634921086086224,2.1030803708745465,0.10772643189762224,0.5658329968175284,0.0,0.0,-1.0889216689121801,0.7384442012822664,-0.1782759271447435,0.007633999796443075,0.4071557463617438,0.0,0.0,2.6134308114967464,2.025704827654854,0.12057134014393066,0.06061508848184378,nan,nan,nan,nan,nan,nan,nan,0.401263021689988,0.0,0.0,-1.8019311807300118,2.37290046743611,-0.05433972304534815,0.02470789664576261,0.9180426015576053,0.0,0.0,0.19026959005023378,0.4483912424756923,0.10461872918377832,-0.1915281009796373,nan,nan,nan,nan,nan,nan,nan,nan,nan,nan,nan,nan,nan,nan,0.9350570675306875,0.0,0.0,-1.0279125246794627,-0.8979388597936966,0.00041425633419446534,-0.000849659165473987,nan,nan,nan,nan,nan,nan,nan,nan,nan,nan,nan,nan,nan,nan,nan,nan,nan,nan,nan,nan,nan,nan,nan,nan,nan,nan,nan,nan,nan,nan,nan,nan,nan,nan,nan,nan,nan,nan,nan,nan,nan,nan,nan,nan,nan,nan,nan,nan,nan,0.09131912721373558
1791062917.698696,-0.1760895840904774,-0.15597479818366333,1.3901682835684444,-0.16460887798335783,2.0984866827350475,0.10855034011810893,0.5658329968175284,0.0,0.0,-1.1074088503435517,0.7393617054780234,-0.18685889996429428,0.008420956013184155,0.4071557463617438,0.0,0.0,2.6239078256993857,2.030726805375845,0.05753210222715915,0.03566469371099601,nan,nan,nan,nan,nan,nan,nan,0.401263021689988,0.0,0.0,-1.8082902258346538,2.3786168769768072,-0.07983315708684686,0.06479791904248135,0.9170377771625952,0.0,0.0,0.20007507544602313,0.42932921255386,0.10550497888747701,-0.2049655587932873,nan,nan,nan,nan,nan,nan,nan,nan,nan,nan,nan,nan,nan,nan,0.9350570675306875,0.0,0.0,-1.0279260660477,-0.8979283529506239,0.0001686822576215059,-0.000659743733724711,nan,nan,nan,nan,nan,nan,nan,nan,nan,nan,nan,nan,nan,nan,nan,nan,nan,nan,nan,nan,nan,nan,nan,nan,nan,nan,nan,nan,nan,nan,nan,nan,nan,nan,nan,nan,nan,nan,nan,nan,nan,nan,nan,nan,nan,nan,nan,nan,nan,0.08774748499341677
1791062917.7991962,-0.17448643707832168,-0.14686436096721553,1.3892880791904998,-0.16229149284690983,2.09419698560191,0.10965355461309777,0.5658329968175284,0.0,0.0,-1.1237620427979405,0.7400533207507354,-0.1842929861398208,0.007412410395175992,0.4071557463617438,0.0,0.0,2.6259939590462698,2.0316167787853967,0.17156268786492007,0.07597119662915187,nan,nan,nan,nan,nan,nan,nan,0.401263021689988,0.0,0.0,-1.81363188512045,2.3832764583355246,-0.08227900576547352,0.07901834138232805,0.9216188800763829,0.0,0.0,0.20930367693454519,0.4118039866952379,0.09830021051397304,-0.1881848575236267,nan,nan,nan,nan,nan,nan,nan,nan,nan,nan,nan,nan,nan,nan,0.9350570675306875,0.0,0.0,-1.027915187441126,-0.8979151767140382,-0.0002696700274435026,0.00020331417720555563,nan,nan,nan,nan,nan,nan,nan,nan,nan,nan,nan,nan,nan,nan,nan,nan,nan,nan,nan,nan,nan,nan,nan,nan,nan,nan,nan,nan,nan,nan,nan,nan,nan,nan,nan,nan,nan,nan,nan,nan,nan,nan,nan,nan,nan,nan,nan,nan,nan,0.09288057695225141
1791062917.8980215,-0.17303479687629134,-0.13819781104736775,1.3882306997739913,-0.1594648133762849,2.0901927295890617,0.11100862998229787,0.5658329968175284,0.0,0.0,-1.1439359373960112,0.7409680023424218,-0.18935603398635364,0.004790553057131603,0.4071557463617438,0.0,0.0,2.6259939590462698,2.0316167787853967,0.17156268786492007,0.07597119662915187,nan,nan,nan,nan,nan,nan,nan,0.401263021689988,0.0,0.0,-1.8224698811820703,2.3912257316961014,-0.10300898808815474,0.07713790471795758,0.9223946271552357,0.0,0.0,0.22090258438233407,0.3899423416849089,0.09475201250955945,-0.18436593143314328,nan,nan,nan,nan,nan,nan,nan,nan,nan,nan,nan,nan,nan,nan,0.9350570675306875,0.0,0.0,-1.0279263233087192,-0.8979069165041534,-0.00063848526212367,0.00045151584183219325,nan,nan,nan,nan,nan,nan,nan,nan,nan,nan,nan,nan,nan,nan,nan,nan,nan,nan,nan,nan,nan,nan,nan,nan,nan,nan,nan,nan,nan,nan,nan,nan,nan,nan,nan,nan,nan,nan,nan,nan,nan,nan,nan,nan,nan,nan,nan,nan,nan,0.0916802304721815
1791062917.9980934,-0.1713063495600659,-0.12917618070502573,1.3879791793396794,-0.1567013523235281,2.086363501343398,0.11234332258167533,0.5658329968175284,0.0,0.0,-1.1615382067511955,0.7409864137295707,-0.1970405392502232,0.009485359092640294,0.4071557463617438,0.0,0.0,2.6259939590462698,2.0316167787853967,0.17156268786492007,0.07597119662915187,nan,nan,nan,nan,nan,nan,nan,0.401263021689988,0.0,0.0,-1.8317540129967367,2.3991079285263894,-0.10466089072172159,0.08293184137510035,0.9207979441204311,0.0,0.0,0.2309735908843666,0.3708984501739016,0.09927399107748902,-0.1835324007545192,nan,nan,nan,nan,nan,nan,nan,nan,nan,nan,nan,nan,nan,nan,0.9350570675306875,0.0,0.0,-1.0279204851370274,-0.897912630957784,0.0011521591716895435,-0.00020420557363527914,nan,nan,nan,nan,nan,nan,nan,nan,nan,nan,nan,nan,nan,nan,nan,nan,nan,nan,nan,nan,nan,nan,nan,nan,nan,nan,nan,nan,nan,nan,nan,nan,nan,nan,nan,nan,nan,nan,nan,nan,nan,nan,nan,nan,nan,nan,nan,nan,nan,0.09052091208552145
1791062918.0994089,-0.16962319427870184,-0.12013715202041686,1.3873885889113293,-0.1530740143494726,2.0827076123146933,0.11411001141054303,0.5658329968175284,0.0,0.0,-1.1805321376180813,0.7419305616036896,-0.2342984940134075,0.011472415977346363,0.4071557463617438,0.0,0.0,2.6259939590462698,2.0316167787853967,0.17156268786492007,0.07597119662915187,nan,nan,nan,nan,nan,nan,nan,0.401263021689988,0.0,0.0,-1.8427675993577879,2.4083801933538806,-0.127432115048008,0.10251451693057634,0.9250515095049113,0.0,0.0,0.23950392829074965,0.35485226220616367,0.09462766805823451,-0.18048723516602233,nan,nan,nan,nan,nan,nan,nan,nan,nan,nan,nan,nan,nan,nan,0.9350570675306875,0.0,0.0,-1.0279286482145558,-0.8979228548321037,-0.00034147059369056694,-0.0002208159468406175,nan,nan,nan,nan,nan,nan,nan,nan,nan,nan,nan,nan,nan,nan,nan,nan,nan,nan,nan,nan,nan,nan,nan,nan,nan,nan,nan,nan,nan,nan,nan,nan,nan,nan,nan,nan,nan,nan,nan,nan,nan,nan,nan,nan,nan,nan,nan,nan,nan,0.08681822812922294
1791062918.1983373,-0.16811653984276503,-0.11119966672264063,1.3868628151664129,-0.14958306732063698,2.0791933314541686,0.1158259389188368,0.5658329968175284,0.0,0.0,-1.2002265465596396,0.7430184132733287,-0.21019393013071658,0.009430032959913952,0.4071557463617438,0.0,0.0,2.6259939590462698,2.0316167787853967,0.17156268786492007,0.07597119662915187,nan,nan,nan,nan,nan,nan,nan,0.401263021689988,0.0,0.0,-1.8529656556317688,2.4176214465280137,-0.12520063936575837,0.1278336636768795,0.9261906114632545,0.0,0.0,0.25036691169703085,0.33457342026922315,0.08940066864553521,-0.17968723073280812,nan,nan,nan,nan,nan,nan,nan,nan,nan,nan,nan,nan,nan,nan,0.9350570675306875,0.0,0.0,-1.0279270552784585,-0.8979135572550391,0.0005035293733256315,0.00042059119065939837,nan,nan,nan,nan,nan,nan,nan,nan,nan,nan,nan,nan,nan,nan,nan,nan,nan,nan,nan,nan,nan,nan,nan,nan,nan,nan,nan,nan,nan,nan,nan,nan,nan,nan,nan,nan,nan,nan,nan,nan,nan,nan,nan,nan,nan,nan,nan,nan,nan,0.09430122429135374
1791062918.297832,-0.16649774406005088,-0.10241371308006347,1.3863807962326073,-0.14695731941737544,2.075840310283459,0.11712661077954623,0.5658329968175284,0.0,0.0,-1.2192766179420775,0.7444589223570974,-0.19752454560941857,0.002902927612919726,0.4071557463617438,0.0,0.0,2.6259939590462698,2.0316167787853967,0.17156268786492007,0.07597119662915187,nan,nan,nan,nan,nan,nan,nan,0.401263021689988,0.0,0.0,-1.8637114705350972,2.4269512596244995,-0.10765637194251239,0.10197916321417419,0.9215324726722374,0.0,0.0,0.26051261282088034,0.3156659148724286,0.09531580500056024,-0.17513374106248739,nan,nan,nan,nan,nan,nan,nan,nan,nan,nan,nan,nan,nan,nan,0.9350570675306875,0.0,0.0,-1.0279184241045023,-0.8979304715170165,0.0003400397833736621,-0.0004243109236069372,nan,nan,nan,nan,nan,nan,nan,nan,nan,nan,nan,nan,nan,nan,nan,nan,nan,nan,nan,nan,nan,nan,nan,nan,nan,nan,nan,nan,nan,nan,nan,nan,nan,nan,nan,nan,nan,nan,nan,nan,nan,nan,nan,nan,nan,nan,nan,nan,nan,0.09622311101674852
1791062918.3977978,-0.16454511103474775,-0.09312449013578761,1.3867640267849994,-0.13297248146938934,1.8782979867006366,0.12419553901682348,0.5658329968175284,0.0,0.0,-1.239433438030547,0.7446537058219171,-0.19349434158271134,-0.04002146643886659,0.4071557463617438,0.0,0.0,2.6259939590462698,2.0316167787853967,0.17156268786492007,0.07597119662915187,nan,nan,nan,nan,nan,nan,nan,0.401263021689988,0.0,0.0,-1.8733357298370268,2.4350033519962317,-0.14325893627417136,0.12160082553670279,0.9215324726722374,0.0,0.0,0.26988953411431627,0.29820466369420234,0.09759332362064779,-0.18261117019266349,nan,nan,nan,nan,nan,nan,nan,nan,nan,nan,nan,nan,nan,nan,0.9350570675306875,0.0,0.0,-1.0279378448749557,-0.8979231590290625,-0.00044985609182060466,-0.00027606714739508286,nan,nan,nan,nan,nan,nan,nan,nan,nan,nan,nan,nan,nan,nan,nan,nan,nan,nan,nan,nan,nan,nan,nan,nan,nan,nan,nan,nan,nan,nan,nan,nan,nan,nan,nan,nan,nan,nan,nan,nan,nan,nan,nan,nan,nan,nan,nan,nan,nan,0.08882650644964495
1791062918.4976113,-0.16286262114249234,-0.0833025583558412,1.3841605453706933,-0.12032493856520914,1.6996455759828577,0.1307855221483063,0.5658329968175284,0.0,0.0,-1.258669096692142,0.7456498859835613,-0.16999803579481937,0.007090589552851837,0.4071557463617438,0.0,0.0,2.6259939590462698,2.0316167787853967,0.17156268786492007,0.07597119662915187,nan,nan,nan,nan,nan,nan,nan,0.401263021689988,0.0,0.0,-1.89203084595664,2.4499355250501766,-0.08156400520171944,0.022742067475514643,0.9215324726722374,0.0,0.0,0.2792492329057303,0.280597534895783,0.0876591466723286,-0.16899110553714186,nan,nan,nan,nan,nan,nan,nan,nan,nan,nan,nan,nan,nan,nan,0.9350570675306875,0.0,0.0,-1.0279308271168632,-0.8979301736663866,0.0003176886917622423,-0.0002473246165082401,nan,nan,nan,nan,nan,nan,nan,nan,nan,nan,nan,nan,nan,nan,nan,nan,nan,nan,nan,nan,nan,nan,nan,nan,nan,nan,nan,nan,nan,nan,nan,nan,nan,nan,nan,nan,nan,nan,nan,nan,nan,nan,nan,nan,nan,nan,nan,nan,nan,0.09802067600016284
1791062918.5977979,-0.16129263374632297,-0.07412045420111994,1.3838395747925973,-0.10887450674230205,1.5379029146279946,0.13690327906985247,0.5658329968175284,0.0,0.0,-1.2763405019964416,0.7463015422633149,-0.14635159975765852,0.04299564909938716,0.4071557463617438,0.0,0.0,2.6259939590462698,2.0316167787853967,0.17156268786492007,0.07597119662915187,nan,nan,nan,nan,nan,nan,nan,0.401263021689988,0.0,0.0,-1.851435228006148,2.3081604803624716,3.842409400029969,-11.5190654281908,0.9215324726722374,0.0,0.0,0.2887877935615658,0.2626561899069855,0.0961191217134886,-0.18155244086875974,nan,nan,nan,nan,nan,nan,nan,nan,nan,nan,nan,nan,nan,nan,0.9350570675306875,0.0,0.0,-1.0279359165842128,-0.8979314346521108,3.161385319225946e-05,-2.7646679635959218e-05,nan,nan,nan,nan,nan,nan,nan,nan,nan,nan,nan,nan,nan,nan,nan,nan,nan,nan,nan,nan,nan,nan,nan,nan,nan,nan,nan,nan,nan,nan,nan,nan,nan,nan,nan,nan,nan,nan,nan,nan,nan,nan,nan,nan,nan,nan,nan,nan,nan,0.09917816220882045
1791062918.6977408,-0.1584993204298242,-0.06448526814302374,1.3862493778696083,-0.09851480581452669,1.3915673331570222,0.14255402561584704,0.5658329968175284,0.0,0.0,-1.2957564968509505,0.7462198670121857,-0.10402643777651532,-0.024779962737915606,0.4071557463617438,0.0,0.0,2.6259939590462698,2.0316167787853967,0.17156268786492007,0.07597119662915187,nan,nan,nan,nan,nan,nan,nan,0.401263021689988,0.0,0.0,-1.9177235154638845,2.4722212207585788,-0.19291022567806504,0.2035934080276627,0.9215324726722374,0.0,0.0,0.29793465615779485,0.24541668091897612,0.09257019172724032,-0.17569756133559816,nan,nan,nan,nan,nan,nan,nan,nan,nan,nan,nan,nan,nan,nan,0.9350570675306875,0.0,0.0,-1.02793009800619,-0.8979179445191099,-0.0005621352393813352,-0.0004370193955145486,nan,nan,nan,nan,nan,nan,nan,nan,nan,nan,nan,nan,nan,nan,nan,nan,nan,nan,nan,nan,nan,nan,nan,nan,nan,nan,nan,nan,nan,nan,nan,nan,nan,nan,nan,nan,nan,nan,nan,nan,nan,nan,nan,nan,nan,nan,nan,nan,nan,0.10403976731434254
1791062918.7978806,-0.15750062610407467,-0.05396271931101438,1.3841115010449678,-0.08913988253661377,1.2591421928287927,0.1477555633015994,0.5658329968175284,0.0,0.0,-1.3108689013372308,0.7472500595438539,-0.14038383744529803,0.007377153641870086,0.4071557463617438,0.0,0.0,2.6259939590462698,2.0316167787853967,0.17156268786492007,0.07597119662915187,nan,nan,nan,nan,nan,nan,nan,0.401263021689988,0.0,0.0,-1.936230866273024,2.487328123292135,-0.144335627956529,0.1716511264424811,0.9215324726722374,0.0,0.0,0.307489511122954,0.2273056955822441,0.09599119412374602,-0.17663452032810192,nan,nan,nan,nan,nan,nan,nan,nan,nan,nan,nan,nan,nan,nan,0.9350570675306875,0.0,0.0,-1.0279304827364644,-0.8979348501863992,7.031438133440587e-06,0.0001683506777349944,nan,nan,nan,nan,nan,nan,nan,nan,nan,nan,nan,nan,nan,nan,nan,nan,nan,nan,nan,nan,nan,nan,nan,nan,nan,nan,nan,nan,nan,nan,nan,nan,nan,nan,nan,nan,nan,nan,nan,nan,nan,nan,nan,nan,nan,nan,nan,nan,nan,0.10604939330607414
1791062918.8982263,-0.15557354153533437,-0.04339155670273063,1.3847816350449578,-0.08065710116331234,1.1393189707679061,0.15252862768220207,0.5658329968175284,0.0,0.0,-1.3210048287077596,0.7470847023479319,-0.16352468884133353,0.016508184340005335,0.4071557463617438,0.0,0.0,2.6259939590462698,2.0316167787853967,0.17156268786492007,0.07597119662915187,nan,nan,nan,nan,nan,nan,nan,0.401263021689988,0.0,0.0,-1.9536135709255593,2.5011564120849146,-0.19534817264889753,0.15996318012863922,0.9215324726722374,0.0,0.0,0.31649825043323454,0.20994875763194584,0.09460483163516889,-0.18134710986326066,nan,nan,nan,nan,nan,nan,nan,nan,nan,nan,nan,nan,nan,nan,0.9350570675306875,0.0,0.0,-1.0279268549288612,-0.8979487123960773,-0.0005731947857830507,-0.00013372528311087308,nan,nan,nan,nan,nan,nan,nan,nan,nan,nan,nan,nan,nan,nan,nan,nan,nan,nan,nan,nan,nan,nan,nan,nan,nan,nan,nan,nan,nan,nan,nan,nan,nan,nan,nan,nan,nan,nan,nan,nan,nan,nan,nan,nan,nan,nan,nan,nan,nan,0.10643980745445218
1791062918.9985793,-0.1527273063060753,-0.03271978941674334,1.3864400751147457,-0.07298246310844485,1.0309111479776536,0.1568970862106219,0.5658329968175284,0.0,0.0,-1.3366246622075282,0.7482434220085583,-0.08330116618923761,0.0559708798419442,0.4071557463617438,0.0,0.0,2.6259939590462698,2.0316167787853967,0.17156268786492007,0.07597119662915187,nan,nan,nan,nan,nan,nan,nan,0.401263021689988,0.0,0.0,-1.9703445732171192,2.5144048584508165,-0.19170393166430955,0.11584956337700299,0.9215324726722374,0.0,0.0,0.3257473538435016,0.19224972519359257,0.08563857471056754,-0.17152081837597133,nan,nan,nan,nan,nan,nan,nan,nan,nan,nan,nan,nan,nan,nan,0.9350570675306875,0.0,0.0,-1.0279296208855873,-0.8979239300419986,-0.0014566421565164894,0.0008028418368822756,nan,nan,nan,nan,nan,nan,nan,nan,nan,nan,nan,nan,nan,nan,nan,nan,nan,nan,nan,nan,nan,nan,nan,nan,nan,nan,nan,nan,nan,nan,nan,nan,nan,nan,nan,nan,nan,nan,nan,nan,nan,nan,nan,nan,nan,nan,nan,nan,nan,0.10484053691178681
1791062919.097772,-0.150609951687532,-0.021526933165295588,1.3869279209292076,-0.06603859236622454,0.9328257524815614,0.1608872341041519,0.5658329968175284,0.0,0.0,-1.3542049924534183,0.7478073078880944,-0.18006149823988077,0.014665845852639229,0.4071557463617438,0.0,0.0,2.6259939590462698,2.0316167787853967,0.17156268786492007,0.07597119662915187,nan,nan,nan,nan,nan,nan,nan,0.401263021689988,0.0,0.0,-1.9877558644197468,2.528158790831945,-0.12446998268363244,0.04334830306676546,0.9215324726722374,0.0,0.0,0.3349916482523042,0.17475120761520713,0.09951074771878297,-0.17977932383946144,nan,nan,nan,nan,nan,nan,nan,nan,nan,nan,nan,nan,nan,nan,0.9350570675306875,0.0,0.0,-1.0279338651484553,-0.8979138803141666,2.6939651327155385e-05,0.0009363924581234736,nan,nan,nan,nan,nan,nan,nan,nan,nan,nan,nan,nan,nan,nan,nan,nan,nan,nan,nan,nan,nan,nan,nan,nan,nan,nan,nan,nan,nan,nan,nan,nan,nan,nan,nan,nan,nan,nan,nan,nan,nan,nan,nan,nan,nan,nan,nan,nan,nan,0.11211200509992252
1791062919.1977959,-0.14879622678677884,-0.009956398819641802,1.3840385891488682,-0.05975418941168478,0.8440556454136199,0.16452665425558088,0.5658329968175284,0.0,0.0,-1.3672625460533925,0.7481744062407766,-0.1448901483818939,0.0031909150434819003,0.4071557463617438,0.0,0.0,2.6259939590462698,2.0316167787853967,0.17156268786492007,0.07597119662915187,nan,nan,nan,nan,nan,nan,nan,0.401263021689988,0.0,0.0,-2.0024883209915196,2.540355958541375,-0.1568720198293351,0.1188232384168052,0.9215324726722374,0.0,0.0,0.3438401750654046,0.15783666289103102,0.08137498492360701,-0.16886669338465796,nan,nan,nan,nan,nan,nan,nan,nan,nan,nan,nan,nan,nan,nan,0.9350570675306875,0.0,0.0,-1.0279402719378985,-0.8979277728587464,-0.0008088175491407977,-0.0002816296833870807,nan,nan,nan,nan,nan,nan,nan,nan,nan,nan,nan,nan,nan,nan,nan,nan,nan,nan,nan,nan,nan,nan,nan,nan,nan,nan,nan,nan,nan,nan,nan,nan,nan,nan,nan,nan,nan,nan,nan,nan,nan,nan,nan,nan,nan,nan,nan,nan,nan,0.12111940350918632
1791062919.2983003,-0.14661267298305342,0.001769212210183091,1.3840857969713214,-0.05406782646825617,0.7637331309334356,0.1678408461101804,0.5658329968175284,0.0,0.0,-1.3856480105656566,0.7487809602841468,-0.20266064327472916,0.012084665358964634,0.4071557463617438,0.0,0.0,2.6259939590462698,2.0316167787853967,0.17156268786492007,0.07597119662915187,nan,nan,nan,nan,nan,nan,nan,0.401263021689988,0.0,0.0,-2.0137292733844405,2.550064412740036,-0.12988236885112406,0.10088082938111856,0.9215324726722374,0.0,0.0,0.35290726759336205,0.14007410311801802,0.09351321390323017,-0.17566236024968898,nan,nan,nan,nan,nan,nan,nan,nan,nan,nan,nan,nan,nan,nan,0.9350570675306875,0.0,0.0,-1.0279419966503196,-0.8979096437162317,-0.0012809622811876527,0.0005286779437762137,nan,nan,nan,nan,nan,nan,nan,nan,nan,nan,nan,nan,nan,nan,nan,nan,nan,nan,nan,nan,nan,nan,nan,nan,nan,nan,nan,nan,nan,nan,nan,nan,nan,nan,nan,nan,nan,nan,nan,nan,nan,nan,nan,nan,nan,nan,nan,nan,nan,0.12734994318252016
1791062919.3978302,-0.14421079277362095,0.014296855629076937,1.3836240433458284,-0.0489225925043805,0.6910543143192165,0.17085541033249085,0.5658329968175284,0.0,0.0,-1.4025361709825248,0.7491150323080072,-0.1648449055121089,0.0006931409754319471,0.4071557463617438,0.0,0.0,2.6259939590462698,2.0316167787853967,0.17156268786492007,0.07597119662915187,nan,nan,nan,nan,nan,nan,nan,0.401263021689988,0.0,0.0,-2.0291156725341284,2.562467723259493,-0.19660115501830355,0.11019960297670699,0.9215324726722374,0.0,0.0,0.36154225722593525,0.12360624923254691,0.08122111635457138,-0.1686529616280399,nan,nan,nan,nan,nan,nan,nan,nan,nan,nan,nan,nan,nan,nan,0.9350570675306875,0.0,0.0,-1.0279316407163308,-0.8979020676171825,0.0004815499124070576,-0.000131353764972437,nan,nan,nan,nan,nan,nan,nan,nan,nan,nan,nan,nan,nan,nan,nan,nan,nan,nan,nan,nan,nan,nan,nan,nan,nan,nan,nan,nan,nan,nan,nan,nan,nan,nan,nan,nan,nan,nan,nan,nan,nan,nan,nan,nan,nan,nan,nan,nan,nan,0.1389306322335875
1791062919.499535,-0.14166628028521233,0.027673025788744608,1.3833510554690331,-0.0442669922892035,0.6252918015465039,0.1735948503731132,0.5658329968175284,0.0,0.0,-1.421205784734873,0.7497263991961424,-0.13113044584297057,-0.02596386831942754,0.4071557463617438,0.0,0.0,2.6259939590462698,2.0316167787853967,0.17156268786492007,0.07597119662915187,nan,nan,nan,nan,nan,nan,nan,0.401263021689988,0.0,0.0,-2.042913874580995,2.574063897424865,-0.16582174667582686,0.12579924819408078,0.9215324726722374,0.0,0.0,0.37060645659241515,0.10637765947784564,0.08628822964024432,-0.17305084181884928,nan,nan,nan,nan,nan,nan,nan,nan,nan,nan,nan,nan,nan,nan,0.9350570675306875,0.0,0.0,-1.027926815277552,-0.8979159403921091,0.0001232503895396495,-0.000733438512125462,nan,nan,nan,nan,nan,nan,nan,nan,nan,nan,nan,nan,nan,nan,nan,nan,nan,nan,nan,nan,nan,nan,nan,nan,nan,nan,nan,nan,nan,nan,nan,nan,nan,nan,nan,nan,nan,nan,nan,nan,nan,nan,nan,nan,nan,nan,nan,nan,nan,0.14811635871057974
1791062919.5976593,-0.1390641838706421,0.04184913843958292,1.382075173850056,-0.04008177965543001,0.5661737315739549,0.1760661737660119,0.5658329968175284,0.0,0.0,-1.4369703710395485,0.7501845278672916,-0.09285794616225496,-0.014970993193986797,0.4071557463617438,0.0,0.0,2.6259939590462698,2.0316167787853967,0.17156268786492007,0.07597119662915187,nan,nan,nan,nan,nan,nan,nan,0.401263021689988,0.0,0.0,-2.0594361287495646,2.5868702445997767,-0.15172164187479956,0.09700866090750485,0.9215324726722374,0.0,0.0,0.37922003975366814,0.08970184425412439,0.08250631274250458,-0.15909610473041746,nan,nan,nan,nan,nan,nan,nan,nan,nan,nan,nan,nan,nan,nan,0.9350570675306875,0.0,0.0,-1.0279245405813882,-0.8979015185747803,0.0005079266728409543,0.00020404594314540623,nan,nan,nan,nan,nan,nan,nan,nan,nan,nan,nan,nan,nan,nan,nan,nan,nan,nan,nan,nan,nan,nan,nan,nan,nan,nan,nan,nan,nan,nan,nan,nan,nan,nan,nan,nan,nan,nan,nan,nan,nan,nan,nan,nan,nan,nan,nan,nan,nan,0.14691772348727242
1791062919.6979678,-0.13646534816352018,0.056105197097783596,1.3804901637373286,-0.036267698494244785,0.5122980658196371,0.1783248444621881,0.5658329968175284,0.0,0.0,-1.4505689630243515,0.7507220855636053,-0.11810697077215182,0.010332195520682673,0.4071557463617438,0.0,0.0,2.6259939590462698,2.0316167787853967,0.17156268786492007,0.07597119662915187,nan,nan,nan,nan,nan,nan,nan,0.401263021689988,0.0,0.0,-2.077799839144877,2.600643948318793,-0.15137583055039677,0.09785650132772794,0.9215324726722374,0.0,0.0,0.38802368675344007,0.07263638715143084,0.08924739513353512,-0.16962992158590182,nan,nan,nan,nan,nan,nan,nan,nan,nan,nan,nan,nan,nan,nan,0.9350570675306875,0.0,0.0,-1.027927154903917,-0.8978925007155607,0.0005358473298929824,0.00011695707838446255,nan,nan,nan,nan,nan,nan,nan,nan,nan,nan,nan,nan,nan,nan,nan,nan,nan,nan,nan,nan,nan,nan,nan,nan,nan,nan,nan,nan,nan,nan,nan,nan,nan,nan,nan,nan,nan,nan,nan,nan,nan,nan,nan,nan,nan,nan,nan,nan,nan,0.1338903167768271
1791062919.7983005,-0.1342790423455898,0.07035703028795631,1.381536997873018,-0.03281637066729709,0.4635464591927272,0.1803735446907031,0.5658329968175284,0.0,0.0,-1.4619471146320495,0.7508084581599772,-0.10702186252852552,-0.012935269765794486,0.4071557463617438,0.0,0.0,2.6259939590462698,2.0316167787853967,0.17156268786492007,0.07597119662915187,nan,nan,nan,nan,nan,nan,nan,0.401263021689988,0.0,0.0,-2.0882887920803697,2.610876164947341,-3.013301545840834,6.062882635637729,0.9215324726722374,0.0,0.0,0.3963330794026953,0.05643952579096523,0.07662144918985783,-0.16099004276197929,nan,nan,nan,nan,nan,nan,nan,nan,nan,nan,nan,nan,nan,nan,0.9350570675306875,0.0,0.0,-1.0279244191625974,-0.8979127952941458,-0.0006431519432932087,-0.0008047371205883965,nan,nan,nan,nan,nan,nan,nan,nan,nan,nan,nan,nan,nan,nan,nan,nan,nan,nan,nan,nan,nan,nan,nan,nan,nan,nan,nan,nan,nan,nan,nan,nan,nan,nan,nan,nan,nan,nan,nan,nan,nan,nan,nan,nan,nan,nan,nan,nan,nan,0.13313474143263607
1791062919.8985286,-0.1318712046947833,0.08367646441641222,1.3805413151429222,-0.029694816789749588,0.41945306258325826,0.1822300926357283,0.5658329968175284,0.0,0.0,-1.4745218959173099,0.7513653905951436,-0.097469775567148,0.011990028401579032,0.4071557463617438,0.0,0.0,2.9791480701505106,2.197607558604961,0.2025771062269871,0.05429389275391583,nan,nan,nan,nan,nan,nan,nan,0.401263021689988,0.0,0.0,-2.102535643835758,2.6221600861417476,-0.18071164756504735,0.15661057383440627,0.9215324726722374,0.0,0.0,0.40478954626437613,0.03993734891105869,0.0866646519128125,-0.16775933947818755,nan,nan,nan,nan,nan,nan,nan,nan,nan,nan,nan,nan,nan,nan,0.9350570675306875,0.0,0.0,-1.027931515625191,-0.8979165069660765,-0.0005379606916642773,-0.0005624240454764313,nan,nan,nan,nan,nan,nan,nan,nan,nan,nan,nan,nan,nan,nan,nan,nan,nan,nan,nan,nan,nan,nan,nan,nan,nan,nan,nan,nan,nan,nan,nan,nan,nan,nan,nan,nan,nan,nan,nan,nan,nan,nan,nan,nan,nan,nan,nan,nan,nan,0.13260951084677672
1791062919.9987376,-0.12918302475923085,0.09761139362927236,1.3830375532632961,-0.02686898135663238,0.37953682618517887,0.1839134368080613,0.5658329968175284,0.0,0.0,-1.487077633385225,0.751928493019323,-0.0999107834890999,-0.005526654645041484,0.4071557463617438,0.0,0.0,2.991099410490672,2.2036978239747143,0.012517996884076631,0.006982581868983553,nan,nan,nan,nan,nan,nan,nan,0.401263021689988,0.0,0.0,-2.1200950227329507,2.636870688501321,-0.15412189267558876,0.12741153914699999,0.9215324726722374,0.0,0.0,0.41465853717956386,0.02389473137462992,0.08678088748272783,-0.157779408733064,nan,nan,nan,nan,nan,nan,nan,nan,nan,nan,nan,nan,nan,nan,0.9350570675306875,0.0,0.0,-1.0279378661065235,-0.8979022861481443,-0.000501013486297559,0.0005653158706223833,nan,nan,nan,nan,nan,nan,nan,nan,nan,nan,nan,nan,nan,nan,nan,nan,nan,nan,nan,nan,nan,nan,nan,nan,nan,nan,nan,nan,nan,nan,nan,nan,nan,nan,nan,nan,nan,nan,nan,nan,nan,nan,nan,nan,nan,nan,nan,nan,nan,0.13716746855628312
1791062920.097926,-0.12656262891319714,0.11130493911074817,1.382722699404162,-0.02431443612073664,0.3434526896743984,0.18543715746994516,0.5658329968175284,0.0,0.0,-1.4983230494612159,0.7523884801433871,-0.12978515915073396,0.020523266292554004,0.4071557463617438,0.0,0.0,2.9913669960565192,2.2039199260550424,-0.011741500248995628,-0.006309038442236467,nan,nan,nan,nan,nan,nan,nan,0.401263021689988,0.0,0.0,-2.136709622182624,2.6507420634943,-0.12270934548156978,0.15117882941702196,0.9215324726722374,0.0,0.0,0.422944859868313,0.007514921837326747,0.08138190561741662,-0.16209942101166877,nan,nan,nan,nan,nan,nan,nan,nan,nan,nan,nan,nan,nan,nan,0.9350570675306875,0.0,0.0,-1.0279380344165856,-0.897908322516694,-7.898091774134798e-05,7.679170135294465e-05,nan,nan,nan,nan,nan,nan,nan,nan,nan,nan,nan,nan,nan,nan,nan,nan,nan,nan,nan,nan,nan,nan,nan,nan,nan,nan,nan,nan,nan,nan,nan,nan,nan,nan,nan,nan,nan,nan,nan,nan,nan,nan,nan,nan,nan,nan,nan,nan,nan,0.148460142605035
1791062920.1981819,-0.1237173889788869,0.12583521803842643,1.3825822790457978,-0.022000611603957373,0.31076884499150026,0.1868187676947693,0.5658329968175284,0.0,0.0,-1.5106762031080196,0.7527925384934617,-0.11216980335861045,0.01866833077950972,0.4071557463617438,0.0,0.0,2.991639385403455,2.2040402080029673,0.008704838721142798,-0.0035087637099717175,nan,nan,nan,nan,nan,nan,nan,0.401263021689988,0.0,0.0,-2.118637733032412,2.5837513839963284,0.3872985575890865,-1.243767234875492,0.9215324726722374,0.0,0.0,0.4311246166664499,-0.008472326503608777,0.08001144930486115,-0.15737832005221508,nan,nan,nan,nan,nan,nan,nan,nan,nan,nan,nan,nan,nan,nan,0.9350570675306875,0.0,0.0,-1.0279291803726203,-0.8979199943794985,0.0006888346427724279,-0.0006374993226149958,nan,nan,nan,nan,nan,nan,nan,nan,nan,nan,nan,nan,nan,nan,nan,nan,nan,nan,nan,nan,nan,nan,nan,nan,nan,nan,nan,nan,nan,nan,nan,nan,nan,nan,nan,nan,nan,nan,nan,nan,nan,nan,nan,nan,nan,nan,nan,nan,nan,0.160022029510146
1791062920.2990618,-0.12062300226323279,0.1411021265668727,1.3823180173957834,-0.019907643158943084,0.28120469477743304,0.18806959530124256,0.5658329968175284,0.0,0.0,-1.5244442030606034,0.7532896083325079,-0.1443510761839092,0.018154067563616254,0.4071557463617438,0.0,0.0,2.9916789006789215,2.204062412992704,-0.001905476916263285,0.001077916688051938,nan,nan,nan,nan,nan,nan,nan,0.401263021689988,0.0,0.0,-2.1660586156376063,2.673396890121821,-0.18594090859964257,0.08439017523656964,0.9215324726722374,0.0,0.0,0.4390461903244923,-0.02425908875071741,0.07647190331297227,-0.15814846188593046,nan,nan,nan,nan,nan,nan,nan,nan,nan,nan,nan,nan,nan,nan,0.9350570675306875,0.0,0.0,-1.0279469247129933,-0.8979335636296479,-0.00016985204720896936,-1.8753634985007e-06,nan,nan,nan,nan,nan,nan,nan,nan,nan,nan,nan,nan,nan,nan,nan,nan,nan,nan,nan,nan,nan,nan,nan,nan,nan,nan,nan,nan,nan,nan,nan,nan,nan,nan,nan,nan,nan,nan,nan,nan,nan,nan,nan,nan,nan,nan,nan,nan,nan,0.16325474146233646
1791062920.3977983,-0.11710300036335058,0.15636586361985258,1.3784352766641832,-0.01801318043854783,0.2544445300104323,0.1892026001394697,0.5658329968175284,0.0,0.0,-1.5374872747518233,0.7535489978070947,-0.1390485236797751,0.004620290523524866,0.4071557463617438,0.0,0.0,2.9916310170656697,2.204098507565254,-0.0020523476737543253,0.000512542624965834,nan,nan,nan,nan,nan,nan,nan,0.401263021689988,0.0,0.0,-2.1942865549695414,2.675049009458121,-0.30879601882170676,-0.12955380956420845,0.9215324726722374,0.0,0.0,0.44722445914294984,-0.04026973387000891,0.08517566684115055,-0.1617959383729487,nan,nan,nan,nan,nan,nan,nan,nan,nan,nan,nan,nan,nan,nan,0.9350570675306875,0.0,0.0,-1.027922199322614,-0.897929374619647,0.00039526229378060185,-0.0001200175559713726,nan,nan,nan,nan,nan,nan,nan,nan,nan,nan,nan,nan,nan,nan,nan,nan,nan,nan,nan,nan,nan,nan,nan,nan,nan,nan,nan,nan,nan,nan,nan,nan,nan,nan,nan,nan,nan,nan,nan,nan,nan,nan,nan,nan,nan,nan,nan,nan,nan,0.1502202638084846
1791062920.4983013,-0.11400321652488027,0.17213812842585172,1.3786273523176686,-0.01629966063621128,0.23024026790044586,0.1902279910278516,0.5658329968175284,0.0,0.0,-1.5527672968331534,0.7538796725559546,-0.13775268062208765,0.004682626087425986,0.4071557463617438,0.0,0.0,2.991574867477515,2.2041159778044466,-0.0025265824889655177,-0.0022778325959642216,nan,nan,nan,nan,nan,nan,nan,0.401263021689988,0.0,0.0,-2.2084891516806096,2.686285722792789,-0.1712831619928107,0.12288967639599525,0.9215324726722374,0.0,0.0,0.4550636451143327,-0.055727170692709535,0.07657770636396921,-0.14976928294201508,nan,nan,nan,nan,nan,nan,nan,nan,nan,nan,nan,nan,nan,nan,0.9350570675306875,0.0,0.0,-1.0279544755646282,-0.8979183518139616,-0.0016201002698081365,0.0010651627026962384,nan,nan,nan,nan,nan,nan,nan,nan,nan,nan,nan,nan,nan,nan,nan,nan,nan,nan,nan,nan,nan,nan,nan,nan,nan,nan,nan,nan,nan,nan,nan,nan,nan,nan,nan,nan,nan,nan,nan,nan,nan,nan,nan,nan,nan,nan,nan,nan,nan,0.1614408074689142
1791062920.5976806,-0.11164652225599558,0.18692466574696928,1.3762248114607676,-0.014748542848348447,0.20833000958320905,0.19115664434530286,0.5658329968175284,0.0,0.0,-1.5674775919755692,0.7542318012971455,-0.14136904237776146,0.0042697882517241485,0.4071557463617438,0.0,0.0,2.9915406829720115,2.203989252157558,-0.0008837868257434714,-0.002886664056044019,nan,nan,nan,nan,nan,nan,nan,0.401263021689988,0.0,0.0,-2.2240332460828203,2.6987867932027862,-0.0231453969367929,0.012694944479105694,0.9215324726722374,0.0,0.0,0.46299177097089983,-0.07148846119289612,0.08016277685906564,-0.15763304147078433,nan,nan,nan,nan,nan,nan,nan,nan,nan,nan,nan,nan,nan,nan,0.9350570675306875,0.0,0.0,-1.0279358371497471,-0.8979200613743319,-0.0003987393568222673,0.00038897895237189966,nan,nan,nan,nan,nan,nan,nan,nan,nan,nan,nan,nan,nan,nan,nan,nan,nan,nan,nan,nan,nan,nan,nan,nan,nan,nan,nan,nan,nan,nan,nan,nan,nan,nan,nan,nan,nan,nan,nan,nan,nan,nan,nan,nan,nan,nan,nan,nan,nan,0.16680052033396284
1791062920.7033381,-0.1084616182662642,0.20304926953688623,1.3755173759758912,-0.013345033434112976,0.18850478801899587,0.19199725510726431,0.5658329968175284,0.0,0.0,-1.5820844629637607,0.7549192864579475,-0.1500573692742369,0.003971936861911224,0.4071557463617438,0.0,0.0,2.9914779327743464,2.2040583879085576,-0.00334071762981082,0.003953940270059879,nan,nan,nan,nan,nan,nan,nan,0.401263021689988,0.0,0.0,-2.2249843972396928,2.7002683337182494,-0.004432228074696329,0.011174447698965004,0.9215324726722374,0.0,0.0,0.47088070750120103,-0.08698161975098327,0.0882922432009594,-0.15742722664283254,nan,nan,nan,nan,nan,nan,nan,nan,nan,nan,nan,nan,nan,nan,0.9350570675306875,0.0,0.0,-1.0279656514457636,-0.8979274671586449,-0.00042280729228586725,-6.316438207857142e-06,nan,nan,nan,nan,nan,nan,nan,nan,nan,nan,nan,nan,nan,nan,nan,nan,nan,nan,nan,nan,nan,nan,nan,nan,nan,nan,nan,nan,nan,nan,nan,nan,nan,nan,nan,nan,nan,nan,nan,nan,nan,nan,nan,nan,nan,nan,nan,nan,nan,0.17414809043972138
1791062920.7978032,-0.10481128163230848,0.2194301092482215,1.3740810798545442,-0.012087907436905647,0.17074730012758488,0.1927504331251848,0.5658329968175284,0.0,0.0,-1.5969467497329926,0.7554096731918549,-0.149652894351631,-0.006713897667576976,0.4071557463617438,0.0,0.0,2.9915376850225637,2.204058287049218,-0.0021159950823448443,0.004006098210398917,nan,nan,nan,nan,nan,nan,nan,0.401263021689988,0.0,0.0,-2.2251385127575314,2.7002095616857518,-0.0016918456718150203,-0.004458403578377273,0.9215324726722374,0.0,0.0,0.4789013120347523,-0.10274583738223139,0.07730282654287081,-0.1591435746427593,nan,nan,nan,nan,nan,nan,nan,nan,nan,nan,nan,nan,nan,nan,0.9350570675306875,0.0,0.0,-1.0279374328211595,-0.8979329100420729,0.0012821281725479289,-0.00028472903318616535,nan,nan,nan,nan,nan,nan,nan,nan,nan,nan,nan,nan,nan,nan,nan,nan,nan,nan,nan,nan,nan,nan,nan,nan,nan,nan,nan,nan,nan,nan,nan,nan,nan,nan,nan,nan,nan,nan,nan,nan,nan,nan,nan,nan,nan,nan,nan,nan,nan,0.16856726032491268
1791062920.8982797,-0.10149118893644234,0.23664404704451372,1.3724474650763123,-0.010938656703286824,0.1545136003777055,0.19343916090503277,0.5658329968175284,0.0,0.0,-1.612740093810293,0.756333278577909,-0.17641089262476153,0.019118411764218857,0.4071557463617438,0.0,0.0,2.9916473937904815,2.2040279106128153,0.008159977378490262,0.0014096336347525671,nan,nan,nan,nan,nan,nan,nan,0.401263021689988,0.0,0.0,-2.2251379774403834,2.7002150065083352,0.0021791168822557537,0.004527228411415339,0.9215324726722374,0.0,0.0,0.4870873354629131,-0.11904632306428617,0.08447381640259945,-0.17016678508143027,nan,nan,nan,nan,nan,nan,nan,nan,nan,nan,nan,nan,nan,nan,0.9350570675306875,0.0,0.0,-1.0279253225679363,-0.8979238478761847,-0.0002973559202533715,-0.0003174679328980796,nan,nan,nan,nan,nan,nan,nan,nan,nan,nan,nan,nan,nan,nan,nan,nan,nan,nan,nan,nan,nan,nan,nan,nan,nan,nan,nan,nan,nan,nan,nan,nan,nan,nan,nan,nan,nan,nan,nan,nan,nan,nan,nan,nan,nan,nan,nan,nan,nan,0.183301753216579
1791062920.998467,-0.0982665521018388,0.2535598967443378,1.3697840739391294,-0.009897705891436662,0.1398096872631514,0.19406312117414493,0.5658329968175284,0.0,0.0,-1.6266582578590425,0.7572011965822064,-0.18741398731043474,0.04610406206325172,0.4071557463617438,0.0,0.0,2.9915647105065695,2.204107130148886,0.0010247570861293648,0.00039728980222204823,nan,nan,nan,nan,nan,nan,nan,0.401263021689988,0.0,0.0,-2.225158788517608,2.7003723527957697,-0.00024274645620656125,0.002498878831431849,0.9215324726722374,0.0,0.0,0.495028080201298,-0.13493260544206528,0.0744161188238245,-0.1581882271470871,nan,nan,nan,nan,nan,nan,nan,nan,nan,nan,nan,nan,nan,nan,0.9350570675306875,0.0,0.0,-1.0279406949309111,-0.8979373677990901,0.00020610036584351138,-0.00036302347341213997,nan,nan,nan,nan,nan,nan,nan,nan,nan,nan,nan,nan,nan,nan,nan,nan,nan,nan,nan,nan,nan,nan,nan,nan,nan,nan,nan,nan,nan,nan,nan,nan,nan,nan,nan,nan,nan,nan,nan,nan,nan,nan,nan,nan,nan,nan,nan,nan,nan,0.17282069963778418
1791062921.0976539,-0.09491788616365418,0.27084514902004875,1.368198173919919,-0.008957362810549114,0.12652690502037922,0.1946268755788256,0.5658329968175284,0.0,0.0,-1.6440704789167235,0.757699267526251,-0.15583686159493437,0.022678076011831666,0.4071557463617438,0.0,0.0,2.9915769799581153,2.204124604356771,-0.0022618082684310705,-0.0008591607856344087,nan,nan,nan,nan,nan,nan,nan,0.401263021689988,0.0,0.0,-2.225137874239436,2.7003144688810434,-0.001249864272994152,0.0005496562564861946,0.9215324726722374,0.0,0.0,0.5034653859044295,-0.15142046485742944,0.0857784666458087,-0.16375225227400345,nan,nan,nan,nan,nan,nan,nan,nan,nan,nan,nan,nan,nan,nan,0.9350570675306875,0.0,0.0,-1.0279267677537578,-0.8979295451636626,0.00014521939453516485,0.00011042233705116262,nan,nan,nan,nan,nan,nan,nan,nan,nan,nan,nan,nan,nan,nan,nan,nan,nan,nan,nan,nan,nan,nan,nan,nan,nan,nan,nan,nan,nan,nan,nan,nan,nan,nan,nan,nan,nan,nan,nan,nan,nan,nan,nan,nan,nan,nan,nan,nan,nan,0.17175683390290394
1791062921.1985176,-0.09163758697000678,0.28774884990669297,1.366432009538199,-0.00810495704057227,0.1144862780883468,0.19513798390019976,0.5658329968175284,0.0,0.0,-1.6574757312292097,0.7580494057403269,-0.1580126729646337,0.0015993023338126387,0.4071557463617438,0.0,0.0,2.9915616845296014,2.2041205803997577,0.004637047871368176,0.0011406303989228534,nan,nan,nan,nan,nan,nan,nan,0.401263021689988,0.0,0.0,-2.2251181655080696,2.700291057939039,0.0028401979948347103,-0.00520268693599681,0.9215324726722374,0.0,0.0,0.5112780358203506,-0.16709627905944147,0.07522246367734321,-0.15555460171406973,nan,nan,nan,nan,nan,nan,nan,nan,nan,nan,nan,nan,nan,nan,0.9350570675306875,0.0,0.0,-1.0279208406696245,-0.8979275712398724,-9.396081167717656e-05,-0.00027147693618201113,nan,nan,nan,nan,nan,nan,nan,nan,nan,nan,nan,nan,nan,nan,nan,nan,nan,nan,nan,nan,nan,nan,nan,nan,nan,nan,nan,nan,nan,nan,nan,nan,nan,nan,nan,nan,nan,nan,nan,nan,nan,nan,nan,nan,nan,nan,nan,nan,nan,0.17731815541539914
1791062921.2993836,-0.0881705445510047,0.30449426124246753,1.3656530922867383,-0.007333668404293987,0.10359146830005178,0.19560050878396468,0.5658329968175284,0.0,0.0,-1.6758336322137006,0.7587166474390784,-0.17427193278410244,0.001228530370793653,0.4071557463617438,0.0,0.0,2.991561359514209,2.2041283963525937,-0.00326662675533599,0.006106376071824861,nan,nan,nan,nan,nan,nan,nan,0.401263021689988,0.0,0.0,-2.2251507428346753,2.7003645029353995,-0.0008975707289920738,-0.005193140546270439,0.9215324726722374,0.0,0.0,0.5193086152737892,-0.18295942071310917,0.0782241899950806,-0.15746251362056585,nan,nan,nan,nan,nan,nan,nan,nan,nan,nan,nan,nan,nan,nan,0.9350570675306875,0.0,0.0,-1.0279120240253072,-0.8979168619815104,0.0008626952843614849,0.001135645840537254,nan,nan,nan,nan,nan,nan,nan,nan,nan,nan,nan,nan,nan,nan,nan,nan,nan,nan,nan,nan,nan,nan,nan,nan,nan,nan,nan,nan,nan,nan,nan,nan,nan,nan,nan,nan,nan,nan,nan,nan,nan,nan,nan,nan,nan,nan,nan,nan,nan,0.1643755597811207
1791062921.3981633,-0.08466268718423148,0.3214002783718409,1.363688436566054,-0.006637460081509664,0.09375720276962281,0.1960180502220441,0.5658329968175284,0.0,0.0,-1.6931784470353286,0.7594786925410569,-0.1542856671544009,-0.001093551217591096,0.4071557463617438,0.0,0.0,2.9915749409405232,2.2040329818448177,0.0008217984477035334,-0.007947072387375215,nan,nan,nan,nan,nan,nan,nan,0.401263021689988,0.0,0.0,-2.2251156534699104,2.7003129298346074,0.0014191646861018152,-0.0049738790992942036,0.9215324726722374,0.0,0.0,0.5271871719032779,-0.19829041044361947,0.08297231987208765,-0.15883083212397806,nan,nan,nan,nan,nan,nan,nan,nan,nan,nan,nan,nan,nan,nan,0.9350570675306875,0.0,0.0,-1.0279296094571042,-0.8979004484227537,-0.0005143565506248636,8.991498070734272e-05,nan,nan,nan,nan,nan,nan,nan,nan,nan,nan,nan,nan,nan,nan,nan,nan,nan,nan,nan,nan,nan,nan,nan,nan,nan,nan,nan,nan,nan,nan,nan,nan,nan,nan,nan,nan,nan,nan,nan,nan,nan,nan,nan,nan,nan,nan,nan,nan,nan,0.17155945532802708
1791062921.4979234,-0.08110671332882989,0.33840342524969635,1.3641288710130604,-0.006006667731545884,0.08484696820175938,0.19639638940805806,0.5658329968175284,0.0,0.0,-1.7104703175708469,0.7602498457553419,-0.16857456841002214,0.0055953190161148955,0.4071557463617438,0.0,0.0,2.991508676872242,2.204118692014738,-0.009633812988229132,0.006778401912488638,nan,nan,nan,nan,nan,nan,nan,0.401263021689988,0.0,0.0,-2.2251311558534477,2.700258114497128,-0.0005818305532256486,-0.0064910902084132725,0.9215324726722374,0.0,0.0,0.5347683797180219,-0.21349480498371204,0.07562487283999682,-0.14941402464701575,nan,nan,nan,nan,nan,nan,nan,nan,nan,nan,nan,nan,nan,nan,0.9350570675306875,0.0,0.0,-1.0279305847404927,-0.8978905541954428,1.9927955985853953e-05,0.0002815482342179242,nan,nan,nan,nan,nan,nan,nan,nan,nan,nan,nan,nan,nan,nan,nan,nan,nan,nan,nan,nan,nan,nan,nan,nan,nan,nan,nan,nan,nan,nan,nan,nan,nan,nan,nan,nan,nan,nan,nan,nan,nan,nan,nan,nan,nan,nan,nan,nan,nan,0.1774322741522481
1791062921.597821,-0.07740736474118005,0.3558107043628045,1.3664437471868989,-0.005435057722998117,0.07677271166109038,0.19673925432691786,0.5658329968175284,0.0,0.0,-1.7266787205925438,0.7610423516804307,-0.1688168686031532,0.00890531732089088,0.4071557463617438,0.0,0.0,2.9915957965525353,2.2040344270114764,0.0005370681311587511,-0.0037291986152009583,nan,nan,nan,nan,nan,nan,nan,0.401263021689988,0.0,0.0,-2.2251424765535073,2.7003419967906828,0.001041531170826413,-0.0020180100069185224,0.9215324726722374,0.0,0.0,0.5427251396082955,-0.22920085920400318,0.07821632838674467,-0.15999260231246587,nan,nan,nan,nan,nan,nan,nan,nan,nan,nan,nan,nan,nan,nan,0.9350570675306875,0.0,0.0,-1.0279264165323607,-0.8979058535963723,-5.821775021954984e-05,4.164029407250012e-05,nan,nan,nan,nan,nan,nan,nan,nan,nan,nan,nan,nan,nan,nan,nan,nan,nan,nan,nan,nan,nan,nan,nan,nan,nan,nan,nan,nan,nan,nan,nan,nan,nan,nan,nan,nan,nan,nan,nan,nan,nan,nan,nan,nan,nan,nan,nan,nan,nan,0.16640529743286736
1791062921.698071,-0.07385734911903181,0.3726951379884154,1.3675064749363162,-0.004917843598570262,0.06946682221787041,0.19704950791234824,0.5658329968175284,0.0,0.0,-1.7434639874108997,0.7618551551485265,-0.1598809544211232,0.00973115935871111,0.4071557463617438,0.0,0.0,2.991457779545405,2.2041212723197394,-0.01367004902582082,0.0059775940368683314,nan,nan,nan,nan,nan,nan,nan,0.401263021689988,0.0,0.0,-2.225193510580433,2.700485557369053,0.00023894646694927794,0.003117700056704885,0.9215324726722374,0.0,0.0,0.550544377869559,-0.2443182890939586,0.07141026492288353,-0.14853067272027867,nan,nan,nan,nan,nan,nan,nan,nan,nan,nan,nan,nan,nan,nan,0.9350570675306875,0.0,0.0,-1.0279448973186838,-0.8979015977361642,-0.0008122632338521998,0.00013228075939616707,nan,nan,nan,nan,nan,nan,nan,nan,nan,nan,nan,nan,nan,nan,nan,nan,nan,nan,nan,nan,nan,nan,nan,nan,nan,nan,nan,nan,nan,nan,nan,nan,nan,nan,nan,nan,nan,nan,nan,nan,nan,nan,nan,nan,nan,nan,nan,nan,nan,0.17086433272938445
1791062921.7978501,-0.0703176031068374,0.3895275399157594,1.367635113052774,-0.0044498489054974255,0.0628561800754385,0.19733024924726505,0.5658329968175284,0.0,0.0,-1.7607415266658095,0.762489647322813,-0.16587218447324834,0.018285307056450206,0.4071557463617438,0.0,0.0,2.9916133048351585,2.204126098374211,0.0005236276532619642,0.006246562230331072,nan,nan,nan,nan,nan,nan,nan,0.401263021689988,0.0,0.0,-2.225194754893451,2.7004024003278646,-0.00010492281652686172,-0.0033996529569934584,0.9215324726722374,0.0,0.0,0.5575328948026063,-0.2581053261944193,0.0710866640964124,-0.14680199049214274,nan,nan,nan,nan,nan,nan,nan,nan,nan,nan,nan,nan,nan,nan,0.9350570675306875,0.0,0.0,-1.0279344527753975,-0.8978970161600021,-7.248955533005136e-05,3.5278590177747625e-05,nan,nan,nan,nan,nan,nan,nan,nan,nan,nan,nan,nan,nan,nan,nan,nan,nan,nan,nan,nan,nan,nan,nan,nan,nan,nan,nan,nan,nan,nan,nan,nan,nan,nan,nan,nan,nan,nan,nan,nan,nan,nan,nan,nan,nan,nan,nan,nan,nan,0.17409821583836288
1791062921.897824,-0.06693795476087105,0.40628306605468417,1.367859043792141,-0.0040265534635987145,0.05687693559182755,0.19758418542446532,0.5658329968175284,0.0,0.0,-1.7755887059008624,0.7632377567801066,-0.16374244761317644,0.013329367661867052,0.4071557463617438,0.0,0.0,2.99156659189423,2.204063067339373,-0.003053611053223962,-0.0006812158368468808,nan,nan,nan,nan,nan,nan,nan,0.401263021689988,0.0,0.0,-2.225185244226858,2.700402795525119,-0.0003921478999306393,-0.001988685360166922,0.9215324726722374,0.0,0.0,0.5661306525174898,-0.27422038291970335,0.08536723104637609,-0.14883407978784946,nan,nan,nan,nan,nan,nan,nan,nan,nan,nan,nan,nan,nan,nan,0.9350570675306875,0.0,0.0,-1.0279317628761973,-0.8979036638596691,-0.0009630670378540898,0.0003805493644663961,nan,nan,nan,nan,nan,nan,nan,nan,nan,nan,nan,nan,nan,nan,nan,nan,nan,nan,nan,nan,nan,nan,nan,nan,nan,nan,nan,nan,nan,nan,nan,nan,nan,nan,nan,nan,nan,nan,nan,nan,nan,nan,nan,nan,nan,nan,nan,nan,nan,0.16421622787728735
1791062921.9976804,-0.06324326111510153,0.423764937423285,1.3679398533823435,-0.003643475586109454,0.051465782862431655,0.19781400170446134,0.5658329968175284,0.0,0.0,-1.7942756599414125,0.7639762399820849,-0.17317433690682227,0.00628273847484561,0.4071557463617438,0.0,0.0,2.991602891279777,2.204035172865492,0.0030930421760964753,-0.001135874755569362,nan,nan,nan,nan,nan,nan,nan,0.401263021689988,0.0,0.0,-2.225164548222566,2.700393444886704,-0.00012669883563060016,-0.0009630917220962321,0.9215324726722374,0.0,0.0,0.5740123009468006,-0.2893280129063906,0.07572201733121159,-0.15309865139028378,nan,nan,nan,nan,nan,nan,nan,nan,nan,nan,nan,nan,nan,nan,0.9350570675306875,0.0,0.0,-1.027926200342025,-0.8979041893386501,-0.00033863514102334513,0.0004726381739414701,nan,nan,nan,nan,nan,nan,nan,nan,nan,nan,nan,nan,nan,nan,nan,nan,nan,nan,nan,nan,nan,nan,nan,nan,nan,nan,nan,nan,nan,nan,nan,nan,nan,nan,nan,nan,nan,nan,nan,nan,nan,nan,nan,nan,nan,nan,nan,nan,nan,0.19202680807445036
1791062922.097629,-0.05976978858719483,0.4405901544216297,1.3674973978984453,-0.003296753043095807,0.04656816609774657,0.19802201266746636,0.5658329968175284,0.0,0.0,-1.8119583558076315,0.7650276453693786,-0.1751138483488889,0.011148306373541524,0.4071557463617438,0.0,0.0,2.991582613048832,2.204038407716205,0.0024468386036330765,-0.0005309670710251511,nan,nan,nan,nan,nan,nan,nan,0.401263021689988,0.0,0.0,-2.2251444082372362,2.7003612465021147,0.001746602560662261,0.0014800087986811148,0.9215324726722374,0.0,0.0,0.5818739220290714,-0.3047129244319945,0.07918048032881154,-0.15448748696038944,nan,nan,nan,nan,nan,nan,nan,nan,nan,nan,nan,nan,nan,nan,0.9350570675306875,0.0,0.0,-1.027920815399628,-0.8979005554727936,-1.1430887858656039e-05,-0.00017125586651923537,nan,nan,nan,nan,nan,nan,nan,nan,nan,nan,nan,nan,nan,nan,nan,nan,nan,nan,nan,nan,nan,nan,nan,nan,nan,nan,nan,nan,nan,nan,nan,nan,nan,nan,nan,nan,nan,nan,nan,nan,nan,nan,nan,nan,nan,nan,nan,nan,nan,0.16314291014427723
1791062922.197737,-0.056444633158473506,0.45702124371738495,1.3668200227886877,-0.0029830450422935924,0.042136895057246916,0.19821022075373057,0.5658329968175284,0.0,0.0,-1.8274531419985651,0.7656761193865056,-0.18543191071433035,0.011975229174442999,0.4071557463617438,0.0,0.0,2.991548702466095,2.204105142858067,0.0006887121796485747,0.00070232528736117,nan,nan,nan,nan,nan,nan,nan,0.401263021689988,0.0,0.0,-2.225175325138559,2.7004349313908023,-0.00043237611290613187,0.01107326217357329,0.9215324726722374,0.0,0.0,0.5898310044916301,-0.32018501611088285,0.08039335307706255,-0.1571978845902532,nan,nan,nan,nan,nan,nan,nan,nan,nan,nan,nan,nan,nan,nan,0.9350570675306875,0.0,0.0,-1.0279507631014881,-0.8979054905212809,-0.0010750891182742593,0.00012947741074929387,nan,nan,nan,nan,nan,nan,nan,nan,nan,nan,nan,nan,nan,nan,nan,nan,nan,nan,nan,nan,nan,nan,nan,nan,nan,nan,nan,nan,nan,nan,nan,nan,nan,nan,nan,nan,nan,nan,nan,nan,nan,nan,nan,nan,nan,nan,nan,nan,nan,0.1584887499499528
1791062922.297601,-0.052985633796611524,0.47335811976626097,1.3676040668164673,-0.0026991707748409833,0.03812703934018189,0.19838053293093383,0.5658329968175284,0.0,0.0,-1.8458339626066589,0.7663198182533008,-0.17397758185637113,0.005862352686214559,0.4071557463617438,0.0,0.0,2.9914323242589087,2.2040929823153332,-0.011809218457187506,0.00711027577354865,nan,nan,nan,nan,nan,nan,nan,0.401263021689988,0.0,0.0,-2.2251325109967253,2.7003567343681523,0.0015802244316909884,-0.005664063973920726,0.9215324726722374,0.0,0.0,0.5974824706434781,-0.3356047322548617,0.07656629847167007,-0.153929266095735,nan,nan,nan,nan,nan,nan,nan,nan,nan,nan,nan,nan,nan,nan,0.9350570675306875,0.0,0.0,-1.027923303049245,-0.897908745966916,0.0009141752280806183,-5.1391914704177456e-05,nan,nan,nan,nan,nan,nan,nan,nan,nan,nan,nan,nan,nan,nan,nan,nan,nan,nan,nan,nan,nan,nan,nan,nan,nan,nan,nan,nan,nan,nan,nan,nan,nan,nan,nan,nan,nan,nan,nan,nan,nan,nan,nan,nan,nan,nan,nan,nan,nan,0.16844931983625505
1791062922.3975503,-0.049702140119472285,0.4890247102570613,1.3676632852920987,-0.0024423180888771497,0.034498875996959784,0.1985346353689179,0.5658329968175284,0.0,0.0,-1.8633810369417363,0.7671913703567872,-0.18096127172092663,0.009090195641256286,0.4071557463617438,0.0,0.0,2.9914437508276754,2.204078999645854,-0.007416372830251666,0.0034683970491527394,nan,nan,nan,nan,nan,nan,nan,0.401263021689988,0.0,0.0,-2.2252069572232207,2.70049784911819,-0.0007383146017870233,0.003190561654417063,0.9215324726722374,0.0,0.0,0.6055520735010312,-0.3511195491258174,0.08606400628046551,-0.15661161425403025,nan,nan,nan,nan,nan,nan,nan,nan,nan,nan,nan,nan,nan,nan,0.9350570675306875,0.0,0.0,-1.0279399330325818,-0.8979130980451449,-0.0006831039244612102,0.00041124073265262574,nan,nan,nan,nan,nan,nan,nan,nan,nan,nan,nan,nan,nan,nan,nan,nan,nan,nan,nan,nan,nan,nan,nan,nan,nan,nan,nan,nan,nan,nan,nan,nan,nan,nan,nan,nan,nan,nan,nan,nan,nan,nan,nan,nan,nan,nan,nan,nan,nan,0.16781464704446505
1791062922.498829,-0.04629972278701098,0.5050319977471343,1.3683483028424224,-0.0022099007942884006,0.031215873892490892,0.1986740789494189,0.5658329968175284,0.0,0.0,-1.8805914977665643,0.7685038299648208,-0.17051644416546993,0.027683822453096224,0.4071557463617438,0.0,0.0,2.991487096906999,2.204084296710589,-0.004345155095046596,0.0013138725856277308,nan,nan,nan,nan,nan,nan,nan,0.401263021689988,0.0,0.0,-2.225137665799225,2.7003010903701847,0.003327053986907981,-0.007613635906860647,0.9215324726722374,0.0,0.0,0.613671530719841,-0.36652055146114293,0.08220754935153024,-0.1546078514039403,nan,nan,nan,nan,nan,nan,nan,nan,nan,nan,nan,nan,nan,nan,0.9350570675306875,0.0,0.0,-1.0279376812350611,-0.8979146354213573,0.00042827952407582424,0.00030541597543806855,nan,nan,nan,nan,nan,nan,nan,nan,nan,nan,nan,nan,nan,nan,nan,nan,nan,nan,nan,nan,nan,nan,nan,nan,nan,nan,nan,nan,nan,nan,nan,nan,nan,nan,nan,nan,nan,nan,nan,nan,nan,nan,nan,nan,nan,nan,nan,nan,nan,0.15910991410287054
1791062922.5982792,-0.04280032949139943,0.5213840957772985,1.3698093393256745,-0.002000946617586282,0.028264299212713045,0.19879944644969702,0.5658329968175284,0.0,0.0,-1.8985451252804124,0.7695332736002055,-0.18563728084751024,0.0046332564596285545,0.4071557463617438,0.0,0.0,2.9916121150526336,2.2040781708539954,0.002355657154699443,0.004736084651477576,nan,nan,nan,nan,nan,nan,nan,0.401263021689988,0.0,0.0,-2.2251844448045524,2.7003946260267915,-0.001419193524452452,0.002021856925895794,0.9215324726722374,0.0,0.0,0.6216169415245126,-0.3820229522850141,0.0776927375835563,-0.153453229851363,nan,nan,nan,nan,nan,nan,nan,nan,nan,nan,nan,nan,nan,nan,0.9350570675306875,0.0,0.0,-1.0279317678831317,-0.897915887263062,0.0002112923825235628,-0.0003039628197286953,nan,nan,nan,nan,nan,nan,nan,nan,nan,nan,nan,nan,nan,nan,nan,nan,nan,nan,nan,nan,nan,nan,nan,nan,nan,nan,nan,nan,nan,nan,nan,nan,nan,nan,nan,nan,nan,nan,nan,nan,nan,nan,nan,nan,nan,nan,nan,nan,nan,0.16622330739998406
1791062922.6982338,-0.03928754825814676,0.5377557427988781,1.370716456602768,-0.001810531371679587,0.025574595530632138,0.19891369185980323,0.5658329968175284,0.0,0.0,-1.9155822593626493,0.7706413529459665,-0.12329816357175556,0.007455409997209598,0.4071557463617438,0.0,0.0,2.9916070919206197,2.204021885493704,0.007660635429119296,0.00043090025496843125,nan,nan,nan,nan,nan,nan,nan,0.401263021689988,0.0,0.0,-2.2251753104438947,2.700385717612168,-0.0008070348392959553,0.0072174093653429305,0.9215324726722374,0.0,0.0,0.6296176857400081,-0.39752395538709856,0.0807189970166528,-0.15876834627949962,nan,nan,nan,nan,nan,nan,nan,nan,nan,nan,nan,nan,nan,nan,0.9350570675306875,0.0,0.0,-1.0279367675693372,-0.8979053953543004,-0.0004723444326525146,-0.00038228767889771727,nan,nan,nan,nan,nan,nan,nan,nan,nan,nan,nan,nan,nan,nan,nan,nan,nan,nan,nan,nan,nan,nan,nan,nan,nan,nan,nan,nan,nan,nan,nan,nan,nan,nan,nan,nan,nan,nan,nan,nan,nan,nan,nan,nan,nan,nan,nan,nan,nan,0.1735285303683647
1791062922.7976384,-0.03601631885208889,0.5538512184212036,1.370828861893175,-0.0016383481490324261,0.023142427634929297,0.1990169990262362,0.5658329968175284,0.0,0.0,-1.9341045866394408,0.7716111555692308,-0.17070960822542813,0.007748696917116825,0.4071557463617438,0.0,0.0,2.9916236366994147,2.2040087748928623,0.001800210634983545,-0.00137159132267235,nan,nan,nan,nan,nan,nan,nan,0.401263021689988,0.0,0.0,-2.2251638062542494,2.7003736810865364,0.0002898976881678617,-0.00048787268520787653,0.9215324726722374,0.0,0.0,0.6371495805936107,-0.4125609712371169,0.0746880052434,-0.1521766546729789,nan,nan,nan,nan,nan,nan,nan,nan,nan,nan,nan,nan,nan,nan,0.9350570675306875,0.0,0.0,-1.0279380192961576,-0.8979156025848692,0.0009717011874726722,-0.00019747898900434783,nan,nan,nan,nan,nan,nan,nan,nan,nan,nan,nan,nan,nan,nan,nan,nan,nan,nan,nan,nan,nan,nan,nan,nan,nan,nan,nan,nan,nan,nan,nan,nan,nan,nan,nan,nan,nan,nan,nan,nan,nan,nan,nan,nan,nan,nan,nan,nan,nan,0.1524203560549853
1791062922.8982906,-0.03252848428878397,0.5703203491384767,1.3717142193301268,-0.0014824387095016957,0.020940134475155414,0.19911054263837122,0.5658329968175284,0.0,0.0,-1.9485005021041044,0.7726804069400003,-0.179105893764932,0.03709765600301651,0.4071557463617438,0.0,0.0,2.9915821817155814,2.204037255667087,0.005162242660100599,0.001356820563568248,nan,nan,nan,nan,nan,nan,nan,0.401263021689988,0.0,0.0,-2.2251953253946417,2.7003485177695397,-0.00039176761711437984,-0.002981539039241326,0.9215324726722374,0.0,0.0,0.6452453719276071,-0.4280347604542764,0.08351895114540359,-0.15125463030310762,nan,nan,nan,nan,nan,nan,nan,nan,nan,nan,nan,nan,nan,nan,0.9350570675306875,0.0,0.0,-1.0279320880779133,-0.897918936197785,-0.0006598613390262555,0.0002496786785000471,nan,nan,nan,nan,nan,nan,nan,nan,nan,nan,nan,nan,nan,nan,nan,nan,nan,nan,nan,nan,nan,nan,nan,nan,nan,nan,nan,nan,nan,nan,nan,nan,nan,nan,nan,nan,nan,nan,nan,nan,nan,nan,nan,nan,nan,nan,nan,nan,nan,0.16635527516406143
1791062922.9993796,-0.029286489397586993,0.5863959040512525,1.3715526445601312,-0.0013413660147429127,0.018947417218052456,0.19919518473537204,0.5658329968175284,0.0,0.0,-1.96494066451179,0.7729088668733568,-0.17151552188322164,0.011406545434625494,0.4071557463617438,0.0,0.0,2.9915754317370817,2.2041131032299357,0.001915473722396616,0.000566438804923074,nan,nan,nan,nan,nan,nan,nan,0.401263021689988,0.0,0.0,-2.2251810232038336,2.7004324243521833,0.0008749001779004455,0.0024794737179187594,0.9215324726722374,0.0,0.0,0.6532878656065985,-0.44330225807469337,0.086818686516109,-0.1594751239491259,nan,nan,nan,nan,nan,nan,nan,nan,nan,nan,nan,nan,nan,nan,0.9350570675306875,0.0,0.0,-1.0279403177052049,-0.8979302568057287,-0.001093438762113496,-0.00039355590235672235,nan,nan,nan,nan,nan,nan,nan,nan,nan,nan,nan,nan,nan,nan,nan,nan,nan,nan,nan,nan,nan,nan,nan,nan,nan,nan,nan,nan,nan,nan,nan,nan,nan,nan,nan,nan,nan,nan,nan,nan,nan,nan,nan,nan,nan,nan,nan,nan,nan,0.1781195478140442
1791062923.0974774,-0.02584833742519738,0.602982677214375,1.372052982787598,-0.0012142367923970352,0.017151657977159833,0.1992714611469686,0.5658329968175284,0.0,0.0,-1.982669002733692,0.7739036624892571,-0.17087002544853497,0.013096339560246665,0.4071557463617438,0.0,0.0,2.9916020153973144,2.2040187526501245,0.002603114629324497,0.00024716703782715445,nan,nan,nan,nan,nan,nan,nan,0.401263021689988,0.0,0.0,-2.2252112795397188,2.700428385377951,-3.1374804417547955e-05,-0.0038213427338924474,0.9215324726722374,0.0,0.0,0.6619083675457461,-0.4586156843762689,0.08004677732037666,-0.15093625128776839,nan,nan,nan,nan,nan,nan,nan,nan,nan,nan,nan,nan,nan,nan,0.9350570675306875,0.0,0.0,-1.0279225152203086,-0.8979250379260479,-7.43741046754646e-05,2.7991920019621213e-05,nan,nan,nan,nan,nan,nan,nan,nan,nan,nan,nan,nan,nan,nan,nan,nan,nan,nan,nan,nan,nan,nan,nan,nan,nan,nan,nan,nan,nan,nan,nan,nan,nan,nan,nan,nan,nan,nan,nan,nan,nan,nan,nan,nan,nan,nan,nan,nan,nan,0.1648240138110891
1791062923.197227,-0.02220662288093855,0.6206825831040599,1.3724316843046491,-0.0010986954070348219,0.015519582309260031,0.19934078514305464,0.5658329968175284,0.0,0.0,-2.000103570598958,0.7750092346583644,-0.17988000316228822,0.008765301064639077,0.4071557463617438,0.0,0.0,2.991590473044385,2.204118333935613,0.0003315541359748121,0.00632403430155452,nan,nan,nan,nan,nan,nan,nan,0.401263021689988,0.0,0.0,-2.225225322692131,2.7004358795209624,-0.004515355244372689,0.005016778860991192,0.9215324726722374,0.0,0.0,0.6704988515943731,-0.47465318097780984,0.0890155478988729,-0.16412067372880895,nan,nan,nan,nan,nan,nan,nan,nan,nan,nan,nan,nan,nan,nan,0.9350570675306875,0.0,0.0,-1.027915846022079,-0.8979193467707164,0.0008363049890350974,0.00019291660425928365,nan,nan,nan,nan,nan,nan,nan,nan,nan,nan,nan,nan,nan,nan,nan,nan,nan,nan,nan,nan,nan,nan,nan,nan,nan,nan,nan,nan,nan,nan,nan,nan,nan,nan,nan,nan,nan,nan,nan,nan,nan,nan,nan,nan,nan,nan,nan,nan,nan,0.19177970826737745
1791062923.2977705,-0.01876584761632785,0.6381532796102827,1.3719781044480168,-0.0009941407156360792,0.014042698790322519,0.19940351733915695,0.5658329968175284,0.0,0.0,-2.016940320913924,0.7764634922403552,-0.16932428882939268,0.011283786342438405,0.4071557463617438,0.0,0.0,2.991618615776184,2.2040342536294744,0.008610066131123527,-0.001970928320787154,nan,nan,nan,nan,nan,nan,nan,0.401263021689988,0.0,0.0,-2.225140958999621,2.7002849934392925,0.004244946452254517,-0.00371091280339375,0.9215324726722374,0.0,0.0,0.6787801895096184,-0.49011261409153273,0.08483186016841582,-0.15306681978964043,nan,nan,nan,nan,nan,nan,nan,nan,nan,nan,nan,nan,nan,nan,0.9350570675306875,0.0,0.0,-1.0279207746075807,-0.8979197867697851,-7.704432512675363e-05,0.0002264394309497834,nan,nan,nan,nan,nan,nan,nan,nan,nan,nan,nan,nan,nan,nan,nan,nan,nan,nan,nan,nan,nan,nan,nan,nan,nan,nan,nan,nan,nan,nan,nan,nan,nan,nan,nan,nan,nan,nan,nan,nan,nan,nan,nan,nan,nan,nan,nan,nan,nan,0.18599358419274828
1791062923.3988209,-0.015205050746142368,0.6560166862136408,1.3709603288769985,-0.0008995357185962023,0.01270635931986805,0.19946027987900875,0.5658329968175284,0.0,0.0,-2.0340646640621753,0.7772059029747522,-0.17398134014102196,0.009576862061480661,0.4071557463617438,0.0,0.0,2.9915447449752484,2.2040820370866863,-0.010955081468159489,0.003750747509934307,nan,nan,nan,nan,nan,nan,nan,0.401263021689988,0.0,0.0,-2.225070730694054,2.700202362550118,0.0010667901463973812,-0.004502807899588424,0.9215324726722374,0.0,0.0,0.6872763155573737,-0.5060793486870432,0.08803993145924886,-0.15855223524391923,nan,nan,nan,nan,nan,nan,nan,nan,nan,nan,nan,nan,nan,nan,0.9350570675306875,0.0,0.0,-1.0279410467767218,-0.8979231794471481,-0.0005685051386248973,-0.00022511590962211828,nan,nan,nan,nan,nan,nan,nan,nan,nan,nan,nan,nan,nan,nan,nan,nan,nan,nan,nan,nan,nan,nan,nan,nan,nan,nan,nan,nan,nan,nan,nan,nan,nan,nan,nan,nan,nan,nan,nan,nan,nan,nan,nan,nan,nan,nan,nan,nan,nan,0.18147676069414048
1791062923.497252,-0.01163895200656311,0.6740704003923124,1.3703172921215991,-0.0008141975681956548,0.011500918357085057,0.19951148243062303,0.5658329968175284,0.0,0.0,-2.0510427579408774,0.7782504879865889,-0.16664730944119924,0.008144394583185912,0.4071557463617438,0.0,0.0,2.9916604739559665,2.204059663870502,0.004992331377401924,0.0013734390708437022,nan,nan,nan,nan,nan,nan,nan,0.401263021689988,0.0,0.0,-2.225099197333868,2.7002388462652593,-0.0007426917488068589,0.0014679921696869936,0.9215324726722374,0.0,0.0,0.6954776795631165,-0.5213920122232958,0.08415077312970792,-0.15329496975262266,nan,nan,nan,nan,nan,nan,nan,nan,nan,nan,nan,nan,nan,nan,0.9350570675306875,0.0,0.0,-1.027926441414314,-0.8979084765551878,0.0007075425354000416,0.0007982782339363777,nan,nan,nan,nan,nan,nan,nan,nan,nan,nan,nan,nan,nan,nan,nan,nan,nan,nan,nan,nan,nan,nan,nan,nan,nan,nan,nan,nan,nan,nan,nan,nan,nan,nan,nan,nan,nan,nan,nan,nan,nan,nan,nan,nan,nan,nan,nan,nan,nan,0.1877178221549153
1791062923.5984702,-0.008148563028983214,0.6913297279921489,1.3704252017574199,-0.0007367164256194344,0.010406461274687284,0.1995579708643635,0.5658329968175284,0.0,0.0,-2.06777204811992,0.7792031292099366,-0.13125633378694085,0.010392103347805054,0.4071557463617438,0.0,0.0,2.9915663303047526,2.2041376082572297,-0.0072742986087114565,0.006339278571882489,nan,nan,nan,nan,nan,nan,nan,0.401263021689988,0.0,0.0,-2.225071792985289,2.700227847400859,0.0009033254429028119,0.0006850294249492543,0.9215324726722374,0.0,0.0,0.7036700263878967,-0.5366987556125459,0.07954651207066224,-0.1478421842661782,nan,nan,nan,nan,nan,nan,nan,nan,nan,nan,nan,nan,nan,nan,0.9350570675306875,0.0,0.0,-1.027935488470091,-0.8979209708272551,-0.00043602044123881547,-0.00026690753395652487,nan,nan,nan,nan,nan,nan,nan,nan,nan,nan,nan,nan,nan,nan,nan,nan,nan,nan,nan,nan,nan,nan,nan,nan,nan,nan,nan,nan,nan,nan,nan,nan,nan,nan,nan,nan,nan,nan,nan,nan,nan,nan,nan,nan,nan,nan,nan,nan,nan,0.16975221149027875
1791062923.6974838,-0.004538664480352792,0.7091782611927808,1.371446394973835,-0.0006667044911477301,0.009417510221732078,0.19959997783873462,0.5658329968175284,0.0,0.0,-2.0840160035919637,0.7802484872374359,-0.13006095923710864,0.0046207321481043775,0.4071557463617438,0.0,0.0,2.9915897447444397,2.2040318041036056,-0.0036292547533330953,-0.00133866008237032,nan,nan,nan,nan,nan,nan,nan,0.401263021689988,0.0,0.0,-2.214646785724031,2.7121862570160546,0.7549718372448234,1.004145075573033,0.9215324726722374,0.0,0.0,0.7118512102913019,-0.5515792114380672,0.08423912570490187,-0.15725852603352514,nan,nan,nan,nan,nan,nan,nan,nan,nan,nan,nan,nan,nan,nan,0.9350570675306875,0.0,0.0,-1.0279481939078876,-0.8979086962012451,-0.001019473887207776,0.00038537496562480024,nan,nan,nan,nan,nan,nan,nan,nan,nan,nan,nan,nan,nan,nan,nan,nan,nan,nan,nan,nan,nan,nan,nan,nan,nan,nan,nan,nan,nan,nan,nan,nan,nan,nan,nan,nan,nan,nan,nan,nan,nan,nan,nan,nan,nan,nan,nan,nan,nan,0.18993989335183847
1791062923.7983441,-0.0008536757940298024,0.7264128144780087,1.3738025522104174,-0.0006032591705613507,0.008521315636159831,0.199638044892833,0.5658329968175284,0.0,0.0,-2.0982450092368596,0.7812388684492708,-0.15020163812190943,0.007021098104460147,0.4071557463617438,0.0,0.0,2.99165524700606,2.2040269751237664,-0.001341288665301294,-0.004869271163894739,nan,nan,nan,nan,nan,nan,nan,0.401263021689988,0.0,0.0,-2.2143131849339834,2.7121318330936917,0.02818015694916328,-0.005383866114943386,0.9215324726722374,0.0,0.0,0.7198117544190293,-0.5663407219674355,0.08368815604449553,-0.14933798239155938,nan,nan,nan,nan,nan,nan,nan,nan,nan,nan,nan,nan,nan,nan,0.9350570675306875,0.0,0.0,-1.0279257146247436,-0.8979232706076883,-0.00012545163611365692,0.0002901184474206702,nan,nan,nan,nan,nan,nan,nan,nan,nan,nan,nan,nan,nan,nan,nan,nan,nan,nan,nan,nan,nan,nan,nan,nan,nan,nan,nan,nan,nan,nan,nan,nan,nan,nan,nan,nan,nan,nan,nan,nan,nan,nan,nan,nan,nan,nan,nan,nan,nan,0.17704698475755826
1791062923.897776,0.002822608711745883,0.7447044576624687,1.3753006094348201,-0.0005458514704766406,0.007710405241026327,0.1996724894104631,0.5658329968175284,0.0,0.0,-2.112373381054249,0.7823878173748633,-0.16844730458113494,0.01136451598723627,0.4071557463617438,0.0,0.0,2.99163291766107,2.20404646576135,-0.0026467422906992478,-0.005855052562263353,nan,nan,nan,nan,nan,nan,nan,0.401263021689988,0.0,0.0,-2.2148011939391234,2.712701345291595,-0.02503498997408686,0.0383350555450468,0.9215324726722374,0.0,0.0,0.7278515009745068,-0.5812768104123374,0.08478520303575246,-0.16051032773275625,nan,nan,nan,nan,nan,nan,nan,nan,nan,nan,nan,nan,nan,nan,0.9350570675306875,0.0,0.0,-1.0279200720133375,-0.897930770958281,0.0007562942691158429,-0.0006803560279441561,nan,nan,nan,nan,nan,nan,nan,nan,nan,nan,nan,nan,nan,nan,nan,nan,nan,nan,nan,nan,nan,nan,nan,nan,nan,nan,nan,nan,nan,nan,nan,nan,nan,nan,nan,nan,nan,nan,nan,nan,nan,nan,nan,nan,nan,nan,nan,nan,nan,0.1930026017285446
1791062923.9976628,0.006505161366165687,0.7622793331853075,1.3769240363614792,-0.0004939068353395372,0.006976663172594065,0.19970365611567018,0.5658329968175284,0.0,0.0,-2.1278924250666673,0.783839765819195,-0.18567975797482694,0.033744043665478035,0.4071557463617438,0.0,0.0,2.9916312991087493,2.2040412838834964,-0.00012443343127753955,-0.0014170090241974551,nan,nan,nan,nan,nan,nan,nan,0.401263021689988,0.0,0.0,-2.2148011939391234,2.712701345291595,-0.02503498997408686,0.0383350555450468,0.9215324726722374,0.0,0.0,0.7360635172298738,-0.5964247076811706,0.09437870060751737,-0.16260652763461528,nan,nan,nan,nan,nan,nan,nan,nan,nan,nan,nan,nan,nan,nan,0.9350570675306875,0.0,0.0,-1.0279347962981367,-0.8979154862583673,-0.0006082948959499244,-0.0008549441933362225,nan,nan,nan,nan,nan,nan,nan,nan,nan,nan,nan,nan,nan,nan,nan,nan,nan,nan,nan,nan,nan,nan,nan,nan,nan,nan,nan,nan,nan,nan,nan,nan,nan,nan,nan,nan,nan,nan,nan,nan,nan,nan,nan,nan,nan,nan,nan,nan,nan,0.18154755536780964
1791062924.0974033,0.010188827478357648,0.7804123006770282,1.3782531677018022,-0.0004469662745340357,0.006313605975486189,0.19973182039600942,0.5658329968175284,0.0,0.0,-2.144893051813183,0.7845827579702549,-0.16887311035650637,-0.017074938813361865,0.4071557463617438,0.0,0.0,2.9916141720400082,2.2041109414340743,-0.005773177305575378,0.002800682778961806,nan,nan,nan,nan,nan,nan,nan,0.401263021689988,0.0,0.0,-2.1209032056647494,0.7371025123193837,-0.12030219275092177,-0.5369387848879187,0.9215324726722374,0.0,0.0,0.7458059149503429,-0.6124989244603639,0.09233232302285295,-0.15097370143783084,nan,nan,nan,nan,nan,nan,nan,nan,nan,nan,nan,nan,nan,nan,0.9350570675306875,0.0,0.0,-1.0279148784522412,-0.8979207054679093,-3.5595576615165853e-06,-0.00021014507936581206,nan,nan,nan,nan,nan,nan,nan,nan,nan,nan,nan,nan,nan,nan,nan,nan,nan,nan,nan,nan,nan,nan,nan,nan,nan,nan,nan,nan,nan,nan,nan,nan,nan,nan,nan,nan,nan,nan,nan,nan,nan,nan,nan,nan,nan,nan,nan,nan,nan,0.1878757787847853
1791062924.1978896,0.0138391135226894,0.7984621651248478,1.3794433888873088,-0.0004044318099314448,0.00571278693123283,0.19975734103311274,0.5658329968175284,0.0,0.0,-2.163358467886212,0.7859034110729507,-0.16615984382506924,0.005203952069226962,0.4071557463617438,0.0,0.0,2.991680039237692,2.2041554719243432,0.0014786358365223968,0.0032512120409575636,nan,nan,nan,nan,nan,nan,nan,0.401263021689988,0.0,0.0,-2.139783570339819,0.7389389588528037,-0.19800259840210782,0.01855413955448207,0.9215324726722374,0.0,0.0,0.7544666909861429,-0.6284262664543829,0.08818389638334835,-0.16039760225025584,nan,nan,nan,nan,nan,nan,nan,nan,nan,nan,nan,nan,nan,nan,0.9350570675306875,0.0,0.0,-1.027931786181839,-0.8979197971141779,0.00045594271199368485,0.00010321300459852348,nan,nan,nan,nan,nan,nan,nan,nan,nan,nan,nan,nan,nan,nan,nan,nan,nan,nan,nan,nan,nan,nan,nan,nan,nan,nan,nan,nan,nan,nan,nan,nan,nan,nan,nan,nan,nan,nan,nan,nan,nan,nan,nan,nan,nan,nan,nan,nan,nan,0.1880968663671066
1791062924.2979383,0.017497427492498992,0.8162453947325009,1.3812052933608059,-0.0003659450347902459,0.005169143378345119,0.19978043306733628,0.5658329968175284,0.0,0.0,-2.1801555004651316,0.7867330687127615,-0.1405544261656449,-0.012181359982287353,0.4071557463617438,0.0,0.0,2.9916740170267673,2.2040895781327094,0.004100301417556397,0.0013309650989051889,nan,nan,nan,nan,nan,nan,nan,0.401263021689988,0.0,0.0,-2.1563889052717524,0.7396031500266707,-0.14189642381651202,-0.014720029336498429,0.9215324726722374,0.0,0.0,0.7630371892112273,-0.6440282130559483,0.08242092146790586,-0.15574447566554495,nan,nan,nan,nan,nan,nan,nan,nan,nan,nan,nan,nan,nan,nan,0.9350570675306875,0.0,0.0,-1.0279302185344223,-0.8979161998171415,-6.185072841243444e-05,8.9384826167316e-06,nan,nan,nan,nan,nan,nan,nan,nan,nan,nan,nan,nan,nan,nan,nan,nan,nan,nan,nan,nan,nan,nan,nan,nan,nan,nan,nan,nan,nan,nan,nan,nan,nan,nan,nan,nan,nan,nan,nan,nan,nan,nan,nan,nan,nan,nan,nan,nan,nan,0.17738249472964998
1791062924.3984663,0.021092652197481323,0.8348004785744548,1.3815716190832534,-0.00033112076053150796,0.004677234349456643,0.199801327609029,0.5658329968175284,0.0,0.0,-2.194829411092045,0.7875955505584574,-0.15188769326062562,0.009069801291749061,0.4071557463617438,0.0,0.0,2.991679864029245,2.2040297392439667,0.002289508771552419,-0.002757420041905041,nan,nan,nan,nan,nan,nan,nan,0.401263021689988,0.0,0.0,-2.171099422479146,0.740514870500883,-0.13697422045204968,-0.010135013150213524,0.9215324726722374,0.0,0.0,0.7716406983140028,-0.6598155568514392,0.08629363052899594,-0.15932626216969004,nan,nan,nan,nan,nan,nan,nan,nan,nan,nan,nan,nan,nan,nan,0.9350570675306875,0.0,0.0,-1.0279351976007423,-0.8979013918727979,-0.00028610408067654083,-0.00030227916015974877,nan,nan,nan,nan,nan,nan,nan,nan,nan,nan,nan,nan,nan,nan,nan,nan,nan,nan,nan,nan,nan,nan,nan,nan,nan,nan,nan,nan,nan,nan,nan,nan,nan,nan,nan,nan,nan,nan,nan,nan,nan,nan,nan,nan,nan,nan,nan,nan,nan,0.18884065158049249
1791062924.497862,0.024376148381184615,0.8518198024191559,1.3812127967158512,-0.0002997693694778025,0.004234381406910066,0.19982013842680132,0.5658329968175284,0.0,0.0,-2.2111439750047133,0.7884567509531416,-0.15327112204194415,0.0020622047668873043,0.4071557463617438,0.0,0.0,2.9916376628203456,2.204051174991432,0.0015013253825384128,-0.0011532078936910245,nan,nan,nan,nan,nan,nan,nan,0.401263021689988,0.0,0.0,-2.1858649786438993,0.7413239211733955,-0.15189102172946806,0.00710417428099299,0.9215324726722374,0.0,0.0,0.7801424624192719,-0.6753389475095382,0.08531899716369877,-0.1597351876563571,nan,nan,nan,nan,nan,nan,nan,nan,nan,nan,nan,nan,nan,nan,0.9350570675306875,0.0,0.0,-1.0279311847413346,-0.8978797232256017,0.0002917490147590571,0.0003551203701599523,nan,nan,nan,nan,nan,nan,nan,nan,nan,nan,nan,nan,nan,nan,nan,nan,nan,nan,nan,nan,nan,nan,nan,nan,nan,nan,nan,nan,nan,nan,nan,nan,nan,nan,nan,nan,nan,nan,nan,nan,nan,nan,nan,nan,nan,nan,nan,nan,nan,0.1677423091270465
1791062924.5981843,0.02772544024616522,0.8694729490352624,1.3812392893309269,-0.00027124254237370594,0.003831426740467172,0.19983725451049658,0.5658329968175284,0.0,0.0,-2.226902514056398,0.7897717298045623,-0.15909834266817863,0.009039175478349,0.4071557463617438,0.0,0.0,2.991459594738497,2.204138549038586,-0.00770358469961575,0.0056402919177243474,nan,nan,nan,nan,nan,nan,nan,0.401263021689988,0.0,0.0,-2.201541509115444,0.7422927512462029,-0.16712625181740498,0.016280446121091845,0.9215324726722374,0.0,0.0,0.787683233285805,-0.6893490103918287,0.07908769346421284,-0.15314452687830898,nan,nan,nan,nan,nan,nan,nan,nan,nan,nan,nan,nan,nan,nan,0.9350570675306875,0.0,0.0,-1.0279243828923252,-0.897894083129595,0.0003846964719425775,-0.00044015854778401694,nan,nan,nan,nan,nan,nan,nan,nan,nan,nan,nan,nan,nan,nan,nan,nan,nan,nan,nan,nan,nan,nan,nan,nan,nan,nan,nan,nan,nan,nan,nan,nan,nan,nan,nan,nan,nan,nan,nan,nan,nan,nan,nan,nan,nan,nan,nan,nan,nan,0.1798765385314446
1791062924.6973226,0.030908082935392607,0.8857923861470894,1.3819892594620562,-0.0002455200861603759,0.0034680851138042513,0.19985268797494374,0.5658329968175284,0.0,0.0,-2.2423838921039208,0.7907007774592663,-0.14262463242341705,0.008430741744170654,0.4071557463617438,0.0,0.0,2.991517476057332,2.2041214901548285,-0.0018984603778282897,0.007957314485424683,nan,nan,nan,nan,nan,nan,nan,0.401263021689988,0.0,0.0,-2.2186028531732807,0.7433666526069904,-0.14446155249453108,0.010196288057886423,0.9215324726722374,0.0,0.0,0.7972856478458471,-0.7064595820015832,0.09175019417768415,-0.15637494600227114,nan,nan,nan,nan,nan,nan,nan,nan,nan,nan,nan,nan,nan,nan,0.9350570675306875,0.0,0.0,-1.0279072257534847,-0.8979089421821044,0.0006008575244924422,-0.0001266121617167916,nan,nan,nan,nan,nan,nan,nan,nan,nan,nan,nan,nan,nan,nan,nan,nan,nan,nan,nan,nan,nan,nan,nan,nan,nan,nan,nan,nan,nan,nan,nan,nan,nan,nan,nan,nan,nan,nan,nan,nan,nan,nan,nan,nan,nan,nan,nan,nan,nan,0.16578083854298456
1791062924.7981684,0.03420777857813719,0.902881272747877,1.3832464374323923,-0.0002221574986189796,0.0031380777268756725,0.19986670552056446,0.5658329968175284,0.0,0.0,-2.2523899216483194,0.791347220852538,0.0029752832002002466,-0.0008016910006787847,0.4071557463617438,0.0,0.0,2.991565901522399,2.204025452907483,-0.001740196396981388,-0.003735539453001319,nan,nan,nan,nan,nan,nan,nan,0.401263021689988,0.0,0.0,-2.228615006161688,0.7435111937889654,0.0037873461668671057,-0.00459916977479973,0.9215324726722374,0.0,0.0,0.8057174458542204,-0.7215457166337479,0.08311342763855528,-0.14975615216586524,nan,nan,nan,nan,nan,nan,nan,nan,nan,nan,nan,nan,nan,nan,0.9350570675306875,0.0,0.0,-1.0279126969025183,-0.8979137955372749,-0.00037905704183526217,1.2654934211055912e-05,nan,nan,nan,nan,nan,nan,nan,nan,nan,nan,nan,nan,nan,nan,nan,nan,nan,nan,nan,nan,nan,nan,nan,nan,nan,nan,nan,nan,nan,nan,nan,nan,nan,nan,nan,nan,nan,nan,nan,nan,nan,nan,nan,nan,nan,nan,nan,nan,nan,0.17454679584851082
1791062924.8976824,0.03752109949647024,0.9198009594649892,1.383655278086285,-0.00020101857945877712,0.0028394806873914087,0.1998793888669459,0.5658329968175284,0.0,0.0,-2.2527435419544393,0.7913654340935687,-0.007460252699325851,0.001255213683833866,0.4071557463617438,0.0,0.0,2.9916154785708056,2.2039933115231314,0.0034950975789015282,-0.006685660201052352,nan,nan,nan,nan,nan,nan,nan,0.401263021689988,0.0,0.0,-2.2289878657399833,0.7440761569938835,-0.005752250163580717,0.003389120918997839,0.9215324726722374,0.0,0.0,0.8143185256094551,-0.7371317461756834,0.08773391325129618,-0.15790085852619623,nan,nan,nan,nan,nan,nan,nan,nan,nan,nan,nan,nan,nan,nan,0.9350570675306875,0.0,0.0,-1.0279394489389202,-0.8979149869854207,-0.0010042512614174927,0.00034147025728605365,nan,nan,nan,nan,nan,nan,nan,nan,nan,nan,nan,nan,nan,nan,nan,nan,nan,nan,nan,nan,nan,nan,nan,nan,nan,nan,nan,nan,nan,nan,nan,nan,nan,nan,nan,nan,nan,nan,nan,nan,nan,nan,nan,nan,nan,nan,nan,nan,nan,0.1833913780433705
1791062924.9983637,0.0409313523619777,0.9370563039424051,1.3849256790320554,-0.0001818891324745139,0.002569268374586601,0.1998908665313469,0.5658329968175284,0.0,0.0,-2.252744707304981,0.7913706949931846,-0.005409413303887785,0.001786555801827119,0.4071557463617438,0.0,0.0,2.9915595111701974,2.2040168730717173,0.00018328647713367237,-0.0038832766916886132,nan,nan,nan,nan,nan,nan,nan,0.401263021689988,0.0,0.0,-2.228910663642107,0.7440172974242011,-0.0015503155351299907,0.000227133789341068,0.9215324726722374,0.0,0.0,0.8227615784813699,-0.7522015776959089,0.08862532774508566,-0.15618946616713714,nan,nan,nan,nan,nan,nan,nan,nan,nan,nan,nan,nan,nan,nan,0.9350570675306875,0.0,0.0,-1.027944304026518,-0.8979236075677663,-0.00026009632918641524,-0.0008936050296849173,nan,nan,nan,nan,nan,nan,nan,nan,nan,nan,nan,nan,nan,nan,nan,nan,nan,nan,nan,nan,nan,nan,nan,nan,nan,nan,nan,nan,nan,nan,nan,nan,nan,nan,nan,nan,nan,nan,nan,nan,nan,nan,nan,nan,nan,nan,nan,nan,nan,0.170249250991726
1791062925.0984151,0.044258316818375706,0.9544927061423579,1.386203201142226,-0.00016458799687096257,0.002324881808188154,0.19990124720990285,0.5658329968175284,0.0,0.0,-2.2527482330053834,0.7913748119046515,-0.0003457772695177265,-0.0011892218331980722,0.4071557463617438,0.0,0.0,2.9915692711367456,2.203994007217418,-0.0011015178039832576,0.0002441689552440203,nan,nan,nan,nan,nan,nan,nan,0.401263021689988,0.0,0.0,-2.2289443998640124,0.7440033775221078,0.0006867885323838674,-0.0031338091931364847,0.9215324726722374,0.0,0.0,0.8309514972739716,-0.7674937111394199,0.07776312264061194,-0.1554377004601806,nan,nan,nan,nan,nan,nan,nan,nan,nan,nan,nan,nan,nan,nan,0.9350570675306875,0.0,0.0,-1.027965215176785,-0.8979210850940762,-0.0006822269264223655,0.000614662217640137,nan,nan,nan,nan,nan,nan,nan,nan,nan,nan,nan,nan,nan,nan,nan,nan,nan,nan,nan,nan,nan,nan,nan,nan,nan,nan,nan,nan,nan,nan,nan,nan,nan,nan,nan,nan,nan,nan,nan,nan,nan,nan,nan,nan,nan,nan,nan,nan,nan,0.18289610531137698
1791062925.197724,0.04770247176804507,0.9718351936034223,1.3873314418625926,-0.00014892537817737651,0.002103640053251101,0.19991064477903897,0.5658329968175284,0.0,0.0,-2.252736656848575,0.7913871246174109,0.0004844423679653316,0.001086332584909352,0.4071557463617438,0.0,0.0,2.991579273345404,2.2039934168391926,0.0013542403378969396,0.0001872789879898017,nan,nan,nan,nan,nan,nan,nan,0.401263021689988,0.0,0.0,-2.228954137549552,0.7440518857434361,-0.0013353882256587487,0.004202723819334703,0.9215324726722374,0.0,0.0,0.839645249244248,-0.7830667820849054,0.09041227118352463,-0.16292592378024015,nan,nan,nan,nan,nan,nan,nan,nan,nan,nan,nan,nan,nan,nan,0.9350570675306875,0.0,0.0,-1.0279494144585506,-0.8979201597759368,-0.00047904498458314774,0.000311771766045168,nan,nan,nan,nan,nan,nan,nan,nan,nan,nan,nan,nan,nan,nan,nan,nan,nan,nan,nan,nan,nan,nan,nan,nan,nan,nan,nan,nan,nan,nan,nan,nan,nan,nan,nan,nan,nan,nan,nan,nan,nan,nan,nan,nan,nan,nan,nan,nan,nan,0.18645326558565908
1791062925.2977145,0.05042729892402663,0.9887253489480592,1.384176674305207,-0.00013475493725435966,0.0019034760015447334,0.199919147042052,0.5658329968175284,0.0,0.0,-2.252778502225216,0.7914411566072779,-0.0014942379015236503,0.005761445937109046,0.4071557463617438,0.0,0.0,2.99162552800607,2.203995206424544,0.00046354411244181994,-0.0014618246506463161,nan,nan,nan,nan,nan,nan,nan,0.401263021689988,0.0,0.0,-2.2289441583628786,0.7440150809264819,0.0005009264393483724,-0.0029023399470391132,0.9215324726722374,0.0,0.0,0.8481625367342646,-0.7983044952745154,0.08528066560615688,-0.15530755678026745,nan,nan,nan,nan,nan,nan,nan,nan,nan,nan,nan,nan,nan,nan,0.9350570675306875,0.0,0.0,-1.0279517451338185,-0.8979252193992608,0.0011520570941335087,-0.00040078131757695324,nan,nan,nan,nan,nan,nan,nan,nan,nan,nan,nan,nan,nan,nan,nan,nan,nan,nan,nan,nan,nan,nan,nan,nan,nan,nan,nan,nan,nan,nan,nan,nan,nan,nan,nan,nan,nan,nan,nan,nan,nan,nan,nan,nan,nan,nan,nan,nan,nan,0.14372981923828201
1791062925.397392,0.053749147308460185,1.0071130083740876,1.38446424254874,-0.00012194756686392236,0.0017225659534395885,0.19992683146314597,0.5658329968175284,0.0,0.0,-2.2527460875215826,0.7913833973361538,0.0003972400864609073,0.001636969608304987,0.4071557463617438,0.0,0.0,2.991604803907692,2.2040005149841475,0.007246348563290017,-0.004211004077577147,nan,nan,nan,nan,nan,nan,nan,0.401263021689988,0.0,0.0,-2.228943140875572,0.7440247296982209,0.0014228744350158317,-0.0004305073078986483,0.9215324726722374,0.0,0.0,0.857143572507847,-0.8143795749936034,0.0900892850619856,-0.17069984022119622,nan,nan,nan,nan,nan,nan,nan,nan,nan,nan,nan,nan,nan,nan,0.9350570675306875,0.0,0.0,-1.0279320595421624,-0.8979165979951732,0.0001419802200979105,0.00026190294379868027,nan,nan,nan,nan,nan,nan,nan,nan,nan,nan,nan,nan,nan,nan,nan,nan,nan,nan,nan,nan,nan,nan,nan,nan,nan,nan,nan,nan,nan,nan,nan,nan,nan,nan,nan,nan,nan,nan,nan,nan,nan,nan,nan,nan,nan,nan,nan,nan,nan,0.18754693845845472
1791062925.4974544,0.056966896965307094,1.0232227986422235,1.3851870636650903,-0.00011034272157318305,0.001558642130219174,0.19993379436947437,0.5658329968175284,0.0,0.0,-2.252733901499101,0.7913732381048806,0.0012026770914439402,-0.005164463056564674,0.4071557463617438,0.0,0.0,2.991570325915066,2.204006733976991,-0.004575274034323936,-0.00016055855173934458,nan,nan,nan,nan,nan,nan,nan,0.401263021689988,0.0,0.0,-2.2289357429920424,0.7439905528318839,0.0015237680436197255,-0.0012738747071885735,0.9215324726722374,0.0,0.0,0.8661364594691572,-0.830101062268728,0.08979627798607123,-0.159878815037524,nan,nan,nan,nan,nan,nan,nan,nan,nan,nan,nan,nan,nan,nan,0.9350570675306875,0.0,0.0,-1.0279065170257515,-0.8979126885028602,4.117416971853875e-05,-0.0002471291904265758,nan,nan,nan,nan,nan,nan,nan,nan,nan,nan,nan,nan,nan,nan,nan,nan,nan,nan,nan,nan,nan,nan,nan,nan,nan,nan,nan,nan,nan,nan,nan,nan,nan,nan,nan,nan,nan,nan,nan,nan,nan,nan,nan,nan,nan,nan,nan,nan,nan,0.16767100854941022
1791062925.598112,0.060233563377007186,1.0411395427019416,1.384494509229504,-9.984222332015276e-05,0.0014103177212130846,0.1999400946677994,0.5658329968175284,0.0,0.0,-2.252761820654603,0.7913508596926441,-0.0014955887761164846,-0.00043037789344762986,0.4071557463617438,0.0,0.0,2.991548958421741,2.2040016890479963,-0.00023374599948145901,-0.0020519793612274913,nan,nan,nan,nan,nan,nan,nan,0.401263021689988,0.0,0.0,-2.2289521619856556,0.7440220550371661,0.0006572551861173659,0.0009304553507349011,0.9215324726722374,0.0,0.0,0.8750990987495973,-0.8461867987152468,0.08936699992562142,-0.15873346929497778,nan,nan,nan,nan,nan,nan,nan,nan,nan,nan,nan,nan,nan,nan,0.9350570675306875,0.0,0.0,-1.0279243738118253,-0.8979011227321745,0.00011238704172022766,0.000715460122939496,nan,nan,nan,nan,nan,nan,nan,nan,nan,nan,nan,nan,nan,nan,nan,nan,nan,nan,nan,nan,nan,nan,nan,nan,nan,nan,nan,nan,nan,nan,nan,nan,nan,nan,nan,nan,nan,nan,nan,nan,nan,nan,nan,nan,nan,nan,nan,nan,nan,0.17636972330540263
1791062925.6972368,0.06323883090666342,1.0576561968958682,1.3839936468934333,-9.034502018025848e-05,0.00127616532110873,0.19994579298921922,0.5658329968175284,0.0,0.0,-2.252758542053128,0.7913806623432192,-0.0006305746777376455,-0.0001659101300201622,0.4071557463617438,0.0,0.0,2.991605836761514,2.204003993727213,-0.004844993253018299,-0.00023751400899384398,nan,nan,nan,nan,nan,nan,nan,0.401263021689988,0.0,0.0,-2.228961365951054,0.7439917280161051,-0.0011116910092656656,-0.0018025251524394397,0.9215324726722374,0.0,0.0,0.8840935662354873,-0.861782766561409,0.08882959759563813,-0.1556085106430842,nan,nan,nan,nan,nan,nan,nan,nan,nan,nan,nan,nan,nan,nan,0.9350570675306875,0.0,0.0,-1.027930619881713,-0.8979129215796431,-9.709121558123965e-05,0.00016418685621327175,nan,nan,nan,nan,nan,nan,nan,nan,nan,nan,nan,nan,nan,nan,nan,nan,nan,nan,nan,nan,nan,nan,nan,nan,nan,nan,nan,nan,nan,nan,nan,nan,nan,nan,nan,nan,nan,nan,nan,nan,nan,nan,nan,nan,nan,nan,nan,nan,nan,0.16333690792659736
1791062925.7983882,0.06624888856988728,1.0741846337064118,1.3835097926695537,-8.174830158670113e-05,0.0011547326829562427,0.19995095102003135,0.5658329968175284,0.0,0.0,-2.252770426022836,0.7913832900834171,-0.00013528900143152544,-0.0015617695891886748,0.4071557463617438,0.0,0.0,2.991616939632091,2.204106516486352,0.003177785856215195,0.006036964459764391,nan,nan,nan,nan,nan,nan,nan,0.401263021689988,0.0,0.0,-2.2289967834277022,0.7440386371211303,-0.0007921624412939767,-0.00017725079722123233,0.9215324726722374,0.0,0.0,0.8925679751528731,-0.8773484558573925,0.08421750074604233,-0.15136413458428674,nan,nan,nan,nan,nan,nan,nan,nan,nan,nan,nan,nan,nan,nan,0.9350570675306875,0.0,0.0,-1.0279403748943297,-0.8979033379541334,-1.7302728102870928e-05,0.00015015071706308205,nan,nan,nan,nan,nan,nan,nan,nan,nan,nan,nan,nan,nan,nan,nan,nan,nan,nan,nan,nan,nan,nan,nan,nan,nan,nan,nan,nan,nan,nan,nan,nan,nan,nan,nan,nan,nan,nan,nan,nan,nan,nan,nan,nan,nan,nan,nan,nan,nan,0.152727928996354
1791062925.8976219,0.06917134085090108,1.0901650742318922,1.382781790292772,-7.396892216084539e-05,0.00104484533971125,0.199955618647432,0.5658329968175284,0.0,0.0,-2.2527630842903195,0.7913719931653707,0.00024430626748225316,-0.0011717677540284501,0.4071557463617438,0.0,0.0,2.991686008308629,2.2040545041201716,0.003558309301767499,0.0011282767027941624,nan,nan,nan,nan,nan,nan,nan,0.401263021689988,0.0,0.0,-2.2289786540862715,0.7439941214517292,-0.0016160134393224902,-9.184445568023291e-05,0.9215324726722374,0.0,0.0,0.9012623754655793,-0.8928484842039714,0.09286242905226497,-0.15841568605755058,nan,nan,nan,nan,nan,nan,nan,nan,nan,nan,nan,nan,nan,nan,0.9350570675306875,0.0,0.0,-1.0279360295206055,-0.897903826150521,0.000495364503966743,4.888007162519837e-05,nan,nan,nan,nan,nan,nan,nan,nan,nan,nan,nan,nan,nan,nan,nan,nan,nan,nan,nan,nan,nan,nan,nan,nan,nan,nan,nan,nan,nan,nan,nan,nan,nan,nan,nan,nan,nan,nan,nan,nan,nan,nan,nan,nan,nan,nan,nan,nan,nan,0.1713149116024703
1791062925.9979405,0.07223750233600508,1.1061446072902479,1.3827401500251928,-6.693045481781103e-05,0.0009454237233452881,0.19995984172764902,0.5658329968175284,0.0,0.0,-2.2527581132986754,0.7913606323831655,9.975025427414388e-05,0.0011308999601542745,0.4071557463617438,0.0,0.0,2.9915990840288256,2.204119683106058,-0.001900783198589797,0.005312948619058797,nan,nan,nan,nan,nan,nan,nan,0.401263021689988,0.0,0.0,-2.228935666774418,0.7439372690001441,0.0018345019537875699,-0.004029744209138441,0.9215324726722374,0.0,0.0,0.9096070364635368,-0.9079893063425467,0.07704748329588491,-0.14801209594568285,nan,nan,nan,nan,nan,nan,nan,nan,nan,nan,nan,nan,nan,nan,0.9350570675306875,0.0,0.0,-1.0279399359592918,-0.8979052827196331,5.641359324331678e-06,5.321686811751204e-05,nan,nan,nan,nan,nan,nan,nan,nan,nan,nan,nan,nan,nan,nan,nan,nan,nan,nan,nan,nan,nan,nan,nan,nan,nan,nan,nan,nan,nan,nan,nan,nan,nan,nan,nan,nan,nan,nan,nan,nan,nan,nan,nan,nan,nan,nan,nan,nan,nan,0.17662638248113036
1791062926.0988102,0.0754676952995157,1.123076944424739,1.3838429196384965,-6.056117994522394e-05,0.000855454761062838,0.19996366329243268,0.5658329968175284,0.0,0.0,-2.252741667007801,0.79139540103137,0.0007760176197083783,0.0007055207034787371,0.4071557463617438,0.0,0.0,2.9916211761172202,2.204063373063429,0.0064570067464154515,-0.003553309098673587,nan,nan,nan,nan,nan,nan,nan,0.401263021689988,0.0,0.0,-2.228929711488791,0.7438991537519567,0.0015857143274385652,-0.0037414392364231745,0.9215324726722374,0.0,0.0,0.9180620504164578,-0.9230110413443618,0.08649761941432843,-0.14692637859529123,nan,nan,nan,nan,nan,nan,nan,nan,nan,nan,nan,nan,nan,nan,0.9350570675306875,0.0,0.0,-1.027939806374911,-0.8979089022032567,-0.00012553366070491162,-0.00038100425941838635,nan,nan,nan,nan,nan,nan,nan,nan,nan,nan,nan,nan,nan,nan,nan,nan,nan,nan,nan,nan,nan,nan,nan,nan,nan,nan,nan,nan,nan,nan,nan,nan,nan,nan,nan,nan,nan,nan,nan,nan,nan,nan,nan,nan,nan,nan,nan,nan,nan,0.16011423397292013
1791062926.1984282,0.07870193426757316,1.1403096285790455,1.383535445467023,-5.4798021712856874e-05,0.0007740474775010569,0.19996712118726848,0.5658329968175284,0.0,0.0,-2.2527464369269063,0.7913867082619418,0.0014199742015519052,-0.004663098322826996,0.4071557463617438,0.0,0.0,2.9917094452917055,2.204137322468487,0.007896884544078706,0.003997419732683096,nan,nan,nan,nan,nan,nan,nan,0.401263021689988,0.0,0.0,-2.2289327195146416,0.7439148136019038,0.0018240010252377177,-0.0016308462720287832,0.9215324726722374,0.0,0.0,0.9255234507943417,-0.9361033912174528,0.0883074739387717,-0.15506165867973332,nan,nan,nan,nan,nan,nan,nan,nan,nan,nan,nan,nan,nan,nan,0.9350570675306875,0.0,0.0,-1.027940114677274,-0.8979075495296251,-0.0003098914097341306,2.1541714358798097e-05,nan,nan,nan,nan,nan,nan,nan,nan,nan,nan,nan,nan,nan,nan,nan,nan,nan,nan,nan,nan,nan,nan,nan,nan,nan,nan,nan,nan,nan,nan,nan,nan,nan,nan,nan,nan,nan,nan,nan,nan,nan,nan,nan,nan,nan,nan,nan,nan,nan,0.17233011030387826
1791062926.2975903,0.08175037300153602,1.156515001752622,1.3828701257664928,-4.96129629055711e-05,0.0007008061164989217,0.19997023222247648,0.5658329968175284,0.0,0.0,-2.2527420907986064,0.7914046009205288,-0.00012034907941859976,0.0031780850386811453,0.4071557463617438,0.0,0.0,2.991623751866309,2.2041279120655055,0.006174255683317743,0.00684408779147522,nan,nan,nan,nan,nan,nan,nan,0.401263021689988,0.0,0.0,-2.2289802218052435,0.7440148284132894,-0.0008028976048024002,0.001698087369325559,0.9215324726722374,0.0,0.0,0.9343830556287136,-0.9520818484595072,0.07583927376969582,-0.14593558029442685,nan,nan,nan,nan,nan,nan,nan,nan,nan,nan,nan,nan,nan,nan,0.9350570675306875,0.0,0.0,-1.0279467300529734,-0.8979116546672217,-0.000625745639186951,9.536231849983648e-05,nan,nan,nan,nan,nan,nan,nan,nan,nan,nan,nan,nan,nan,nan,nan,nan,nan,nan,nan,nan,nan,nan,nan,nan,nan,nan,nan,nan,nan,nan,nan,nan,nan,nan,nan,nan,nan,nan,nan,nan,nan,nan,nan,nan,nan,nan,nan,nan,nan,0.17437606659054092
1791062926.3972197,0.08508088182449676,1.173340405724735,1.3841695449241416,-4.489166527134438e-05,0.0006341155972050935,0.19997306500100004,0.5658329968175284,0.0,0.0,-2.252764612360742,0.7914519812098938,-0.0015820180294525814,0.004945738551953561,0.4071557463617438,0.0,0.0,2.9915876943615194,2.2041098809010324,0.016981505411469706,0.013280934880654915,nan,nan,nan,nan,nan,nan,nan,0.401263021689988,0.0,0.0,-2.2289297068323233,0.7439842728109515,0.0004963988101601709,-0.0018890647785486372,0.9215324726722374,0.0,0.0,0.9428692806846716,-0.967030467820148,0.0827775368651881,-0.14884388502603685,nan,nan,nan,nan,nan,nan,nan,nan,nan,nan,nan,nan,nan,nan,0.9350570675306875,0.0,0.0,-1.0279233899903228,-0.8979171373061691,-5.897109744959329e-05,-0.0003280032883392922,nan,nan,nan,nan,nan,nan,nan,nan,nan,nan,nan,nan,nan,nan,nan,nan,nan,nan,nan,nan,nan,nan,nan,nan,nan,nan,nan,nan,nan,nan,nan,nan,nan,nan,nan,nan,nan,nan,nan,nan,nan,nan,nan,nan,nan,nan,nan,nan,nan,0.16329138856214348
1791062926.4974802,0.08839744047806343,1.1904695202304256,1.3844408768141059,-4.062135847734791e-05,0.0005737955327442069,0.19997562718503425,0.5658329968175284,0.0,0.0,-2.2527550017446063,0.791377680252042,-0.0004091008002464776,-0.000628712485282349,0.4071557463617438,0.0,0.0,2.9915964956929333,2.204053931898546,0.013566294225238747,0.007739149974546734,nan,nan,nan,nan,nan,nan,nan,0.401263021689988,0.0,0.0,-2.228998817389789,0.7440577015676854,-0.0020670189317986594,0.0020817496231462576,0.9215324726722374,0.0,0.0,0.9512966851563799,-0.9817884300634646,0.07858574398715468,-0.16451212257896786,nan,nan,nan,nan,nan,nan,nan,nan,nan,nan,nan,nan,nan,nan,0.9350570675306875,0.0,0.0,-1.027936817690625,-0.8979234872626856,0.00020581573840962496,-0.00040915044644889266,nan,nan,nan,nan,nan,nan,nan,nan,nan,nan,nan,nan,nan,nan,nan,nan,nan,nan,nan,nan,nan,nan,nan,nan,nan,nan,nan,nan,nan,nan,nan,nan,nan,nan,nan,nan,nan,nan,nan,nan,nan,nan,nan,nan,nan,nan,nan,nan,nan,0.1769883052070723
1791062926.5984802,0.09146180749227115,1.2070946379630014,1.383218384734771,-3.675572513383635e-05,0.0005191916684994678,0.1999779465650091,0.5658329968175284,0.0,0.0,-2.252750081611384,0.7913894798839873,-0.0005201163979715561,-0.0005342174267721829,0.4071557463617438,0.0,0.0,2.9915743529328718,2.204012579520439,0.005521198658598873,-0.0020203309033906373,nan,nan,nan,nan,nan,nan,nan,0.401263021689988,0.0,0.0,-2.228939042881675,0.7439828058736889,0.002034748574853637,0.0008955193148937196,0.9215324726722374,0.0,0.0,0.9597682223154709,-0.9968134265602913,0.0846363806367453,-0.15074059000724438,nan,nan,nan,nan,nan,nan,nan,nan,nan,nan,nan,nan,nan,nan,0.9350570675306875,0.0,0.0,-1.027934868018838,-0.8979152755983091,-2.5185298529137605e-05,1.939486384250663e-05,nan,nan,nan,nan,nan,nan,nan,nan,nan,nan,nan,nan,nan,nan,nan,nan,nan,nan,nan,nan,nan,nan,nan,nan,nan,nan,nan,nan,nan,nan,nan,nan,nan,nan,nan,nan,nan,nan,nan,nan,nan,nan,nan,nan,nan,nan,nan,nan,nan,0.1726180312312257
1791062926.6976998,0.09462348384062479,1.224291239398475,1.3826088395542062,-3.3269884213014706e-05,0.0004699525484109612,0.19998003806953848,0.5658329968175284,0.0,0.0,-2.2527396630931324,0.7913937174025027,0.00010753231534779052,0.0009731208468608871,0.4071557463617438,0.0,0.0,2.991570538257117,2.204014138008318,0.005357401967207813,-0.005046106971210128,nan,nan,nan,nan,nan,nan,nan,0.401263021689988,0.0,0.0,-2.2289818901192047,0.7439887098974842,-0.000631528289550987,-0.0025416143936819856,0.9215324726722374,0.0,0.0,0.9687893096776365,-1.0122844636306927,0.0939362626293668,-0.15152395977492839,nan,nan,nan,nan,nan,nan,nan,nan,nan,nan,nan,nan,nan,nan,0.9350570675306875,0.0,0.0,-1.0279379823760335,-0.8979188866248664,0.000953394251721148,-2.378640469123715e-05,nan,nan,nan,nan,nan,nan,nan,nan,nan,nan,nan,nan,nan,nan,nan,nan,nan,nan,nan,nan,nan,nan,nan,nan,nan,nan,nan,nan,nan,nan,nan,nan,nan,nan,nan,nan,nan,nan,nan,nan,nan,nan,nan,nan,nan,nan,nan,nan,nan,0.17301558010597543
1791062926.7978873,0.09764374117910653,1.2416545576843585,1.379323567450178,-3.010383613955315e-05,0.000425230650643345,0.19998193769836536,0.5658329968175284,0.0,0.0,-2.2527255455011597,0.7913807212910333,0.0001815257679765395,-0.0019762575104071674,0.4071557463617438,0.0,0.0,2.9915498731009,2.204029474366198,0.0011945288447493126,0.0018057037973016191,nan,nan,nan,nan,nan,nan,nan,0.401263021689988,0.0,0.0,-2.228958009332132,0.7440176676972773,0.0013291448152065633,0.0002967857291158751,0.9215324726722374,0.0,0.0,0.9771831495299804,-1.0275081676574145,0.08098461858322578,-0.1522612129050982,nan,nan,nan,nan,nan,nan,nan,nan,nan,nan,nan,nan,nan,nan,0.9350570675306875,0.0,0.0,-1.0279386978313139,-0.8979134197996553,0.0006974831291377275,0.00011024433135453521,nan,nan,nan,nan,nan,nan,nan,nan,nan,nan,nan,nan,nan,nan,nan,nan,nan,nan,nan,nan,nan,nan,nan,nan,nan,nan,nan,nan,nan,nan,nan,nan,nan,nan,nan,nan,nan,nan,nan,nan,nan,nan,nan,nan,nan,nan,nan,nan,nan,0.18523726229720036
1791062926.8978696,0.10077423457931664,1.2582150255345559,1.3766738264199576,-2.723907737444297e-05,0.0003847646041243279,0.19998365655361172,0.5658329968175284,0.0,0.0,-2.252738296754157,0.7913864513305635,0.0002387815990258654,-0.0005456865821372292,0.4071557463617438,0.0,0.0,2.9915897474909383,2.204121530349032,0.0006357897310206098,0.0074431447506507105,nan,nan,nan,nan,nan,nan,nan,0.401263021689988,0.0,0.0,-2.2289828204260385,0.7440077871248842,-0.001448458906653701,0.0024854397392720185,0.9215324726722374,0.0,0.0,0.9858446093463935,-1.0429537160307063,0.08645672008810018,-0.1599076763080846,nan,nan,nan,nan,nan,nan,nan,nan,nan,nan,nan,nan,nan,nan,0.9350570675306875,0.0,0.0,-1.0279395937009674,-0.8979253993678957,0.00033593244726065494,-0.0005643859807633009,nan,nan,nan,nan,nan,nan,nan,nan,nan,nan,nan,nan,nan,nan,nan,nan,nan,nan,nan,nan,nan,nan,nan,nan,nan,nan,nan,nan,nan,nan,nan,nan,nan,nan,nan,nan,nan,nan,nan,nan,nan,nan,nan,nan,nan,nan,nan,nan,nan,0.15674453030340466
1791062926.9972646,0.10387710511799667,1.2756960958922807,1.3754136323059454,-2.465665381669572e-05,0.0003482866733846389,0.19998520600773698,0.5658329968175284,0.0,0.0,-2.252759793979877,0.7914021456748526,-8.499630607563132e-05,0.0009452815592225783,0.4071557463617438,0.0,0.0,2.991608023384443,2.20403675051076,0.003296307186320546,0.0009866778618507904,nan,nan,nan,nan,nan,nan,nan,0.401263021689988,0.0,0.0,-2.228953808601262,0.7440102955028333,-0.0003315867297655426,0.002133993286697443,0.9215324726722374,0.0,0.0,0.9947758887683522,-1.0582956938541024,0.09608344498709256,-0.16145995014122588,nan,nan,nan,nan,nan,nan,nan,nan,nan,nan,nan,nan,nan,nan,0.9350570675306875,0.0,0.0,-1.027926479507506,-0.8979228700414593,0.0004155608963862604,0.00016186421350303,nan,nan,nan,nan,nan,nan,nan,nan,nan,nan,nan,nan,nan,nan,nan,nan,nan,nan,nan,nan,nan,nan,nan,nan,nan,nan,nan,nan,nan,nan,nan,nan,nan,nan,nan,nan,nan,nan,nan,nan,nan,nan,nan,nan,nan,nan,nan,nan,nan,0.1690676117468414
1791062927.0973294,0.10686143941076463,1.2912985192496882,1.3727300797512068,-2.231129099797592e-05,0.00031515733555620976,0.19998661322542122,0.5658329968175284,0.0,0.0,-2.2527455586186678,0.7913769527874137,-0.0012612909318811857,-0.001497882134796051,0.4071557463617438,0.0,0.0,2.991628299446697,2.2040654695284587,0.0026246208454412763,-0.002917157653103896,nan,nan,nan,nan,nan,nan,nan,0.401263021689988,0.0,0.0,-2.228995802045576,0.7440788947765989,-0.0035179799250338027,0.004563413627502461,0.9215324726722374,0.0,0.0,1.0033743488951954,-1.0738900058719105,0.08552404716613489,-0.15129077923484976,nan,nan,nan,nan,nan,nan,nan,nan,nan,nan,nan,nan,nan,nan,0.9350570675306875,0.0,0.0,-1.0279398314682815,-0.8979189727236175,-0.000359513743164963,-0.00014719677064485104,nan,nan,nan,nan,nan,nan,nan,nan,nan,nan,nan,nan,nan,nan,nan,nan,nan,nan,nan,nan,nan,nan,nan,nan,nan,nan,nan,nan,nan,nan,nan,nan,nan,nan,nan,nan,nan,nan,nan,nan,nan,nan,nan,nan,nan,nan,nan,nan,nan,0.16756121428790885
1791062927.1976402,0.11013762633442004,1.307963870990313,1.3727414676438674,-2.0188090946292273e-05,0.0002851661498734929,0.19998788714544705,0.5658329968175284,0.0,0.0,-2.2527320521792884,0.791384264336302,0.0007287837933068254,0.0011250130140025324,0.4071557463617438,0.0,0.0,2.991671224472812,2.204056206353468,0.0038402456888940884,-0.0024189283539428983,nan,nan,nan,nan,nan,nan,nan,0.401263021689988,0.0,0.0,-2.2289550610858324,0.7439689873299333,0.004093527941232846,-0.004719957403147922,0.9215324726722374,0.0,0.0,1.012482789760287,-1.089743645128731,0.08784770048173751,-0.15456697516800527,nan,nan,nan,nan,nan,nan,nan,nan,nan,nan,nan,nan,nan,nan,0.9350570675306875,0.0,0.0,-1.027945167059077,-0.8979135769076232,1.9559200178197823e-05,-4.2835324054805714e-05,nan,nan,nan,nan,nan,nan,nan,nan,nan,nan,nan,nan,nan,nan,nan,nan,nan,nan,nan,nan,nan,nan,nan,nan,nan,nan,nan,nan,nan,nan,nan,nan,nan,nan,nan,nan,nan,nan,nan,nan,nan,nan,nan,nan,nan,nan,nan,nan,nan,0.1572992208462634
1791062927.297407,0.1133451883465455,1.3244998146528306,1.3718674625804645,-1.826694009292164e-05,0.00025802900284758773,0.19998903983595523,0.5658329968175284,0.0,0.0,-2.252739137629541,0.7913788140230704,-0.0002612311680381677,0.0002713151290588238,0.4071557463617438,0.0,0.0,2.9916267546649284,2.2040392367809107,0.005195647417306762,7.528599176672389e-06,nan,nan,nan,nan,nan,nan,nan,0.401263021689988,0.0,0.0,-2.228982720698251,0.7439901328799425,-0.0007754032191117543,-0.0011455318276426994,0.9215324726722374,0.0,0.0,1.0206626704518869,-1.104962910704586,0.07773978982897972,-0.14231457675514175,nan,nan,nan,nan,nan,nan,nan,nan,nan,nan,nan,nan,nan,nan,0.9350570675306875,0.0,0.0,-1.0279479371183635,-0.8979115021938944,-0.0007289993685468635,0.00020620578910115337,nan,nan,nan,nan,nan,nan,nan,nan,nan,nan,nan,nan,nan,nan,nan,nan,nan,nan,nan,nan,nan,nan,nan,nan,nan,nan,nan,nan,nan,nan,nan,nan,nan,nan,nan,nan,nan,nan,nan,nan,nan,nan,nan,nan,nan,nan,nan,nan,nan,0.17099406414088375
1791062927.3980727,0.11649798897543287,1.3406776824619147,1.3707562191770892,-1.653130842203535e-05,0.00023351240033663847,0.19999008121495493,0.5658329968175284,0.0,0.0,-2.2527537260479416,0.7913767731228859,-0.0005537821089350815,-0.001064485950149172,0.4071557463617438,0.0,0.0,2.9916600857865236,2.2040441407576465,0.003941813410456611,0.00013990247719845882,nan,nan,nan,nan,nan,nan,nan,0.401263021689988,0.0,0.0,-2.2289653583958673,0.7439976762670425,0.0010180922024108658,-0.004461881457135065,0.9215324726722374,0.0,0.0,1.0290247087934938,-1.1198788049907389,0.0818943150361201,-0.13988789806807175,nan,nan,nan,nan,nan,nan,nan,nan,nan,nan,nan,nan,nan,nan,0.9350570675306875,0.0,0.0,-1.027931709691234,-0.897914415086544,0.00040815169179889117,-0.0001860261923312573,nan,nan,nan,nan,nan,nan,nan,nan,nan,nan,nan,nan,nan,nan,nan,nan,nan,nan,nan,nan,nan,nan,nan,nan,nan,nan,nan,nan,nan,nan,nan,nan,nan,nan,nan,nan,nan,nan,nan,nan,nan,nan,nan,nan,nan,nan,nan,nan,nan,0.17324714656461132
1791062927.4975605,0.11979309444722107,1.35737479037678,1.3701189878525974,-1.4958146434266556e-05,0.00021129075746942376,0.19999102511214548,0.5658329968175284,0.0,0.0,-2.2527387934348804,0.7913867223613731,-0.0011143339936782188,-0.00012449290258329402,0.4071557463617438,0.0,0.0,2.991659753122869,2.204061139547604,0.016851644568295625,0.009017014671359722,nan,nan,nan,nan,nan,nan,nan,0.401263021689988,0.0,0.0,-2.2289539752312235,0.743994670558958,-0.0001103041153699434,-0.0017915805507850023,0.9215324726722374,0.0,0.0,1.037343013747225,-1.1346369492753983,0.08727448897300484,-0.15520202740477393,nan,nan,nan,nan,nan,nan,nan,nan,nan,nan,nan,nan,nan,nan,0.9350570675306875,0.0,0.0,-1.0279375527289598,-0.8979220215984843,-0.000247210909696151,-0.00082025926113843,nan,nan,nan,nan,nan,nan,nan,nan,nan,nan,nan,nan,nan,nan,nan,nan,nan,nan,nan,nan,nan,nan,nan,nan,nan,nan,nan,nan,nan,nan,nan,nan,nan,nan,nan,nan,nan,nan,nan,nan,nan,nan,nan,nan,nan,nan,nan,nan,nan,0.16181689509133304
1791062927.5980272,0.12319745740274578,1.3742302074152073,1.3704577527786819,-1.3534690602633707e-05,0.00019118378350632787,0.19999187918564287,0.5658329968175284,0.0,0.0,-2.2527266817782947,0.7913750801705564,0.0024531306897695457,-0.004247502262067246,0.4071557463617438,0.0,0.0,2.9917065799655536,2.2040093872255313,0.00611651951014587,-0.001668500660345725,nan,nan,nan,nan,nan,nan,nan,0.401263021689988,0.0,0.0,-2.228987556224044,0.744050323435082,-0.0014006379416656512,0.0024478852966448236,0.9215324726722374,0.0,0.0,1.0454369629500577,-1.1493901657900494,0.07929363867786046,-0.15069374884160214,nan,nan,nan,nan,nan,nan,nan,nan,nan,nan,nan,nan,nan,nan,0.9350570675306875,0.0,0.0,-1.0279315711321622,-0.897917342515323,-6.778483850953341e-05,-0.00020945649880951472,nan,nan,nan,nan,nan,nan,nan,nan,nan,nan,nan,nan,nan,nan,nan,nan,nan,nan,nan,nan,nan,nan,nan,nan,nan,nan,nan,nan,nan,nan,nan,nan,nan,nan,nan,nan,nan,nan,nan,nan,nan,nan,nan,nan,nan,nan,nan,nan,nan,0.17589723895962228
1791062927.6980176,0.12641381838005902,1.3908135185010528,1.3701132536589706,-1.2250470275272903e-05,0.00017304357563243696,0.19999264971783814,0.5658329968175284,0.0,0.0,-2.252731760151708,0.7914014989645713,-0.0005606551917496745,-0.0006182692210550102,0.4071557463617438,0.0,0.0,2.9916700037673207,2.2040277580035648,0.00041182229956405656,-0.0019460449811841915,nan,nan,nan,nan,nan,nan,nan,0.401263021689988,0.0,0.0,-2.228980291815163,0.7440438467125527,-0.0001471037981537524,0.001446400354161719,0.9215324726722374,0.0,0.0,1.0533479663738161,-1.1632385679980266,0.08363836798785257,-0.15504554830969075,nan,nan,nan,nan,nan,nan,nan,nan,nan,nan,nan,nan,nan,nan,0.9350570675306875,0.0,0.0,-1.0279332630870244,-0.8979226608049721,0.0008776066451541527,-0.000555079394686944,nan,nan,nan,nan,nan,nan,nan,nan,nan,nan,nan,nan,nan,nan,nan,nan,nan,nan,nan,nan,nan,nan,nan,nan,nan,nan,nan,nan,nan,nan,nan,nan,nan,nan,nan,nan,nan,nan,nan,nan,nan,nan,nan,nan,nan,nan,nan,nan,nan,0.1706125232442298
1791062927.7978544,0.12974838323732243,1.4074792483076604,1.36983238849339,-1.1087955680661792e-05,0.00015662251769293527,0.19999334722659406,0.5658329968175284,0.0,0.0,-2.2527346326416837,0.7913978165096454,-0.0001591947354764793,-0.0001002202569996541,0.4071557463617438,0.0,0.0,2.9916820711106125,2.204114275707512,0.011638440588442371,0.0015234483292756438,nan,nan,nan,nan,nan,nan,nan,0.401263021689988,0.0,0.0,-2.228956179522543,0.7440561438412946,0.0007928089235897945,0.004343114468043887,0.9215324726722374,0.0,0.0,1.0627720157485552,-1.1801614558341458,0.08683219757932195,-0.15143489446357267,nan,nan,nan,nan,nan,nan,nan,nan,nan,nan,nan,nan,nan,nan,0.9350570675306875,0.0,0.0,-1.0279343999387642,-0.8979115580354188,-0.0006925443631883689,-0.0001570328086483424,nan,nan,nan,nan,nan,nan,nan,nan,nan,nan,nan,nan,nan,nan,nan,nan,nan,nan,nan,nan,nan,nan,nan,nan,nan,nan,nan,nan,nan,nan,nan,nan,nan,nan,nan,nan,nan,nan,nan,nan,nan,nan,nan,nan,nan,nan,nan,nan,nan,0.16143560252189704
1791062927.89764,0.13305099883923163,1.424269362118113,1.3699533169751443,-1.0032797192684434e-05,0.00014171791456214238,0.19999398032168622,0.5658329968175284,0.0,0.0,-2.2527687540139807,0.7914004802904585,-0.0009505369573116519,0.000746138427372532,0.4071557463617438,0.0,0.0,2.9915797925589978,2.204119750506926,-7.896050237143882e-05,0.006829096338330021,nan,nan,nan,nan,nan,nan,nan,0.401263021689988,0.0,0.0,-2.22899561442994,0.7440724598060545,-0.0012478518945415876,0.003725123305105176,0.9215324726722374,0.0,0.0,1.069651127738734,-1.1929313782964264,0.023118309209817906,-0.04015801957035496,nan,nan,nan,nan,nan,nan,nan,nan,nan,nan,nan,nan,nan,nan,0.9350570675306875,0.0,0.0,-1.027920851182447,-0.8979105945026015,0.000993736087498644,-8.826424765983622e-05,nan,nan,nan,nan,nan,nan,nan,nan,nan,nan,nan,nan,nan,nan,nan,nan,nan,nan,nan,nan,nan,nan,nan,nan,nan,nan,nan,nan,nan,nan,nan,nan,nan,nan,nan,nan,nan,nan,nan,nan,nan,nan,nan,nan,nan,nan,nan,nan,nan,0.1732846220026661
1791062927.9970186,0.1357271167450148,1.4406370842713072,1.3719173517001084,-9.078050310490498e-06,0.00012823167194399282,0.19999455316981507,0.5658329968175284,0.0,0.0,-2.252748931886161,0.7913609191237552,-0.0014395583785592806,-0.0006324082686622425,0.4071557463617438,0.0,0.0,2.9915765108554653,2.2040097811674517,-0.0009439486088752286,-0.004470875206014348,nan,nan,nan,nan,nan,nan,nan,0.401263021689988,0.0,0.0,-2.2289560034123745,0.7440155428064488,0.0016439233610440222,-0.0017131823246457278,0.9215324726722374,0.0,0.0,1.069581587894134,-1.1929878105170257,-0.00413005768062296,-0.008563325522422054,nan,nan,nan,nan,nan,nan,nan,nan,nan,nan,nan,nan,nan,nan,0.9350570675306875,0.0,0.0,-1.027934555669568,-0.8979058453332102,0.0003929931782858416,-0.0006506119906318044,nan,nan,nan,nan,nan,nan,nan,nan,nan,nan,nan,nan,nan,nan,nan,nan,nan,nan,nan,nan,nan,nan,nan,nan,nan,nan,nan,nan,nan,nan,nan,nan,nan,nan,nan,nan,nan,nan,nan,nan,nan,nan,nan,nan,nan,nan,nan,nan,nan,0.16132900097486264
1791062928.0971434,0.13914839114367886,1.4568169208179136,1.370493431299868,-8.214294960486221e-06,0.00011603072692900177,0.19999507142302472,0.5658329968175284,0.0,0.0,-2.252735842485171,0.7913766617738959,-0.0001598372533226971,-0.0003609076811642073,0.4071557463617438,0.0,0.0,2.9916864762023345,2.20405502705518,0.006537946597093463,0.0002125079479797173,nan,nan,nan,nan,nan,nan,nan,0.401263021689988,0.0,0.0,-2.2289699782182684,0.7440145252819009,-0.0010419220214222661,0.00034877827025553063,0.9215324726722374,0.0,0.0,1.0696675559013604,-1.1931714060027299,-0.003242137681848743,-0.0034473077885377955,nan,nan,nan,nan,nan,nan,nan,nan,nan,nan,nan,nan,nan,nan,0.9350570675306875,0.0,0.0,-1.0279373556286922,-0.8979133781763614,0.0004960722594022398,-9.908637232534668e-05,nan,nan,nan,nan,nan,nan,nan,nan,nan,nan,nan,nan,nan,nan,nan,nan,nan,nan,nan,nan,nan,nan,nan,nan,nan,nan,nan,nan,nan,nan,nan,nan,nan,nan,nan,nan,nan,nan,nan,nan,nan,nan,nan,nan,nan,nan,nan,nan,nan,0.15332360116261237
1791062928.1971436,0.14208610778454733,1.472525375961974,1.372019558470035,-7.432601445474863e-06,0.00010498894340177794,0.19999554043913348,0.5658329968175284,0.0,0.0,-2.2527396551904264,0.791369421355208,0.0002438188303424655,0.00043429918345881874,0.4071557463617438,0.0,0.0,2.9916500132760544,2.204032970201101,0.006164275536205341,0.0008131217983539951,nan,nan,nan,nan,nan,nan,nan,0.401263021689988,0.0,0.0,-2.2289584107748808,0.7440312631443609,-0.0014218496449015761,0.0027828144689376016,0.9215324726722374,0.0,0.0,1.069715498306614,-1.1932106532045617,-0.0020741961013554153,-6.96315048147228e-05,nan,nan,nan,nan,nan,nan,nan,nan,nan,nan,nan,nan,nan,nan,0.9350570675306875,0.0,0.0,-1.0279427665782641,-0.8979169206335073,-0.0005148216170451273,-0.0004379396582489097,nan,nan,nan,nan,nan,nan,nan,nan,nan,nan,nan,nan,nan,nan,nan,nan,nan,nan,nan,nan,nan,nan,nan,nan,nan,nan,nan,nan,nan,nan,nan,nan,nan,nan,nan,nan,nan,nan,nan,nan,nan,nan,nan,nan,nan,nan,nan,nan,nan,0.155932489581061
1791062928.2981012,0.14526627811008586,1.4879913366636248,1.3722102948526296,-6.725295903424076e-06,9.49979245012092e-05,0.19999596482245852,0.5658329968175284,0.0,0.0,-2.2527388611936368,0.7913962158248365,-0.00016007104288106206,0.0028200281011307718,0.4071557463617438,0.0,0.0,2.9914678788453952,2.2040948726571883,-0.003665281272324388,0.004731234292988772,nan,nan,nan,nan,nan,nan,nan,0.401263021689988,0.0,0.0,-2.22894708888656,0.7440151828458964,0.0005379838687885095,0.0014268804116770888,0.9215324726722374,0.0,0.0,1.0698903776294373,-1.1930391784104188,0.009354861698347244,0.01338361336077717,nan,nan,nan,nan,nan,nan,nan,nan,nan,nan,nan,nan,nan,nan,0.9350570675306875,0.0,0.0,-1.0279528709789683,-0.8979215084019425,0.000203439208129617,-0.0003307943495468431,nan,nan,nan,nan,nan,nan,nan,nan,nan,nan,nan,nan,nan,nan,nan,nan,nan,nan,nan,nan,nan,nan,nan,nan,nan,nan,nan,nan,nan,nan,nan,nan,nan,nan,nan,nan,nan,nan,nan,nan,nan,nan,nan,nan,nan,nan,nan,nan,nan,0.17011104254654752
1791062928.3978212,0.1486110704083922,1.503570243184167,1.3739156365631089,-6.085299382781984e-06,8.595767675269905e-05,0.19999634882037076,0.5658329968175284,0.0,0.0,-2.252760984706015,0.7914193006944908,-0.0007312052892956044,0.0058360376053492626,0.4071557463617438,0.0,0.0,2.991549243602812,2.2041274831586755,-0.0035552297197613252,0.005852924379261896,nan,nan,nan,nan,nan,nan,nan,0.401263021689988,0.0,0.0,-2.2289448473798457,0.743996456557358,7.884732495731941e-05,-0.0015479326955856643,0.9215324726722374,0.0,0.0,1.0697400916035096,-1.1931693817428148,0.0004136530090241982,0.006315271876561683,nan,nan,nan,nan,nan,nan,nan,nan,nan,nan,nan,nan,nan,nan,0.9350570675306875,0.0,0.0,-1.0279275650554534,-0.8979081764078263,0.0010336445251582487,-2.3178100030491046e-05,nan,nan,nan,nan,nan,nan,nan,nan,nan,nan,nan,nan,nan,nan,nan,nan,nan,nan,nan,nan,nan,nan,nan,nan,nan,nan,nan,nan,nan,nan,nan,nan,nan,nan,nan,nan,nan,nan,nan,nan,nan,nan,nan,nan,nan,nan,nan,nan,nan,0.16488175364936755
1791062928.4975283,0.15202029805365314,1.520000932076905,1.3743491903500142,-5.506460166510714e-06,7.778130429930549e-05,0.1999966961239004,0.5658329968175284,0.0,0.0,-2.252751345553205,0.7913763121534344,-0.0016662214962525129,-0.00019101720539818092,0.4071557463617438,0.0,0.0,2.9915933044144634,2.2040541898855217,-0.005715437269297405,-0.0010582277805068555,nan,nan,nan,nan,nan,nan,nan,0.401263021689988,0.0,0.0,-2.228971198723608,0.744013758163546,4.3522428354161895e-05,-0.0008093591890070324,0.9215324726722374,0.0,0.0,1.069733086540197,-1.1932267204814258,-0.0007249755530649029,-0.00026097789441254383,nan,nan,nan,nan,nan,nan,nan,nan,nan,nan,nan,nan,nan,nan,0.9350570675306875,0.0,0.0,-1.0279356590600168,-0.897911176821166,-0.0006405375227013662,0.00014281420904818494,nan,nan,nan,nan,nan,nan,nan,nan,nan,nan,nan,nan,nan,nan,nan,nan,nan,nan,nan,nan,nan,nan,nan,nan,nan,nan,nan,nan,nan,nan,nan,nan,nan,nan,nan,nan,nan,nan,nan,nan,nan,nan,nan,nan,nan,nan,nan,nan,nan,0.1605101122496019
1791062928.597417,0.1554800596424599,1.5363379566652888,1.3762025529505462,-4.9824543152485116e-06,7.037947856386772e-05,0.1999970105274111,0.5658329968175284,0.0,0.0,-2.252738472804596,0.7913763689751021,0.00032377635572494246,0.0003886813470206615,0.4071557463617438,0.0,0.0,2.99163190061176,2.2040458957735165,0.012667109808354893,-0.004839937621448403,nan,nan,nan,nan,nan,nan,nan,0.401263021689988,0.0,0.0,-2.228986490869818,0.7439847237548117,0.0014536667910892852,6.403280227997596e-05,0.9215324726722374,0.0,0.0,1.0697575322834008,-1.1931702434376992,0.001121071151388536,0.0034691672662906675,nan,nan,nan,nan,nan,nan,nan,nan,nan,nan,nan,nan,nan,nan,0.9350570675306875,0.0,0.0,-1.0279327327802588,-0.8979099757013723,4.5395523420965745e-05,0.00032470855586972725,nan,nan,nan,nan,nan,nan,nan,nan,nan,nan,nan,nan,nan,nan,nan,nan,nan,nan,nan,nan,nan,nan,nan,nan,nan,nan,nan,nan,nan,nan,nan,nan,nan,nan,nan,nan,nan,nan,nan,nan,nan,nan,nan,nan,nan,nan,nan,nan,nan,0.17209630455734054
1791062928.6971827,0.1587805244180021,1.5525794669442845,1.3774223458710446,-4.508311099573239e-06,6.368198568737623e-05,0.19999729501334043,0.5658329968175284,0.0,0.0,-2.2527629360021386,0.7914363366309872,-0.0017690307650381526,0.005198310532266568,0.4071557463617438,0.0,0.0,2.9915289269065894,2.2040061380386766,0.01120802881126303,0.005522631251801153,nan,nan,nan,nan,nan,nan,nan,0.401263021689988,0.0,0.0,-2.2289384200030407,0.7439980027858667,0.002997341356275338,-0.006782834855731255,0.9215324726722374,0.0,0.0,1.069728099216835,-1.193234887256362,-0.0009123652475119522,-0.004276410529349218,nan,nan,nan,nan,nan,nan,nan,nan,nan,nan,nan,nan,nan,nan,0.9350570675306875,0.0,0.0,-1.0279485322905508,-0.8979097052324664,-0.00023387599962979006,9.708620458008345e-05,nan,nan,nan,nan,nan,nan,nan,nan,nan,nan,nan,nan,nan,nan,nan,nan,nan,nan,nan,nan,nan,nan,nan,nan,nan,nan,nan,nan,nan,nan,nan,nan,nan,nan,nan,nan,nan,nan,nan,nan,nan,nan,nan,nan,nan,nan,nan,nan,nan,0.17410124411285405
1791062928.797579,0.16208273159317887,1.5692388897370169,1.3790686714040596,-4.080101239348417e-06,5.7633322765109875e-05,0.19999755193925653,0.5658329968175284,0.0,0.0,-2.252755464531442,0.7913553272850697,-0.0008936245579573964,-0.001705602313906777,0.4071557463617438,0.0,0.0,2.991587125212762,2.2040229257044155,0.0015917185549799533,0.0014312911066391685,nan,nan,nan,nan,nan,nan,nan,0.401263021689988,0.0,0.0,-2.229002551579519,0.7440655973156828,-0.0022861355632702494,0.0022307923551208907,0.9215324726722374,0.0,0.0,1.0697230512425513,-1.1932302680864724,-0.00762946232915799,-0.007863925372690345,nan,nan,nan,nan,nan,nan,nan,nan,nan,nan,nan,nan,nan,nan,0.9350570675306875,0.0,0.0,-1.027954226858058,-0.8979144683150297,-0.0006169775778196549,-0.00033779243160419656,nan,nan,nan,nan,nan,nan,nan,nan,nan,nan,nan,nan,nan,nan,nan,nan,nan,nan,nan,nan,nan,nan,nan,nan,nan,nan,nan,nan,nan,nan,nan,nan,nan,nan,nan,nan,nan,nan,nan,nan,nan,nan,nan,nan,nan,nan,nan,nan,nan,0.16019296694455426
1791062928.897747,0.1654247479317196,1.5862121869799037,1.3796330678856044,-3.6918282719506553e-06,5.214878698075375e-05,0.19999778490303693,0.5658329968175284,0.0,0.0,-2.252750014196077,0.7913839903500153,-0.0002245571225312041,0.0013912673327624882,0.4071557463617438,0.0,0.0,2.991517292600875,2.2041020053890894,-0.006445545257527125,0.007066602266362291,nan,nan,nan,nan,nan,nan,nan,0.401263021689988,0.0,0.0,-2.2289773168763936,0.7440179499981711,0.001540363076438537,-0.0033708303092268525,0.9215324726722374,0.0,0.0,1.0697418644690584,-1.1931781976450746,-0.0007773998441864991,0.0023406518203417546,nan,nan,nan,nan,nan,nan,nan,nan,nan,nan,nan,nan,nan,nan,0.9350570675306875,0.0,0.0,-1.0279427936343155,-0.8979249881338722,0.00047793741769028546,2.2113297165833034e-05,nan,nan,nan,nan,nan,nan,nan,nan,nan,nan,nan,nan,nan,nan,nan,nan,nan,nan,nan,nan,nan,nan,nan,nan,nan,nan,nan,nan,nan,nan,nan,nan,nan,nan,nan,nan,nan,nan,nan,nan,nan,nan,nan,nan,nan,nan,nan,nan,nan,0.18102622258415504
1791062928.9974782,0.1686829099275577,1.6026988754696339,1.3792127231650573,-3.3406060991262185e-06,4.71876108576126e-05,0.1999979956363406,0.5658329968175284,0.0,0.0,-2.2527458764669093,0.791362867290871,-0.0002627246710479711,-9.532566696553158e-05,0.4071557463617438,0.0,0.0,2.9916356877232473,2.2040305322849587,0.005544434294113146,-0.0005114245241234991,nan,nan,nan,nan,nan,nan,nan,0.401263021689988,0.0,0.0,-2.2289768602611097,0.7440590791191991,0.001879935320296307,-0.0009396223967083069,0.9215324726722374,0.0,0.0,1.0697331609294027,-1.19321771556433,-0.000938787892496642,-0.0002196922595054414,nan,nan,nan,nan,nan,nan,nan,nan,nan,nan,nan,nan,nan,nan,0.9350570675306875,0.0,0.0,-1.0279416450984522,-0.8979312498293689,0.00032564495505518683,-0.00018539659751713882,nan,nan,nan,nan,nan,nan,nan,nan,nan,nan,nan,nan,nan,nan,nan,nan,nan,nan,nan,nan,nan,nan,nan,nan,nan,nan,nan,nan,nan,nan,nan,nan,nan,nan,nan,nan,nan,nan,nan,nan,nan,nan,nan,nan,nan,nan,nan,nan,nan,0.17661997094640616
1791062929.0972338,0.17189573564785965,1.6202320436930866,1.3787491060299069,-3.022705398401955e-06,4.2697115985720155e-05,0.19999818637676103,0.5658329968175284,0.0,0.0,-2.2527663730967644,0.7914452916103341,-0.0011903271194575317,0.0018882167197326622,0.4071557463617438,0.0,0.0,2.9915697608883733,2.2041044028880847,0.016410288017589085,0.011993740338494142,nan,nan,nan,nan,nan,nan,nan,0.401263021689988,0.0,0.0,-2.228963634755612,0.7440182726506465,0.00036085006151717754,0.0013345421999696602,0.9215324726722374,0.0,0.0,1.0697317266191801,-1.193230493569871,-0.0018896287511867712,-0.002777429434368887,nan,nan,nan,nan,nan,nan,nan,nan,nan,nan,nan,nan,nan,nan,0.9350570675306875,0.0,0.0,-1.0279321267692034,-0.8979239817668759,-0.0006866342926651421,-4.881867907758258e-06,nan,nan,nan,nan,nan,nan,nan,nan,nan,nan,nan,nan,nan,nan,nan,nan,nan,nan,nan,nan,nan,nan,nan,nan,nan,nan,nan,nan,nan,nan,nan,nan,nan,nan,nan,nan,nan,nan,nan,nan,nan,nan,nan,nan,nan,nan,nan,nan,nan,0.17367795371080771
1791062929.1978312,0.17521042813330343,1.6379470336418018,1.378184849416737,-2.735183998158189e-06,3.8635742826074826e-05,0.19999835888960116,0.5658329968175284,0.0,0.0,-2.252747309426297,0.7913963204175813,-0.0005155236526956011,0.001565895878949925,0.4071557463617438,0.0,0.0,2.9915068982851194,2.2039874970116506,-0.0009273720454551867,-0.004629917255419281,nan,nan,nan,nan,nan,nan,nan,0.401263021689988,0.0,0.0,-2.228923399644911,0.7440256184108082,0.0030568634909147727,-0.003036948236808331,0.9215324726722374,0.0,0.0,1.069733679280983,-1.1932098447003556,-0.0011027837399572955,-0.0034791128617603106,nan,nan,nan,nan,nan,nan,nan,nan,nan,nan,nan,nan,nan,nan,0.9350570675306875,0.0,0.0,-1.0279287385027567,-0.897920249771193,0.0007825718969944904,-0.0005081276786659635,nan,nan,nan,nan,nan,nan,nan,nan,nan,nan,nan,nan,nan,nan,nan,nan,nan,nan,nan,nan,nan,nan,nan,nan,nan,nan,nan,nan,nan,nan,nan,nan,nan,nan,nan,nan,nan,nan,nan,nan,nan,nan,nan,nan,nan,nan,nan,nan,nan,0.18613763812032358
1791062929.2974417,0.17843584060783257,1.654702966002568,1.3770296998526905,-2.474896827560101e-06,3.495906579413615e-05,0.1999985150619035,0.5658329968175284,0.0,0.0,-2.2527388000590447,0.7913520987342586,-5.77826980372912e-07,-0.0007693122847262494,0.4071557463617438,0.0,0.0,2.9915407829936136,2.2039990145908868,0.0013203335139828473,-0.00039082016377673154,nan,nan,nan,nan,nan,nan,nan,0.401263021689988,0.0,0.0,-2.228962292775914,0.7440531929245211,-0.0005446294351745612,0.0008253721979169345,0.9215324726722374,0.0,0.0,1.0697242667923876,-1.1932236521714963,-0.0019059825398054899,-0.00507830923527154,nan,nan,nan,nan,nan,nan,nan,nan,nan,nan,nan,nan,nan,nan,0.9350570675306875,0.0,0.0,-1.0279352843648817,-0.8979174949742412,0.0006835347895886123,0.0005621619660122953,nan,nan,nan,nan,nan,nan,nan,nan,nan,nan,nan,nan,nan,nan,nan,nan,nan,nan,nan,nan,nan,nan,nan,nan,nan,nan,nan,nan,nan,nan,nan,nan,nan,nan,nan,nan,nan,nan,nan,nan,nan,nan,nan,nan,nan,nan,nan,nan,nan,0.16686245037640285
1791062929.3997447,0.181681487257653,1.6724769575183416,1.375852144205798,-2.2393792560908386e-06,3.16322708405113e-05,0.19999865637244638,0.5658329968175284,0.0,0.0,-2.252770973751167,0.7913284532646977,-0.0001272126322519819,-0.006110013389402928,0.4071557463617438,0.0,0.0,2.991532936764117,2.203984686586715,0.0020585694936905126,-0.0011452129885000527,nan,nan,nan,nan,nan,nan,nan,0.401263021689988,0.0,0.0,-2.228948784636363,0.7440266548699372,-0.0009426061955050091,-0.0003148525906672818,0.9215324726722374,0.0,0.0,1.0697227484914258,-1.193188358247355,-7.415404240083788e-05,0.001738330217118081,nan,nan,nan,nan,nan,nan,nan,nan,nan,nan,nan,nan,nan,nan,0.9350570675306875,0.0,0.0,-1.0279190889317233,-0.8979176800076402,-0.00020992475180705596,0.00010450787946497431,nan,nan,nan,nan,nan,nan,nan,nan,nan,nan,nan,nan,nan,nan,nan,nan,nan,nan,nan,nan,nan,nan,nan,nan,nan,nan,nan,nan,nan,nan,nan,nan,nan,nan,nan,nan,nan,nan,nan,nan,nan,nan,nan,nan,nan,nan,nan,nan,nan,0.18889117850633613
1791062929.4969747,0.18492932426399433,1.6891650710505048,1.3758032922114112,-2.026513765815095e-06,2.86254470420473e-05,0.19999878409174054,0.5658329968175284,0.0,0.0,-2.2527468774626227,0.7913568976325415,-0.0008726738183382739,-0.0008656415411374325,0.4071557463617438,0.0,0.0,2.9915038825961764,2.204076823152865,-8.97869063243066e-05,0.00372385442045234,nan,nan,nan,nan,nan,nan,nan,0.401263021689988,0.0,0.0,-2.228965274141476,0.7440125078637859,0.001666379933180058,-0.0016876500598729293,0.9215324726722374,0.0,0.0,1.0697515338926438,-1.1931566868674852,0.0019080062651137275,0.003088515619376647,nan,nan,nan,nan,nan,nan,nan,nan,nan,nan,nan,nan,nan,nan,0.9350570675306875,0.0,0.0,-1.0279349305139065,-0.8979069261370252,-0.0004986537832259226,-0.00018792555127612693,nan,nan,nan,nan,nan,nan,nan,nan,nan,nan,nan,nan,nan,nan,nan,nan,nan,nan,nan,nan,nan,nan,nan,nan,nan,nan,nan,nan,nan,nan,nan,nan,nan,nan,nan,nan,nan,nan,nan,nan,nan,nan,nan,nan,nan,nan,nan,nan,nan,0.16662671815104116
1791062929.5980659,0.1882797186342935,1.705985242197878,1.37670254507114,-1.8336654840770917e-06,2.590137560016363e-05,0.1999988998007096,0.5658329968175284,0.0,0.0,-2.25275486643467,0.7913454712012779,0.00012864322395743466,-0.0007612717108381703,0.4071557463617438,0.0,0.0,2.991455088758021,2.203997964714664,-0.006530834276294823,-0.0016184067989295564,nan,nan,nan,nan,nan,nan,nan,0.401263021689988,0.0,0.0,-2.228992420989381,0.744058164158522,-0.001707481384165115,0.002208311152443782,0.9215324726722374,0.0,0.0,1.0698828989411122,-1.193079668809079,0.010386581686760748,0.010385706000089675,nan,nan,nan,nan,nan,nan,nan,nan,nan,nan,nan,nan,nan,nan,0.9350570675306875,0.0,0.0,-1.0279346433983747,-0.8979209104224795,-0.0010546602506823928,6.906960174453473e-06,nan,nan,nan,nan,nan,nan,nan,nan,nan,nan,nan,nan,nan,nan,nan,nan,nan,nan,nan,nan,nan,nan,nan,nan,nan,nan,nan,nan,nan,nan,nan,nan,nan,nan,nan,nan,nan,nan,nan,nan,nan,nan,nan,nan,nan,nan,nan,nan,nan,0.16435550490810166
1791062929.6971793,0.1915949124732754,1.7227322046449929,1.3773683039764089,-1.6594890331245247e-06,2.3441052429988148e-05,0.19999900430658013,0.5658329968175284,0.0,0.0,-2.2527290350818707,0.791345351404237,0.0004075393105265988,0.0006614159005444276,0.4071557463617438,0.0,0.0,2.991455088758021,2.203997964714664,-0.006530834276294823,-0.0016184067989295564,nan,nan,nan,nan,nan,nan,nan,0.401263021689988,0.0,0.0,-2.228985169452845,0.7440194634846922,-0.002547714632331685,0.0004499544017015519,0.9215324726722374,0.0,0.0,1.069729957537612,-1.1931630152207833,6.69383703480317e-05,0.005078617478134143,nan,nan,nan,nan,nan,nan,nan,nan,nan,nan,nan,nan,nan,nan,0.9350570675306875,0.0,0.0,-1.027920121050551,-0.8979135538109947,0.0008176993837710541,-5.5663996272546e-05,nan,nan,nan,nan,nan,nan,nan,nan,nan,nan,nan,nan,nan,nan,nan,nan,nan,nan,nan,nan,nan,nan,nan,nan,nan,nan,nan,nan,nan,nan,nan,nan,nan,nan,nan,nan,nan,nan,nan,nan,nan,nan,nan,nan,nan,nan,nan,nan,nan,0.17793598745450961
1791062929.799031,0.1949305101467106,1.7394727000387504,1.3782659931818275,-1.5015677724848744e-06,2.1210341363766784e-05,0.19999909905933652,0.5658329968175284,0.0,0.0,-2.252772152773283,0.7914485177133217,-0.0024728307475525403,0.007311040756712876,0.4071557463617438,0.0,0.0,2.991455088758021,2.203997964714664,-0.006530834276294823,-0.0016184067989295564,nan,nan,nan,nan,nan,nan,nan,0.401263021689988,0.0,0.0,-2.2289834670855617,0.7439870051595162,-6.241099468294576e-05,-0.002574199638469301,0.9215324726722374,0.0,0.0,1.0698828221356842,-1.1930187119144762,0.010461784770538775,0.012741652519022897,nan,nan,nan,nan,nan,nan,nan,nan,nan,nan,nan,nan,nan,nan,0.9350570675306875,0.0,0.0,-1.027931820692749,-0.8979066183129024,-0.0005348772560037702,0.00031574010690734534,nan,nan,nan,nan,nan,nan,nan,nan,nan,nan,nan,nan,nan,nan,nan,nan,nan,nan,nan,nan,nan,nan,nan,nan,nan,nan,nan,nan,nan,nan,nan,nan,nan,nan,nan,nan,nan,nan,nan,nan,nan,nan,nan,nan,nan,nan,nan,nan,nan,0.1731237950597637
1791062929.8971786,0.19830475271217166,1.7563642808947109,1.3793349583240688,-1.3590699686843723e-06,1.919749378034134e-05,0.1999991845580188,0.5658329968175284,0.0,0.0,-2.252750073796151,0.7913242925726917,-0.0005233992635192058,-0.0016389226941060113,0.4071557463617438,0.0,0.0,2.991455088758021,2.203997964714664,-0.006530834276294823,-0.0016184067989295564,nan,nan,nan,nan,nan,nan,nan,0.401263021689988,0.0,0.0,-2.228947483023173,0.7439592297196588,0.000885399695840971,-0.003087640036439592,0.9215324726722374,0.0,0.0,1.0697374281160903,-1.1932073479692031,0.0012557535741478567,0.0009856850165250886,nan,nan,nan,nan,nan,nan,nan,nan,nan,nan,nan,nan,nan,nan,0.9350570675306875,0.0,0.0,-1.0279249384107598,-0.8979310839043624,0.00014466274698625106,0.00019575505485461874,nan,nan,nan,nan,nan,nan,nan,nan,nan,nan,nan,nan,nan,nan,nan,nan,nan,nan,nan,nan,nan,nan,nan,nan,nan,nan,nan,nan,nan,nan,nan,nan,nan,nan,nan,nan,nan,nan,nan,nan,nan,nan,nan,nan,nan,nan,nan,nan,nan,0.17620164359338542
1791062929.9973118,0.20162705267456527,1.7737901291157825,1.3787288204440538,-1.2297373617987317e-06,1.737061071067428e-05,0.19999926215758293,0.5658329968175284,0.0,0.0,-2.252748520221674,0.7913739345859441,-0.0004336517681554786,0.0019357035137379044,0.4071557463617438,0.0,0.0,2.991455088758021,2.203997964714664,-0.006530834276294823,-0.0016184067989295564,nan,nan,nan,nan,nan,nan,nan,0.401263021689988,0.0,0.0,-2.228994923773801,0.744049289502755,-0.0005921020007606855,0.0031827080236830852,0.9215324726722374,0.0,0.0,1.0697442487852937,-1.1931653645795115,0.0009159146506987196,0.0036294190835552296,nan,nan,nan,nan,nan,nan,nan,nan,nan,nan,nan,nan,nan,nan,0.9350570675306875,0.0,0.0,-1.0279153685016775,-0.8979290904771705,3.170655254419651e-05,0.0005302852893557014,nan,nan,nan,nan,nan,nan,nan,nan,nan,nan,nan,nan,nan,nan,nan,nan,nan,nan,nan,nan,nan,nan,nan,nan,nan,nan,nan,nan,nan,nan,nan,nan,nan,nan,nan,nan,nan,nan,nan,nan,nan,nan,nan,nan,nan,nan,nan,nan,nan,0.18835211871799046
1791062930.097704,0.20491273809348118,1.7912027974054792,1.3782260398064652,-1.1127123796780087e-06,1.5717578550319864e-05,0.1999993323725722,0.5658329968175284,0.0,0.0,-2.2527800494450085,0.7914037634953364,0.000489798075543488,0.0006374233852060937,0.4071557463617438,0.0,0.0,2.991455088758021,2.203997964714664,-0.006530834276294823,-0.0016184067989295564,nan,nan,nan,nan,nan,nan,nan,0.401263021689988,0.0,0.0,-2.2289797700263305,0.7440001259033594,0.00023203288710606235,-0.003703507496340574,0.9215324726722374,0.0,0.0,1.069861823592049,-1.1930846747366386,0.008612551539065753,0.005182089165654673,nan,nan,nan,nan,nan,nan,nan,nan,nan,nan,nan,nan,nan,nan,0.9350570675306875,0.0,0.0,-1.0279507641287517,-0.8979312966423983,-0.001224591172128096,-0.0002478427379957423,nan,nan,nan,nan,nan,nan,nan,nan,nan,nan,nan,nan,nan,nan,nan,nan,nan,nan,nan,nan,nan,nan,nan,nan,nan,nan,nan,nan,nan,nan,nan,nan,nan,nan,nan,nan,nan,nan,nan,nan,nan,nan,nan,nan,nan,nan,nan,nan,nan,0.16634568475406505
1791062930.1976361,0.20909387206874236,1.8091746630816008,1.375469553913395,-1.0068237969753891e-06,1.4221853197922802e-05,0.19999939590572183,0.5658329968175284,0.0,0.0,-2.2527424191105516,0.791382115798742,0.00102416236384879,0.00044490099366010886,0.4071557463617438,0.0,0.0,2.991455088758021,2.203997964714664,-0.006530834276294823,-0.0016184067989295564,nan,nan,nan,nan,nan,nan,nan,0.401263021689988,0.0,0.0,-2.2289471622004493,0.7440161619017815,0.003176134133527462,-0.0016892272803194532,0.9215324726722374,0.0,0.0,1.069712438124839,-1.1931647211040364,-0.00958484406343588,-0.006396567744893064,nan,nan,nan,nan,nan,nan,nan,nan,nan,nan,nan,nan,nan,nan,0.9350570675306875,0.0,0.0,-1.0279257825813297,-0.8979633739507651,0.0006192847032196413,-0.0005399335810666643,nan,nan,nan,nan,nan,nan,nan,nan,nan,nan,nan,nan,nan,nan,nan,nan,nan,nan,nan,nan,nan,nan,nan,nan,nan,nan,nan,nan,nan,nan,nan,nan,nan,nan,nan,nan,nan,nan,nan,nan,nan,nan,nan,nan,nan,nan,nan,nan,nan,0.1962548883918714
1791062930.297643,0.21233384175749978,1.82618082869546,1.374688558687707,-9.111767359235435e-07,1.287079408988569e-05,0.19999945329395846,0.5658329968175284,0.0,0.0,-2.252739378690404,0.79134734487665,0.00017154882698560943,0.00037749251708821914,0.4071557463617438,0.0,0.0,2.991455088758021,2.203997964714664,-0.006530834276294823,-0.0016184067989295564,nan,nan,nan,nan,nan,nan,nan,0.401263021689988,0.0,0.0,-2.2289747648215865,0.7440431956514426,-3.400727328182226e-05,0.0019411068300919602,0.9215324726722374,0.0,0.0,1.0697148878756924,-1.1932113030959755,0.0004561804485717926,-0.00020747737650285701,nan,nan,nan,nan,nan,nan,nan,nan,nan,nan,nan,nan,nan,nan,0.9350570675306875,0.0,0.0,-1.0279287058367164,-0.8979189533320527,-0.00018353861974048014,0.0005144275524941161,nan,nan,nan,nan,nan,nan,nan,nan,nan,nan,nan,nan,nan,nan,nan,nan,nan,nan,nan,nan,nan,nan,nan,nan,nan,nan,nan,nan,nan,nan,nan,nan,nan,nan,nan,nan,nan,nan,nan,nan,nan,nan,nan,nan,nan,nan,nan,nan,nan,0.17624723849782217
1791062930.3971002,0.21558207536689536,1.8439606453627133,1.3731624721001023,-8.244668053784525e-07,1.1645976096192093e-05,0.19999950531991678,0.5658329968175284,0.0,0.0,-2.252747203373374,0.7913567981436644,-0.00030684071331996745,-0.0003522109228239816,0.4071557463617438,0.0,0.0,2.991455088758021,2.203997964714664,-0.006530834276294823,-0.0016184067989295564,nan,nan,nan,nan,nan,nan,nan,0.401263021689988,0.0,0.0,-2.2289744196008185,0.7440555786214388,0.00019011639838064444,0.0005254365752999004,0.9215324726722374,0.0,0.0,1.0697279781005744,-1.1932604898825463,6.132029197323024e-05,-0.009017138587973626,nan,nan,nan,nan,nan,nan,nan,nan,nan,nan,nan,nan,nan,nan,0.9350570675306875,0.0,0.0,-1.0279452264391167,-0.8979045330146236,-0.0003072028424690916,-9.59787658267755e-05,nan,nan,nan,nan,nan,nan,nan,nan,nan,nan,nan,nan,nan,nan,nan,nan,nan,nan,nan,nan,nan,nan,nan,nan,nan,nan,nan,nan,nan,nan,nan,nan,nan,nan,nan,nan,nan,nan,nan,nan,nan,nan,nan,nan,nan,nan,nan,nan,nan,0.17820642612555299
1791062930.496964,0.21893183156490226,1.8612922111234917,1.3725753648529753,-7.460336655098631e-07,1.0538071610407982e-05,0.19999955237980072,0.5658329968175284,0.0,0.0,-2.2527507442310784,0.791378288307168,-0.00034697016781030465,0.0011291303664979775,0.4071557463617438,0.0,0.0,2.991455088758021,2.203997964714664,-0.006530834276294823,-0.0016184067989295564,nan,nan,nan,nan,nan,nan,nan,0.401263021689988,0.0,0.0,-2.2289745424032374,0.7440482618478945,-0.0024264946078543775,0.002459875688558435,0.9215324726722374,0.0,0.0,1.0697418598744037,-1.193205396846685,-0.002120830699429437,-0.004789959138461909,nan,nan,nan,nan,nan,nan,nan,nan,nan,nan,nan,nan,nan,nan,0.9350570675306875,0.0,0.0,-1.0253597077740015,-0.8981993761574407,0.19492161435811725,-0.020889481117740378,nan,nan,nan,nan,nan,nan,nan,nan,nan,nan,nan,nan,nan,nan,nan,nan,nan,nan,nan,nan,nan,nan,nan,nan,nan,nan,nan,nan,nan,nan,nan,nan,nan,nan,nan,nan,nan,nan,nan,nan,nan,nan,nan,nan,nan,nan,nan,nan,nan,0.18316383634503847
1791062930.5970452,0.22224358907714223,1.8782972369126902,1.3725188249122922,-6.75039175889698e-07,9.53524151017335e-06,0.19999959497649447,0.5658329968175284,0.0,0.0,-2.2527604904346514,0.7913753912803869,-0.00013029129265567806,-0.0005337175654031593,0.4071557463617438,0.0,0.0,2.991455088758021,2.203997964714664,-0.006530834276294823,-0.0016184067989295564,nan,nan,nan,nan,nan,nan,nan,0.401263021689988,0.0,0.0,-2.228963106022117,0.7440176204501749,0.0003519974598309586,-0.00043288734432162413,0.9215324726722374,0.0,0.0,1.0698954494970108,-1.1930181041555177,0.011413638156465065,0.01539004516920197,nan,nan,nan,nan,nan,nan,nan,nan,nan,nan,nan,nan,nan,nan,0.9350570675306875,0.0,0.0,-1.0283883002245289,-0.8980236794196954,-0.003522916186190638,0.0001787599946681791,nan,nan,nan,nan,nan,nan,nan,nan,nan,nan,nan,nan,nan,nan,nan,nan,nan,nan,nan,nan,nan,nan,nan,nan,nan,nan,nan,nan,nan,nan,nan,nan,nan,nan,nan,nan,nan,nan,nan,nan,nan,nan,nan,nan,nan,nan,nan,nan,nan,0.16764668270329042
1791062930.6971276,0.2254598247540102,1.8957483165602087,1.3731792864363264,-6.108291740500488e-07,8.628245447162967e-06,0.19999963350249558,0.5658329968175284,0.0,0.0,-2.252747236222715,0.7913638647271792,0.0018097132674698205,-0.000918977120795083,0.4071557463617438,0.0,0.0,2.991455088758021,2.203997964714664,-0.006530834276294823,-0.0016184067989295564,nan,nan,nan,nan,nan,nan,nan,0.401263021689988,0.0,0.0,-2.228980317789361,0.7440485929525856,-0.001872458278944182,0.002089915385506881,0.9215324726722374,0.0,0.0,1.0697293156806675,-1.1932177805709132,-0.0005879654688989764,-0.004123317315770585,nan,nan,nan,nan,nan,nan,nan,nan,nan,nan,nan,nan,nan,nan,0.9350570675306875,0.0,0.0,-1.0284031998458387,-0.8980200388295241,-0.0009692295881594205,9.530274133586293e-05,nan,nan,nan,nan,nan,nan,nan,nan,nan,nan,nan,nan,nan,nan,nan,nan,nan,nan,nan,nan,nan,nan,nan,nan,nan,nan,nan,nan,nan,nan,nan,nan,nan,nan,nan,nan,nan,nan,nan,nan,nan,nan,nan,nan,nan,nan,nan,nan,nan,0.18318497149179652
1791062930.797133,0.2289402374971795,1.9124339156598076,1.3746171353892542,-5.527010928901285e-07,7.807159335157276e-06,0.19999966837934427,0.5658329968175284,0.0,0.0,-2.2527456237448145,0.7913775940946525,-0.002347795835598572,-0.0010898662241294063,0.4071557463617438,0.0,0.0,2.985400869629252,2.2020547425614314,-0.0015226583583262026,0.0013319580444542223,nan,nan,nan,nan,nan,nan,nan,0.401263021689988,0.0,0.0,-2.228932607637365,0.7439608182547782,0.004306582228425394,-0.007562278376686061,0.9215324726722374,0.0,0.0,1.0697320080325385,-1.1931500067878393,0.001051080351928033,0.0035838170181833285,nan,nan,nan,nan,nan,nan,nan,nan,nan,nan,nan,nan,nan,nan,0.9350570675306875,0.0,0.0,-1.0283975895833888,-0.898021289489986,0.0003991162486818636,-0.00042202210126750353,nan,nan,nan,nan,nan,nan,nan,nan,nan,nan,nan,nan,nan,nan,nan,nan,nan,nan,nan,nan,nan,nan,nan,nan,nan,nan,nan,nan,nan,nan,nan,nan,nan,nan,nan,nan,nan,nan,nan,nan,nan,nan,nan,nan,nan,nan,nan,nan,nan,0.16935474366873662
1791062930.89861,0.23252028947113043,1.9301096663555777,1.3756796849325652,-5.001046300007157e-07,7.064209897340693e-06,0.199999699937222,0.5658329968175284,0.0,0.0,-2.2527654775673724,0.7913969431395338,-0.00220560988537748,0.0037975269715562815,0.4071557463617438,0.0,0.0,2.98538053720522,2.2020482575365734,-0.008762508830557285,0.0012889883622984573,nan,nan,nan,nan,nan,nan,nan,0.401263021689988,0.0,0.0,-2.2289911164138942,0.7440526109610861,0.0011144002952865521,-0.0013390327587232986,0.9215324726722374,0.0,0.0,1.069707567577028,-1.1932068502563902,-0.0004117262178213992,0.0003733403728747544,nan,nan,nan,nan,nan,nan,nan,nan,nan,nan,nan,nan,nan,nan,0.9350570675306875,0.0,0.0,-1.0284047028049377,-0.8979951899354415,-2.0482658568403964e-05,0.000453287879312286,nan,nan,nan,nan,nan,nan,nan,nan,nan,nan,nan,nan,nan,nan,nan,nan,nan,nan,nan,nan,nan,nan,nan,nan,nan,nan,nan,nan,nan,nan,nan,nan,nan,nan,nan,nan,nan,nan,nan,nan,nan,nan,nan,nan,nan,nan,nan,nan,nan,0.18125500222850716
1791062930.9978907,0.23590549510220268,1.947872622140474,1.376318359723729,-4.52561488847201e-07,6.392640973280054e-06,0.1999997284631067,0.5658329968175284,0.0,0.0,-2.252735265970137,0.7913767122346893,0.0006382078073559118,-0.0003877595886906171,0.4071557463617438,0.0,0.0,2.985388834534904,2.202038743084685,-0.002745052196510795,0.0001479651549515247,nan,nan,nan,nan,nan,nan,nan,0.401263021689988,0.0,0.0,-2.228965365952349,0.744027163357615,0.0007656638772344579,3.768740898795676e-05,0.9215324726722374,0.0,0.0,1.069722894402964,-1.1932236318657865,-0.00010770046619462566,-0.005298837171836948,nan,nan,nan,nan,nan,nan,nan,nan,nan,nan,nan,nan,nan,nan,0.9350570675306875,0.0,0.0,-1.0283771555264658,-0.8980112056668743,3.1555050367727816e-05,-0.00020469574265482567,nan,nan,nan,nan,nan,nan,nan,nan,nan,nan,nan,nan,nan,nan,nan,nan,nan,nan,nan,nan,nan,nan,nan,nan,nan,nan,nan,nan,nan,nan,nan,nan,nan,nan,nan,nan,nan,nan,nan,nan,nan,nan,nan,nan,nan,nan,nan,nan,nan,0.19123863777278943
1791062931.0972812,0.2394425806168985,1.9653827618363162,1.3777430754260778,-4.0950615724572437e-07,5.7844644410371885e-06,0.19999975429630568,0.5658329968175284,0.0,0.0,-2.2527339975231624,0.7913818079004935,-0.00040004165639635157,0.00024283217272622417,0.4071557463617438,0.0,0.0,2.985372507844985,2.202016165591639,-0.003125865996349125,5.727103193883527e-05,nan,nan,nan,nan,nan,nan,nan,0.401263021689988,0.0,0.0,-2.228987812602413,0.7440345481122561,1.2172205367923911e-05,0.0004729817627784819,0.9215324726722374,0.0,0.0,1.0697442033198643,-1.1931534311943395,0.0002674867717684043,0.0041356038120981585,nan,nan,nan,nan,nan,nan,nan,nan,nan,nan,nan,nan,nan,nan,0.9350570675306875,0.0,0.0,-1.0283908977657938,-0.8979928386858781,-0.0002971655968788073,0.0003820626759077764,nan,nan,nan,nan,nan,nan,nan,nan,nan,nan,nan,nan,nan,nan,nan,nan,nan,nan,nan,nan,nan,nan,nan,nan,nan,nan,nan,nan,nan,nan,nan,nan,nan,nan,nan,nan,nan,nan,nan,nan,nan,nan,nan,nan,nan,nan,nan,nan,nan,0.17568138075181775
1791062931.197613,0.24316868613760936,1.9838968018165848,1.3790370689671767,-3.7053649411382526e-07,5.233999871269058e-06,0.19999977767810354,0.5658329968175284,0.0,0.0,-2.2527449593289695,0.7913741715895031,-0.0012906220059091785,-0.0004937368099517064,0.4071557463617438,0.0,0.0,2.985363386545259,2.202034449835391,-0.0029351816697106357,0.0013452561492631662,nan,nan,nan,nan,nan,nan,nan,0.401263021689988,0.0,0.0,-2.22896823710624,0.7440285165608159,-5.861422956204302e-05,-0.000777904184730184,0.9215324726722374,0.0,0.0,1.06974338626183,-1.1932229430628882,-0.0005234036669061482,-0.003976411551894659,nan,nan,nan,nan,nan,nan,nan,nan,nan,nan,nan,nan,nan,nan,0.9350570675306875,0.0,0.0,-1.0284036510792705,-0.8980068004965273,-0.0012035328368167752,-0.0006319603909292692,nan,nan,nan,nan,nan,nan,nan,nan,nan,nan,nan,nan,nan,nan,nan,nan,nan,nan,nan,nan,nan,nan,nan,nan,nan,nan,nan,nan,nan,nan,nan,nan,nan,nan,nan,nan,nan,nan,nan,nan,nan,nan,nan,nan,nan,nan,nan,nan,nan,0.1927939452704211
1791062931.2978916,0.2470091810704218,2.002015245614885,1.3756906952984007,-3.3535105779687136e-07,4.736989260765171e-06,0.19999979878936533,0.5658329968175284,0.0,0.0,-2.2527343416723435,0.7913739493898126,0.002333217661513851,-0.005736367328972846,0.4071557463617438,0.0,0.0,2.985410852104515,2.2020054541487872,0.004833997080663734,-0.0007627972681389066,nan,nan,nan,nan,nan,nan,nan,0.401263021689988,0.0,0.0,-2.2289597954386635,0.7440090885713282,0.0011809397051484663,-0.004164242745496959,0.9215324726722374,0.0,0.0,1.0697691871507873,-1.1931645019876294,0.0003670556522837274,-0.0009760465679051121,nan,nan,nan,nan,nan,nan,nan,nan,nan,nan,nan,nan,nan,nan,0.9350570675306875,0.0,0.0,-1.0283886243952851,-0.8980086318063016,0.0006817863691689932,-0.00014808255843834977,nan,nan,nan,nan,nan,nan,nan,nan,nan,nan,nan,nan,nan,nan,nan,nan,nan,nan,nan,nan,nan,nan,nan,nan,nan,nan,nan,nan,nan,nan,nan,nan,nan,nan,nan,nan,nan,nan,nan,nan,nan,nan,nan,nan,nan,nan,nan,nan,nan,0.1734009876579905
1791062931.3979487,0.2505886810083396,2.020289637514225,1.375986269960059,-3.034381853722735e-07,4.286205133383482e-06,0.1999998179370888,0.5658329968175284,0.0,0.0,-2.2527355063241292,0.7913883168384293,0.00029667098310324596,-7.23353090479426e-05,0.4071557463617438,0.0,0.0,2.9853590080510446,2.2020240113906118,-0.0001230147854305946,-0.0007325581849367102,nan,nan,nan,nan,nan,nan,nan,0.401263021689988,0.0,0.0,-2.2289649869232746,0.7440353021887904,0.00013295386923349903,0.0010271471424616574,0.9215324726722374,0.0,0.0,1.0697154750609814,-1.193205869079935,-0.00039308199517118546,0.00019609136431329868,nan,nan,nan,nan,nan,nan,nan,nan,nan,nan,nan,nan,nan,nan,0.9350570675306875,0.0,0.0,-1.028374249354438,-0.8980126865536566,7.031848654377833e-05,-0.00028454443016436275,nan,nan,nan,nan,nan,nan,nan,nan,nan,nan,nan,nan,nan,nan,nan,nan,nan,nan,nan,nan,nan,nan,nan,nan,nan,nan,nan,nan,nan,nan,nan,nan,nan,nan,nan,nan,nan,nan,nan,nan,nan,nan,nan,nan,nan,nan,nan,nan,nan,0.19382838491657625
1791062931.4978323,0.253849949465911,2.03780568632737,1.3751103704669612,-2.7457223746814994e-07,3.878460228322037e-06,0.19999983525665754,0.5658329968175284,0.0,0.0,-2.252739587068575,0.7913847166435475,0.0023518106618189275,-0.004988982349097853,0.4071557463617438,0.0,0.0,2.9853830357703144,2.2019951833183447,0.0008485570398823017,-0.0025456920528018974,nan,nan,nan,nan,nan,nan,nan,0.401263021689988,0.0,0.0,-2.2289711747802112,0.7440110511436684,-0.0003635071217639164,-0.0017796233361332442,0.9215324726722374,0.0,0.0,1.0697029897992507,-1.1932178132050129,-0.001228718094875248,-0.00048179242978423314,nan,nan,nan,nan,nan,nan,nan,nan,nan,nan,nan,nan,nan,nan,0.9350570675306875,0.0,0.0,-1.0283690082616916,-0.8980095426388396,0.00017608356840269004,5.76670593036786e-05,nan,nan,nan,nan,nan,nan,nan,nan,nan,nan,nan,nan,nan,nan,nan,nan,nan,nan,nan,nan,nan,nan,nan,nan,nan,nan,nan,nan,nan,nan,nan,nan,nan,nan,nan,nan,nan,nan,nan,nan,nan,nan,nan,nan,nan,nan,nan,nan,nan,0.17462157064024295
1791062931.5973773,0.2568782566077584,2.0557851204652087,1.3724052457336708,-2.484503398272392e-07,3.5094763061936256e-06,0.1999998509297961,0.5658329968175284,0.0,0.0,-2.2527338289203818,0.7913791800088457,-0.0020534338382333698,-0.0008087694456009798,0.4071557463617438,0.0,0.0,2.985419363608274,2.2020333835274037,0.0016731755204585819,0.00047787202252490014,nan,nan,nan,nan,nan,nan,nan,0.401263021689988,0.0,0.0,-2.2289554636768045,0.7440498496539812,0.0027473229249267367,0.0017652050448365905,0.9215324726722374,0.0,0.0,1.0697273545652528,-1.1932225610543312,-0.0011014791386330552,-0.0011494839147373967,nan,nan,nan,nan,nan,nan,nan,nan,nan,nan,nan,nan,nan,nan,0.9350570675306875,0.0,0.0,-1.0283704595665975,-0.8979952450834654,-0.00046711558440133173,0.000257953716847707,nan,nan,nan,nan,nan,nan,nan,nan,nan,nan,nan,nan,nan,nan,nan,nan,nan,nan,nan,nan,nan,nan,nan,nan,nan,nan,nan,nan,nan,nan,nan,nan,nan,nan,nan,nan,nan,nan,nan,nan,nan,nan,nan,nan,nan,nan,nan,nan,nan,0.17729232029587744
1791062931.697625,0.2600410333942092,2.073054950630307,1.3715929023607025,-2.2480716407331848e-07,3.175505480598243e-06,0.19999986511570156,0.5658329968175284,0.0,0.0,-2.2527474222722055,0.7913749854937578,0.0002502228128242026,-0.000694345226744219,0.4071557463617438,0.0,0.0,2.9853736874540124,2.2020204682309896,-0.0022666624166385284,-0.0001881207688592853,nan,nan,nan,nan,nan,nan,nan,0.401263021689988,0.0,0.0,-2.228969610642498,0.744036607845576,0.0026128011157613216,-3.737377304990691e-05,0.9215324726722374,0.0,0.0,1.0697401024329642,-1.1931537416289513,-0.008231444708669938,-0.00557877229453916,nan,nan,nan,nan,nan,nan,nan,nan,nan,nan,nan,nan,nan,nan,0.9350570675306875,0.0,0.0,-1.0283631307159131,-0.8979825414145911,0.0009457303365729007,0.0008397585010993501,nan,nan,nan,nan,nan,nan,nan,nan,nan,nan,nan,nan,nan,nan,nan,nan,nan,nan,nan,nan,nan,nan,nan,nan,nan,nan,nan,nan,nan,nan,nan,nan,nan,nan,nan,nan,nan,nan,nan,nan,nan,nan,nan,nan,nan,nan,nan,nan,nan,0.17442112318143713
1791062931.7980027,0.26330681246132337,2.08985610797099,1.371418462603454,-2.0341393396293958e-07,2.8733161809678655e-06,0.19999987795163965,0.5658329968175284,0.0,0.0,-2.2527195916205787,0.791366693685312,0.0013629611694503793,-1.52821629559189e-05,0.4071557463617438,0.0,0.0,2.985326396465095,2.202017040820166,-0.003343546418396016,-0.0018925924608461037,nan,nan,nan,nan,nan,nan,nan,0.401263021689988,0.0,0.0,-2.2289732304519503,0.7440918147438249,0.002360747258667555,-0.00014353143726267108,0.9215324726722374,0.0,0.0,1.069864105012451,-1.193100933632835,0.00998024740112469,0.008849372155968089,nan,nan,nan,nan,nan,nan,nan,nan,nan,nan,nan,nan,nan,nan,0.9350570675306875,0.0,0.0,-1.028375311765375,-0.8979862715805835,-0.0002671990562034176,0.0003138878682555398,nan,nan,nan,nan,nan,nan,nan,nan,nan,nan,nan,nan,nan,nan,nan,nan,nan,nan,nan,nan,nan,nan,nan,nan,nan,nan,nan,nan,nan,nan,nan,nan,nan,nan,nan,nan,nan,nan,nan,nan,nan,nan,nan,nan,nan,nan,nan,nan,nan,0.163721436820989
1791062931.8970463,0.2668779731143263,2.1070054402145817,1.3702435608608943,-1.841824425211383e-07,2.6016624428618996e-06,0.1999998894905345,0.5658329968175284,0.0,0.0,-2.25274308337807,0.7913845367433835,-0.0007623055199705235,-0.0013116569858024724,0.4071557463617438,0.0,0.0,2.985384357980458,2.2020208382602666,8.712118762237964e-05,-0.0020746763035977174,nan,nan,nan,nan,nan,nan,nan,0.401263021689988,0.0,0.0,-2.2290009546712692,0.7441182129524796,-0.0009667952716571142,0.0011352668252771207,0.9215324726722374,0.0,0.0,1.069877063477738,-1.193095163406178,0.01066157514642233,0.009927297039459234,nan,nan,nan,nan,nan,nan,nan,nan,nan,nan,nan,nan,nan,nan,0.9350570675306875,0.0,0.0,-1.0283850856961763,-0.8979851791861401,-0.00019476497550094878,0.0005139034137832613,nan,nan,nan,nan,nan,nan,nan,nan,nan,nan,nan,nan,nan,nan,nan,nan,nan,nan,nan,nan,nan,nan,nan,nan,nan,nan,nan,nan,nan,nan,nan,nan,nan,nan,nan,nan,nan,nan,nan,nan,nan,nan,nan,nan,nan,nan,nan,nan,nan,0.17686742353045207
1791062932.0001378,0.2699009502042391,2.1242605478407075,1.3726243951002843,-1.6665516579315434e-07,2.3540815281739547e-06,0.19999990000690054,0.5658329968175284,0.0,0.0,-2.2527383372621492,0.7913924117198285,-0.0013749007717386982,-0.00144788711770663,0.4071557463617438,0.0,0.0,2.9854038411173693,2.2020497669286154,-0.00014019497506868634,0.00017028618160654698,nan,nan,nan,nan,nan,nan,nan,0.401263021689988,0.0,0.0,-2.2290028424192543,0.744085226335877,-0.0007069060512850538,-0.0015673113703998567,0.9215324726722374,0.0,0.0,1.069725133726208,-1.1931542821633445,-0.001114486952860995,0.0003999585513633282,nan,nan,nan,nan,nan,nan,nan,nan,nan,nan,nan,nan,nan,nan,0.9350570675306875,0.0,0.0,-1.0283806913543685,-0.8979939970345088,-0.0004986082650524403,0.0002926937768651045,nan,nan,nan,nan,nan,nan,nan,nan,nan,nan,nan,nan,nan,nan,nan,nan,nan,nan,nan,nan,nan,nan,nan,nan,nan,nan,nan,nan,nan,nan,nan,nan,nan,nan,nan,nan,nan,nan,nan,nan,nan,nan,nan,nan,nan,nan,nan,nan,nan,0.16052414731610942
1791062932.0977774,0.2734765673814524,2.1409818024906873,1.3711274594504534,-1.5094357318349036e-07,2.132147993953297e-06,0.1999999094338561,0.5658329968175284,0.0,0.0,-2.252748086883156,0.7913938528693031,-0.0007762648985736394,-0.0019158156509478947,0.4071557463617438,0.0,0.0,2.9853853875042686,2.202039052547698,-0.0009140697460107791,-0.0014489477601318163,nan,nan,nan,nan,nan,nan,nan,0.401263021689988,0.0,0.0,-2.228989059940102,0.7440318167923613,-0.002967527000365798,0.0003194166736388811,0.9215324726722374,0.0,0.0,1.0697191373989727,-1.1931533080978847,0.00039810062288235634,0.0034631559023113453,nan,nan,nan,nan,nan,nan,nan,nan,nan,nan,nan,nan,nan,nan,0.9350570675306875,0.0,0.0,-1.0283795172598424,-0.8980026262067033,-9.028749354713161e-05,-0.0005355245547556945,nan,nan,nan,nan,nan,nan,nan,nan,nan,nan,nan,nan,nan,nan,nan,nan,nan,nan,nan,nan,nan,nan,nan,nan,nan,nan,nan,nan,nan,nan,nan,nan,nan,nan,nan,nan,nan,nan,nan,nan,nan,nan,nan,nan,nan,nan,nan,nan,nan,0.15262504967202
1791062932.198478,0.276564075845015,2.157088726974382,1.3713775378550268,-1.3657939307335797e-07,1.929247286353297e-06,0.19999991805236417,0.5658329968175284,0.0,0.0,-2.2527378345504507,0.7913701729326891,0.00015638591957386976,-0.0006435531099227674,0.4071557463617438,0.0,0.0,2.9854709402996304,2.2020206003040386,0.0036159182968291525,-0.0014658822610870766,nan,nan,nan,nan,nan,nan,nan,0.401263021689988,0.0,0.0,-2.2289317816670757,0.7439936477427211,0.0013763443552329134,0.00013516835334718166,0.9215324726722374,0.0,0.0,1.0697407645418024,-1.1932053706922165,-0.0013431900784655086,-0.001646230547622512,nan,nan,nan,nan,nan,nan,nan,nan,nan,nan,nan,nan,nan,nan,0.9350570675306875,0.0,0.0,-1.0283721374507846,-0.8980072631557491,-0.00029253417430379,-0.00023212289110352907,nan,nan,nan,nan,nan,nan,nan,nan,nan,nan,nan,nan,nan,nan,nan,nan,nan,nan,nan,nan,nan,nan,nan,nan,nan,nan,nan,nan,nan,nan,nan,nan,nan,nan,nan,nan,nan,nan,nan,nan,nan,nan,nan,nan,nan,nan,nan,nan,nan,0.16318692399978715
1791062932.2976887,0.2796852923502583,2.1727790792244446,1.3721197975412363,-1.236134087418588e-07,1.746096742749632e-06,0.19999992583195478,0.5658329968175284,0.0,0.0,-2.2527387458239234,0.7913714889421356,-3.374104541582925e-05,-0.000985509305490273,0.4071557463617438,0.0,0.0,2.985313340976081,2.202044382952584,-0.006636339384260754,-9.930329940305066e-05,nan,nan,nan,nan,nan,nan,nan,0.401263021689988,0.0,0.0,-2.228904037793177,0.7439202494278382,0.0017054749477369742,-0.0035726518210667576,0.9215324726722374,0.0,0.0,1.0697159434860515,-1.1932031161566268,-0.0010334847889162124,0.0002452161143642805,nan,nan,nan,nan,nan,nan,nan,nan,nan,nan,nan,nan,nan,nan,0.9350570675306875,0.0,0.0,-1.0283527159670376,-0.8979879006145708,0.0017420901438920586,0.00041447138986112886,nan,nan,nan,nan,nan,nan,nan,nan,nan,nan,nan,nan,nan,nan,nan,nan,nan,nan,nan,nan,nan,nan,nan,nan,nan,nan,nan,nan,nan,nan,nan,nan,nan,nan,nan,nan,nan,nan,nan,nan,nan,nan,nan,nan,nan,nan,nan,nan,nan,0.17230584142388597
1791062932.3975117,0.28296462245528936,2.189211855310167,1.3721653544694299,-1.1185003763736662e-07,1.5799336688698195e-06,0.19999993288997742,0.5658329968175284,0.0,0.0,-2.2527268529268563,0.7913944632542015,0.0019503490653676658,0.0017078835803785708,0.4071557463617438,0.0,0.0,2.98536599306991,2.2020323766759726,-0.0012651027702813508,-0.00026820964865585455,nan,nan,nan,nan,nan,nan,nan,0.401263021689988,0.0,0.0,-2.228949504579126,0.7440356638858441,-0.00197223367912131,0.001025469473091541,0.9215324726722374,0.0,0.0,1.0697060636922762,-1.1932206615166614,-0.0010384497815460357,-0.0005995203787741441,nan,nan,nan,nan,nan,nan,nan,nan,nan,nan,nan,nan,nan,nan,0.9350570675306875,0.0,0.0,-1.0283822426203177,-0.897993724511546,0.00016273092201900914,-0.0007199027494624947,nan,nan,nan,nan,nan,nan,nan,nan,nan,nan,nan,nan,nan,nan,nan,nan,nan,nan,nan,nan,nan,nan,nan,nan,nan,nan,nan,nan,nan,nan,nan,nan,nan,nan,nan,nan,nan,nan,nan,nan,nan,nan,nan,nan,nan,nan,nan,nan,nan,0.1607435319748025
1791062932.4971359,0.2862230032146299,2.2066167624257793,1.3720442787336349,-1.0124198341979071e-07,1.4300899819693018e-06,0.19999993925480997,0.5658329968175284,0.0,0.0,-2.252719168157211,0.7914009159303632,0.0015211860991133914,0.0014717149276639598,0.4071557463617438,0.0,0.0,2.985367428323578,2.2020358734009644,0.0009550583012357568,0.0011919166866736657,nan,nan,nan,nan,nan,nan,nan,0.401263021689988,0.0,0.0,-2.2289188890303597,0.7440184471750149,0.0009350806861222547,-5.600728504448103e-05,0.9215324726722374,0.0,0.0,1.0697601431619168,-1.1931531249630885,0.001074461267120911,0.0004416809134528822,nan,nan,nan,nan,nan,nan,nan,nan,nan,nan,nan,nan,nan,nan,0.9350570675306875,0.0,0.0,-1.0283761698131435,-0.8979853556655368,0.0005455035478390152,0.00032745704548701164,nan,nan,nan,nan,nan,nan,nan,nan,nan,nan,nan,nan,nan,nan,nan,nan,nan,nan,nan,nan,nan,nan,nan,nan,nan,nan,nan,nan,nan,nan,nan,nan,nan,nan,nan,nan,nan,nan,nan,nan,nan,nan,nan,nan,nan,nan,nan,nan,nan,0.1826959236544644
1791062932.5978527,0.2892952302174187,2.223008349458251,1.3711398196141005,-9.160753490450957e-08,1.2939989272694662e-06,0.19999994503547908,0.5658329968175284,0.0,0.0,-2.252745945473099,0.7914062411798644,-0.00027678608542729404,-0.0015271404818404388,0.4071557463617438,0.0,0.0,2.9854423957254133,2.2020409605337448,0.004304264011941236,0.0012893511081093322,nan,nan,nan,nan,nan,nan,nan,0.401263021689988,0.0,0.0,-2.2289534389832664,0.7439943537751679,4.2902076086788823e-05,0.001341603861005781,0.9215324726722374,0.0,0.0,1.0697552735462121,-1.1931520004127587,0.0007821086052058361,3.914759297279127e-05,nan,nan,nan,nan,nan,nan,nan,nan,nan,nan,nan,nan,nan,nan,0.9350570675306875,0.0,0.0,-1.0283844445062267,-0.8979885995539473,-0.0008802419144164478,0.00013184507806549147,nan,nan,nan,nan,nan,nan,nan,nan,nan,nan,nan,nan,nan,nan,nan,nan,nan,nan,nan,nan,nan,nan,nan,nan,nan,nan,nan,nan,nan,nan,nan,nan,nan,nan,nan,nan,nan,nan,nan,nan,nan,nan,nan,nan,nan,nan,nan,nan,nan,0.15999257456131347
1791062932.6975012,0.29253931317834386,2.2398966832945697,1.3694647680947276,-8.289216667463163e-08,1.1708903079623736e-06,0.1999999502647,0.5658329968175284,0.0,0.0,-2.2527113514887995,0.791383734421676,0.002953407060235021,-0.002047293397401945,0.4071557463617438,0.0,0.0,2.985403078443183,2.2020281098092163,-0.03173400439742346,-0.0017912667473372556,nan,nan,nan,nan,nan,nan,nan,0.401263021689988,0.0,0.0,-2.2289972273109515,0.7441011461567871,-0.00031031391257436297,0.0040474226376151145,0.9215324726722374,0.0,0.0,1.069724954653379,-1.1932128446127994,0.00026997193756797875,0.0009600383640740412,nan,nan,nan,nan,nan,nan,nan,nan,nan,nan,nan,nan,nan,nan,0.9350570675306875,0.0,0.0,-1.0283768554354615,-0.8979842303052602,0.0005739762790836788,7.48867100689077e-05,nan,nan,nan,nan,nan,nan,nan,nan,nan,nan,nan,nan,nan,nan,nan,nan,nan,nan,nan,nan,nan,nan,nan,nan,nan,nan,nan,nan,nan,nan,nan,nan,nan,nan,nan,nan,nan,nan,nan,nan,nan,nan,nan,nan,nan,nan,nan,nan,nan,0.15765916349962103
1791062932.7979448,0.2950701810873695,2.2555668772355455,1.3674238633743805,-7.500393409393005e-08,1.0594653634081958e-06,0.19999995499763956,0.5658329968175284,0.0,0.0,-2.2527296385497544,0.7913879402722175,0.00012406443740700413,1.8836141340716224e-06,0.4071557463617438,0.0,0.0,2.9854026963568576,2.2020338085814006,0.000755968532774331,-0.0002720016918701066,nan,nan,nan,nan,nan,nan,nan,0.401263021689988,0.0,0.0,-2.2290160109057897,0.7440852070493184,-0.0008468045418258233,0.0026068363526347803,0.9215324726722374,0.0,0.0,1.0697305587023058,-1.1932226183605348,-9.907540166974987e-06,-0.0008101375006152134,nan,nan,nan,nan,nan,nan,nan,nan,nan,nan,nan,nan,nan,nan,0.9350570675306875,0.0,0.0,-1.0283884623523796,-0.8979904682426694,-0.0006678504493395885,-0.00035258237428569016,nan,nan,nan,nan,nan,nan,nan,nan,nan,nan,nan,nan,nan,nan,nan,nan,nan,nan,nan,nan,nan,nan,nan,nan,nan,nan,nan,nan,nan,nan,nan,nan,nan,nan,nan,nan,nan,nan,nan,nan,nan,nan,nan,nan,nan,nan,nan,nan,nan,0.1594678448711198
1791062932.89738,0.2979683741249862,2.27116707068461,1.365995745888268,-6.786636609039516e-08,9.586439042398586e-07,0.19999995928018036,0.5658329968175284,0.0,0.0,-2.25276083059088,0.7913724487935909,-0.0006480798474928182,-0.004472522118503039,0.4071557463617438,0.0,0.0,2.985389703862085,2.2020299279704765,-0.0011223312598961199,-1.8831080464079504e-05,nan,nan,nan,nan,nan,nan,nan,0.401263021689988,0.0,0.0,-2.229013671625074,0.7440715326479694,0.000265518838349587,0.0005135734261265817,0.9215324726722374,0.0,0.0,1.0697368280663064,-1.19315644112459,2.707170134940386e-05,0.00448220210039387,nan,nan,nan,nan,nan,nan,nan,nan,nan,nan,nan,nan,nan,nan,0.9350570675306875,0.0,0.0,-1.028389265451487,-0.8979916972560605,-0.000410795316117635,0.0005503511657560348,nan,nan,nan,nan,nan,nan,nan,nan,nan,nan,nan,nan,nan,nan,nan,nan,nan,nan,nan,nan,nan,nan,nan,nan,nan,nan,nan,nan,nan,nan,nan,nan,nan,nan,nan,nan,nan,nan,nan,nan,nan,nan,nan,nan,nan,nan,nan,nan,nan,0.14796868389720322
1791062932.9977777,0.30125664701225907,2.286821346980014,1.3669111009339492,-6.140802748489802e-08,8.674168754133808e-07,0.19999996315518354,0.5658329968175284,0.0,0.0,-2.2527490727601958,0.7913653374125038,-0.0002197146807586928,-0.0012383036369239028,0.4071557463617438,0.0,0.0,2.985411456778363,2.202045250222353,-0.0020643963937474435,0.0026765442264835675,nan,nan,nan,nan,nan,nan,nan,0.401263021689988,0.0,0.0,-2.2290336874532763,0.7440269173780225,-0.0024767695250092737,-0.0013710245467928315,0.9215324726722374,0.0,0.0,1.0697459266863019,-1.1931482407098075,0.00021861848958366868,0.0021070965358137034,nan,nan,nan,nan,nan,nan,nan,nan,nan,nan,nan,nan,nan,nan,0.9350570675306875,0.0,0.0,-1.0283834430743324,-0.8980043418036091,-0.000645711414432142,8.847534188978003e-05,nan,nan,nan,nan,nan,nan,nan,nan,nan,nan,nan,nan,nan,nan,nan,nan,nan,nan,nan,nan,nan,nan,nan,nan,nan,nan,nan,nan,nan,nan,nan,nan,nan,nan,nan,nan,nan,nan,nan,nan,nan,nan,nan,nan,nan,nan,nan,nan,nan,0.14853300424265337
1791062933.0977373,0.30409665566485083,2.30187661622776,1.3663556687968794,-5.5577927539084825e-08,7.850640090949065e-07,0.1999999666532435,0.5658329968175284,0.0,0.0,-2.2527300263314247,0.7913851809462285,0.0015076803465009835,0.0001942886799719437,0.4071557463617438,0.0,0.0,2.985381170568497,2.2020520888269126,-0.0006059127939075024,0.0013553459507903072,nan,nan,nan,nan,nan,nan,nan,0.401263021689988,0.0,0.0,-2.228976158993881,0.7439746260649718,0.0028903678684973986,-0.005569903759201688,0.9215324726722374,0.0,0.0,1.0697330331570742,-1.193225368431615,0.000635744363700962,-0.001165022061063398,nan,nan,nan,nan,nan,nan,nan,nan,nan,nan,nan,nan,nan,nan,0.9350570675306875,0.0,0.0,-1.028387140813826,-0.8980080773957693,-0.00038087274197320936,-0.0003291617036699239,nan,nan,nan,nan,nan,nan,nan,nan,nan,nan,nan,nan,nan,nan,nan,nan,nan,nan,nan,nan,nan,nan,nan,nan,nan,nan,nan,nan,nan,nan,nan,nan,nan,nan,nan,nan,nan,nan,nan,nan,nan,nan,nan,nan,nan,nan,nan,nan,nan,0.1528815296387454
1791062933.1975162,0.30712589903134174,2.3173042205758834,1.3666470557684551,-5.0289480199313174e-08,7.103622371094593e-07,0.19999996982631188,0.5658329968175284,0.0,0.0,-2.252733699463933,0.7913754300896098,0.0018279720619869672,-0.0005051778038093264,0.4071557463617438,0.0,0.0,2.9854308871816846,2.202041570142868,0.000493297251356474,0.00018443823542945174,nan,nan,nan,nan,nan,nan,nan,0.401263021689988,0.0,0.0,-2.2289914098340655,0.7439715062141266,-0.002302704353285905,0.0007091858600795254,0.9215324726722374,0.0,0.0,1.0697455433537844,-1.1932185204490922,0.0005967842244419436,-0.001268863798024854,nan,nan,nan,nan,nan,nan,nan,nan,nan,nan,nan,nan,nan,nan,0.9350570675306875,0.0,0.0,-1.0283877366179732,-0.8980051153888224,-0.00018363569826046797,0.0004446059488631551,nan,nan,nan,nan,nan,nan,nan,nan,nan,nan,nan,nan,nan,nan,nan,nan,nan,nan,nan,nan,nan,nan,nan,nan,nan,nan,nan,nan,nan,nan,nan,nan,nan,nan,nan,nan,nan,nan,nan,nan,nan,nan,nan,nan,nan,nan,nan,nan,nan,0.1698299085692084
1791062933.2969124,0.310294555638641,2.3332317181337228,1.3662107560990417,-4.5503803432871815e-08,6.427623327076144e-07,0.0,0.0,0.0,0.0,-2.252736643057373,0.7913604861065002,2.8070492784456897e-05,-0.0008833720947893641,0.0,0.0,0.0,2.9854657278464973,2.202039220017949,0.0027573199921142565,2.6064381134737824e-05,nan,nan,nan,nan,nan,nan,nan,0.0,0.0,0.0,-2.2289498682151256,0.7439548095546098,-0.0010239110343631076,0.0003479706727630007,0.0,0.0,0.0,1.0697141979807079,-1.1932215199534155,-0.0015083189422195006,-0.004255560159453229,nan,nan,nan,nan,nan,nan,nan,nan,nan,nan,nan,nan,nan,nan,0.0,0.0,0.0,-1.0253480332924456,-0.8982105298472268,0.0035085569200654114,-0.00044266214637077165,nan,nan,nan,nan,nan,nan,nan,nan,nan,nan,nan,nan,nan,nan,nan,nan,nan,nan,nan,nan,nan,nan,nan,nan,nan,nan,nan,nan,nan,nan,nan,nan,nan,nan,nan,nan,nan,nan,nan,nan,nan,nan,nan,nan,nan,nan,nan,nan,nan,0.19268562110775447
1791062933.3973749,0.3131066270784431,2.3476654696024375,1.3682596767870745,-4.117447579027749e-08,5.816085713805062e-07,0.0,0.0,0.0,0.0,-2.2527427435545215,0.7913564926428575,0.00021728848390117827,-0.0013503568891919688,0.0,0.0,0.0,2.985462776613762,2.202042477525633,-0.0012158933618249524,0.0014386408862204004,nan,nan,nan,nan,nan,nan,nan,0.0,0.0,0.0,-2.2289489227672976,0.7439683494937477,-0.00035049685905190725,0.0006269975378681332,0.0,0.0,0.0,1.0697303212774676,-1.193157943309866,0.0011862500892392137,0.0037893565005969665,nan,nan,nan,nan,nan,nan,nan,nan,nan,nan,nan,nan,nan,nan,0.0,0.0,0.0,-1.0284080970471212,-0.898020198981746,-0.001313382432040541,-0.00019339006960861674,nan,nan,nan,nan,nan,nan,nan,nan,nan,nan,nan,nan,nan,nan,nan,nan,nan,nan,nan,nan,nan,nan,nan,nan,nan,nan,nan,nan,nan,nan,nan,nan,nan,nan,nan,nan,nan,nan,nan,nan,nan,nan,nan,nan,nan,nan,nan,nan,nan,0.07099674129284514
1791062933.4986653,0.3132623489321705,2.3479506345856223,1.3667799113442163,-3.725620637530302e-08,5.262611982084755e-07,0.0,0.0,0.0,0.0,-2.252755851140031,0.7913360680752505,0.0003166195481808784,-0.0027538819463693628,0.0,0.0,0.0,2.9854517862725785,2.2020188266779437,0.0038663662906272926,0.0008515164628029795,nan,nan,nan,nan,nan,nan,nan,0.0,0.0,0.0,-2.228944961952938,0.7439235839242456,-0.0011550799322458942,-0.0010719860146918838,0.0,0.0,0.0,1.069745057716141,-1.1931582129087923,0.002150049569452459,0.003956952425779334,nan,nan,nan,nan,nan,nan,nan,nan,nan,nan,nan,nan,nan,nan,0.0,0.0,0.0,-1.0283920904380566,-0.8980110533835987,-2.6437878346760895e-06,0.0002593755404343437,nan,nan,nan,nan,nan,nan,nan,nan,nan,nan,nan,nan,nan,nan,nan,nan,nan,nan,nan,nan,nan,nan,nan,nan,nan,nan,nan,nan,nan,nan,nan,nan,nan,nan,nan,nan,nan,nan,nan,nan,nan,nan,nan,nan,nan,nan,nan,nan,nan,0.005509427169459178
1791062933.5975547,0.31311883392777057,2.348173080572704,1.3680163106712415,-3.3742011512017506e-08,4.7662156552927034e-07,0.0,0.0,0.0,0.0,-2.2527584544326342,0.7913670794177007,0.0003285538973338674,4.342342294249396e-05,0.0,0.0,0.0,2.985423359704218,2.2020131833170487,-0.0006677159483633294,-0.0006763348530175455,nan,nan,nan,nan,nan,nan,nan,0.0,0.0,0.0,-2.2289242476387505,0.743889522457088,0.002736207547717846,-0.0023168298447204575,0.0,0.0,0.0,1.069732238497529,-1.19321521083342,0.00022460520459913875,-0.003523229867247378,nan,nan,nan,nan,nan,nan,nan,nan,nan,nan,nan,nan,nan,nan,0.0,0.0,0.0,-1.0283898158482216,-0.8980233456805653,-2.5721101710658606e-05,-0.0006405168650542925,nan,nan,nan,nan,nan,nan,nan,nan,nan,nan,nan,nan,nan,nan,nan,nan,nan,nan,nan,nan,nan,nan,nan,nan,nan,nan,nan,nan,nan,nan,nan,nan,nan,nan,nan,nan,nan,nan,nan,nan,nan,nan,nan,nan,nan,nan,nan,nan,nan,0.0010403523096090984
1791062933.6976101,0.31317261291599735,2.3481423348211217,1.367933339471437,-3.0531034585907534e-08,4.312650268754966e-07,0.0,0.0,0.0,0.0,-2.2527560731046474,0.7913548156761845,0.00041182231254969983,-0.003826264895589667,0.0,0.0,0.0,2.9854085000947017,2.201994266670047,0.002401391049097483,-0.001574157303999114,nan,nan,nan,nan,nan,nan,nan,0.0,0.0,0.0,-2.2289498435149553,0.74398208996441,-0.0027778787167104684,0.0035303547543033015,0.0,0.0,0.0,1.069858251934767,-1.193099173757051,0.00895297081176174,0.0052883029979463704,nan,nan,nan,nan,nan,nan,nan,nan,nan,nan,nan,nan,nan,nan,0.0,0.0,0.0,-1.028368444016832,-0.8980099228769104,0.0014909067382221377,0.00015515560215011555,nan,nan,nan,nan,nan,nan,nan,nan,nan,nan,nan,nan,nan,nan,nan,nan,nan,nan,nan,nan,nan,nan,nan,nan,nan,nan,nan,nan,nan,nan,nan,nan,nan,nan,nan,nan,nan,nan,nan,nan,nan,nan,nan,nan,nan,nan,nan,nan,nan,0.003850943018801379
1791062933.797226,0.313246125620408,2.3480837591676282,1.367483703040998,-2.7634011147237803e-08,3.90343226874866e-07,0.0,0.0,0.0,0.0,-2.252742734912307,0.791354783523034,0.0003975384361554193,6.362572677780177e-05,0.0,0.0,0.0,2.9853481723577775,2.20200500989664,-0.00506678621897649,-0.004069733501722124,nan,nan,nan,nan,nan,nan,nan,0.0,0.0,0.0,-2.2289479173139495,0.7439837689925879,-0.0018691754705923462,0.0010652515500756572,0.0,0.0,0.0,1.0697245337845325,-1.193211722435781,-0.003011986082411788,-0.0069236714418706045,nan,nan,nan,nan,nan,nan,nan,nan,nan,nan,nan,nan,nan,nan,0.0,0.0,0.0,-1.0283797854952361,-0.8980169408017559,0.0002761542531404869,-0.0005857850540222344,nan,nan,nan,nan,nan,nan,nan,nan,nan,nan,nan,nan,nan,nan,nan,nan,nan,nan,nan,nan,nan,nan,nan,nan,nan,nan,nan,nan,nan,nan,nan,nan,nan,nan,nan,nan,nan,nan,nan,nan,nan,nan,nan,nan,nan,nan,nan,nan,nan,0.005070092478540074
1791062933.8975832,0.31319242624171745,2.3481601067915507,1.36796114449524,-2.5004287304661206e-08,3.531971576693564e-07,0.0,0.0,0.0,0.0,-2.252770321646444,0.7913458913874106,-0.0009903908405284882,-0.0014769835323041895,0.0,0.0,0.0,2.985957637903559,2.2020769037435093,0.04105544150645014,0.004994586262820025,nan,nan,nan,nan,nan,nan,nan,0.0,0.0,0.0,-2.2289518657479412,0.7439634388199701,-0.0003288477066596412,1.179677452475185e-05,0.0,0.0,0.0,1.0697435168508895,-1.1931417712252015,0.0006498599310042983,0.001012713156586763,nan,nan,nan,nan,nan,nan,nan,nan,nan,nan,nan,nan,nan,nan,0.0,0.0,0.0,-1.0283764375236961,-0.8980131517311442,0.0002891250846664644,-0.0005289062838786128,nan,nan,nan,nan,nan,nan,nan,nan,nan,nan,nan,nan,nan,nan,nan,nan,nan,nan,nan,nan,nan,nan,nan,nan,nan,nan,nan,nan,nan,nan,nan,nan,nan,nan,nan,nan,nan,nan,nan,nan,nan,nan,nan,nan,nan,nan,nan,nan,nan,0.0031045751298207835
1791062933.9973562,0.31323962117028425,2.3481043077908157,1.3675770316695306,-2.2624814772014587e-08,3.195860043082117e-07,0.0,0.0,0.0,0.0,-2.2527486690358285,0.7913804069295212,0.0009337700675662617,-0.0012450867336258895,0.0,0.0,0.0,2.985365849632803,2.2020490197374376,-0.0016693205346313502,0.0006790331169142849,nan,nan,nan,nan,nan,nan,nan,0.0,0.0,0.0,-2.2289694983167667,0.744039269030392,0.0005533610067450099,-0.0018800868164021312,0.0,0.0,0.0,1.0697237409650349,-1.1932245958715386,5.2440923812841714e-05,-0.004258413228230694,nan,nan,nan,nan,nan,nan,nan,nan,nan,nan,nan,nan,nan,nan,0.0,0.0,0.0,-1.0283804849418283,-0.8980185620013678,0.0006872611551113508,7.991398341284919e-05,nan,nan,nan,nan,nan,nan,nan,nan,nan,nan,nan,nan,nan,nan,nan,nan,nan,nan,nan,nan,nan,nan,nan,nan,nan,nan,nan,nan,nan,nan,nan,nan,nan,nan,nan,nan,nan,nan,nan,nan,nan,nan,nan,nan,nan,nan,nan,nan,nan,0.008095180601033678
1791062934.0983012,0.3133570679729435,2.348045030303186,1.3669629388020808,-2.0471778988579543e-08,2.891733750737078e-07,0.0,0.0,0.0,0.0,-2.2527534906929714,0.7913399758491291,0.0011869820514480507,-0.00032335343220156655,0.0,0.0,0.0,2.9854198032953945,2.202043922673901,0.0004129195959794717,-0.0001619809985687927,nan,nan,nan,nan,nan,nan,nan,0.0,0.0,0.0,-2.2289588302814822,0.7440524730117555,0.0014270235185451336,0.0017316310403585958,0.0,0.0,0.0,1.0697132616053742,-1.1932185773326223,-0.001215331383001542,-0.0013279481164448594,nan,nan,nan,nan,nan,nan,nan,nan,nan,nan,nan,nan,nan,nan,0.0,0.0,0.0,-1.0283990133769545,-0.8980019202112699,-0.00023318177739874773,0.00020235361918526773,nan,nan,nan,nan,nan,nan,nan,nan,nan,nan,nan,nan,nan,nan,nan,nan,nan,nan,nan,nan,nan,nan,nan,nan,nan,nan,nan,nan,nan,nan,nan,nan,nan,nan,nan,nan,nan,nan,nan,nan,nan,nan,nan,nan,nan,nan,nan,nan,nan,0.009786658112520386
1791062934.1974053,0.31315586164514486,2.348152361471118,1.3680934167483265,-1.853309404624428e-08,2.617885509071119e-07,0.0,0.0,0.0,0.0,-2.2527694737090878,0.7913961268412707,-0.00012050447520182376,0.0006208973381089097,0.0,0.0,0.0,2.985408745377403,2.2020447570197854,0.000730944445540611,0.002748646611167967,nan,nan,nan,nan,nan,nan,nan,0.0,0.0,0.0,-2.2289593441086266,0.7440024145734422,0.0013424286700735456,-0.001339298602820079,0.0,0.0,0.0,1.0698796183987178,-1.1930173447212329,0.010842260133773731,0.014478667618328733,nan,nan,nan,nan,nan,nan,nan,nan,nan,nan,nan,nan,nan,nan,0.0,0.0,0.0,-1.0283757176203165,-0.8980104521324521,-5.896406569199228e-05,-0.00014405562409420598,nan,nan,nan,nan,nan,nan,nan,nan,nan,nan,nan,nan,nan,nan,nan,nan,nan,nan,nan,nan,nan,nan,nan,nan,nan,nan,nan,nan,nan,nan,nan,nan,nan,nan,nan,nan,nan,nan,nan,nan,nan,nan,nan,nan,nan,nan,nan,nan,nan,0.002746345933835045
1791062934.29697,0.3132010828727711,2.3481465981330314,1.3679520638167888,-1.677045071367343e-08,2.3689039614415607e-07,0.0,0.0,0.0,0.0,-2.252739335366766,0.7913903283065076,0.0017622124264863707,-0.001333033764621243,0.0,0.0,0.0,2.985394368163646,2.2020153856281803,-0.00234813384353736,-9.051699578998136e-05,nan,nan,nan,nan,nan,nan,nan,0.0,0.0,0.0,-2.228968435674238,0.7440043427484289,-0.000940987994724796,-0.001184147833141961,0.0,0.0,0.0,1.0697164473783287,-1.1932179212925536,-0.0012332908539994527,-0.003133159968512802,nan,nan,nan,nan,nan,nan,nan,nan,nan,nan,nan,nan,nan,nan,0.0,0.0,0.0,-1.0283875503348274,-0.8980094783737375,-0.0001318109157802743,-0.00016804270207323237,nan,nan,nan,nan,nan,nan,nan,nan,nan,nan,nan,nan,nan,nan,nan,nan,nan,nan,nan,nan,nan,nan,nan,nan,nan,nan,nan,nan,nan,nan,nan,nan,nan,nan,nan,nan,nan,nan,nan,nan,nan,nan,nan,nan,nan,nan,nan,nan,nan,0.011039722535447032
1791062934.3969378,0.3133078698617302,2.348016013663579,1.3667973240958986,-1.5175153299164964e-08,2.1435608010561708e-07,0.0,0.0,0.0,0.0,-2.2527657233735496,0.791390832957575,-4.293211523458899e-05,-0.0007357521944843471,0.0,0.0,0.0,2.9853665121875643,2.2020175952533276,-0.003767834595297452,-0.0021265610342560003,nan,nan,nan,nan,nan,nan,nan,0.0,0.0,0.0,-2.2289615687446056,0.7440438448395278,0.0006126908773950317,0.0024412263553140693,0.0,0.0,0.0,1.0697238487448044,-1.1932271990683572,-0.007472609917593679,-0.008023312384144263,nan,nan,nan,nan,nan,nan,nan,nan,nan,nan,nan,nan,nan,nan,0.0,0.0,0.0,-1.0283938512721045,-0.8980058023523991,-0.0009615685338864252,-0.00010811662443799982,nan,nan,nan,nan,nan,nan,nan,nan,nan,nan,nan,nan,nan,nan,nan,nan,nan,nan,nan,nan,nan,nan,nan,nan,nan,nan,nan,nan,nan,nan,nan,nan,nan,nan,nan,nan,nan,nan,nan,nan,nan,nan,nan,nan,nan,nan,nan,nan,nan,0.0014502668299677147
1791062934.496989,0.31317557047039096,2.3481031608534946,1.3677080976292302,-1.3731046534028992e-08,1.9395740212681975e-07,0.0,0.0,0.0,0.0,-2.2527570523895806,0.79139644496576,9.11314667750232e-05,0.0009245444665103764,0.0,0.0,0.0,2.9853396342382332,2.2020303992612775,-0.005939527001118708,0.000830117840284441,nan,nan,nan,nan,nan,nan,nan,0.0,0.0,0.0,-2.228992932375286,0.744018110934155,-0.0011202170027672467,-0.0022301092431556016,0.0,0.0,0.0,1.0697321188063573,-1.1931617531901737,0.0002474587617286049,0.004284062668856216,nan,nan,nan,nan,nan,nan,nan,nan,nan,nan,nan,nan,nan,nan,0.0,0.0,0.0,-1.0283761729665464,-0.8980024836741582,0.0003284185798080354,0.00010882574962085122,nan,nan,nan,nan,nan,nan,nan,nan,nan,nan,nan,nan,nan,nan,nan,nan,nan,nan,nan,nan,nan,nan,nan,nan,nan,nan,nan,nan,nan,nan,nan,nan,nan,nan,nan,nan,nan,nan,nan,nan,nan,nan,nan,nan,nan,nan,nan,nan,nan,0.0011960190743658917
1791062934.5972407,0.31329397086669564,2.347984557911872,1.3666715019871611,-1.2424364696865657e-08,1.7549991500707176e-07,0.0,0.0,0.0,0.0,-2.2527497627377144,0.7913842007237133,0.0004385048756171447,-0.0013251904868056426,0.0,0.0,0.0,2.985449748728573,2.20206776842857,0.002181590691568746,0.0036677730477493514,nan,nan,nan,nan,nan,nan,nan,0.0,0.0,0.0,-2.2289464165848982,0.7440329257126933,-1.942887643526279e-05,-0.0018466738976743305,0.0,0.0,0.0,1.0697195515988602,-1.193208978320608,-0.0031859622642870103,-0.0036760377919181444,nan,nan,nan,nan,nan,nan,nan,nan,nan,nan,nan,nan,nan,nan,0.0,0.0,0.0,-1.0283830653696275,-0.8979849149952598,0.0003127769944723288,0.00024297986778329807,nan,nan,nan,nan,nan,nan,nan,nan,nan,nan,nan,nan,nan,nan,nan,nan,nan,nan,nan,nan,nan,nan,nan,nan,nan,nan,nan,nan,nan,nan,nan,nan,nan,nan,nan,nan,nan,nan,nan,nan,nan,nan,nan,nan,nan,nan,nan,nan,nan,0.0020453128301173656
1791062934.6973438,0.3133417606458239,2.3480188532476576,1.3667817574212655,-1.1244473966085124e-08,1.588334110833859e-07,0.0,0.0,0.0,0.0,-2.252756393843649,0.7913794395106067,-0.0006277375832454656,-0.00047217548307285816,0.0,0.0,0.0,2.9854093522723217,2.202034269334054,0.0028289517220752352,0.0013076980689559494,nan,nan,nan,nan,nan,nan,nan,0.0,0.0,0.0,-2.2289028729151177,0.7439570631859365,0.0004729100090748124,-0.002521040080315618,0.0,0.0,0.0,1.069844886198663,-1.1931024778165573,0.010057637246534752,0.006988560441804216,nan,nan,nan,nan,nan,nan,nan,nan,nan,nan,nan,nan,nan,nan,0.0,0.0,0.0,-1.0283872716309899,-0.8979803378789852,0.00023377634876156576,-0.00037786296174685085,nan,nan,nan,nan,nan,nan,nan,nan,nan,nan,nan,nan,nan,nan,nan,nan,nan,nan,nan,nan,nan,nan,nan,nan,nan,nan,nan,nan,nan,nan,nan,nan,nan,nan,nan,nan,nan,nan,nan,nan,nan,nan,nan,nan,nan,nan,nan,nan,nan,0.009420222829442345
1791062934.7971005,0.31317989146476394,2.3481199036253626,1.3677464821242435,-1.0174420793988841e-08,1.4371841362976797e-07,0.0,0.0,0.0,0.0,-2.252767018345613,0.791384940068206,-0.0020337110486809613,0.001064955766134823,0.0,0.0,0.0,2.9854389748788766,2.2020677578387913,0.005304684966532653,0.0026828700514542995,nan,nan,nan,nan,nan,nan,nan,0.0,0.0,0.0,-2.2289049636060554,0.743966000506361,0.0005128855256811176,-0.0013763993771229346,0.0,0.0,0.0,1.069726963664086,-1.1931475809598657,0.0012825589693800184,0.004453277588402202,nan,nan,nan,nan,nan,nan,nan,nan,nan,nan,nan,nan,nan,nan,0.0,0.0,0.0,-1.0283927787398273,-0.8979850767930686,-0.0006418705026283878,-0.00044779784717600854,nan,nan,nan,nan,nan,nan,nan,nan,nan,nan,nan,nan,nan,nan,nan,nan,nan,nan,nan,nan,nan,nan,nan,nan,nan,nan,nan,nan,nan,nan,nan,nan,nan,nan,nan,nan,nan,nan,nan,nan,nan,nan,nan,nan,nan,nan,nan,nan,nan,0.0017455563626058072
1791062934.8970878,0.3131790873317975,2.34812269723675,1.367824058309758,-9.207466671441953e-09,1.300597380786931e-07,0.0,0.0,0.0,0.0,-2.2527508478917926,0.7913694286299007,-0.0005364429170621311,0.0005200475741627684,0.0,0.0,0.0,2.9853809378259135,2.202057483065641,-0.003448843333049358,0.0006385907908964773,nan,nan,nan,nan,nan,nan,nan,0.0,0.0,0.0,-2.2289052382141645,0.7439430162444028,-0.0003948931658216434,-0.002637047275008102,0.0,0.0,0.0,1.0697230519429168,-1.1932118093486184,-0.0004306150672622037,0.00031209924540167536,nan,nan,nan,nan,nan,nan,nan,nan,nan,nan,nan,nan,nan,nan,0.0,0.0,0.0,-1.0283992587149393,-0.8979797691376089,-0.00037839603816463484,0.00043428104604793745,nan,nan,nan,nan,nan,nan,nan,nan,nan,nan,nan,nan,nan,nan,nan,nan,nan,nan,nan,nan,nan,nan,nan,nan,nan,nan,nan,nan,nan,nan,nan,nan,nan,nan,nan,nan,nan,nan,nan,nan,nan,nan,nan,nan,nan,nan,nan,nan,nan,0.0034372175758034472
1791062934.9970016,0.31319620609203247,2.348149252839238,1.367908103068679,-8.331260372377747e-09,1.176829176322342e-07,0.0,0.0,0.0,0.0,-2.2527838120291332,0.7914174206114803,-0.001471940981216639,0.0059247232549009335,0.0,0.0,0.0,2.9854289188621936,2.202026979917931,0.0012650886860763593,-0.000603623475171259,nan,nan,nan,nan,nan,nan,nan,0.0,0.0,0.0,-2.228944279861868,0.743957581433187,-0.002848483072059869,-0.0007543047064988177,0.0,0.0,0.0,1.0697233085744178,-1.1932175598927983,-7.169501144623487e-05,-0.004372096687933468,nan,nan,nan,nan,nan,nan,nan,nan,nan,nan,nan,nan,nan,nan,0.0,0.0,0.0,-1.028393922063655,-0.8979833305401741,0.0001581847767648122,-0.00012613498491394334,nan,nan,nan,nan,nan,nan,nan,nan,nan,nan,nan,nan,nan,nan,nan,nan,nan,nan,nan,nan,nan,nan,nan,nan,nan,nan,nan,nan,nan,nan,nan,nan,nan,nan,nan,nan,nan,nan,nan,nan,nan,nan,nan,nan,nan,nan,nan,nan,nan,0.003925560732790456
1791062935.0968,0.31323076401541416,2.3480942756425534,1.3675314650197707,-7.538950740619908e-09,1.0649117653114887e-07,0.0,0.0,0.0,0.0,-2.2528007651610236,0.7914215535917306,-0.0021560408068547563,0.005222521065557172,0.0,0.0,0.0,2.985476893970366,2.202048190694994,0.002043939500462993,0.000674339069293752,nan,nan,nan,nan,nan,nan,nan,0.0,0.0,0.0,-2.2289166997171086,0.743971969889453,-0.0009301856693108545,0.0011248398356227722,0.0,0.0,0.0,1.0697207018142678,-1.1932047297083417,-0.0003059123112246057,-0.002816761325408334,nan,nan,nan,nan,nan,nan,nan,nan,nan,nan,nan,nan,nan,nan,0.0,0.0,0.0,-1.028376140005673,-0.89798273488695,0.0012427727442951395,0.00024783284282844996,nan,nan,nan,nan,nan,nan,nan,nan,nan,nan,nan,nan,nan,nan,nan,nan,nan,nan,nan,nan,nan,nan,nan,nan,nan,nan,nan,nan,nan,nan,nan,nan,nan,nan,nan,nan,nan,nan,nan,nan,nan,nan,nan,nan,nan,nan,nan,nan,nan,0.0010817209284416554
1791062935.1971881,0.3133269625167136,2.3480226271815496,1.3667692961203333,-6.8215247250846885e-09,9.6357201247724e-08,0.0,0.0,0.0,0.0,-2.2527520564652046,0.7913850974319103,0.00019572602810577234,0.0002861507581601013,0.0,0.0,0.0,2.985362752998168,2.2020356007049555,-0.0050015455454022915,0.00045099205730405716,nan,nan,nan,nan,nan,nan,nan,0.0,0.0,0.0,-2.2289423067452883,0.7439804658400668,0.0006105574038452819,-0.0017771812192076918,0.0,0.0,0.0,1.0697124316738627,-1.1932089891352757,-0.00048329354730004695,-0.0008259640520801119,nan,nan,nan,nan,nan,nan,nan,nan,nan,nan,nan,nan,nan,nan,0.0,0.0,0.0,-1.0284024095802673,-0.897997108825241,-0.001053342954543818,0.00028238888421403755,nan,nan,nan,nan,nan,nan,nan,nan,nan,nan,nan,nan,nan,nan,nan,nan,nan,nan,nan,nan,nan,nan,nan,nan,nan,nan,nan,nan,nan,nan,nan,nan,nan,nan,nan,nan,nan,nan,nan,nan,nan,nan,nan,nan,nan,nan,nan,nan,nan,0.01604943276013241
1791062935.2968829,0.313326182844015,2.3480331627490294,1.3668950647695475,-6.172370821342631e-09,8.718760121481603e-08,0.0,0.0,0.0,0.0,-2.2527668965664756,0.7913502255889001,-0.00123581413916164,-0.0015036269310463128,0.0,0.0,0.0,2.9854008169141575,2.2020233758501946,0.0026522735448289312,0.0010353093000628904,nan,nan,nan,nan,nan,nan,nan,0.0,0.0,0.0,-2.2289220319345104,0.7439398099537644,-1.596549462476091e-05,-0.0029659849238621206,0.0,0.0,0.0,1.0697264372342778,-1.1931534478540153,-0.0004579015306564964,0.003862322185441377,nan,nan,nan,nan,nan,nan,nan,nan,nan,nan,nan,nan,nan,nan,0.0,0.0,0.0,-1.0283933406205434,-0.8979950680210538,-0.0001002795190511341,0.0006735759181250073,nan,nan,nan,nan,nan,nan,nan,nan,nan,nan,nan,nan,nan,nan,nan,nan,nan,nan,nan,nan,nan,nan,nan,nan,nan,nan,nan,nan,nan,nan,nan,nan,nan,nan,nan,nan,nan,nan,nan,nan,nan,nan,nan,nan,nan,nan,nan,nan,nan,0.009545422120086923
1791062935.3970287,0.31314755451724935,2.348129571234247,1.367871443868068,-5.585161502302869e-09,7.889299717692612e-08,0.0,0.0,0.0,0.0,-2.252742443814366,0.7914317354269003,-0.000324587709461015,0.004013238150551262,0.0,0.0,0.0,2.985390124147543,2.202029315179946,8.483956867164424e-05,-0.0006026163404611008,nan,nan,nan,nan,nan,nan,nan,0.0,0.0,0.0,-2.22894288827865,0.744007801483137,-0.0019560373393917403,0.0044161460194940905,0.0,0.0,0.0,1.0698774122820642,-1.1930328172257114,0.002927099068853853,0.004588154077805706,nan,nan,nan,nan,nan,nan,nan,nan,nan,nan,nan,nan,nan,nan,0.0,0.0,0.0,-1.0283963747716058,-0.8980157248160335,2.8076885487314746e-05,-0.000641864677880692,nan,nan,nan,nan,nan,nan,nan,nan,nan,nan,nan,nan,nan,nan,nan,nan,nan,nan,nan,nan,nan,nan,nan,nan,nan,nan,nan,nan,nan,nan,nan,nan,nan,nan,nan,nan,nan,nan,nan,nan,nan,nan,nan,nan,nan,nan,nan,nan,nan,0.003150069123392265
1791062935.4972823,0.31323910831774926,2.348106566306872,1.3674164422958714,-5.0536934064694805e-09,7.138576377518445e-08,0.0,0.0,0.0,0.0,-2.2527552980576546,0.7913724587725378,7.093958182219999e-05,-0.0006256702769761141,0.0,0.0,0.0,2.9854527207950614,2.2020616128472708,0.0016297594135711534,0.00036683430362962786,nan,nan,nan,nan,nan,nan,nan,0.0,0.0,0.0,-2.215845090592696,2.714067352040251,-0.018309667245879162,0.035974906903030054,0.0,0.0,0.0,1.0697564449021801,-1.1931916567219785,0.0015879580857847827,0.002608187590262931,nan,nan,nan,nan,nan,nan,nan,nan,nan,nan,nan,nan,nan,nan,0.0,0.0,0.0,-1.0283908578206362,-0.8980164670206853,-0.00035309568116618617,-0.00011187792647117029,nan,nan,nan,nan,nan,nan,nan,nan,nan,nan,nan,nan,nan,nan,nan,nan,nan,nan,nan,nan,nan,nan,nan,nan,nan,nan,nan,nan,nan,nan,nan,nan,nan,nan,nan,nan,nan,nan,nan,nan,nan,nan,nan,nan,nan,nan,nan,nan,nan,0.0031307864361511954
1791062935.598108,0.3133167569731078,2.34801897452111,1.3666510558657063,-4.5727708949580335e-09,6.459251020009108e-08,0.0,0.0,0.0,0.0,-2.252762412990688,0.7913585567705143,-0.00043539178947910647,-1.5451142797226028e-05,0.0,0.0,0.0,2.985393529164386,2.2020540204170915,-0.0010761497720040386,0.0017261916505792723,nan,nan,nan,nan,nan,nan,nan,0.0,0.0,0.0,-2.197702944632111,2.6643673484996384,0.04401947611427181,-0.08662264502036301,0.0,0.0,0.0,1.0697415833647652,-1.1932279279916682,-0.00030797410586002434,0.0010454012900095301,nan,nan,nan,nan,nan,nan,nan,nan,nan,nan,nan,nan,nan,nan,0.0,0.0,0.0,-1.028387812524644,-0.8980113214069929,-0.00024654236673867305,0.0006197003096145286,nan,nan,nan,nan,nan,nan,nan,nan,nan,nan,nan,nan,nan,nan,nan,nan,nan,nan,nan,nan,nan,nan,nan,nan,nan,nan,nan,nan,nan,nan,nan,nan,nan,nan,nan,nan,nan,nan,nan,nan,nan,nan,nan,nan,nan,nan,nan,nan,nan,0.0017142098478984183
1791062935.6969619,0.3133250919642252,2.348033411168218,1.366867586950402,-4.140519716009754e-09,5.848676177608779e-08,0.0,0.0,0.0,0.0,-2.252734972202426,0.7913765257987195,0.0008218557294918146,5.5756088400953075e-05,0.0,0.0,0.0,2.985326078533209,2.2020082344927254,-0.006035614454470059,-0.00167870367103251,nan,nan,nan,nan,nan,nan,nan,0.0,0.0,0.0,-2.1977656680310402,2.6643865644323492,-0.0013087860497233896,0.0031220231534485818,0.0,0.0,0.0,1.0697196755414833,-1.193228975783447,-0.0007430757070809521,-0.003119554056469724,nan,nan,nan,nan,nan,nan,nan,nan,nan,nan,nan,nan,nan,nan,0.0,0.0,0.0,-1.0284021846961766,-0.8980054747812556,0.0007823918908622148,-8.404529194585441e-05,nan,nan,nan,nan,nan,nan,nan,nan,nan,nan,nan,nan,nan,nan,nan,nan,nan,nan,nan,nan,nan,nan,nan,nan,nan,nan,nan,nan,nan,nan,nan,nan,nan,nan,nan,nan,nan,nan,nan,nan,nan,nan,nan,nan,nan,nan,nan,nan,nan,0.0010923954689912704
1791062935.7968798,0.313332815231349,2.3480428980087042,1.3669181782255377,-3.746516610974698e-09,5.292128513939355e-08,0.0,0.0,0.0,0.0,-2.2527440015272626,0.7913667448287484,-2.1958235398225633e-05,-2.1683543011397934e-05,0.0,0.0,0.0,2.984845375877226,2.2019001879778157,-0.04346845866524204,-0.0107275574192593,nan,nan,nan,nan,nan,nan,nan,0.0,0.0,0.0,-2.197252253651642,2.6631286010887942,0.03577946311466346,-0.0886159760975013,0.0,0.0,0.0,1.06982535955449,-1.1930811160375077,0.0007320050976924275,-0.0009618088367001985,nan,nan,nan,nan,nan,nan,nan,nan,nan,nan,nan,nan,nan,nan,0.0,0.0,0.0,-1.0283884892515402,-0.8980148263237973,-0.0006578987851676594,-0.0004541341047860428,nan,nan,nan,nan,nan,nan,nan,nan,nan,nan,nan,nan,nan,nan,nan,nan,nan,nan,nan,nan,nan,nan,nan,nan,nan,nan,nan,nan,nan,nan,nan,nan,nan,nan,nan,nan,nan,nan,nan,nan,nan,nan,nan,nan,nan,nan,nan,nan,nan,0.006776643144445591
1791062935.8972423,0.3131943076815536,2.348125142391822,1.3678026703502288,-3.3899884180172954e-09,4.7885159020411055e-08,0.0,0.0,0.0,0.0,-2.2527340152042528,0.7913626025216626,0.0010428199006335102,2.5888641181032158e-05,0.0,0.0,0.0,2.9854713350309696,2.2020114631368206,0.00018223284714031954,-0.0010324052321575316,nan,nan,nan,nan,nan,nan,nan,0.0,0.0,0.0,-2.197473873239059,2.663928344474333,0.041579282571510716,-0.06170947744119039,0.0,0.0,0.0,1.0697334336476503,-1.1932226285828527,0.0008342855796037419,-0.00018196070817752002,nan,nan,nan,nan,nan,nan,nan,nan,nan,nan,nan,nan,nan,nan,0.0,0.0,0.0,-1.0284030800240906,-0.898010725373847,0.000550680554739803,-0.00037615898841417985,nan,nan,nan,nan,nan,nan,nan,nan,nan,nan,nan,nan,nan,nan,nan,nan,nan,nan,nan,nan,nan,nan,nan,nan,nan,nan,nan,nan,nan,nan,nan,nan,nan,nan,nan,nan,nan,nan,nan,nan,nan,nan,nan,nan,nan,nan,nan,nan,nan,0.013859349718591395
1791062935.997004,0.31322768715693383,2.348121693838025,1.3677361394179024,-3.0679609129806253e-09,4.333637112318099e-08,0.0,0.0,0.0,0.0,-2.2527204734556885,0.7914077216252191,0.001039345328035573,0.0011836413923255907,0.0,0.0,0.0,2.9853916758897068,2.202021240173963,-0.005900857382508416,-0.0011567909181508722,nan,nan,nan,nan,nan,nan,nan,0.0,0.0,0.0,-2.197876856052171,2.664502114489338,-0.004990060394706951,0.006379712605226184,0.0,0.0,0.0,1.0697527923380974,-1.19321476104356,3.474885865212621e-05,-0.00018904750779071174,nan,nan,nan,nan,nan,nan,nan,nan,nan,nan,nan,nan,nan,nan,0.0,0.0,0.0,-1.0283947750661815,-0.8980010053212756,-0.23043820680154484,0.015104357577742308,nan,nan,nan,nan,nan,nan,nan,nan,nan,nan,nan,nan,nan,nan,nan,nan,nan,nan,nan,nan,nan,nan,nan,nan,nan,nan,nan,nan,nan,nan,nan,nan,nan,nan,nan,nan,nan,nan,nan,nan,nan,nan,nan,nan,nan,nan,nan,nan,nan,0.009722452762744655
1791062936.0977356,0.31321771418123745,2.3481307907841558,1.3677877872544457,-2.7760058320489653e-09,3.921237016703431e-08,0.0,0.0,0.0,0.0,-2.252740246483311,0.791362390368126,-0.00043571312253618905,-0.0001356433913759217,0.0,0.0,0.0,2.9854128239796127,2.2020258301934668,-0.0022252503832550456,0.0002000083163086867,nan,nan,nan,nan,nan,nan,nan,0.0,0.0,0.0,-2.197904460979206,2.664142908874464,0.008321055427814803,-0.04234430468632185,0.0,0.0,0.0,1.069743957033513,-1.1931687633434271,0.0013753938092017433,0.004551155195584653,nan,nan,nan,nan,nan,nan,nan,nan,nan,nan,nan,nan,nan,nan,0.0,0.0,0.0,-1.028394282425106,-0.8980081991797588,-6.706190853702864e-05,-3.925102750092235e-05,nan,nan,nan,nan,nan,nan,nan,nan,nan,nan,nan,nan,nan,nan,nan,nan,nan,nan,nan,nan,nan,nan,nan,nan,nan,nan,nan,nan,nan,nan,nan,nan,nan,nan,nan,nan,nan,nan,nan,nan,nan,nan,nan,nan,nan,nan,nan,nan,nan,0.00010090216690584876
1791062936.1981943,0.31336908926096446,2.34803803848875,1.3668841210146614,-2.5118339503494627e-09,3.548081978867034e-08,0.0,0.0,0.0,0.0,-2.2527604230099523,0.7913442450252359,-0.00027184952232492746,-0.001336069981579366,0.0,0.0,0.0,2.985392759728285,2.202037645884896,-0.0033475088706594555,-0.0010327954594246908,nan,nan,nan,nan,nan,nan,nan,0.0,0.0,0.0,-2.198162565144688,2.6648957598506806,-0.03312649601437656,0.04811486970407605,0.0,0.0,0.0,1.0697244484070312,-1.1932174851924642,0.00032383769515440425,0.0009850615541546423,nan,nan,nan,nan,nan,nan,nan,nan,nan,nan,nan,nan,nan,nan,0.0,0.0,0.0,-1.0283647194088659,-0.8979956645754289,0.0006074186724632229,-0.00036620909014878323,nan,nan,nan,nan,nan,nan,nan,nan,nan,nan,nan,nan,nan,nan,nan,nan,nan,nan,nan,nan,nan,nan,nan,nan,nan,nan,nan,nan,nan,nan,nan,nan,nan,nan,nan,nan,nan,nan,nan,nan,nan,nan,nan,nan,nan,nan,nan,nan,nan,0.004657123321225419
1791062936.2972581,0.3133533713265284,2.3480167272642953,1.3666929160876533,-2.272874670927222e-09,3.210540911360105e-08,0.0,0.0,0.0,0.0,-2.2527504108139773,0.7913242103803237,-0.0013743646213744678,0.00035655773905279164,0.0,0.0,0.0,2.9854004483791625,2.202031057982326,-0.0013003148053039257,-0.001829234669102986,nan,nan,nan,nan,nan,nan,nan,0.0,0.0,0.0,-2.19827028765947,2.664630979858585,-0.04217500809767726,0.04703329438842521,0.0,0.0,0.0,1.0696987974099557,-1.1932066721731005,-0.00018164649079493252,0.00035389414304575536,nan,nan,nan,nan,nan,nan,nan,nan,nan,nan,nan,nan,nan,nan,0.0,0.0,0.0,-1.028378401853792,-0.8979828960988399,-0.0008599369249225466,9.394610369484568e-05,nan,nan,nan,nan,nan,nan,nan,nan,nan,nan,nan,nan,nan,nan,nan,nan,nan,nan,nan,nan,nan,nan,nan,nan,nan,nan,nan,nan,nan,nan,nan,nan,nan,nan,nan,nan,nan,nan,nan,nan,nan,nan,nan,nan,nan,nan,nan,nan,nan,0.014656080643050193
1791062936.3967822,0.31334930793102994,2.3480266467511566,1.3668308921386014,-2.0570279050952705e-09,2.905647341489162e-08,0.0,0.0,0.0,0.0,-2.2527381570090967,0.7913673046974674,-2.0257483237216443e-05,0.0009307868800463017,0.0,0.0,0.0,2.9854261975894216,2.20204997515636,0.0012449465864560936,0.0022482221186994143,nan,nan,nan,nan,nan,nan,nan,0.0,0.0,0.0,-2.198211541858154,2.6650375727357494,0.029135511782019372,-0.037016704190178475,0.0,0.0,0.0,1.0697091797296423,-1.1932045857227518,-0.002636929846981385,-0.0022733857017209003,nan,nan,nan,nan,nan,nan,nan,nan,nan,nan,nan,nan,nan,nan,0.0,0.0,0.0,-1.0283932313972588,-0.8979881266433117,-0.0007856706242141962,2.5331935780618106e-05,nan,nan,nan,nan,nan,nan,nan,nan,nan,nan,nan,nan,nan,nan,nan,nan,nan,nan,nan,nan,nan,nan,nan,nan,nan,nan,nan,nan,nan,nan,nan,nan,nan,nan,nan,nan,nan,nan,nan,nan,nan,nan,nan,nan,nan,nan,nan,nan,nan,0.01603957318294692
1791062936.4967024,0.313293636660315,2.3480158585586453,1.3668264449311758,-1.8612758190860295e-09,2.6291384390601667e-08,0.0,0.0,0.0,0.0,-2.252731827032762,0.791414832702674,0.00182223486445911,-0.002925424416909795,0.0,0.0,0.0,2.9854365706060495,2.202062335426429,7.717235093937625e-05,0.0014729396708830457,nan,nan,nan,nan,nan,nan,nan,0.0,0.0,0.0,-2.1976776930306454,2.664203220443787,0.011544192671804296,-0.022533636354203,0.0,0.0,0.0,1.0697214218270024,-1.1931681583285871,0.0008540640651777415,0.0042097314790128185,nan,nan,nan,nan,nan,nan,nan,nan,nan,nan,nan,nan,nan,nan,0.0,0.0,0.0,-1.0283933701543746,-0.8979955489648787,-0.00034959229950953704,3.632762908370007e-05,nan,nan,nan,nan,nan,nan,nan,nan,nan,nan,nan,nan,nan,nan,nan,nan,nan,nan,nan,nan,nan,nan,nan,nan,nan,nan,nan,nan,nan,nan,nan,nan,nan,nan,nan,nan,nan,nan,nan,nan,nan,nan,nan,nan,nan,nan,nan,nan,nan,0.009915979489038707
1791062936.5990365,0.3133088120758629,2.3480074240412874,1.3666817547776908,-1.6841520069480632e-09,2.378942837640131e-08,0.0,0.0,0.0,0.0,-2.2527272905480227,0.7913862765313705,0.0015030885034870432,-0.0001562363268616453,0.0,0.0,0.0,2.9854015461936103,2.2020423677646184,-0.002339739707502948,0.0005165832655083559,nan,nan,nan,nan,nan,nan,nan,0.0,0.0,0.0,-2.19820810604747,2.6649462030805924,-0.011960208106449804,0.020010050369579462,0.0,0.0,0.0,1.0696898214720632,-1.193199784858464,-0.00034708007668905977,0.00014073723698864945,nan,nan,nan,nan,nan,nan,nan,nan,nan,nan,nan,nan,nan,nan,0.0,0.0,0.0,-1.0283823720427845,-0.8980002448871065,0.00034663044683551483,0.00013376907419976135,nan,nan,nan,nan,nan,nan,nan,nan,nan,nan,nan,nan,nan,nan,nan,nan,nan,nan,nan,nan,nan,nan,nan,nan,nan,nan,nan,nan,nan,nan,nan,nan,nan,nan,nan,nan,nan,nan,nan,nan,nan,nan,nan,nan,nan,nan,nan,nan,nan,0.010231620050129384
1791062936.6969845,0.3133514936269873,2.348029163848535,1.3667783517511096,-1.5254062903271103e-09,2.1547071486978846e-08,0.0,0.0,0.0,0.0,-2.252744341900915,0.791368673447079,-0.0011401627069315553,-0.0005034788707716667,0.0,0.0,0.0,2.985417332259757,2.202020017464228,-0.00043946846708603363,-0.0015927231076410687,nan,nan,nan,nan,nan,nan,nan,0.0,0.0,0.0,-2.197900253116197,2.6645320815192934,-0.025423368297930522,0.04146541681578278,0.0,0.0,0.0,1.0697410033182,-1.193223143178754,-0.00010964664257969066,-0.004534609788219909,nan,nan,nan,nan,nan,nan,nan,nan,nan,nan,nan,nan,nan,nan,0.0,0.0,0.0,-1.028362157395357,-0.8979985291811425,0.0007196041970607511,0.0005709569525229642,nan,nan,nan,nan,nan,nan,nan,nan,nan,nan,nan,nan,nan,nan,nan,nan,nan,nan,nan,nan,nan,nan,nan,nan,nan,nan,nan,nan,nan,nan,nan,nan,nan,nan,nan,nan,nan,nan,nan,nan,nan,nan,nan,nan,nan,nan,nan,nan,nan,0.0028650720669265496
1791062936.7969003,0.31320699503170457,2.348114760651644,1.3677492050875832,-1.3802446896490097e-09,1.9496596536921717e-08,0.0,0.0,0.0,0.0,-2.252738214216902,0.7913708672386685,0.0017347817223079085,-0.003060439411124524,0.0,0.0,0.0,2.985459046952334,2.2020541064011376,-0.0006047363726717971,0.0006356180908184217,nan,nan,nan,nan,nan,nan,nan,0.0,0.0,0.0,-2.1979700217072606,2.6647744134412013,-0.020970960690332587,0.04509319848816883,0.0,0.0,0.0,1.0697158566456049,-1.193172137425747,0.0012496360074226622,0.0055406147853655895,nan,nan,nan,nan,nan,nan,nan,nan,nan,nan,nan,nan,nan,nan,0.0,0.0,0.0,-1.028377043154956,-0.8980042283964533,0.000830055718021428,0.0004560592504801479,nan,nan,nan,nan,nan,nan,nan,nan,nan,nan,nan,nan,nan,nan,nan,nan,nan,nan,nan,nan,nan,nan,nan,nan,nan,nan,nan,nan,nan,nan,nan,nan,nan,nan,nan,nan,nan,nan,nan,nan,nan,nan,nan,nan,nan,nan,nan,nan,nan,0.0018916198395716787
1791062936.8969545,0.31324077879218654,2.348103702562412,1.3675556556822284,-1.2488970416503028e-09,1.7641250076754856e-08,0.0,0.0,0.0,0.0,-2.252738971113597,0.7913434762249285,0.00018670398576046537,-0.0006083244143692769,0.0,0.0,0.0,2.98536415974859,2.20202406499156,-0.003838675500205315,-0.0004626326744827013,nan,nan,nan,nan,nan,nan,nan,0.0,0.0,0.0,-2.1973476117917543,2.663135061257165,0.03578220796125944,-0.09847041091855528,0.0,0.0,0.0,1.0697470409470549,-1.1932415203588032,-0.0013242731813190847,-0.005721563735463702,nan,nan,nan,nan,nan,nan,nan,nan,nan,nan,nan,nan,nan,nan,0.0,0.0,0.0,-1.0283739776013165,-0.8980172053963001,-8.778314152119081e-05,-0.0003825192418449972,nan,nan,nan,nan,nan,nan,nan,nan,nan,nan,nan,nan,nan,nan,nan,nan,nan,nan,nan,nan,nan,nan,nan,nan,nan,nan,nan,nan,nan,nan,nan,nan,nan,nan,nan,nan,nan,nan,nan,nan,nan,nan,nan,nan,nan,nan,nan,nan,nan,0.0062946379348849755
1791062936.9970427,0.31334968545734987,2.3480257221083116,1.3668587861461705,-1.1300487749309975e-09,1.5962463175623583e-08,0.0,0.0,0.0,0.0,-2.2527503984592183,0.7914401919407829,-0.0006397552991283813,0.006031371125385488,0.0,0.0,0.0,2.9854193696471576,2.202023939748124,-0.00022797340324162075,0.0008136635567550857,nan,nan,nan,nan,nan,nan,nan,0.0,0.0,0.0,-2.197719568884205,2.664301411556517,0.006369630730187256,-0.010275777979519184,0.0,0.0,0.0,1.0698831493349608,-1.1930230708726524,0.00963606281444797,0.014813219967073785,nan,nan,nan,nan,nan,nan,nan,nan,nan,nan,nan,nan,nan,nan,0.0,0.0,0.0,-1.0253583944968854,-0.8982160849201929,-7.216728957619821e-05,-0.0013103942974104527,nan,nan,nan,nan,nan,nan,nan,nan,nan,nan,nan,nan,nan,nan,nan,nan,nan,nan,nan,nan,nan,nan,nan,nan,nan,nan,nan,nan,nan,nan,nan,nan,nan,nan,nan,nan,nan,nan,nan,nan,nan,nan,nan,nan,nan,nan,nan,nan,nan,0.000942026337953943
