t,x,y,heading,opinion,attention,target_speed,p_att_tb1,p_coop_tb1,p_coop_att_tb1,x_tb1,y_tb1,vx_tb1,vy_tb1,p_att_tb2,p_coop_tb2,p_coop_att_tb2,x_tb2,y_tb2,vx_tb2,vy_tb2,p_att_tb3,p_coop_tb3,p_coop_att_tb3,x_tb3,y_tb3,vx_tb3,vy_tb3,p_att_tb4,p_coop_tb4,p_coop_att_tb4,x_tb4,y_tb4,vx_tb4,vy_tb4,p_att_tb5,p_coop_tb5,p_coop_att_tb5,x_tb5,y_tb5,vx_tb5,vy_tb5,p_att_tb7,p_coop_tb7,p_coop_att_tb7,x_tb7,y_tb7,vx_tb7,vy_tb7,p_att_tb8,p_coop_tb8,p_coop_att_tb8,x_tb8,y_tb8,vx_tb8,vy_tb8,p_att_tb9,p_coop_tb9,p_coop_att_tb9,x_tb9,y_tb9,vx_tb9,vy_tb9,p_att_tb10,p_coop_tb10,p_coop_att_tb10,x_tb10,y_tb10,vx_tb10,vy_tb10,p_att_tb11,p_coop_tb11,p_coop_att_tb11,x_tb11,y_tb11,vx_tb11,vy_tb11,p_att_tb12,p_coop_tb12,p_coop_att_tb12,x_tb12,y_tb12,vx_tb12,vy_tb12,p_att_crnr_x0_y0,p_coop_crnr_x0_y0,p_coop_att_crnr_x0_y0,x_crnr_x0_y0,y_crnr_x0_y0,vx_crnr_x0_y0,vy_crnr_x0_y0,p_att_crnr_x0_y1,p_coop_crnr_x0_y1,p_coop_att_crnr_x0_y1,x_crnr_x0_y1,y_crnr_x0_y1,vx_crnr_x0_y1,vy_crnr_x0_y1,p_att_crnr_x1_y0,p_coop_crnr_x1_y0,p_coop_att_crnr_x1_y0,x_crnr_x1_y0,y_crnr_x1_y0,vx_crnr_x1_y0,vy_crnr_x1_y0,p_att_hat2,p_coop_hat2,p_coop_att_hat2,x_hat2,y_hat2,vx_hat2,vy_hat2,current_speed
1791060729.1507082,-2.0467037782841557,1.8893629614389573,0.002030965396646664,-0.0009859236344077862,0.19032520259932448,0.1994084475444019,0.0,0.0,0.0,-1.811939493886869,-0.5143299697471473,-0.011504502401157362,-0.007656387116864335,0.020276708592303894,0.0,0.0,-0.005212255864652102,2.6218945683092008,0.0001867239279204593,-0.0008438672786309249,0.3990591119777702,0.0,0.0,-1.1504748883499327,2.733354383998798,0.003540696719443039,-0.0013018257191119804,nan,nan,nan,nan,nan,nan,nan,3.283323031989135e-05,0.0,0.0,1.2492599202896664,2.514014517234486,-0.00012155609873458137,-0.0007613855577625036,nan,nan,nan,nan,nan,nan,nan,nan,nan,nan,nan,nan,nan,nan,0.0,0.0,0.0,-1.9322851073519691,0.6962841203737118,0.00010802820916892147,-0.001022624349518559,nan,nan,nan,nan,nan,nan,nan,nan,nan,nan,nan,nan,nan,nan,nan,nan,nan,nan,nan,nan,nan,nan,nan,nan,nan,nan,nan,nan,nan,nan,nan,nan,nan,nan,nan,nan,nan,nan,nan,nan,nan,nan,nan,nan,nan,nan,nan,nan,nan,0.004028271292628982
1791060729.244239,-2.0460247410270003,1.8894334362361151,0.0009017185985108402,-0.003693920806906367,0.3623257173078628,0.19778373823812728,0.0,0.0,0.0,-1.8108308896474505,-0.5144067569134926,0.030890243729835003,-0.0012233949365685116,0.024375302132791717,0.0,0.0,-0.005123824861555024,2.6213192483047885,0.006290604056947177,-0.021264478697789795,0.4500484146864947,0.0,0.0,-1.1512203523080595,2.7326336188863456,-0.035012622874506794,-0.009504346262232573,nan,nan,nan,nan,nan,nan,nan,4.125057171023219e-05,0.0,0.0,1.2493598788865716,2.513372698846288,0.002384924825693877,-0.022462727284950218,nan,nan,nan,nan,nan,nan,nan,nan,nan,nan,nan,nan,nan,nan,0.0,0.0,0.0,-1.9319456564531219,0.6963588489261111,0.011305590196221963,-6.76434450252644e-05,nan,nan,nan,nan,nan,nan,nan,nan,nan,nan,nan,nan,nan,nan,nan,nan,nan,nan,nan,nan,nan,nan,nan,nan,nan,nan,nan,nan,nan,nan,nan,nan,nan,nan,nan,nan,nan,nan,nan,nan,nan,nan,nan,nan,nan,nan,nan,nan,nan,0.02468579598239341
1791060729.3473887,-2.0426396009556456,1.8893893638323556,-0.00042539996264281564,-0.007849150077680542,0.5181774942108467,0.19529138020351103,0.0,0.0,0.0,-1.8069261172608886,-0.5144421968800534,0.05616351893735869,-0.007366911404583236,0.11112322246018783,0.0,0.0,-0.004925201556836464,2.6175683467281816,0.0006615059206519865,-0.05268579706730002,0.7857653651341664,0.0,0.0,-1.1509443138261723,2.7286994993099185,-0.0032163359267031767,-0.05752174183587108,nan,nan,nan,nan,nan,nan,nan,0.16716446973441165,0.0,0.0,1.250351821541388,2.5096494448286832,-0.040193963055151626,-0.024361846659213038,nan,nan,nan,nan,nan,nan,nan,nan,nan,nan,nan,nan,nan,nan,0.0,0.0,0.0,-1.928151469350288,0.6963137681581296,0.04422539170290694,-0.003630815806035071,nan,nan,nan,nan,nan,nan,nan,nan,nan,nan,nan,nan,nan,nan,nan,nan,nan,nan,nan,nan,nan,nan,nan,nan,nan,nan,nan,nan,nan,nan,nan,nan,nan,nan,nan,nan,nan,nan,nan,nan,nan,nan,nan,nan,nan,nan,nan,nan,nan,0.03174624983141733
1791060729.4486945,-2.0366199078193095,1.8895676222463706,-0.0034368425674817333,0.009736977955004788,0.6591966167101501,0.2058405256688594,0.0,0.0,0.0,-1.7997457112716746,-0.5141743801694101,0.08843300020606616,0.0032863257787000243,0.8343428298004592,0.0,0.0,-0.004529207384484862,2.611694366718038,0.0031771617617929945,-0.06749678972728437,1.0587867267649524,0.0,0.0,-1.151001499029469,2.721911994958534,0.00018829252326737827,-0.07638438851086682,nan,nan,nan,nan,nan,nan,nan,0.04028520955754576,0.0,0.0,1.2499229116081567,2.5032953359568175,0.027049995525739133,-0.07375950216561826,nan,nan,nan,nan,nan,nan,nan,nan,nan,nan,nan,nan,nan,nan,0.0,0.0,0.0,-1.9234432586116725,0.696129652819295,0.06015982866852605,0.0009696926179028225,nan,nan,nan,nan,nan,nan,nan,nan,nan,nan,nan,nan,nan,nan,nan,nan,nan,nan,nan,nan,nan,nan,nan,nan,nan,nan,nan,nan,nan,nan,nan,nan,nan,nan,nan,nan,nan,nan,nan,nan,nan,nan,nan,nan,nan,nan,nan,nan,nan,0.021095343282933526
1791060729.5486915,-2.0309650329915616,1.8896413327547168,-0.0010661997645110242,0.0011126985547914984,0.7867083182553501,0.20066761665315208,0.0,0.0,0.0,-1.7897185846577632,-0.5147599578692998,0.10948028356179089,-0.01030129888630147,0.19360577160758446,0.0,0.0,-0.004525784393608883,2.6033150682096977,0.003044522472321348,-0.08710011895817114,0.8651059279291361,0.0,0.0,-1.1510180795448268,2.713122043765492,0.004017290905936811,-0.09081581568783376,nan,nan,nan,nan,nan,nan,nan,0.006389953773804243,0.0,0.0,1.2490265385404262,2.4967945849556887,-0.0321218788485289,-0.12606278491987125,nan,nan,nan,nan,nan,nan,nan,nan,nan,nan,nan,nan,nan,nan,0.0,0.0,0.0,-1.9167174644048657,0.6963618398406933,0.07156874555889244,0.00042597213956084974,nan,nan,nan,nan,nan,nan,nan,nan,nan,nan,nan,nan,nan,nan,nan,nan,nan,nan,nan,nan,nan,nan,nan,nan,nan,nan,nan,nan,nan,nan,nan,nan,nan,nan,nan,nan,nan,nan,nan,nan,nan,nan,nan,nan,nan,nan,nan,nan,nan,0.04988407695470005
1791060729.6468616,-2.024452463976518,1.889496980425161,-0.0008269219743972471,-0.042091614915227046,0.9022799912656186,0.17487841337700863,0.0,0.0,0.0,-1.777943447717685,-0.5148703549044025,0.1505879592352075,0.009208009474534701,0.6409242812646785,0.0,0.0,-0.004152754575635869,2.593984242221528,-0.002166249456403142,-0.1002658152966785,1.0438257232499033,0.0,0.0,-1.1509403642610598,2.7040257424736427,-0.0015313798960102172,-0.09813861802494399,nan,nan,nan,nan,nan,nan,nan,0.09779898920434267,0.0,0.0,1.2495102817174473,2.4906326259304863,-0.008040398444098163,-0.060101572674413774,nan,nan,nan,nan,nan,nan,nan,nan,nan,nan,nan,nan,nan,nan,0.0,0.0,0.0,-1.9086926469296024,0.6961296650019758,0.08872533194838093,0.013288732584302156,nan,nan,nan,nan,nan,nan,nan,nan,nan,nan,nan,nan,nan,nan,nan,nan,nan,nan,nan,nan,nan,nan,nan,nan,nan,nan,nan,nan,nan,nan,nan,nan,nan,nan,nan,nan,nan,nan,nan,nan,nan,nan,nan,nan,nan,nan,nan,nan,nan,0.0763507261744066
1791060729.7475462,-2.0174120438165444,1.889590214968753,-0.0014472420783918163,-0.08610563583536916,1.0074756440414994,0.14945587864544171,0.0,0.0,0.0,-1.7665833021564645,-0.5152373359782296,0.1141956696427771,-0.014670081326436287,0.3980779707208788,0.0,0.0,-0.0037543559578841314,2.584117116308493,0.0034614423673759143,-0.10747354759025608,1.044691858093557,0.0,0.0,-1.1508899431223687,2.693656510204128,-0.0008158664198850314,-0.10365826314632787,nan,nan,nan,nan,nan,nan,nan,0.08701353779647321,0.0,0.0,1.2493389617809216,2.4848968681260395,0.0019609173912680192,-0.06657162725782342,nan,nan,nan,nan,nan,nan,nan,nan,nan,nan,nan,nan,nan,nan,0.0,0.0,0.0,-1.9002463411019683,0.6959738890636472,0.08550482702508459,-0.006412755963876733,nan,nan,nan,nan,nan,nan,nan,nan,nan,nan,nan,nan,nan,nan,nan,nan,nan,nan,nan,nan,nan,nan,nan,nan,nan,nan,nan,nan,nan,nan,nan,nan,nan,nan,nan,nan,nan,nan,nan,nan,nan,nan,nan,nan,nan,nan,nan,nan,nan,0.07667099812665329
1791060729.846146,-2.0080000301035152,1.8895723318592699,-0.002839794612635479,-0.13145479780189562,1.104229165592017,0.12497667547688758,0.0,0.0,0.0,-1.7541600630836134,-0.5154733122402411,0.12406412688621986,-0.008550006037091936,0.15608240626175354,0.0,0.0,-0.0029933597426403547,2.572810183765447,0.03900094059732674,-0.13594429914866402,1.0513747411376984,0.0,0.0,-1.1513548716389306,2.681870309682521,-0.008671709979036114,-0.11815089182356764,nan,nan,nan,nan,nan,nan,nan,0.22596449994987702,0.0,0.0,1.2492046788027975,2.476239073693539,-0.01946817122703496,-0.0816797586089544,nan,nan,nan,nan,nan,nan,nan,nan,nan,nan,nan,nan,nan,nan,0.0,0.0,0.0,-1.8907725431537312,0.6962444393175662,0.0964231949497911,3.324088651405192e-05,nan,nan,nan,nan,nan,nan,nan,nan,nan,nan,nan,nan,nan,nan,nan,nan,nan,nan,nan,nan,nan,nan,nan,nan,nan,nan,nan,nan,nan,nan,nan,nan,nan,nan,nan,nan,nan,nan,nan,nan,nan,nan,nan,nan,nan,nan,nan,nan,nan,0.09452874299022633
1791060729.9474313,-1.9977777404547727,1.8894817519832612,-0.0024710853752129593,-0.17842071905212942,1.1941014876796512,0.1021213547504803,0.0,0.0,0.0,-1.7393346289710954,-0.5159044834312393,0.14844279425379764,-0.007457647874251365,0.15608240626175354,0.0,0.0,-0.014621827871012833,2.548188759426499,-0.020269890547624535,-0.15471780362516127,1.0600543091229315,0.0,0.0,-1.150838263959298,2.6692767074809196,-0.008596926681229513,-0.12340926162200819,nan,nan,nan,nan,nan,nan,nan,0.5828977086672045,0.0,0.0,1.2498462948458513,2.467034742597576,0.023507713365088542,-0.02225420035343123,nan,nan,nan,nan,nan,nan,nan,nan,nan,nan,nan,nan,nan,nan,0.0,0.0,0.0,-1.8813916944902755,0.6959402686985471,0.09106398679856081,-0.0042375207374096835,nan,nan,nan,nan,nan,nan,nan,nan,nan,nan,nan,nan,nan,nan,nan,nan,nan,nan,nan,nan,nan,nan,nan,nan,nan,nan,nan,nan,nan,nan,nan,nan,nan,nan,nan,nan,nan,nan,nan,nan,nan,nan,nan,nan,nan,nan,nan,nan,nan,0.10123757032780002
1791060730.0470552,-1.9882133309221852,1.8900130307074,-0.008372751912320554,-0.21690213248314807,1.278219319545525,0.08557093676336008,0.0,0.0,0.0,-1.7267758147239711,-0.5160682436371038,0.15424931399510305,-0.00610067994442768,0.15608240626175354,0.0,0.0,-0.014336819753243347,2.538736413324698,0.003893580391972684,-0.18268302606806616,1.0263753315365434,0.0,0.0,-1.151077622694934,2.6566403778850485,-0.007062473423784901,-0.1530261732687711,nan,nan,nan,nan,nan,nan,nan,0.0001900727811144091,0.0,0.0,1.250334740973087,2.4535633449758136,0.059460884610572834,-0.17148589892418434,nan,nan,nan,nan,nan,nan,nan,nan,nan,nan,nan,nan,nan,nan,0.0,0.0,0.0,-1.8713841147068941,0.6958120233706505,0.10283758480414633,0.0013647603062844403,nan,nan,nan,nan,nan,nan,nan,nan,nan,nan,nan,nan,nan,nan,nan,nan,nan,nan,nan,nan,nan,nan,nan,nan,nan,nan,nan,nan,nan,nan,nan,nan,nan,nan,nan,nan,nan,nan,nan,nan,nan,nan,nan,nan,nan,nan,nan,nan,nan,0.1159015740350517
1791060730.1460211,-1.9795281529340776,1.889407233876277,-0.002232546425861791,-0.2557229099360512,1.3575962355367568,0.07094397992349015,0.0,0.0,0.0,-1.711358707089251,-0.5164540774149857,0.16930097540799055,0.0016195907709072497,0.15608240626175354,0.0,0.0,-0.014336819753243347,2.538736413324698,0.003893580391972684,-0.18268302606806616,1.0344510525585202,0.0,0.0,-1.151299719928839,2.641101782136565,-0.005695753822591525,-0.1551499433638267,nan,nan,nan,nan,nan,nan,nan,0.01374227193508991,0.0,0.0,1.2489873139215364,2.4360861589810123,-0.01841006689202635,-0.16656402023257744,nan,nan,nan,nan,nan,nan,nan,nan,nan,nan,nan,nan,nan,nan,0.0,0.0,0.0,-1.860101991795648,0.6956867781656049,0.11124255795028742,-0.00578595696854135,nan,nan,nan,nan,nan,nan,nan,nan,nan,nan,nan,nan,nan,nan,nan,nan,nan,nan,nan,nan,nan,nan,nan,nan,nan,nan,nan,nan,nan,nan,nan,nan,nan,nan,nan,nan,nan,nan,nan,nan,nan,nan,nan,nan,nan,nan,nan,nan,nan,0.10924389513485233
1791060730.2474682,-1.9682905820338867,1.8891120669456887,-0.002454401626373861,-0.2884433535343417,1.432871489328209,0.06020126499303009,0.0,0.0,0.0,-1.6951657168580327,-0.5171010104168916,0.15052172869036806,-0.01220228308208853,0.15608240626175354,0.0,0.0,-0.014336819753243347,2.538736413324698,0.003893580391972684,-0.18268302606806616,1.0102287401510084,0.0,0.0,-1.1516508028956396,2.622999397374902,-0.029198136416739014,-0.1959768835120076,nan,nan,nan,nan,nan,nan,nan,0.00937676419610856,0.0,0.0,1.2485056547419282,2.420133963004747,-0.019003737120009665,-0.1559431574682232,nan,nan,nan,nan,nan,nan,nan,nan,nan,nan,nan,nan,nan,nan,0.0,0.0,0.0,-1.8487266687061732,0.6955705736867108,0.09566133854919477,-0.00358120602043943,nan,nan,nan,nan,nan,nan,nan,nan,nan,nan,nan,nan,nan,nan,nan,nan,nan,nan,nan,nan,nan,nan,nan,nan,nan,nan,nan,nan,nan,nan,nan,nan,nan,nan,nan,nan,nan,nan,nan,nan,nan,nan,nan,nan,nan,nan,nan,nan,nan,0.08069073040924123
1791060730.3479187,-1.9589084841120743,1.8891091583844533,-0.0023040469779955094,-0.321674007267788,1.5046134035442176,0.0506982820965485,0.0,0.0,0.0,-1.6769833057590289,-0.517720456344489,0.13336751507891262,-0.006988372950662348,0.15608240626175354,0.0,0.0,-0.014336819753243347,2.538736413324698,0.003893580391972684,-0.18268302606806616,1.0132898179683922,0.0,0.0,-1.1513937782086165,2.605827338781474,-0.0008763346733645654,-0.1708096607206901,nan,nan,nan,nan,nan,nan,nan,0.0015333534260756965,0.0,0.0,1.2485395968495887,2.4028409520072933,0.02453608459570286,-0.17769591917059568,nan,nan,nan,nan,nan,nan,nan,nan,nan,nan,nan,nan,nan,nan,0.0,0.0,0.0,-1.8350281857193471,0.6952851284075798,0.14283718306197463,-0.019856398038910757,nan,nan,nan,nan,nan,nan,nan,nan,nan,nan,nan,nan,nan,nan,nan,nan,nan,nan,nan,nan,nan,nan,nan,nan,nan,nan,nan,nan,nan,nan,nan,nan,nan,nan,nan,nan,nan,nan,nan,nan,nan,nan,nan,nan,nan,nan,nan,nan,nan,0.08741673006330941
1791060730.4480453,-1.951616588734047,1.8889802105311813,-0.0025916310025532988,-0.3504637769659273,1.573236610874225,0.04353066210061218,0.0,0.0,0.0,-1.6622283693182223,-0.5182762797279223,0.17322903026569506,-0.020485943664182608,0.15608240626175354,0.0,0.0,-0.014336819753243347,2.538736413324698,0.003893580391972684,-0.18268302606806616,0.9898201812723799,0.0,0.0,-1.1516482558447312,2.588331794837627,-0.010381540073681993,-0.17224548925405997,nan,nan,nan,nan,nan,nan,nan,0.0008485705969309824,0.0,0.0,1.2483840645055522,2.3832048068868747,0.0048024334522818605,-0.19686913196456562,nan,nan,nan,nan,nan,nan,nan,nan,nan,nan,nan,nan,nan,nan,0.0,0.0,0.0,-1.8206929267107541,0.6952725804487728,0.133789365354272,-0.008380105012002993,nan,nan,nan,nan,nan,nan,nan,nan,nan,nan,nan,nan,nan,nan,nan,nan,nan,nan,nan,nan,nan,nan,nan,nan,nan,nan,nan,nan,nan,nan,nan,nan,nan,nan,nan,nan,nan,nan,nan,nan,nan,nan,nan,nan,nan,nan,nan,nan,nan,0.08250834757071389
1791060730.547432,-1.9437573632132594,1.8891423305776933,-0.0028486805287633796,-0.37166407371918436,1.6386959234712464,0.03883600192784653,0.0,0.0,0.0,-1.6425935256370088,-0.5186284440369804,0.17416641652972814,0.012749853501507338,0.15608240626175354,0.0,0.0,-0.014336819753243347,2.538736413324698,0.003893580391972684,-0.18268302606806616,0.927454021143591,0.0,0.0,-1.1514709631292948,2.570736188178641,-0.002134644927270143,-0.18089972767403834,nan,nan,nan,nan,nan,nan,nan,8.628401876053175e-05,0.0,0.0,1.249078990830961,2.3651774406806387,0.06132494909381704,-0.16232127547494507,nan,nan,nan,nan,nan,nan,nan,nan,nan,nan,nan,nan,nan,nan,0.0,0.0,0.0,-1.802653214481607,0.6949597677599669,0.15929984240845718,-0.017493953938001367,nan,nan,nan,nan,nan,nan,nan,nan,nan,nan,nan,nan,nan,nan,nan,nan,nan,nan,nan,nan,nan,nan,nan,nan,nan,nan,nan,nan,nan,nan,nan,nan,nan,nan,nan,nan,nan,nan,nan,nan,nan,nan,nan,nan,nan,nan,nan,nan,nan,0.06321940992147776
1791060730.6446877,-1.937652387052844,1.8889403278196564,-0.003126902525360561,-0.3940273214125334,1.7009799963754935,0.03437860520167864,0.0,0.0,0.0,-1.627684616067585,-0.5191288065959376,0.15911474274871487,-0.0018340746101004482,0.15608240626175354,0.0,0.0,-0.014336819753243347,2.538736413324698,0.003893580391972684,-0.18268302606806616,0.9415473316162898,0.0,0.0,-1.1512411137959973,2.5533071823563063,-0.003009877945510903,-0.1721247270203215,nan,nan,nan,nan,nan,nan,nan,8.511170701715278e-05,0.0,0.0,1.2493504827000073,2.35042608837249,0.06556205075848978,-0.16627888681848707,nan,nan,nan,nan,nan,nan,nan,nan,nan,nan,nan,nan,nan,nan,0.0,0.0,0.0,-1.7885645038654217,0.6944156367469537,0.17929999419753456,-0.0437707633490151,nan,nan,nan,nan,nan,nan,nan,nan,nan,nan,nan,nan,nan,nan,nan,nan,nan,nan,nan,nan,nan,nan,nan,nan,nan,nan,nan,nan,nan,nan,nan,nan,nan,nan,nan,nan,nan,nan,nan,nan,nan,nan,nan,nan,nan,nan,nan,nan,nan,0.06383808943348288
1791060730.7481642,-1.9313888233311791,1.8891649961208719,-0.002906498316495388,-0.41315328468320306,1.7604719482586355,0.030939705375684336,0.0,0.0,0.0,-1.6104362255441182,-0.5197919879100453,0.15573344846881898,-0.008445326944036286,0.15608240626175354,0.0,0.0,-0.014336819753243347,2.538736413324698,0.003893580391972684,-0.18268302606806616,0.9208705231328564,0.0,0.0,-1.1515631473211851,2.534813202572928,-0.012948325463138418,-0.19297925191852786,nan,nan,nan,nan,nan,nan,nan,0.004724567057567139,0.0,0.0,1.2484699914951052,2.3323256453640115,-0.018646077215999365,-0.18309595152618904,nan,nan,nan,nan,nan,nan,nan,nan,nan,nan,nan,nan,nan,nan,0.0,0.0,0.0,-1.771680790085299,0.6946081989750718,0.17586408566168393,0.0010544491060779095,nan,nan,nan,nan,nan,nan,nan,nan,nan,nan,nan,nan,nan,nan,nan,nan,nan,nan,nan,nan,nan,nan,nan,nan,nan,nan,nan,nan,nan,nan,nan,nan,nan,nan,nan,nan,nan,nan,nan,nan,nan,nan,nan,nan,nan,nan,nan,nan,nan,0.04704356876152612
1791060730.8483248,-1.9262619363836486,1.8889428533860761,-0.0027502381447758535,-0.43100793176391144,1.8171958046692254,0.028016715873755628,0.0,0.0,0.0,-1.5961456127627984,-0.520486445489772,0.13745684811195608,-0.01742489608189151,0.15608240626175354,0.0,0.0,-0.014336819753243347,2.538736413324698,0.003893580391972684,-0.18268302606806616,0.9065478159984449,0.0,0.0,-1.1514583687067244,2.5165298722692206,-0.004682599929701984,-0.17620176634911278,nan,nan,nan,nan,nan,nan,nan,0.001968630931984328,0.0,0.0,1.248423640232874,2.3148821755282127,-0.03803018187417228,-0.17610702800253142,nan,nan,nan,nan,nan,nan,nan,nan,nan,nan,nan,nan,nan,nan,0.0,0.0,0.0,-1.7487830252713277,0.6942175947401636,0.2365749707093301,-0.028807572537085758,nan,nan,nan,nan,nan,nan,nan,nan,nan,nan,nan,nan,nan,nan,nan,nan,nan,nan,nan,nan,nan,nan,nan,nan,nan,nan,nan,nan,nan,nan,nan,nan,nan,nan,nan,nan,nan,nan,nan,nan,nan,nan,nan,nan,nan,nan,nan,nan,nan,0.04776784173449449
1791060730.945945,-1.9222707730370536,1.8889281470169856,-0.0029897658831800934,-0.44624113353955713,1.8712369194852505,0.025726943486422727,0.0,0.0,0.0,-1.5838769024719082,-0.5205102660997086,0.1244588887518709,0.006988656000122421,0.15608240626175354,0.0,0.0,-0.014336819753243347,2.538736413324698,0.003893580391972684,-0.18268302606806616,0.9016758142081511,0.0,0.0,-1.1516575063889547,2.496439762167349,-0.024496192632411932,-0.2186794223494643,nan,nan,nan,nan,nan,nan,nan,0.0006616552524399331,0.0,0.0,1.2482289550201215,2.294004104634012,-0.03587322710885528,-0.21471743191590034,nan,nan,nan,nan,nan,nan,nan,nan,nan,nan,nan,nan,nan,nan,0.0,0.0,0.0,-1.7284611327253279,0.694230103316273,0.25388431304528614,-0.01543264451092527,nan,nan,nan,nan,nan,nan,nan,nan,nan,nan,nan,nan,nan,nan,nan,nan,nan,nan,nan,nan,nan,nan,nan,nan,nan,nan,nan,nan,nan,nan,nan,nan,nan,nan,nan,nan,nan,nan,nan,nan,nan,nan,nan,nan,nan,nan,nan,nan,nan,0.0416511457346045
1791060731.0485585,-1.9178438774271709,1.8889271037912199,-0.0028137520822869118,-0.45820827405424003,1.9224328766636678,0.024051616574264002,0.0,0.0,0.0,-1.571892106199883,-0.5204678703213204,0.06645873857278126,0.04218320090333191,0.15608240626175354,0.0,0.0,-0.014336819753243347,2.538736413324698,0.003893580391972684,-0.18268302606806616,0.8634991742827021,0.0,0.0,-1.1514026929858956,2.4767772120582054,-0.00803827068939095,-0.21608778779036616,nan,nan,nan,nan,nan,nan,nan,0.0002926263652649096,0.0,0.0,1.2480165199527935,2.2711466692528406,-0.028911549267276328,-0.277960264101021,nan,nan,nan,nan,nan,nan,nan,nan,nan,nan,nan,nan,nan,nan,0.0,0.0,0.0,-1.7067614636938733,0.694367540309801,0.22111764780742468,0.0027400740559237633,nan,nan,nan,nan,nan,nan,nan,nan,nan,nan,nan,nan,nan,nan,nan,nan,nan,nan,nan,nan,nan,nan,nan,nan,nan,nan,nan,nan,nan,nan,nan,nan,nan,nan,nan,nan,nan,nan,nan,nan,nan,nan,nan,nan,nan,nan,nan,nan,nan,0.035941418853629795
1791060731.1441145,-1.9143238456935256,1.8888026534533946,-0.002570742015181234,-0.4659586242881403,1.970383749832465,0.02302167029694251,0.0,0.0,0.0,-1.5627591610580782,-0.5210226162389617,0.08788839184557816,-0.01701717155647011,0.15608240626175354,0.0,0.0,-0.014336819753243347,2.538736413324698,0.003893580391972684,-0.18268302606806616,0.8130783367385095,0.0,0.0,-1.1510903370777334,2.4546849517330562,0.015281631259026696,-0.22405592075438832,nan,nan,nan,nan,nan,nan,nan,0.0001443849219207817,0.0,0.0,1.2481013655488302,2.2491462948193743,0.018195031200398802,-0.17116645498700583,nan,nan,nan,nan,nan,nan,nan,nan,nan,nan,nan,nan,nan,nan,0.0,0.0,0.0,-1.6842015576066443,0.6942361945361956,0.225686346059374,-0.011264615904169332,nan,nan,nan,nan,nan,nan,nan,nan,nan,nan,nan,nan,nan,nan,nan,nan,nan,nan,nan,nan,nan,nan,nan,nan,nan,nan,nan,nan,nan,nan,nan,nan,nan,nan,nan,nan,nan,nan,nan,nan,nan,nan,nan,nan,nan,nan,nan,nan,nan,0.03602503870019925
1791060731.249352,-1.9101181112270054,1.890592672971982,-0.01622288609075485,-0.47091335345862184,2.014966764650492,0.02238508337996277,0.0,0.0,0.0,-1.5533935899336888,-0.5210445984989421,0.0960103936547661,-0.005184812866690792,0.15608240626175354,0.0,0.0,-0.014336819753243347,2.538736413324698,0.003893580391972684,-0.18268302606806616,0.7688348757022436,0.0,0.0,-1.15127867052541,2.432759426968083,0.04744315822664177,-0.22606562501946725,nan,nan,nan,nan,nan,nan,nan,0.0005361683323459788,0.0,0.0,1.2476312773078433,2.225059829014566,-0.0016338728966060773,-0.16438858117628086,nan,nan,nan,nan,nan,nan,nan,nan,nan,nan,nan,nan,nan,nan,0.0,0.0,0.0,-1.6606308910239573,0.6940217702330316,0.21465264878046142,-0.012490329571375695,nan,nan,nan,nan,nan,nan,nan,nan,nan,nan,nan,nan,nan,nan,nan,nan,nan,nan,nan,nan,nan,nan,nan,nan,nan,nan,nan,nan,nan,nan,nan,nan,nan,nan,nan,nan,nan,nan,nan,nan,nan,nan,nan,nan,nan,nan,nan,nan,nan,0.03641990452581103
1791060731.3461866,-1.9066478123750847,1.890354183540798,-0.008855197042634752,-0.4788394805305244,2.05646405051461,0.021401062071952207,0.0,0.0,0.0,-1.5459421845194115,-0.5210680603993624,0.07145830654201339,0.015338725708316438,0.15608240626175354,0.0,0.0,-0.014336819753243347,2.538736413324698,0.003893580391972684,-0.18268302606806616,0.8040763578590437,0.0,0.0,-1.1513895571119626,2.4108450082908877,0.016659817162347195,-0.21941804827283548,nan,nan,nan,nan,nan,nan,nan,0.0002772444042581828,0.0,0.0,1.2473121636854378,2.2075074517311295,-0.014936605784827327,-0.19562664678958103,nan,nan,nan,nan,nan,nan,nan,nan,nan,nan,nan,nan,nan,nan,0.0,0.0,0.0,-1.6419919415796311,0.6939989829587125,0.18603795837810916,0.010137056407666213,nan,nan,nan,nan,nan,nan,nan,nan,nan,nan,nan,nan,nan,nan,nan,nan,nan,nan,nan,nan,nan,nan,nan,nan,nan,nan,nan,nan,nan,nan,nan,nan,nan,nan,nan,nan,nan,nan,nan,nan,nan,nan,nan,nan,nan,nan,nan,nan,nan,0.03070243669921606
1791060731.4456656,-1.9037020515851353,1.8886676193708736,0.00411975810083126,-0.48293898298225424,2.0951051477560587,0.02090826078746886,0.0,0.0,0.0,-1.5374391068109288,-0.5220828575265226,0.09569242317191076,-0.023500240368616705,0.15608240626175354,0.0,0.0,-0.014336819753243347,2.538736413324698,0.003893580391972684,-0.18268302606806616,0.7519764225072002,0.0,0.0,-1.1514631733135863,2.388667451184876,0.047824271773540546,-0.20065334224200843,nan,nan,nan,nan,nan,nan,nan,0.00016262920750702937,0.0,0.0,1.2471549945300922,2.1883894227455207,0.007224391119161542,-0.18683497911730632,nan,nan,nan,nan,nan,nan,nan,nan,nan,nan,nan,nan,nan,nan,0.0,0.0,0.0,-1.620792848133835,0.6935641542920267,0.2116516241296049,-0.011073069022183952,nan,nan,nan,nan,nan,nan,nan,nan,nan,nan,nan,nan,nan,nan,nan,nan,nan,nan,nan,nan,nan,nan,nan,nan,nan,nan,nan,nan,nan,nan,nan,nan,nan,nan,nan,nan,nan,nan,nan,nan,nan,nan,nan,nan,nan,nan,nan,nan,nan,0.03055249454562023
1791060731.5473347,-1.9005765971046047,1.888603136237657,0.004091074967841412,-0.4899416992276952,2.1311012389686637,0.020091183213463617,0.0,0.0,0.0,-1.5304785070611182,-0.5217789302718218,0.046751940330370695,0.044428320242034074,0.15608240626175354,0.0,0.0,-0.014336819753243347,2.538736413324698,0.003893580391972684,-0.18268302606806616,0.7906210246016785,0.0,0.0,-1.1512941240990235,2.3661579310056284,0.020032366790134978,-0.2247907957467039,nan,nan,nan,nan,nan,nan,nan,0.00013867415872448853,0.0,0.0,1.2467475739747882,2.1661483955448504,-0.0015005427116955294,-0.20031051698776337,nan,nan,nan,nan,nan,nan,nan,nan,nan,nan,nan,nan,nan,nan,0.0,0.0,0.0,-1.6003994323561468,0.6940399425989712,0.18869292660528272,0.0031520398452049743,nan,nan,nan,nan,nan,nan,nan,nan,nan,nan,nan,nan,nan,nan,nan,nan,nan,nan,nan,nan,nan,nan,nan,nan,nan,nan,nan,nan,nan,nan,nan,nan,nan,nan,nan,nan,nan,nan,nan,nan,nan,nan,nan,nan,nan,nan,nan,nan,nan,0.02425366613519956
1791060731.6475995,-1.8977444127470124,1.8884974100305494,0.0034824136211381303,-0.49969076335742124,2.1652461884778496,0.019003906108167535,0.0,0.0,0.0,-1.519256085902614,-0.5226048118251964,0.10273869779477188,0.004336418075786286,0.15608240626175354,0.0,0.0,-0.014336819753243347,2.538736413324698,0.003893580391972684,-0.18268302606806616,0.8281352752801895,0.0,0.0,-1.1513714060010805,2.3436529911660973,-0.001316420990187384,-0.22273356611124315,nan,nan,nan,nan,nan,nan,nan,0.0004402467898083953,0.0,0.0,1.2464742890824625,2.1465351916185,-0.05033341550672173,-0.24387963402039423,nan,nan,nan,nan,nan,nan,nan,nan,nan,nan,nan,nan,nan,nan,0.0,0.0,0.0,-1.5785163506369657,0.6936793569166173,0.21286343832174318,0.0054409129158511154,nan,nan,nan,nan,nan,nan,nan,nan,nan,nan,nan,nan,nan,nan,nan,nan,nan,nan,nan,nan,nan,nan,nan,nan,nan,nan,nan,nan,nan,nan,nan,nan,nan,nan,nan,nan,nan,nan,nan,nan,nan,nan,nan,nan,nan,nan,nan,nan,nan,0.026661944389966677
1791060731.7476978,-1.8953288635693653,1.8886762026339368,0.0028742386750247517,-0.5083873055073,2.1978725081835515,0.01808139789821042,0.0,0.0,0.0,-1.5109572465178278,-0.5232004536433034,0.09790299147482383,-0.011670691110052776,0.15608240626175354,0.0,0.0,-0.014336819753243347,2.538736413324698,0.003893580391972684,-0.18268302606806616,0.8164540933699249,0.0,0.0,-1.1511627263319257,2.321462351210151,0.00389913263767375,-0.22180759580994736,nan,nan,nan,nan,nan,nan,nan,0.00016225172093928863,0.0,0.0,1.2466547781385118,2.1246836739534007,-0.005174866569441776,-0.18310093476998868,nan,nan,nan,nan,nan,nan,nan,nan,nan,nan,nan,nan,nan,nan,0.0,0.0,0.0,-1.5604036316645367,0.6931320786678857,0.20744691680739832,-0.030935253248615853,nan,nan,nan,nan,nan,nan,nan,nan,nan,nan,nan,nan,nan,nan,nan,nan,nan,nan,nan,nan,nan,nan,nan,nan,nan,nan,nan,nan,nan,nan,nan,nan,nan,nan,nan,nan,nan,nan,nan,nan,nan,nan,nan,nan,nan,nan,nan,nan,nan,0.02348666106039366
1791060731.8462427,-1.893312044118639,1.8886896117950873,0.003246339340539616,-0.5171603388672825,2.2291055517593565,0.01719409567705357,0.0,0.0,0.0,-1.5023820182980734,-0.5227119163163038,0.10490985799571993,0.0013698285726204524,0.15608240626175354,0.0,0.0,-0.014336819753243347,2.538736413324698,0.003893580391972684,-0.18268302606806616,0.8189066530742082,0.0,0.0,-1.1507533248002455,2.2990552124718606,-0.00043558403656388835,-0.21519419284881589,nan,nan,nan,nan,nan,nan,nan,0.00012057913527898602,0.0,0.0,1.2465725709583177,2.113342356205541,0.018684689837641228,-0.15952115018833518,nan,nan,nan,nan,nan,nan,nan,nan,nan,nan,nan,nan,nan,nan,0.0,0.0,0.0,-1.5402718937583588,0.6928734700844208,0.2099312068685977,-0.014163083028793174,nan,nan,nan,nan,nan,nan,nan,nan,nan,nan,nan,nan,nan,nan,nan,nan,nan,nan,nan,nan,nan,nan,nan,nan,nan,nan,nan,nan,nan,nan,nan,nan,nan,nan,nan,nan,nan,nan,nan,nan,nan,nan,nan,nan,nan,nan,nan,nan,nan,0.020873063061710443
1791060731.946741,-1.8911769691769866,1.8885782893701484,0.0032378174055814174,-0.5251729245738797,2.259016110695569,0.016420166160653227,0.0,0.0,0.0,-1.4908806620974735,-0.523581881044416,0.10368482396524625,-0.00028202427487620065,0.15608240626175354,0.0,0.0,-0.014336819753243347,2.538736413324698,0.003893580391972684,-0.18268302606806616,0.8150137056122455,0.0,0.0,-1.150475130290784,2.276266827345605,0.002362597455440008,-0.2186962313480235,nan,nan,nan,nan,nan,nan,nan,0.00012247596275750779,0.0,0.0,1.2465725709583177,2.113342356205541,0.018684689837641228,-0.15952115018833518,nan,nan,nan,nan,nan,nan,nan,nan,nan,nan,nan,nan,nan,nan,0.0,0.0,0.0,-1.5205161604380621,0.6929565593534965,0.22729698665244946,-0.021143565866366107,nan,nan,nan,nan,nan,nan,nan,nan,nan,nan,nan,nan,nan,nan,nan,nan,nan,nan,nan,nan,nan,nan,nan,nan,nan,nan,nan,nan,nan,nan,nan,nan,nan,nan,nan,nan,nan,nan,nan,nan,nan,nan,nan,nan,nan,nan,nan,nan,nan,0.01590993474098325
1791060732.0459518,-1.8911607472739584,1.8884278418981635,-0.001910075572441728,-0.5319551845889854,2.2875272416248684,0.01579123373971323,0.0,0.0,0.0,-1.4811804295256332,-0.5237972667559376,0.09831262535870475,0.008834394943752438,0.15608240626175354,0.0,0.0,-0.014336819753243347,2.538736413324698,0.003893580391972684,-0.18268302606806616,0.8053615113330057,0.0,0.0,-1.14974900361406,2.254121396024155,-0.00012446472539743506,-0.2333438096134211,nan,nan,nan,nan,nan,nan,nan,0.000310622092132762,0.0,0.0,1.245860773786126,2.0677286376904296,-0.03501249595056381,-0.17792147039620423,nan,nan,nan,nan,nan,nan,nan,nan,nan,nan,nan,nan,nan,nan,0.0,0.0,0.0,-1.501506672694094,0.6929843134240719,0.203026084329921,0.004972077468065774,nan,nan,nan,nan,nan,nan,nan,nan,nan,nan,nan,nan,nan,nan,nan,nan,nan,nan,nan,nan,nan,nan,nan,nan,nan,nan,nan,nan,nan,nan,nan,nan,nan,nan,nan,nan,nan,nan,nan,nan,nan,nan,nan,nan,nan,nan,nan,nan,nan,0.013782367961629785
1791060732.1470711,-1.8889671743013439,1.8885832034194219,-0.004839053817958056,-0.5367589672600674,2.314518277430431,0.015359812429123144,0.0,0.0,0.0,-1.4716687963811899,-0.5244615734578502,0.0962741214433578,-0.009720147400293543,0.15608240626175354,0.0,0.0,-0.014336819753243347,2.538736413324698,0.003893580391972684,-0.18268302606806616,0.776638717660916,0.0,0.0,-1.149047802839109,2.2318847855102493,0.030346892722548677,-0.23244868702628474,nan,nan,nan,nan,nan,nan,nan,0.00014182407542278732,0.0,0.0,1.2459234051074397,2.048859796153715,-0.004028893949705081,-0.24576952407985198,nan,nan,nan,nan,nan,nan,nan,nan,nan,nan,nan,nan,nan,nan,0.0,0.0,0.0,-1.4825796480908255,0.6925864922465909,0.1833821629668236,-0.012318732586671332,nan,nan,nan,nan,nan,nan,nan,nan,nan,nan,nan,nan,nan,nan,nan,nan,nan,nan,nan,nan,nan,nan,nan,nan,nan,nan,nan,nan,nan,nan,nan,nan,nan,nan,nan,nan,nan,nan,nan,nan,nan,nan,nan,nan,nan,nan,nan,nan,nan,0.017824995507497367
1791060732.2464511,-1.8876461834900549,1.8886099190449879,-0.006916470797360778,-0.5436379843446879,2.340132695117871,0.014761674538769753,0.0,0.0,0.0,-1.462320793632712,-0.5246868018901703,0.10834548222426635,0.003027847506760672,0.15608240626175354,0.0,0.0,-0.014336819753243347,2.538736413324698,0.003893580391972684,-0.18268302606806616,0.8016123060152983,0.0,0.0,-1.148635303070084,2.2097249764501887,-0.0014815647364421138,-0.21793762791322074,nan,nan,nan,nan,nan,nan,nan,0.00013478942684756742,0.0,0.0,1.2456563238366627,2.0284526117620136,-0.006869552298239278,-0.24102367292389007,nan,nan,nan,nan,nan,nan,nan,nan,nan,nan,nan,nan,nan,nan,0.0,0.0,0.0,-1.4646364980890754,0.6925774589141527,0.17859783308616572,0.0031107131111277916,nan,nan,nan,nan,nan,nan,nan,nan,nan,nan,nan,nan,nan,nan,nan,nan,nan,nan,nan,nan,nan,nan,nan,nan,nan,nan,nan,nan,nan,nan,nan,nan,nan,nan,nan,nan,nan,nan,nan,nan,nan,nan,nan,nan,nan,nan,nan,nan,nan,0.011115764459866747
1791060732.3470767,-1.8854078267770427,1.8885939692420712,-0.005094784694434239,-0.5490144287019545,2.3645826863544266,0.014309845079115126,0.0,0.0,0.0,-1.4530970155232008,-0.5244793698994707,0.09865061406480231,-0.008495501651492529,0.15608240626175354,0.0,0.0,-0.014336819753243347,2.538736413324698,0.003893580391972684,-0.18268302606806616,0.791969897231591,0.0,0.0,-1.1477960550622228,2.1871972568702325,0.025320903725524015,-0.2364177293099812,nan,nan,nan,nan,nan,nan,nan,0.0001534972635233936,0.0,0.0,1.2455612507833203,2.010059603611503,0.0032730378365249816,-0.202602618642102,nan,nan,nan,nan,nan,nan,nan,nan,nan,nan,nan,nan,nan,nan,0.0,0.0,0.0,-1.4492285857206906,0.692482505092583,0.16270697631773073,-0.004560300933916423,nan,nan,nan,nan,nan,nan,nan,nan,nan,nan,nan,nan,nan,nan,nan,nan,nan,nan,nan,nan,nan,nan,nan,nan,nan,nan,nan,nan,nan,nan,nan,nan,nan,nan,nan,nan,nan,nan,nan,nan,nan,nan,nan,nan,nan,nan,nan,nan,nan,0.02103141671846048
1791060732.4456987,-1.8836883601022316,1.8887030024345108,-0.0054212928857831095,-0.5553045310704573,2.387915367473924,0.013798129332238163,0.0,0.0,0.0,-1.4427206434185154,-0.5248695849043316,0.09072729891282715,-0.007319007738886458,0.15608240626175354,0.0,0.0,-0.014336819753243347,2.538736413324698,0.003893580391972684,-0.18268302606806616,0.7982175470211867,0.0,0.0,-1.1471783684145518,2.1648183886407177,0.007995461219872263,-0.21571888693824376,nan,nan,nan,nan,nan,nan,nan,0.00013118335502805914,0.0,0.0,1.2455127893116553,1.987474823333188,0.005343371634571913,-0.216101336249581,nan,nan,nan,nan,nan,nan,nan,nan,nan,nan,nan,nan,nan,nan,0.0,0.0,0.0,-1.435257579162051,0.6923897003584194,0.12725461868772064,0.0008316529003452779,nan,nan,nan,nan,nan,nan,nan,nan,nan,nan,nan,nan,nan,nan,nan,nan,nan,nan,nan,nan,nan,nan,nan,nan,nan,nan,nan,nan,nan,nan,nan,nan,nan,nan,nan,nan,nan,nan,nan,nan,nan,nan,nan,nan,nan,nan,nan,nan,nan,0.013643984372008507
1791060732.545745,-1.8822989486745274,1.8884908734693875,-0.00298889246332594,-0.560784769498957,2.410282753221629,0.013366719925343462,0.0,0.0,0.0,-1.4329762519647276,-0.525264892791531,0.09587483199660717,0.00026959989394723837,0.15608240626175354,0.0,0.0,-0.014336819753243347,2.538736413324698,0.003893580391972684,-0.18268302606806616,0.7949010828367854,0.0,0.0,-1.146566879869665,2.1420691001378596,0.013962875038203704,-0.22923872280548138,nan,nan,nan,nan,nan,nan,nan,0.00013921371965061689,0.0,0.0,1.2453775758967696,1.9651355500351082,-0.00012814548567510552,-0.21578818583401094,nan,nan,nan,nan,nan,nan,nan,nan,nan,nan,nan,nan,nan,nan,0.0,0.0,0.0,-1.4200093722523632,0.692263663385378,0.15036768973192766,-0.00843923502166139,nan,nan,nan,nan,nan,nan,nan,nan,nan,nan,nan,nan,nan,nan,nan,nan,nan,nan,nan,nan,nan,nan,nan,nan,nan,nan,nan,nan,nan,nan,nan,nan,nan,nan,nan,nan,nan,nan,nan,nan,nan,nan,nan,nan,nan,nan,nan,nan,nan,0.015657753513719418
1791060732.645938,-1.8810686342574132,1.8882979690477857,-0.0026813723534521296,-0.5659517039224025,2.4316571619700964,0.01297192004651282,0.0,0.0,0.0,-1.4231489048189672,-0.5258703972541426,0.10816400664130638,0.0054722020352232035,0.15608240626175354,0.0,0.0,-0.014336819753243347,2.538736413324698,0.003893580391972684,-0.18268302606806616,0.7905931781703005,0.0,0.0,-1.1461455357255417,2.1195818107259954,-0.0056947137197802455,-0.22515534210938384,nan,nan,nan,nan,nan,nan,nan,0.0001289915200480893,0.0,0.0,1.2452445910730932,1.9428208104092108,-0.0017782572788924604,-0.22641590557117666,nan,nan,nan,nan,nan,nan,nan,nan,nan,nan,nan,nan,nan,nan,0.0,0.0,0.0,-1.4034857880590104,0.6922902628391696,0.17305754713374216,0.00549384422852052,nan,nan,nan,nan,nan,nan,nan,nan,nan,nan,nan,nan,nan,nan,nan,nan,nan,nan,nan,nan,nan,nan,nan,nan,nan,nan,nan,nan,nan,nan,nan,nan,nan,nan,nan,nan,nan,nan,nan,nan,nan,nan,nan,nan,nan,nan,nan,nan,nan,0.01757180433911098
1791060732.7466419,-1.878599425135374,1.8885983893892906,-0.005145176902514495,-0.5718163352499761,2.4521892273140837,0.012537462414308044,0.0,0.0,0.0,-1.4140988443863993,-0.5258595009882991,0.095260098414585,-0.014476487134275193,0.15608240626175354,0.0,0.0,-0.014336819753243347,2.538736413324698,0.003893580391972684,-0.18268302606806616,0.8240115261044769,0.0,0.0,-1.1452477845389772,2.096916572911081,-0.00019207530380326802,-0.23192008219545263,nan,nan,nan,nan,nan,nan,nan,0.00017386119530889791,0.0,0.0,1.2452848907112797,1.9206319233014841,0.0009349003783270452,-0.21891803495442858,nan,nan,nan,nan,nan,nan,nan,nan,nan,nan,nan,nan,nan,nan,0.0,0.0,0.0,-1.386157573049479,0.6923900411938729,0.17280134927441324,0.00041168841754341207,nan,nan,nan,nan,nan,nan,nan,nan,nan,nan,nan,nan,nan,nan,nan,nan,nan,nan,nan,nan,nan,nan,nan,nan,nan,nan,nan,nan,nan,nan,nan,nan,nan,nan,nan,nan,nan,nan,nan,nan,nan,nan,nan,nan,nan,nan,nan,nan,nan,0.036377829043882384
1791060732.8476303,-1.8747294942762294,1.8880536281115172,-0.0025640147454238146,-0.5769768477097673,2.4719434597170276,0.012166839321615087,0.0,0.0,0.0,-1.4030676901271522,-0.5261976024063675,0.12506752832400686,-0.03696667240208414,0.15608240626175354,0.0,0.0,-0.014336819753243347,2.538736413324698,0.003893580391972684,-0.18268302606806616,0.803814431504159,0.0,0.0,-1.1442886232275375,2.07443917026433,0.0268488352827033,-0.23408026112303223,nan,nan,nan,nan,nan,nan,nan,0.00016657080871388194,0.0,0.0,1.2447805371251315,1.8979811980873458,0.004456712840598731,-0.22393260723946645,nan,nan,nan,nan,nan,nan,nan,nan,nan,nan,nan,nan,nan,nan,0.0,0.0,0.0,-1.3687382964665662,0.6918402500955166,0.18732673628288343,-0.007566078181548151,nan,nan,nan,nan,nan,nan,nan,nan,nan,nan,nan,nan,nan,nan,nan,nan,nan,nan,nan,nan,nan,nan,nan,nan,nan,nan,nan,nan,nan,nan,nan,nan,nan,nan,nan,nan,nan,nan,nan,nan,nan,nan,nan,nan,nan,nan,nan,nan,nan,0.029805523868937304
1791060732.94602,-1.8710238497217884,1.8884864782339275,-0.0050984142595132415,-0.5824617226341179,2.491007322259131,0.011784558940407553,0.0,0.0,0.0,-1.3929299653459386,-0.5263737461767846,0.106348496198745,-0.0170277675570705,0.15608240626175354,0.0,0.0,-0.014336819753243347,2.538736413324698,0.003893580391972684,-0.18268302606806616,0.8064404673980725,0.0,0.0,-1.143169566986803,2.0516017367970063,0.017433782352358637,-0.22237595932310295,nan,nan,nan,nan,nan,nan,nan,0.0001717299795503549,0.0,0.0,1.244864864834344,1.876263677276571,0.000586326090749181,-0.18692830413142394,nan,nan,nan,nan,nan,nan,nan,nan,nan,nan,nan,nan,nan,nan,0.0,0.0,0.0,-1.3509229236751126,0.6920304954110165,0.15584664344002747,0.019630916726242613,nan,nan,nan,nan,nan,nan,nan,nan,nan,nan,nan,nan,nan,nan,nan,nan,nan,nan,nan,nan,nan,nan,nan,nan,nan,nan,nan,nan,nan,nan,nan,nan,nan,nan,nan,nan,nan,nan,nan,nan,nan,nan,nan,nan,nan,nan,nan,nan,nan,0.030273632093929224
1791060733.045733,-1.869248818493426,1.8881732606839745,-0.003046322331155986,-0.5878183409219658,2.509457378141922,0.01142247220515409,0.0,0.0,0.0,-1.3822248388535305,-0.5260750772329871,0.10463577489300319,0.0007422210243070483,0.15608240626175354,0.0,0.0,-0.014336819753243347,2.538736413324698,0.003893580391972684,-0.18268302606806616,0.8063491877950726,0.0,0.0,-1.1428820113150677,2.029717167551001,0.010167429058099689,-0.21727815706551157,nan,nan,nan,nan,nan,nan,nan,0.00015006096653815226,0.0,0.0,1.2450005492675604,1.8532392357890475,-0.0037181424737859855,-0.253469550233951,nan,nan,nan,nan,nan,nan,nan,nan,nan,nan,nan,nan,nan,nan,0.0,0.0,0.0,-1.3313430481277702,0.6915547213066063,0.2059609404505115,-0.011587432609381313,nan,nan,nan,nan,nan,nan,nan,nan,nan,nan,nan,nan,nan,nan,nan,nan,nan,nan,nan,nan,nan,nan,nan,nan,nan,nan,nan,nan,nan,nan,nan,nan,nan,nan,nan,nan,nan,nan,nan,nan,nan,nan,nan,nan,nan,nan,nan,nan,nan,0.022125418441580454
1791060733.1457162,-1.8662109560738487,1.890195634817326,-0.017513572571583286,-0.5930423276766623,2.5273390145179433,0.011079763205357042,0.0,0.0,0.0,-1.3718115118820304,-0.5263487733853245,0.11339959258023308,0.018363844463283516,0.15608240626175354,0.0,0.0,-0.014336819753243347,2.538736413324698,0.003893580391972684,-0.18268302606806616,0.8023396131722277,0.0,0.0,-1.1420515197527812,2.007175411488189,0.019365608998461133,-0.22205578742102056,nan,nan,nan,nan,nan,nan,nan,0.00015061776683657072,0.0,0.0,1.245246945186285,1.8309763188885564,-0.002846564098646578,-0.22601849609083724,nan,nan,nan,nan,nan,nan,nan,nan,nan,nan,nan,nan,nan,nan,0.0,0.0,0.0,-1.3125444542682145,0.6928906582020711,0.20956100968950148,0.003687958156456645,nan,nan,nan,nan,nan,nan,nan,nan,nan,nan,nan,nan,nan,nan,nan,nan,nan,nan,nan,nan,nan,nan,nan,nan,nan,nan,nan,nan,nan,nan,nan,nan,nan,nan,nan,nan,nan,nan,nan,nan,nan,nan,nan,nan,nan,nan,nan,nan,nan,0.021729952696898053
1791060733.2474775,-1.8639605002280835,1.8901484135888358,-0.01759676556884092,-0.5961947809169624,2.544455619500444,0.010877807751345992,0.0,0.0,0.0,-1.361478950224446,-0.5266026525080363,0.11623818590264193,0.004226122041885099,0.06453163029004035,0.0,0.0,0.018488172510512196,1.9617926866537085,0.008568865411922455,-0.17917144140753188,0.8080587164031451,0.0,0.0,-1.141234605793956,1.984872745863551,0.0018609930500178289,-0.22754024696166808,nan,nan,nan,nan,nan,nan,nan,0.0001439525285717355,0.0,0.0,1.2453033832042169,1.8078822035129656,0.0025854844604590397,-0.2250122897228191,nan,nan,nan,nan,nan,nan,nan,nan,nan,nan,nan,nan,nan,nan,0.0,0.0,0.0,-1.2913901521009152,0.6925690793614486,0.2069681781289859,0.001654966574818349,nan,nan,nan,nan,nan,nan,nan,nan,nan,nan,nan,nan,nan,nan,nan,nan,nan,nan,nan,nan,nan,nan,nan,nan,nan,nan,nan,nan,nan,nan,nan,nan,nan,nan,nan,nan,nan,nan,nan,nan,nan,nan,nan,nan,nan,nan,nan,nan,nan,0.019349511719063694
1791060733.347253,-1.8624037152054937,1.8894695650613607,-0.014096871672105424,-0.5991340388135311,2.5606344001495107,0.010692736502362798,0.0,0.0,0.0,-1.3502692468259634,-0.5268092705149342,0.13022388638502472,0.0069319936093241,0.0694489293668147,0.0,0.0,0.018966871675806393,1.9438403235567585,0.0026817026839527653,-0.16742222701442222,0.804257876993955,0.0,0.0,-1.1397340030774799,1.961961443425655,0.020058722769801703,-0.2324252798445181,nan,nan,nan,nan,nan,nan,nan,0.00014506294380182464,0.0,0.0,1.2456498954787376,1.7859029831806363,0.011189290149563694,-0.19606503984186507,nan,nan,nan,nan,nan,nan,nan,nan,nan,nan,nan,nan,nan,nan,0.0,0.0,0.0,-1.269934131503424,0.6926115450557305,0.21478749991707233,-0.007450246195163523,nan,nan,nan,nan,nan,nan,nan,nan,nan,nan,nan,nan,nan,nan,nan,nan,nan,nan,nan,nan,nan,nan,nan,nan,nan,nan,nan,nan,nan,nan,nan,nan,nan,nan,nan,nan,nan,nan,nan,nan,nan,nan,nan,nan,nan,nan,nan,nan,nan,0.013387507364295195
1791060733.446932,-1.8602127512029247,1.8878874438265447,0.004991317596913468,-0.5765218192537782,2.5729439178151376,0.012199087812709154,0.0,0.0,0.0,-1.3365515367277154,-0.5269114310177283,0.132962699823098,0.0047568642565942384,0.23693678162649107,0.0,0.0,0.019063485102151643,1.9240565029179386,0.0015205060801625786,-0.17901327771437453,0.8782314296409158,0.0,0.0,-1.1384925366046281,1.9368424448325923,0.02227647940063053,-0.229025416193414,nan,nan,nan,nan,nan,nan,nan,0.0005449926215847707,0.0,0.0,1.245679124003887,1.760619775607658,-0.0016175615203424302,-0.21832541957288015,nan,nan,nan,nan,nan,nan,nan,nan,nan,nan,nan,nan,nan,nan,0.0,0.0,0.0,-1.2480464465397465,0.6927654659502802,0.2088529923513564,0.006067589744330186,nan,nan,nan,nan,nan,nan,nan,nan,nan,nan,nan,nan,nan,nan,nan,nan,nan,nan,nan,nan,nan,nan,nan,nan,nan,nan,nan,nan,nan,nan,nan,nan,nan,nan,nan,nan,nan,nan,nan,nan,nan,nan,nan,nan,nan,nan,nan,nan,nan,0.04530928873148353
1791060733.548843,-1.8572977057187456,1.8882579685253247,0.002525473081934524,-0.5816641213535957,2.58226272241585,0.011839417128817576,0.0,0.0,0.0,-1.3223569583923491,-0.526994880669873,0.14796592393822466,0.014572895982870766,0.07361690190273423,0.0,0.0,0.019434036416912992,1.9075677125583317,0.008755277557105172,-0.16031935801532932,0.8092803991098817,0.0,0.0,-1.1365099115191992,1.9162651231236094,0.016090739815945842,-0.20527529650974746,nan,nan,nan,nan,nan,nan,nan,0.00015785138758051684,0.0,0.0,1.2458182396387625,1.740087595234819,0.004298663507379468,-0.23013734123641463,nan,nan,nan,nan,nan,nan,nan,nan,nan,nan,nan,nan,nan,nan,0.0,0.0,0.0,-1.2258040540588626,0.6925200458156477,0.2202674074162317,0.0002529955541701902,nan,nan,nan,nan,nan,nan,nan,nan,nan,nan,nan,nan,nan,nan,nan,nan,nan,nan,nan,nan,nan,nan,nan,nan,nan,nan,nan,nan,nan,nan,nan,nan,nan,nan,nan,nan,nan,nan,nan,nan,nan,nan,nan,nan,nan,nan,nan,nan,nan,0.038982102185735536
1791060733.6463003,-1.8557241658594514,1.8879826415962184,-0.003157934308581361,-0.5866946118815077,2.5918167451307634,0.011497525830151468,0.0,0.0,0.0,-1.3086399781516478,-0.5272519053443918,0.16482054509812943,-0.0022395532579362123,0.06520310736291178,0.0,0.0,0.01957254965990423,1.8926516815495404,0.0005093027721632893,-0.14682651920811995,0.8044020757658426,0.0,0.0,-1.1352615733645532,1.893868975669823,0.011799736985678976,-0.22370879625414866,nan,nan,nan,nan,nan,nan,nan,0.00015003278445913925,0.0,0.0,1.2461791085282572,1.7174502243781875,0.005194286647785983,-0.23722437945026703,nan,nan,nan,nan,nan,nan,nan,nan,nan,nan,nan,nan,nan,nan,0.0,0.0,0.0,-1.2037408348567569,0.6921327628754711,0.21650753942887635,0.00036286877204997313,nan,nan,nan,nan,nan,nan,nan,nan,nan,nan,nan,nan,nan,nan,nan,nan,nan,nan,nan,nan,nan,nan,nan,nan,nan,nan,nan,nan,nan,nan,nan,nan,nan,nan,nan,nan,nan,nan,nan,nan,nan,nan,nan,nan,nan,nan,nan,nan,nan,0.0092485717091179
1791060733.7437487,-1.8517585510702328,1.8883090159415348,-0.0061732780100568,-0.59056709228235,2.6014410512723964,0.011240882579557777,0.0,0.0,0.0,-1.292528787118558,-0.5271768382641507,0.16543986494527335,0.006764801079971412,0.06925197476226465,0.0,0.0,0.019680309338594593,1.8774329981393318,4.5054253370860045e-05,-0.14790636154957987,0.8061643415637031,0.0,0.0,-1.1337515133464775,1.8720564211473412,0.005504013261139954,-0.22683250813303474,nan,nan,nan,nan,nan,nan,nan,0.00015448841213328384,0.0,0.0,1.2466576877184552,1.6949394344270776,0.02012196189681883,-0.2266501410922681,nan,nan,nan,nan,nan,nan,nan,nan,nan,nan,nan,nan,nan,nan,0.0,0.0,0.0,-1.1815580818232647,0.6919643458949154,0.22132785004592648,-0.010863414563209679,nan,nan,nan,nan,nan,nan,nan,nan,nan,nan,nan,nan,nan,nan,nan,nan,nan,nan,nan,nan,nan,nan,nan,nan,nan,nan,nan,nan,nan,nan,nan,nan,nan,nan,nan,nan,nan,nan,nan,nan,nan,nan,nan,nan,nan,nan,nan,nan,nan,0.019025670593152192
1791060733.847422,-1.8489660996206676,1.8881213021478407,-0.005830718200579606,-0.5947412348627169,2.6110688401728095,0.010970477753249953,0.0,0.0,0.0,-1.2763226451349599,-0.5268533101192632,0.17793672470488048,0.0033161174896267024,0.06655505746585338,0.0,0.0,0.019887501128629814,1.862763652835891,0.0014581811274645194,-0.14870414557268935,0.8067652505538727,0.0,0.0,-1.1322091634273703,1.8504957978812284,0.007649119042209767,-0.21492018339650115,nan,nan,nan,nan,nan,nan,nan,0.00014879621963594282,0.0,0.0,1.246427428070047,1.672435375655269,-0.009030683642176133,-0.213856263154408,nan,nan,nan,nan,nan,nan,nan,nan,nan,nan,nan,nan,nan,nan,0.0,0.0,0.0,-1.159214672480721,0.6916059922276996,0.229340024618499,-0.005516140449697164,nan,nan,nan,nan,nan,nan,nan,nan,nan,nan,nan,nan,nan,nan,nan,nan,nan,nan,nan,nan,nan,nan,nan,nan,nan,nan,nan,nan,nan,nan,nan,nan,nan,nan,nan,nan,nan,nan,nan,nan,nan,nan,nan,nan,nan,nan,nan,nan,nan,0.01695775771809898
1791060733.9461079,-1.847376967276034,1.8879564733293897,-0.003631890203007853,-0.5984478942554944,2.620670586513209,0.010735663907398774,0.0,0.0,0.0,-1.25870740327365,-0.5269949685643592,0.17572655639016152,-0.00511138016518546,0.069119464124379,0.0,0.0,0.02005412909808216,1.8484723997618122,0.0017547337806043746,-0.14926558310380833,0.8053480581763035,0.0,0.0,-1.1304103308503035,1.828673792735215,0.011164292604138008,-0.2007752319792077,nan,nan,nan,nan,nan,nan,nan,0.00014855884161555052,0.0,0.0,1.2467658971822984,1.6496248508195777,0.004586726535538188,-0.22264857872592553,nan,nan,nan,nan,nan,nan,nan,nan,nan,nan,nan,nan,nan,nan,0.0,0.0,0.0,-1.136782395747059,0.6915708415754632,0.22404153251020942,0.01039281997428738,nan,nan,nan,nan,nan,nan,nan,nan,nan,nan,nan,nan,nan,nan,nan,nan,nan,nan,nan,nan,nan,nan,nan,nan,nan,nan,nan,nan,nan,nan,nan,nan,nan,nan,nan,nan,nan,nan,nan,nan,nan,nan,nan,nan,nan,nan,nan,nan,nan,0.020225542749595832
1791060734.043797,-1.8457576628169026,1.8880549416947217,-0.0035579667620379255,-0.6004665178130026,2.6299931392316416,0.01060984871404973,0.0,0.0,0.0,-1.240076811750687,-0.5273371033317725,0.2548277500798648,-0.015368467937510214,0.06864392270223646,0.0,0.0,0.02021410270789084,1.8345921209727944,0.002196697714421958,-0.1405411256097187,0.8068377104775276,0.0,0.0,-1.1290436648715012,1.8065235680176392,0.018201445438818516,-0.2179279893743007,nan,nan,nan,nan,nan,nan,nan,0.00014857848855874837,0.0,0.0,1.2468416876426303,1.6267841107986414,0.0014938951903871525,-0.24535731213162434,nan,nan,nan,nan,nan,nan,nan,nan,nan,nan,nan,nan,nan,nan,0.0,0.0,0.0,-1.1142478664216917,0.6916672286106033,0.21872366723786885,0.004028752434646045,nan,nan,nan,nan,nan,nan,nan,nan,nan,nan,nan,nan,nan,nan,nan,nan,nan,nan,nan,nan,nan,nan,nan,nan,nan,nan,nan,nan,nan,nan,nan,nan,nan,nan,nan,nan,nan,nan,nan,nan,nan,nan,nan,nan,nan,nan,nan,nan,nan,0.018324994479127884
1791060734.146166,-1.8440007748470921,1.8883432440848116,-0.00613943187115639,-0.6002580632302883,2.638637632651032,0.010622774413821801,0.0,0.0,0.0,-1.2217786418255459,-0.5274269240156515,0.1995057908756514,-0.01100743681548756,0.06742299998110898,0.0,0.0,0.020708931342312907,1.8213067129252383,0.013831123435644523,-0.1330180625995109,0.805892039146932,0.0,0.0,-1.1276068910537016,1.7844698191111723,0.010112865284094646,-0.24060073711471477,nan,nan,nan,nan,nan,nan,nan,0.00015020472495182128,0.0,0.0,1.2469204514631178,1.6040798931998823,0.001843339100904078,-0.24314293282900648,nan,nan,nan,nan,nan,nan,nan,nan,nan,nan,nan,nan,nan,nan,0.0,0.0,0.0,-1.0915356759896773,0.6918655799704184,0.2404068931029389,0.004999580888969988,nan,nan,nan,nan,nan,nan,nan,nan,nan,nan,nan,nan,nan,nan,nan,nan,nan,nan,nan,nan,nan,nan,nan,nan,nan,nan,nan,nan,nan,nan,nan,nan,nan,nan,nan,nan,nan,nan,nan,nan,nan,nan,nan,nan,nan,nan,nan,nan,nan,0.014385432080014443
1791060734.2474751,-1.8431963661706865,1.8878565747678102,-0.0029584375855220267,-0.599410455040746,2.6463367766101564,0.010675490227002538,0.0,0.0,0.0,-1.2003631374531074,-0.5272999244008975,0.20116089685108107,0.006738439404407062,0.06748599863362911,0.0,0.0,0.02082101998601269,1.8086762964382557,0.004642394524749011,-0.12011882177190858,0.8076161843839276,0.0,0.0,-1.126264074147116,1.7626388981741987,0.008029082881863402,-0.2274219603940277,nan,nan,nan,nan,nan,nan,nan,0.00014899294235282815,0.0,0.0,1.2469554073180917,1.5815283787105108,-0.006465179502516066,-0.2148971881082388,nan,nan,nan,nan,nan,nan,nan,nan,nan,nan,nan,nan,nan,nan,0.0,0.0,0.0,-1.069174121625824,0.6923632958034946,0.22931798785420116,-0.003839723469751231,nan,nan,nan,nan,nan,nan,nan,nan,nan,nan,nan,nan,nan,nan,nan,nan,nan,nan,nan,nan,nan,nan,nan,nan,nan,nan,nan,nan,nan,nan,nan,nan,nan,nan,nan,nan,nan,nan,nan,nan,nan,nan,nan,nan,nan,nan,nan,nan,nan,0.008061555172421948
1791060734.3479102,-1.8416235424470457,1.8879239619437396,-0.002800207190208927,-0.5981699602939367,2.653063922648242,0.010753099997801741,0.0,0.0,0.0,-1.183068493907284,-0.5272927437616345,0.16962063467477878,0.0018797603023879587,0.06838339947055702,0.0,0.0,0.021016876313542533,1.7971411904994108,0.0053812149696366345,-0.11419826983624723,0.8160390948727253,0.0,0.0,-1.124514710217027,1.7406243207658598,0.03480411806647606,-0.20700237528854343,nan,nan,nan,nan,nan,nan,nan,0.00014619734839184923,0.0,0.0,1.2470667823823722,1.558812362296936,-0.0012877232878124854,-0.21469512315830738,nan,nan,nan,nan,nan,nan,nan,nan,nan,nan,nan,nan,nan,nan,0.0,0.0,0.0,-1.0470176004464646,0.6928415675687369,0.22439533773186307,0.008321153413776289,nan,nan,nan,nan,nan,nan,nan,nan,nan,nan,nan,nan,nan,nan,nan,nan,nan,nan,nan,nan,nan,nan,nan,nan,nan,nan,nan,nan,nan,nan,nan,nan,nan,nan,nan,nan,nan,nan,nan,nan,nan,nan,nan,nan,nan,nan,nan,nan,nan,0.018438621983870165
1791060734.4484625,-1.8389385942368677,1.8880834422412753,-0.005092478798562475,-0.5953377646317779,2.6586781857167483,0.01093235387603726,0.0,0.0,0.0,-1.1645680194643602,-0.5270758900518604,0.15480522754367543,0.0025818072976857673,0.07096682145129954,0.0,0.0,0.02124584424327765,1.7855224558995864,0.0004401548988584199,-0.10423756473235436,0.8101830943500977,0.0,0.0,-1.1230043742336417,1.718423632136818,0.025049090811771344,-0.2095902415868396,nan,nan,nan,nan,nan,nan,nan,0.00014597669807273113,0.0,0.0,1.246986476298652,1.5358182753480691,-0.005591473184192414,-0.2106834931987305,nan,nan,nan,nan,nan,nan,nan,nan,nan,nan,nan,nan,nan,nan,0.0,0.0,0.0,-1.0248026432751096,0.6930561298436166,0.21257100195408402,0.010097506071897147,nan,nan,nan,nan,nan,nan,nan,nan,nan,nan,nan,nan,nan,nan,nan,nan,nan,nan,nan,nan,nan,nan,nan,nan,nan,nan,nan,nan,nan,nan,nan,nan,nan,nan,nan,nan,nan,nan,nan,nan,nan,nan,nan,nan,nan,nan,nan,nan,nan,0.020183219199908214
1791060734.5471125,-1.8373802314379815,1.8877228028783009,-0.0031036492825435497,-0.5912649946640363,2.6629759971924027,0.011195225411317566,0.0,0.0,0.0,-1.1498111216893747,-0.5269022338733629,0.14621844042643434,7.656807997815003e-05,0.07328225800130553,0.0,0.0,0.02158845401455531,1.776931346597341,0.0005573289218344147,-0.08940902877320046,0.806112848311748,0.0,0.0,-1.1217134503639292,1.6960764987798445,0.018212433067653078,-0.231428909487543,nan,nan,nan,nan,nan,nan,nan,0.00014597669807273113,0.0,0.0,1.2470774106661826,1.5128502586803758,0.0006005150714786232,-0.2315777650876732,nan,nan,nan,nan,nan,nan,nan,nan,nan,nan,nan,nan,nan,nan,0.0,0.0,0.0,-1.0027847814551787,0.6929904982174098,0.22089912375047982,-0.004502734206074648,nan,nan,nan,nan,nan,nan,nan,nan,nan,nan,nan,nan,nan,nan,nan,nan,nan,nan,nan,nan,nan,nan,nan,nan,nan,nan,nan,nan,nan,nan,nan,nan,nan,nan,nan,nan,nan,nan,nan,nan,nan,nan,nan,nan,nan,nan,nan,nan,nan,0.009667681143861344
1791060734.6457183,-1.8352963347043494,1.8880150131859608,-0.005252135638890112,-0.5856002357227116,2.6657646802400747,0.011571078841785943,0.0,0.0,0.0,-1.1375629365252153,-0.5267671174968912,0.13988601372197157,-0.0007544952474143574,0.06935395393985111,0.0,0.0,0.021801560304231856,1.7678400732455564,0.0013192799473097814,-0.07930818786464432,0.8094937684858755,0.0,0.0,-1.1203252969970747,1.674256183559255,0.015069271682077875,-0.2278852497003733,nan,nan,nan,nan,nan,nan,nan,0.00014597669807273113,0.0,0.0,1.2469561088145982,1.4903267072055997,-0.0075569663443193,-0.22422189164708284,nan,nan,nan,nan,nan,nan,nan,nan,nan,nan,nan,nan,nan,nan,0.0,0.0,0.0,-0.9806926375781275,0.6932317756376082,0.21616430754478522,-0.0056681520229897074,nan,nan,nan,nan,nan,nan,nan,nan,nan,nan,nan,nan,nan,nan,nan,nan,nan,nan,nan,nan,nan,nan,nan,nan,nan,nan,nan,nan,nan,nan,nan,nan,nan,nan,nan,nan,nan,nan,nan,nan,nan,nan,nan,nan,nan,nan,nan,nan,nan,0.012897071454822167
1791060734.7456157,-1.8340971213467698,1.8880807189566176,-0.0055522564861685735,-0.5801778758125352,2.6670525822121,0.011942300762370107,0.0,0.0,0.0,-1.124275287051375,-0.5266290460380261,0.13397711817074084,0.005200641384311094,0.0697077713099541,0.0,0.0,0.02188342538777573,1.7596078357220097,0.001868363550034645,-0.07430087789284925,0.8075473526376656,0.0,0.0,-1.1183234482409936,1.6529620608287756,0.01427160978375256,-0.19108780234095585,nan,nan,nan,nan,nan,nan,nan,0.00014597669807273113,0.0,0.0,1.2474352738835404,1.4672543449585345,0.025023183075836074,-0.23636044067172574,nan,nan,nan,nan,nan,nan,nan,nan,nan,nan,nan,nan,nan,nan,0.0,0.0,0.0,-0.9586026703124795,0.6933320399386227,0.223937906766683,0.00590123958237081,nan,nan,nan,nan,nan,nan,nan,nan,nan,nan,nan,nan,nan,nan,nan,nan,nan,nan,nan,nan,nan,nan,nan,nan,nan,nan,nan,nan,nan,nan,nan,nan,nan,nan,nan,nan,nan,nan,nan,nan,nan,nan,nan,nan,nan,nan,nan,nan,nan,0.01428501298335726
1791060734.8455682,-1.8333303950300073,1.8879017576369306,-0.003050350799183173,-0.5711782623284113,2.666617474279793,0.012584040359450377,0.0,0.0,0.0,-1.1117805169679669,-0.5264744648607814,0.1271160138006227,0.00299349573860086,0.06867284067434044,0.0,0.0,0.022051844732743933,1.7527227737273685,-0.0020945537097348606,-0.06491383034084477,0.8080519230215242,0.0,0.0,-1.1161382908016804,1.6307902712877456,0.0018219300108744483,-0.20118563679402246,nan,nan,nan,nan,nan,nan,nan,0.00014597669807273113,0.0,0.0,1.2471781142277478,1.4447309623877802,0.006859154844646277,-0.22663475046550963,nan,nan,nan,nan,nan,nan,nan,nan,nan,nan,nan,nan,nan,nan,0.0,0.0,0.0,-0.9361961574397163,0.6931727102362586,0.22454033432139933,0.006746748132330896,nan,nan,nan,nan,nan,nan,nan,nan,nan,nan,nan,nan,nan,nan,nan,nan,nan,nan,nan,nan,nan,nan,nan,nan,nan,nan,nan,nan,nan,nan,nan,nan,nan,nan,nan,nan,nan,nan,nan,nan,nan,nan,nan,nan,nan,nan,nan,nan,nan,0.004321249115763927
1791060734.9437754,-1.8321954352816006,1.887972425231879,-0.004180435639965212,-0.5579003772417105,2.6637965666166274,0.013592133379756089,0.0,0.0,0.0,-1.0997154658340171,-0.5263537681990919,0.12615844011621796,0.0038610391694758064,0.06878923144132197,0.0,0.0,0.022196139743353098,1.7458948309546432,0.003465749118938104,-0.06725129586526354,0.8114328097550166,0.0,0.0,-1.1154672271454982,1.6084406803549447,0.012385695846711307,-0.23734991393932311,nan,nan,nan,nan,nan,nan,nan,0.00014597669807273113,0.0,0.0,1.247137813869035,1.4219120146922666,-0.0018024375530602942,-0.23460175406210804,nan,nan,nan,nan,nan,nan,nan,nan,nan,nan,nan,nan,nan,nan,0.0,0.0,0.0,-0.9137699515386556,0.6928319324569597,0.23606717813259415,-0.004054018453683219,nan,nan,nan,nan,nan,nan,nan,nan,nan,nan,nan,nan,nan,nan,nan,nan,nan,nan,nan,nan,nan,nan,nan,nan,nan,nan,nan,nan,nan,nan,nan,nan,nan,nan,nan,nan,nan,nan,nan,nan,nan,nan,nan,nan,nan,nan,nan,nan,nan,0.008064103335630589
1791060735.0455425,-1.8310444961523529,1.8881024067843195,-0.005106905014209976,-0.542179827412041,2.6581601174752425,0.014886562627095357,0.0,0.0,0.0,-1.0875005296880969,-0.5260718420625594,0.12033395519980294,0.003865716742345632,0.09359726983331017,0.0,0.0,0.022228745457107183,1.7403109781817703,-0.0011944368801437872,-0.05745974492452402,0.8012937900664578,0.0,0.0,-1.1141996609435296,1.5862812172364216,0.028044755608254333,-0.2523466521965538,nan,nan,nan,nan,nan,nan,nan,0.00014597669807273113,0.0,0.0,1.2471393750303177,1.399166535336987,-0.0010251421707251787,-0.2322005068323566,nan,nan,nan,nan,nan,nan,nan,nan,nan,nan,nan,nan,nan,nan,0.0,0.0,0.0,-0.8914411159448267,0.6926520793952329,0.22401864989207754,-0.011087076190838126,nan,nan,nan,nan,nan,nan,nan,nan,nan,nan,nan,nan,nan,nan,nan,nan,nan,nan,nan,nan,nan,nan,nan,nan,nan,nan,nan,nan,nan,nan,nan,nan,nan,nan,nan,nan,nan,nan,nan,nan,nan,nan,nan,nan,nan,nan,nan,nan,nan,0.03988865091393831
1791060735.1460845,-1.8303424692259957,1.8879519355154173,-0.0037875983555233587,-0.5248858884408812,2.649653369220123,0.016447305823185054,0.0,0.0,0.0,-1.0757518558246741,-0.5260175664339524,0.12252093626292679,8.534469694389561e-05,0.06899817897608802,0.0,0.0,0.02226472446864701,1.7339430684083157,0.0015151040944414256,-0.057442882048713756,0.8009820419664181,0.0,0.0,-1.1128191421665266,1.564174783189442,0.0030500542815530707,-0.2176916129711155,nan,nan,nan,nan,nan,nan,nan,0.00014597669807273113,0.0,0.0,1.247087156036917,1.376588959485338,-0.006536887515695998,-0.23938124358343388,nan,nan,nan,nan,nan,nan,nan,nan,nan,nan,nan,nan,nan,nan,0.0,0.0,0.0,-0.8690526755893738,0.6926499560750499,0.2179547469646992,-0.00294678598031844,nan,nan,nan,nan,nan,nan,nan,nan,nan,nan,nan,nan,nan,nan,nan,nan,nan,nan,nan,nan,nan,nan,nan,nan,nan,nan,nan,nan,nan,nan,nan,nan,nan,nan,nan,nan,nan,nan,nan,nan,nan,nan,nan,nan,nan,nan,nan,nan,nan,0.008593462641110555
1791060735.2484496,-1.8279468904049299,1.8875838595224066,-0.0013283174701487774,-0.5051932131969369,2.6382613461965585,0.018415154619321705,0.0,0.0,0.0,-1.0627729232071883,-0.526044213550654,0.1326933884228821,-0.00888821903470278,0.07307236438409895,0.0,0.0,0.02238106587451727,1.7288623495192852,-5.25744048720744e-05,-0.05221787389975578,0.8140906620942414,0.0,0.0,-1.1118681054597406,1.5416489908607067,0.02282536252875994,-0.20212129055304487,nan,nan,nan,nan,nan,nan,nan,0.00014597669807273113,0.0,0.0,1.2471486398969531,1.351487118898753,-0.01179416395645822,-0.2193858162162169,nan,nan,nan,nan,nan,nan,nan,nan,nan,nan,nan,nan,nan,nan,0.0,0.0,0.0,-0.8469216420875899,0.6925609673881882,0.2231928693171078,0.005443157451288599,nan,nan,nan,nan,nan,nan,nan,nan,nan,nan,nan,nan,nan,nan,nan,nan,nan,nan,nan,nan,nan,nan,nan,nan,nan,nan,nan,nan,nan,nan,nan,nan,nan,nan,nan,nan,nan,nan,nan,nan,nan,nan,nan,nan,nan,nan,nan,nan,nan,0.014391058451736542
1791060735.3463387,-1.8268420393316063,1.8878167140597988,-0.003929202669790089,-0.4686691893148809,2.622560363721634,0.02267133737467164,0.0,0.0,0.0,-1.0525727262273883,-0.5258233516149816,0.1144652706547774,0.0083470984760479,0.07190575966469778,0.0,0.0,0.022353781038146676,1.7234732281849734,0.00039053102419442875,-0.052972492229436716,0.8140906620942414,0.0,0.0,-1.1103227007604548,1.519401017889364,0.0246740416424473,-0.20759121617828233,nan,nan,nan,nan,nan,nan,nan,0.00014597669807273113,0.0,0.0,1.2476082388835266,1.3310024464525572,0.0038098384849573393,-0.22177709115484956,nan,nan,nan,nan,nan,nan,nan,nan,nan,nan,nan,nan,nan,nan,0.0,0.0,0.0,-0.8249319769036522,0.6920809390079892,0.22185669112592082,-0.0020119253575339637,nan,nan,nan,nan,nan,nan,nan,nan,nan,nan,nan,nan,nan,nan,nan,nan,nan,nan,nan,nan,nan,nan,nan,nan,nan,nan,nan,nan,nan,nan,nan,nan,nan,nan,nan,nan,nan,nan,nan,nan,nan,nan,nan,nan,nan,nan,nan,nan,nan,0.01660696669125473
1791060735.444669,-1.825397801673877,1.8879478830904475,-0.005572628015056385,-0.43563564775704705,2.602150902686922,0.027301862482359576,0.0,0.0,0.0,-1.0414732267394988,-0.5257087185160725,0.10590444516848864,-0.002611877729481385,0.07239894870579631,0.0,0.0,0.022476521657973033,1.7186152107750592,0.0009580960742261899,-0.04374428356090089,0.8140906620942414,0.0,0.0,-1.1093936610195496,1.4973732952774137,0.031017356610006472,-0.22761173943007162,nan,nan,nan,nan,nan,nan,nan,0.00014597669807273113,0.0,0.0,1.2476042781158176,1.3084505087748683,-0.0018123398498872977,-0.2088616771698612,nan,nan,nan,nan,nan,nan,nan,nan,nan,nan,nan,nan,nan,nan,0.0,0.0,0.0,-0.8032274317392734,0.6916272878343551,0.21521803720012522,-0.011354707178928546,nan,nan,nan,nan,nan,nan,nan,nan,nan,nan,nan,nan,nan,nan,nan,nan,nan,nan,nan,nan,nan,nan,nan,nan,nan,nan,nan,nan,nan,nan,nan,nan,nan,nan,nan,nan,nan,nan,nan,nan,nan,nan,nan,nan,nan,nan,nan,nan,nan,0.016366000136219652
1791060735.5488148,-1.8234455798469122,1.8874776025957312,-0.0015917286697040964,-0.40566854606019637,2.578462406415378,0.03224626549935954,0.0,0.0,0.0,-1.0297184256398006,-0.525526857133188,0.10761003613111918,0.0016031003392300287,0.0721994986301945,0.0,0.0,0.022445100656431117,1.7143012577613497,-0.0011442316266595393,-0.04242615595145126,0.8140906620942414,0.0,0.0,-1.1070373892219187,1.4729160492804134,0.015064093703675258,-0.23844895418495554,nan,nan,nan,nan,nan,nan,nan,0.00014597669807273113,0.0,0.0,1.2477880342143173,1.2834911059774876,0.014803751303031718,-0.22696883704725562,nan,nan,nan,nan,nan,nan,nan,nan,nan,nan,nan,nan,nan,nan,0.0,0.0,0.0,-0.7813824406680749,0.6912206475607885,0.20691705471375255,-0.007972836519269616,nan,nan,nan,nan,nan,nan,nan,nan,nan,nan,nan,nan,nan,nan,nan,nan,nan,nan,nan,nan,nan,nan,nan,nan,nan,nan,nan,nan,nan,nan,nan,nan,nan,nan,nan,nan,nan,nan,nan,nan,nan,nan,nan,nan,nan,nan,nan,nan,nan,0.02687054526608635
1791060735.6444867,-1.8214320450204307,1.8878580218979137,-0.004081355367059763,-0.3775158045771061,2.552568663964017,0.03762213813337459,0.0,0.0,0.0,-1.0205785011662951,-0.5253294205391222,0.09361479688808688,-0.0010838386966434358,0.08082508522447579,0.0,0.0,0.02245782634757754,1.7099932261604487,0.00016461975664321007,-0.0434122955040544,0.8140906620942414,0.0,0.0,-1.106018481187843,1.4536792325178882,-0.009381540940350245,-0.21130053429737922,nan,nan,nan,nan,nan,nan,nan,0.00014597669807273113,0.0,0.0,1.247576187734832,1.2638848035038064,9.584354973205932e-05,-0.23243330086513506,nan,nan,nan,nan,nan,nan,nan,nan,nan,nan,nan,nan,nan,nan,0.0,0.0,0.0,-0.759319980839654,0.6906405955197379,0.22083367607157955,-0.002858232827677482,nan,nan,nan,nan,nan,nan,nan,nan,nan,nan,nan,nan,nan,nan,nan,nan,nan,nan,nan,nan,nan,nan,nan,nan,nan,nan,nan,nan,nan,nan,nan,nan,nan,nan,nan,nan,nan,nan,nan,nan,nan,nan,nan,nan,nan,nan,nan,nan,nan,0.02486728985527259
1791060735.7470496,-1.8189329185690315,1.8876935703831232,-0.0033300629253257426,-0.35268451432634984,2.525308528321053,0.043016450600891924,0.0,0.0,0.0,-1.0117835813519689,-0.5254197197961458,0.09060405781014713,-0.0030573548488355483,0.0802049153542584,0.0,0.0,0.022597076709833887,1.7060561902286318,0.00023280640842725985,-0.03556411101945404,0.8140906620942414,0.0,0.0,-1.104895947694822,1.4315564271740475,0.007241225563831485,-0.20520673316939197,nan,nan,nan,nan,nan,nan,nan,0.00014597669807273113,0.0,0.0,1.2475183058036143,1.241784780326627,-0.004083150610514133,-0.21852740812700533,nan,nan,nan,nan,nan,nan,nan,nan,nan,nan,nan,nan,nan,nan,0.0,0.0,0.0,-0.7371660106161886,0.689851179102743,0.23348353421677714,-0.007699230299232907,nan,nan,nan,nan,nan,nan,nan,nan,nan,nan,nan,nan,nan,nan,nan,nan,nan,nan,nan,nan,nan,nan,nan,nan,nan,nan,nan,nan,nan,nan,nan,nan,nan,nan,nan,nan,nan,nan,nan,nan,nan,nan,nan,nan,nan,nan,nan,nan,nan,0.01824566849000283
1791060735.845998,-1.8164930188573474,1.8879072661023149,-0.004262248377099734,-0.3302434077219374,2.497471070669207,0.048465295819896094,0.0,0.0,0.0,-1.0033856478234793,-0.5251955901739638,0.09213682518612969,0.00020876617369252302,0.07823378955489937,0.0,0.0,0.022575201995450482,1.7024606291574695,0.0013097822128958724,-0.03745951173397091,0.8140906620942414,0.0,0.0,-1.1037804710723278,1.4091731347820198,-0.018589584880768666,-0.21105905514309942,nan,nan,nan,nan,nan,nan,nan,0.00014597669807273113,0.0,0.0,1.2475433519499777,1.219451355982402,0.008464209456176798,-0.23108568692149511,nan,nan,nan,nan,nan,nan,nan,nan,nan,nan,nan,nan,nan,nan,0.0,0.0,0.0,-0.7150795719521748,0.6889504567143694,0.22378803506222478,-0.00926735094800905,nan,nan,nan,nan,nan,nan,nan,nan,nan,nan,nan,nan,nan,nan,nan,nan,nan,nan,nan,nan,nan,nan,nan,nan,nan,nan,nan,nan,nan,nan,nan,nan,nan,nan,nan,nan,nan,nan,nan,nan,nan,nan,nan,nan,nan,nan,nan,nan,nan,0.02161274577523167
1791060735.9480736,-1.8140109475642094,1.8875110371197537,-0.0018744675081928354,-0.3087219275894456,2.469521703143627,0.05423975074029117,0.0,0.0,0.0,-0.9939067338582189,-0.524867028658945,0.07967125208150788,0.0005314675488094446,0.08636851705966815,0.0,0.0,0.022538828145257424,1.6989432284965458,-0.00035906153790150197,-0.03570776395483928,0.8140906620942414,0.0,0.0,-1.1027439068544076,1.3871446295823222,0.011714932572441172,-0.2333086084487068,nan,nan,nan,nan,nan,nan,nan,0.00014597669807273113,0.0,0.0,1.2475751163451978,1.1970760367276172,0.003988152191486176,-0.22499789563756586,nan,nan,nan,nan,nan,nan,nan,nan,nan,nan,nan,nan,nan,nan,0.0,0.0,0.0,-0.6927470158951307,0.6881196493253074,0.2130461645822167,-0.008118483624826454,nan,nan,nan,nan,nan,nan,nan,nan,nan,nan,nan,nan,nan,nan,nan,nan,nan,nan,nan,nan,nan,nan,nan,nan,nan,nan,nan,nan,nan,nan,nan,nan,nan,nan,nan,nan,nan,nan,nan,nan,nan,nan,nan,nan,nan,nan,nan,nan,nan,0.025625924688769862
1791060736.0461097,-1.8113703000108612,1.8874015332618461,-0.0015447539977772123,-0.2836017619026249,2.4415205692559367,0.06170201289700708,0.0,0.0,0.0,-0.9862723539149489,-0.5249183888376909,0.08740783854288472,0.0029114707214388065,0.10677171504180115,0.0,0.0,0.022679418023886892,1.6953841326354364,0.0032534438410335743,-0.034048470189133116,0.8140906620942414,0.0,0.0,-1.1015623735953965,1.3649392213014584,0.008416814040739224,-0.2273136974890455,nan,nan,nan,nan,nan,nan,nan,0.00014597669807273113,0.0,0.0,1.2479182562513178,1.1744739537492939,0.0201281792977418,-0.2441300444023154,nan,nan,nan,nan,nan,nan,nan,nan,nan,nan,nan,nan,nan,nan,0.0,0.0,0.0,-0.6701485274023491,0.6869825962237049,0.21233482179380297,-0.008125113515523967,nan,nan,nan,nan,nan,nan,nan,nan,nan,nan,nan,nan,nan,nan,nan,nan,nan,nan,nan,nan,nan,nan,nan,nan,nan,nan,nan,nan,nan,nan,nan,nan,nan,nan,nan,nan,nan,nan,nan,nan,nan,nan,nan,nan,nan,nan,nan,nan,nan,0.04176960758968942
1791060736.1461873,-1.807889745646777,1.8877648632340513,-0.004106734546104133,-0.26553958883089507,2.4138400016614896,0.06757155446497874,0.0,0.0,0.0,-0.9786816691873861,-0.524769735159076,0.07711401773880172,-0.0018865246691346202,0.09888221808386344,0.0,0.0,0.022771601958532863,1.6922665131591677,0.001099682595140729,-0.03096789814017175,0.8140906620942414,0.0,0.0,-1.1000087214114211,1.3427002635134966,0.02118671550841171,-0.21029708373074593,nan,nan,nan,nan,nan,nan,nan,0.00014597669807273113,0.0,0.0,1.247840572949701,1.1525532309595814,-0.0035131591321109195,-0.22478659080160082,nan,nan,nan,nan,nan,nan,nan,nan,nan,nan,nan,nan,nan,nan,0.0,0.0,0.0,-0.6478706775876886,0.6859982285861469,0.2346306593386026,-0.012397460102254086,nan,nan,nan,nan,nan,nan,nan,nan,nan,nan,nan,nan,nan,nan,nan,nan,nan,nan,nan,nan,nan,nan,nan,nan,nan,nan,nan,nan,nan,nan,nan,nan,nan,nan,nan,nan,nan,nan,nan,nan,nan,nan,nan,nan,nan,nan,nan,nan,nan,0.03529052769775907
1791060736.2493575,-1.8041675564787878,1.8877349641370789,-0.003708002875668007,-0.24412610891550168,2.38679064046902,0.07509635412466778,0.0,0.0,0.0,-0.9701477195916058,-0.5244863345757556,0.05943168794357284,-0.002509740703469424,0.14062627287873447,0.0,0.0,0.022773925465000566,1.6888715501158105,0.0006331115679745689,-0.030481028370684903,0.8140906620942414,0.0,0.0,-1.0983209956570805,1.320381015560366,0.02124979253114486,-0.21706276528607704,nan,nan,nan,nan,nan,nan,nan,0.00014597669807273113,0.0,0.0,1.2483135168195083,1.129316823488644,0.00038840163932252637,-0.2094901769330654,nan,nan,nan,nan,nan,nan,nan,nan,nan,nan,nan,nan,nan,nan,0.0,0.0,0.0,-0.6238688329828895,0.6848995940345417,0.232299103074246,-0.011740240017723775,nan,nan,nan,nan,nan,nan,nan,nan,nan,nan,nan,nan,nan,nan,nan,nan,nan,nan,nan,nan,nan,nan,nan,nan,nan,nan,nan,nan,nan,nan,nan,nan,nan,nan,nan,nan,nan,nan,nan,nan,nan,nan,nan,nan,nan,nan,nan,nan,nan,0.037465264611089524
1791060736.347958,-1.8001334086285534,1.8874724405713297,-0.0016577374543317379,-0.22213037047192594,2.3603181133896194,0.08347981013047177,0.0,0.0,0.0,-0.9632772820916652,-0.5244287677408357,0.06842659037411965,0.000983454913264096,0.13296852844307633,0.0,0.0,0.022811437258837906,1.6859126135010585,-0.0006025942722212701,-0.031224007322694952,0.8140906620942414,0.0,0.0,-1.0966600390282952,1.2959270069793514,0.017198196725543735,-0.21425840536299823,nan,nan,nan,nan,nan,nan,nan,0.00014597669807273113,0.0,0.0,1.2483149383665109,1.1073892035019233,-0.016459732005288906,-0.17989108853235075,nan,nan,nan,nan,nan,nan,nan,nan,nan,nan,nan,nan,nan,nan,0.0,0.0,0.0,-0.6026189926029638,0.6838301054830564,0.21551231052513337,-0.008521378449938243,nan,nan,nan,nan,nan,nan,nan,nan,nan,nan,nan,nan,nan,nan,nan,nan,nan,nan,nan,nan,nan,nan,nan,nan,nan,nan,nan,nan,nan,nan,nan,nan,nan,nan,nan,nan,nan,nan,nan,nan,nan,nan,nan,nan,nan,nan,nan,nan,nan,0.06058968757830346
1791060736.4472005,-1.7959644692272896,1.8872288543081128,0.000563213879244206,-0.20172765401704087,2.3345568075909116,0.09185452452147219,0.0,0.0,0.0,-0.9576498412606227,-0.5241499400081675,0.05835426986383491,0.0032834231910898624,0.13020717596582668,0.0,0.0,0.02283670520448764,1.6830651895745918,0.001678386918498512,-0.03043040232148496,0.8140906620942414,0.0,0.0,-1.0954776663379497,1.2761367993707264,0.02487774353238607,-0.23589786189790676,nan,nan,nan,nan,nan,nan,nan,0.00014597669807273113,0.0,0.0,1.248951532223006,1.0880653159017863,0.028040322394533503,-0.22218205653629497,nan,nan,nan,nan,nan,nan,nan,nan,nan,nan,nan,nan,nan,nan,0.0,0.0,0.0,-0.582692893598683,0.682549746742497,0.20931829941350916,-0.013910949876673602,nan,nan,nan,nan,nan,nan,nan,nan,nan,nan,nan,nan,nan,nan,nan,nan,nan,nan,nan,nan,nan,nan,nan,nan,nan,nan,nan,nan,nan,nan,nan,nan,nan,nan,nan,nan,nan,nan,nan,nan,nan,nan,nan,nan,nan,nan,nan,nan,nan,0.04622473375635486
1791060736.5457706,-1.78990556367959,1.8873163189477837,-0.00045646004241477585,-0.18293902836899634,2.309757447351287,0.1000733768210155,0.0,0.0,0.0,-0.9515618069151472,-0.5241975109879442,0.06177575732879992,-0.00074256831335486,0.25127561806843635,0.0,0.0,0.022725050043606237,1.6805912147951965,-0.001616189650456712,-0.024177897652043343,0.8140906620942414,0.0,0.0,-1.0951462661898752,1.2545880639979692,-0.03137151581567835,-0.18311981048414955,nan,nan,nan,nan,nan,nan,nan,0.00014597669807273113,0.0,0.0,1.2493829947180362,1.0680274227464144,0.008377112327483829,-0.21876002291316451,nan,nan,nan,nan,nan,nan,nan,nan,nan,nan,nan,nan,nan,nan,0.0,0.0,0.0,-0.5608897607409313,0.6814249205184986,0.22017274192339698,-0.012121420234628396,nan,nan,nan,nan,nan,nan,nan,nan,nan,nan,nan,nan,nan,nan,nan,nan,nan,nan,nan,nan,nan,nan,nan,nan,nan,nan,nan,nan,nan,nan,nan,nan,nan,nan,nan,nan,nan,nan,nan,nan,nan,nan,nan,nan,nan,nan,nan,nan,nan,0.0632753592314939
1791060736.6458826,-1.7839069995756411,1.8869544416714221,0.001672076980449461,-0.16582420803148315,2.2860534616781645,0.10797456234521624,0.0,0.0,0.0,-0.9457714990919474,-0.5239381003450347,0.05119274977711527,0.0044907611278773634,0.2903912624529914,0.0,0.0,0.022704145217069305,1.6780586382590152,-0.0002883655687541043,-0.023167942432379157,0.8140906620942414,0.0,0.0,-1.0935840324486734,1.232502180325095,0.010983516545074179,-0.21418051711187486,nan,nan,nan,nan,nan,nan,nan,0.00014597669807273113,0.0,0.0,1.249808331683197,1.0455758776693647,0.0045965640884384484,-0.21121185032151663,nan,nan,nan,nan,nan,nan,nan,nan,nan,nan,nan,nan,nan,nan,0.0,0.0,0.0,-0.5390429401790033,0.680145242268844,0.22850587643212064,-0.012595115093081814,nan,nan,nan,nan,nan,nan,nan,nan,nan,nan,nan,nan,nan,nan,nan,nan,nan,nan,nan,nan,nan,nan,nan,nan,nan,nan,nan,nan,nan,nan,nan,nan,nan,nan,nan,nan,nan,nan,nan,nan,nan,nan,nan,nan,nan,nan,nan,nan,nan,0.0683561050829438
1791060736.7473323,-1.7772907309318515,1.887157891306291,0.0006737688372679942,-0.1501604422690733,2.2635709016184435,0.11554108477647358,0.0,0.0,0.0,-0.9404291753671832,-0.5239051943403081,0.054059270603354206,0.00041212457553540036,0.46374015233334587,0.0,0.0,0.022716632782981003,1.675616254952077,-0.0007133089448491795,-0.025388879688309367,0.8140906620942414,0.0,0.0,-1.0924659063775681,1.2103961224108792,0.025257507772022063,-0.22632423063601426,nan,nan,nan,nan,nan,nan,nan,0.00014597669807273113,0.0,0.0,1.2514009122374252,1.0209010064934414,0.08269942514406647,-0.22699415476390114,nan,nan,nan,nan,nan,nan,nan,nan,nan,nan,nan,nan,nan,nan,0.0,0.0,0.0,-0.5169245441396354,0.6788258534520503,0.22316688002815463,0.0027544393074732288,nan,nan,nan,nan,nan,nan,nan,nan,nan,nan,nan,nan,nan,nan,nan,nan,nan,nan,nan,nan,nan,nan,nan,nan,nan,nan,nan,nan,nan,nan,nan,nan,nan,nan,nan,nan,nan,nan,nan,nan,nan,nan,nan,nan,nan,nan,nan,nan,nan,0.08270340619091132
1791060736.8489866,-1.7690583509034836,1.8868954568214693,0.0029059167254610156,-0.13592296733192513,2.2423875863701936,0.12268467213940884,0.0,0.0,0.0,-0.9345336655428672,-0.5237939071602692,0.05145704758118496,0.0020198062029420367,0.2694272676421946,0.0,0.0,0.022940137897660494,1.6725743777731936,-0.00010963114486837,-0.025294263727961622,0.8140906620942414,0.0,0.0,-1.0915538291914118,1.1881820891413415,0.014993804822697044,-0.23255172356200082,nan,nan,nan,nan,nan,nan,nan,0.00014597669807273113,0.0,0.0,1.2506023300149323,0.9993708616958479,0.0006351656058843445,-0.2290197821981011,nan,nan,nan,nan,nan,nan,nan,nan,nan,nan,nan,nan,nan,nan,0.0,0.0,0.0,-0.49515247417119257,0.6775511018824271,0.20896359014261878,-0.010675678886561487,nan,nan,nan,nan,nan,nan,nan,nan,nan,nan,nan,nan,nan,nan,nan,nan,nan,nan,nan,nan,nan,nan,nan,nan,nan,nan,nan,nan,nan,nan,nan,nan,nan,nan,nan,nan,nan,nan,nan,nan,nan,nan,nan,nan,nan,nan,nan,nan,nan,0.08019160362397312
1791060736.9473543,-1.7614087541248193,1.8865321088816098,0.004145449299095114,-0.12299309219143831,2.222506231914764,0.12938028527329656,0.0,0.0,0.0,-0.9296066048579409,-0.5237092001583623,0.04912676398825112,0.0011893476359318299,0.5243486483581192,0.0,0.0,0.02305526795912642,1.6703350556732957,0.005738399235640988,-0.03190029892432877,0.8140906620942414,0.0,0.0,-1.0907305997890406,1.1662978923169953,-0.017052111035057,-0.2177205566870999,nan,nan,nan,nan,nan,nan,nan,0.00014597669807273113,0.0,0.0,1.2511264037428198,0.9791401775557151,-0.010807666864783686,-0.23554377042428312,nan,nan,nan,nan,nan,nan,nan,nan,nan,nan,nan,nan,nan,nan,0.0,0.0,0.0,-0.472611652792877,0.6761346235862316,0.23975372942874887,-0.019170653447189295,nan,nan,nan,nan,nan,nan,nan,nan,nan,nan,nan,nan,nan,nan,nan,nan,nan,nan,nan,nan,nan,nan,nan,nan,nan,nan,nan,nan,nan,nan,nan,nan,nan,nan,nan,nan,nan,nan,nan,nan,nan,nan,nan,nan,nan,nan,nan,nan,nan,0.08484986692070148
1791060737.043676,-1.7537046148412807,1.8867083889687233,0.004042684613588968,-0.11139541261595143,2.2039621701049663,0.13554454658071036,0.0,0.0,0.0,-0.9246982873343227,-0.5236680359233756,0.05604587297344566,0.00016478006806044623,0.4202929137526054,0.0,0.0,0.02290574210328244,1.6684143324291298,0.0015322912748834915,-0.02151270540286033,0.8140906620942414,0.0,0.0,-1.0893777442770896,1.1440096513336364,0.009752479980103108,-0.21641674637602365,nan,nan,nan,nan,nan,nan,nan,0.00014597669807273113,0.0,0.0,1.2530760909911298,0.9563987083735923,0.0053614239565731945,-0.21756777208831776,nan,nan,nan,nan,nan,nan,nan,nan,nan,nan,nan,nan,nan,nan,0.0,0.0,0.0,-0.4508656610751776,0.675198574742947,0.21804250942375378,-0.007467019644445468,nan,nan,nan,nan,nan,nan,nan,nan,nan,nan,nan,nan,nan,nan,nan,nan,nan,nan,nan,nan,nan,nan,nan,nan,nan,nan,nan,nan,nan,nan,nan,nan,nan,nan,nan,nan,nan,nan,nan,nan,nan,nan,nan,nan,nan,nan,nan,nan,nan,0.07844548968870674
1791060737.143994,-1.7446091957204461,1.886808344425489,0.003667511149949653,-0.10093394067670178,2.186692445986947,0.14122508688677954,0.0,0.0,0.0,-0.9189747756339959,-0.5234969612809813,0.044764577811424844,-0.007162008845971576,0.6653831102595761,0.0,0.0,0.02292426132282211,1.6659840454065356,0.00027598853968992384,-0.021098881757958855,0.8140906620942414,0.0,0.0,-1.08790496767136,1.1195692669584516,0.013268966987089221,-0.21057925537201128,nan,nan,nan,nan,nan,nan,nan,0.00014597669807273113,0.0,0.0,1.2524093373242793,0.932520517838967,0.006731032266218215,-0.20577791120844036,nan,nan,nan,nan,nan,nan,nan,nan,nan,nan,nan,nan,nan,nan,0.0,0.0,0.0,-0.4291099702189754,0.6740167235874236,0.2260254534347544,-0.011332472302409916,nan,nan,nan,nan,nan,nan,nan,nan,nan,nan,nan,nan,nan,nan,nan,nan,nan,nan,nan,nan,nan,nan,nan,nan,nan,nan,nan,nan,nan,nan,nan,nan,nan,nan,nan,nan,nan,nan,nan,nan,nan,nan,nan,nan,nan,nan,nan,nan,nan,0.09097044238916
1791060737.2475474,-1.7351694198080654,1.8865195077238885,0.0039876291904384015,-0.09139660479693648,2.1706820226262082,0.1464961716568899,0.0,0.0,0.0,-0.9141606942572027,-0.5234968217447498,0.05211932764140159,-0.0025617203557422572,0.6918115769071332,0.0,0.0,0.022910217021722433,1.6640433766177583,-0.0011565070792770927,-0.020572653974133256,0.8140906620942414,0.0,0.0,-1.086696752294269,1.0995383142068635,0.02095157449033356,-0.22267097276402362,nan,nan,nan,nan,nan,nan,nan,0.00014597669807273113,0.0,0.0,1.2544195506283191,0.9125989505661531,0.03272650903691496,-0.22874517323096324,nan,nan,nan,nan,nan,nan,nan,nan,nan,nan,nan,nan,nan,nan,0.0,0.0,0.0,-0.4073981184065437,0.6728094035936438,0.21553001981790157,-0.01590169522824254,nan,nan,nan,nan,nan,nan,nan,nan,nan,nan,nan,nan,nan,nan,nan,nan,nan,nan,nan,nan,nan,nan,nan,nan,nan,nan,nan,nan,nan,nan,nan,nan,nan,nan,nan,nan,nan,nan,nan,nan,nan,nan,nan,nan,nan,nan,nan,nan,nan,0.09268518843730475
1791060737.3469021,-1.7271671119143224,1.8865812652405531,0.0036522357409908067,-0.08272968567703297,2.1558785525607367,0.15135688087664392,0.0,0.0,0.0,-0.9090088968444066,-0.5232321398701635,0.04765980943136487,0.006813249207424628,0.5656041961883284,0.0,0.0,0.022932792674078172,1.661687255159764,0.0013010950277076612,-0.0228643320578245,0.8140906620942414,0.0,0.0,-1.0855808060268535,1.0775140205130178,0.004285555987839712,-0.22258959391887204,nan,nan,nan,nan,nan,nan,nan,0.00014597669807273113,0.0,0.0,1.2549544464139208,0.8921778771639479,0.00614320795632444,-0.20087807272171515,nan,nan,nan,nan,nan,nan,nan,nan,nan,nan,nan,nan,nan,nan,0.0,0.0,0.0,-0.38547407307931353,0.671542494403631,0.21674488576236228,-0.014929134640264694,nan,nan,nan,nan,nan,nan,nan,nan,nan,nan,nan,nan,nan,nan,nan,nan,nan,nan,nan,nan,nan,nan,nan,nan,nan,nan,nan,nan,nan,nan,nan,nan,nan,nan,nan,nan,nan,nan,nan,nan,nan,nan,nan,nan,nan,nan,nan,nan,nan,0.08603995337557611
1791060737.4452674,-1.7169872615324557,1.8866632305677753,0.003395166860385948,-0.07487901063041001,2.142241275371778,0.15581335109876004,0.0,0.0,0.0,-0.9043768423386012,-0.5231243343993411,0.04671871514117992,0.0013074711855820631,0.6681903252006104,0.0,0.0,0.02314788348892541,1.6590121503426,0.0017071977714202134,-0.025925128333571707,0.8140906620942414,0.0,0.0,-1.0843123667019776,1.0554871132042065,-0.0011074085608649281,-0.21510461916568685,nan,nan,nan,nan,nan,nan,nan,0.00014597669807273113,0.0,0.0,1.2555546295308977,0.871311713446949,0.013212772772191454,-0.20277802214387608,nan,nan,nan,nan,nan,nan,nan,nan,nan,nan,nan,nan,nan,nan,0.0,0.0,0.0,-0.36342265020715697,0.6703450027716467,0.23271274111638257,-0.016464598851697272,nan,nan,nan,nan,nan,nan,nan,nan,nan,nan,nan,nan,nan,nan,nan,nan,nan,nan,nan,nan,nan,nan,nan,nan,nan,nan,nan,nan,nan,nan,nan,nan,nan,nan,nan,nan,nan,nan,nan,nan,nan,nan,nan,nan,nan,nan,nan,nan,nan,0.09212075444937638
1791060737.546956,-1.7059685781486806,1.8865469640401824,0.0033657280488421874,-0.06787530011739158,2.129672488459207,0.15982850819670047,0.0,0.0,0.0,-0.8987580020813121,-0.5231242235374041,0.053945996104001886,0.006805631466694835,0.8226592674805309,0.0,0.0,0.023018381426393873,1.6569947172563793,0.000523744479955787,-0.02364293171225456,0.8140906620942414,0.0,0.0,-1.0830371726876264,1.0333537763709297,0.0016478439411880142,-0.21541229556249283,nan,nan,nan,nan,nan,nan,nan,0.00014597669807273113,0.0,0.0,1.256211288425364,0.8508015994574519,0.014335766496941366,-0.21404671461416397,nan,nan,nan,nan,nan,nan,nan,nan,nan,nan,nan,nan,nan,nan,0.0,0.0,0.0,-0.3414431682090706,0.6692084329505128,0.2245872032089006,-0.01010903928784226,nan,nan,nan,nan,nan,nan,nan,nan,nan,nan,nan,nan,nan,nan,nan,nan,nan,nan,nan,nan,nan,nan,nan,nan,nan,nan,nan,nan,nan,nan,nan,nan,nan,nan,nan,nan,nan,nan,nan,nan,nan,nan,nan,nan,nan,nan,nan,nan,nan,0.11197324038223523
1791060737.6436932,-1.696811929242752,1.8863407172624416,0.002374664616068933,-0.06169842998057795,2.1181491862231865,0.16339798862049293,0.0,0.0,0.0,-0.8945305951728875,-0.52293044138849,0.042281944106011396,0.000314874215508888,0.9086011612190018,0.0,0.0,0.023090495264859096,1.654729188936678,-0.000594524645397655,-0.021609393449572998,0.8140906620942414,0.0,0.0,-1.081697358037271,1.0111230256466055,0.02031521916093289,-0.22744834342027415,nan,nan,nan,nan,nan,nan,nan,0.00014597669807273113,0.0,0.0,1.2568761425798614,0.8301429724064435,0.008934788966939982,-0.20993358550291916,nan,nan,nan,nan,nan,nan,nan,nan,nan,nan,nan,nan,nan,nan,0.0,0.0,0.0,-0.31930449548769524,0.6679515228516043,0.21285975400903884,-0.005244668814412124,nan,nan,nan,nan,nan,nan,nan,nan,nan,nan,nan,nan,nan,nan,nan,nan,nan,nan,nan,nan,nan,nan,nan,nan,nan,nan,nan,nan,nan,nan,nan,nan,nan,nan,nan,nan,nan,nan,nan,nan,nan,nan,nan,nan,nan,nan,nan,nan,nan,0.11338717699966033
1791060737.745323,-1.6849807016206941,1.8863181423124282,0.0008439672419313475,-0.05605156584152234,2.107563922623403,0.16668249870098215,0.0,0.0,0.0,-0.8898215419605817,-0.5229555658937755,0.05067553986235249,0.0008028811534762226,0.9474537770957423,0.0,0.0,0.02307285198859308,1.6524706096758157,0.0009927594230209292,-0.02240787908071888,0.8140906620942414,0.0,0.0,-1.080734653012374,0.9888785600016738,0.007437803336145665,-0.23600975780068031,nan,nan,nan,nan,nan,nan,nan,0.00014597669807273113,0.0,0.0,1.2576709281447953,0.8091628525462786,0.010773125778280683,-0.20197273592428433,nan,nan,nan,nan,nan,nan,nan,nan,nan,nan,nan,nan,nan,nan,0.0,0.0,0.0,-0.29683035104602856,0.6663855757847036,0.21617318128905189,-0.0121413548294723,nan,nan,nan,nan,nan,nan,nan,nan,nan,nan,nan,nan,nan,nan,nan,nan,nan,nan,nan,nan,nan,nan,nan,nan,nan,nan,nan,nan,nan,nan,nan,nan,nan,nan,nan,nan,nan,nan,nan,nan,nan,nan,nan,nan,nan,nan,nan,nan,nan,0.1235591178147258
1791060737.848747,-1.671321698041572,1.8862535914903145,-0.000467468365992759,-0.05114452166795777,2.0978733368681026,0.16955184820333508,0.0,0.0,0.0,-0.8841093917841332,-0.5228662204691391,0.05174269195081696,0.002483345842012036,0.9997740862449765,0.0,0.0,0.023609770279498257,1.649404077733824,0.04043552935448044,-0.07365405807795744,0.8140906620942414,0.0,0.0,-1.0796164039626344,0.9645416311577996,0.008426157795768188,-0.22461990705965737,nan,nan,nan,nan,nan,nan,nan,0.00014597669807273113,0.0,0.0,1.2582916917038156,0.7882295843873054,0.0067497006330262555,-0.20510469977720114,nan,nan,nan,nan,nan,nan,nan,nan,nan,nan,nan,nan,nan,nan,0.0,0.0,0.0,-0.27204338898406566,0.664887947136326,0.2219062560983367,-0.01835347633601942,nan,nan,nan,nan,nan,nan,nan,nan,nan,nan,nan,nan,nan,nan,nan,nan,nan,nan,nan,nan,nan,nan,nan,nan,nan,nan,nan,nan,nan,nan,nan,nan,nan,nan,nan,nan,nan,nan,nan,nan,nan,nan,nan,nan,nan,nan,nan,nan,nan,0.12793248155521647
1791060737.9454927,-1.6597524311484797,1.8862367633992991,-0.0013206413939867766,-0.046642208893046745,2.0890155611632246,0.1721959013288652,0.0,0.0,0.0,-0.8793424652811523,-0.522822669262273,0.05559971083825446,-0.0028071400511378674,0.999855806364564,0.0,0.0,0.02305332278326243,1.6478601418410994,-0.0021171398604696956,-0.021986493462445814,0.8140906620942414,0.0,0.0,-1.0784172162821632,0.94427814725402,-0.002308591343884719,-0.21763371804846865,nan,nan,nan,nan,nan,nan,nan,0.00014597669807273113,0.0,0.0,1.2591132900133761,0.7685795801814781,0.01032057364831332,-0.19770948569862198,nan,nan,nan,nan,nan,nan,nan,nan,nan,nan,nan,nan,nan,nan,0.0,0.0,0.0,-0.2520017218693873,0.6638348745962652,0.23314905081255347,-0.01132547209558209,nan,nan,nan,nan,nan,nan,nan,nan,nan,nan,nan,nan,nan,nan,nan,nan,nan,nan,nan,nan,nan,nan,nan,nan,nan,nan,nan,nan,nan,nan,nan,nan,nan,nan,nan,nan,nan,nan,nan,nan,nan,nan,nan,nan,nan,nan,nan,nan,nan,0.1329150552058535
1791060738.0474288,-1.644794218777934,1.886116419669111,-0.0014184488091136297,-0.04318514336965734,2.080927752646641,0.17423291639894334,0.0,0.0,0.0,-0.8746055772768401,-0.5235106821410909,0.06435671338754646,0.0012059738897494932,0.9708851670732184,0.0,0.0,0.023110291098035852,1.6454783963350406,0.000992765867144683,-0.02270193349884827,0.8140906620942414,0.0,0.0,-1.0770118787502594,0.9215640628592696,0.018540257118407847,-0.21759308621730858,nan,nan,nan,nan,nan,nan,nan,0.00014597669807273113,0.0,0.0,1.2600534093121665,0.7468126225872892,0.009996481812687953,-0.20259985540557593,nan,nan,nan,nan,nan,nan,nan,nan,nan,nan,nan,nan,nan,nan,0.0,0.0,0.0,-0.23013817964706784,0.6624942718619693,0.20555437647983527,-0.006915718431147004,nan,nan,nan,nan,nan,nan,nan,nan,nan,nan,nan,nan,nan,nan,nan,nan,nan,nan,nan,nan,nan,nan,nan,nan,nan,nan,nan,nan,nan,nan,nan,nan,nan,nan,nan,nan,nan,nan,nan,nan,nan,nan,nan,nan,nan,nan,nan,nan,nan,0.14488585084540076
1791060738.1464126,-1.6320481287560635,1.8860498614356112,-0.0010644917281498337,-0.04081726639886941,2.0735647552747842,0.17563131685893874,0.0,0.0,0.0,-0.8687150066533074,-0.5229677954083097,0.053824745627297596,-0.0031745001546803595,0.9725836940070807,0.0,0.0,0.023173122009418456,1.6435873878235474,0.0010667620395829148,-0.019940534172322024,0.8140906620942414,0.0,0.0,-1.0757173560072844,0.8989829295661614,0.029405148737368218,-0.23947813601878012,nan,nan,nan,nan,nan,nan,nan,0.00014597669807273113,0.0,0.0,1.2611163212428516,0.7242817019300436,0.012910046661300129,-0.23027023492103613,nan,nan,nan,nan,nan,nan,nan,nan,nan,nan,nan,nan,nan,nan,0.0,0.0,0.0,-0.20795902587607004,0.6609322880541908,0.20753690865752364,-0.0006429116372635236,nan,nan,nan,nan,nan,nan,nan,nan,nan,nan,nan,nan,nan,nan,nan,nan,nan,nan,nan,nan,nan,nan,nan,nan,nan,nan,nan,nan,nan,nan,nan,nan,nan,nan,nan,nan,nan,nan,nan,nan,nan,nan,nan,nan,nan,nan,nan,nan,nan,0.1514850031925982
1791060738.2477217,-1.616034528066768,1.8859979841462056,-0.0010215856776174157,-0.038557001358255745,2.066863437652551,0.17696842681418634,0.0,0.0,0.0,-0.8618724213271022,-0.5228538149064534,0.060206212705789144,0.0025504050580719374,0.9602887282914773,0.0,0.0,0.02321454128566455,1.6413055095042657,-0.0007905566180928925,-0.020829136113651444,0.8140906620942414,0.0,0.0,-1.0745724133122982,0.8769991235560339,0.00837987301321888,-0.22177113272213314,nan,nan,nan,nan,nan,nan,nan,0.00014597669807273113,0.0,0.0,1.26218967733559,0.7033228490868833,0.004903913343352282,-0.21268694357365703,nan,nan,nan,nan,nan,nan,nan,nan,nan,nan,nan,nan,nan,nan,0.0,0.0,0.0,-0.18539271023331785,0.6594554313299427,0.2243997473845813,-0.006440197916821421,nan,nan,nan,nan,nan,nan,nan,nan,nan,nan,nan,nan,nan,nan,nan,nan,nan,nan,nan,nan,nan,nan,nan,nan,nan,nan,nan,nan,nan,nan,nan,nan,nan,nan,nan,nan,nan,nan,nan,nan,nan,nan,nan,nan,nan,nan,nan,nan,nan,0.14273826456197555
1791060738.3468041,-1.6027309794633597,1.885830852933213,-0.00046054420985945996,-0.03561100277745993,2.060761727579223,0.1787143166879466,0.0,0.0,0.0,-0.8568908993219057,-0.5226588108934289,0.04823690419649652,-0.0007578160659058068,0.9608387592084167,0.0,0.0,0.023172084458108064,1.6395193560546584,-0.00020096883196561737,-0.020435864070210207,0.8140906620942414,0.0,0.0,-1.0731131952968949,0.8546832456971006,0.005881771929032446,-0.20927271200840417,nan,nan,nan,nan,nan,nan,nan,0.00014597669807273113,0.0,0.0,1.2629457807487692,0.68263415849492,0.011396473701612187,-0.1930208625259302,nan,nan,nan,nan,nan,nan,nan,nan,nan,nan,nan,nan,nan,nan,0.0,0.0,0.0,-0.16299731213949845,0.6579230762968757,0.21161059862622472,-0.010037899879344728,nan,nan,nan,nan,nan,nan,nan,nan,nan,nan,nan,nan,nan,nan,nan,nan,nan,nan,nan,nan,nan,nan,nan,nan,nan,nan,nan,nan,nan,nan,nan,nan,nan,nan,nan,nan,nan,nan,nan,nan,nan,nan,nan,nan,nan,nan,nan,nan,nan,0.1371151489551825
1791060738.4478087,-1.5869573682666982,1.8857340821961055,0.000587292015636115,-0.032623733283222836,2.0552032987669473,0.1804880205482414,0.0,0.0,0.0,-0.8507604874961141,-0.5224776951590171,0.06069567842754447,-0.0012920341293404314,0.9373260677486205,0.0,0.0,0.023168947554320356,1.637064759503835,0.0003516403146751047,-0.02769309459839557,0.8140906620942414,0.0,0.0,-1.0718174201648198,0.8325155057025595,0.012036178413209718,-0.22036202931732216,nan,nan,nan,nan,nan,nan,nan,0.00014597669807273113,0.0,0.0,1.2638182687504222,0.6592259281956793,0.018601059839861267,-0.21335334032731657,nan,nan,nan,nan,nan,nan,nan,nan,nan,nan,nan,nan,nan,nan,0.0,0.0,0.0,-0.14092902952616113,0.6566387461673621,0.21814417339209213,-0.007286492724191705,nan,nan,nan,nan,nan,nan,nan,nan,nan,nan,nan,nan,nan,nan,nan,nan,nan,nan,nan,nan,nan,nan,nan,nan,nan,nan,nan,nan,nan,nan,nan,nan,nan,nan,nan,nan,nan,nan,nan,nan,nan,nan,nan,nan,nan,nan,nan,nan,nan,0.13825586044345017
1791060738.54644,-1.5743758604389055,1.8855652663913025,0.001728489190037407,-0.029564112598315075,2.050133568329694,0.18230789877112208,0.0,0.0,0.0,-0.8458908428398295,-0.522219225066531,0.05080664639903179,0.003923433722859537,0.9381051613901366,0.0,0.0,0.023163264615855807,1.634904331127455,-0.00018759088626915297,-0.027697018070959166,0.8140906620942414,0.0,0.0,-1.0707063165002004,0.8101521516359695,0.019721188145461865,-0.221541465308811,nan,nan,nan,nan,nan,nan,nan,0.00014597669807273113,0.0,0.0,1.2646089324743297,0.6404339149858176,0.0055820513148586,-0.21485083995150278,nan,nan,nan,nan,nan,nan,nan,nan,nan,nan,nan,nan,nan,nan,0.0,0.0,0.0,-0.11834748371565097,0.6550087093869226,0.21757506308610397,-0.014423565184064069,nan,nan,nan,nan,nan,nan,nan,nan,nan,nan,nan,nan,nan,nan,nan,nan,nan,nan,nan,nan,nan,nan,nan,nan,nan,nan,nan,nan,nan,nan,nan,nan,nan,nan,nan,nan,nan,nan,nan,nan,nan,nan,nan,nan,nan,nan,nan,nan,nan,0.13986366617253676
1791060738.647292,-1.5588477876351607,1.8853134096520598,0.0039885674125245945,-0.026807149911921093,2.045517656275673,0.183950296215587,0.0,0.0,0.0,-0.8398340115728591,-0.5223466394095578,0.05830032848939856,-0.0008959466546704274,0.9411867923432247,0.0,0.0,0.023219766235188406,1.631974108069479,0.0003347844652365793,-0.02758400897967103,0.8140906620942414,0.0,0.0,-1.0696685516678102,0.7878257136468716,0.011459395188952294,-0.2250123791832681,nan,nan,nan,nan,nan,nan,nan,0.00014597669807273113,0.0,0.0,1.264171016479856,0.6202289946199041,-0.07939114300973764,-0.14728657508170545,nan,nan,nan,nan,nan,nan,nan,nan,nan,nan,nan,nan,nan,nan,0.0,0.0,0.0,-0.09575336091766923,0.6535024583599615,0.24165506527778322,-0.032723171116970005,nan,nan,nan,nan,nan,nan,nan,nan,nan,nan,nan,nan,nan,nan,nan,nan,nan,nan,nan,nan,nan,nan,nan,nan,nan,nan,nan,nan,nan,nan,nan,nan,nan,nan,nan,nan,nan,nan,nan,nan,nan,nan,nan,nan,nan,nan,nan,nan,nan,0.14264712271123975
1791060738.7481823,-1.5446797222107145,1.8850652787464603,0.005983329925504045,-0.024384595469035042,2.0413104701098628,0.18539528569041452,0.0,0.0,0.0,-0.8345952586527038,-0.5221883298821808,0.05693525439143253,0.0041245632832529085,0.9605050851799481,0.0,0.0,0.023320444574269676,1.6296108881760658,0.0014643434907888175,-0.02277645189957421,0.8140906620942414,0.0,0.0,-1.0685085111587795,0.7651770357844815,-0.00618843586494355,-0.22582093304450032,nan,nan,nan,nan,nan,nan,nan,0.00014597669807273113,0.0,0.0,1.2648489467456987,0.5970559316401496,-0.005532161478969698,-0.18725971960188095,nan,nan,nan,nan,nan,nan,nan,nan,nan,nan,nan,nan,nan,nan,0.0,0.0,0.0,-0.07159167432001,0.6525076682935335,0.21712526880872932,-0.004053830346500022,nan,nan,nan,nan,nan,nan,nan,nan,nan,nan,nan,nan,nan,nan,nan,nan,nan,nan,nan,nan,nan,nan,nan,nan,nan,nan,nan,nan,nan,nan,nan,nan,nan,nan,nan,nan,nan,nan,nan,nan,nan,nan,nan,nan,nan,nan,nan,nan,nan,0.14698413670956167
1791060738.8454545,-1.5315673917582822,1.8850184788800302,0.006459319942063838,-0.022195897523187125,2.0374849679093145,0.18670210960988168,0.0,0.0,0.0,-0.8290345013845727,-0.5220949789279483,0.05477552152646615,0.0022260925332575465,0.9500474247414336,0.0,0.0,0.02334608741126961,1.627126826395712,-0.0004481730372220885,-0.02264220211487674,0.8140906620942414,0.0,0.0,-1.0668951839107328,0.7427878468122058,0.017348856628083588,-0.22041054714763114,nan,nan,nan,nan,nan,nan,nan,0.00014597669807273113,0.0,0.0,1.2655874139852257,0.5776120555673908,0.01362878478698171,-0.204110331540805,nan,nan,nan,nan,nan,nan,nan,nan,nan,nan,nan,nan,nan,nan,0.0,0.0,0.0,-0.05143741641544142,0.6512949882549167,0.22990231299739555,-0.01656417483432403,nan,nan,nan,nan,nan,nan,nan,nan,nan,nan,nan,nan,nan,nan,nan,nan,nan,nan,nan,nan,nan,nan,nan,nan,nan,nan,nan,nan,nan,nan,nan,nan,nan,nan,nan,nan,nan,nan,nan,nan,nan,nan,nan,nan,nan,nan,nan,nan,nan,0.15225178138017859
1791060738.9458494,-1.5166128936419445,1.8849526915428445,0.007435718917312397,-0.020148641460881918,2.0340029094842262,0.18792551709479968,0.0,0.0,0.0,-0.8227539790337068,-0.5219599989917739,0.06158144755402489,0.0016416799972878951,0.9282419383937208,0.0,0.0,0.023302798266418626,1.6247251181498945,-0.00026684986848102076,-0.023768932219427545,0.8140906620942414,0.0,0.0,-1.0658969822459345,0.7205558022031001,0.01889544091943743,-0.21416872407954152,nan,nan,nan,nan,nan,nan,nan,0.00014597669807273113,0.0,0.0,1.2660022614791802,0.5585306429295247,0.0056647358256748,-0.1880571219765316,nan,nan,nan,nan,nan,nan,nan,nan,nan,nan,nan,nan,nan,nan,0.0,0.0,0.0,-0.029512640148288964,0.6501355914263471,0.18836294430973138,-0.006935120414003163,nan,nan,nan,nan,nan,nan,nan,nan,nan,nan,nan,nan,nan,nan,nan,nan,nan,nan,nan,nan,nan,nan,nan,nan,nan,nan,nan,nan,nan,nan,nan,nan,nan,nan,nan,nan,nan,nan,nan,nan,nan,nan,nan,nan,nan,nan,nan,nan,nan,0.14441658477124675
1791060739.047391,-1.500210988031372,1.8845923364400674,0.00811874481168236,-0.018269751637392,2.0308393688061943,0.18904911250942918,0.0,0.0,0.0,-0.8170966705980086,-0.5217114316744503,0.05536170697387256,0.0026133270218928906,0.927716987612396,0.0,0.0,0.023328948237515128,1.6220452768931617,-0.0008974507861219528,-0.026388401170056527,0.8140906620942414,0.0,0.0,-1.06462289042749,0.6983806993837514,0.01836535233340852,-0.21772416095106395,nan,nan,nan,nan,nan,nan,nan,0.00014597669807273113,0.0,0.0,1.2669421158607044,0.5356046944489172,-0.0025264265847942786,-0.17121426639751164,nan,nan,nan,nan,nan,nan,nan,nan,nan,nan,nan,nan,nan,nan,0.0,0.0,0.0,-0.0075068149827943,0.6490265989394479,0.2130527177596263,-0.01729072602210676,nan,nan,nan,nan,nan,nan,nan,nan,nan,nan,nan,nan,nan,nan,nan,nan,nan,nan,nan,nan,nan,nan,nan,nan,nan,nan,nan,nan,nan,nan,nan,nan,nan,nan,nan,nan,nan,nan,nan,nan,nan,nan,nan,nan,nan,nan,nan,nan,nan,0.13513350682277675
1791060739.1470244,-1.4853034006172963,1.8845075184716544,0.008978866813263129,-0.016551690633022708,2.0279633187003028,0.19007713963468115,0.0,0.0,0.0,-0.8107145465333443,-0.5215741761973429,0.06319211285600879,0.004580361187421052,1.0297285743176159,0.0,0.0,0.023403389570611197,1.6196650908867893,0.0005020434374609903,-0.0243992804032013,0.8140906620942414,0.0,0.0,-1.063189860444808,0.676136816379679,0.008658970611739265,-0.22005910707009058,nan,nan,nan,nan,nan,nan,nan,0.00014597669807273113,0.0,0.0,1.268047605101508,0.5182616526942181,0.01824675759801587,-0.20540588117024752,nan,nan,nan,nan,nan,nan,nan,nan,nan,nan,nan,nan,nan,nan,0.0,0.0,0.0,0.014615718378517283,0.6479506834968266,0.2233995895165919,-0.01405435394475797,nan,nan,nan,nan,nan,nan,nan,nan,nan,nan,nan,nan,nan,nan,nan,nan,nan,nan,nan,nan,nan,nan,nan,nan,nan,nan,nan,nan,nan,nan,nan,nan,nan,nan,nan,nan,nan,nan,nan,nan,nan,nan,nan,nan,nan,nan,nan,nan,nan,0.1470575413263078
1791060739.2454574,-1.4724048276516755,1.8850083163853442,0.005240070785290009,-0.01507168611881988,2.0253497266580665,0.19096314580896068,0.0,0.0,0.0,-0.805092731348241,-0.5213632935811789,0.05754374993104045,0.0006011481948142215,0.9892996534272377,0.0,0.0,0.023555057984435385,1.6172836297530964,0.0006724352638307918,-0.022420241366256588,0.8140906620942414,0.0,0.0,-1.0616565391546264,0.6538921506650449,0.009821315368779324,-0.2275435082377593,nan,nan,nan,nan,nan,nan,nan,0.00014597669807273113,0.0,0.0,1.268517707980878,0.4999166919496096,0.00394278211765073,-0.18934898581566173,nan,nan,nan,nan,nan,nan,nan,nan,nan,nan,nan,nan,nan,nan,0.0,0.0,0.0,0.036063410469882796,0.6473268727335147,0.22359437955471115,-0.004023253969710121,nan,nan,nan,nan,nan,nan,nan,nan,nan,nan,nan,nan,nan,nan,nan,nan,nan,nan,nan,nan,nan,nan,nan,nan,nan,nan,nan,nan,nan,nan,nan,nan,nan,nan,nan,nan,nan,nan,nan,nan,nan,nan,nan,nan,nan,nan,nan,nan,nan,0.15221911867337243
1791060739.3455322,-1.4572100605097182,1.8846906912441181,0.0051886574368972226,-0.013721025896434511,2.022976785530933,0.1917720310912824,0.0,0.0,0.0,-0.7985344083315076,-0.5213331064053568,0.06627765843258453,0.00320278196548581,0.9775560929576441,0.0,0.0,0.023568817771448102,1.6149801554353371,0.0003186731896019726,-0.024353352423651296,0.8140906620942414,0.0,0.0,-1.0601281576050174,0.6317180076937335,0.0187415024667825,-0.22488422811498238,nan,nan,nan,nan,nan,nan,nan,0.00014597669807273113,0.0,0.0,1.268739245275916,0.48171911921096067,-0.002493261725258043,-0.1668897372237737,nan,nan,nan,nan,nan,nan,nan,nan,nan,nan,nan,nan,nan,nan,0.0,0.0,0.0,0.057993416026913214,0.6461669684927263,0.24670553388062522,-0.0016807361064577735,nan,nan,nan,nan,nan,nan,nan,nan,nan,nan,nan,nan,nan,nan,nan,nan,nan,nan,nan,nan,nan,nan,nan,nan,nan,nan,nan,nan,nan,nan,nan,nan,nan,nan,nan,nan,nan,nan,nan,nan,nan,nan,nan,nan,nan,nan,nan,nan,nan,0.16176236469834882
1791060739.4455655,-1.4415918551723945,1.8849938712001515,0.0035479783240610924,-0.012568047652896238,2.020823064543931,0.19246274273080766,0.0,0.0,0.0,-0.7926711545574582,-0.5211739218770106,0.060050103195982356,-0.0026388660823566754,0.8925968050089914,0.0,0.0,0.023561795092232562,1.6126088367812175,-0.00011801787877914202,-0.02339751155153537,0.8140906620942414,0.0,0.0,-1.0588756182331898,0.6094302473286333,0.020012243437813958,-0.2144208328935524,nan,nan,nan,nan,nan,nan,nan,0.00014597669807273113,0.0,0.0,1.2694321059802747,0.46166575089385326,0.007729568517775014,-0.20474026118724648,nan,nan,nan,nan,nan,nan,nan,nan,nan,nan,nan,nan,nan,nan,0.0,0.0,0.0,0.08008893615880176,0.6453945041455031,0.21537872969818067,-0.0038283314631822893,nan,nan,nan,nan,nan,nan,nan,nan,nan,nan,nan,nan,nan,nan,nan,nan,nan,nan,nan,nan,nan,nan,nan,nan,nan,nan,nan,nan,nan,nan,nan,nan,nan,nan,nan,nan,nan,nan,nan,nan,nan,nan,nan,nan,nan,nan,nan,nan,nan,0.15526590849981378
1791060739.5457797,-1.4245120225710144,1.8845767792808341,0.005409001402819236,-0.011424312292480171,2.0188702323628105,0.1931480952416725,0.0,0.0,0.0,-0.7855152800614088,-0.5210542608782501,0.06060277664758582,0.0041135336669193305,0.882604364149522,0.0,0.0,0.023581105020174162,1.6100394894087053,0.00042843224286118447,-0.025151030583281827,0.8140906620942414,0.0,0.0,-1.057978898477016,0.5871930551013721,0.004724699788214319,-0.2201719228295254,nan,nan,nan,nan,nan,nan,nan,0.00014597669807273113,0.0,0.0,1.2698475208357387,0.4419169501170282,0.0042921413077597285,-0.17836320815593557,nan,nan,nan,nan,nan,nan,nan,nan,nan,nan,nan,nan,nan,nan,0.0,0.0,0.0,0.1038135570392087,0.6445335567760808,0.19765772180978025,-0.006710354186182871,nan,nan,nan,nan,nan,nan,nan,nan,nan,nan,nan,nan,nan,nan,nan,nan,nan,nan,nan,nan,nan,nan,nan,nan,nan,nan,nan,nan,nan,nan,nan,nan,nan,nan,nan,nan,nan,nan,nan,nan,nan,nan,nan,nan,nan,nan,nan,nan,nan,0.14047250438357392
1791060739.6483862,-1.408934872151867,1.884463378051376,0.008269471424852242,-0.01038060742426323,2.0170970602331995,0.19377364821448229,0.0,0.0,0.0,-0.7797395384131507,-0.5207975847002568,0.05902570017686481,-0.0002124641900157851,0.8767433907514136,0.0,0.0,0.0236756190696874,1.6072321412071895,0.0017461887092392434,-0.02470954325727223,0.8140906620942414,0.0,0.0,-1.0564554099838805,0.5625389936449207,0.006859372331454453,-0.2299871957146107,nan,nan,nan,nan,nan,nan,nan,0.00014597669807273113,0.0,0.0,1.2701141649272507,0.42247037771664153,0.003638256005884674,-0.18740808148307547,nan,nan,nan,nan,nan,nan,nan,nan,nan,nan,nan,nan,nan,nan,0.0,0.0,0.0,0.12525730392339218,0.6441613833307074,0.23753943051800533,-0.009341594484165956,nan,nan,nan,nan,nan,nan,nan,nan,nan,nan,nan,nan,nan,nan,nan,nan,nan,nan,nan,nan,nan,nan,nan,nan,nan,nan,nan,nan,nan,nan,nan,nan,nan,nan,nan,nan,nan,nan,nan,nan,nan,nan,nan,nan,nan,nan,nan,nan,nan,0.15275944277203365
1791060739.7453716,-1.395695117696447,1.884117020394093,0.009138902907378416,-0.009448894689498588,2.0154899981340137,0.19433218120096146,0.0,0.0,0.0,-0.7740402620413129,-0.5209266736377389,0.06790808910784915,-0.006507919110990237,0.9393853537715766,0.0,0.0,0.023800297877868783,1.6051254261063947,0.001855166110949905,-0.024135115812686472,0.8140906620942414,0.0,0.0,-1.0548442995046046,0.5427096878384529,0.013879345484733465,-0.22705266231987223,nan,nan,nan,nan,nan,nan,nan,0.00014597669807273113,0.0,0.0,1.2705474876193925,0.4046059393835504,-0.004959079030528102,-0.17271618518295945,nan,nan,nan,nan,nan,nan,nan,nan,nan,nan,nan,nan,nan,nan,0.0,0.0,0.0,0.14513129655772938,0.6435947592181548,0.21430446116625615,-0.0011411665355673434,nan,nan,nan,nan,nan,nan,nan,nan,nan,nan,nan,nan,nan,nan,nan,nan,nan,nan,nan,nan,nan,nan,nan,nan,nan,nan,nan,nan,nan,nan,nan,nan,nan,nan,nan,nan,nan,nan,nan,nan,nan,nan,nan,nan,nan,nan,nan,nan,nan,0.16360524814591323
1791060739.8473058,-1.3782479696413672,1.8844620589866945,0.007234213807510088,-0.008595977511499653,2.0140313859842998,0.19484355648409135,0.0,0.0,0.0,-0.7677486386405048,-0.5205257305869552,0.058945263316644625,-0.0031268718671278875,1.0027330603832232,0.0,0.0,0.02389898180776812,1.6027009877830976,-0.00016008535377456956,-0.02361797204447463,0.8140906620942414,0.0,0.0,-1.0534791350607529,0.5201019049745647,0.025074407221875424,-0.22680447483378935,nan,nan,nan,nan,nan,nan,nan,0.00014597669807273113,0.0,0.0,1.2727451213882686,0.38478645066236394,0.007065528835537816,-0.21223741809230023,nan,nan,nan,nan,nan,nan,nan,nan,nan,nan,nan,nan,nan,nan,0.0,0.0,0.0,0.16694591637540152,0.6432063818959445,0.18627250736558296,0.006975099271917026,nan,nan,nan,nan,nan,nan,nan,nan,nan,nan,nan,nan,nan,nan,nan,nan,nan,nan,nan,nan,nan,nan,nan,nan,nan,nan,nan,nan,nan,nan,nan,nan,nan,nan,nan,nan,nan,nan,nan,nan,nan,nan,nan,nan,nan,nan,nan,nan,nan,0.16472410230441734
1791060739.9477391,-1.361837364050689,1.8839333022003069,0.01122033586390064,-0.007810896510489352,2.0127089002194087,0.19531431968384827,0.0,0.0,0.0,-0.7616647628150953,-0.5205044595959755,0.06498562769191557,0.0010913833452658144,0.9530830038593638,0.0,0.0,0.023897148516704964,1.600255030685029,0.00048077731327944985,-0.024477164149620534,0.8140906620942414,0.0,0.0,-1.0523062925522944,0.4973650600867302,0.015516164914293138,-0.21836853771993234,nan,nan,nan,nan,nan,nan,nan,0.00014597669807273113,0.0,0.0,1.273292624469374,0.36750060433471005,0.0038494279204496678,-0.1677671145221232,nan,nan,nan,nan,nan,nan,nan,nan,nan,nan,nan,nan,nan,nan,0.0,0.0,0.0,0.1914607097765704,0.642568529487177,0.21261054262329623,-0.00510371536877011,nan,nan,nan,nan,nan,nan,nan,nan,nan,nan,nan,nan,nan,nan,nan,nan,nan,nan,nan,nan,nan,nan,nan,nan,nan,nan,nan,nan,nan,nan,nan,nan,nan,nan,nan,nan,nan,nan,nan,nan,nan,nan,nan,nan,nan,nan,nan,nan,nan,0.1719828737487856
1791060740.0484006,-1.345465778839043,1.8837089415894481,0.014146889957803182,-0.007097899666031096,2.0115106303054575,0.19574190375189035,0.0,0.0,0.0,-0.7550164547593569,-0.5201988882645054,0.058827615653433474,0.00031491043046895806,0.9289355764542007,0.0,0.0,0.023922674683102052,1.5977404416116052,0.0006080401620644759,-0.02569221268358109,0.8140906620942414,0.0,0.0,-1.0510715774040773,0.4747891459092603,0.006083577682343332,-0.21180312995805406,nan,nan,nan,nan,nan,nan,nan,0.00014597669807273113,0.0,0.0,1.2744317168164454,0.3479703284905336,0.017223012170352325,-0.1786919632089572,nan,nan,nan,nan,nan,nan,nan,nan,nan,nan,nan,nan,nan,nan,0.0,0.0,0.0,0.21319030055275104,0.6423176482457259,0.21384525725774992,0.003714342762559922,nan,nan,nan,nan,nan,nan,nan,nan,nan,nan,nan,nan,nan,nan,nan,nan,nan,nan,nan,nan,nan,nan,nan,nan,nan,nan,nan,nan,nan,nan,nan,nan,nan,nan,nan,nan,nan,nan,nan,nan,nan,nan,nan,nan,nan,nan,nan,nan,nan,0.16898476769588364
1791060740.1460407,-1.3299599379189182,1.8837787374979205,0.014291204112460933,-0.006456117820612608,2.0104240580501282,0.1961268136156794,0.0,0.0,0.0,-0.7490888508704866,-0.5201099232677924,0.06531539943375667,3.3612498850223095e-05,0.9256797125943635,0.0,0.0,0.023988512460553574,1.5950279531534708,0.001188715128997823,-0.02747357031613594,0.8140906620942414,0.0,0.0,-1.0495010632148567,0.4524770755144533,0.008479514393539217,-0.22956112431414627,nan,nan,nan,nan,nan,nan,nan,0.00014597669807273113,0.0,0.0,1.2747859346615398,0.3308942475251455,0.00810225302791872,-0.17313262291063877,nan,nan,nan,nan,nan,nan,nan,nan,nan,nan,nan,nan,nan,nan,0.0,0.0,0.0,0.23272859929367626,0.6418272655397906,0.21064458905850014,0.003469380897256319,nan,nan,nan,nan,nan,nan,nan,nan,nan,nan,nan,nan,nan,nan,nan,nan,nan,nan,nan,nan,nan,nan,nan,nan,nan,nan,nan,nan,nan,nan,nan,nan,nan,nan,nan,nan,nan,nan,nan,nan,nan,nan,nan,nan,nan,nan,nan,nan,nan,0.18073195487624785
1791060740.2470033,-1.3117033062063763,1.883771728057673,0.014614708510417053,-0.005861106749051142,2.0094392789115987,0.19648369832512308,0.0,0.0,0.0,-0.7430113973674416,-0.519831128470657,0.06119150346764778,-0.001189637395362023,0.9433116663759529,0.0,0.0,0.02417368804998909,1.5923312555614717,0.001423195852768725,-0.025899715865165533,0.8140906620942414,0.0,0.0,-1.0480768580844646,0.43045950122959453,0.01615479853336948,-0.22314575808850745,nan,nan,nan,nan,nan,nan,nan,0.00014597669807273113,0.0,0.0,1.2756601727577213,0.31253518175428896,0.008404051665218959,-0.18353343309437486,nan,nan,nan,nan,nan,nan,nan,nan,nan,nan,nan,nan,nan,nan,0.0,0.0,0.0,0.2552517885863171,0.6412530106166356,0.21133946187863184,-0.005909502049735523,nan,nan,nan,nan,nan,nan,nan,nan,nan,nan,nan,nan,nan,nan,nan,nan,nan,nan,nan,nan,nan,nan,nan,nan,nan,nan,nan,nan,nan,nan,nan,nan,nan,nan,nan,nan,nan,nan,nan,nan,nan,nan,nan,nan,nan,nan,nan,nan,nan,0.15279881822414226
1791060740.3469372,-1.2966984708515825,1.8840947123215694,0.011219483215506297,-0.005341727267706953,2.0085469702186116,0.19679523796920126,0.0,0.0,0.0,-0.7365902103054986,-0.5196677152337106,0.0562400946673341,0.0036329423394314774,0.8651309919287806,0.0,0.0,0.02419955447589886,1.5896289138604827,0.00039242617959783365,-0.026002704090589607,0.8140906620942414,0.0,0.0,-1.0468136323828081,0.40832774473436956,0.018297956801293126,-0.21345256765247664,nan,nan,nan,nan,nan,nan,nan,0.00014597669807273113,0.0,0.0,1.2764605360492074,0.2939064288113621,0.006486723795006219,-0.18684149253053603,nan,nan,nan,nan,nan,nan,nan,nan,nan,nan,nan,nan,nan,nan,0.0,0.0,0.0,0.2779216620203468,0.6406860040471072,0.23234018158150627,-0.0069339701849867805,nan,nan,nan,nan,nan,nan,nan,nan,nan,nan,nan,nan,nan,nan,nan,nan,nan,nan,nan,nan,nan,nan,nan,nan,nan,nan,nan,nan,nan,nan,nan,nan,nan,nan,nan,nan,nan,nan,nan,nan,nan,nan,nan,nan,nan,nan,nan,nan,nan,0.16035853402923972
1791060740.4473107,-1.2787944826769988,1.883979822084478,0.012129180158065404,-0.004864088342138489,2.0077394434943727,0.19708175412322565,0.0,0.0,0.0,-0.7299529691273218,-0.519265494460367,0.049398645380810895,0.0005331391999746321,0.9211111135633644,0.0,0.0,0.02421568747053643,1.5868455364797298,0.0007219044787934452,-0.029367740422482976,0.8140906620942414,0.0,0.0,-1.0456844011564506,0.3859043884197454,0.010212936538664655,-0.2176455022211731,nan,nan,nan,nan,nan,nan,nan,0.00014597669807273113,0.0,0.0,1.2772924749443146,0.27399859230522483,0.00958316872853733,-0.17410751030412958,nan,nan,nan,nan,nan,nan,nan,nan,nan,nan,nan,nan,nan,nan,0.0,0.0,0.0,0.2999067502500851,0.6405078700645284,0.21558570564479468,0.010501474267913164,nan,nan,nan,nan,nan,nan,nan,nan,nan,nan,nan,nan,nan,nan,nan,nan,nan,nan,nan,nan,nan,nan,nan,nan,nan,nan,nan,nan,nan,nan,nan,nan,nan,nan,nan,nan,nan,nan,nan,nan,nan,nan,nan,nan,nan,nan,nan,nan,nan,0.16702979328729944
1791060740.545633,-1.2638927144169316,1.8840328283405832,0.011934942986143128,-0.004412026125918999,2.0070070222156424,0.19735293890551475,0.0,0.0,0.0,-0.7244696771942972,-0.5193331665255896,0.06497378820544764,-0.006919285684746053,0.9474978127620612,0.0,0.0,0.024296396517694836,1.5838341541229448,0.001762637843435099,-0.03190526021791276,0.8140906620942414,0.0,0.0,-1.0442677531566236,0.36352029359544624,0.006983979689166443,-0.22990158419507203,nan,nan,nan,nan,nan,nan,nan,0.00014597669807273113,0.0,0.0,1.278082887935972,0.2575771731435115,0.009304219876760058,-0.18361122850145667,nan,nan,nan,nan,nan,nan,nan,nan,nan,nan,nan,nan,nan,nan,0.0,0.0,0.0,0.32230807636105263,0.6402027051317399,0.22224121822264153,0.004180480438964432,nan,nan,nan,nan,nan,nan,nan,nan,nan,nan,nan,nan,nan,nan,nan,nan,nan,nan,nan,nan,nan,nan,nan,nan,nan,nan,nan,nan,nan,nan,nan,nan,nan,nan,nan,nan,nan,nan,nan,nan,nan,nan,nan,nan,nan,nan,nan,nan,nan,0.15991618839154725
1791060740.6454515,-1.2473775673629763,1.8845737616797857,0.004519118038853395,-0.004023519595448799,2.0063435937095915,0.1975860054799632,0.0,0.0,0.0,-0.7185244085759677,-0.5188611726455704,0.06041703914983993,0.0042567709924006825,0.8879395773754433,0.0,0.0,0.024495193738201276,1.5805907911694763,0.0029266285663115195,-0.03052229635591555,0.8140906620942414,0.0,0.0,-1.0429086728336792,0.34127281274925847,0.011883596657023664,-0.23169620101624683,nan,nan,nan,nan,nan,nan,nan,0.00014597669807273113,0.0,0.0,1.2790670581622492,0.23925484490596316,0.012565752447877653,-0.18915578045634202,nan,nan,nan,nan,nan,nan,nan,nan,nan,nan,nan,nan,nan,nan,0.0,0.0,0.0,0.344387090218721,0.6396725787830629,0.2148894242191827,0.0018250525873035415,nan,nan,nan,nan,nan,nan,nan,nan,nan,nan,nan,nan,nan,nan,nan,nan,nan,nan,nan,nan,nan,nan,nan,nan,nan,nan,nan,nan,nan,nan,nan,nan,nan,nan,nan,nan,nan,nan,nan,nan,nan,nan,nan,nan,nan,nan,nan,nan,nan,0.16255324208821356
1791060740.7466333,-1.229341807431595,1.8840918911162314,0.01486017930880418,-0.0036898046691915855,2.0057427454309495,0.19778620761782825,0.0,0.0,0.0,-0.7119957681364231,-0.5187862050949388,0.06455822674799061,0.0008125759248741223,0.9483269428324146,0.0,0.0,0.024651323950353753,1.5775557343885789,0.0009883140386874232,-0.029673344421945257,0.8140906620942414,0.0,0.0,-1.0415100400669173,0.3191561976681131,0.021788440937299897,-0.21948053003549103,nan,nan,nan,nan,nan,nan,nan,0.00014597669807273113,0.0,0.0,1.2800431332832407,0.22062336341033031,0.011230395799514296,-0.18800208182356135,nan,nan,nan,nan,nan,nan,nan,nan,nan,nan,nan,nan,nan,nan,0.0,0.0,0.0,0.3665383178375003,0.6391009141406541,0.219685051323635,-0.012499227899633097,nan,nan,nan,nan,nan,nan,nan,nan,nan,nan,nan,nan,nan,nan,nan,nan,nan,nan,nan,nan,nan,nan,nan,nan,nan,nan,nan,nan,nan,nan,nan,nan,nan,nan,nan,nan,nan,nan,nan,nan,nan,nan,nan,nan,nan,nan,nan,nan,nan,0.21651000307617727
1791060740.846856,-1.2123415446112626,1.8846947427099716,0.0031212028983897116,-0.0033490171182817595,2.005198822632517,0.19799065733842944,0.0,0.0,0.0,-0.7055782620748673,-0.5184760212380414,0.05803672346564833,0.0007765205472163481,0.9790991816002321,0.0,0.0,0.024725550732959012,1.574332502068959,0.00044168751110291825,-0.033033734898662584,0.8140906620942414,0.0,0.0,-1.0401799880909044,0.29696049990095097,0.018314131757154573,-0.21074770632488538,nan,nan,nan,nan,nan,nan,nan,0.00014597669807273113,0.0,0.0,1.2808911293726846,0.20177532282225166,0.010956748165167583,-0.19049392125744036,nan,nan,nan,nan,nan,nan,nan,nan,nan,nan,nan,nan,nan,nan,0.0,0.0,0.0,0.38853456207836823,0.6386063070245507,0.23282402920939738,-0.012536563941414941,nan,nan,nan,nan,nan,nan,nan,nan,nan,nan,nan,nan,nan,nan,nan,nan,nan,nan,nan,nan,nan,nan,nan,nan,nan,nan,nan,nan,nan,nan,nan,nan,nan,nan,nan,nan,nan,nan,nan,nan,nan,nan,nan,nan,nan,nan,nan,nan,nan,0.11137667330352763
1791060740.9438746,-1.1984436870803765,1.8857023365224115,-0.006907821793082173,-0.0030449101669027473,2.0047068450095162,0.19817310471363364,0.0,0.0,0.0,-0.698895597313762,-0.5184200295242513,0.07219078315050165,0.002442740206077764,0.8719480609745809,0.0,0.0,0.02474830542955649,1.5707501176304373,0.0013105672330452943,-0.03669415943141145,0.8140906620942414,0.0,0.0,-1.0388023864368798,0.2746719816196059,0.0005178719026918445,-0.21713915682382473,nan,nan,nan,nan,nan,nan,nan,0.00014597669807273113,0.0,0.0,1.2817845720061256,0.18263038427789857,0.008763486196422882,-0.19540477170036383,nan,nan,nan,nan,nan,nan,nan,nan,nan,nan,nan,nan,nan,nan,0.0,0.0,0.0,0.41004743990599224,0.638491493446025,0.22018646272231499,0.002704337975588708,nan,nan,nan,nan,nan,nan,nan,nan,nan,nan,nan,nan,nan,nan,nan,nan,nan,nan,nan,nan,nan,nan,nan,nan,nan,nan,nan,nan,nan,nan,nan,nan,nan,nan,nan,nan,nan,nan,nan,nan,nan,nan,nan,nan,nan,nan,nan,nan,nan,0.1147180592660822
1791060741.044436,-1.1857342697685944,1.8856838174132615,-0.006642236199703836,-0.002770218945607788,2.004260534616951,0.19833790689773,0.0,0.0,0.0,-0.6927330479800947,-0.5181012066877712,0.05589228854415771,0.0011484599842709563,0.861017260942947,0.0,0.0,0.02493604749019313,1.5668971453666798,0.002235531035801767,-0.03548784897099694,0.8140906620942414,0.0,0.0,-1.0373601246785316,0.25260881106028815,0.006840423332712381,-0.22930608706081487,nan,nan,nan,nan,nan,nan,nan,0.00014597669807273113,0.0,0.0,1.282844441261928,0.16283333436541023,0.009945239014935528,-0.1993409675622232,nan,nan,nan,nan,nan,nan,nan,nan,nan,nan,nan,nan,nan,nan,0.0,0.0,0.0,0.432482210625138,0.6376122305566697,0.2367891756265016,-0.01576863029642649,nan,nan,nan,nan,nan,nan,nan,nan,nan,nan,nan,nan,nan,nan,nan,nan,nan,nan,nan,nan,nan,nan,nan,nan,nan,nan,nan,nan,nan,nan,nan,nan,nan,nan,nan,nan,nan,nan,nan,nan,nan,nan,nan,nan,nan,nan,nan,nan,nan,0.11655515204625154
1791060741.1471283,-1.171937636197438,1.884907879974217,0.011098169814562906,-0.0025131492283598815,2.0038564160701124,0.1984921390334592,0.0,0.0,0.0,-0.6860677401701318,-0.5180350678244895,0.06606357771070184,0.0008378565124441512,0.8065395851902835,0.0,0.0,0.024996277296583973,1.563307646950274,-0.00019319075783293674,-0.036826441718277515,0.8140906620942414,0.0,0.0,-1.036043639307805,0.230664619824856,0.008259907757522916,-0.21726217930514258,nan,nan,nan,nan,nan,nan,nan,0.00014597669807273113,0.0,0.0,1.2842178107514437,0.1432480486284344,0.013860076228502593,-0.17216602344943763,nan,nan,nan,nan,nan,nan,nan,nan,nan,nan,nan,nan,nan,nan,0.0,0.0,0.0,0.45483265106102727,0.6368357398890455,0.21881231054077352,-0.00877291850713621,nan,nan,nan,nan,nan,nan,nan,nan,nan,nan,nan,nan,nan,nan,nan,nan,nan,nan,nan,nan,nan,nan,nan,nan,nan,nan,nan,nan,nan,nan,nan,nan,nan,nan,nan,nan,nan,nan,nan,nan,nan,nan,nan,nan,nan,nan,nan,nan,nan,0.11535758673062707
1791060741.2453842,-1.160854499604021,1.88486466746553,0.0120997703000436,-0.0022797633730425666,2.003490632154868,0.19863216330336728,0.0,0.0,0.0,-0.6797783816906229,-0.5177635024957058,0.06186338166386593,0.00019084752678705163,0.8116161523662337,0.0,0.0,0.025029339467204124,1.5593107428658046,-0.00017314526942320183,-0.04442948450120515,0.8140906620942414,0.0,0.0,-1.0348871243136366,0.2086430754928728,0.012156156376340323,-0.20778678740289258,nan,nan,nan,nan,nan,nan,nan,0.00014597669807273113,0.0,0.0,1.2854602954646612,0.12238422539008045,0.01097334244912994,-0.20191690533097,nan,nan,nan,nan,nan,nan,nan,nan,nan,nan,nan,nan,nan,nan,0.0,0.0,0.0,0.47741633906179726,0.6360483247583387,0.23627474215816072,-0.021728351440296265,nan,nan,nan,nan,nan,nan,nan,nan,nan,nan,nan,nan,nan,nan,nan,nan,nan,nan,nan,nan,nan,nan,nan,nan,nan,nan,nan,nan,nan,nan,nan,nan,nan,nan,nan,nan,nan,nan,nan,nan,nan,nan,nan,nan,nan,nan,nan,nan,nan,0.11951495808638254
1791060741.345173,-1.1472338946990643,1.8838649202113014,0.02149735783018115,-0.0020628226778889305,1.8128398586522618,0.198762322193065,0.0,0.0,0.0,-0.6727044063387118,-0.5177646587555758,0.06965941589218455,-0.0008250248405089038,0.8116161523662337,0.0,0.0,0.025189781946535705,1.5543439862552348,0.0028544102483528838,-0.04647300080938933,0.8140906620942414,0.0,0.0,-1.0336330398860758,0.18621492634341583,0.010416765747223986,-0.21862472319269513,nan,nan,nan,nan,nan,nan,nan,0.00014597669807273113,0.0,0.0,1.2854268776633746,0.10253171799993939,0.008836303413215382,-0.21340631754960848,nan,nan,nan,nan,nan,nan,nan,nan,nan,nan,nan,nan,nan,nan,0.0,0.0,0.0,0.49964057083274,0.6356092986888546,0.2385038192792877,-0.013212121073798603,nan,nan,nan,nan,nan,nan,nan,nan,nan,nan,nan,nan,nan,nan,nan,nan,nan,nan,nan,nan,nan,nan,nan,nan,nan,nan,nan,nan,nan,nan,nan,nan,nan,nan,nan,nan,nan,nan,nan,nan,nan,nan,nan,nan,nan,nan,nan,nan,nan,0.19869736254145756
1791060741.4484434,-1.132465992779277,1.8833351078711178,0.01867965001262655,-0.0018665191458223822,1.6403253370993713,0.19888010021731758,0.0,0.0,0.0,-0.6652722969364918,-0.517530933434136,0.07331028916158253,-0.0011764273402871818,0.8116161523662337,0.0,0.0,0.025271358001061936,1.5492147842389647,0.00014943773612485322,-0.05086091472065055,0.8140906620942414,0.0,0.0,-1.0324090989008226,0.16169427898350103,0.016731047118134643,-0.22432989919766083,nan,nan,nan,nan,nan,nan,nan,0.00014597669807273113,0.0,0.0,1.2864477778467716,0.0803138963332635,0.011866501918113514,-0.1796419701061802,nan,nan,nan,nan,nan,nan,nan,nan,nan,nan,nan,nan,nan,nan,0.0,0.0,0.0,0.5218549441073229,0.6353606444025498,0.22629765443113736,0.0026192352650008014,nan,nan,nan,nan,nan,nan,nan,nan,nan,nan,nan,nan,nan,nan,nan,nan,nan,nan,nan,nan,nan,nan,nan,nan,nan,nan,nan,nan,nan,nan,nan,nan,nan,nan,nan,nan,nan,nan,nan,nan,nan,nan,nan,nan,nan,nan,nan,nan,nan,0.1839066763742246
1791060741.5452418,-1.1189255918103174,1.8838102773226264,0.024958190313670203,-0.001689041837316946,1.4843555863720614,0.19898658357100765,0.0,0.0,0.0,-0.6584173834924489,-0.5173731953515878,0.07506230207078476,0.0032198059823771775,0.8116161523662337,0.0,0.0,0.025264725184495095,1.5445209168707177,0.0006439613966366929,-0.059653443128892814,0.8140906620942414,0.0,0.0,-1.0312173195459742,0.14168367628884476,0.004291241670355849,-0.22704950261928974,nan,nan,nan,nan,nan,nan,nan,0.00014597669807273113,0.0,0.0,1.287321459446417,0.06136361382191424,0.009038429765372457,-0.20616445241271175,nan,nan,nan,nan,nan,nan,nan,nan,nan,nan,nan,nan,nan,nan,0.0,0.0,0.0,0.54413558393558,0.6348680585817882,0.20393297042896052,0.00464305684127033,nan,nan,nan,nan,nan,nan,nan,nan,nan,nan,nan,nan,nan,nan,nan,nan,nan,nan,nan,nan,nan,nan,nan,nan,nan,nan,nan,nan,nan,nan,nan,nan,nan,nan,nan,nan,nan,nan,nan,nan,nan,nan,nan,nan,nan,nan,nan,nan,nan,0.1595809429219705
1791060741.6459446,-1.1023627546387582,1.8848735676707113,0.0018873567230302249,-0.0015546307659197488,1.533426139533429,0.19906722830362122,0.0,0.0,0.0,-0.6512212434520608,-0.5171461782662781,0.07586961599548916,0.009584904391854394,0.7477519858561392,0.0,0.0,0.025415846070605156,1.5389342936508827,0.0028658947272738365,-0.0641416832175498,0.8140906620942414,0.0,0.0,-1.029787340230854,0.1192378635505561,0.02991930978757021,-0.21958106434303248,nan,nan,nan,nan,nan,nan,nan,0.00014597669807273113,0.0,0.0,1.288425807975827,0.04042133468616737,0.010604069171168299,-0.21242949971996308,nan,nan,nan,nan,nan,nan,nan,nan,nan,nan,nan,nan,nan,nan,0.0,0.0,0.0,0.5666568809840223,0.6343500891649305,0.2278942718558265,-0.011049270895980776,nan,nan,nan,nan,nan,nan,nan,nan,nan,nan,nan,nan,nan,nan,nan,nan,nan,nan,nan,nan,nan,nan,nan,nan,nan,nan,nan,nan,nan,nan,nan,nan,nan,nan,nan,nan,nan,nan,nan,nan,nan,nan,nan,nan,nan,nan,nan,nan,nan,0.16341771086621487
1791060741.745219,-1.086437835644224,1.8850867515136498,0.0012386502195030947,-0.0014067061953273992,1.3875192089630894,0.1991559812932868,0.0,0.0,0.0,-0.6430286837461131,-0.5169205759169528,0.07851187420622313,-0.005990443610636872,0.7477519858561392,0.0,0.0,0.02538618387352943,1.532920778018665,0.0003354344182913342,-0.06675251416040873,0.8140906620942414,0.0,0.0,-1.028693182955907,0.09687596217930756,0.00929757881338739,-0.21495292876203353,nan,nan,nan,nan,nan,nan,nan,0.00014597669807273113,0.0,0.0,1.2895909982864464,0.019621004005707605,0.010673337397094765,-0.20456317224544984,nan,nan,nan,nan,nan,nan,nan,nan,nan,nan,nan,nan,nan,nan,0.0,0.0,0.0,0.5886515009418443,0.6340115317612317,0.22699550429104062,-0.00958515528909618,nan,nan,nan,nan,nan,nan,nan,nan,nan,nan,nan,nan,nan,nan,nan,nan,nan,nan,nan,nan,nan,nan,nan,nan,nan,nan,nan,nan,nan,nan,nan,nan,nan,nan,nan,nan,nan,nan,nan,nan,nan,nan,nan,nan,nan,nan,nan,nan,nan,0.13919346581213288
1791060741.8455517,-1.0696895947456444,1.8848608555396675,-0.0002807174181389229,-0.001272840401788976,1.255479298586197,0.1992362994707887,0.0,0.0,0.0,-0.6347880868537426,-0.5167454760953848,0.08992803768624215,0.0015943563827997584,0.7477519858561392,0.0,0.0,0.025542984189048674,1.5266944509062448,5.618814800145716e-05,-0.05971571908591157,0.8140906620942414,0.0,0.0,-1.0274784958086267,0.07455711155811254,0.006709407822907369,-0.22416062660182023,nan,nan,nan,nan,nan,nan,nan,0.00014597669807273113,0.0,0.0,1.2906401065737838,-0.001388886016939757,0.01245387983297437,-0.20528426180891424,nan,nan,nan,nan,nan,nan,nan,nan,nan,nan,nan,nan,nan,nan,0.0,0.0,0.0,0.6105575963514409,0.6336749553342077,0.23439118938087528,-0.0024272548440378763,nan,nan,nan,nan,nan,nan,nan,nan,nan,nan,nan,nan,nan,nan,nan,nan,nan,nan,nan,nan,nan,nan,nan,nan,nan,nan,nan,nan,nan,nan,nan,nan,nan,nan,nan,nan,nan,nan,nan,nan,nan,nan,nan,nan,nan,nan,nan,nan,nan,0.1910808065297685
1791060741.9458716,-1.0525055991481334,1.8851301501973108,0.0002923587016894959,-0.0011518248226646652,1.1361143301396806,0.19930890785701572,0.0,0.0,0.0,-0.6262963703404151,-0.5162953901420793,0.09726665297607383,-0.0014058388073468961,0.7477519858561392,0.0,0.0,0.025457947066460197,1.5200565050114063,-0.00017285033196917735,-0.06994323560412649,0.8140906620942414,0.0,0.0,-1.0262950558787867,0.05262043761709355,0.0060979757677195375,-0.23208846043115086,nan,nan,nan,nan,nan,nan,nan,0.00014597669807273113,0.0,0.0,1.291486719324213,-0.02179180887095866,0.009336446769230448,-0.2049479711450237,nan,nan,nan,nan,nan,nan,nan,nan,nan,nan,nan,nan,nan,nan,0.0,0.0,0.0,0.6326018464225038,0.6331040404994269,0.20331794702128975,0.0021417532237784634,nan,nan,nan,nan,nan,nan,nan,nan,nan,nan,nan,nan,nan,nan,nan,nan,nan,nan,nan,nan,nan,nan,nan,nan,nan,nan,nan,nan,nan,nan,nan,nan,nan,nan,nan,nan,nan,nan,nan,nan,nan,nan,nan,nan,nan,nan,nan,nan,nan,0.18051258013093788
1791060742.0485249,-1.0331291375828193,1.8850193345391602,0.00036571765500838146,-0.0010422141986369054,1.0279987571436071,0.199374673518525,0.0,0.0,0.0,-0.6154834230258682,-0.5158740106436279,0.09527268484520081,0.0014910559309926287,0.7477519858561392,0.0,0.0,0.025679812295352232,1.5139305710796023,0.00028975706505713315,-0.06075020326491372,0.8140906620942414,0.0,0.0,-1.0249180976408288,0.028518993242955613,0.01114599759899131,-0.2300542043263324,nan,nan,nan,nan,nan,nan,nan,0.00014597669807273113,0.0,0.0,1.2927538352854202,-0.042134586004679564,0.017654881992505256,-0.20044569921063074,nan,nan,nan,nan,nan,nan,nan,nan,nan,nan,nan,nan,nan,nan,0.0,0.0,0.0,0.6548370648255478,0.6327589479413361,0.21971435122832614,-0.006857282385965025,nan,nan,nan,nan,nan,nan,nan,nan,nan,nan,nan,nan,nan,nan,nan,nan,nan,nan,nan,nan,nan,nan,nan,nan,nan,nan,nan,nan,nan,nan,nan,nan,nan,nan,nan,nan,nan,nan,nan,nan,nan,nan,nan,nan,nan,nan,nan,nan,nan,0.16274307386299589
1791060742.1454751,-1.0167344754294527,1.8848484087794803,-0.00039653188564008356,-0.0009431325050823351,0.9302685036477351,0.1994341220069934,0.0,0.0,0.0,-0.6062220433559947,-0.5156393903774986,0.09225573355793137,0.007898129831402801,0.7477519858561392,0.0,0.0,0.025613018862711986,1.5071967504074084,-0.0009250374274392126,-0.0639234403329273,0.8140906620942414,0.0,0.0,-1.0239592969829705,0.008763402429720511,0.011954439170852892,-0.19528590393030162,nan,nan,nan,nan,nan,nan,nan,0.00014597669807273113,0.0,0.0,1.2940641844181047,-0.06281235334088794,0.01631011448233521,-0.19648450522761746,nan,nan,nan,nan,nan,nan,nan,nan,nan,nan,nan,nan,nan,nan,0.0,0.0,0.0,0.6772083558166372,0.6322544845731293,0.2185925077719379,-0.010938471216472201,nan,nan,nan,nan,nan,nan,nan,nan,nan,nan,nan,nan,nan,nan,nan,nan,nan,nan,nan,nan,nan,nan,nan,nan,nan,nan,nan,nan,nan,nan,nan,nan,nan,nan,nan,nan,nan,nan,nan,nan,nan,nan,nan,nan,nan,nan,nan,nan,nan,0.17414163347443476
1791060742.24785,-0.9986790828959918,1.8850343640819225,-0.00017016064589205136,-0.0008533815808266355,0.8417417509820936,0.1994879721701719,0.0,0.0,0.0,-0.5954575057704745,-0.5154531670611354,0.10505466209616238,0.005725121886412235,0.7477519858561392,0.0,0.0,0.025745384980073928,1.5005513068560108,-0.0034192572031990086,-0.05798701195585102,0.8140906620942414,0.0,0.0,-1.0228330846840017,-0.015601896912936635,0.0023627496362763145,-0.20282132576951767,nan,nan,nan,nan,nan,nan,nan,0.00014597669807273113,0.0,0.0,1.2954676013961792,-0.08298769163660011,0.01142938831652296,-0.20255460267223463,nan,nan,nan,nan,nan,nan,nan,nan,nan,nan,nan,nan,nan,nan,0.0,0.0,0.0,0.700038100774957,0.6315764387153393,0.22527059409458808,0.0027403393915534386,nan,nan,nan,nan,nan,nan,nan,nan,nan,nan,nan,nan,nan,nan,nan,nan,nan,nan,nan,nan,nan,nan,nan,nan,nan,nan,nan,nan,nan,nan,nan,nan,nan,nan,nan,nan,nan,nan,nan,nan,nan,nan,nan,nan,nan,nan,nan,nan,nan,0.14476542183486593
1791060742.3460019,-0.9835771064601835,1.8849737652179728,-0.0004042403881972594,-0.0007721905008294819,0.7616580892574858,0.19953668652829315,0.0,0.0,0.0,-0.5868387156264385,-0.5151090835276381,0.11134328307505491,0.0010504915380686593,0.7477519858561392,0.0,0.0,0.025726699523168455,1.4946443197541759,0.0005341070095334713,-0.06493146375077558,0.8140906620942414,0.0,0.0,-1.02156989826824,-0.035794821615523005,0.021795618441033556,-0.24101176414881292,nan,nan,nan,nan,nan,nan,nan,0.00014597669807273113,0.0,0.0,1.2965538735209348,-0.10271970624650091,0.013266630649810748,-0.1913675055257972,nan,nan,nan,nan,nan,nan,nan,nan,nan,nan,nan,nan,nan,nan,0.0,0.0,0.0,0.7225063500718558,0.6308856175979549,0.21917391081738502,0.0011358342392773111,nan,nan,nan,nan,nan,nan,nan,nan,nan,nan,nan,nan,nan,nan,nan,nan,nan,nan,nan,nan,nan,nan,nan,nan,nan,nan,nan,nan,nan,nan,nan,nan,nan,nan,nan,nan,nan,nan,nan,nan,nan,nan,nan,nan,nan,nan,nan,nan,nan,0.15546347869454039
1791060742.4473217,-0.9651405577254984,1.8848919443189396,-0.0010502082752258586,-0.0006987068590605628,0.6891767389672729,0.19958077649854725,0.0,0.0,0.0,-0.5756825863197302,-0.5147331618342904,0.10990560237806551,-0.00011474367678180285,0.7477519858561392,0.0,0.0,0.025891954272844016,1.4886047227257821,-3.3113761391510583e-06,-0.0590105681119096,0.8140906620942414,0.0,0.0,-1.0200415876138325,-0.0574476078260965,0.020233533273684802,-0.2192242082294961,nan,nan,nan,nan,nan,nan,nan,0.00014597669807273113,0.0,0.0,1.2974217988859695,-0.1218255299031768,0.00840226585364647,-0.19207918777680094,nan,nan,nan,nan,nan,nan,nan,nan,nan,nan,nan,nan,nan,nan,0.0,0.0,0.0,0.7449027222487241,0.6300266789459404,0.2108588538626251,-0.006722842374360627,nan,nan,nan,nan,nan,nan,nan,nan,nan,nan,nan,nan,nan,nan,nan,nan,nan,nan,nan,nan,nan,nan,nan,nan,nan,nan,nan,nan,nan,nan,nan,nan,nan,nan,nan,nan,nan,nan,nan,nan,nan,nan,nan,nan,nan,nan,nan,nan,nan,0.19103906917384392
1791060742.5473177,-0.9471021276855225,1.8846841110585821,-0.0022945939132239094,-0.0006322215727373813,0.6235982889730615,0.19962066751121976,0.0,0.0,0.0,-0.5636275482680067,-0.5146774256622973,0.1151757764036426,-0.016507185133264695,0.7477519858561392,0.0,0.0,0.025845159994450015,1.4820519904406442,-0.0002715896546445386,-0.0699891282704849,0.8140906620942414,0.0,0.0,-1.0186475256731304,-0.07927572697719075,0.013535774951124986,-0.20895826813597063,nan,nan,nan,nan,nan,nan,nan,0.00014597669807273113,0.0,0.0,1.2984497645090405,-0.1410335460914992,0.00962834384380237,-0.1913910522604733,nan,nan,nan,nan,nan,nan,nan,nan,nan,nan,nan,nan,nan,nan,0.0,0.0,0.0,0.7671894888191138,0.6293834479859449,0.21509223083766568,-0.012144860315347587,nan,nan,nan,nan,nan,nan,nan,nan,nan,nan,nan,nan,nan,nan,nan,nan,nan,nan,nan,nan,nan,nan,nan,nan,nan,nan,nan,nan,nan,nan,nan,nan,nan,nan,nan,nan,nan,nan,nan,nan,nan,nan,nan,nan,nan,nan,nan,nan,nan,0.17411276727067052
1791060742.6463082,-0.9308980078637192,1.8845992253107022,9.575443109819496e-06,-0.0005720577355573425,0.5642550657402935,0.19965676569563587,0.0,0.0,0.0,-0.5521147675624546,-0.5140070232600936,0.10829488694661357,0.004748714275046627,0.7477519858561392,0.0,0.0,0.026027265924593857,1.4756652814891906,0.0008040437401789394,-0.06317777989723561,0.8140906620942414,0.0,0.0,-1.017199717849904,-0.1015704231629558,0.013842789739465605,-0.21373350222795126,nan,nan,nan,nan,nan,nan,nan,0.00014597669807273113,0.0,0.0,1.299606128845674,-0.1603162728203331,0.009889950368182309,-0.1919002377901468,nan,nan,nan,nan,nan,nan,nan,nan,nan,nan,nan,nan,nan,nan,0.0,0.0,0.0,0.7893504227295797,0.6288068689867667,0.2223738430457829,0.00036313379431881804,nan,nan,nan,nan,nan,nan,nan,nan,nan,nan,nan,nan,nan,nan,nan,nan,nan,nan,nan,nan,nan,nan,nan,nan,nan,nan,nan,nan,nan,nan,nan,nan,nan,nan,nan,nan,nan,nan,nan,nan,nan,nan,nan,nan,nan,nan,nan,nan,nan,0.15633367375799107
1791060742.7477214,-0.9111978448938686,1.8847640046321699,0.00011745076319574508,-0.0005176192444629694,0.5105590968511904,0.199689428702956,0.0,0.0,0.0,-0.5392684013819918,-0.5137431639671057,0.10469457602974011,0.002627926920940992,0.7477519858561392,0.0,0.0,0.025966611334242225,1.4688857329321574,0.0006085805687612956,-0.07112948545898796,0.8140906620942414,0.0,0.0,-1.0156483634013938,-0.12362711868683779,0.012299300905166751,-0.22995929417632305,nan,nan,nan,nan,nan,nan,nan,0.00014597669807273113,0.0,0.0,1.3007001300439993,-0.17905609255796864,0.010330232095589547,-0.18657038894091987,nan,nan,nan,nan,nan,nan,nan,nan,nan,nan,nan,nan,nan,nan,0.0,0.0,0.0,0.8115075241044858,0.6279116204668905,0.2096551169429708,0.010053603126581368,nan,nan,nan,nan,nan,nan,nan,nan,nan,nan,nan,nan,nan,nan,nan,nan,nan,nan,nan,nan,nan,nan,nan,nan,nan,nan,nan,nan,nan,nan,nan,nan,nan,nan,nan,nan,nan,nan,nan,nan,nan,nan,nan,nan,nan,nan,nan,nan,nan,0.14679994136631963
1791060742.8485627,-0.8932011134656609,1.884612045697913,-0.002881124247247976,-0.00046838359460961437,0.46199500424661427,0.19971897002819397,0.0,0.0,0.0,-0.5277429046035048,-0.5134814116995715,0.11321965805816578,0.00675435559590506,0.7477519858561392,0.0,0.0,0.026139553643396443,1.4617474411735638,-3.83039114543717e-05,-0.06900344517582585,0.8140906620942414,0.0,0.0,-1.0141470167519762,-0.14475879205268885,0.015803458543896032,-0.22792983742534303,nan,nan,nan,nan,nan,nan,nan,0.00014597669807273113,0.0,0.0,1.3016109455366172,-0.19818236098227837,0.0057592487379944605,-0.1964356661819503,nan,nan,nan,nan,nan,nan,nan,nan,nan,nan,nan,nan,nan,nan,0.0,0.0,0.0,0.8361645802647948,0.6269069169526426,0.22934732974911026,0.005282437436525734,nan,nan,nan,nan,nan,nan,nan,nan,nan,nan,nan,nan,nan,nan,nan,nan,nan,nan,nan,nan,nan,nan,nan,nan,nan,nan,nan,nan,nan,nan,nan,nan,nan,nan,nan,nan,nan,nan,nan,nan,nan,nan,nan,nan,nan,nan,nan,nan,nan,0.1574379783829807
1791060742.9435787,-0.8798661394506184,1.884952784022609,0.0002603949469922394,-0.0004239093159670488,0.41812733939498237,0.1997456545475367,0.0,0.0,0.0,-0.5173434355217783,-0.5132002872187349,0.11863504792747452,0.011214156451354564,0.7477519858561392,0.0,0.0,0.026136790054758677,1.4553140997411065,0.001909017945932191,-0.07094801514984445,0.8140906620942414,0.0,0.0,-1.0126894098768764,-0.166471486316463,0.012626389037882562,-0.20897252937876146,nan,nan,nan,nan,nan,nan,nan,0.00014597669807273113,0.0,0.0,1.3025800692812335,-0.2170811675349199,0.006197227331242556,-0.1910500878294346,nan,nan,nan,nan,nan,nan,nan,nan,nan,nan,nan,nan,nan,nan,0.0,0.0,0.0,0.8557367836656312,0.6262352089219061,0.21488097345699936,-0.010343960607819398,nan,nan,nan,nan,nan,nan,nan,nan,nan,nan,nan,nan,nan,nan,nan,nan,nan,nan,nan,nan,nan,nan,nan,nan,nan,nan,nan,nan,nan,nan,nan,nan,nan,nan,nan,nan,nan,nan,nan,nan,nan,nan,nan,nan,nan,nan,nan,nan,nan,0.09006492766227761
1791060743.0451903,-0.8657099441978804,1.8857614679359291,0.0028011441625413426,-0.00038356901099204896,0.37833726223873987,0.19976985869498354,0.0,0.0,0.0,-0.5051430366816617,-0.512902741886804,0.12260284509729548,0.009930756399930761,0.7477519858561392,0.0,0.0,0.02619914527890662,1.4487266865227924,-0.0019393315254091288,-0.06822360055598593,0.8140906620942414,0.0,0.0,-1.0113087722055838,-0.18840845128220324,0.01291358418535532,-0.20518866306217662,nan,nan,nan,nan,nan,nan,nan,0.00014597669807273113,0.0,0.0,1.3035917081236366,-0.23663787709436818,-0.0023536951574717547,-0.2155098716697369,nan,nan,nan,nan,nan,nan,nan,nan,nan,nan,nan,nan,nan,nan,0.0,0.0,0.0,0.8787628808369109,0.6250314976418531,0.23648278286683982,-0.017711119392860363,nan,nan,nan,nan,nan,nan,nan,nan,nan,nan,nan,nan,nan,nan,nan,nan,nan,nan,nan,nan,nan,nan,nan,nan,nan,nan,nan,nan,nan,nan,nan,nan,nan,nan,nan,nan,nan,nan,nan,nan,nan,nan,nan,nan,nan,nan,nan,nan,nan,0.11941035734552802
1791060743.1443772,-0.8550424387843262,1.8860372014268227,0.005261527823379859,-0.0003470675935950734,0.34233371156062864,0.19979175951909434,0.0,0.0,0.0,-0.4928366039719058,-0.5126586254455158,0.12726665600807394,0.009698197401966915,0.7477519858561392,0.0,0.0,0.02627803782527141,1.4412773081437293,0.006893657228481492,-0.07278186936989976,0.8140906620942414,0.0,0.0,-1.0100006723033306,-0.21031682382303854,0.011488672371254774,-0.22735652797089295,nan,nan,nan,nan,nan,nan,nan,0.00014597669807273113,0.0,0.0,1.3047867228171182,-0.25592126873650994,0.015961637577200594,-0.19168239756679784,nan,nan,nan,nan,nan,nan,nan,nan,nan,nan,nan,nan,nan,nan,0.0,0.0,0.0,0.9013395832475173,0.6242797856842219,0.24272716210649528,-0.009124677135947208,nan,nan,nan,nan,nan,nan,nan,nan,nan,nan,nan,nan,nan,nan,nan,nan,nan,nan,nan,nan,nan,nan,nan,nan,nan,nan,nan,nan,nan,nan,nan,nan,nan,nan,nan,nan,nan,nan,nan,nan,nan,nan,nan,nan,nan,nan,nan,nan,nan,0.1347639641610901
1791060743.2451153,-0.8421327230964912,1.885970302499258,0.005060506082055685,-0.0003140397453224587,0.3097563517244437,0.19981157620855414,0.0,0.0,0.0,-0.48031977108771096,-0.5124116885104385,0.12153181164188782,0.012203116243519803,0.7477519858561392,0.0,0.0,0.026184939871177954,1.434430368041931,-0.0030463095242603193,-0.07081428908792384,0.8140906620942414,0.0,0.0,-1.0085934634809959,-0.23158279542977456,0.01663879202280904,-0.2280755781074376,nan,nan,nan,nan,nan,nan,nan,0.00014597669807273113,0.0,0.0,1.3059526366194492,-0.27554728533613854,-0.002291742513302009,-0.20445659156462495,nan,nan,nan,nan,nan,nan,nan,nan,nan,nan,nan,nan,nan,nan,0.0,0.0,0.0,0.9235126221287956,0.623335213059634,0.2225659085479082,0.0002038845872083771,nan,nan,nan,nan,nan,nan,nan,nan,nan,nan,nan,nan,nan,nan,nan,nan,nan,nan,nan,nan,nan,nan,nan,nan,nan,nan,nan,nan,nan,nan,nan,nan,nan,nan,nan,nan,nan,nan,nan,nan,nan,nan,nan,nan,nan,nan,nan,nan,nan,0.14459229582610553
1791060743.345239,-0.8264291532802956,1.8848883331159585,-0.0019401747495936443,-0.00028415491236782203,0.2802791375634862,0.19982950709387814,0.0,0.0,0.0,-0.46731754778981127,-0.5121976811311301,0.13046651057031403,0.008322987703068116,0.7477519858561392,0.0,0.0,0.026392981066225993,1.4267973651131876,0.002272102376438225,-0.07120746943701373,0.8140906620942414,0.0,0.0,-1.0072320171561597,-0.25340989241903894,0.013307302554303277,-0.20817652950680504,nan,nan,nan,nan,nan,nan,nan,0.00014597669807273113,0.0,0.0,1.3070006064540378,-0.294492564035658,0.010836472069157221,-0.18399488575763318,nan,nan,nan,nan,nan,nan,nan,nan,nan,nan,nan,nan,nan,nan,0.0,0.0,0.0,0.9457768817271263,0.6225665705215041,0.21439291428532659,-0.012504613645450063,nan,nan,nan,nan,nan,nan,nan,nan,nan,nan,nan,nan,nan,nan,nan,nan,nan,nan,nan,nan,nan,nan,nan,nan,nan,nan,nan,nan,nan,nan,nan,nan,nan,nan,nan,nan,nan,nan,nan,nan,nan,nan,nan,nan,nan,nan,nan,nan,nan,0.1340004315210637
1791060743.44525,-0.8122992177054478,1.8848221364500701,-0.0021839209839882136,-0.00025711498948381695,0.25360802988296194,0.199845731036905,0.0,0.0,0.0,-0.4544875815444568,-0.5119546428197767,0.1271480911557167,0.010930699827880398,0.7477519858561392,0.0,0.0,0.02623592464029432,1.419654899415268,-0.0002090259051354585,-0.07865509512272073,0.8140906620942414,0.0,0.0,-1.0058321599159548,-0.27539716664128366,0.014635250978499475,-0.2068442406989858,nan,nan,nan,nan,nan,nan,nan,0.00014597669807273113,0.0,0.0,1.3078455397193534,-0.31323940349744,0.018418359557539198,-0.1723595039317406,nan,nan,nan,nan,nan,nan,nan,nan,nan,nan,nan,nan,nan,nan,0.0,0.0,0.0,0.9678874758019282,0.6220406647860948,0.22465193998292038,-0.012778697493909856,nan,nan,nan,nan,nan,nan,nan,nan,nan,nan,nan,nan,nan,nan,nan,nan,nan,nan,nan,nan,nan,nan,nan,nan,nan,nan,nan,nan,nan,nan,nan,nan,nan,nan,nan,nan,nan,nan,nan,nan,nan,nan,nan,nan,nan,nan,nan,nan,nan,0.11416626573318793
1791060743.5451837,-0.7980025907495679,1.884704258333598,-0.003878640674357482,-0.000232651130832386,0.22947784980913488,0.19986040934416727,0.0,0.0,0.0,-0.4410763954562471,-0.5117528439682488,0.1299266097100731,0.011742920061152608,0.7477519858561392,0.0,0.0,0.02661616232349072,1.4120842606575654,0.00035077671093391137,-0.07238525356675549,0.8140906620942414,0.0,0.0,-1.004266066047698,-0.29754817600794814,0.02030073857018197,-0.22278357120012218,nan,nan,nan,nan,nan,nan,nan,0.00014597669807273113,0.0,0.0,1.3085605076527267,-0.33221292032636746,0.012585709548053629,-0.1863583444053336,nan,nan,nan,nan,nan,nan,nan,nan,nan,nan,nan,nan,nan,nan,0.0,0.0,0.0,0.989997532064642,0.6215593440286971,0.23655409412278405,-0.00854487258374894,nan,nan,nan,nan,nan,nan,nan,nan,nan,nan,nan,nan,nan,nan,nan,nan,nan,nan,nan,nan,nan,nan,nan,nan,nan,nan,nan,nan,nan,nan,nan,nan,nan,nan,nan,nan,nan,nan,nan,nan,nan,nan,nan,nan,nan,nan,nan,nan,nan,0.14629388509882926
1791060743.6452396,-0.7851880484444221,1.8848341662255659,-0.002881393191496358,-0.00021051144857467283,0.20764014516622137,0.1998736931476471,0.0,0.0,0.0,-0.4278620391232521,-0.5115089543381028,0.133683883510554,0.01250756208996616,0.7477519858561392,0.0,0.0,0.02651405930147003,1.4039665560630734,0.002092289210563273,-0.0903412324798155,0.8140906620942414,0.0,0.0,-1.00266343683503,-0.318284849539915,-0.0009624595090746519,-0.2045525433815667,nan,nan,nan,nan,nan,nan,nan,0.00014597669807273113,0.0,0.0,1.3095136336240174,-0.35185452675773615,0.02249674007182897,-0.1854336222609994,nan,nan,nan,nan,nan,nan,nan,nan,nan,nan,nan,nan,nan,nan,0.0,0.0,0.0,1.0111384590694292,0.6213315573860738,0.21480525521734656,0.005971944860869621,nan,nan,nan,nan,nan,nan,nan,nan,nan,nan,nan,nan,nan,nan,nan,nan,nan,nan,nan,nan,nan,nan,nan,nan,nan,nan,nan,nan,nan,nan,nan,nan,nan,nan,nan,nan,nan,nan,nan,nan,nan,nan,nan,nan,nan,nan,nan,nan,nan,0.1218415892639709
1791060743.7452173,-0.7719415667383756,1.8844697834010014,-0.005216585123671643,-0.00019048508459836388,0.18788693387368993,0.199885708961682,0.0,0.0,0.0,-0.41483511605082957,-0.5110671770173455,0.13076429512404736,0.00952200228563244,0.7477519858561392,0.0,0.0,0.02669165902115092,1.3967972636395318,-0.0026223847255179783,-0.06971604594983216,0.8140906620942414,0.0,0.0,-1.0007262239540695,-0.3393460506043297,0.0133995311991452,-0.19970328260172754,nan,nan,nan,nan,nan,nan,nan,0.00014597669807273113,0.0,0.0,1.3105206474263214,-0.37089245816963223,0.006879010825421066,-0.19318385381847816,nan,nan,nan,nan,nan,nan,nan,nan,nan,nan,nan,nan,nan,nan,0.0,0.0,0.0,1.0337538471213297,0.6202188801535016,0.22375061784719796,-0.006679597611646531,nan,nan,nan,nan,nan,nan,nan,nan,nan,nan,nan,nan,nan,nan,nan,nan,nan,nan,nan,nan,nan,nan,nan,nan,nan,nan,nan,nan,nan,nan,nan,nan,nan,nan,nan,nan,nan,nan,nan,nan,nan,nan,nan,nan,nan,nan,nan,nan,nan,0.12917903145708684
1791060743.8451948,-0.7593394221516105,1.884568853431245,-0.0014910817524915534,-0.00017235803217169042,0.17000712817763514,0.19989658518991352,0.0,0.0,0.0,-0.4012157280927598,-0.5108212072555277,0.13489210465693433,0.013840048924558247,0.7477519858561392,0.0,0.0,0.026959585552694475,1.388744954552964,0.003852425567067973,-0.0755488233786505,0.8140906620942414,0.0,0.0,-0.9989335629132678,-0.36065652581087465,0.01864720249599918,-0.2027583972455222,nan,nan,nan,nan,nan,nan,nan,0.00014597669807273113,0.0,0.0,1.3112859297445778,-0.39024585588655103,0.008508157573787827,-0.18966311160023888,nan,nan,nan,nan,nan,nan,nan,nan,nan,nan,nan,nan,nan,nan,0.0,0.0,0.0,1.0558447057478828,0.6198476454679386,0.22683728280406193,-0.010861060166505905,nan,nan,nan,nan,nan,nan,nan,nan,nan,nan,nan,nan,nan,nan,nan,nan,nan,nan,nan,nan,nan,nan,nan,nan,nan,nan,nan,nan,nan,nan,nan,nan,nan,nan,nan,nan,nan,nan,nan,nan,nan,nan,nan,nan,nan,nan,nan,nan,nan,0.12152034519848279
1791060743.9475365,-0.7443303721678117,1.8844703731590382,-0.0008135409125192394,-0.00015595599685756247,0.15382881095685497,0.19990642640871326,0.0,0.0,0.0,-0.3879437450470727,-0.5107757790814169,0.1270718741785542,0.007720148507356416,0.7477519858561392,0.0,0.0,0.026890828459337934,1.3814169286376763,0.0003715079327934371,-0.0797886453452668,0.8140906620942414,0.0,0.0,-0.9974081959211816,-0.3813422539953366,0.017602488834908125,-0.21948727356435863,nan,nan,nan,nan,nan,nan,nan,0.00014597669807273113,0.0,0.0,1.312374016144692,-0.4086524585923089,0.02925150741681612,-0.15204644246783008,nan,nan,nan,nan,nan,nan,nan,nan,nan,nan,nan,nan,nan,nan,0.0,0.0,0.0,1.0779032885145907,0.619591364481555,0.22472608618969817,-0.002649156067121466,nan,nan,nan,nan,nan,nan,nan,nan,nan,nan,nan,nan,nan,nan,nan,nan,nan,nan,nan,nan,nan,nan,nan,nan,nan,nan,nan,nan,nan,nan,nan,nan,nan,nan,nan,nan,nan,nan,nan,nan,nan,nan,nan,nan,nan,nan,nan,nan,nan,0.08803973277084992
1791060744.045024,-0.7318823330957837,1.8842133880786698,-0.0020231115755034667,-0.00014111592114204755,0.13919114874555627,0.19991533045237303,0.0,0.0,0.0,-0.37446038441459817,-0.5104570429071846,0.12299010438749176,0.002848132318502574,0.7477519858561392,0.0,0.0,0.02716018521489736,1.373390349194551,0.000793097022576439,-0.07965196988722477,0.8140906620942414,0.0,0.0,-0.9959438542464467,-0.40145756004317873,0.014958557703296177,-0.1980108040575874,nan,nan,nan,nan,nan,nan,nan,0.00014597669807273113,0.0,0.0,1.312608960775528,-0.4267664557494342,0.006970334213151502,-0.16598918736477786,nan,nan,nan,nan,nan,nan,nan,nan,nan,nan,nan,nan,nan,nan,0.0,0.0,0.0,1.1000133546090176,0.6192909951873126,0.21881653663493172,0.007230331202080852,nan,nan,nan,nan,nan,nan,nan,nan,nan,nan,nan,nan,nan,nan,nan,nan,nan,nan,nan,nan,nan,nan,nan,nan,nan,nan,nan,nan,nan,nan,nan,nan,nan,nan,nan,nan,nan,nan,nan,nan,nan,nan,nan,nan,nan,nan,nan,nan,nan,0.14882968326763785
1791060744.1450484,-0.7218498527541286,1.8843600344607694,-0.0008374974459449595,-0.0001276883986823578,0.12594677305183394,0.19992338696453796,0.0,0.0,0.0,-0.3615603286095787,-0.5102740141599653,0.12089293666225659,-0.0011825952157156886,0.7477519858561392,0.0,0.0,0.027237417106296943,1.3649124130592265,0.005374517767474009,-0.08226683592161628,0.8140906620942414,0.0,0.0,-0.9942003402736814,-0.42323070069105545,0.017847980990181603,-0.20691853297073368,nan,nan,nan,nan,nan,nan,nan,0.00014597669807273113,0.0,0.0,1.3133159595585573,-0.4431583039903697,-0.002462232549210787,-0.17212138687825762,nan,nan,nan,nan,nan,nan,nan,nan,nan,nan,nan,nan,nan,nan,0.0,0.0,0.0,1.1224844786450288,0.6188399982859915,0.21000871638746488,-0.002790946196263254,nan,nan,nan,nan,nan,nan,nan,nan,nan,nan,nan,nan,nan,nan,nan,nan,nan,nan,nan,nan,nan,nan,nan,nan,nan,nan,nan,nan,nan,nan,nan,nan,nan,nan,nan,nan,nan,nan,nan,nan,nan,nan,nan,nan,nan,nan,nan,nan,nan,0.09639680365965549
1791060744.244985,-0.7110494438017188,1.8842640429253241,-0.0006563977394499331,-0.00011553798010912227,0.1139620819889056,0.1999306772147107,0.0,0.0,0.0,-0.34896167286255386,-0.5100825855383662,0.11337847038170862,-0.0006887882101248471,0.7477519858561392,0.0,0.0,0.027268578262316143,1.357195370467734,-0.00016423784004073296,-0.07640042793302555,0.8140906620942414,0.0,0.0,-0.9925461886764277,-0.4449086744612339,0.023960685498117973,-0.21248819826651777,nan,nan,nan,nan,nan,nan,nan,0.00014597669807273113,0.0,0.0,1.3141732830110235,-0.4594808987441196,0.005671394373956486,-0.15417326659991193,nan,nan,nan,nan,nan,nan,nan,nan,nan,nan,nan,nan,nan,nan,0.0,0.0,0.0,1.1447474045615833,0.6187245703095884,0.21242629307187533,-0.009978914224806769,nan,nan,nan,nan,nan,nan,nan,nan,nan,nan,nan,nan,nan,nan,nan,nan,nan,nan,nan,nan,nan,nan,nan,nan,nan,nan,nan,nan,nan,nan,nan,nan,nan,nan,nan,nan,nan,nan,nan,nan,nan,nan,nan,nan,nan,nan,nan,nan,nan,0.09505126516172967
1791060744.345008,-0.6997957698010107,1.8842173419158263,-0.0019116433214147403,-0.0001045430876413862,0.10311715605473301,0.19993727414947182,0.0,0.0,0.0,-0.33661767254676594,-0.5098499686966101,0.09838671000835493,0.0040230685989176805,0.7477519858561392,0.0,0.0,0.02748384802194635,1.3487842262939662,0.000796204510398511,-0.07762318625982614,0.8140906620942414,0.0,0.0,-0.9910378759386701,-0.4658771929173695,0.010980376407865752,-0.2176940338097975,nan,nan,nan,nan,nan,nan,nan,0.00014597669807273113,0.0,0.0,1.314993353034245,-0.47549329274601454,0.008378145764724901,-0.1523031097346749,nan,nan,nan,nan,nan,nan,nan,nan,nan,nan,nan,nan,nan,nan,0.0,0.0,0.0,1.1668376722479872,0.6187617521025487,0.2230963368746923,-0.0014461486455881714,nan,nan,nan,nan,nan,nan,nan,nan,nan,nan,nan,nan,nan,nan,nan,nan,nan,nan,nan,nan,nan,nan,nan,nan,nan,nan,nan,nan,nan,nan,nan,nan,nan,nan,nan,nan,nan,nan,nan,nan,nan,nan,nan,nan,nan,nan,nan,nan,nan,0.1272877796555652
1791060744.4450138,-0.688583973204632,1.8841100299749636,-0.002932094774221359,-9.459839035838696e-05,0.09330810100591166,0.19994324096730876,0.0,0.0,0.0,-0.32460614482597794,-0.5096203012801251,0.11316943798227655,0.0032205904600321354,0.7477519858561392,0.0,0.0,0.027535461306480394,1.3399913295899484,0.0018796949524328339,-0.09535094887480616,0.8140906620942414,0.0,0.0,-0.9894137598233085,-0.48772407622136144,0.014382244197542707,-0.20339975001926755,nan,nan,nan,nan,nan,nan,nan,0.00014597669807273113,0.0,0.0,1.3152886427745,-0.49246775465531,0.001731305652233487,-0.17935442290571962,nan,nan,nan,nan,nan,nan,nan,nan,nan,nan,nan,nan,nan,nan,0.0,0.0,0.0,1.1886677379707167,0.6186687674339914,0.2163720063599812,0.007433660159583267,nan,nan,nan,nan,nan,nan,nan,nan,nan,nan,nan,nan,nan,nan,nan,nan,nan,nan,nan,nan,nan,nan,nan,nan,nan,nan,nan,nan,nan,nan,nan,nan,nan,nan,nan,nan,nan,nan,nan,nan,nan,nan,nan,nan,nan,nan,nan,nan,nan,0.10443058591971113
1791060744.5449603,-0.6764227250552229,1.8839258411985318,-0.003594560340047411,-8.559890337349172e-05,0.08443136391338096,0.1999486406591049,0.0,0.0,0.0,-0.3131169018981962,-0.5093687846948154,0.12212901937264084,0.00447470173582072,0.7477519858561392,0.0,0.0,0.027586257550866,1.3315445236757528,-0.001320092472760779,-0.08689108618270074,0.8140906620942414,0.0,0.0,-0.9879925227295095,-0.5097505892637437,0.01644265036525553,-0.2120546551194419,nan,nan,nan,nan,nan,nan,nan,0.00014597669807273113,0.0,0.0,1.316185957895148,-0.5099178938761845,0.025225924484276782,-0.1555635514463375,nan,nan,nan,nan,nan,nan,nan,nan,nan,nan,nan,nan,nan,nan,0.0,0.0,0.0,1.2103417242084875,0.6183395954235673,0.19809789016197277,0.0014845890522100647,nan,nan,nan,nan,nan,nan,nan,nan,nan,nan,nan,nan,nan,nan,nan,nan,nan,nan,nan,nan,nan,nan,nan,nan,nan,nan,nan,nan,nan,nan,nan,nan,nan,nan,nan,nan,nan,nan,nan,nan,nan,nan,nan,nan,nan,nan,nan,nan,nan,0.12388470059569444
1791060744.6473136,-0.6616389435100883,1.8836799774433086,-0.006341052220450925,-7.745309074063471e-05,0.0763966573497458,0.199953528146392,0.0,0.0,0.0,-0.2995484312817055,-0.5091277013033815,0.12139729419760809,0.0015065147038180798,0.7477519858561392,0.0,0.0,0.027693782776673767,1.322444552495578,0.0039025494680739303,-0.0842541218738716,0.8140906620942414,0.0,0.0,-0.9867742147647769,-0.5303558583878886,0.014047090086958553,-0.22173456742726083,nan,nan,nan,nan,nan,nan,nan,0.00014597669807273113,0.0,0.0,1.3166568249831738,-0.5270843121578724,0.018135200427024507,-0.15207791600316978,nan,nan,nan,nan,nan,nan,nan,nan,nan,nan,nan,nan,nan,nan,0.0,0.0,0.0,1.232413515943308,0.6180931298115324,0.2253651576893203,-0.006444747423485125,nan,nan,nan,nan,nan,nan,nan,nan,nan,nan,nan,nan,nan,nan,nan,nan,nan,nan,nan,nan,nan,nan,nan,nan,nan,nan,nan,nan,nan,nan,nan,nan,nan,nan,nan,nan,nan,nan,nan,nan,nan,nan,nan,nan,nan,nan,nan,nan,nan,0.16826451515853824
1791060744.7449248,-0.6491453875761736,1.8837486875815614,-0.006597784934373465,-7.008325746678716e-05,0.06912734605483191,0.19995795004613956,0.0,0.0,0.0,-0.2880741990291986,-0.5088766168274319,0.10468718115543484,0.008975095198252528,0.7477519858561392,0.0,0.0,0.02764573241357668,1.3132902284942511,0.004061504809343896,-0.08864076594667891,0.8140906620942414,0.0,0.0,-0.9853945273326665,-0.5500173254222369,0.0124585016168149,-0.18854512381963912,nan,nan,nan,nan,nan,nan,nan,0.00014597669807273113,0.0,0.0,1.3172924903091527,-0.5430256586332515,0.013149836352160958,-0.15171403588370846,nan,nan,nan,nan,nan,nan,nan,nan,nan,nan,nan,nan,nan,nan,0.0,0.0,0.0,1.2534826444570142,0.6181406290712925,0.2268194023374524,-0.003393019000356689,nan,nan,nan,nan,nan,nan,nan,nan,nan,nan,nan,nan,nan,nan,nan,nan,nan,nan,nan,nan,nan,nan,nan,nan,nan,nan,nan,nan,nan,nan,nan,nan,nan,nan,nan,nan,nan,nan,nan,nan,nan,nan,nan,nan,nan,nan,nan,nan,nan,0.11357589408383496
1791060744.845019,-0.6330160440999051,1.8836495895356817,-0.007829439429552304,-6.3413953754638e-05,0.06254900934048904,0.19996195162820624,0.0,0.0,0.0,-0.2749629636512936,-0.5086995549616502,0.10529695404570777,0.008371268768295564,0.7477519858561392,0.0,0.0,0.027649526176684713,1.3045439459999992,-0.0018483490564142654,-0.09081705301979694,0.8140906620942414,0.0,0.0,-0.9839085185942291,-0.5710733605491767,0.018057504951410678,-0.20674574059883488,nan,nan,nan,nan,nan,nan,nan,0.00014597669807273113,0.0,0.0,1.317952999929044,-0.559041213924286,0.00892016215413949,-0.14832669933160642,nan,nan,nan,nan,nan,nan,nan,nan,nan,nan,nan,nan,nan,nan,0.0,0.0,0.0,1.275326416396363,0.6181532228822839,0.22140571324471572,0.0010135241454139261,nan,nan,nan,nan,nan,nan,nan,nan,nan,nan,nan,nan,nan,nan,nan,nan,nan,nan,nan,nan,nan,nan,nan,nan,nan,nan,nan,nan,nan,nan,nan,nan,nan,nan,nan,nan,nan,nan,nan,nan,nan,nan,nan,nan,nan,nan,nan,nan,nan,0.1385540471414422
1791060744.947169,-0.6168447114188109,1.883576740110269,-0.008748933404271709,-5.7381502157901034e-05,0.05659883829879222,0.19996557109904534,0.0,0.0,0.0,-0.26196522107889075,-0.5085222768297225,0.12890458171023245,-0.0006227704858048798,0.7477519858561392,0.0,0.0,0.027847877067405474,1.2945968959043348,-0.0011616863421057264,-0.09642198809702705,0.8140906620942414,0.0,0.0,-0.9826126534083491,-0.5918151296237968,0.014717003046257643,-0.21973818530358336,nan,nan,nan,nan,nan,nan,nan,0.00014597669807273113,0.0,0.0,1.3184330805091795,-0.575383587199173,-0.002320202778302303,-0.17031557793607843,nan,nan,nan,nan,nan,nan,nan,nan,nan,nan,nan,nan,nan,nan,0.0,0.0,0.0,1.2973283385668712,0.6180763689036312,0.2129941501840531,-0.009467047017843781,nan,nan,nan,nan,nan,nan,nan,nan,nan,nan,nan,nan,nan,nan,nan,nan,nan,nan,nan,nan,nan,nan,nan,nan,nan,nan,nan,nan,nan,nan,nan,nan,nan,nan,nan,nan,nan,nan,nan,nan,nan,nan,nan,nan,nan,nan,nan,nan,nan,0.1524223183616176
1791060745.0489187,-0.6014370586130827,1.883551767326409,-0.009637407260652308,-0.0006170541724631329,0.24137308009756184,0.19962976791942613,0.0,0.0,0.0,-0.2501572157538359,-0.5083272478684318,0.12861024947604627,0.01491185493945408,0.7477519858561392,0.0,0.0,0.02809778096189717,1.2850913143498575,0.0014474367975072567,-0.09326496803709151,0.8140906620942414,0.0,0.0,-0.980954888090497,-0.6149371188224214,0.010460838328011757,-0.21811219502757348,nan,nan,nan,nan,nan,nan,nan,0.00014597669807273113,0.0,0.0,1.3189768331167477,-0.5917761527040891,0.006187892763395728,-0.16120967895511545,nan,nan,nan,nan,nan,nan,nan,nan,nan,nan,nan,nan,nan,nan,0.012306928337255591,0.0,0.0,1.3194970989247978,0.6184341018479644,0.22187073361876603,-0.0023319199676983663,nan,nan,nan,nan,nan,nan,nan,nan,nan,nan,nan,nan,nan,nan,nan,nan,nan,nan,nan,nan,nan,nan,nan,nan,nan,nan,nan,nan,nan,nan,nan,nan,nan,nan,nan,nan,nan,nan,nan,nan,nan,nan,nan,nan,nan,nan,nan,nan,nan,0.13840544771621127
1791060745.1474135,-0.5861816341893191,1.8834779501079681,-0.009419947545725298,-0.0017652836144982855,0.4087288341019513,0.19894083973303156,0.0,0.0,0.0,-0.240701318608409,-0.5084472558812857,0.10042973549575099,0.008585405979392837,0.7477519858561392,0.0,0.0,0.028330378898457846,1.2752257687431907,0.006789680483997081,-0.0905935814280119,0.8140906620942414,0.0,0.0,-0.979554685907372,-0.6345805381060894,0.013816838450201782,-0.21148750813035994,nan,nan,nan,nan,nan,nan,nan,0.00014597669807273113,0.0,0.0,1.3196890570510849,-0.6083172966053814,0.005192460043735368,-0.1614695423090874,nan,nan,nan,nan,nan,nan,nan,nan,nan,nan,nan,nan,nan,nan,0.064331629925097,0.0,0.0,1.3411104211069322,0.6188098936489549,0.22441123875680866,0.0017504030249433113,nan,nan,nan,nan,nan,nan,nan,nan,nan,nan,nan,nan,nan,nan,nan,nan,nan,nan,nan,nan,nan,nan,nan,nan,nan,nan,nan,nan,nan,nan,nan,nan,nan,nan,nan,nan,nan,nan,nan,nan,nan,nan,nan,nan,nan,nan,nan,nan,nan,0.1398264962505361
1791060745.2461045,-0.5730328517283284,1.8833867863582285,-0.010089872381575403,-0.0033724929175607235,0.5601595830183346,0.197976573290589,0.0,0.0,0.0,-0.22917544429595085,-0.508407663466929,0.1389216285467292,-0.0006145703833240738,0.7477519858561392,0.0,0.0,0.028238943321288727,1.266587074494219,-0.004396950250970088,-0.09937778497920824,0.8140906620942414,0.0,0.0,-0.9780919253788306,-0.6563533404784189,0.01546610497780233,-0.2151784480101806,nan,nan,nan,nan,nan,nan,nan,0.00014597669807273113,0.0,0.0,1.3201713790145813,-0.6246533720107859,-0.0029773103464145307,-0.16614482515891413,nan,nan,nan,nan,nan,nan,nan,nan,nan,nan,nan,nan,nan,nan,0.0406563735840537,0.0,0.0,1.362422443509851,0.6197063711833416,0.21421215460275617,0.007876916900878682,nan,nan,nan,nan,nan,nan,nan,nan,nan,nan,nan,nan,nan,nan,nan,nan,nan,nan,nan,nan,nan,nan,nan,nan,nan,nan,nan,nan,nan,nan,nan,nan,nan,nan,nan,nan,nan,nan,nan,nan,nan,nan,nan,nan,nan,nan,nan,nan,nan,0.15061481093200546
1791060745.3458316,-0.558617958943438,1.8831246434933138,-0.009502336877855622,-0.005323749825332768,0.6971477470513541,0.19680602167437486,0.0,0.0,0.0,-0.2165624569399789,-0.5082696842070393,0.1520015232841038,-0.002081616203022052,0.7477519858561392,0.0,0.0,0.028499818184897423,1.2566176428724107,-0.00020542133422466055,-0.103702504330872,0.8140906620942414,0.0,0.0,-0.9767727596964056,-0.6769285202891794,0.013122177195196887,-0.21471129714964043,nan,nan,nan,nan,nan,nan,nan,0.00014597669807273113,0.0,0.0,1.3207588308360536,-0.6412183202338533,0.007596544917498029,-0.17007666038123004,nan,nan,nan,nan,nan,nan,nan,nan,nan,nan,nan,nan,nan,nan,0.022735742039073713,0.0,0.0,1.3844752757555976,0.6198510283704708,0.1911707200256533,0.004315002715021559,nan,nan,nan,nan,nan,nan,nan,nan,nan,nan,nan,nan,nan,nan,nan,nan,nan,nan,nan,nan,nan,nan,nan,nan,nan,nan,nan,nan,nan,nan,nan,nan,nan,nan,nan,nan,nan,nan,nan,nan,nan,nan,nan,nan,nan,nan,nan,nan,nan,0.14139507840464186
1791060745.4458168,-0.5435015467091088,1.8829399575553878,-0.009440075639090348,-0.007532598702281757,0.8211384687366855,0.19548120994147547,0.0,0.0,0.0,-0.20155678820622153,-0.5081000114906283,0.18093760662744823,0.002386812259596083,0.7477519858561392,0.0,0.0,0.028873226125927402,1.2463171279020817,0.0029819183437637693,-0.09998209894180604,0.8140906620942414,0.0,0.0,-0.9754645997759,-0.698231897786494,0.009855630029667996,-0.20301951630019346,nan,nan,nan,nan,nan,nan,nan,0.00014597669807273113,0.0,0.0,1.3216094932276803,-0.6579490359905928,0.014716538061471876,-0.162533549464298,nan,nan,nan,nan,nan,nan,nan,nan,nan,nan,nan,nan,nan,nan,0.06342102177358676,0.0,0.0,1.4060673202279395,0.620464932207274,0.2266617208037251,0.007523255061989538,nan,nan,nan,nan,nan,nan,nan,nan,nan,nan,nan,nan,nan,nan,nan,nan,nan,nan,nan,nan,nan,nan,nan,nan,nan,nan,nan,nan,nan,nan,nan,nan,nan,nan,nan,nan,nan,nan,nan,nan,nan,nan,nan,nan,nan,nan,nan,nan,nan,0.1484423964293655
1791060745.545808,-0.5283374934204071,1.8828415936997678,-0.009620425548375111,-0.009925433044889602,0.9333238927541297,0.19404649958244266,0.0,0.0,0.0,-0.18577509304250284,-0.5080610587352526,0.17820434952360192,0.0010896021735280412,0.7477519858561392,0.0,0.0,0.028902004042946544,1.2358774156645598,0.0005951865198776967,-0.09525341743777319,0.8140906620942414,0.0,0.0,-0.9741195049319015,-0.7204608521884356,0.013138084086615175,-0.21188511997858978,nan,nan,nan,nan,nan,nan,nan,0.00014597669807273113,0.0,0.0,1.3222660240244741,-0.675216402091583,-0.0040603551344204954,-0.17328816302969796,nan,nan,nan,nan,nan,nan,nan,nan,nan,nan,nan,nan,nan,nan,0.05802873284827946,0.0,0.0,1.426866293926233,0.6211688358077009,0.22657094383860382,0.0067867750198837284,nan,nan,nan,nan,nan,nan,nan,nan,nan,nan,nan,nan,nan,nan,nan,nan,nan,nan,nan,nan,nan,nan,nan,nan,nan,nan,nan,nan,nan,nan,nan,nan,nan,nan,nan,nan,nan,nan,nan,nan,nan,nan,nan,nan,nan,nan,nan,nan,nan,0.15434188237018887
1791060745.6438138,-0.5132193945514465,1.882673339891669,-0.009302396620075912,-0.012429490978037276,1.0347498223324312,0.19254575995982745,0.0,0.0,0.0,-0.1682421829978571,-0.5077226434384914,0.1916252931865688,0.005266412024540269,0.7477519858561392,0.0,0.0,0.029628283919234114,1.2254545208429792,0.0040950530288064585,-0.10392156555973299,0.8140906620942414,0.0,0.0,-0.9729715343759727,-0.7412536661254706,0.012157174953242336,-0.2335904535091177,nan,nan,nan,nan,nan,nan,nan,0.00014597669807273113,0.0,0.0,1.323099580403048,-0.6918435739832505,0.013711676247402157,-0.1725327444160454,nan,nan,nan,nan,nan,nan,nan,nan,nan,nan,nan,nan,nan,nan,0.034671408080943864,0.0,0.0,1.4487178084447512,0.621603405296714,0.22554746007053064,0.011286536327233214,nan,nan,nan,nan,nan,nan,nan,nan,nan,nan,nan,nan,nan,nan,nan,nan,nan,nan,nan,nan,nan,nan,nan,nan,nan,nan,nan,nan,nan,nan,nan,nan,nan,nan,nan,nan,nan,nan,nan,nan,nan,nan,nan,nan,nan,nan,nan,nan,nan,0.15925089739941428
1791060745.7457638,-0.4979847886634827,1.8819631025564394,-0.007459349666572355,-0.01499854357632564,1.126641499537802,0.1910069421704873,0.0,0.0,0.0,-0.15000734157077178,-0.5077221318362437,0.2047886684046855,0.009588208605122312,0.7477519858561392,0.0,0.0,0.02962554208883012,1.2152500250487923,4.019591802068858e-05,-0.10930708956336412,0.8140906620942414,0.0,0.0,-0.9719267951898813,-0.761578761910047,0.008032323868690018,-0.21180004987228918,nan,nan,nan,nan,nan,nan,nan,0.00014597669807273113,0.0,0.0,1.3236220285347318,-0.7088708364854794,0.010133614752266247,-0.16958419797850238,nan,nan,nan,nan,nan,nan,nan,nan,nan,nan,nan,nan,nan,nan,0.012916782293841451,0.0,0.0,1.4707747359007743,0.622124496429334,0.20694158115283703,0.0034081172965241555,nan,nan,nan,nan,nan,nan,nan,nan,nan,nan,nan,nan,nan,nan,nan,nan,nan,nan,nan,nan,nan,nan,nan,nan,nan,nan,nan,nan,nan,nan,nan,nan,nan,nan,nan,nan,nan,nan,nan,nan,nan,nan,nan,nan,nan,nan,nan,nan,nan,0.1543602987384812
1791060745.8458009,-0.48234211293440016,1.8818395668044752,-0.007873235239112004,-0.017586761008594767,1.2097917850798776,0.18945772357369914,0.0,0.0,0.0,-0.1307629292972575,-0.5075954504636738,0.1986027639455164,0.0015478277880214423,0.7477519858561392,0.0,0.0,0.029828161349091546,1.2044415085559597,0.0018379084012325525,-0.1170131958546412,0.8140906620942414,0.0,0.0,-0.9707875139550268,-0.7837375612703378,0.014830576860766427,-0.21282827646937422,nan,nan,nan,nan,nan,nan,nan,0.00014597669807273113,0.0,0.0,1.3239464543011932,-0.7260525209939422,-0.0026587781801544912,-0.17862944270328462,nan,nan,nan,nan,nan,nan,nan,nan,nan,nan,nan,nan,nan,nan,0.05665759098687533,0.0,0.0,1.492917100989056,0.6229561865661348,0.22195360034403155,0.0076216737551221105,nan,nan,nan,nan,nan,nan,nan,nan,nan,nan,nan,nan,nan,nan,nan,nan,nan,nan,nan,nan,nan,nan,nan,nan,nan,nan,nan,nan,nan,nan,nan,nan,nan,nan,nan,nan,nan,nan,nan,nan,nan,nan,nan,nan,nan,nan,nan,nan,nan,0.14907091508660716
1791060745.949205,-0.4646299423835599,1.881551704671864,-0.008362056041526667,-0.020165471563785082,1.2850581067011486,0.18791545586943778,0.0,0.0,0.0,-0.10894956052486253,-0.5072830408182931,0.17888417272286905,-0.001182368904801171,0.7477519858561392,0.0,0.0,0.0293499297493941,1.1920870339613103,0.0058553116597506935,-0.13333350750760303,0.8140906620942414,0.0,0.0,-0.9697472566395208,-0.8076903484662353,0.012513907915012465,-0.2040984520301889,nan,nan,nan,nan,nan,nan,nan,0.00014597669807273113,0.0,0.0,1.3245818567791636,-0.744866349693544,0.006575471617958571,-0.17104495432625816,nan,nan,nan,nan,nan,nan,nan,nan,nan,nan,nan,nan,nan,nan,0.029661165287878447,0.0,0.0,1.516870018978674,0.6235985204667607,0.2301134877005435,-2.2276082358548693e-05,nan,nan,nan,nan,nan,nan,nan,nan,nan,nan,nan,nan,nan,nan,nan,nan,nan,nan,nan,nan,nan,nan,nan,nan,nan,nan,nan,nan,nan,nan,nan,nan,nan,nan,nan,nan,nan,nan,nan,nan,nan,nan,nan,nan,nan,nan,nan,nan,nan,0.16718796200917196
1791060746.0457985,-0.4496962963451493,1.8813774985187828,-0.008519103720676791,-0.022705672700217384,1.3531252268550487,0.1863976278848706,0.0,0.0,0.0,-0.09144809973247647,-0.5072436239153268,0.1942348614715376,-0.002353524741554992,0.7477519858561392,0.0,0.0,0.030199777606345502,1.1817017633449356,0.006278329008702107,-0.12153440347004207,0.8140906620942414,0.0,0.0,-0.968909435091281,-0.8268029419324422,0.008310781592695129,-0.2170086666778465,nan,nan,nan,nan,nan,nan,nan,0.00014597669807273113,0.0,0.0,1.3252330503963423,-0.760793689736176,0.008387780622129363,-0.17167252625699275,nan,nan,nan,nan,nan,nan,nan,nan,nan,nan,nan,nan,nan,nan,0.009700749434285722,0.0,0.0,1.5364864603163009,0.624397046828706,0.20315531302645146,0.020059418888864238,nan,nan,nan,nan,nan,nan,nan,nan,nan,nan,nan,nan,nan,nan,nan,nan,nan,nan,nan,nan,nan,nan,nan,nan,nan,nan,nan,nan,nan,nan,nan,nan,nan,nan,nan,nan,nan,nan,nan,nan,nan,nan,nan,nan,nan,nan,nan,nan,nan,0.17647114129806082
1791060746.1475217,-0.43156891867287284,1.8809839807985993,-0.008340196367798479,-0.025191267612184067,1.4147929682862819,0.18491394932453767,0.0,0.0,0.0,-0.07254909634179454,-0.5072398873561728,0.19363308257147233,0.0010425902936690699,0.7477519858561392,0.0,0.0,0.0304460034052621,1.168569014501105,0.0019242074587453011,-0.12354519228658668,0.8140906620942414,0.0,0.0,-0.9676487040360264,-0.8479324529152197,0.010426444401144219,-0.20687628527163276,nan,nan,nan,nan,nan,nan,nan,0.00014597669807273113,0.0,0.0,1.3256333746262599,-0.7785806928760466,-0.0017463257437182781,-0.17839711741152797,nan,nan,nan,nan,nan,nan,nan,nan,nan,nan,nan,nan,nan,nan,0.0328624000218795,0.0,0.0,1.5579793867227512,0.6250384403085864,0.21020936001831714,-0.01658000967183426,nan,nan,nan,nan,nan,nan,nan,nan,nan,nan,nan,nan,nan,nan,nan,nan,nan,nan,nan,nan,nan,nan,nan,nan,nan,nan,nan,nan,nan,nan,nan,nan,nan,nan,nan,nan,nan,nan,nan,nan,nan,nan,nan,nan,nan,nan,nan,nan,nan,0.16411968262095694
1791060746.2480576,-0.4144621094269494,1.8807189999102791,-0.008090959819324612,-0.027614914963164875,1.4705744536423468,0.1834688528707715,0.0,0.0,0.0,-0.05124412707561027,-0.5074713561920725,0.20459755623204828,0.01164097200714223,0.7477519858561392,0.0,0.0,0.03063101334310614,1.1563945664165405,0.000566341918329366,-0.12143766124752689,0.8140906620942414,0.0,0.0,-0.9663072609713799,-0.8718882563612966,0.01053708202440469,-0.2009103400978917,nan,nan,nan,nan,nan,nan,nan,0.00014597669807273113,0.0,0.0,1.3262026496962913,-0.7956768730683343,0.007227630822525332,-0.16536095622940067,nan,nan,nan,nan,nan,nan,nan,nan,nan,nan,nan,nan,nan,nan,0.012539096665267067,0.0,0.0,1.5784527511305984,0.6263134832704917,0.21653969858132657,0.02310093070920211,nan,nan,nan,nan,nan,nan,nan,nan,nan,nan,nan,nan,nan,nan,nan,nan,nan,nan,nan,nan,nan,nan,nan,nan,nan,nan,nan,nan,nan,nan,nan,nan,nan,nan,nan,nan,nan,nan,nan,nan,nan,nan,nan,nan,nan,nan,nan,nan,nan,0.17593494799377535
1791060746.3451476,-0.3996319899798301,1.8804636274798956,-0.006898629676142461,-0.024987020200008273,1.3306314224683085,0.1850358061219943,0.0,0.0,0.0,-0.03386923504335317,-0.5078198185815114,0.1869017738843966,-0.009360803947988612,0.7477519858561392,0.0,0.0,0.030808962428982862,1.1454539701816053,0.0004474375224409658,-0.11397136248190388,0.8140906620942414,0.0,0.0,-0.9652073523621996,-0.8911822124546501,0.012550638168547889,-0.2222554606242685,nan,nan,nan,nan,nan,nan,nan,0.00014597669807273113,0.0,0.0,1.3265631442574828,-0.8128674128545645,0.004097642682246705,-0.16900564078724784,nan,nan,nan,nan,nan,nan,nan,nan,nan,nan,nan,nan,nan,nan,0.012539096665267067,0.0,0.0,1.60005403752851,0.6262956616478512,0.21967711151133043,0.005168502165263612,nan,nan,nan,nan,nan,nan,nan,nan,nan,nan,nan,nan,nan,nan,nan,nan,nan,nan,nan,nan,nan,nan,nan,nan,nan,nan,nan,nan,nan,nan,nan,nan,nan,nan,nan,nan,nan,nan,nan,nan,nan,nan,nan,nan,nan,nan,nan,nan,nan,0.17139936801686462
1791060746.4460843,-0.3820162495521522,1.8796586086337868,-0.010559145731143473,-0.02710309245005908,1.3944596090507986,0.18377388679852652,0.0,0.0,0.0,-0.013997306918618023,-0.507815565093082,0.2023592119273591,-0.005072309243807358,0.7477519858561392,0.0,0.0,0.030118377641058076,1.1336763053363053,-0.015197523729815626,-0.10577894166291872,0.8140906620942414,0.0,0.0,-0.9641006548174302,-0.9110554538922382,0.014801500313163024,-0.18684394657197423,nan,nan,nan,nan,nan,nan,nan,0.00014597669807273113,0.0,0.0,1.3270487494878984,-0.8299390422513967,0.015257807764645425,-0.16723250413190355,nan,nan,nan,nan,nan,nan,nan,nan,nan,nan,nan,nan,nan,nan,0.03715419459227863,0.0,0.0,1.6221103187852741,0.6268345590299886,0.21777531575521725,0.0006352838295914972,nan,nan,nan,nan,nan,nan,nan,nan,nan,nan,nan,nan,nan,nan,nan,nan,nan,nan,nan,nan,nan,nan,nan,nan,nan,nan,nan,nan,nan,nan,nan,nan,nan,nan,nan,nan,nan,nan,nan,nan,nan,nan,nan,nan,nan,nan,nan,nan,nan,0.15282852762906887
1791060746.5458615,-0.36643246289901804,1.87992797643326,-0.004613122508635273,-0.029170454645020997,1.4522353327204507,0.1825422696329846,0.0,0.0,0.0,0.004570276024254978,-0.5077734452706939,0.1789820312535796,0.0015151589061150159,0.7477519858561392,0.0,0.0,0.030466403468523327,1.1223834181930858,0.0008186950617107337,-0.10253415136058824,0.8140906620942414,0.0,0.0,-0.9628934847488628,-0.9321235556471488,0.012771076492284922,-0.204773944666632,nan,nan,nan,nan,nan,nan,nan,0.00014597669807273113,0.0,0.0,1.327816493018821,-0.8465542712355514,0.01691794932576371,-0.15145652932984438,nan,nan,nan,nan,nan,nan,nan,nan,nan,nan,nan,nan,nan,nan,0.02661952077431139,0.0,0.0,1.6438937889973255,0.6271636697204008,0.22001629325279407,-0.004916861944947996,nan,nan,nan,nan,nan,nan,nan,nan,nan,nan,nan,nan,nan,nan,nan,nan,nan,nan,nan,nan,nan,nan,nan,nan,nan,nan,nan,nan,nan,nan,nan,nan,nan,nan,nan,nan,nan,nan,nan,nan,nan,nan,nan,nan,nan,nan,nan,nan,nan,0.16595914196257924
1791060746.6478536,-0.3489613250466545,1.879172744713103,-0.006646939954205176,-0.031184002094714405,1.5045356349943486,0.18134399266863857,0.0,0.0,0.0,0.02399224219522118,-0.5078802771880314,0.19897572034178657,0.000593977023548525,0.7477519858561392,0.0,0.0,0.030481333166484794,1.111198622680458,0.0032554016061786305,-0.10728490958275916,0.8140906620942414,0.0,0.0,-0.961605573355667,-0.951700817853158,0.013448831593384596,-0.20753705080918775,nan,nan,nan,nan,nan,nan,nan,0.00014597669807273113,0.0,0.0,1.3282632911608656,-0.8634538763009714,-0.00465931848045763,-0.17853022118415027,nan,nan,nan,nan,nan,nan,nan,nan,nan,nan,nan,nan,nan,nan,0.16159577330980346,0.0,0.0,1.6654796866959467,0.6278193535676152,0.22354105139472907,0.002539273943456374,nan,nan,nan,nan,nan,nan,nan,nan,nan,nan,nan,nan,nan,nan,nan,nan,nan,nan,nan,nan,nan,nan,nan,nan,nan,nan,nan,nan,nan,nan,nan,nan,nan,nan,nan,nan,nan,nan,nan,nan,nan,nan,nan,nan,nan,nan,nan,nan,nan,0.1330599774666129
1791060746.7437239,-0.3372084716488882,1.880396486120119,0.004822167173532699,-0.02822095127169382,1.3615772187527904,0.1831077699993657,0.0,0.0,0.0,0.04204891679336069,-0.5076479810043448,0.1622090966040782,0.014138974198755537,0.7477519858561392,0.0,0.0,0.03007322602944354,1.0999669436347401,0.0029019259865111493,-0.11413325526417775,0.8140906620942414,0.0,0.0,-0.9603844545985738,-0.9719590533204275,0.009039000945121374,-0.1933742362450503,nan,nan,nan,nan,nan,nan,nan,0.00014597669807273113,0.0,0.0,1.3287878743665198,-0.8790345618452116,-0.001955283681307969,-0.16412504440158376,nan,nan,nan,nan,nan,nan,nan,nan,nan,nan,nan,nan,nan,nan,0.16159577330980346,0.0,0.0,1.687468802479159,0.6283501808605915,0.21058460958699027,0.009117263060279763,nan,nan,nan,nan,nan,nan,nan,nan,nan,nan,nan,nan,nan,nan,nan,nan,nan,nan,nan,nan,nan,nan,nan,nan,nan,nan,nan,nan,nan,nan,nan,nan,nan,nan,nan,nan,nan,nan,nan,nan,nan,nan,nan,nan,nan,nan,nan,nan,nan,0.09761116421601194
1791060746.843846,-0.32481390432286084,1.8806791046573275,0.00923118410946002,-0.025536983608999662,1.2320837374661051,0.18470771615147882,0.0,0.0,0.0,0.0601167721332725,-0.5075609026158884,0.16794184021617378,0.001017387749757508,0.7477519858561392,0.0,0.0,0.03057071328447463,1.0888275023517455,0.0009313836095909663,-0.12203387217241918,0.8140906620942414,0.0,0.0,-0.9591462739243793,-0.9927183577132211,0.014787331430703581,-0.20343249920858397,nan,nan,nan,nan,nan,nan,nan,0.00014597669807273113,0.0,0.0,1.329600040966358,-0.8958748561762133,0.014710839248654115,-0.1625296640178,nan,nan,nan,nan,nan,nan,nan,nan,nan,nan,nan,nan,nan,nan,0.16159577330980346,0.0,0.0,1.7093963713938016,0.6289430955319135,0.20597336502386634,0.002488210846747203,nan,nan,nan,nan,nan,nan,nan,nan,nan,nan,nan,nan,nan,nan,nan,nan,nan,nan,nan,nan,nan,nan,nan,nan,nan,nan,nan,nan,nan,nan,nan,nan,nan,nan,nan,nan,nan,nan,nan,nan,nan,nan,nan,nan,nan,nan,nan,nan,nan,0.11528105552994589
1791060746.9451702,-0.3134843934970403,1.8806027760219415,0.00950462246547277,-0.023106818314617656,1.1148354678816188,0.18615807356557734,0.0,0.0,0.0,0.07697307042999992,-0.5074613830252571,0.1770607414194135,-0.0002622050757953208,0.7477519858561392,0.0,0.0,0.03033864832450969,1.0766540472447224,-0.025973272338371264,-0.14453924665852166,0.8140906620942414,0.0,0.0,-0.9578926210977634,-1.0124264510053043,0.010585302609926267,-0.20786285521438908,nan,nan,nan,nan,nan,nan,nan,0.00014597669807273113,0.0,0.0,1.3300373985297373,-0.9120917018803291,0.0036333931820170316,-0.16893656473879198,nan,nan,nan,nan,nan,nan,nan,nan,nan,nan,nan,nan,nan,nan,0.16159577330980346,0.0,0.0,1.730207389474621,0.6296435731354874,0.2168573388377103,0.004768764057923634,nan,nan,nan,nan,nan,nan,nan,nan,nan,nan,nan,nan,nan,nan,nan,nan,nan,nan,nan,nan,nan,nan,nan,nan,nan,nan,nan,nan,nan,nan,nan,nan,nan,nan,nan,nan,nan,nan,nan,nan,nan,nan,nan,nan,nan,nan,nan,nan,nan,0.11580077610654373
1791060747.0453253,-0.3013626160529024,1.8804519263206128,0.01016867806482806,-0.02090791382418765,1.008744846358675,0.18747167732305256,0.0,0.0,0.0,0.09415700330872832,-0.5072694116036935,0.1748474077210087,0.005138626336487117,0.7477519858561392,0.0,0.0,0.030338672336859586,1.0639379292756612,-0.02461983175391896,-0.15544671513955308,0.8140906620942414,0.0,0.0,-0.9571248132150663,-1.0338821094853872,0.009965405205640238,-0.2182108896869181,nan,nan,nan,nan,nan,nan,nan,0.00014597669807273113,0.0,0.0,1.330418661178571,-0.9282649587320247,0.005847724396205529,-0.16061338484740437,nan,nan,nan,nan,nan,nan,nan,nan,nan,nan,nan,nan,nan,nan,0.16159577330980346,0.0,0.0,1.750607366355556,0.6302059661058,0.2048389659622114,0.010738274778811722,nan,nan,nan,nan,nan,nan,nan,nan,nan,nan,nan,nan,nan,nan,nan,nan,nan,nan,nan,nan,nan,nan,nan,nan,nan,nan,nan,nan,nan,nan,nan,nan,nan,nan,nan,nan,nan,nan,nan,nan,nan,nan,nan,nan,nan,nan,nan,nan,nan,0.11492590880320935
1791060747.145271,-0.2888145948225155,1.8803959752697506,0.011019742862797617,-0.01891870146309153,0.9127712483018805,0.18866095183161802,0.0,0.0,0.0,0.11204065602065212,-0.5071854802054403,0.18057242452710984,-0.001194678960528722,0.7477519858561392,0.0,0.0,0.03077179613830073,1.0502217804610874,0.031433096892830914,-0.14062360822360762,0.8140906620942414,0.0,0.0,-0.9549876551593535,-1.0552927812602508,0.02669649310026509,-0.22357021353609133,nan,nan,nan,nan,nan,nan,nan,0.00014597669807273113,0.0,0.0,1.3312209139374536,-0.9447054968475981,0.010801005447688502,-0.15928145643406988,nan,nan,nan,nan,nan,nan,nan,nan,nan,nan,nan,nan,nan,nan,0.16159577330980346,0.0,0.0,1.7709898251544096,0.6312637406197019,0.19880920618476264,0.0033470779744094025,nan,nan,nan,nan,nan,nan,nan,nan,nan,nan,nan,nan,nan,nan,nan,nan,nan,nan,nan,nan,nan,nan,nan,nan,nan,nan,nan,nan,nan,nan,nan,nan,nan,nan,nan,nan,nan,nan,nan,nan,nan,nan,nan,nan,nan,nan,nan,nan,nan,0.13243433909525498
1791060747.2457645,-0.2750790638740947,1.8803937522532688,0.010224652529013728,-0.017118348985717548,0.8259095796317572,0.1897380104775074,0.0,0.0,0.0,0.12950867721291653,-0.5072523886935956,0.1758018405654237,0.0007836882579042507,0.7477519858561392,0.0,0.0,0.03073581582085681,1.035153114948689,0.002441232873174934,-0.14627111890025904,0.8140906620942414,0.0,0.0,-0.9538953176368291,-1.0763819305301763,-0.012392298572436587,-0.2345086099758638,nan,nan,nan,nan,nan,nan,nan,0.00014597669807273113,0.0,0.0,1.3318646991919236,-0.9613943919699093,0.003687121953830993,-0.1687013272265055,nan,nan,nan,nan,nan,nan,nan,nan,nan,nan,nan,nan,nan,nan,0.16159577330980346,0.0,0.0,1.7916745131488025,0.6313836513654951,0.25699725637192133,-0.03232521197724251,nan,nan,nan,nan,nan,nan,nan,nan,nan,nan,nan,nan,nan,nan,nan,nan,nan,nan,nan,nan,nan,nan,nan,nan,nan,nan,nan,nan,nan,nan,nan,nan,nan,nan,nan,nan,nan,nan,nan,nan,nan,nan,nan,nan,nan,nan,nan,nan,nan,0.12881045933129384
1791060747.3452663,-0.25980981432132405,1.8803762516851505,0.009448809987936449,-0.015489389024095466,0.7473170916375732,0.19071305003127387,0.0,0.0,0.0,0.14747061720479435,-0.5072246159658007,0.1828929149208031,-0.0016329775370679052,0.7477519858561392,0.0,0.0,0.030498253089974288,1.020933886755015,-0.007789954068830886,-0.14050985263145982,0.8140906620942414,0.0,0.0,-0.9520452886188268,-1.096780338852129,0.008620116856189509,-0.19675633287988092,nan,nan,nan,nan,nan,nan,nan,0.00014597669807273113,0.0,0.0,1.3326540788022687,-0.9779017002726696,0.006577581024268606,-0.16616292709693753,nan,nan,nan,nan,nan,nan,nan,nan,nan,nan,nan,nan,nan,nan,0.16159577330980346,0.0,0.0,1.8116610362511785,0.6320413992428041,0.20936180990364356,0.013166141670934335,nan,nan,nan,nan,nan,nan,nan,nan,nan,nan,nan,nan,nan,nan,nan,nan,nan,nan,nan,nan,nan,nan,nan,nan,nan,nan,nan,nan,nan,nan,nan,nan,nan,nan,nan,nan,nan,nan,nan,nan,nan,nan,nan,nan,nan,nan,nan,nan,nan,0.1288436233759546
1791060747.4483435,-0.2433894391557475,1.8802143484454423,0.009290075705945195,-0.014015378772697562,0.6762004677084394,0.19159572472938347,0.0,0.0,0.0,0.1671823284131339,-0.507275924044918,0.17540991203329565,-0.000879754572583542,0.7477519858561392,0.0,0.0,0.030205867217730175,1.004850137902852,-0.0025961888906292554,-0.13840217993556048,0.8140906620942414,0.0,0.0,-0.9508706841432597,-1.1182107067521196,0.0028999455271373617,-0.22359571996976468,nan,nan,nan,nan,nan,nan,nan,0.00014597669807273113,0.0,0.0,1.3334630629913655,-0.99448995924965,0.013757522805332018,-0.1677712050897578,nan,nan,nan,nan,nan,nan,nan,nan,nan,nan,nan,nan,nan,nan,0.16159577330980346,0.0,0.0,1.8351534624510648,0.6332473948738817,0.21183557992736343,0.02281144200516163,nan,nan,nan,nan,nan,nan,nan,nan,nan,nan,nan,nan,nan,nan,nan,nan,nan,nan,nan,nan,nan,nan,nan,nan,nan,nan,nan,nan,nan,nan,nan,nan,nan,nan,nan,nan,nan,nan,nan,nan,nan,nan,nan,nan,nan,nan,nan,nan,nan,0.1552889532639053
1791060747.5454748,-0.22963791612670473,1.8801282642036241,0.010378573823925187,-0.012682650302711618,0.61190027080699,0.19239407969235306,0.0,0.0,0.0,0.18353906522296407,-0.507255712911356,0.18463690997766352,-0.0008840099881248839,0.7477519858561392,0.0,0.0,0.030364500708384756,0.9921972316513603,-0.003952646776220785,-0.13491470168620684,0.8140906620942414,0.0,0.0,-0.9496581556096914,-1.1383103781480466,0.0039229548938948654,-0.2039987541521254,nan,nan,nan,nan,nan,nan,nan,0.00014597669807273113,0.0,0.0,1.334365780679783,-1.0113358763355405,0.008260055589550811,-0.16838714772753854,nan,nan,nan,nan,nan,nan,nan,nan,nan,nan,nan,nan,nan,nan,0.16159577330980346,0.0,0.0,1.8543568858213975,0.6336625534764329,0.22093166441184003,0.005572518367111896,nan,nan,nan,nan,nan,nan,nan,nan,nan,nan,nan,nan,nan,nan,nan,nan,nan,nan,nan,nan,nan,nan,nan,nan,nan,nan,nan,nan,nan,nan,nan,nan,nan,nan,nan,nan,nan,nan,nan,nan,nan,nan,nan,nan,nan,nan,nan,nan,nan,0.15738836096904274
1791060747.6451821,-0.21383567949336568,1.8800521057156412,0.011958702553204017,-0.011475896573699747,0.5536779816201761,0.19311718116423238,0.0,0.0,0.0,0.20207944314235896,-0.5071698575233465,0.1924168447065549,0.0020878359226736186,0.7477519858561392,0.0,0.0,0.03053447190614908,0.9783409194487795,-2.3735038553052558e-06,-0.13955144161649163,0.8140906620942414,0.0,0.0,-0.9480676855373746,-1.1586593705984858,0.00319388682735724,-0.19494050208704033,nan,nan,nan,nan,nan,nan,nan,0.00014597669807273113,0.0,0.0,1.3351882711697045,-1.02870272365314,0.010158643424672814,-0.17777393550833143,nan,nan,nan,nan,nan,nan,nan,nan,nan,nan,nan,nan,nan,nan,0.16159577330980346,0.0,0.0,1.876642566906474,0.6339490699120096,0.22193527401921426,0.012231996517108771,nan,nan,nan,nan,nan,nan,nan,nan,nan,nan,nan,nan,nan,nan,nan,nan,nan,nan,nan,nan,nan,nan,nan,nan,nan,nan,nan,nan,nan,nan,nan,nan,nan,nan,nan,nan,nan,nan,nan,nan,nan,nan,nan,nan,nan,nan,nan,nan,nan,0.16033120382523808
1791060747.7436795,-0.1978565685297387,1.8797935164282258,0.012842522031602436,-0.01038521402090154,0.5010557825141272,0.193770886936478,0.0,0.0,0.0,0.22037145022668125,-0.5071558676208975,0.18438377836471223,-0.004100823080117737,0.7477519858561392,0.0,0.0,0.031107412260536024,0.9648903744348535,0.006782731284177874,-0.1396699806003933,0.8140906620942414,0.0,0.0,-0.9467948128163242,-1.179755465561192,0.013407134529777908,-0.21452732988909226,nan,nan,nan,nan,nan,nan,nan,0.00014597669807273113,0.0,0.0,1.3366495393996498,-1.0462363755642277,0.028290368611561943,-0.18121443232992815,nan,nan,nan,nan,nan,nan,nan,nan,nan,nan,nan,nan,nan,nan,0.16159577330980346,0.0,0.0,1.898778366515305,0.6346880366210675,0.21250992336888377,0.010463282995579776,nan,nan,nan,nan,nan,nan,nan,nan,nan,nan,nan,nan,nan,nan,nan,nan,nan,nan,nan,nan,nan,nan,nan,nan,nan,nan,nan,nan,nan,nan,nan,nan,nan,nan,nan,nan,nan,nan,nan,nan,nan,nan,nan,nan,nan,nan,nan,nan,nan,0.1512442987717139
1791060747.8436062,-0.18180666051218855,1.8795829149893664,0.013931351333941725,-0.009397501385512071,0.45340157659905267,0.1943629925532254,0.0,0.0,0.0,0.23911911327401444,-0.5070030132958452,0.18808487655677886,0.00030940873767261267,0.7477519858561392,0.0,0.0,0.03124113348425322,0.9508135551732019,0.00019980430633850257,-0.1471135724597692,0.8140906620942414,0.0,0.0,-0.9458189838815131,-1.1987699744415656,0.005936731663564252,-0.18434048939622846,nan,nan,nan,nan,nan,nan,nan,0.00014597669807273113,0.0,0.0,1.3384479487124978,-1.064837693209027,0.024288173281163387,-0.19550927766848725,nan,nan,nan,nan,nan,nan,nan,nan,nan,nan,nan,nan,nan,nan,0.16159577330980346,0.0,0.0,1.9197509925119558,0.6359671298392453,0.20350504710140324,0.012856707566271601,nan,nan,nan,nan,nan,nan,nan,nan,nan,nan,nan,nan,nan,nan,nan,nan,nan,nan,nan,nan,nan,nan,nan,nan,nan,nan,nan,nan,nan,nan,nan,nan,nan,nan,nan,nan,nan,nan,nan,nan,nan,nan,nan,nan,nan,nan,nan,nan,nan,0.15555260867010356
1791060747.9452195,-0.16598165735785866,1.8794632183250533,0.015444407215270331,-0.008503210890711136,0.41025471195422275,0.19489917985578697,0.0,0.0,0.0,0.25753543106182863,-0.5069056826370681,0.18308565437051877,-0.0003651931245507187,0.7477519858561392,0.0,0.0,0.031350774723602315,0.9366876558346592,0.004226272388740147,-0.152148897371556,0.8140906620942414,0.0,0.0,-0.9445200320202022,-1.2189650045756921,0.013284930446938854,-0.19767645180347243,nan,nan,nan,nan,nan,nan,nan,0.00014597669807273113,0.0,0.0,1.339642615189905,-1.0831579539126683,0.012929481615743442,-0.1833676453386058,nan,nan,nan,nan,nan,nan,nan,nan,nan,nan,nan,nan,nan,nan,0.16159577330980346,0.0,0.0,1.940587741400712,0.6363625664882049,0.20812744685067322,0.0046709606443252946,nan,nan,nan,nan,nan,nan,nan,nan,nan,nan,nan,nan,nan,nan,nan,nan,nan,nan,nan,nan,nan,nan,nan,nan,nan,nan,nan,nan,nan,nan,nan,nan,nan,nan,nan,nan,nan,nan,nan,nan,nan,nan,nan,nan,nan,nan,nan,nan,nan,0.16496001937661317
1791060748.0466588,-0.14869531173498637,1.8794221471965096,0.017299605217254335,-0.007694023388406533,0.3712138143519326,0.19538440563965082,0.0,0.0,0.0,0.2762262162249259,-0.506788968026009,0.19128059601569622,0.0017055158316693448,0.7477519858561392,0.0,0.0,0.03138224712692514,0.9219748729282214,0.002349238207128925,-0.14473443497615435,0.8140906620942414,0.0,0.0,-0.9430230607196021,-1.2381033429356743,0.017446088005935594,-0.19376912397459306,nan,nan,nan,nan,nan,nan,nan,0.00014597669807273113,0.0,0.0,1.3407212145227598,-1.1020485705700012,0.004657456909825787,-0.1960584793517629,nan,nan,nan,nan,nan,nan,nan,nan,nan,nan,nan,nan,nan,nan,0.16159577330980346,0.0,0.0,1.9598500521045652,0.6374955528132172,0.18879630453276425,0.01063125571512207,nan,nan,nan,nan,nan,nan,nan,nan,nan,nan,nan,nan,nan,nan,nan,nan,nan,nan,nan,nan,nan,nan,nan,nan,nan,nan,nan,nan,nan,nan,nan,nan,nan,nan,nan,nan,nan,nan,nan,nan,nan,nan,nan,nan,nan,nan,nan,nan,nan,0.1578942216118703
1791060748.145182,-0.13495787008397908,1.879740853506145,0.0241642834538267,-0.006962007748012062,0.33589623025860155,0.1958234026469381,0.0,0.0,0.0,0.2946465435592287,-0.506514816313119,0.18236088565851372,-0.0016705547383671013,0.7477519858561392,0.0,0.0,0.03136856180161656,0.9070686645678459,-0.0015811923486379331,-0.14594341996958857,0.8140906620942414,0.0,0.0,-0.9414094826076035,-1.2574365717973086,0.009878541156084523,-0.18817271662884177,nan,nan,nan,nan,nan,nan,nan,0.00014597669807273113,0.0,0.0,1.341578362961951,-1.1199619299867236,0.012798841876723885,-0.16922798521013555,nan,nan,nan,nan,nan,nan,nan,nan,nan,nan,nan,nan,nan,nan,0.16159577330980346,0.0,0.0,1.9805861403338683,0.6377854140668691,0.20187183696223332,-0.004108155813669677,nan,nan,nan,nan,nan,nan,nan,nan,nan,nan,nan,nan,nan,nan,nan,nan,nan,nan,nan,nan,nan,nan,nan,nan,nan,nan,nan,nan,nan,nan,nan,nan,nan,nan,nan,nan,nan,nan,nan,nan,nan,nan,nan,nan,nan,nan,nan,nan,nan,0.15209457634181175
1791060748.245216,-0.11843308268993248,1.8792893942581204,0.019768080826197052,-0.0062994851160764675,0.3039314777643635,0.19622075884033582,0.0,0.0,0.0,0.31337630728764737,-0.5064429442371279,0.18662168125055945,0.0016687045551324914,0.7477519858561392,0.0,0.0,0.03139554547267173,0.8927870366593422,-0.004014442623177536,-0.13657928877305703,0.8140906620942414,0.0,0.0,-0.9398952444132355,-1.2774982779049002,0.013187136999493322,-0.20818786683909996,nan,nan,nan,nan,nan,nan,nan,0.00014597669807273113,0.0,0.0,1.3425343954244524,-1.1381967540652769,0.009742365316462701,-0.17624580047788047,nan,nan,nan,nan,nan,nan,nan,nan,nan,nan,nan,nan,nan,nan,0.16159577330980346,0.0,0.0,1.9992312212268384,0.6385224443237814,0.18812302195537012,0.02347342192953301,nan,nan,nan,nan,nan,nan,nan,nan,nan,nan,nan,nan,nan,nan,nan,nan,nan,nan,nan,nan,nan,nan,nan,nan,nan,nan,nan,nan,nan,nan,nan,nan,nan,nan,nan,nan,nan,nan,nan,nan,nan,nan,nan,nan,nan,nan,nan,nan,nan,0.2333196810629033
1791060748.3477476,-0.10081362777100264,1.8793838301947114,0.020477492761099815,-0.005700009848398584,0.2750085736489861,0.19658032740110334,0.0,0.0,0.0,0.333263318295786,-0.5065254279389201,0.1719416487546934,0.0004048019294105757,0.7477519858561392,0.0,0.0,0.031469852779572594,0.8767312023140891,-0.0009157083321254452,-0.14763261411246556,0.8140906620942414,0.0,0.0,-0.9384108439106109,-1.2961144205767299,0.01300373481566327,-0.17511582933562145,nan,nan,nan,nan,nan,nan,nan,0.00014597669807273113,0.0,0.0,1.3446781205924407,-1.157137684193063,0.014704708992092402,-0.17480535286145737,nan,nan,nan,nan,nan,nan,nan,nan,nan,nan,nan,nan,nan,nan,0.16159577330980346,0.0,0.0,2.019741987229342,0.639762108195255,0.18222410353498975,0.001774870142018293,nan,nan,nan,nan,nan,nan,nan,nan,nan,nan,nan,nan,nan,nan,nan,nan,nan,nan,nan,nan,nan,nan,nan,nan,nan,nan,nan,nan,nan,nan,nan,nan,nan,nan,nan,nan,nan,nan,nan,nan,nan,nan,nan,nan,nan,nan,nan,nan,nan,0.17322109402304975
1791060748.4452252,-0.08602410072014459,1.8797951081514268,0.024843357342505593,-0.005157785526357854,0.24884785790143285,0.19690557564085062,0.0,0.0,0.0,0.3501891715965729,-0.5066182423022846,0.19258477916329014,0.0002923707799912246,0.7477519858561392,0.0,0.0,0.03165335831312046,0.8637196433336624,0.0011207063956384343,-0.1524556757197384,0.8140906620942414,0.0,0.0,-0.9368865004853913,-1.3156791319267578,0.01836243519256413,-0.2045325400743499,nan,nan,nan,nan,nan,nan,nan,0.00014597669807273113,0.0,0.0,1.3458206639600248,-1.1753794112991354,0.014759319044677598,-0.17757437364703538,nan,nan,nan,nan,nan,nan,nan,nan,nan,nan,nan,nan,nan,nan,0.16159577330980346,0.0,0.0,2.0361077741059876,0.6404530042604172,0.16091023554651251,0.021371001129862743,nan,nan,nan,nan,nan,nan,nan,nan,nan,nan,nan,nan,nan,nan,nan,nan,nan,nan,nan,nan,nan,nan,nan,nan,nan,nan,nan,nan,nan,nan,nan,nan,nan,nan,nan,nan,nan,nan,nan,nan,nan,nan,nan,nan,nan,nan,nan,nan,nan,0.12823335268995475
1791060748.5482984,-0.06680367429839383,1.8794727075504323,0.019831367907574244,-0.004666957339457823,0.22516685327579725,0.1972000085494986,0.0,0.0,0.0,0.3698934760620465,-0.5066770480928762,0.16937461118791985,-0.000963187661185357,0.7477519858561392,0.0,0.0,0.0320212039096891,0.8470923735498825,0.02076399817127,-0.15301330218946288,0.8140906620942414,0.0,0.0,-0.9353619856737453,-1.3362014977042844,0.016742433846125285,-0.1903321315184143,nan,nan,nan,nan,nan,nan,nan,0.00014597669807273113,0.0,0.0,1.3468013395844678,-1.195601008168444,0.01033665511096718,-0.17929048542298598,nan,nan,nan,nan,nan,nan,nan,nan,nan,nan,nan,nan,nan,nan,0.16159577330980346,0.0,0.0,2.058643049834579,0.6407941813336783,0.21096864647156718,0.018535226822584988,nan,nan,nan,nan,nan,nan,nan,nan,nan,nan,nan,nan,nan,nan,nan,nan,nan,nan,nan,nan,nan,nan,nan,nan,nan,nan,nan,nan,nan,nan,nan,nan,nan,nan,nan,nan,nan,nan,nan,nan,nan,nan,nan,nan,nan,nan,nan,nan,nan,0.16795451519715118
1791060748.6477306,-0.05070832194513617,1.8796270756028441,0.018312891654814475,-0.004223357472292001,0.20376447503702516,0.19746612110365436,0.0,0.0,0.0,0.38796031006345294,-0.5067732319036936,0.17712295834187625,0.0005680918891590332,0.7477519858561392,0.0,0.0,0.03206599995145868,0.8319585103333662,0.004778708085889637,-0.1481557870366616,0.8140906620942414,0.0,0.0,-0.9339371809549403,-1.35324018666843,0.01794922634570429,-0.19288187028789933,nan,nan,nan,nan,nan,nan,nan,0.00014597669807273113,0.0,0.0,1.3476941549129573,-1.2130693971511064,0.00946362620775832,-0.17067069648857236,nan,nan,nan,nan,nan,nan,nan,nan,nan,nan,nan,nan,nan,nan,0.16159577330980346,0.0,0.0,2.0769918774450993,0.641955080841095,0.21310778091800298,0.013743811107200974,nan,nan,nan,nan,nan,nan,nan,nan,nan,nan,nan,nan,nan,nan,nan,nan,nan,nan,nan,nan,nan,nan,nan,nan,nan,nan,nan,nan,nan,nan,nan,nan,nan,nan,nan,nan,nan,nan,nan,nan,nan,nan,nan,nan,nan,nan,nan,nan,nan,0.1727955049798801
1791060748.7451842,-0.03592730465256682,1.879984052205847,0.02117316635405757,-0.0038214518716775192,0.1843737215284886,0.19770722932350462,0.0,0.0,0.0,0.4040178015408199,-0.5067152334516594,0.1817083325101137,-0.0005840882478847344,0.7477519858561392,0.0,0.0,0.03222279041320439,0.8182655415169432,-0.0021243601253316817,-0.13870015099059113,0.8140906620942414,0.0,0.0,-0.9327707874686932,-1.371959145676608,0.004505241348994007,-0.17959932534527076,nan,nan,nan,nan,nan,nan,nan,0.00014597669807273113,0.0,0.0,1.3482688633308575,-1.2284658701060667,0.012890852198924628,-0.1140226617998788,nan,nan,nan,nan,nan,nan,nan,nan,nan,nan,nan,nan,nan,nan,0.16159577330980346,0.0,0.0,2.097773934545484,0.6426781748350886,0.19578680849575406,0.005919504482717044,nan,nan,nan,nan,nan,nan,nan,nan,nan,nan,nan,nan,nan,nan,nan,nan,nan,nan,nan,nan,nan,nan,nan,nan,nan,nan,nan,nan,nan,nan,nan,nan,nan,nan,nan,nan,nan,nan,nan,nan,nan,nan,nan,nan,nan,nan,nan,nan,nan,0.16446380722189521
1791060748.8478518,-0.016980522412929567,1.8801490132085221,0.02073291628380248,-0.004193812440618125,0.3571564128325475,0.19748384529708882,0.0,0.0,0.0,0.4216856422624232,-0.5068116360243082,0.17777490598732357,-0.0036119428951895596,0.7477519858561392,0.0,0.0,0.03242813442309597,0.8034615896667102,-0.002074036076343642,-0.14142392120647734,0.8140906620942414,0.0,0.0,-0.931638322568837,-1.3909342015657207,0.013928327391854787,-0.1917003029904159,nan,nan,nan,nan,nan,nan,nan,0.00014597669807273113,0.0,0.0,1.3490450431336203,-1.2453436259094506,0.015902015153855975,-0.1368565607958741,nan,nan,nan,nan,nan,nan,nan,nan,nan,nan,nan,nan,nan,nan,0.005769719153379932,0.0,0.0,2.1188638425750015,0.6437797896135432,0.20529139021700443,0.00985989650663965,nan,nan,nan,nan,nan,nan,nan,nan,nan,nan,nan,nan,nan,nan,nan,nan,nan,nan,nan,nan,nan,nan,nan,nan,nan,nan,nan,nan,nan,nan,nan,nan,nan,nan,nan,nan,nan,nan,nan,nan,nan,nan,nan,nan,nan,nan,nan,nan,nan,0.1425235909823188
1791060748.9473968,0.001791502219866235,1.8798331159095778,0.016266174613377097,-0.0037947829280550716,0.3231739800606292,0.1977232286014198,0.0,0.0,0.0,0.44139191051797144,-0.506888832136453,0.18137033175582373,0.002985999137815258,0.7477519858561392,0.0,0.0,0.03236508887385717,0.7893757117575653,-0.01152730464681996,-0.14536239616061158,0.8140906620942414,0.0,0.0,-0.9303824723689694,-1.409404250555217,0.005752351481006564,-0.18555453168143585,nan,nan,nan,nan,nan,nan,nan,0.00014597669807273113,0.0,0.0,1.3498224901052278,-1.258582184164962,0.015608843767131734,-0.13607326722172078,nan,nan,nan,nan,nan,nan,nan,nan,nan,nan,nan,nan,nan,nan,0.005769719153379932,0.0,0.0,2.1307683819381813,0.6443099838691775,0.0077961074679106825,0.004252704634053436,nan,nan,nan,nan,nan,nan,nan,nan,nan,nan,nan,nan,nan,nan,nan,nan,nan,nan,nan,nan,nan,nan,nan,nan,nan,nan,nan,nan,nan,nan,nan,nan,nan,nan,nan,nan,nan,nan,nan,nan,nan,nan,nan,nan,nan,nan,nan,nan,nan,0.16002915005872134
1791060749.0463223,0.015468173631557445,1.8800192564097684,0.016004478401634888,-0.003433661587204028,0.29241990974349585,0.19793987591394818,0.0,0.0,0.0,0.45750751244810867,-0.5068885770817269,0.18190196845646442,0.009003722541675203,0.7477519858561392,0.0,0.0,0.03291183228917214,0.774956614178482,-0.000395381625448695,-0.15003465378354722,0.8140906620942414,0.0,0.0,-0.9292955128575073,-1.4265600082401675,0.015686715674101015,-0.18327233641164184,nan,nan,nan,nan,nan,nan,nan,0.00014597669807273113,0.0,0.0,1.350725700424978,-1.2725349390954808,0.00990814392743533,-0.19547775981070273,nan,nan,nan,nan,nan,nan,nan,nan,nan,nan,nan,nan,nan,nan,0.005769719153379932,0.0,0.0,2.131469449076691,0.6442243122500491,0.002086523839481924,-0.0008599395974970208,nan,nan,nan,nan,nan,nan,nan,nan,nan,nan,nan,nan,nan,nan,nan,nan,nan,nan,nan,nan,nan,nan,nan,nan,nan,nan,nan,nan,nan,nan,nan,nan,nan,nan,nan,nan,nan,nan,nan,nan,nan,nan,nan,nan,nan,nan,nan,nan,nan,0.15118305999872544
1791060749.1452444,0.031316964623387566,1.8799159420156015,0.01595791915288072,-0.0031072487647332077,0.2646217107474905,0.19813570474013087,0.0,0.0,0.0,0.4752247336923232,-0.5070592890169042,0.17783053523729322,-0.00031674730875148513,0.7477519858561392,0.0,0.0,0.03342075324572097,0.7603761542889639,0.006872865781248907,-0.15896579423199164,0.8140906620942414,0.0,0.0,-0.9281693353889479,-1.4450884048946016,0.005785802048773667,-0.17891429760766578,nan,nan,nan,nan,nan,nan,nan,0.00014597669807273113,0.0,0.0,1.3516916919295396,-1.2876934265304991,0.01690265118074974,-0.17994280347309238,nan,nan,nan,nan,nan,nan,nan,nan,nan,nan,nan,nan,nan,nan,0.005769719153379932,0.0,0.0,2.1316137813803744,0.6442069702246364,0.0022742950879830193,-0.00047351979334225803,nan,nan,nan,nan,nan,nan,nan,nan,nan,nan,nan,nan,nan,nan,nan,nan,nan,nan,nan,nan,nan,nan,nan,nan,nan,nan,nan,nan,nan,nan,nan,nan,nan,nan,nan,nan,nan,nan,nan,nan,nan,nan,nan,nan,nan,nan,nan,nan,nan,0.15718638200950266
1791060749.2453613,0.04706125943958765,1.8799753681861762,0.015742310365270698,-0.002811554950046824,0.23943962555757792,0.19831310703364544,0.0,0.0,0.0,0.4935887771318906,-0.5072021224185733,0.19030731750000263,0.0002962856917812877,0.7477519858561392,0.0,0.0,0.033646506361700426,0.7453528238813129,0.004858844757447861,-0.1488988485943708,0.8140906620942414,0.0,0.0,-0.9269383921705607,-1.4644630969605437,0.015194534534662404,-0.2078348812315618,nan,nan,nan,nan,nan,nan,nan,0.00014597669807273113,0.0,0.0,1.3525321259545362,-1.3064869234287504,0.0033456075877875235,-0.1895680245409843,nan,nan,nan,nan,nan,nan,nan,nan,nan,nan,nan,nan,nan,nan,0.005769719153379932,0.0,0.0,2.1314062382927146,0.6442175667249406,-0.0007199147463719265,0.0002758346027567144,nan,nan,nan,nan,nan,nan,nan,nan,nan,nan,nan,nan,nan,nan,nan,nan,nan,nan,nan,nan,nan,nan,nan,nan,nan,nan,nan,nan,nan,nan,nan,nan,nan,nan,nan,nan,nan,nan,nan,nan,nan,nan,nan,nan,nan,nan,nan,nan,nan,0.16195831765653945
1791060749.3453355,0.06322746811746914,1.8799966298191697,0.014911684088154584,-0.0025440001222358432,0.21665393261349497,0.19847362956226164,0.0,0.0,0.0,0.5110378111255026,-0.507591023015971,0.15745575730371003,-0.01012188970911846,0.7477519858561392,0.0,0.0,0.03371580900038415,0.7304115687099979,-0.0011518419509604944,-0.13829868527790662,0.8140906620942414,0.0,0.0,-0.9259175981728085,-1.4828906733328107,0.008979094247201464,-0.17613813180549223,nan,nan,nan,nan,nan,nan,nan,0.00014597669807273113,0.0,0.0,1.3535204693212917,-1.324279370657665,0.014906471003490004,-0.1744249431839917,nan,nan,nan,nan,nan,nan,nan,nan,nan,nan,nan,nan,nan,nan,0.005769719153379932,0.0,0.0,2.1315939699457584,0.6442240331988277,-0.001708411015220903,0.0012561241907453253,nan,nan,nan,nan,nan,nan,nan,nan,nan,nan,nan,nan,nan,nan,nan,nan,nan,nan,nan,nan,nan,nan,nan,nan,nan,nan,nan,nan,nan,nan,nan,nan,nan,nan,nan,nan,nan,nan,nan,nan,nan,nan,nan,nan,nan,nan,nan,nan,nan,0.16975344113433188
1791060749.4454248,0.0794905972197975,1.8799016654779388,0.01444279105844663,-0.0023019540144836067,0.1960406312775565,0.1986188495473568,0.0,0.0,0.0,0.5283511601332774,-0.5078582217377727,0.16459037401192073,-0.011672872658837208,0.7477519858561392,0.0,0.0,0.03369264207952992,0.7158819632306849,-0.006009871886545388,-0.13835996136845183,0.8140906620942414,0.0,0.0,-0.9247795518801277,-1.502618447452108,0.02000391949606728,-0.21546732342366365,nan,nan,nan,nan,nan,nan,nan,0.00014597669807273113,0.0,0.0,1.3546202103625666,-1.341472323245734,0.006756316803270704,-0.18207510947953015,nan,nan,nan,nan,nan,nan,nan,nan,nan,nan,nan,nan,nan,nan,0.005769719153379932,0.0,0.0,2.131553085173017,0.6442161123471455,0.000862559213104846,-0.0005105777067569217,nan,nan,nan,nan,nan,nan,nan,nan,nan,nan,nan,nan,nan,nan,nan,nan,nan,nan,nan,nan,nan,nan,nan,nan,nan,nan,nan,nan,nan,nan,nan,nan,nan,nan,nan,nan,nan,nan,nan,nan,nan,nan,nan,nan,nan,nan,nan,nan,nan,0.15943921831941868
1791060749.5481339,0.09738253300965659,1.8801461209502321,0.015523432533322674,-0.0020828941274734936,0.17738489868392063,0.19875027978901183,0.0,0.0,0.0,0.5460024353395992,-0.5080821779791705,0.14427029854912402,-0.0035485025483611523,0.7477519858561392,0.0,0.0,0.0338277222402548,0.7002603934864918,-9.94336027700165e-05,-0.1435609880790699,0.8140906620942414,0.0,0.0,-0.9237147353394478,-1.523050583469494,0.0013747359372287093,-0.19169605486830824,nan,nan,nan,nan,nan,nan,nan,0.00014597669807273113,0.0,0.0,1.3559012070306198,-1.3603234461763674,0.012453820036304533,-0.1684183719017625,nan,nan,nan,nan,nan,nan,nan,nan,nan,nan,nan,nan,nan,nan,0.005769719153379932,0.0,0.0,2.1315540703313847,0.6442292064668811,-0.0006939870813526889,-0.0007758378883064947,nan,nan,nan,nan,nan,nan,nan,nan,nan,nan,nan,nan,nan,nan,nan,nan,nan,nan,nan,nan,nan,nan,nan,nan,nan,nan,nan,nan,nan,nan,nan,nan,nan,nan,nan,nan,nan,nan,nan,nan,nan,nan,nan,nan,nan,nan,nan,nan,nan,0.15349323314541993
1791060749.6452355,0.11082003482628157,1.8800573761499646,0.012930826304882816,-0.001884775893326267,0.16051261390088606,0.19886914651564302,0.0,0.0,0.0,0.5607600347321673,-0.5079835816304062,0.1600644179029004,0.013976624943715172,0.7477519858561392,0.0,0.0,0.03399560203928992,0.687623587445979,0.001618359618907775,-0.14475151185297097,0.8140906620942414,0.0,0.0,-0.9224501752568774,-1.5421043683577167,0.01460086795782131,-0.2016811507944541,nan,nan,nan,nan,nan,nan,nan,0.00014597669807273113,0.0,0.0,1.3570137262519757,-1.3766908583260806,0.013983942957326488,-0.17799424425363553,nan,nan,nan,nan,nan,nan,nan,nan,nan,nan,nan,nan,nan,nan,0.005769719153379932,0.0,0.0,2.1316452175539715,0.644228700069682,0.003645926813064573,0.0049484544452846144,nan,nan,nan,nan,nan,nan,nan,nan,nan,nan,nan,nan,nan,nan,nan,nan,nan,nan,nan,nan,nan,nan,nan,nan,nan,nan,nan,nan,nan,nan,nan,nan,nan,nan,nan,nan,nan,nan,nan,nan,nan,nan,nan,nan,nan,nan,nan,nan,nan,0.17709922511548265
1791060749.745031,0.12650257438431756,1.8803738020577307,0.012980094874402789,-0.0017054157534542413,0.14523781917201287,0.19897675947602178,0.0,0.0,0.0,0.5765291993601226,-0.5083354273253919,0.15890647690061255,-0.006166082053839914,0.7477519858561392,0.0,0.0,0.03410857835653242,0.673056914620659,-0.0007626625392889177,-0.15785144111833424,0.8140906620942414,0.0,0.0,-0.9211786348446753,-1.5613367153650006,0.015870637598487388,-0.1912584155136405,nan,nan,nan,nan,nan,nan,nan,0.00014597669807273113,0.0,0.0,1.3576600600459705,-1.3947056326072413,0.002794372338515882,-0.1903071401980464,nan,nan,nan,nan,nan,nan,nan,nan,nan,nan,nan,nan,nan,nan,0.005769719153379932,0.0,0.0,2.131628352026937,0.6442156953940494,-0.00047801173483252255,-0.0015392155523542021,nan,nan,nan,nan,nan,nan,nan,nan,nan,nan,nan,nan,nan,nan,nan,nan,nan,nan,nan,nan,nan,nan,nan,nan,nan,nan,nan,nan,nan,nan,nan,nan,nan,nan,nan,nan,nan,nan,nan,nan,nan,nan,nan,nan,nan,nan,nan,nan,nan,0.13981643240562786
1791060749.8448343,0.14221119028235343,1.8803865958668875,0.011207536978360405,-0.0015432645864212609,0.1314285871250082,0.1990740478640628,0.0,0.0,0.0,0.5930437553186222,-0.5085808546436216,0.17074557168659926,-0.0033977374158385937,0.7477519858561392,0.0,0.0,0.03452675356810196,0.6582341393764255,0.006486752927525437,-0.16171930585196326,0.8140906620942414,0.0,0.0,-0.9199403076732701,-1.5808202367585278,0.01694570267840809,-0.1968115613537837,nan,nan,nan,nan,nan,nan,nan,0.00014597669807273113,0.0,0.0,1.3585295147043166,-1.4122807231803438,0.01587469939242121,-0.1796178382512887,nan,nan,nan,nan,nan,nan,nan,nan,nan,nan,nan,nan,nan,nan,0.005769719153379932,0.0,0.0,2.1316635037764207,0.6442223884959624,0.0008388432421176187,0.0006597022671298861,nan,nan,nan,nan,nan,nan,nan,nan,nan,nan,nan,nan,nan,nan,nan,nan,nan,nan,nan,nan,nan,nan,nan,nan,nan,nan,nan,nan,nan,nan,nan,nan,nan,nan,nan,nan,nan,nan,nan,nan,nan,nan,nan,nan,nan,nan,nan,nan,nan,0.13844522505027487
1791060749.9448736,0.1572544569637737,1.880242781970948,0.009777984525365936,-0.001396403544182673,0.11892150346939,0.19916216277468882,0.0,0.0,0.0,0.6092712210791829,-0.5087169448470762,0.15392555698520524,-0.008145969013885652,0.7477519858561392,0.0,0.0,0.034858885216333305,0.6427228206111905,0.0014029912287015275,-0.15033805843650438,0.8140906620942414,0.0,0.0,-0.918921225732069,-1.6001110925667872,0.018678400380184503,-0.19818760845043132,nan,nan,nan,nan,nan,nan,nan,0.00014597669807273113,0.0,0.0,1.3591778368139398,-1.430831011738182,0.0024258899368248595,-0.18836193383688915,nan,nan,nan,nan,nan,nan,nan,nan,nan,nan,nan,nan,nan,nan,0.005769719153379932,0.0,0.0,2.1316450656872235,0.6442216436387663,8.923912643225054e-05,0.0008590075937930208,nan,nan,nan,nan,nan,nan,nan,nan,nan,nan,nan,nan,nan,nan,nan,nan,nan,nan,nan,nan,nan,nan,nan,nan,nan,nan,nan,nan,nan,nan,nan,nan,nan,nan,nan,nan,nan,nan,nan,nan,nan,nan,nan,nan,nan,nan,nan,nan,nan,0.14338211420904498
1791060750.0449777,0.17208284088687548,1.8800308461094843,0.007520352808203211,-0.0012635181778697666,0.1076046261835614,0.19924189272417986,0.0,0.0,0.0,0.6261685299953746,-0.5090044317378591,0.16945048502078996,0.00030044395778391073,0.7477519858561392,0.0,0.0,0.03489624936011988,0.6269747044226269,-0.012331868779123276,-0.15370202487569254,0.8140906620942414,0.0,0.0,-0.9177777376626087,-1.618895133350944,0.015987716408341467,-0.1865287616495802,nan,nan,nan,nan,nan,nan,nan,0.00014597669807273113,0.0,0.0,1.3601865848106274,-1.4488348201574448,0.015148764281009319,-0.18026137020539723,nan,nan,nan,nan,nan,nan,nan,nan,nan,nan,nan,nan,nan,nan,0.005769719153379932,0.0,0.0,2.1316394092383764,0.6442207347651003,-0.00020862234977308712,0.003155008946537788,nan,nan,nan,nan,nan,nan,nan,nan,nan,nan,nan,nan,nan,nan,nan,nan,nan,nan,nan,nan,nan,nan,nan,nan,nan,nan,nan,nan,nan,nan,nan,nan,nan,nan,nan,nan,nan,nan,nan,nan,nan,nan,nan,nan,nan,nan,nan,nan,nan,0.16968227792956808
1791060750.1448784,0.18714038476898726,1.8801602680735259,0.010679789573977505,-0.0011433984599984511,0.09737490605352776,0.1993139636146885,0.0,0.0,0.0,0.6424389498537423,-0.5093933705003189,0.17632126440192683,-0.012152822387153399,0.7477519858561392,0.0,0.0,0.035018207405810395,0.6117098026305954,-0.009639549608404283,-0.15827436718959056,0.8140906620942414,0.0,0.0,-0.9166343009189206,-1.6394627119672303,0.016989316923937178,-0.22352237640520392,nan,nan,nan,nan,nan,nan,nan,0.00014597669807273113,0.0,0.0,1.3612213441543706,-1.46740562588647,0.009686032870558883,-0.19177030226369537,nan,nan,nan,nan,nan,nan,nan,nan,nan,nan,nan,nan,nan,nan,0.005769719153379932,0.0,0.0,2.1316346301978943,0.6442256738028697,3.297172813440576e-05,-6.830604212421473e-05,nan,nan,nan,nan,nan,nan,nan,nan,nan,nan,nan,nan,nan,nan,nan,nan,nan,nan,nan,nan,nan,nan,nan,nan,nan,nan,nan,nan,nan,nan,nan,nan,nan,nan,nan,nan,nan,nan,nan,nan,nan,nan,nan,nan,nan,nan,nan,nan,nan,0.16145035164185367
1791060750.2442975,0.20398011257297147,1.879980769439745,0.010655990342266122,-0.0010345962182622972,0.08810901280797839,0.1993792442623923,0.0,0.0,0.0,0.6595546756558168,-0.5095414848955815,0.16127573431818912,-0.005910572334230163,0.7477519858561392,0.0,0.0,0.03552658671082612,0.5960514743972072,0.0090254050542724,-0.16496228404654764,0.8140906620942414,0.0,0.0,-0.915103670439545,-1.6594439259835754,0.010317572986332305,-0.2019110018983412,nan,nan,nan,nan,nan,nan,nan,0.00014597669807273113,0.0,0.0,1.3624274713718971,-1.4853670053937131,0.019194237894279383,-0.14265702988026233,nan,nan,nan,nan,nan,nan,nan,nan,nan,nan,nan,nan,nan,nan,0.005769719153379932,0.0,0.0,2.1316506563487683,0.6442223759465713,0.00014658491535848828,-0.00028936336054925197,nan,nan,nan,nan,nan,nan,nan,nan,nan,nan,nan,nan,nan,nan,nan,nan,nan,nan,nan,nan,nan,nan,nan,nan,nan,nan,nan,nan,nan,nan,nan,nan,nan,nan,nan,nan,nan,nan,nan,nan,nan,nan,nan,nan,nan,nan,nan,nan,nan,0.15836783224986692
1791060750.3448496,0.22019446711522161,1.879766819429115,0.011641550513470553,-0.0009361599883830657,0.0797259171750119,0.19943830548376906,0.0,0.0,0.0,0.676684365586135,-0.5098592118788853,0.17261364118198386,-0.012995203440195374,0.7477519858561392,0.0,0.0,0.03590373569468231,0.580390010325056,0.0015445760885468885,-0.16128845806764563,0.8140906620942414,0.0,0.0,-0.9135277817588833,-1.6812762770063294,0.014902928300087022,-0.2057176386069572,nan,nan,nan,nan,nan,nan,nan,0.00014597669807273113,0.0,0.0,1.3633707866407379,-1.5030943981650595,0.0072543055804092805,-0.15368993365602593,nan,nan,nan,nan,nan,nan,nan,nan,nan,nan,nan,nan,nan,nan,0.005769719153379932,0.0,0.0,2.131650478011592,0.6442223032088851,-0.000692957008336413,-0.00014870823414364978,nan,nan,nan,nan,nan,nan,nan,nan,nan,nan,nan,nan,nan,nan,nan,nan,nan,nan,nan,nan,nan,nan,nan,nan,nan,nan,nan,nan,nan,nan,nan,nan,nan,nan,nan,nan,nan,nan,nan,nan,nan,nan,nan,nan,nan,nan,nan,nan,nan,0.15135035794032023
1791060750.444905,0.2364693459014893,1.8794834983482103,0.011808572034387625,-0.0008470725870354965,0.07213899307089493,0.1994917575418189,0.0,0.0,0.0,0.6932817802973114,-0.5100798737817125,0.14970299626685102,-0.009088858114448027,0.7477519858561392,0.0,0.0,0.03625196127595441,0.5647952743938799,-0.0007382435052492023,-0.14518187369220126,0.8140906620942414,0.0,0.0,-0.9121579976493328,-1.7009283661762644,0.014092723681559068,-0.20122316919347533,nan,nan,nan,nan,nan,nan,nan,0.00014597669807273113,0.0,0.0,1.3640471198426478,-1.518166879950847,0.0013498292184667407,-0.16189074915023116,nan,nan,nan,nan,nan,nan,nan,nan,nan,nan,nan,nan,nan,nan,0.005769719153379932,0.0,0.0,2.131662602261211,0.6442235786871106,0.0016492470794511218,0.0009749657140930509,nan,nan,nan,nan,nan,nan,nan,nan,nan,nan,nan,nan,nan,nan,nan,nan,nan,nan,nan,nan,nan,nan,nan,nan,nan,nan,nan,nan,nan,nan,nan,nan,nan,nan,nan,nan,nan,nan,nan,nan,nan,nan,nan,nan,nan,nan,nan,nan,nan,0.16412493891719548
1791060750.5448735,0.25236934963477714,1.879538724516019,0.012228530377773798,-0.0007664853737697983,0.0652759679791228,0.19954010958629445,0.0,0.0,0.0,0.7103894974836964,-0.5104453140169277,0.14440393620379458,-0.01232450177324327,0.7477519858561392,0.0,0.0,0.036472540283518366,0.5494189330588435,0.002218581035631164,-0.14625813821580716,0.8140906620942414,0.0,0.0,-0.9094168203273971,-1.720390781146882,0.014287987350853702,-0.18165357544000266,nan,nan,nan,nan,nan,nan,nan,0.00014597669807273113,0.0,0.0,1.36473638212747,-1.5337831577580332,0.013086001397819538,-0.1522845100471607,nan,nan,nan,nan,nan,nan,nan,nan,nan,nan,nan,nan,nan,nan,0.005769719153379932,0.0,0.0,2.131646937350398,0.6442126864727293,-0.00048462478734347797,-0.0009016278849603432,nan,nan,nan,nan,nan,nan,nan,nan,nan,nan,nan,nan,nan,nan,nan,nan,nan,nan,nan,nan,nan,nan,nan,nan,nan,nan,nan,nan,nan,nan,nan,nan,nan,nan,nan,nan,nan,nan,nan,nan,nan,nan,nan,nan,nan,nan,nan,nan,nan,0.16357633165711258
1791060750.6448925,0.26865278808394477,1.8793728866268171,0.01399999173744098,-0.0006935527023585822,0.059064824379270825,0.19958386897908093,0.0,0.0,0.0,0.7256623178965411,-0.5105818877029296,0.14830384846493538,0.0018815674245253042,0.7477519858561392,0.0,0.0,0.03652080318526498,0.5348777317595236,-0.010701207524212813,-0.15586813743653768,0.8140906620942414,0.0,0.0,-0.9081793287700225,-1.740532881201954,0.015892729085641585,-0.20566721987693395,nan,nan,nan,nan,nan,nan,nan,0.00014597669807273113,0.0,0.0,1.3656387658094464,-1.5495899605545875,0.013835499704329025,-0.15198792089069293,nan,nan,nan,nan,nan,nan,nan,nan,nan,nan,nan,nan,nan,nan,0.005769719153379932,0.0,0.0,2.1316246486019303,0.6442144596761912,-0.0014126630166591619,-0.001135948785794215,nan,nan,nan,nan,nan,nan,nan,nan,nan,nan,nan,nan,nan,nan,nan,nan,nan,nan,nan,nan,nan,nan,nan,nan,nan,nan,nan,nan,nan,nan,nan,nan,nan,nan,nan,nan,nan,nan,nan,nan,nan,nan,nan,nan,nan,nan,nan,nan,nan,0.15464254687176116
1791060750.7450902,0.2849127056828651,1.8792605280643815,0.014444479067680404,-0.0006275524366802462,0.05344406320565114,0.19962346898285044,0.0,0.0,0.0,0.7407256749674282,-0.5109707983611878,0.1698968449328379,0.000532706686671082,0.7477519858561392,0.0,0.0,0.03669845284082784,0.5202373402042233,0.0032357309774575962,-0.162756214335909,0.8140906620942414,0.0,0.0,-0.9081292155460007,-1.7587459615603211,0.015197255363106135,-0.18836760279487988,nan,nan,nan,nan,nan,nan,nan,0.00014597669807273113,0.0,0.0,1.3663687030953904,-1.5651763026039938,0.005219147493796417,-0.16481167780934897,nan,nan,nan,nan,nan,nan,nan,nan,nan,nan,nan,nan,nan,nan,0.005769719153379932,0.0,0.0,2.131629979151483,0.6442293482847389,-0.00033289467615717856,0.00012047523399092076,nan,nan,nan,nan,nan,nan,nan,nan,nan,nan,nan,nan,nan,nan,nan,nan,nan,nan,nan,nan,nan,nan,nan,nan,nan,nan,nan,nan,nan,nan,nan,nan,nan,nan,nan,nan,nan,nan,nan,nan,nan,nan,nan,nan,nan,nan,nan,nan,nan,0.16640963595363226
1791060750.844995,0.3008759541814284,1.879294338742024,0.014633015071716916,-0.0005678694264421677,0.04836129659519717,0.19965927867375766,0.0,0.0,0.0,0.7559825964382081,-0.5116497794468702,0.1637950972378883,-0.014685660161532828,0.7477519858561392,0.0,0.0,0.03673666077294797,0.5050631335560001,0.0033605715442918387,-0.14639040503788858,0.8140906620942414,0.0,0.0,-0.9067010211488736,-1.778953222671519,0.01514948117957966,-0.21113199425579865,nan,nan,nan,nan,nan,nan,nan,0.00014597669807273113,0.0,0.0,1.3670864964896516,-1.5809622919086166,0.0006842814022470333,-0.1618079322531376,nan,nan,nan,nan,nan,nan,nan,nan,nan,nan,nan,nan,nan,nan,0.005769719153379932,0.0,0.0,2.131629012683264,0.6442257303119915,0.0006941392766995044,0.0005040705834272437,nan,nan,nan,nan,nan,nan,nan,nan,nan,nan,nan,nan,nan,nan,nan,nan,nan,nan,nan,nan,nan,nan,nan,nan,nan,nan,nan,nan,nan,nan,nan,nan,nan,nan,nan,nan,nan,nan,nan,nan,nan,nan,nan,nan,nan,nan,nan,nan,nan,0.16643195752600665
1791060750.9448886,0.31733013331785864,1.8792741684926229,0.013236335173029058,-0.0005138295057723618,0.04375911075845083,0.19969170254072732,0.0,0.0,0.0,0.7726881539381691,-0.5117914076340442,0.17445911311464365,0.003292299702461046,0.7477519858561392,0.0,0.0,0.03681501777812392,0.4902215155398265,0.0018036271155956723,-0.14141235129474117,0.8140906620942414,0.0,0.0,-0.903750682830911,-1.799011147062989,0.004957520625771999,-0.21237927516361063,nan,nan,nan,nan,nan,nan,nan,0.00014597669807273113,0.0,0.0,1.3679239639870926,-1.5968780890836345,0.013074765026118354,-0.15893346306124687,nan,nan,nan,nan,nan,nan,nan,nan,nan,nan,nan,nan,nan,nan,0.005769719153379932,0.0,0.0,2.131628543709517,0.6442172271286339,-0.0007050681614885134,-0.00025854179798782083,nan,nan,nan,nan,nan,nan,nan,nan,nan,nan,nan,nan,nan,nan,nan,nan,nan,nan,nan,nan,nan,nan,nan,nan,nan,nan,nan,nan,nan,nan,nan,nan,nan,nan,nan,nan,nan,nan,nan,nan,nan,nan,nan,nan,nan,nan,nan,nan,nan,0.16159848204072294
1791060751.0459623,0.33385107315081536,1.879264100629952,0.011866818476538914,-0.0004649321634665564,0.03959488080723904,0.19972104088282105,0.0,0.0,0.0,0.7892954241064891,-0.5118701529960058,0.1537154629940513,-0.006139831183662149,0.7477519858561392,0.0,0.0,0.03691875537608451,0.4761088338480331,-0.002709518922332489,-0.13195960620841635,0.8140906620942414,0.0,0.0,-0.9022403099356162,-1.8211531688402167,0.012814101850199993,-0.20858383771642908,nan,nan,nan,nan,nan,nan,nan,0.00014597669807273113,0.0,0.0,1.368739403952677,-1.6130753845516088,0.012929840900396885,-0.1571384301318175,nan,nan,nan,nan,nan,nan,nan,nan,nan,nan,nan,nan,nan,nan,0.005769719153379932,0.0,0.0,2.1316283989711273,0.6442076020891352,0.00033029514586498354,-2.3210458587787556e-05,nan,nan,nan,nan,nan,nan,nan,nan,nan,nan,nan,nan,nan,nan,nan,nan,nan,nan,nan,nan,nan,nan,nan,nan,nan,nan,nan,nan,nan,nan,nan,nan,nan,nan,nan,nan,nan,nan,nan,nan,nan,nan,nan,nan,nan,nan,nan,nan,nan,0.1647532092188229
1791060751.1465662,0.3508005673966778,1.879221442117391,0.010349362067008651,0.0030642409542233195,0.22612917209614833,0.20183849278484117,0.0,0.0,0.0,0.8087006192003496,-0.5119963026331091,0.1810809304641592,-0.0021634757032950465,0.7477519858561392,0.0,0.0,0.03751404781738314,0.46144777869178777,0.06950803482019453,-0.1372199151934942,0.8140906620942414,0.0,0.0,-0.9009287693519648,-1.840919965713753,0.002181758956657927,-0.11159125995079855,nan,nan,nan,nan,nan,nan,nan,0.00014597669807273113,0.0,0.0,1.369129328275296,-1.6293479434852247,-0.010972345936394706,-0.1675078412470589,nan,nan,nan,nan,nan,nan,nan,nan,nan,nan,nan,nan,nan,nan,0.4236900569540154,0.0,0.0,2.131659612770155,0.6442175571803509,0.0017823636153368226,-0.0007334553597543445,nan,nan,nan,nan,nan,nan,nan,nan,nan,nan,nan,nan,nan,nan,nan,nan,nan,nan,nan,nan,nan,nan,nan,nan,nan,nan,nan,nan,nan,nan,nan,nan,nan,nan,nan,nan,nan,nan,nan,nan,nan,nan,nan,nan,nan,nan,nan,nan,nan,0.20475417554897485
1791060751.2456439,0.3693367646106901,1.8789902142947268,0.006535871341947064,0.011433365724816373,0.3948427958943746,0.2068573304369899,0.0,0.0,0.0,0.824028676488984,-0.5121037043599408,0.18494075375880276,0.006845049485957986,0.7477519858561392,0.0,0.0,0.03666915289188759,0.44669130860841744,-0.0056393461080865275,-0.15842295272823306,0.8140906620942414,0.0,0.0,-0.9007229900050184,-1.842144296209231,0.0027249555056249207,-0.004446805292977149,nan,nan,nan,nan,nan,nan,nan,0.00014597669807273113,0.0,0.0,1.3698186312021865,-1.6458287496322745,0.0052652057867523475,-0.16978885182490738,nan,nan,nan,nan,nan,nan,nan,nan,nan,nan,nan,nan,nan,nan,0.4678820131090429,0.0,0.0,2.1316622981406264,0.6442302476565307,-3.694442482257335e-05,0.001831577611114378,nan,nan,nan,nan,nan,nan,nan,nan,nan,nan,nan,nan,nan,nan,nan,nan,nan,nan,nan,nan,nan,nan,nan,nan,nan,nan,nan,nan,nan,nan,nan,nan,nan,nan,nan,nan,nan,nan,nan,nan,nan,nan,nan,nan,nan,nan,nan,nan,nan,0.18781013541901206
1791060751.3465407,0.38950476317519,1.878843449638777,0.006418238934342024,0.022128824257616145,0.5475992435235595,0.21325782380766173,0.0,0.0,0.0,0.8439662703264783,-0.5121104553288232,0.1951494519416037,0.0035391948287831834,0.7477519858561392,0.0,0.0,0.036852764648871036,0.43002614916317977,0.003486003048643026,-0.16053750422026708,0.8140906620942414,0.0,0.0,-0.9000950549577634,-1.8430202429895322,-0.00040094939416414213,-0.0009008864526165719,nan,nan,nan,nan,nan,nan,nan,0.00014597669807273113,0.0,0.0,1.3707382679291455,-1.6628850898710714,0.014104969662636753,-0.168003834661791,nan,nan,nan,nan,nan,nan,nan,nan,nan,nan,nan,nan,nan,nan,0.40999802080937986,0.0,0.0,2.1316299248123616,0.6442194212470183,-0.001164478688544143,0.00018487082694096716,nan,nan,nan,nan,nan,nan,nan,nan,nan,nan,nan,nan,nan,nan,nan,nan,nan,nan,nan,nan,nan,nan,nan,nan,nan,nan,nan,nan,nan,nan,nan,nan,nan,nan,nan,nan,nan,nan,nan,nan,nan,nan,nan,nan,nan,nan,nan,nan,nan,0.19459354035560916
1791060751.4459596,0.40642397903416916,1.8788000343935725,0.006499670176696726,0.03489153289754061,0.685962620987641,0.22085879364817307,0.0,0.0,0.0,0.8601284142866044,-0.5121724629602776,0.18987165279947218,0.005499475808959152,0.7477519858561392,0.0,0.0,0.03686639800473721,0.4152770235007948,-0.0009247117874567601,-0.16382404339467246,0.8140906620942414,0.0,0.0,-0.9000844199247552,-1.843070469009961,-1.5824367256166453e-05,-0.0009395093277271567,nan,nan,nan,nan,nan,nan,nan,0.00014597669807273113,0.0,0.0,1.3715773891584604,-1.6802143381997061,0.004673872342880397,-0.17334241993515181,nan,nan,nan,nan,nan,nan,nan,nan,nan,nan,nan,nan,nan,nan,0.3929192745534427,0.0,0.0,2.1316361310286958,0.6442252796960594,0.00019335782258640433,-0.00027802105000012425,nan,nan,nan,nan,nan,nan,nan,nan,nan,nan,nan,nan,nan,nan,nan,nan,nan,nan,nan,nan,nan,nan,nan,nan,nan,nan,nan,nan,nan,nan,nan,nan,nan,nan,nan,nan,nan,nan,nan,nan,nan,nan,nan,nan,nan,nan,nan,nan,nan,0.19254085456907538
1791060751.5452495,0.4250471115488111,1.8785475371402758,0.007744171499685599,0.03157116454114472,0.6206846468990249,0.21888625849079169,0.0,0.0,0.0,0.8777282666812388,-0.5120441446127909,0.1828535236466874,0.004295910155370986,0.7477519858561392,0.0,0.0,0.03765306587076095,0.3984902657827263,0.0012834754027919709,-0.1641539750867652,0.8140906620942414,0.0,0.0,-0.9000833196560312,-1.8430801924191302,0.0014644838216574,-0.0009926054848803968,nan,nan,nan,nan,nan,nan,nan,0.00014597669807273113,0.0,0.0,1.3722903916522182,-1.6973653348725999,0.005172102662660406,-0.1720738956774871,nan,nan,nan,nan,nan,nan,nan,nan,nan,nan,nan,nan,nan,nan,0.3929192745534427,0.0,0.0,2.1316503724107236,0.6442265229690709,0.0005194286751808488,0.0005941698052183918,nan,nan,nan,nan,nan,nan,nan,nan,nan,nan,nan,nan,nan,nan,nan,nan,nan,nan,nan,nan,nan,nan,nan,nan,nan,nan,nan,nan,nan,nan,nan,nan,nan,nan,nan,nan,nan,nan,nan,nan,nan,nan,nan,nan,nan,nan,nan,nan,nan,0.17456769675873612
1791060751.648391,0.44576134281693663,1.878476798552756,0.00878117202256939,0.045558328000984465,0.752229367386393,0.22716605266205614,0.0,0.0,0.0,0.8981433212588049,-0.5120293387467116,0.16093790468542574,-0.00347759735255875,0.7477519858561392,0.0,0.0,0.036990416874433725,0.37751287317811166,0.007095641767309239,-0.184045800557323,0.8140906620942414,0.0,0.0,-0.900066543393025,-1.8430872554232673,0.00039495221332084873,8.76754694358043e-05,nan,nan,nan,nan,nan,nan,nan,0.00014597669807273113,0.0,0.0,1.3731354865817487,-1.7160450493260044,0.01660398952014018,-0.16123984348425352,nan,nan,nan,nan,nan,nan,nan,nan,nan,nan,nan,nan,nan,nan,0.40855589230814293,0.0,0.0,2.131647382321837,0.644211527126246,-0.00035681181303378066,-0.00022136748251352356,nan,nan,nan,nan,nan,nan,nan,nan,nan,nan,nan,nan,nan,nan,nan,nan,nan,nan,nan,nan,nan,nan,nan,nan,nan,nan,nan,nan,nan,nan,nan,nan,nan,nan,nan,nan,nan,nan,nan,nan,nan,nan,nan,nan,nan,nan,nan,nan,nan,0.18258633321159176
1791060751.743844,0.4630107116419485,1.8782183714431457,0.009754420765979634,0.06132353994649942,0.8713431016992889,0.23638456633828708,0.0,0.0,0.0,0.9144337586929627,-0.5119094423006535,0.17746647495340115,-0.0054443325819549205,0.7477519858561392,0.0,0.0,0.03801667033057136,0.360094941588978,0.011406382463602056,-0.19613776906064082,0.8140906620942414,0.0,0.0,-0.9000805945905482,-1.8430758953265842,-0.0017228257855263014,5.768517775615146e-05,nan,nan,nan,nan,nan,nan,nan,0.00014597669807273113,0.0,0.0,1.3735600669558323,-1.7314447594137732,-0.0028742665132358344,-0.17341103413831382,nan,nan,nan,nan,nan,nan,nan,nan,nan,nan,nan,nan,nan,nan,0.4121389483070261,0.0,0.0,2.131652919264612,0.6442264199042784,0.0013566198010618378,-0.0012207861717880948,nan,nan,nan,nan,nan,nan,nan,nan,nan,nan,nan,nan,nan,nan,nan,nan,nan,nan,nan,nan,nan,nan,nan,nan,nan,nan,nan,nan,nan,nan,nan,nan,nan,nan,nan,nan,nan,nan,nan,nan,nan,nan,nan,nan,nan,nan,nan,nan,nan,0.1940798632435411
1791060751.8452,0.481552804359758,1.8783744210352764,0.010521948499363009,0.05548783355419128,0.7884238424243617,0.23298855618098818,0.0,0.0,0.0,0.9326312863361078,-0.511839408300464,0.18150653138891254,-0.0033226899814620815,0.7477519858561392,0.0,0.0,0.038260084277713914,0.3395522266202552,0.003592189733426815,-0.1968540697481596,0.8140906620942414,0.0,0.0,-0.9000716104720771,-1.8430882349187667,-0.002779946254256396,-0.001986265159952131,nan,nan,nan,nan,nan,nan,nan,0.00014597669807273113,0.0,0.0,1.3740972737490398,-1.748191713871855,0.00628178670073086,-0.1680918672279434,nan,nan,nan,nan,nan,nan,nan,nan,nan,nan,nan,nan,nan,nan,0.4121389483070261,0.0,0.0,2.1316519987179285,0.6442403371402369,-0.0004495994742066243,0.0003437942216379118,nan,nan,nan,nan,nan,nan,nan,nan,nan,nan,nan,nan,nan,nan,nan,nan,nan,nan,nan,nan,nan,nan,nan,nan,nan,nan,nan,nan,nan,nan,nan,nan,nan,nan,nan,nan,nan,nan,nan,nan,nan,nan,nan,nan,nan,nan,nan,nan,nan,0.18610850289720612
1791060751.9464436,0.5024173197536648,1.8782033212245912,0.011500274378870934,0.050207468049626384,0.7133953939546945,0.22989871692440872,0.0,0.0,0.0,0.9518889451308384,-0.5118527850059694,0.17183805250612094,-0.00022346082041138095,0.7477519858561392,0.0,0.0,0.03810373913373768,0.3160709325384785,0.0004991437556599566,-0.21916434488586617,0.8140906620942414,0.0,0.0,-0.9000711155559902,-1.8430722756148374,0.000926891509395841,5.129070902383495e-05,nan,nan,nan,nan,nan,nan,nan,0.00014597669807273113,0.0,0.0,1.375112130113149,-1.7672844412971498,0.007765796297483942,-0.1646197851683669,nan,nan,nan,nan,nan,nan,nan,nan,nan,nan,nan,nan,nan,nan,0.4121389483070261,0.0,0.0,2.131640525409464,0.6442322932618338,-0.0002762344739241328,0.001112517893083788,nan,nan,nan,nan,nan,nan,nan,nan,nan,nan,nan,nan,nan,nan,nan,nan,nan,nan,nan,nan,nan,nan,nan,nan,nan,nan,nan,nan,nan,nan,nan,nan,nan,nan,nan,nan,nan,nan,nan,nan,nan,nan,nan,nan,nan,nan,nan,nan,nan,0.18764648903955317
1791060752.0456765,0.521127452277295,1.8782887452952337,0.01069760107246531,0.045433267256310216,0.6455590144662859,0.22709239687709834,0.0,0.0,0.0,0.9699715265093434,-0.51195345375073,0.1900506168918731,0.003543353207369117,0.7477519858561392,0.0,0.0,0.03669750064706785,0.29624804173750563,-0.012860054216825057,-0.21709471389597026,0.8140906620942414,0.0,0.0,-0.900068554907447,-1.8430767891174993,0.0006537536722312888,-8.727650219646495e-05,nan,nan,nan,nan,nan,nan,nan,0.00014597669807273113,0.0,0.0,1.375622581302142,-1.7848095565355735,0.00020394667090258955,-0.17858809477147866,nan,nan,nan,nan,nan,nan,nan,nan,nan,nan,nan,nan,nan,nan,0.4121389483070261,0.0,0.0,2.13164900522273,0.6442227502778213,6.197078090802644e-05,-0.0009963019612193459,nan,nan,nan,nan,nan,nan,nan,nan,nan,nan,nan,nan,nan,nan,nan,nan,nan,nan,nan,nan,nan,nan,nan,nan,nan,nan,nan,nan,nan,nan,nan,nan,nan,nan,nan,nan,nan,nan,nan,nan,nan,nan,nan,nan,nan,nan,nan,nan,nan,0.17971132869745274
1791060752.1454017,0.5381720432141466,1.8781434367463226,0.010537177282583302,0.06136285502297194,0.7749968827172182,0.23640737419358093,0.0,0.0,0.0,0.9861663832628603,-0.5119974895215201,0.17716243910235924,-0.0034289648266991233,0.7477519858561392,0.0,0.0,0.03762993560768511,0.27433986856746406,0.010473399482946765,-0.21251885687255215,0.8140906620942414,0.0,0.0,-0.9000676490897709,-1.8430859639073882,0.0003808203263807794,-0.000782770661513572,nan,nan,nan,nan,nan,nan,nan,0.00014597669807273113,0.0,0.0,1.37604529585,-1.800029528675449,0.0011653542620085754,-0.16296429738977178,nan,nan,nan,nan,nan,nan,nan,nan,nan,nan,nan,nan,nan,nan,0.49131144413168226,0.0,0.0,2.13165586631875,0.6442263138016342,-0.00025790602666416395,4.598437280500095e-05,nan,nan,nan,nan,nan,nan,nan,nan,nan,nan,nan,nan,nan,nan,nan,nan,nan,nan,nan,nan,nan,nan,nan,nan,nan,nan,nan,nan,nan,nan,nan,nan,nan,nan,nan,nan,nan,nan,nan,nan,nan,nan,nan,nan,nan,nan,nan,nan,nan,0.19268962219360405
1791060752.2488065,0.5585527678776196,1.878193604497311,0.011337423360141126,0.07560696271107244,0.8923909887555345,0.2446018996774767,0.0,0.0,0.0,1.0060889101386026,-0.5116747429190193,0.1871856453638555,0.013892769180212277,0.7477519858561392,0.0,0.0,0.03787788363331145,0.25001750278729856,0.0006359385275598636,-0.20654191576115133,0.8140906620942414,0.0,0.0,-0.9000837038158732,-1.843069062449224,-0.00037300250548284654,0.00033960136669465584,nan,nan,nan,nan,nan,nan,nan,0.00014597669807273113,0.0,0.0,1.3767514532795002,-1.8174828750450984,0.00023026722972483695,-0.06601552929242677,nan,nan,nan,nan,nan,nan,nan,nan,nan,nan,nan,nan,nan,nan,0.3971386857456963,0.0,0.0,2.1316590379730713,0.6442397821643953,-0.0007043945442036548,-3.3794425356968013e-05,nan,nan,nan,nan,nan,nan,nan,nan,nan,nan,nan,nan,nan,nan,nan,nan,nan,nan,nan,nan,nan,nan,nan,nan,nan,nan,nan,nan,nan,nan,nan,nan,nan,nan,nan,nan,nan,nan,nan,nan,nan,nan,nan,nan,nan,nan,nan,nan,nan,0.18265473112542163
1791060752.3459399,0.5762379306444607,1.8781149649911346,0.012252273325271056,0.09169587392089551,0.9991313658929425,0.25367049915692486,0.0,0.0,0.0,1.0221044879600414,-0.5115927927824376,0.18100960628682877,0.0017927953713627442,0.7477519858561392,0.0,0.0,0.0378476889388526,0.22955324798874746,0.007923962739729475,-0.2360380801579683,0.8140906620942414,0.0,0.0,-0.9000553720335036,-1.843077020587362,0.0003942783003492217,0.0007257896472950781,nan,nan,nan,nan,nan,nan,nan,0.00014597669807273113,0.0,0.0,1.3766384712768454,-1.8179404843402187,-0.005797705556675933,-0.01909590342082725,nan,nan,nan,nan,nan,nan,nan,nan,nan,nan,nan,nan,nan,nan,0.41157192994772324,0.0,0.0,2.131656142837406,0.6442312617032624,2.4484747502087834e-05,3.005730372702701e-05,nan,nan,nan,nan,nan,nan,nan,nan,nan,nan,nan,nan,nan,nan,nan,nan,nan,nan,nan,nan,nan,nan,nan,nan,nan,nan,nan,nan,nan,nan,nan,nan,nan,nan,nan,nan,nan,nan,nan,nan,nan,nan,nan,nan,nan,nan,nan,nan,nan,0.199063598717222
1791060752.4451866,0.5952638931787123,1.8780308425883037,0.01529976860347185,0.082970898755236,0.904062787756398,0.24877926177949214,0.0,0.0,0.0,1.0393772404095656,-0.5116388721120879,0.17636166486047744,-0.0020464735834752794,0.7477519858561392,0.0,0.0,0.03758245791450967,0.20741577466645342,-0.007921028662992123,-0.2279952798727175,0.8140906620942414,0.0,0.0,-0.9000522029903241,-1.8430731389718498,0.000514932893958133,0.00047875814975269703,nan,nan,nan,nan,nan,nan,nan,0.00014597669807273113,0.0,0.0,1.37665858602223,-1.8180202114034676,0.0020885259352762075,0.0005078035100008629,nan,nan,nan,nan,nan,nan,nan,nan,nan,nan,nan,nan,nan,nan,0.41157192994772324,0.0,0.0,2.1316449582889208,0.6442208164689275,-0.0002576808043117657,-0.0006686661088224523,nan,nan,nan,nan,nan,nan,nan,nan,nan,nan,nan,nan,nan,nan,nan,nan,nan,nan,nan,nan,nan,nan,nan,nan,nan,nan,nan,nan,nan,nan,nan,nan,nan,nan,nan,nan,nan,nan,nan,nan,nan,nan,nan,nan,nan,nan,nan,nan,nan,0.19036042044149884
1791060752.545187,0.6151282462067942,1.8778343969654803,0.017522964645025334,0.0750765733707602,0.8180450885194724,0.24429938576992705,0.0,0.0,0.0,1.0572001081843914,-0.5117142613805951,0.18446991858514047,-0.001113879274168442,0.7477519858561392,0.0,0.0,0.03735177940084199,0.18502962403961024,-0.016719857168742802,-0.22429167493057045,0.8140906620942414,0.0,0.0,-0.9000619310415316,-1.8430802051691537,0.0009229717851243064,-0.00046713215331743637,nan,nan,nan,nan,nan,nan,nan,0.00014597669807273113,0.0,0.0,1.376647532137822,-1.8180131864604874,-0.0037157849755716666,-0.01233955171800789,nan,nan,nan,nan,nan,nan,nan,nan,nan,nan,nan,nan,nan,nan,0.41157192994772324,0.0,0.0,2.131644802773889,0.6442454627706102,-0.00022835950834096153,0.0015110164668346942,nan,nan,nan,nan,nan,nan,nan,nan,nan,nan,nan,nan,nan,nan,nan,nan,nan,nan,nan,nan,nan,nan,nan,nan,nan,nan,nan,nan,nan,nan,nan,nan,nan,nan,nan,nan,nan,nan,nan,nan,nan,nan,nan,nan,nan,nan,nan,nan,nan,0.20447606269105933
1791060752.645185,0.6345989425608548,1.8779108889184977,0.020270711369320456,0.0679325313807467,0.7402025845302919,0.24020444407139896,0.0,0.0,0.0,1.0748531263209378,-0.5117456845393928,0.17287268347948193,-0.0019050324529553406,0.7477519858561392,0.0,0.0,0.03756241342208015,0.16261432478337373,0.0009957965883273276,-0.21607524968979408,0.8140906620942414,0.0,0.0,-0.9000629173146927,-1.8430934584218182,-0.0008488416729076173,-0.00121295217138161,nan,nan,nan,nan,nan,nan,nan,0.00014597669807273113,0.0,0.0,1.3766358182209455,-1.8180950312146404,-0.00011578186266332585,-0.0023874033988501714,nan,nan,nan,nan,nan,nan,nan,nan,nan,nan,nan,nan,nan,nan,0.41157192994772324,0.0,0.0,2.131641349061077,0.6442202031120178,-0.0008866495223894471,-9.403238502144731e-05,nan,nan,nan,nan,nan,nan,nan,nan,nan,nan,nan,nan,nan,nan,nan,nan,nan,nan,nan,nan,nan,nan,nan,nan,nan,nan,nan,nan,nan,nan,nan,nan,nan,nan,nan,nan,nan,nan,nan,nan,nan,nan,nan,nan,nan,nan,nan,nan,nan,0.1929134035281523
1791060752.7452402,0.6549425090542818,1.8780206479464006,0.022758893018964346,0.06146789630034774,0.669762995466006,0.2364683069843251,0.0,0.0,0.0,1.0929682966064596,-0.5114747929609855,0.18283500430636682,0.010917985971021841,0.7477519858561392,0.0,0.0,0.03734962830163077,0.14065010759352112,0.006688739203188066,-0.22792314034747632,0.8140906620942414,0.0,0.0,-0.9000752445775496,-1.843082899892512,-0.000475842922640784,-0.00039906787187724783,nan,nan,nan,nan,nan,nan,nan,0.00014597669807273113,0.0,0.0,1.376627188014673,-1.818058452849444,-0.00027600015155731963,-0.00016434879509724925,nan,nan,nan,nan,nan,nan,nan,nan,nan,nan,nan,nan,nan,nan,0.41157192994772324,0.0,0.0,2.131637523959669,0.6442372004309025,0.0004322522056547344,-0.00028902974868813075,nan,nan,nan,nan,nan,nan,nan,nan,nan,nan,nan,nan,nan,nan,nan,nan,nan,nan,nan,nan,nan,nan,nan,nan,nan,nan,nan,nan,nan,nan,nan,nan,nan,nan,nan,nan,nan,nan,nan,nan,nan,nan,nan,nan,nan,nan,nan,nan,nan,0.19819681525245425
1791060752.8448546,0.6739460848458675,1.8778558914316552,0.026037134046668617,0.05561845258551694,0.6060266195680608,0.23306479048625306,0.0,0.0,0.0,1.110735371287185,-0.5115262319437693,0.1836542188891947,0.0076160357214864645,0.7477519858561392,0.0,0.0,0.03714507440399862,0.11853938696168306,0.0035350709758657593,-0.22468393561423153,0.8140906620942414,0.0,0.0,-0.9000777966187269,-1.84307611179412,-0.0007224838617159342,0.00020804643253420602,nan,nan,nan,nan,nan,nan,nan,0.00014597669807273113,0.0,0.0,1.3768781066872648,-1.8170280503039575,0.018281387011558965,0.07610667957274195,nan,nan,nan,nan,nan,nan,nan,nan,nan,nan,nan,nan,nan,nan,0.41157192994772324,0.0,0.0,2.131658105804218,0.6442466645538498,0.0022398737019174693,0.000387948640151541,nan,nan,nan,nan,nan,nan,nan,nan,nan,nan,nan,nan,nan,nan,nan,nan,nan,nan,nan,nan,nan,nan,nan,nan,nan,nan,nan,nan,nan,nan,nan,nan,nan,nan,nan,nan,nan,nan,nan,nan,nan,nan,nan,nan,nan,nan,nan,nan,nan,0.1903319292945423
1791060752.9454606,0.6936147254155774,1.878155457781453,0.02774703310710499,0.05032686199927759,0.5483686912000237,0.22996874858793281,0.0,0.0,0.0,1.1284364980279642,-0.5116482856977345,0.17760658677566016,-0.0058659750271504675,0.7477519858561392,0.0,0.0,0.0368728474316466,0.09663464084211051,-0.01702485914535355,-0.2045784208812484,0.8140906620942414,0.0,0.0,-0.9000635324908359,-1.8430778309792046,0.00022206239543440614,-0.0003296637711615469,nan,nan,nan,nan,nan,nan,nan,0.00014597669807273113,0.0,0.0,1.3766428320401602,-1.8179678321176618,-0.0035556322300769982,-0.010714094957743722,nan,nan,nan,nan,nan,nan,nan,nan,nan,nan,nan,nan,nan,nan,0.41157192994772324,0.0,0.0,2.1316670760296383,0.6442228849974183,-0.00032626914304258897,0.0005568664365210657,nan,nan,nan,nan,nan,nan,nan,nan,nan,nan,nan,nan,nan,nan,nan,nan,nan,nan,nan,nan,nan,nan,nan,nan,nan,nan,nan,nan,nan,nan,nan,nan,nan,nan,nan,nan,nan,nan,nan,nan,nan,nan,nan,nan,nan,nan,nan,nan,nan,0.18983090489397086
1791060753.0453653,0.7125974238715239,1.8780653266829401,0.027898734304176106,0.04553762787406263,0.49618451072931774,0.22715386163175755,0.0,0.0,0.0,1.146482847400002,-0.5117095231197987,0.18457163647116037,0.0031290106757957264,0.7477519858561392,0.0,0.0,0.035903282223763516,0.07449060845300515,-0.00871080025390944,-0.2153853578026438,0.8140906620942414,0.0,0.0,-0.9000772219545661,-1.8430761094925765,0.0003241442263201429,-0.00015484350583233153,nan,nan,nan,nan,nan,nan,nan,0.00014597669807273113,0.0,0.0,1.3766511591564135,-1.8180935635496385,-0.00010973494022070731,-0.003927785158403195,nan,nan,nan,nan,nan,nan,nan,nan,nan,nan,nan,nan,nan,nan,0.41157192994772324,0.0,0.0,2.131644661702786,0.6442417467784801,-0.0003243109557261873,0.0009340213590732997,nan,nan,nan,nan,nan,nan,nan,nan,nan,nan,nan,nan,nan,nan,nan,nan,nan,nan,nan,nan,nan,nan,nan,nan,nan,nan,nan,nan,nan,nan,nan,nan,nan,nan,nan,nan,nan,nan,nan,nan,nan,nan,nan,nan,nan,nan,nan,nan,nan,0.19302398411182428
1791060753.1453524,0.7320397739219026,1.8785062979491653,0.02643985612557267,0.0412075603248141,0.44900347498695026,0.22459934994377007,0.0,0.0,0.0,1.1639169353575225,-0.5120142377135661,0.16896183902297796,-0.00653074377682299,0.7477519858561392,0.0,0.0,0.03588916081063621,0.0519462454561837,0.006683036942678845,-0.2207566793235666,0.8140906620942414,0.0,0.0,-0.9000639151894356,-1.8430819174735888,0.0009990918452862942,-0.0006431141060580355,nan,nan,nan,nan,nan,nan,nan,0.00014597669807273113,0.0,0.0,1.376885374450501,-1.816990893372083,0.01748582652004036,0.07558559983308523,nan,nan,nan,nan,nan,nan,nan,nan,nan,nan,nan,nan,nan,nan,0.41157192994772324,0.0,0.0,2.1316319388350458,0.644214486279329,-0.00040300931215687675,-0.0015390972416611506,nan,nan,nan,nan,nan,nan,nan,nan,nan,nan,nan,nan,nan,nan,nan,nan,nan,nan,nan,nan,nan,nan,nan,nan,nan,nan,nan,nan,nan,nan,nan,nan,nan,nan,nan,nan,nan,nan,nan,nan,nan,nan,nan,nan,nan,nan,nan,nan,nan,0.19465332204763935
1791060753.2452393,0.7516617623720856,1.8787177170058695,0.026073252027263228,0.0372863339199288,0.4062772308675216,0.22227895643032866,0.0,0.0,0.0,1.1821004497027796,-0.5121881422298471,0.17697817513981687,-0.012017969983816981,0.7477519858561392,0.0,0.0,0.03585803894935047,0.02850790558496776,0.0037334535901504436,-0.22707973387946695,0.8140906620942414,0.0,0.0,-0.9000737487200781,-1.8430747140728576,9.46005496106685e-05,0.00014239133220424598,nan,nan,nan,nan,nan,nan,nan,0.00014597669807273113,0.0,0.0,1.3766573572352307,-1.81806452672218,-0.0008245200956579414,-0.0009373854948216585,nan,nan,nan,nan,nan,nan,nan,nan,nan,nan,nan,nan,nan,nan,0.41157192994772324,0.0,0.0,2.131637793671301,0.6442151663068695,-0.0008367778032931828,-0.0011772777982221173,nan,nan,nan,nan,nan,nan,nan,nan,nan,nan,nan,nan,nan,nan,nan,nan,nan,nan,nan,nan,nan,nan,nan,nan,nan,nan,nan,nan,nan,nan,nan,nan,nan,nan,nan,nan,nan,nan,nan,nan,nan,nan,nan,nan,nan,nan,nan,nan,nan,0.195432607938146
1791060753.3451517,0.7713642715243684,1.8790546630682174,0.024451828532832807,0.03373807011669439,0.36761484063464756,0.22017399946160224,0.0,0.0,0.0,1.1994504086756845,-0.5123063355139885,0.16676240408991955,-0.0036385470726895677,0.7477519858561392,0.0,0.0,0.03495621591805456,0.006864181581611601,-0.00905350426473556,-0.22695683665153116,0.8140906620942414,0.0,0.0,-0.900092928606325,-1.8430732485885166,-0.0005040400407865292,0.00029625220802055813,nan,nan,nan,nan,nan,nan,nan,0.00014597669807273113,0.0,0.0,1.376598586278523,-1.8180802338555964,-0.014887703705647275,-0.061361156871337294,nan,nan,nan,nan,nan,nan,nan,nan,nan,nan,nan,nan,nan,nan,0.41157192994772324,0.0,0.0,2.1316308468374743,0.6442342178471662,0.00042344821352999874,-0.0009132659374545106,nan,nan,nan,nan,nan,nan,nan,nan,nan,nan,nan,nan,nan,nan,nan,nan,nan,nan,nan,nan,nan,nan,nan,nan,nan,nan,nan,nan,nan,nan,nan,nan,nan,nan,nan,nan,nan,nan,nan,nan,nan,nan,nan,nan,nan,nan,nan,nan,nan,0.19126207429643102
1791060753.4454403,0.7907915642887016,1.879361248989525,0.02420723907819454,0.03052746825841577,0.3326316632806952,0.21826544334408737,0.0,0.0,0.0,1.216859254252072,-0.5125088512660453,0.17487193527874365,-0.00028616863730602826,0.7477519858561392,0.0,0.0,0.03501591016652548,-0.015821641655123172,-0.010696980937439149,-0.22270321536135082,0.8140906620942414,0.0,0.0,-0.900085537813151,-1.843077114144603,-0.0005296036897925821,8.506598069149627e-07,nan,nan,nan,nan,nan,nan,nan,0.00014597669807273113,0.0,0.0,1.3766240269803027,-1.8180447849807904,-0.0003520698530048532,-0.0005209327882391014,nan,nan,nan,nan,nan,nan,nan,nan,nan,nan,nan,nan,nan,nan,0.41157192994772324,0.0,0.0,2.131642846655257,0.6442235436695124,-0.0001510255495056588,-0.0005565710662984797,nan,nan,nan,nan,nan,nan,nan,nan,nan,nan,nan,nan,nan,nan,nan,nan,nan,nan,nan,nan,nan,nan,nan,nan,nan,nan,nan,nan,nan,nan,nan,nan,nan,nan,nan,nan,nan,nan,nan,nan,nan,nan,nan,nan,nan,nan,nan,nan,nan,0.19813886184918067
1791060753.5451136,0.809620835039413,1.879824411729932,0.023479809313589613,0.027626574235746517,0.30102310682939204,0.21653809487920317,0.0,0.0,0.0,1.2343109595963053,-0.5126327746021431,0.18480890753511878,-0.0026816570777040086,0.7477519858561392,0.0,0.0,0.03500708354864675,-0.038653495918303256,0.0020641500097428756,-0.22680801221496927,0.8140906620942414,0.0,0.0,-0.9000818870127163,-1.8430633279548843,-6.909652679240557e-05,0.0005770354567340677,nan,nan,nan,nan,nan,nan,nan,0.00014597669807273113,0.0,0.0,1.3766189789855308,-1.8180828532128266,-0.001949708050763213,-0.006898545557453478,nan,nan,nan,nan,nan,nan,nan,nan,nan,nan,nan,nan,nan,nan,0.41157192994772324,0.0,0.0,2.1316403946965736,0.6442208779637982,0.0007599415137979108,1.1828273153303845e-05,nan,nan,nan,nan,nan,nan,nan,nan,nan,nan,nan,nan,nan,nan,nan,nan,nan,nan,nan,nan,nan,nan,nan,nan,nan,nan,nan,nan,nan,nan,nan,nan,nan,nan,nan,nan,nan,nan,nan,nan,nan,nan,nan,nan,nan,nan,nan,nan,nan,0.18726807421948866
1791060753.6452208,0.8286714474151234,1.8800896516787522,0.024324834891674457,0.024997558105095446,0.27237697080109025,0.21497048121034645,0.0,0.0,0.0,1.2516926244994615,-0.5128903837318507,0.16911027532556414,-0.00869071697823995,0.7477519858561392,0.0,0.0,0.035879583865476926,-0.06210791635998957,0.01772764075891534,-0.21879318811677725,0.8140906620942414,0.0,0.0,-0.9000732131589528,-1.843069075046102,0.00010689068499097846,-0.0001606069099027947,nan,nan,nan,nan,nan,nan,nan,0.00014597669807273113,0.0,0.0,1.3766117757898726,-1.8181193440678574,-0.001460096764938,-0.005741821442161364,nan,nan,nan,nan,nan,nan,nan,nan,nan,nan,nan,nan,nan,nan,0.41157192994772324,0.0,0.0,2.131620838933785,0.6442224595840059,-0.002143741057828852,0.00017861717296125754,nan,nan,nan,nan,nan,nan,nan,nan,nan,nan,nan,nan,nan,nan,nan,nan,nan,nan,nan,nan,nan,nan,nan,nan,nan,nan,nan,nan,nan,nan,nan,nan,nan,nan,nan,nan,nan,nan,nan,nan,nan,nan,nan,nan,nan,nan,nan,nan,nan,0.19003418719192564
1791060753.745146,0.847171700485177,1.8803483702094779,0.024686994595000865,0.022619304554692334,0.2464631797366864,0.21355079002335936,0.0,0.0,0.0,1.2695834442529712,-0.5131729101317495,0.17334578830714154,-0.0067519902212333826,0.7477519858561392,0.0,0.0,0.035692711092236616,-0.08433201151001468,0.004300268278276654,-0.21674350415233523,0.8140906620942414,0.0,0.0,-0.9000645911103367,-1.8430793214036594,-0.0004948737234824256,0.00010735092957005564,nan,nan,nan,nan,nan,nan,nan,0.00014597669807273113,0.0,0.0,1.376645885386902,-1.8179747000274107,0.0011085421357896945,0.008951015798768188,nan,nan,nan,nan,nan,nan,nan,nan,nan,nan,nan,nan,nan,nan,0.41157192994772324,0.0,0.0,2.1316231133718264,0.6442219026487581,-0.0004864417989469097,-0.0008166769893116377,nan,nan,nan,nan,nan,nan,nan,nan,nan,nan,nan,nan,nan,nan,nan,nan,nan,nan,nan,nan,nan,nan,nan,nan,nan,nan,nan,nan,nan,nan,nan,nan,nan,nan,nan,nan,nan,nan,nan,nan,nan,nan,nan,nan,nan,nan,nan,nan,nan,0.17884683630040685
1791060753.8451319,0.8655030091088767,1.8804855139030108,0.025897234946483254,0.02046679313545391,0.2230091072420051,0.21226466712829095,0.0,0.0,0.0,1.2869139961327682,-0.5131741374890012,0.17612777691443454,0.009858008660625276,0.7477519858561392,0.0,0.0,0.035739220363918946,-0.10653737237832624,0.0019113936138439693,-0.21520180662897992,0.8140906620942414,0.0,0.0,-0.9000632462211609,-1.8430607636048737,-0.0009842995319961371,0.0016579104789574536,nan,nan,nan,nan,nan,nan,nan,0.00014597669807273113,0.0,0.0,1.3766869848354362,-1.8180806129680287,-0.0002093443629522109,-0.0039025367168851162,nan,nan,nan,nan,nan,nan,nan,nan,nan,nan,nan,nan,nan,nan,0.41157192994772324,0.0,0.0,2.131643968716595,0.6442136949905977,-0.0006067333061924207,-0.0005935056174921427,nan,nan,nan,nan,nan,nan,nan,nan,nan,nan,nan,nan,nan,nan,nan,nan,nan,nan,nan,nan,nan,nan,nan,nan,nan,nan,nan,nan,nan,nan,nan,nan,nan,nan,nan,nan,nan,nan,nan,nan,nan,nan,nan,nan,nan,nan,nan,nan,nan,0.18374150163027725
1791060753.9449606,0.8833969043979439,1.8808658622469594,0.025992902380865893,0.018519379122583154,0.20178980544095396,0.2111002087937326,0.0,0.0,0.0,1.3039627396836055,-0.5134296842900007,0.16795381917226207,-0.006914358344809018,0.7477519858561392,0.0,0.0,0.03576553100509667,-0.1284957397570389,-0.005931976464542452,-0.23143092988535785,0.8140906620942414,0.0,0.0,-0.9000805364681339,-1.843072020653291,-0.00020130257543162048,-0.00018899472497380224,nan,nan,nan,nan,nan,nan,nan,0.00014597669807273113,0.0,0.0,1.3766530761578248,-1.8180256835467614,-0.0012728568606232542,-0.0018194907504597477,nan,nan,nan,nan,nan,nan,nan,nan,nan,nan,nan,nan,nan,nan,0.41157192994772324,0.0,0.0,2.1316545134107217,0.6442341409269812,4.787664293236342e-05,0.00033450387447607423,nan,nan,nan,nan,nan,nan,nan,nan,nan,nan,nan,nan,nan,nan,nan,nan,nan,nan,nan,nan,nan,nan,nan,nan,nan,nan,nan,nan,nan,nan,nan,nan,nan,nan,nan,nan,nan,nan,nan,nan,nan,nan,nan,nan,nan,nan,nan,nan,nan,0.17060047283519145
1791060754.0451283,0.9013732655533273,1.8810121511293,0.024771987371820188,0.01675702719333229,0.18258696658938783,0.21004575525864438,0.0,0.0,0.0,1.3214854069368114,-0.5136115724067161,0.1813406094294199,-0.0004924286907728344,0.7477519858561392,0.0,0.0,0.035510523091469876,-0.1503003564736937,0.0014062890016315567,-0.216647348735453,0.8140906620942414,0.0,0.0,-0.9000599560988088,-1.8430811589436777,0.0005074835347129996,-0.0003629798168459511,nan,nan,nan,nan,nan,nan,nan,0.00014597669807273113,0.0,0.0,1.376667488002294,-1.8180626511890632,-0.0028176940995067188,-0.016160233821403067,nan,nan,nan,nan,nan,nan,nan,nan,nan,nan,nan,nan,nan,nan,0.41157192994772324,0.0,0.0,2.1316381611790036,0.644236152935722,-0.0006634806321108259,0.0002976738565442277,nan,nan,nan,nan,nan,nan,nan,nan,nan,nan,nan,nan,nan,nan,nan,nan,nan,nan,nan,nan,nan,nan,nan,nan,nan,nan,nan,nan,nan,nan,nan,nan,nan,nan,nan,nan,nan,nan,nan,nan,nan,nan,nan,nan,nan,nan,nan,nan,nan,0.17843690329329362
1791060754.1451154,0.9190453152198261,1.8814672789917781,0.022995238021055638,0.01516325813250469,0.16522103079999437,0.20909168454420862,0.0,0.0,0.0,1.3383644183750747,-0.5138780166336195,0.15693232086332676,-0.00887328622465792,0.7477519858561392,0.0,0.0,0.03587172621892807,-0.17240854641576248,0.005452015747612009,-0.2059076465343924,0.8140906620942414,0.0,0.0,-0.9000515463505425,-1.8430674226368904,0.0008712150356164476,-2.7140774900955957e-05,nan,nan,nan,nan,nan,nan,nan,0.00014597669807273113,0.0,0.0,1.3766635405038918,-1.818036399351886,-0.003938675488558127,-0.010894747418450763,nan,nan,nan,nan,nan,nan,nan,nan,nan,nan,nan,nan,nan,nan,0.41157192994772324,0.0,0.0,2.131640594601106,0.6442137288551782,-0.00011019117282012826,-0.0017429740690438514,nan,nan,nan,nan,nan,nan,nan,nan,nan,nan,nan,nan,nan,nan,nan,nan,nan,nan,nan,nan,nan,nan,nan,nan,nan,nan,nan,nan,nan,nan,nan,nan,nan,nan,nan,nan,nan,nan,nan,nan,nan,nan,nan,nan,nan,nan,nan,nan,nan,0.18093983907360855
1791060754.245208,0.9366156163158922,1.8816910252791235,0.02086320122210457,0.013720283342092394,0.14949817096294793,0.20822752413012965,0.0,0.0,0.0,1.355673319757717,-0.5141057548741979,0.17075250736425662,0.0015865796405530915,0.7477519858561392,0.0,0.0,0.03586729869300401,-0.19452428181975956,-0.022178672729265412,-0.21766319877368273,0.8140906620942414,0.0,0.0,-0.9000635542425985,-1.8430751888755619,0.02741992149002182,-0.02052191403586205,nan,nan,nan,nan,nan,nan,nan,0.00014597669807273113,0.0,0.0,1.3766881291630324,-1.8180043437577242,0.0012865194056260062,-0.0018612513735718266,nan,nan,nan,nan,nan,nan,nan,nan,nan,nan,nan,nan,nan,nan,0.41157192994772324,0.0,0.0,2.1316536465141667,0.6441965494349174,0.0005668965522107192,-0.001418234415871409,nan,nan,nan,nan,nan,nan,nan,nan,nan,nan,nan,nan,nan,nan,nan,nan,nan,nan,nan,nan,nan,nan,nan,nan,nan,nan,nan,nan,nan,nan,nan,nan,nan,nan,nan,nan,nan,nan,nan,nan,nan,nan,nan,nan,nan,nan,nan,nan,nan,0.17338099849875468
1791060754.3449514,0.9542732291743042,1.882059446106574,0.019585056638777278,0.01241462575806072,0.1352715390596691,0.20744533328333242,0.0,0.0,0.0,1.3723028134167705,-0.5144329487322622,0.18480074856121373,-0.0024696324721738393,0.7477519858561392,0.0,0.0,0.036981880271238464,-0.21689942383780958,0.008482003552701893,-0.23457410722112,0.8140906620942414,0.0,0.0,-0.9000434671642966,-1.8430870589499981,0.0006689862115885059,-0.0007952599267242864,nan,nan,nan,nan,nan,nan,nan,0.00014597669807273113,0.0,0.0,1.3766471613755782,-1.8179929815668274,0.001753899050016859,0.0036449258168773607,nan,nan,nan,nan,nan,nan,nan,nan,nan,nan,nan,nan,nan,nan,0.41157192994772324,0.0,0.0,2.1316397033155776,0.64423023642531,0.00017300902462609794,0.0006212056568680294,nan,nan,nan,nan,nan,nan,nan,nan,nan,nan,nan,nan,nan,nan,nan,nan,nan,nan,nan,nan,nan,nan,nan,nan,nan,nan,nan,nan,nan,nan,nan,nan,nan,nan,nan,nan,nan,nan,nan,nan,nan,nan,nan,nan,nan,nan,nan,nan,nan,0.1886985634369037
1791060754.4449053,0.971991844156948,1.8823098731740138,0.019256939035431728,0.011233813959589242,0.12240524470397005,0.20673773769017553,0.0,0.0,0.0,1.389503054014685,-0.5146317247832113,0.19131959671315352,0.00913167556695213,0.7477519858561392,0.0,0.0,0.03691902908342159,-0.23948486121370038,0.002924507755720922,-0.23072419998110244,0.8140906620942414,0.0,0.0,-0.9000612243356477,-1.843078083742879,-0.0010476956679313077,-0.0009285283339215021,nan,nan,nan,nan,nan,nan,nan,0.00014597669807273113,0.0,0.0,1.3766436551184718,-1.8180033396175255,-0.00019032022607998734,0.004639177684005212,nan,nan,nan,nan,nan,nan,nan,nan,nan,nan,nan,nan,nan,nan,0.41157192994772324,0.0,0.0,2.1316361935827906,0.6442350170684128,-0.000596030588439736,0.0019438693133629866,nan,nan,nan,nan,nan,nan,nan,nan,nan,nan,nan,nan,nan,nan,nan,nan,nan,nan,nan,nan,nan,nan,nan,nan,nan,nan,nan,nan,nan,nan,nan,nan,nan,nan,nan,nan,nan,nan,nan,nan,nan,nan,nan,nan,nan,nan,nan,nan,nan,0.18072380965762563
1791060754.5448685,0.9901358437622493,1.8824839570401373,0.01951489417548749,0.010164970478295652,0.11075897315731457,0.20609709242819238,0.0,0.0,0.0,1.407724191880204,-0.5148973163005354,0.1761352343948604,-0.004266144566034485,0.7477519858561392,0.0,0.0,0.03744437068018531,-0.2615965906464311,0.009141732615795846,-0.21220244719425818,0.8140906620942414,0.0,0.0,-0.9000668780964275,-1.8430579076250144,-0.0001588410316713338,0.00025634777029525686,nan,nan,nan,nan,nan,nan,nan,0.00014597669807273113,0.0,0.0,1.3768717240950643,-1.8170195672893144,0.014044344394917327,0.06272111684646599,nan,nan,nan,nan,nan,nan,nan,nan,nan,nan,nan,nan,nan,nan,0.41157192994772324,0.0,0.0,2.1316380624952163,0.64422780005139,-0.0001149477314976225,0.0006876900476195251,nan,nan,nan,nan,nan,nan,nan,nan,nan,nan,nan,nan,nan,nan,nan,nan,nan,nan,nan,nan,nan,nan,nan,nan,nan,nan,nan,nan,nan,nan,nan,nan,nan,nan,nan,nan,nan,nan,nan,nan,nan,nan,nan,nan,nan,nan,nan,nan,nan,0.17581797129408797
1791060754.644922,1.0077531344386834,1.8827088270841663,0.020152163520749035,0.009197646371731507,0.10021887124731615,0.20551718768651106,0.0,0.0,0.0,1.4266493454166587,-0.5152819068683112,0.18826511896982998,0.0006985729142529128,0.7477519858561392,0.0,0.0,0.03817016145510469,-0.28328549837136685,0.0046874379243920326,-0.20371486591111945,0.8140906620942414,0.0,0.0,-0.9000733727929616,-1.8430628057777612,-0.00016450477876706892,-3.880934603842833e-05,nan,nan,nan,nan,nan,nan,nan,0.00014597669807273113,0.0,0.0,1.376649501938948,-1.8180175648594346,-0.0011595707419066411,0.0023652303761960104,nan,nan,nan,nan,nan,nan,nan,nan,nan,nan,nan,nan,nan,nan,0.41157192994772324,0.0,0.0,2.1316239322032913,0.6442185066370578,0.0003163332127096868,-0.0004223269085697434,nan,nan,nan,nan,nan,nan,nan,nan,nan,nan,nan,nan,nan,nan,nan,nan,nan,nan,nan,nan,nan,nan,nan,nan,nan,nan,nan,nan,nan,nan,nan,nan,nan,nan,nan,nan,nan,nan,nan,nan,nan,nan,nan,nan,nan,nan,nan,nan,nan,0.17478680512317307
1791060754.7449267,1.025251754931343,1.8828319859823885,0.020550889690971394,0.008322398158386946,0.09068204144787811,0.2049924015823247,0.0,0.0,0.0,1.4459017448925986,-0.5156717400937374,0.2078435085099275,0.021955578977742272,0.7477519858561392,0.0,0.0,0.03825260010436319,-0.30585801057347145,0.01538741307616565,-0.22737889363646718,0.8140906620942414,0.0,0.0,-0.9000860019299753,-1.8430648472133546,0.00010030140046480624,0.00010852601613162824,nan,nan,nan,nan,nan,nan,nan,0.00014597669807273113,0.0,0.0,1.3766705766767076,-1.8180434748753762,0.0002986147278756497,-0.002573193110160384,nan,nan,nan,nan,nan,nan,nan,nan,nan,nan,nan,nan,nan,nan,0.41157192994772324,0.0,0.0,2.131629220303581,0.6442452077017672,-0.0007097255952128649,0.0027319829916868,nan,nan,nan,nan,nan,nan,nan,nan,nan,nan,nan,nan,nan,nan,nan,nan,nan,nan,nan,nan,nan,nan,nan,nan,nan,nan,nan,nan,nan,nan,nan,nan,nan,nan,nan,nan,nan,nan,nan,nan,nan,nan,nan,nan,nan,nan,nan,nan,nan,0.17550569406250677
1791060754.8448732,1.042859875522693,1.8831489670555592,0.022026443464054652,0.007530417263976932,0.08205250427289436,0.20451748186350527,0.0,0.0,0.0,1.4626381435524918,-0.5150560802730602,0.19171803226896453,0.014601035688670841,0.7477519858561392,0.0,0.0,0.03875923477268941,-0.32759663859684496,0.0002926130560030986,-0.2302262139500272,0.8140906620942414,0.0,0.0,-0.9000822032362115,-1.843074239843543,-0.0019343297607644612,-0.0018541281946824937,nan,nan,nan,nan,nan,nan,nan,0.00014597669807273113,0.0,0.0,1.3766794339463901,-1.8180179014105913,-0.003128693042705511,-0.011551580529808673,nan,nan,nan,nan,nan,nan,nan,nan,nan,nan,nan,nan,nan,nan,0.41157192994772324,0.0,0.0,2.13165884518913,0.6442339482893072,0.000640011293995687,0.0009919435368391542,nan,nan,nan,nan,nan,nan,nan,nan,nan,nan,nan,nan,nan,nan,nan,nan,nan,nan,nan,nan,nan,nan,nan,nan,nan,nan,nan,nan,nan,nan,nan,nan,nan,nan,nan,nan,nan,nan,nan,nan,nan,nan,nan,nan,nan,nan,nan,nan,nan,0.17491297046593607
1791060754.945679,1.0619173756679308,1.8832048556704646,0.023479531687896026,0.00681380331610965,0.07424417613407053,0.20408771265359085,0.0,0.0,0.0,1.4845576050128604,-0.5159949508150202,0.20496668339627427,0.009303837196512945,0.7477519858561392,0.0,0.0,0.0391816403075015,-0.3493527596288383,-0.0025456945519556013,-0.21954048723849146,0.8140906620942414,0.0,0.0,-0.9000812264373188,-1.8430734457121922,0.0011413265206588407,-0.0007465784748340274,nan,nan,nan,nan,nan,nan,nan,0.00014597669807273113,0.0,0.0,1.3766440264136925,-1.8180465629350788,-0.0021901114188191398,-0.006793172108053656,nan,nan,nan,nan,nan,nan,nan,nan,nan,nan,nan,nan,nan,nan,0.41157192994772324,0.0,0.0,2.131632235925145,0.6442270449624902,-0.0009347944852990387,-0.0018463325618751987,nan,nan,nan,nan,nan,nan,nan,nan,nan,nan,nan,nan,nan,nan,nan,nan,nan,nan,nan,nan,nan,nan,nan,nan,nan,nan,nan,nan,nan,nan,nan,nan,nan,nan,nan,nan,nan,nan,nan,nan,nan,nan,nan,nan,nan,nan,nan,nan,nan,0.17023484122409185
1791060755.0450735,1.0775767420441387,1.883393750069037,0.02385599417014539,0.006166212268253473,0.06718793139242857,0.20369930540367995,0.0,0.0,0.0,1.5011526462411164,-0.5150478952268432,0.16818926820139563,-0.010992843513875552,0.7477519858561392,0.0,0.0,0.03946086544445198,-0.3711957548167696,0.011040529503658775,-0.19601827824141987,0.8140906620942414,0.0,0.0,-0.900078778009336,-1.843076175052508,0.0005008728037014798,7.788617073442374e-05,nan,nan,nan,nan,nan,nan,nan,0.00014597669807273113,0.0,0.0,1.376656583491089,-1.8180115675917854,0.0003603757754449808,-0.0010601981514304737,nan,nan,nan,nan,nan,nan,nan,nan,nan,nan,nan,nan,nan,nan,0.41157192994772324,0.0,0.0,2.1316302739018136,0.6442371768351242,-2.5279238045717523e-05,0.0007301336436883725,nan,nan,nan,nan,nan,nan,nan,nan,nan,nan,nan,nan,nan,nan,nan,nan,nan,nan,nan,nan,nan,nan,nan,nan,nan,nan,nan,nan,nan,nan,nan,nan,nan,nan,nan,nan,nan,nan,nan,nan,nan,nan,nan,nan,nan,nan,nan,nan,nan,0.16868277402631507
1791060755.144922,1.0948348521510787,1.8837222953236692,0.02399744978516067,0.0055794195897018,0.060794154384282185,0.20334733915243,0.0,0.0,0.0,1.5202516168356068,-0.5153759603125029,0.1674004856276224,0.00017422156469363605,0.7477519858561392,0.0,0.0,0.04014543331112918,-0.3937594989257244,0.004690692426407627,-0.2214192980459347,0.8140906620942414,0.0,0.0,-0.9000715204733098,-1.8430827887028196,0.00023088899871616917,-0.0008701595341672214,nan,nan,nan,nan,nan,nan,nan,0.00014597669807273113,0.0,0.0,1.376655306352328,-1.8180290573005513,0.0012325493851785567,-4.579871086267177e-05,nan,nan,nan,nan,nan,nan,nan,nan,nan,nan,nan,nan,nan,nan,0.41157192994772324,0.0,0.0,2.131643023828544,0.6442387786332188,0.000126924553079742,0.0004447116003511156,nan,nan,nan,nan,nan,nan,nan,nan,nan,nan,nan,nan,nan,nan,nan,nan,nan,nan,nan,nan,nan,nan,nan,nan,nan,nan,nan,nan,nan,nan,nan,nan,nan,nan,nan,nan,nan,nan,nan,nan,nan,nan,nan,nan,nan,nan,nan,nan,nan,0.17330128129146027
1791060755.2450016,1.1119564555850718,1.883870772070473,0.02404194398469032,0.005048467617344203,0.05500882570283199,0.20302884898489598,0.0,0.0,0.0,1.5385205075067199,-0.5150266399948192,0.3282794678520833,-0.015653945280244233,0.7477519858561392,0.0,0.0,0.04046113735338498,-0.41608864211016794,0.008585162468224706,-0.24158479405546288,0.8140906620942414,0.0,0.0,-0.9000721441566026,-1.8430753507159388,0.0005638108728197599,0.00021365437106200455,nan,nan,nan,nan,nan,nan,nan,0.00014597669807273113,0.0,0.0,1.376878138229154,-1.8170099344418167,0.017066528283995946,0.08247057018137152,nan,nan,nan,nan,nan,nan,nan,nan,nan,nan,nan,nan,nan,nan,0.41157192994772324,0.0,0.0,2.131635971591115,0.6442323784896108,-0.00039101872585494985,8.561891313791848e-05,nan,nan,nan,nan,nan,nan,nan,nan,nan,nan,nan,nan,nan,nan,nan,nan,nan,nan,nan,nan,nan,nan,nan,nan,nan,nan,nan,nan,nan,nan,nan,nan,nan,nan,nan,nan,nan,nan,nan,nan,nan,nan,nan,nan,nan,nan,nan,nan,nan,0.16689864197374457
1791060755.345627,1.1290494249161271,1.8840764779959889,0.023816993303445166,0.004568083444881753,0.0497744910063786,0.20274067849668598,0.0,0.0,0.0,1.556129505693442,-0.5155867833531689,0.16398962571231399,0.0291940343450299,0.7477519858561392,0.0,0.0,0.04126756954362097,-0.43816249131678703,0.002213152554143687,-0.22311852344526242,0.8140906620942414,0.0,0.0,-0.9000719929249565,-1.8430591119144317,4.3318122488153065e-05,0.0006024558377637276,nan,nan,nan,nan,nan,nan,nan,0.00014597669807273113,0.0,0.0,1.3768668142163711,-1.817004608523658,0.00018551674811512802,0.010720601549577935,nan,nan,nan,nan,nan,nan,nan,nan,nan,nan,nan,nan,nan,nan,0.41157192994772324,0.0,0.0,2.1316401005584114,0.6442400349386554,0.000155534053553134,0.0013714189391215582,nan,nan,nan,nan,nan,nan,nan,nan,nan,nan,nan,nan,nan,nan,nan,nan,nan,nan,nan,nan,nan,nan,nan,nan,nan,nan,nan,nan,nan,nan,nan,nan,nan,nan,nan,nan,nan,nan,nan,nan,nan,nan,nan,nan,nan,nan,nan,nan,nan,0.17924588812957534
1791060755.4458742,1.1458562054738974,1.8844948369200325,0.02392617263125881,0.004133372830998044,0.045037821941067334,0.2024798965945058,0.0,0.0,0.0,1.577846326848259,-0.5160877374627436,0.17300358198446636,-0.011088073930348155,0.7477519858561392,0.0,0.0,0.0416442207989201,-0.4603423234693997,0.0036898086523206607,-0.20834693339748828,0.8140906620942414,0.0,0.0,-0.9000687720461694,-1.8430679179767897,0.0009676903185384298,-0.00021899504621087306,nan,nan,nan,nan,nan,nan,nan,0.00014597669807273113,0.0,0.0,1.3766649032553189,-1.8180997202471998,-0.003996563590472759,-0.022171651275625554,nan,nan,nan,nan,nan,nan,nan,nan,nan,nan,nan,nan,nan,nan,0.41157192994772324,0.0,0.0,2.1316890037179843,0.644229500393577,0.0004606802725208479,0.0005139091918067618,nan,nan,nan,nan,nan,nan,nan,nan,nan,nan,nan,nan,nan,nan,nan,nan,nan,nan,nan,nan,nan,nan,nan,nan,nan,nan,nan,nan,nan,nan,nan,nan,nan,nan,nan,nan,nan,nan,nan,nan,nan,nan,nan,nan,nan,nan,nan,nan,nan,0.16743449809888908
1791060755.5448809,1.1626235486806717,1.884586652075707,0.023307544579201363,0.003740547185915714,0.04075753749045537,0.20224423411043446,0.0,0.0,0.0,1.5951955585397877,-0.5156475117319606,0.1750980856359507,-0.002556464589461949,0.7477519858561392,0.0,0.0,0.04195866275961574,-0.4826422466090612,0.0038572584317042766,-0.21345319518214684,0.8140906620942414,0.0,0.0,-0.9000809020598378,-1.8430684551288026,-0.00031002097713844773,-3.6315795019403846e-06,nan,nan,nan,nan,nan,nan,nan,0.00014597669807273113,0.0,0.0,1.3766777710578137,-1.818038879589147,-0.004931597042939646,-0.022776589405903484,nan,nan,nan,nan,nan,nan,nan,nan,nan,nan,nan,nan,nan,nan,0.41157192994772324,0.0,0.0,2.1316468565555344,0.6442123618837668,-0.00016219647272654942,-0.00023253120612269645,nan,nan,nan,nan,nan,nan,nan,nan,nan,nan,nan,nan,nan,nan,nan,nan,nan,nan,nan,nan,nan,nan,nan,nan,nan,nan,nan,nan,nan,nan,nan,nan,nan,nan,nan,nan,nan,nan,nan,nan,nan,nan,nan,nan,nan,nan,nan,nan,nan,0.15902978272603124
1791060755.6458554,1.179335967244069,1.8848801933896255,0.022713684842428986,0.0033845870588579898,0.03687894500048768,0.2020306824487752,0.0,0.0,0.0,1.6106353188245666,-0.5143303566088668,0.18890237856068315,0.018149912960360174,0.7477519858561392,0.0,0.0,0.04219915964801073,-0.5048506306078764,0.007780520885404734,-0.23258101444395704,0.8140906620942414,0.0,0.0,-0.900079702500687,-1.8430620111368596,-3.0053681548408413e-05,0.0003128753031650208,nan,nan,nan,nan,nan,nan,nan,0.00014597669807273113,0.0,0.0,1.3766543781351916,-1.8180328727143598,-0.0023060770760296007,-0.0026784857317433816,nan,nan,nan,nan,nan,nan,nan,nan,nan,nan,nan,nan,nan,nan,0.41157192994772324,0.0,0.0,2.1316462997354924,0.6442127681159701,-0.00032917729807962587,-0.0015005015243127813,nan,nan,nan,nan,nan,nan,nan,nan,nan,nan,nan,nan,nan,nan,nan,nan,nan,nan,nan,nan,nan,nan,nan,nan,nan,nan,nan,nan,nan,nan,nan,nan,nan,nan,nan,nan,nan,nan,nan,nan,nan,nan,nan,nan,nan,nan,nan,nan,nan,0.17605074863760076
1791060755.7450206,1.1962889011980915,1.8852201752801596,0.022701226434473823,0.0030628036126228325,0.033372746516180454,0.20183763045272116,0.0,0.0,0.0,1.6301924292655765,-0.5149059203438214,0.17542869633434094,-0.0024925601615457225,0.7477519858561392,0.0,0.0,0.042222380668965054,-0.5265766465108744,0.004154072929417764,-0.22329877855089186,0.8140906620942414,0.0,0.0,-0.9000670232632083,-1.8430619139322661,0.0005339898072465882,6.876688245534466e-05,nan,nan,nan,nan,nan,nan,nan,0.00014597669807273113,0.0,0.0,1.376632066451845,-1.8180780986235134,-0.0010566476934194859,-0.006306024200924529,nan,nan,nan,nan,nan,nan,nan,nan,nan,nan,nan,nan,nan,nan,0.41157192994772324,0.0,0.0,2.1316191336905668,0.6442279194673889,-0.001347587136841025,-0.00035223114132573263,nan,nan,nan,nan,nan,nan,nan,nan,nan,nan,nan,nan,nan,nan,nan,nan,nan,nan,nan,nan,nan,nan,nan,nan,nan,nan,nan,nan,nan,nan,nan,nan,nan,nan,nan,nan,nan,nan,nan,nan,nan,nan,nan,nan,nan,nan,nan,nan,nan,0.17573256168967544
1791060755.8450224,1.2136259066954156,1.8854837693842152,0.02391588411046559,0.0027713393137076504,0.030196909800393468,0.20166276527668497,0.0,0.0,0.0,1.6483840419153648,-0.5145512057857083,0.1792993446832312,-0.0037339257490923636,0.7477519858561392,0.0,0.0,0.04253108108346492,-0.5484924487526555,-0.004733240985945231,-0.21878781537846828,0.8140906620942414,0.0,0.0,-0.9000742931101203,-1.8430663623050443,-0.0003279950067021162,-0.00014151094216765937,nan,nan,nan,nan,nan,nan,nan,0.00014597669807273113,0.0,0.0,1.3766487581775013,-1.818020669956571,-0.0013051382297337517,-0.0014709516165191524,nan,nan,nan,nan,nan,nan,nan,nan,nan,nan,nan,nan,nan,nan,0.41157192994772324,0.0,0.0,2.131653028200275,0.6442128915528159,0.0003760653922342957,-0.0009453301948797487,nan,nan,nan,nan,nan,nan,nan,nan,nan,nan,nan,nan,nan,nan,nan,nan,nan,nan,nan,nan,nan,nan,nan,nan,nan,nan,nan,nan,nan,nan,nan,nan,nan,nan,nan,nan,nan,nan,nan,nan,nan,nan,nan,nan,nan,nan,nan,nan,nan,0.17534102381617894
1791060755.9450777,1.2313436303027585,1.8856847000400645,0.024596825623687063,0.0025078263763253015,0.027325635120308972,0.20150466743647,0.0,0.0,0.0,1.6637714157118149,-0.5130574742779422,0.1722275797453912,0.01023319918864173,0.7477519858561392,0.0,0.0,0.04303573256184846,-0.5707549272931487,0.005331551498199853,-0.20293747424360478,0.8140906620942414,0.0,0.0,-0.9000536036185259,-1.8430683645426917,-4.5033793923871294e-05,0.00041814157057835607,nan,nan,nan,nan,nan,nan,nan,0.00014597669807273113,0.0,0.0,1.3766403863042045,-1.8180532653922006,-0.00030004218820242493,0.006459291116599939,nan,nan,nan,nan,nan,nan,nan,nan,nan,nan,nan,nan,nan,nan,0.41157192994772324,0.0,0.0,2.1316250315186442,0.6442220704660886,-0.0006416073078787384,-0.0003027506114292313,nan,nan,nan,nan,nan,nan,nan,nan,nan,nan,nan,nan,nan,nan,nan,nan,nan,nan,nan,nan,nan,nan,nan,nan,nan,nan,nan,nan,nan,nan,nan,nan,nan,nan,nan,nan,nan,nan,nan,nan,nan,nan,nan,nan,nan,nan,nan,nan,nan,0.1770475180452068
1791060756.0451422,1.2485611721132668,1.8859409308522546,0.025581387408483095,0.002269175143982424,0.024725257136579033,0.20136148405497376,0.0,0.0,0.0,1.6812263223884831,-0.5127847410436406,0.15522864774322465,-0.0016411704023455084,0.7477519858561392,0.0,0.0,0.043414173850458544,-0.5933968598879833,0.006414550339150574,-0.22779540537610937,0.8140906620942414,0.0,0.0,-0.9000772239687344,-1.8430678512468766,0.00041104479390873655,-0.0006691981483013012,nan,nan,nan,nan,nan,nan,nan,0.00014597669807273113,0.0,0.0,1.3766397554472602,-1.8180558496579116,-0.0007708044240911422,-0.0006233512398463806,nan,nan,nan,nan,nan,nan,nan,nan,nan,nan,nan,nan,nan,nan,0.41157192994772324,0.0,0.0,2.1316209632012684,0.6442121037155915,-0.0010429496891475164,-0.0006592063424302682,nan,nan,nan,nan,nan,nan,nan,nan,nan,nan,nan,nan,nan,nan,nan,nan,nan,nan,nan,nan,nan,nan,nan,nan,nan,nan,nan,nan,nan,nan,nan,nan,nan,nan,nan,nan,nan,nan,nan,nan,nan,nan,nan,nan,nan,nan,nan,nan,nan,0.16561605905939233
1791060756.1451771,1.2658198559495069,1.8861240718304009,0.026184723230679722,0.0020532345790272265,0.022372337835089996,0.20123192516690802,0.0,0.0,0.0,1.6985673314048,-0.5121961664799726,0.16246919465737394,0.0007130573270629649,0.7477519858561392,0.0,0.0,0.043840851732731514,-0.6154696963352266,0.01359370751202667,-0.22986344995934616,0.8140906620942414,0.0,0.0,-0.9000635304150311,-1.8430642332904748,0.0005498181802308132,0.0004011140269487842,nan,nan,nan,nan,nan,nan,nan,0.00014597669807273113,0.0,0.0,1.3766899327822701,-1.8180359981663097,0.0014566742714094353,0.0014034485694857314,nan,nan,nan,nan,nan,nan,nan,nan,nan,nan,nan,nan,nan,nan,0.41157192994772324,0.0,0.0,2.131642469751369,0.6442264668906775,-0.00039857210426416683,-0.001035167920055481,nan,nan,nan,nan,nan,nan,nan,nan,nan,nan,nan,nan,nan,nan,nan,nan,nan,nan,nan,nan,nan,nan,nan,nan,nan,nan,nan,nan,nan,nan,nan,nan,nan,nan,nan,nan,nan,nan,nan,nan,nan,nan,nan,nan,nan,nan,nan,nan,nan,0.17287186208719207
1791060756.2451103,1.282817607471666,1.886872162877034,0.027506981410984736,0.0018579092649841946,0.020244045258025516,0.20111473401540808,0.0,0.0,0.0,1.7145427858675713,-0.5117432629878849,0.1517619068832329,0.004964895513526378,0.7477519858561392,0.0,0.0,0.04417074833931612,-0.6378898300764569,-5.497342953955935e-05,-0.22649069366884295,0.8140906620942414,0.0,0.0,-0.9000710802041575,-1.8430691772552286,-0.0002795721249702097,-0.00016841098841216767,nan,nan,nan,nan,nan,nan,nan,0.00014597669807273113,0.0,0.0,1.3766821603492747,-1.8180505092773698,-0.015230803845491239,-0.07255005026359182,nan,nan,nan,nan,nan,nan,nan,nan,nan,nan,nan,nan,nan,nan,0.41157192994772324,0.0,0.0,2.131643242961695,0.6442293914053886,-0.0007284061719752856,0.00026361990539254743,nan,nan,nan,nan,nan,nan,nan,nan,nan,nan,nan,nan,nan,nan,nan,nan,nan,nan,nan,nan,nan,nan,nan,nan,nan,nan,nan,nan,nan,nan,nan,nan,nan,nan,nan,nan,nan,nan,nan,nan,nan,nan,nan,nan,nan,nan,nan,nan,nan,0.17469489433126326
1791060756.3440654,1.2992835405628589,1.88681067808573,0.027197587362806287,0.0016813366713163925,0.018320085006086978,0.20100879344755096,0.0,0.0,0.0,1.730598208542443,-0.5115410196018262,0.1471686143086512,-0.009538168844182612,0.7477519858561392,0.0,0.0,0.04460680280074991,-0.660063036089381,-0.00397714622312146,-0.21831213947884598,0.8140906620942414,0.0,0.0,-0.9000779693078264,-1.8430658325573759,-0.00027499832115773337,0.0008053810193280111,nan,nan,nan,nan,nan,nan,nan,0.00014597669807273113,0.0,0.0,1.3766583993294272,-1.8180556285420866,-0.00045419923370000484,0.004538366904937896,nan,nan,nan,nan,nan,nan,nan,nan,nan,nan,nan,nan,nan,nan,0.41157192994772324,0.0,0.0,2.131653422250136,0.6442353760600033,-0.00021858964051883016,0.001091735992808127,nan,nan,nan,nan,nan,nan,nan,nan,nan,nan,nan,nan,nan,nan,nan,nan,nan,nan,nan,nan,nan,nan,nan,nan,nan,nan,nan,nan,nan,nan,nan,nan,nan,nan,nan,nan,nan,nan,nan,nan,nan,nan,nan,nan,nan,nan,nan,nan,nan,0.1601318255365265
1791060756.4451077,1.315889122184961,1.8870524991522817,0.025262143598065293,0.0015213363330230849,0.01657669842055495,0.2009127954619253,0.0,0.0,0.0,1.7463668779245727,-0.5111607876986852,0.15557551406988374,-0.002166769401175417,0.7477519858561392,0.0,0.0,0.04512499265768612,-0.6823820155437764,0.007632167347044449,-0.21635238137350377,0.8140906620942414,0.0,0.0,-0.9000965429792932,-1.8430662691558573,-0.0010533395608419696,4.145706007384086e-05,nan,nan,nan,nan,nan,nan,nan,0.00014597669807273113,0.0,0.0,1.3766789101956085,-1.8179807715990315,-0.0027185368805116676,-0.012651158084079597,nan,nan,nan,nan,nan,nan,nan,nan,nan,nan,nan,nan,nan,nan,0.41157192994772324,0.0,0.0,2.131644669075487,0.6442068452698266,-0.00020211250512490805,-0.001447771301848535,nan,nan,nan,nan,nan,nan,nan,nan,nan,nan,nan,nan,nan,nan,nan,nan,nan,nan,nan,nan,nan,nan,nan,nan,nan,nan,nan,nan,nan,nan,nan,nan,nan,nan,nan,nan,nan,nan,nan,nan,nan,nan,nan,nan,nan,nan,nan,nan,nan,0.17196449816586937
1791060756.5451314,1.332477727867442,1.8874417246664368,0.023544739931648417,0.0013765620399893083,0.014999217003345184,0.20082593252876318,0.0,0.0,0.0,1.7619508540159232,-0.5108883473869532,0.16116292239360064,0.005785955038010567,0.7477519858561392,0.0,0.0,0.045490896479732444,-0.7046434119927544,0.012964762670124913,-0.22392938289067166,0.8140906620942414,0.0,0.0,-0.9000681428110556,-1.843067595800052,5.106011253091253e-05,-2.7828159370434444e-05,nan,nan,nan,nan,nan,nan,nan,0.00014597669807273113,0.0,0.0,1.376649726996813,-1.8179996535788412,-0.0003456691477190585,0.006910756017157564,nan,nan,nan,nan,nan,nan,nan,nan,nan,nan,nan,nan,nan,nan,0.41157192994772324,0.0,0.0,2.131631577598127,0.6442270184486427,-0.0003758522494021934,0.00032478570505031773,nan,nan,nan,nan,nan,nan,nan,nan,nan,nan,nan,nan,nan,nan,nan,nan,nan,nan,nan,nan,nan,nan,nan,nan,nan,nan,nan,nan,nan,nan,nan,nan,nan,nan,nan,nan,nan,nan,nan,nan,nan,nan,nan,nan,nan,nan,nan,nan,nan,0.16913572049186376
1791060756.645097,1.3492594574106171,1.8877926779109917,0.02316830118555784,0.0012455648424395925,0.013571852790328293,0.20074733542714723,0.0,0.0,0.0,1.7801543617889075,-0.511535014016503,0.1649608663088885,0.008109272705948663,0.7477519858561392,0.0,0.0,0.04575592070302326,-0.7269176755698431,0.005674984390402793,-0.22516912718701543,0.8140906620942414,0.0,0.0,-0.9000637427549631,-1.8430684456891369,4.261536338797086e-05,0.0003795043678014036,nan,nan,nan,nan,nan,nan,nan,0.00014597669807273113,0.0,0.0,1.376678819696441,-1.8179749556028555,0.0022300234243549507,0.005562434912815186,nan,nan,nan,nan,nan,nan,nan,nan,nan,nan,nan,nan,nan,nan,0.41157192994772324,0.0,0.0,2.131635107295704,0.6442343934529401,2.28085614429362e-05,0.001432149210835708,nan,nan,nan,nan,nan,nan,nan,nan,nan,nan,nan,nan,nan,nan,nan,nan,nan,nan,nan,nan,nan,nan,nan,nan,nan,nan,nan,nan,nan,nan,nan,nan,nan,nan,nan,nan,nan,nan,nan,nan,nan,nan,nan,nan,nan,nan,nan,nan,nan,0.16449242337090644
1791060756.7450128,1.365902139715463,1.8880966107540151,0.023268736102718655,0.0011271354137999598,0.012281428786073585,0.2006762786707792,0.0,0.0,0.0,1.7965495516277936,-0.5113519524854339,0.15960257781162407,-0.001106909802907858,0.7477519858561392,0.0,0.0,0.04613584715649862,-0.7490821760088829,-0.008432307270479542,-0.2189505742603462,0.8140906620942414,0.0,0.0,-0.9000790932642618,-1.8430781511907612,-0.0007721991709096025,0.0002500544621871224,nan,nan,nan,nan,nan,nan,nan,0.00014597669807273113,0.0,0.0,1.3766587958254135,-1.8180857474646086,-0.0003153214284815746,0.0012673224570551546,nan,nan,nan,nan,nan,nan,nan,nan,nan,nan,nan,nan,nan,nan,0.41157192994772324,0.0,0.0,2.131663613588574,0.6441842146185045,0.00031372366642081894,-0.001788555964010278,nan,nan,nan,nan,nan,nan,nan,nan,nan,nan,nan,nan,nan,nan,nan,nan,nan,nan,nan,nan,nan,nan,nan,nan,nan,nan,nan,nan,nan,nan,nan,nan,nan,nan,nan,nan,nan,nan,nan,nan,nan,nan,nan,nan,nan,nan,nan,nan,nan,0.17001894915865726
1791060756.8450572,1.3826744468533145,1.8885328587176546,0.022261247421730756,0.001019934563073004,0.011113352973806298,0.20061195882804417,0.0,0.0,0.0,1.8133418287165828,-0.5111435119652477,0.16815653165396957,-0.008795019618882564,0.7477519858561392,0.0,0.0,0.04661280986299103,-0.7713493125524366,0.005094833699590598,-0.2221359353388824,0.8140906620942414,0.0,0.0,-0.9005705321929628,-1.84271899287218,-0.03570616840171196,0.026430347169376936,nan,nan,nan,nan,nan,nan,nan,0.00014597669807273113,0.0,0.0,1.376674321279657,-1.8180029590305953,0.0026113009480399755,0.005114509413779636,nan,nan,nan,nan,nan,nan,nan,nan,nan,nan,nan,nan,nan,nan,0.41157192994772324,0.0,0.0,2.1316632607078017,0.6442419342053001,0.001484689337252582,0.0006742387041123196,nan,nan,nan,nan,nan,nan,nan,nan,nan,nan,nan,nan,nan,nan,nan,nan,nan,nan,nan,nan,nan,nan,nan,nan,nan,nan,nan,nan,nan,nan,nan,nan,nan,nan,nan,nan,nan,nan,nan,nan,nan,nan,nan,nan,nan,nan,nan,nan,nan,0.17040732736287997
1791060756.945771,1.3993684066034067,1.8886863580581907,0.02281381195661226,0.0009228749569199132,0.010055777613845964,0.20055372355933662,0.0,0.0,0.0,1.82965060252042,-0.5109119015021917,0.1578431082403998,0.002849132017186777,0.7477519858561392,0.0,0.0,0.047319153062157726,-0.7937798305464248,0.015617443635442627,-0.2222029287594097,0.8140906620942414,0.0,0.0,-0.90006886644638,-1.843079471052672,-0.0002957534247077598,-0.00013763571105624198,nan,nan,nan,nan,nan,nan,nan,0.00014597669807273113,0.0,0.0,1.3766083331749688,-1.8180432878199198,-0.002638887159608844,-0.00560577548424219,nan,nan,nan,nan,nan,nan,nan,nan,nan,nan,nan,nan,nan,nan,0.41157192994772324,0.0,0.0,2.1316568642572653,0.6442394214837908,0.0004195587664795533,0.0015792139148214938,nan,nan,nan,nan,nan,nan,nan,nan,nan,nan,nan,nan,nan,nan,nan,nan,nan,nan,nan,nan,nan,nan,nan,nan,nan,nan,nan,nan,nan,nan,nan,nan,nan,nan,nan,nan,nan,nan,nan,nan,nan,nan,nan,nan,nan,nan,nan,nan,nan,0.16391416573826856
1791060757.044856,1.4160947073190633,1.88894961979368,0.02348933397653925,0.0008351679764640778,0.009100109802044726,0.20050109973731933,0.0,0.0,0.0,1.8444092103007146,-0.5099590788056907,0.1642889834894219,0.0020594240781901365,0.7477519858561392,0.0,0.0,0.04781288455501109,-0.8162235564333111,0.009977106598066695,-0.2193990091400938,0.8140906620942414,0.0,0.0,-0.9000770936441417,-1.8430796034215917,-0.0004509000819491142,3.320530532023031e-05,nan,nan,nan,nan,nan,nan,nan,0.00014597669807273113,0.0,0.0,1.376636276539757,-1.8180564614608046,-0.0001570362700389737,-0.002122774353093303,nan,nan,nan,nan,nan,nan,nan,nan,nan,nan,nan,nan,nan,nan,0.41157192994772324,0.0,0.0,2.131628212889238,0.6442230345663577,-0.0011044913468138766,-0.0007266787016807493,nan,nan,nan,nan,nan,nan,nan,nan,nan,nan,nan,nan,nan,nan,nan,nan,nan,nan,nan,nan,nan,nan,nan,nan,nan,nan,nan,nan,nan,nan,nan,nan,nan,nan,nan,nan,nan,nan,nan,nan,nan,nan,nan,nan,nan,nan,nan,nan,nan,0.1660802398240269
1791060757.1449423,1.4333123371994256,1.8891175813913461,0.022457318189504256,0.0007556912356984302,0.008234119859832011,0.20045341396462701,0.0,0.0,0.0,1.8606196672476412,-0.5098592503458834,0.16380362283521746,-0.006285638722929453,0.7477519858561392,0.0,0.0,0.048581438207340705,-0.8388751280399981,0.0017944073349410838,-0.22313988939436138,0.8140906620942414,0.0,0.0,-0.9000821946582759,-1.8430756523566516,-0.0002755310635145044,-0.00023245863944122399,nan,nan,nan,nan,nan,nan,nan,0.00014597669807273113,0.0,0.0,1.3766778369154158,-1.8180406779929463,-0.001447398504617033,0.0029200379576662066,nan,nan,nan,nan,nan,nan,nan,nan,nan,nan,nan,nan,nan,nan,0.41157192994772324,0.0,0.0,2.1316431217042284,0.644216285209836,-0.00035967831013377125,0.0008830309498164361,nan,nan,nan,nan,nan,nan,nan,nan,nan,nan,nan,nan,nan,nan,nan,nan,nan,nan,nan,nan,nan,nan,nan,nan,nan,nan,nan,nan,nan,nan,nan,nan,nan,nan,nan,nan,nan,nan,nan,nan,nan,nan,nan,nan,nan,nan,nan,nan,nan,0.19624605395291855
1791060757.2449775,1.4505039527920973,1.8894236982816222,0.023956220800503372,0.0006837777067664941,0.007450539756217625,0.200410266048598,0.0,0.0,0.0,1.8791319501859403,-0.510351584891816,0.14798340904875196,-0.016954182779101545,0.7477519858561392,0.0,0.0,0.049468113315231724,-0.8612459198426625,0.0007563941134638237,-0.2257630649052378,0.8140906620942414,0.0,0.0,-0.900085074817296,-1.8430669310020267,-0.0008993772392424772,9.287800863584111e-05,nan,nan,nan,nan,nan,nan,nan,0.00014597669807273113,0.0,0.0,1.3766708586721994,-1.8180471109960257,0.0003663291342507106,-0.0005657870232518411,nan,nan,nan,nan,nan,nan,nan,nan,nan,nan,nan,nan,nan,nan,0.41157192994772324,0.0,0.0,2.131653928153825,0.6442323560428785,0.00020332157184052482,0.00039849265195740047,nan,nan,nan,nan,nan,nan,nan,nan,nan,nan,nan,nan,nan,nan,nan,nan,nan,nan,nan,nan,nan,nan,nan,nan,nan,nan,nan,nan,nan,nan,nan,nan,nan,nan,nan,nan,nan,nan,nan,nan,nan,nan,nan,nan,nan,nan,nan,nan,nan,0.1795393570057034
1791060757.3448336,1.4691895853917796,1.889740796762716,0.024343502296312,0.0006187284914706454,0.006741754196412901,0.20037123666852652,0.0,0.0,0.0,1.8953518278609738,-0.5100920738366617,0.15147779628912317,0.009200955352253353,0.7477519858561392,0.0,0.0,0.050385003692484026,-0.8834248497949534,0.011844092284949283,-0.22638665120015017,0.8140906620942414,0.0,0.0,-0.9000641260131507,-1.843061468691349,-0.0013158735721160058,-0.0007242312352516718,nan,nan,nan,nan,nan,nan,nan,0.00014597669807273113,0.0,0.0,1.3766591857683594,-1.8180020635764975,-0.00026268438926076057,0.0017854928506721263,nan,nan,nan,nan,nan,nan,nan,nan,nan,nan,nan,nan,nan,nan,0.41157192994772324,0.0,0.0,2.1316354455387674,0.6442470092834164,-0.00023077479807432984,0.0010742618178931974,nan,nan,nan,nan,nan,nan,nan,nan,nan,nan,nan,nan,nan,nan,nan,nan,nan,nan,nan,nan,nan,nan,nan,nan,nan,nan,nan,nan,nan,nan,nan,nan,nan,nan,nan,nan,nan,nan,nan,nan,nan,nan,nan,nan,nan,nan,nan,nan,nan,0.18330892967681678
1791060757.445199,1.4868513817784712,1.890210669013983,0.024148446123921672,0.0005598486908715766,0.0061001914621201655,0.20033590889867067,0.0,0.0,0.0,1.9108213726426504,-0.5100631632459353,0.15627890594161836,-0.002486623929872996,0.7477519858561392,0.0,0.0,0.05111440632707455,-0.9054902612749484,0.011796074046168907,-0.21103280846409359,0.8140906620942414,0.0,0.0,-0.9000478663834114,-1.843074495627484,0.00047406498746545907,-0.0002632915533714714,nan,nan,nan,nan,nan,nan,nan,0.00014597669807273113,0.0,0.0,1.3766230451770958,-1.8180345825491484,-0.01672418847194919,-0.07078188477621633,nan,nan,nan,nan,nan,nan,nan,nan,nan,nan,nan,nan,nan,nan,0.41157192994772324,0.0,0.0,2.131643024180124,0.6442367548029854,0.0009209451544547765,-4.934380095711094e-06,nan,nan,nan,nan,nan,nan,nan,nan,nan,nan,nan,nan,nan,nan,nan,nan,nan,nan,nan,nan,nan,nan,nan,nan,nan,nan,nan,nan,nan,nan,nan,nan,nan,nan,nan,nan,nan,nan,nan,nan,nan,nan,nan,nan,nan,nan,nan,nan,nan,0.1759960634012084
1791060757.545216,1.5045478548775106,1.8900035992918658,0.022964880230238415,0.0005065759801801158,0.005519724381955835,0.20030394535411344,0.0,0.0,0.0,1.92670361543366,-0.5099251598221585,0.16665041207765902,0.007649906857687834,0.7477519858561392,0.0,0.0,0.051473683728802073,-0.9277461906182789,0.008700200283452064,-0.2082759845850676,0.8140906620942414,0.0,0.0,-0.9000639283636348,-1.8430606522448532,-0.00024095861648830126,0.0003656158134046943,nan,nan,nan,nan,nan,nan,nan,0.00014597669807273113,0.0,0.0,1.3766720739353318,-1.817976443981435,-0.011793862745497541,-0.04715117186896581,nan,nan,nan,nan,nan,nan,nan,nan,nan,nan,nan,nan,nan,nan,0.41157192994772324,0.0,0.0,2.131649823521506,0.6442566879411297,0.0003316348126587285,0.00148833664327424,nan,nan,nan,nan,nan,nan,nan,nan,nan,nan,nan,nan,nan,nan,nan,nan,nan,nan,nan,nan,nan,nan,nan,nan,nan,nan,nan,nan,nan,nan,nan,nan,nan,nan,nan,nan,nan,nan,nan,nan,nan,nan,nan,nan,nan,nan,nan,nan,nan,0.18720426398162357
1791060757.6449635,1.522782291374994,1.8907667426071963,0.022184757114874994,0.00045837039409371875,0.004994469416702745,0.20027502206310702,0.0,0.0,0.0,1.942834058907848,-0.5099089174272005,0.16806735011702298,0.008041478480559177,0.7477519858561392,0.0,0.0,0.052327283186422525,-0.950100366211112,0.006063808062325824,-0.2296394358407662,0.8140906620942414,0.0,0.0,-0.9000700494511044,-1.8430591233225102,-0.00018524768795521022,0.0009074902571808074,nan,nan,nan,nan,nan,nan,nan,0.00014597669807273113,0.0,0.0,1.3766386733790648,-1.8180716577504725,-0.0001536718503478321,-0.002247026143686036,nan,nan,nan,nan,nan,nan,nan,nan,nan,nan,nan,nan,nan,nan,0.41157192994772324,0.0,0.0,2.131641272812789,0.644233855242933,0.0002859366273450511,0.0002650535429344948,nan,nan,nan,nan,nan,nan,nan,nan,nan,nan,nan,nan,nan,nan,nan,nan,nan,nan,nan,nan,nan,nan,nan,nan,nan,nan,nan,nan,nan,nan,nan,nan,nan,nan,nan,nan,nan,nan,nan,nan,nan,nan,nan,nan,nan,nan,nan,nan,nan,0.180987864687783
1791060757.7448494,1.5426181752803,1.8907572439082976,0.02004551291114667,0.00041475068403219306,0.004519182812954101,0.20024885028199907,0.0,0.0,0.0,1.9591775848548025,-0.5100175014554349,0.15788950716265615,0.0004015784933679024,0.7477519858561392,0.0,0.0,0.05345404810375888,-0.9724777696033226,0.0008088717680519715,-0.23693465364575275,0.8140906620942414,0.0,0.0,-0.9000792953251187,-1.843070796154622,-0.001713176461038781,0.0005680924794452867,nan,nan,nan,nan,nan,nan,nan,0.00014597669807273113,0.0,0.0,1.3766526119369291,-1.8180363331660194,5.8294829231454317e-05,0.002435987088258303,nan,nan,nan,nan,nan,nan,nan,nan,nan,nan,nan,nan,nan,nan,0.41157192994772324,0.0,0.0,2.131636882521755,0.6442577642249455,0.0002614327092323517,0.0007827324492764078,nan,nan,nan,nan,nan,nan,nan,nan,nan,nan,nan,nan,nan,nan,nan,nan,nan,nan,nan,nan,nan,nan,nan,nan,nan,nan,nan,nan,nan,nan,nan,nan,nan,nan,nan,nan,nan,nan,nan,nan,nan,nan,nan,nan,nan,nan,nan,nan,nan,0.18637321316857877
1791060757.8447125,1.560799776280142,1.89113702059224,0.01813710887477377,0.00037529608921581286,0.004089279901034097,0.20022517755838265,0.0,0.0,0.0,1.976269934588139,-0.5101144572694217,0.1770614338555982,-0.007098529301959077,0.7477519858561392,0.0,0.0,0.054447669169834435,-0.9944994141324048,0.015611898160282234,-0.21491157207796785,0.8140906620942414,0.0,0.0,-0.9000722915950888,-1.8430652638377092,0.0004923305760264714,0.00024791068296896193,nan,nan,nan,nan,nan,nan,nan,0.00014597669807273113,0.0,0.0,1.3766328895802047,-1.8180337995142948,-0.0010746776743674315,-0.003077093231515917,nan,nan,nan,nan,nan,nan,nan,nan,nan,nan,nan,nan,nan,nan,0.41157192994772324,0.0,0.0,2.131611765849372,0.6442549357454609,-0.0013198027492090753,0.0010817794476059507,nan,nan,nan,nan,nan,nan,nan,nan,nan,nan,nan,nan,nan,nan,nan,nan,nan,nan,nan,nan,nan,nan,nan,nan,nan,nan,nan,nan,nan,nan,nan,nan,nan,nan,nan,nan,nan,nan,nan,nan,nan,nan,nan,nan,nan,nan,nan,nan,nan,0.17795811034279235
1791060757.9453955,1.5791126515887,1.8917543933421088,0.017799614982292197,0.00033958194447663247,0.0037001334684940808,0.20020374909619948,0.0,0.0,0.0,1.992455928146271,-0.510287685464045,0.1532306423859378,-0.009750531245774446,0.7477519858561392,0.0,0.0,0.05540620249819744,-1.0168153608119503,0.004810570443706999,-0.21098468771436385,0.8140906620942414,0.0,0.0,-0.9000491067534312,-1.8430715565371003,0.0005066872112796072,0.0004499557293075969,nan,nan,nan,nan,nan,nan,nan,0.00014597669807273113,0.0,0.0,1.3766042038867559,-1.8181106872937294,-0.014942782603791088,-0.06664141027558818,nan,nan,nan,nan,nan,nan,nan,nan,nan,nan,nan,nan,nan,nan,0.41157192994772324,0.0,0.0,2.1316195227490913,0.6442480097213067,-0.0006407411308575229,0.00023881330139421803,nan,nan,nan,nan,nan,nan,nan,nan,nan,nan,nan,nan,nan,nan,nan,nan,nan,nan,nan,nan,nan,nan,nan,nan,nan,nan,nan,nan,nan,nan,nan,nan,nan,nan,nan,nan,nan,nan,nan,nan,nan,nan,nan,nan,nan,nan,nan,nan,nan,0.17445748359613172
1791060758.045449,1.597173941958895,1.8920735810839997,0.01641615740198497,0.0003072754370147619,0.0033481171394337864,0.2001843652099866,0.0,0.0,0.0,2.0088929901675363,-0.5100921213183841,0.15746218124616856,0.0020328968791372974,0.7477519858561392,0.0,0.0,0.05633349017032167,-1.0361904418827115,0.002595623433556033,-0.09345616268375109,0.8140906620942414,0.0,0.0,-0.9000745670162952,-1.843073695624336,0.0003942971143799309,0.0001453991291910199,nan,nan,nan,nan,nan,nan,nan,0.00014597669807273113,0.0,0.0,1.3766279933546102,-1.8180687722544175,0.0005667612621906451,0.0033074724357424704,nan,nan,nan,nan,nan,nan,nan,nan,nan,nan,nan,nan,nan,nan,0.41157192994772324,0.0,0.0,2.1316442848793424,0.6442486454367471,0.0012495121183415934,0.0011470711852101497,nan,nan,nan,nan,nan,nan,nan,nan,nan,nan,nan,nan,nan,nan,nan,nan,nan,nan,nan,nan,nan,nan,nan,nan,nan,nan,nan,nan,nan,nan,nan,nan,nan,nan,nan,nan,nan,nan,nan,nan,nan,nan,nan,nan,nan,nan,nan,nan,nan,0.18555589850545987
1791060758.1444104,1.6145281758116108,1.8923040412704124,0.016974277171101674,0.00027803431314568395,0.0030295016687228522,0.20016682054920018,0.0,0.0,0.0,2.024767107272346,-0.5102874298798551,0.1594282861664273,-0.008939472173955815,0.7477519858561392,0.0,0.0,0.05638106884002937,-1.037069176182124,0.0010880820209059376,0.0048277399368981,0.8140906620942414,0.0,0.0,-0.9000732340192316,-1.8430848616992244,0.0004041134009185415,-0.00044414236788655625,nan,nan,nan,nan,nan,nan,nan,0.00014597669807273113,0.0,0.0,1.376893546628366,-1.8170073253054764,0.017110052994352986,0.07585602499368387,nan,nan,nan,nan,nan,nan,nan,nan,nan,nan,nan,nan,nan,nan,0.41157192994772324,0.0,0.0,2.1316455921272697,0.6442422414597253,0.0009874491498051456,0.0009089380719541483,nan,nan,nan,nan,nan,nan,nan,nan,nan,nan,nan,nan,nan,nan,nan,nan,nan,nan,nan,nan,nan,nan,nan,nan,nan,nan,nan,nan,nan,nan,nan,nan,nan,nan,nan,nan,nan,nan,nan,nan,nan,nan,nan,nan,nan,nan,nan,nan,nan,0.16708168644630061
1791060758.2450898,1.6323526072043637,1.8923062831911308,0.016188539298815086,0.00025160860314480776,0.002741563350466096,0.2001509651332155,0.0,0.0,0.0,2.0408445263064747,-0.510254638870089,0.165174571924834,0.007322781649161214,0.7477519858561392,0.0,0.0,0.05636991741178432,-1.0373144056545447,-0.0008225062503249335,-0.0018556316678439645,0.8140906620942414,0.0,0.0,-0.9000638244120823,-1.8430731376561473,0.0011833884186234535,9.959540485594007e-05,nan,nan,nan,nan,nan,nan,nan,0.00014597669807273113,0.0,0.0,1.3766445524435733,-1.8180069275286659,6.084879786322846e-05,0.0026620650376620453,nan,nan,nan,nan,nan,nan,nan,nan,nan,nan,nan,nan,nan,nan,0.41157192994772324,0.0,0.0,2.131635800263154,0.6442334914536249,-4.641009816105135e-05,-0.0008379959955938883,nan,nan,nan,nan,nan,nan,nan,nan,nan,nan,nan,nan,nan,nan,nan,nan,nan,nan,nan,nan,nan,nan,nan,nan,nan,nan,nan,nan,nan,nan,nan,nan,nan,nan,nan,nan,nan,nan,nan,nan,nan,nan,nan,nan,nan,nan,nan,nan,nan,0.18801741795169316
1791060758.3448987,1.648885845714014,1.892679438466864,0.018430556738716092,0.00022766487890000408,0.002480669104233026,0.2001365989060997,0.0,0.0,0.0,2.056852016315444,-0.5101278439860285,0.15585754961464823,0.010265731180003804,0.7477519858561392,0.0,0.0,0.05638881546524553,-1.0372918982489523,-0.0010408593051921859,0.0004904341670326861,0.8140906620942414,0.0,0.0,-0.9000629516124163,-1.8430873865294048,-0.00012804924004769372,6.21588715769551e-05,nan,nan,nan,nan,nan,nan,nan,0.00014597669807273113,0.0,0.0,1.376863186854334,-1.8169905681606782,0.014755348105334572,0.07164771940949549,nan,nan,nan,nan,nan,nan,nan,nan,nan,nan,nan,nan,nan,nan,0.41157192994772324,0.0,0.0,2.131627924906243,0.6442188801936402,0.00012809502121834918,-0.002371687726954774,nan,nan,nan,nan,nan,nan,nan,nan,nan,nan,nan,nan,nan,nan,nan,nan,nan,nan,nan,nan,nan,nan,nan,nan,nan,nan,nan,nan,nan,nan,nan,nan,nan,nan,nan,nan,nan,nan,nan,nan,nan,nan,nan,nan,nan,nan,nan,nan,nan,0.139742794478894
1791060758.4441733,1.6696877418200504,1.8924164481947825,0.018911897058798227,0.0002060244095317121,0.0022448714527797163,0.20012361462997819,0.0,0.0,0.0,2.0733611481023795,-0.5102459343872056,0.16698224263204497,0.0019353257041562532,0.7477519858561392,0.0,0.0,0.056391957064763965,-1.0372961577707025,-0.0011504020513220124,-4.911245070209709e-05,0.8140906620942414,0.0,0.0,-0.9000558501520273,-1.8430843244902089,-0.00021691354250719282,-9.765533633641965e-05,nan,nan,nan,nan,nan,nan,nan,0.00014597669807273113,0.0,0.0,1.3766657297163865,-1.8181199344661336,-0.0002002223344151986,-0.0052254050231357145,nan,nan,nan,nan,nan,nan,nan,nan,nan,nan,nan,nan,nan,nan,0.41157192994772324,0.0,0.0,2.13166759995206,0.6442477103086026,0.0011091610500901542,0.0018022812066198178,nan,nan,nan,nan,nan,nan,nan,nan,nan,nan,nan,nan,nan,nan,nan,nan,nan,nan,nan,nan,nan,nan,nan,nan,nan,nan,nan,nan,nan,nan,nan,nan,nan,nan,nan,nan,nan,nan,nan,nan,nan,nan,nan,nan,nan,nan,nan,nan,nan,0.19676072866415742
1791060758.5449698,1.686768938370882,1.8925944489845696,0.01855793785846903,0.00018641859483432377,0.002031243689823398,0.20011185114523947,0.0,0.0,0.0,2.08724268462219,-0.5096610061299232,0.006277665639914373,0.06436623816650121,0.7477519858561392,0.0,0.0,0.056393238111225215,-1.0373247352225536,0.001211693270774088,-0.0006419615298126477,0.8140906620942414,0.0,0.0,-0.9000801562046312,-1.8430808423643947,0.025854576904182847,-0.019588222032613935,nan,nan,nan,nan,nan,nan,nan,0.00014597669807273113,0.0,0.0,1.3766531568751585,-1.8180522117492022,-0.006062178654981631,0.015368377341703359,nan,nan,nan,nan,nan,nan,nan,nan,nan,nan,nan,nan,nan,nan,0.41157192994772324,0.0,0.0,2.131641401906317,0.6442368155199034,-0.00024493786351715955,-0.00025751118437658375,nan,nan,nan,nan,nan,nan,nan,nan,nan,nan,nan,nan,nan,nan,nan,nan,nan,nan,nan,nan,nan,nan,nan,nan,nan,nan,nan,nan,nan,nan,nan,nan,nan,nan,nan,nan,nan,nan,nan,nan,nan,nan,nan,nan,nan,nan,nan,nan,nan,0.18823319395922367
1791060758.6447742,1.7054762258334877,1.8925328530548282,0.018760686894034765,0.00016868848016588558,0.0018380538228355188,0.20010121307945924,0.0,0.0,0.0,2.1041961462831855,-0.509519609217426,0.19295950358280906,0.03156930908993109,0.7477519858561392,0.0,0.0,0.05637331134827513,-1.0373009195625296,2.7476235794105547e-05,-0.0007113650165945004,0.8140906620942414,0.0,0.0,-0.9000593094201124,-1.8430749265014037,0.0011325721857150988,-0.0014069745326970077,nan,nan,nan,nan,nan,nan,nan,0.00014597669807273113,0.0,0.0,1.3766300927324295,-1.8180745433157084,-0.013893126597955371,-0.06116378136693058,nan,nan,nan,nan,nan,nan,nan,nan,nan,nan,nan,nan,nan,nan,0.41157192994772324,0.0,0.0,2.13161377398588,0.644238843497919,-0.0013028388415335505,-0.0002704741747314377,nan,nan,nan,nan,nan,nan,nan,nan,nan,nan,nan,nan,nan,nan,nan,nan,nan,nan,nan,nan,nan,nan,nan,nan,nan,nan,nan,nan,nan,nan,nan,nan,nan,nan,nan,nan,nan,nan,nan,nan,nan,nan,nan,nan,nan,nan,nan,nan,nan,0.1892299157179507
1791060758.7448556,1.7237728476135734,1.8929921071177949,0.01871834036815147,0.00015263757242185613,0.0016631608348266083,0.200091582537052,0.0,0.0,0.0,2.1175790308599276,-0.5108193191156138,0.3443293592405503,-0.07903187362554223,0.7477519858561392,0.0,0.0,0.05639004803548873,-1.0372859110129458,0.0006005948042719224,0.0005886889327544325,0.8140906620942414,0.0,0.0,-0.9000757227157544,-1.8430748893443902,-0.0004552125236515027,-0.00026704860339682104,nan,nan,nan,nan,nan,nan,nan,0.00014597669807273113,0.0,0.0,1.3766380937631206,-1.8180107189995411,-0.00017955291342156265,0.0037378035368199718,nan,nan,nan,nan,nan,nan,nan,nan,nan,nan,nan,nan,nan,nan,0.41157192994772324,0.0,0.0,2.131637017308241,0.6442349713340817,0.000655726260323812,-0.0009594014677793257,nan,nan,nan,nan,nan,nan,nan,nan,nan,nan,nan,nan,nan,nan,nan,nan,nan,nan,nan,nan,nan,nan,nan,nan,nan,nan,nan,nan,nan,nan,nan,nan,nan,nan,nan,nan,nan,nan,nan,nan,nan,nan,nan,nan,nan,nan,nan,nan,nan,0.18648140916342218
1791060758.8448446,1.7420169735985034,1.8930053384459467,0.01796306888856658,0.0001381121869708595,0.0015048901560576198,0.20008286730744046,0.0,0.0,0.0,2.1377596844623965,-0.5110766701556997,0.22717247201768528,-0.0056238669105629045,0.7477519858561392,0.0,0.0,0.05638779905157529,-1.0372853815524448,0.0003099709937182478,0.0011503149695049773,0.8140906620942414,0.0,0.0,-0.9000489854093245,-1.8430779992080648,0.0004522458059936058,-0.0004273830454800171,nan,nan,nan,nan,nan,nan,nan,0.00014597669807273113,0.0,0.0,1.3766427851619694,-1.8181025497367258,-0.0006401365084974275,-0.005059480555866531,nan,nan,nan,nan,nan,nan,nan,nan,nan,nan,nan,nan,nan,nan,0.41157192994772324,0.0,0.0,2.131636021382766,0.6442442015282888,-0.0001091692720250304,0.0004710668246452833,nan,nan,nan,nan,nan,nan,nan,nan,nan,nan,nan,nan,nan,nan,nan,nan,nan,nan,nan,nan,nan,nan,nan,nan,nan,nan,nan,nan,nan,nan,nan,nan,nan,nan,nan,nan,nan,nan,nan,nan,nan,nan,nan,nan,nan,nan,nan,nan,nan,0.18426847541978508
1791060758.9449792,1.7602099885427185,1.893328776610933,0.018512069873445763,0.00012496907469908313,0.0013616809236824238,0.20007498144130645,0.0,0.0,0.0,2.152046405673571,-0.5103238353784824,0.031982799097843954,-0.013183316450600929,0.7477519858561392,0.0,0.0,0.05638881792227364,-1.0372962526886857,0.0006090795872960461,-0.0004700316002769734,0.8140906620942414,0.0,0.0,-0.9000604493841239,-1.8430748505382715,0.0005641478262326471,-0.0001129428319685101,nan,nan,nan,nan,nan,nan,nan,0.00014597669807273113,0.0,0.0,1.3766584965414703,-1.8180394032614946,0.000832383959070891,0.0015693147607014346,nan,nan,nan,nan,nan,nan,nan,nan,nan,nan,nan,nan,nan,nan,0.41157192994772324,0.0,0.0,2.1316511903929123,0.6442514419864723,0.0010239853076210053,-0.0004406831457024378,nan,nan,nan,nan,nan,nan,nan,nan,nan,nan,nan,nan,nan,nan,nan,nan,nan,nan,nan,nan,nan,nan,nan,nan,nan,nan,nan,nan,nan,nan,nan,nan,nan,nan,nan,nan,nan,nan,nan,nan,nan,nan,nan,nan,nan,nan,nan,nan,nan,0.18879199748863512
1791060759.0449255,1.7775195052827484,1.8933820142273736,0.02003716250430532,0.00011307669492222386,0.001232099851578553,0.20006784601435085,0.0,0.0,0.0,2.152358821550039,-0.5103670045739036,-0.002125473495038481,-0.007088083205222884,0.7477519858561392,0.0,0.0,0.05638521036382217,-1.0373056246127024,-0.0004250383596855108,-0.00010808510542354616,0.8140906620942414,0.0,0.0,-0.9000783108441197,-1.8430757077105222,-0.0005613924271336462,0.0001650703588075402,nan,nan,nan,nan,nan,nan,nan,0.00014597669807273113,0.0,0.0,1.376667712672998,-1.818108205173365,0.00011554130732794725,-0.004970970714835511,nan,nan,nan,nan,nan,nan,nan,nan,nan,nan,nan,nan,nan,nan,0.41157192994772324,0.0,0.0,2.1316482339725384,0.644247113216419,-0.00020462994726502215,0.0007902089200597977,nan,nan,nan,nan,nan,nan,nan,nan,nan,nan,nan,nan,nan,nan,nan,nan,nan,nan,nan,nan,nan,nan,nan,nan,nan,nan,nan,nan,nan,nan,nan,nan,nan,nan,nan,nan,nan,nan,nan,nan,nan,nan,nan,nan,nan,nan,nan,nan,nan,0.16355625971051613
1791060759.1443768,1.7960256117460716,1.8936728535042615,0.02293740000839853,0.00010231659645086709,0.0011148562786332345,0.20006138995594253,0.0,0.0,0.0,2.1526492188703887,-0.5102414143820937,0.003259400543365791,0.002157057436141043,0.7477519858561392,0.0,0.0,0.05638765043828885,-1.0372901123440252,0.00038683709679201473,0.00025840108847923664,0.8140906620942414,0.0,0.0,-0.9000719365221387,-1.8430758849199464,-0.0005248946145765915,-8.866639028771497e-05,nan,nan,nan,nan,nan,nan,nan,0.00014597669807273113,0.0,0.0,1.3766823266123092,-1.8179979152020274,-0.011695921121377888,-0.05557036597732887,nan,nan,nan,nan,nan,nan,nan,nan,nan,nan,nan,nan,nan,nan,0.41157192994772324,0.0,0.0,2.131653941483376,0.644244558752776,-8.611336650386501e-05,0.001001157865686058,nan,nan,nan,nan,nan,nan,nan,nan,nan,nan,nan,nan,nan,nan,nan,nan,nan,nan,nan,nan,nan,nan,nan,nan,nan,nan,nan,nan,nan,nan,nan,nan,nan,nan,nan,nan,nan,nan,nan,nan,nan,nan,nan,nan,nan,nan,nan,nan,nan,0.18786158627099875
1791060759.2449207,1.8129833364381878,1.8936706937423489,0.02438133924061306,9.258460149573684e-05,0.0010088150687444359,0.20005555075946893,0.0,0.0,0.0,2.1526890686494484,-0.5102298853804069,0.00919768731744674,0.014130397025354098,0.7477519858561392,0.0,0.0,0.05640348176778904,-1.0373053409151913,0.0007599644703698057,0.00012529065339156531,0.8140906620942414,0.0,0.0,-0.9005519890768028,-1.8427243248553178,-0.03663162503576463,0.026363544967500957,nan,nan,nan,nan,nan,nan,nan,0.00014597669807273113,0.0,0.0,1.3766541357370479,-1.8180940012737914,-0.000739418504937295,-0.004119046880767156,nan,nan,nan,nan,nan,nan,nan,nan,nan,nan,nan,nan,nan,nan,0.41157192994772324,0.0,0.0,2.1316434356055978,0.6442413548234643,-0.00023867742592198577,-0.0003289149815258492,nan,nan,nan,nan,nan,nan,nan,nan,nan,nan,nan,nan,nan,nan,nan,nan,nan,nan,nan,nan,nan,nan,nan,nan,nan,nan,nan,nan,nan,nan,nan,nan,nan,nan,nan,nan,nan,nan,nan,nan,nan,nan,nan,nan,nan,nan,nan,nan,nan,0.17838009293752796
1791060759.3448858,1.8307649148360745,1.8939073310660717,0.02622277172550184,8.377401179482299e-05,0.0009128136223784795,0.2000502644060186,0.0,0.0,0.0,2.1525929127013934,-0.5104162113111727,-0.00683933420487619,-0.013665896862161046,0.7477519858561392,0.0,0.0,0.056401744447949737,-1.0372967999685974,0.0005463831586420104,0.0006706638873901305,0.8140906620942414,0.0,0.0,-0.9000632075783612,-1.8430762501887923,0.0001893722493635377,0.0004817131409750279,nan,nan,nan,nan,nan,nan,nan,0.00014597669807273113,0.0,0.0,1.3766186957533286,-1.818038644632162,-0.0002331543390220671,-0.0005178277707356659,nan,nan,nan,nan,nan,nan,nan,nan,nan,nan,nan,nan,nan,nan,0.41157192994772324,0.0,0.0,2.131649797218304,0.6442255027736535,0.000597855185680586,-0.0004067656481303851,nan,nan,nan,nan,nan,nan,nan,nan,nan,nan,nan,nan,nan,nan,nan,nan,nan,nan,nan,nan,nan,nan,nan,nan,nan,nan,nan,nan,nan,nan,nan,nan,nan,nan,nan,nan,nan,nan,nan,nan,nan,nan,nan,nan,nan,nan,nan,nan,nan,0.1790883742475602
1791060759.444376,1.848199700074987,1.8939998892320788,0.026611825028155872,7.580189436317434e-05,0.0008259482898618443,0.20004548113583392,0.0,0.0,0.0,2.152572843142285,-0.5104023656063486,-0.008638511992024362,-0.012244259522145575,0.7477519858561392,0.0,0.0,0.05638356926662467,-1.0372845791954382,-0.00018260636195763312,0.00019681829499291204,0.8140906620942414,0.0,0.0,-0.9000551839018398,-1.8430715247537817,0.00020484411162074043,0.00039517759474297294,nan,nan,nan,nan,nan,nan,nan,0.00014597669807273113,0.0,0.0,1.3766266243023288,-1.8180814647858636,-0.012988538567666357,-0.05995581327688254,nan,nan,nan,nan,nan,nan,nan,nan,nan,nan,nan,nan,nan,nan,0.41157192994772324,0.0,0.0,2.131622717449546,0.644235522139983,0.00038717232110309656,0.0004075917890260036,nan,nan,nan,nan,nan,nan,nan,nan,nan,nan,nan,nan,nan,nan,nan,nan,nan,nan,nan,nan,nan,nan,nan,nan,nan,nan,nan,nan,nan,nan,nan,nan,nan,nan,nan,nan,nan,nan,nan,nan,nan,nan,nan,nan,nan,nan,nan,nan,nan,0.17131221899833976
1791060759.54353,1.8655279297228193,1.8942470227446793,0.030722158173484414,6.860238173197103e-05,0.000747501369827218,0.20004116142845804,0.0,0.0,0.0,2.1525663649983553,-0.5103970001429026,-0.007430241607810723,-0.01143278437048885,0.7477519858561392,0.0,0.0,0.056386012621551136,-1.037274437339715,0.0007732857095164507,0.0006550957528715881,0.8140906620942414,0.0,0.0,-0.9000793826956327,-1.8430569061716722,-0.0004203871630498817,0.000507200262298094,nan,nan,nan,nan,nan,nan,nan,0.00014597669807273113,0.0,0.0,1.3768959262643468,-1.8170325562421963,0.017527274176795424,0.07952266797949015,nan,nan,nan,nan,nan,nan,nan,nan,nan,nan,nan,nan,nan,nan,0.41157192994772324,0.0,0.0,2.1316335139840494,0.6442243369579043,-0.00015572193191452888,-0.0008578784285116285,nan,nan,nan,nan,nan,nan,nan,nan,nan,nan,nan,nan,nan,nan,nan,nan,nan,nan,nan,nan,nan,nan,nan,nan,nan,nan,nan,nan,nan,nan,nan,nan,nan,nan,nan,nan,nan,nan,nan,nan,nan,nan,nan,nan,nan,nan,nan,nan,nan,0.17838083586463735
1791060759.6448298,1.882159614840633,1.8945614441173657,0.03286640896159671,6.207400197787449e-05,0.0006763672096750902,0.2000372444007562,0.0,0.0,0.0,2.1526946303293495,-0.510220232655043,0.008794667213959776,0.01305219472566805,0.7477519858561392,0.0,0.0,0.056385291054731466,-1.0372801766230042,0.00029896775546628233,0.0002666233250111339,0.8140906620942414,0.0,0.0,-0.900068597419771,-1.8430685852612587,2.4972072708980903e-05,-5.3784140331373006e-05,nan,nan,nan,nan,nan,nan,nan,0.00014597669807273113,0.0,0.0,1.376657643856391,-1.818095481327498,4.5158961817286355e-05,-0.0028532353141509275,nan,nan,nan,nan,nan,nan,nan,nan,nan,nan,nan,nan,nan,nan,0.41157192994772324,0.0,0.0,2.13163768344532,0.6442172776725171,0.0008954534103129604,-0.0014500359016819389,nan,nan,nan,nan,nan,nan,nan,nan,nan,nan,nan,nan,nan,nan,nan,nan,nan,nan,nan,nan,nan,nan,nan,nan,nan,nan,nan,nan,nan,nan,nan,nan,nan,nan,nan,nan,nan,nan,nan,nan,nan,nan,nan,nan,nan,nan,nan,nan,nan,0.1648840158284778
1791060759.744922,1.8995222154526459,1.8947050191273396,0.0328410920522267,5.616687969527818e-05,0.000612002359847729,0.20003370012749824,0.0,0.0,0.0,2.152601474014259,-0.510414347180338,-0.007856192668468036,-0.012987774027656992,0.7477519858561392,0.0,0.0,0.05640083051542195,-1.0372840552050016,0.0015803102966392437,-0.00022262795417228652,0.8140906620942414,0.0,0.0,-0.9001003916127255,-1.8430651540947407,-0.0011331774193949799,-0.00016536637072426654,nan,nan,nan,nan,nan,nan,nan,0.00014597669807273113,0.0,0.0,1.3766880797053593,-1.8180977433656549,0.0002963305552880526,-0.0026907148224365003,nan,nan,nan,nan,nan,nan,nan,nan,nan,nan,nan,nan,nan,nan,0.41157192994772324,0.0,0.0,2.131688107194036,0.6442185401547905,0.0008079283009647798,0.0005055317653602207,nan,nan,nan,nan,nan,nan,nan,nan,nan,nan,nan,nan,nan,nan,nan,nan,nan,nan,nan,nan,nan,nan,nan,nan,nan,nan,nan,nan,nan,nan,nan,nan,nan,nan,nan,nan,nan,nan,nan,nan,nan,nan,nan,nan,nan,nan,nan,nan,nan,0.18048271041461855
1791060759.8456962,1.9161981386582616,1.8949695490554128,0.03572870016222011,5.082189441931443e-05,0.0005537626352985269,0.20003049313641533,0.0,0.0,0.0,2.152720137266662,-0.5102191757207136,0.009833863820578083,0.014132878124849943,0.7477519858561392,0.0,0.0,0.05639758000518837,-1.037295073822069,0.0007806214474855784,0.00034411579710272745,0.8140906620942414,0.0,0.0,-0.9000811608345638,-1.8430630120653013,0.00044129985394069797,0.0008125110738206296,nan,nan,nan,nan,nan,nan,nan,0.00014597669807273113,0.0,0.0,1.3766663123610183,-1.8180551230018749,-0.013455777900512274,-0.0589936067301243,nan,nan,nan,nan,nan,nan,nan,nan,nan,nan,nan,nan,nan,nan,0.41157192994772324,0.0,0.0,2.131662133365342,0.644235129720181,-0.0007884825090594987,-0.00015743072270139934,nan,nan,nan,nan,nan,nan,nan,nan,nan,nan,nan,nan,nan,nan,nan,nan,nan,nan,nan,nan,nan,nan,nan,nan,nan,nan,nan,nan,nan,nan,nan,nan,nan,nan,nan,nan,nan,nan,nan,nan,nan,nan,nan,nan,nan,nan,nan,nan,nan,0.1689690804619015
1791060759.944944,1.9340950573077145,1.895553138061332,0.035350971277563766,4.598841976528478e-05,0.0005010964036940852,0.20002759305168413,0.0,0.0,0.0,2.152695720185283,-0.5102388511133192,0.006298145308744769,0.009947793304029246,0.7477519858561392,0.0,0.0,0.05640306944814589,-1.0372905191324397,0.0005389425523119591,3.222445854122444e-05,0.8140906620942414,0.0,0.0,-0.9000949798744285,-1.843071337682719,-0.0011413241250443418,9.107232463548983e-06,nan,nan,nan,nan,nan,nan,nan,0.00014597669807273113,0.0,0.0,1.3766782572668148,-1.8180607744903845,0.00019431569015160267,0.001734911557594607,nan,nan,nan,nan,nan,nan,nan,nan,nan,nan,nan,nan,nan,nan,0.41157192994772324,0.0,0.0,2.1316603179594087,0.6442225345785015,0.0009215159812211724,-0.0006383593222939407,nan,nan,nan,nan,nan,nan,nan,nan,nan,nan,nan,nan,nan,nan,nan,nan,nan,nan,nan,nan,nan,nan,nan,nan,nan,nan,nan,nan,nan,nan,nan,nan,nan,nan,nan,nan,nan,nan,nan,nan,nan,nan,nan,nan,nan,nan,nan,nan,nan,0.18220853620410724
1791060760.044723,1.9514576397062682,1.8959246612191163,0.035708861131898285,4.161565888242291e-05,0.00045345017527833296,0.20002496939519976,0.0,0.0,0.0,2.152580058108534,-0.5103968433160081,-0.007738101302335288,-0.010798489008558529,0.7477519858561392,0.0,0.0,0.05639260650350174,-1.0372933113864484,0.00033306207788183484,0.00019508620521359348,0.8140906620942414,0.0,0.0,-0.9000846283771671,-1.8430639465294607,-0.0014453841173313296,0.0008750630486705492,nan,nan,nan,nan,nan,nan,nan,0.00014597669807273113,0.0,0.0,1.3766623638934519,-1.8180507564023904,0.000673943909141567,0.004578232957794883,nan,nan,nan,nan,nan,nan,nan,nan,nan,nan,nan,nan,nan,nan,0.41157192994772324,0.0,0.0,2.1316472260312676,0.6442096347522305,-0.0007001645309874671,-0.0014268042182887276,nan,nan,nan,nan,nan,nan,nan,nan,nan,nan,nan,nan,nan,nan,nan,nan,nan,nan,nan,nan,nan,nan,nan,nan,nan,nan,nan,nan,nan,nan,nan,nan,nan,nan,nan,nan,nan,nan,nan,nan,nan,nan,nan,nan,nan,nan,nan,nan,nan,0.17870591401684477
1791060760.1447885,1.9691890775316374,1.8963741362710549,0.036093811147839494,3.76554053454122e-05,0.0004102986859416443,0.20002259324311114,0.0,0.0,0.0,2.152713048792431,-0.5102366296354744,-0.0003222476909896677,-0.00044577456131236,0.7477519858561392,0.0,0.0,0.05640804259956402,-1.0372962438171034,0.0008700347182074422,0.0001128124340917312,0.8140906620942414,0.0,0.0,-0.9000855318281408,-1.843072052504649,-0.0002612047178226169,0.0002158114487468016,nan,nan,nan,nan,nan,nan,nan,0.00014597669807273113,0.0,0.0,1.3766690906029813,-1.8180150115347309,-0.0034007713527723984,0.011908120759511117,nan,nan,nan,nan,nan,nan,nan,nan,nan,nan,nan,nan,nan,nan,0.41157192994772324,0.0,0.0,2.1316507591940606,0.6442192728519793,0.0005333358380916998,-0.0007831379453242312,nan,nan,nan,nan,nan,nan,nan,nan,nan,nan,nan,nan,nan,nan,nan,nan,nan,nan,nan,nan,nan,nan,nan,nan,nan,nan,nan,nan,nan,nan,nan,nan,nan,nan,nan,nan,nan,nan,nan,nan,nan,nan,nan,nan,nan,nan,nan,nan,nan,0.19584894460682367
1791060760.244782,1.9865522178569393,1.8967882374305902,0.03921170763356781,3.407223359528617e-05,0.00037125593372336146,0.20002044334008598,0.0,0.0,0.0,2.152585880281998,-0.5104176763629336,-0.0020016611582158823,-0.0030869715061070204,0.7477519858561392,0.0,0.0,0.056395825624808195,-1.0372926049816402,0.00031740097235553806,0.000446277928816162,0.8140906620942414,0.0,0.0,-0.9000833514151203,-1.8430667501852829,-0.0001813840297446481,-0.00012368414794902075,nan,nan,nan,nan,nan,nan,nan,0.00014597669807273113,0.0,0.0,1.3766653343341546,-1.8180596451596234,1.4359828836575954e-05,-0.004343751826275861,nan,nan,nan,nan,nan,nan,nan,nan,nan,nan,nan,nan,nan,nan,0.41157192994772324,0.0,0.0,2.131664624869263,0.6442180382864386,0.00023295299585516857,-0.0005316924026502823,nan,nan,nan,nan,nan,nan,nan,nan,nan,nan,nan,nan,nan,nan,nan,nan,nan,nan,nan,nan,nan,nan,nan,nan,nan,nan,nan,nan,nan,nan,nan,nan,nan,nan,nan,nan,nan,nan,nan,nan,nan,nan,nan,nan,nan,nan,nan,nan,nan,0.16729111809546834
1791060760.3447847,2.0050946027462557,1.8969851084560214,0.0382398289554757,3.0829831883209005e-05,0.00033592626061117745,0.20001849789907722,0.0,0.0,0.0,2.1527064719057005,-0.5102141941457198,0.00648695701133505,0.011423223857807856,0.7477519858561392,0.0,0.0,0.05638767362394945,-1.037300697045006,-4.540252390438179e-05,-0.000923988927546803,0.8140906620942414,0.0,0.0,-0.9000946623396735,-1.8430632087229437,-0.00036228112968082543,3.7809829727661744e-05,nan,nan,nan,nan,nan,nan,nan,0.00014597669807273113,0.0,0.0,1.3766574327494105,-1.8180505509843983,-0.0002860057685169387,0.001300760484357063,nan,nan,nan,nan,nan,nan,nan,nan,nan,nan,nan,nan,nan,nan,0.41157192994772324,0.0,0.0,2.1316531771824367,0.6442165130400611,-6.837968497479529e-05,-0.0012705093048664086,nan,nan,nan,nan,nan,nan,nan,nan,nan,nan,nan,nan,nan,nan,nan,nan,nan,nan,nan,nan,nan,nan,nan,nan,nan,nan,nan,nan,nan,nan,nan,nan,nan,nan,nan,nan,nan,nan,nan,nan,nan,nan,nan,nan,nan,nan,nan,nan,nan,0.1554820773104622
1791060760.4436312,2.0221722462952214,1.8974793946347785,0.03933602522387326,2.7897987599821087e-05,0.000303980465689436,0.20001673879252083,0.0,0.0,0.0,2.1527073137624995,-0.5102225765343302,0.0010630973494558755,0.0028207703513289314,0.7477519858561392,0.0,0.0,0.056394603438452706,-1.0372859701981334,-0.0009273765078412578,0.00024672841821387346,0.8140906620942414,0.0,0.0,-0.9000834093735761,-1.8430585701337152,7.025720593086847e-05,2.0162410792480704e-05,nan,nan,nan,nan,nan,nan,nan,0.00014597669807273113,0.0,0.0,1.3766610403211272,-1.8180665872469466,0.0011115753111686408,-0.0035808553755038637,nan,nan,nan,nan,nan,nan,nan,nan,nan,nan,nan,nan,nan,nan,0.41157192994772324,0.0,0.0,2.131643748409481,0.6442208840320663,-0.0005580133400214559,-0.0006355515039624224,nan,nan,nan,nan,nan,nan,nan,nan,nan,nan,nan,nan,nan,nan,nan,nan,nan,nan,nan,nan,nan,nan,nan,nan,nan,nan,nan,nan,nan,nan,nan,nan,nan,nan,nan,nan,nan,nan,nan,nan,nan,nan,nan,nan,nan,nan,nan,nan,nan,0.15967063098323342
1791060760.544742,2.0379512046534356,1.8979947876453487,0.041441613431356536,2.524314307651746e-05,0.00027505289979819366,0.20001514588581695,0.0,0.0,0.0,2.1525920386029243,-0.5104052101441455,-0.008331553518948156,-0.01311588826520279,0.7477519858561392,0.0,0.0,0.05639914127387027,-1.0372965943545047,0.000641826172487647,0.00011917946355844581,0.8140906620942414,0.0,0.0,-0.9000829716194388,-1.843069993150579,0.0004008431535971241,-0.00044592502844690066,nan,nan,nan,nan,nan,nan,nan,0.00014597669807273113,0.0,0.0,1.376647946916442,-1.8181111844883646,-0.025650266745073397,0.06694180669075366,nan,nan,nan,nan,nan,nan,nan,nan,nan,nan,nan,nan,nan,nan,0.41157192994772324,0.0,0.0,2.1316680663370566,0.6442254186852928,0.001336956601922873,0.0005878614002628925,nan,nan,nan,nan,nan,nan,nan,nan,nan,nan,nan,nan,nan,nan,nan,nan,nan,nan,nan,nan,nan,nan,nan,nan,nan,nan,nan,nan,nan,nan,nan,nan,nan,nan,nan,nan,nan,nan,nan,nan,nan,nan,nan,nan,nan,nan,nan,nan,nan,0.17456725322528036
1791060760.6447754,2.0544439245004193,1.898238085084359,0.043321311601689665,2.2840940411975016e-05,0.00024887815575849455,0.20001370456422574,0.0,0.0,0.0,2.152598355633631,-0.5104025121295649,-0.008054699449465382,-0.011220379466886244,0.7477519858561392,0.0,0.0,0.05639190480185665,-1.0373061739583957,0.00023644714864964864,-0.00030907679309454775,0.8140906620942414,0.0,0.0,-0.9000846760385265,-1.8430755428356287,-0.0006098658990894997,-0.00021685238700891723,nan,nan,nan,nan,nan,nan,nan,0.00014597669807273113,0.0,0.0,1.3766584865682479,-1.8180738485135255,-0.001562214790910801,-0.009165603747478258,nan,nan,nan,nan,nan,nan,nan,nan,nan,nan,nan,nan,nan,nan,0.41157192994772324,0.0,0.0,2.1316518353159446,0.6442250992075343,-0.0005112583623658745,-0.000264455909621922,nan,nan,nan,nan,nan,nan,nan,nan,nan,nan,nan,nan,nan,nan,nan,nan,nan,nan,nan,nan,nan,nan,nan,nan,nan,nan,nan,nan,nan,nan,nan,nan,nan,nan,nan,nan,nan,nan,nan,nan,nan,nan,nan,nan,nan,nan,nan,nan,nan,0.19557551419637445
1791060760.7445686,2.0711367445138094,1.8988990196951303,0.04803627077008526,2.0667337554676977e-05,0.00022519426793607742,0.0,0.0,0.0,0.0,2.1527043773295658,-0.510208505213038,0.006457517029595074,0.011045390179522729,0.0,0.0,0.0,0.05638736668166767,-1.0373008288756769,-0.0011735847540751305,0.00010883490006803139,0.0,0.0,0.0,-0.9000716016645477,-1.84308812007505,0.0003313104943539175,-0.0009336517916703892,nan,nan,nan,nan,nan,nan,nan,0.0,0.0,0.0,1.3766664363907146,-1.818097076456076,-0.00033407219179307636,-0.002789567113846454,nan,nan,nan,nan,nan,nan,nan,nan,nan,nan,nan,nan,nan,nan,0.0,0.0,0.0,2.1316365820903953,0.6442242812486946,-0.0007741112783239996,-0.0007728717101818982,nan,nan,nan,nan,nan,nan,nan,nan,nan,nan,nan,nan,nan,nan,nan,nan,nan,nan,nan,nan,nan,nan,nan,nan,nan,nan,nan,nan,nan,nan,nan,nan,nan,nan,nan,nan,nan,nan,nan,nan,nan,nan,nan,nan,nan,nan,nan,nan,nan,0.19253962935200683
1791060760.8444602,2.0879574040367146,1.899483113775168,0.04636789123151891,1.870058035679746e-05,0.00020376420002274522,0.0,0.0,0.0,0.0,2.1526764200444455,-0.5102282292334216,3.458603553326955e-05,0.002468692712759523,0.0,0.0,0.0,0.056382541986950876,-1.037315902041702,-0.0001656182914794884,-0.0008631527052067465,0.0,0.0,0.0,-0.9000886756591346,-1.8430909530572197,-0.0009113033916751047,-0.00018311506596452814,nan,nan,nan,nan,nan,nan,nan,0.0,0.0,0.0,1.3766708812470816,-1.8180082197632377,-0.00020184999739620158,-0.0010521298876999935,nan,nan,nan,nan,nan,nan,nan,nan,nan,nan,nan,nan,nan,nan,0.0,0.0,0.0,2.1316191674311034,0.6442339204811682,-0.0009169757040319406,-0.0002484252652418923,nan,nan,nan,nan,nan,nan,nan,nan,nan,nan,nan,nan,nan,nan,nan,nan,nan,nan,nan,nan,nan,nan,nan,nan,nan,nan,nan,nan,nan,nan,nan,nan,nan,nan,nan,nan,nan,nan,nan,nan,nan,nan,nan,nan,nan,nan,nan,nan,nan,0.1082427090426968
1791060760.9448228,2.0887745038012713,1.8994860876526103,0.04957019399194373,1.6920984851379662e-05,0.00018437347269733773,0.0,0.0,0.0,0.0,2.152693187004331,-0.5102264642553205,0.00640033539231259,0.008818930507767386,0.0,0.0,0.0,0.05639529289173054,-1.0373007202524132,0.00035379124475485766,0.00014358659012877516,0.0,0.0,0.0,-0.90007789425718,-1.8430910699177199,0.00042005586834399975,-0.0004848856859359454,nan,nan,nan,nan,nan,nan,nan,0.0,0.0,0.0,1.3766777878146317,-1.8180986429266595,-0.0199359155128117,0.06958005648726107,nan,nan,nan,nan,nan,nan,nan,nan,nan,nan,nan,nan,nan,nan,0.0,0.0,0.0,2.1316582437953313,0.6442281168873885,0.0007441259367438811,-0.0001720947806941727,nan,nan,nan,nan,nan,nan,nan,nan,nan,nan,nan,nan,nan,nan,nan,nan,nan,nan,nan,nan,nan,nan,nan,nan,nan,nan,nan,nan,nan,nan,nan,nan,nan,nan,nan,nan,nan,nan,nan,nan,nan,nan,nan,nan,nan,nan,nan,nan,nan,0.012840754059011559
1791060761.044584,2.0889540991823274,1.8992969257906125,0.04742136533542535,1.531112100071744e-05,0.0001668321657743958,0.0,0.0,0.0,0.0,2.1526984795511233,-0.5102061817593383,0.0013510536600029274,0.002528892825948764,0.0,0.0,0.0,0.056381660330589084,-1.0373160554164134,-0.0006911872135221523,-0.0005687485297427241,0.0,0.0,0.0,-0.9000724744523521,-1.8430911078691685,-0.0006347444076040543,-0.00041498232334611837,nan,nan,nan,nan,nan,nan,nan,0.0,0.0,0.0,1.376663606714161,-1.818022389987375,0.0004563886103191665,0.004211779962336359,nan,nan,nan,nan,nan,nan,nan,nan,nan,nan,nan,nan,nan,nan,0.0,0.0,0.0,2.131642068369774,0.6442126194458743,-0.0009196552202273917,-0.00014034275694940258,nan,nan,nan,nan,nan,nan,nan,nan,nan,nan,nan,nan,nan,nan,nan,nan,nan,nan,nan,nan,nan,nan,nan,nan,nan,nan,nan,nan,nan,nan,nan,nan,nan,nan,nan,nan,nan,nan,nan,nan,nan,nan,nan,nan,nan,nan,nan,nan,nan,0.003496692533042764
1791060761.14458,2.089040370382587,1.8992796599722332,0.04745515381712991,1.3854075198078453e-05,0.00015095598617426297,0.0,0.0,0.0,0.0,2.152591193120046,-0.5103833658819553,0.0016878642359533945,0.00018063681948347747,0.0,0.0,0.0,0.05638379683776941,-1.037302520686872,-0.0002628725617688591,0.0003772649378937889,0.0,0.0,0.0,-0.9000829371463777,-1.8430687875594602,-0.00011988078524362945,7.32200695571962e-05,nan,nan,nan,nan,nan,nan,nan,0.0,0.0,0.0,1.3766906412979762,-1.8180524921487073,-0.004059251991202835,0.01747673966146217,nan,nan,nan,nan,nan,nan,nan,nan,nan,nan,nan,nan,nan,nan,0.0,0.0,0.0,2.131647999519902,0.6442205040699082,0.00016190695693837947,-0.0011086005210237519,nan,nan,nan,nan,nan,nan,nan,nan,nan,nan,nan,nan,nan,nan,nan,nan,nan,nan,nan,nan,nan,nan,nan,nan,nan,nan,nan,nan,nan,nan,nan,nan,nan,nan,nan,nan,nan,nan,nan,nan,nan,nan,nan,nan,nan,nan,nan,nan,nan,0.001674101626636731
1791060761.2445788,2.089085222364494,1.899266534308681,0.04725805911735214,1.2535768283687736e-05,0.0001365915253570009,0.0,0.0,0.0,0.0,2.1527019417307685,-0.510223778462255,0.0002707197961202451,-0.0007102355680108069,0.0,0.0,0.0,0.056396535619979586,-1.0372822969068305,0.000789511863110403,0.0012590005077558173,0.0,0.0,0.0,-0.9000715941646351,-1.8430640432439165,0.00022058106974693974,-8.726538340989357e-05,nan,nan,nan,nan,nan,nan,nan,0.0,0.0,0.0,1.376896327312885,-1.8170225835693534,0.016429110507066903,0.07600346567074796,nan,nan,nan,nan,nan,nan,nan,nan,nan,nan,nan,nan,nan,nan,0.0,0.0,0.0,2.131640932575272,0.6442394109821825,-0.0011389622127761568,0.0014522554817155754,nan,nan,nan,nan,nan,nan,nan,nan,nan,nan,nan,nan,nan,nan,nan,nan,nan,nan,nan,nan,nan,nan,nan,nan,nan,nan,nan,nan,nan,nan,nan,nan,nan,nan,nan,nan,nan,nan,nan,nan,nan,nan,nan,nan,nan,nan,nan,nan,nan,0.0018486444772655842
1791060761.3445532,2.089087729111599,1.8992715436370065,0.047144113411426054,1.1342870288640023e-05,0.00012359353807361262,0.0,0.0,0.0,0.0,2.152582097898654,-0.5103890623531679,-0.00614797523579637,-0.010061067018981358,0.0,0.0,0.0,0.056387074846314236,-1.037277306890101,-0.0010452351455107207,-0.00027819352254619044,0.0,0.0,0.0,-0.900077533629965,-1.8430529155421767,0.00043741303877535374,0.0007023134683532278,nan,nan,nan,nan,nan,nan,nan,0.0,0.0,0.0,1.376680841485978,-1.8180129950539998,-0.023532438925721228,0.09019850935413101,nan,nan,nan,nan,nan,nan,nan,nan,nan,nan,nan,nan,nan,nan,0.0,0.0,0.0,2.131642723057383,0.6442448398201851,0.0010137216961731772,0.000934498650978398,nan,nan,nan,nan,nan,nan,nan,nan,nan,nan,nan,nan,nan,nan,nan,nan,nan,nan,nan,nan,nan,nan,nan,nan,nan,nan,nan,nan,nan,nan,nan,nan,nan,nan,nan,nan,nan,nan,nan,nan,nan,nan,nan,nan,nan,nan,nan,nan,nan,0.0010764130001628105
1791060761.444802,2.0912081482822806,1.9006905914529104,0.048739402829071875,1.026345346846291e-05,0.00011183205791321018,0.0,0.0,0.0,0.0,2.152591561675374,-0.5103918418195549,-8.862166088097266e-05,-0.0006802318423637256,0.0,0.0,0.0,0.05639842691621089,-1.0372714816406385,0.0006370793512070927,0.0002428535747343934,0.0,0.0,0.0,-0.900074496080256,-1.8430628448136135,0.0007073368202786817,-0.0009593472970774158,nan,nan,nan,nan,nan,nan,nan,0.0,0.0,0.0,1.3766701148168514,-1.8180707808875358,0.00016591309715334785,-0.001903970085856036,nan,nan,nan,nan,nan,nan,nan,nan,nan,nan,nan,nan,nan,nan,0.0,0.0,0.0,2.13164885361009,0.6442321850246593,-0.00015390711041059796,-0.00020953959755465356,nan,nan,nan,nan,nan,nan,nan,nan,nan,nan,nan,nan,nan,nan,nan,nan,nan,nan,nan,nan,nan,nan,nan,nan,nan,nan,nan,nan,nan,nan,nan,nan,nan,nan,nan,nan,nan,nan,nan,nan,nan,nan,nan,nan,nan,nan,nan,nan,nan,0.013389180636266217
1791060761.5446439,2.091180223433392,1.9006910138166124,0.04864254066958524,9.288593535173121e-06,0.00010120984455667034,0.0,0.0,0.0,0.0,2.1525926417981593,-0.5104144755859108,-0.006411050072604368,-0.01117705957047703,0.0,0.0,0.0,0.05638335337672877,-1.0372805291169072,-2.161638703476393e-05,-0.0002832336880170736,0.0,0.0,0.0,-0.9000816425368411,-1.8430616396858697,0.0007210941619296979,-0.0005750733125488007,nan,nan,nan,nan,nan,nan,nan,0.0,0.0,0.0,1.3766531982877976,-1.818090830634119,-0.016675467242433836,0.05430721329285758,nan,nan,nan,nan,nan,nan,nan,nan,nan,nan,nan,nan,nan,nan,0.0,0.0,0.0,2.1316571640326663,0.644234705386331,0.0005888473198471672,0.0003896480333981625,nan,nan,nan,nan,nan,nan,nan,nan,nan,nan,nan,nan,nan,nan,nan,nan,nan,nan,nan,nan,nan,nan,nan,nan,nan,nan,nan,nan,nan,nan,nan,nan,nan,nan,nan,nan,nan,nan,nan,nan,nan,nan,nan,nan,nan,nan,nan,nan,nan,0.010071553784471296
1791060761.6450598,2.091159279623072,1.9006961046516062,0.04879247855212082,8.404666994313736e-06,9.157845445857556e-05,0.0,0.0,0.0,0.0,2.152709980153194,-0.5102267604872457,-0.0007999912449062031,-0.0006628411032775152,0.0,0.0,0.0,0.05639266261669253,-1.0372828188647352,5.93206974321657e-05,-5.756961319625135e-05,0.0,0.0,0.0,-0.9000862496668588,-1.843062452781097,-2.8765799669263004e-05,0.00021622251979146146,nan,nan,nan,nan,nan,nan,nan,0.0,0.0,0.0,1.3766595180710655,-1.8180361078327716,-0.0002337033457626883,0.0021585852508949335,nan,nan,nan,nan,nan,nan,nan,nan,nan,nan,nan,nan,nan,nan,0.0,0.0,0.0,2.1316424037908304,0.6442319684747164,-0.0006873968703575425,0.0005095599790569094,nan,nan,nan,nan,nan,nan,nan,nan,nan,nan,nan,nan,nan,nan,nan,nan,nan,nan,nan,nan,nan,nan,nan,nan,nan,nan,nan,nan,nan,nan,nan,nan,nan,nan,nan,nan,nan,nan,nan,nan,nan,nan,nan,nan,nan,nan,nan,nan,nan,0.0015931301635380521
1791060761.7443964,2.091192641697756,1.9006815653656848,0.04869089706558525,7.604857185086218e-06,8.286361230725424e-05,0.0,0.0,0.0,0.0,2.152606456339884,-0.5104049100863055,-0.0016341946297362556,-0.003761598156472497,0.0,0.0,0.0,0.056395878052710985,-1.0372894449659902,-0.0002801236361498131,-0.0006206310216868217,0.0,0.0,0.0,-0.9000561603252866,-1.843070534055071,0.0010152779817276943,-0.000418453753007882,nan,nan,nan,nan,nan,nan,nan,0.0,0.0,0.0,1.3766703093172017,-1.8181109224558574,-0.0008742693260709463,-0.006240681494254222,nan,nan,nan,nan,nan,nan,nan,nan,nan,nan,nan,nan,nan,nan,0.0,0.0,0.0,2.131646204307137,0.6442308644643054,7.116996870436757e-05,0.002196953284388929,nan,nan,nan,nan,nan,nan,nan,nan,nan,nan,nan,nan,nan,nan,nan,nan,nan,nan,nan,nan,nan,nan,nan,nan,nan,nan,nan,nan,nan,nan,nan,nan,nan,nan,nan,nan,nan,nan,nan,nan,nan,nan,nan,nan,nan,nan,nan,nan,nan,0.0020446692148825595
1791060761.8444986,2.091331374054016,1.900736000339387,0.048868001207088056,6.881788824922226e-06,7.498495596828028e-05,0.0,0.0,0.0,0.0,2.152589310474623,-0.5104056291818269,-0.001725820761054065,-0.003546876595250642,0.0,0.0,0.0,0.05639931630111269,-1.03728333908533,0.00014679607000265936,0.0002802881473399669,0.0,0.0,0.0,-0.9000765527927987,-1.8430631415730805,0.0004437674188798958,0.00018095709093395607,nan,nan,nan,nan,nan,nan,nan,0.0,0.0,0.0,1.3766674632531828,-1.8180409232126316,-0.00021494026066369131,-0.000948458781112826,nan,nan,nan,nan,nan,nan,nan,nan,nan,nan,nan,nan,nan,nan,0.0,0.0,0.0,2.1316448017496215,0.6442162202494573,8.345731850519829e-05,-0.00043985562620815365,nan,nan,nan,nan,nan,nan,nan,nan,nan,nan,nan,nan,nan,nan,nan,nan,nan,nan,nan,nan,nan,nan,nan,nan,nan,nan,nan,nan,nan,nan,nan,nan,nan,nan,nan,nan,nan,nan,nan,nan,nan,nan,nan,nan,nan,nan,nan,nan,nan,0.01378774855955055
1791060761.9451287,2.0911449547108685,1.9006927838618601,0.048840058636101226,6.226900033857811e-06,6.784919397217741e-05,0.0,0.0,0.0,0.0,2.1527254568687044,-0.5102185301188248,0.00033247974481692564,0.000362127576489565,0.0,0.0,0.0,0.056390004962594054,-1.0372828083584134,-0.0005615838634221112,0.0002181334742908063,0.0,0.0,0.0,-0.9000666385600053,-1.8430676614642951,0.00025928788046377375,-0.00026305529548358074,nan,nan,nan,nan,nan,nan,nan,0.0,0.0,0.0,1.3766501719326816,-1.8180606971539655,-0.0014945640481360727,0.001040105138046019,nan,nan,nan,nan,nan,nan,nan,nan,nan,nan,nan,nan,nan,nan,0.0,0.0,0.0,2.1316443287303164,0.6442284983238198,-0.001426645260427937,0.0007173999707210928,nan,nan,nan,nan,nan,nan,nan,nan,nan,nan,nan,nan,nan,nan,nan,nan,nan,nan,nan,nan,nan,nan,nan,nan,nan,nan,nan,nan,nan,nan,nan,nan,nan,nan,nan,nan,nan,nan,nan,nan,nan,nan,nan,nan,nan,nan,nan,nan,nan,0.00122771100451549
1791060762.0444329,2.0913804384181143,1.9007307671637053,0.04875834768988713,5.634878487844673e-06,6.139844247580756e-05,0.0,0.0,0.0,0.0,2.152709860567211,-0.5102104985554973,0.0012777731630721554,0.0035427827039618037,0.0,0.0,0.0,0.05638164536659817,-1.0372913241019086,0.0007871146983141457,-0.0005143091254148893,0.0,0.0,0.0,-0.9000810870760327,-1.8430603347593946,-0.000314905215732418,0.0002374783056218816,nan,nan,nan,nan,nan,nan,nan,0.0,0.0,0.0,1.3766539073626898,-1.8180391113141532,-0.0006392975494824336,-0.001033720610946072,nan,nan,nan,nan,nan,nan,nan,nan,nan,nan,nan,nan,nan,nan,0.0,0.0,0.0,2.131627897608366,0.6442376544496312,-0.0012434901184642268,0.0009349182053890056,nan,nan,nan,nan,nan,nan,nan,nan,nan,nan,nan,nan,nan,nan,nan,nan,nan,nan,nan,nan,nan,nan,nan,nan,nan,nan,nan,nan,nan,nan,nan,nan,nan,nan,nan,nan,nan,nan,nan,nan,nan,nan,nan,nan,nan,nan,nan,nan,nan,0.006554180323942005
1791060762.1445622,2.0911964118298716,1.9006968274260823,0.04886430128316151,5.098648903563411e-06,5.555560817949739e-05,0.0,0.0,0.0,0.0,2.152710103080673,-0.5102248686287212,0.00750440234613774,0.011076557615675697,0.0,0.0,0.0,0.05637579064517815,-1.0372972764963189,-0.00046812200839908727,-0.0012843439138029002,0.0,0.0,0.0,-0.9000797002042864,-1.8430603495579234,0.0006156868541734734,0.00013390889451237473,nan,nan,nan,nan,nan,nan,nan,0.0,0.0,0.0,1.3766346096158975,-1.8181524071979576,-0.005862266374601294,0.0013889246189327277,nan,nan,nan,nan,nan,nan,nan,nan,nan,nan,nan,nan,nan,nan,0.0,0.0,0.0,2.131635395602512,0.6442281822339805,0.0002747480856934997,5.7851633258719794e-05,nan,nan,nan,nan,nan,nan,nan,nan,nan,nan,nan,nan,nan,nan,nan,nan,nan,nan,nan,nan,nan,nan,nan,nan,nan,nan,nan,nan,nan,nan,nan,nan,nan,nan,nan,nan,nan,nan,nan,nan,nan,nan,nan,nan,nan,nan,nan,nan,nan,0.00206636946322225
1791060762.2445378,2.0913860237282007,1.9007312459112053,0.048719047369942266,4.613448310888398e-06,5.0268793079074635e-05,0.0,0.0,0.0,0.0,2.152576767696578,-0.5104088076017744,-0.0030327380631550195,-0.00433114191320683,0.0,0.0,0.0,0.056383053357577526,-1.0372855892880606,4.792318819113216e-05,-4.094009864726854e-05,0.0,0.0,0.0,-0.9000956653220246,-1.8430556352876564,-0.0005569641238307404,0.0001850154037949631,nan,nan,nan,nan,nan,nan,nan,0.0,0.0,0.0,1.3766427434103976,-1.8181173822950616,0.0003507087249832859,-0.002580903014483931,nan,nan,nan,nan,nan,nan,nan,nan,nan,nan,nan,nan,nan,nan,0.0,0.0,0.0,2.1316288316342935,0.6442431492616691,-0.00015359582940975656,0.0001551024765997547,nan,nan,nan,nan,nan,nan,nan,nan,nan,nan,nan,nan,nan,nan,nan,nan,nan,nan,nan,nan,nan,nan,nan,nan,nan,nan,nan,nan,nan,nan,nan,nan,nan,nan,nan,nan,nan,nan,nan,nan,nan,nan,nan,nan,nan,nan,nan,nan,nan,0.01181351066458293
1791060762.344579,2.0911835672793497,1.9006750116105975,0.04867749582252731,4.174420659238535e-06,4.548508495240243e-05,0.0,0.0,0.0,0.0,2.1527116489238822,-0.5102316193901111,0.006494896003354085,0.010929275128349021,0.0,0.0,0.0,0.05639107696393116,-1.0372807988450015,-0.00040087281131626507,0.0005531029127917329,0.0,0.0,0.0,-0.9000606489198001,-1.8430692816896461,-0.00026495193530474357,0.00011636053209348511,nan,nan,nan,nan,nan,nan,nan,0.0,0.0,0.0,1.3766604123769959,-1.8180845619000299,-0.023900053566478705,0.06763709922807058,nan,nan,nan,nan,nan,nan,nan,nan,nan,nan,nan,nan,nan,nan,0.0,0.0,0.0,2.131648619131329,0.6442251146353196,0.0011135557761143661,0.00023907928118545942,nan,nan,nan,nan,nan,nan,nan,nan,nan,nan,nan,nan,nan,nan,nan,nan,nan,nan,nan,nan,nan,nan,nan,nan,nan,nan,nan,nan,nan,nan,nan,nan,nan,nan,nan,nan,nan,nan,nan,nan,nan,nan,nan,nan,nan,nan,nan,nan,nan,0.00176458694539188
1791060762.4435487,2.0911555501393284,1.900688912495523,0.04891695078699067,3.77780357432123e-06,4.116348843071202e-05,0.0,0.0,0.0,0.0,2.1527181534659374,-0.5102325628272939,0.0015937722755518702,0.002701988937159478,0.0,0.0,0.0,0.05637892950622746,-1.0372885933592733,-0.0008252419756801419,-0.00020152030385411652,0.0,0.0,0.0,-0.9000725767002156,-1.8430684357830003,-9.526180237027184e-05,5.7650414345208404e-05,nan,nan,nan,nan,nan,nan,nan,0.0,0.0,0.0,1.3766683462562965,-1.8180176007778295,0.0008604904216042875,-0.0011945900553606518,nan,nan,nan,nan,nan,nan,nan,nan,nan,nan,nan,nan,nan,nan,0.0,0.0,0.0,2.13165616297201,0.6442111564523394,0.0005344885971968949,-0.0010651405800598593,nan,nan,nan,nan,nan,nan,nan,nan,nan,nan,nan,nan,nan,nan,nan,nan,nan,nan,nan,nan,nan,nan,nan,nan,nan,nan,nan,nan,nan,nan,nan,nan,nan,nan,nan,nan,nan,nan,nan,nan,nan,nan,nan,nan,nan,nan,nan,nan,nan,0.04838143401621192
1791060762.5444827,2.0911583761924253,1.9006853773497607,0.04872716840226525,3.4182980331592607e-06,3.7246264601239494e-05,0.0,0.0,0.0,0.0,2.15274084598251,-0.5102416227516097,0.008174583785548955,0.010557574440000462,0.0,0.0,0.0,0.05639189363332083,-1.0372879289003947,0.00032449494898996093,-0.0004678364250670936,0.0,0.0,0.0,-0.9000681053206475,-1.8430737837025315,0.0004875359290113492,-0.0005112883943815622,nan,nan,nan,nan,nan,nan,nan,0.0,0.0,0.0,1.376638478762587,-1.8180949546862437,-0.0009951290700891168,-0.002251016127281329,nan,nan,nan,nan,nan,nan,nan,nan,nan,nan,nan,nan,nan,nan,0.0,0.0,0.0,2.131674094129523,0.6442276443884347,0.001328465223747478,-6.521855467470333e-05,nan,nan,nan,nan,nan,nan,nan,nan,nan,nan,nan,nan,nan,nan,nan,nan,nan,nan,nan,nan,nan,nan,nan,nan,nan,nan,nan,nan,nan,nan,nan,nan,nan,nan,nan,nan,nan,nan,nan,nan,nan,nan,nan,nan,nan,nan,nan,nan,nan,0.0466562960414383
1791060762.6447706,2.091206677651875,1.900689666904472,0.04889959669691869,3.0930039674177367e-06,3.370181390434576e-05,0.0,0.0,0.0,0.0,2.152605761185246,-0.51041027146807,-0.006917068678044642,-0.011004567546421463,0.0,0.0,0.0,0.0563889440330683,-1.0372837420835845,5.1146698924707783e-05,0.0005446955793169293,0.0,0.0,0.0,-0.9000794535444885,-1.8430716020820814,-0.000683865941183263,-0.0006455563838935807,nan,nan,nan,nan,nan,nan,nan,0.0,0.0,0.0,1.3766590051547416,-1.8181022475972073,-0.0010416359722260542,-0.0038031982587166287,nan,nan,nan,nan,nan,nan,nan,nan,nan,nan,nan,nan,nan,nan,0.0,0.0,0.0,2.131659386876743,0.6442314666766462,0.00016153421252322083,-0.0001522119294992469,nan,nan,nan,nan,nan,nan,nan,nan,nan,nan,nan,nan,nan,nan,nan,nan,nan,nan,nan,nan,nan,nan,nan,nan,nan,nan,nan,nan,nan,nan,nan,nan,nan,nan,nan,nan,nan,nan,nan,nan,nan,nan,nan,nan,nan,nan,nan,nan,nan,0.010412000687736477
1791060762.7445643,2.0911847346261605,1.9006870827361515,0.04869081304500021,2.7986657247730223e-06,3.049466228635866e-05,0.0,0.0,0.0,0.0,2.1527253285688506,-0.5102327797446952,0.00782387932187521,0.010785806577734907,0.0,0.0,0.0,0.05637704333493478,-1.037299141872554,4.3999851971994334e-05,1.441639159183779e-05,0.0,0.0,0.0,-0.9000697247262268,-1.8430615210908665,0.0004749563803553397,0.0004930716512571809,nan,nan,nan,nan,nan,nan,nan,0.0,0.0,0.0,1.3766656553956726,-1.8180375875115065,1.42593642334112e-05,0.0037893633935386518,nan,nan,nan,nan,nan,nan,nan,nan,nan,nan,nan,nan,nan,nan,0.0,0.0,0.0,2.1316441674266273,0.6442278682486496,-0.0006488997430130262,0.0003829815750867498,nan,nan,nan,nan,nan,nan,nan,nan,nan,nan,nan,nan,nan,nan,nan,nan,nan,nan,nan,nan,nan,nan,nan,nan,nan,nan,nan,nan,nan,nan,nan,nan,nan,nan,nan,nan,nan,nan,nan,nan,nan,nan,nan,nan,nan,nan,nan,nan,nan,0.0024650773535543095
1791060762.8445067,2.0911432371426626,1.9006762582313215,0.048726925678159734,2.532428082910702e-06,2.7593698836296606e-05,0.0,0.0,0.0,0.0,2.1525977151014493,-0.5104227179856832,-0.009180645867432924,-0.014962929794479028,0.0,0.0,0.0,0.05638840692596938,-1.037294210218558,2.702215156507001e-05,0.00022939311850448025,0.0,0.0,0.0,-0.9000698927107327,-1.8430683081942765,-0.0002749792084568391,-0.00026144231894212723,nan,nan,nan,nan,nan,nan,nan,0.0,0.0,0.0,1.3766690287070518,-1.8180550280045922,0.0018616657434959727,-0.0009543958815555901,nan,nan,nan,nan,nan,nan,nan,nan,nan,nan,nan,nan,nan,nan,0.0,0.0,0.0,2.1316581276242035,0.6442247028566538,0.0004279779039711549,-0.00032693179976182635,nan,nan,nan,nan,nan,nan,nan,nan,nan,nan,nan,nan,nan,nan,nan,nan,nan,nan,nan,nan,nan,nan,nan,nan,nan,nan,nan,nan,nan,nan,nan,nan,nan,nan,nan,nan,nan,nan,nan,nan,nan,nan,nan,nan,nan,nan,nan,nan,nan,0.05597443196257041
1791060762.9444842,2.091161528239166,1.9006908364751076,0.0487970752321154,2.2914356886557522e-06,2.4967811217302123e-05,0.0,0.0,0.0,0.0,2.152607493904262,-0.5104121250957464,-0.008037668488897242,-0.012762274281589334,0.0,0.0,0.0,0.056382148309837773,-1.0372945194298082,0.0002220826464197972,2.4290273321785682e-05,0.0,0.0,0.0,-0.9000649797949493,-1.84307455343191,-0.00022115590986210138,0.00012175728135090929,nan,nan,nan,nan,nan,nan,nan,0.0,0.0,0.0,1.3766906570512942,-1.817999427376932,0.0008068899750370606,0.0013786858542444767,nan,nan,nan,nan,nan,nan,nan,nan,nan,nan,nan,nan,nan,nan,0.0,0.0,0.0,2.131664140730176,0.6442221317535285,-1.2262020029073396e-05,0.00037744100896312365,nan,nan,nan,nan,nan,nan,nan,nan,nan,nan,nan,nan,nan,nan,nan,nan,nan,nan,nan,nan,nan,nan,nan,nan,nan,nan,nan,nan,nan,nan,nan,nan,nan,nan,nan,nan,nan,nan,nan,nan,nan,nan,nan,nan,nan,nan,nan,nan,nan,0.016195974384941775
1791060763.0444684,2.0911693644983083,1.9006873312435169,0.04885357549486324,2.073662937933676e-06,2.2594928157472003e-05,0.0,0.0,0.0,0.0,2.152603930515423,-0.5104139746533467,-0.00875134506184696,-0.013983483583394154,0.0,0.0,0.0,0.05637680417374231,-1.0372958657477063,0.00029313782779667654,-0.00019354383424132285,0.0,0.0,0.0,-0.9000726548215331,-1.8430719398023798,-0.0008436270551117949,0.00024649007291579453,nan,nan,nan,nan,nan,nan,nan,0.0,0.0,0.0,1.3766703473680122,-1.8180805011122443,-0.011281272155067837,-0.0605599979505516,nan,nan,nan,nan,nan,nan,nan,nan,nan,nan,nan,nan,nan,nan,0.0,0.0,0.0,2.1316731858198192,0.6442313232450928,0.00021871612653864527,0.0010256385330343113,nan,nan,nan,nan,nan,nan,nan,nan,nan,nan,nan,nan,nan,nan,nan,nan,nan,nan,nan,nan,nan,nan,nan,nan,nan,nan,nan,nan,nan,nan,nan,nan,nan,nan,nan,nan,nan,nan,nan,nan,nan,nan,nan,nan,nan,nan,nan,nan,nan,0.0387975031058719
1791060763.1435075,2.091176002989581,1.9006757382836983,0.04865326472348904,1.8766334923159138e-06,2.04480671188714e-05,0.0,0.0,0.0,0.0,2.152605562619366,-0.5104076405961451,-0.001105923124082071,-0.00026751288722594746,0.0,0.0,0.0,0.056367217044476184,-1.0372687187989462,-0.0008567307165451958,0.001125150658484858,0.0,0.0,0.0,-0.9000726864647697,-1.8430678766676327,0.0001651128622813528,-0.00023805116775687353,nan,nan,nan,nan,nan,nan,nan,0.0,0.0,0.0,1.3766841392195122,-1.8180944955380736,0.0002626472142258898,-0.0005002004823897348,nan,nan,nan,nan,nan,nan,nan,nan,nan,nan,nan,nan,nan,nan,0.0,0.0,0.0,2.1316558090876288,0.6442320239330253,-0.000995431998212988,0.0005056627146545358,nan,nan,nan,nan,nan,nan,nan,nan,nan,nan,nan,nan,nan,nan,nan,nan,nan,nan,nan,nan,nan,nan,nan,nan,nan,nan,nan,nan,nan,nan,nan,nan,nan,nan,nan,nan,nan,nan,nan,nan,nan,nan,nan,nan,nan,nan,nan,nan,nan,0.0007257545967149765
1791060763.2444124,2.0914048493117714,1.900724634030148,0.048668769664611616,1.6980482043449987e-06,1.8502176261746318e-05,0.0,0.0,0.0,0.0,2.152605430503034,-0.5104056814693443,-0.002378000016579894,-0.0034374126143839204,0.0,0.0,0.0,0.056395582704711206,-1.0372882168579167,0.0001582244083671381,0.00018494759054697965,0.0,0.0,0.0,-0.9000697872051718,-1.8430716539135557,0.0006468882893660884,-3.2761744717304663e-06,nan,nan,nan,nan,nan,nan,nan,0.0,0.0,0.0,1.376692885232933,-1.8180237514687612,-0.012482307090355714,-0.056720089886780484,nan,nan,nan,nan,nan,nan,nan,nan,nan,nan,nan,nan,nan,nan,0.0,0.0,0.0,2.13167764456237,0.6442073928042371,0.000303528962087851,-0.00020804450913594434,nan,nan,nan,nan,nan,nan,nan,nan,nan,nan,nan,nan,nan,nan,nan,nan,nan,nan,nan,nan,nan,nan,nan,nan,nan,nan,nan,nan,nan,nan,nan,nan,nan,nan,nan,nan,nan,nan,nan,nan,nan,nan,nan,nan,nan,nan,nan,nan,nan,0.01778766334576565
1791060763.344561,2.0913612915495694,1.9007303846539256,0.048893224477853034,1.536457553425081e-06,1.6741461402226825e-05,0.0,0.0,0.0,0.0,2.1526060043862505,-0.5104049089679722,-6.801581297415508e-05,-0.0002497986103682969,0.0,0.0,0.0,0.05639560150709035,-1.037297990254817,0.0008700522554142549,-0.00017437512204828697,0.0,0.0,0.0,-0.9000668343702203,-1.8430811544273438,0.0006710643782279709,-0.0003379850635749338,nan,nan,nan,nan,nan,nan,nan,0.0,0.0,0.0,1.3767075401535347,-1.8179645126113613,0.001496489961039551,0.008191995801067442,nan,nan,nan,nan,nan,nan,nan,nan,nan,nan,nan,nan,nan,nan,0.0,0.0,0.0,2.1316838306111734,0.6441889229281591,0.0005555175368380183,-0.0028011057632844807,nan,nan,nan,nan,nan,nan,nan,nan,nan,nan,nan,nan,nan,nan,nan,nan,nan,nan,nan,nan,nan,nan,nan,nan,nan,nan,nan,nan,nan,nan,nan,nan,nan,nan,nan,nan,nan,nan,nan,nan,nan,nan,nan,nan,nan,nan,nan,nan,nan,0.016174173949726308
1791060763.4445412,2.0911533234977213,1.9006841464550777,0.048730093773840626,1.3902442860199e-06,1.5148300714318067e-05,0.0,0.0,0.0,0.0,2.152727897258949,-0.5102356416525672,0.001819308486018214,0.0026776114969815383,0.0,0.0,0.0,0.05638449295570271,-1.0373012904535925,-0.0009652716638142384,-2.4710127231146434e-05,0.0,0.0,0.0,-0.9000688054106697,-1.8430750904143705,-0.00022737561791109272,-0.0005946659042186218,nan,nan,nan,nan,nan,nan,nan,0.0,0.0,0.0,1.376678984559907,-1.818065512418594,-0.0002674465912171306,-0.00032857353898738985,nan,nan,nan,nan,nan,nan,nan,nan,nan,nan,nan,nan,nan,nan,0.0,0.0,0.0,2.131659414350496,0.6442209722328276,-3.250755473115007e-05,0.0002907825517142422,nan,nan,nan,nan,nan,nan,nan,nan,nan,nan,nan,nan,nan,nan,nan,nan,nan,nan,nan,nan,nan,nan,nan,nan,nan,nan,nan,nan,nan,nan,nan,nan,nan,nan,nan,nan,nan,nan,nan,nan,nan,nan,nan,nan,nan,nan,nan,nan,nan,0.0011906594071679879
1791060763.5444582,2.0911703510601107,1.9006881958469088,0.048844739639461246,1.2579450506149146e-06,1.370674931048055e-05,0.0,0.0,0.0,0.0,2.1526064467870407,-0.510401847189779,0.0010620730567145746,0.0004641549453071222,0.0,0.0,0.0,0.056389418243298524,-1.037307894051975,0.00023436937236092612,0.0006204114808774047,0.0,0.0,0.0,-0.9000888651852588,-1.8430704074298914,-0.001152044916797587,8.092866526204191e-05,nan,nan,nan,nan,nan,nan,nan,0.0,0.0,0.0,1.3766889571296248,-1.8180148542263364,0.001402576052789975,0.005025476374257422,nan,nan,nan,nan,nan,nan,nan,nan,nan,nan,nan,nan,nan,nan,0.0,0.0,0.0,2.1316475446963983,0.6442090022321169,-0.0002941673361722793,-0.0008899121984625264,nan,nan,nan,nan,nan,nan,nan,nan,nan,nan,nan,nan,nan,nan,nan,nan,nan,nan,nan,nan,nan,nan,nan,nan,nan,nan,nan,nan,nan,nan,nan,nan,nan,nan,nan,nan,nan,nan,nan,nan,nan,nan,nan,nan,nan,nan,nan,nan,nan,0.01131575057572471
1791060763.6443,2.0890968768098577,1.899280901793146,0.047137389373832474,1.1382357520035936e-06,1.2402379659837417e-05,0.0,0.0,0.0,0.0,2.15271460039281,-0.5102334714416518,-0.0015499565503809608,0.00036029066727808807,0.0,0.0,0.0,0.05638700607371297,-1.0373007020879201,-0.00039993764598498865,-0.0002987765679933143,0.0,0.0,0.0,-0.900087265605416,-1.8430791292449207,0.0004757229035774757,-0.0005663348292074251,nan,nan,nan,nan,nan,nan,nan,0.0,0.0,0.0,1.376917771152426,-1.8170345159471086,0.017850242353432366,0.07692395309594412,nan,nan,nan,nan,nan,nan,nan,nan,nan,nan,nan,nan,nan,nan,0.0,0.0,0.0,2.1316748840741897,0.6442175532631101,0.0005205640949575936,0.0006544775520799903,nan,nan,nan,nan,nan,nan,nan,nan,nan,nan,nan,nan,nan,nan,nan,nan,nan,nan,nan,nan,nan,nan,nan,nan,nan,nan,nan,nan,nan,nan,nan,nan,nan,nan,nan,nan,nan,nan,nan,nan,nan,nan,nan,nan,nan,nan,nan,nan,nan,0.04643608178660853
1791060763.7443457,2.091181676779461,1.9006903125780243,0.048686949955072174,1.0300299165687466e-06,1.122335339035803e-05,0.0,0.0,0.0,0.0,2.152714491172692,-0.5102271692405723,0.006277325273770187,0.009486561957980021,0.0,0.0,0.0,0.05640084850452504,-1.0372867604743377,0.0009213969768699943,0.0006764533157201239,0.0,0.0,0.0,-0.9000820004804118,-1.8430653171598157,0.00020749287533776458,0.00034610139966333284,nan,nan,nan,nan,nan,nan,nan,0.0,0.0,0.0,1.376647790105648,-1.8180890191848622,-0.030232779903163733,0.050230886796363755,nan,nan,nan,nan,nan,nan,nan,nan,nan,nan,nan,nan,nan,nan,0.0,0.0,0.0,2.131653997708081,0.6442311373272641,0.0005640694656937593,-0.00017324891726765477,nan,nan,nan,nan,nan,nan,nan,nan,nan,nan,nan,nan,nan,nan,nan,nan,nan,nan,nan,nan,nan,nan,nan,nan,nan,nan,nan,nan,nan,nan,nan,nan,nan,nan,nan,nan,nan,nan,nan,nan,nan,nan,nan,nan,nan,nan,nan,nan,nan,0.001315293030952014
1791060763.8446643,2.0911689233025785,1.9006918517802276,0.0488723854123562,9.320096105141635e-07,1.0155310106774224e-05,0.0,0.0,0.0,0.0,2.152608211117309,-0.5103879936218553,0.000718267383505477,-0.00010098265388628995,0.0,0.0,0.0,0.05638636652129619,-1.037292154588832,0.00041054303727385396,-2.508744679884943e-05,0.0,0.0,0.0,-0.9000762346483491,-1.8430665000036817,-0.0002363512454039973,-0.00023810393927614211,nan,nan,nan,nan,nan,nan,nan,0.0,0.0,0.0,1.3766676909178353,-1.8181034614439855,-0.0005867539233831384,-0.00314482593486028,nan,nan,nan,nan,nan,nan,nan,nan,nan,nan,nan,nan,nan,nan,0.0,0.0,0.0,2.1316561593316643,0.6442481054813295,0.00017176643366226157,0.0010117840981001467,nan,nan,nan,nan,nan,nan,nan,nan,nan,nan,nan,nan,nan,nan,nan,nan,nan,nan,nan,nan,nan,nan,nan,nan,nan,nan,nan,nan,nan,nan,nan,nan,nan,nan,nan,nan,nan,nan,nan,nan,nan,nan,nan,nan,nan,nan,nan,nan,nan,0.0020063231366305133
1791060763.9441555,2.091171440656209,1.9007056972295797,0.04881222867343054,8.433674406337518e-07,9.189452337157092e-06,0.0,0.0,0.0,0.0,2.152715678014881,-0.5102127662915982,0.0069829349189380364,0.012160698172171587,0.0,0.0,0.0,0.05638961296668203,-1.0372914709752827,0.0002236119471501062,-1.1360095120218396e-05,0.0,0.0,0.0,-0.9000642292877595,-1.8430641418637939,0.00029449579249313197,0.0003845271895282851,nan,nan,nan,nan,nan,nan,nan,0.0,0.0,0.0,1.3766944944468538,-1.8180517480399028,0.001409098838270877,-0.0006909184589030359,nan,nan,nan,nan,nan,nan,nan,nan,nan,nan,nan,nan,nan,nan,0.0,0.0,0.0,2.1316658565168356,0.6442413929814869,-0.00028395626633548755,0.0019431496777279256,nan,nan,nan,nan,nan,nan,nan,nan,nan,nan,nan,nan,nan,nan,nan,nan,nan,nan,nan,nan,nan,nan,nan,nan,nan,nan,nan,nan,nan,nan,nan,nan,nan,nan,nan,nan,nan,nan,nan,nan,nan,nan,nan,nan,nan,nan,nan,nan,nan,0.0007235455949700048
1791060764.044423,2.091171264645811,1.9007199380197413,0.048871953749220966,7.63130280941275e-07,8.31517676148535e-06,0.0,0.0,0.0,0.0,2.1525999615105764,-0.5104060829957876,-0.00881046086227333,-0.013905331415004659,0.0,0.0,0.0,0.056388135198609884,-1.0373048927573825,5.975477054192105e-05,-0.0004403745782875794,0.0,0.0,0.0,-0.90009669166053,-1.8430628114979921,4.790523064963999e-05,-0.0005127614256297379,nan,nan,nan,nan,nan,nan,nan,0.0,0.0,0.0,1.3766876730109712,-1.8180693986126326,-0.002974186487172495,-0.015533446327081311,nan,nan,nan,nan,nan,nan,nan,nan,nan,nan,nan,nan,nan,nan,0.0,0.0,0.0,2.131655539392017,0.6442236520261371,-0.0008514230222350279,7.117781685485918e-05,nan,nan,nan,nan,nan,nan,nan,nan,nan,nan,nan,nan,nan,nan,nan,nan,nan,nan,nan,nan,nan,nan,nan,nan,nan,nan,nan,nan,nan,nan,nan,nan,nan,nan,nan,nan,nan,nan,nan,nan,nan,nan,nan,nan,nan,nan,nan,nan,nan,0.0012015724926869877
1791060764.144629,2.0917463097395714,1.9011534007279225,0.0474336528897108,6.905088332588946e-07,7.523883073847731e-06,0.0,0.0,0.0,0.0,2.1527274840499775,-0.510217460528613,0.0008414344538724769,1.2344740518319911e-05,0.0,0.0,0.0,0.05639810782423713,-1.0373065653467632,0.00026184399222010517,0.0005023850075100836,0.0,0.0,0.0,-0.9000891173492023,-1.8430630289863652,-0.0009613354753765507,0.0001795242887731614,nan,nan,nan,nan,nan,nan,nan,0.0,0.0,0.0,1.3770005204043267,-1.819413436588586,0.008041380933963822,-0.05144369040558869,nan,nan,nan,nan,nan,nan,nan,nan,nan,nan,nan,nan,nan,nan,0.0,0.0,0.0,2.1316514849733617,0.6442604534605376,1.1719417989712274e-06,0.001824801519996199,nan,nan,nan,nan,nan,nan,nan,nan,nan,nan,nan,nan,nan,nan,nan,nan,nan,nan,nan,nan,nan,nan,nan,nan,nan,nan,nan,nan,nan,nan,nan,nan,nan,nan,nan,nan,nan,nan,nan,nan,nan,nan,nan,nan,nan,nan,nan,nan,nan,0.044915803205720625
1791060764.2444494,2.0913475095861194,1.900748365230782,0.04873819615174157,6.24806964765341e-07,6.807986111392109e-06,0.0,0.0,0.0,0.0,2.1527036312134182,-0.5102128937339255,0.006368669282606902,0.010515455148665837,0.0,0.0,0.0,0.05638293186658625,-1.037294322516181,0.00020304732196692955,0.0004966058560096984,0.0,0.0,0.0,-0.9000674662692641,-1.8430720133474898,-3.737813871676601e-05,-6.147818671707868e-05,nan,nan,nan,nan,nan,nan,nan,0.0,0.0,0.0,1.3766543453890459,-1.8180801738811292,-0.0010906716803176404,-0.003918981724002815,nan,nan,nan,nan,nan,nan,nan,nan,nan,nan,nan,nan,nan,nan,0.0,0.0,0.0,2.131644137565497,0.6442422036576674,-0.00014834503980489604,0.0005215601898717159,nan,nan,nan,nan,nan,nan,nan,nan,nan,nan,nan,nan,nan,nan,nan,nan,nan,nan,nan,nan,nan,nan,nan,nan,nan,nan,nan,nan,nan,nan,nan,nan,nan,nan,nan,nan,nan,nan,nan,nan,nan,nan,nan,nan,nan,nan,nan,nan,nan,0.0013551282698495756
1791060764.3449895,2.0911425343976524,1.9007052877240906,0.04878383426215488,5.65348720954957e-07,6.1601205770812255e-06,0.0,0.0,0.0,0.0,2.1525898236821606,-0.5103959478585607,-0.01024943667933928,-0.013688244149358788,0.0,0.0,0.0,0.05639062473399238,-1.0372930182401168,0.00029467278432609534,0.0001492843739858893,0.0,0.0,0.0,-0.9000728492845447,-1.8430724943005008,-0.0004197733826891726,-0.0001301694333571928,nan,nan,nan,nan,nan,nan,nan,0.0,0.0,0.0,1.3766723101239764,-1.8179541934050731,0.0015076374677651496,0.008646653366757146,nan,nan,nan,nan,nan,nan,nan,nan,nan,nan,nan,nan,nan,nan,0.0,0.0,0.0,2.131669218009455,0.6442509749963474,0.0005385321220574688,0.0011378266781935733,nan,nan,nan,nan,nan,nan,nan,nan,nan,nan,nan,nan,nan,nan,nan,nan,nan,nan,nan,nan,nan,nan,nan,nan,nan,nan,nan,nan,nan,nan,nan,nan,nan,nan,nan,nan,nan,nan,nan,nan,nan,nan,nan,nan,nan,nan,nan,nan,nan,0.01545715285424808
1791060764.444976,2.0913680048707706,1.9007420098435936,0.04887338099843566,5.115486771269354e-07,5.57390759958822e-06,0.0,0.0,0.0,0.0,2.152734720620077,-0.5102076204681886,0.003827187730217985,0.0029474434824224814,0.0,0.0,0.0,0.05637694693948291,-1.037300711214624,0.00019917279206188798,-0.0008133146911449727,0.0,0.0,0.0,-0.9000671234748637,-1.8430796343634575,0.0012779200152043277,-0.0011449411369132871,nan,nan,nan,nan,nan,nan,nan,0.0,0.0,0.0,1.376667110709722,-1.8180593375323253,-0.0006446737508927919,0.0009988742295051172,nan,nan,nan,nan,nan,nan,nan,nan,nan,nan,nan,nan,nan,nan,0.0,0.0,0.0,2.1316616627928338,0.6442421837971323,-0.00017664622907740212,0.001423113987623219,nan,nan,nan,nan,nan,nan,nan,nan,nan,nan,nan,nan,nan,nan,nan,nan,nan,nan,nan,nan,nan,nan,nan,nan,nan,nan,nan,nan,nan,nan,nan,nan,nan,nan,nan,nan,nan,nan,nan,nan,nan,nan,nan,nan,nan,nan,nan,nan,nan,0.012233117798502956
1791060764.5444508,2.0911055591574526,1.900700267539813,0.04890683126189136,4.629035743489722e-07,5.043863597559538e-06,0.0,0.0,0.0,0.0,2.152581036731113,-0.5103871502483095,-0.003615530187608933,-0.003277027655030357,0.0,0.0,0.0,0.056388015928763344,-1.037294582664871,-0.0002799189442356207,0.0005518485102565128,0.0,0.0,0.0,-0.9000852683886661,-1.8430648142440227,-0.0010887739013632908,0.0009273923468053156,nan,nan,nan,nan,nan,nan,nan,0.0,0.0,0.0,1.3769019719145885,-1.8189988961865966,0.017348195202752582,-0.0753330070984755,nan,nan,nan,nan,nan,nan,nan,nan,nan,nan,nan,nan,nan,nan,0.0,0.0,0.0,2.131644459736579,0.6442391595307639,-0.00021885769862825733,0.0003427413833380785,nan,nan,nan,nan,nan,nan,nan,nan,nan,nan,nan,nan,nan,nan,nan,nan,nan,nan,nan,nan,nan,nan,nan,nan,nan,nan,nan,nan,nan,nan,nan,nan,nan,nan,nan,nan,nan,nan,nan,nan,nan,nan,nan,nan,nan,nan,nan,nan,nan,0.008352895194514008
1791060764.6446767,2.091153258957063,1.9007015874249409,0.04887535787646291,4.188574473764613e-07,4.563930694119372e-06,0.0,0.0,0.0,0.0,2.152686475366901,-0.5102068059306394,0.004961041892947971,0.009180624513842498,0.0,0.0,0.0,0.056359980987716114,-1.037293278017597,0.0005612979756430788,-0.00046937670120613626,0.0,0.0,0.0,-0.9000698438664156,-1.8430668339272473,0.00048594478137724636,-3.481809564100666e-05,nan,nan,nan,nan,nan,nan,nan,0.0,0.0,0.0,1.3766609455957604,-1.818029219135977,-0.002745808119048639,-0.013329144276431396,nan,nan,nan,nan,nan,nan,nan,nan,nan,nan,nan,nan,nan,nan,0.0,0.0,0.0,2.131647445779302,0.6442301305773761,0.00010903104073173064,-0.0005836590294169474,nan,nan,nan,nan,nan,nan,nan,nan,nan,nan,nan,nan,nan,nan,nan,nan,nan,nan,nan,nan,nan,nan,nan,nan,nan,nan,nan,nan,nan,nan,nan,nan,nan,nan,nan,nan,nan,nan,nan,nan,nan,nan,nan,nan,nan,nan,nan,nan,nan,0.004320523343466104
