t,x,y,heading,opinion,attention,target_speed,p_att_tb1,p_coop_tb1,p_coop_att_tb1,x_tb1,y_tb1,vx_tb1,vy_tb1,p_att_tb2,p_coop_tb2,p_coop_att_tb2,x_tb2,y_tb2,vx_tb2,vy_tb2,p_att_tb4,p_coop_tb4,p_coop_att_tb4,x_tb4,y_tb4,vx_tb4,vy_tb4,p_att_tb5,p_coop_tb5,p_coop_att_tb5,x_tb5,y_tb5,vx_tb5,vy_tb5,p_att_tb6,p_coop_tb6,p_coop_att_tb6,x_tb6,y_tb6,vx_tb6,vy_tb6,p_att_tb7,p_coop_tb7,p_coop_att_tb7,x_tb7,y_tb7,vx_tb7,vy_tb7,p_att_tb8,p_coop_tb8,p_coop_att_tb8,x_tb8,y_tb8,vx_tb8,vy_tb8,p_att_tb9,p_coop_tb9,p_coop_att_tb9,x_tb9,y_tb9,vx_tb9,vy_tb9,p_att_tb10,p_coop_tb10,p_coop_att_tb10,x_tb10,y_tb10,vx_tb10,vy_tb10,p_att_tb11,p_coop_tb11,p_coop_att_tb11,x_tb11,y_tb11,vx_tb11,vy_tb11,p_att_tb12,p_coop_tb12,p_coop_att_tb12,x_tb12,y_tb12,vx_tb12,vy_tb12,p_att_crnr_x0_y0,p_coop_crnr_x0_y0,p_coop_att_crnr_x0_y0,x_crnr_x0_y0,y_crnr_x0_y0,vx_crnr_x0_y0,vy_crnr_x0_y0,p_att_crnr_x0_y1,p_coop_crnr_x0_y1,p_coop_att_crnr_x0_y1,x_crnr_x0_y1,y_crnr_x0_y1,vx_crnr_x0_y1,vy_crnr_x0_y1,p_att_crnr_x1_y0,p_coop_crnr_x1_y0,p_coop_att_crnr_x1_y0,x_crnr_x1_y0,y_crnr_x1_y0,vx_crnr_x1_y0,vy_crnr_x1_y0,p_att_hat2,p_coop_hat2,p_coop_att_hat2,x_hat2,y_hat2,vx_hat2,vy_hat2,current_speed
1791062888.7991786,-2.366683904671336,-0.16683661957429927,0.36779363033108803,0.0,0.0,0.2,0.0,0.0,0.0,2.2571649326856105,0.6766748829812723,-0.004468482756571792,0.006136112661817105,0.0,0.0,0.0,-0.3542263545832756,-1.1317126325885145,0.000938166598695502,0.0003880945479674481,nan,nan,nan,nan,nan,nan,nan,0.0,0.0,0.0,2.3020233589690102,-1.350754714321796,-0.001987338315224821,-0.0063349309378867786,0.0,0.0,0.0,-1.04607907858975,2.7032097990199366,0.0005924338790451695,0.00025787371300364754,nan,nan,nan,nan,nan,nan,nan,nan,nan,nan,nan,nan,nan,nan,0.0,0.0,0.0,0.9713299195462931,2.410595908075966,0.001762158507628878,-0.00037941878385457214,nan,nan,nan,nan,nan,nan,nan,nan,nan,nan,nan,nan,nan,nan,nan,nan,nan,nan,nan,nan,nan,nan,nan,nan,nan,nan,nan,nan,nan,nan,nan,nan,nan,nan,nan,nan,nan,nan,nan,nan,nan,nan,nan,nan,nan,nan,nan,nan,nan,0.00028956645269253314
1791062888.9015503,-2.366177002441776,-0.16676440218501806,0.36924889374751974,-1.4703965501280364e-06,0.1903251636399169,0.19999911776206994,9.68037393770198e-10,0.0,0.0,2.2572291658426016,0.6765725117947612,0.004755853632373189,-0.0047066848039316106,0.0,0.0,0.0,-0.35411456608732,-1.131595451777804,0.008908943777557441,0.008571911347960376,nan,nan,nan,nan,nan,nan,nan,7.215228681666923e-09,0.0,0.0,2.3012571754676068,-1.3497265468159598,-0.022011911144037676,0.02605023202818236,0.0,0.0,0.0,-1.045779514021161,2.7029065378197488,0.018057157872639215,-0.012998008949458862,nan,nan,nan,nan,nan,nan,nan,nan,nan,nan,nan,nan,nan,nan,5.416622298652524e-07,0.0,0.0,0.970954445351546,2.4098658050841393,-0.009105491467526221,-0.024625715975833556,nan,nan,nan,nan,nan,nan,nan,nan,nan,nan,nan,nan,nan,nan,nan,nan,nan,nan,nan,nan,nan,nan,nan,nan,nan,nan,nan,nan,nan,nan,nan,nan,nan,nan,nan,nan,nan,nan,nan,nan,nan,nan,nan,nan,nan,nan,nan,nan,nan,0.017533540327451674
1791062888.999662,-2.3628018213550135,-0.16550894943404265,0.370525166519166,-0.00019158189622227664,0.3605351551482369,0.1998850508749238,0.00045559952780296805,0.0,0.0,2.25411692924934,0.6771684944721221,-0.04241400810702646,0.005888106814141769,0.033265679600162794,0.0,0.0,-0.3536347232982112,-1.12908798933836,0.007466023384493308,0.03902236068963473,nan,nan,nan,nan,nan,nan,nan,0.003535165990946161,0.0,0.0,2.297729687784923,-1.3464691878938282,-0.044072685923027,0.04234025034706756,0.0023634016276744977,0.0,0.0,-1.0443443375348447,2.699581834208784,0.021730181082357757,-0.04234107062866398,nan,nan,nan,nan,nan,nan,nan,nan,nan,nan,nan,nan,nan,nan,0.011780831287895283,0.0,0.0,0.9698281151781951,2.4073223392853387,-0.02079558353445325,-0.051391165849264855,nan,nan,nan,nan,nan,nan,nan,nan,nan,nan,nan,nan,nan,nan,nan,nan,nan,nan,nan,nan,nan,nan,nan,nan,nan,nan,nan,nan,nan,nan,nan,nan,nan,nan,nan,nan,nan,nan,nan,nan,nan,nan,nan,nan,nan,nan,nan,nan,nan,0.03843650370650233
1791062889.0986185,-2.3567554334718817,-0.1592731529120157,0.37256433930916605,0.01129352507144947,0.5165584959537849,0.20677352348027203,2.6388751615390148e-06,0.0,0.0,2.2498202368275133,0.6771119965321601,-0.03973865717848768,0.004063290005944033,0.016054394259221585,0.0,0.0,-0.353089896599417,-1.1240589225233888,0.01609858188695346,0.06391293110775254,nan,nan,nan,nan,nan,nan,nan,1.6520120075434078e-09,0.0,0.0,2.2924576588231886,-1.3428734652291945,-0.04784161139655591,0.04117188426672013,0.9622718899103629,0.0,0.0,-1.0421882480742115,2.694952073436658,0.023207781745786422,-0.051640044992480205,nan,nan,nan,nan,nan,nan,nan,nan,nan,nan,nan,nan,nan,nan,0.04121045702919995,0.0,0.0,0.9659617516187038,2.4010727431082333,-0.04629262433558347,-0.07259527073440286,nan,nan,nan,nan,nan,nan,nan,nan,nan,nan,nan,nan,nan,nan,nan,nan,nan,nan,nan,nan,nan,nan,nan,nan,nan,nan,nan,nan,nan,nan,nan,nan,nan,nan,nan,nan,nan,nan,nan,nan,nan,nan,nan,nan,nan,nan,nan,nan,nan,0.3869455612183341
1791062889.1985588,-2.348605212861127,-0.16014084773248882,0.3795452702095906,0.03152018412141978,0.6572586408277661,0.21885594256502683,0.0759382966162267,0.0,0.0,2.2439164544301122,0.677478594915877,-0.06307461012438748,0.010430753766140935,0.9468179979644341,0.0,0.0,-0.35178230855009823,-1.1175212651604751,0.009580574264869947,0.07463800682400407,nan,nan,nan,nan,nan,nan,nan,0.8626371587828218,0.0,0.0,2.2857379400865923,-1.337146860534609,-0.07315552104425975,0.05728145951202078,0.022900066748894235,0.0,0.0,-1.0382539295403679,2.688848542406676,0.033828656537831556,-0.06537333831160205,nan,nan,nan,nan,nan,nan,nan,nan,nan,nan,nan,nan,nan,nan,0.2005889273718258,0.0,0.0,0.961451578132561,2.3934336072759517,-0.07850163357509307,-0.09303929968076036,nan,nan,nan,nan,nan,nan,nan,nan,nan,nan,nan,nan,nan,nan,nan,nan,nan,nan,nan,nan,nan,nan,nan,nan,nan,nan,nan,nan,nan,nan,nan,nan,nan,nan,nan,nan,nan,nan,nan,nan,nan,nan,nan,nan,nan,nan,nan,nan,nan,0.1443253400597329
1791062889.2995315,-2.3278563773224508,-0.14929075701270875,0.3853545180643064,-0.01751618256281466,0.7850842976812327,0.18949995345096268,0.9488760321854054,0.0,0.0,2.2366621150638495,0.6775532346960681,-0.07751228838794882,-0.0015981504196067742,0.8435621797526563,0.0,0.0,-0.3501750304658193,-1.1087970413585166,0.020228859163377855,0.09190515643755276,nan,nan,nan,nan,nan,nan,nan,0.46913912385606094,0.0,0.0,2.278515853199668,-1.3310944450066076,-0.0840919541096578,0.07209964321988407,0.6392797138148334,0.0,0.0,-1.035203729579167,2.682823080161996,0.04277038466699111,-0.0708541433902355,nan,nan,nan,nan,nan,nan,nan,nan,nan,nan,nan,nan,nan,nan,1.0600066319071522,0.0,0.0,0.9557448029571859,2.383488877596946,-0.07494962957538565,-0.12341468514483721,nan,nan,nan,nan,nan,nan,nan,nan,nan,nan,nan,nan,nan,nan,nan,nan,nan,nan,nan,nan,nan,nan,nan,nan,nan,nan,nan,nan,nan,nan,nan,nan,nan,nan,nan,nan,nan,nan,nan,nan,nan,nan,nan,nan,nan,nan,nan,nan,nan,0.18359579574302226
1791062889.3984938,-2.313079696349882,-0.143396283063865,0.38779184597792876,-0.06624604930311252,0.8999007783829024,0.16076753506707386,1.0555754754291968,0.0,0.0,2.2280099850016297,0.6780111183834491,-0.08598697698930298,0.006477706030430219,1.0294772315984384,0.0,0.0,-0.3486267810731055,-1.100068825557839,0.013669156589469142,0.09688292164457858,nan,nan,nan,nan,nan,nan,nan,0.956002815444961,0.0,0.0,2.269724817472568,-1.3235595891130372,-0.0832699133887149,0.08480565210731991,0.7756904488046321,0.0,0.0,-1.030729678691901,2.6750600270649647,0.042906750905478554,-0.0795428007733604,nan,nan,nan,nan,nan,nan,nan,nan,nan,nan,nan,nan,nan,nan,1.0598113662522723,0.0,0.0,0.948058993291779,2.3711446936700273,-0.09529053040509458,-0.14815272701503984,nan,nan,nan,nan,nan,nan,nan,nan,nan,nan,nan,nan,nan,nan,nan,nan,nan,nan,nan,nan,nan,nan,nan,nan,nan,nan,nan,nan,nan,nan,nan,nan,nan,nan,nan,nan,nan,nan,nan,nan,nan,nan,nan,nan,nan,nan,nan,nan,nan,0.15574621465957827
1791062889.4982166,-2.296383188582956,-0.13574785594899075,0.3901506111266441,-0.0885501264786011,1.0057403655884858,0.14808542312343173,1.0206137141467375,0.0,0.0,2.2186664387211996,0.678010114579305,-0.10026403813520302,0.003673073474158877,0.9264173689197591,0.0,0.0,-0.3467846914288762,-1.090330937026944,0.01624218520118864,0.09884763364866525,nan,nan,nan,nan,nan,nan,nan,0.8312020047554582,0.0,0.0,2.259432702573998,-1.3150911082337027,-0.07545460410174404,0.09318715254320734,0.6867623992305658,0.0,0.0,-1.0265300886158324,2.6678536608378702,0.0049939667185719405,-0.06958183480021929,nan,nan,nan,nan,nan,nan,nan,nan,nan,nan,nan,nan,nan,nan,1.003612283607344,0.0,0.0,0.9386206185621763,2.3555525992703883,-0.09819527204152023,-0.1682465786405114,nan,nan,nan,nan,nan,nan,nan,nan,nan,nan,nan,nan,nan,nan,nan,nan,nan,nan,nan,nan,nan,nan,nan,nan,nan,nan,nan,nan,nan,nan,nan,nan,nan,nan,nan,nan,nan,nan,nan,nan,nan,nan,nan,nan,nan,nan,nan,nan,nan,0.17400770338959123
1791062889.599955,-2.2826401335183073,-0.13187094376410646,0.39127798371041517,-0.11799168808893191,1.1015971930381967,0.13202077798506623,1.0582310868265985,0.0,0.0,2.209078890982269,0.6782484370274965,-0.09995774447021157,-0.005265020191334084,0.7907827596969647,0.0,0.0,-0.34484504698914403,-1.0806212628695253,0.01725581726369005,0.09069951140544569,nan,nan,nan,nan,nan,nan,nan,0.6239409818505236,0.0,0.0,2.248661462744487,-1.3062637110670976,-0.10184461658418119,0.0923945911839306,0.6670899240149079,0.0,0.0,-1.021668279266244,2.660134434944721,0.03853688931076789,-0.06065412387590767,nan,nan,nan,nan,nan,nan,nan,nan,nan,nan,nan,nan,nan,nan,0.9967347463606618,0.0,0.0,0.9287650364765243,2.3394223156013467,-0.10583355483155076,-0.17084456505253898,nan,nan,nan,nan,nan,nan,nan,nan,nan,nan,nan,nan,nan,nan,nan,nan,nan,nan,nan,nan,nan,nan,nan,nan,nan,nan,nan,nan,nan,nan,nan,nan,nan,nan,nan,nan,nan,nan,nan,nan,nan,nan,nan,nan,nan,nan,nan,nan,nan,0.18460962417811513
1791062889.6983876,-2.2703444374866053,-0.12603216647655155,0.3935638049708628,-0.05815682144460181,1.1886001418221372,0.16545570666377293,0.8181246065834304,0.0,0.0,2.1990114879967684,0.6787467014499531,-0.09438262245047617,-0.004050755934162082,0.9932770496475409,0.0,0.0,-0.3431293376681737,-1.0711196744485223,0.023817523354483387,0.09202615247819773,nan,nan,nan,nan,nan,nan,nan,0.975344286629598,0.0,0.0,2.2368871849595147,-1.2953747525510713,-0.11208857436328157,0.09914917000651022,0.09824028523342693,0.0,0.0,-1.0182099305225938,2.654098354828167,0.07156320732290761,-0.07973424555760865,nan,nan,nan,nan,nan,nan,nan,nan,nan,nan,nan,nan,nan,nan,1.027770304799188,0.0,0.0,0.917782271574661,2.3217118438223694,-0.12515360472093967,-0.1720495744576921,nan,nan,nan,nan,nan,nan,nan,nan,nan,nan,nan,nan,nan,nan,nan,nan,nan,nan,nan,nan,nan,nan,nan,nan,nan,nan,nan,nan,nan,nan,nan,nan,nan,nan,nan,nan,nan,nan,nan,nan,nan,nan,nan,nan,nan,nan,nan,nan,nan,0.14154638994226765
1791062889.7991977,-2.2525083190068456,-0.11955244356472434,0.3910685317305506,0.0019912925644497356,1.2660143400446353,0.20119476132613567,1.0304934769389256,0.0,0.0,2.189211672075048,0.6792256622101862,-0.08835352213706776,0.004635624219157794,0.8701968256123416,0.0,0.0,-0.3416182442762636,-1.0623659134664376,0.011078229659348992,0.08949555763119195,nan,nan,nan,nan,nan,nan,nan,0.9231518016170418,0.0,0.0,2.2257121508396516,-1.2858521170609922,-0.11934279909079927,0.08200786805453429,0.6245566928723741,0.0,0.0,-1.0149555008226716,2.647574675779106,0.03043655559415416,-0.07560313319106593,nan,nan,nan,nan,nan,nan,nan,nan,nan,nan,nan,nan,nan,nan,0.9448308795371085,0.0,0.0,0.9067494950396796,2.303039346365137,-0.12283483057050645,-0.20004457255925828,nan,nan,nan,nan,nan,nan,nan,nan,nan,nan,nan,nan,nan,nan,nan,nan,nan,nan,nan,nan,nan,nan,nan,nan,nan,nan,nan,nan,nan,nan,nan,nan,nan,nan,nan,nan,nan,nan,nan,nan,nan,nan,nan,nan,nan,nan,nan,nan,nan,0.16229607258886916
1791062889.9000597,-2.2384823181962834,-0.11283698067597209,0.3931463747853058,0.057988736986004236,1.3360916748925402,0.23444644279547813,1.0458919102379383,0.0,0.0,2.180230947552917,0.6792856677943436,-0.0909643586843255,0.01076146028758072,0.785461886859209,0.0,0.0,-0.3398883442035718,-1.053961060326513,0.01426909437856009,0.08132200413597611,nan,nan,nan,nan,nan,nan,nan,0.7533730741189116,0.0,0.0,2.2158089523386324,-1.2780174223816205,-0.11650124219046681,0.0875166165259706,0.6695601610252165,0.0,0.0,-1.009915978271398,2.6394000948879657,0.020865662046507118,-0.057307878518266755,nan,nan,nan,nan,nan,nan,nan,nan,nan,nan,nan,nan,nan,nan,1.036792205558042,0.0,0.0,0.8947739718097157,2.283581419931399,-0.14543069875232312,-0.1913842479864744,nan,nan,nan,nan,nan,nan,nan,nan,nan,nan,nan,nan,nan,nan,nan,nan,nan,nan,nan,nan,nan,nan,nan,nan,nan,nan,nan,nan,nan,nan,nan,nan,nan,nan,nan,nan,nan,nan,nan,nan,nan,nan,nan,nan,nan,nan,nan,nan,nan,0.16977714196619664
1791062889.998175,-2.2243358765700574,-0.11005685408877532,0.3920793106594488,0.06730130175585998,1.3996503591779959,0.23984087309735058,0.03300661218297931,0.0,0.0,2.1721530268971785,0.6793153140029927,-0.0818982912946277,-0.008491911941105946,0.4623762656893352,0.0,0.0,-0.3382537389395815,-1.0459253879251216,0.02202280323328164,0.07372718165604969,nan,nan,nan,nan,nan,nan,nan,0.19170894764032406,0.0,0.0,2.2031589980486848,-1.266435218973337,-0.11666913890522301,0.08898344582834875,0.0006352126268190892,0.0,0.0,-1.0062677760963472,2.6333152777109756,0.023497650805446024,-0.058012037024266445,nan,nan,nan,nan,nan,nan,nan,nan,nan,nan,nan,nan,nan,nan,1.0155909652243942,0.0,0.0,0.8827941314424783,2.2632812413591332,-0.11713372304288101,-0.1993692640370855,nan,nan,nan,nan,nan,nan,nan,nan,nan,nan,nan,nan,nan,nan,nan,nan,nan,nan,nan,nan,nan,nan,nan,nan,nan,nan,nan,nan,nan,nan,nan,nan,nan,nan,nan,nan,nan,nan,nan,nan,nan,nan,nan,nan,nan,nan,nan,nan,nan,0.11592705142678983
1791062890.098244,-2.2082193715192497,-0.10070097657908633,0.3924708346743799,0.11732649330871316,1.4584668107110759,0.2676259757304121,0.8918580006804405,0.0,0.0,2.1639089719908755,0.679968400315356,-0.07446081710928153,0.004122891772739182,0.6013369653262056,0.0,0.0,-0.3370674654613831,-1.0389112567073624,0.01002639371869123,0.06571560594483325,nan,nan,nan,nan,nan,nan,nan,0.13781296153489486,0.0,0.0,2.192391760212192,-1.2572327765674782,-0.11842792676520209,0.12533542598848715,0.4581198954537591,0.0,0.0,-1.0040498207428756,2.628300932464371,0.014700876329048214,-0.03845179434413304,nan,nan,nan,nan,nan,nan,nan,nan,nan,nan,nan,nan,nan,nan,0.8734159439492367,0.0,0.0,0.8709952786801222,2.242955533391983,-0.1262944717561882,-0.19842474973187496,nan,nan,nan,nan,nan,nan,nan,nan,nan,nan,nan,nan,nan,nan,nan,nan,nan,nan,nan,nan,nan,nan,nan,nan,nan,nan,nan,nan,nan,nan,nan,nan,nan,nan,nan,nan,nan,nan,nan,nan,nan,nan,nan,nan,nan,nan,nan,nan,nan,0.145125301711761
1791062890.2004805,-2.1950425215923364,-0.09534097993842255,0.39425714129753536,0.17602242904725002,1.5136327908603735,0.29678046589289936,1.0469090107520147,0.0,0.0,2.1567546909882016,0.6800567211762449,-0.06344391463706481,0.013439400476519472,0.5591478696295735,0.0,0.0,-0.3355431790066542,-1.0320764611047462,0.011122888022087829,0.05878082446772437,nan,nan,nan,nan,nan,nan,nan,1.0543733915347495,0.0,0.0,2.182368431130472,-1.2482664910214794,-0.08798906838629042,0.09629051459359612,0.32854075449457304,0.0,0.0,-1.0006534064981194,2.623630849859448,0.021638170508514663,-0.03940485877032176,nan,nan,nan,nan,nan,nan,nan,nan,nan,nan,nan,nan,nan,nan,0.9336295388329318,0.0,0.0,0.8589767677563934,2.2226046340004184,-0.09827469828012689,-0.19509430253488153,nan,nan,nan,nan,nan,nan,nan,nan,nan,nan,nan,nan,nan,nan,nan,nan,nan,nan,nan,nan,nan,nan,nan,nan,nan,nan,nan,nan,nan,nan,nan,nan,nan,nan,nan,nan,nan,nan,nan,nan,nan,nan,nan,nan,nan,nan,nan,nan,nan,0.15745654048543983
1791062890.302655,-2.179736690184577,-0.09080905114211406,0.3924249318977832,0.11324279908412642,1.5639091557051221,0.2654469795138621,0.2950192522235702,0.0,0.0,2.150748856778349,0.6803122788529445,-0.06196663826350578,-0.0012094197133461471,0.1791479153014637,0.0,0.0,-0.3345238031746516,-1.0263242898709914,0.012430321540922142,0.06227292366413531,nan,nan,nan,nan,nan,nan,nan,0.19966615792210807,0.0,0.0,2.1729065532758716,-1.2400974487783616,-0.10461504642989727,0.08657666959461141,0.6406539167535513,0.0,0.0,-0.9987456905038002,2.620075908093792,0.02499716784473638,-0.040053414252808,nan,nan,nan,nan,nan,nan,nan,nan,nan,nan,nan,nan,nan,nan,0.8209578440894271,0.0,0.0,0.8469672914631433,2.202295235133565,-0.11282952094593612,-0.20079504862765157,nan,nan,nan,nan,nan,nan,nan,nan,nan,nan,nan,nan,nan,nan,nan,nan,nan,nan,nan,nan,nan,nan,nan,nan,nan,nan,nan,nan,nan,nan,nan,nan,nan,nan,nan,nan,nan,nan,nan,nan,nan,nan,nan,nan,nan,nan,nan,nan,nan,0.23659976080870787
1791062890.4007165,-2.1644332004723044,-0.08478651811056992,0.3946371278534677,0.06220555546462381,1.6066350751742589,0.2368960135896781,0.8492405123499046,0.0,0.0,2.1449657636098043,0.6802363986041444,-0.05350779561699304,0.00026238944532596087,0.37311610823757885,0.0,0.0,-0.3334978954555859,-1.0212683845549337,0.013813845525417222,0.04778254086760803,nan,nan,nan,nan,nan,nan,nan,0.3562496297645163,0.0,0.0,2.1627440490115246,-1.23122609236961,-0.10958872500031977,0.07061291442206734,0.1760293835359164,0.0,0.0,-0.9968727375397199,2.617118630295196,0.021141399210895508,-0.030829117571993307,nan,nan,nan,nan,nan,nan,nan,nan,nan,nan,nan,nan,nan,nan,0.9857174463848608,0.0,0.0,0.8361451481135649,2.18426700555494,-0.11810028474614072,-0.20091712042692061,nan,nan,nan,nan,nan,nan,nan,nan,nan,nan,nan,nan,nan,nan,nan,nan,nan,nan,nan,nan,nan,nan,nan,nan,nan,nan,nan,nan,nan,nan,nan,nan,nan,nan,nan,nan,nan,nan,nan,nan,nan,nan,nan,nan,nan,nan,nan,nan,nan,0.19964214819152545
1791062890.4994261,-2.141011399572185,-0.07541618702292087,0.3945621887446089,-0.0032952278293946168,1.6442627008167483,0.19802292770621902,0.4395598195020705,0.0,0.0,2.1396265948669124,0.6806441251531681,-0.04914377507127557,0.0007817115644895086,0.185789949938349,0.0,0.0,-0.3325392135775255,-1.015851054800636,0.007527415882507774,0.046101720842950424,nan,nan,nan,nan,nan,nan,nan,0.45172745917778956,0.0,0.0,2.1508545084098265,-1.2204008547985825,-0.12441835151514945,0.13816603937608682,0.263170075362479,0.0,0.0,-0.9948144662361157,2.6135369832392685,0.0166753187719035,-0.030974646645948144,nan,nan,nan,nan,nan,nan,nan,nan,nan,nan,nan,nan,nan,nan,0.9143416801602531,0.0,0.0,0.8230248072254491,2.1620493828132696,-0.11372049565311296,-0.2187512230604592,nan,nan,nan,nan,nan,nan,nan,nan,nan,nan,nan,nan,nan,nan,nan,nan,nan,nan,nan,nan,nan,nan,nan,nan,nan,nan,nan,nan,nan,nan,nan,nan,nan,nan,nan,nan,nan,nan,nan,nan,nan,nan,nan,nan,nan,nan,nan,nan,nan,0.2770683762765521
1791062890.5987313,-2.1205996262362414,-0.06769152056306772,0.3944156228047519,-0.06993556018483618,1.678408984019218,0.15864370925071516,0.9766419833394346,0.0,0.0,2.134854666499854,0.680611732880448,-0.05222453901625811,0.00175721350538614,0.43334903216366477,0.0,0.0,-0.33158998707499443,-1.0112565044676631,0.009998963937954825,0.04266098041271127,nan,nan,nan,nan,nan,nan,nan,0.9789461517946955,0.0,0.0,2.13810605526016,-1.2100800417724915,-0.15602927538971775,0.12088819742200761,0.06827138814447783,0.0,0.0,-0.9931138175295035,2.610580285046597,0.04667669237099024,-0.03979148825154417,nan,nan,nan,nan,nan,nan,nan,nan,nan,nan,nan,nan,nan,nan,1.0544347172575073,0.0,0.0,0.8111773279132909,2.1419859447297482,-0.12282026033406908,-0.2081215211670055,nan,nan,nan,nan,nan,nan,nan,nan,nan,nan,nan,nan,nan,nan,nan,nan,nan,nan,nan,nan,nan,nan,nan,nan,nan,nan,nan,nan,nan,nan,nan,nan,nan,nan,nan,nan,nan,nan,nan,nan,nan,nan,nan,nan,nan,nan,nan,nan,nan,0.2245690389065785
1791062890.699644,-2.0991458521914543,-0.05937135832549917,0.3986694111716045,-0.11443407470857525,1.710684901343303,0.13391554233457287,1.0365813890873743,0.0,0.0,2.130090524758417,0.6807652750492998,-0.04514682363960196,0.0010120529406722053,0.4382809633924314,0.0,0.0,-0.3307996018896444,-1.0074063853375874,0.00485234500991793,0.034738285945296266,nan,nan,nan,nan,nan,nan,nan,1.0249541812790273,0.0,0.0,2.123658838170794,-1.1977496358957662,-0.15169189417368736,0.13519382077839312,0.11589701546683241,0.0,0.0,-0.991370132998454,2.606995570956065,0.02522216827607964,-0.042900253324109086,nan,nan,nan,nan,nan,nan,nan,nan,nan,nan,nan,nan,nan,nan,1.0546635792398427,0.0,0.0,0.7992961980065201,2.1219169133020976,-0.12080882367519802,-0.19933313326734708,nan,nan,nan,nan,nan,nan,nan,nan,nan,nan,nan,nan,nan,nan,nan,nan,nan,nan,nan,nan,nan,nan,nan,nan,nan,nan,nan,nan,nan,nan,nan,nan,nan,nan,nan,nan,nan,nan,nan,nan,nan,nan,nan,nan,nan,nan,nan,nan,nan,0.21417968585191977
1791062890.7990017,-2.08020081882442,-0.05139782826030247,0.3977604589928976,-0.17241735079901305,1.7421952697776033,0.10488472871449941,0.552644225272019,0.0,0.0,2.1255794404678605,0.6809663819705398,-0.04130549008324028,-0.002016511477390847,0.2274946832951035,0.0,0.0,-0.33019688457627366,-1.0038385885219256,0.004935634008845518,0.034968349986736924,nan,nan,nan,nan,nan,nan,nan,0.458300467899232,0.0,0.0,2.1081211427751714,-1.184821482546541,-0.1297431853704853,0.12620057798626075,0.2804295689638744,0.0,0.0,-0.9887680467239507,2.6027515934041117,0.025803250830404936,-0.04276019237123335,nan,nan,nan,nan,nan,nan,nan,nan,nan,nan,nan,nan,nan,nan,0.9994767863225201,0.0,0.0,0.7873536800123219,2.1017119423472317,-0.1138025620602098,-0.1826974709814404,nan,nan,nan,nan,nan,nan,nan,nan,nan,nan,nan,nan,nan,nan,nan,nan,nan,nan,nan,nan,nan,nan,nan,nan,nan,nan,nan,nan,nan,nan,nan,nan,nan,nan,nan,nan,nan,nan,nan,nan,nan,nan,nan,nan,nan,nan,nan,nan,nan,0.2208249288409226
1791062890.8987427,-2.0622469303167104,-0.044784204605156364,0.3987710973252894,-0.22074766235918045,1.7741759984642804,0.08402916499370637,0.8433796548668566,0.0,0.0,2.1214841126495187,0.6809774814949332,-0.03824862930501094,-0.0001566390466645523,0.3061672747227405,0.0,0.0,-0.3295661839952716,-1.0006164620760754,0.007150614242963863,0.0333360152380701,nan,nan,nan,nan,nan,nan,nan,0.9386102357713075,0.0,0.0,2.0931316908414006,-1.171914572415471,-0.1431267047284371,0.13063593467772497,0.1690446832907551,0.0,0.0,-0.9863353333961943,2.598574379826043,0.05389688980410365,-0.05464897684900232,nan,nan,nan,nan,nan,nan,nan,nan,nan,nan,nan,nan,nan,nan,1.0243244467532961,0.0,0.0,0.7753089731547417,2.0811150953742947,-0.11594374331241794,-0.19393207340193447,nan,nan,nan,nan,nan,nan,nan,nan,nan,nan,nan,nan,nan,nan,nan,nan,nan,nan,nan,nan,nan,nan,nan,nan,nan,nan,nan,nan,nan,nan,nan,nan,nan,nan,nan,nan,nan,nan,nan,nan,nan,nan,nan,nan,nan,nan,nan,nan,nan,0.2154237786903382
1791062890.996496,-2.046297393058911,-0.038044985383989566,0.39633110707618063,-0.14271182532548493,1.801788632913638,0.11924761559956934,0.9402799692462688,0.0,0.0,2.1178291154869706,0.6810461309074184,-0.03781551824238986,0.0032698476462870167,0.36658772801782774,0.0,0.0,-0.32894961750045915,-0.9977509608090084,0.00750702254340834,0.03224158387033051,nan,nan,nan,nan,nan,nan,nan,1.025021398692758,0.0,0.0,2.0799047398816426,-1.1606891887341961,-0.13691964487759983,0.1241194561083806,0.1979962962254662,0.0,0.0,-0.984224228296779,2.5950361323590903,0.021311248711878797,-0.0382186770683825,nan,nan,nan,nan,nan,nan,nan,nan,nan,nan,nan,nan,nan,nan,0.9803364385422632,0.0,0.0,0.764514829638834,2.0627220176969177,-0.12246305725472635,-0.20658857602097672,nan,nan,nan,nan,nan,nan,nan,nan,nan,nan,nan,nan,nan,nan,nan,nan,nan,nan,nan,nan,nan,nan,nan,nan,nan,nan,nan,nan,nan,nan,nan,nan,nan,nan,nan,nan,nan,nan,nan,nan,nan,nan,nan,nan,nan,nan,nan,nan,nan,0.17422296947199606
1791062891.0995965,-2.027993836046854,-0.03072920355083386,0.3962903792957407,-0.18659652795969206,1.8258841858317163,0.09843574078163653,0.30988894235246456,0.0,0.0,2.1140233334629355,0.6813147764640878,-0.0322684231807734,-0.00019493409293168913,0.15695358205175916,0.0,0.0,-0.32830861793396504,-0.9943916013469057,0.007160801118005137,0.0341691243978423,nan,nan,nan,nan,nan,nan,nan,0.4105879550904592,0.0,0.0,2.0634382874911825,-1.146425374503284,-0.1352104697490009,0.11518719106685467,0.21110660112704727,0.0,0.0,-0.9816175617046039,2.589814023679227,0.012317047853823152,-0.040820205197412564,nan,nan,nan,nan,nan,nan,nan,nan,nan,nan,nan,nan,nan,nan,0.9025126346358177,0.0,0.0,0.7513491095124656,2.040388434668079,-0.12529813902861056,-0.20496038244834974,nan,nan,nan,nan,nan,nan,nan,nan,nan,nan,nan,nan,nan,nan,nan,nan,nan,nan,nan,nan,nan,nan,nan,nan,nan,nan,nan,nan,nan,nan,nan,nan,nan,nan,nan,nan,nan,nan,nan,nan,nan,nan,nan,nan,nan,nan,nan,nan,nan,0.22715744107537247
1791062891.1990309,-2.012521696056755,-0.02522768139050268,0.3996161216799404,-0.1034184021890822,1.8464912262250466,0.13986614993199797,1.0430898017823005,0.0,0.0,2.110771643818426,0.681316642698613,-0.032203808490646496,0.00036947926026178134,0.6752677958973129,0.0,0.0,-0.32764132892106257,-0.9909042655660422,0.005819851896285311,0.03036803473843557,nan,nan,nan,nan,nan,nan,nan,1.0150071804942655,0.0,0.0,2.0488897603370413,-1.1339102377272614,-0.11156622323909257,-0.007584176395007809,0.04050193384384121,0.0,0.0,-0.9787605623668771,2.5855803963241533,0.019235248769960876,-0.0342173615245346,nan,nan,nan,nan,nan,nan,nan,nan,nan,nan,nan,nan,nan,nan,1.0447174752306678,0.0,0.0,0.7396502984663307,2.020324131557999,-0.12792260138066505,-0.21172026597953483,nan,nan,nan,nan,nan,nan,nan,nan,nan,nan,nan,nan,nan,nan,nan,nan,nan,nan,nan,nan,nan,nan,nan,nan,nan,nan,nan,nan,nan,nan,nan,nan,nan,nan,nan,nan,nan,nan,nan,nan,nan,nan,nan,nan,nan,nan,nan,nan,nan,0.15811341845264176
1791062891.2995038,-1.9947892770449394,-0.01768123760454732,0.3955277052616558,-0.14349023637340017,1.8638860757388953,0.1188570775751884,0.5770093639249838,0.0,0.0,2.1075555696020873,0.6812870092346339,-0.029336391126228413,-0.0011834875218852034,0.24275854883938813,0.0,0.0,-0.32707721102901893,-0.9876652832603905,0.005490487060812921,0.0321042271799474,nan,nan,nan,nan,nan,nan,nan,0.6113189467290421,0.0,0.0,2.036196288491511,-1.1232135110220696,-0.1371352711910399,0.09964621126447765,0.181075973890065,0.0,0.0,-0.9772955820144901,2.582554286121207,0.013681945758305251,-0.03132397802889503,nan,nan,nan,nan,nan,nan,nan,nan,nan,nan,nan,nan,nan,nan,0.9357342606129928,0.0,0.0,0.7280185624509935,2.0005196925967383,-0.11875017901127725,-0.20396231400034717,nan,nan,nan,nan,nan,nan,nan,nan,nan,nan,nan,nan,nan,nan,nan,nan,nan,nan,nan,nan,nan,nan,nan,nan,nan,nan,nan,nan,nan,nan,nan,nan,nan,nan,nan,nan,nan,nan,nan,nan,nan,nan,nan,nan,nan,nan,nan,nan,nan,0.14430711594537643
1791062891.4012523,-1.980825176644563,-0.01207364464238771,0.3957638889041229,-0.09372899777998511,1.8795195553255044,0.1451993372581421,0.5465826047497055,0.0,0.0,2.1045519045453918,0.6814278212754916,-0.027181837752455022,0.002565223974950133,0.4723468877275784,0.0,0.0,-0.32647054185926655,-0.9848570977924184,0.008123614390752144,0.02802716287318851,nan,nan,nan,nan,nan,nan,nan,1.0611727635092318,0.0,0.0,2.0238569580628205,-1.1108725820875471,-0.16435763673142476,0.21961882805616922,0.21064179524754056,0.0,0.0,-0.9748197232736532,2.5792253753646652,0.06832682211790606,-0.05003708471297934,nan,nan,nan,nan,nan,nan,nan,nan,nan,nan,nan,nan,nan,nan,0.9159595346025299,0.0,0.0,0.7162267856106779,1.980645642051125,-0.1154342806800984,-0.20302735607014605,nan,nan,nan,nan,nan,nan,nan,nan,nan,nan,nan,nan,nan,nan,nan,nan,nan,nan,nan,nan,nan,nan,nan,nan,nan,nan,nan,nan,nan,nan,nan,nan,nan,nan,nan,nan,nan,nan,nan,nan,nan,nan,nan,nan,nan,nan,nan,nan,nan,0.12775360363500118
1791062891.5013735,-1.967949282006535,-0.006950353838200985,0.3938662931773478,-0.16421404698174735,1.8942860183367864,0.10873781035304093,1.0532059720900109,0.0,0.0,2.101899820607308,0.6816154595742853,-0.02231896168829317,0.0010174267806841368,0.5635950875896788,0.0,0.0,-0.3260266659914508,-0.9822778288344541,0.003988041286020262,0.023825081861303075,nan,nan,nan,nan,nan,nan,nan,1.060632841546146,0.0,0.0,2.0115118597880866,-1.1009228586117237,-0.20205119937914373,0.10988708884722408,0.48902749450699323,0.0,0.0,-0.9730090818894497,2.575745219808803,0.030286862729914623,-0.050984532415100786,nan,nan,nan,nan,nan,nan,nan,nan,nan,nan,nan,nan,nan,nan,0.8989843504258445,0.0,0.0,0.7042614280566605,1.9605530938021236,-0.11335410754676334,-0.2043142492737512,nan,nan,nan,nan,nan,nan,nan,nan,nan,nan,nan,nan,nan,nan,nan,nan,nan,nan,nan,nan,nan,nan,nan,nan,nan,nan,nan,nan,nan,nan,nan,nan,nan,nan,nan,nan,nan,nan,nan,nan,nan,nan,nan,nan,nan,nan,nan,nan,nan,0.11161904036974601
1791062891.5994506,-1.9562707150290675,-0.002378181096787273,0.3932656156117857,-0.12503321747921495,1.9081588614713507,0.12831114993639453,0.9529343422398407,0.0,0.0,2.099778742649638,0.6816382746694715,-0.02164692945312434,-0.0008204603648906705,0.4528519512012162,0.0,0.0,-0.32554781899511287,-0.9797683477785848,0.004121590679565998,0.02416979641552151,nan,nan,nan,nan,nan,nan,nan,0.8781179840224015,0.0,0.0,1.9921255890348468,-1.0846913166300727,-0.16317724138750297,0.16339598493831894,0.0630784189354225,0.0,0.0,-0.9701581524800799,2.5705387020950416,0.019877593886401285,-0.042256586125894724,nan,nan,nan,nan,nan,nan,nan,nan,nan,nan,nan,nan,nan,nan,0.9318253655020245,0.0,0.0,0.690350957349033,1.9400485404564136,-0.114655085577144,-0.19877736747355434,nan,nan,nan,nan,nan,nan,nan,nan,nan,nan,nan,nan,nan,nan,nan,nan,nan,nan,nan,nan,nan,nan,nan,nan,nan,nan,nan,nan,nan,nan,nan,nan,nan,nan,nan,nan,nan,nan,nan,nan,nan,nan,nan,nan,nan,nan,nan,nan,nan,0.12645435540151048
1791062891.700484,-1.9456309032056538,0.0019063381808662261,0.393567142040849,-0.16192647814542166,1.9208707609383155,0.1098279582568858,1.0572444238064316,0.0,0.0,2.0976161627296155,0.6816450800427394,-0.017299290473319517,5.6524478910117146e-05,0.5278074675087688,0.0,0.0,-0.32511023092358626,-0.977450269241405,0.004482226128639498,0.02140876261306555,nan,nan,nan,nan,nan,nan,nan,0.993415860569523,0.0,0.0,1.97471969102039,-1.0699789671926414,-0.17475253975345317,0.14565779028227718,0.08242122661446619,0.0,0.0,-0.9670478907348833,2.565596447903503,0.044676900376449905,-0.04942533699314384,nan,nan,nan,nan,nan,nan,nan,nan,nan,nan,nan,nan,nan,nan,0.9697029167532399,0.0,0.0,0.6780798645918402,1.919575030005077,-0.11832746500636958,-0.20158488907550545,nan,nan,nan,nan,nan,nan,nan,nan,nan,nan,nan,nan,nan,nan,nan,nan,nan,nan,nan,nan,nan,nan,nan,nan,nan,nan,nan,nan,nan,nan,nan,nan,nan,nan,nan,nan,nan,nan,nan,nan,nan,nan,nan,nan,nan,nan,nan,nan,nan,0.1251285112804204
1791062891.799374,-1.9343416076001896,0.006277618975103586,0.39382580466516637,-0.21568132736740056,1.9352937400494803,0.08606467369300708,0.9786202976879047,0.0,0.0,2.0957399268648564,0.6816000690054511,-0.016196514582014748,-0.00013634602502357444,0.45108030459304643,0.0,0.0,-0.3246947917197611,-0.9751685898934819,0.004424564855845838,0.021956969673128802,nan,nan,nan,nan,nan,nan,nan,1.0391343073296286,0.0,0.0,1.9574255084180527,-1.0549090018784457,-0.246098215200091,0.21233874793674534,0.39320609077390756,0.0,0.0,-0.9646561152312821,2.5619188573467175,0.02410605350097468,-0.039498540104511315,nan,nan,nan,nan,nan,nan,nan,nan,nan,nan,nan,nan,nan,nan,0.9469081053790709,0.0,0.0,0.6679450131094233,1.8976349812548452,-0.13073042593844808,-0.20369128474363996,nan,nan,nan,nan,nan,nan,nan,nan,nan,nan,nan,nan,nan,nan,nan,nan,nan,nan,nan,nan,nan,nan,nan,nan,nan,nan,nan,nan,nan,nan,nan,nan,nan,nan,nan,nan,nan,nan,nan,nan,nan,nan,nan,nan,nan,nan,nan,nan,nan,0.11004326788309593
1791062891.9007785,-1.9238996794242413,0.010006515199231592,0.3940841856873174,-0.17268272371616625,1.9485165904404536,0.10476156371507797,0.9203550110119046,0.0,0.0,2.0941877085864204,0.681635408770833,-0.017037330949613932,0.00150012077271018,0.3661647221009066,0.0,0.0,-0.3242832708265996,-0.9730657761803679,0.0036025933337496705,0.020394974735533544,nan,nan,nan,nan,nan,nan,nan,0.85409677068423,0.0,0.0,1.9403632370915262,-1.0400350927899014,-0.1523269979580696,0.060978224982191104,0.6037223562378671,0.0,0.0,-0.9621588125923909,2.557403780349562,0.04001229298994843,-0.04261460208828205,nan,nan,nan,nan,nan,nan,nan,nan,nan,nan,nan,nan,nan,nan,0.9417502294564705,0.0,0.0,0.6552496655182104,1.8778057346875425,-0.13829539875391875,-0.20014586069626278,nan,nan,nan,nan,nan,nan,nan,nan,nan,nan,nan,nan,nan,nan,nan,nan,nan,nan,nan,nan,nan,nan,nan,nan,nan,nan,nan,nan,nan,nan,nan,nan,nan,nan,nan,nan,nan,nan,nan,nan,nan,nan,nan,nan,nan,nan,nan,nan,nan,0.10482481482989002
1791062891.9997659,-1.9143903834952398,0.013882613256390905,0.3944708581360432,-0.08951282719292568,1.9567284756351346,0.14754712669458434,0.8454258252245563,0.0,0.0,2.0926316214128042,0.6817009328780761,-0.015282786593904196,0.0006504874193763983,0.2687703606965237,0.0,0.0,-0.32387199224296404,-0.9711950220819596,0.0028258145687247126,0.017142155944377485,nan,nan,nan,nan,nan,nan,nan,0.5866201830746042,0.0,0.0,1.9233337815944274,-1.023943327100105,-0.2255994178320985,0.21913451639419873,0.8808435988626344,0.0,0.0,-0.9595532663652143,2.5530496741402224,0.035901934442866074,-0.04875176858568811,nan,nan,nan,nan,nan,nan,nan,nan,nan,nan,nan,nan,nan,nan,0.877414471314971,0.0,0.0,0.6408175386901854,1.8586331542845007,-0.1361509750212821,-0.2075446757010489,nan,nan,nan,nan,nan,nan,nan,nan,nan,nan,nan,nan,nan,nan,nan,nan,nan,nan,nan,nan,nan,nan,nan,nan,nan,nan,nan,nan,nan,nan,nan,nan,nan,nan,nan,nan,nan,nan,nan,nan,nan,nan,nan,nan,nan,nan,nan,nan,nan,0.10004039965834247
1791062892.0999188,-1.904815950088368,0.017329174919260334,0.395857667311922,-0.08452413170355491,1.9622004671646387,0.15034523659983173,0.8153927250773237,0.0,0.0,2.0912814538236137,0.6819958377381684,-0.007460821315562381,0.010765928988885747,0.26184376275096477,0.0,0.0,-0.32351052093924887,-0.969455639929792,0.0032567456794966054,0.015373538631892017,nan,nan,nan,nan,nan,nan,nan,0.8909184947844712,0.0,0.0,1.9094918236681016,-1.0125552776839057,-0.16600623750462085,0.14285074053617083,0.6499133256199453,0.0,0.0,-0.9574845024307703,2.548802857937306,0.04051918785532223,-0.05066091085159735,nan,nan,nan,nan,nan,nan,nan,nan,nan,nan,nan,nan,nan,nan,0.8517870451095663,0.0,0.0,0.6287805754753911,1.8385727402786778,-0.12357862720445584,-0.2031197521407765,nan,nan,nan,nan,nan,nan,nan,nan,nan,nan,nan,nan,nan,nan,nan,nan,nan,nan,nan,nan,nan,nan,nan,nan,nan,nan,nan,nan,nan,nan,nan,nan,nan,nan,nan,nan,nan,nan,nan,nan,nan,nan,nan,nan,nan,nan,nan,nan,nan,0.09474753414230273
1791062892.1979876,-1.8949106589812024,0.021629320095460963,0.39534106070406544,-0.09581450939816424,1.9673533423126393,0.14404397141362524,0.7994167316928695,0.0,0.0,2.089858596388652,0.6819334174870421,-0.013482835776343998,-0.002488134372314584,0.23322019594358298,0.0,0.0,-0.3232777629773038,-0.967854174823178,0.00249664133797538,0.016355780171280587,nan,nan,nan,nan,nan,nan,nan,0.8317784971326604,0.0,0.0,1.8916648093276276,-0.996696028017713,-0.18557418461762645,0.15355446009691592,0.7376367832759646,0.0,0.0,-0.9539053417715749,2.5435153761503355,0.06192178361808231,-0.05291338180506207,nan,nan,nan,nan,nan,nan,nan,nan,nan,nan,nan,nan,nan,nan,0.8168825989635763,0.0,0.0,0.616547855981199,1.8184958608701929,-0.11857353738741502,-0.20089657493048158,nan,nan,nan,nan,nan,nan,nan,nan,nan,nan,nan,nan,nan,nan,nan,nan,nan,nan,nan,nan,nan,nan,nan,nan,nan,nan,nan,nan,nan,nan,nan,nan,nan,nan,nan,nan,nan,nan,nan,nan,nan,nan,nan,nan,nan,nan,nan,nan,nan,0.08731552889220406
1791062892.2988849,-1.885363091339265,0.02544114500324111,0.39390828723415844,-0.14465634696001736,1.9732773499061345,0.11827341014026233,0.8028979408330676,0.0,0.0,2.0887170195976017,0.6819636406732561,-0.01039357307240004,0.0007378132756932466,0.2750194908695388,0.0,0.0,-0.32300323364012085,-0.9662843911153517,0.0034840456171252683,0.017550740915922233,nan,nan,nan,nan,nan,nan,nan,0.9695263886823333,0.0,0.0,1.8744044832369737,-0.9797638890690517,-0.15919087958314573,0.17767294395838595,0.9887288447332754,0.0,0.0,-0.9511541515406062,2.5387613260152637,0.07100920258004634,-0.06824123118580737,nan,nan,nan,nan,nan,nan,nan,nan,nan,nan,nan,nan,nan,nan,0.8068727657601826,0.0,0.0,0.6044278178486715,1.7981706528150108,-0.1133482455806263,-0.20053954178919314,nan,nan,nan,nan,nan,nan,nan,nan,nan,nan,nan,nan,nan,nan,nan,nan,nan,nan,nan,nan,nan,nan,nan,nan,nan,nan,nan,nan,nan,nan,nan,nan,nan,nan,nan,nan,nan,nan,nan,nan,nan,nan,nan,nan,nan,nan,nan,nan,nan,0.10151076069460646
1791062892.3990045,-1.8764834056483108,0.029094578799122098,0.39287789898151687,-0.05843662459057584,1.9778304701544152,0.16529285679590291,0.9243125335188337,0.0,0.0,2.0876096326210027,0.6819171068904293,-0.010809864487523427,-0.000596891061018357,0.38572723214193133,0.0,0.0,-0.3226490427303745,-0.9644258729087185,0.003550627765881057,0.018412478592224286,nan,nan,nan,nan,nan,nan,nan,0.4274779315198705,0.0,0.0,1.8574317677421177,-0.9657729176262394,-0.1652148836053016,0.12745479041046295,0.9540591135994425,0.0,0.0,-0.9471605600094983,2.532292212121437,0.054912197714575714,-0.0740860218761519,nan,nan,nan,nan,nan,nan,nan,nan,nan,nan,nan,nan,nan,nan,0.9022748726907539,0.0,0.0,0.5919529234900666,1.7779870208678539,-0.1219971570143618,-0.19800267295456464,nan,nan,nan,nan,nan,nan,nan,nan,nan,nan,nan,nan,nan,nan,nan,nan,nan,nan,nan,nan,nan,nan,nan,nan,nan,nan,nan,nan,nan,nan,nan,nan,nan,nan,nan,nan,nan,nan,nan,nan,nan,nan,nan,nan,nan,nan,nan,nan,nan,0.10513793447392812
1791062892.4993548,-1.866933661433706,0.03268644209998212,0.39119986507009147,0.017855389039006703,1.9801012507544369,0.21070299855425018,0.9383961787677578,0.0,0.0,2.0866447996996045,0.6819183044103981,-0.010255983623761048,-0.001656952551971476,0.4114207863845313,0.0,0.0,-0.3223336342982033,-0.9624497265597364,0.0036324431033005035,0.020819578648938086,nan,nan,nan,nan,nan,nan,nan,0.6885097177394695,0.0,0.0,1.8394630853128857,-0.9497624972312199,-0.17224407827032143,0.11282798155046601,0.9496788797831303,0.0,0.0,-0.9432138539568141,2.5255883101981773,0.05790412274152245,-0.07481400532176444,nan,nan,nan,nan,nan,nan,nan,nan,nan,nan,nan,nan,nan,nan,0.915124151834555,0.0,0.0,0.5795150339617848,1.7578690377001274,-0.12518879363371987,-0.1970305792585362,nan,nan,nan,nan,nan,nan,nan,nan,nan,nan,nan,nan,nan,nan,nan,nan,nan,nan,nan,nan,nan,nan,nan,nan,nan,nan,nan,nan,nan,nan,nan,nan,nan,nan,nan,nan,nan,nan,nan,nan,nan,nan,nan,nan,nan,nan,nan,nan,nan,0.10805505863672128
1791062892.5995462,-1.856063943515706,0.03698453281010132,0.39052718016259547,-0.05886947246621109,1.9821710405248016,0.16504102599655177,0.31954452760494567,0.0,0.0,2.085780287647147,0.6819224765467887,-0.010400507567287751,0.00015909863885659473,0.342691731977939,0.0,0.0,-0.3219137009743084,-0.9604203578732992,0.004255277863642675,0.01958577254632384,nan,nan,nan,nan,nan,nan,nan,1.0600587872932623,0.0,0.0,1.8212572097557271,-0.9321169778400183,-0.17130983497582405,0.152143925273231,0.6742516819810068,0.0,0.0,-0.9393974422611815,2.5186085123457693,0.0605415721074219,-0.08213078559795314,nan,nan,nan,nan,nan,nan,nan,nan,nan,nan,nan,nan,nan,nan,0.7872518392235743,0.0,0.0,0.5672581889288756,1.7374182344985294,-0.1317334010223257,-0.20677968387937345,nan,nan,nan,nan,nan,nan,nan,nan,nan,nan,nan,nan,nan,nan,nan,nan,nan,nan,nan,nan,nan,nan,nan,nan,nan,nan,nan,nan,nan,nan,nan,nan,nan,nan,nan,nan,nan,nan,nan,nan,nan,nan,nan,nan,nan,nan,nan,nan,nan,0.13615095405797864
1791062892.697713,-1.84406261676612,0.04204344087636127,0.3915805406193392,0.000199851683487004,1.984075970018096,0.20011991099572424,0.22988747198281817,0.0,0.0,2.084741241299687,0.6818737202474531,-0.00853829248624016,-0.0012684740440145046,0.17020377812416665,0.0,0.0,-0.32151979339833986,-0.9585348423205711,0.003090676196075935,0.018473857491452472,nan,nan,nan,nan,nan,nan,nan,0.9460180875667985,0.0,0.0,1.8048276204010658,-0.9179582975246025,-0.12240545362394213,0.12209499445351765,0.7684589674973181,0.0,0.0,-0.9356237634368468,2.5118015997740977,0.027893598546505537,-0.07793882513805647,nan,nan,nan,nan,nan,nan,nan,nan,nan,nan,nan,nan,nan,nan,0.8914834988589435,0.0,0.0,0.5549144888115748,1.7171640620101634,-0.14583965827977338,-0.21276185243835097,nan,nan,nan,nan,nan,nan,nan,nan,nan,nan,nan,nan,nan,nan,nan,nan,nan,nan,nan,nan,nan,nan,nan,nan,nan,nan,nan,nan,nan,nan,nan,nan,nan,nan,nan,nan,nan,nan,nan,nan,nan,nan,nan,nan,nan,nan,nan,nan,nan,0.1654272111262343
1791062892.8002286,-1.830817948365482,0.047055650955889206,0.3919409114975959,0.017475365405236934,1.9856119140787198,0.21047562359957706,0.3460454770678004,0.0,0.0,2.083687489865608,0.6818476509365102,-0.006751936332622488,-0.0008997362534327836,0.1881179337702898,0.0,0.0,-0.32123615547705814,-0.9566427566377509,0.003320084863625475,0.020489375627557684,nan,nan,nan,nan,nan,nan,nan,0.9252517838727321,0.0,0.0,1.7879529812425758,-0.9022284782156881,-0.16242803078654738,0.13769830689811755,0.5930851549429197,0.0,0.0,-0.9314542365396886,2.505184850787519,0.03168081786682525,-0.05499201571017033,nan,nan,nan,nan,nan,nan,nan,nan,nan,nan,nan,nan,nan,nan,0.93182838193835,0.0,0.0,0.5426023282618105,1.6969881933583464,-0.135219595877924,-0.20796303981829686,nan,nan,nan,nan,nan,nan,nan,nan,nan,nan,nan,nan,nan,nan,nan,nan,nan,nan,nan,nan,nan,nan,nan,nan,nan,nan,nan,nan,nan,nan,nan,nan,nan,nan,nan,nan,nan,nan,nan,nan,nan,nan,nan,nan,nan,nan,nan,nan,nan,0.1980941895686737
1791062892.900554,-1.814948410519351,0.05301210549859602,0.3926085100548211,0.09143820714590067,1.987657223643125,0.2535270025781364,0.9368498804193495,0.0,0.0,2.082918333222964,0.6818716664417752,-0.007428407342106719,0.0011910239700726904,0.3692061301797973,0.0,0.0,-0.3211085933033587,-0.9546726282326256,0.003451040509814573,0.022393387416553195,nan,nan,nan,nan,nan,nan,nan,1.0598432845654504,0.0,0.0,1.772565750747357,-0.8887268332764368,-0.17253022417091993,0.15092041172562615,0.2772796792265944,0.0,0.0,-0.9279408853983713,2.499178932068206,0.034168145777192946,-0.05317054280321999,nan,nan,nan,nan,nan,nan,nan,nan,nan,nan,nan,nan,nan,nan,1.0140202607415258,0.0,0.0,0.5304275081170833,1.677010219594129,-0.1292262773404243,-0.2079444182779388,nan,nan,nan,nan,nan,nan,nan,nan,nan,nan,nan,nan,nan,nan,nan,nan,nan,nan,nan,nan,nan,nan,nan,nan,nan,nan,nan,nan,nan,nan,nan,nan,nan,nan,nan,nan,nan,nan,nan,nan,nan,nan,nan,nan,nan,nan,nan,nan,nan,0.18257026384433678
1791062892.9985955,-1.797208771843265,0.05961049138926184,0.39202364069157664,0.14919706754990117,1.9916655144419857,0.2839833920818203,0.7534642437768924,0.0,0.0,2.082095664444731,0.6818596583027954,-0.0066739018658109476,-0.0005304602230739922,0.2985416411683057,0.0,0.0,-0.3205679229776029,-0.9522870293472705,0.004460772354577095,0.023364501530891774,nan,nan,nan,nan,nan,nan,nan,1.0600390790883665,0.0,0.0,1.7546693477842508,-0.8717769780432035,-0.17443605573064125,0.15762490914504762,0.2518324370988428,0.0,0.0,-0.9254919948708863,2.4950160346865617,0.02412120476524162,-0.04303167981200567,nan,nan,nan,nan,nan,nan,nan,nan,nan,nan,nan,nan,nan,nan,0.9813266458158981,0.0,0.0,0.5182409316751062,1.657089372546525,-0.11652110874637159,-0.20099491917686713,nan,nan,nan,nan,nan,nan,nan,nan,nan,nan,nan,nan,nan,nan,nan,nan,nan,nan,nan,nan,nan,nan,nan,nan,nan,nan,nan,nan,nan,nan,nan,nan,nan,nan,nan,nan,nan,nan,nan,nan,nan,nan,nan,nan,nan,nan,nan,nan,nan,0.19030358415611665
1791062893.098535,-1.7786857358678072,0.06727251667222951,0.39083577422523597,0.09340699230111187,1.995259783055769,0.25462191747858803,0.6355240380514424,0.0,0.0,2.081276366453706,0.6818734152590024,-0.0076543653765891295,-0.0010350095545096404,0.27946768998634175,0.0,0.0,-0.3201608791458935,-0.949914289843472,0.004539970148484098,0.028033431912652958,nan,nan,nan,nan,nan,nan,nan,0.9855129905341679,0.0,0.0,1.7368701623409473,-0.8561303388068399,-0.17054416689709065,0.1416121734092644,0.2722064491238029,0.0,0.0,-0.922760678567196,2.490345777687714,0.024871049785571198,-0.0466753038508999,nan,nan,nan,nan,nan,nan,nan,nan,nan,nan,nan,nan,nan,nan,0.9655650341059675,0.0,0.0,0.506138029318832,1.6371522156442158,-0.09667187493782839,-0.1945302380420697,nan,nan,nan,nan,nan,nan,nan,nan,nan,nan,nan,nan,nan,nan,nan,nan,nan,nan,nan,nan,nan,nan,nan,nan,nan,nan,nan,nan,nan,nan,nan,nan,nan,nan,nan,nan,nan,nan,nan,nan,nan,nan,nan,nan,nan,nan,nan,nan,nan,0.21609867582356618
1791062893.200275,-1.7597667813025037,0.07398194093291498,0.3906436864153955,0.055246505770374016,1.9967675239613776,0.23284768206844064,0.5993051956339985,0.0,0.0,2.0805610496412337,0.6818169852924787,-0.001589070978047038,-0.007734560250437191,0.285081320319147,0.0,0.0,-0.3195667681981054,-0.9471063443267562,0.006096927897798719,0.024323615752879946,nan,nan,nan,nan,nan,nan,nan,1.0379443532428974,0.0,0.0,1.720627995023223,-0.840465512690264,-0.14521420617143388,0.1851912666219364,0.12004795867613566,0.0,0.0,-0.9206848340264903,2.4868030941227746,0.045814789708966394,-0.046444895869356885,nan,nan,nan,nan,nan,nan,nan,nan,nan,nan,nan,nan,nan,nan,1.0236009368471475,0.0,0.0,0.49374015312594205,1.6171183109012917,-0.09374432855182505,-0.18965570031424192,nan,nan,nan,nan,nan,nan,nan,nan,nan,nan,nan,nan,nan,nan,nan,nan,nan,nan,nan,nan,nan,nan,nan,nan,nan,nan,nan,nan,nan,nan,nan,nan,nan,nan,nan,nan,nan,nan,nan,nan,nan,nan,nan,nan,nan,nan,nan,nan,nan,0.21868286794456768
1791062893.3001733,-1.7397225779338712,0.08159910640681979,0.3921063406890534,0.10391632302238597,1.9983371499147746,0.26040547254963803,0.8873139166112922,0.0,0.0,2.0795521396045453,0.68196916401484,-0.008713226344919816,0.0008938509775682085,0.7201861497868567,0.0,0.0,-0.3191024339392953,-0.9447750298377207,0.0029991403529321305,0.02393482769812004,nan,nan,nan,nan,nan,nan,nan,0.9102928508384827,0.0,0.0,1.7038959554671502,-0.8259957490928641,-0.17010557918991215,0.15570747183775754,0.0369148178567811,0.0,0.0,-0.9183489050479323,2.4830237139227815,0.012526259687404784,-0.04084632236133395,nan,nan,nan,nan,nan,nan,nan,nan,nan,nan,nan,nan,nan,nan,1.0576033780256844,0.0,0.0,0.48144642080535693,1.5969372986527262,-0.13403151889715614,-0.19926641053994665,nan,nan,nan,nan,nan,nan,nan,nan,nan,nan,nan,nan,nan,nan,nan,nan,nan,nan,nan,nan,nan,nan,nan,nan,nan,nan,nan,nan,nan,nan,nan,nan,nan,nan,nan,nan,nan,nan,nan,nan,nan,nan,nan,nan,nan,nan,nan,nan,nan,0.18025780426025798
1791062893.4008694,-1.7204655195527985,0.089236852674222,0.3911473746355698,0.164174971328193,2.0020237905873723,0.2912436250539373,0.992184207125294,0.0,0.0,2.0785511976793023,0.6820657988277867,-0.010759495857582374,0.001214377688234541,0.4054936226238546,0.0,0.0,-0.3186812361350487,-0.9421811831057681,0.00416865556571216,0.025630627437178238,nan,nan,nan,nan,nan,nan,nan,1.049502572198885,0.0,0.0,1.686474395866828,-0.8104535015486337,-0.1879981866733141,0.13086007592969828,0.06618643203432485,0.0,0.0,-0.915905361591344,2.478338034004463,-0.0021251536354301532,-0.027785713179577527,nan,nan,nan,nan,nan,nan,nan,nan,nan,nan,nan,nan,nan,nan,1.0235165910554498,0.0,0.0,0.4706727963431968,1.5767289225460166,-0.11632523000110839,-0.19783393453638703,nan,nan,nan,nan,nan,nan,nan,nan,nan,nan,nan,nan,nan,nan,nan,nan,nan,nan,nan,nan,nan,nan,nan,nan,nan,nan,nan,nan,nan,nan,nan,nan,nan,nan,nan,nan,nan,nan,nan,nan,nan,nan,nan,nan,nan,nan,nan,nan,nan,0.18585395957712564
1791062893.4994574,-1.7029460464909043,0.0965189175731358,0.38930409653018644,0.22367009738759258,2.009068625839664,0.31712881176652297,0.6916730880759375,0.0,0.0,2.0775091393193246,0.682128973545008,-0.009094766874863203,0.000505887995391983,0.34722989570462165,0.0,0.0,-0.31820702760138614,-0.9395436591099989,0.005554255441158941,0.028711707365818115,nan,nan,nan,nan,nan,nan,nan,1.0565002443086042,0.0,0.0,1.6693976135417354,-0.7956779438281188,-0.1666319752714447,0.1418905285554014,0.13803422547250213,0.0,0.0,-0.9141211558029261,2.475517503109043,0.018947555372221238,-0.026190387957518827,nan,nan,nan,nan,nan,nan,nan,nan,nan,nan,nan,nan,nan,nan,0.9939656534430167,0.0,0.0,0.45810699079025297,1.556460183419255,-0.12792403592303406,-0.2068275582886939,nan,nan,nan,nan,nan,nan,nan,nan,nan,nan,nan,nan,nan,nan,nan,nan,nan,nan,nan,nan,nan,nan,nan,nan,nan,nan,nan,nan,nan,nan,nan,nan,nan,nan,nan,nan,nan,nan,nan,nan,nan,nan,nan,nan,nan,nan,nan,nan,nan,0.18131397173128436
1791062893.6001222,-1.6840255558116515,0.1042369607002377,0.3902233782791986,0.18941946488416547,2.016299123642773,0.3028158173821573,0.6679996252732445,0.0,0.0,2.07624749126575,0.6821687619413845,-0.012908066275788015,0.00046327515893396215,0.28667216938159673,0.0,0.0,-0.31767009816170694,-0.9366714446415285,0.004712046190147606,0.030933467028046308,nan,nan,nan,nan,nan,nan,nan,0.9573685333651324,0.0,0.0,1.6530332542753499,-0.7817017553305249,-0.16020855202368148,0.13859850020851705,0.13529904270746612,0.0,0.0,-0.9127925877223174,2.4733443077922863,0.014309063193299758,-0.02456351146349548,nan,nan,nan,nan,nan,nan,nan,nan,nan,nan,nan,nan,nan,nan,0.9895117952195183,0.0,0.0,0.4457014803865072,1.5363244457500937,-0.13824468567825374,-0.20158926217644224,nan,nan,nan,nan,nan,nan,nan,nan,nan,nan,nan,nan,nan,nan,nan,nan,nan,nan,nan,nan,nan,nan,nan,nan,nan,nan,nan,nan,nan,nan,nan,nan,nan,nan,nan,nan,nan,nan,nan,nan,nan,nan,nan,nan,nan,nan,nan,nan,nan,0.22111822773787054
1791062893.698806,-1.6649788459902448,0.11064218735618477,0.3911020351090557,0.178205884967943,2.021167418120247,0.2977805862797956,0.9340871825858953,0.0,0.0,2.0750679998602335,0.6820456000311936,-0.016183453783626362,-0.01329151380814849,0.5508910407857797,0.0,0.0,-0.31654501283523384,-0.9329762404593681,0.025980097666488712,0.06725702026812094,nan,nan,nan,nan,nan,nan,nan,0.9429070572609746,0.0,0.0,1.6383827443012446,-0.7690286546414782,-0.16410709951720948,0.11076534385830739,0.08182064692390342,0.0,0.0,-0.9113107252107542,2.47083890356254,0.014563046233735461,-0.022667047574277,nan,nan,nan,nan,nan,nan,nan,nan,nan,nan,nan,nan,nan,nan,1.0220886512774259,0.0,0.0,0.43372020109455045,1.516234749346789,-0.11849859435752977,-0.20535910151360087,nan,nan,nan,nan,nan,nan,nan,nan,nan,nan,nan,nan,nan,nan,nan,nan,nan,nan,nan,nan,nan,nan,nan,nan,nan,nan,nan,nan,nan,nan,nan,nan,nan,nan,nan,nan,nan,nan,nan,nan,nan,nan,nan,nan,nan,nan,nan,nan,nan,0.21523712557742183
1791062893.7995405,-1.6438755429802157,0.11951577440777056,0.3911767007710523,0.13208345891682896,2.0237087854764506,0.27534721538807333,0.740069807158999,0.0,0.0,2.073354606856373,0.682144316662092,-0.0209569508996228,-0.001519534336934523,0.3694136866732336,0.0,0.0,-0.3158455979513028,-0.9291895076765866,0.00925503554590047,0.0550750695030647,nan,nan,nan,nan,nan,nan,nan,0.9904907981079574,0.0,0.0,1.6253061704305038,-0.7565002153578124,-0.1072843174560644,0.15293154263836337,0.06971733874561228,0.0,0.0,-0.9102764289735497,2.4686105613960447,0.006403169192326294,-0.018862074178063272,nan,nan,nan,nan,nan,nan,nan,nan,nan,nan,nan,nan,nan,nan,1.0137595451753496,0.0,0.0,0.42164727217033543,1.4964248257996322,-0.10943535392492626,-0.19094218339523542,nan,nan,nan,nan,nan,nan,nan,nan,nan,nan,nan,nan,nan,nan,nan,nan,nan,nan,nan,nan,nan,nan,nan,nan,nan,nan,nan,nan,nan,nan,nan,nan,nan,nan,nan,nan,nan,nan,nan,nan,nan,nan,nan,nan,nan,nan,nan,nan,nan,0.21716565412408012
1791062893.9011228,-1.6230254501645265,0.12765538711003477,0.3925105808888182,0.05785425595440087,2.023212472809184,0.23436814228197395,0.8149920953529612,0.0,0.0,2.07112509911081,0.6821289669214482,-0.028267870100337607,-0.000827022681355599,0.30530012259236633,0.0,0.0,-0.3145820979115629,-0.9232412292015335,0.024710313553883846,0.04255032057427437,nan,nan,nan,nan,nan,nan,nan,0.728241817825985,0.0,0.0,1.6122897298486347,-0.7453980852746483,-0.15564228900035856,0.09815296319784855,0.07632335018097472,0.0,0.0,-0.9085728742491747,2.466247108421586,0.038283916886688626,-0.03500452546179402,nan,nan,nan,nan,nan,nan,nan,nan,nan,nan,nan,nan,nan,nan,1.0159255217152445,0.0,0.0,0.40977638652722065,1.4764421351117352,-0.11010698453138079,-0.19397940732008226,nan,nan,nan,nan,nan,nan,nan,nan,nan,nan,nan,nan,nan,nan,nan,nan,nan,nan,nan,nan,nan,nan,nan,nan,nan,nan,nan,nan,nan,nan,nan,nan,nan,nan,nan,nan,nan,nan,nan,nan,nan,nan,nan,nan,nan,nan,nan,nan,nan,0.23020876873836402
1791062893.9997914,-1.6019036840022027,0.13595290820179348,0.39426705566446435,-0.004368837627071019,2.0211905691758125,0.19737884750982426,0.9235475860531274,0.0,0.0,2.0686063827570687,0.6821178615967313,-0.030336710320274664,0.0003223427018336978,0.253258967357828,0.0,0.0,-0.31368254489745134,-0.9188431284817313,0.0061947152187744135,0.03791325327230395,nan,nan,nan,nan,nan,nan,nan,0.9619776951250175,0.0,0.0,1.599639644514114,-0.7338713310522567,-0.1313739306894423,0.11900729933380944,0.10706401836679975,0.0,0.0,-0.9070887233346867,2.4640358582713198,0.03143880360258307,-0.040194588999926714,nan,nan,nan,nan,nan,nan,nan,nan,nan,nan,nan,nan,nan,nan,1.0353134918867322,0.0,0.0,0.3978156769172868,1.4562938501160572,-0.11522860075862884,-0.19318562009195336,nan,nan,nan,nan,nan,nan,nan,nan,nan,nan,nan,nan,nan,nan,nan,nan,nan,nan,nan,nan,nan,nan,nan,nan,nan,nan,nan,nan,nan,nan,nan,nan,nan,nan,nan,nan,nan,nan,nan,nan,nan,nan,nan,nan,nan,nan,nan,nan,nan,0.26792950208559035
1791062894.0996594,-1.5806334479179494,0.1437187833410285,0.395486290196484,-0.06081321863729605,2.019438517502072,0.163911574965418,0.8586970316604524,0.0,0.0,2.0657412651578433,0.6823147677770774,-0.027650823905698767,0.0019689094086663556,0.4986789970320665,0.0,0.0,-0.3131822291681209,-0.915201114244175,0.006655725570699136,0.03713845985582409,nan,nan,nan,nan,nan,nan,nan,0.9485022299969915,0.0,0.0,1.5878866011308,-0.7227088486109929,-0.06927643909308019,0.08036048373552306,0.163083080997333,0.0,0.0,-0.9050380664216237,2.460234497575406,0.020742079996534622,-0.039163768554208486,nan,nan,nan,nan,nan,nan,nan,nan,nan,nan,nan,nan,nan,nan,1.0604224785144878,0.0,0.0,0.3860159581444947,1.4359354341027621,-0.18815367163635216,-0.1742537181710132,nan,nan,nan,nan,nan,nan,nan,nan,nan,nan,nan,nan,nan,nan,nan,nan,nan,nan,nan,nan,nan,nan,nan,nan,nan,nan,nan,nan,nan,nan,nan,nan,nan,nan,nan,nan,nan,nan,nan,nan,nan,nan,nan,nan,nan,nan,nan,nan,nan,0.21257590534771503
1791062894.1988168,-1.5590583556757571,0.15231804978580554,0.3994076340188806,-0.09933641436374341,2.0188522354259053,0.14210205150225327,0.669387932732607,0.0,0.0,2.0627807783918404,0.6824866214814216,-0.030361299113217406,0.007843241269316696,0.2651590517807393,0.0,0.0,-0.3125556026026439,-0.9116805295914696,0.007255883426810756,0.037080503050532884,nan,nan,nan,nan,nan,nan,nan,0.6388558564720506,0.0,0.0,1.575424263049578,-0.712131942371896,-0.1010020268362065,0.1000257571024726,0.5190002090978786,0.0,0.0,-0.9026816481894395,2.4562881126882705,0.05595076205600764,-0.05827581293765828,nan,nan,nan,nan,nan,nan,nan,nan,nan,nan,nan,nan,nan,nan,0.9759740403214784,0.0,0.0,0.37649597516962086,1.4141927387559354,-0.12645812987269367,-0.20994989158373306,nan,nan,nan,nan,nan,nan,nan,nan,nan,nan,nan,nan,nan,nan,nan,nan,nan,nan,nan,nan,nan,nan,nan,nan,nan,nan,nan,nan,nan,nan,nan,nan,nan,nan,nan,nan,nan,nan,nan,nan,nan,nan,nan,nan,nan,nan,nan,nan,nan,0.23493797535417313
1791062894.301524,-1.5405289732715814,0.159412633805913,0.4000303312540567,-0.10935575471434394,2.0191387049544693,0.13664338798065848,0.7409000300818113,0.0,0.0,2.0598984524686648,0.6824511104113539,-0.028958561510988558,-0.0014161343329930519,0.30044254848201196,0.0,0.0,-0.31188010802258553,-0.9083489762038929,0.006507673063346573,0.03117225062004366,nan,nan,nan,nan,nan,nan,nan,0.9405098316024125,0.0,0.0,1.5661759017251797,-0.7032061367409067,-0.09397601145444899,0.09603414061254148,0.23423584957473978,0.0,0.0,-0.9006880747421896,2.4529242877857076,0.02316897913459434,-0.0462265209772502,nan,nan,nan,nan,nan,nan,nan,nan,nan,nan,nan,nan,nan,nan,0.9780008066605947,0.0,0.0,0.3634579578130334,1.3945867252940463,-0.12571420163009303,-0.21177060366880457,nan,nan,nan,nan,nan,nan,nan,nan,nan,nan,nan,nan,nan,nan,nan,nan,nan,nan,nan,nan,nan,nan,nan,nan,nan,nan,nan,nan,nan,nan,nan,nan,nan,nan,nan,nan,nan,nan,nan,nan,nan,nan,nan,nan,nan,nan,nan,nan,nan,0.2028229331349905
1791062894.3992698,-1.5217297972951238,0.1670387430634394,0.400769286064978,-0.11923343627526806,2.0198060437341994,0.13136264047700746,0.5402764286819928,0.0,0.0,2.056922253165617,0.682402545855013,-0.031072782767404623,-0.0012382940586069288,0.25083299786605845,0.0,0.0,-0.3113665658900502,-0.9053985740118776,0.004605035051406182,0.029789762002335445,nan,nan,nan,nan,nan,nan,nan,0.822957666428581,0.0,0.0,1.5539098542665366,-0.6926744543627013,-0.11510131017773652,0.11850764228527016,0.8493203442213167,0.0,0.0,-0.8973078195854309,2.447269515080333,0.02553690892514914,-0.05242399019678312,nan,nan,nan,nan,nan,nan,nan,nan,nan,nan,nan,nan,nan,nan,0.9651360232775282,0.0,0.0,0.35177258554636653,1.3741475170658892,-0.13200404154675638,-0.2117375248305572,nan,nan,nan,nan,nan,nan,nan,nan,nan,nan,nan,nan,nan,nan,nan,nan,nan,nan,nan,nan,nan,nan,nan,nan,nan,nan,nan,nan,nan,nan,nan,nan,nan,nan,nan,nan,nan,nan,nan,nan,nan,nan,nan,nan,nan,nan,nan,nan,nan,0.216798412875179
1791062894.5007384,-1.504579006178537,0.17366514560418359,0.3998550348016699,-0.08947688713025881,2.0199882737776482,0.14756720806942716,0.9224336310821395,0.0,0.0,2.0539079086445278,0.6824920193265491,-0.030603520464349988,0.002216144418023492,0.3470259597955155,0.0,0.0,-0.3108659564319936,-0.9026233390603131,0.004441627079620985,0.028503200684962593,nan,nan,nan,nan,nan,nan,nan,0.7372643234999255,0.0,0.0,1.540132291801792,-0.6809832569715878,-0.1676562409017069,0.06924841073220217,0.1723199258073706,0.0,0.0,-0.8949961165598993,2.443326325101075,0.021311286536064164,-0.0345304722100879,nan,nan,nan,nan,nan,nan,nan,nan,nan,nan,nan,nan,nan,nan,0.9329079578365398,0.0,0.0,0.3401071053015265,1.3538865883582814,-0.0958102058707116,-0.21790774315672495,nan,nan,nan,nan,nan,nan,nan,nan,nan,nan,nan,nan,nan,nan,nan,nan,nan,nan,nan,nan,nan,nan,nan,nan,nan,nan,nan,nan,nan,nan,nan,nan,nan,nan,nan,nan,nan,nan,nan,nan,nan,nan,nan,nan,nan,nan,nan,nan,nan,0.18838364389439977
1791062894.5998635,-1.4885559481459287,0.1803710170483762,0.4075635929951532,-0.028566711799218013,2.0187852623951494,0.1829018117289131,0.9636986951000319,0.0,0.0,2.050930764298747,0.6827404950281781,-0.030713123732847243,0.004333334161748767,0.3385129873615319,0.0,0.0,-0.31033949868158045,-0.8998194174350609,0.006199814102348445,0.028530444414244256,nan,nan,nan,nan,nan,nan,nan,0.9407047651392532,0.0,0.0,1.5252902854265982,-0.6679221247769604,-0.17645983663743806,0.10218944634925678,0.21125812684969003,0.0,0.0,-0.8932298095649255,2.439705566251666,0.019162524673714633,-0.03240474209961685,nan,nan,nan,nan,nan,nan,nan,nan,nan,nan,nan,nan,nan,nan,0.9696675614055563,0.0,0.0,0.3282122135390183,1.333667215330112,-0.11373753828177582,-0.2011120036188891,nan,nan,nan,nan,nan,nan,nan,nan,nan,nan,nan,nan,nan,nan,nan,nan,nan,nan,nan,nan,nan,nan,nan,nan,nan,nan,nan,nan,nan,nan,nan,nan,nan,nan,nan,nan,nan,nan,nan,nan,nan,nan,nan,nan,nan,nan,nan,nan,nan,0.172313784405214
1791062894.6982512,-1.470853924264352,0.18552263792654264,0.39494980008517294,-0.0288885395972324,2.017155270589825,0.18271014221597756,0.9261925302401501,0.0,0.0,2.0480017811842037,0.6827214950497886,-0.029236456867302387,-0.00014299271892936227,0.3454940680985271,0.0,0.0,-0.30973074267550244,-0.8970008949524129,0.007040716911904396,0.026233535172777683,nan,nan,nan,nan,nan,nan,nan,1.0416184304136347,0.0,0.0,1.5113865803865214,-0.6549132364898508,-0.14944929195585352,0.13829367715948937,0.12396047586827363,0.0,0.0,-0.8911439550463872,2.4366349901283018,0.01808898948843839,-0.03129310765475239,nan,nan,nan,nan,nan,nan,nan,nan,nan,nan,nan,nan,nan,nan,1.0411070987097686,0.0,0.0,0.31598482737048905,1.3138055846181496,-0.12814302817302206,-0.18201865273105028,nan,nan,nan,nan,nan,nan,nan,nan,nan,nan,nan,nan,nan,nan,nan,nan,nan,nan,nan,nan,nan,nan,nan,nan,nan,nan,nan,nan,nan,nan,nan,nan,nan,nan,nan,nan,nan,nan,nan,nan,nan,nan,nan,nan,nan,nan,nan,nan,nan,0.20250814785884924
1791062894.799264,-1.4547280361860315,0.19193609298465963,0.3947008504900031,-0.006055989392424974,2.015586579398319,0.19636680609799,0.6571896433307598,0.0,0.0,2.0449514195387897,0.6826496013570421,-0.03407191136001682,-0.00047674744507259333,0.26010139060693105,0.0,0.0,-0.3091641428616119,-0.8946324943856236,0.00434066844271832,0.02033888771933691,nan,nan,nan,nan,nan,nan,nan,0.9967104954868464,0.0,0.0,1.4931074455182236,-0.639623219021608,-0.16636189480026498,0.14340637978373375,0.20306489265814362,0.0,0.0,-0.889214279966628,2.433499216415552,0.01690245837696973,-0.02725951529185913,nan,nan,nan,nan,nan,nan,nan,nan,nan,nan,nan,nan,nan,nan,0.9803898858322545,0.0,0.0,0.3039275345398022,1.2934075675411263,-0.12305797737240054,-0.19943178721449453,nan,nan,nan,nan,nan,nan,nan,nan,nan,nan,nan,nan,nan,nan,nan,nan,nan,nan,nan,nan,nan,nan,nan,nan,nan,nan,nan,nan,nan,nan,nan,nan,nan,nan,nan,nan,nan,nan,nan,nan,nan,nan,nan,nan,nan,nan,nan,nan,nan,0.20277906267731735
1791062894.8991985,-1.436795201471716,0.19876074214646808,0.39393089383240126,0.02203419987713861,2.014129436189406,0.21320129759895756,0.6489381096027412,0.0,0.0,2.0427715457250044,0.6826618399803772,-0.019498154799729602,0.003586682335918417,0.2812657379509431,0.0,0.0,-0.308743398773743,-0.8923742475911625,0.0038298565586188547,0.023047240584627093,nan,nan,nan,nan,nan,nan,nan,0.9471529685948975,0.0,0.0,1.4777181524594014,-0.6253550597925661,-0.16905549819051047,0.12410341678206846,0.15221637171248786,0.0,0.0,-0.8886322371417952,2.4317704736238768,0.011777772925566183,-0.02273788911479636,nan,nan,nan,nan,nan,nan,nan,nan,nan,nan,nan,nan,nan,nan,0.9847552984634157,0.0,0.0,0.2917262732109924,1.2731590613524129,-0.13235388922546165,-0.21168275092737365,nan,nan,nan,nan,nan,nan,nan,nan,nan,nan,nan,nan,nan,nan,nan,nan,nan,nan,nan,nan,nan,nan,nan,nan,nan,nan,nan,nan,nan,nan,nan,nan,nan,nan,nan,nan,nan,nan,nan,nan,nan,nan,nan,nan,nan,nan,nan,nan,nan,0.20150807288567718
1791062895.0011349,-1.4183926965791511,0.20598518638730356,0.39325493573337933,0.05624450576805577,2.0131035125333296,0.23343004177921417,0.87502219368773,0.0,0.0,2.039520114988045,0.6828411188076895,-0.02884028516499914,-0.001978097242005275,0.3375393611529937,0.0,0.0,-0.3083910141634193,-0.8902130107128429,0.0034640353424191255,0.02185240055588588,nan,nan,nan,nan,nan,nan,nan,1.0240224119633907,0.0,0.0,1.4629488280146683,-0.6116217002317997,-0.1424744921915499,0.11263197313693366,0.5726713741709618,0.0,0.0,-0.8864099832637342,2.42876254666365,0.029460400010411933,-0.0353030089199919,nan,nan,nan,nan,nan,nan,nan,nan,nan,nan,nan,nan,nan,nan,1.0229882507632317,0.0,0.0,0.27949583698916514,1.2530492733584724,-0.12895774053298825,-0.1991886449172267,nan,nan,nan,nan,nan,nan,nan,nan,nan,nan,nan,nan,nan,nan,nan,nan,nan,nan,nan,nan,nan,nan,nan,nan,nan,nan,nan,nan,nan,nan,nan,nan,nan,nan,nan,nan,nan,nan,nan,nan,nan,nan,nan,nan,nan,nan,nan,nan,nan,0.19718269752032108
1791062895.0994644,-1.3996482594943154,0.21382891496425407,0.39232081390006235,0.08500525639233887,2.012835264405842,0.24992554710629672,0.7899312863487457,0.0,0.0,2.0360008968930234,0.6829643361379084,-0.03131460434890848,0.00134493052503021,0.30734004286976097,0.0,0.0,-0.3080266494743548,-0.8879507492292302,0.0025677931165123814,0.02204564631705728,nan,nan,nan,nan,nan,nan,nan,1.0161764505974455,0.0,0.0,1.448849603978459,-0.5986215669129178,-0.13407398058286674,0.12729198463770713,0.17227267586986098,0.0,0.0,-0.884775321666287,2.4259552205234503,0.023376778726990212,-0.03630062899770986,nan,nan,nan,nan,nan,nan,nan,nan,nan,nan,nan,nan,nan,nan,0.9953068996320974,0.0,0.0,0.26724963537126467,1.2327044896548294,-0.12616052103501946,-0.206502772397332,nan,nan,nan,nan,nan,nan,nan,nan,nan,nan,nan,nan,nan,nan,nan,nan,nan,nan,nan,nan,nan,nan,nan,nan,nan,nan,nan,nan,nan,nan,nan,nan,nan,nan,nan,nan,nan,nan,nan,nan,nan,nan,nan,nan,nan,nan,nan,nan,nan,0.194467352215039
1791062895.2008536,-1.380924648240074,0.22115366002715695,0.39258931724191964,0.06880504270825775,2.01273575530572,0.2407065306574428,1.0228638483012353,0.0,0.0,2.03282387563028,0.6829939171763665,-0.05041530084294873,0.005551766705643182,0.306540410022543,0.0,0.0,-0.30752011501174553,-0.885613488306579,0.006533965258252938,0.02442164823119256,nan,nan,nan,nan,nan,nan,nan,1.0108966645912065,0.0,0.0,1.436126699314266,-0.5871594003033946,-0.11550490656414628,0.12830890915620335,0.16174991065018834,0.0,0.0,-0.8826063858230292,2.422421911272518,0.021395541338707146,-0.030976963312146374,nan,nan,nan,nan,nan,nan,nan,nan,nan,nan,nan,nan,nan,nan,0.9903188299046897,0.0,0.0,0.2550174989231876,1.2122835593109833,-0.1187999814768255,-0.2086860893067931,nan,nan,nan,nan,nan,nan,nan,nan,nan,nan,nan,nan,nan,nan,nan,nan,nan,nan,nan,nan,nan,nan,nan,nan,nan,nan,nan,nan,nan,nan,nan,nan,nan,nan,nan,nan,nan,nan,nan,nan,nan,nan,nan,nan,nan,nan,nan,nan,nan,0.2049870257847242
1791062895.299933,-1.3626513472047446,0.2290863280708491,0.40043282657007095,0.022464567414505626,2.011946661402906,0.2134583710406906,0.8976858275326287,0.0,0.0,2.029809906893915,0.6830102497335762,-0.057199207635653386,0.006192645311378032,0.28543867817698554,0.0,0.0,-0.3069622747226213,-0.8832258948987428,0.005680297899286954,0.02327137538636881,nan,nan,nan,nan,nan,nan,nan,0.9118855857953846,0.0,0.0,1.4249560061605435,-0.5771156064754,-0.11533262048482891,0.11154388195559213,0.33146112382859183,0.0,0.0,-0.881262642468592,2.4199072692366337,0.022142411187716232,-0.03399267512721264,nan,nan,nan,nan,nan,nan,nan,nan,nan,nan,nan,nan,nan,nan,0.9904599494769236,0.0,0.0,0.24276890926797703,1.1919574746024524,-0.1141532942107616,-0.2024849103643253,nan,nan,nan,nan,nan,nan,nan,nan,nan,nan,nan,nan,nan,nan,nan,nan,nan,nan,nan,nan,nan,nan,nan,nan,nan,nan,nan,nan,nan,nan,nan,nan,nan,nan,nan,nan,nan,nan,nan,nan,nan,nan,nan,nan,nan,nan,nan,nan,nan,0.18699498965699668
1791062895.3998587,-1.3440366794029077,0.23607201390641716,0.402818737907698,0.0675070537553705,2.0112400654387206,0.23995941086926434,0.9921012279110025,0.0,0.0,2.0253979615661173,0.6833140905533882,-0.05461445589035317,0.003109150966497594,0.3379432836296109,0.0,0.0,-0.30649321497827947,-0.8808317473102645,0.004251490069564841,0.02350585663750306,nan,nan,nan,nan,nan,nan,nan,1.0224509180037342,0.0,0.0,1.4121784419440075,-0.5652899235954062,-0.11333695833513535,0.11217531710575682,0.13855268085118527,0.0,0.0,-0.8795320542659792,2.4169738597359336,0.01878942482584981,-0.028891921828712874,nan,nan,nan,nan,nan,nan,nan,nan,nan,nan,nan,nan,nan,nan,1.0016848529635662,0.0,0.0,0.23054535964687553,1.1717703265109907,-0.1146031399189774,-0.19919616652980005,nan,nan,nan,nan,nan,nan,nan,nan,nan,nan,nan,nan,nan,nan,nan,nan,nan,nan,nan,nan,nan,nan,nan,nan,nan,nan,nan,nan,nan,nan,nan,nan,nan,nan,nan,nan,nan,nan,nan,nan,nan,nan,nan,nan,nan,nan,nan,nan,nan,0.17698745437415705
1791062895.4993174,-1.3267016245711103,0.24336333010011924,0.4040939801587947,0.041021149822632136,2.01073323566418,0.2244891881098758,0.8780212335389628,0.0,0.0,2.0202431339894806,0.683182402406797,-0.050700485973336124,0.0033586079767010547,0.3000021353860925,0.0,0.0,-0.3060544351285817,-0.8783261662466191,0.004279478179068035,0.02534590849613419,nan,nan,nan,nan,nan,nan,nan,0.9455543079799249,0.0,0.0,1.4005337997685203,-0.5551273704982574,-0.18630932360154132,0.14289873567389155,0.7235999734004774,0.0,0.0,-0.8774170858053644,2.413537186021048,0.07986126150359779,-0.08058578052314164,nan,nan,nan,nan,nan,nan,nan,nan,nan,nan,nan,nan,nan,nan,1.0021319370360688,0.0,0.0,0.21839484552665828,1.1517348583300406,-0.1175737450860592,-0.19821511766507843,nan,nan,nan,nan,nan,nan,nan,nan,nan,nan,nan,nan,nan,nan,nan,nan,nan,nan,nan,nan,nan,nan,nan,nan,nan,nan,nan,nan,nan,nan,nan,nan,nan,nan,nan,nan,nan,nan,nan,nan,nan,nan,nan,nan,nan,nan,nan,nan,nan,0.20318032072144163
1791062895.6008973,-1.3092017928899156,0.25027855128091575,0.40493580713267935,0.09145117486044,2.0106089818149258,0.25353422581688356,1.0223563106615625,0.0,0.0,2.0129365376427844,0.6837290098711107,-0.07680982002044685,0.002335096629255885,0.31225468050776156,0.0,0.0,-0.3055965253606775,-0.8756699862360847,0.005184684103323995,0.025535838288871848,nan,nan,nan,nan,nan,nan,nan,1.0384096138472585,0.0,0.0,1.3874205143096576,-0.5429331662580466,-0.15475999354798084,0.14278284849729633,0.21584942234375595,0.0,0.0,-0.875646664300287,2.410066869156847,0.06454593377783457,-0.08730942873083072,nan,nan,nan,nan,nan,nan,nan,nan,nan,nan,nan,nan,nan,nan,1.0002913286955653,0.0,0.0,0.20626498097502927,1.1316744197896678,-0.12184379681234828,-0.1946105712722574,nan,nan,nan,nan,nan,nan,nan,nan,nan,nan,nan,nan,nan,nan,nan,nan,nan,nan,nan,nan,nan,nan,nan,nan,nan,nan,nan,nan,nan,nan,nan,nan,nan,nan,nan,nan,nan,nan,nan,nan,nan,nan,nan,nan,nan,nan,nan,nan,nan,0.19296772721223177
1791062895.700771,-1.290724140356555,0.25793586698725385,0.40529642255676707,0.14228069602752907,2.012268737285514,0.2805357643923019,0.905619454164119,0.0,0.0,2.0037358550286593,0.6839897820641495,-0.11016087666003901,0.030842179461069465,0.317892949763405,0.0,0.0,-0.3050277026444561,-0.8728316196926112,0.0060276351414666725,0.027362174949910313,nan,nan,nan,nan,nan,nan,nan,1.0315331231027036,0.0,0.0,1.3709488677821349,-0.52895545172744,-0.16466581005675607,0.11038112204489649,1.031787352063447,0.0,0.0,-0.870374486268919,2.401855098360702,0.06690231919475835,-0.09323775323408687,nan,nan,nan,nan,nan,nan,nan,nan,nan,nan,nan,nan,nan,nan,0.9947658310622929,0.0,0.0,0.19449425216576632,1.111518972391016,-0.12002497873462539,-0.19851463227306368,nan,nan,nan,nan,nan,nan,nan,nan,nan,nan,nan,nan,nan,nan,nan,nan,nan,nan,nan,nan,nan,nan,nan,nan,nan,nan,nan,nan,nan,nan,nan,nan,nan,nan,nan,nan,nan,nan,nan,nan,nan,nan,nan,nan,nan,nan,nan,nan,nan,0.19209822847006572
1791062895.8000007,-1.2724337193708182,0.2654129410986385,0.4073984226525723,0.15129031251982972,2.0152114368360174,0.28501514335726513,1.0128730388855611,0.0,0.0,1.997189988666385,0.6839374104354339,-0.05513812619188363,-0.009907422434827527,0.28560349534956275,0.0,0.0,-0.30441170471857426,-0.870191478067246,0.005806398268162369,0.02597116177615623,nan,nan,nan,nan,nan,nan,nan,1.0323893601243799,0.0,0.0,1.356252017269969,-0.5158983866243595,-0.16135945738122506,0.055586313787448965,0.43369013993734273,0.0,0.0,-0.8668902440286693,2.3952089660857863,0.042830925732449746,-0.0779111467005093,nan,nan,nan,nan,nan,nan,nan,nan,nan,nan,nan,nan,nan,nan,0.9881236882919486,0.0,0.0,0.18269112728175035,1.0915350307204192,-0.12794891047312817,-0.20634712511383807,nan,nan,nan,nan,nan,nan,nan,nan,nan,nan,nan,nan,nan,nan,nan,nan,nan,nan,nan,nan,nan,nan,nan,nan,nan,nan,nan,nan,nan,nan,nan,nan,nan,nan,nan,nan,nan,nan,nan,nan,nan,nan,nan,nan,nan,nan,nan,nan,nan,0.20603674947160808
1791062895.8992295,-1.2537098813216523,0.2727224725773116,0.40963218129307927,0.1419837370607928,2.017849017313558,0.28038642665826397,1.043753317521941,0.0,0.0,1.986815383031539,0.6844894583140324,-0.09380246724670299,0.013148753444535866,0.3350224969902653,0.0,0.0,-0.3039448756886992,-0.8676435902494578,0.0037229240940857625,0.025878113245152337,nan,nan,nan,nan,nan,nan,nan,0.9515186088066693,0.0,0.0,1.3429330748877266,-0.5043800705836897,-0.1365524809121645,0.10599009712777234,0.3144912489798722,0.0,0.0,-0.8623504544315268,2.3877390582130045,0.048074118471288556,-0.06100340987235925,nan,nan,nan,nan,nan,nan,nan,nan,nan,nan,nan,nan,nan,nan,1.0112769973296933,0.0,0.0,0.17083203530601968,1.0714282001932935,-0.1249831309853184,-0.20639338420090167,nan,nan,nan,nan,nan,nan,nan,nan,nan,nan,nan,nan,nan,nan,nan,nan,nan,nan,nan,nan,nan,nan,nan,nan,nan,nan,nan,nan,nan,nan,nan,nan,nan,nan,nan,nan,nan,nan,nan,nan,nan,nan,nan,nan,nan,nan,nan,nan,nan,0.20683475587457656
1791062895.9995553,-1.2339960582724094,0.28097523828477944,0.4105438031772301,0.09033407372787225,2.0187122767486545,0.25291143151853046,6.18901620530288e-05,0.0,0.0,1.9812431414865375,0.6844403890654289,0.14682831811962915,0.42334487094548456,0.3005248802441453,0.0,0.0,-0.3035431738337553,-0.8650890950216497,0.003577298648220965,0.023083520780365005,nan,nan,nan,nan,nan,nan,nan,0.7946247780699167,0.0,0.0,1.331809210759384,-0.4949625423311593,-0.1227537852915623,0.0948610146389244,0.1737520050391895,0.0,0.0,-0.8587373758405689,2.381316933229196,0.02534249467070421,-0.06120354058906258,nan,nan,nan,nan,nan,nan,nan,nan,nan,nan,nan,nan,nan,nan,0.9927814651459123,0.0,0.0,0.1585159643056243,1.0511330843909323,-0.12299702299032877,-0.20714982388272296,nan,nan,nan,nan,nan,nan,nan,nan,nan,nan,nan,nan,nan,nan,nan,nan,nan,nan,nan,nan,nan,nan,nan,nan,nan,nan,nan,nan,nan,nan,nan,nan,nan,nan,nan,nan,nan,nan,nan,nan,nan,nan,nan,nan,nan,nan,nan,nan,nan,0.21095433537398092
1791062896.098912,-1.2186112563629505,0.29071586462420435,0.40013090266894674,0.060774760446609864,2.018017737808871,0.23606610095997482,0.8827838877327963,0.0,0.0,1.9718589663961674,0.6847856299246087,-0.07936368742200765,-0.004411189004994142,0.2831026758566576,0.0,0.0,-0.3030432567224509,-0.8624648755085643,0.004252792990977689,0.025200657268341017,nan,nan,nan,nan,nan,nan,nan,0.9494848752109049,0.0,0.0,1.318134773629939,-0.48211231313699826,-0.11958711321778824,0.1224282476611101,0.48394280873853496,0.0,0.0,-0.8546336742301306,2.375877051550446,0.05639251098926906,-0.05548087620651175,nan,nan,nan,nan,nan,nan,nan,nan,nan,nan,nan,nan,nan,nan,0.9750013380908048,0.0,0.0,0.14615178153623107,1.0308541816800503,-0.11606314508057083,-0.20329023291302503,nan,nan,nan,nan,nan,nan,nan,nan,nan,nan,nan,nan,nan,nan,nan,nan,nan,nan,nan,nan,nan,nan,nan,nan,nan,nan,nan,nan,nan,nan,nan,nan,nan,nan,nan,nan,nan,nan,nan,nan,nan,nan,nan,nan,nan,nan,nan,nan,nan,0.2039333280023981
1791062896.2000504,-1.1990060717238955,0.29834019581083104,0.40136263930621197,0.06851744451678629,2.0171068386513022,0.24054109107768068,1.01313176938909,0.0,0.0,1.963230134687097,0.6849753630390832,-0.07992048316142947,0.005490772767833581,0.3279546831658554,0.0,0.0,-0.3025247748457952,-0.8598146292955193,0.006246995278291047,0.027068240214416478,nan,nan,nan,nan,nan,nan,nan,1.0494128347357776,0.0,0.0,1.305066905381522,-0.47090734706491083,-0.15164775628650573,0.08554216104010837,0.23372898893393454,0.0,0.0,-0.8503303309937764,2.3695175117124623,0.03689583254693101,-0.05808784623607453,nan,nan,nan,nan,nan,nan,nan,nan,nan,nan,nan,nan,nan,nan,1.0099519008832576,0.0,0.0,0.13402251897051298,1.0106151511202262,-0.11687624948153814,-0.19817250328285224,nan,nan,nan,nan,nan,nan,nan,nan,nan,nan,nan,nan,nan,nan,nan,nan,nan,nan,nan,nan,nan,nan,nan,nan,nan,nan,nan,nan,nan,nan,nan,nan,nan,nan,nan,nan,nan,nan,nan,nan,nan,nan,nan,nan,nan,nan,nan,nan,nan,0.2117764266413065
1791062896.2988548,-1.1801994941928802,0.3063200599466493,0.4026505975801269,0.06880792348554007,2.0163763413741473,0.24070818751824336,0.9143485039825142,0.0,0.0,1.9552723839153643,0.6851038990334254,-0.0902842118995688,0.0007558601628766368,0.3107088498808244,0.0,0.0,-0.30199590237477786,-0.857397794122329,0.0052990599670643965,0.0255943308666741,nan,nan,nan,nan,nan,nan,nan,1.0150290789576606,0.0,0.0,1.291408046218174,-0.4585131901299831,-0.13465869241523362,0.13344616525133757,0.22085815471210302,0.0,0.0,-0.847408137341935,2.3644536783254337,0.027196006647039687,-0.04166925028845141,nan,nan,nan,nan,nan,nan,nan,nan,nan,nan,nan,nan,nan,nan,1.0027857775926967,0.0,0.0,0.1218323392688066,0.9903778884252149,-0.12205799207816452,-0.19896423932596324,nan,nan,nan,nan,nan,nan,nan,nan,nan,nan,nan,nan,nan,nan,nan,nan,nan,nan,nan,nan,nan,nan,nan,nan,nan,nan,nan,nan,nan,nan,nan,nan,nan,nan,nan,nan,nan,nan,nan,nan,nan,nan,nan,nan,nan,nan,nan,nan,nan,0.20355065120262253
1791062896.4003403,-1.1606327370699985,0.3153605992091446,0.41151307424047934,0.045029582157671326,2.01543491838678,0.22685459148236992,0.8244993377301911,0.0,0.0,1.9460575436627314,0.6855562082048324,-0.09840647749379491,-0.012819075581823621,0.2861893197431713,0.0,0.0,-0.3015624637228307,-0.8547664438585043,0.004000237066406774,0.0271347476810779,nan,nan,nan,nan,nan,nan,nan,0.8987856030208033,0.0,0.0,1.2771921863267373,-0.4456235796686474,-0.15197869156449992,0.11745381094302546,0.24791764152125922,0.0,0.0,-0.8445746498329435,2.359762126553406,0.01969500075186808,-0.04020293814484871,nan,nan,nan,nan,nan,nan,nan,nan,nan,nan,nan,nan,nan,nan,0.9958327218534944,0.0,0.0,0.10972776671333259,0.9702138551783559,-0.12818520258330035,-0.19794710949896951,nan,nan,nan,nan,nan,nan,nan,nan,nan,nan,nan,nan,nan,nan,nan,nan,nan,nan,nan,nan,nan,nan,nan,nan,nan,nan,nan,nan,nan,nan,nan,nan,nan,nan,nan,nan,nan,nan,nan,nan,nan,nan,nan,nan,nan,nan,nan,nan,nan,0.21346571130508393
1791062896.4994605,-1.1417910784573087,0.32340656132289236,0.4095209808287618,0.007908102612732512,2.0141373110440615,0.20474397156431615,1.0219611498140722,0.0,0.0,1.935895450532033,0.6859162850205178,-0.10089490006898123,0.007290458222745358,0.27834016930250344,0.0,0.0,-0.30111257666521013,-0.8520255137083421,0.005365192678421029,0.02783301804445664,nan,nan,nan,nan,nan,nan,nan,1.0611304491076934,0.0,0.0,1.2636553627789866,-0.43337141460272494,-0.12358887864393742,0.1626827928598967,0.15602082203460596,0.0,0.0,-0.8425942587284214,2.356274141779713,0.018442027001641832,-0.032600922201905205,nan,nan,nan,nan,nan,nan,nan,nan,nan,nan,nan,nan,nan,nan,0.9858288986899864,0.0,0.0,0.09777421968294339,0.95026930186678,-0.12224649250764652,-0.196829084551117,nan,nan,nan,nan,nan,nan,nan,nan,nan,nan,nan,nan,nan,nan,nan,nan,nan,nan,nan,nan,nan,nan,nan,nan,nan,nan,nan,nan,nan,nan,nan,nan,nan,nan,nan,nan,nan,nan,nan,nan,nan,nan,nan,nan,nan,nan,nan,nan,nan,0.21497892950468248
1791062896.5984805,-1.1226019926517268,0.3318393239806319,0.4091831092588159,0.03471533031187367,2.0128943451510035,0.2207542162989234,0.974013429667448,0.0,0.0,1.9262598173635266,0.6859767566308357,-0.10618916139354821,0.009201205312516666,0.29523859011773546,0.0,0.0,-0.3006343091593988,-0.8494551720389605,0.006110412313923839,0.02936916394098344,nan,nan,nan,nan,nan,nan,nan,1.02300815811562,0.0,0.0,1.2498476071527347,-0.4205951598867334,-0.15267477290132114,0.23737033961324255,0.1749148023025092,0.0,0.0,-0.8409891536391614,2.3535751796945945,0.012324643839901263,-0.023628470427831436,nan,nan,nan,nan,nan,nan,nan,nan,nan,nan,nan,nan,nan,nan,0.9849322220042737,0.0,0.0,0.08706555953353551,0.932272507311478,-0.11628273031353868,-0.20162670166086755,nan,nan,nan,nan,nan,nan,nan,nan,nan,nan,nan,nan,nan,nan,nan,nan,nan,nan,nan,nan,nan,nan,nan,nan,nan,nan,nan,nan,nan,nan,nan,nan,nan,nan,nan,nan,nan,nan,nan,nan,nan,nan,nan,nan,nan,nan,nan,nan,nan,0.2072840778750406
1791062896.6991665,-1.1031415992666056,0.3400072897790122,0.4114479890808145,0.054853273634623397,2.0120611869945573,0.23261806269086338,0.9268523263070247,0.0,0.0,1.915041405906207,0.6862599643292935,-0.11314859615949144,0.007048280158252288,0.2918056187616044,0.0,0.0,-0.29997923628155376,-0.8462642959112606,0.006991936108333963,0.028772909314723826,nan,nan,nan,nan,nan,nan,nan,1.0020549242754277,0.0,0.0,1.2317170663493753,-0.4055527356371139,-0.17967427802578712,0.15807019733414385,0.16125659153639765,0.0,0.0,-0.8393222477281467,2.3508450440298843,0.013536637265446473,-0.02181846181671832,nan,nan,nan,nan,nan,nan,nan,nan,nan,nan,nan,nan,nan,nan,0.9889019539851205,0.0,0.0,0.0735981423567264,0.9100581440026143,-0.12187956267086553,-0.20322498224955393,nan,nan,nan,nan,nan,nan,nan,nan,nan,nan,nan,nan,nan,nan,nan,nan,nan,nan,nan,nan,nan,nan,nan,nan,nan,nan,nan,nan,nan,nan,nan,nan,nan,nan,nan,nan,nan,nan,nan,nan,nan,nan,nan,nan,nan,nan,nan,nan,nan,0.21284663430819806
1791062896.7989626,-1.0844089964252146,0.34786796617562016,0.41184652312005426,0.05534645536019641,2.011491418728945,0.23290603130761905,0.9688132646216887,0.0,0.0,1.9046914843461376,0.6865007108680967,-0.1096121677930711,-0.0019181668461146083,0.31529376077788274,0.0,0.0,-0.2995298636271869,-0.8436571366879266,0.003787088830406194,0.026150903372274378,nan,nan,nan,nan,nan,nan,nan,0.8370241055283948,0.0,0.0,1.2148393257687526,-0.3896362539747286,-0.15183547147822865,0.1999861293380884,0.13564880955902023,0.0,0.0,-0.8381450891683047,2.3488651683075092,0.015275028814633653,-0.022496121049621065,nan,nan,nan,nan,nan,nan,nan,nan,nan,nan,nan,nan,nan,nan,0.9961851208453236,0.0,0.0,0.06135686016491194,0.8898432256324718,-0.1117880133854548,-0.20230657010594183,nan,nan,nan,nan,nan,nan,nan,nan,nan,nan,nan,nan,nan,nan,nan,nan,nan,nan,nan,nan,nan,nan,nan,nan,nan,nan,nan,nan,nan,nan,nan,nan,nan,nan,nan,nan,nan,nan,nan,nan,nan,nan,nan,nan,nan,nan,nan,nan,nan,0.20659049523269546
1791062896.9003413,-1.0651706041898386,0.3561356733567599,0.4138253843141859,0.0658495280142188,2.0111025575407484,0.23900365367701767,0.873397202099605,0.0,0.0,1.8946002294236577,0.6868216577782527,-0.10511612725434538,-0.008814061078608937,0.2909061053307212,0.0,0.0,-0.29898289332021094,-0.8407995066754713,0.006097748148360557,0.028413981243423564,nan,nan,nan,nan,nan,nan,nan,0.9324046413971597,0.0,0.0,1.1978312317100475,-0.37546780507497796,-0.18248187021140913,0.12497743733680519,0.17678622604579416,0.0,0.0,-0.836900370578621,2.346762149401863,0.013546147496493844,-0.02156815218797542,nan,nan,nan,nan,nan,nan,nan,nan,nan,nan,nan,nan,nan,nan,0.983824971852762,0.0,0.0,0.04886718983783467,0.8695028726578025,-0.1191442184884041,-0.20411227605403698,nan,nan,nan,nan,nan,nan,nan,nan,nan,nan,nan,nan,nan,nan,nan,nan,nan,nan,nan,nan,nan,nan,nan,nan,nan,nan,nan,nan,nan,nan,nan,nan,nan,nan,nan,nan,nan,nan,nan,nan,nan,nan,nan,nan,nan,nan,nan,nan,nan,0.20943180514189821
1791062896.9992504,-1.0458789021764598,0.36402409036864314,0.41319002757881973,0.052911535979947265,2.0107173664478113,0.2314829428604755,0.9095045885915998,0.0,0.0,1.8825698986592265,0.6870772062524546,-0.09791729658186837,-0.005027178039432957,0.2993189315647819,0.0,0.0,-0.29845753571759837,-0.8379609836664098,0.004202309647088006,0.029076022298060836,nan,nan,nan,nan,nan,nan,nan,0.9667563041392603,0.0,0.0,1.182097792565332,-0.3608284167916114,-0.14772854264880525,0.1304983096836262,0.13962332118727266,0.0,0.0,-0.8358633974260958,2.34486198515185,0.008842360643759324,-0.015516102917277478,nan,nan,nan,nan,nan,nan,nan,nan,nan,nan,nan,nan,nan,nan,0.9937663634930681,0.0,0.0,0.036601960045338326,0.8489567972963761,-0.11852515562805438,-0.20103486395421225,nan,nan,nan,nan,nan,nan,nan,nan,nan,nan,nan,nan,nan,nan,nan,nan,nan,nan,nan,nan,nan,nan,nan,nan,nan,nan,nan,nan,nan,nan,nan,nan,nan,nan,nan,nan,nan,nan,nan,nan,nan,nan,nan,nan,nan,nan,nan,nan,nan,0.21615604361212207
1791062897.0983605,-1.0262348250129456,0.3723838727376014,0.41193002773576254,0.09638325392174552,2.010808100877092,0.25627041317298266,1.019603404360009,0.0,0.0,1.872090043598663,0.6875157595566642,-0.08570344056402804,0.016219285246301007,0.3247404478759669,0.0,0.0,-0.29789514582097865,-0.8349527407237756,0.005993087585235984,0.029555292418720368,nan,nan,nan,nan,nan,nan,nan,1.0524563828920839,0.0,0.0,1.1678504785548414,-0.3478616898498895,-0.15893579038161693,0.16514848641909985,0.10540822494777015,0.0,0.0,-0.8349489103888146,2.343232768468025,0.0039175730609213874,-0.015821443895105855,nan,nan,nan,nan,nan,nan,nan,nan,nan,nan,nan,nan,nan,nan,1.008379746101998,0.0,0.0,0.023686890146565595,0.8291905174269455,-0.12178656530702563,-0.20248535913159235,nan,nan,nan,nan,nan,nan,nan,nan,nan,nan,nan,nan,nan,nan,nan,nan,nan,nan,nan,nan,nan,nan,nan,nan,nan,nan,nan,nan,nan,nan,nan,nan,nan,nan,nan,nan,nan,nan,nan,nan,nan,nan,nan,nan,nan,nan,nan,nan,nan,0.21340463035741733
1791062897.1987755,-1.0063463682474365,0.38084514328460717,0.41234697319184627,0.08459533140686441,2.0113314631393004,0.24969484785077173,0.9716531952777696,0.0,0.0,1.8625363576274652,0.687531525088298,-0.0856301690211668,0.019711742315874078,0.30067176840746745,0.0,0.0,-0.29730268675292265,-0.8322521177199423,0.0052877464238974,0.02790836340227143,nan,nan,nan,nan,nan,nan,nan,0.8710775814414354,0.0,0.0,1.156230480968392,-0.3375986458277675,-0.16443028538372578,0.09938469059377629,0.09219891195679178,0.0,0.0,-0.8338994013689692,2.341399729812945,0.014961524505424494,-0.03149748576892136,nan,nan,nan,nan,nan,nan,nan,nan,nan,nan,nan,nan,nan,nan,1.0021248596358614,0.0,0.0,0.011551754729777717,0.8092790665295323,-0.1245595723607073,-0.1922203740436142,nan,nan,nan,nan,nan,nan,nan,nan,nan,nan,nan,nan,nan,nan,nan,nan,nan,nan,nan,nan,nan,nan,nan,nan,nan,nan,nan,nan,nan,nan,nan,nan,nan,nan,nan,nan,nan,nan,nan,nan,nan,nan,nan,nan,nan,nan,nan,nan,nan,0.21273243125831803
1791062897.3011944,-0.9866709705150826,0.3889008240698159,0.41276725393523517,0.054315003086080955,2.0111724935254647,0.23230360811773776,0.9731521312681963,0.0,0.0,1.8534284645771522,0.6873884824074019,-0.10062215396511717,0.00125408621695995,0.2967151220487921,0.0,0.0,-0.29682354397577404,-0.8294513822329934,0.005498664943137143,0.02794890925500177,nan,nan,nan,nan,nan,nan,nan,0.8667694789192522,0.0,0.0,1.1413151925081566,-0.32303637289903375,-0.13347446161509569,0.10116643841581904,0.10589100329168587,0.0,0.0,-0.8327888185019576,2.3394682376345117,0.02265942031044297,-0.04588312395979573,nan,nan,nan,nan,nan,nan,nan,nan,nan,nan,nan,nan,nan,nan,0.9933892646777062,0.0,0.0,0.0002892593026392498,0.78897036634356,-0.12752064296344545,-0.20229983395013734,nan,nan,nan,nan,nan,nan,nan,nan,nan,nan,nan,nan,nan,nan,nan,nan,nan,nan,nan,nan,nan,nan,nan,nan,nan,nan,nan,nan,nan,nan,nan,nan,nan,nan,nan,nan,nan,nan,nan,nan,nan,nan,nan,nan,nan,nan,nan,nan,nan,0.21761860094760685
1791062897.3989458,-0.9671095451626401,0.39701027666275845,0.4128396319316706,0.0366473011488611,2.0105028427714706,0.2219002141264108,0.9799948966102585,0.0,0.0,1.8435048628112367,0.6876279950749009,-0.10764548693599804,-0.0018047535068910895,0.3175293895694703,0.0,0.0,-0.2963025598426782,-0.8265236969318422,0.005339150421718485,0.031222034382223162,nan,nan,nan,nan,nan,nan,nan,0.945437574937141,0.0,0.0,1.1284596659259667,-0.311900792497913,-0.1244022029867111,0.10870210578446092,0.18690384241953678,0.0,0.0,-0.8310026654664954,2.336561015297251,0.026508666556232685,-0.04095086151640725,nan,nan,nan,nan,nan,nan,nan,nan,nan,nan,nan,nan,nan,nan,1.0042275765067332,0.0,0.0,-0.01142390619978754,0.7692730977396157,-0.12048571027296116,-0.20130068259754497,nan,nan,nan,nan,nan,nan,nan,nan,nan,nan,nan,nan,nan,nan,nan,nan,nan,nan,nan,nan,nan,nan,nan,nan,nan,nan,nan,nan,nan,nan,nan,nan,nan,nan,nan,nan,nan,nan,nan,nan,nan,nan,nan,nan,nan,nan,nan,nan,nan,0.21455624083672437
1791062897.4990106,-0.9476271083475579,0.405533282570457,0.41210864022746385,0.008654244890899542,2.009609437094262,0.20519138054674768,0.968228856200194,0.0,0.0,1.8323024862720172,0.6878978500974577,-0.10490555994731485,-0.0013002984776081044,0.3054160870884961,0.0,0.0,-0.29572156061504035,-0.8234641881234861,0.00628874178843937,0.03250624037319562,nan,nan,nan,nan,nan,nan,nan,1.0531634557007643,0.0,0.0,1.117493213348502,-0.3006041405208611,-0.08962756171920107,0.1620108895331159,0.30037348673412595,0.0,0.0,-0.8289582641221668,2.333165930140077,0.00945830709889029,-0.010948066321612153,nan,nan,nan,nan,nan,nan,nan,nan,nan,nan,nan,nan,nan,nan,0.9932647787745735,0.0,0.0,-0.023876711837293122,0.7496611114014106,-0.15919870788431809,-0.17523378753009292,nan,nan,nan,nan,nan,nan,nan,nan,nan,nan,nan,nan,nan,nan,nan,nan,nan,nan,nan,nan,nan,nan,nan,nan,nan,nan,nan,nan,nan,nan,nan,nan,nan,nan,nan,nan,nan,nan,nan,nan,nan,nan,nan,nan,nan,nan,nan,nan,nan,0.21230836381577875
1791062897.600503,-0.928460992112052,0.41386239428059224,0.4114665098161254,-0.014944750967535357,2.0087123818333055,0.19103915271198402,0.9861635303560021,0.0,0.0,1.8209900319877297,0.6881636513897801,-0.10520137130051357,7.04649308708612e-05,0.28870899633194025,0.0,0.0,-0.2950386972214535,-0.8204840583739132,0.007105664540999378,0.02670673934213906,nan,nan,nan,nan,nan,nan,nan,0.8008492697828342,0.0,0.0,1.1048496498944775,-0.28933612260533237,-0.13368752597388023,0.11487037171449335,0.1559468991878133,0.0,0.0,-0.8272561222715021,2.330130861907859,0.009629076965349518,-0.01690103334035993,nan,nan,nan,nan,nan,nan,nan,nan,nan,nan,nan,nan,nan,nan,0.986811107109436,0.0,0.0,-0.03591652348221684,0.7297587545095832,-0.11323779157752599,-0.19763859949242657,nan,nan,nan,nan,nan,nan,nan,nan,nan,nan,nan,nan,nan,nan,nan,nan,nan,nan,nan,nan,nan,nan,nan,nan,nan,nan,nan,nan,nan,nan,nan,nan,nan,nan,nan,nan,nan,nan,nan,nan,nan,nan,nan,nan,nan,nan,nan,nan,nan,0.22042405895723202
1791062897.6997027,-0.9097334070323416,0.4215829734326786,0.41015126002963476,0.031744041982020785,2.007933851199469,0.21898905495484536,1.0273580394609128,0.0,0.0,1.8102094280475292,0.6883295526201523,-0.11191773377081139,0.009319652014753658,0.3112897388060454,0.0,0.0,-0.29459942271350387,-0.8175441165627896,0.0029355670970378517,0.028570649088574256,nan,nan,nan,nan,nan,nan,nan,1.0396024611948154,0.0,0.0,1.091721291706525,-0.27700270247610104,-0.158182253090034,0.15693309716185166,0.09160164503717946,0.0,0.0,-0.8263669804687307,2.328644973391502,0.006711405494683642,-0.011934456091617422,nan,nan,nan,nan,nan,nan,nan,nan,nan,nan,nan,nan,nan,nan,0.9966407070884967,0.0,0.0,-0.0478878561580093,0.7097154899203653,-0.11573714825062409,-0.20133605820449096,nan,nan,nan,nan,nan,nan,nan,nan,nan,nan,nan,nan,nan,nan,nan,nan,nan,nan,nan,nan,nan,nan,nan,nan,nan,nan,nan,nan,nan,nan,nan,nan,nan,nan,nan,nan,nan,nan,nan,nan,nan,nan,nan,nan,nan,nan,nan,nan,nan,0.20395019122726618
1791062897.7990367,-0.8907689663529043,0.42981554377553094,0.4102355758075053,0.03587294392622616,2.0073975481788806,0.2214410547693344,0.9795941628110562,0.0,0.0,1.8003909985197084,0.6882001188121447,-0.12173027327623068,0.00557869611772374,0.29831200692232945,0.0,0.0,-0.29415685815545395,-0.8150091392041431,0.005319339967208726,0.027192496884845402,nan,nan,nan,nan,nan,nan,nan,0.97837911836882,0.0,0.0,1.078907534940379,-0.26519569938341414,-0.14684593435759477,0.10795769247808536,0.14516768056442408,0.0,0.0,-0.825365486924425,2.326859780056738,0.009434284929052461,-0.013675494001960851,nan,nan,nan,nan,nan,nan,nan,nan,nan,nan,nan,nan,nan,nan,0.9925125848470573,0.0,0.0,-0.059891983965066536,0.6894524432109,-0.12045208309723485,-0.19718160131466406,nan,nan,nan,nan,nan,nan,nan,nan,nan,nan,nan,nan,nan,nan,nan,nan,nan,nan,nan,nan,nan,nan,nan,nan,nan,nan,nan,nan,nan,nan,nan,nan,nan,nan,nan,nan,nan,nan,nan,nan,nan,nan,nan,nan,nan,nan,nan,nan,nan,0.20402564037014334
1791062897.9003282,-0.8727266295378143,0.43689005799145175,0.4111930430619662,0.11226946863524856,2.007866426705821,0.2649250200824623,1.0611257944749106,0.0,0.0,1.7879684538767464,0.6884024052584468,-0.1285257142766261,0.00877901246850391,0.3750525607098852,0.0,0.0,-0.29345984463683733,-0.8117012745943876,0.006141885644293311,0.03250290858408514,nan,nan,nan,nan,nan,nan,nan,1.0178366449160412,0.0,0.0,1.064293312962521,-0.2515872393926874,-0.11996380342358368,0.16336262141123292,0.09512176188955054,0.0,0.0,-0.8247662929838934,2.32588420573852,0.0063380062943095,-0.012300826578821583,nan,nan,nan,nan,nan,nan,nan,nan,nan,nan,nan,nan,nan,nan,0.9920803598347014,0.0,0.0,-0.07183550426460078,0.6689797369680898,-0.13220145602973027,-0.21715055231396127,nan,nan,nan,nan,nan,nan,nan,nan,nan,nan,nan,nan,nan,nan,nan,nan,nan,nan,nan,nan,nan,nan,nan,nan,nan,nan,nan,nan,nan,nan,nan,nan,nan,nan,nan,nan,nan,nan,nan,nan,nan,nan,nan,nan,nan,nan,nan,nan,nan,0.14621543799202796
1791062897.9993787,-0.8535483717638801,0.44537083690489726,0.41110800476246656,0.13466018166842958,2.0100444348058084,0.27666994193727307,0.9949310180538188,0.0,0.0,1.7763565000112056,0.6884776776750005,-0.12224511965625245,0.00024282048530544918,0.31063540354493996,0.0,0.0,-0.29283719664440866,-0.8086510326748853,0.0057463775132632795,0.031240027170259563,nan,nan,nan,nan,nan,nan,nan,1.0096418641373364,0.0,0.0,1.0511800059305385,-0.23988653356017298,-0.13133270859095936,0.11518540866134269,0.12609160403058872,0.0,0.0,-0.8237382461911862,2.324168803385462,0.007210513689851698,-0.012015598014591407,nan,nan,nan,nan,nan,nan,nan,nan,nan,nan,nan,nan,nan,nan,0.9948454460902203,0.0,0.0,-0.08370587298702732,0.6486328091794604,-0.12935188258087033,-0.20749936292636834,nan,nan,nan,nan,nan,nan,nan,nan,nan,nan,nan,nan,nan,nan,nan,nan,nan,nan,nan,nan,nan,nan,nan,nan,nan,nan,nan,nan,nan,nan,nan,nan,nan,nan,nan,nan,nan,nan,nan,nan,nan,nan,nan,nan,nan,nan,nan,nan,nan,0.19333138935090616
1791062898.0987601,-0.8384838048899066,0.45127324032438576,0.41136198917050437,0.15416394408317272,2.0130281559401233,0.2864225889999596,0.9836323356736792,0.0,0.0,1.765375409856914,0.6886092290464072,-0.1220154529532262,-0.00746957042580946,0.3155641712555862,0.0,0.0,-0.2923387565610364,-0.8060125731708836,0.0058456773235429004,0.031134035086210207,nan,nan,nan,nan,nan,nan,nan,0.9872971930837662,0.0,0.0,1.0396547340971243,-0.22924552273834503,-0.1068197718157525,0.10668112375036268,0.1227210619183733,0.0,0.0,-0.823331541105961,2.3234705720687208,0.006794948190156805,-0.011472830575035179,nan,nan,nan,nan,nan,nan,nan,nan,nan,nan,nan,nan,nan,nan,0.9870050292934681,0.0,0.0,-0.095461088055682,0.6283625189571541,-0.12305663913607634,-0.20428396788651468,nan,nan,nan,nan,nan,nan,nan,nan,nan,nan,nan,nan,nan,nan,nan,nan,nan,nan,nan,nan,nan,nan,nan,nan,nan,nan,nan,nan,nan,nan,nan,nan,nan,nan,nan,nan,nan,nan,nan,nan,nan,nan,nan,nan,nan,nan,nan,nan,nan,0.18959272323760465
1791062898.2001152,-0.8198887780233319,0.45918390055805053,0.41116692841562247,0.1473915924568997,2.0161093954794644,0.2830890976732782,0.9625769145462598,0.0,0.0,1.7525637758363175,0.6888046265264725,-0.11090551903264678,-0.0017073818464831247,0.31583073216595686,0.0,0.0,-0.29182988382380975,-0.8024380012049401,0.005459751345271871,0.034823155248831394,nan,nan,nan,nan,nan,nan,nan,0.9671862284352508,0.0,0.0,1.0268993869542222,-0.21802582680567298,-0.115262866212032,0.10980917339165092,0.11973902091001914,0.0,0.0,-0.822525775697779,2.3222395536263987,0.009016663450766424,-0.01016342277672949,nan,nan,nan,nan,nan,nan,nan,nan,nan,nan,nan,nan,nan,nan,0.9915475619195904,0.0,0.0,-0.10733947659451672,0.6079291984270239,-0.11797825141137291,-0.20947456880467288,nan,nan,nan,nan,nan,nan,nan,nan,nan,nan,nan,nan,nan,nan,nan,nan,nan,nan,nan,nan,nan,nan,nan,nan,nan,nan,nan,nan,nan,nan,nan,nan,nan,nan,nan,nan,nan,nan,nan,nan,nan,nan,nan,nan,nan,nan,nan,nan,nan,0.1991030532100638
1791062898.2970574,-0.8030452718261641,0.4660128484539976,0.4140976552133621,0.12096658298862037,2.0179705314289285,0.269553130139166,0.9279105124124536,0.0,0.0,1.7425692704242517,0.6890530392433207,-0.10239038847088994,-0.008533782200185528,0.30878701721516766,0.0,0.0,-0.29121579930927893,-0.7993909936946837,0.006237895467744262,0.03476037395879336,nan,nan,nan,nan,nan,nan,nan,0.9042124529528819,0.0,0.0,1.0174191153969314,-0.20775038062904064,-0.11502399438571992,0.0984741612145612,0.13479219947660856,0.0,0.0,-0.8217150749006495,2.320852825272036,0.010659149664233265,-0.013557299551349943,nan,nan,nan,nan,nan,nan,nan,nan,nan,nan,nan,nan,nan,nan,0.9933167113271928,0.0,0.0,-0.11795472882765835,0.5896129116742421,-0.11119151011745022,-0.19525568822664902,nan,nan,nan,nan,nan,nan,nan,nan,nan,nan,nan,nan,nan,nan,nan,nan,nan,nan,nan,nan,nan,nan,nan,nan,nan,nan,nan,nan,nan,nan,nan,nan,nan,nan,nan,nan,nan,nan,nan,nan,nan,nan,nan,nan,nan,nan,nan,nan,nan,0.2078450052551422
1791062898.4002898,-0.7820758823656094,0.4748880555873725,0.4153820815122366,0.09848056926534166,2.0185441830043325,0.257427126628388,0.9756364158300773,0.0,0.0,1.7321003829844757,0.6893975763712373,-0.08523596943520333,-0.002252204975912645,0.3115699873934283,0.0,0.0,-0.29040699456021424,-0.7956662953978061,0.004882877477380143,0.030878754650440862,nan,nan,nan,nan,nan,nan,nan,0.925530723530658,0.0,0.0,1.0047323134322146,-0.19636342180541205,-0.081786687373119,0.1060791918048812,0.0894867237502767,0.0,0.0,-0.8212118643731589,2.3199125380802976,0.0042342335249964105,-0.005666412301861858,nan,nan,nan,nan,nan,nan,nan,nan,nan,nan,nan,nan,nan,nan,0.9996419467858995,0.0,0.0,-0.13081046812075986,0.5672025672509449,-0.10979640234081955,-0.2016310158841718,nan,nan,nan,nan,nan,nan,nan,nan,nan,nan,nan,nan,nan,nan,nan,nan,nan,nan,nan,nan,nan,nan,nan,nan,nan,nan,nan,nan,nan,nan,nan,nan,nan,nan,nan,nan,nan,nan,nan,nan,nan,nan,nan,nan,nan,nan,nan,nan,nan,0.21260979896123142
1791062898.499488,-0.7625315470946155,0.4834907207133106,0.41596804969991663,0.07577311737624973,2.0182221746090123,0.2446966238934426,0.9008336465907248,0.0,0.0,1.723466502845161,0.6895057628748272,-0.08033044659422368,0.007011420573806475,0.3058515051981048,0.0,0.0,-0.2898286634148724,-0.7926122754966818,0.005011268655682034,0.030125076487896883,nan,nan,nan,nan,nan,nan,nan,0.9399749480164756,0.0,0.0,0.9926380791797478,-0.18534701340547963,-0.11344373601266333,0.11320178610903418,0.11991078403913398,0.0,0.0,-0.8204729966910216,2.3185495564820706,0.004165776459085776,-0.006660227852399708,nan,nan,nan,nan,nan,nan,nan,nan,nan,nan,nan,nan,nan,nan,0.9955346359232127,0.0,0.0,-0.14256698530355782,0.546660760635114,-0.11372254128645203,-0.19941450949931658,nan,nan,nan,nan,nan,nan,nan,nan,nan,nan,nan,nan,nan,nan,nan,nan,nan,nan,nan,nan,nan,nan,nan,nan,nan,nan,nan,nan,nan,nan,nan,nan,nan,nan,nan,nan,nan,nan,nan,nan,nan,nan,nan,nan,nan,nan,nan,nan,nan,0.21813694190638772
1791062898.6005042,-0.7429263332359957,0.49197301830687173,0.41663102510913125,0.05335894918142311,2.0172803186408776,0.23174468334514586,0.8745745631689419,0.0,0.0,1.7159555165018818,0.689479597933695,-0.07986162530566934,0.00045174118465049213,0.302509580286933,0.0,0.0,-0.2892570329902115,-0.7894714726929548,0.005495769253406063,0.031862095690055756,nan,nan,nan,nan,nan,nan,nan,0.7650577473882488,0.0,0.0,0.982067046567064,-0.17477939656308958,-0.09509167357724571,0.15283305275125011,0.13197135942965604,0.0,0.0,-0.819868093609126,2.317956506793427,0.004057186698842103,-0.00675770020122415,nan,nan,nan,nan,nan,nan,nan,nan,nan,nan,nan,nan,nan,nan,0.9897941829711058,0.0,0.0,-0.1544109945246155,0.5262328603878469,-0.12297868920359867,-0.20386904799617322,nan,nan,nan,nan,nan,nan,nan,nan,nan,nan,nan,nan,nan,nan,nan,nan,nan,nan,nan,nan,nan,nan,nan,nan,nan,nan,nan,nan,nan,nan,nan,nan,nan,nan,nan,nan,nan,nan,nan,nan,nan,nan,nan,nan,nan,nan,nan,nan,nan,0.21717448228285663
1791062898.6984856,-0.7232299874991127,0.5002768517309812,0.41708178972857457,0.05416477291923485,2.0161877228220524,0.23221581516245263,0.9693368374881417,0.0,0.0,1.7092292992803306,0.6897598632859174,-0.0664574528691227,0.005255719665750539,0.3100336220600769,0.0,0.0,-0.28866007916082165,-0.78614087638513,0.007227443973576217,0.03730170424502641,nan,nan,nan,nan,nan,nan,nan,0.9782310804737723,0.0,0.0,0.970294634323747,-0.16433977585850482,-0.1442468683193444,0.12691308816462638,0.11368061145432909,0.0,0.0,-0.8197527203983316,2.3174458941662377,-0.008649691759984968,0.017128071728351468,nan,nan,nan,nan,nan,nan,nan,nan,nan,nan,nan,nan,nan,nan,0.9974023048672043,0.0,0.0,-0.16625725716767595,0.5059282193763105,-0.12745409358068852,-0.20411672923600496,nan,nan,nan,nan,nan,nan,nan,nan,nan,nan,nan,nan,nan,nan,nan,nan,nan,nan,nan,nan,nan,nan,nan,nan,nan,nan,nan,nan,nan,nan,nan,nan,nan,nan,nan,nan,nan,nan,nan,nan,nan,nan,nan,nan,nan,nan,nan,nan,nan,0.21225344546267966
1791062898.7989223,-0.7039739031820705,0.5087587336115516,0.4190803276828752,0.059781352351120226,2.015267579480702,0.2354891305692636,0.9185475661982445,0.0,0.0,1.7012499572240198,0.6895612118515368,-0.07131182616073894,-0.0012671085649561085,0.30635487078366586,0.0,0.0,-0.2879122438403546,-0.7828293564841092,0.006421975112983024,0.03415193481557428,nan,nan,nan,nan,nan,nan,nan,0.98270319449521,0.0,0.0,0.9549406390336285,-0.1492466647755049,-0.12693348626697462,0.1588530837905891,0.13722023360390717,0.0,0.0,-0.8189620600961228,2.316022075295839,0.009855708540307827,-0.01585851023313021,nan,nan,nan,nan,nan,nan,nan,nan,nan,nan,nan,nan,nan,nan,0.9958598599506183,0.0,0.0,-0.17811996277917191,0.4859026725470318,-0.13489935691269253,-0.20296131667356035,nan,nan,nan,nan,nan,nan,nan,nan,nan,nan,nan,nan,nan,nan,nan,nan,nan,nan,nan,nan,nan,nan,nan,nan,nan,nan,nan,nan,nan,nan,nan,nan,nan,nan,nan,nan,nan,nan,nan,nan,nan,nan,nan,nan,nan,nan,nan,nan,nan,0.20742703644291674
1791062898.8988674,-0.6845581133709168,0.5171423389764401,0.42118213690205875,0.04893907997530041,2.0143752204566803,0.22915427201164015,0.8030919482646136,0.0,0.0,1.6947604514145578,0.6898295713533973,-0.06480063923958429,-0.006175204385887596,0.3048495563325676,0.0,0.0,-0.2873065648972734,-0.7793231811981889,0.006730907604564143,0.037080629652845504,nan,nan,nan,nan,nan,nan,nan,0.952535149851931,0.0,0.0,0.9404814699360199,-0.1361979881857781,-0.14340418358829765,0.12946705812815007,0.11716067410041547,0.0,0.0,-0.8182261181861178,2.314648547832202,-0.002059424522369882,0.0065747984025198766,nan,nan,nan,nan,nan,nan,nan,nan,nan,nan,nan,nan,nan,nan,0.990382724779808,0.0,0.0,-0.189594479701517,0.46588520078427675,-0.11844303328669756,-0.20238808466170335,nan,nan,nan,nan,nan,nan,nan,nan,nan,nan,nan,nan,nan,nan,nan,nan,nan,nan,nan,nan,nan,nan,nan,nan,nan,nan,nan,nan,nan,nan,nan,nan,nan,nan,nan,nan,nan,nan,nan,nan,nan,nan,nan,nan,nan,nan,nan,nan,nan,0.21417766800616334
1791062898.9992776,-0.665046409164905,0.5253840898568867,0.4211403941326282,0.0497552947282059,2.01347097678153,0.22963342248661306,0.9411113237727692,0.0,0.0,1.6880556046534425,0.689740666822085,-0.06932697553924314,0.0008880073608572657,0.3085330916235318,0.0,0.0,-0.2866757158665842,-0.775621458026196,0.007240570591334396,0.0380136034436268,nan,nan,nan,nan,nan,nan,nan,0.9492534012418558,0.0,0.0,0.925367909520661,-0.12208648992893137,-0.15307190078646932,0.13411982882658838,0.11899014506960796,0.0,0.0,-0.8174045319405205,2.3132251050658708,0.0048786839259619946,-0.009969218159674212,nan,nan,nan,nan,nan,nan,nan,nan,nan,nan,nan,nan,nan,nan,0.9947951711594684,0.0,0.0,-0.20127391557245572,0.4459605710453971,-0.10686538003254716,-0.1959799307310463,nan,nan,nan,nan,nan,nan,nan,nan,nan,nan,nan,nan,nan,nan,nan,nan,nan,nan,nan,nan,nan,nan,nan,nan,nan,nan,nan,nan,nan,nan,nan,nan,nan,nan,nan,nan,nan,nan,nan,nan,nan,nan,nan,nan,nan,nan,nan,nan,nan,0.21610927013680153
1791062899.0961094,-0.6472755445271766,0.5334228446825505,0.4212605262529085,0.036773404705629176,2.0125518959972,0.22197496593463684,0.8467291560454309,0.0,0.0,1.6826651205835288,0.6900023765694789,-0.059792587984392034,0.002107047541305497,0.306165359389813,0.0,0.0,-0.2859544680924333,-0.7720505884949053,0.008413135932402558,0.03773356517033963,nan,nan,nan,nan,nan,nan,nan,0.9974765983327607,0.0,0.0,0.9123154013296373,-0.10958229280328143,-0.129893023527977,0.1518872582797739,0.19507326328881067,0.0,0.0,-0.8167959665342551,2.3121914858448913,0.017818370819829406,-0.03341462989950314,nan,nan,nan,nan,nan,nan,nan,nan,nan,nan,nan,nan,nan,nan,0.9919210144581734,0.0,0.0,-0.21218401256700056,0.4280424635284207,-0.12051966126661975,-0.192802662995316,nan,nan,nan,nan,nan,nan,nan,nan,nan,nan,nan,nan,nan,nan,nan,nan,nan,nan,nan,nan,nan,nan,nan,nan,nan,nan,nan,nan,nan,nan,nan,nan,nan,nan,nan,nan,nan,nan,nan,nan,nan,nan,nan,nan,nan,nan,nan,nan,nan,0.2129169993367776
1791062899.1999786,-0.6260406658310397,0.5423369676004923,0.42517930231527384,0.03531574282282134,2.0116043994720774,0.22111051751892133,0.8560081123493326,0.0,0.0,1.6756877646469062,0.6899223252985835,-0.06572537036002374,0.0012554826023318377,0.3064408344212504,0.0,0.0,-0.28518920343821375,-0.7681035637967054,0.004388948343463854,0.03794584965793187,nan,nan,nan,nan,nan,nan,nan,0.9675838240081106,0.0,0.0,0.8960441001123615,-0.09504117478634252,-0.1419304529200182,0.13735742161813844,0.14754696537071338,0.0,0.0,-0.8164585097231793,2.3111626700734793,0.006936489504533792,-0.01358640272264352,nan,nan,nan,nan,nan,nan,nan,nan,nan,nan,nan,nan,nan,nan,0.9926041219510886,0.0,0.0,-0.2254981714571473,0.4060097055517794,-0.12443490891558853,-0.20407553657584768,nan,nan,nan,nan,nan,nan,nan,nan,nan,nan,nan,nan,nan,nan,nan,nan,nan,nan,nan,nan,nan,nan,nan,nan,nan,nan,nan,nan,nan,nan,nan,nan,nan,nan,nan,nan,nan,nan,nan,nan,nan,nan,nan,nan,nan,nan,nan,nan,nan,0.20992847588701247
1791062899.299945,-0.6074408881128769,0.5501757980180073,0.4279446479452786,0.02058239560265876,2.0106496006379313,0.2123337662988663,0.9018601854213224,0.0,0.0,1.6699076828994306,0.6901492129477966,-0.060625755935533446,-0.002256132764660722,0.30683287057868114,0.0,0.0,-0.28449993119983663,-0.7641099657236341,0.00695751917323625,0.0407738814048008,nan,nan,nan,nan,nan,nan,nan,1.0602939542011836,0.0,0.0,0.8832304444705686,-0.08149709899254708,-0.07637396053164668,0.18340959907661677,0.19776042799746682,0.0,0.0,-0.8149873406662415,2.309167146934302,0.027791057627438498,-0.03975301236629903,nan,nan,nan,nan,nan,nan,nan,nan,nan,nan,nan,nan,nan,nan,0.9936343762228671,0.0,0.0,-0.23797300929185491,0.3859162798602388,-0.13319128489481682,-0.2018833366375506,nan,nan,nan,nan,nan,nan,nan,nan,nan,nan,nan,nan,nan,nan,nan,nan,nan,nan,nan,nan,nan,nan,nan,nan,nan,nan,nan,nan,nan,nan,nan,nan,nan,nan,nan,nan,nan,nan,nan,nan,nan,nan,nan,nan,nan,nan,nan,nan,nan,0.20254871875150368
1791062899.4004874,-0.5889720234415794,0.5586356618318162,0.42878132272896174,0.027636869053158285,2.0097598074419394,0.21654422951816762,0.8197728709506779,0.0,0.0,1.6639157696539717,0.689957556263635,-0.057429941296432634,-0.0043585847700703725,0.30646401598481565,0.0,0.0,-0.28374594496381084,-0.7600094298467847,0.008533962496705738,0.041648363171288595,nan,nan,nan,nan,nan,nan,nan,0.9856467134463394,0.0,0.0,0.8685180468894989,-0.06816525815808688,-0.14298804792571385,0.14119602773327378,0.1881129292204817,0.0,0.0,-0.8139229501457937,2.3074753074758756,0.018829885743577614,-0.0314240204487988,nan,nan,nan,nan,nan,nan,nan,nan,nan,nan,nan,nan,nan,nan,0.9926377218568554,0.0,0.0,-0.250461407295683,0.3657738617577679,-0.13457718609237726,-0.19299322042174344,nan,nan,nan,nan,nan,nan,nan,nan,nan,nan,nan,nan,nan,nan,nan,nan,nan,nan,nan,nan,nan,nan,nan,nan,nan,nan,nan,nan,nan,nan,nan,nan,nan,nan,nan,nan,nan,nan,nan,nan,nan,nan,nan,nan,nan,nan,nan,nan,nan,0.19830716953600264
1791062899.4979246,-0.5707461942437886,0.5665613377990075,0.4292131682274983,0.040262970943294465,2.0090556652249916,0.2240409771543424,0.8990096081683745,0.0,0.0,1.6588707457192338,0.690174379825758,-0.05240722745571927,0.002913075169609004,0.3062077560432468,0.0,0.0,-0.28310440165472744,-0.7565945262664663,0.0063660440828373355,0.03805396657772217,nan,nan,nan,nan,nan,nan,nan,0.9877888752018011,0.0,0.0,0.8544394342415274,-0.054850103131830974,-0.1423292121591488,0.13457613391981685,0.17135527413181384,0.0,0.0,-0.8119888265639099,2.3041950434625975,0.019958392774385183,-0.03115205959468856,nan,nan,nan,nan,nan,nan,nan,nan,nan,nan,nan,nan,nan,nan,0.9925134808781175,0.0,0.0,-0.2614792963743243,0.3473714580670623,-0.11980043803559638,-0.20195043376121266,nan,nan,nan,nan,nan,nan,nan,nan,nan,nan,nan,nan,nan,nan,nan,nan,nan,nan,nan,nan,nan,nan,nan,nan,nan,nan,nan,nan,nan,nan,nan,nan,nan,nan,nan,nan,nan,nan,nan,nan,nan,nan,nan,nan,nan,nan,nan,nan,nan,0.20311810650292558
1791062899.5988667,-0.5529768204124519,0.5747168578289789,0.4293021023279246,0.06637446985525274,2.008755405338897,0.23930654671457516,0.8568969774969448,0.0,0.0,1.6530117985262371,0.689986152947459,-0.055973094912465556,-0.0013611656335255605,0.3071285132770762,0.0,0.0,-0.28232104064110686,-0.7519101661937618,0.009319303800235951,0.04300018720400842,nan,nan,nan,nan,nan,nan,nan,0.9961110217764029,0.0,0.0,0.8403056048495451,-0.0411328445007359,-0.14213144187774857,0.14520644450968526,0.12557882365076672,0.0,0.0,-0.8101613710085176,2.30104529189902,-0.012149105474945975,-0.004084749438831576,nan,nan,nan,nan,nan,nan,nan,nan,nan,nan,nan,nan,nan,nan,0.9925532689220032,0.0,0.0,-0.2752792624046116,0.325254223051047,-0.12370703341432578,-0.19850851319410356,nan,nan,nan,nan,nan,nan,nan,nan,nan,nan,nan,nan,nan,nan,nan,nan,nan,nan,nan,nan,nan,nan,nan,nan,nan,nan,nan,nan,nan,nan,nan,nan,nan,nan,nan,nan,nan,nan,nan,nan,nan,nan,nan,nan,nan,nan,nan,nan,nan,0.20004858653706592
1791062899.69901,-0.5347084023577071,0.5828139063525555,0.4305743760245096,0.09865824831141963,2.0092515675054625,0.2575249296287136,0.8302664995309929,0.0,0.0,1.6476223635523672,0.6901390500075455,-0.05063758758414944,0.005967070088049434,0.30938678130576724,0.0,0.0,-0.2815155084596635,-0.7474245378503215,0.010655886132694038,0.04439072278173668,nan,nan,nan,nan,nan,nan,nan,0.9508919294847633,0.0,0.0,0.8264772237295753,-0.02821482025963373,-0.1386427849222906,0.12349392418174177,0.1736908227875364,0.0,0.0,-0.8087570554369928,2.298662521380343,0.010672025458697748,-0.020540124577804183,nan,nan,nan,nan,nan,nan,nan,nan,nan,nan,nan,nan,nan,nan,0.9925532689220032,0.0,0.0,-0.28781863135291424,0.3048067796263919,-0.11934934796559268,-0.2002513065122934,nan,nan,nan,nan,nan,nan,nan,nan,nan,nan,nan,nan,nan,nan,nan,nan,nan,nan,nan,nan,nan,nan,nan,nan,nan,nan,nan,nan,nan,nan,nan,nan,nan,nan,nan,nan,nan,nan,nan,nan,nan,nan,nan,nan,nan,nan,nan,nan,nan,0.2003690778787719
1791062899.7993577,-0.5165288198775897,0.5908627554041777,0.4331134307089223,0.12717086991398124,2.0108309902840396,0.27280407241247,0.8403966905759651,0.0,0.0,1.642734069805913,0.6902442766187686,-0.045826331531277874,-0.0025094785201163054,0.30674999007362197,0.0,0.0,-0.28077723474603133,-0.7433529443759643,0.005328052344724683,0.042561980341215146,nan,nan,nan,nan,nan,nan,nan,0.9650523985080665,0.0,0.0,0.8130420244718547,-0.015136915006785899,-0.13260972005589397,0.12230222054492101,0.11255685508953524,0.0,0.0,-0.8090966120622641,2.2980068570877705,0.04837126933118731,-0.03907996997283406,nan,nan,nan,nan,nan,nan,nan,nan,nan,nan,nan,nan,nan,nan,0.9925532689220032,0.0,0.0,-0.30029482619071357,0.28502941417836086,-0.11411162861872179,-0.19431963252469392,nan,nan,nan,nan,nan,nan,nan,nan,nan,nan,nan,nan,nan,nan,nan,nan,nan,nan,nan,nan,nan,nan,nan,nan,nan,nan,nan,nan,nan,nan,nan,nan,nan,nan,nan,nan,nan,nan,nan,nan,nan,nan,nan,nan,nan,nan,nan,nan,nan,0.20087238351588657
1791062899.8997252,-0.49777716906703295,0.5993834511811194,0.4326694586341023,0.14645188224808894,2.013353852951097,0.28262203931289037,0.7923962953972578,0.0,0.0,1.6378039574103862,0.6900603372208922,-0.05029209676944688,-0.0019213074523783153,0.3104913842828649,0.0,0.0,-0.2800315970579973,-0.7388291359234328,0.007925865503540352,0.04876022848164477,nan,nan,nan,nan,nan,nan,nan,0.9366055007706493,0.0,0.0,0.8001903765364665,-0.0029188413158750897,-0.13341280751560874,0.12231674467507893,0.2311548656695063,0.0,0.0,-0.8055775610211904,2.2934754022039634,0.028991518734013514,-0.04868375833897529,nan,nan,nan,nan,nan,nan,nan,nan,nan,nan,nan,nan,nan,nan,0.9925532689220032,0.0,0.0,-0.31277264248356823,0.2652511897375199,-0.1270596107153177,-0.21108411961765272,nan,nan,nan,nan,nan,nan,nan,nan,nan,nan,nan,nan,nan,nan,nan,nan,nan,nan,nan,nan,nan,nan,nan,nan,nan,nan,nan,nan,nan,nan,nan,nan,nan,nan,nan,nan,nan,nan,nan,nan,nan,nan,nan,nan,nan,nan,nan,nan,nan,0.2104292118273581
1791062899.9991314,-0.4781583372904434,0.6079887034537291,0.4342023556356729,0.16026692879024404,2.0165755995919756,0.2893769408219761,0.8207544101943116,0.0,0.0,1.6338763204204945,0.690370346603663,-0.04255444493156858,0.0020466865104421432,0.3103917002834058,0.0,0.0,-0.2792674137583877,-0.7346858046375165,0.010229998928628983,0.04642329118407708,nan,nan,nan,nan,nan,nan,nan,0.959824347215184,0.0,0.0,0.7873836943568387,0.009388235977718306,-0.13193683640774176,0.13734859618102502,0.1756474208051746,0.0,0.0,-0.8031703875691272,2.2893100973208096,0.01689749952055008,-0.029580054570807486,nan,nan,nan,nan,nan,nan,nan,nan,nan,nan,nan,nan,nan,nan,0.9925532689220032,0.0,0.0,-0.32474666353751036,0.2458420646784548,-0.12828091719968623,-0.1973373895824719,nan,nan,nan,nan,nan,nan,nan,nan,nan,nan,nan,nan,nan,nan,nan,nan,nan,nan,nan,nan,nan,nan,nan,nan,nan,nan,nan,nan,nan,nan,nan,nan,nan,nan,nan,nan,nan,nan,nan,nan,nan,nan,nan,nan,nan,nan,nan,nan,nan,0.22631293554728468
1791062900.099673,-0.457897178398857,0.6170298800408974,0.43401678636819724,0.1756140978683142,2.020369025386448,0.296592725247174,0.8776400713114066,0.0,0.0,1.628832262358333,0.6902751890750254,-0.04459888596537215,-0.0013316247317878892,0.3050067473667987,0.0,0.0,-0.2784075745007159,-0.7298007709009038,0.005858379762164655,0.044975329424291624,nan,nan,nan,nan,nan,nan,nan,0.9462232516543073,0.0,0.0,0.7738610037423251,0.021831638347249445,-0.13594056301432245,0.11755658978528172,0.1534042655948194,0.0,0.0,-0.8009545900060382,2.2854059895308114,0.013846326235608221,-0.026064521711450284,nan,nan,nan,nan,nan,nan,nan,nan,nan,nan,nan,nan,nan,nan,0.9925532689220032,0.0,0.0,-0.3370919108132015,0.2258039262247333,-0.12634695151657022,-0.18540704482901954,nan,nan,nan,nan,nan,nan,nan,nan,nan,nan,nan,nan,nan,nan,nan,nan,nan,nan,nan,nan,nan,nan,nan,nan,nan,nan,nan,nan,nan,nan,nan,nan,nan,nan,nan,nan,nan,nan,nan,nan,nan,nan,nan,nan,nan,nan,nan,nan,nan,0.22441410949297322
1791062900.1979468,-0.4390914465299737,0.6256507651093406,0.4352439366163762,0.18823812739483145,2.0247143529634974,0.30229338567069264,0.8516139645609652,0.0,0.0,1.624862524399239,0.6903920683514018,-0.043695365632314534,0.0012213016171783398,0.3058661274230046,0.0,0.0,-0.2775592753541978,-0.7250232846230014,0.008971048318394017,0.05108766088064025,nan,nan,nan,nan,nan,nan,nan,0.9510440569627163,0.0,0.0,0.7599192626347381,0.03484935505989046,-0.13718750678371067,0.1352147535765425,0.15908176696646845,0.0,0.0,-0.7991424100895267,2.2824259801617037,0.015668848348155323,-0.025898363678983093,nan,nan,nan,nan,nan,nan,nan,nan,nan,nan,nan,nan,nan,nan,0.9925532689220032,0.0,0.0,-0.3494871601208602,0.20557371811944863,-0.13617065534102019,-0.1959910613932402,nan,nan,nan,nan,nan,nan,nan,nan,nan,nan,nan,nan,nan,nan,nan,nan,nan,nan,nan,nan,nan,nan,nan,nan,nan,nan,nan,nan,nan,nan,nan,nan,nan,nan,nan,nan,nan,nan,nan,nan,nan,nan,nan,nan,nan,nan,nan,nan,nan,0.22825609645033695
1791062900.2984033,-0.41617087694096644,0.6358924249160671,0.4364018641490653,0.20352181036294686,2.0296872612594368,0.3089049995732389,0.8656785593790629,0.0,0.0,1.6201061781828392,0.6904619661075433,-0.044729028037932585,-0.0007392437699488341,0.3071485860334127,0.0,0.0,-0.2769653897753056,-0.7202848423801809,0.009829562936878544,0.04368378569080025,nan,nan,nan,nan,nan,nan,nan,0.9612832911179368,0.0,0.0,0.7465553852184851,0.04656095084239427,-0.172017961069341,0.1631247676294075,0.16756708757455202,0.0,0.0,-0.7979743535933572,2.2803176178516664,0.12460071445939784,-0.1180853180314795,nan,nan,nan,nan,nan,nan,nan,nan,nan,nan,nan,nan,nan,nan,0.9925532689220032,0.0,0.0,-0.3613935265107134,0.18579954442599206,-0.11697361489252156,-0.2055096359742346,nan,nan,nan,nan,nan,nan,nan,nan,nan,nan,nan,nan,nan,nan,nan,nan,nan,nan,nan,nan,nan,nan,nan,nan,nan,nan,nan,nan,nan,nan,nan,nan,nan,nan,nan,nan,nan,nan,nan,nan,nan,nan,nan,nan,nan,nan,nan,nan,nan,0.22603345705458713
1791062900.4053226,-0.3953309445519257,0.6454621340502158,0.43627386348013647,0.2174360788140004,2.035310659016993,0.3146443610508152,0.7932366820403688,0.0,0.0,1.6157926816368464,0.6905769319331211,-0.040470324313625516,0.01175190083305495,0.3183672862170537,0.0,0.0,-0.27614787238362704,-0.7156381114127979,0.007656636211797365,0.04432315027893853,nan,nan,nan,nan,nan,nan,nan,0.9657109275564627,0.0,0.0,0.7323593287494362,0.060980303265724234,-0.14752906993653697,0.1793233947481685,0.17290547270138365,0.0,0.0,-0.7967596153604263,2.2782847705074776,0.030357631830135644,-0.046756757782053016,nan,nan,nan,nan,nan,nan,nan,nan,nan,nan,nan,nan,nan,nan,0.9925532689220032,0.0,0.0,-0.3737630490024251,0.16570318231639602,-0.1181543823309819,-0.2041897240816657,nan,nan,nan,nan,nan,nan,nan,nan,nan,nan,nan,nan,nan,nan,nan,nan,nan,nan,nan,nan,nan,nan,nan,nan,nan,nan,nan,nan,nan,nan,nan,nan,nan,nan,nan,nan,nan,nan,nan,nan,nan,nan,nan,nan,nan,nan,nan,nan,nan,0.23817854206247924
1791062900.5012333,-0.37432737549077316,0.6550869890801672,0.43555510038692125,0.2318382511723374,2.0415776480482104,0.3203026188896916,0.8426781069159747,0.0,0.0,1.611307622734044,0.6903014504320557,-0.04349016429251158,0.001812494955702079,0.3127943087657502,0.0,0.0,-0.27538681504773915,-0.7108376509693786,0.005666085336487294,0.046558404607624546,nan,nan,nan,nan,nan,nan,nan,0.98073160433927,0.0,0.0,0.7176958474190378,0.07604939170351105,-0.0590321070907888,0.1498958366728817,0.21040892074332296,0.0,0.0,-0.7909885211820632,2.2687047336693063,0.010578524282700917,-0.048707919585793576,nan,nan,nan,nan,nan,nan,nan,nan,nan,nan,nan,nan,nan,nan,0.9925532689220032,0.0,0.0,-0.38586490276682467,0.14595199744385615,-0.10732951121840878,-0.1912573463677898,nan,nan,nan,nan,nan,nan,nan,nan,nan,nan,nan,nan,nan,nan,nan,nan,nan,nan,nan,nan,nan,nan,nan,nan,nan,nan,nan,nan,nan,nan,nan,nan,nan,nan,nan,nan,nan,nan,nan,nan,nan,nan,nan,nan,nan,nan,nan,nan,nan,0.23399681353266633
1791062900.597157,-0.35519074685432633,0.6635064467385456,0.4358196051465874,0.24387598556573079,2.048400723840574,0.3248120612826812,0.8284384548472624,0.0,0.0,1.6078032037887668,0.69060665407955,-0.04472925701327996,-0.011010444126609936,0.3064501170591728,0.0,0.0,-0.27449585793835435,-0.7068508831026515,0.007327246442203078,0.0418034733616381,nan,nan,nan,nan,nan,nan,nan,0.9865188076228099,0.0,0.0,0.7021389915580589,0.09057120174334868,-0.14892735131405505,0.15142136606356774,0.1706696183644545,0.0,0.0,-0.7892531544610463,2.2659351540757746,0.020586127545261367,-0.03671651672402427,nan,nan,nan,nan,nan,nan,nan,nan,nan,nan,nan,nan,nan,nan,0.9925532689220032,0.0,0.0,-0.39671244631911284,0.12850752435880453,-0.12648066265924301,-0.18550047205751904,nan,nan,nan,nan,nan,nan,nan,nan,nan,nan,nan,nan,nan,nan,nan,nan,nan,nan,nan,nan,nan,nan,nan,nan,nan,nan,nan,nan,nan,nan,nan,nan,nan,nan,nan,nan,nan,nan,nan,nan,nan,nan,nan,nan,nan,nan,nan,nan,nan,0.23191943319996297
1791062900.69919,-0.33183224804188866,0.6743070894643938,0.4352960824843418,0.2552680626032108,2.0556685827674497,0.32889660675869187,0.84499488416114,0.0,0.0,1.6034345809718045,0.6904842472539442,-0.040230184840426154,-0.0018194069545007198,0.30464283084780663,0.0,0.0,-0.2737078035648983,-0.7017991231224424,0.00793698236774855,0.047625911760693404,nan,nan,nan,nan,nan,nan,nan,0.9606802471358632,0.0,0.0,0.6859673964070845,0.1058886631531803,-0.17072782871768938,0.161177779057735,0.16779105505636685,0.0,0.0,-0.7865536585062725,2.261386550346439,0.03562196816635302,-0.0424242910991806,nan,nan,nan,nan,nan,nan,nan,nan,nan,nan,nan,nan,nan,nan,0.9925532689220032,0.0,0.0,-0.4093766246089064,0.10804540761864415,-0.13738880455531763,-0.18109302160454396,nan,nan,nan,nan,nan,nan,nan,nan,nan,nan,nan,nan,nan,nan,nan,nan,nan,nan,nan,nan,nan,nan,nan,nan,nan,nan,nan,nan,nan,nan,nan,nan,nan,nan,nan,nan,nan,nan,nan,nan,nan,nan,nan,nan,nan,nan,nan,nan,nan,0.23294466653554272
1791062900.7984405,-0.31043742985970707,0.6840023427661058,0.4350620879781709,0.26880227207436197,2.0634634926332347,0.3335206623659905,0.8716404563481718,0.0,0.0,1.5998261778700182,0.690373837211764,-0.04056078949095038,-0.0008497890774264305,0.3018636379551532,0.0,0.0,-0.272776776893781,-0.697023126606513,0.011925396977515828,0.0457314815655746,nan,nan,nan,nan,nan,nan,nan,0.9888857175404135,0.0,0.0,0.6698030906408851,0.12133833210935974,-0.16712902368994736,0.15740454769075812,0.16630757597284754,0.0,0.0,-0.784202319996902,2.2573311238446676,0.020341102041421328,-0.03315821682946985,nan,nan,nan,nan,nan,nan,nan,nan,nan,nan,nan,nan,nan,nan,0.9925532689220032,0.0,0.0,-0.4203623090140772,0.08972300583673994,-0.11024265931345792,-0.18483618539048052,nan,nan,nan,nan,nan,nan,nan,nan,nan,nan,nan,nan,nan,nan,nan,nan,nan,nan,nan,nan,nan,nan,nan,nan,nan,nan,nan,nan,nan,nan,nan,nan,nan,nan,nan,nan,nan,nan,nan,nan,nan,nan,nan,nan,nan,nan,nan,nan,nan,0.23492273509835576
1791062900.897826,-0.2910954004553343,0.6930108930103864,0.43446196319122926,0.28246289233825,2.07180352123558,0.3379405582935479,0.8254676476694055,0.0,0.0,1.5958488945940243,0.6907595213193003,-0.03467041328258544,0.003773432101806513,0.31172420177004306,0.0,0.0,-0.27197661312660215,-0.6928665722563475,0.0071055762189668956,0.04773294924361462,nan,nan,nan,nan,nan,nan,nan,0.970090321922688,0.0,0.0,0.6525394576025392,0.13810030614770852,-0.17291124454974016,0.15925244589555906,0.18669334986581868,0.0,0.0,-0.7824251647202649,2.253824857741394,0.0028598519561791012,-0.0371782813158569,nan,nan,nan,nan,nan,nan,nan,nan,nan,nan,nan,nan,nan,nan,0.9925532689220032,0.0,0.0,-0.4317201112715207,0.07137681141398326,-0.10426132398907967,-0.1850689084651161,nan,nan,nan,nan,nan,nan,nan,nan,nan,nan,nan,nan,nan,nan,nan,nan,nan,nan,nan,nan,nan,nan,nan,nan,nan,nan,nan,nan,nan,nan,nan,nan,nan,nan,nan,nan,nan,nan,nan,nan,nan,nan,nan,nan,nan,nan,nan,nan,nan,0.23406757153930818
1791062900.9979832,-0.26746221628319733,0.7035949591862094,0.4333610453380243,0.29538582450998085,2.080883200446127,0.3418981284650082,0.8735943657533768,0.0,0.0,1.5924683603347747,0.6909028985115805,-0.03190864910971646,0.01162593259019637,0.2997763380493145,0.0,0.0,-0.27102427517468847,-0.6873718143243629,0.011145764033749311,0.05530796643215826,nan,nan,nan,nan,nan,nan,nan,0.9779584974192914,0.0,0.0,0.6349950016755161,0.1546909347935129,-0.1854770634620664,0.1570514043345137,0.16828447626344128,0.0,0.0,-0.7805763946004861,2.2511140449724443,0.01670180441590379,-0.028226700281990095,nan,nan,nan,nan,nan,nan,nan,nan,nan,nan,nan,nan,nan,nan,0.9925532689220032,0.0,0.0,-0.4428291638229076,0.05360482594670547,-0.1213684020614877,-0.17589777102450774,nan,nan,nan,nan,nan,nan,nan,nan,nan,nan,nan,nan,nan,nan,nan,nan,nan,nan,nan,nan,nan,nan,nan,nan,nan,nan,nan,nan,nan,nan,nan,nan,nan,nan,nan,nan,nan,nan,nan,nan,nan,nan,nan,nan,nan,nan,nan,nan,nan,0.23674911346022545
1791062901.0969179,-0.24590286976146902,0.7132756475223231,0.43323747333575585,0.30355443562290946,2.0902345152150645,0.3442900936139557,0.8145438757406852,0.0,0.0,1.5889093257287108,0.6905541537380564,-0.03502873253856349,-0.0009818216910880838,0.30917594375892027,0.0,0.0,-0.2698281854031284,-0.6822764779396555,0.010611659389016322,0.050212382421702687,nan,nan,nan,nan,nan,nan,nan,0.9852933609185929,0.0,0.0,0.6172811995410069,0.17135368213438096,-0.16970800491897975,0.16684089475531055,0.1702361893864819,0.0,0.0,-0.779149849584598,2.2479184501762743,-0.0012067201745821479,-0.025916046179565333,nan,nan,nan,nan,nan,nan,nan,nan,nan,nan,nan,nan,nan,nan,0.9925532689220032,0.0,0.0,-0.45369852527957083,0.03559186332295889,-0.10829182842174728,-0.181217671277064,nan,nan,nan,nan,nan,nan,nan,nan,nan,nan,nan,nan,nan,nan,nan,nan,nan,nan,nan,nan,nan,nan,nan,nan,nan,nan,nan,nan,nan,nan,nan,nan,nan,nan,nan,nan,nan,nan,nan,nan,nan,nan,nan,nan,nan,nan,nan,nan,nan,0.24007555915854545
1791062901.197854,-0.22450420221314799,0.7229602833338703,0.43294728768681967,0.30938899075110843,2.099534290893592,0.3459476267602917,0.7875906443956354,0.0,0.0,1.5854482398203729,0.6906441501020655,-0.0335115923464195,0.0002152999098459364,0.31263392928142725,0.0,0.0,-0.2689476805432387,-0.6769075565812823,0.00967484772633528,0.053733175044265294,nan,nan,nan,nan,nan,nan,nan,0.9733757313137807,0.0,0.0,0.6000291537660497,0.18779115339257127,-0.16109573131703753,0.1563905321141271,0.17037750614902755,0.0,0.0,-0.7776571927919462,2.245535130759985,-0.006107250991689333,-0.021335377286347393,nan,nan,nan,nan,nan,nan,nan,nan,nan,nan,nan,nan,nan,nan,0.9925532689220032,0.0,0.0,-0.465228709108636,0.017336792488845416,-0.1183936091751539,-0.20067067497940083,nan,nan,nan,nan,nan,nan,nan,nan,nan,nan,nan,nan,nan,nan,nan,nan,nan,nan,nan,nan,nan,nan,nan,nan,nan,nan,nan,nan,nan,nan,nan,nan,nan,nan,nan,nan,nan,nan,nan,nan,nan,nan,nan,nan,nan,nan,nan,nan,nan,0.23683250049544813
1791062901.2983644,-0.20310071870965116,0.7326090456255534,0.432452498442451,0.33527410025106147,2.1098980282131485,0.3528057101413068,0.8188906045773511,0.0,0.0,1.5820350172119875,0.6907761604531047,-0.03420386369262244,0.0007985699555491206,0.3046553247575764,0.0,0.0,-0.2680195135541099,-0.6718614568545627,0.012325096744765396,0.05431814150958227,nan,nan,nan,nan,nan,nan,nan,1.031758068047918,0.0,0.0,0.5836076173254211,0.203787397108265,-0.2704609724987066,0.2639570807436072,0.1642573330306975,0.0,0.0,-0.7762641206781065,2.2435580502823553,0.027499821746419125,-0.017987207224838066,nan,nan,nan,nan,nan,nan,nan,nan,nan,nan,nan,nan,nan,nan,0.9925532689220032,0.0,0.0,-0.47506540350926413,0.0015246021145582662,-0.11958236981116852,-0.17544944787070055,nan,nan,nan,nan,nan,nan,nan,nan,nan,nan,nan,nan,nan,nan,nan,nan,nan,nan,nan,nan,nan,nan,nan,nan,nan,nan,nan,nan,nan,nan,nan,nan,nan,nan,nan,nan,nan,nan,nan,nan,nan,nan,nan,nan,nan,nan,nan,nan,nan,0.2305929469407569
1791062901.3987138,-0.1820529351536647,0.742251040728371,0.4325301885081206,0.3423319579144906,2.1212840760540272,0.35454013664810485,0.8305574546660507,0.0,0.0,1.5792482569011088,0.6906714654944255,-0.03292426355558265,-0.002222135256289385,0.2977814049855156,0.0,0.0,-0.2670461640223462,-0.6667566300250898,0.007495963641189011,0.052197578911489254,nan,nan,nan,nan,nan,nan,nan,0.9922078735423885,0.0,0.0,0.5660691497833398,0.2211405400075714,-0.1802629618901534,0.1680539781976912,0.16518927180831267,0.0,0.0,-0.7746168891241338,2.2410532426567915,0.01765156991303111,-0.02912104021791216,nan,nan,nan,nan,nan,nan,nan,nan,nan,nan,nan,nan,nan,nan,0.9925532689220032,0.0,0.0,-0.48782276961111715,-0.019167497451760933,-0.11469184667153083,-0.18384084242102522,nan,nan,nan,nan,nan,nan,nan,nan,nan,nan,nan,nan,nan,nan,nan,nan,nan,nan,nan,nan,nan,nan,nan,nan,nan,nan,nan,nan,nan,nan,nan,nan,nan,nan,nan,nan,nan,nan,nan,nan,nan,nan,nan,nan,nan,nan,nan,nan,nan,0.2329994104146772
1791062901.4981015,-0.16031267221052906,0.7520334265381664,0.42935919833804503,0.34863344352374537,2.1324490005615058,0.35604147539165476,0.8541982221298274,0.0,0.0,1.5757413369184947,0.6905755049695178,-0.03727853031158153,0.0004859171423702449,0.2895799338323346,0.0,0.0,-0.2658754865237127,-0.6604515796339054,0.011353658647390397,0.057910322828011854,nan,nan,nan,nan,nan,nan,nan,0.9917930807874729,0.0,0.0,0.5506110393929411,0.23596756293883805,-0.19034054012225304,0.17251170337310515,0.16881988440201537,0.0,0.0,-0.7735906165082819,2.238844212236021,0.03374664572808914,-0.026286867065036155,nan,nan,nan,nan,nan,nan,nan,nan,nan,nan,nan,nan,nan,nan,0.9925532689220032,0.0,0.0,-0.4980393014210266,-0.035307789667013804,-0.11120289344808995,-0.18550218891972034,nan,nan,nan,nan,nan,nan,nan,nan,nan,nan,nan,nan,nan,nan,nan,nan,nan,nan,nan,nan,nan,nan,nan,nan,nan,nan,nan,nan,nan,nan,nan,nan,nan,nan,nan,nan,nan,nan,nan,nan,nan,nan,nan,nan,nan,nan,nan,nan,nan,0.23222044188623767
1791062901.5981884,-0.13836858863139118,0.762222416404813,0.4307557458353374,0.35426703353734135,2.1433642638389188,0.3573467147528705,0.8790627755677157,0.0,0.0,1.572237101031897,0.6906525151939886,-0.03381587036490956,0.0040376287934269,0.28930513879804565,0.0,0.0,-0.2648414901554982,-0.6552495263188405,0.009316185898793372,0.054774052308772594,nan,nan,nan,nan,nan,nan,nan,0.9903587769543937,0.0,0.0,0.5335755489338213,0.2524359591972884,-0.1855161608974134,0.16378019396061036,0.16138423902441779,0.0,0.0,-0.7720433942561711,2.2355857796861587,0.014293555513894003,-0.02449546980764277,nan,nan,nan,nan,nan,nan,nan,nan,nan,nan,nan,nan,nan,nan,0.9925532689220032,0.0,0.0,-0.5089545604929473,-0.05305929904893109,-0.11423124693857287,-0.16860806237630452,nan,nan,nan,nan,nan,nan,nan,nan,nan,nan,nan,nan,nan,nan,nan,nan,nan,nan,nan,nan,nan,nan,nan,nan,nan,nan,nan,nan,nan,nan,nan,nan,nan,nan,nan,nan,nan,nan,nan,nan,nan,nan,nan,nan,nan,nan,nan,nan,nan,0.2358280426725871
1791062901.69886,-0.11677402137910303,0.771984007145928,0.42952082782212714,0.35181819186709407,2.153384897218872,0.35678359107697427,0.8027286721013266,0.0,0.0,1.5686868841151047,0.6908355943010912,-0.03185380385278664,-0.00022042091203160834,0.28706911184931955,0.0,0.0,-0.26386652222500506,-0.6492946628748987,0.010547430238827852,0.06213854996191782,nan,nan,nan,nan,nan,nan,nan,0.9747777854857339,0.0,0.0,0.5176506738363947,0.2681021741144394,-0.1450620827592013,0.14174211030152584,0.16750111369449236,0.0,0.0,-0.7703765389696435,2.2331552285214733,0.014697982875132716,-0.02451549527508888,nan,nan,nan,nan,nan,nan,nan,nan,nan,nan,nan,nan,nan,nan,0.9925532689220032,0.0,0.0,-0.519604044820925,-0.07062990457035558,-0.10208933965087087,-0.17996062382684302,nan,nan,nan,nan,nan,nan,nan,nan,nan,nan,nan,nan,nan,nan,nan,nan,nan,nan,nan,nan,nan,nan,nan,nan,nan,nan,nan,nan,nan,nan,nan,nan,nan,nan,nan,nan,nan,nan,nan,nan,nan,nan,nan,nan,nan,nan,nan,nan,nan,0.2392981440458122
1791062901.7980537,-0.09542140872569002,0.7815504487910041,0.43015152664419903,0.35262888945530296,2.1624006953444193,0.3569707349501037,0.8116536575938806,0.0,0.0,1.5655705488258476,0.6907397954408736,-0.03103319058411772,-0.0008921112248892611,0.29362451688421015,0.0,0.0,-0.26276081215199354,-0.6437140877392835,0.0074171542664981695,0.055984163278623815,nan,nan,nan,nan,nan,nan,nan,0.9809808750684067,0.0,0.0,0.501447425874573,0.28407603733482517,-0.13915592743085944,0.14065685263648836,0.1704067338844431,0.0,0.0,-0.7691152595971467,2.230520536180389,0.015386729565392164,-0.027206219474428535,nan,nan,nan,nan,nan,nan,nan,nan,nan,nan,nan,nan,nan,nan,0.9925532689220032,0.0,0.0,-0.5314694684427466,-0.08955879369648391,-0.09801514565875906,-0.17614503781433002,nan,nan,nan,nan,nan,nan,nan,nan,nan,nan,nan,nan,nan,nan,nan,nan,nan,nan,nan,nan,nan,nan,nan,nan,nan,nan,nan,nan,nan,nan,nan,nan,nan,nan,nan,nan,nan,nan,nan,nan,nan,nan,nan,nan,nan,nan,nan,nan,nan,0.2115496657269695
1791062901.898241,-0.07591817411622676,0.7900071174935883,0.4304461751689247,0.35061544919273746,2.1703747505119773,0.35650462859115034,0.8155993909187099,0.0,0.0,1.5622753001900427,0.6905743397141881,-0.03213013681590937,0.00013855544693310723,0.29444665004152,0.0,0.0,-0.26179846803770707,-0.6376959038080656,0.011602328430913939,0.0593234640298723,nan,nan,nan,nan,nan,nan,nan,0.9700638208197238,0.0,0.0,0.4885649757534894,0.29619253493856945,-0.1430049153584132,0.1371686975468695,0.16669148998937144,0.0,0.0,-0.7673286508980178,2.227890431456099,0.01606087548987425,-0.02819704631091579,nan,nan,nan,nan,nan,nan,nan,nan,nan,nan,nan,nan,nan,nan,0.9925532689220032,0.0,0.0,-0.5419135410784738,-0.10625366370584138,-0.1157692411096331,-0.16239949826427819,nan,nan,nan,nan,nan,nan,nan,nan,nan,nan,nan,nan,nan,nan,nan,nan,nan,nan,nan,nan,nan,nan,nan,nan,nan,nan,nan,nan,nan,nan,nan,nan,nan,nan,nan,nan,nan,nan,nan,nan,nan,nan,nan,nan,nan,nan,nan,nan,nan,0.23331141383617385
1791062901.9990177,-0.053236409019815516,0.800145511211705,0.4286167665877545,0.3571158028989574,2.1780079437581916,0.35799366375646385,0.8155993909187099,0.0,0.0,1.559079330166286,0.6907963468765655,-0.030104978717970115,0.003907037921181335,0.2960503978067672,0.0,0.0,-0.26061116565567294,-0.6319888832608189,0.010705211126357445,0.05319432927493492,nan,nan,nan,nan,nan,nan,nan,0.981302289706345,0.0,0.0,0.4726227193396924,0.3111874292276406,-0.1268538497497162,0.13219039102813157,0.16752586049794796,0.0,0.0,-0.7656861948811229,2.224958449596992,0.013496238160571767,-0.024497878137991362,nan,nan,nan,nan,nan,nan,nan,nan,nan,nan,nan,nan,nan,nan,0.9925532689220032,0.0,0.0,-0.5522075367184842,-0.12313324355827701,-0.09269256558494773,-0.16966459051988683,nan,nan,nan,nan,nan,nan,nan,nan,nan,nan,nan,nan,nan,nan,nan,nan,nan,nan,nan,nan,nan,nan,nan,nan,nan,nan,nan,nan,nan,nan,nan,nan,nan,nan,nan,nan,nan,nan,nan,nan,nan,nan,nan,nan,nan,nan,nan,nan,nan,0.19707574414954324
1791062902.098134,-0.03247251946122514,0.809338645115283,0.4256562258535453,0.35773082235244735,2.185323177527285,0.35813219164818944,0.8155993909187099,0.0,0.0,1.5558314496867536,0.6908733945399433,-0.0308249354036386,0.0007616004980000412,0.28992278456850346,0.0,0.0,-0.25963111624919144,-0.6262389773839738,0.008465493008316467,0.05757846138382989,nan,nan,nan,nan,nan,nan,nan,0.9692056358519747,0.0,0.0,0.4583174547485434,0.32441616551976465,-0.1356284680229092,0.13371608041345018,0.1667783128481037,0.0,0.0,-0.7650185623253974,2.222401092953116,0.014486281724745607,-0.0268445702319873,nan,nan,nan,nan,nan,nan,nan,nan,nan,nan,nan,nan,nan,nan,0.9925532689220032,0.0,0.0,-0.5628917921413507,-0.13979869430016648,-0.10997588759372545,-0.1631317035674224,nan,nan,nan,nan,nan,nan,nan,nan,nan,nan,nan,nan,nan,nan,nan,nan,nan,nan,nan,nan,nan,nan,nan,nan,nan,nan,nan,nan,nan,nan,nan,nan,nan,nan,nan,nan,nan,nan,nan,nan,nan,nan,nan,nan,nan,nan,nan,nan,nan,0.22763416472170914
1791062902.2003026,-0.012190270190188944,0.8185294183875952,0.42459750314761824,0.3612944992664314,2.192293796865813,0.3589269609967188,0.8155993909187099,0.0,0.0,1.5528434560131172,0.6906937140374888,-0.029385941710937467,-0.0006324687328471773,0.28105039108069413,0.0,0.0,-0.25853253711656854,-0.6205532151650491,0.013427653084530615,0.05260375926401453,nan,nan,nan,nan,nan,nan,nan,0.9762484059448732,0.0,0.0,0.44511722483085653,0.33691725428732844,-0.13414861882109447,0.122597629947085,0.16626258544864977,0.0,0.0,-0.762862691734037,2.219787474243714,0.057428619656631666,-0.051203235925103056,nan,nan,nan,nan,nan,nan,nan,nan,nan,nan,nan,nan,nan,nan,0.9925532689220032,0.0,0.0,-0.5728324660143215,-0.1564860351723235,-0.07877805659488764,-0.16257657798252848,nan,nan,nan,nan,nan,nan,nan,nan,nan,nan,nan,nan,nan,nan,nan,nan,nan,nan,nan,nan,nan,nan,nan,nan,nan,nan,nan,nan,nan,nan,nan,nan,nan,nan,nan,nan,nan,nan,nan,nan,nan,nan,nan,nan,nan,nan,nan,nan,nan,0.20138045262333562
1791062902.2972372,0.0070199308036078744,0.8271030275353459,0.42271239086600804,0.3603282422332936,2.198728729706777,0.35871279665477435,0.8155993909187099,0.0,0.0,1.549856521569127,0.690641012518342,-0.03271031266899755,-9.4205328442299e-05,0.30148320987825616,0.0,0.0,-0.2576100722228922,-0.615038205313841,0.009359129355991778,0.05573937277452701,nan,nan,nan,nan,nan,nan,nan,0.9686302828088327,0.0,0.0,0.4317044038653664,0.34999825007213603,-0.13656171087007837,0.13655294040290855,0.17112128678623728,0.0,0.0,-0.761389150555661,2.2169287486555973,0.01943487638911151,-0.03512488748660424,nan,nan,nan,nan,nan,nan,nan,nan,nan,nan,nan,nan,nan,nan,0.9925532689220032,0.0,0.0,-0.5824991711075009,-0.17121469986207163,-0.10809852066272961,-0.14914590270878247,nan,nan,nan,nan,nan,nan,nan,nan,nan,nan,nan,nan,nan,nan,nan,nan,nan,nan,nan,nan,nan,nan,nan,nan,nan,nan,nan,nan,nan,nan,nan,nan,nan,nan,nan,nan,nan,nan,nan,nan,nan,nan,nan,nan,nan,nan,nan,nan,nan,0.22506935241307358
1791062902.3974953,0.02952230362079576,0.8372834385111839,0.42157931246548935,0.3591355137547179,2.2044429614720746,0.35844707419317257,0.8155993909187099,0.0,0.0,1.5463682377034451,0.6908065728314192,-0.030936783590603627,0.0016899103148954606,0.3151912618034448,0.0,0.0,-0.25656238725290437,-0.60941043748381,0.010940984094271529,0.05545953063451735,nan,nan,nan,nan,nan,nan,nan,0.9651815897861579,0.0,0.0,0.4180912936935205,0.36306924372457,-0.14212130967280218,0.134915512627169,0.16819626282858954,0.0,0.0,-0.7587553833569654,2.212039780433848,-0.019772645140220393,-0.024246192661008498,nan,nan,nan,nan,nan,nan,nan,nan,nan,nan,nan,nan,nan,nan,0.9925532689220032,0.0,0.0,-0.5924473669881959,-0.1883243840719405,-0.08720773513588106,-0.1651495052749022,nan,nan,nan,nan,nan,nan,nan,nan,nan,nan,nan,nan,nan,nan,nan,nan,nan,nan,nan,nan,nan,nan,nan,nan,nan,nan,nan,nan,nan,nan,nan,nan,nan,nan,nan,nan,nan,nan,nan,nan,nan,nan,nan,nan,nan,nan,nan,nan,nan,0.23731423732431886
1791062902.4983885,0.05193760363940032,0.8473822393593611,0.4287650081207235,0.35621956839540403,2.2093293103486897,0.3577910702913265,0.8155993909187099,0.0,0.0,1.5429165370640354,0.6909243683744966,-0.03434382792474276,-0.0007687534680298599,0.3278698559912018,0.0,0.0,-0.25575058462164785,-0.6044259622611751,0.00907374755562146,0.05374115902339616,nan,nan,nan,nan,nan,nan,nan,0.9650911539557674,0.0,0.0,0.4034363758713738,0.3770474014195165,-0.15336457210508023,0.14877621338189395,0.19087851252576982,0.0,0.0,-0.7551065697759077,2.2067376810983097,0.04614063062007745,-0.06079364151579139,nan,nan,nan,nan,nan,nan,nan,nan,nan,nan,nan,nan,nan,nan,0.9925532689220032,0.0,0.0,-0.6025188056930738,-0.20391828348541904,-0.11274493631168844,-0.1554405862710709,nan,nan,nan,nan,nan,nan,nan,nan,nan,nan,nan,nan,nan,nan,nan,nan,nan,nan,nan,nan,nan,nan,nan,nan,nan,nan,nan,nan,nan,nan,nan,nan,nan,nan,nan,nan,nan,nan,nan,nan,nan,nan,nan,nan,nan,nan,nan,nan,nan,0.25373740648802584
1791062902.5988758,0.07359068659475713,0.8567341274202007,0.4288345615544112,0.355434608468886,2.2134514292127387,0.35761292292680835,0.8155993909187099,0.0,0.0,1.5399969469597,0.6907792862427968,-0.029326741598894097,-0.0005925647456522652,0.30246346002524627,0.0,0.0,-0.2548224498158083,-0.5990053928685592,0.008482204761305265,0.056131803898460786,nan,nan,nan,nan,nan,nan,nan,0.9726517996736538,0.0,0.0,0.3883170207266195,0.39128368753713333,-0.15409249441395417,0.14548990734824763,0.17825616663939617,0.0,0.0,-0.7518266219631091,2.2003493106724545,0.005005488504212305,-0.03944401464855184,nan,nan,nan,nan,nan,nan,nan,nan,nan,nan,nan,nan,nan,nan,0.9925532689220032,0.0,0.0,-0.6119683021295996,-0.21980734336265226,-0.08693463228082728,-0.16837720690965102,nan,nan,nan,nan,nan,nan,nan,nan,nan,nan,nan,nan,nan,nan,nan,nan,nan,nan,nan,nan,nan,nan,nan,nan,nan,nan,nan,nan,nan,nan,nan,nan,nan,nan,nan,nan,nan,nan,nan,nan,nan,nan,nan,nan,nan,nan,nan,nan,nan,0.23274021547317794
1791062902.6970835,0.09313312885425616,0.8652185054716494,0.4298862171911252,0.35390856401437737,2.2170620385046935,0.3572646884372054,0.8155993909187099,0.0,0.0,1.5366717387876327,0.6907409839863425,-0.03300626540838319,-0.0008470213511438153,0.31138443879808475,0.0,0.0,-0.25396720649614724,-0.5946907495898195,0.007984182001384909,0.04388164541142182,nan,nan,nan,nan,nan,nan,nan,0.9774026011665524,0.0,0.0,0.373836643853026,0.40517377241446645,-0.16092203240916914,0.15411081002597535,0.17477591072509432,0.0,0.0,-0.7492276444007192,2.195013371378154,-0.007382556955882814,-0.04432085776325177,nan,nan,nan,nan,nan,nan,nan,nan,nan,nan,nan,nan,nan,nan,0.9925532689220032,0.0,0.0,-0.6222921149273292,-0.23573159643788538,-0.10961453427881196,-0.155943004130598,nan,nan,nan,nan,nan,nan,nan,nan,nan,nan,nan,nan,nan,nan,nan,nan,nan,nan,nan,nan,nan,nan,nan,nan,nan,nan,nan,nan,nan,nan,nan,nan,nan,nan,nan,nan,nan,nan,nan,nan,nan,nan,nan,nan,nan,nan,nan,nan,nan,0.24005243359823322
1791062902.7983496,0.1169168946286148,0.8753429913152989,0.4322230304082624,0.3522988466280576,2.2201319749623942,0.35689463303577407,0.8155993909187099,0.0,0.0,1.5341015974447973,0.6908151160101103,-0.02830117250647339,0.002536650744268153,0.2945935968656543,0.0,0.0,-0.253120248845747,-0.5895652554907067,0.007829040165393136,0.04810184086936369,nan,nan,nan,nan,nan,nan,nan,0.9793540496061615,0.0,0.0,0.35808737276183683,0.4203766992877324,-0.16599718645139627,0.1563227056989375,0.1735276819241491,0.0,0.0,-0.7465827814387117,2.19113604311248,0.02243209226967616,-0.040583701789487225,nan,nan,nan,nan,nan,nan,nan,nan,nan,nan,nan,nan,nan,nan,0.9925532689220032,0.0,0.0,-0.6311782091101514,-0.250030399887205,-0.09207911243226044,-0.16206340640323097,nan,nan,nan,nan,nan,nan,nan,nan,nan,nan,nan,nan,nan,nan,nan,nan,nan,nan,nan,nan,nan,nan,nan,nan,nan,nan,nan,nan,nan,nan,nan,nan,nan,nan,nan,nan,nan,nan,nan,nan,nan,nan,nan,nan,nan,nan,nan,nan,nan,0.23272320258941348
1791062902.8984423,0.13847308586692939,0.8847919107515282,0.43425595698405367,0.35044925688464335,2.222676481612403,0.3564659580872654,0.8155993909187099,0.0,0.0,1.5311801383992363,0.6909854972704472,-0.029054731257122976,6.62239703705861e-05,0.3135153891446533,0.0,0.0,-0.2522437604459813,-0.5847642725887284,0.009864841787327817,0.046220332027756494,nan,nan,nan,nan,nan,nan,nan,0.9765384356596397,0.0,0.0,0.3402800086475177,0.43739811912061055,-0.170426159972393,0.15964780555453734,0.17567912005792843,0.0,0.0,-0.7448621128392574,2.1881832690130536,-0.002220707201148777,-0.031136227587494646,nan,nan,nan,nan,nan,nan,nan,nan,nan,nan,nan,nan,nan,nan,0.9925532689220032,0.0,0.0,-0.6407785876180103,-0.2656220239577919,-0.10328528096234577,-0.14408018131205852,nan,nan,nan,nan,nan,nan,nan,nan,nan,nan,nan,nan,nan,nan,nan,nan,nan,nan,nan,nan,nan,nan,nan,nan,nan,nan,nan,nan,nan,nan,nan,nan,nan,nan,nan,nan,nan,nan,nan,nan,nan,nan,nan,nan,nan,nan,nan,nan,nan,0.24074631330524324
1791062902.998374,0.15982046425803487,0.8943130984475092,0.43621701356156056,0.3481455762420205,2.2247020119650696,0.3559268099490479,0.8155993909187099,0.0,0.0,1.528653153312744,0.6909432528357782,-0.026102026193976405,-0.0008829400420807968,0.31685222769602905,0.0,0.0,-0.251508366662066,-0.5805559390987208,0.006386462975076968,0.04056478222715136,nan,nan,nan,nan,nan,nan,nan,0.975295206190008,0.0,0.0,0.32474868070006174,0.4514482422455257,-0.17712069281267517,0.15122127183867662,0.1776203981722613,0.0,0.0,-0.7416798377777292,2.18264790099975,0.013464821706399198,-0.08719129360671975,nan,nan,nan,nan,nan,nan,nan,nan,nan,nan,nan,nan,nan,nan,0.9925532689220032,0.0,0.0,-0.6503774840423974,-0.281065238980458,-0.08759972940997059,-0.16424875093209862,nan,nan,nan,nan,nan,nan,nan,nan,nan,nan,nan,nan,nan,nan,nan,nan,nan,nan,nan,nan,nan,nan,nan,nan,nan,nan,nan,nan,nan,nan,nan,nan,nan,nan,nan,nan,nan,nan,nan,nan,nan,nan,nan,nan,nan,nan,nan,nan,nan,0.2437294317038451
1791062903.0992486,0.1811230843263276,0.903816426409608,0.4390388712019969,0.34413197214168006,2.226099830597287,0.3549734959794411,0.8155993909187099,0.0,0.0,1.5267850572852038,0.6903142896437388,-0.025297439548250106,-0.004886320230168212,0.33102932512256406,0.0,0.0,-0.25064501381001275,-0.5758286773621821,0.006852936738091058,0.0415965752988715,nan,nan,nan,nan,nan,nan,nan,0.9770911188438464,0.0,0.0,0.30774846864557576,0.4675075941765579,-0.16771733658162735,0.1586760496669439,0.18369667961040861,0.0,0.0,-0.7370598195053738,2.175543175243793,0.04828957109540401,-0.06445354964600104,nan,nan,nan,nan,nan,nan,nan,nan,nan,nan,nan,nan,nan,nan,0.9925532689220032,0.0,0.0,-0.6605964262023646,-0.297516911232308,-0.09449838020851051,-0.14766081166588757,nan,nan,nan,nan,nan,nan,nan,nan,nan,nan,nan,nan,nan,nan,nan,nan,nan,nan,nan,nan,nan,nan,nan,nan,nan,nan,nan,nan,nan,nan,nan,nan,nan,nan,nan,nan,nan,nan,nan,nan,nan,nan,nan,nan,nan,nan,nan,nan,nan,0.23449667365847984
1791062903.1986592,0.2024035044686921,0.9132785512352691,0.44218093808764913,0.33835281313293847,2.226734203092148,0.35356922823730896,0.8155993909187099,0.0,0.0,1.5241679634484995,0.6904540345043203,-0.026420293005248587,0.00033733226715871624,0.3626837244193713,0.0,0.0,-0.24993494833070676,-0.571942197784286,0.007026181397411139,0.036265673386074324,nan,nan,nan,nan,nan,nan,nan,0.9765951056060396,0.0,0.0,0.28940042639883784,0.4849516144452095,-0.1594519021284447,0.15407666131785736,0.1888187826981022,0.0,0.0,-0.7324770118408571,2.1675869060363535,0.05785013911348274,-0.03976982968187129,nan,nan,nan,nan,nan,nan,nan,nan,nan,nan,nan,nan,nan,nan,0.9925532689220032,0.0,0.0,-0.6701484973103246,-0.31260640524688943,-0.09386627337088453,-0.15534111117068602,nan,nan,nan,nan,nan,nan,nan,nan,nan,nan,nan,nan,nan,nan,nan,nan,nan,nan,nan,nan,nan,nan,nan,nan,nan,nan,nan,nan,nan,nan,nan,nan,nan,nan,nan,nan,nan,nan,nan,nan,nan,nan,nan,nan,nan,nan,nan,nan,nan,0.2325828185180039
1791062903.2987313,0.2236137782892,0.9226418753732643,0.44572224025712776,0.32956684807566655,2.226367185370171,0.3513615375470293,0.8155993909187099,0.0,0.0,1.5215781716208034,0.6904485889135318,-0.02533590186743541,0.0019071214421868049,0.3553453064613161,0.0,0.0,-0.24938972339947743,-0.5686147265660171,0.004966102041463225,0.03206908438907098,nan,nan,nan,nan,nan,nan,nan,0.9768239826646861,0.0,0.0,0.2731415613822682,0.5005162398327344,-0.16890981824179804,0.16550447532148085,0.19608336082372851,0.0,0.0,-0.7280355858331409,2.1598861567849648,0.04684700521200961,-0.07917817264026195,nan,nan,nan,nan,nan,nan,nan,nan,nan,nan,nan,nan,nan,nan,0.9925532689220032,0.0,0.0,-0.6793316252619335,-0.32786184120278694,-0.08972195066526646,-0.15278145629113737,nan,nan,nan,nan,nan,nan,nan,nan,nan,nan,nan,nan,nan,nan,nan,nan,nan,nan,nan,nan,nan,nan,nan,nan,nan,nan,nan,nan,nan,nan,nan,nan,nan,nan,nan,nan,nan,nan,nan,nan,nan,nan,nan,nan,nan,nan,nan,nan,nan,0.21602655599927675
1791062903.3998826,0.2450682850874289,0.9320425898806657,0.4486088251316525,0.3136329474639856,2.2244818380009215,0.347126990325437,0.8155993909187099,0.0,0.0,1.5190591404721254,0.6905105708053995,-0.025414381403135507,-8.753647915702421e-05,0.30571134718548243,0.0,0.0,-0.24881041086155495,-0.5651775795609206,0.006544284088825955,0.03652196245342391,nan,nan,nan,nan,nan,nan,nan,0.9780432694205158,0.0,0.0,0.2565106399503671,0.5165057926995548,-0.18246922117316317,0.1722306058034967,0.18527387248572083,0.0,0.0,-0.7241440630016691,2.153163886246613,0.043672482820094664,-0.07560924593058055,nan,nan,nan,nan,nan,nan,nan,nan,nan,nan,nan,nan,nan,nan,0.9925532689220032,0.0,0.0,-0.6890918644223992,-0.34295750565743094,-0.10311799685098896,-0.14973173217245678,nan,nan,nan,nan,nan,nan,nan,nan,nan,nan,nan,nan,nan,nan,nan,nan,nan,nan,nan,nan,nan,nan,nan,nan,nan,nan,nan,nan,nan,nan,nan,nan,nan,nan,nan,nan,nan,nan,nan,nan,nan,nan,nan,nan,nan,nan,nan,nan,nan,0.2449132340968515
1791062903.500061,0.26617942963441127,0.9419351840557745,0.4480807217124007,0.29093339654142203,2.2204753514614284,0.3405588086020559,0.8155993909187099,0.0,0.0,1.5166203057766672,0.6904641746473815,-0.026417031254023435,-0.003607384724412803,0.35887430199982584,0.0,0.0,-0.2482790635763895,-0.5620210975419264,0.00391912486566789,0.030575249664294438,nan,nan,nan,nan,nan,nan,nan,0.9784238939515761,0.0,0.0,0.23897588730842398,0.5327921771886184,-0.1873988173066892,0.15801012580583323,0.18305804786647561,0.0,0.0,-0.7191377544460679,2.1443250599985872,0.04068893451765948,-0.08018198621036375,nan,nan,nan,nan,nan,nan,nan,nan,nan,nan,nan,nan,nan,nan,0.9925532689220032,0.0,0.0,-0.6982183393398799,-0.3580761119609631,-0.08040665717789042,-0.15883198921362135,nan,nan,nan,nan,nan,nan,nan,nan,nan,nan,nan,nan,nan,nan,nan,nan,nan,nan,nan,nan,nan,nan,nan,nan,nan,nan,nan,nan,nan,nan,nan,nan,nan,nan,nan,nan,nan,nan,nan,nan,nan,nan,nan,nan,nan,nan,nan,nan,nan,0.22929589371530593
1791062903.5993326,0.28772888299302307,0.9515464015663969,0.45025784077167513,0.27144440256622226,2.2145143114789727,0.3343947476584626,0.8155993909187099,0.0,0.0,1.5140063582632672,0.6904238727894483,-0.027228195094733326,-0.0010590484659619166,0.3521464850099132,0.0,0.0,-0.24772625968207374,-0.5587921877044266,0.005225720611693501,0.031130809048062764,nan,nan,nan,nan,nan,nan,nan,0.9784238939515761,0.0,0.0,0.22154823705807644,0.5491914591026967,-0.1712894402067384,0.1738327746782466,0.19396222231013346,0.0,0.0,-0.7138237694062393,2.135021724260689,0.05476961593318288,-0.09497722136349343,nan,nan,nan,nan,nan,nan,nan,nan,nan,nan,nan,nan,nan,nan,0.9925532689220032,0.0,0.0,-0.7074700634563968,-0.37230264816358993,-0.09274692708910878,-0.11482111167886959,nan,nan,nan,nan,nan,nan,nan,nan,nan,nan,nan,nan,nan,nan,nan,nan,nan,nan,nan,nan,nan,nan,nan,nan,nan,nan,nan,nan,nan,nan,nan,nan,nan,nan,nan,nan,nan,nan,nan,nan,nan,nan,nan,nan,nan,nan,nan,nan,nan,0.24443879357787546
1791062903.6983097,0.30856478558858647,0.9615491754733183,0.4492506800243875,0.2535128610263715,2.207188521813483,0.32827881760843647,0.8155993909187099,0.0,0.0,1.5114670858414199,0.6903819516468547,-0.027875817092690557,-0.0002334939118551158,0.38560039205034424,0.0,0.0,-0.2473358699459696,-0.5562844810535348,0.0037866677124983143,0.024578938657577994,nan,nan,nan,nan,nan,nan,nan,0.9784238939515761,0.0,0.0,0.20394737109345942,0.5657956041755947,-0.16277885626479943,0.1648490228608797,0.19082997843253285,0.0,0.0,-0.7079480445147242,2.1250267637714235,0.06453794077600454,-0.10685053743267717,nan,nan,nan,nan,nan,nan,nan,nan,nan,nan,nan,nan,nan,nan,0.9925532689220032,0.0,0.0,-0.7163742646929186,-0.3863945429660611,-0.09200367272154436,-0.1508721701052016,nan,nan,nan,nan,nan,nan,nan,nan,nan,nan,nan,nan,nan,nan,nan,nan,nan,nan,nan,nan,nan,nan,nan,nan,nan,nan,nan,nan,nan,nan,nan,nan,nan,nan,nan,nan,nan,nan,nan,nan,nan,nan,nan,nan,nan,nan,nan,nan,nan,0.25222948840926745
1791062903.7980964,0.32985333410904905,0.9713122952595694,0.449834691634836,0.23386619418601223,2.1987502174256326,0.32107629610400595,0.8155993909187099,0.0,0.0,1.508649869356248,0.6907539141733904,-0.023660643495609687,0.015578575684068152,0.38560039205034424,0.0,0.0,-0.24691042959905762,-0.5537014864153057,0.005441280855270613,0.02449804631128391,nan,nan,nan,nan,nan,nan,nan,0.9784238939515761,0.0,0.0,0.18621652059329072,0.5823190005624078,-0.17138917392004205,0.16049021352306106,0.19451382994829255,0.0,0.0,-0.7017142493353361,2.1141137541394586,0.04180917095324027,-0.09271428184715412,nan,nan,nan,nan,nan,nan,nan,nan,nan,nan,nan,nan,nan,nan,0.9925532689220032,0.0,0.0,-0.7244048640154309,-0.39984070678853806,-0.08176129564110085,-0.14997333658704703,nan,nan,nan,nan,nan,nan,nan,nan,nan,nan,nan,nan,nan,nan,nan,nan,nan,nan,nan,nan,nan,nan,nan,nan,nan,nan,nan,nan,nan,nan,nan,nan,nan,nan,nan,nan,nan,nan,nan,nan,nan,nan,nan,nan,nan,nan,nan,nan,nan,0.24417613370275232
1791062903.8980744,0.35082842136079584,0.98104090484134,0.4489568017607695,0.2133333761735257,2.189485517611418,0.31297992807088026,0.8155993909187099,0.0,0.0,1.5061080106064704,0.6906738187996154,-0.025202499546798297,0.00021973420233641953,0.38560039205034424,0.0,0.0,-0.24654672708363018,-0.5514420699037111,0.003884817511611265,0.02233768475321229,nan,nan,nan,nan,nan,nan,nan,0.9784238939515761,0.0,0.0,0.16867636547617393,0.5987216190418299,-0.16313458612745918,0.17501713528916446,0.2119385550849943,0.0,0.0,-0.6960984756159186,2.1041195494586167,0.05901873559824179,-0.10466161905109263,nan,nan,nan,nan,nan,nan,nan,nan,nan,nan,nan,nan,nan,nan,0.9925532689220032,0.0,0.0,-0.7335196476603452,-0.4142034338538608,-0.09564211252857654,-0.13940608700145987,nan,nan,nan,nan,nan,nan,nan,nan,nan,nan,nan,nan,nan,nan,nan,nan,nan,nan,nan,nan,nan,nan,nan,nan,nan,nan,nan,nan,nan,nan,nan,nan,nan,nan,nan,nan,nan,nan,nan,nan,nan,nan,nan,nan,nan,nan,nan,nan,nan,0.23690183290322428
1791062903.9967256,0.371749105697472,0.9908768966438867,0.44748656362606887,0.19303202128653413,1.981128422672825,0.3044016239364057,0.8155993909187099,0.0,0.0,1.5035417458813367,0.6905858100149616,-0.025123958791500388,-0.00356232635140512,0.38560039205034424,0.0,0.0,-0.2461918817722294,-0.5491808625981146,0.003820435863984247,0.019340298284335714,nan,nan,nan,nan,nan,nan,nan,0.9784238939515761,0.0,0.0,0.15278119466641837,0.6134638011324074,-0.17375785717373216,0.16941789311188551,0.2119385550849943,0.0,0.0,-0.6899804825661846,2.0932826050695437,0.07433159056472086,-0.12917737566203025,nan,nan,nan,nan,nan,nan,nan,nan,nan,nan,nan,nan,nan,nan,0.9925532689220032,0.0,0.0,-0.7415683028743687,-0.42718190836820136,-0.09519611298126729,-0.14496922375739157,nan,nan,nan,nan,nan,nan,nan,nan,nan,nan,nan,nan,nan,nan,nan,nan,nan,nan,nan,nan,nan,nan,nan,nan,nan,nan,nan,nan,nan,nan,nan,nan,nan,nan,nan,nan,nan,nan,nan,nan,nan,nan,nan,nan,nan,nan,nan,nan,nan,0.22191048055975662
1791062904.0985172,0.39423330142121293,1.0003390082924455,0.4440542228476738,0.1747795082368056,1.7937990244361068,0.29620831017956073,0.8155993909187099,0.0,0.0,1.5011159034621924,0.6905054817500662,-0.02383049692589862,-0.003604498518587528,0.38560039205034424,0.0,0.0,-0.24581076099848245,-0.5473131109598484,0.004244105681591899,0.016340211147021888,nan,nan,nan,nan,nan,nan,nan,0.9784238939515761,0.0,0.0,0.13557237714990075,0.6299248224258889,-0.17620193166214557,0.1627727660454592,0.2119385550849943,0.0,0.0,-0.6818711662155656,2.0793103531313037,0.09338717716831556,-0.13317494081033152,nan,nan,nan,nan,nan,nan,nan,nan,nan,nan,nan,nan,nan,nan,0.9925532689220032,0.0,0.0,-0.7510599316148127,-0.4430446550436896,-0.08626021775194195,-0.14305491656498187,nan,nan,nan,nan,nan,nan,nan,nan,nan,nan,nan,nan,nan,nan,nan,nan,nan,nan,nan,nan,nan,nan,nan,nan,nan,nan,nan,nan,nan,nan,nan,nan,nan,nan,nan,nan,nan,nan,nan,nan,nan,nan,nan,nan,nan,nan,nan,nan,nan,0.21198274302103248
1791062904.1971354,0.41499456252358735,1.0097614098446952,0.44345739668173617,0.158147038966447,1.62309647782687,0.28835613226466145,0.8155993909187099,0.0,0.0,1.4986427126941395,0.6905325028533783,-0.02460788584044804,0.00027466930007987117,0.38560039205034424,0.0,0.0,-0.24552784452318718,-0.5458712436018579,0.003321826237770065,0.013026434456333086,nan,nan,nan,nan,nan,nan,nan,0.9784238939515761,0.0,0.0,0.11860612798345765,0.6463905503730152,-0.18134950968009397,0.16689871161505887,0.2119385550849943,0.0,0.0,-0.6757332803973259,2.0680352058305376,0.06571099114701845,-0.11529838788658348,nan,nan,nan,nan,nan,nan,nan,nan,nan,nan,nan,nan,nan,nan,0.9925532689220032,0.0,0.0,-0.7600798175290072,-0.4574324374884499,-0.09516603540320534,-0.14006538188025786,nan,nan,nan,nan,nan,nan,nan,nan,nan,nan,nan,nan,nan,nan,nan,nan,nan,nan,nan,nan,nan,nan,nan,nan,nan,nan,nan,nan,nan,nan,nan,nan,nan,nan,nan,nan,nan,nan,nan,nan,nan,nan,nan,nan,nan,nan,nan,nan,nan,0.21723223926496674
1791062904.2966142,0.4353169979273696,1.0190447778910996,0.44198940299412126,0.14309735841589363,1.4686384262967034,0.2809459031807747,0.8155993909187099,0.0,0.0,1.4963144267215487,0.6906295176978537,-0.02470164466299186,0.0013867490450200572,0.38560039205034424,0.0,0.0,-0.2453151706279221,-0.5445552142878649,0.0013605538466615894,0.012368373366570824,nan,nan,nan,nan,nan,nan,nan,0.9784238939515761,0.0,0.0,0.10166543154022883,0.6626618517869405,-0.18062317857713614,0.16699174521383325,0.2119385550849943,0.0,0.0,-0.6689555920060838,2.056028925362017,0.05648177031402933,-0.1017295040752849,nan,nan,nan,nan,nan,nan,nan,nan,nan,nan,nan,nan,nan,nan,0.9925532689220032,0.0,0.0,-0.769137954944175,-0.4718999717153566,-0.0910798073449074,-0.15523186895677954,nan,nan,nan,nan,nan,nan,nan,nan,nan,nan,nan,nan,nan,nan,nan,nan,nan,nan,nan,nan,nan,nan,nan,nan,nan,nan,nan,nan,nan,nan,nan,nan,nan,nan,nan,nan,nan,nan,nan,nan,nan,nan,nan,nan,nan,nan,nan,nan,nan,0.24068449496986918
1791062904.3966024,0.4560140804110076,1.0283649616414305,0.4413457631392808,0.12953062746994137,1.3294001999099812,0.27402913344856283,0.8155993909187099,0.0,0.0,1.4943391746305723,0.6906944740865267,-0.021581324417329295,0.0008483624720160461,0.38560039205034424,0.0,0.0,-0.2451740226933438,-0.5434994616698254,0.0014051136507722277,0.010763971675382783,nan,nan,nan,nan,nan,nan,nan,0.9784238939515761,0.0,0.0,0.08463667503651004,0.679344296027329,-0.17390335434370854,0.16504262201782072,0.2119385550849943,0.0,0.0,-0.6639107336223932,2.0470953942127523,0.020463548572315172,-0.06325908806506424,nan,nan,nan,nan,nan,nan,nan,nan,nan,nan,nan,nan,nan,nan,0.9925532689220032,0.0,0.0,-0.7771623545603858,-0.4852724059784855,-0.08675779562800479,-0.14796470234140519,nan,nan,nan,nan,nan,nan,nan,nan,nan,nan,nan,nan,nan,nan,nan,nan,nan,nan,nan,nan,nan,nan,nan,nan,nan,nan,nan,nan,nan,nan,nan,nan,nan,nan,nan,nan,nan,nan,nan,nan,nan,nan,nan,nan,nan,nan,nan,nan,nan,0.24372875053719031
1791062904.4967945,0.47709448093525003,1.0379257383053606,0.4405289076074916,0.11722539092447515,1.203108957112763,0.2675722443224182,0.8155993909187099,0.0,0.0,1.4920018206589976,0.6906770615692872,-0.02433996787470763,-0.012209156585603105,0.38560039205034424,0.0,0.0,-0.2449967480429399,-0.5423116988598445,0.0009658949189752121,0.010767841499801943,nan,nan,nan,nan,nan,nan,nan,0.9784238939515761,0.0,0.0,0.06546116797517552,0.6976339307265708,-0.1820189839013358,0.16683884248083586,0.2119385550849943,0.0,0.0,-0.6584692536711738,2.0376361038038984,0.04362201428314824,-0.07502786033587436,nan,nan,nan,nan,nan,nan,nan,nan,nan,nan,nan,nan,nan,nan,0.9925532689220032,0.0,0.0,-0.7878763586593569,-0.5023509000379194,-0.10524661393627174,-0.1541716884951647,nan,nan,nan,nan,nan,nan,nan,nan,nan,nan,nan,nan,nan,nan,nan,nan,nan,nan,nan,nan,nan,nan,nan,nan,nan,nan,nan,nan,nan,nan,nan,nan,nan,nan,nan,nan,nan,nan,nan,nan,nan,nan,nan,nan,nan,nan,nan,nan,nan,0.2292724965485997
1791062904.5964684,0.4981148806500443,1.0474812929551522,0.43934387717344414,0.10613595300658119,1.0892957125319889,0.2616133180177396,0.8155993909187099,0.0,0.0,1.4900913197507626,0.6906583991148556,-0.020499763208343534,0.00011577042988297753,0.38560039205034424,0.0,0.0,-0.24484497352217902,-0.5413583286042042,0.0016412718944067899,0.010646933362579433,nan,nan,nan,nan,nan,nan,nan,0.9784238939515761,0.0,0.0,0.04975867779790694,0.7127091215954875,-0.16995654928942266,0.1623060573343963,0.2119385550849943,0.0,0.0,-0.6549521761745365,2.0316483096615614,0.03142719248598311,-0.060501673162213304,nan,nan,nan,nan,nan,nan,nan,nan,nan,nan,nan,nan,nan,nan,0.9925532689220032,0.0,0.0,-0.7962826848109903,-0.5165570625465221,-0.08909104311033744,-0.16234024937271366,nan,nan,nan,nan,nan,nan,nan,nan,nan,nan,nan,nan,nan,nan,nan,nan,nan,nan,nan,nan,nan,nan,nan,nan,nan,nan,nan,nan,nan,nan,nan,nan,nan,nan,nan,nan,nan,nan,nan,nan,nan,nan,nan,nan,nan,nan,nan,nan,nan,0.22310753598917846
1791062904.697392,0.5187109945152896,1.0567517186614261,0.4374912271168985,0.09603578168548547,0.9856355200689703,0.2560783769089342,0.8155993909187099,0.0,0.0,1.4877061137131704,0.6905775298563522,-0.025510552957594256,-0.0004325991191864209,0.38560039205034424,0.0,0.0,-0.24464988939515045,-0.5401619024523425,0.0016966526033825808,0.011660445838387747,nan,nan,nan,nan,nan,nan,nan,0.9784238939515761,0.0,0.0,0.030389221193511645,0.7309325292555114,-0.17789967948082852,0.16171642107090922,0.2119385550849943,0.0,0.0,-0.6503441287779974,2.0240742212866385,0.0312844031390412,-0.0505788043424639,nan,nan,nan,nan,nan,nan,nan,nan,nan,nan,nan,nan,nan,nan,0.9925532689220032,0.0,0.0,-0.8066503518157128,-0.5336352095715368,-0.09873737577127707,-0.14398034475694949,nan,nan,nan,nan,nan,nan,nan,nan,nan,nan,nan,nan,nan,nan,nan,nan,nan,nan,nan,nan,nan,nan,nan,nan,nan,nan,nan,nan,nan,nan,nan,nan,nan,nan,nan,nan,nan,nan,nan,nan,nan,nan,nan,nan,nan,nan,nan,nan,nan,0.21039735277331237
1791062904.797174,0.5387507531757849,1.0657826286457923,0.43472739412403233,0.08689676874535014,0.8918398991652178,0.25098821718896547,0.8155993909187099,0.0,0.0,1.4850653708209345,0.6905702648232787,-0.02457821666644873,-0.0018209316391335122,0.38560039205034424,0.0,0.0,-0.24446343485572342,-0.5389590105256306,0.0023422208799913674,0.013381338757823817,nan,nan,nan,nan,nan,nan,nan,0.9784238939515761,0.0,0.0,0.013012087269646906,0.7475648531379725,-0.16975001424557595,0.1646667619865056,0.2119385550849943,0.0,0.0,-0.6475720020072376,2.018694187425971,0.029442437118451854,-0.05238044450680108,nan,nan,nan,nan,nan,nan,nan,nan,nan,nan,nan,nan,nan,nan,0.9925532689220032,0.0,0.0,-0.815473330941578,-0.5482104699529209,-0.08757219147023779,-0.14815554023073227,nan,nan,nan,nan,nan,nan,nan,nan,nan,nan,nan,nan,nan,nan,nan,nan,nan,nan,nan,nan,nan,nan,nan,nan,nan,nan,nan,nan,nan,nan,nan,nan,nan,nan,nan,nan,nan,nan,nan,nan,nan,nan,nan,nan,nan,nan,nan,nan,nan,0.2122490462269536
1791062904.8969345,0.5576338237794914,1.0743913134695524,0.43179063467159673,0.07872636550283073,0.8079853242580515,0.2463767027852186,0.8155993909187099,0.0,0.0,1.4824333897429545,0.6906737075062606,-0.02509928016292879,0.0026139314881138517,0.38560039205034424,0.0,0.0,-0.24421156251174408,-0.5376259777295849,0.0031732827082694673,0.014902544664587337,nan,nan,nan,nan,nan,nan,nan,0.9784238939515761,0.0,0.0,-0.004238899454341552,0.7643874423387401,-0.16706948961062337,0.1670932596199719,0.2119385550849943,0.0,0.0,-0.6449771059314038,2.0141341314168093,0.024198927151176382,-0.04213870884129974,nan,nan,nan,nan,nan,nan,nan,nan,nan,nan,nan,nan,nan,nan,0.9925532689220032,0.0,0.0,-0.8243198112766164,-0.5630335275410384,-0.0926975063892668,-0.14585384634556856,nan,nan,nan,nan,nan,nan,nan,nan,nan,nan,nan,nan,nan,nan,nan,nan,nan,nan,nan,nan,nan,nan,nan,nan,nan,nan,nan,nan,nan,nan,nan,nan,nan,nan,nan,nan,nan,nan,nan,nan,nan,nan,nan,nan,nan,nan,nan,nan,nan,0.22155085052721793
1791062904.9968886,0.5774939862542859,1.0827808231351503,0.43312881666939873,0.07123456129853568,0.7310953546700676,0.24210176086534727,0.8155993909187099,0.0,0.0,1.479827910982041,0.6907046503018419,-0.025799448674407255,-0.001423486335781218,0.38560039205034424,0.0,0.0,-0.24395493064004004,-0.5362559668124267,0.0033809969385934337,0.01725131442572938,nan,nan,nan,nan,nan,nan,nan,0.9784238939515761,0.0,0.0,-0.02132090687024997,0.7812892755768612,-0.16347052201606876,0.16482544805589994,0.2119385550849943,0.0,0.0,-0.6421345852860905,2.009556634475144,0.06456839345592734,-0.07598383090529019,nan,nan,nan,nan,nan,nan,nan,nan,nan,nan,nan,nan,nan,nan,0.9925532689220032,0.0,0.0,-0.8334601016737206,-0.5775779659180129,-0.09506432768007846,-0.14388390040889798,nan,nan,nan,nan,nan,nan,nan,nan,nan,nan,nan,nan,nan,nan,nan,nan,nan,nan,nan,nan,nan,nan,nan,nan,nan,nan,nan,nan,nan,nan,nan,nan,nan,nan,nan,nan,nan,nan,nan,nan,nan,nan,nan,nan,nan,nan,nan,nan,nan,0.20025517937011578
1791062905.0973496,0.5971479110548443,1.0914854880538996,0.431458928259215,0.06450074894079451,0.6619848155690755,0.2382245538503659,0.8155993909187099,0.0,0.0,1.47715135668696,0.6905635542539562,-0.028142385245356533,-0.0014484755565143258,0.38560039205034424,0.0,0.0,-0.24363369535536716,-0.5345276728065351,0.0034909389302173093,0.014656251380202415,nan,nan,nan,nan,nan,nan,nan,0.9784238939515761,0.0,0.0,-0.038539377708770854,0.7982444612781727,-0.17013607378729628,0.1688361893283383,0.2119385550849943,0.0,0.0,-0.6400422617413736,2.0053820576645736,-0.01377921328186656,-0.010531766587692733,nan,nan,nan,nan,nan,nan,nan,nan,nan,nan,nan,nan,nan,nan,0.9925532689220032,0.0,0.0,-0.8421736509382066,-0.5922835138139108,-0.07941808185914348,-0.1515691165855012,nan,nan,nan,nan,nan,nan,nan,nan,nan,nan,nan,nan,nan,nan,nan,nan,nan,nan,nan,nan,nan,nan,nan,nan,nan,nan,nan,nan,nan,nan,nan,nan,nan,nan,nan,nan,nan,nan,nan,nan,nan,nan,nan,nan,nan,nan,nan,nan,nan,0.20470747140438894
1791062905.1972,0.6157610821142444,1.0997212454443586,0.4304828785638563,0.05836269113826752,0.59898863135286,0.23466411736513107,0.8155993909187099,0.0,0.0,1.47438013589093,0.6905107791423104,-0.028931778778769394,-0.00017530386655725046,0.38560039205034424,0.0,0.0,-0.24332859997342757,-0.532927574095463,0.002539206544502283,0.017075603588882847,nan,nan,nan,nan,nan,nan,nan,0.9784238939515761,0.0,0.0,-0.05580114394693199,0.8149511469803933,-0.17011727448206154,0.16908999745134523,0.2119385550849943,0.0,0.0,-0.6382031063837594,2.0021679201836413,0.014715076303056355,-0.021962484621117245,nan,nan,nan,nan,nan,nan,nan,nan,nan,nan,nan,nan,nan,nan,0.9925532689220032,0.0,0.0,-0.8511137251199765,-0.6072795979271226,-0.09265748235389733,-0.1408786664082973,nan,nan,nan,nan,nan,nan,nan,nan,nan,nan,nan,nan,nan,nan,nan,nan,nan,nan,nan,nan,nan,nan,nan,nan,nan,nan,nan,nan,nan,nan,nan,nan,nan,nan,nan,nan,nan,nan,nan,nan,nan,nan,nan,nan,nan,nan,nan,nan,nan,0.22105528963843477
1791062905.2975461,0.6347607697181477,1.1080321395021508,0.4294252561471639,0.05281973270676533,0.5421000777276433,0.23142922346658887,0.8155993909187099,0.0,0.0,1.4707823634234929,0.6907786768613833,-0.029518497844703638,0.016454478424618283,0.38560039205034424,0.0,0.0,-0.2430703404169166,-0.5313186717211204,0.003668906316641788,0.01797418762822057,nan,nan,nan,nan,nan,nan,nan,0.9784238939515761,0.0,0.0,-0.07320482925121377,0.8319753203780236,-0.1789618726356222,0.17012959557921195,0.2119385550849943,0.0,0.0,-0.6367224897392472,1.9994356278147596,0.027912265323407008,-0.050460558188229906,nan,nan,nan,nan,nan,nan,nan,nan,nan,nan,nan,nan,nan,nan,0.9925532689220032,0.0,0.0,-0.8601548137622691,-0.6215358958596933,-0.0943644030765547,-0.14537996226179703,nan,nan,nan,nan,nan,nan,nan,nan,nan,nan,nan,nan,nan,nan,nan,nan,nan,nan,nan,nan,nan,nan,nan,nan,nan,nan,nan,nan,nan,nan,nan,nan,nan,nan,nan,nan,nan,nan,nan,nan,nan,nan,nan,nan,nan,nan,nan,nan,nan,0.21966527787936632
1791062905.397413,0.6546969834857411,1.1165648907445471,0.42920900699062436,0.047846387681931,0.4910575868559741,0.22851228352201974,0.8155993909187099,0.0,0.0,1.4672212291265352,0.6905979836659841,-0.03650610424305328,-0.0018888014992710668,0.38560039205034424,0.0,0.0,-0.24273147229752917,-0.5294179030283261,0.004245006506589045,0.021068774486586294,nan,nan,nan,nan,nan,nan,nan,0.9784238939515761,0.0,0.0,-0.08886702901669924,0.8471177731579932,-0.1718716333531928,0.16830996110445465,0.2119385550849943,0.0,0.0,-0.6331352545549755,1.9936074865895022,0.03206612969750331,-0.04703131105096859,nan,nan,nan,nan,nan,nan,nan,nan,nan,nan,nan,nan,nan,nan,0.9925532689220032,0.0,0.0,-0.8691423186316426,-0.6364335033148931,-0.08827289182668685,-0.15932559110181532,nan,nan,nan,nan,nan,nan,nan,nan,nan,nan,nan,nan,nan,nan,nan,nan,nan,nan,nan,nan,nan,nan,nan,nan,nan,nan,nan,nan,nan,nan,nan,nan,nan,nan,nan,nan,nan,nan,nan,nan,nan,nan,nan,nan,nan,nan,nan,nan,nan,0.22125517126281147
1791062905.4962616,0.6743600967795957,1.1250765167199577,0.42980159871220974,0.04329320189743603,0.4443272790487372,0.2258308398827966,0.8155993909187099,0.0,0.0,1.463635716382362,0.6904326337976315,-0.04314987139079261,-0.002626691596463608,0.38560039205034424,0.0,0.0,-0.24242508146066127,-0.5274494679754381,0.0033660181553310455,0.021089970755330607,nan,nan,nan,nan,nan,nan,nan,0.9784238939515761,0.0,0.0,-0.1083011599038115,0.8656086999623538,-0.18005615105969686,0.17048838636330502,0.2119385550849943,0.0,0.0,-0.6309566009114784,1.9898048541642073,0.027775156304387115,-0.04669885664740577,nan,nan,nan,nan,nan,nan,nan,nan,nan,nan,nan,nan,nan,nan,0.9925532689220032,0.0,0.0,-0.8785913624195375,-0.6512977165833863,-0.10570625062057319,-0.1459279497724023,nan,nan,nan,nan,nan,nan,nan,nan,nan,nan,nan,nan,nan,nan,nan,nan,nan,nan,nan,nan,nan,nan,nan,nan,nan,nan,nan,nan,nan,nan,nan,nan,nan,nan,nan,nan,nan,nan,nan,nan,nan,nan,nan,nan,nan,nan,nan,nan,nan,0.23065126130516303
1791062905.5969687,0.6936658126630497,1.133368387223028,0.43045946031304605,0.039173309028278216,0.4020439479876174,0.22339637586191927,0.8155993909187099,0.0,0.0,1.4592524385522996,0.6903806546705424,-0.04732761816617295,0.0010068887894308653,0.38560039205034424,0.0,0.0,-0.24199750427233882,-0.5247641450587566,0.004634697954791212,0.026740619666030252,nan,nan,nan,nan,nan,nan,nan,0.9784238939515761,0.0,0.0,-0.12436179412910806,0.8808701904219468,-0.18246477020257035,0.16936491649141072,0.2119385550849943,0.0,0.0,-0.6283494047791094,1.985398762048958,0.04241865796287841,-0.06155362910808147,nan,nan,nan,nan,nan,nan,nan,nan,nan,nan,nan,nan,nan,nan,0.9925532689220032,0.0,0.0,-0.8886834809825869,-0.6666664611128301,-0.09023803126011748,-0.1597638896692243,nan,nan,nan,nan,nan,nan,nan,nan,nan,nan,nan,nan,nan,nan,nan,nan,nan,nan,nan,nan,nan,nan,nan,nan,nan,nan,nan,nan,nan,nan,nan,nan,nan,nan,nan,nan,nan,nan,nan,nan,nan,nan,nan,nan,nan,nan,nan,nan,nan,0.21282052357188636
1791062905.6975594,0.7137832306804911,1.1421269249659785,0.4295587414848789,0.03544547580190099,0.36378440788366023,0.22118748690028867,0.8155993909187099,0.0,0.0,1.4540877358299606,0.6905369806201572,-0.05148783217615141,-0.006015334444082144,0.38560039205034424,0.0,0.0,-0.2414675991270496,-0.5221754537326574,0.006583467643197583,0.02473863744245567,nan,nan,nan,nan,nan,nan,nan,0.9784238939515761,0.0,0.0,-0.1434022778388031,0.8992156752432984,-0.18815492618601504,0.16451661248075475,0.2119385550849943,0.0,0.0,-0.6262523483159337,1.9814369567894843,0.01372281237372197,-0.027562597238381194,nan,nan,nan,nan,nan,nan,nan,nan,nan,nan,nan,nan,nan,nan,0.9925532689220032,0.0,0.0,-0.898022093774989,-0.6820443407434378,-0.09550091991808532,-0.15355771525387296,nan,nan,nan,nan,nan,nan,nan,nan,nan,nan,nan,nan,nan,nan,nan,nan,nan,nan,nan,nan,nan,nan,nan,nan,nan,nan,nan,nan,nan,nan,nan,nan,nan,nan,nan,nan,nan,nan,nan,nan,nan,nan,nan,nan,nan,nan,nan,nan,nan,0.20212426529895205
1791062905.7959092,0.7304049616017881,1.149827989766249,0.42594290083718783,0.032121448932474206,0.3296692177465047,0.2192134336039585,0.8155993909187099,0.0,0.0,1.4492710139115643,0.6903695241228545,-0.0559993405050126,-0.0017410652125798847,0.38560039205034424,0.0,0.0,-0.24098976362981847,-0.519750387106291,0.0019856803443405596,0.02883618280676486,nan,nan,nan,nan,nan,nan,nan,0.9784238939515761,0.0,0.0,-0.15868266392030808,0.9140941782645396,-0.1554505742416793,0.16327964547480164,0.2119385550849943,0.0,0.0,-0.6246100898632884,1.9788295803580283,0.03845438841930482,-0.049107243849878995,nan,nan,nan,nan,nan,nan,nan,nan,nan,nan,nan,nan,nan,nan,0.9925532689220032,0.0,0.0,-0.9067924478882157,-0.6957620502228843,-0.10757318187405328,-0.1480630492152063,nan,nan,nan,nan,nan,nan,nan,nan,nan,nan,nan,nan,nan,nan,nan,nan,nan,nan,nan,nan,nan,nan,nan,nan,nan,nan,nan,nan,nan,nan,nan,nan,nan,nan,nan,nan,nan,nan,nan,nan,nan,nan,nan,nan,nan,nan,nan,nan,nan,0.2189604301468397
1791062905.8982449,0.749564389871762,1.1580553521982,0.42702434390586647,0.02906468892037317,0.298297043840322,0.2173947527071091,0.8155993909187099,0.0,0.0,1.443036384670672,0.6905705775516503,-0.05291968435755871,0.0007577708609981886,0.38560039205034424,0.0,0.0,-0.24050623757520395,-0.5169309762418433,0.00553354768015456,0.030671506233205293,nan,nan,nan,nan,nan,nan,nan,0.9784238939515761,0.0,0.0,-0.177396879954618,0.932495606003798,-0.16905045464843904,0.16768129149855054,0.2119385550849943,0.0,0.0,-0.6231051676957384,1.9759061611441562,0.018538824421215763,-0.03457511428381206,nan,nan,nan,nan,nan,nan,nan,nan,nan,nan,nan,nan,nan,nan,0.9925532689220032,0.0,0.0,-0.9167843879533247,-0.7125582119577105,-0.08740579447147513,-0.1554300963002425,nan,nan,nan,nan,nan,nan,nan,nan,nan,nan,nan,nan,nan,nan,nan,nan,nan,nan,nan,nan,nan,nan,nan,nan,nan,nan,nan,nan,nan,nan,nan,nan,nan,nan,nan,nan,nan,nan,nan,nan,nan,nan,nan,nan,nan,nan,nan,nan,nan,0.18617558313707128
1791062905.9972398,0.766949600418801,1.1654396130577087,0.42922294257309496,0.02630280247204943,0.26995121962679935,0.2157490077851088,0.8155993909187099,0.0,0.0,1.4369249187115374,0.6903078082641275,-0.06743865694206438,-0.004778302034684284,0.38560039205034424,0.0,0.0,-0.23991638714112812,-0.513175936723805,0.0047101056985536524,0.038474771144612376,nan,nan,nan,nan,nan,nan,nan,0.9784238939515761,0.0,0.0,-0.19448719807723486,0.9491681794114996,-0.16764978758883067,0.16647722378802018,0.2119385550849943,0.0,0.0,-0.6211266226057405,1.9725302775592084,0.018449929949360018,-0.03161974574606072,nan,nan,nan,nan,nan,nan,nan,nan,nan,nan,nan,nan,nan,nan,0.9925532689220032,0.0,0.0,-0.9261537876053494,-0.7274959673307506,-0.10125418956693785,-0.1477345325870845,nan,nan,nan,nan,nan,nan,nan,nan,nan,nan,nan,nan,nan,nan,nan,nan,nan,nan,nan,nan,nan,nan,nan,nan,nan,nan,nan,nan,nan,nan,nan,nan,nan,nan,nan,nan,nan,nan,nan,nan,nan,nan,nan,nan,nan,nan,nan,nan,nan,0.19696841525210068
1791062906.0961049,0.7838567735736612,1.1726581558599865,0.4312041911353794,0.02379975988061205,0.2442619646109365,0.2142556397522752,0.8155993909187099,0.0,0.0,1.4313788474278035,0.6904982269757176,-0.05844843316635097,0.0031959567483741506,0.38560039205034424,0.0,0.0,-0.23925679822962362,-0.5095583835217301,0.009518315550886208,0.04105697500116849,nan,nan,nan,nan,nan,nan,nan,0.9784238939515761,0.0,0.0,-0.20998617617651877,0.9641195291688012,-0.1738410120363443,0.1677942434925021,0.2119385550849943,0.0,0.0,-0.6196360597758693,1.9698354565135534,0.012953556176375721,-0.027346384671682045,nan,nan,nan,nan,nan,nan,nan,nan,nan,nan,nan,nan,nan,nan,0.9925532689220032,0.0,0.0,-0.9346580986785941,-0.7414555795601832,-0.10884678740312495,-0.16489838447677474,nan,nan,nan,nan,nan,nan,nan,nan,nan,nan,nan,nan,nan,nan,nan,nan,nan,nan,nan,nan,nan,nan,nan,nan,nan,nan,nan,nan,nan,nan,nan,nan,nan,nan,nan,nan,nan,nan,nan,nan,nan,nan,nan,nan,nan,nan,nan,nan,nan,0.18615717166629298
1791062906.1974223,0.8019264144257827,1.1803213333909404,0.43411475312009673,0.02153491328493352,0.22101736543103076,0.21290300156665617,0.8155993909187099,0.0,0.0,1.4247066169470397,0.690532776723713,-0.06795855290306402,0.009846127162955234,0.38560039205034424,0.0,0.0,-0.23844813440591903,-0.5052201722722568,0.006045922872750246,0.0418779791018235,nan,nan,nan,nan,nan,nan,nan,0.9784238939515761,0.0,0.0,-0.22882390106928097,0.9825459062457381,-0.17166245710524772,0.16848227003850236,0.2119385550849943,0.0,0.0,-0.6177156932041384,1.966384134716174,0.015265124463549946,-0.03111317239160257,nan,nan,nan,nan,nan,nan,nan,nan,nan,nan,nan,nan,nan,nan,0.9925532689220032,0.0,0.0,-0.9446128425847756,-0.7581424474738075,-0.09690008035557983,-0.1495350210691472,nan,nan,nan,nan,nan,nan,nan,nan,nan,nan,nan,nan,nan,nan,nan,nan,nan,nan,nan,nan,nan,nan,nan,nan,nan,nan,nan,nan,nan,nan,nan,nan,nan,nan,nan,nan,nan,nan,nan,nan,nan,nan,nan,nan,nan,nan,nan,nan,nan,0.21127226639941296
1791062906.2968256,0.8190852634988468,1.1880616837433948,0.4356406766336436,0.01948887256565184,0.20001841719488309,0.21168001779303125,0.8155993909187099,0.0,0.0,1.415843430788005,0.6906042726549528,-0.09131173369272363,-0.0013282460519374699,0.38560039205034424,0.0,0.0,-0.23775711655499143,-0.5007422419603553,0.00840596692593814,0.047966158095399156,nan,nan,nan,nan,nan,nan,nan,0.9784238939515761,0.0,0.0,-0.24428917872420194,0.997802472159043,-0.17868156691524345,0.1663714353541244,0.2119385550849943,0.0,0.0,-0.61605672377187,1.963460569992249,0.019009381789316347,-0.03206115549533979,nan,nan,nan,nan,nan,nan,nan,nan,nan,nan,nan,nan,nan,nan,0.9925532689220032,0.0,0.0,-0.9538789267647119,-0.7731219688898274,-0.09136166403180632,-0.15171684582025763,nan,nan,nan,nan,nan,nan,nan,nan,nan,nan,nan,nan,nan,nan,nan,nan,nan,nan,nan,nan,nan,nan,nan,nan,nan,nan,nan,nan,nan,nan,nan,nan,nan,nan,nan,nan,nan,nan,nan,nan,nan,nan,nan,nan,nan,nan,nan,nan,nan,0.18785724856044836
1791062906.3963358,0.8378249173350932,1.1958834280446442,0.43671829511813637,0.017634261137431235,0.18098414822244296,0.21057069710275728,0.8155993909187099,0.0,0.0,1.4069235981546708,0.6905352295511301,-0.10524698354852262,0.007248611926764627,0.38560039205034424,0.0,0.0,-0.23686406335381613,-0.49637148139740583,0.010746049675348394,0.039271410838102525,nan,nan,nan,nan,nan,nan,nan,0.9784238939515761,0.0,0.0,-0.2633747915253938,1.0159545401048076,-0.17641140502569352,0.16433640974855176,0.2119385550849943,0.0,0.0,-0.6142108531065961,1.9602474655112063,0.016455916476232547,-0.026603483619465816,nan,nan,nan,nan,nan,nan,nan,nan,nan,nan,nan,nan,nan,nan,0.9925532689220032,0.0,0.0,-0.9627748797168196,-0.7881613394956625,-0.08882090989691985,-0.15115838027030695,nan,nan,nan,nan,nan,nan,nan,nan,nan,nan,nan,nan,nan,nan,nan,nan,nan,nan,nan,nan,nan,nan,nan,nan,nan,nan,nan,nan,nan,nan,nan,nan,nan,nan,nan,nan,nan,nan,nan,nan,nan,nan,nan,nan,nan,nan,nan,nan,nan,0.18065684206185298
1791062906.4969969,0.854165403490789,1.2032326007788818,0.4394146578596462,0.015962281813962666,0.16382427113175044,0.2095700550160093,0.8155993909187099,0.0,0.0,1.393787331462329,0.690534127378477,-0.13518562364344894,0.010648110479914057,0.38560039205034424,0.0,0.0,-0.2361320036227718,-0.4921232994550244,0.007382071043931501,0.04650337875465726,nan,nan,nan,nan,nan,nan,nan,0.9784238939515761,0.0,0.0,-0.2806741136198627,1.032180778846675,-0.17383175293563385,0.1562236712221929,0.2119385550849943,0.0,0.0,-0.6125307802640021,1.957213434310916,0.015670058660458036,-0.02679193991168026,nan,nan,nan,nan,nan,nan,nan,nan,nan,nan,nan,nan,nan,nan,0.9925532689220032,0.0,0.0,-0.9719423622018741,-0.8028762796216129,-0.09723385028392464,-0.14363305010959831,nan,nan,nan,nan,nan,nan,nan,nan,nan,nan,nan,nan,nan,nan,nan,nan,nan,nan,nan,nan,nan,nan,nan,nan,nan,nan,nan,nan,nan,nan,nan,nan,nan,nan,nan,nan,nan,nan,nan,nan,nan,nan,nan,nan,nan,nan,nan,nan,nan,0.1857460084211472
1791062906.5976634,0.8710076024359985,1.2104612685684502,0.43915984435332445,0.01444326986724615,0.1482343305511013,0.20866054262203587,0.8155993909187099,0.0,0.0,1.380163150384775,0.6905196812131257,-0.14892359198458066,0.013608576228847296,0.38560039205034424,0.0,0.0,-0.23530765313916718,-0.4875574526227185,0.009096506508333432,0.046996680748550276,nan,nan,nan,nan,nan,nan,nan,0.9784238939515761,0.0,0.0,-0.29803454263950274,1.0482465525491622,-0.17888674249133074,0.15782861283275124,0.2119385550849943,0.0,0.0,-0.6109386750708824,1.954363115666892,0.016237438621968033,-0.029819755093220282,nan,nan,nan,nan,nan,nan,nan,nan,nan,nan,nan,nan,nan,nan,0.9925532689220032,0.0,0.0,-0.9801583541617327,-0.8163796849641072,-0.08886503372767264,-0.15461146288216507,nan,nan,nan,nan,nan,nan,nan,nan,nan,nan,nan,nan,nan,nan,nan,nan,nan,nan,nan,nan,nan,nan,nan,nan,nan,nan,nan,nan,nan,nan,nan,nan,nan,nan,nan,nan,nan,nan,nan,nan,nan,nan,nan,nan,nan,nan,nan,nan,nan,0.17518788020414539
1791062906.6947272,0.8856929271429034,1.2171604448924898,0.4390054795787,0.013079831232605655,0.13424107174536684,0.20784387331649867,0.8155993909187099,0.0,0.0,1.3660348468805656,0.6904381460377736,-0.16104510832324867,0.006149393053819596,0.38560039205034424,0.0,0.0,-0.2344443463627436,-0.48364405307158753,0.010165970812255056,0.04010694630546189,nan,nan,nan,nan,nan,nan,nan,0.9784238939515761,0.0,0.0,-0.3135330946177409,1.062598223161387,-0.17035569124104588,0.1628123130892709,0.2119385550849943,0.0,0.0,-0.6094719388966572,1.9517771731851565,-0.0032828947055394287,-0.009375171327568455,nan,nan,nan,nan,nan,nan,nan,nan,nan,nan,nan,nan,nan,nan,0.9925532689220032,0.0,0.0,-0.9890154657341886,-0.8317479159381028,-0.08737700727511291,-0.1536936002672665,nan,nan,nan,nan,nan,nan,nan,nan,nan,nan,nan,nan,nan,nan,nan,nan,nan,nan,nan,nan,nan,nan,nan,nan,nan,nan,nan,nan,nan,nan,nan,nan,nan,nan,nan,nan,nan,nan,nan,nan,nan,nan,nan,nan,nan,nan,nan,nan,nan,0.17787074239425932
1791062906.7946677,0.9022539044808306,1.2246441466055358,0.43794451150887426,0.011835622568052533,0.12147149531626718,0.20709839072203687,0.8155993909187099,0.0,0.0,1.3491733436893194,0.6904534409802304,-0.1713991566071575,0.00213397463355254,0.38560039205034424,0.0,0.0,-0.2338033213300257,-0.47969870342370324,0.006461457599483865,0.03946192463586703,nan,nan,nan,nan,nan,nan,nan,0.9784238939515761,0.0,0.0,-0.3308721798131065,1.0789019169965601,-0.1685102453484875,0.16936579019405568,0.2119385550849943,0.0,0.0,-0.6080004395682357,1.9492697716516922,0.01496391669595886,-0.023261820021331713,nan,nan,nan,nan,nan,nan,nan,nan,nan,nan,nan,nan,nan,nan,0.9925532689220032,0.0,0.0,-0.9985336184793573,-0.8473490427168543,-0.10067923900115741,-0.15959998518754465,nan,nan,nan,nan,nan,nan,nan,nan,nan,nan,nan,nan,nan,nan,nan,nan,nan,nan,nan,nan,nan,nan,nan,nan,nan,nan,nan,nan,nan,nan,nan,nan,nan,nan,nan,nan,nan,nan,nan,nan,nan,nan,nan,nan,nan,nan,nan,nan,nan,0.19824021022948227
1791062906.896269,0.9204391381436114,1.2328316805824708,0.43701498728157057,0.010709314168844391,0.10991195422306078,0.20642337857287985,0.8155993909187099,0.0,0.0,1.3307417692776902,0.6904730576391318,-0.19002870977569958,-0.002628116781898287,0.38560039205034424,0.0,0.0,-0.23317430054171143,-0.47582435548139207,0.008272866136252688,0.03841741974226839,nan,nan,nan,nan,nan,nan,nan,0.9784238939515761,0.0,0.0,-0.34836366557113446,1.0952955477703903,-0.17275019949997694,0.1652158627448416,0.2119385550849943,0.0,0.0,-0.6068245855977847,1.9472218747261274,0.010209247135719069,-0.019998860277939963,nan,nan,nan,nan,nan,nan,nan,nan,nan,nan,nan,nan,nan,nan,0.9925532689220032,0.0,0.0,-1.00743111484919,-0.8632838517343027,-0.0831321204646911,-0.16152845634389734,nan,nan,nan,nan,nan,nan,nan,nan,nan,nan,nan,nan,nan,nan,nan,nan,nan,nan,nan,nan,nan,nan,nan,nan,nan,nan,nan,nan,nan,nan,nan,nan,nan,nan,nan,nan,nan,nan,nan,nan,nan,nan,nan,nan,nan,nan,nan,nan,nan,0.19616837688208416
1791062906.9953716,0.9382002128832576,1.2407092396321913,0.437302757502592,0.009697767779496744,0.09953023988658818,0.20581701954582635,0.8155993909187099,0.0,0.0,1.3093256881975457,0.6903906831338237,-0.20249727496693953,-0.003652475383052133,0.38560039205034424,0.0,0.0,-0.23238962067919489,-0.47196262132671546,0.00761434659891051,0.037873087078487626,nan,nan,nan,nan,nan,nan,nan,0.9784238939515761,0.0,0.0,-0.3658932019701217,1.111606595305094,-0.18194638572812935,0.16257246584558943,0.2119385550849943,0.0,0.0,-0.6053312300457129,1.9447990630671794,0.018780804636124283,-0.029509374485302404,nan,nan,nan,nan,nan,nan,nan,nan,nan,nan,nan,nan,nan,nan,0.9925532689220032,0.0,0.0,-1.0179081357187485,-0.8794433752245664,-0.1011275276636613,-0.14993486512549453,nan,nan,nan,nan,nan,nan,nan,nan,nan,nan,nan,nan,nan,nan,nan,nan,nan,nan,nan,nan,nan,nan,nan,nan,nan,nan,nan,nan,nan,nan,nan,nan,nan,nan,nan,nan,nan,nan,nan,nan,nan,nan,nan,nan,nan,nan,nan,nan,nan,0.1983077523894719
1791062907.0969465,0.9552881874417148,1.2482515250322725,0.4379676494467617,0.008774903161196017,0.09005868530507781,0.20526372604913834,0.8155993909187099,0.0,0.0,1.288564763233854,0.6903631201826701,-0.21305473706661343,-0.0001639160869455384,0.38560039205034424,0.0,0.0,-0.23178932204263933,-0.4687439007417846,0.005178186633077238,0.029295949014485716,nan,nan,nan,nan,nan,nan,nan,0.9784238939515761,0.0,0.0,-0.38529851737162946,1.1295058913718616,-0.18058750921923727,0.16505115574065415,0.2119385550849943,0.0,0.0,-0.6043651340540117,1.942756098759043,0.007886915484211587,-0.017005798142962856,nan,nan,nan,nan,nan,nan,nan,nan,nan,nan,nan,nan,nan,nan,0.9925532689220032,0.0,0.0,-1.0274155966546052,-0.8963136810585112,-0.06413698814858425,-0.13672997262271053,nan,nan,nan,nan,nan,nan,nan,nan,nan,nan,nan,nan,nan,nan,nan,nan,nan,nan,nan,nan,nan,nan,nan,nan,nan,nan,nan,nan,nan,nan,nan,nan,nan,nan,nan,nan,nan,nan,nan,nan,nan,nan,nan,nan,nan,nan,nan,nan,nan,0.1859074103078576
1791062907.1956286,0.9733903123912571,1.2563544429665727,0.4369820143445971,0.007939934738184912,0.08148922794853815,0.2047630600504342,0.8155993909187099,0.0,0.0,1.2663165185907002,0.6902645805504773,-0.2294442224697658,-0.003189947606914508,0.38560039205034424,0.0,0.0,-0.23128850851994115,-0.4656214710138107,0.004667409181581149,0.029490421405921577,nan,nan,nan,nan,nan,nan,nan,0.9784238939515761,0.0,0.0,-0.40276357056714407,1.145608222813532,-0.17955102146071128,0.16247286654277668,0.2119385550849943,0.0,0.0,-0.603350401984288,1.9413603922078728,0.013062212625390377,-0.01907984400410937,nan,nan,nan,nan,nan,nan,nan,nan,nan,nan,nan,nan,nan,nan,0.9925532689220032,0.0,0.0,-1.0282638661340748,-0.8980930779882526,-0.001305860005667373,-0.008163301317434753,nan,nan,nan,nan,nan,nan,nan,nan,nan,nan,nan,nan,nan,nan,nan,nan,nan,nan,nan,nan,nan,nan,nan,nan,nan,nan,nan,nan,nan,nan,nan,nan,nan,nan,nan,nan,nan,nan,nan,nan,nan,nan,nan,nan,nan,nan,nan,nan,nan,0.19770654042053248
1791062907.295224,0.988279806923455,1.2632799957936396,0.43659011795494534,0.007188846941862302,0.07378065518791492,0.20431263956041723,0.8155993909187099,0.0,0.0,1.24582950703383,0.6898833757876808,-0.23247951092584013,-0.0062990403882316436,0.38560039205034424,0.0,0.0,-0.23075978944312814,-0.4626320972464818,0.005727448724252693,0.030542039889113307,nan,nan,nan,nan,nan,nan,nan,0.9784238939515761,0.0,0.0,-0.41857144031093013,1.1600437373687473,-0.17280241748488318,0.15613969866429916,0.2119385550849943,0.0,0.0,-0.6022786170751911,1.93953164826457,0.010470392617112578,-0.019879177105666834,nan,nan,nan,nan,nan,nan,nan,nan,nan,nan,nan,nan,nan,nan,0.9925532689220032,0.0,0.0,-1.0282768509511169,-0.8979066419321466,0.002327285075844199,0.003574321443376869,nan,nan,nan,nan,nan,nan,nan,nan,nan,nan,nan,nan,nan,nan,nan,nan,nan,nan,nan,nan,nan,nan,nan,nan,nan,nan,nan,nan,nan,nan,nan,nan,nan,nan,nan,nan,nan,nan,nan,nan,nan,nan,nan,nan,nan,nan,nan,nan,nan,0.15872989422457154
1791062907.3965116,1.0079164385328385,1.2697118273014742,0.4191429189663238,0.006504737707668164,0.06675949756317479,0.20390234729335446,0.8155993909187099,0.0,0.0,1.2222222270558027,0.6897262991127926,-0.23461636895853943,-0.0055598081221443175,0.38560039205034424,0.0,0.0,-0.23010340900356405,-0.4594245298465027,0.004891744886124602,0.02813421404055889,nan,nan,nan,nan,nan,nan,nan,0.9784238939515761,0.0,0.0,-0.4362618938305532,1.175977128142305,-0.17365819545475034,0.1576746311531198,0.2119385550849943,0.0,0.0,-0.6010688669750032,1.9373060350613207,0.013857200910471087,-0.02514446348880306,nan,nan,nan,nan,nan,nan,nan,nan,nan,nan,nan,nan,nan,nan,0.9925532689220032,0.0,0.0,-1.0281454995865362,-0.898173725542354,0.025989797264559807,-0.009743722031598559,nan,nan,nan,nan,nan,nan,nan,nan,nan,nan,nan,nan,nan,nan,nan,nan,nan,nan,nan,nan,nan,nan,nan,nan,nan,nan,nan,nan,nan,nan,nan,nan,nan,nan,nan,nan,nan,nan,nan,nan,nan,nan,nan,nan,nan,nan,nan,nan,nan,0.19079218141626494
1791062907.49651,1.0242908233946573,1.278342230723803,0.42711111708368704,0.005885730074341946,0.06040649142429353,0.20353107108406154,0.8155993909187099,0.0,0.0,1.1963293690036616,0.6892452453333052,-0.24049857114561057,-0.014808006000156136,0.38560039205034424,0.0,0.0,-0.2296353031751472,-0.45677725198048585,0.004757724720916704,0.027177659576866617,nan,nan,nan,nan,nan,nan,nan,0.9784238939515761,0.0,0.0,-0.45539216121001913,1.193043782707485,-0.16787069274261227,0.15459618519021454,0.2119385550849943,0.0,0.0,-0.5992335891895394,1.9340297027456657,0.02691335040181509,-0.044715580022754595,nan,nan,nan,nan,nan,nan,nan,nan,nan,nan,nan,nan,nan,nan,0.9925532689220032,0.0,0.0,-1.028384667085578,-0.8980123049869104,0.0009163080888686736,0.00037130614519056146,nan,nan,nan,nan,nan,nan,nan,nan,nan,nan,nan,nan,nan,nan,nan,nan,nan,nan,nan,nan,nan,nan,nan,nan,nan,nan,nan,nan,nan,nan,nan,nan,nan,nan,nan,nan,nan,nan,nan,nan,nan,nan,nan,nan,nan,nan,nan,nan,nan,0.1847206352244679
1791062907.5966134,1.0417430284681057,1.2858377287316975,0.42670096634487986,0.005326081955864002,0.05466270452913259,0.20319537724691925,0.8155993909187099,0.0,0.0,1.1730672133638465,0.6891774492231671,-0.22139747230142215,0.007734190753121458,0.38560039205034424,0.0,0.0,-0.22930761067923344,-0.45439028619985306,0.004480219193086682,0.029569492983706595,nan,nan,nan,nan,nan,nan,nan,0.9784238939515761,0.0,0.0,-0.47269746197432705,1.2086128956439872,-0.17246752736194804,0.1523542205100702,0.2119385550849943,0.0,0.0,-0.5965300703954106,1.929258298269765,0.02200705612552853,-0.041841716017221524,nan,nan,nan,nan,nan,nan,nan,nan,nan,nan,nan,nan,nan,nan,0.9925532689220032,0.0,0.0,-1.028404945966541,-0.8980092914607306,-0.0015118259410164508,0.0004953798190114144,nan,nan,nan,nan,nan,nan,nan,nan,nan,nan,nan,nan,nan,nan,nan,nan,nan,nan,nan,nan,nan,nan,nan,nan,nan,nan,nan,nan,nan,nan,nan,nan,nan,nan,nan,nan,nan,nan,nan,nan,nan,nan,nan,nan,nan,nan,nan,nan,nan,0.1908480176904114
1791062907.69524,1.0563284176215249,1.2922715984507116,0.42739102022049574,0.004826469309130806,0.04953507436615205,0.20289567922544954,0.8155993909187099,0.0,0.0,1.1520855875321494,0.688468648391213,-0.21808123242978986,-0.008931163359216732,0.38560039205034424,0.0,0.0,-0.2288579484211218,-0.45166295805198203,0.004627021340584949,0.028945009791801358,nan,nan,nan,nan,nan,nan,nan,0.9784238939515761,0.0,0.0,-0.48826190880286363,1.2222493296042072,-0.1778423953593972,0.15997928378699877,0.2119385550849943,0.0,0.0,-0.5941991361975204,1.9252917070939126,0.043301278911530364,-0.060827556689708545,nan,nan,nan,nan,nan,nan,nan,nan,nan,nan,nan,nan,nan,nan,0.9925532689220032,0.0,0.0,-1.0284637080098946,-0.8980374754386875,-0.0005801909500625055,-0.00045881596586449977,nan,nan,nan,nan,nan,nan,nan,nan,nan,nan,nan,nan,nan,nan,nan,nan,nan,nan,nan,nan,nan,nan,nan,nan,nan,nan,nan,nan,nan,nan,nan,nan,nan,nan,nan,nan,nan,nan,nan,nan,nan,nan,nan,nan,nan,nan,nan,nan,nan,0.18668967290514385
1791062907.795197,1.0734872276923615,1.3001457295589858,0.4275316436623452,0.0043672902460528285,0.044822422615955,0.20262022422097622,0.8155993909187099,0.0,0.0,1.1287122448133182,0.6878409527695434,-0.23878665171406818,-0.004402629096209445,0.38560039205034424,0.0,0.0,-0.22834364073814722,-0.4487356634570933,0.005435765207718339,0.030697961092244538,nan,nan,nan,nan,nan,nan,nan,0.9784238939515761,0.0,0.0,-0.5052718977005971,1.2375057275862242,-0.16904169762989954,0.1478981760695322,0.2119385550849943,0.0,0.0,-0.5921753611605906,1.921487182252162,0.020148298030125147,-0.03735473989280686,nan,nan,nan,nan,nan,nan,nan,nan,nan,nan,nan,nan,nan,nan,0.9925532689220032,0.0,0.0,-1.0284233459959249,-0.8980146508815706,0.00045575147899930225,0.0003643929469401016,nan,nan,nan,nan,nan,nan,nan,nan,nan,nan,nan,nan,nan,nan,nan,nan,nan,nan,nan,nan,nan,nan,nan,nan,nan,nan,nan,nan,nan,nan,nan,nan,nan,nan,nan,nan,nan,nan,nan,nan,nan,nan,nan,nan,nan,nan,nan,nan,nan,0.2074563997019389
1791062907.8964942,1.0911478788871545,1.3083043685063285,0.4274227094727447,0.003951687631350789,0.04055700516326634,0.20237090150902987,0.8155993909187099,0.0,0.0,1.1051819749086096,0.6872236258858723,-0.23962103484012048,0.01039224770249539,0.38560039205034424,0.0,0.0,-0.22776922981995418,-0.4457752165982653,0.0039559365408119935,0.026030412635802143,nan,nan,nan,nan,nan,nan,nan,0.9784238939515761,0.0,0.0,-0.5226604789537173,1.2529924638355021,-0.17309655899615456,0.14690251412678917,0.2119385550849943,0.0,0.0,-0.5901639375160345,1.9179648839741694,0.013853369443244463,-0.02302050952859934,nan,nan,nan,nan,nan,nan,nan,nan,nan,nan,nan,nan,nan,nan,0.9925532689220032,0.0,0.0,-1.028391811233782,-0.898001917422591,0.0008124579132636959,0.0008108758669606815,nan,nan,nan,nan,nan,nan,nan,nan,nan,nan,nan,nan,nan,nan,nan,nan,nan,nan,nan,nan,nan,nan,nan,nan,nan,nan,nan,nan,nan,nan,nan,nan,nan,nan,nan,nan,nan,nan,nan,nan,nan,nan,nan,nan,nan,nan,nan,nan,nan,0.18461518554187825
1791062907.9962265,1.1074658350763653,1.3156051679357328,0.42761925731683703,0.0035783880993167797,0.03672575318676003,0.20214695038601738,0.8155993909187099,0.0,0.0,1.0815853120040348,0.6864763017269107,-0.2432917981316159,-0.0018726120519671563,0.38560039205034424,0.0,0.0,-0.22742194158634144,-0.44348304829477697,0.003319348015195925,0.02448678171869122,nan,nan,nan,nan,nan,nan,nan,0.9784238939515761,0.0,0.0,-0.5401658829425474,1.2684181841082782,-0.1738800633130259,0.1485905291476074,0.2119385550849943,0.0,0.0,-0.5891738868968444,1.9161694746729236,0.016779444058704438,-0.026417700784005252,nan,nan,nan,nan,nan,nan,nan,nan,nan,nan,nan,nan,nan,nan,0.9925532689220032,0.0,0.0,-1.0283897405109321,-0.898023951735186,-0.00023097631246302342,-0.0005601498482476969,nan,nan,nan,nan,nan,nan,nan,nan,nan,nan,nan,nan,nan,nan,nan,nan,nan,nan,nan,nan,nan,nan,nan,nan,nan,nan,nan,nan,nan,nan,nan,nan,nan,nan,nan,nan,nan,nan,nan,nan,nan,nan,nan,nan,nan,nan,nan,nan,nan,0.1817671056868061
1791062908.0961583,1.1237976786505344,1.3228581895376936,0.4310830756348224,0.0032378594495805187,0.03323083569985513,0.20194265457131239,0.8155993909187099,0.0,0.0,1.0580700553439435,0.6855312617552272,-0.2365054950670118,-0.01700307998652047,0.38560039205034424,0.0,0.0,-0.22694196209630008,-0.44069227066555017,0.005085404249499644,0.02716213865425065,nan,nan,nan,nan,nan,nan,nan,0.9784238939515761,0.0,0.0,-0.5591838432398671,1.284817757744943,-0.16771116545910905,0.14290716415119553,0.2119385550849943,0.0,0.0,-0.5874112746514956,1.912949646145753,0.02145331529957234,-0.0363968341280442,nan,nan,nan,nan,nan,nan,nan,nan,nan,nan,nan,nan,nan,nan,0.9925532689220032,0.0,0.0,-1.0283864372194982,-0.8980381550791459,0.00042871309941276854,-0.0006585632390351555,nan,nan,nan,nan,nan,nan,nan,nan,nan,nan,nan,nan,nan,nan,nan,nan,nan,nan,nan,nan,nan,nan,nan,nan,nan,nan,nan,nan,nan,nan,nan,nan,nan,nan,nan,nan,nan,nan,nan,nan,nan,nan,nan,nan,nan,nan,nan,nan,nan,0.15264548881474546
1791062908.196187,1.1399758340674364,1.329817546995371,0.4333444608307205,0.002929736385284624,0.030068503583716086,0.2017577965680265,0.8155993909187099,0.0,0.0,1.0344267010211459,0.6848217217842878,-0.2319864105117537,-0.01631806063932671,0.38560039205034424,0.0,0.0,-0.22641943009975407,-0.43804316503210444,0.005034646284049746,0.02859286635938841,nan,nan,nan,nan,nan,nan,nan,0.9784238939515761,0.0,0.0,-0.5755320194976246,1.2992849417767622,-0.15926454360499154,0.15893459014500655,0.2119385550849943,0.0,0.0,-0.5851798726375005,1.909066563328401,0.02522958184953484,-0.04485569035707887,nan,nan,nan,nan,nan,nan,nan,nan,nan,nan,nan,nan,nan,nan,0.9925532689220032,0.0,0.0,-1.0283824338813365,-0.898033908157116,-0.0001870883072696743,-0.0003496821988775073,nan,nan,nan,nan,nan,nan,nan,nan,nan,nan,nan,nan,nan,nan,nan,nan,nan,nan,nan,nan,nan,nan,nan,nan,nan,nan,nan,nan,nan,nan,nan,nan,nan,nan,nan,nan,nan,nan,nan,nan,nan,nan,nan,nan,nan,nan,nan,nan,nan,0.17952398692116145
1791062908.2963045,1.1552621979399873,1.3368078971218074,0.436290883607259,0.002650935107258171,0.027207107155836244,0.20159052753240503,0.8155993909187099,0.0,0.0,1.0084462101782898,0.6839684909273185,-0.23213897234962144,-0.010536772966707145,0.38560039205034424,0.0,0.0,-0.22582859464050717,-0.4352269478925092,0.0072966628091483375,0.027636949719978977,nan,nan,nan,nan,nan,nan,nan,0.9784238939515761,0.0,0.0,-0.591205319780982,1.3134698246780923,-0.16116246488224772,0.14671693224939147,0.2119385550849943,0.0,0.0,-0.582997906516488,1.9049201827723095,0.019757999710598103,-0.041009043992812716,nan,nan,nan,nan,nan,nan,nan,nan,nan,nan,nan,nan,nan,nan,0.9925532689220032,0.0,0.0,-1.0283895015721403,-0.8980284130918466,-0.00024874362452715926,-0.000801612939751237,nan,nan,nan,nan,nan,nan,nan,nan,nan,nan,nan,nan,nan,nan,nan,nan,nan,nan,nan,nan,nan,nan,nan,nan,nan,nan,nan,nan,nan,nan,nan,nan,nan,nan,nan,nan,nan,nan,nan,nan,nan,nan,nan,nan,nan,nan,nan,nan,nan,0.17747139349764293
1791062908.3974762,1.1715402079833745,1.3439927633737678,0.4381806790604264,0.0023996988389887665,0.024628616247657095,0.20143979443007504,0.8155993909187099,0.0,0.0,0.9848271592162089,0.6833816623622406,-0.23470759115707562,-0.006995704773063808,0.38560039205034424,0.0,0.0,-0.2254016550392833,-0.4327132928750427,0.004198670505319493,0.024877571763314465,nan,nan,nan,nan,nan,nan,nan,0.9784238939515761,0.0,0.0,-0.6068703007413874,1.3280202031408699,-0.1529622750924668,0.1405110787033793,0.2119385550849943,0.0,0.0,-0.5800147969552473,1.9000093222986014,0.029533181294744186,-0.051272480429764095,nan,nan,nan,nan,nan,nan,nan,nan,nan,nan,nan,nan,nan,nan,0.9925532689220032,0.0,0.0,-1.0283853508899856,-0.8980138495063587,0.0001622647387404999,0.0004982937656895546,nan,nan,nan,nan,nan,nan,nan,nan,nan,nan,nan,nan,nan,nan,nan,nan,nan,nan,nan,nan,nan,nan,nan,nan,nan,nan,nan,nan,nan,nan,nan,nan,nan,nan,nan,nan,nan,nan,nan,nan,nan,nan,nan,nan,nan,nan,nan,nan,nan,0.17360249232098077
1791062908.4960034,1.1877965282246863,1.3516731415396595,0.43977023045615066,0.0021718922062841707,0.022290588640027486,0.20130311688296315,0.8155993909187099,0.0,0.0,0.9613155342601485,0.6828617135948849,-0.23254545131233806,-0.00739051876604304,0.38560039205034424,0.0,0.0,-0.22496683230268746,-0.43045225534259657,0.004387167413265619,0.023737652514908576,nan,nan,nan,nan,nan,nan,nan,0.9784238939515761,0.0,0.0,-0.6223321874484622,1.3422902183634038,-0.15456001852250648,0.1468208012894211,0.2119385550849943,0.0,0.0,-0.5765882367729667,1.8940663921521081,0.01665034267168177,-0.03495839582029921,nan,nan,nan,nan,nan,nan,nan,nan,nan,nan,nan,nan,nan,nan,0.9925532689220032,0.0,0.0,-1.0283961124003766,-0.8980057045778008,-0.00115157875222011,7.309921814936404e-05,nan,nan,nan,nan,nan,nan,nan,nan,nan,nan,nan,nan,nan,nan,nan,nan,nan,nan,nan,nan,nan,nan,nan,nan,nan,nan,nan,nan,nan,nan,nan,nan,nan,nan,nan,nan,nan,nan,nan,nan,nan,nan,nan,nan,nan,nan,nan,nan,nan,0.17909459763318114
1791062908.5960867,1.2037698472875318,1.3585136243166256,0.44198149761798183,0.0019659848886918805,0.020177318330782356,0.2011795772557068,0.8155993909187099,0.0,0.0,0.9400025355323294,0.6823432046492975,-0.23654291690156273,0.0012123401379138593,0.38560039205034424,0.0,0.0,-0.22456510689726616,-0.4279753660205851,0.00419138235494668,0.02563469273741642,nan,nan,nan,nan,nan,nan,nan,0.9784238939515761,0.0,0.0,-0.6358991799496316,1.354675685814875,-0.15322711773618616,0.1383387592733626,0.2119385550849943,0.0,0.0,-0.5739360341917056,1.8892847499661458,0.03902492628260791,-0.046768283164107485,nan,nan,nan,nan,nan,nan,nan,nan,nan,nan,nan,nan,nan,nan,0.9925532689220032,0.0,0.0,-1.0283946347921302,-0.8980205656926497,0.0007424363128175683,0.00017323424914211273,nan,nan,nan,nan,nan,nan,nan,nan,nan,nan,nan,nan,nan,nan,nan,nan,nan,nan,nan,nan,nan,nan,nan,nan,nan,nan,nan,nan,nan,nan,nan,nan,nan,nan,nan,nan,nan,nan,nan,nan,nan,nan,nan,nan,nan,nan,nan,nan,nan,0.14684100362522431
1791062908.6951919,1.2174474230898344,1.3646814510786127,0.4465690550943875,0.0017788966911663068,0.01825719262731495,0.20106732788212686,0.8155993909187099,0.0,0.0,0.9164418555543544,0.6816058186624934,-0.23957144613180104,-0.005144598777437839,0.38560039205034424,0.0,0.0,-0.2240922152817714,-0.42528430939225104,0.004627977194475471,0.02665762780431575,nan,nan,nan,nan,nan,nan,nan,0.9784238939515761,0.0,0.0,-0.6510540805782354,1.3688004036332164,-0.14732573547437663,0.13650066152696183,0.2119385550849943,0.0,0.0,-0.571012747666424,1.8843528178712625,0.046879325905589346,-0.07000787692462906,nan,nan,nan,nan,nan,nan,nan,nan,nan,nan,nan,nan,nan,nan,0.9925532689220032,0.0,0.0,-1.0283953282565805,-0.8980231548278459,0.0003999722024304724,3.263890156485723e-05,nan,nan,nan,nan,nan,nan,nan,nan,nan,nan,nan,nan,nan,nan,nan,nan,nan,nan,nan,nan,nan,nan,nan,nan,nan,nan,nan,nan,nan,nan,nan,nan,nan,nan,nan,nan,nan,nan,nan,nan,nan,nan,nan,nan,nan,nan,nan,nan,nan,0.15525461310884028
1791062908.7964573,1.2327659254450434,1.3715565881919,0.448769085292765,0.00160961228951663,0.016519791042914025,0.2009657598672998,0.8155993909187099,0.0,0.0,0.8903918719863274,0.6811431561540123,-0.23495381903689902,0.004531965852448414,0.38560039205034424,0.0,0.0,-0.22356410517443234,-0.4223239305468365,0.004003295897625624,0.024415543091969208,nan,nan,nan,nan,nan,nan,nan,0.9784238939515761,0.0,0.0,-0.6673548550835591,1.3838204439842812,-0.1486444853908626,0.1373373952026734,0.2119385550849943,0.0,0.0,-0.5680503861384429,1.8789973639231854,0.028131335873813168,-0.04741197032992894,nan,nan,nan,nan,nan,nan,nan,nan,nan,nan,nan,nan,nan,nan,0.9925532689220032,0.0,0.0,-1.0253801615141243,-0.8981951974275508,0.014253119658622443,-0.0006175756117946094,nan,nan,nan,nan,nan,nan,nan,nan,nan,nan,nan,nan,nan,nan,nan,nan,nan,nan,nan,nan,nan,nan,nan,nan,nan,nan,nan,nan,nan,nan,nan,nan,nan,nan,nan,nan,nan,nan,nan,nan,nan,nan,nan,nan,nan,nan,nan,nan,nan,0.16187779222269894
1791062908.8965127,1.2469011778138177,1.3778960643254823,0.45018994675531826,0.0014574254043020537,0.014957864882439859,0.20087444967036205,0.8155993909187099,0.0,0.0,0.8668337871361297,0.6804487441972942,-0.22462674690299247,-0.01666348281020322,0.38560039205034424,0.0,0.0,-0.22316314605962564,-0.4201986425849103,0.003404791734022525,0.022538183806415972,nan,nan,nan,nan,nan,nan,nan,0.9784238939515761,0.0,0.0,-0.6803184594916158,1.3957131469325248,-0.14091050474708838,0.1281829598647048,0.2119385550849943,0.0,0.0,-0.5652905475541217,1.8741513043370945,0.03147229754401362,-0.053122372778432216,nan,nan,nan,nan,nan,nan,nan,nan,nan,nan,nan,nan,nan,nan,0.9925532689220032,0.0,0.0,-1.0253652479918043,-0.8981963221767909,0.0003468441552565421,-7.419457889818818e-05,nan,nan,nan,nan,nan,nan,nan,nan,nan,nan,nan,nan,nan,nan,nan,nan,nan,nan,nan,nan,nan,nan,nan,nan,nan,nan,nan,nan,nan,nan,nan,nan,nan,nan,nan,nan,nan,nan,nan,nan,nan,nan,nan,nan,nan,nan,nan,nan,nan,0.1887602260152342
1791062908.996387,1.2615316487436092,1.3849130162410517,0.4495371028991451,0.0013187330402420847,0.01353443584400571,0.20079123569613802,0.8155993909187099,0.0,0.0,0.8430425665199044,0.6801466277014097,-0.2382464021820818,-0.002967494057500972,0.38560039205034424,0.0,0.0,-0.2226541609520014,-0.41757761283704736,0.0037668486344015917,0.023220710139078796,nan,nan,nan,nan,nan,nan,nan,0.9784238939515761,0.0,0.0,-0.6952970233712639,1.408944226297459,-0.14629239223415,0.13178777461980784,0.2119385550849943,0.0,0.0,-0.5623049853887812,1.8687087601417003,0.03491520279573587,-0.06296695491343024,nan,nan,nan,nan,nan,nan,nan,nan,nan,nan,nan,nan,nan,nan,0.9925532689220032,0.0,0.0,-1.0253500176412014,-0.8982091061488671,-0.0002573402063434933,-0.0008449956509874463,nan,nan,nan,nan,nan,nan,nan,nan,nan,nan,nan,nan,nan,nan,nan,nan,nan,nan,nan,nan,nan,nan,nan,nan,nan,nan,nan,nan,nan,nan,nan,nan,nan,nan,nan,nan,nan,nan,nan,nan,nan,nan,nan,nan,nan,nan,nan,nan,nan,0.1540353974806055
1791062909.0970416,1.2781857583851937,1.3925007324301657,0.4518000328773049,0.001193926448316653,0.01225351941909103,0.20071635280559505,0.8155993909187099,0.0,0.0,0.819246108641182,0.679957412244887,-0.24750777797628368,-0.00686127707392964,0.38560039205034424,0.0,0.0,-0.22224707503171467,-0.4151418584066587,0.004946812183063974,0.025146364662950442,nan,nan,nan,nan,nan,nan,nan,0.9784238939515761,0.0,0.0,-0.7120307034985492,1.4232226784041278,-0.15078676524605256,0.12876337537655744,0.2119385550849943,0.0,0.0,-0.5582149504330344,1.8618476158138615,0.056454940764065445,-0.08855187229466488,nan,nan,nan,nan,nan,nan,nan,nan,nan,nan,nan,nan,nan,nan,0.9925532689220032,0.0,0.0,-1.0253496946945957,-0.898206413377681,0.0004199055925029893,-0.00010234503526530955,nan,nan,nan,nan,nan,nan,nan,nan,nan,nan,nan,nan,nan,nan,nan,nan,nan,nan,nan,nan,nan,nan,nan,nan,nan,nan,nan,nan,nan,nan,nan,nan,nan,nan,nan,nan,nan,nan,nan,nan,nan,nan,nan,nan,nan,nan,nan,nan,nan,0.20097480552681296
1791062909.196745,1.2927663962761642,1.3992252634734834,0.4524760535356226,0.0010803093251747263,0.011087442876667694,0.2006481833256839,0.8155993909187099,0.0,0.0,0.7981230500020748,0.6799741377662255,-0.24324041807329755,0.00028741020187901664,0.38560039205034424,0.0,0.0,-0.22179070051240637,-0.41260543901706337,0.005031601170264744,0.0260903187349799,nan,nan,nan,nan,nan,nan,nan,0.9784238939515761,0.0,0.0,-0.7251726156294052,1.434774980946779,-0.1474307546578841,0.12785984800954872,0.2119385550849943,0.0,0.0,-0.5540775032633652,1.8542424905389407,0.05492120038123675,-0.10086623099706304,nan,nan,nan,nan,nan,nan,nan,nan,nan,nan,nan,nan,nan,nan,0.9925532689220032,0.0,0.0,-1.0253766189708613,-0.8982063901567794,-0.00043153108899389344,-0.00011651489220553946,nan,nan,nan,nan,nan,nan,nan,nan,nan,nan,nan,nan,nan,nan,nan,nan,nan,nan,nan,nan,nan,nan,nan,nan,nan,nan,nan,nan,nan,nan,nan,nan,nan,nan,nan,nan,nan,nan,nan,nan,nan,nan,nan,nan,nan,nan,nan,nan,nan,0.21729793344638015
1791062909.2954447,1.3074299420389486,1.4055332577713286,0.4486540918502615,0.0009785083415253255,0.010042637870639666,0.2005871033184996,0.8155993909187099,0.0,0.0,0.7745341662176949,0.6798988808925829,-0.25480339828677073,-0.0047989347635795515,0.38560039205034424,0.0,0.0,-0.22134977121255373,-0.4102558856771678,0.005412272092058324,0.024904129826042683,nan,nan,nan,nan,nan,nan,nan,0.9784238939515761,0.0,0.0,-0.7391870714310211,1.4473959917930181,-0.14044862396251448,0.1272476109527523,0.2119385550849943,0.0,0.0,-0.5488159472664328,1.8450864824659046,0.057438958575763595,-0.10778413786641321,nan,nan,nan,nan,nan,nan,nan,nan,nan,nan,nan,nan,nan,nan,0.9925532689220032,0.0,0.0,-1.0253634540174672,-0.898205961767584,0.0003628513169342926,-0.00016097529900658324,nan,nan,nan,nan,nan,nan,nan,nan,nan,nan,nan,nan,nan,nan,nan,nan,nan,nan,nan,nan,nan,nan,nan,nan,nan,nan,nan,nan,nan,nan,nan,nan,nan,nan,nan,nan,nan,nan,nan,nan,nan,nan,nan,nan,nan,nan,nan,nan,nan,0.16217597934175557
1791062909.3958344,1.3284047232826537,1.415910424690173,0.4530558724400716,0.0008853909615634071,0.00908695452412616,0.2005312333276099,0.8155993909187099,0.0,0.0,0.751081271018189,0.6798612404295283,-0.2229858310446684,0.005304740082003101,0.38560039205034424,0.0,0.0,-0.220888840004909,-0.40800829314622494,0.0037296690021398557,0.020909804788477142,nan,nan,nan,nan,nan,nan,nan,0.9784238939515761,0.0,0.0,-0.7544136073399497,1.4591422455750824,-0.13006355783271908,0.13695468932555577,0.2119385550849943,0.0,0.0,-0.5414311014422013,1.8394907491849233,0.05761993073457332,-0.038302751848280345,nan,nan,nan,nan,nan,nan,nan,nan,nan,nan,nan,nan,nan,nan,0.9925532689220032,0.0,0.0,-1.0283993403922378,-0.8980263400768855,-0.2290299175184813,0.01354592313876099,nan,nan,nan,nan,nan,nan,nan,nan,nan,nan,nan,nan,nan,nan,nan,nan,nan,nan,nan,nan,nan,nan,nan,nan,nan,nan,nan,nan,nan,nan,nan,nan,nan,nan,nan,nan,nan,nan,nan,nan,nan,nan,nan,nan,nan,nan,nan,nan,nan,0.15851298852538837
1791062909.496607,1.3489578291519901,1.4249338188549232,0.45924044629418687,0.0008013999848132335,0.008224937382209462,0.20048083906444325,0.8155993909187099,0.0,0.0,0.725207720244773,0.6800895823440166,-0.25651234104399,-0.0032090026817606547,0.38560039205034424,0.0,0.0,-0.22060039363253786,-0.40589585650729354,0.002928280464212719,0.019749095140631404,nan,nan,nan,nan,nan,nan,nan,0.9784238939515761,0.0,0.0,-0.7677945643845658,1.4718556707820727,-0.1365641762027055,0.11963642025794506,0.2119385550849943,0.0,0.0,-0.5348917601076206,1.8266941282998934,0.041605226447415836,-0.11302352011790878,nan,nan,nan,nan,nan,nan,nan,nan,nan,nan,nan,nan,nan,nan,0.9925532689220032,0.0,0.0,-1.0283923806866189,-0.8980244145982477,0.0005754000055655428,-0.0006262448287102226,nan,nan,nan,nan,nan,nan,nan,nan,nan,nan,nan,nan,nan,nan,nan,nan,nan,nan,nan,nan,nan,nan,nan,nan,nan,nan,nan,nan,nan,nan,nan,nan,nan,nan,nan,nan,nan,nan,nan,nan,nan,nan,nan,nan,nan,nan,nan,nan,nan,0.21452746521914054
1791062909.5958936,1.364569310994428,1.432388930984749,0.4587270726870015,0.0007251366933107787,0.007442231106871734,0.20043508132965906,0.8155993909187099,0.0,0.0,0.7043896050000744,0.6803283780809876,-0.23016063494014738,0.00276326506375074,0.38560039205034424,0.0,0.0,-0.22026390889710196,-0.4038054552977836,0.0034392002350331157,0.01948818097789102,nan,nan,nan,nan,nan,nan,nan,0.9784238939515761,0.0,0.0,-0.7804013580535671,1.4831429355266361,-0.14206221963034976,0.12547333523441856,0.2119385550849943,0.0,0.0,-0.5294740513898398,1.8165934385468538,0.0805286974134256,-0.12803588450267753,nan,nan,nan,nan,nan,nan,nan,nan,nan,nan,nan,nan,nan,nan,0.9925532689220032,0.0,0.0,-1.0283879916643712,-0.8980216309922299,0.0002924102286582639,-0.00035351621189024494,nan,nan,nan,nan,nan,nan,nan,nan,nan,nan,nan,nan,nan,nan,nan,nan,nan,nan,nan,nan,nan,nan,nan,nan,nan,nan,nan,nan,nan,nan,nan,nan,nan,nan,nan,nan,nan,nan,nan,nan,nan,nan,nan,nan,nan,nan,nan,nan,nan,0.18672031044683415
1791062909.6964352,1.3824284254720793,1.4407870838880361,0.45794186732038544,0.000656212838924691,0.00673485102550299,0.2003937271947201,0.8155993909187099,0.0,0.0,0.6790852542149519,0.680697760907859,-0.20666675060973722,0.0066683318812566575,0.38560039205034424,0.0,0.0,-0.21993322212087682,-0.40159984430150014,0.003646051218305045,0.02001478278534792,nan,nan,nan,nan,nan,nan,nan,0.9784238939515761,0.0,0.0,-0.7952518053136155,1.496525171290539,-0.13457071320266206,0.11871477377364228,0.2119385550849943,0.0,0.0,-0.5225374097862229,1.8031390275250654,0.08040731218321896,-0.1496495580094624,nan,nan,nan,nan,nan,nan,nan,nan,nan,nan,nan,nan,nan,nan,0.9925532689220032,0.0,0.0,-1.0283797925430078,-0.8980159488626571,0.001180856550735133,-0.0001626930492719088,nan,nan,nan,nan,nan,nan,nan,nan,nan,nan,nan,nan,nan,nan,nan,nan,nan,nan,nan,nan,nan,nan,nan,nan,nan,nan,nan,nan,nan,nan,nan,nan,nan,nan,nan,nan,nan,nan,nan,nan,nan,nan,nan,nan,nan,nan,nan,nan,nan,0.19994847840331645
1791062909.795583,1.3967017543603681,1.4470253920167515,0.456630884874077,0.0005940298230291932,0.0060966535939213085,0.2003564175165089,0.8155993909187099,0.0,0.0,0.6580631042147495,0.680899901848774,-0.2538932428023941,-0.00206733706072657,0.38560039205034424,0.0,0.0,-0.21957365063323747,-0.3996049271969584,0.0034152824493983935,0.019042549746691676,nan,nan,nan,nan,nan,nan,nan,0.9784238939515761,0.0,0.0,-0.8075446525236923,1.5075611079559157,-0.1423931165560047,0.1253087919293284,0.2119385550849943,0.0,0.0,-0.514953707638127,1.7883943276718977,0.07643678468063997,-0.138496335113665,nan,nan,nan,nan,nan,nan,nan,nan,nan,nan,nan,nan,nan,nan,0.9925532689220032,0.0,0.0,-1.0283948544163588,-0.8980117366141025,-0.000795404595294775,0.00014653211787419605,nan,nan,nan,nan,nan,nan,nan,nan,nan,nan,nan,nan,nan,nan,nan,nan,nan,nan,nan,nan,nan,nan,nan,nan,nan,nan,nan,nan,nan,nan,nan,nan,nan,nan,nan,nan,nan,nan,nan,nan,nan,nan,nan,nan,nan,nan,nan,nan,nan,0.18987939354408287
1791062909.8959782,1.413519213494861,1.4551284665881077,0.45853512194445195,0.0005375004114827421,0.005516480298396395,0.2003224999673725,0.8155993909187099,0.0,0.0,0.6360533221588377,0.6814441120068406,-0.22600294867203827,0.009976925789624969,0.38560039205034424,0.0,0.0,-0.2191652732016157,-0.3977948132074968,0.003223082954567035,0.01650491604759231,nan,nan,nan,nan,nan,nan,nan,0.9784238939515761,0.0,0.0,-0.8208397836504558,1.5194539846771071,-0.1290367889113837,0.11809900256809452,0.2119385550849943,0.0,0.0,-0.5061543033678838,1.771014629395668,0.08675719354588382,-0.17342788478155352,nan,nan,nan,nan,nan,nan,nan,nan,nan,nan,nan,nan,nan,nan,0.9925532689220032,0.0,0.0,-1.0284023507561582,-0.8980390894077472,-0.0002724048099389221,-0.0006647298527021596,nan,nan,nan,nan,nan,nan,nan,nan,nan,nan,nan,nan,nan,nan,nan,nan,nan,nan,nan,nan,nan,nan,nan,nan,nan,nan,nan,nan,nan,nan,nan,nan,nan,nan,nan,nan,nan,nan,nan,nan,nan,nan,nan,nan,nan,nan,nan,nan,nan,0.201091856168809
1791062909.99696,1.4306902393855256,1.4632377807044077,0.4595325582545366,0.0004863504846791487,0.0049915177914876905,0.20029181008373606,0.8155993909187099,0.0,0.0,0.6107343448891874,0.6817173882837153,-0.26503749448819686,-0.0035189020897846536,0.38560039205034424,0.0,0.0,-0.21887649582753343,-0.3961955446118705,0.001731930743557025,0.014727410753242012,nan,nan,nan,nan,nan,nan,nan,0.9784238939515761,0.0,0.0,-0.8362835481157148,1.5318924449683933,-0.14537000098868666,0.12249411911008366,0.2119385550849943,0.0,0.0,-0.4976425502869838,1.754582002070458,0.06925266936799868,-0.15887453870382745,nan,nan,nan,nan,nan,nan,nan,nan,nan,nan,nan,nan,nan,nan,0.9925532689220032,0.0,0.0,-1.0283830265050888,-0.8980375268974938,0.00028555943433350076,0.0007550064600366517,nan,nan,nan,nan,nan,nan,nan,nan,nan,nan,nan,nan,nan,nan,nan,nan,nan,nan,nan,nan,nan,nan,nan,nan,nan,nan,nan,nan,nan,nan,nan,nan,nan,nan,nan,nan,nan,nan,nan,nan,nan,nan,nan,nan,nan,nan,nan,nan,nan,0.17189195071140004
1791062910.0954382,1.4454033402600814,1.4704842795757866,0.4600959382818338,0.0004407429863596753,0.004523438399242239,0.20026444563770665,0.8155993909187099,0.0,0.0,0.5893140445797466,0.6819773282716468,-0.26184151410794543,-0.006948663076282618,0.38560039205034424,0.0,0.0,-0.2187060551410889,-0.39499183629147316,0.0020411918474656805,0.01311601491612291,nan,nan,nan,nan,nan,nan,nan,0.9784238939515761,0.0,0.0,-0.8485967670407999,1.5425859793437875,-0.15705428461455584,0.13976433470377628,0.2119385550849943,0.0,0.0,-0.4891329273463514,1.7377245980041933,0.09727644040894307,-0.18133995406641254,nan,nan,nan,nan,nan,nan,nan,nan,nan,nan,nan,nan,nan,nan,0.9925532689220032,0.0,0.0,-1.028383878315874,-0.898031749088334,-0.0007009862955495123,0.0008286389134897921,nan,nan,nan,nan,nan,nan,nan,nan,nan,nan,nan,nan,nan,nan,nan,nan,nan,nan,nan,nan,nan,nan,nan,nan,nan,nan,nan,nan,nan,nan,nan,nan,nan,nan,nan,nan,nan,nan,nan,nan,nan,nan,nan,nan,nan,nan,nan,nan,nan,0.18986263650685214
1791062910.196677,1.4634043502769032,1.478785008148789,0.4612019246299839,0.0003988007459262121,0.004092976323160214,0.20023928033338884,0.8155993909187099,0.0,0.0,0.5641672294447772,0.6826700697526705,-0.21779968854272638,0.00860509626973196,0.38560039205034424,0.0,0.0,-0.21846951928418593,-0.3935483970573147,0.0017693547618669722,0.012904709606862406,nan,nan,nan,nan,nan,nan,nan,0.9784238939515761,0.0,0.0,-0.8642486114136501,1.556126583569178,-0.14256875894819965,0.12043790835360138,0.2119385550849943,0.0,0.0,-0.4795654466031986,1.7188482073943903,0.07649614370540916,-0.17834676660854742,nan,nan,nan,nan,nan,nan,nan,nan,nan,nan,nan,nan,nan,nan,0.9925532689220032,0.0,0.0,-1.0284054932169306,-0.8980359982499476,-0.0004741569353956426,2.633609807022913e-05,nan,nan,nan,nan,nan,nan,nan,nan,nan,nan,nan,nan,nan,nan,nan,nan,nan,nan,nan,nan,nan,nan,nan,nan,nan,nan,nan,nan,nan,nan,nan,nan,nan,nan,nan,nan,nan,nan,nan,nan,nan,nan,nan,nan,nan,nan,nan,nan,nan,0.19609833480883365
1791062910.2952647,1.4808924278892068,1.4868829498819043,0.46506486276974557,0.0003611131834766264,0.003706180906252149,0.20021666782532377,0.8155993909187099,0.0,0.0,0.5436391620952098,0.6833440561409159,-0.23902556593982943,0.005081285847854158,0.38560039205034424,0.0,0.0,-0.21825273426730524,-0.3923933399211791,0.0030914308863179895,0.011653900299405127,nan,nan,nan,nan,nan,nan,nan,0.9784238939515761,0.0,0.0,-0.8767317517452917,1.5673031999782454,-0.1372534202207591,0.1246425177700488,0.2119385550849943,0.0,0.0,-0.4708668181208365,1.7017526974426782,0.11717455171344823,-0.2037288406458676,nan,nan,nan,nan,nan,nan,nan,nan,nan,nan,nan,nan,nan,nan,0.9925532689220032,0.0,0.0,-1.0283959693569433,-0.8980196794158432,-0.0004718646912816388,-2.685971961336237e-05,nan,nan,nan,nan,nan,nan,nan,nan,nan,nan,nan,nan,nan,nan,nan,nan,nan,nan,nan,nan,nan,nan,nan,nan,nan,nan,nan,nan,nan,nan,nan,nan,nan,nan,nan,nan,nan,nan,nan,nan,nan,nan,nan,nan,nan,nan,nan,nan,nan,0.20512973201011392
1791062910.396385,1.4981255057237401,1.4949581218587902,0.4672629358234534,0.000326748720663122,0.003353491163089488,0.20019604916960448,0.8155993909187099,0.0,0.0,0.5178106007536376,0.6841013708660595,-0.242846142034792,0.009293745203700705,0.38560039205034424,0.0,0.0,-0.2179860027072156,-0.3910207891602654,0.0024158586161037556,0.012888192105022046,nan,nan,nan,nan,nan,nan,nan,0.9784238939515761,0.0,0.0,-0.8913024993400889,1.5805330188476994,-0.13878690149261863,0.1264662909278559,0.2119385550849943,0.0,0.0,-0.4607921537803926,1.6819881588470214,0.11900419720969821,-0.20822655407949636,nan,nan,nan,nan,nan,nan,nan,nan,nan,nan,nan,nan,nan,nan,0.9925532689220032,0.0,0.0,-1.0283995383260196,-0.8980062919001338,-0.0007284431768020917,0.00034493337483604904,nan,nan,nan,nan,nan,nan,nan,nan,nan,nan,nan,nan,nan,nan,nan,nan,nan,nan,nan,nan,nan,nan,nan,nan,nan,nan,nan,nan,nan,nan,nan,nan,nan,nan,nan,nan,nan,nan,nan,nan,nan,nan,nan,nan,nan,nan,nan,nan,nan,0.18306182994370088
1791062910.4964454,1.5160532070185873,1.5036102882129359,0.47017683505998276,0.0002957711878776804,0.0030355621984726796,0.200177462666153,0.8155993909187099,0.0,0.0,0.4943278353407878,0.6848893616693075,-0.24958996618113266,0.01336960257025785,0.38560039205034424,0.0,0.0,-0.21779068565143825,-0.389762581178775,0.002106237036069852,0.012676949800085425,nan,nan,nan,nan,nan,nan,nan,0.9784238939515761,0.0,0.0,-0.9047428752621022,1.592735106247932,-0.13601317823655681,0.13024986558880663,0.2119385550849943,0.0,0.0,-0.4508729296373137,1.6625628732474174,0.09110763794188564,-0.1868292227257034,nan,nan,nan,nan,nan,nan,nan,nan,nan,nan,nan,nan,nan,nan,0.9925532689220032,0.0,0.0,-1.0283860761996158,-0.8980028061145803,4.497456438020688e-05,-0.000501144357393799,nan,nan,nan,nan,nan,nan,nan,nan,nan,nan,nan,nan,nan,nan,nan,nan,nan,nan,nan,nan,nan,nan,nan,nan,nan,nan,nan,nan,nan,nan,nan,nan,nan,nan,nan,nan,nan,nan,nan,nan,nan,nan,nan,nan,nan,nan,nan,nan,nan,0.2089363995140268
1791062910.596704,1.5330201945696718,1.5117927971823053,0.4720634267084248,0.0002676248380566236,0.002746690262856277,0.20016057486833141,0.8155993909187099,0.0,0.0,0.4708897970709666,0.6857662219976448,-0.24222849245649947,0.010991489285953362,0.38560039205034424,0.0,0.0,-0.2175524015992373,-0.38838069519538876,0.003250934122991975,0.01512770595016181,nan,nan,nan,nan,nan,nan,nan,0.9784238939515761,0.0,0.0,-0.9181851693475335,1.6049061845000878,-0.12833610942570015,0.10908274868923029,0.2119385550849943,0.0,0.0,-0.4409419113470893,1.642846990980487,0.08497470535540992,-0.17465120847036636,nan,nan,nan,nan,nan,nan,nan,nan,nan,nan,nan,nan,nan,nan,0.9925532689220032,0.0,0.0,-1.0283956227061883,-0.8979995343823658,-0.0005659020142826667,-0.000622993951661433,nan,nan,nan,nan,nan,nan,nan,nan,nan,nan,nan,nan,nan,nan,nan,nan,nan,nan,nan,nan,nan,nan,nan,nan,nan,nan,nan,nan,nan,nan,nan,nan,nan,nan,nan,nan,nan,nan,nan,nan,nan,nan,nan,nan,nan,nan,nan,nan,nan,0.1908099890138473
1791062910.6971433,1.5513446689739039,1.5208406661288982,0.47327495025465355,0.00024255779990403398,0.0024894219535605707,0.20014553465425516,0.8155993909187099,0.0,0.0,0.44808415951279096,0.6866897849747611,-0.2315912675162747,0.007955335772451373,0.38560039205034424,0.0,0.0,-0.2172841847134625,-0.38694120102102714,0.0030757255659218407,0.013798578812002969,nan,nan,nan,nan,nan,nan,nan,0.9784238939515761,0.0,0.0,-0.9320728828561085,1.6171988663871448,-0.12890344700736575,0.11289696867539133,0.2119385550849943,0.0,0.0,-0.4327665834832575,1.6261366141365392,0.06820417698499237,-0.15098176543243463,nan,nan,nan,nan,nan,nan,nan,nan,nan,nan,nan,nan,nan,nan,0.9925532689220032,0.0,0.0,-1.028394679963516,-0.8979986864580033,0.00019139129886831777,5.914666918698877e-05,nan,nan,nan,nan,nan,nan,nan,nan,nan,nan,nan,nan,nan,nan,nan,nan,nan,nan,nan,nan,nan,nan,nan,nan,nan,nan,nan,nan,nan,nan,nan,nan,nan,nan,nan,nan,nan,nan,nan,nan,nan,nan,nan,nan,nan,nan,nan,nan,nan,0.20562901820140325
1791062910.7953708,1.5663279941745618,1.5282133951177124,0.4745098518138302,0.00021947537346177936,0.0022525221336020702,0.20013168520504748,0.8155993909187099,0.0,0.0,0.4260825219638535,0.6876217048145323,-0.2322280614029395,0.014069396921423788,0.38560039205034424,0.0,0.0,-0.21697663019677663,-0.3855524754375164,0.0029236003087848537,0.014987302200772682,nan,nan,nan,nan,nan,nan,nan,0.9784238939515761,0.0,0.0,-0.9435653936001898,1.6274795791743824,-0.11991275728112574,0.11828262599810752,0.2119385550849943,0.0,0.0,-0.42555791202571264,1.6115515516253076,0.05220668610945656,-0.1415784219414432,nan,nan,nan,nan,nan,nan,nan,nan,nan,nan,nan,nan,nan,nan,0.9925532689220032,0.0,0.0,-1.0283900454632349,-0.8980035781195721,-0.000894892141156803,0.00035389055088321295,nan,nan,nan,nan,nan,nan,nan,nan,nan,nan,nan,nan,nan,nan,nan,nan,nan,nan,nan,nan,nan,nan,nan,nan,nan,nan,nan,nan,nan,nan,nan,nan,nan,nan,nan,nan,nan,nan,nan,nan,nan,nan,nan,nan,nan,nan,nan,nan,nan,0.19548627981565866
1791062910.895644,1.58382070291105,1.536902669569878,0.4759466091900621,0.00019860163451341833,0.0020382905400952805,0.20011916096660798,0.8155993909187099,0.0,0.0,0.40248720834901536,0.6885035480893219,-0.23472287618896415,0.01291082974663783,0.38560039205034424,0.0,0.0,-0.2167455416712719,-0.38424198640278384,0.002516960925959792,0.013026827966521973,nan,nan,nan,nan,nan,nan,nan,0.9784238939515761,0.0,0.0,-0.9563383078579263,1.638765954347649,-0.12241393159732225,0.09988960477811942,0.2119385550849943,0.0,0.0,-0.4180297432182999,1.5968830433141796,0.06799029854818331,-0.1403478895089907,nan,nan,nan,nan,nan,nan,nan,nan,nan,nan,nan,nan,nan,nan,0.9925532689220032,0.0,0.0,-1.028392280388941,-0.8980106423876559,-0.0005710964143780683,-9.711332501505942e-05,nan,nan,nan,nan,nan,nan,nan,nan,nan,nan,nan,nan,nan,nan,nan,nan,nan,nan,nan,nan,nan,nan,nan,nan,nan,nan,nan,nan,nan,nan,nan,nan,nan,nan,nan,nan,nan,nan,nan,nan,nan,nan,nan,nan,nan,nan,nan,nan,nan,0.21266720245708617
1791062910.9969032,1.6016910953301666,1.5459315520643133,0.4752673498261115,0.00017970219024990167,0.0018443215501130691,0.2001078213037044,0.8155993909187099,0.0,0.0,0.37888264961635426,0.6893627555882352,-0.23999139499788028,0.013533467066290106,0.38560039205034424,0.0,0.0,-0.21648501394085448,-0.38285997534448285,0.0023147968058403424,0.011054206677207324,nan,nan,nan,nan,nan,nan,nan,0.9784238939515761,0.0,0.0,-0.9703162871802445,1.6510613635837035,-0.13410603304320626,0.11468197951644019,0.2119385550849943,0.0,0.0,-0.4104426657558838,1.5817535429056746,0.0780618627621025,-0.15226362998233026,nan,nan,nan,nan,nan,nan,nan,nan,nan,nan,nan,nan,nan,nan,0.9925532689220032,0.0,0.0,-1.0283724522492652,-0.8980098229641231,2.6994900379167266e-05,-0.00021166517721122281,nan,nan,nan,nan,nan,nan,nan,nan,nan,nan,nan,nan,nan,nan,nan,nan,nan,nan,nan,nan,nan,nan,nan,nan,nan,nan,nan,nan,nan,nan,nan,nan,nan,nan,nan,nan,nan,nan,nan,nan,nan,nan,nan,nan,nan,nan,nan,nan,nan,0.20141820647898218
1791062911.0979316,1.6192845401642526,1.5549548189666467,0.474205773484246,0.0001628711490183212,0.0016715810175069986,0.20009772268163412,0.8155993909187099,0.0,0.0,0.3532102236199005,0.6900499419586941,-0.24425368228508365,-0.004030511515811101,0.38560039205034424,0.0,0.0,-0.2162966922894744,-0.38161397669449487,0.0021366620881916524,0.011669277643302004,nan,nan,nan,nan,nan,nan,nan,0.9784238939515761,0.0,0.0,-0.9830740908583522,1.6625156054847594,-0.12657061283214086,0.11331540644995777,0.2119385550849943,0.0,0.0,-0.4025955844303679,1.565945041761523,0.06317922048143154,-0.14858392791825786,nan,nan,nan,nan,nan,nan,nan,nan,nan,nan,nan,nan,nan,nan,0.9925532689220032,0.0,0.0,-1.028373704623514,-0.8980174505853964,0.0013626932723234098,-0.000547720203964725,nan,nan,nan,nan,nan,nan,nan,nan,nan,nan,nan,nan,nan,nan,nan,nan,nan,nan,nan,nan,nan,nan,nan,nan,nan,nan,nan,nan,nan,nan,nan,nan,nan,nan,nan,nan,nan,nan,nan,nan,nan,nan,nan,nan,nan,nan,nan,nan,nan,0.20826810356721068
1791062911.1969492,1.6358242727497492,1.5637662549122315,0.47184208505765507,0.00014738335210271461,0.0015126264851470705,0.20008843000549903,0.8155993909187099,0.0,0.0,0.3321194568551767,0.6906650714727215,-0.2405647072936573,-0.0017162827034410359,0.38560039205034424,0.0,0.0,-0.21613598981086815,-0.3805316200439188,0.0013504407487281767,0.011321596285063169,nan,nan,nan,nan,nan,nan,nan,0.9784238939515761,0.0,0.0,-0.9953517557173869,1.6729887668241747,-0.1418870970417998,0.11231533154538365,0.2119385550849943,0.0,0.0,-0.3960218036413409,1.5516500884219664,0.07161512971841075,-0.14868790564577572,nan,nan,nan,nan,nan,nan,nan,nan,nan,nan,nan,nan,nan,nan,0.9925532689220032,0.0,0.0,-1.0283859264382849,-0.8980192458761138,-0.00019831862887694383,9.747466090535625e-05,nan,nan,nan,nan,nan,nan,nan,nan,nan,nan,nan,nan,nan,nan,nan,nan,nan,nan,nan,nan,nan,nan,nan,nan,nan,nan,nan,nan,nan,nan,nan,nan,nan,nan,nan,nan,nan,nan,nan,nan,nan,nan,nan,nan,nan,nan,nan,nan,nan,0.17761079956135514
1791062911.2970064,1.6537697610908286,1.5723357955891824,0.4728163109598835,0.00013336179031498576,0.0013687202337241589,0.20008001706991962,0.8155993909187099,0.0,0.0,0.30635038212161253,0.6913862483692607,-0.24692515256023467,0.01009764343113691,0.38560039205034424,0.0,0.0,-0.21595111840787148,-0.3793685261143488,0.0018610798387429612,0.011469106491179113,nan,nan,nan,nan,nan,nan,nan,0.9784238939515761,0.0,0.0,-1.009836769346565,1.6854688437385064,-0.12987870580810787,0.11847190946301744,0.2119385550849943,0.0,0.0,-0.38832255068889915,1.5367412723427645,0.08061424267031754,-0.15660294495201313,nan,nan,nan,nan,nan,nan,nan,nan,nan,nan,nan,nan,nan,nan,0.9925532689220032,0.0,0.0,-1.0283879001823841,-0.8980213684563781,-0.0002664835499143264,-0.00012841501687396712,nan,nan,nan,nan,nan,nan,nan,nan,nan,nan,nan,nan,nan,nan,nan,nan,nan,nan,nan,nan,nan,nan,nan,nan,nan,nan,nan,nan,nan,nan,nan,nan,nan,nan,nan,nan,nan,nan,nan,nan,nan,nan,nan,nan,nan,nan,nan,nan,nan,0.1871761427119852
1791062911.3967164,1.6692534574933033,1.5799730990347514,0.4728776632098108,0.00012067819899403396,0.0012385458559187037,0.20007240691623301,0.8155993909187099,0.0,0.0,0.28561798964057444,0.6919856933480067,-0.23049406806573158,0.007232958752831579,0.38560039205034424,0.0,0.0,-0.21577037491253154,-0.37824621848977524,0.0017970044872374323,0.010617001007975396,nan,nan,nan,nan,nan,nan,nan,0.9784238939515761,0.0,0.0,-1.0220407570409098,1.6959736476184943,-0.131248163441708,0.11255965151606515,0.2119385550849943,0.0,0.0,-0.3804994946187381,1.521327868155481,0.07869696223548167,-0.15822660997308408,nan,nan,nan,nan,nan,nan,nan,nan,nan,nan,nan,nan,nan,nan,0.9925532689220032,0.0,0.0,-1.0283886089204415,-0.8980089305849508,-0.0008871049716553332,0.0002021095775062871,nan,nan,nan,nan,nan,nan,nan,nan,nan,nan,nan,nan,nan,nan,nan,nan,nan,nan,nan,nan,nan,nan,nan,nan,nan,nan,nan,nan,nan,nan,nan,nan,nan,nan,nan,nan,nan,nan,nan,nan,nan,nan,nan,nan,nan,nan,nan,nan,nan,0.17714445542953594
1791062911.494758,1.683839048348522,1.5875669617629264,0.4719574782492286,0.00010919415002687795,0.0011206826347569285,0.20006551648767262,0.8155993909187099,0.0,0.0,0.2621409726057051,0.6925303052955867,-0.2223786791355259,0.007279653917232003,0.38560039205034424,0.0,0.0,-0.21556830891304993,-0.37719318791648004,0.002410772100564608,0.010983050241236341,nan,nan,nan,nan,nan,nan,nan,0.9784238939515761,0.0,0.0,-1.0347455734664777,1.7078806096097365,-0.1449622838342818,0.11816253171105578,0.2119385550849943,0.0,0.0,-0.37310691253679223,1.5066817616371608,0.0810580558478043,-0.16144872984136854,nan,nan,nan,nan,nan,nan,nan,nan,nan,nan,nan,nan,nan,nan,0.9925532689220032,0.0,0.0,-1.0283676015340364,-0.8980196603796814,0.0002374488364609099,-0.00047169099186129414,nan,nan,nan,nan,nan,nan,nan,nan,nan,nan,nan,nan,nan,nan,nan,nan,nan,nan,nan,nan,nan,nan,nan,nan,nan,nan,nan,nan,nan,nan,nan,nan,nan,nan,nan,nan,nan,nan,nan,nan,nan,nan,nan,nan,nan,nan,nan,nan,nan,0.186446959297178
1791062911.5969286,1.7016776428885854,1.5959651842157123,0.471874470660065,9.880295280742292e-05,0.0010140355820044572,0.20005928176994836,0.8155993909187099,0.0,0.0,0.23832432336979456,0.6929167470170662,-0.24138040777452419,-0.022343345466439575,0.38560039205034424,0.0,0.0,-0.21536163409765763,-0.37597578007003435,0.0026960367655265638,0.010860763160539194,nan,nan,nan,nan,nan,nan,nan,0.9784238939515761,0.0,0.0,-1.0493467152006244,1.7203421411553386,-0.106334348458379,0.10753653869582361,0.2119385550849943,0.0,0.0,-0.3636525676708365,1.488367547104094,0.08917365365529402,-0.16997736890171278,nan,nan,nan,nan,nan,nan,nan,nan,nan,nan,nan,nan,nan,nan,0.9925532689220032,0.0,0.0,-1.0283742079593383,-0.8980338877449053,0.000744706478802893,-0.0005766334953268345,nan,nan,nan,nan,nan,nan,nan,nan,nan,nan,nan,nan,nan,nan,nan,nan,nan,nan,nan,nan,nan,nan,nan,nan,nan,nan,nan,nan,nan,nan,nan,nan,nan,nan,nan,nan,nan,nan,nan,nan,nan,nan,nan,nan,nan,nan,nan,nan,nan,0.1645697911721899
1791062911.696089,1.7181126791099552,1.6042534450465251,0.47144925491433276,8.940060874197872e-05,0.0009175373381190521,0.20005364036395906,0.8155993909187099,0.0,0.0,0.21242504842468687,0.6940209259225387,-0.22716621204545373,0.014108765367968514,0.38560039205034424,0.0,0.0,-0.2151990058230847,-0.37490276417552765,0.0021853569318681858,0.012725845493876958,nan,nan,nan,nan,nan,nan,nan,0.9784238939515761,0.0,0.0,-1.0607838443616122,1.7310463167066454,-0.13559146099619251,0.10737352546177575,0.2119385550849943,0.0,0.0,-0.35515395293918745,1.4715300165369833,0.08685183232771616,-0.17240512435342564,nan,nan,nan,nan,nan,nan,nan,nan,nan,nan,nan,nan,nan,nan,0.9925532689220032,0.0,0.0,-1.028383651068278,-0.8980286699352045,-0.00044089656258503555,0.0005417739785180836,nan,nan,nan,nan,nan,nan,nan,nan,nan,nan,nan,nan,nan,nan,nan,nan,nan,nan,nan,nan,nan,nan,nan,nan,nan,nan,nan,nan,nan,nan,nan,nan,nan,nan,nan,nan,nan,nan,nan,nan,nan,nan,nan,nan,nan,nan,nan,nan,nan,0.18136527185866916
1791062911.7968109,1.733327555514029,1.611775612339871,0.47020319588656667,8.089301601152045e-05,0.0008302221162480819,0.20004853580865412,0.8155993909187099,0.0,0.0,0.19095675176349822,0.6942245178462947,-0.2409264011857572,0.010984738208944914,0.38560039205034424,0.0,0.0,-0.21497968504045412,-0.3736664360066908,0.002782507551319091,0.01125489191702438,nan,nan,nan,nan,nan,nan,nan,0.9784238939515761,0.0,0.0,-1.0718604530124158,1.740668465382921,-0.14440572184179948,0.11639220977166535,0.2119385550849943,0.0,0.0,-0.34737303219354804,1.4564163004795445,0.08752874885366826,-0.16870740749434315,nan,nan,nan,nan,nan,nan,nan,nan,nan,nan,nan,nan,nan,nan,0.9925532689220032,0.0,0.0,-1.028360248781737,-0.898007546623979,0.0013613672353367827,5.393597683715785e-05,nan,nan,nan,nan,nan,nan,nan,nan,nan,nan,nan,nan,nan,nan,nan,nan,nan,nan,nan,nan,nan,nan,nan,nan,nan,nan,nan,nan,nan,nan,nan,nan,nan,nan,nan,nan,nan,nan,nan,nan,nan,nan,nan,nan,nan,nan,nan,nan,nan,0.16539934609207163
1791062911.895829,1.747041266563445,1.6188642387906376,0.4710950278376307,7.327208916433495e-05,0.0007520069336921355,0.20004396325279053,0.8155993909187099,0.0,0.0,0.16782774136085307,0.6951342875343504,-0.23030126861329353,0.017929902085076464,0.38560039205034424,0.0,0.0,-0.21471038636614492,-0.372413844248738,0.0029675582691403484,0.01227292340298569,nan,nan,nan,nan,nan,nan,nan,0.9784238939515761,0.0,0.0,-1.084576133248784,1.7519916318599766,-0.11756206023333751,0.10756667564461522,0.2119385550849943,0.0,0.0,-0.3390504351001371,1.4399923080166164,0.07824850212656737,-0.15612600860411163,nan,nan,nan,nan,nan,nan,nan,nan,nan,nan,nan,nan,nan,nan,0.9925532689220032,0.0,0.0,-1.0283880455327694,-0.8980010706626028,0.0002014032487326263,-0.000549019348501697,nan,nan,nan,nan,nan,nan,nan,nan,nan,nan,nan,nan,nan,nan,nan,nan,nan,nan,nan,nan,nan,nan,nan,nan,nan,nan,nan,nan,nan,nan,nan,nan,nan,nan,nan,nan,nan,nan,nan,nan,nan,nan,nan,nan,nan,nan,nan,nan,nan,0.13624430636486554
1791062911.9978707,1.7647138023950324,1.6279430543654108,0.47478131587440614,6.629932799534665e-05,0.0006804440124507581,0.20003977959627264,0.8155993909187099,0.0,0.0,0.1420614225496142,0.6956360117435301,-0.24049055988512952,0.009842251943112225,0.38560039205034424,0.0,0.0,-0.21443366921431362,-0.3710384217187151,0.0013541799424836346,0.012507045467083804,nan,nan,nan,nan,nan,nan,nan,0.9784238939515761,0.0,0.0,-1.0984989281944948,1.764341954250297,-0.12391638108888797,0.1088008563251461,0.2119385550849943,0.0,0.0,-0.3300441231987054,1.422655837138205,0.08742689663181424,-0.15971025646262677,nan,nan,nan,nan,nan,nan,nan,nan,nan,nan,nan,nan,nan,nan,0.9925532689220032,0.0,0.0,-1.0283702365225245,-0.8980050203947013,0.0004589752567377102,-0.00024383241471619816,nan,nan,nan,nan,nan,nan,nan,nan,nan,nan,nan,nan,nan,nan,nan,nan,nan,nan,nan,nan,nan,nan,nan,nan,nan,nan,nan,nan,nan,nan,nan,nan,nan,nan,nan,nan,nan,nan,nan,nan,nan,nan,nan,nan,nan,nan,nan,nan,nan,0.17521613181670218
1791062912.0972528,1.7793605380141233,1.6356438069484802,0.4739162899448451,6.004053783302383e-05,0.0006162087265148709,0.20003602432231024,0.8155993909187099,0.0,0.0,0.1187016187291757,0.6962143129417466,-0.2425616244280508,0.006484288025886844,0.38560039205034424,0.0,0.0,-0.21425599706266588,-0.36988270839915544,0.0016036547103479976,0.011829085176768466,nan,nan,nan,nan,nan,nan,nan,0.9784238939515761,0.0,0.0,-1.1110868336817128,1.7754522265689678,-0.11515492663870062,0.10977758883951982,0.2119385550849943,0.0,0.0,-0.32274511612280105,1.4085797773772009,0.07165065312041993,-0.1473722450319932,nan,nan,nan,nan,nan,nan,nan,nan,nan,nan,nan,nan,nan,nan,0.9925532689220032,0.0,0.0,-1.0283801500298753,-0.8980035911824207,-6.660261971370296e-05,0.0003683784932531069,nan,nan,nan,nan,nan,nan,nan,nan,nan,nan,nan,nan,nan,nan,nan,nan,nan,nan,nan,nan,nan,nan,nan,nan,nan,nan,nan,nan,nan,nan,nan,nan,nan,nan,nan,nan,nan,nan,nan,nan,nan,nan,nan,nan,nan,nan,nan,nan,nan,0.1427438838996483
1791062912.1965466,1.7941958882392948,1.6427861845849239,0.47360759485233994,5.436973020530379e-05,0.0005580080295739755,0.20003262183783388,0.8155993909187099,0.0,0.0,0.09771506185421916,0.6965287442936189,-0.23465805944409762,-0.0024778346593308637,0.38560039205034424,0.0,0.0,-0.21408344079851008,-0.3686494351034977,0.0012926349007885663,0.013472905808091903,nan,nan,nan,nan,nan,nan,nan,0.9784238939515761,0.0,0.0,-1.1230577980210406,1.7863505530345645,-0.11268038518016107,0.10742020071825398,0.2119385550849943,0.0,0.0,-0.31389260030129823,1.3918539666842515,0.08283702080194615,-0.15334952692451667,nan,nan,nan,nan,nan,nan,nan,nan,nan,nan,nan,nan,nan,nan,0.9925532689220032,0.0,0.0,-1.0283737944871838,-0.898000355201722,0.0004613238992179943,0.00015108252975559047,nan,nan,nan,nan,nan,nan,nan,nan,nan,nan,nan,nan,nan,nan,nan,nan,nan,nan,nan,nan,nan,nan,nan,nan,nan,nan,nan,nan,nan,nan,nan,nan,nan,nan,nan,nan,nan,nan,nan,nan,nan,nan,nan,nan,nan,nan,nan,nan,nan,0.16935787351847575
1791062912.2971573,1.8077887613188501,1.6498270406797728,0.47016966112029374,4.9195766314446936e-05,0.0005049065448889863,0.20002951745957437,0.8155993909187099,0.0,0.0,0.07200005733147191,0.6969223975228575,-0.23693975810884116,0.0002374670258924285,0.38560039205034424,0.0,0.0,-0.2138945454649828,-0.3675131366585433,0.0014687808222943013,0.011927794740161786,nan,nan,nan,nan,nan,nan,nan,0.9784238939515761,0.0,0.0,-1.1353216528027186,1.7969103683845644,-0.12672841204769092,0.10523549884193578,0.2119385550849943,0.0,0.0,-0.3063875989815927,1.3773553343135518,0.07971918624979549,-0.14530323025698916,nan,nan,nan,nan,nan,nan,nan,nan,nan,nan,nan,nan,nan,nan,0.9925532689220032,0.0,0.0,-1.028381712348523,-0.8980090188501977,-0.0010202532696446075,-0.00027526025550928234,nan,nan,nan,nan,nan,nan,nan,nan,nan,nan,nan,nan,nan,nan,nan,nan,nan,nan,nan,nan,nan,nan,nan,nan,nan,nan,nan,nan,nan,nan,nan,nan,nan,nan,nan,nan,nan,nan,nan,nan,nan,nan,nan,nan,nan,nan,nan,nan,nan,0.17904195215196492
1791062912.3971796,1.8233238171343646,1.657111038955908,0.4705917238219256,4.4519255951959156e-05,0.00045691053087897895,0.20002671155341237,0.8155993909187099,0.0,0.0,0.05071966291004762,0.6973151727963045,-0.21698523697437055,0.0010142060511051227,0.38560039205034424,0.0,0.0,-0.21363816543577827,-0.3660788532333638,0.0024175091788979125,0.014690310171474067,nan,nan,nan,nan,nan,nan,nan,0.9784238939515761,0.0,0.0,-1.144314533076906,1.8043992989307915,-0.12550111522895976,0.09997444966715671,0.2119385550849943,0.0,0.0,-0.29880025537575294,1.3626727057989179,0.07842202923727631,-0.1330999735051004,nan,nan,nan,nan,nan,nan,nan,nan,nan,nan,nan,nan,nan,nan,0.9925532689220032,0.0,0.0,-1.0283720138510997,-0.8980111207443685,0.0002555694002955728,-0.00010903809693356623,nan,nan,nan,nan,nan,nan,nan,nan,nan,nan,nan,nan,nan,nan,nan,nan,nan,nan,nan,nan,nan,nan,nan,nan,nan,nan,nan,nan,nan,nan,nan,nan,nan,nan,nan,nan,nan,nan,nan,nan,nan,nan,nan,nan,nan,nan,nan,nan,nan,0.1733000876615068
1791062912.4977424,1.8384785850392127,1.6647229750083066,0.4698901110035131,4.028268862169161e-05,0.0004134297451698481,0.20002416961305536,0.8155993909187099,0.0,0.0,0.02690272511660543,0.6975693677649757,-0.23848096830372678,0.005065895187134678,0.38560039205034424,0.0,0.0,-0.21342863860077738,-0.3648655539547099,0.0025401446346825433,0.013248089535072019,nan,nan,nan,nan,nan,nan,nan,0.9784238939515761,0.0,0.0,-1.1581024355505547,1.8161792153821057,-0.12084189692293246,0.10443726976908477,0.2119385550849943,0.0,0.0,-0.29111087524027207,1.3481163783479084,0.07816595518703402,-0.13766167159566234,nan,nan,nan,nan,nan,nan,nan,nan,nan,nan,nan,nan,nan,nan,0.9925532689220032,0.0,0.0,-1.0283823627992226,-0.8980178682771717,-0.0005057301939100073,0.0002111957657666788,nan,nan,nan,nan,nan,nan,nan,nan,nan,nan,nan,nan,nan,nan,nan,nan,nan,nan,nan,nan,nan,nan,nan,nan,nan,nan,nan,nan,nan,nan,nan,nan,nan,nan,nan,nan,nan,nan,nan,nan,nan,nan,nan,nan,nan,nan,nan,nan,nan,0.18557028680284243
1791062912.5960312,1.8544750568975774,1.672432128759445,0.4694873898892679,3.652308334891405e-05,0.00037484412184016154,0.20002191384992166,0.8155993909187099,0.0,0.0,0.00328501467384149,0.6977756877549732,-0.24347999564937356,0.006058006678649742,0.38560039205034424,0.0,0.0,-0.21321466060764527,-0.36350933334976726,0.0020449919432193996,0.015903650482325293,nan,nan,nan,nan,nan,nan,nan,0.9784238939515761,0.0,0.0,-1.1699705424139086,1.8261388074509874,-0.101753442762961,0.07272580491362865,0.2119385550849943,0.0,0.0,-0.28349759870308,1.3336669770094411,0.08121516026050178,-0.1511505788182261,nan,nan,nan,nan,nan,nan,nan,nan,nan,nan,nan,nan,nan,nan,0.9925532689220032,0.0,0.0,-1.028387769615689,-0.8980161906271449,0.0013854704266249651,8.412915622366257e-05,nan,nan,nan,nan,nan,nan,nan,nan,nan,nan,nan,nan,nan,nan,nan,nan,nan,nan,nan,nan,nan,nan,nan,nan,nan,nan,nan,nan,nan,nan,nan,nan,nan,nan,nan,nan,nan,nan,nan,nan,nan,nan,nan,nan,nan,nan,nan,nan,nan,0.20145254128180803
1791062912.6970925,1.8707654595419192,1.6804114574792661,0.46894060222745465,3.304745244700454e-05,0.0003391729874832772,0.20001982847140326,0.8155993909187099,0.0,0.0,-0.022675183750310756,0.6979981661622581,-0.23534673231971673,0.006346019847580851,0.38560039205034424,0.0,0.0,-0.2129983732818592,-0.3619842735149604,0.0017433550858425,0.014103342920020152,nan,nan,nan,nan,nan,nan,nan,0.9784238939515761,0.0,0.0,-1.1816074882804724,1.836154560336392,-0.10995994629580325,0.0906391660245015,0.2119385550849943,0.0,0.0,-0.27567403084978737,1.3188759326384965,0.07588440638613128,-0.14576955031486666,nan,nan,nan,nan,nan,nan,nan,nan,nan,nan,nan,nan,nan,nan,0.9925532689220032,0.0,0.0,-1.0283829277143117,-0.8980133961382039,-0.0004458523735103786,-0.0003792538265966811,nan,nan,nan,nan,nan,nan,nan,nan,nan,nan,nan,nan,nan,nan,nan,nan,nan,nan,nan,nan,nan,nan,nan,nan,nan,nan,nan,nan,nan,nan,nan,nan,nan,nan,nan,nan,nan,nan,nan,nan,nan,nan,nan,nan,nan,nan,nan,nan,nan,0.18350421831047997
1791062912.797376,1.8884013310776222,1.6888998308386876,0.4676022744372204,2.990257155464119e-05,0.00030689641036277254,0.20001794154288466,0.8155993909187099,0.0,0.0,-0.04389501291001597,0.6980540829447901,-0.24236785798852828,0.0012028201664970478,0.38560039205034424,0.0,0.0,-0.21271737968016752,-0.36062223972408214,0.0032409197091532917,0.01504820236765048,nan,nan,nan,nan,nan,nan,nan,0.9784238939515761,0.0,0.0,-1.1914407216106015,1.844851811374921,-0.09589886030511677,0.0876375176373684,0.2119385550849943,0.0,0.0,-0.267707890489391,1.3033545759965433,0.0686000463192788,-0.15349975304954439,nan,nan,nan,nan,nan,nan,nan,nan,nan,nan,nan,nan,nan,nan,0.9925532689220032,0.0,0.0,-1.0283890894131906,-0.8980155615293438,0.0005137099687271202,0.0004507153666975141,nan,nan,nan,nan,nan,nan,nan,nan,nan,nan,nan,nan,nan,nan,nan,nan,nan,nan,nan,nan,nan,nan,nan,nan,nan,nan,nan,nan,nan,nan,nan,nan,nan,nan,nan,nan,nan,nan,nan,nan,nan,nan,nan,nan,nan,nan,nan,nan,nan,0.181216432745302
1791062912.8961368,1.9048295978500343,1.6967172755554567,0.4649308485371347,2.710121148613118e-05,0.00027814546004439113,0.20001626072685585,0.8155993909187099,0.0,0.0,-0.06736793927206136,0.6982729355746904,-0.23962219160041365,1.1525507574499706e-05,0.38560039205034424,0.0,0.0,-0.21243425990815556,-0.3592985191603185,0.0033836746224178357,0.01302491154774391,nan,nan,nan,nan,nan,nan,nan,0.9784238939515761,0.0,0.0,-1.201457618399713,1.8533436171986475,-0.12524560415703584,0.10401462517120055,0.2119385550849943,0.0,0.0,-0.26059336619249635,1.289526751467007,0.09795307960211236,-0.16356181806988923,nan,nan,nan,nan,nan,nan,nan,nan,nan,nan,nan,nan,nan,nan,0.9925532689220032,0.0,0.0,-1.0283833153806174,-0.898012061645568,0.00016189359383837624,3.2702451401285965e-05,nan,nan,nan,nan,nan,nan,nan,nan,nan,nan,nan,nan,nan,nan,nan,nan,nan,nan,nan,nan,nan,nan,nan,nan,nan,nan,nan,nan,nan,nan,nan,nan,nan,nan,nan,nan,nan,nan,nan,nan,nan,nan,nan,nan,nan,nan,nan,nan,nan,0.1872430203767018
1791062912.996612,1.921301098167208,1.7042184714227717,0.46547941556379324,2.4523382483291172e-05,0.00025168865628572403,0.20001471402946344,0.8155993909187099,0.0,0.0,-0.09104220741550438,0.6984886515153229,-0.23937625893101883,-0.003363322181270362,0.38560039205034424,0.0,0.0,-0.21222513520198952,-0.35794404007586705,0.0020299512179836215,0.01208603186764877,nan,nan,nan,nan,nan,nan,nan,0.9784238939515761,0.0,0.0,-1.2118625538885364,1.8625864568016473,-0.12453915568649948,0.11465899924586265,0.2119385550849943,0.0,0.0,-0.25192507506531386,1.2729352097409368,0.07349353504329426,-0.15089384478694723,nan,nan,nan,nan,nan,nan,nan,nan,nan,nan,nan,nan,nan,nan,0.9925532689220032,0.0,0.0,-1.028393731912869,-0.8979916269805729,-0.001309797207622498,-9.362230689612995e-05,nan,nan,nan,nan,nan,nan,nan,nan,nan,nan,nan,nan,nan,nan,nan,nan,nan,nan,nan,nan,nan,nan,nan,nan,nan,nan,nan,nan,nan,nan,nan,nan,nan,nan,nan,nan,nan,nan,nan,nan,nan,nan,nan,nan,nan,nan,nan,nan,nan,0.19713077630783296
1791062913.0958798,1.9376604408332052,1.7120021979647604,0.4655271712492026,2.2189674094982074e-05,0.00022773731397736022,0.20001331380443732,0.8155993909187099,0.0,0.0,-0.11534162109941343,0.6988595157587764,-0.2337998163071546,-0.0019765061137137795,0.38560039205034424,0.0,0.0,-0.21206728129802052,-0.3568793283649047,0.0019550196211095125,0.011900374269246183,nan,nan,nan,nan,nan,nan,nan,0.9784238939515761,0.0,0.0,-1.2233258519811168,1.8726171376295928,-0.10162144467270204,0.09606939606311485,0.2119385550849943,0.0,0.0,-0.24449176383861926,1.2588306992382106,0.09564051030665585,-0.15867517267672734,nan,nan,nan,nan,nan,nan,nan,nan,nan,nan,nan,nan,nan,nan,0.9925532689220032,0.0,0.0,-1.027929182724883,-0.8979058389923911,0.0011552692973702044,0.00022933874951512387,nan,nan,nan,nan,nan,nan,nan,nan,nan,nan,nan,nan,nan,nan,nan,nan,nan,nan,nan,nan,nan,nan,nan,nan,nan,nan,nan,nan,nan,nan,nan,nan,nan,nan,nan,nan,nan,nan,nan,nan,nan,nan,nan,nan,nan,nan,nan,nan,nan,0.17674453544385443
1791062913.1953096,1.9527628693582213,1.7193275896713014,0.46621924272069615,2.0087722431468718e-05,0.00020616453990642304,0.20001205263344432,0.8155993909187099,0.0,0.0,-0.14168718667250338,0.6994169857216127,-0.237904388179733,0.005645212735401357,0.38560039205034424,0.0,0.0,-0.21191686129423434,-0.3556631346034747,0.001305715994275482,0.011628873029278897,nan,nan,nan,nan,nan,nan,nan,0.9784238939515761,0.0,0.0,-1.2323891660535775,1.879940934601198,-0.10907394950125257,0.07796322702499184,0.2119385550849943,0.0,0.0,-0.2366454658008489,1.2437161845448448,0.07896660265295188,-0.15399116512355723,nan,nan,nan,nan,nan,nan,nan,nan,nan,nan,nan,nan,nan,nan,0.9925532689220032,0.0,0.0,-1.0279335860390055,-0.8979090481644032,-0.0004193805927860885,-0.0008268330461808388,nan,nan,nan,nan,nan,nan,nan,nan,nan,nan,nan,nan,nan,nan,nan,nan,nan,nan,nan,nan,nan,nan,nan,nan,nan,nan,nan,nan,nan,nan,nan,nan,nan,nan,nan,nan,nan,nan,nan,nan,nan,nan,nan,nan,nan,nan,nan,nan,nan,0.19117787420751467
1791062913.2965035,1.970628417914481,1.72771069501815,0.4632952787793515,1.8176122905086743e-05,0.0001865453900408073,0.20001090567373225,0.8155993909187099,0.0,0.0,-0.16568606611218253,0.6998692905704406,-0.23836577894482763,0.0030092086563021227,0.38560039205034424,0.0,0.0,-0.21173512542130182,-0.35440759347180356,0.0021023881274006536,0.012462609157618248,nan,nan,nan,nan,nan,nan,nan,0.9784238939515761,0.0,0.0,-1.2477966798098037,1.8933694657661655,-0.162399388533523,0.15047255186856343,0.2119385550849943,0.0,0.0,-0.2286599284074705,1.2282177107257946,0.0812496996113106,-0.14919052881450387,nan,nan,nan,nan,nan,nan,nan,nan,nan,nan,nan,nan,nan,nan,0.9925532689220032,0.0,0.0,-1.0279344304743008,-0.8979082452184151,0.0004932410200803188,-0.0003175680106356115,nan,nan,nan,nan,nan,nan,nan,nan,nan,nan,nan,nan,nan,nan,nan,nan,nan,nan,nan,nan,nan,nan,nan,nan,nan,nan,nan,nan,nan,nan,nan,nan,nan,nan,nan,nan,nan,nan,nan,nan,nan,nan,nan,nan,nan,nan,nan,nan,nan,0.18023102420557335
1791062913.3960543,1.9879018486030249,1.735888954126815,0.4585386918465602,1.6456321214746045e-05,0.00016889470189390546,0.20000987379272084,0.8155993909187099,0.0,0.0,-0.18729517592065742,0.7003054411074786,-0.24609844913154877,0.013837150509089308,0.38560039205034424,0.0,0.0,-0.21153125448163002,-0.35308444877956835,0.0033864778889612485,0.01369357802390667,nan,nan,nan,nan,nan,nan,nan,0.9784238939515761,0.0,0.0,-1.2642465284913855,1.9078012366467045,-0.16944212758076202,0.14717478309316445,0.2119385550849943,0.0,0.0,-0.22082620953818713,1.213212749140663,0.08110734813651638,-0.15173184944239296,nan,nan,nan,nan,nan,nan,nan,nan,nan,nan,nan,nan,nan,nan,0.9925532689220032,0.0,0.0,-1.0279289483577547,-0.8979099148723598,0.00015698241844096998,-9.196321562716546e-05,nan,nan,nan,nan,nan,nan,nan,nan,nan,nan,nan,nan,nan,nan,nan,nan,nan,nan,nan,nan,nan,nan,nan,nan,nan,nan,nan,nan,nan,nan,nan,nan,nan,nan,nan,nan,nan,nan,nan,nan,nan,nan,nan,nan,nan,nan,nan,nan,nan,0.17714128970017817
1791062913.495166,2.0021741098832595,1.7430145444543266,0.460870447489457,1.4891290339917163e-05,0.00015283245933011012,0.200008934774198,0.8155993909187099,0.0,0.0,-0.21134755192047439,0.7006558476674085,-0.24156332877497055,0.009582430441559337,0.38560039205034424,0.0,0.0,-0.21126647116409314,-0.351705778918055,0.0027722453100229353,0.013235999320083201,nan,nan,nan,nan,nan,nan,nan,0.9784238939515761,0.0,0.0,-1.282018592039616,1.922537131618105,-0.20207267779149124,0.1606531808763892,0.2119385550849943,0.0,0.0,-0.21316174533677232,1.1987929479033848,0.08215113413438752,-0.14720313161397372,nan,nan,nan,nan,nan,nan,nan,nan,nan,nan,nan,nan,nan,nan,0.9925532689220032,0.0,0.0,-1.0279372045556114,-0.8979087875295833,0.0004738674890717542,-0.0005042151637319553,nan,nan,nan,nan,nan,nan,nan,nan,nan,nan,nan,nan,nan,nan,nan,nan,nan,nan,nan,nan,nan,nan,nan,nan,nan,nan,nan,nan,nan,nan,nan,nan,nan,nan,nan,nan,nan,nan,nan,nan,nan,nan,nan,nan,nan,nan,nan,nan,nan,0.17173479115707377
1791062913.59705,2.0194567777264543,1.7511317486626126,0.45705304862650065,1.3474196706822751e-05,0.000138288527937791,0.2000080845180197,0.8155993909187099,0.0,0.0,-0.23751724763314508,0.7013245574760301,-0.20647967656928745,0.005247844050375952,0.38560039205034424,0.0,0.0,-0.21109572606419147,-0.3501215966756931,0.0019417786589667409,0.014333121219061842,nan,nan,nan,nan,nan,nan,nan,0.9784238939515761,0.0,0.0,-1.3004128153303751,1.9377586362421861,-0.14822796449345563,0.1287396574811706,0.2119385550849943,0.0,0.0,-0.2049834702692944,1.1832515068780174,0.07145296192680159,-0.13539121822653746,nan,nan,nan,nan,nan,nan,nan,nan,nan,nan,nan,nan,nan,nan,0.9925532689220032,0.0,0.0,-1.0279367296814814,-0.8979189690641775,-0.00029777690827470325,-0.000381917575503256,nan,nan,nan,nan,nan,nan,nan,nan,nan,nan,nan,nan,nan,nan,nan,nan,nan,nan,nan,nan,nan,nan,nan,nan,nan,nan,nan,nan,nan,nan,nan,nan,nan,nan,nan,nan,nan,nan,nan,nan,nan,nan,nan,nan,nan,nan,nan,nan,nan,0.18509989297052604
1791062913.6968286,2.035497699352414,1.7588498232805354,0.45854338624741564,1.220398888083402e-05,0.00012525211662118172,0.20000732239332525,0.8155993909187099,0.0,0.0,-0.2614076491509929,0.7016682254652472,-0.24050007599969786,0.009230754596933632,0.38560039205034424,0.0,0.0,-0.2108521759114545,-0.34863972877065785,0.0023702020914049948,0.01574978758878921,nan,nan,nan,nan,nan,nan,nan,0.9784238939515761,0.0,0.0,-1.3115276613383442,1.9465628531634895,-0.1405719562301638,0.11935936005484532,0.2119385550849943,0.0,0.0,-0.19743519378883384,1.169229018206899,0.072354033648965,-0.14042718646869373,nan,nan,nan,nan,nan,nan,nan,nan,nan,nan,nan,nan,nan,nan,0.9925532689220032,0.0,0.0,-1.027930635106929,-0.8979129175505167,0.0013090037926212796,-0.0001128872771308173,nan,nan,nan,nan,nan,nan,nan,nan,nan,nan,nan,nan,nan,nan,nan,nan,nan,nan,nan,nan,nan,nan,nan,nan,nan,nan,nan,nan,nan,nan,nan,nan,nan,nan,nan,nan,nan,nan,nan,nan,nan,nan,nan,nan,nan,nan,nan,nan,nan,0.17030122922894664
1791062913.7955983,2.050172435307033,1.7654711667099237,0.45630336911972497,1.1050041007555205e-05,0.00011340890576528939,0.2000066300246021,0.8155993909187099,0.0,0.0,-0.2832562665576067,0.70193026494998,-0.24679676100594602,-0.004159641888764391,0.38560039205034424,0.0,0.0,-0.2105014418576488,-0.347151003140864,0.003250891892109398,0.015284986883835687,nan,nan,nan,nan,nan,nan,nan,0.9784238939515761,0.0,0.0,-1.3254119570753862,1.9577223835782225,-0.16367013537395253,0.12951608654933286,0.2119385550849943,0.0,0.0,-0.19096083599663563,1.157023702835574,0.07645875099299812,-0.14506753352666873,nan,nan,nan,nan,nan,nan,nan,nan,nan,nan,nan,nan,nan,nan,0.9925532689220032,0.0,0.0,-1.0279399200602926,-0.897911456333435,-0.00112763816455837,-2.5553899627651905e-05,nan,nan,nan,nan,nan,nan,nan,nan,nan,nan,nan,nan,nan,nan,nan,nan,nan,nan,nan,nan,nan,nan,nan,nan,nan,nan,nan,nan,nan,nan,nan,nan,nan,nan,nan,nan,nan,nan,nan,nan,nan,nan,nan,nan,nan,nan,nan,nan,nan,0.16495976744641622
1791062913.8958137,2.065166357651947,1.7724512457791233,0.4561449311972714,9.999288799107537e-06,0.0001026248138230934,0.20000599957327767,0.8155993909187099,0.0,0.0,-0.3072585206673961,0.7026884459068267,-0.24278012143066885,0.0020432089141194905,0.38560039205034424,0.0,0.0,-0.21025559503604635,-0.34564454138115824,0.002595191185997092,0.015483486467267504,nan,nan,nan,nan,nan,nan,nan,0.9784238939515761,0.0,0.0,-1.3400024466293468,1.9704530155221773,-0.13653136732355234,0.1301327818618527,0.2119385550849943,0.0,0.0,-0.1833182342690415,1.1432098479048496,0.0775164569794339,-0.1375544239942191,nan,nan,nan,nan,nan,nan,nan,nan,nan,nan,nan,nan,nan,nan,0.9925532689220032,0.0,0.0,-1.0279316352709273,-0.8979132971309486,5.3562068143308324e-05,0.0003465269399434739,nan,nan,nan,nan,nan,nan,nan,nan,nan,nan,nan,nan,nan,nan,nan,nan,nan,nan,nan,nan,nan,nan,nan,nan,nan,nan,nan,nan,nan,nan,nan,nan,nan,nan,nan,nan,nan,nan,nan,nan,nan,nan,nan,nan,nan,nan,nan,nan,nan,0.14633074649193567
1791062913.996758,2.082026791892362,1.7806866964576282,0.45639322438471874,9.04773066215388e-06,9.285877159662681e-05,0.200005428638396,0.8155993909187099,0.0,0.0,-0.33368061537404303,0.7033705147551564,-0.24684288398015267,0.0027111584813055596,0.38560039205034424,0.0,0.0,-0.2100197146335213,-0.3441535716402456,0.0027629050184042043,0.015843756155520104,nan,nan,nan,nan,nan,nan,nan,0.9784238939515761,0.0,0.0,-1.3536249351827254,1.9817905009752088,-0.07245397694297824,0.04167751107730583,0.2119385550849943,0.0,0.0,-0.1751777428037818,1.1278367132617941,0.0759789210141098,-0.1378540870605524,nan,nan,nan,nan,nan,nan,nan,nan,nan,nan,nan,nan,nan,nan,0.9925532689220032,0.0,0.0,-1.0279410489319518,-0.8979270395420191,0.0003320806461176557,2.1251712123767768e-05,nan,nan,nan,nan,nan,nan,nan,nan,nan,nan,nan,nan,nan,nan,nan,nan,nan,nan,nan,nan,nan,nan,nan,nan,nan,nan,nan,nan,nan,nan,nan,nan,nan,nan,nan,nan,nan,nan,nan,nan,nan,nan,nan,nan,nan,nan,nan,nan,nan,0.1560272687584934
1791062914.09708,2.098171429381354,1.7878008309225728,0.45239768896848725,8.186725254118657e-06,8.402209116109647e-05,0.20000491203515147,0.8155993909187099,0.0,0.0,-0.3572737452986668,0.7042355405177401,-0.2179399044954693,0.03810411445972097,0.38560039205034424,0.0,0.0,-0.20975408323016198,-0.3426113202037231,0.0024607203473073352,0.015149853917541074,nan,nan,nan,nan,nan,nan,nan,0.9784238939515761,0.0,0.0,-1.3668921695615917,1.9934873161455515,-0.09035254712659616,0.08583603214067598,0.2119385550849943,0.0,0.0,-0.16762008970371983,1.114072840288372,0.08127489338166158,-0.1504193802630281,nan,nan,nan,nan,nan,nan,nan,nan,nan,nan,nan,nan,nan,nan,0.9925532689220032,0.0,0.0,-1.0279403146427173,-0.8979311334215956,0.0008795093115978709,-6.306231182202779e-06,nan,nan,nan,nan,nan,nan,nan,nan,nan,nan,nan,nan,nan,nan,nan,nan,nan,nan,nan,nan,nan,nan,nan,nan,nan,nan,nan,nan,nan,nan,nan,nan,nan,nan,nan,nan,nan,nan,nan,nan,nan,nan,nan,nan,nan,nan,nan,nan,nan,0.17071416327381247
1791062914.195493,2.1114581932547023,1.7943693257190938,0.4569171486649348,7.412507130969462e-06,7.607612696874886e-05,0.20000444750427784,0.8155993909187099,0.0,0.0,-0.3784671362304925,0.7051422180881078,-0.23353960312203917,0.019321262464184526,0.38560039205034424,0.0,0.0,-0.20953039548041777,-0.34112679423969905,0.002567676904339569,0.016068466827529236,nan,nan,nan,nan,nan,nan,nan,0.9784238939515761,0.0,0.0,-1.3734324826277362,1.9984004178201782,-0.07093087462125774,0.05767160222858311,0.2119385550849943,0.0,0.0,-0.16065877281373853,1.1011465272500034,0.09831141106016567,-0.1735743452261519,nan,nan,nan,nan,nan,nan,nan,nan,nan,nan,nan,nan,nan,nan,0.9925532689220032,0.0,0.0,-1.027919937026564,-0.8979164086056779,0.0010485484848239894,0.00031577342645504097,nan,nan,nan,nan,nan,nan,nan,nan,nan,nan,nan,nan,nan,nan,nan,nan,nan,nan,nan,nan,nan,nan,nan,nan,nan,nan,nan,nan,nan,nan,nan,nan,nan,nan,nan,nan,nan,nan,nan,nan,nan,nan,nan,nan,nan,nan,nan,nan,nan,0.1806867060186382
1791062914.2962832,2.128513916577696,1.801606468662535,0.45259477967827605,6.707113815763832e-06,6.883652632320159e-05,0.20000402426828892,0.8155993909187099,0.0,0.0,-0.4044967984512754,0.7059182589904269,-0.23728118538245846,0.01197877418841807,0.38560039205034424,0.0,0.0,-0.20921082944482905,-0.3392424454493,0.0035571425971316533,0.018904962488117228,nan,nan,nan,nan,nan,nan,nan,0.9784238939515761,0.0,0.0,-1.38716148566343,2.0097291332284164,-0.15134138005544778,0.11796084855182497,0.2119385550849943,0.0,0.0,-0.15224096863915504,1.0850679438831827,0.07358720557861015,-0.1417426540821821,nan,nan,nan,nan,nan,nan,nan,nan,nan,nan,nan,nan,nan,nan,0.9925532689220032,0.0,0.0,-1.0279327830991463,-0.8979011432265177,0.000575239302625082,0.0006290706459899157,nan,nan,nan,nan,nan,nan,nan,nan,nan,nan,nan,nan,nan,nan,nan,nan,nan,nan,nan,nan,nan,nan,nan,nan,nan,nan,nan,nan,nan,nan,nan,nan,nan,nan,nan,nan,nan,nan,nan,nan,nan,nan,nan,nan,nan,nan,nan,nan,nan,0.15405546562003974
1791062914.3961568,2.1438224240413093,1.8092137726128,0.4564161083833232,6.068847549523578e-06,6.228586476532027e-05,0.20000364130852932,0.8155993909187099,0.0,0.0,-0.42797249565276413,0.7058881773444265,-0.22457274506932928,0.015006206907658474,0.38560039205034424,0.0,0.0,-0.20892293058879433,-0.3375373871359892,0.0031472119201678356,0.019846635053584902,nan,nan,nan,nan,nan,nan,nan,0.9784238939515761,0.0,0.0,-1.4033790561959583,2.024043562057045,-0.1693349325209047,0.15562077074501807,0.2119385550849943,0.0,0.0,-0.14468378240072932,1.070775327759289,0.07880455484149866,-0.15648180496315844,nan,nan,nan,nan,nan,nan,nan,nan,nan,nan,nan,nan,nan,nan,0.9925532689220032,0.0,0.0,-1.0279222097020224,-0.897914472817277,0.0005864410573190395,-0.00030120516953575054,nan,nan,nan,nan,nan,nan,nan,nan,nan,nan,nan,nan,nan,nan,nan,nan,nan,nan,nan,nan,nan,nan,nan,nan,nan,nan,nan,nan,nan,nan,nan,nan,nan,nan,nan,nan,nan,nan,nan,nan,nan,nan,nan,nan,nan,nan,nan,nan,nan,0.1742104993605448
1791062914.4966137,2.161390500688747,1.8178334344954932,0.4472939892919965,5.4949125282836e-06,5.639544836824983e-05,0.2000032969475167,0.8155993909187099,0.0,0.0,-0.4515528313831567,0.706679963810916,-0.23330997278162544,0.005289578171600349,0.38560039205034424,0.0,0.0,-0.20852516272283458,-0.33523533832195285,0.003919006760078128,0.018977889115963223,nan,nan,nan,nan,nan,nan,nan,0.9784238939515761,0.0,0.0,-1.4176223151891538,2.036338640433138,-0.1636775069547609,0.1382474161745164,0.2119385550849943,0.0,0.0,-0.13732969701511352,1.0571949083660652,0.09223474788998054,-0.16139517686873092,nan,nan,nan,nan,nan,nan,nan,nan,nan,nan,nan,nan,nan,nan,0.9925532689220032,0.0,0.0,-1.0279373216653471,-0.8979114877466732,-7.712582009235125e-05,-0.00020871490191368966,nan,nan,nan,nan,nan,nan,nan,nan,nan,nan,nan,nan,nan,nan,nan,nan,nan,nan,nan,nan,nan,nan,nan,nan,nan,nan,nan,nan,nan,nan,nan,nan,nan,nan,nan,nan,nan,nan,nan,nan,nan,nan,nan,nan,nan,nan,nan,nan,nan,0.17027704785254735
1791062914.5976684,2.1767374869947638,1.8253941883267968,0.4430362343447212,4.974532650693683e-06,5.105467972681246e-05,0.20000298471959022,0.8155993909187099,0.0,0.0,-0.4750733907070007,0.7076921015137898,-0.23000538152002897,0.0065419794982143975,0.38560039205034424,0.0,0.0,-0.20812369925943638,-0.33328450156868833,0.003562289203228374,0.019175020212088015,nan,nan,nan,nan,nan,nan,nan,0.9784238939515761,0.0,0.0,-1.4337297367818542,2.050418373167999,-0.14856562461808068,0.1312976348792657,0.2119385550849943,0.0,0.0,-0.12806793019786397,1.03980730629779,0.08345950659685589,-0.15905231117091168,nan,nan,nan,nan,nan,nan,nan,nan,nan,nan,nan,nan,nan,nan,0.9925532689220032,0.0,0.0,-1.0279349067269168,-0.8979066084947549,-7.68474499074712e-05,-1.5483569524000606e-05,nan,nan,nan,nan,nan,nan,nan,nan,nan,nan,nan,nan,nan,nan,nan,nan,nan,nan,nan,nan,nan,nan,nan,nan,nan,nan,nan,nan,nan,nan,nan,nan,nan,nan,nan,nan,nan,nan,nan,nan,nan,nan,nan,nan,nan,nan,nan,nan,nan,0.19226534452134136
1791062914.6967673,2.1918459250828364,1.8326552498439532,0.4470164747528171,4.501143281068545e-06,4.6196184597844155e-05,0.20000270068596848,0.8155993909187099,0.0,0.0,-0.49830046102094383,0.708858150246869,-0.24159098756523417,0.007431706322900402,0.38560039205034424,0.0,0.0,-0.20785578759182155,-0.33148963865253445,0.003312300984480489,0.0203040607132063,nan,nan,nan,nan,nan,nan,nan,0.9784238939515761,0.0,0.0,-1.4491143610737844,2.063545568886826,-0.14775969138863324,0.11923843900843523,0.2119385550849943,0.0,0.0,-0.11924924654098207,1.0235347403977566,0.09008402902650182,-0.16811708132515257,nan,nan,nan,nan,nan,nan,nan,nan,nan,nan,nan,nan,nan,nan,0.9925532689220032,0.0,0.0,-1.0279339421685663,-0.8979055325086035,9.683880336800935e-05,-0.00013704538645958197,nan,nan,nan,nan,nan,nan,nan,nan,nan,nan,nan,nan,nan,nan,nan,nan,nan,nan,nan,nan,nan,nan,nan,nan,nan,nan,nan,nan,nan,nan,nan,nan,nan,nan,nan,nan,nan,nan,nan,nan,nan,nan,nan,nan,nan,nan,nan,nan,nan,0.16975930852787302
1791062914.7966511,2.2090800972366855,1.8402413005529685,0.44589042182643424,4.075625391733985e-06,4.1829004586476505e-05,0.20000244537523493,0.8155993909187099,0.0,0.0,-0.5215948928243028,0.7101144967230093,-0.2384393537329454,0.015547862598213702,0.38560039205034424,0.0,0.0,-0.20755744313515195,-0.3296133395065439,0.004176248829026434,0.01912569037552447,nan,nan,nan,nan,nan,nan,nan,0.9784238939515761,0.0,0.0,-1.4639482915896433,2.0761379630729913,-0.13412427629573662,0.11705147514878247,0.2119385550849943,0.0,0.0,-0.11029292956181554,1.007002443379146,0.090689105561968,-0.1706150102913666,nan,nan,nan,nan,nan,nan,nan,nan,nan,nan,nan,nan,nan,nan,0.9925532689220032,0.0,0.0,-1.0279231546467633,-0.897903621585283,-8.443304849141124e-05,0.0003987365760294711,nan,nan,nan,nan,nan,nan,nan,nan,nan,nan,nan,nan,nan,nan,nan,nan,nan,nan,nan,nan,nan,nan,nan,nan,nan,nan,nan,nan,nan,nan,nan,nan,nan,nan,nan,nan,nan,nan,nan,nan,nan,nan,nan,nan,nan,nan,nan,nan,nan,0.18901056462909036
1791062914.8969276,2.2251514994364405,1.8472837266833695,0.44747055879547243,3.6902366308534733e-06,3.787367829983048e-05,0.20000221414197844,0.8155993909187099,0.0,0.0,-0.5447476882167928,0.7114136202919589,-0.2508320015985651,0.017080361200137957,0.38560039205034424,0.0,0.0,-0.20721055658702353,-0.32717493980633444,0.0026604578076867332,0.02244950384868358,nan,nan,nan,nan,nan,nan,nan,0.9784238939515761,0.0,0.0,-1.4784332000114762,2.0884111217139303,-0.1622794169345011,0.12603611657106648,0.2119385550849943,0.0,0.0,-0.10135367801776754,0.9910613900196148,0.10772776128086131,-0.18576200822859396,nan,nan,nan,nan,nan,nan,nan,nan,nan,nan,nan,nan,nan,nan,0.9925532689220032,0.0,0.0,-1.027946382402733,-0.8979183597074513,-0.0011441978374095551,-0.0004910923072909061,nan,nan,nan,nan,nan,nan,nan,nan,nan,nan,nan,nan,nan,nan,nan,nan,nan,nan,nan,nan,nan,nan,nan,nan,nan,nan,nan,nan,nan,nan,nan,nan,nan,nan,nan,nan,nan,nan,nan,nan,nan,nan,nan,nan,nan,nan,nan,nan,nan,0.1722633345310554
1791062914.99473,2.240663980219284,1.8543338729312335,0.4467000076242149,3.341143129951733e-06,3.429085793563713e-05,0.20000200468587792,0.8155993909187099,0.0,0.0,-0.5654528311584658,0.7126465620002486,-0.22564171358138538,0.013273121975366554,0.38560039205034424,0.0,0.0,-0.2068028447844286,-0.3249111997926755,0.004828016243213809,0.026285352688697843,nan,nan,nan,nan,nan,nan,nan,0.9784238939515761,0.0,0.0,-1.4895800451742525,2.0979596330424553,-0.1445292432698977,0.12807706921157685,0.2119385550849943,0.0,0.0,-0.0917650036956651,0.9734721759593663,0.09393231175109694,-0.18118916681364086,nan,nan,nan,nan,nan,nan,nan,nan,nan,nan,nan,nan,nan,nan,0.9925532689220032,0.0,0.0,-1.0279323363151849,-0.8979233200405478,0.0005587526066105047,-7.442985541730585e-05,nan,nan,nan,nan,nan,nan,nan,nan,nan,nan,nan,nan,nan,nan,nan,nan,nan,nan,nan,nan,nan,nan,nan,nan,nan,nan,nan,nan,nan,nan,nan,nan,nan,nan,nan,nan,nan,nan,nan,nan,nan,nan,nan,nan,nan,nan,nan,nan,nan,0.2052895145326045
1791062915.0965958,2.257594026467472,1.8625566488974843,0.4468796993414902,3.023191323987679e-06,3.1027651366916994e-05,0.20000181391479432,0.8155993909187099,0.0,0.0,-0.5913548920963403,0.7140890662785367,-0.2276584404540032,0.012285231238763008,0.38560039205034424,0.0,0.0,-0.20616652690067186,-0.3218620063003981,0.005083528715476243,0.02506021708282996,nan,nan,nan,nan,nan,nan,nan,0.9784238939515761,0.0,0.0,-1.5054891290132615,2.1121658880272376,-0.14758355646366783,0.13151301699180537,0.2119385550849943,0.0,0.0,-0.08053182344087224,0.95315107620911,0.09124385560565108,-0.1801454211708751,nan,nan,nan,nan,nan,nan,nan,nan,nan,nan,nan,nan,nan,nan,0.9925532689220032,0.0,0.0,-1.0279284040454133,-0.8979290466038023,-0.0007854215976169275,-0.0003172554784843462,nan,nan,nan,nan,nan,nan,nan,nan,nan,nan,nan,nan,nan,nan,nan,nan,nan,nan,nan,nan,nan,nan,nan,nan,nan,nan,nan,nan,nan,nan,nan,nan,nan,nan,nan,nan,nan,nan,nan,nan,nan,nan,nan,nan,nan,nan,nan,nan,nan,0.1616638827708142
1791062915.1972594,2.2749077292148554,1.8702027143252642,0.4456219798775268,2.7354966327247434e-06,2.8074979959787893e-05,0.20000164129797962,0.8155993909187099,0.0,0.0,-0.6144686812561134,0.7153538074031393,-0.21006097337649726,0.01674973614868259,0.38560039205034424,0.0,0.0,-0.2056934019215296,-0.319257255641548,0.00464480110236443,0.027751278675787076,nan,nan,nan,nan,nan,nan,nan,0.9784238939515761,0.0,0.0,-1.519867742794185,2.125201407287035,-0.16797274922666797,0.14911171662369305,0.2119385550849943,0.0,0.0,-0.07015607852376951,0.934039650878512,0.11410079890728263,-0.19862404703941633,nan,nan,nan,nan,nan,nan,nan,nan,nan,nan,nan,nan,nan,nan,0.9925532689220032,0.0,0.0,-1.0279374790917744,-0.8979313962745661,0.0009453304855804604,-0.00021826749351519937,nan,nan,nan,nan,nan,nan,nan,nan,nan,nan,nan,nan,nan,nan,nan,nan,nan,nan,nan,nan,nan,nan,nan,nan,nan,nan,nan,nan,nan,nan,nan,nan,nan,nan,nan,nan,nan,nan,nan,nan,nan,nan,nan,nan,nan,nan,nan,nan,nan,0.2061974526145964
1791062915.2959538,2.289872479762716,1.8772322056731414,0.44718045359990666,2.4755455027777655e-06,2.5407046584737023e-05,0.20000148532730166,0.8155993909187099,0.0,0.0,-0.6352452237906179,0.7163688310325783,-0.22509718139570475,0.010487401552755213,0.38560039205034424,0.0,0.0,-0.2052412707811291,-0.31673467561501617,0.006555396383578634,0.030025436995059343,nan,nan,nan,nan,nan,nan,nan,0.9784238939515761,0.0,0.0,-1.5330848731119915,2.1366601754322776,-0.12309356238265498,0.09088038804115645,0.2119385550849943,0.0,0.0,-0.06116244753001422,0.9172824855647311,0.10508865130192763,-0.20781389990755614,nan,nan,nan,nan,nan,nan,nan,nan,nan,nan,nan,nan,nan,nan,0.9925532689220032,0.0,0.0,-1.02790855281234,-0.8979322324056138,0.0010975603897126363,0.0004994124186929543,nan,nan,nan,nan,nan,nan,nan,nan,nan,nan,nan,nan,nan,nan,nan,nan,nan,nan,nan,nan,nan,nan,nan,nan,nan,nan,nan,nan,nan,nan,nan,nan,nan,nan,nan,nan,nan,nan,nan,nan,nan,nan,nan,nan,nan,nan,nan,nan,nan,0.15001124399584798
1791062915.3947697,2.3047782609677436,1.8839331676557802,0.44833720281727674,2.239966201700127e-06,2.2989246439208182e-05,0.200001343979721,0.8155993909187099,0.0,0.0,-0.6565944332181809,0.7173912331469222,-0.21945122528370703,0.00873047395881545,0.38560039205034424,0.0,0.0,-0.20470985779383788,-0.313452795966484,0.005733782273250508,0.03650397280033503,nan,nan,nan,nan,nan,nan,nan,0.9784238939515761,0.0,0.0,-1.5489266140707099,2.1504798731887806,-0.14428832916376522,0.1256748854984472,0.2119385550849943,0.0,0.0,-0.05013448072471552,0.8969834444759901,0.10386769392975631,-0.19068416450095704,nan,nan,nan,nan,nan,nan,nan,nan,nan,nan,nan,nan,nan,nan,0.9925532689220032,0.0,0.0,-1.0279170837075606,-0.8979244768882592,0.0002980576259033064,-0.000729387429206096,nan,nan,nan,nan,nan,nan,nan,nan,nan,nan,nan,nan,nan,nan,nan,nan,nan,nan,nan,nan,nan,nan,nan,nan,nan,nan,nan,nan,nan,nan,nan,nan,nan,nan,nan,nan,nan,nan,nan,nan,nan,nan,nan,nan,nan,nan,nan,nan,nan,0.1268392181881855
1791062915.496328,2.320238874734395,1.8911100710919604,0.4450125928400965,2.0268052351002657e-06,2.0801530397481906e-05,0.20000121608314103,0.8155993909187099,0.0,0.0,-0.6799346904999934,0.718628082168795,-0.22916519343823694,-0.004247940877557513,0.38560039205034424,0.0,0.0,-0.20390113423469072,-0.3094755299434338,0.0085937565161923,0.03541412322958852,nan,nan,nan,nan,nan,nan,nan,0.9784238939515761,0.0,0.0,-1.5632315480599799,2.163189764424571,-0.13428030637676605,0.1207843294906692,0.2119385550849943,0.0,0.0,-0.03889942934230981,0.8765284697982136,0.1098149871738624,-0.18440016072786347,nan,nan,nan,nan,nan,nan,nan,nan,nan,nan,nan,nan,nan,nan,0.9925532689220032,0.0,0.0,-1.0279060173723606,-0.8979126576924604,0.0010651395605822383,0.0004625219696745947,nan,nan,nan,nan,nan,nan,nan,nan,nan,nan,nan,nan,nan,nan,nan,nan,nan,nan,nan,nan,nan,nan,nan,nan,nan,nan,nan,nan,nan,nan,nan,nan,nan,nan,nan,nan,nan,nan,nan,nan,nan,nan,nan,nan,nan,nan,nan,nan,nan,0.1552043247656553
1791062915.5968611,2.332817181271131,1.8966952286724355,0.44738896032180303,1.8350951901123368e-06,1.8833969696898978e-05,0.20000110105711408,0.8155993909187099,0.0,0.0,-0.7017660154079846,0.72031016880801,-0.20286328773725598,0.011971617939846793,0.38560039205034424,0.0,0.0,-0.20325220899921817,-0.30574087665354077,0.00587753236865774,0.04018266970926081,nan,nan,nan,nan,nan,nan,nan,0.9784238939515761,0.0,0.0,-1.5785470234369958,2.176929460208613,-0.14001613917044348,0.12869913879046588,0.2119385550849943,0.0,0.0,-0.027111621690202776,0.8543764021244765,0.10164565364511718,-0.19722333514249296,nan,nan,nan,nan,nan,nan,nan,nan,nan,nan,nan,nan,nan,nan,0.9925532689220032,0.0,0.0,-1.0279381054001697,-0.8979164119084033,-0.0011524026211650721,1.908363685440448e-05,nan,nan,nan,nan,nan,nan,nan,nan,nan,nan,nan,nan,nan,nan,nan,nan,nan,nan,nan,nan,nan,nan,nan,nan,nan,nan,nan,nan,nan,nan,nan,nan,nan,nan,nan,nan,nan,nan,nan,nan,nan,nan,nan,nan,nan,nan,nan,nan,nan,0.1437975043863689
1791062915.696345,2.3474855577175138,1.9033202538171046,0.4474972135060827,1.6604627942171644e-06,1.7041680517510302e-05,0.20000099627767653,0.8155993909187099,0.0,0.0,-0.7221861045939587,0.7213458128342594,-0.22602719129377644,0.010909874151770256,0.38560039205034424,0.0,0.0,-0.20257702874227873,-0.3016089216182225,0.007963384692346271,0.04623348729971618,nan,nan,nan,nan,nan,nan,nan,0.9784238939515761,0.0,0.0,-1.592978158953584,2.189676007921665,-0.14085803627206953,0.14961266440550847,0.2119385550849943,0.0,0.0,-0.01756062005029572,0.8368373799920281,0.11341610290313167,-0.20961296003834162,nan,nan,nan,nan,nan,nan,nan,nan,nan,nan,nan,nan,nan,nan,0.9925532689220032,0.0,0.0,-1.0279181813146598,-0.8979095292332331,0.0008902529933174379,-0.000700165428679568,nan,nan,nan,nan,nan,nan,nan,nan,nan,nan,nan,nan,nan,nan,nan,nan,nan,nan,nan,nan,nan,nan,nan,nan,nan,nan,nan,nan,nan,nan,nan,nan,nan,nan,nan,nan,nan,nan,nan,nan,nan,nan,nan,nan,nan,nan,nan,nan,nan,0.1560396466297192
1791062915.7965903,2.3607880944193727,1.9096666936854838,0.4479592133720532,1.502448867958012e-06,1.5419950203525484e-05,0.20000090146932076,0.8155993909187099,0.0,0.0,-0.7426359285782804,0.7223035016146703,-0.22046409748583173,0.0075050834087265405,0.38560039205034424,0.0,0.0,-0.2017172361978744,-0.29716436669924523,0.011262398811586744,0.0506617661451857,nan,nan,nan,nan,nan,nan,nan,0.9784238939515761,0.0,0.0,-1.6061443004433587,2.200548579110701,-0.14930845952882452,0.12842158192497377,0.2119385550849943,0.0,0.0,-0.007025734704747613,0.8172478184579121,0.10844869019596884,-0.2053626488285768,nan,nan,nan,nan,nan,nan,nan,nan,nan,nan,nan,nan,nan,nan,0.9925532689220032,0.0,0.0,-1.0279283609146868,-0.8978739733369955,-0.0008851272337875117,0.00039172629706496964,nan,nan,nan,nan,nan,nan,nan,nan,nan,nan,nan,nan,nan,nan,nan,nan,nan,nan,nan,nan,nan,nan,nan,nan,nan,nan,nan,nan,nan,nan,nan,nan,nan,nan,nan,nan,nan,nan,nan,nan,nan,nan,nan,nan,nan,nan,nan,nan,nan,0.15470212214119589
1791062915.8955042,2.373523432962968,1.9153807017985862,0.44585227304663877,1.3594719548609668e-06,1.3952547932986557e-05,0.20000081568317293,0.8155993909187099,0.0,0.0,-0.763483918822875,0.723173146086084,-0.20902590253398445,0.009331722814147906,0.38560039205034424,0.0,0.0,-0.20071736191634024,-0.29196131775579615,0.008735605376835731,0.05916512615727127,nan,nan,nan,nan,nan,nan,nan,0.9784238939515761,0.0,0.0,-1.6209724470244586,2.213485773295301,-0.1589592235884875,0.13723431265301367,0.2119385550849943,0.0,0.0,0.004013746007008095,0.7968834269065782,0.10828102566295725,-0.20365855504489994,nan,nan,nan,nan,nan,nan,nan,nan,nan,nan,nan,nan,nan,nan,0.9925532689220032,0.0,0.0,-1.0279489575742338,-0.8978936790586266,-0.0001105555924753139,-0.000550583188227093,nan,nan,nan,nan,nan,nan,nan,nan,nan,nan,nan,nan,nan,nan,nan,nan,nan,nan,nan,nan,nan,nan,nan,nan,nan,nan,nan,nan,nan,nan,nan,nan,nan,nan,nan,nan,nan,nan,nan,nan,nan,nan,nan,nan,nan,nan,nan,nan,nan,0.12549490585541073
1791062915.9951897,2.3882107251691695,1.922092276413856,0.4467777486302716,1.230219313559202e-06,1.2626000763859832e-05,0.20000073813158814,0.8155993909187099,0.0,0.0,-0.7853745297080641,0.7243255074096432,-0.22170705193840196,0.010012225790046993,0.38560039205034424,0.0,0.0,-0.1998095625465518,-0.2864552151788645,0.010459035532165229,0.05793560450120014,nan,nan,nan,nan,nan,nan,nan,0.9784238939515761,0.0,0.0,-1.6348654619003276,2.22588836726986,-0.0926441491349004,0.12127749236184174,0.2119385550849943,0.0,0.0,0.015410051512558993,0.7758319563228692,0.10683891328842822,-0.19718916588224153,nan,nan,nan,nan,nan,nan,nan,nan,nan,nan,nan,nan,nan,nan,0.9925532689220032,0.0,0.0,-1.0279454196573719,-0.8979041642159175,6.75670297049143e-05,-6.023068669839014e-05,nan,nan,nan,nan,nan,nan,nan,nan,nan,nan,nan,nan,nan,nan,nan,nan,nan,nan,nan,nan,nan,nan,nan,nan,nan,nan,nan,nan,nan,nan,nan,nan,nan,nan,nan,nan,nan,nan,nan,nan,nan,nan,nan,nan,nan,nan,nan,nan,nan,0.16792157246209558
1791062916.0970533,2.404473998338372,1.9295996562947895,0.4473243173557151,1.113148467664714e-06,1.1424477935045626e-05,0.20000066788908058,0.8155993909187099,0.0,0.0,-0.8082159584363997,0.7252934304763909,-0.2117878183033059,0.008474805549937974,0.38560039205034424,0.0,0.0,-0.1985413101183899,-0.2802682579447413,0.008727710412011567,0.057853918691856646,nan,nan,nan,nan,nan,nan,nan,0.9784238939515761,0.0,0.0,-1.6495222402569198,2.2387431619039235,-0.12510439833808756,0.09527299313764517,0.2119385550849943,0.0,0.0,0.027958719255852808,0.7528675860262711,0.10677810468518906,-0.201874959005241,nan,nan,nan,nan,nan,nan,nan,nan,nan,nan,nan,nan,nan,nan,0.9925532689220032,0.0,0.0,-1.0279277184464717,-0.897916897014661,0.00018766715970502514,-0.00010183423791624015,nan,nan,nan,nan,nan,nan,nan,nan,nan,nan,nan,nan,nan,nan,nan,nan,nan,nan,nan,nan,nan,nan,nan,nan,nan,nan,nan,nan,nan,nan,nan,nan,nan,nan,nan,nan,nan,nan,nan,nan,nan,nan,nan,nan,nan,nan,nan,nan,nan,0.18539031890885302
1791062916.1961021,2.4201698414534727,1.9369476033548991,0.44671163414134923,1.0072513122086035e-06,1.0337633052232713e-05,0.20000060435078734,0.8155993909187099,0.0,0.0,-0.8281617122877621,0.72639363020111,-0.18484492300001742,0.01172667553351659,0.38560039205034424,0.0,0.0,-0.1975910637372232,-0.27479207290787905,0.012030046322469637,0.06429402811955487,nan,nan,nan,nan,nan,nan,nan,0.9784238939515761,0.0,0.0,-1.6596774991240522,2.2482269162938096,-0.09957557496310387,0.10541700537149448,0.2119385550849943,0.0,0.0,0.039144402232540204,0.7325589299671897,0.1034839990258641,-0.18655364278714945,nan,nan,nan,nan,nan,nan,nan,nan,nan,nan,nan,nan,nan,nan,0.9925532689220032,0.0,0.0,-1.0279298959622227,-0.8979167308597344,-0.00020209931104640875,0.00031811680146299315,nan,nan,nan,nan,nan,nan,nan,nan,nan,nan,nan,nan,nan,nan,nan,nan,nan,nan,nan,nan,nan,nan,nan,nan,nan,nan,nan,nan,nan,nan,nan,nan,nan,nan,nan,nan,nan,nan,nan,nan,nan,nan,nan,nan,nan,nan,nan,nan,nan,0.1654961481289772
1791062916.2954073,2.4349009664122736,1.9437444280244893,0.4469389258997263,9.114382808204031e-07,9.354283665532543e-06,0.20000054686296853,0.8155993909187099,0.0,0.0,-0.8470831240325004,0.7271370906824262,-0.2302738437151676,0.012144236547834076,0.38560039205034424,0.0,0.0,-0.1962892024290568,-0.2686348355255006,0.011088600773355169,0.05694775639528733,nan,nan,nan,nan,nan,nan,nan,0.9784238939515761,0.0,0.0,-1.6712376304263228,2.258712183683762,-0.11236401923013725,0.10303776150821922,0.2119385550849943,0.0,0.0,0.04914300002266132,0.7142901954360334,0.1200012646108661,-0.20649723858913305,nan,nan,nan,nan,nan,nan,nan,nan,nan,nan,nan,nan,nan,nan,0.9925532689220032,0.0,0.0,-1.0279250194598044,-0.897918924582444,-0.00024985681724058896,-0.00010410788943248313,nan,nan,nan,nan,nan,nan,nan,nan,nan,nan,nan,nan,nan,nan,nan,nan,nan,nan,nan,nan,nan,nan,nan,nan,nan,nan,nan,nan,nan,nan,nan,nan,nan,nan,nan,nan,nan,nan,nan,nan,nan,nan,nan,nan,nan,nan,nan,nan,nan,0.16196456412994226
1791062916.3959079,2.452848082137038,1.9518126839218808,0.44665445106401225,8.247034609877052e-07,8.464105882278137e-06,0.2000004948220766,0.8155993909187099,0.0,0.0,-0.8656108822536573,0.728083240784516,-0.1737905129013665,0.013191428407178032,0.38560039205034424,0.0,0.0,-0.19522463578077456,-0.2619699282714108,0.01220145461057501,0.07085749076381331,nan,nan,nan,nan,nan,nan,nan,0.9784238939515761,0.0,0.0,-1.6819113535827512,2.2682156281636985,-0.10301722924470678,0.08361244033515572,0.2119385550849943,0.0,0.0,0.059574811770631016,0.6949378386138272,0.10384177452904689,-0.19807329742438098,nan,nan,nan,nan,nan,nan,nan,nan,nan,nan,nan,nan,nan,nan,0.9925532689220032,0.0,0.0,-1.027925777377261,-0.8979264675113349,0.0007236511421523872,-0.0006168027234256239,nan,nan,nan,nan,nan,nan,nan,nan,nan,nan,nan,nan,nan,nan,nan,nan,nan,nan,nan,nan,nan,nan,nan,nan,nan,nan,nan,nan,nan,nan,nan,nan,nan,nan,nan,nan,nan,nan,nan,nan,nan,nan,nan,nan,nan,nan,nan,nan,nan,0.18733967894118542
1791062916.4958975,2.4701200172359274,1.9595581332777663,0.447312135000611,7.4622255053068e-07,7.65863971502053e-06,0.20000044773353032,0.8155993909187099,0.0,0.0,-0.8850058692256878,0.7290172292884498,-0.18398096223135432,0.009369935633894058,0.38560039205034424,0.0,0.0,-0.1939250172794735,-0.2552106079068282,0.0101996114147887,0.06772471784089619,nan,nan,nan,nan,nan,nan,nan,0.9784238939515761,0.0,0.0,-1.6909551705690762,2.2762165509732304,-0.039050992209984425,0.06769255032794155,0.2119385550849943,0.0,0.0,0.07141177142147545,0.6729798008189387,0.10893026358079255,-0.2133276087743754,nan,nan,nan,nan,nan,nan,nan,nan,nan,nan,nan,nan,nan,nan,0.9925532689220032,0.0,0.0,-1.0279308806458383,-0.8979096037660246,0.0006014206369474429,0.00012046381555058623,nan,nan,nan,nan,nan,nan,nan,nan,nan,nan,nan,nan,nan,nan,nan,nan,nan,nan,nan,nan,nan,nan,nan,nan,nan,nan,nan,nan,nan,nan,nan,nan,nan,nan,nan,nan,nan,nan,nan,nan,nan,nan,nan,nan,nan,nan,nan,nan,nan,0.1860842821401732
1791062916.5958354,2.485399842572158,1.9663384232846015,0.4493386535606516,6.753812168396409e-07,6.931580138376299e-06,0.20000040522873008,0.8155993909187099,0.0,0.0,-0.904124327663405,0.730107291648787,-0.19285180832938587,0.012516744933952946,0.38560039205034424,0.0,0.0,-0.19264433453447516,-0.24748904533018773,0.013430736154705952,0.08073484397396297,nan,nan,nan,nan,nan,nan,nan,0.9784238939515761,0.0,0.0,-1.7015824878804018,2.285716158240091,-0.1009913378780246,0.08333039895230024,0.2119385550849943,0.0,0.0,0.0817063458591783,0.6546277106668176,0.10698229303038605,-0.17611575306027066,nan,nan,nan,nan,nan,nan,nan,nan,nan,nan,nan,nan,nan,nan,0.9925532689220032,0.0,0.0,-1.027945558100785,-0.8979134296475212,0.0005498985630456953,0.00010094516099054863,nan,nan,nan,nan,nan,nan,nan,nan,nan,nan,nan,nan,nan,nan,nan,nan,nan,nan,nan,nan,nan,nan,nan,nan,nan,nan,nan,nan,nan,nan,nan,nan,nan,nan,nan,nan,nan,nan,nan,nan,nan,nan,nan,nan,nan,nan,nan,nan,nan,0.13986772367939224
1791062916.6966796,2.5030600342339997,1.9745291021404991,0.45141869009893437,6.111101966360058e-07,6.2719530773790195e-06,0.200000366666118,0.8155993909187099,0.0,0.0,-0.9252880758966395,0.7311599136854876,-0.18105406751289338,0.010458216702864651,0.38560039205034424,0.0,0.0,-0.19137677875666864,-0.2407220115220292,0.0112750698899442,0.06920390624011824,nan,nan,nan,nan,nan,nan,nan,0.9784238939515761,0.0,0.0,-1.7114683184030088,2.2945151470721217,-0.1049904340124733,0.08838395924933636,0.2119385550849943,0.0,0.0,0.09413528518080834,0.6313294959483323,0.111713230745535,-0.19899589394019637,nan,nan,nan,nan,nan,nan,nan,nan,nan,nan,nan,nan,nan,nan,0.9925532689220032,0.0,0.0,-1.027932783602817,-0.8979233224825186,0.00020275096539806918,-0.000207733441242372,nan,nan,nan,nan,nan,nan,nan,nan,nan,nan,nan,nan,nan,nan,nan,nan,nan,nan,nan,nan,nan,nan,nan,nan,nan,nan,nan,nan,nan,nan,nan,nan,nan,nan,nan,nan,nan,nan,nan,nan,nan,nan,nan,nan,nan,nan,nan,nan,nan,0.18052662436909678
1791062916.7963147,2.51843751695734,1.981604920256933,0.4532007091646358,5.532539910779385e-07,5.6781626145575825e-06,0.20000033195239464,0.8155993909187099,0.0,0.0,-0.9423820707805481,0.7319734081582067,-0.18522452437961304,0.008713675883000992,0.38560039205034424,0.0,0.0,-0.18986423229454166,-0.23293208759386272,0.01372486110326539,0.07396058994176055,nan,nan,nan,nan,nan,nan,nan,0.9784238939515761,0.0,0.0,-1.7207818990519643,2.302905394402484,-0.1035567918233914,0.09557486952966282,0.2119385550849943,0.0,0.0,0.1053956515585184,0.6104082854287961,0.11082269418096798,-0.19830275026916505,nan,nan,nan,nan,nan,nan,nan,nan,nan,nan,nan,nan,nan,nan,0.9925532689220032,0.0,0.0,-1.0279333057227622,-0.897914877736135,0.00014242159281941272,0.0002702700569105188,nan,nan,nan,nan,nan,nan,nan,nan,nan,nan,nan,nan,nan,nan,nan,nan,nan,nan,nan,nan,nan,nan,nan,nan,nan,nan,nan,nan,nan,nan,nan,nan,nan,nan,nan,nan,nan,nan,nan,nan,nan,nan,nan,nan,nan,nan,nan,nan,nan,0.1764532634543689
1791062916.8954709,2.5334728347847024,1.988390210633743,0.45511188784264,5.00604912969575e-07,5.137814001033133e-06,0.2000003003629478,0.8155993909187099,0.0,0.0,-0.9607233159735866,0.7327569611965974,-0.20076842705936135,0.006190035802559685,0.38560039205034424,0.0,0.0,-0.18847524274458835,-0.22482793046133773,0.012593642547422896,0.08267939848542766,nan,nan,nan,nan,nan,nan,nan,0.9784238939515761,0.0,0.0,-1.7319473848986406,2.3125889398450323,-0.11354837100010934,0.10242392662458905,0.2119385550849943,0.0,0.0,0.11541662785373909,0.5916018111067243,0.11316042077113478,-0.2085042096948686,nan,nan,nan,nan,nan,nan,nan,nan,nan,nan,nan,nan,nan,nan,0.9925532689220032,0.0,0.0,-1.027929915165389,-0.8979430326582317,0.0010265983692374103,-0.00025753144021532076,nan,nan,nan,nan,nan,nan,nan,nan,nan,nan,nan,nan,nan,nan,nan,nan,nan,nan,nan,nan,nan,nan,nan,nan,nan,nan,nan,nan,nan,nan,nan,nan,nan,nan,nan,nan,nan,nan,nan,nan,nan,nan,nan,nan,nan,nan,nan,nan,nan,0.21058812115148795
1791062916.996508,2.548657731998782,1.9957918740629654,0.45187032180672815,4.529660570563732e-07,4.648886356571674e-06,0.20000027177963423,0.8155993909187099,0.0,0.0,-0.9806761397015559,0.7337453046245221,-0.1829315476775688,0.011541879532212574,0.38560039205034424,0.0,0.0,-0.18703403117559972,-0.2178691086107082,0.010526548358542177,0.07747398989770038,nan,nan,nan,nan,nan,nan,nan,0.9784238939515761,0.0,0.0,-1.7431887784980735,2.3223192158019677,-0.11926935884919779,0.10679904711810642,0.2119385550849943,0.0,0.0,0.12697416868767716,0.5690999749677759,0.10780260168911569,-0.2084672200615842,nan,nan,nan,nan,nan,nan,nan,nan,nan,nan,nan,nan,nan,nan,0.9925532689220032,0.0,0.0,-1.0279530511799224,-0.8979329583070776,-0.0010291058106416564,0.00017593454642638075,nan,nan,nan,nan,nan,nan,nan,nan,nan,nan,nan,nan,nan,nan,nan,nan,nan,nan,nan,nan,nan,nan,nan,nan,nan,nan,nan,nan,nan,nan,nan,nan,nan,nan,nan,nan,nan,nan,nan,nan,nan,nan,nan,nan,nan,nan,nan,nan,nan,0.13252235391392728
1791062917.0962083,2.5588912480723187,2.0003498129230954,0.4531322648157955,4.1044619019700665e-07,4.212495978426513e-06,0.20000024626771415,0.8155993909187099,0.0,0.0,-0.9991046405118521,0.7346366044311053,-0.17953684137572956,0.00705354724616237,0.38560039205034424,0.0,0.0,-0.185211889149833,-0.20776933403888892,0.020748584407445196,0.09407107504932904,nan,nan,nan,nan,nan,nan,nan,0.9784238939515761,0.0,0.0,-1.7528923253333648,2.3310739904382984,-0.003208249370453095,0.03643415018376854,0.2119385550849943,0.0,0.0,0.13624612459051139,0.5516622146383962,0.1051008964245247,-0.20569888835598,nan,nan,nan,nan,nan,nan,nan,nan,nan,nan,nan,nan,nan,nan,0.9925532689220032,0.0,0.0,-1.027923912871288,-0.8979347098864306,-0.00010766855451497132,0.0005920238210179698,nan,nan,nan,nan,nan,nan,nan,nan,nan,nan,nan,nan,nan,nan,nan,nan,nan,nan,nan,nan,nan,nan,nan,nan,nan,nan,nan,nan,nan,nan,nan,nan,nan,nan,nan,nan,nan,nan,nan,nan,nan,nan,nan,nan,nan,nan,nan,nan,nan,0.1281829926759087
1791062917.196504,2.5723284228921126,2.0056429138873515,0.4529470974714921,3.714211537451287e-07,3.811973783220904e-06,0.20000022285269226,0.8155993909187099,0.0,0.0,-1.0152008156701648,0.7354305017052892,-0.17027102870302233,0.008357444084142454,0.38560039205034424,0.0,0.0,-0.18353540950056343,-0.19803841481999465,0.02569077792746311,0.06734592186150176,nan,nan,nan,nan,nan,nan,nan,0.9784238939515761,0.0,0.0,-1.764756539956316,2.3408216379992024,-0.14577240302866962,0.13421263418577178,0.2119385550849943,0.0,0.0,0.14822802631075985,0.5291595051577913,0.1078279585474836,-0.2126828888634535,nan,nan,nan,nan,nan,nan,nan,nan,nan,nan,nan,nan,nan,nan,0.9925532689220032,0.0,0.0,-1.0279100199994011,-0.8979099470737322,0.0005792309479999199,0.00012424187090204084,nan,nan,nan,nan,nan,nan,nan,nan,nan,nan,nan,nan,nan,nan,nan,nan,nan,nan,nan,nan,nan,nan,nan,nan,nan,nan,nan,nan,nan,nan,nan,nan,nan,nan,nan,nan,nan,nan,nan,nan,nan,nan,nan,nan,nan,nan,nan,nan,nan,0.10457112920748482
1791062917.2968493,2.5814312577429583,2.0105900284068947,0.4538762490075881,3.3607575786913033e-07,3.4492165167639523e-06,0.20000020164545473,0.8155993909187099,0.0,0.0,-1.0332034735087483,0.7361394960954741,-0.18906642223778994,0.009544972438854684,0.38560039205034424,0.0,0.0,-0.18201818989799473,-0.18977531212570461,0.013556074817584734,0.07950974310686246,nan,nan,nan,nan,nan,nan,nan,0.9784238939515761,0.0,0.0,-1.7740707158870943,2.348753775069798,-0.11059173875488487,0.09054750789238303,0.2119385550849943,0.0,0.0,0.15778199739291635,0.5105896272146544,0.10054680631964515,-0.19896194915307436,nan,nan,nan,nan,nan,nan,nan,nan,nan,nan,nan,nan,nan,nan,0.9925532689220032,0.0,0.0,-1.027938366354746,-0.8979064312439232,-0.0009334694304450094,-0.0004447050071622571,nan,nan,nan,nan,nan,nan,nan,nan,nan,nan,nan,nan,nan,nan,nan,nan,nan,nan,nan,nan,nan,nan,nan,nan,nan,nan,nan,nan,nan,nan,nan,nan,nan,nan,nan,nan,nan,nan,nan,nan,nan,nan,nan,nan,nan,nan,nan,nan,nan,0.09576044479022848
1791062917.3947654,2.591092481642239,2.0153196831598335,0.4536984945270982,3.040939211147223e-07,3.120980168301387e-06,0.20000018245635265,0.8155993909187099,0.0,0.0,-1.050973109505634,0.73684899605177,-0.17442318515350924,0.008458512209242342,0.38560039205034424,0.0,0.0,-0.1806602369868822,-0.18258720598419928,0.014414590746506147,0.0784502270920842,nan,nan,nan,nan,nan,nan,nan,0.9784238939515761,0.0,0.0,-1.7849581098930347,2.357645274400381,-0.10167949259026823,0.0755345465365399,0.2119385550849943,0.0,0.0,0.16838781264118075,0.4898719405024002,0.09803429497818095,-0.1894519836536701,nan,nan,nan,nan,nan,nan,nan,nan,nan,nan,nan,nan,nan,nan,0.9925532689220032,0.0,0.0,-1.0279341049712485,-0.8979081103369048,-0.0010514755255091799,1.4204740545769917e-05,nan,nan,nan,nan,nan,nan,nan,nan,nan,nan,nan,nan,nan,nan,nan,nan,nan,nan,nan,nan,nan,nan,nan,nan,nan,nan,nan,nan,nan,nan,nan,nan,nan,nan,nan,nan,nan,nan,nan,nan,nan,nan,nan,nan,nan,nan,nan,nan,nan,0.10377917165481715
1791062917.4953501,2.600785347422251,2.0199714707629584,0.4555442435651849,2.7515555851230566e-07,2.823979638155359e-06,0.2000001650933351,0.8155993909187099,0.0,0.0,-1.0691832348966128,0.737585246393568,-0.18327665472384053,0.008145551794109616,0.38560039205034424,0.0,0.0,-0.179258935969681,-0.17438755924623855,0.0167902318711632,0.08631077102541262,nan,nan,nan,nan,nan,nan,nan,0.9784238939515761,0.0,0.0,-1.7936713944521578,2.3653172638650695,-0.20162072168495818,0.1301191765016304,0.2119385550849943,0.0,0.0,0.17896895889539238,0.4695993877381117,0.09913879484740507,-0.19213522293151705,nan,nan,nan,nan,nan,nan,nan,nan,nan,nan,nan,nan,nan,nan,0.9925532689220032,0.0,0.0,-1.0279214093482205,-0.8979165046714549,-0.0010089805711960415,-1.8613526274455092e-05,nan,nan,nan,nan,nan,nan,nan,nan,nan,nan,nan,nan,nan,nan,nan,nan,nan,nan,nan,nan,nan,nan,nan,nan,nan,nan,nan,nan,nan,nan,nan,nan,nan,nan,nan,nan,nan,nan,nan,nan,nan,nan,nan,nan,nan,nan,nan,nan,nan,0.08247412925013152
1791062917.5963752,2.6134308114967464,2.025704827654854,0.45677445435751013,2.489710452043411e-07,2.5552424452143957e-06,0.2000001493826271,0.8155993909187099,0.0,0.0,-1.087161411313377,0.7383696453996671,-0.17693410162977335,0.00782648309210582,0.38560039205034424,0.0,0.0,-0.17761695143512374,-0.16507028078508656,0.015744236715798138,0.08995166482792488,nan,nan,nan,nan,nan,nan,nan,0.9784238939515761,0.0,0.0,-1.8014265025295233,2.3727485306667706,-0.06363530503384733,0.05255206593043034,0.2119385550849943,0.0,0.0,0.1892490186774687,0.4502627692038954,0.1076116929824619,-0.19605052721489885,nan,nan,nan,nan,nan,nan,nan,nan,nan,nan,nan,nan,nan,nan,0.9925532689220032,0.0,0.0,-1.0279125246794627,-0.8979388597936966,0.00041425633419446534,-0.000849659165473987,nan,nan,nan,nan,nan,nan,nan,nan,nan,nan,nan,nan,nan,nan,nan,nan,nan,nan,nan,nan,nan,nan,nan,nan,nan,nan,nan,nan,nan,nan,nan,nan,nan,nan,nan,nan,nan,nan,nan,nan,nan,nan,nan,nan,nan,nan,nan,nan,nan,0.13495049839020667
1791062917.695424,2.623600503377213,2.0304288148458514,0.45623551023055087,2.2528421992638556e-07,2.3121395522939223e-06,0.20000013517053197,0.8155993909187099,0.0,0.0,-1.105528333173633,0.7392794925326536,-0.18700781188936522,0.009182894280364253,0.38560039205034424,0.0,0.0,-0.17620578402263165,-0.15685791295798224,0.011500262542401812,0.08476133704779208,nan,nan,nan,nan,nan,nan,nan,0.9784238939515761,0.0,0.0,-1.8073481550394428,2.377887298201442,-0.03857866326022073,0.04176413774238297,0.2119385550849943,0.0,0.0,0.19899431773935358,0.43142251126949227,0.09993476760938688,-0.1960217366530834,nan,nan,nan,nan,nan,nan,nan,nan,nan,nan,nan,nan,nan,nan,0.9925532689220032,0.0,0.0,-1.027927651200891,-0.8979195395379814,0.00020232499685430628,-1.2420160138895437e-05,nan,nan,nan,nan,nan,nan,nan,nan,nan,nan,nan,nan,nan,nan,nan,nan,nan,nan,nan,nan,nan,nan,nan,nan,nan,nan,nan,nan,nan,nan,nan,nan,nan,nan,nan,nan,nan,nan,nan,nan,nan,nan,nan,nan,nan,nan,nan,nan,nan,0.148639275843217
1791062917.7947102,2.6259939590462698,2.0316167787853967,0.456172055227317,2.0386901026022424e-07,2.092350730396062e-06,0.20000012232140618,0.8155993909187099,0.0,0.0,-1.1237620427979405,0.7400533207507354,-0.1842929861398208,0.007412410395175992,0.38560039205034424,0.0,0.0,-0.1746153241609117,-0.14779122603402106,0.0169505502618255,0.09101169633968406,nan,nan,nan,nan,nan,nan,nan,0.9784238939515761,0.0,0.0,-1.81363188512045,2.3832764583355246,-0.08227900576547352,0.07901834138232805,0.2119385550849943,0.0,0.0,0.20930367693454519,0.4118039866952379,0.09830021051397304,-0.1881848575236267,nan,nan,nan,nan,nan,nan,nan,nan,nan,nan,nan,nan,nan,nan,0.9925532689220032,0.0,0.0,-1.027915187441126,-0.8979151767140382,-0.0002696700274435026,0.00020331417720555563,nan,nan,nan,nan,nan,nan,nan,nan,nan,nan,nan,nan,nan,nan,nan,nan,nan,nan,nan,nan,nan,nan,nan,nan,nan,nan,nan,nan,nan,nan,nan,nan,nan,nan,nan,nan,nan,nan,nan,nan,nan,nan,nan,nan,nan,nan,nan,nan,nan,0.18763096382180966
1791062917.8960388,2.6259939590462698,2.0316167787853967,0.456172055227317,1.8446830892203315e-07,1.893237233139437e-06,0.20000011068098536,0.8155993909187099,0.0,0.0,-1.1439359373960112,0.7409680023424218,-0.18935603398635364,0.004790553057131603,0.38560039205034424,0.0,0.0,-0.17303479687629134,-0.13819781104736775,0.01361443948377573,0.09066372867346086,nan,nan,nan,nan,nan,nan,nan,0.9784238939515761,0.0,0.0,-1.8224698811820703,2.3912257316961014,-0.10300898808815474,0.07713790471795758,0.2119385550849943,0.0,0.0,0.22090258438233407,0.3899423416849089,0.09475201250955945,-0.18436593143314328,nan,nan,nan,nan,nan,nan,nan,nan,nan,nan,nan,nan,nan,nan,0.9925532689220032,0.0,0.0,-1.0279263233087192,-0.8979069165041534,-0.00063848526212367,0.00045151584183219325,nan,nan,nan,nan,nan,nan,nan,nan,nan,nan,nan,nan,nan,nan,nan,nan,nan,nan,nan,nan,nan,nan,nan,nan,nan,nan,nan,nan,nan,nan,nan,nan,nan,nan,nan,nan,nan,nan,nan,nan,nan,nan,nan,nan,nan,nan,nan,nan,nan,0.18763096382180966
1791062917.9953482,2.6259939590462698,2.0316167787853967,0.456172055227317,1.6691382840932827e-07,1.7130718903264313e-06,0.20000010014829706,0.8155993909187099,0.0,0.0,-1.1597114145091685,0.7409100427103835,-0.23739263444888276,0.01491592268221357,0.38560039205034424,0.0,0.0,-0.171480473988602,-0.13007506430978263,0.013247562129311804,0.08505547425679887,nan,nan,nan,nan,nan,nan,nan,0.9784238939515761,0.0,0.0,-1.8306352158143855,2.3982310634942063,-0.08133131917362335,0.06735656076008653,0.2119385550849943,0.0,0.0,0.23000205501235355,0.37269356933919934,0.10418233348730474,-0.19290936852772556,nan,nan,nan,nan,nan,nan,nan,nan,nan,nan,nan,nan,nan,nan,0.9925532689220032,0.0,0.0,-1.0279357454323945,-0.8979105879985462,7.727289401345074e-06,-0.0002008794094668319,nan,nan,nan,nan,nan,nan,nan,nan,nan,nan,nan,nan,nan,nan,nan,nan,nan,nan,nan,nan,nan,nan,nan,nan,nan,nan,nan,nan,nan,nan,nan,nan,nan,nan,nan,nan,nan,nan,nan,nan,nan,nan,nan,nan,nan,nan,nan,nan,nan,0.18763096382180966
1791062918.0948317,2.6259939590462698,2.0316167787853967,0.456172055227317,1.5102987758202958e-07,1.5500515466623713e-06,0.20000009061792656,0.8155993909187099,0.0,0.0,-1.1780163144585587,0.7418384588935827,-0.17755628681036184,0.018079803898411,0.38560039205034424,0.0,0.0,-0.16979628913562755,-0.12097360690240806,0.019904061625468455,0.08712867021917181,nan,nan,nan,nan,nan,nan,nan,0.9784238939515761,0.0,0.0,-1.8415219887535892,2.407340934844392,-0.1336238212435746,0.09626020411409648,0.2119385550849943,0.0,0.0,0.23950392829074965,0.35485226220616367,0.09462766805823451,-0.18048723516602233,nan,nan,nan,nan,nan,nan,nan,nan,nan,nan,nan,nan,nan,nan,0.9925532689220032,0.0,0.0,-1.0279286482145558,-0.8979228548321037,-0.00034147059369056694,-0.0002208159468406175,nan,nan,nan,nan,nan,nan,nan,nan,nan,nan,nan,nan,nan,nan,nan,nan,nan,nan,nan,nan,nan,nan,nan,nan,nan,nan,nan,nan,nan,nan,nan,nan,nan,nan,nan,nan,nan,nan,nan,nan,nan,nan,nan,nan,nan,nan,nan,nan,nan,0.18763096382180966
1791062918.195731,2.6259939590462698,2.0316167787853967,0.456172055227317,1.3666622719028292e-07,1.4026343676121405e-06,0.20000008199973635,0.8155993909187099,0.0,0.0,-1.1980916097039211,0.7429259856389772,-0.205278876724098,0.010207622627551479,0.38560039205034424,0.0,0.0,-0.1682773730538175,-0.11214192587017312,0.016118345164899132,0.0912591235277177,nan,nan,nan,nan,nan,nan,nan,0.9784238939515761,0.0,0.0,-1.8529656556317688,2.4176214465280137,-0.12520063936575837,0.1278336636768795,0.2119385550849943,0.0,0.0,0.24948418501201763,0.33639787516877984,0.09484547838671649,-0.175671816357364,nan,nan,nan,nan,nan,nan,nan,nan,nan,nan,nan,nan,nan,nan,0.9925532689220032,0.0,0.0,-1.0279270552784585,-0.8979135572550391,0.0005035293733256315,0.00042059119065939837,nan,nan,nan,nan,nan,nan,nan,nan,nan,nan,nan,nan,nan,nan,nan,nan,nan,nan,nan,nan,nan,nan,nan,nan,nan,nan,nan,nan,nan,nan,nan,nan,nan,nan,nan,nan,nan,nan,nan,nan,nan,nan,nan,nan,nan,nan,nan,nan,nan,0.18763096382180966
1791062918.2954934,2.6259939590462698,2.0316167787853967,0.456172055227317,1.236607161842124e-07,1.2691560600557768e-06,0.20000007419642973,0.8155993909187099,0.0,0.0,-1.217380289769625,0.7444863042637051,-0.22686602105233433,0.01974446440509659,0.38560039205034424,0.0,0.0,-0.1666464651153653,-0.10338477649709656,0.013682735453709651,0.09210196639452496,nan,nan,nan,nan,nan,nan,nan,0.9784238939515761,0.0,0.0,-1.8637114705350972,2.4269512596244995,-0.10765637194251239,0.10197916321417419,0.2119385550849943,0.0,0.0,0.2595858407028419,0.31738059932078305,0.10600080986813948,-0.1912531627295353,nan,nan,nan,nan,nan,nan,nan,nan,nan,nan,nan,nan,nan,nan,0.9925532689220032,0.0,0.0,-1.0279191705769577,-0.8979244599240087,0.0011384478808858195,8.827137219409608e-05,nan,nan,nan,nan,nan,nan,nan,nan,nan,nan,nan,nan,nan,nan,nan,nan,nan,nan,nan,nan,nan,nan,nan,nan,nan,nan,nan,nan,nan,nan,nan,nan,nan,nan,nan,nan,nan,nan,nan,nan,nan,nan,nan,nan,nan,nan,nan,nan,nan,0.18763096382180966
1791062918.395275,2.6259939590462698,2.0316167787853967,0.456172055227317,1.118928431813738e-07,1.1483798928429742e-06,0.20000006713570595,0.8155993909187099,0.0,0.0,-1.2375556789191957,0.7452291591261866,-0.21003060032538284,0.012739832689092203,0.38560039205034424,0.0,0.0,-0.16471250621950898,-0.09398881371175116,0.017460072873083803,0.08920804461673221,nan,nan,nan,nan,nan,nan,nan,0.9784238939515761,0.0,0.0,-1.8733357298370268,2.4350033519962317,-0.14325893627417136,0.12160082553670279,0.2119385550849943,0.0,0.0,0.26889972542424173,0.3000559417330334,0.09310438157610298,-0.17445096642013175,nan,nan,nan,nan,nan,nan,nan,nan,nan,nan,nan,nan,nan,nan,0.9925532689220032,0.0,0.0,-1.0279290417706728,-0.8979175769178975,0.0008444089983063606,0.0005722049899847011,nan,nan,nan,nan,nan,nan,nan,nan,nan,nan,nan,nan,nan,nan,nan,nan,nan,nan,nan,nan,nan,nan,nan,nan,nan,nan,nan,nan,nan,nan,nan,nan,nan,nan,nan,nan,nan,nan,nan,nan,nan,nan,nan,nan,nan,nan,nan,nan,nan,0.18763096382180966
1791062918.4953506,2.6259939590462698,2.0316167787853967,0.456172055227317,1.0124483135421078e-07,1.0390970975059466e-06,0.2000000607468988,0.8155993909187099,0.0,0.0,-1.257112723183514,0.7456072032406617,-0.2124665774277707,0.01554071005859794,0.38560039205034424,0.0,0.0,-0.1630653135405287,-0.08425263556541848,0.022544985037746296,0.09770524229495542,nan,nan,nan,nan,nan,nan,nan,0.9784238939515761,0.0,0.0,-1.891336797216165,2.449964661019798,-0.11776780878655499,0.09972054601408845,0.2119385550849943,0.0,0.0,0.27839479977918946,0.2822772656709233,0.0939698362799366,-0.17138304974399876,nan,nan,nan,nan,nan,nan,nan,nan,nan,nan,nan,nan,nan,nan,0.9925532689220032,0.0,0.0,-1.0279304358429655,-0.8979269821425957,0.001388291174205843,-3.0583249098156505e-05,nan,nan,nan,nan,nan,nan,nan,nan,nan,nan,nan,nan,nan,nan,nan,nan,nan,nan,nan,nan,nan,nan,nan,nan,nan,nan,nan,nan,nan,nan,nan,nan,nan,nan,nan,nan,nan,nan,nan,nan,nan,nan,nan,nan,nan,nan,nan,nan,nan,0.18763096382180966
1791062918.5956075,2.6259939590462698,2.0316167787853967,0.456172055227317,9.16188755730398e-08,9.40303879332253e-07,0.20000005497132536,0.8155993909187099,0.0,0.0,-1.2763405019964416,0.7463015422633149,-0.14635159975765852,0.04299564909938716,0.38560039205034424,0.0,0.0,-0.16129263374632297,-0.07412045420111994,0.01854488605321148,0.09742892312035735,nan,nan,nan,nan,nan,nan,nan,0.9784238939515761,0.0,0.0,-1.851435228006148,2.3081604803624716,3.842409400029969,-11.5190654281908,0.2119385550849943,0.0,0.0,0.2887877935615658,0.2626561899069855,0.0961191217134886,-0.18155244086875974,nan,nan,nan,nan,nan,nan,nan,nan,nan,nan,nan,nan,nan,nan,0.9925532689220032,0.0,0.0,-1.0279333609648686,-0.8979321595125626,0.000893562600576669,-0.0003281643730509582,nan,nan,nan,nan,nan,nan,nan,nan,nan,nan,nan,nan,nan,nan,nan,nan,nan,nan,nan,nan,nan,nan,nan,nan,nan,nan,nan,nan,nan,nan,nan,nan,nan,nan,nan,nan,nan,nan,nan,nan,nan,nan,nan,nan,nan,nan,nan,nan,nan,0.18763096382180966
1791062918.6959379,2.6259939590462698,2.0316167787853967,0.456172055227317,8.290178318587674e-08,8.508385182166547e-07,0.20000004974106994,0.8155993909187099,0.0,0.0,-1.294995543075502,0.7465649531242524,-0.18800973908700047,0.004319764574515994,0.38560039205034424,0.0,0.0,-0.1584993204298242,-0.06448526814302374,0.018961291196026304,0.10229732459356908,nan,nan,nan,nan,nan,nan,nan,0.9784238939515761,0.0,0.0,-1.9177235154638845,2.4722212207585788,-0.19291022567806504,0.2035934080276627,0.2119385550849943,0.0,0.0,0.29793465615779485,0.24541668091897612,0.09257019172724032,-0.17569756133559816,nan,nan,nan,nan,nan,nan,nan,nan,nan,nan,nan,nan,nan,nan,0.9925532689220032,0.0,0.0,-1.02793009800619,-0.8979179445191099,-0.0005621352393813352,-0.0004370193955145486,nan,nan,nan,nan,nan,nan,nan,nan,nan,nan,nan,nan,nan,nan,nan,nan,nan,nan,nan,nan,nan,nan,nan,nan,nan,nan,nan,nan,nan,nan,nan,nan,nan,nan,nan,nan,nan,nan,nan,nan,nan,nan,nan,nan,nan,nan,nan,nan,nan,0.18763096382180966
1791062918.7956138,2.6259939590462698,2.0316167787853967,0.456172055227317,7.501451036234022e-08,7.698897706257637e-07,0.20000004500870625,0.8155993909187099,0.0,0.0,-1.3095017531965145,0.7471831232795725,-0.14923775737403372,0.009322315960870306,0.38560039205034424,0.0,0.0,-0.15750062610407467,-0.05396271931101438,0.018875002219749512,0.10435615991301547,nan,nan,nan,nan,nan,nan,nan,0.9784238939515761,0.0,0.0,-1.9340835861197452,2.485187713761255,0.07022333056807323,0.041110670782245215,0.2119385550849943,0.0,0.0,0.307489511122954,0.2273056955822441,0.09599119412374602,-0.17663452032810192,nan,nan,nan,nan,nan,nan,nan,nan,nan,nan,nan,nan,nan,nan,0.9925532689220032,0.0,0.0,-1.0279304827364644,-0.8979348501863992,7.031438133440587e-06,0.0001683506777349944,nan,nan,nan,nan,nan,nan,nan,nan,nan,nan,nan,nan,nan,nan,nan,nan,nan,nan,nan,nan,nan,nan,nan,nan,nan,nan,nan,nan,nan,nan,nan,nan,nan,nan,nan,nan,nan,nan,nan,nan,nan,nan,nan,nan,nan,nan,nan,nan,nan,0.18763096382180966
1791062918.8959956,2.6259939590462698,2.0316167787853967,0.456172055227317,6.787593589379901e-08,6.966250724542582e-07,0.20000004072556155,0.8155993909187099,0.0,0.0,-1.3210048287077596,0.7470847023479319,-0.16352468884133353,0.016508184340005335,0.38560039205034424,0.0,0.0,-0.15557354153533437,-0.04339155670273063,0.01801776365526562,0.10490373112432105,nan,nan,nan,nan,nan,nan,nan,0.9784238939515761,0.0,0.0,-1.9536135709255593,2.5011564120849146,-0.19534817264889753,0.15996318012863922,0.2119385550849943,0.0,0.0,0.31649825043323454,0.20994875763194584,0.09460483163516889,-0.18134710986326066,nan,nan,nan,nan,nan,nan,nan,nan,nan,nan,nan,nan,nan,nan,0.9925532689220032,0.0,0.0,-1.0279180462221453,-0.8979460511376831,0.000366956931520924,0.00026864985221332653,nan,nan,nan,nan,nan,nan,nan,nan,nan,nan,nan,nan,nan,nan,nan,nan,nan,nan,nan,nan,nan,nan,nan,nan,nan,nan,nan,nan,nan,nan,nan,nan,nan,nan,nan,nan,nan,nan,nan,nan,nan,nan,nan,nan,nan,nan,nan,nan,nan,0.18763096382180966
1791062918.9952219,2.6259939590462698,2.0316167787853967,0.456172055227317,6.14248967790582e-08,6.304166948969607e-07,0.20000003685493808,0.8155993909187099,0.0,0.0,-1.3359849831223816,0.7475321391389171,-0.13946698515746125,0.008459417028145034,0.38560039205034424,0.0,0.0,-0.15292116407773929,-0.033730564455871005,0.03679186695312908,0.10221187415597024,nan,nan,nan,nan,nan,nan,nan,0.9784238939515761,0.0,0.0,-1.9684568601115229,2.5133859292708207,-0.19508973886141584,0.15479823891889904,0.2119385550849943,0.0,0.0,0.32492600798229626,0.19392923717715882,0.09379574944855637,-0.1774145330196129,nan,nan,nan,nan,nan,nan,nan,nan,nan,nan,nan,nan,nan,nan,0.9925532689220032,0.0,0.0,-1.0279113023506132,-0.8979358294796461,-0.0002784890625195239,-0.00039257952506559386,nan,nan,nan,nan,nan,nan,nan,nan,nan,nan,nan,nan,nan,nan,nan,nan,nan,nan,nan,nan,nan,nan,nan,nan,nan,nan,nan,nan,nan,nan,nan,nan,nan,nan,nan,nan,nan,nan,nan,nan,nan,nan,nan,nan,nan,nan,nan,nan,nan,0.18763096382180966
1791062919.0957515,2.6259939590462698,2.0316167787853967,0.456172055227317,5.55795450229545e-08,5.704246146847986e-07,0.20000003334772704,0.8155993909187099,0.0,0.0,-1.3523192250473781,0.7476220223473374,-0.15150494354383542,0.0027818931726258556,0.38560039205034424,0.0,0.0,-0.150609951687532,-0.021526933165295588,0.024437184801148683,0.10941629534269362,nan,nan,nan,nan,nan,nan,nan,0.9784238939515761,0.0,0.0,-1.9862930003152628,2.527808415387172,-0.056685081745255966,0.06772116728872857,0.2119385550849943,0.0,0.0,0.33397112324852013,0.17656182425455325,0.0902561133694459,-0.17304146211732058,nan,nan,nan,nan,nan,nan,nan,nan,nan,nan,nan,nan,nan,nan,0.9925532689220032,0.0,0.0,-1.0279338651484553,-0.8979138803141666,2.6939651327155385e-05,0.0009363924581234736,nan,nan,nan,nan,nan,nan,nan,nan,nan,nan,nan,nan,nan,nan,nan,nan,nan,nan,nan,nan,nan,nan,nan,nan,nan,nan,nan,nan,nan,nan,nan,nan,nan,nan,nan,nan,nan,nan,nan,nan,nan,nan,nan,nan,nan,nan,nan,nan,nan,0.18763096382180966
1791062919.1955967,2.6259939590462698,2.0316167787853967,0.456172055227317,5.029929105232713e-08,5.162322524517318e-07,0.20000003017957463,0.8155993909187099,0.0,0.0,-1.3659145135371848,0.7481433288732041,-0.1785066727686216,0.003517814868306125,0.38560039205034424,0.0,0.0,-0.14879622678677884,-0.009956398819641802,0.025472170188361135,0.11841063487844435,nan,nan,nan,nan,nan,nan,nan,0.9784238939515761,0.0,0.0,-2.0035695452052824,2.5418764473410156,-0.11963691268683566,0.14279618154148632,0.2119385550849943,0.0,0.0,0.3438401750654046,0.15783666289103102,0.08137498492360701,-0.16886669338465796,nan,nan,nan,nan,nan,nan,nan,nan,nan,nan,nan,nan,nan,nan,0.9925532689220032,0.0,0.0,-1.0279284766605787,-0.8979235868793701,0.00027394946887701626,0.00011885437197493767,nan,nan,nan,nan,nan,nan,nan,nan,nan,nan,nan,nan,nan,nan,nan,nan,nan,nan,nan,nan,nan,nan,nan,nan,nan,nan,nan,nan,nan,nan,nan,nan,nan,nan,nan,nan,nan,nan,nan,nan,nan,nan,nan,nan,nan,nan,nan,nan,nan,0.18763096382180966
1791062919.2957635,2.6259939590462698,2.0316167787853967,0.456172055227317,4.551268065978461e-08,4.671062585688266e-07,0.2000000273076084,0.8155993909187099,0.0,0.0,-1.3835527558569551,0.7486113349311707,-0.16995227863535345,-0.0035296469351377754,0.38560039205034424,0.0,0.0,-0.14661267298305342,0.001769212210183091,0.02605360166227423,0.1246563992301023,nan,nan,nan,nan,nan,nan,nan,0.9784238939515761,0.0,0.0,-2.0150298329943976,2.5511664153904556,-0.13189238518267624,0.10946323513385411,0.2119385550849943,0.0,0.0,0.35290726759336205,0.14007410311801802,0.09351321390323017,-0.17566236024968898,nan,nan,nan,nan,nan,nan,nan,nan,nan,nan,nan,nan,nan,nan,0.9925532689220032,0.0,0.0,-1.0279241526484293,-0.8979167865747634,0.00033251795941970406,-6.944278946874545e-05,nan,nan,nan,nan,nan,nan,nan,nan,nan,nan,nan,nan,nan,nan,nan,nan,nan,nan,nan,nan,nan,nan,nan,nan,nan,nan,nan,nan,nan,nan,nan,nan,nan,nan,nan,nan,nan,nan,nan,nan,nan,nan,nan,nan,nan,nan,nan,nan,nan,0.18763096382180966
1791062919.3956058,2.6259939590462698,2.0316167787853967,0.456172055227317,4.118343655985929e-08,4.226743115898359e-07,0.20000002471006195,0.8155993909187099,0.0,0.0,-1.4009790818143542,0.7491611736609297,-0.1898343401148061,0.016686638323190266,0.38560039205034424,0.0,0.0,-0.14421079277362095,0.014296855629076937,0.027504722880996754,0.13618080184836598,nan,nan,nan,nan,nan,nan,nan,0.9784238939515761,0.0,0.0,-2.027115395811934,2.561568393373128,-0.18321469577913674,0.16960257182488536,0.2119385550849943,0.0,0.0,0.36154225722593525,0.12360624923254691,0.08122111635457138,-0.1686529616280399,nan,nan,nan,nan,nan,nan,nan,nan,nan,nan,nan,nan,nan,nan,0.9925532689220032,0.0,0.0,-1.0279316407163308,-0.8979020676171825,0.0004815499124070576,-0.000131353764972437,nan,nan,nan,nan,nan,nan,nan,nan,nan,nan,nan,nan,nan,nan,nan,nan,nan,nan,nan,nan,nan,nan,nan,nan,nan,nan,nan,nan,nan,nan,nan,nan,nan,nan,nan,nan,nan,nan,nan,nan,nan,nan,nan,nan,nan,nan,nan,nan,nan,0.18763096382180966
1791062919.494764,2.6259939590462698,2.0316167787853967,0.456172055227317,3.726466022981716e-08,3.8245508206615094e-07,0.20000002235879616,0.8155993909187099,0.0,0.0,-1.4201572972094343,0.750203708952859,-0.21200191447002353,0.038414967691312134,0.38560039205034424,0.0,0.0,-0.14195965832880542,0.02622097697870543,0.029206301040905554,0.1480595306420528,nan,nan,nan,nan,nan,nan,nan,0.9784238939515761,0.0,0.0,-2.0380774262850303,2.570309585354193,-0.185230401466263,0.1321036824401029,0.2119385550849943,0.0,0.0,0.3697535488079258,0.10810835722548916,0.09092897928953143,-0.1763389243712963,nan,nan,nan,nan,nan,nan,nan,nan,nan,nan,nan,nan,nan,nan,0.9925532689220032,0.0,0.0,-1.0279279781363606,-0.8979069726381552,0.0001463913471726467,-0.00026075964274085257,nan,nan,nan,nan,nan,nan,nan,nan,nan,nan,nan,nan,nan,nan,nan,nan,nan,nan,nan,nan,nan,nan,nan,nan,nan,nan,nan,nan,nan,nan,nan,nan,nan,nan,nan,nan,nan,nan,nan,nan,nan,nan,nan,nan,nan,nan,nan,nan,nan,0.18763096382180966
1791062919.5952878,2.6259939590462698,2.0316167787853967,0.456172055227317,3.37184589574166e-08,3.4605966908519916e-07,0.2000000202310754,0.8155993909187099,0.0,0.0,-1.4363557897401817,0.7504661593419867,-0.18690323623875083,0.024676112709359557,0.38560039205034424,0.0,0.0,-0.13935824788154538,0.04043239569054509,0.02592763507941908,0.151085798451943,nan,nan,nan,nan,nan,nan,nan,0.9784238939515761,0.0,0.0,-2.0578986948228613,2.585874255123938,-0.14527074699898823,0.0889879716961596,0.2119385550849943,0.0,0.0,0.37839849710031825,0.09128528935150294,0.08335638317990476,-0.16095370599941738,nan,nan,nan,nan,nan,nan,nan,nan,nan,nan,nan,nan,nan,nan,0.9925532689220032,0.0,0.0,-1.0279315166593173,-0.8979054965484242,-6.286653300864416e-05,-0.0003782061362641954,nan,nan,nan,nan,nan,nan,nan,nan,nan,nan,nan,nan,nan,nan,nan,nan,nan,nan,nan,nan,nan,nan,nan,nan,nan,nan,nan,nan,nan,nan,nan,nan,nan,nan,nan,nan,nan,nan,nan,nan,nan,nan,nan,nan,nan,nan,nan,nan,nan,0.18763096382180966
1791062919.6952562,2.6259939590462698,2.0316167787853967,0.456172055227317,3.051060293059614e-08,3.131367648529382e-07,0.20000001830636177,0.8155993909187099,0.0,0.0,-1.4492339403283976,0.7505630463772568,-0.0736794710778237,-0.006173498737033458,0.38560039205034424,0.0,0.0,-0.1367642558163494,0.054798859750193975,0.022560730743832545,0.13357301240606537,nan,nan,nan,nan,nan,nan,nan,0.9784238939515761,0.0,0.0,-2.076351775613007,2.5997952924222703,-0.1729915487509627,0.13794702543463233,0.2119385550849943,0.0,0.0,0.38713007402754945,0.0743412132277315,0.09008276578001706,-0.16931733889306189,nan,nan,nan,nan,nan,nan,nan,nan,nan,nan,nan,nan,nan,nan,0.9925532689220032,0.0,0.0,-1.027934259496574,-0.8978931048053614,2.1369185766263895e-05,0.00028739703736100166,nan,nan,nan,nan,nan,nan,nan,nan,nan,nan,nan,nan,nan,nan,nan,nan,nan,nan,nan,nan,nan,nan,nan,nan,nan,nan,nan,nan,nan,nan,nan,nan,nan,nan,nan,nan,nan,nan,nan,nan,nan,nan,nan,nan,nan,nan,nan,nan,nan,0.18763096382180966
1791062919.7958448,2.6259939590462698,2.0316167787853967,0.456172055227317,2.7607135187514047e-08,2.833378618947847e-07,0.20000001656428112,0.8155993909187099,0.0,0.0,-1.4619471146320495,0.7508084581599772,-0.10702186252852552,-0.012935269765794486,0.38560039205034424,0.0,0.0,-0.1345217051946032,0.06901914786745157,0.025397643964624798,0.12649544679196245,nan,nan,nan,nan,nan,nan,nan,0.9784238939515761,0.0,0.0,-2.0882887920803697,2.610876164947341,-3.013301545840834,6.062882635637729,0.2119385550849943,0.0,0.0,0.3963330794026953,0.05643952579096523,0.07662144918985783,-0.16099004276197929,nan,nan,nan,nan,nan,nan,nan,nan,nan,nan,nan,nan,nan,nan,0.9925532689220032,0.0,0.0,-1.0279244191625974,-0.8979127952941458,-0.0006431519432932087,-0.0008047371205883965,nan,nan,nan,nan,nan,nan,nan,nan,nan,nan,nan,nan,nan,nan,nan,nan,nan,nan,nan,nan,nan,nan,nan,nan,nan,nan,nan,nan,nan,nan,nan,nan,nan,nan,nan,nan,nan,nan,nan,nan,nan,nan,nan,nan,nan,nan,nan,nan,nan,0.18763096382180966
1791062919.8955543,2.9791480701505106,2.197607558604961,0.4491221380247444,2.4979968930649534e-08,2.563746994729635e-07,0.0,0.0,0.0,0.0,-1.4745218959173099,0.7513653905951436,-0.097469775567148,0.011990028401579032,0.0,0.0,0.0,-0.1318712046947833,0.08367646441641222,0.022121767075376563,0.13075132805629233,nan,nan,nan,nan,nan,nan,nan,0.0,0.0,0.0,-2.102535643835758,2.6221600861417476,-0.18071164756504735,0.15661057383440627,0.0,0.0,0.0,0.40392623073148787,0.041594756186214804,0.08193280337280136,-0.16281243062021566,nan,nan,nan,nan,nan,nan,nan,nan,nan,nan,nan,nan,nan,nan,0.0,0.0,0.0,-1.0279247872923076,-0.8979082938447759,-8.867667485455528e-05,0.0002687632447049382,nan,nan,nan,nan,nan,nan,nan,nan,nan,nan,nan,nan,nan,nan,nan,nan,nan,nan,nan,nan,nan,nan,nan,nan,nan,nan,nan,nan,nan,nan,nan,nan,nan,nan,nan,nan,nan,nan,nan,nan,nan,nan,nan,nan,nan,nan,nan,nan,nan,0.20972675260365264
1791062919.9947906,2.9910850547472414,2.203672996054946,0.4525429756005902,2.2607945860596584e-08,2.3203012548986252e-07,0.0,0.0,0.0,0.0,-1.4862582829221316,0.7521385139626675,-0.1516142943898512,0.04146965702936603,0.0,0.0,0.0,-0.1294310147655033,0.09624854203672252,0.025136595032758363,0.1268873899662732,nan,nan,nan,nan,nan,nan,nan,0.0,0.0,0.0,-2.1186184703581725,2.635656691401193,-0.16951452489138075,0.14215226289439412,0.0,0.0,0.0,0.41388867196948187,0.025467499335755796,0.11407458824680689,-0.1550187860553508,nan,nan,nan,nan,nan,nan,nan,nan,nan,nan,nan,nan,nan,nan,0.0,0.0,0.0,-1.0279319841090948,-0.8979101427387102,-0.0002234910941470093,-0.00011703631568638529,nan,nan,nan,nan,nan,nan,nan,nan,nan,nan,nan,nan,nan,nan,nan,nan,nan,nan,nan,nan,nan,nan,nan,nan,nan,nan,nan,nan,nan,nan,nan,nan,nan,nan,nan,nan,nan,nan,nan,nan,nan,nan,nan,nan,nan,nan,nan,nan,nan,0.05007643602220408
1791062920.0962746,2.9913669960565192,2.2039199260550424,0.4523260226627601,2.0456515366321983e-08,2.0994953972380656e-07,0.0,0.0,0.0,0.0,-1.4983230494612159,0.7523884801433871,-0.12978515915073396,0.020523266292554004,0.0,0.0,0.0,-0.12656262891319714,0.11130493911074817,0.02788861776386395,0.14581714213880487,nan,nan,nan,nan,nan,nan,nan,0.0,0.0,0.0,-2.1357615026784003,2.6491442356518915,-0.2035449798858973,0.12055293428951844,0.0,0.0,0.0,0.42216397175405446,0.009157296645411261,0.08890848208626848,-0.15073699722048586,nan,nan,nan,nan,nan,nan,nan,nan,nan,nan,nan,nan,nan,nan,0.0,0.0,0.0,-1.0279338795959743,-0.8979083192770624,0.0009430404028249016,0.0003081484554351328,nan,nan,nan,nan,nan,nan,nan,nan,nan,nan,nan,nan,nan,nan,nan,nan,nan,nan,nan,nan,nan,nan,nan,nan,nan,nan,nan,nan,nan,nan,nan,nan,nan,nan,nan,nan,nan,nan,nan,nan,nan,nan,nan,nan,nan,nan,nan,nan,nan,0.013329170798019731
1791062920.1954072,2.991639385403455,2.2040402080029673,0.4513230000497774,1.8521693058237552e-08,1.900920495425394e-07,0.0,0.0,0.0,0.0,-1.5096941640127832,0.7526038010634084,-0.15269819554372605,0.01778893131303543,0.0,0.0,0.0,-0.1237173889788869,0.12583521803842643,0.028907236524234832,0.15738939483039505,nan,nan,nan,nan,nan,nan,nan,0.0,0.0,0.0,-2.118637733032412,2.5837513839963284,0.3872985575890865,-1.243767234875492,0.0,0.0,0.0,0.43033928855173953,-0.006889725168104827,0.08335235405849131,-0.15252620660880584,nan,nan,nan,nan,nan,nan,nan,nan,nan,nan,nan,nan,nan,nan,0.0,0.0,0.0,-1.0279389376138426,-0.8979122082560047,-0.00018543863706408165,-0.00020330379494944134,nan,nan,nan,nan,nan,nan,nan,nan,nan,nan,nan,nan,nan,nan,nan,nan,nan,nan,nan,nan,nan,nan,nan,nan,nan,nan,nan,nan,nan,nan,nan,nan,nan,nan,nan,nan,nan,nan,nan,nan,nan,nan,nan,nan,nan,nan,nan,nan,nan,0.009385395033429412
1791062920.295129,2.991470327017401,2.204029170169293,0.4512610435181114,1.676656861140916e-08,1.7207883648200656e-07,0.0,0.0,0.0,0.0,-1.5229801797265559,0.7530381625519162,-0.13592332651371314,-0.0032080192932190284,0.0,0.0,0.0,-0.120949276701404,0.1395471635264191,0.03566755697901345,0.1702066307225102,nan,nan,nan,nan,nan,nan,nan,0.0,0.0,0.0,-2.1660586156376063,2.673396890121821,-0.18594090859964257,0.08439017523656964,0.0,0.0,0.0,0.43828628633472966,-0.022650564509740487,0.07673610387828114,-0.1475381528117879,nan,nan,nan,nan,nan,nan,nan,nan,nan,nan,nan,nan,nan,nan,0.0,0.0,0.0,-1.0279437700152356,-0.897932419875173,0.00027190113777789213,0.0003374014124324441,nan,nan,nan,nan,nan,nan,nan,nan,nan,nan,nan,nan,nan,nan,nan,nan,nan,nan,nan,nan,nan,nan,nan,nan,nan,nan,nan,nan,nan,nan,nan,nan,nan,nan,nan,nan,nan,nan,nan,nan,nan,nan,nan,nan,nan,nan,nan,nan,nan,0.016354052658028896
1791062920.3962104,2.9916310170656697,2.204098507565254,0.4513501180159055,1.5171018656656164e-08,1.5570337015218264e-07,0.0,0.0,0.0,0.0,-1.5374872747518233,0.7535489978070947,-0.1390485236797751,0.004620290523524866,0.0,0.0,0.0,-0.11710300036335058,0.15636586361985258,0.029401489400913555,0.1473149010782639,nan,nan,nan,nan,nan,nan,nan,0.0,0.0,0.0,-2.1942865549695414,2.675049009458121,-0.30879601882170676,-0.12955380956420845,0.0,0.0,0.0,0.44722445914294984,-0.04026973387000891,0.08517566684115055,-0.1617959383729487,nan,nan,nan,nan,nan,nan,nan,nan,nan,nan,nan,nan,nan,nan,0.0,0.0,0.0,-1.027922199322614,-0.897929374619647,0.00039526229378060185,-0.0001200175559713726,nan,nan,nan,nan,nan,nan,nan,nan,nan,nan,nan,nan,nan,nan,nan,nan,nan,nan,nan,nan,nan,nan,nan,nan,nan,nan,nan,nan,nan,nan,nan,nan,nan,nan,nan,nan,nan,nan,nan,nan,nan,nan,nan,nan,nan,nan,nan,nan,nan,0.002115379615192426
1791062920.4948277,2.991574867477515,2.2041159778044466,0.45022517621446495,1.3738033466511788e-08,1.4099634035192902e-07,0.0,0.0,0.0,0.0,-1.5514142193732408,0.7538205039838629,-0.13680153099204062,0.0006175971923740038,0.0,0.0,0.0,-0.11431749606350992,0.1705519052016572,0.02950890965140814,0.14782703102064537,nan,nan,nan,nan,nan,nan,nan,0.0,0.0,0.0,-2.2084891516806096,2.686285722792789,-0.1712831619928107,0.12288967639599525,0.0,0.0,0.0,0.4543271576224465,-0.05428040206077088,0.08085448788520613,-0.15618684420372375,nan,nan,nan,nan,nan,nan,nan,nan,nan,nan,nan,nan,nan,nan,0.0,0.0,0.0,-1.0279544755646282,-0.8979183518139616,-0.0016201002698081365,0.0010651627026962384,nan,nan,nan,nan,nan,nan,nan,nan,nan,nan,nan,nan,nan,nan,nan,nan,nan,nan,nan,nan,nan,nan,nan,nan,nan,nan,nan,nan,nan,nan,nan,nan,nan,nan,nan,nan,nan,nan,nan,nan,nan,nan,nan,nan,nan,nan,nan,nan,nan,0.0034017848857304744
1791062920.5959926,2.9915406829720115,2.203989252157558,0.4512985665564178,1.243068673481546e-08,1.2757876459848746e-07,0.0,0.0,0.0,0.0,-1.5674775919755692,0.7542318012971455,-0.14136904237776146,0.0042697882517241485,0.0,0.0,0.0,-0.11164652225599558,0.18692466574696928,0.028675180959425145,0.164317216324477,nan,nan,nan,nan,nan,nan,nan,0.0,0.0,0.0,-2.2239550464668962,2.6987762040450827,-0.06878351568375873,0.04755723602612262,0.0,0.0,0.0,0.46299177097089983,-0.07148846119289612,0.08016277685906564,-0.15763304147078433,nan,nan,nan,nan,nan,nan,nan,nan,nan,nan,nan,nan,nan,nan,0.0,0.0,0.0,-1.0279358371497471,-0.8979200613743319,-0.0003987393568222673,0.00038897895237189966,nan,nan,nan,nan,nan,nan,nan,nan,nan,nan,nan,nan,nan,nan,nan,nan,nan,nan,nan,nan,nan,nan,nan,nan,nan,nan,nan,nan,nan,nan,nan,nan,nan,nan,nan,nan,nan,nan,nan,nan,nan,nan,nan,nan,nan,nan,nan,nan,nan,0.0030189250613114316
1791062920.6951435,2.9915224902563287,2.2040059413063164,0.4512884145032562,1.1263451986562509e-08,1.1559918773718151e-07,0.0,0.0,0.0,0.0,-1.5805951138959942,0.7549098078164607,-0.1385990638299152,0.012949800070855402,0.0,0.0,0.0,-0.1088031977591599,0.20138525479584019,0.03289021311013767,0.16686240140691028,nan,nan,nan,nan,nan,nan,nan,0.0,0.0,0.0,-2.2249307946212755,2.700152377890951,-0.0011145406731619019,0.008756762842821914,0.0,0.0,0.0,0.47000673710427293,-0.08547811876035165,0.08227793439731003,-0.1636920414360819,nan,nan,nan,nan,nan,nan,nan,nan,nan,nan,nan,nan,nan,nan,0.0,0.0,0.0,-1.0279632631450537,-0.8979276504529609,-0.0009509646686562775,-8.207864690145459e-05,nan,nan,nan,nan,nan,nan,nan,nan,nan,nan,nan,nan,nan,nan,nan,nan,nan,nan,nan,nan,nan,nan,nan,nan,nan,nan,nan,nan,nan,nan,nan,nan,nan,nan,nan,nan,nan,nan,nan,nan,nan,nan,nan,nan,nan,nan,nan,nan,nan,0.0006280886041259277
1791062920.7950864,2.9915376850225637,2.204058287049218,0.4504800931977732,1.0191592817042676e-08,1.0459847059354164e-07,0.0,0.0,0.0,0.0,-1.5955779400418253,0.7554972939273,-0.17966791403075008,-3.801907366880394e-05,0.0,0.0,0.0,-0.10514861919992888,0.21780372427070244,0.036782430583636144,0.16179018627123765,nan,nan,nan,nan,nan,nan,nan,0.0,0.0,0.0,-2.2251286483323938,2.700275990636757,-0.0037482351527875777,0.002497910417756045,0.0,0.0,0.0,0.4781392815948027,-0.10117058581881566,0.075981057893435,-0.154446165657957,nan,nan,nan,nan,nan,nan,nan,nan,nan,nan,nan,nan,nan,nan,0.0,0.0,0.0,-1.0279548777474765,-0.8979304284893606,-0.00021075498576669368,-0.0003794016502949864,nan,nan,nan,nan,nan,nan,nan,nan,nan,nan,nan,nan,nan,nan,nan,nan,nan,nan,nan,nan,nan,nan,nan,nan,nan,nan,nan,nan,nan,nan,nan,nan,nan,nan,nan,nan,nan,nan,nan,nan,nan,nan,nan,nan,nan,nan,nan,nan,nan,0.0045305913587377275
1791062920.896671,2.9916473937904815,2.2040279106128153,0.45151452513034745,9.22173453327744e-09,9.46446100934753e-08,0.0,0.0,0.0,0.0,-1.612740093810293,0.756333278577909,-0.17641089262476153,0.019118411764218857,0.0,0.0,0.0,-0.10149118893644234,0.23664404704451372,0.03608895988916859,0.17971399418628925,nan,nan,nan,nan,nan,nan,nan,0.0,0.0,0.0,-2.2251379774403834,2.7002150065083352,0.0021791168822557537,0.004527228411415339,0.0,0.0,0.0,0.4870873354629131,-0.11904632306428617,0.08447381640259945,-0.17016678508143027,nan,nan,nan,nan,nan,nan,nan,nan,nan,nan,nan,nan,nan,nan,0.0,0.0,0.0,-1.0279253225679363,-0.8979238478761847,-0.0002973559202533715,-0.0003174679328980796,nan,nan,nan,nan,nan,nan,nan,nan,nan,nan,nan,nan,nan,nan,nan,nan,nan,nan,nan,nan,nan,nan,nan,nan,nan,nan,nan,nan,nan,nan,nan,nan,nan,nan,nan,nan,nan,nan,nan,nan,nan,nan,nan,nan,nan,nan,nan,nan,nan,0.008280839196705763
1791062920.9970279,2.9915647105065695,2.204107130148886,0.45031282049647897,8.347317647620428e-09,8.56702848292296e-08,0.0,0.0,0.0,0.0,-1.6278458477298563,0.7567216916912047,-0.13655586936669553,-0.02469248669949515,0.0,0.0,0.0,-0.0982665521018388,0.2535598967443378,0.036166978023310474,0.1689939168252946,nan,nan,nan,nan,nan,nan,nan,0.0,0.0,0.0,-2.2250976717504494,2.7002387395516254,0.004555653715878381,-0.009467505981280218,0.0,0.0,0.0,0.495028080201298,-0.13493260544206528,0.0744161188238245,-0.1581882271470871,nan,nan,nan,nan,nan,nan,nan,nan,nan,nan,nan,nan,nan,nan,0.0,0.0,0.0,-1.0279406949309111,-0.8979373677990901,0.00020610036584351138,-0.00036302347341213997,nan,nan,nan,nan,nan,nan,nan,nan,nan,nan,nan,nan,nan,nan,nan,nan,nan,nan,nan,nan,nan,nan,nan,nan,nan,nan,nan,nan,nan,nan,nan,nan,nan,nan,nan,nan,nan,nan,nan,nan,nan,nan,nan,nan,nan,nan,nan,nan,nan,0.0010990751896580964
1791062921.096715,2.9915769799581153,2.204124604356771,0.45058480371445203,7.552965350281142e-09,7.751767935276144e-08,0.0,0.0,0.0,0.0,-1.6440704789167235,0.757699267526251,-0.15583686159493437,0.022678076011831666,0.0,0.0,0.0,-0.09491788616365418,0.27084514902004875,0.03413720206609633,0.1683302154321922,nan,nan,nan,nan,nan,nan,nan,0.0,0.0,0.0,-2.225131724816877,2.7003147219752717,0.00015264442989282778,0.0001565568017431265,0.0,0.0,0.0,0.5034653859044295,-0.15142046485742944,0.0857784666458087,-0.16375225227400345,nan,nan,nan,nan,nan,nan,nan,nan,nan,nan,nan,nan,nan,nan,0.0,0.0,0.0,-1.0279284476359798,-0.8979291485862306,7.264718767831997e-05,0.0005616696066283807,nan,nan,nan,nan,nan,nan,nan,nan,nan,nan,nan,nan,nan,nan,nan,nan,nan,nan,nan,nan,nan,nan,nan,nan,nan,nan,nan,nan,nan,nan,nan,nan,nan,nan,nan,nan,nan,nan,nan,nan,nan,nan,nan,nan,nan,nan,nan,nan,nan,0.0024194904212902126
1791062921.1960328,2.991554291053655,2.2040001039070316,0.4517545995299544,6.838318472733696e-09,7.018310744159638e-08,0.0,0.0,0.0,0.0,-1.6593441365062984,0.7583011751850379,-0.18100339202924773,0.01946711960497683,0.0,0.0,0.0,-0.09200293828223538,0.28603252398875145,0.03218903145837437,0.17480410260679746,nan,nan,nan,nan,nan,nan,nan,0.0,0.0,0.0,-2.2251181655080696,2.700291057939039,0.0028401979948347103,-0.00520268693599681,0.0,0.0,0.0,0.5112780358203506,-0.16709627905944147,0.07522246367734321,-0.15555460171406973,nan,nan,nan,nan,nan,nan,nan,nan,nan,nan,nan,nan,nan,nan,0.0,0.0,0.0,-1.0279151751850293,-0.8979246862386986,0.0013404168129795549,-0.00021194679688849686,nan,nan,nan,nan,nan,nan,nan,nan,nan,nan,nan,nan,nan,nan,nan,nan,nan,nan,nan,nan,nan,nan,nan,nan,nan,nan,nan,nan,nan,nan,nan,nan,nan,nan,nan,nan,nan,nan,nan,nan,nan,nan,nan,nan,nan,nan,nan,nan,nan,0.008859202926401813
1791062921.2944589,2.9916063412491485,2.204041407251164,0.4511040361872784,6.194855015855321e-09,6.357910601801502e-08,0.0,0.0,0.0,0.0,-1.6741880212511526,0.758751953542007,-0.20663135064476265,0.015436719986528655,0.0,0.0,0.0,-0.08847882904368322,0.30290733592532615,0.04088041309648276,0.17099358778228213,nan,nan,nan,nan,nan,nan,nan,0.0,0.0,0.0,-2.225136414307708,2.7004452267289754,0.000680178106727788,0.00328628314215764,0.0,0.0,0.0,0.518518830833405,-0.18137378252836006,0.07751013044565326,-0.15726790562658866,nan,nan,nan,nan,nan,nan,nan,nan,nan,nan,nan,nan,nan,nan,0.0,0.0,0.0,-1.0279120240253072,-0.8979168619815104,0.0008626952843614849,0.001135645840537254,nan,nan,nan,nan,nan,nan,nan,nan,nan,nan,nan,nan,nan,nan,nan,nan,nan,nan,nan,nan,nan,nan,nan,nan,nan,nan,nan,nan,nan,nan,nan,nan,nan,nan,nan,nan,nan,nan,nan,nan,nan,nan,nan,nan,nan,nan,nan,nan,nan,0.0015386399168515047
1791062921.394873,2.9915445737906023,2.2041444534886794,0.450957323534556,5.60533661949583e-09,5.7528754149282006e-08,0.0,0.0,0.0,0.0,-1.691733475243069,0.7595644124118593,-0.17761471385936067,0.02169985394362136,0.0,0.0,0.0,-0.08501600200204347,0.319685877213046,0.03315765678297832,0.15019177938867978,nan,nan,nan,nan,nan,nan,nan,0.0,0.0,0.0,-2.2251326408391496,2.7003869407679044,0.0005094826801702277,0.0026169466945345984,0.0,0.0,0.0,0.526370629947837,-0.19670548569835095,0.08351556204157594,-0.15322482978108365,nan,nan,nan,nan,nan,nan,nan,nan,nan,nan,nan,nan,nan,nan,0.0,0.0,0.0,-1.0279238817262988,-0.8979004201479363,-0.0003151791774703652,0.0003682604870534962,nan,nan,nan,nan,nan,nan,nan,nan,nan,nan,nan,nan,nan,nan,nan,nan,nan,nan,nan,nan,nan,nan,nan,nan,nan,nan,nan,nan,nan,nan,nan,nan,nan,nan,nan,nan,nan,nan,nan,nan,nan,nan,nan,nan,nan,nan,nan,nan,nan,0.006315845395167641
1791062921.4958298,2.991508676872242,2.204118692014738,0.45061245950647855,5.071918315673901e-09,5.2054169384369365e-08,0.0,0.0,0.0,0.0,-1.7104703175708469,0.7602498457553419,-0.16857456841002214,0.0055953190161148955,0.0,0.0,0.0,-0.08110671332882989,0.33840342524969635,0.034457308590705144,0.17405431852017764,nan,nan,nan,nan,nan,nan,nan,0.0,0.0,0.0,-2.225125211722369,2.700342625466611,-0.0005243070433935313,-0.00032990594759678003,0.0,0.0,0.0,0.5347683797180219,-0.21349480498371204,0.07562487283999682,-0.14941402464701575,nan,nan,nan,nan,nan,nan,nan,nan,nan,nan,nan,nan,nan,nan,0.0,0.0,0.0,-1.0279303098776247,-0.897893611085862,0.00016308514025089669,0.00019895567974134742,nan,nan,nan,nan,nan,nan,nan,nan,nan,nan,nan,nan,nan,nan,nan,nan,nan,nan,nan,nan,nan,nan,nan,nan,nan,nan,nan,nan,nan,nan,nan,nan,nan,nan,nan,nan,nan,nan,nan,nan,nan,nan,nan,nan,nan,nan,nan,nan,nan,0.011779519734666687
1791062921.595614,2.9915957965525353,2.2040344270114764,0.45096093648393926,4.589261474751921e-09,4.7100560239238816e-08,0.0,0.0,0.0,0.0,-1.7249934826434064,0.7609706930880795,-0.16941821837595,0.014111876115665136,0.0,0.0,0.0,-0.07773558379195687,0.3541961225575469,0.03556729351533636,0.16733485840118165,nan,nan,nan,nan,nan,nan,nan,0.0,0.0,0.0,-2.2251424765535073,2.7003419967906828,0.001041531170826413,-0.0020180100069185224,0.0,0.0,0.0,0.5427251396082955,-0.22920085920400318,0.07821632838674467,-0.15999260231246587,nan,nan,nan,nan,nan,nan,nan,nan,nan,nan,nan,nan,nan,nan,0.0,0.0,0.0,-1.0279264165323607,-0.8979058535963723,-5.821775021954984e-05,4.164029407250012e-05,nan,nan,nan,nan,nan,nan,nan,nan,nan,nan,nan,nan,nan,nan,nan,nan,nan,nan,nan,nan,nan,nan,nan,nan,nan,nan,nan,nan,nan,nan,nan,nan,nan,nan,nan,nan,nan,nan,nan,nan,nan,nan,nan,nan,nan,nan,nan,nan,nan,0.0037676736176483093
1791062921.6959677,2.99161528370903,2.204060545167086,0.45129403490310627,4.154524401829499e-09,4.2638761798669505e-08,0.0,0.0,0.0,0.0,-1.741839232948118,0.7617451200257326,-0.16707812575675934,0.006928652247187768,0.0,0.0,0.0,-0.07417487039797811,0.37097015531333516,0.03803516819894544,0.16931918538322588,nan,nan,nan,nan,nan,nan,nan,0.0,0.0,0.0,-2.225208398733252,2.700454451803462,-0.003373387444992728,0.0034259317280974618,0.0,0.0,0.0,0.550544377869559,-0.2443182890939586,0.07141026492288353,-0.14853067272027867,nan,nan,nan,nan,nan,nan,nan,nan,nan,nan,nan,nan,nan,nan,0.0,0.0,0.0,-1.0279371965487638,-0.897904165696532,0.0003567411741537661,-0.0001536075267839719,nan,nan,nan,nan,nan,nan,nan,nan,nan,nan,nan,nan,nan,nan,nan,nan,nan,nan,nan,nan,nan,nan,nan,nan,nan,nan,nan,nan,nan,nan,nan,nan,nan,nan,nan,nan,nan,nan,nan,nan,nan,nan,nan,nan,nan,nan,nan,nan,nan,0.008546592879926752
1791062921.7972791,2.991632889655144,2.2040598801805182,0.45131674552270407,3.759226461951214e-09,3.858173551413194e-08,0.0,0.0,0.0,0.0,-1.7607415266658095,0.762489647322813,-0.16587218447324834,0.018285307056450206,0.0,0.0,0.0,-0.0703176031068374,0.3895275399157594,0.04136288351507208,0.16911327749594282,nan,nan,nan,nan,nan,nan,nan,0.0,0.0,0.0,-2.225194754893451,2.7004024003278646,-0.00010492281652686172,-0.0033996529569934584,0.0,0.0,0.0,0.5583102319496734,-0.25961843219714986,0.07521332045138401,-0.14851210015434085,nan,nan,nan,nan,nan,nan,nan,nan,nan,nan,nan,nan,nan,nan,0.0,0.0,0.0,-1.0279344527753975,-0.8978970161600021,-7.248955533005136e-05,3.5278590177747625e-05,nan,nan,nan,nan,nan,nan,nan,nan,nan,nan,nan,nan,nan,nan,nan,nan,nan,nan,nan,nan,nan,nan,nan,nan,nan,nan,nan,nan,nan,nan,nan,nan,nan,nan,nan,nan,nan,nan,nan,nan,nan,nan,nan,nan,nan,nan,nan,nan,nan,0.0036864536939583757
1791062921.8962238,2.991610359929992,2.2040488194612387,0.4512339569325708,3.401604102960373e-09,3.491138167719845e-08,0.0,0.0,0.0,0.0,-1.7755887059008624,0.7632377567801066,-0.16374244761317644,0.013329367661867052,0.0,0.0,0.0,-0.06693795476087105,0.40628306605468417,0.03202794000881622,0.16106266034384514,nan,nan,nan,nan,nan,nan,nan,0.0,0.0,0.0,-2.225185244226858,2.700402795525119,-0.0003921478999306393,-0.001988685360166922,0.0,0.0,0.0,0.5653159638043218,-0.27268944725390976,0.08883426945039347,-0.12059376153643729,nan,nan,nan,nan,nan,nan,nan,nan,nan,nan,nan,nan,nan,nan,0.0,0.0,0.0,-1.027919528221758,-0.8979069789937459,-5.830654359485695e-05,0.0004941756633344904,nan,nan,nan,nan,nan,nan,nan,nan,nan,nan,nan,nan,nan,nan,nan,nan,nan,nan,nan,nan,nan,nan,nan,nan,nan,nan,nan,nan,nan,nan,nan,nan,nan,nan,nan,nan,nan,nan,nan,nan,nan,nan,nan,nan,nan,nan,nan,nan,nan,0.002922441850991385
1791062921.9967196,2.991602891279777,2.204035172865492,0.4516565411465864,3.077898674714738e-09,3.158912446724588e-08,0.0,0.0,0.0,0.0,-1.7942756599414125,0.7639762399820849,-0.17317433690682227,0.00628273847484561,0.0,0.0,0.0,-0.06324326111510153,0.423764937423285,0.03820870208306904,0.18818711460774634,nan,nan,nan,nan,nan,nan,nan,0.0,0.0,0.0,-2.225164548222566,2.700393444886704,-0.00012669883563060016,-0.0009630917220962321,0.0,0.0,0.0,0.5740123009468006,-0.2893280129063906,0.07572201733121159,-0.15309865139028378,nan,nan,nan,nan,nan,nan,nan,nan,nan,nan,nan,nan,nan,nan,0.0,0.0,0.0,-1.027926200342025,-0.8979041893386501,-0.00033863514102334513,0.0004726381739414701,nan,nan,nan,nan,nan,nan,nan,nan,nan,nan,nan,nan,nan,nan,nan,nan,nan,nan,nan,nan,nan,nan,nan,nan,nan,nan,nan,nan,nan,nan,nan,nan,nan,nan,nan,nan,nan,nan,nan,nan,nan,nan,nan,nan,nan,nan,nan,nan,nan,0.003295014622646063
1791062922.0953987,2.991582613048832,2.204038407716205,0.4513122727349565,2.785456876681156e-09,2.8587732500252624e-08,0.0,0.0,0.0,0.0,-1.8101374913503498,0.764944869141608,-0.14913489602072372,0.01953027757246755,0.0,0.0,0.0,-0.05976978858719483,0.4405901544216297,0.03390857845703277,0.15958012857924062,nan,nan,nan,nan,nan,nan,nan,0.0,0.0,0.0,-2.2251769311418577,2.700337270447545,-0.0028608597615770526,-0.0013394235077628781,0.0,0.0,0.0,0.5818739220290714,-0.3047129244319945,0.07918048032881154,-0.15448748696038944,nan,nan,nan,nan,nan,nan,nan,nan,nan,nan,nan,nan,nan,nan,0.0,0.0,0.0,-1.027920815399628,-0.8979005554727936,-1.1430887858656039e-05,-0.00017125586651923537,nan,nan,nan,nan,nan,nan,nan,nan,nan,nan,nan,nan,nan,nan,nan,nan,nan,nan,nan,nan,nan,nan,nan,nan,nan,nan,nan,nan,nan,nan,nan,nan,nan,nan,nan,nan,nan,nan,nan,nan,nan,nan,nan,nan,nan,nan,nan,nan,nan,0.0025037861695324723
1791062922.1957927,2.9915174406705036,2.2041102661975778,0.4511211576291635,2.5214146254247135e-09,2.587781108273728e-08,0.0,0.0,0.0,0.0,-1.8274531419985651,0.7656761193865056,-0.18543191071433035,0.011975229174442999,0.0,0.0,0.0,-0.056759771115988344,0.4554548415355051,0.02945075336232511,0.15247670602849905,nan,nan,nan,nan,nan,nan,nan,0.0,0.0,0.0,-2.225175325138559,2.7004349313908023,-0.00043237611290613187,0.01107326217357329,0.0,0.0,0.0,0.5890302611550521,-0.318610732830621,0.08168762261378068,-0.15716952087122982,nan,nan,nan,nan,nan,nan,nan,nan,nan,nan,nan,nan,nan,nan,0.0,0.0,0.0,-1.0279507631014881,-0.8979054905212809,-0.0010750891182742593,0.00012947741074929387,nan,nan,nan,nan,nan,nan,nan,nan,nan,nan,nan,nan,nan,nan,nan,nan,nan,nan,nan,nan,nan,nan,nan,nan,nan,nan,nan,nan,nan,nan,nan,nan,nan,nan,nan,nan,nan,nan,nan,nan,nan,nan,nan,nan,nan,nan,nan,nan,nan,0.0022401085568882944
1791062922.2954905,2.9914323242589087,2.2040929823153332,0.45114894458232346,2.2814703002172065e-09,2.341521177222172e-08,0.0,0.0,0.0,0.0,-1.8440853196026161,0.766266654205498,-0.1614932226143095,0.007201510835553987,0.0,0.0,0.0,-0.052985633796611524,0.47335811976626097,0.033827429109340765,0.16501781235112006,nan,nan,nan,nan,nan,nan,nan,0.0,0.0,0.0,-2.2251325109967253,2.7003567343681523,0.0015802244316909884,-0.005664063973920726,0.0,0.0,0.0,0.596729512584468,-0.33407442750419786,0.0761475169165331,-0.14802810074782088,nan,nan,nan,nan,nan,nan,nan,nan,nan,nan,nan,nan,nan,nan,0.0,0.0,0.0,-1.027923303049245,-0.897908745966916,0.0009141752280806183,-5.1391914704177456e-05,nan,nan,nan,nan,nan,nan,nan,nan,nan,nan,nan,nan,nan,nan,nan,nan,nan,nan,nan,nan,nan,nan,nan,nan,nan,nan,nan,nan,nan,nan,nan,nan,nan,nan,nan,nan,nan,nan,nan,nan,nan,nan,nan,nan,nan,nan,nan,nan,nan,0.013784544321285739
1791062922.3950365,2.9914437508276754,2.204078999645854,0.45102745325062843,2.064893082355077e-09,2.119243402192729e-08,0.0,0.0,0.0,0.0,-1.8615863125044532,0.7670980307976814,-0.17642163504788685,0.007890526866103408,0.0,0.0,0.0,-0.050033273990775416,0.48740894855858924,0.036959435811950235,0.16409171716770937,nan,nan,nan,nan,nan,nan,nan,0.0,0.0,0.0,-2.2252065107089907,2.7004857318294024,-0.0028170634816087467,0.00906625412036265,0.0,0.0,0.0,0.6047044007804765,-0.3495679881774496,0.08570049588663084,-0.1531922724489786,nan,nan,nan,nan,nan,nan,nan,nan,nan,nan,nan,nan,nan,nan,0.0,0.0,0.0,-1.0279297823557978,-0.8979198854409851,0.00036372452743741303,-0.0004253157052978414,nan,nan,nan,nan,nan,nan,nan,nan,nan,nan,nan,nan,nan,nan,nan,nan,nan,nan,nan,nan,nan,nan,nan,nan,nan,nan,nan,nan,nan,nan,nan,nan,nan,nan,nan,nan,nan,nan,nan,nan,nan,nan,nan,nan,nan,nan,nan,nan,nan,0.008187329482063521
1791062922.494576,2.9915363796724854,2.2040734918076335,0.4507448523074354,1.868436685744512e-09,1.91761605117238e-08,0.0,0.0,0.0,0.0,-1.878877415412988,0.7681662474138148,-0.1656613468432551,0.009031235508781961,0.0,0.0,0.0,-0.04657144401846552,0.5034732544412002,0.03491919725987562,0.15602858927370508,nan,nan,nan,nan,nan,nan,nan,0.0,0.0,0.0,-2.2251850491149496,2.7003851899312736,-0.0009670340651528144,-0.005117729558097324,0.0,0.0,0.0,0.6128748742574806,-0.36498381084067755,0.08882018543194678,-0.15545501347523288,nan,nan,nan,nan,nan,nan,nan,nan,nan,nan,nan,nan,nan,nan,0.0,0.0,0.0,-1.0279429147232246,-0.8979189838305628,0.0001364164486856215,-8.838854216557343e-05,nan,nan,nan,nan,nan,nan,nan,nan,nan,nan,nan,nan,nan,nan,nan,nan,nan,nan,nan,nan,nan,nan,nan,nan,nan,nan,nan,nan,nan,nan,nan,nan,nan,nan,nan,nan,nan,nan,nan,nan,nan,nan,nan,nan,nan,nan,nan,nan,nan,0.003227663907295425
1791062922.5968397,2.9916121150526336,2.2040781708539954,0.4507243012870018,1.690631427048354e-09,1.7351307570973775e-08,0.0,0.0,0.0,0.0,-1.8985451252804124,0.7695332736002055,-0.18563728084751024,0.0046332564596285545,0.0,0.0,0.0,-0.04280032949139943,0.5213840957772985,0.030972341720374226,0.16331228358989403,nan,nan,nan,nan,nan,nan,nan,0.0,0.0,0.0,-2.2251844448045524,2.7003946260267915,-0.001419193524452452,0.002021856925895794,0.0,0.0,0.0,0.6216169415245126,-0.3820229522850141,0.0776927375835563,-0.153453229851363,nan,nan,nan,nan,nan,nan,nan,nan,nan,nan,nan,nan,nan,nan,0.0,0.0,0.0,-1.0279317678831317,-0.897915887263062,0.0002112923825235628,-0.0003039628197286953,nan,nan,nan,nan,nan,nan,nan,nan,nan,nan,nan,nan,nan,nan,nan,nan,nan,nan,nan,nan,nan,nan,nan,nan,nan,nan,nan,nan,nan,nan,nan,nan,nan,nan,nan,nan,nan,nan,nan,nan,nan,nan,nan,nan,nan,nan,nan,nan,nan,0.005289576396692663
1791062922.6945705,2.99153094724739,2.204004605390857,0.4512438968179204,1.529973192396286e-09,1.5702438161202666e-08,0.0,0.0,0.0,0.0,-1.9146145041169649,0.7706137236113286,-0.20369406659748784,0.021556478531819787,0.0,0.0,0.0,-0.039696474435135624,0.5360661977818276,0.03732610056489051,0.17008553091169215,nan,nan,nan,nan,nan,nan,nan,0.0,0.0,0.0,-2.2251753104438947,2.700385717612168,-0.0008070348392959553,0.0072174093653429305,0.0,0.0,0.0,0.6288144653471858,-0.39592712298583393,0.08259708452932832,-0.15738987267567472,nan,nan,nan,nan,nan,nan,nan,nan,nan,nan,nan,nan,nan,nan,0.0,0.0,0.0,-1.0279330378224851,-0.8979009727549716,-0.00077364474862108,-0.0002061547769984932,nan,nan,nan,nan,nan,nan,nan,nan,nan,nan,nan,nan,nan,nan,nan,nan,nan,nan,nan,nan,nan,nan,nan,nan,nan,nan,nan,nan,nan,nan,nan,nan,nan,nan,nan,nan,nan,nan,nan,nan,nan,nan,nan,nan,nan,nan,nan,nan,nan,0.008586005157141209
1791062922.796229,2.9916236366994147,2.2040087748928623,0.4514717627193133,1.3843769935270638e-09,1.4208153607321435e-08,0.0,0.0,0.0,0.0,-1.9324004160817212,0.7715460069477628,-0.17507332762887223,0.011583469659109412,0.0,0.0,0.0,-0.03601631885208889,0.5538512184212036,0.02919852928864531,0.149597496059622,nan,nan,nan,nan,nan,nan,nan,0.0,0.0,0.0,-2.225161756835235,2.7003691018794496,0.0017702241525554515,-0.0033158856119839264,0.0,0.0,0.0,0.6363914856830933,-0.41102613298432694,0.07287431154952881,-0.1513948176668498,nan,nan,nan,nan,nan,nan,nan,nan,nan,nan,nan,nan,nan,nan,0.0,0.0,0.0,-1.0279530800949117,-0.8979127551304719,-0.0006006264114107746,5.8495592519451494e-05,nan,nan,nan,nan,nan,nan,nan,nan,nan,nan,nan,nan,nan,nan,nan,nan,nan,nan,nan,nan,nan,nan,nan,nan,nan,nan,nan,nan,nan,nan,nan,nan,nan,nan,nan,nan,nan,nan,nan,nan,nan,nan,nan,nan,nan,nan,nan,nan,nan,0.002263188257025461
1791062922.8950088,2.9914932145409248,2.204016311176543,0.451577459733069,1.2526361048230901e-09,1.2856069029332164e-08,0.0,0.0,0.0,0.0,-1.9465979084198075,0.7722198696952345,-0.13427765293970717,0.007477784219960586,0.0,0.0,0.0,-0.03286050977392924,0.5686785788216293,0.029824283548879928,0.1499746996572428,nan,nan,nan,nan,nan,nan,nan,0.0,0.0,0.0,-2.2251882238599676,2.7003877220284167,0.0006058209299728381,6.936323499769293e-05,0.0,0.0,0.0,0.6444071103862565,-0.42654505789961766,0.07758880896351449,-0.1492069233268606,nan,nan,nan,nan,nan,nan,nan,nan,nan,nan,nan,nan,nan,nan,0.0,0.0,0.0,-1.0279222388268519,-0.8979240113399073,0.0003741783033518447,-0.000554151415579472,nan,nan,nan,nan,nan,nan,nan,nan,nan,nan,nan,nan,nan,nan,nan,nan,nan,nan,nan,nan,nan,nan,nan,nan,nan,nan,nan,nan,nan,nan,nan,nan,nan,nan,nan,nan,nan,nan,nan,nan,nan,nan,nan,nan,nan,nan,nan,nan,nan,0.006645587787142057
1791062922.994545,2.9915701964142967,2.2041138079606486,0.45093387030535526,1.1336182823106666e-09,1.1634563968086452e-08,0.0,0.0,0.0,0.0,-1.9632752267694498,0.7727847386940949,-0.17951007995867407,0.007871916416468755,0.0,0.0,0.0,-0.02961596179549746,0.5846666433432172,0.03285861879685886,0.1739770953919089,nan,nan,nan,nan,nan,nan,nan,0.0,0.0,0.0,-2.2251810232038336,2.7004324243521833,0.0008749001779004455,0.0024794737179187594,0.0,0.0,0.0,0.652427667255134,-0.4417211759387507,0.08564070789614465,-0.15700570775351363,nan,nan,nan,nan,nan,nan,nan,nan,nan,nan,nan,nan,nan,nan,0.0,0.0,0.0,-1.0279403177052049,-0.8979302568057287,-0.001093438762113496,-0.00039355590235672235,nan,nan,nan,nan,nan,nan,nan,nan,nan,nan,nan,nan,nan,nan,nan,nan,nan,nan,nan,nan,nan,nan,nan,nan,nan,nan,nan,nan,nan,nan,nan,nan,nan,nan,nan,nan,nan,nan,nan,nan,nan,nan,nan,nan,nan,nan,nan,nan,nan,0.0065566958394744825
1791062923.0965345,2.9916020153973144,2.2040187526501245,0.4512394136468257,1.0257402399414514e-09,1.0527388824317367e-08,0.0,0.0,0.0,0.0,-1.982669002733692,0.7739036624892571,-0.17087002544853497,0.013096339560246665,0.0,0.0,0.0,-0.02584833742519738,0.602982677214375,0.034662463848324325,0.16113804370402943,nan,nan,nan,nan,nan,nan,nan,0.0,0.0,0.0,-2.2252112795397188,2.700428385377951,-3.1374804417547955e-05,-0.0038213427338924474,0.0,0.0,0.0,0.6619083675457461,-0.4586156843762689,0.08004677732037666,-0.15093625128776839,nan,nan,nan,nan,nan,nan,nan,nan,nan,nan,nan,nan,nan,nan,0.0,0.0,0.0,-1.0279298985622412,-0.8979250875775696,-0.0005804083214246685,3.219886055413523e-06,nan,nan,nan,nan,nan,nan,nan,nan,nan,nan,nan,nan,nan,nan,nan,nan,nan,nan,nan,nan,nan,nan,nan,nan,nan,nan,nan,nan,nan,nan,nan,nan,nan,nan,nan,nan,nan,nan,nan,nan,nan,nan,nan,nan,nan,nan,nan,nan,nan,0.002614822616926713
1791062923.1949701,2.991590473044385,2.204118333935613,0.4505830411847283,9.294952041280667e-10,9.53960568491778e-09,0.0,0.0,0.0,0.0,-1.9983268630114832,0.774925881236241,-0.17523031057659721,0.009526102357655596,0.0,0.0,0.0,-0.02260431309273919,0.6187975872328763,0.03877917059764668,0.17265350034362156,nan,nan,nan,nan,nan,nan,nan,0.0,0.0,0.0,-2.2251579809021185,2.700361970624394,0.0025685594881968026,-0.002574680863553706,0.0,0.0,0.0,0.6696417882626036,-0.4730240355173238,0.09350309138410914,-0.15739826280501337,nan,nan,nan,nan,nan,nan,nan,nan,nan,nan,nan,nan,nan,nan,0.0,0.0,0.0,-1.0279284387498744,-0.8979226276938317,-0.0005125291233170668,-0.00023343576046191638,nan,nan,nan,nan,nan,nan,nan,nan,nan,nan,nan,nan,nan,nan,nan,nan,nan,nan,nan,nan,nan,nan,nan,nan,nan,nan,nan,nan,nan,nan,nan,nan,nan,nan,nan,nan,nan,nan,nan,nan,nan,nan,nan,nan,nan,nan,nan,nan,nan,0.00633271963632689
1791062923.296034,2.9916207511474315,2.204100404803252,0.45049083421351377,8.410420408564545e-10,8.631792179858995e-09,0.0,0.0,0.0,0.0,-2.016940320913924,0.7764634922403552,-0.16932428882939268,0.011283786342438405,0.0,0.0,0.0,-0.01909950297907468,0.6363705477893687,0.034403311437002024,0.19303004494044446,nan,nan,nan,nan,nan,nan,nan,0.0,0.0,0.0,-2.2251963020831664,2.700344648143243,0.00026084914190132983,0.0031778097053283593,0.0,0.0,0.0,0.6787801895096184,-0.49011261409153273,0.08483186016841582,-0.15306681978964043,nan,nan,nan,nan,nan,nan,nan,nan,nan,nan,nan,nan,nan,nan,0.0,0.0,0.0,-1.027919377159093,-0.8979246895489684,0.00011398661344512547,-0.0005753533637578754,nan,nan,nan,nan,nan,nan,nan,nan,nan,nan,nan,nan,nan,nan,nan,nan,nan,nan,nan,nan,nan,nan,nan,nan,nan,nan,nan,nan,nan,nan,nan,nan,nan,nan,nan,nan,nan,nan,nan,nan,nan,nan,nan,nan,nan,nan,nan,nan,nan,0.005062912575776343
1791062923.3966918,2.9915447449752484,2.2040820370866863,0.450644589452638,7.615730281840628e-10,7.816184910776304e-09,0.0,0.0,0.0,0.0,-2.03227359850559,0.7771137209366754,-0.1632029805913961,0.010889448645373752,0.0,0.0,0.0,-0.015205050746142368,0.6560166862136408,0.03782311815459234,0.17749148262691952,nan,nan,nan,nan,nan,nan,nan,0.0,0.0,0.0,-2.225070730694054,2.700202362550118,0.0010667901463973812,-0.004502807899588424,0.0,0.0,0.0,0.6872763155573737,-0.5060793486870432,0.08803993145924886,-0.15855223524391923,nan,nan,nan,nan,nan,nan,nan,nan,nan,nan,nan,nan,nan,nan,0.0,0.0,0.0,-1.0279410467767218,-0.8979231794471481,-0.0005685051386248973,-0.00022511590962211828,nan,nan,nan,nan,nan,nan,nan,nan,nan,nan,nan,nan,nan,nan,nan,nan,nan,nan,nan,nan,nan,nan,nan,nan,nan,nan,nan,nan,nan,nan,nan,nan,nan,nan,nan,nan,nan,nan,nan,nan,nan,nan,nan,nan,nan,nan,nan,nan,nan,0.011579374631528676
1791062923.4962587,2.9916604739559665,2.204059663870502,0.45158361537875186,6.890997726943663e-10,7.0723765758827854e-09,0.0,0.0,0.0,0.0,-2.0510427579408774,0.7782504879865889,-0.16664730944119924,0.008144394583185912,0.0,0.0,0.0,-0.01163895200656311,0.6740704003923124,0.0355452432337381,0.1843217741831898,nan,nan,nan,nan,nan,nan,nan,0.0,0.0,0.0,-2.225099197333868,2.7002388462652593,-0.0007426917488068589,0.0014679921696869936,0.0,0.0,0.0,0.6946453000864856,-0.5198865961149941,0.08553619640808743,-0.15910795595412172,nan,nan,nan,nan,nan,nan,nan,nan,nan,nan,nan,nan,nan,nan,0.0,0.0,0.0,-1.027926441414314,-0.8979084765551878,0.0007075425354000416,0.0007982782339363777,nan,nan,nan,nan,nan,nan,nan,nan,nan,nan,nan,nan,nan,nan,nan,nan,nan,nan,nan,nan,nan,nan,nan,nan,nan,nan,nan,nan,nan,nan,nan,nan,nan,nan,nan,nan,nan,nan,nan,nan,nan,nan,nan,nan,nan,nan,nan,nan,nan,0.0051778091373776815
1791062923.59605,2.9915663303047526,2.2041376082572297,0.451097662672166,6.243110306962414e-10,6.407436026712585e-09,0.0,0.0,0.0,0.0,-2.066547666684533,0.7790782770577421,-0.15541054085014788,0.003878195933472318,0.0,0.0,0.0,-0.008148563028983214,0.6913297279921489,0.03247617494434795,0.166616659931786,nan,nan,nan,nan,nan,nan,nan,0.0,0.0,0.0,-2.2250790789901047,2.700211726696712,0.001413811405738543,-0.002126381068531531,0.0,0.0,0.0,0.702878119536826,-0.5352291227845775,0.07912616105988347,-0.14771774750956432,nan,nan,nan,nan,nan,nan,nan,nan,nan,nan,nan,nan,nan,nan,0.0,0.0,0.0,-1.027935488470091,-0.8979209708272551,-0.00043602044123881547,-0.00026690753395652487,nan,nan,nan,nan,nan,nan,nan,nan,nan,nan,nan,nan,nan,nan,nan,nan,nan,nan,nan,nan,nan,nan,nan,nan,nan,nan,nan,nan,nan,nan,nan,nan,nan,nan,nan,nan,nan,nan,nan,nan,nan,nan,nan,nan,nan,nan,nan,nan,nan,0.009648931187475113
1791062923.6951678,2.9915897447444397,2.2040318041036056,0.4514571656397763,5.649191943875085e-10,5.79788506101397e-09,0.0,0.0,0.0,0.0,-2.0828702685460727,0.7802262939703684,-0.1684801423905012,0.011669149398016422,0.0,0.0,0.0,-0.0049036459322037915,0.7073457233420539,0.03558522255537098,0.18265015163756715,nan,nan,nan,nan,nan,nan,nan,0.0,0.0,0.0,-2.214646785724031,2.7121862570160546,0.7549718372448234,1.004145075573033,0.0,0.0,0.0,0.7118512102913019,-0.5515792114380672,0.08423912570490187,-0.15725852603352514,nan,nan,nan,nan,nan,nan,nan,nan,nan,nan,nan,nan,nan,nan,0.0,0.0,0.0,-1.02793399400285,-0.8979128940545492,0.00028176079257990214,0.00025267449859821533,nan,nan,nan,nan,nan,nan,nan,nan,nan,nan,nan,nan,nan,nan,nan,nan,nan,nan,nan,nan,nan,nan,nan,nan,nan,nan,nan,nan,nan,nan,nan,nan,nan,nan,nan,nan,nan,nan,nan,nan,nan,nan,nan,nan,nan,nan,nan,nan,nan,0.00386826846027038
1791062923.796618,2.99165524700606,2.2040269751237664,0.4512422312147597,5.111600254165398e-10,5.2461433504012815e-09,0.0,0.0,0.0,0.0,-2.0967571004466348,0.7811661985284413,-0.14899359405755,0.006017709208101191,0.0,0.0,0.0,-0.0008536757940298024,0.7264128144780087,0.034222340168504235,0.17370799131051584,nan,nan,nan,nan,nan,nan,nan,0.0,0.0,0.0,-2.2148130584992267,2.7122661656778613,-0.03906915652166481,0.019255478282127023,0.0,0.0,0.0,0.7198117544190293,-0.5663407219674355,0.08368815604449553,-0.14933798239155938,nan,nan,nan,nan,nan,nan,nan,nan,nan,nan,nan,nan,nan,nan,0.0,0.0,0.0,-1.0279257146247436,-0.8979232706076883,-0.00012545163611365692,0.0002901184474206702,nan,nan,nan,nan,nan,nan,nan,nan,nan,nan,nan,nan,nan,nan,nan,nan,nan,nan,nan,nan,nan,nan,nan,nan,nan,nan,nan,nan,nan,nan,nan,nan,nan,nan,nan,nan,nan,nan,nan,nan,nan,nan,nan,nan,nan,nan,nan,nan,nan,0.005050629361891699
1791062923.896034,2.991727582013318,2.2040605536829534,0.4511503676329872,4.6251671775310287e-10,4.74690680538368e-09,0.0,0.0,0.0,0.0,-2.1106093972426123,0.7822926752185994,-0.12664367955540692,0.015947245309179018,0.0,0.0,0.0,0.0024726228190831176,0.7428198465256657,0.03240851015502297,0.17447019202534153,nan,nan,nan,nan,nan,nan,nan,0.0,0.0,0.0,-2.2143401805597196,2.712080136422719,0.04285535116587751,-0.03934389374366452,0.0,0.0,0.0,0.7269823364679517,-0.579625438810894,0.06954679485048974,-0.12982538320009163,nan,nan,nan,nan,nan,nan,nan,nan,nan,nan,nan,nan,nan,nan,0.0,0.0,0.0,-1.0279261693223354,-0.8979228220862839,0.0011339378288569744,-0.00025587435856984163,nan,nan,nan,nan,nan,nan,nan,nan,nan,nan,nan,nan,nan,nan,nan,nan,nan,nan,nan,nan,nan,nan,nan,nan,nan,nan,nan,nan,nan,nan,nan,nan,nan,nan,nan,nan,nan,nan,nan,nan,nan,nan,nan,nan,nan,nan,nan,nan,nan,0.006689282635335444
1791062923.9951289,2.9916312991087493,2.2040412838834964,0.45132805904794515,4.185024328277246e-10,4.2951788988523e-09,0.0,0.0,0.0,0.0,-2.1260078531620015,0.7833485468544089,-0.17122911928344275,-0.013984277611539291,0.0,0.0,0.0,0.0061344290468691035,0.7605516720208558,0.041405980879447496,0.185803084554542,nan,nan,nan,nan,nan,nan,nan,0.0,0.0,0.0,-2.2148011939391234,2.712701345291595,-0.02503498997408686,0.0383350555450468,0.0,0.0,0.0,0.7351111447776142,-0.594824291539139,0.08871114990181435,-0.16510545023663803,nan,nan,nan,nan,nan,nan,nan,nan,nan,nan,nan,nan,nan,nan,0.0,0.0,0.0,-1.0279279679379854,-0.8979008705977324,-0.00036250298264616106,0.001012371768384168,nan,nan,nan,nan,nan,nan,nan,nan,nan,nan,nan,nan,nan,nan,nan,nan,nan,nan,nan,nan,nan,nan,nan,nan,nan,nan,nan,nan,nan,nan,nan,nan,nan,nan,nan,nan,nan,nan,nan,nan,nan,nan,nan,nan,nan,nan,nan,nan,nan,0.0014224620393797954
1791062924.097057,2.9916141720400082,2.2041109414340743,0.45024625327278023,3.7867666088605756e-10,3.8864385861173244e-09,0.0,0.0,0.0,0.0,-2.144893051813183,0.7845827579702549,-0.16887311035650637,-0.017074938813361865,0.0,0.0,0.0,0.010188827478357648,0.7804123006770282,0.0358078840349429,0.1844318402416721,nan,nan,nan,nan,nan,nan,nan,0.0,0.0,0.0,-2.1209032056647494,0.7371025123193837,-0.12030219275092177,-0.5369387848879187,0.0,0.0,0.0,0.7458059149503429,-0.6124989244603639,0.09233232302285295,-0.15097370143783084,nan,nan,nan,nan,nan,nan,nan,nan,nan,nan,nan,nan,nan,nan,0.0,0.0,0.0,-1.0279148784522412,-0.8979207054679093,-3.5595576615165853e-06,-0.00021014507936581206,nan,nan,nan,nan,nan,nan,nan,nan,nan,nan,nan,nan,nan,nan,nan,nan,nan,nan,nan,nan,nan,nan,nan,nan,nan,nan,nan,nan,nan,nan,nan,nan,nan,nan,nan,nan,nan,nan,nan,nan,nan,nan,nan,nan,nan,nan,nan,nan,nan,0.006416650234349991
1791062924.1965387,2.991680039237692,2.2041554719243432,0.4507484827151224,3.4264081221922747e-10,3.51659505677345e-09,0.0,0.0,0.0,0.0,-2.163358467886212,0.7859034110729507,-0.16615984382506924,0.005203952069226962,0.0,0.0,0.0,0.0138391135226894,0.7984621651248478,0.03703071024741585,0.18441571960030168,nan,nan,nan,nan,nan,nan,nan,0.0,0.0,0.0,-2.139783570339819,0.7389389588528037,-0.19800259840210782,0.01855413955448207,0.0,0.0,0.0,0.7544666909861429,-0.6284262664543829,0.08818389638334835,-0.16039760225025584,nan,nan,nan,nan,nan,nan,nan,nan,nan,nan,nan,nan,nan,nan,0.0,0.0,0.0,-1.027931786181839,-0.8979197971141779,0.00045594271199368485,0.00010321300459852348,nan,nan,nan,nan,nan,nan,nan,nan,nan,nan,nan,nan,nan,nan,nan,nan,nan,nan,nan,nan,nan,nan,nan,nan,nan,nan,nan,nan,nan,nan,nan,nan,nan,nan,nan,nan,nan,nan,nan,nan,nan,nan,nan,nan,nan,nan,nan,nan,nan,0.0035716583924440106
1791062924.2952507,2.9916740170267673,2.2040895781327094,0.4516170946406801,3.106960745388766e-10,3.188739463947072e-09,0.0,0.0,0.0,0.0,-2.1788542484486144,0.7869381602995178,-0.17199058738956158,0.012778632810784766,0.0,0.0,0.0,0.017094644353284075,0.8145002511877779,0.0338484040784339,0.1691299545054354,nan,nan,nan,nan,nan,nan,nan,0.0,0.0,0.0,-2.155093397571037,0.7399180826540731,-0.17908121724165146,0.03556373347346953,0.0,0.0,0.0,0.7622244288107844,-0.6424862541151686,0.08594831096141628,-0.16056617551320093,nan,nan,nan,nan,nan,nan,nan,nan,nan,nan,nan,nan,nan,nan,0.0,0.0,0.0,-1.0279270224876214,-0.8979175307137862,0.0007110464212902374,-0.00036336319246177613,nan,nan,nan,nan,nan,nan,nan,nan,nan,nan,nan,nan,nan,nan,nan,nan,nan,nan,nan,nan,nan,nan,nan,nan,nan,nan,nan,nan,nan,nan,nan,nan,nan,nan,nan,nan,nan,nan,nan,nan,nan,nan,nan,nan,nan,nan,nan,nan,nan,0.004310909394700693
1791062924.3964777,2.991679864029245,2.2040297392439667,0.45093664755875074,2.81129433972058e-10,2.885290784295486e-09,0.0,0.0,0.0,0.0,-2.194829411092045,0.7875955505584574,-0.15188769326062562,0.009069801291749061,0.0,0.0,0.0,0.02075137640066794,0.8330077400745646,0.03969761648072899,0.19703179143333724,nan,nan,nan,nan,nan,nan,nan,0.0,0.0,0.0,-2.1726109954254262,0.7405701689062197,-0.14904033310381268,0.0016658976630025048,0.0,0.0,0.0,0.770762284483137,-0.6582247139952567,0.07832910714850869,-0.15403724574853167,nan,nan,nan,nan,nan,nan,nan,nan,nan,nan,nan,nan,nan,nan,0.0,0.0,0.0,-1.0279351976007423,-0.8979013918727979,-0.00028610408067654083,-0.00030227916015974877,nan,nan,nan,nan,nan,nan,nan,nan,nan,nan,nan,nan,nan,nan,nan,nan,nan,nan,nan,nan,nan,nan,nan,nan,nan,nan,nan,nan,nan,nan,nan,nan,nan,nan,nan,nan,nan,nan,nan,nan,nan,nan,nan,nan,nan,nan,nan,nan,nan,0.0035840222798575153
1791062924.4952955,2.9916376628203456,2.204051174991432,0.4512433424117769,2.543764312527883e-10,2.610719064402886e-09,0.0,0.0,0.0,0.0,-2.209585830114107,0.7883978741216621,-0.14926768606351293,-0.00927719142063059,0.0,0.0,0.0,0.024376148381184615,0.8518198024191559,0.03463014431031367,0.16412871587970362,nan,nan,nan,nan,nan,nan,nan,0.0,0.0,0.0,-2.1858649786438993,0.7413239211733955,-0.15189102172946806,0.00710417428099299,0.0,0.0,0.0,0.7792982383452816,-0.6737149983829119,0.08997374287632602,-0.15553584057327402,nan,nan,nan,nan,nan,nan,nan,nan,nan,nan,nan,nan,nan,nan,0.0,0.0,0.0,-1.0279337920314011,-0.897883837821973,0.00039087764533837603,0.00019567951107672937,nan,nan,nan,nan,nan,nan,nan,nan,nan,nan,nan,nan,nan,nan,nan,nan,nan,nan,nan,nan,nan,nan,nan,nan,nan,nan,nan,nan,nan,nan,nan,nan,nan,nan,nan,nan,nan,nan,nan,nan,nan,nan,nan,nan,nan,nan,nan,nan,nan,0.0018931102319530684
1791062924.5946796,2.991459594738497,2.204138549038586,0.45103962387599067,2.3018272408715764e-10,2.3624139355636344e-09,0.0,0.0,0.0,0.0,-2.2253332044223333,0.7897154004390747,-0.16860020697077358,0.019365565531647047,0.0,0.0,0.0,0.027375566432758663,0.8676888976767233,0.032569213299113664,0.17456420504269948,nan,nan,nan,nan,nan,nan,nan,0.0,0.0,0.0,-2.201541509115444,0.7422927512462029,-0.16712625181740498,0.016280446121091845,0.0,0.0,0.0,0.787683233285805,-0.6893490103918287,0.07908769346421284,-0.15314452687830898,nan,nan,nan,nan,nan,nan,nan,nan,nan,nan,nan,nan,nan,nan,0.0,0.0,0.0,-1.0279243828923252,-0.897894083129595,0.0003846964719425775,-0.00044015854778401694,nan,nan,nan,nan,nan,nan,nan,nan,nan,nan,nan,nan,nan,nan,nan,nan,nan,nan,nan,nan,nan,nan,nan,nan,nan,nan,nan,nan,nan,nan,nan,nan,nan,nan,nan,nan,nan,nan,nan,nan,nan,nan,nan,nan,nan,nan,nan,nan,nan,0.009547675640767259
1791062924.6967711,2.9915404127591136,2.204112915276955,0.4505252971380404,2.082779418079577e-10,2.1376005264900884e-09,0.0,0.0,0.0,0.0,-2.2423838921039208,0.7907007774592663,-0.14262463242341705,0.008430741744170654,0.0,0.0,0.0,0.030908082935392607,0.8857923861470894,0.03231254753789276,0.1626013090341727,nan,nan,nan,nan,nan,nan,nan,0.0,0.0,0.0,-2.2186028531732807,0.7433666526069904,-0.14446155249453108,0.010196288057886423,0.0,0.0,0.0,0.7972856478458471,-0.7064595820015832,0.09175019417768415,-0.15637494600227114,nan,nan,nan,nan,nan,nan,nan,nan,nan,nan,nan,nan,nan,nan,0.0,0.0,0.0,-1.0279072257534847,-0.8979089421821044,0.0006008575244924422,-0.0001266121617167916,nan,nan,nan,nan,nan,nan,nan,nan,nan,nan,nan,nan,nan,nan,nan,nan,nan,nan,nan,nan,nan,nan,nan,nan,nan,nan,nan,nan,nan,nan,nan,nan,nan,nan,nan,nan,nan,nan,nan,nan,nan,nan,nan,nan,nan,nan,nan,nan,nan,0.0018369922075976023
1791062924.7949655,2.991576722045828,2.204095559706965,0.4506844441607779,1.8847318454576917e-10,1.9343401179073247e-09,0.0,0.0,0.0,0.0,-2.252463488411511,0.7913641695236608,-0.010407196090950407,0.0019327380398524692,0.0,0.0,0.0,0.033948324552285816,0.9011406335589303,0.03244098347371291,0.16145810205770655,nan,nan,nan,nan,nan,nan,nan,0.0,0.0,0.0,-2.228691452203066,0.7435607492155085,-0.008032054335013403,-0.0033695295314159447,0.0,0.0,0.0,0.8049019373308522,-0.7200713820629566,0.08515953089903289,-0.1519485232839137,nan,nan,nan,nan,nan,nan,nan,nan,nan,nan,nan,nan,nan,nan,0.0,0.0,0.0,-1.0279061461484615,-0.8979138852305654,0.00047021747261070295,2.3421212181797622e-05,nan,nan,nan,nan,nan,nan,nan,nan,nan,nan,nan,nan,nan,nan,nan,nan,nan,nan,nan,nan,nan,nan,nan,nan,nan,nan,nan,nan,nan,nan,nan,nan,nan,nan,nan,nan,nan,nan,nan,nan,nan,nan,nan,nan,nan,nan,nan,nan,nan,0.007310503514630144
1791062924.8957171,2.9916154785708056,2.2039933115231314,0.4513770170141916,1.7053758972945567e-10,1.7502633184658594e-09,0.0,0.0,0.0,0.0,-2.2526735335126897,0.7913520886875026,-0.00820234556046874,0.0008959696915061035,0.0,0.0,0.0,0.03716705684067948,0.9180387665138072,0.0332051492467957,0.1748948116901217,nan,nan,nan,nan,nan,nan,nan,0.0,0.0,0.0,-2.2289464783298065,0.7440516289946483,-0.010216710303981592,0.005975209887900613,0.0,0.0,0.0,0.8134583074865143,-0.735572163826436,0.08505383178756806,-0.14955756190301248,nan,nan,nan,nan,nan,nan,nan,nan,nan,nan,nan,nan,nan,nan,0.0,0.0,0.0,-1.0279394489389202,-0.8979149869854207,-0.0010042512614174927,0.00034147025728605365,nan,nan,nan,nan,nan,nan,nan,nan,nan,nan,nan,nan,nan,nan,nan,nan,nan,nan,nan,nan,nan,nan,nan,nan,nan,nan,nan,nan,nan,nan,nan,nan,nan,nan,nan,nan,nan,nan,nan,nan,nan,nan,nan,nan,nan,nan,nan,nan,nan,0.00754412085070081
1791062924.9948466,2.9915595111701974,2.2040168730717173,0.45139148317112704,1.5444750982250717e-10,1.585127428501699e-09,0.0,0.0,0.0,0.0,-2.252679468392341,0.7913467148713033,-0.0019259111882720878,-9.929878529305926e-05,0.0,0.0,0.0,0.04057817004445513,0.9354361213071685,0.03153265964165876,0.17728378352359042,nan,nan,nan,nan,nan,nan,nan,0.0,0.0,0.0,-2.228910663642107,0.7440172974242011,-0.0015503155351299907,0.000227133789341068,0.0,0.0,0.0,0.8218886414197859,-0.7506579336758964,0.0907459927560713,-0.15835044809648566,nan,nan,nan,nan,nan,nan,nan,nan,nan,nan,nan,nan,nan,nan,0.0,0.0,0.0,-1.0279416425639982,-0.8979111282673922,-0.00023623238898157968,0.00019616310685451285,nan,nan,nan,nan,nan,nan,nan,nan,nan,nan,nan,nan,nan,nan,nan,nan,nan,nan,nan,nan,nan,nan,nan,nan,nan,nan,nan,nan,nan,nan,nan,nan,nan,nan,nan,nan,nan,nan,nan,nan,nan,nan,nan,nan,nan,nan,nan,nan,nan,0.003887599747519301
1791062925.0966244,2.9915692711367456,2.203994007217418,0.4511709290673716,1.3974988605580952e-10,1.4342826101348327e-09,0.0,0.0,0.0,0.0,-2.2527482330053834,0.7913748119046515,-0.0003457772695177265,-0.0011892218331980722,0.0,0.0,0.0,0.044258316818375706,0.9544927061423579,0.03227074759668812,0.18002662077487636,nan,nan,nan,nan,nan,nan,nan,0.0,0.0,0.0,-2.2289495052315234,0.7440414530506185,0.0011804681935728436,-0.0008509858554548628,0.0,0.0,0.0,0.8309514972739716,-0.7674937111394199,0.07776312264061194,-0.1554377004601806,nan,nan,nan,nan,nan,nan,nan,nan,nan,nan,nan,nan,nan,nan,0.0,0.0,0.0,-1.027965215176785,-0.8979210850940762,-0.0006822269264223655,0.000614662217640137,nan,nan,nan,nan,nan,nan,nan,nan,nan,nan,nan,nan,nan,nan,nan,nan,nan,nan,nan,nan,nan,nan,nan,nan,nan,nan,nan,nan,nan,nan,nan,nan,nan,nan,nan,nan,nan,nan,nan,nan,nan,nan,nan,nan,nan,nan,nan,nan,nan,0.0011282552686325265
1791062925.1949983,2.991579273345404,2.2039934168391926,0.4513931669292848,1.264509261111162e-10,1.297792574114797e-09,0.0,0.0,0.0,0.0,-2.2527395821306975,0.791369093504666,0.0010532245575261185,-0.0011069058589336018,0.0,0.0,0.0,0.04733122597010898,0.9700221895375468,0.03579691286883116,0.18275500632873004,nan,nan,nan,nan,nan,nan,nan,0.0,0.0,0.0,-2.228954137549552,0.7440518857434361,-0.0013353882256587487,0.004202723819334703,0.0,0.0,0.0,0.8387425916626634,-0.7814232565332395,0.08870406958951194,-0.1547355028165449,nan,nan,nan,nan,nan,nan,nan,nan,nan,nan,nan,nan,nan,nan,0.0,0.0,0.0,-1.0279494144585506,-0.8979201597759368,-0.00047904498458314774,0.000311771766045168,nan,nan,nan,nan,nan,nan,nan,nan,nan,nan,nan,nan,nan,nan,nan,nan,nan,nan,nan,nan,nan,nan,nan,nan,nan,nan,nan,nan,nan,nan,nan,nan,nan,nan,nan,nan,nan,nan,nan,nan,nan,nan,nan,nan,nan,nan,nan,nan,nan,0.0013671284914482987
1791062925.2980785,2.99162552800607,2.203995206424544,0.45143677891786577,1.1441752950886305e-10,1.1742912820953192e-09,0.0,0.0,0.0,0.0,-2.252778502225216,0.7914411566072779,-0.0014942379015236503,0.005761445937109046,0.0,0.0,0.0,0.05042729892402663,0.9887253489480592,0.01640420581663397,0.14279062633728706,nan,nan,nan,nan,nan,nan,nan,0.0,0.0,0.0,-2.2289441583628786,0.7440150809264819,0.0005009264393483724,-0.0029023399470391132,0.0,0.0,0.0,0.8481625367342646,-0.7983044952745154,0.08528066560615688,-0.15530755678026745,nan,nan,nan,nan,nan,nan,nan,nan,nan,nan,nan,nan,nan,nan,0.0,0.0,0.0,-1.0279517451338185,-0.8979252193992608,0.0011520570941335087,-0.00040078131757695324,nan,nan,nan,nan,nan,nan,nan,nan,nan,nan,nan,nan,nan,nan,nan,nan,nan,nan,nan,nan,nan,nan,nan,nan,nan,nan,nan,nan,nan,nan,nan,nan,nan,nan,nan,nan,nan,nan,nan,nan,nan,nan,nan,nan,nan,nan,nan,nan,nan,0.0015335594065495797
1791062925.398123,2.9915486113542924,2.2040691147375657,0.45070607855611944,1.036267316795884e-10,1.0635430438475362e-09,0.0,0.0,0.0,0.0,-2.2527460875215826,0.7913833973361538,0.0003972400864609073,0.001636969608304987,0.0,0.0,0.0,0.053749147308460185,1.0071130083740876,0.027129519657893404,0.1855743605358008,nan,nan,nan,nan,nan,nan,nan,0.0,0.0,0.0,-2.228943140875572,0.7440247296982209,0.0014228744350158317,-0.0004305073078986483,0.0,0.0,0.0,0.857143572507847,-0.8143795749936034,0.0900892850619856,-0.17069984022119622,nan,nan,nan,nan,nan,nan,nan,nan,nan,nan,nan,nan,nan,nan,0.0,0.0,0.0,-1.0279320595421624,-0.8979165979951732,0.0001419802200979105,0.00026190294379868027,nan,nan,nan,nan,nan,nan,nan,nan,nan,nan,nan,nan,nan,nan,nan,nan,nan,nan,nan,nan,nan,nan,nan,nan,nan,nan,nan,nan,nan,nan,nan,nan,nan,nan,nan,nan,nan,nan,nan,nan,nan,nan,nan,nan,nan,nan,nan,nan,nan,0.004845276086691574
1791062925.498874,2.991570325915066,2.204006733976991,0.45133710999456156,9.376534434739919e-11,9.623335419183935e-10,0.0,0.0,0.0,0.0,-2.252733901499101,0.7913732381048806,0.0012026770914439402,-0.005164463056564674,0.0,0.0,0.0,0.056966896965307094,1.0232227986422235,0.034729955628338596,0.1640347441551028,nan,nan,nan,nan,nan,nan,nan,0.0,0.0,0.0,-2.2289357429920424,0.7439905528318839,0.0015237680436197255,-0.0012738747071885735,0.0,0.0,0.0,0.8661364594691572,-0.830101062268728,0.08979627798607123,-0.159878815037524,nan,nan,nan,nan,nan,nan,nan,nan,nan,nan,nan,nan,nan,nan,0.0,0.0,0.0,-1.0279065170257515,-0.8979126885028602,4.117416971853875e-05,-0.0002471291904265758,nan,nan,nan,nan,nan,nan,nan,nan,nan,nan,nan,nan,nan,nan,nan,nan,nan,nan,nan,nan,nan,nan,nan,nan,nan,nan,nan,nan,nan,nan,nan,nan,nan,nan,nan,nan,nan,nan,nan,nan,nan,nan,nan,nan,nan,nan,nan,nan,nan,0.004578090381119126
1791062925.5984962,2.991548958421741,2.2040016890479963,0.4514054630640415,8.48423920940673e-11,8.707553974975356e-10,0.0,0.0,0.0,0.0,-2.252761820654603,0.7913508596926441,-0.0014955887761164846,-0.00043037789344762986,0.0,0.0,0.0,0.060233563377007186,1.0411395427019416,0.039368028751494664,0.17191985810558874,nan,nan,nan,nan,nan,nan,nan,0.0,0.0,0.0,-2.2289521619856556,0.7440220550371661,0.0006572551861173659,0.0009304553507349011,0.0,0.0,0.0,0.8750990987495973,-0.8461867987152468,0.08936699992562142,-0.15873346929497778,nan,nan,nan,nan,nan,nan,nan,nan,nan,nan,nan,nan,nan,nan,0.0,0.0,0.0,-1.0279243738118253,-0.8979011227321745,0.00011238704172022766,0.000715460122939496,nan,nan,nan,nan,nan,nan,nan,nan,nan,nan,nan,nan,nan,nan,nan,nan,nan,nan,nan,nan,nan,nan,nan,nan,nan,nan,nan,nan,nan,nan,nan,nan,nan,nan,nan,nan,nan,nan,nan,nan,nan,nan,nan,nan,nan,nan,nan,nan,nan,0.0020652497406311835
1791062925.696716,2.991605836761514,2.204003993727213,0.4513103620175501,7.683231261306914e-11,7.885462592317237e-10,0.0,0.0,0.0,0.0,-2.2527511520683166,0.7913853411135222,-0.0003132539880382652,0.000734956785722149,0.0,0.0,0.0,0.06323883090666342,1.0576561968958682,0.033830766777210655,0.1597949458220995,nan,nan,nan,nan,nan,nan,nan,0.0,0.0,0.0,-2.228961365951054,0.7439917280161051,-0.0011116910092656656,-0.0018025251524394397,0.0,0.0,0.0,0.8832331856398603,-0.8602291392419912,0.09812987607452885,-0.15801735988526233,nan,nan,nan,nan,nan,nan,nan,nan,nan,nan,nan,nan,nan,nan,0.0,0.0,0.0,-1.0279299581199353,-0.8979176211677297,-0.0001905483037827039,-0.0007480728186409595,nan,nan,nan,nan,nan,nan,nan,nan,nan,nan,nan,nan,nan,nan,nan,nan,nan,nan,nan,nan,nan,nan,nan,nan,nan,nan,nan,nan,nan,nan,nan,nan,nan,nan,nan,nan,nan,nan,nan,nan,nan,nan,nan,nan,nan,nan,nan,nan,nan,0.004850811532750078
1791062925.7964582,2.991616939632091,2.204106516486352,0.45084673549850535,6.952075137761465e-11,7.135061613187967e-10,0.0,0.0,0.0,0.0,-2.2527631374115837,0.7913910243009838,0.0016593851558297063,-0.003912001958958776,0.0,0.0,0.0,0.06598220238889885,1.0726929436268309,0.027689021465945363,0.1508889596945449,nan,nan,nan,nan,nan,nan,nan,0.0,0.0,0.0,-2.2289908195876618,0.7440449726683895,-0.0013680769213669,0.001203793644743535,0.0,0.0,0.0,0.8917054212286014,-0.875839093133008,0.07645202365827007,-0.14975727166702787,nan,nan,nan,nan,nan,nan,nan,nan,nan,nan,nan,nan,nan,nan,0.0,0.0,0.0,-1.027943190116675,-0.8979065752219139,-0.0009191688035894039,-0.0003767768760330881,nan,nan,nan,nan,nan,nan,nan,nan,nan,nan,nan,nan,nan,nan,nan,nan,nan,nan,nan,nan,nan,nan,nan,nan,nan,nan,nan,nan,nan,nan,nan,nan,nan,nan,nan,nan,nan,nan,nan,nan,nan,nan,nan,nan,nan,nan,nan,nan,nan,0.006822262296073034
1791062925.8985171,2.991686008308629,2.2040545041201716,0.4513373269366552,6.290497718646042e-11,6.456070728632832e-10,0.0,0.0,0.0,0.0,-2.2527613374007025,0.7914050839995931,0.00019739427824636786,0.002289285779215801,0.0,0.0,0.0,0.06917134085090108,1.0901650742318922,0.027749480557683667,0.16905255178831508,nan,nan,nan,nan,nan,nan,nan,0.0,0.0,0.0,-2.228916215552086,0.7439861225548944,0.004468358350496802,-0.0006471512742268064,0.0,0.0,0.0,0.9012623754655793,-0.8928484842039714,0.09286242905226497,-0.15841568605755058,nan,nan,nan,nan,nan,nan,nan,nan,nan,nan,nan,nan,nan,nan,0.0,0.0,0.0,-1.0279309513701473,-0.8979070420074151,0.0005201122136176137,-0.00023872786549818052,nan,nan,nan,nan,nan,nan,nan,nan,nan,nan,nan,nan,nan,nan,nan,nan,nan,nan,nan,nan,nan,nan,nan,nan,nan,nan,nan,nan,nan,nan,nan,nan,nan,nan,nan,nan,nan,nan,nan,nan,nan,nan,nan,nan,nan,nan,nan,nan,nan,0.0037329041516108033
1791062925.9971573,2.9915990840288256,2.204119683106058,0.4504294121183679,5.701416656988297e-11,5.851484387604938e-10,0.0,0.0,0.0,0.0,-2.2527581132986754,0.7913606323831655,9.975025427414388e-05,0.0011308999601542745,0.0,0.0,0.0,0.07223750233600508,1.1061446072902479,0.034907031772639235,0.17314265251865152,nan,nan,nan,nan,nan,nan,nan,0.0,0.0,0.0,-2.228935666774418,0.7439372690001441,0.0018345019537875699,-0.004029744209138441,0.0,0.0,0.0,0.9096070364635368,-0.9079893063425467,0.07704748329588491,-0.14801209594568285,nan,nan,nan,nan,nan,nan,nan,nan,nan,nan,nan,nan,nan,nan,0.0,0.0,0.0,-1.0279399359592918,-0.8979052827196331,5.641359324331678e-06,5.321686811751204e-05,nan,nan,nan,nan,nan,nan,nan,nan,nan,nan,nan,nan,nan,nan,nan,nan,nan,nan,nan,nan,nan,nan,nan,nan,nan,nan,nan,nan,nan,nan,nan,nan,nan,nan,nan,nan,nan,nan,nan,nan,nan,nan,nan,nan,nan,nan,nan,nan,nan,0.005642729817809819
1791062926.0985627,2.9916211761172202,2.204063373063429,0.4514009544165654,5.158855127878221e-11,5.294642025801527e-10,0.0,0.0,0.0,0.0,-2.2527499243473934,0.7913813019994185,0.0006540285658230083,-0.001361252366493106,0.0,0.0,0.0,0.0754676952995157,1.123076944424739,0.02773708098709393,0.15769344393173232,nan,nan,nan,nan,nan,nan,nan,0.0,0.0,0.0,-2.228929711488791,0.7438991537519567,0.0015857143274385652,-0.0037414392364231745,0.0,0.0,0.0,0.9180620504164578,-0.9230110413443618,0.08649761941432843,-0.14692637859529123,nan,nan,nan,nan,nan,nan,nan,nan,nan,nan,nan,nan,nan,nan,0.0,0.0,0.0,-1.0279367154079828,-0.8979132590209971,0.00019789740950481297,-0.00041842979426279003,nan,nan,nan,nan,nan,nan,nan,nan,nan,nan,nan,nan,nan,nan,nan,nan,nan,nan,nan,nan,nan,nan,nan,nan,nan,nan,nan,nan,nan,nan,nan,nan,nan,nan,nan,nan,nan,nan,nan,nan,nan,nan,nan,nan,nan,nan,nan,nan,nan,0.007370138511179497
1791062926.1952922,2.9917094452917055,2.204137322468487,0.45026601269014943,4.668092003258579e-11,4.790961461041506e-10,0.0,0.0,0.0,0.0,-2.2527464369269063,0.7913867082619418,0.0014199742015519052,-0.004663098322826996,0.0,0.0,0.0,0.07838714456753984,1.1385966495674336,0.029110190798468976,0.17203592422835562,nan,nan,nan,nan,nan,nan,nan,0.0,0.0,0.0,-2.2289327195146416,0.7439148136019038,0.0018240010252377177,-0.0016308462720287832,0.0,0.0,0.0,0.9255234507943417,-0.9361033912174528,0.0883074739387717,-0.15506165867973332,nan,nan,nan,nan,nan,nan,nan,nan,nan,nan,nan,nan,nan,nan,0.0,0.0,0.0,-1.027940114677274,-0.8979075495296251,-0.0003098914097341306,2.1541714358798097e-05,nan,nan,nan,nan,nan,nan,nan,nan,nan,nan,nan,nan,nan,nan,nan,nan,nan,nan,nan,nan,nan,nan,nan,nan,nan,nan,nan,nan,nan,nan,nan,nan,nan,nan,nan,nan,nan,nan,nan,nan,nan,nan,nan,nan,nan,nan,nan,nan,nan,0.008850997120198002
1791062926.2979488,2.99155085351004,2.204103267913336,0.45068576318586173,4.223864316055593e-11,4.3350411990090837e-10,0.0,0.0,0.0,0.0,-2.2527420907986064,0.7914046009205288,-0.00012034907941859976,0.0031780850386811453,0.0,0.0,0.0,0.08175037300153602,1.156515001752622,0.03376848590209702,0.17107513542145344,nan,nan,nan,nan,nan,nan,nan,0.0,0.0,0.0,-2.2289802218052435,0.7440148284132894,-0.0008028976048024002,0.001698087369325559,0.0,0.0,0.0,0.9343830556287136,-0.9520818484595072,0.07583927376969582,-0.14593558029442685,nan,nan,nan,nan,nan,nan,nan,nan,nan,nan,nan,nan,nan,nan,0.0,0.0,0.0,-1.0279467300529734,-0.8979116546672217,-0.000625745639186951,9.536231849983648e-05,nan,nan,nan,nan,nan,nan,nan,nan,nan,nan,nan,nan,nan,nan,nan,nan,nan,nan,nan,nan,nan,nan,nan,nan,nan,nan,nan,nan,nan,nan,nan,nan,nan,nan,nan,nan,nan,nan,nan,nan,nan,nan,nan,nan,nan,nan,nan,nan,nan,0.004092711897903258
1791062926.3982449,2.9915395173044685,2.2041109405994592,0.45053500081711867,3.821951358022146e-11,3.92254943764549e-10,0.0,0.0,0.0,0.0,-2.252764612360742,0.7914519812098938,-0.0015820180294525814,0.004945738551953561,0.0,0.0,0.0,0.08508088182449676,1.173340405724735,0.03183006606492478,0.16015905991499652,nan,nan,nan,nan,nan,nan,nan,0.0,0.0,0.0,-2.2289297068323233,0.7439842728109515,0.0004963988101601709,-0.0018890647785486372,0.0,0.0,0.0,0.9428692806846716,-0.967030467820148,0.0827775368651881,-0.14884388502603685,nan,nan,nan,nan,nan,nan,nan,nan,nan,nan,nan,nan,nan,nan,0.0,0.0,0.0,-1.0279236560095433,-0.8979165537988507,-3.4591543580696935e-05,-3.8462982674334915e-05,nan,nan,nan,nan,nan,nan,nan,nan,nan,nan,nan,nan,nan,nan,nan,nan,nan,nan,nan,nan,nan,nan,nan,nan,nan,nan,nan,nan,nan,nan,nan,nan,nan,nan,nan,nan,nan,nan,nan,nan,nan,nan,nan,nan,nan,nan,nan,nan,nan,0.003461019227513939
1791062926.4985683,2.991603820866978,2.2040331554219366,0.451158767446204,3.458244599202628e-11,3.549269505842889e-10,0.0,0.0,0.0,0.0,-2.2527550017446063,0.791377680252042,-0.0004091008002464776,-0.000628712485282349,0.0,0.0,0.0,0.08839744047806343,1.1904695202304256,0.03454012787674342,0.17358525209916303,nan,nan,nan,nan,nan,nan,nan,0.0,0.0,0.0,-2.228998817389789,0.7440577015676854,-0.0020670189317986594,0.0020817496231462576,0.0,0.0,0.0,0.9512966851563799,-0.9817884300634646,0.07858574398715468,-0.16451212257896786,nan,nan,nan,nan,nan,nan,nan,nan,nan,nan,nan,nan,nan,nan,0.0,0.0,0.0,-1.027936817690625,-0.8979234872626856,0.00020581573840962496,-0.00040915044644889266,nan,nan,nan,nan,nan,nan,nan,nan,nan,nan,nan,nan,nan,nan,nan,nan,nan,nan,nan,nan,nan,nan,nan,nan,nan,nan,nan,nan,nan,nan,nan,nan,nan,nan,nan,nan,nan,nan,nan,nan,nan,nan,nan,nan,nan,nan,nan,nan,nan,0.003952203310147454
1791062926.5975497,2.9915743529328718,2.204012579520439,0.4512591277524511,3.129509031259371e-11,3.211881246187697e-10,0.0,0.0,0.0,0.0,-2.252750081611384,0.7913894798839873,-0.0005201163979715561,-0.0005342174267721829,0.0,0.0,0.0,0.09146180749227115,1.2070946379630014,0.03401005700712298,0.16923445490950317,nan,nan,nan,nan,nan,nan,nan,0.0,0.0,0.0,-2.228939042881675,0.7439828058736889,0.002034748574853637,0.0008955193148937196,0.0,0.0,0.0,0.9597682223154709,-0.9968134265602913,0.0846363806367453,-0.15074059000724438,nan,nan,nan,nan,nan,nan,nan,nan,nan,nan,nan,nan,nan,nan,0.0,0.0,0.0,-1.0279297335456323,-0.8979151968736941,0.0014366698549247965,0.00010115190145906543,nan,nan,nan,nan,nan,nan,nan,nan,nan,nan,nan,nan,nan,nan,nan,nan,nan,nan,nan,nan,nan,nan,nan,nan,nan,nan,nan,nan,nan,nan,nan,nan,nan,nan,nan,nan,nan,nan,nan,nan,nan,nan,nan,nan,nan,nan,nan,nan,nan,0.005879232227673033
1791062926.698445,2.9915371271448263,2.204018086151727,0.4511175951584532,2.831696872015988e-11,2.9062303343015094e-10,0.0,0.0,0.0,0.0,-2.2527396630931324,0.7913937174025027,0.00010753231534779052,0.0009731208468608871,0.0,0.0,0.0,0.09462348384062479,1.224291239398475,0.02979725827424272,0.17043037979992087,nan,nan,nan,nan,nan,nan,nan,0.0,0.0,0.0,-2.2289818901192047,0.7439887098974842,-0.000631528289550987,-0.0025416143936819856,0.0,0.0,0.0,0.9687893096776365,-1.0122844636306927,0.0939362626293668,-0.15152395977492839,nan,nan,nan,nan,nan,nan,nan,nan,nan,nan,nan,nan,nan,nan,0.0,0.0,0.0,-1.0279379823760335,-0.8979188866248664,0.000953394251721148,-2.378640469123715e-05,nan,nan,nan,nan,nan,nan,nan,nan,nan,nan,nan,nan,nan,nan,nan,nan,nan,nan,nan,nan,nan,nan,nan,nan,nan,nan,nan,nan,nan,nan,nan,nan,nan,nan,nan,nan,nan,nan,nan,nan,nan,nan,nan,nan,nan,nan,nan,nan,nan,0.0015357307649714249
1791062926.7968507,2.9915498731009,2.204029474366198,0.4513470532230878,2.562225286743569e-11,2.6296659523260226e-10,0.0,0.0,0.0,0.0,-2.2527212634120013,0.7913944187250672,0.00202644941460133,-0.0037455164043481027,0.0,0.0,0.0,0.09731286689101817,1.2398396639653841,0.030433420579986666,0.17816218015121535,nan,nan,nan,nan,nan,nan,nan,0.0,0.0,0.0,-2.2289713401961087,0.7440085794697118,0.0012683823233128348,-0.001572688333966488,0.0,0.0,0.0,0.9763639611892129,-1.0260401020442071,0.07517472292581477,-0.1632358830613147,nan,nan,nan,nan,nan,nan,nan,nan,nan,nan,nan,nan,nan,nan,0.0,0.0,0.0,-1.0279486095602244,-0.8979163073715274,-0.00021997221964192826,-0.0004358945434824406,nan,nan,nan,nan,nan,nan,nan,nan,nan,nan,nan,nan,nan,nan,nan,nan,nan,nan,nan,nan,nan,nan,nan,nan,nan,nan,nan,nan,nan,nan,nan,nan,nan,nan,nan,nan,nan,nan,nan,nan,nan,nan,nan,nan,nan,nan,nan,nan,nan,0.0021650555107265994
1791062926.8981214,2.9915132033317,2.204002474392535,0.45144172632392726,2.318406811742679e-11,2.379429899479643e-10,0.0,0.0,0.0,0.0,-2.252738296754157,0.7913864513305635,0.0002387815990258654,-0.0005456865821372292,0.0,0.0,0.0,0.10077423457931664,1.2582150255345559,0.03365264065641225,0.153089345014228,nan,nan,nan,nan,nan,nan,nan,0.0,0.0,0.0,-2.2289828204260385,0.7440077871248842,-0.001448458906653701,0.0024854397392720185,0.0,0.0,0.0,0.9858446093463935,-1.0429537160307063,0.08645672008810018,-0.1599076763080846,nan,nan,nan,nan,nan,nan,nan,nan,nan,nan,nan,nan,nan,nan,0.0,0.0,0.0,-1.0279395937009674,-0.8979253993678957,0.00033593244726065494,-0.0005643859807633009,nan,nan,nan,nan,nan,nan,nan,nan,nan,nan,nan,nan,nan,nan,nan,nan,nan,nan,nan,nan,nan,nan,nan,nan,nan,nan,nan,nan,nan,nan,nan,nan,nan,nan,nan,nan,nan,nan,nan,nan,nan,nan,nan,nan,nan,nan,nan,nan,nan,0.00898077229519629
1791062926.9977467,2.9916087460196774,2.2040420835372463,0.4513150922665163,2.097980480069485e-11,2.1532016976130465e-10,0.0,0.0,0.0,0.0,-2.252759793979877,0.7914021456748526,-8.499630607563132e-05,0.0009452815592225783,0.0,0.0,0.0,0.10387710511799667,1.2756960958922807,0.029792647489347075,0.16642192012278975,nan,nan,nan,nan,nan,nan,nan,0.0,0.0,0.0,-2.2289377839381466,0.7439685231107375,0.0034882883677766706,-0.004014607888809403,0.0,0.0,0.0,0.9947758887683522,-1.0582956938541024,0.09608344498709256,-0.16145995014122588,nan,nan,nan,nan,nan,nan,nan,nan,nan,nan,nan,nan,nan,nan,0.0,0.0,0.0,-1.027926479507506,-0.8979228700414593,0.0004155608963862604,0.00016186421350303,nan,nan,nan,nan,nan,nan,nan,nan,nan,nan,nan,nan,nan,nan,nan,nan,nan,nan,nan,nan,nan,nan,nan,nan,nan,nan,nan,nan,nan,nan,nan,nan,nan,nan,nan,nan,nan,nan,nan,nan,nan,nan,nan,nan,nan,nan,nan,nan,nan,0.0010910728404536698
1791062927.0990767,2.9915378916452684,2.2041175252297984,0.4505928662236926,1.898331240978288e-11,1.9482974648891646e-10,0.0,0.0,0.0,0.0,-2.2527455586186678,0.7913769527874137,-0.0012612909318811857,-0.001497882134796051,0.0,0.0,0.0,0.10686143941076463,1.2912985192496882,0.032287020409213524,0.16442113260385216,nan,nan,nan,nan,nan,nan,nan,0.0,0.0,0.0,-2.228995802045576,0.7440788947765989,-0.0035179799250338027,0.004563413627502461,0.0,0.0,0.0,1.0033743488951954,-1.0738900058719105,0.08552404716613489,-0.15129077923484976,nan,nan,nan,nan,nan,nan,nan,nan,nan,nan,nan,nan,nan,nan,0.0,0.0,0.0,-1.0279398314682815,-0.8979189727236175,-0.000359513743164963,-0.00014719677064485104,nan,nan,nan,nan,nan,nan,nan,nan,nan,nan,nan,nan,nan,nan,nan,nan,nan,nan,nan,nan,nan,nan,nan,nan,nan,nan,nan,nan,nan,nan,nan,nan,nan,nan,nan,nan,nan,nan,nan,nan,nan,nan,nan,nan,nan,nan,nan,nan,nan,0.0068689336947948204
1791062927.197665,2.9916112718462107,2.204013028704842,0.45115060889547776,1.717681138937391e-11,1.762892447977116e-10,0.0,0.0,0.0,0.0,-2.2527320521792884,0.791384264336302,0.0007287837933068254,0.0011250130140025324,0.0,0.0,0.0,0.11013762633442004,1.307963870990313,0.029554313637652915,0.1544978557270255,nan,nan,nan,nan,nan,nan,nan,0.0,0.0,0.0,-2.228980098369758,0.7440098351918694,-0.0008173753729762759,0.0018231719606467134,0.0,0.0,0.0,1.012482789760287,-1.089743645128731,0.08784770048173751,-0.15456697516800527,nan,nan,nan,nan,nan,nan,nan,nan,nan,nan,nan,nan,nan,nan,0.0,0.0,0.0,-1.027957534795035,-0.8979253502098249,-0.0009043941717174665,-0.0008762896473446402,nan,nan,nan,nan,nan,nan,nan,nan,nan,nan,nan,nan,nan,nan,nan,nan,nan,nan,nan,nan,nan,nan,nan,nan,nan,nan,nan,nan,nan,nan,nan,nan,nan,nan,nan,nan,nan,nan,nan,nan,nan,nan,nan,nan,nan,nan,nan,nan,nan,0.005115545491142347
1791062927.2984934,2.99163354889736,2.204036291572308,0.4512864044116185,1.5542352598291216e-11,1.595144488590894e-10,0.0,0.0,0.0,0.0,-2.252739137629541,0.7913788140230704,-0.0002612311680381677,0.0002713151290588238,0.0,0.0,0.0,0.1133451883465455,1.3244998146528306,0.03191551080036762,0.16798919650313315,nan,nan,nan,nan,nan,nan,nan,0.0,0.0,0.0,-2.228982720698251,0.7439901328799425,-0.0007754032191117543,-0.0011455318276426994,0.0,0.0,0.0,1.0206626704518869,-1.104962910704586,0.07773978982897972,-0.14231457675514175,nan,nan,nan,nan,nan,nan,nan,nan,nan,nan,nan,nan,nan,nan,0.0,0.0,0.0,-1.0279479371183635,-0.8979115021938944,-0.0007289993685468635,0.00020620578910115337,nan,nan,nan,nan,nan,nan,nan,nan,nan,nan,nan,nan,nan,nan,nan,nan,nan,nan,nan,nan,nan,nan,nan,nan,nan,nan,nan,nan,nan,nan,nan,nan,nan,nan,nan,nan,nan,nan,nan,nan,nan,nan,nan,nan,nan,nan,nan,nan,nan,0.001815892635791774
1791062927.3981628,2.9916600857865236,2.2040441407576465,0.45125590890972467,1.406431467917419e-11,1.443450333816212e-10,0.0,0.0,0.0,0.0,-2.2527537260479416,0.7913767731228859,-0.0005537821089350815,-0.001064485950149172,0.0,0.0,0.0,0.11649798897543287,1.3406776824619147,0.03369183889428112,0.1699395003661648,nan,nan,nan,nan,nan,nan,nan,0.0,0.0,0.0,-2.2289653583958673,0.7439976762670425,0.0010180922024108658,-0.004461881457135065,0.0,0.0,0.0,1.0290247087934938,-1.1198788049907389,0.0818943150361201,-0.13988789806807175,nan,nan,nan,nan,nan,nan,nan,nan,nan,nan,nan,nan,nan,nan,0.0,0.0,0.0,-1.027931709691234,-0.897914415086544,0.00040815169179889117,-0.0001860261923312573,nan,nan,nan,nan,nan,nan,nan,nan,nan,nan,nan,nan,nan,nan,nan,nan,nan,nan,nan,nan,nan,nan,nan,nan,nan,nan,nan,nan,nan,nan,nan,nan,nan,nan,nan,nan,nan,nan,nan,nan,nan,nan,nan,nan,nan,nan,nan,nan,nan,0.003944295331993009
1791062927.4982448,2.991513204754416,2.2040960406922006,0.4509551395340782,1.2726071200248012e-11,1.3061035778279004e-10,0.0,0.0,0.0,0.0,-2.2527387934348804,0.7913867223613731,-0.0011143339936782188,-0.00012449290258329402,0.0,0.0,0.0,0.11979309444722107,1.35737479037678,0.03403454591077691,0.15819720990474737,nan,nan,nan,nan,nan,nan,nan,0.0,0.0,0.0,-2.2289539752312235,0.743994670558958,-0.0001103041153699434,-0.0017915805507850023,0.0,0.0,0.0,1.037343013747225,-1.1346369492753983,0.08727448897300484,-0.15520202740477393,nan,nan,nan,nan,nan,nan,nan,nan,nan,nan,nan,nan,nan,nan,0.0,0.0,0.0,-1.0279375527289598,-0.8979220215984843,-0.000247210909696151,-0.00082025926113843,nan,nan,nan,nan,nan,nan,nan,nan,nan,nan,nan,nan,nan,nan,nan,nan,nan,nan,nan,nan,nan,nan,nan,nan,nan,nan,nan,nan,nan,nan,nan,nan,nan,nan,nan,nan,nan,nan,nan,nan,nan,nan,nan,nan,nan,nan,nan,nan,nan,0.008260491719103676
1791062927.5985467,2.991635695825641,2.204029954559707,0.45112305883902415,1.1515025408408344e-11,1.1818113892375692e-10,0.0,0.0,0.0,0.0,-2.2527266817782947,0.7913750801705564,0.0024531306897695457,-0.004247502262067246,0.0,0.0,0.0,0.12319745740274578,1.3742302074152073,0.03486775815293795,0.17240672294028064,nan,nan,nan,nan,nan,nan,nan,0.0,0.0,0.0,-2.228987556224044,0.744050323435082,-0.0014006379416656512,0.0024478852966448236,0.0,0.0,0.0,1.0454369629500577,-1.1493901657900494,0.07929363867786046,-0.15069374884160214,nan,nan,nan,nan,nan,nan,nan,nan,nan,nan,nan,nan,nan,nan,0.0,0.0,0.0,-1.0279315711321622,-0.897917342515323,-6.778483850953341e-05,-0.00020945649880951472,nan,nan,nan,nan,nan,nan,nan,nan,nan,nan,nan,nan,nan,nan,nan,nan,nan,nan,nan,nan,nan,nan,nan,nan,nan,nan,nan,nan,nan,nan,nan,nan,nan,nan,nan,nan,nan,nan,nan,nan,nan,nan,nan,nan,nan,nan,nan,nan,nan,0.003909735742656225
1791062927.6987257,2.9916623479154008,2.204022253404406,0.45148939984796566,1.0420632144736759e-11,1.0694914961032013e-10,0.0,0.0,0.0,0.0,-2.252729525180725,0.7914042375716522,2.5375294625861963e-05,4.8274939452563735e-05,0.0,0.0,0.0,0.12641381838005902,1.3908135185010528,0.030553841919892917,0.1678543887769904,nan,nan,nan,nan,nan,nan,nan,0.0,0.0,0.0,-2.228980291815163,0.7440438467125527,-0.0001471037981537524,0.001446400354161719,0.0,0.0,0.0,1.0541876056402684,-1.1648456532143483,0.08309971585508541,-0.15779444406617266,nan,nan,nan,nan,nan,nan,nan,nan,nan,nan,nan,nan,nan,nan,0.0,0.0,0.0,-1.0279332630870244,-0.8979226608049721,0.0008776066451541527,-0.000555079394686944,nan,nan,nan,nan,nan,nan,nan,nan,nan,nan,nan,nan,nan,nan,nan,nan,nan,nan,nan,nan,nan,nan,nan,nan,nan,nan,nan,nan,nan,nan,nan,nan,nan,nan,nan,nan,nan,nan,nan,nan,nan,nan,nan,nan,nan,nan,nan,nan,nan,0.0010074826886605312
1791062927.7984912,2.9916820711106125,2.204114275707512,0.4504394696074384,9.428977885648009e-12,9.677159240995771e-11,0.0,0.0,0.0,0.0,-2.2527346326416837,0.7913978165096454,-0.0001591947354764793,-0.0001002202569996541,0.0,0.0,0.0,0.12974838323732243,1.4074792483076604,0.031797878835892565,0.15827301937836982,nan,nan,nan,nan,nan,nan,nan,0.0,0.0,0.0,-2.228956179522543,0.7440561438412946,0.0007928089235897945,0.004343114468043887,0.0,0.0,0.0,1.0627720157485552,-1.1801614558341458,0.08683219757932195,-0.15143489446357267,nan,nan,nan,nan,nan,nan,nan,nan,nan,nan,nan,nan,nan,nan,0.0,0.0,0.0,-1.0279343999387642,-0.8979115580354188,-0.0006925443631883689,-0.0001570328086483424,nan,nan,nan,nan,nan,nan,nan,nan,nan,nan,nan,nan,nan,nan,nan,nan,nan,nan,nan,nan,nan,nan,nan,nan,nan,nan,nan,nan,nan,nan,nan,nan,nan,nan,nan,nan,nan,nan,nan,nan,nan,nan,nan,nan,nan,nan,nan,nan,nan,0.01173772525418258
1791062927.8990571,2.9915797925589978,2.204119750506926,0.45081582166201684,8.531692006126858e-12,8.756255782940162e-11,0.0,0.0,0.0,0.0,-2.2527687540139807,0.7914004802904585,-0.0009505369573116519,0.000746138427372532,0.0,0.0,0.0,0.13305099883923163,1.424269362118113,0.03333313625405088,0.17004841148942185,nan,nan,nan,nan,nan,nan,nan,0.0,0.0,0.0,-2.22899561442994,0.7440724598060545,-0.0012478518945415876,0.003725123305105176,0.0,0.0,0.0,1.069651127738734,-1.1929313782964264,0.023118309209817906,-0.04015801957035496,nan,nan,nan,nan,nan,nan,nan,nan,nan,nan,nan,nan,nan,nan,0.0,0.0,0.0,-1.027920851182447,-0.8979105945026015,0.000993736087498644,-8.826424765983622e-05,nan,nan,nan,nan,nan,nan,nan,nan,nan,nan,nan,nan,nan,nan,nan,nan,nan,nan,nan,nan,nan,nan,nan,nan,nan,nan,nan,nan,nan,nan,nan,nan,nan,nan,nan,nan,nan,nan,nan,nan,nan,nan,nan,nan,nan,nan,nan,nan,nan,0.006829552808136654
1791062927.99767,2.9915765108554653,2.2040097811674517,0.4511814740677901,7.73129698503044e-12,7.93479346021695e-11,0.0,0.0,0.0,0.0,-2.252748931886161,0.7913609191237552,-0.0014395583785592806,-0.0006324082686622425,0.0,0.0,0.0,0.13591011490647262,1.439070658536883,0.033184803578618804,0.17427883878836178,nan,nan,nan,nan,nan,nan,nan,0.0,0.0,0.0,-2.2289560034123745,0.7440155428064488,0.0016439233610440222,-0.0017131823246457278,0.0,0.0,0.0,1.069581587894134,-1.1929878105170257,-0.00413005768062296,-0.008563325522422054,nan,nan,nan,nan,nan,nan,nan,nan,nan,nan,nan,nan,nan,nan,0.0,0.0,0.0,-1.027934555669568,-0.8979058453332102,0.0003929931782858416,-0.0006506119906318044,nan,nan,nan,nan,nan,nan,nan,nan,nan,nan,nan,nan,nan,nan,nan,nan,nan,nan,nan,nan,nan,nan,nan,nan,nan,nan,nan,nan,nan,nan,nan,nan,nan,nan,nan,nan,nan,nan,nan,nan,nan,nan,nan,nan,nan,nan,nan,nan,nan,0.004569438049033089
1791062928.0972505,2.9916864762023345,2.20405502705518,0.451352366206829,6.995566803118417e-12,7.179698028334927e-11,0.0,0.0,0.0,0.0,-2.252730113969099,0.7913855341994632,0.0011009072305789098,0.00125170848684832,0.0,0.0,0.0,0.13914839114367886,1.4568169208179136,0.030979730773103367,0.15016118990837102,nan,nan,nan,nan,nan,nan,nan,0.0,0.0,0.0,-2.228952938171634,0.744004220974727,0.0010088789658220553,-0.0017352150307844067,0.0,0.0,0.0,1.0696675559013604,-1.1931714060027299,-0.003242137681848743,-0.0034473077885377955,nan,nan,nan,nan,nan,nan,nan,nan,nan,nan,nan,nan,nan,nan,0.0,0.0,0.0,-1.0279373556286922,-0.8979133781763614,0.0004960722594022398,-9.908637232534668e-05,nan,nan,nan,nan,nan,nan,nan,nan,nan,nan,nan,nan,nan,nan,nan,nan,nan,nan,nan,nan,nan,nan,nan,nan,nan,nan,nan,nan,nan,nan,nan,nan,nan,nan,nan,nan,nan,nan,nan,nan,nan,nan,nan,nan,nan,nan,nan,nan,nan,0.006541399340691604
1791062928.199087,2.9915261612748005,2.204107888245421,0.45059628619036296,6.329850604839978e-12,6.496459427271221e-11,0.0,0.0,0.0,0.0,-2.2527396551904264,0.791369421355208,0.0002438188303424655,0.00043429918345881874,0.0,0.0,0.0,0.14208610778454733,1.472525375961974,0.017780003268368445,0.1549155020994494,nan,nan,nan,nan,nan,nan,nan,0.0,0.0,0.0,-2.2289584107748808,0.7440312631443609,-0.0014218496449015761,0.0027828144689376016,0.0,0.0,0.0,1.069715498306614,-1.1932106532045617,-0.0020741961013554153,-6.96315048147228e-05,nan,nan,nan,nan,nan,nan,nan,nan,nan,nan,nan,nan,nan,nan,0.0,0.0,0.0,-1.0279427665782641,-0.8979169206335073,-0.0005148216170451273,-0.0004379396582489097,nan,nan,nan,nan,nan,nan,nan,nan,nan,nan,nan,nan,nan,nan,nan,nan,nan,nan,nan,nan,nan,nan,nan,nan,nan,nan,nan,nan,nan,nan,nan,nan,nan,nan,nan,nan,nan,nan,nan,nan,nan,nan,nan,nan,nan,nan,nan,nan,nan,0.009621966385314274
1791062928.2991157,2.9915182470652977,2.204117933110128,0.4507967581402994,5.732860643796828e-12,5.883756015686819e-11,0.0,0.0,0.0,0.0,-2.2527388611936368,0.7913962158248365,-0.00016007104288106206,0.0028200281011307718,0.0,0.0,0.0,0.14526627811008586,1.4879913366636248,0.027639245543807964,0.16785064462802157,nan,nan,nan,nan,nan,nan,nan,0.0,0.0,0.0,-2.22894708888656,0.7440151828458964,0.0005379838687885095,0.0014268804116770888,0.0,0.0,0.0,1.0698903776294373,-1.1930391784104188,0.009354861698347244,0.01338361336077717,nan,nan,nan,nan,nan,nan,nan,nan,nan,nan,nan,nan,nan,nan,0.0,0.0,0.0,-1.0279528709789683,-0.8979215084019425,0.000203439208129617,-0.0003307943495468431,nan,nan,nan,nan,nan,nan,nan,nan,nan,nan,nan,nan,nan,nan,nan,nan,nan,nan,nan,nan,nan,nan,nan,nan,nan,nan,nan,nan,nan,nan,nan,nan,nan,nan,nan,nan,nan,nan,nan,nan,nan,nan,nan,nan,nan,nan,nan,nan,nan,0.004124487270869959
1791062928.3994431,2.991561041190345,2.204130533459855,0.45030594669498847,5.1873850281282005e-12,5.323922865272898e-11,0.0,0.0,0.0,0.0,-2.252760984706015,0.7914193006944908,-0.0007312052892956044,0.0058360376053492626,0.0,0.0,0.0,0.1486110704083922,1.503570243184167,0.03550107351348196,0.16101449147788247,nan,nan,nan,nan,nan,nan,nan,0.0,0.0,0.0,-2.2289448473798457,0.743996456557358,7.884732495731941e-05,-0.0015479326955856643,0.0,0.0,0.0,1.0697400916035096,-1.1931693817428148,0.0004136530090241982,0.006315271876561683,nan,nan,nan,nan,nan,nan,nan,nan,nan,nan,nan,nan,nan,nan,0.0,0.0,0.0,-1.0279275650554534,-0.8979081764078263,0.0010336445251582487,-2.3178100030491046e-05,nan,nan,nan,nan,nan,nan,nan,nan,nan,nan,nan,nan,nan,nan,nan,nan,nan,nan,nan,nan,nan,nan,nan,nan,nan,nan,nan,nan,nan,nan,nan,nan,nan,nan,nan,nan,nan,nan,nan,nan,nan,nan,nan,nan,nan,nan,nan,nan,nan,0.0016923827637850195
1791062928.497393,2.9915933044144634,2.2040541898855217,0.45143877459274284,4.693740075957548e-12,4.8172846200034485e-11,0.0,0.0,0.0,0.0,-2.252751345553205,0.7913763121534344,-0.0016662214962525129,-0.00019101720539818092,0.0,0.0,0.0,0.15202029805365314,1.520000932076905,0.034655543342218195,0.156724246528849,nan,nan,nan,nan,nan,nan,nan,0.0,0.0,0.0,-2.228971198723608,0.744013758163546,4.3522428354161895e-05,-0.0008093591890070324,0.0,0.0,0.0,1.069733086540197,-1.1932267204814258,-0.0007249755530649029,-0.00026097789441254383,nan,nan,nan,nan,nan,nan,nan,nan,nan,nan,nan,nan,nan,nan,0.0,0.0,0.0,-1.0279356590600168,-0.897911176821166,-0.0006405375227013662,0.00014281420904818494,nan,nan,nan,nan,nan,nan,nan,nan,nan,nan,nan,nan,nan,nan,nan,nan,nan,nan,nan,nan,nan,nan,nan,nan,nan,nan,nan,nan,nan,nan,nan,nan,nan,nan,nan,nan,nan,nan,nan,nan,nan,nan,nan,nan,nan,nan,nan,nan,nan,0.0058125785340681834
1791062928.5987706,2.991546818585133,2.204030213587537,0.4513667404729845,4.251567767380747e-12,4.3634738364858076e-11,0.0,0.0,0.0,0.0,-2.252738472804596,0.7913763689751021,0.00032377635572494246,0.0003886813470206615,0.0,0.0,0.0,0.1554800596424599,1.5363379566652888,0.03488082514821999,0.16852437829368253,nan,nan,nan,nan,nan,nan,nan,0.0,0.0,0.0,-2.228986490869818,0.7439847237548117,0.0014536667910892852,6.403280227997596e-05,0.0,0.0,0.0,1.0697575322834008,-1.1931702434376992,0.001121071151388536,0.0034691672662906675,nan,nan,nan,nan,nan,nan,nan,nan,nan,nan,nan,nan,nan,nan,0.0,0.0,0.0,-1.0279327327802588,-0.8979099757013723,4.5395523420965745e-05,0.00032470855586972725,nan,nan,nan,nan,nan,nan,nan,nan,nan,nan,nan,nan,nan,nan,nan,nan,nan,nan,nan,nan,nan,nan,nan,nan,nan,nan,nan,nan,nan,nan,nan,nan,nan,nan,nan,nan,nan,nan,nan,nan,nan,nan,nan,nan,nan,nan,nan,nan,nan,0.003979471143611496
1791062928.6978767,2.9915289269065894,2.2040061380386766,0.45104285400256794,3.846977601854463e-12,3.9482344005021676e-11,0.0,0.0,0.0,0.0,-2.2527629360021386,0.7914363366309872,-0.0017690307650381526,0.005198310532266568,0.0,0.0,0.0,0.1587805244180021,1.5525794669442845,0.04265410409249603,0.1687953512562183,nan,nan,nan,nan,nan,nan,nan,0.0,0.0,0.0,-2.2289384200030407,0.7439980027858667,0.002997341356275338,-0.006782834855731255,0.0,0.0,0.0,1.069728099216835,-1.193234887256362,-0.0009123652475119522,-0.004276410529349218,nan,nan,nan,nan,nan,nan,nan,nan,nan,nan,nan,nan,nan,nan,0.0,0.0,0.0,-1.0279485322905508,-0.8979097052324664,-0.00023387599962979006,9.708620458008345e-05,nan,nan,nan,nan,nan,nan,nan,nan,nan,nan,nan,nan,nan,nan,nan,nan,nan,nan,nan,nan,nan,nan,nan,nan,nan,nan,nan,nan,nan,nan,nan,nan,nan,nan,nan,nan,nan,nan,nan,nan,nan,nan,nan,nan,nan,nan,nan,nan,nan,0.01249477353846291
1791062928.799332,2.9915761177521865,2.2040383003956165,0.4514803046036519,3.4841185300314463e-12,3.5758244677759407e-11,0.0,0.0,0.0,0.0,-2.252755464531442,0.7913553272850697,-0.0008936245579573964,-0.001705602313906777,0.0,0.0,0.0,0.16208273159317887,1.5692388897370169,0.034170974205142465,0.1565060100455268,nan,nan,nan,nan,nan,nan,nan,0.0,0.0,0.0,-2.229002551579519,0.7440655973156828,-0.0022861355632702494,0.0022307923551208907,0.0,0.0,0.0,1.0697230512425513,-1.1932302680864724,-0.00762946232915799,-0.007863925372690345,nan,nan,nan,nan,nan,nan,nan,nan,nan,nan,nan,nan,nan,nan,0.0,0.0,0.0,-1.027954226858058,-0.8979144683150297,-0.0006169775778196549,-0.00033779243160419656,nan,nan,nan,nan,nan,nan,nan,nan,nan,nan,nan,nan,nan,nan,nan,nan,nan,nan,nan,nan,nan,nan,nan,nan,nan,nan,nan,nan,nan,nan,nan,nan,nan,nan,nan,nan,nan,nan,nan,nan,nan,nan,nan,nan,nan,nan,nan,nan,nan,0.0015550319344058026
1791062928.8984044,2.9915475916535903,2.204014472523114,0.45131347406099875,3.1525840971065043e-12,3.23556367384924e-11,0.0,0.0,0.0,0.0,-2.2527501472768425,0.7913683091109748,-6.620264338168254e-05,-0.0008379743380687902,0.0,0.0,0.0,0.1654247479317196,1.5862121869799037,0.034277788398031174,0.17775130515871845,nan,nan,nan,nan,nan,nan,nan,0.0,0.0,0.0,-2.2289773168763936,0.7440179499981711,0.001540363076438537,-0.0033708303092268525,0.0,0.0,0.0,1.0697418644690584,-1.1931781976450746,-0.0007773998441864991,0.0023406518203417546,nan,nan,nan,nan,nan,nan,nan,nan,nan,nan,nan,nan,nan,nan,0.0,0.0,0.0,-1.0279426105008682,-0.8979299920850179,0.00013333262396330732,-0.00037286276295740045,nan,nan,nan,nan,nan,nan,nan,nan,nan,nan,nan,nan,nan,nan,nan,nan,nan,nan,nan,nan,nan,nan,nan,nan,nan,nan,nan,nan,nan,nan,nan,nan,nan,nan,nan,nan,nan,nan,nan,nan,nan,nan,nan,nan,nan,nan,nan,nan,nan,0.004899834150659449
1791062928.9976327,2.9916356877232473,2.2040305322849587,0.4513348057092978,2.8525760550214432e-12,2.9276590810030164e-11,0.0,0.0,0.0,0.0,-2.252743680913258,0.7913614358133731,-0.00039905454314239936,-0.0008062980759525408,0.0,0.0,0.0,0.16817706691315124,1.6009788648416907,0.024554535578738323,0.1738711301772561,nan,nan,nan,nan,nan,nan,nan,0.0,0.0,0.0,-2.2290072330477617,0.7440773391951198,-0.0014977213594751788,0.0016627960632745599,0.0,0.0,0.0,1.0697331609294027,-1.19321771556433,-0.000938787892496642,-0.0002196922595054414,nan,nan,nan,nan,nan,nan,nan,nan,nan,nan,nan,nan,nan,nan,0.0,0.0,0.0,-1.0279485203721739,-0.8979308242005161,-0.0007386396648373695,-0.0006152202346296528,nan,nan,nan,nan,nan,nan,nan,nan,nan,nan,nan,nan,nan,nan,nan,nan,nan,nan,nan,nan,nan,nan,nan,nan,nan,nan,nan,nan,nan,nan,nan,nan,nan,nan,nan,nan,nan,nan,nan,nan,nan,nan,nan,nan,nan,nan,nan,nan,nan,0.005567971505459854
1791062929.0993056,2.9915419556798497,2.2040045553198677,0.45134034980599874,2.5842541545881802e-12,2.65227464487112e-11,0.0,0.0,0.0,0.0,-2.2527663730967644,0.7914452916103341,-0.0011903271194575317,0.0018882167197326622,0.0,0.0,0.0,0.17189573564785965,1.6202320436930866,0.03263233846282683,0.17058476512168658,nan,nan,nan,nan,nan,nan,nan,0.0,0.0,0.0,-2.228963634755612,0.7440182726506465,0.00036085006151717754,0.0013345421999696602,0.0,0.0,0.0,1.0697317266191801,-1.193230493569871,-0.0018896287511867712,-0.002777429434368887,nan,nan,nan,nan,nan,nan,nan,nan,nan,nan,nan,nan,nan,nan,0.0,0.0,0.0,-1.0279321267692034,-0.8979239817668759,-0.0006866342926651421,-4.881867907758258e-06,nan,nan,nan,nan,nan,nan,nan,nan,nan,nan,nan,nan,nan,nan,nan,nan,nan,nan,nan,nan,nan,nan,nan,nan,nan,nan,nan,nan,nan,nan,nan,nan,nan,nan,nan,nan,nan,nan,nan,nan,nan,nan,nan,nan,nan,nan,nan,nan,nan,0.004931287831713666
1791062929.1992116,2.991560702466641,2.2040003590435635,0.4513244223151219,2.3383298571587273e-12,2.3998773419696855e-11,0.0,0.0,0.0,0.0,-2.252747309426297,0.7913963204175813,-0.0005155236526956011,0.001565895878949925,0.0,0.0,0.0,0.17521042813330343,1.6379470336418018,0.03532213667337109,0.18275548414709814,nan,nan,nan,nan,nan,nan,nan,0.0,0.0,0.0,-2.228923399644911,0.7440256184108082,0.0030568634909147727,-0.003036948236808331,0.0,0.0,0.0,1.069733679280983,-1.1932098447003556,-0.0011027837399572955,-0.0034791128617603106,nan,nan,nan,nan,nan,nan,nan,nan,nan,nan,nan,nan,nan,nan,0.0,0.0,0.0,-1.0279287385027567,-0.897920249771193,0.0007825718969944904,-0.0005081276786659635,nan,nan,nan,nan,nan,nan,nan,nan,nan,nan,nan,nan,nan,nan,nan,nan,nan,nan,nan,nan,nan,nan,nan,nan,nan,nan,nan,nan,nan,nan,nan,nan,nan,nan,nan,nan,nan,nan,nan,nan,nan,nan,nan,nan,nan,nan,nan,nan,nan,0.0038707789452133235
1791062929.2978249,2.9915407829936136,2.2039990145908868,0.4513132469813959,2.1158083508049092e-12,2.171498818056735e-11,0.0,0.0,0.0,0.0,-2.2527388000590447,0.7913520987342586,-5.77826980372912e-07,-0.0007693122847262494,0.0,0.0,0.0,0.17843584060783257,1.654702966002568,0.03117922555324057,0.163923559135097,nan,nan,nan,nan,nan,nan,nan,0.0,0.0,0.0,-2.228962292775914,0.7440531929245211,-0.0005446294351745612,0.0008253721979169345,0.0,0.0,0.0,1.0697242667923876,-1.1932236521714963,-0.0019059825398054899,-0.00507830923527154,nan,nan,nan,nan,nan,nan,nan,nan,nan,nan,nan,nan,nan,nan,0.0,0.0,0.0,-1.0279352843648817,-0.8979174949742412,0.0006835347895886123,0.0005621619660122953,nan,nan,nan,nan,nan,nan,nan,nan,nan,nan,nan,nan,nan,nan,nan,nan,nan,nan,nan,nan,nan,nan,nan,nan,nan,nan,nan,nan,nan,nan,nan,nan,nan,nan,nan,nan,nan,nan,nan,nan,nan,nan,nan,nan,nan,nan,nan,nan,nan,0.001376960779601498
1791062929.3953428,2.991500208564689,2.2040055446453577,0.4514892811104536,1.916719620019046e-12,1.9671698468503156e-11,0.0,0.0,0.0,0.0,-2.2527742015813406,0.7914303659197952,-0.0014775931474892334,0.006146169091302198,0.0,0.0,0.0,0.1813672155654054,1.6705842562410633,0.03500768414375345,0.17637299501463766,nan,nan,nan,nan,nan,nan,nan,0.0,0.0,0.0,-2.228948784636363,0.7440266548699372,-0.0009426061955050091,-0.0003148525906672818,0.0,0.0,0.0,1.0697227484914258,-1.193188358247355,-7.415404240083788e-05,0.001738330217118081,nan,nan,nan,nan,nan,nan,nan,nan,nan,nan,nan,nan,nan,nan,0.0,0.0,0.0,-1.0279190889317233,-0.8979176800076402,-0.00020992475180705596,0.00010450787946497431,nan,nan,nan,nan,nan,nan,nan,nan,nan,nan,nan,nan,nan,nan,nan,nan,nan,nan,nan,nan,nan,nan,nan,nan,nan,nan,nan,nan,nan,nan,nan,nan,nan,nan,nan,nan,nan,nan,nan,nan,nan,nan,nan,nan,nan,nan,nan,nan,nan,0.0023112113700686373
1791062929.4984202,2.9915038825961764,2.204076823152865,0.4507013792387269,1.734319632353147e-12,1.7799688853457527e-11,0.0,0.0,0.0,0.0,-2.2527468774626227,0.7913568976325415,-0.0008726738183382739,-0.0008656415411374325,0.0,0.0,0.0,0.18492932426399433,1.6891650710505048,0.03338418002788717,0.1632481538200421,nan,nan,nan,nan,nan,nan,nan,0.0,0.0,0.0,-2.228965274141476,0.7440125078637859,0.001666379933180058,-0.0016876500598729293,0.0,0.0,0.0,1.0697515338926438,-1.1931566868674852,0.0019080062651137275,0.003088515619376647,nan,nan,nan,nan,nan,nan,nan,nan,nan,nan,nan,nan,nan,nan,0.0,0.0,0.0,-1.0279349305139065,-0.8979069261370252,-0.0004986537832259226,-0.00018792555127612693,nan,nan,nan,nan,nan,nan,nan,nan,nan,nan,nan,nan,nan,nan,nan,nan,nan,nan,nan,nan,nan,nan,nan,nan,nan,nan,nan,nan,nan,nan,nan,nan,nan,nan,nan,nan,nan,nan,nan,nan,nan,nan,nan,nan,nan,nan,nan,nan,nan,0.003724936701914507
1791062929.597548,2.991455088758021,2.203997964714664,0.45076856110446956,1.571657845674193e-12,1.6130256565878308e-11,0.0,0.0,0.0,0.0,-2.2527584273326173,0.7913580672913736,-0.000539696880882707,0.000684218879441869,0.0,0.0,0.0,0.1882797186342935,1.705985242197878,0.03143494367246304,0.16132134486764643,nan,nan,nan,nan,nan,nan,nan,0.0,0.0,0.0,-2.228987937442583,0.7440639395432705,-9.501108248268061e-05,0.0009795551884472504,0.0,0.0,0.0,1.0698828989411122,-1.193079668809079,0.010386581686760748,0.010385706000089675,nan,nan,nan,nan,nan,nan,nan,nan,nan,nan,nan,nan,nan,nan,0.0,0.0,0.0,-1.027917715319181,-0.8979216404019372,0.0007932303107713589,-0.00018849609527688221,nan,nan,nan,nan,nan,nan,nan,nan,nan,nan,nan,nan,nan,nan,nan,nan,nan,nan,nan,nan,nan,nan,nan,nan,nan,nan,nan,nan,nan,nan,nan,nan,nan,nan,nan,nan,nan,nan,nan,nan,nan,nan,nan,nan,nan,nan,nan,nan,nan,0.006728375503139575
1791062929.6973562,2.991455088758021,2.203997964714664,0.45076856110446956,1.422094827342311e-12,1.4595259705651693e-11,0.0,0.0,0.0,0.0,-2.2527290350818707,0.791345351404237,0.0004075393105265988,0.0006614159005444276,0.0,0.0,0.0,0.1915949124732754,1.7227322046449929,0.037278299730087935,0.17398719493297526,nan,nan,nan,nan,nan,nan,nan,0.0,0.0,0.0,-2.228985169452845,0.7440194634846922,-0.002547714632331685,0.0004499544017015519,0.0,0.0,0.0,1.069729957537612,-1.1931630152207833,6.69383703480317e-05,0.005078617478134143,nan,nan,nan,nan,nan,nan,nan,nan,nan,nan,nan,nan,nan,nan,0.0,0.0,0.0,-1.027920121050551,-0.8979135538109947,0.0008176993837710541,-5.5663996272546e-05,nan,nan,nan,nan,nan,nan,nan,nan,nan,nan,nan,nan,nan,nan,nan,nan,nan,nan,nan,nan,nan,nan,nan,nan,nan,nan,nan,nan,nan,nan,nan,nan,nan,nan,nan,nan,nan,nan,nan,nan,nan,nan,nan,nan,nan,nan,nan,nan,nan,0.006728375503139575
1791062929.795527,2.991455088758021,2.203997964714664,0.45076856110446956,1.2867646119796704e-12,1.3206337109729701e-11,0.0,0.0,0.0,0.0,-2.2527439504924174,0.7913454478408004,-0.001398841816299172,-0.001793005780562292,0.0,0.0,0.0,0.1946164510329889,1.7378025401080561,0.03873623514474861,0.17661187178869384,nan,nan,nan,nan,nan,nan,nan,0.0,0.0,0.0,-2.228984756913968,0.7440157964706685,-0.000638046729213195,-0.001626944186529482,0.0,0.0,0.0,1.0698828221356842,-1.1930187119144762,0.010461784770538775,0.012741652519022897,nan,nan,nan,nan,nan,nan,nan,nan,nan,nan,nan,nan,nan,nan,0.0,0.0,0.0,-1.0279216115926197,-0.8979121481230788,0.0009347313561572538,-0.0004022172593165796,nan,nan,nan,nan,nan,nan,nan,nan,nan,nan,nan,nan,nan,nan,nan,nan,nan,nan,nan,nan,nan,nan,nan,nan,nan,nan,nan,nan,nan,nan,nan,nan,nan,nan,nan,nan,nan,nan,nan,nan,nan,nan,nan,nan,nan,nan,nan,nan,nan,0.006728375503139575
1791062929.8970733,2.991455088758021,2.203997964714664,0.45076856110446956,1.1643600052740661e-12,1.195007276667235e-11,0.0,0.0,0.0,0.0,-2.252750073796151,0.7913242925726917,-0.0005233992635192058,-0.0016389226941060113,0.0,0.0,0.0,0.19830475271217166,1.7563642808947109,0.03125329908100351,0.1734077579047828,nan,nan,nan,nan,nan,nan,nan,0.0,0.0,0.0,-2.228947483023173,0.7439592297196588,0.000885399695840971,-0.003087640036439592,0.0,0.0,0.0,1.0697374281160903,-1.1932073479692031,0.0012557535741478567,0.0009856850165250886,nan,nan,nan,nan,nan,nan,nan,nan,nan,nan,nan,nan,nan,nan,0.0,0.0,0.0,-1.0279249384107598,-0.8979310839043624,0.00014466274698625106,0.00019575505485461874,nan,nan,nan,nan,nan,nan,nan,nan,nan,nan,nan,nan,nan,nan,nan,nan,nan,nan,nan,nan,nan,nan,nan,nan,nan,nan,nan,nan,nan,nan,nan,nan,nan,nan,nan,nan,nan,nan,nan,nan,nan,nan,nan,nan,nan,nan,nan,nan,nan,0.006728375503139575
1791062929.9966269,2.991455088758021,2.203997964714664,0.45076856110446956,1.053556501004336e-12,1.0812872989259953e-11,0.0,0.0,0.0,0.0,-2.2527489555895586,0.791346808438346,-0.0018656455785101339,-0.00042170606476959067,0.0,0.0,0.0,0.20162705267456527,1.7737901291157825,0.036355112138127116,0.1848102444319042,nan,nan,nan,nan,nan,nan,nan,0.0,0.0,0.0,-2.228993685968806,0.7440119577851412,-0.001995849247730664,0.0014946048177149915,0.0,0.0,0.0,1.0697280675795757,-1.1932223604231516,-0.0012066157024129465,-0.0026371264426177975,nan,nan,nan,nan,nan,nan,nan,nan,nan,nan,nan,nan,nan,nan,0.0,0.0,0.0,-1.0279153685016775,-0.8979290904771705,3.170655254419651e-05,0.0005302852893557014,nan,nan,nan,nan,nan,nan,nan,nan,nan,nan,nan,nan,nan,nan,nan,nan,nan,nan,nan,nan,nan,nan,nan,nan,nan,nan,nan,nan,nan,nan,nan,nan,nan,nan,nan,nan,nan,nan,nan,nan,nan,nan,nan,nan,nan,nan,nan,nan,nan,0.006728375503139575
1791062930.09663,2.991455088758021,2.203997964714664,0.45076856110446956,9.533054282634677e-13,9.783975046386731e-12,0.0,0.0,0.0,0.0,-2.252799455571171,0.7914103474602846,-0.0037611810612210982,0.004490458915639873,0.0,0.0,0.0,0.20491273809348118,1.7912027974054792,0.03331810077001642,0.16297481706502334,nan,nan,nan,nan,nan,nan,nan,0.0,0.0,0.0,-2.2289797700263305,0.7440001259033594,0.00023203288710606235,-0.003703507496340574,0.0,0.0,0.0,1.069861823592049,-1.1930846747366386,0.008612551539065753,0.005182089165654673,nan,nan,nan,nan,nan,nan,nan,nan,nan,nan,nan,nan,nan,nan,0.0,0.0,0.0,-1.0279507641287517,-0.8979312966423983,-0.001224591172128096,-0.0002478427379957423,nan,nan,nan,nan,nan,nan,nan,nan,nan,nan,nan,nan,nan,nan,nan,nan,nan,nan,nan,nan,nan,nan,nan,nan,nan,nan,nan,nan,nan,nan,nan,nan,nan,nan,nan,nan,nan,nan,nan,nan,nan,nan,nan,nan,nan,nan,nan,nan,nan,0.006728375503139575
1791062930.1972632,2.991455088758021,2.203997964714664,0.45076856110446956,8.626326885158049e-13,8.853381558951485e-12,0.0,0.0,0.0,0.0,-2.2527424191105516,0.791382115798742,0.00102416236384879,0.00044490099366010886,0.0,0.0,0.0,0.20909387206874236,1.8091746630816008,0.03698189495344288,0.19273899621861273,nan,nan,nan,nan,nan,nan,nan,0.0,0.0,0.0,-2.2289471622004493,0.7440161619017815,0.003176134133527462,-0.0016892272803194532,0.0,0.0,0.0,1.069712438124839,-1.1931647211040364,-0.00958484406343588,-0.006396567744893064,nan,nan,nan,nan,nan,nan,nan,nan,nan,nan,nan,nan,nan,nan,0.0,0.0,0.0,-1.0279257825813297,-0.8979633739507651,0.0006192847032196413,-0.0005399335810666643,nan,nan,nan,nan,nan,nan,nan,nan,nan,nan,nan,nan,nan,nan,nan,nan,nan,nan,nan,nan,nan,nan,nan,nan,nan,nan,nan,nan,nan,nan,nan,nan,nan,nan,nan,nan,nan,nan,nan,nan,nan,nan,nan,nan,nan,nan,nan,nan,nan,0.006728375503139575
1791062930.2971175,2.991455088758021,2.203997964714664,0.45076856110446956,7.805423347143862e-13,8.010870911964837e-12,0.0,0.0,0.0,0.0,-2.252739378690404,0.79134734487665,0.00017154882698560943,0.00037749251708821914,0.0,0.0,0.0,0.21233384175749978,1.82618082869546,0.0327774393917173,0.17317253981226502,nan,nan,nan,nan,nan,nan,nan,0.0,0.0,0.0,-2.2289747648215865,0.7440431956514426,-3.400727328182226e-05,0.0019411068300919602,0.0,0.0,0.0,1.0697148878756924,-1.1932113030959755,0.0004561804485717926,-0.00020747737650285701,nan,nan,nan,nan,nan,nan,nan,nan,nan,nan,nan,nan,nan,nan,0.0,0.0,0.0,-1.0279287058367164,-0.8979189533320527,-0.00018353861974048014,0.0005144275524941161,nan,nan,nan,nan,nan,nan,nan,nan,nan,nan,nan,nan,nan,nan,nan,nan,nan,nan,nan,nan,nan,nan,nan,nan,nan,nan,nan,nan,nan,nan,nan,nan,nan,nan,nan,nan,nan,nan,nan,nan,nan,nan,nan,nan,nan,nan,nan,nan,nan,0.006728375503139575
1791062930.3969913,2.991455088758021,2.203997964714664,0.45076856110446956,7.062639109232209e-13,7.248535753356204e-12,0.0,0.0,0.0,0.0,-2.252747203373374,0.7913567981436644,-0.00030684071331996745,-0.0003522109228239816,0.0,0.0,0.0,0.21526341223082862,1.8421811382669342,0.03136246754880893,0.1563362563974608,nan,nan,nan,nan,nan,nan,nan,0.0,0.0,0.0,-2.2289744196008185,0.7440555786214388,0.00019011639838064444,0.0005254365752999004,0.0,0.0,0.0,1.0697279781005744,-1.1932604898825463,6.132029197323024e-05,-0.009017138587973626,nan,nan,nan,nan,nan,nan,nan,nan,nan,nan,nan,nan,nan,nan,0.0,0.0,0.0,-1.0279452264391167,-0.8979045330146236,-0.0003072028424690916,-9.59787658267755e-05,nan,nan,nan,nan,nan,nan,nan,nan,nan,nan,nan,nan,nan,nan,nan,nan,nan,nan,nan,nan,nan,nan,nan,nan,nan,nan,nan,nan,nan,nan,nan,nan,nan,nan,nan,nan,nan,nan,nan,nan,nan,nan,nan,nan,nan,nan,nan,nan,nan,0.006728375503139575
1791062930.4976947,2.991455088758021,2.203997964714664,0.45076856110446956,6.390540137135366e-13,6.558746376652864e-12,0.0,0.0,0.0,0.0,-2.2527507442310784,0.791378288307168,-0.00034697016781030465,0.0011291303664979775,0.0,0.0,0.0,0.21893183156490226,1.8612922111234917,0.03656228993722942,0.17947754706140265,nan,nan,nan,nan,nan,nan,nan,0.0,0.0,0.0,-2.2289745424032374,0.7440482618478945,-0.0024264946078543775,0.002459875688558435,0.0,0.0,0.0,1.0697418598744037,-1.193205396846685,-0.002120830699429437,-0.004789959138461909,nan,nan,nan,nan,nan,nan,nan,nan,nan,nan,nan,nan,nan,nan,0.0,0.0,0.0,-1.0253597077740015,-0.8981993761574407,0.19492161435811725,-0.020889481117740378,nan,nan,nan,nan,nan,nan,nan,nan,nan,nan,nan,nan,nan,nan,nan,nan,nan,nan,nan,nan,nan,nan,nan,nan,nan,nan,nan,nan,nan,nan,nan,nan,nan,nan,nan,nan,nan,nan,nan,nan,nan,nan,nan,nan,nan,nan,nan,nan,nan,0.006728375503139575
1791062930.5968118,2.991455088758021,2.203997964714664,0.45076856110446956,5.782813237015948e-13,5.9350234176199445e-12,0.0,0.0,0.0,0.0,-2.2527604904346514,0.7913753912803869,-0.00013029129265567806,-0.0005337175654031593,0.0,0.0,0.0,0.22224358907714223,1.8782972369126902,0.03450502283780786,0.16405734857171161,nan,nan,nan,nan,nan,nan,nan,0.0,0.0,0.0,-2.228963106022117,0.7440176204501749,0.0003519974598309586,-0.00043288734432162413,0.0,0.0,0.0,1.0698954494970108,-1.1930181041555177,0.011413638156465065,0.01539004516920197,nan,nan,nan,nan,nan,nan,nan,nan,nan,nan,nan,nan,nan,nan,0.0,0.0,0.0,-1.0283883002245289,-0.8980236794196954,-0.003522916186190638,0.0001787599946681791,nan,nan,nan,nan,nan,nan,nan,nan,nan,nan,nan,nan,nan,nan,nan,nan,nan,nan,nan,nan,nan,nan,nan,nan,nan,nan,nan,nan,nan,nan,nan,nan,nan,nan,nan,nan,nan,nan,nan,nan,nan,nan,nan,nan,nan,nan,nan,nan,nan,0.006728375503139575
1791062930.6967423,2.991455088758021,2.203997964714664,0.45076856110446956,5.232505799199129e-13,5.370231266037574e-12,0.0,0.0,0.0,0.0,-2.252747236222715,0.7913638647271792,0.0018097132674698205,-0.000918977120795083,0.0,0.0,0.0,0.2254598247540102,1.8957483165602087,0.03750110181128283,0.17930532937810326,nan,nan,nan,nan,nan,nan,nan,0.0,0.0,0.0,-2.228980317789361,0.7440485929525856,-0.001872458278944182,0.002089915385506881,0.0,0.0,0.0,1.0697293156806675,-1.1932177805709132,-0.0005879654688989764,-0.004123317315770585,nan,nan,nan,nan,nan,nan,nan,nan,nan,nan,nan,nan,nan,nan,0.0,0.0,0.0,-1.0284031998458387,-0.8980200388295241,-0.0009692295881594205,9.530274133586293e-05,nan,nan,nan,nan,nan,nan,nan,nan,nan,nan,nan,nan,nan,nan,nan,nan,nan,nan,nan,nan,nan,nan,nan,nan,nan,nan,nan,nan,nan,nan,nan,nan,nan,nan,nan,nan,nan,nan,nan,nan,nan,nan,nan,nan,nan,nan,nan,nan,nan,0.006728375503139575
1791062930.7976372,2.985400869629252,2.2020547425614314,0.49811390864951743,4.734567037959662e-13,4.859186193791407e-12,0.0,0.0,0.0,0.0,-2.2527456237448145,0.7913775940946525,-0.002347795835598572,-0.0010898662241294063,0.0,0.0,0.0,0.2289402374971795,1.9124339156598076,0.03642723548822397,0.1653907062618361,nan,nan,nan,nan,nan,nan,nan,0.0,0.0,0.0,-2.228932607637365,0.7439608182547782,0.004306582228425394,-0.007562278376686061,0.0,0.0,0.0,1.0697320080325385,-1.1931500067878393,0.001051080351928033,0.0035838170181833285,nan,nan,nan,nan,nan,nan,nan,nan,nan,nan,nan,nan,nan,nan,0.0,0.0,0.0,-1.0283975895833888,-0.898021289489986,0.0003991162486818636,-0.00042202210126750353,nan,nan,nan,nan,nan,nan,nan,nan,nan,nan,nan,nan,nan,nan,nan,nan,nan,nan,nan,nan,nan,nan,nan,nan,nan,nan,nan,nan,nan,nan,nan,nan,nan,nan,nan,nan,nan,nan,nan,nan,nan,nan,nan,nan,nan,nan,nan,nan,nan,0.002023017723196453
1791062930.898082,2.98538053720522,2.2020482575365734,0.49828605780266105,4.294572232872238e-13,4.407610228116177e-12,0.0,0.0,0.0,0.0,-2.2527654775673724,0.7913969431395338,-0.00220560988537748,0.0037975269715562815,0.0,0.0,0.0,0.23252028947113043,1.9301096663555777,0.037070572303114724,0.17742364132768684,nan,nan,nan,nan,nan,nan,nan,0.0,0.0,0.0,-2.229017716590473,0.7440848246918205,-0.003696057310321234,0.0045182304516405685,0.0,0.0,0.0,1.069707567577028,-1.1932068502563902,-0.0004117262178213992,0.0003733403728747544,nan,nan,nan,nan,nan,nan,nan,nan,nan,nan,nan,nan,nan,nan,0.0,0.0,0.0,-1.0284086488200528,-0.898002093803407,-0.001291488757150044,-0.0003030668279384329,nan,nan,nan,nan,nan,nan,nan,nan,nan,nan,nan,nan,nan,nan,nan,nan,nan,nan,nan,nan,nan,nan,nan,nan,nan,nan,nan,nan,nan,nan,nan,nan,nan,nan,nan,nan,nan,nan,nan,nan,nan,nan,nan,nan,nan,nan,nan,nan,nan,0.008856808228912673
1791062930.998074,2.985388834534904,2.202038743084685,0.49802786167444696,3.885889651379998e-13,3.988170659152777e-12,0.0,0.0,0.0,0.0,-2.252735265970137,0.7913767122346893,0.0006382078073559118,-0.0003877595886906171,0.0,0.0,0.0,0.23590549510220268,1.947872622140474,0.035507939779723746,0.1879132852934876,nan,nan,nan,nan,nan,nan,nan,0.0,0.0,0.0,-2.228965365952349,0.744027163357615,0.0007656638772344579,3.768740898795676e-05,0.0,0.0,0.0,1.069722894402964,-1.1932236318657865,-0.00010770046619462566,-0.005298837171836948,nan,nan,nan,nan,nan,nan,nan,nan,nan,nan,nan,nan,nan,nan,0.0,0.0,0.0,-1.0283771555264658,-0.8980112056668743,3.1555050367727816e-05,-0.00020469574265482567,nan,nan,nan,nan,nan,nan,nan,nan,nan,nan,nan,nan,nan,nan,nan,nan,nan,nan,nan,nan,nan,nan,nan,nan,nan,nan,nan,nan,nan,nan,nan,nan,nan,nan,nan,nan,nan,nan,nan,nan,nan,nan,nan,nan,nan,nan,nan,nan,nan,0.0027490371493758626
1791062931.0979323,2.985372507844985,2.202016165591639,0.4980194560780211,3.5179145028473763e-13,3.610509988795343e-12,0.0,0.0,0.0,0.0,-2.2527339975231624,0.7913818079004935,-0.00040004165639635157,0.00024283217272622417,0.0,0.0,0.0,0.2394425806168985,1.9653827618363162,0.03223930334295379,0.1726979295267496,nan,nan,nan,nan,nan,nan,nan,0.0,0.0,0.0,-2.228987812602413,0.7440345481122561,1.2172205367923911e-05,0.0004729817627784819,0.0,0.0,0.0,1.0697442033198643,-1.1931534311943395,0.0002674867717684043,0.0041356038120981585,nan,nan,nan,nan,nan,nan,nan,nan,nan,nan,nan,nan,nan,nan,0.0,0.0,0.0,-1.0283908977657938,-0.8979928386858781,-0.0002971655968788073,0.0003820626759077764,nan,nan,nan,nan,nan,nan,nan,nan,nan,nan,nan,nan,nan,nan,nan,nan,nan,nan,nan,nan,nan,nan,nan,nan,nan,nan,nan,nan,nan,nan,nan,nan,nan,nan,nan,nan,nan,nan,nan,nan,nan,nan,nan,nan,nan,nan,nan,nan,nan,0.003126390602313001
1791062931.198484,2.9854272265582478,2.2020546671368755,0.4980478553499455,3.186981187085796e-13,3.2708661341151753e-12,0.0,0.0,0.0,0.0,-2.252751174851594,0.7913821557012767,-0.0007927089574537056,0.00048037010468979696,0.0,0.0,0.0,0.24316868613760936,1.9838968018165848,0.037950828101784496,0.18902179763012233,nan,nan,nan,nan,nan,nan,nan,0.0,0.0,0.0,-2.22896823710624,0.7440285165608159,-5.861422956204302e-05,-0.000777904184730184,0.0,0.0,0.0,1.06974338626183,-1.1932229430628882,-0.0005234036669061482,-0.003976411551894659,nan,nan,nan,nan,nan,nan,nan,nan,nan,nan,nan,nan,nan,nan,0.0,0.0,0.0,-1.0284036510792705,-0.8980068004965273,-0.0012035328368167752,-0.0006319603909292692,nan,nan,nan,nan,nan,nan,nan,nan,nan,nan,nan,nan,nan,nan,nan,nan,nan,nan,nan,nan,nan,nan,nan,nan,nan,nan,nan,nan,nan,nan,nan,nan,nan,nan,nan,nan,nan,nan,nan,nan,nan,nan,nan,nan,nan,nan,nan,nan,nan,0.004499031792227229
1791062931.2973447,2.985410852104515,2.2020054541487872,0.49799418439052173,2.8836998291112135e-13,2.9596020680054504e-12,0.0,0.0,0.0,0.0,-2.2527343416723435,0.7913739493898126,0.002333217661513851,-0.005736367328972846,0.0,0.0,0.0,0.2470091810704218,2.002015245614885,0.0345621720898929,0.16992162540770142,nan,nan,nan,nan,nan,nan,nan,0.0,0.0,0.0,-2.2289597954386635,0.7440090885713282,0.0011809397051484663,-0.004164242745496959,0.0,0.0,0.0,1.0697691871507873,-1.1931645019876294,0.0003670556522837274,-0.0009760465679051121,nan,nan,nan,nan,nan,nan,nan,nan,nan,nan,nan,nan,nan,nan,0.0,0.0,0.0,-1.0283886243952851,-0.8980086318063016,0.0006817863691689932,-0.00014808255843834977,nan,nan,nan,nan,nan,nan,nan,nan,nan,nan,nan,nan,nan,nan,nan,nan,nan,nan,nan,nan,nan,nan,nan,nan,nan,nan,nan,nan,nan,nan,nan,nan,nan,nan,nan,nan,nan,nan,nan,nan,nan,nan,nan,nan,nan,nan,nan,nan,nan,0.004893811137359684
1791062931.3985415,2.985393205316055,2.2020220359187985,0.49852472676181714,2.614613283675387e-13,2.68343286055026e-12,0.0,0.0,0.0,0.0,-2.2527355063241292,0.7913883168384293,0.00029667098310324596,-7.23353090479426e-05,0.0,0.0,0.0,0.2505886810083396,2.020289637514225,0.03437946993819892,0.19075506506024137,nan,nan,nan,nan,nan,nan,nan,0.0,0.0,0.0,-2.2289689833984125,0.7440201726974047,-0.00026974084880254076,-0.0008902046993654178,0.0,0.0,0.0,1.0697154750609814,-1.193205869079935,-0.00039308199517118546,0.00019609136431329868,nan,nan,nan,nan,nan,nan,nan,nan,nan,nan,nan,nan,nan,nan,0.0,0.0,0.0,-1.028374249354438,-0.8980126865536566,7.031848654377833e-05,-0.00028454443016436275,nan,nan,nan,nan,nan,nan,nan,nan,nan,nan,nan,nan,nan,nan,nan,nan,nan,nan,nan,nan,nan,nan,nan,nan,nan,nan,nan,nan,nan,nan,nan,nan,nan,nan,nan,nan,nan,nan,nan,nan,nan,nan,nan,nan,nan,nan,nan,nan,nan,0.0025833365855039226
1791062931.4979815,2.9853883180362373,2.202032559409226,0.49842016951383206,2.365799933140191e-13,2.428070461399897e-12,0.0,0.0,0.0,0.0,-2.252739587068575,0.7913847166435475,0.0023518106618189275,-0.004988982349097853,0.0,0.0,0.0,0.253849949465911,2.03780568632737,0.03248309926643077,0.17157371941795913,nan,nan,nan,nan,nan,nan,nan,0.0,0.0,0.0,-2.2289617240266324,0.744036108089509,0.001373918544314176,0.00037929135741659943,0.0,0.0,0.0,1.0697029897992507,-1.1932178132050129,-0.001228718094875248,-0.00048179242978423314,nan,nan,nan,nan,nan,nan,nan,nan,nan,nan,nan,nan,nan,nan,0.0,0.0,0.0,-1.0283690082616916,-0.8980095426388396,0.00017608356840269004,5.76670593036786e-05,nan,nan,nan,nan,nan,nan,nan,nan,nan,nan,nan,nan,nan,nan,nan,nan,nan,nan,nan,nan,nan,nan,nan,nan,nan,nan,nan,nan,nan,nan,nan,nan,nan,nan,nan,nan,nan,nan,nan,nan,nan,nan,nan,nan,nan,nan,nan,nan,nan,0.0022433500727671676
1791062931.5985038,2.985404579984209,2.201993487395909,0.4976158123950644,2.1407214321319125e-13,2.1970676398430572e-12,0.0,0.0,0.0,0.0,-2.2527338289203818,0.7913791800088457,-0.0020534338382333698,-0.0008087694456009798,0.0,0.0,0.0,0.2568782566077584,2.0557851204652087,0.03245645222003504,0.17429614323095213,nan,nan,nan,nan,nan,nan,nan,0.0,0.0,0.0,-2.2289554636768045,0.7440498496539812,0.0027473229249267367,0.0017652050448365905,0.0,0.0,0.0,1.0697273545652528,-1.1932225610543312,-0.0011014791386330552,-0.0011494839147373967,nan,nan,nan,nan,nan,nan,nan,nan,nan,nan,nan,nan,nan,nan,0.0,0.0,0.0,-1.0283704595665975,-0.8979952450834654,-0.00046711558440133173,0.000257953716847707,nan,nan,nan,nan,nan,nan,nan,nan,nan,nan,nan,nan,nan,nan,nan,nan,nan,nan,nan,nan,nan,nan,nan,nan,nan,nan,nan,nan,nan,nan,nan,nan,nan,nan,nan,nan,nan,nan,nan,nan,nan,nan,nan,nan,nan,nan,nan,nan,nan,0.0029663887081660474
1791062931.6976247,2.9853736874540124,2.2020204682309896,0.4980798806666804,1.9370048536930134e-13,1.987989010802604e-12,0.0,0.0,0.0,0.0,-2.2527474222722055,0.7913749854937578,0.0002502228128242026,-0.000694345226744219,0.0,0.0,0.0,0.2600410333942092,2.073054950630307,0.03076096094229419,0.1716871908261671,nan,nan,nan,nan,nan,nan,nan,0.0,0.0,0.0,-2.228969610642498,0.744036607845576,0.0026128011157613216,-3.737377304990691e-05,0.0,0.0,0.0,1.0697401024329642,-1.1931537416289513,-0.008231444708669938,-0.00557877229453916,nan,nan,nan,nan,nan,nan,nan,nan,nan,nan,nan,nan,nan,nan,0.0,0.0,0.0,-1.0283631307159131,-0.8979825414145911,0.0009457303365729007,0.0008397585010993501,nan,nan,nan,nan,nan,nan,nan,nan,nan,nan,nan,nan,nan,nan,nan,nan,nan,nan,nan,nan,nan,nan,nan,nan,nan,nan,nan,nan,nan,nan,nan,nan,nan,nan,nan,nan,nan,nan,nan,nan,nan,nan,nan,nan,nan,nan,nan,nan,nan,0.002274455524884543
1791062931.798522,2.985326396465095,2.202017040820166,0.4978202074732393,1.7529223603205325e-13,1.7990612581395573e-12,0.0,0.0,0.0,0.0,-2.2527195916205787,0.791366693685312,0.0013629611694503793,-1.52821629559189e-05,0.0,0.0,0.0,0.26330681246132337,2.08985610797099,0.03089914951898097,0.1607792008741577,nan,nan,nan,nan,nan,nan,nan,0.0,0.0,0.0,-2.2289732304519503,0.7440918147438249,0.002360747258667555,-0.00014353143726267108,0.0,0.0,0.0,1.069864105012451,-1.193100933632835,0.00998024740112469,0.008849372155968089,nan,nan,nan,nan,nan,nan,nan,nan,nan,nan,nan,nan,nan,nan,0.0,0.0,0.0,-1.028375311765375,-0.8979862715805835,-0.0002671990562034176,0.0003138878682555398,nan,nan,nan,nan,nan,nan,nan,nan,nan,nan,nan,nan,nan,nan,nan,nan,nan,nan,nan,nan,nan,nan,nan,nan,nan,nan,nan,nan,nan,nan,nan,nan,nan,nan,nan,nan,nan,nan,nan,nan,nan,nan,nan,nan,nan,nan,nan,nan,nan,0.003842031868012073
1791062931.8980157,2.985384357980458,2.2020208382602666,0.4981850188562222,1.586109742782571e-13,1.6278579439628121e-12,0.0,0.0,0.0,0.0,-2.25274308337807,0.7913845367433835,-0.0007623055199705235,-0.0013116569858024724,0.0,0.0,0.0,0.2668779731143263,2.1070054402145817,0.0568684001215462,0.16747558202292068,nan,nan,nan,nan,nan,nan,nan,0.0,0.0,0.0,-2.2290009546712692,0.7441182129524796,-0.0009667952716571142,0.0011352668252771207,0.0,0.0,0.0,1.069877063477738,-1.193095163406178,0.01066157514642233,0.009927297039459234,nan,nan,nan,nan,nan,nan,nan,nan,nan,nan,nan,nan,nan,nan,0.0,0.0,0.0,-1.0283850856961763,-0.8979851791861401,-0.00019476497550094878,0.0005139034137832613,nan,nan,nan,nan,nan,nan,nan,nan,nan,nan,nan,nan,nan,nan,nan,nan,nan,nan,nan,nan,nan,nan,nan,nan,nan,nan,nan,nan,nan,nan,nan,nan,nan,nan,nan,nan,nan,nan,nan,nan,nan,nan,nan,nan,nan,nan,nan,nan,nan,0.002076504723337422
1791062932.0002868,2.9854038411173693,2.2020497669286154,0.49815918009575927,1.436178102385763e-13,1.4739799333258286e-12,0.0,0.0,0.0,0.0,-2.2527383372621492,0.7913924117198285,-0.0013749007717386982,-0.00144788711770663,0.0,0.0,0.0,0.2699009502042391,2.1242605478407075,0.027694746553093546,0.15811705437720472,nan,nan,nan,nan,nan,nan,nan,0.0,0.0,0.0,-2.2290028424192543,0.744085226335877,-0.0007069060512850538,-0.0015673113703998567,0.0,0.0,0.0,1.069725133726208,-1.1931542821633445,-0.001114486952860995,0.0003999585513633282,nan,nan,nan,nan,nan,nan,nan,nan,nan,nan,nan,nan,nan,nan,0.0,0.0,0.0,-1.0283806913543685,-0.8979939970345088,-0.0004986082650524403,0.0002926937768651045,nan,nan,nan,nan,nan,nan,nan,nan,nan,nan,nan,nan,nan,nan,nan,nan,nan,nan,nan,nan,nan,nan,nan,nan,nan,nan,nan,nan,nan,nan,nan,nan,nan,nan,nan,nan,nan,nan,nan,nan,nan,nan,nan,nan,nan,nan,nan,nan,nan,0.00022057201699365105
1791062932.0992432,2.9853972090816625,2.2020418926578498,0.498492820847619,1.2995076862095074e-13,1.3337121973197963e-12,0.0,0.0,0.0,0.0,-2.252748086883156,0.7913938528693031,-0.0007762648985736394,-0.0019158156509478947,0.0,0.0,0.0,0.2734765673814524,2.1409818024906873,0.05475521425607381,0.14246498622173107,nan,nan,nan,nan,nan,nan,nan,0.0,0.0,0.0,-2.228989059940102,0.7440318167923613,-0.002967527000365798,0.0003194166736388811,0.0,0.0,0.0,1.0697191373989727,-1.1931533080978847,0.00039810062288235634,0.0034631559023113453,nan,nan,nan,nan,nan,nan,nan,nan,nan,nan,nan,nan,nan,nan,0.0,0.0,0.0,-1.0283795172598424,-0.8980026262067033,-9.028749354713161e-05,-0.0005355245547556945,nan,nan,nan,nan,nan,nan,nan,nan,nan,nan,nan,nan,nan,nan,nan,nan,nan,nan,nan,nan,nan,nan,nan,nan,nan,nan,nan,nan,nan,nan,nan,nan,nan,nan,nan,nan,nan,nan,nan,nan,nan,nan,nan,nan,nan,nan,nan,nan,nan,0.0006740300275210813
1791062932.1991165,2.9854709402996304,2.2020206003040386,0.4984467503768512,1.178562597186858e-13,1.2095836968520966e-12,0.0,0.0,0.0,0.0,-2.2527492105090148,0.7913660052581638,-0.0007694913453487651,-0.0004571209739812075,0.0,0.0,0.0,0.276564075845015,2.157088726974382,0.03397267488041664,0.15961149559471527,nan,nan,nan,nan,nan,nan,nan,0.0,0.0,0.0,-2.2289317816670757,0.7439936477427211,0.0013763443552329134,0.00013516835334718166,0.0,0.0,0.0,1.069747684966909,-1.1932099783396652,0.00015609698361485568,-0.0007390630166984343,nan,nan,nan,nan,nan,nan,nan,nan,nan,nan,nan,nan,nan,nan,0.0,0.0,0.0,-1.0283824178317553,-0.8980054341359759,-0.0008038491878873127,7.19735412520273e-05,nan,nan,nan,nan,nan,nan,nan,nan,nan,nan,nan,nan,nan,nan,nan,nan,nan,nan,nan,nan,nan,nan,nan,nan,nan,nan,nan,nan,nan,nan,nan,nan,nan,nan,nan,nan,nan,nan,nan,nan,nan,nan,nan,nan,nan,nan,nan,nan,nan,0.0039017529307624793
1791062932.2992013,2.985404989813409,2.202015523430236,0.4980093880630565,1.0664075376021717e-13,1.0944765893323737e-12,0.0,0.0,0.0,0.0,-2.2527387458239234,0.7913714889421356,-3.374104541582925e-05,-0.000985509305490273,0.0,0.0,0.0,0.2796852923502583,2.1727790792244446,0.035240303692531866,0.16866364156050784,nan,nan,nan,nan,nan,nan,nan,0.0,0.0,0.0,-2.2288999014958275,0.7439472952764591,0.0007335664512773483,0.001115498941289257,0.0,0.0,0.0,1.0697159434860515,-1.1932031161566268,-0.0010334847889162124,0.0002452161143642805,nan,nan,nan,nan,nan,nan,nan,nan,nan,nan,nan,nan,nan,nan,0.0,0.0,0.0,-1.028368084901713,-0.8979892749872815,-0.0007059093305495077,1.5448774340974091e-06,nan,nan,nan,nan,nan,nan,nan,nan,nan,nan,nan,nan,nan,nan,nan,nan,nan,nan,nan,nan,nan,nan,nan,nan,nan,nan,nan,nan,nan,nan,nan,nan,nan,nan,nan,nan,nan,nan,nan,nan,nan,nan,nan,nan,nan,nan,nan,nan,nan,0.005585555003466605
1791062932.3976119,2.985401323884342,2.2020364990400667,0.49827110045156037,9.650612311245666e-14,9.904627335184418e-13,0.0,0.0,0.0,0.0,-2.25274976848635,0.7913652205460685,0.0009433996260153643,-0.0019200038656421317,0.0,0.0,0.0,0.28296462245528936,2.189211855310167,0.0341825528772249,0.1570669798223996,nan,nan,nan,nan,nan,nan,nan,0.0,0.0,0.0,-2.228949504579126,0.7440356638858441,-0.00197223367912131,0.001025469473091541,0.0,0.0,0.0,1.069715590185056,-1.1932106104639968,-0.001302781875235247,0.0006099220807198236,nan,nan,nan,nan,nan,nan,nan,nan,nan,nan,nan,nan,nan,nan,0.0,0.0,0.0,-1.0283822426203177,-0.897993724511546,0.00016273092201900914,-0.0007199027494624947,nan,nan,nan,nan,nan,nan,nan,nan,nan,nan,nan,nan,nan,nan,nan,nan,nan,nan,nan,nan,nan,nan,nan,nan,nan,nan,nan,nan,nan,nan,nan,nan,nan,nan,nan,nan,nan,nan,nan,nan,nan,nan,nan,nan,nan,nan,nan,nan,nan,0.002339594148405093
1791062932.4982927,2.9853961849679806,2.202008304088339,0.49806340121200193,8.732416786180701e-14,8.962263866080499e-13,0.0,0.0,0.0,0.0,-2.2527397763114996,0.7913823453811483,-6.326148085855429e-05,0.00034673010367245735,0.0,0.0,0.0,0.2862230032146299,2.2066167624257793,0.029882598531394827,0.18023548714104382,nan,nan,nan,nan,nan,nan,nan,0.0,0.0,0.0,-2.2289188890303597,0.7440184471750149,0.0009350806861222547,-5.600728504448103e-05,0.0,0.0,0.0,1.0697601431619168,-1.1931531249630885,0.001074461267120911,0.0004416809134528822,nan,nan,nan,nan,nan,nan,nan,nan,nan,nan,nan,nan,nan,nan,0.0,0.0,0.0,-1.0283754414920805,-0.8979924913014992,0.00019069567360008153,-0.00045032716175186124,nan,nan,nan,nan,nan,nan,nan,nan,nan,nan,nan,nan,nan,nan,nan,nan,nan,nan,nan,nan,nan,nan,nan,nan,nan,nan,nan,nan,nan,nan,nan,nan,nan,nan,nan,nan,nan,nan,nan,nan,nan,nan,nan,nan,nan,nan,nan,nan,nan,0.002961812698407104
1791062932.5990102,2.9854423957254133,2.2020409605337448,0.4980112351677651,7.901417459280181e-14,8.109391697632945e-13,0.0,0.0,0.0,0.0,-2.252745945473099,0.7914062411798644,-0.00027678608542729404,-0.0015271404818404388,0.0,0.0,0.0,0.2892952302174187,2.223008349458251,0.02393151453886167,0.1581926247542334,nan,nan,nan,nan,nan,nan,nan,0.0,0.0,0.0,-2.2289534389832664,0.7439943537751679,4.2902076086788823e-05,0.001341603861005781,0.0,0.0,0.0,1.0697461680600107,-1.1931621363521914,-0.0004913480530725496,-0.0007548208684683535,nan,nan,nan,nan,nan,nan,nan,nan,nan,nan,nan,nan,nan,nan,0.0,0.0,0.0,-1.0283844445062267,-0.8979885995539473,-0.0008802419144164478,0.00013184507806549147,nan,nan,nan,nan,nan,nan,nan,nan,nan,nan,nan,nan,nan,nan,nan,nan,nan,nan,nan,nan,nan,nan,nan,nan,nan,nan,nan,nan,nan,nan,nan,nan,nan,nan,nan,nan,nan,nan,nan,nan,nan,nan,nan,nan,nan,nan,nan,nan,nan,0.004493229903362972
1791062932.6983309,2.985381629815659,2.2020204796358946,0.4976790479606871,7.149998513265801e-14,7.338194555644673e-13,0.0,0.0,0.0,0.0,-2.2527113514887995,0.791383734421676,0.002953407060235021,-0.002047293397401945,0.0,0.0,0.0,0.29253931317834386,2.2398966832945697,0.028406570100354585,0.1550789431564901,nan,nan,nan,nan,nan,nan,nan,0.0,0.0,0.0,-2.2289972273109515,0.7441011461567871,-0.00031031391257436297,0.0040474226376151145,0.0,0.0,0.0,1.069724954653379,-1.1932128446127994,0.00026997193756797875,0.0009600383640740412,nan,nan,nan,nan,nan,nan,nan,nan,nan,nan,nan,nan,nan,nan,0.0,0.0,0.0,-1.0283768554354615,-0.8979842303052602,0.0005739762790836788,7.48867100689077e-05,nan,nan,nan,nan,nan,nan,nan,nan,nan,nan,nan,nan,nan,nan,nan,nan,nan,nan,nan,nan,nan,nan,nan,nan,nan,nan,nan,nan,nan,nan,nan,nan,nan,nan,nan,nan,nan,nan,nan,nan,nan,nan,nan,nan,nan,nan,nan,nan,nan,0.009593910831926315
1791062932.7981768,2.9854026963568576,2.2020338085814006,0.4978626249450253,6.469586194734873e-14,6.639873015832681e-13,0.0,0.0,0.0,0.0,-2.252729537152926,0.7913894592674343,0.0005261060913560151,0.00045468343634239104,0.0,0.0,0.0,0.2950701810873695,2.2555668772355455,0.07063972674479145,0.14296860688018448,nan,nan,nan,nan,nan,nan,nan,0.0,0.0,0.0,-2.2290017329406497,0.7440586013359155,0.000815808593613122,0.0025953802580001564,0.0,0.0,0.0,1.0697305587023058,-1.1932226183605348,-9.907540166974987e-06,-0.0008101375006152134,nan,nan,nan,nan,nan,nan,nan,nan,nan,nan,nan,nan,nan,nan,0.0,0.0,0.0,-1.0283884623523796,-0.8979904682426694,-0.0006678504493395885,-0.00035258237428569016,nan,nan,nan,nan,nan,nan,nan,nan,nan,nan,nan,nan,nan,nan,nan,nan,nan,nan,nan,nan,nan,nan,nan,nan,nan,nan,nan,nan,nan,nan,nan,nan,nan,nan,nan,nan,nan,nan,nan,nan,nan,nan,nan,nan,nan,nan,nan,nan,nan,0.0008034135565978304
1791062932.898101,2.985407798634604,2.202038224513106,0.4980698277064634,5.853923669137423e-14,6.008005556689656e-13,0.0,0.0,0.0,0.0,-2.252760266311056,0.7914502968639902,-0.002425234241937465,0.005160986221913475,0.0,0.0,0.0,0.2979683741249862,2.27116707068461,0.02289701456919701,0.1461863815069257,nan,nan,nan,nan,nan,nan,nan,0.0,0.0,0.0,-2.229013671625074,0.7440715326479694,0.000265518838349587,0.0005135734261265817,0.0,0.0,0.0,1.0697368280663064,-1.19315644112459,2.707170134940386e-05,0.00448220210039387,nan,nan,nan,nan,nan,nan,nan,nan,nan,nan,nan,nan,nan,nan,0.0,0.0,0.0,-1.028389265451487,-0.8979916972560605,-0.000410795316117635,0.0005503511657560348,nan,nan,nan,nan,nan,nan,nan,nan,nan,nan,nan,nan,nan,nan,nan,nan,nan,nan,nan,nan,nan,nan,nan,nan,nan,nan,nan,nan,nan,nan,nan,nan,nan,nan,nan,nan,nan,nan,nan,nan,nan,nan,nan,nan,nan,nan,nan,nan,nan,0.0012217589625527724
1791062932.9976761,2.985440156408956,2.2020294819988036,0.4980455567344914,5.296849179005595e-14,5.436268236326673e-13,0.0,0.0,0.0,0.0,-2.2527459302544837,0.7913819856615357,5.3534703709240015e-05,-1.3615582318886522e-05,0.0,0.0,0.0,0.30125664701225907,2.286821346980014,0.030966162913295722,0.14526923316303184,nan,nan,nan,nan,nan,nan,nan,0.0,0.0,0.0,-2.2290026247582384,0.7440431784329222,-0.0006906580442644108,-0.0006593811971394624,0.0,0.0,0.0,1.0697463320350662,-1.1931631701611367,0.0009947424822540404,0.00399876100982748,nan,nan,nan,nan,nan,nan,nan,nan,nan,nan,nan,nan,nan,nan,0.0,0.0,0.0,-1.0283745557862998,-0.8980071615412091,5.404658762015673e-05,-0.00048272552964413496,nan,nan,nan,nan,nan,nan,nan,nan,nan,nan,nan,nan,nan,nan,nan,nan,nan,nan,nan,nan,nan,nan,nan,nan,nan,nan,nan,nan,nan,nan,nan,nan,nan,nan,nan,nan,nan,nan,nan,nan,nan,nan,nan,nan,nan,nan,nan,nan,nan,0.0016885981823922325
1791062933.0988047,2.985381170568497,2.2020520888269126,0.4985282804135606,4.792787335620725e-14,4.91893891549223e-13,0.0,0.0,0.0,0.0,-2.2527300263314247,0.7913851809462285,0.0015076803465009835,0.0001942886799719437,0.0,0.0,0.0,0.30409665566485083,2.30187661622776,0.026069937897738996,0.1506423593903475,nan,nan,nan,nan,nan,nan,nan,0.0,0.0,0.0,-2.228976158993881,0.7439746260649718,0.0028903678684973986,-0.005569903759201688,0.0,0.0,0.0,1.0697330331570742,-1.193225368431615,0.000635744363700962,-0.001165022061063398,nan,nan,nan,nan,nan,nan,nan,nan,nan,nan,nan,nan,nan,nan,0.0,0.0,0.0,-1.028387140813826,-0.8980080773957693,-0.00038087274197320936,-0.0003291617036699239,nan,nan,nan,nan,nan,nan,nan,nan,nan,nan,nan,nan,nan,nan,nan,nan,nan,nan,nan,nan,nan,nan,nan,nan,nan,nan,nan,nan,nan,nan,nan,nan,nan,nan,nan,nan,nan,nan,nan,nan,nan,nan,nan,nan,nan,nan,nan,nan,nan,0.001484618792870573
1791062933.1987057,2.98537497061593,2.2020587713821524,0.4984191910228496,4.344624164307235e-14,4.4589795829593106e-13,0.0,0.0,0.0,0.0,-2.252733699463933,0.7913754300896098,0.0018279720619869672,-0.0005051778038093264,0.0,0.0,0.0,0.30712589903134174,2.3173042205758834,0.02713585747101314,0.16764797369469916,nan,nan,nan,nan,nan,nan,nan,0.0,0.0,0.0,-2.2289984141332253,0.7439745824638292,-0.0010971078373586,0.00040630642395069974,0.0,0.0,0.0,1.0697455433537844,-1.1932185204490922,0.0005967842244419436,-0.001268863798024854,nan,nan,nan,nan,nan,nan,nan,nan,nan,nan,nan,nan,nan,nan,0.0,0.0,0.0,-1.0283877366179732,-0.8980051153888224,-0.00018363569826046797,0.0004446059488631551,nan,nan,nan,nan,nan,nan,nan,nan,nan,nan,nan,nan,nan,nan,nan,nan,nan,nan,nan,nan,nan,nan,nan,nan,nan,nan,nan,nan,nan,nan,nan,nan,nan,nan,nan,nan,nan,nan,nan,nan,nan,nan,nan,nan,nan,nan,nan,nan,nan,0.004251635887488341
1791062933.2970765,2.9854657278464973,2.202039220017949,0.4985049843101612,3.931178511794567e-14,4.034651573562614e-13,0.0,0.0,0.0,0.0,-2.252736643057373,0.7913604861065002,2.8070492784456897e-05,-0.0008833720947893641,0.0,0.0,0.0,0.310294555638641,2.3332317181337228,0.04428895027894547,0.18752663134837735,nan,nan,nan,nan,nan,nan,nan,0.0,0.0,0.0,-2.2289498682151256,0.7439548095546098,-0.0010239110343631076,0.0003479706727630007,0.0,0.0,0.0,1.0697141979807079,-1.1932215199534155,-0.0015083189422195006,-0.004255560159453229,nan,nan,nan,nan,nan,nan,nan,nan,nan,nan,nan,nan,nan,nan,0.0,0.0,0.0,-1.0253480332924456,-0.8982105298472268,0.0035085569200654114,-0.00044266214637077165,nan,nan,nan,nan,nan,nan,nan,nan,nan,nan,nan,nan,nan,nan,nan,nan,nan,nan,nan,nan,nan,nan,nan,nan,nan,nan,nan,nan,nan,nan,nan,nan,nan,nan,nan,nan,nan,nan,nan,nan,nan,nan,nan,nan,nan,nan,nan,nan,nan,0.002757443179990641
1791062933.398475,2.985462776613762,2.202042477525633,0.4982106667194739,3.563345835246315e-14,3.6571371252132104e-13,0.0,0.0,0.0,0.0,-2.2527488344720936,0.7913767313815253,-0.0009361714785906837,0.0005972596419840375,0.0,0.0,0.0,0.3131066270784431,2.3476654696024375,0.04738554198790173,0.052869156270135276,nan,nan,nan,nan,nan,nan,nan,0.0,0.0,0.0,-2.2289456136469172,0.7439650530923738,-0.0004211764088663732,0.0015309489905647807,0.0,0.0,0.0,1.0697303212774676,-1.193157943309866,0.0011862500892392137,0.0037893565005969665,nan,nan,nan,nan,nan,nan,nan,nan,nan,nan,nan,nan,nan,nan,0.0,0.0,0.0,-1.0284080970471212,-0.898020198981746,-0.001313382432040541,-0.00019339006960861674,nan,nan,nan,nan,nan,nan,nan,nan,nan,nan,nan,nan,nan,nan,nan,nan,nan,nan,nan,nan,nan,nan,nan,nan,nan,nan,nan,nan,nan,nan,nan,nan,nan,nan,nan,nan,nan,nan,nan,nan,nan,nan,nan,nan,nan,nan,nan,nan,nan,0.0018836359167405479
1791062933.495247,2.9854517862725785,2.2020188266779437,0.4984368565653267,3.224354444624771e-14,3.309223098034873e-13,0.0,0.0,0.0,0.0,-2.252755851140031,0.7913360680752505,0.0003166195481808784,-0.0027538819463693628,0.0,0.0,0.0,0.31330591831984583,2.348010774683604,0.015425306815775381,-0.0038409055002142922,nan,nan,nan,nan,nan,nan,nan,0.0,0.0,0.0,-2.228944961952938,0.7439235839242456,-0.0011550799322458942,-0.0010719860146918838,0.0,0.0,0.0,1.069745057716141,-1.1931582129087923,0.002150049569452459,0.003956952425779334,nan,nan,nan,nan,nan,nan,nan,nan,nan,nan,nan,nan,nan,nan,0.0,0.0,0.0,-1.0283920904380566,-0.8980110533835987,-2.6437878346760895e-06,0.0002593755404343437,nan,nan,nan,nan,nan,nan,nan,nan,nan,nan,nan,nan,nan,nan,nan,nan,nan,nan,nan,nan,nan,nan,nan,nan,nan,nan,nan,nan,nan,nan,nan,nan,nan,nan,nan,nan,nan,nan,nan,nan,nan,nan,nan,nan,nan,nan,nan,nan,nan,0.003959023690220046
1791062933.5981479,2.985418154570193,2.202045893913712,0.4983711481356848,2.9175165509717597e-14,2.9943088842077766e-13,0.0,0.0,0.0,0.0,-2.2527584544326342,0.7913670794177007,0.0003285538973338674,4.342342294249396e-05,0.0,0.0,0.0,0.31311883392777057,2.348173080572704,-0.0007410906376529812,-0.0007301490223865831,nan,nan,nan,nan,nan,nan,nan,0.0,0.0,0.0,-2.2289650672818904,0.7439142975575903,-0.0012882414146271318,-0.001842571018380593,0.0,0.0,0.0,1.069732238497529,-1.19321521083342,0.00022460520459913875,-0.003523229867247378,nan,nan,nan,nan,nan,nan,nan,nan,nan,nan,nan,nan,nan,nan,0.0,0.0,0.0,-1.0283898158482216,-0.8980233456805653,-2.5721101710658606e-05,-0.0006405168650542925,nan,nan,nan,nan,nan,nan,nan,nan,nan,nan,nan,nan,nan,nan,nan,nan,nan,nan,nan,nan,nan,nan,nan,nan,nan,nan,nan,nan,nan,nan,nan,nan,nan,nan,nan,nan,nan,nan,nan,nan,nan,nan,nan,nan,nan,nan,nan,nan,nan,0.0023486242435081252
1791062933.6987774,2.98540886222978,2.2020293830012116,0.49839182138077126,2.6398781434789534e-14,2.7093627200202556e-13,0.0,0.0,0.0,0.0,-2.2527560731046474,0.7913548156761845,0.00041182231254969983,-0.003826264895589667,0.0,0.0,0.0,0.31317261291599735,2.3481423348211217,-0.003501772288569718,0.0016022961564767862,nan,nan,nan,nan,nan,nan,nan,0.0,0.0,0.0,-2.2289498435149553,0.74398208996441,-0.0027778787167104684,0.0035303547543033015,0.0,0.0,0.0,1.069858251934767,-1.193099173757051,0.00895297081176174,0.0052883029979463704,nan,nan,nan,nan,nan,nan,nan,nan,nan,nan,nan,nan,nan,nan,0.0,0.0,0.0,-1.028384534327537,-0.8980158381529865,-0.0008092765127238488,-0.0003957505787076203,nan,nan,nan,nan,nan,nan,nan,nan,nan,nan,nan,nan,nan,nan,nan,nan,nan,nan,nan,nan,nan,nan,nan,nan,nan,nan,nan,nan,nan,nan,nan,nan,nan,nan,nan,nan,nan,nan,nan,nan,nan,nan,nan,nan,nan,nan,nan,nan,nan,0.0022742500867327367
1791062933.7984416,2.9853481723577775,2.20200500989664,0.49792903449589326,2.388936661611718e-14,2.451816174715807e-13,0.0,0.0,0.0,0.0,-2.2527431208444244,0.7913471730107953,7.067785186296457e-05,-0.0005501856787724441,0.0,0.0,0.0,0.313246125620408,2.3480837591676282,-0.004033996878580081,0.003071271222890416,nan,nan,nan,nan,nan,nan,nan,0.0,0.0,0.0,-2.228951240031885,0.7439627091335355,-0.000714447324546298,-0.001300180888870466,0.0,0.0,0.0,1.0697245337845325,-1.193211722435781,-0.003011986082411788,-0.0069236714418706045,nan,nan,nan,nan,nan,nan,nan,nan,nan,nan,nan,nan,nan,nan,0.0,0.0,0.0,-1.028378508919722,-0.8980077336717782,0.00016399397552627082,0.0005384069338729755,nan,nan,nan,nan,nan,nan,nan,nan,nan,nan,nan,nan,nan,nan,nan,nan,nan,nan,nan,nan,nan,nan,nan,nan,nan,nan,nan,nan,nan,nan,nan,nan,nan,nan,nan,nan,nan,nan,nan,nan,nan,nan,nan,nan,nan,nan,nan,nan,nan,0.006498850157054669
1791062933.897906,2.985462817051828,2.2020396126802106,0.4984078784614458,2.161599281088498e-14,2.2184950173820222e-13,0.0,0.0,0.0,0.0,-2.2527591265093436,0.7913711535516827,-0.0005692111655325649,0.0017470108428639813,0.0,0.0,0.0,0.31319242624171745,2.3481601067915507,0.002708989565321006,0.001516496710080059,nan,nan,nan,nan,nan,nan,nan,0.0,0.0,0.0,-2.2289511303035074,0.7439573448272099,-0.001092536339188647,-0.0017994155420005785,0.0,0.0,0.0,1.0697435168508895,-1.1931417712252015,0.0006498599310042983,0.001012713156586763,nan,nan,nan,nan,nan,nan,nan,nan,nan,nan,nan,nan,nan,nan,0.0,0.0,0.0,-1.0283764375236961,-0.8980131517311442,0.0002891250846664644,-0.0005289062838786128,nan,nan,nan,nan,nan,nan,nan,nan,nan,nan,nan,nan,nan,nan,nan,nan,nan,nan,nan,nan,nan,nan,nan,nan,nan,nan,nan,nan,nan,nan,nan,nan,nan,nan,nan,nan,nan,nan,nan,nan,nan,nan,nan,nan,nan,nan,nan,nan,nan,0.027266915962416552
1791062933.9986465,2.985378345919392,2.202040120801431,0.4979560096486679,1.955895912640044e-14,2.0073773037733313e-13,0.0,0.0,0.0,0.0,-2.2527486690358285,0.7913804069295212,0.0009337700675662617,-0.0012450867336258895,0.0,0.0,0.0,0.31323962117028425,2.3481043077908157,-0.006235810895408725,0.005162035590738776,nan,nan,nan,nan,nan,nan,nan,0.0,0.0,0.0,-2.2289694983167667,0.744039269030392,0.0005533610067450099,-0.0018800868164021312,0.0,0.0,0.0,1.0697237409650349,-1.1932245958715386,5.2440923812841714e-05,-0.004258413228230694,nan,nan,nan,nan,nan,nan,nan,nan,nan,nan,nan,nan,nan,nan,0.0,0.0,0.0,-1.0283804849418283,-0.8980185620013678,0.0006872611551113508,7.991398341284919e-05,nan,nan,nan,nan,nan,nan,nan,nan,nan,nan,nan,nan,nan,nan,nan,nan,nan,nan,nan,nan,nan,nan,nan,nan,nan,nan,nan,nan,nan,nan,nan,nan,nan,nan,nan,nan,nan,nan,nan,nan,nan,nan,nan,nan,nan,nan,nan,nan,nan,0.0007239970127759045
1791062934.099087,2.9854198032953945,2.202043922673901,0.49797136062816966,1.7698230519893734e-14,1.8164067951156575e-13,0.0,0.0,0.0,0.0,-2.2527534906929714,0.7913399758491291,0.0011869820514480507,-0.00032335343220156655,0.0,0.0,0.0,0.3133570679729435,2.348045030303186,0.008152511932234402,-0.0054143537200793184,nan,nan,nan,nan,nan,nan,nan,0.0,0.0,0.0,-2.2289588302814822,0.7440524730117555,0.0014270235185451336,0.0017316310403585958,0.0,0.0,0.0,1.0697132616053742,-1.1932185773326223,-0.001215331383001542,-0.0013279481164448594,nan,nan,nan,nan,nan,nan,nan,nan,nan,nan,nan,nan,nan,nan,0.0,0.0,0.0,-1.0283990133769545,-0.8980019202112699,-0.00023318177739874773,0.00020235361918526773,nan,nan,nan,nan,nan,nan,nan,nan,nan,nan,nan,nan,nan,nan,nan,nan,nan,nan,nan,nan,nan,nan,nan,nan,nan,nan,nan,nan,nan,nan,nan,nan,nan,nan,nan,nan,nan,nan,nan,nan,nan,nan,nan,nan,nan,nan,nan,nan,nan,0.00044355432208602514
1791062934.1986384,2.985399831880655,2.2020451337293987,0.49835882050318764,1.6016057073822216e-14,1.6437617798655243e-13,0.0,0.0,0.0,0.0,-2.2527694737090878,0.7913961268412707,-0.00012050447520182376,0.0006208973381089097,0.0,0.0,0.0,0.31315586164514486,2.348152361471118,-0.0027447965522630186,9.223814274655684e-05,nan,nan,nan,nan,nan,nan,nan,0.0,0.0,0.0,-2.2289593441086266,0.7440024145734422,0.0013424286700735456,-0.001339298602820079,0.0,0.0,0.0,1.0698796183987178,-1.1930173447212329,0.010842260133773731,0.014478667618328733,nan,nan,nan,nan,nan,nan,nan,nan,nan,nan,nan,nan,nan,nan,0.0,0.0,0.0,-1.0283757176203165,-0.8980104521324521,-5.896406569199228e-05,-0.00014405562409420598,nan,nan,nan,nan,nan,nan,nan,nan,nan,nan,nan,nan,nan,nan,nan,nan,nan,nan,nan,nan,nan,nan,nan,nan,nan,nan,nan,nan,nan,nan,nan,nan,nan,nan,nan,nan,nan,nan,nan,nan,nan,nan,nan,nan,nan,nan,nan,nan,nan,0.0008654488985703731
1791062934.299075,2.985394368163646,2.2020153856281803,0.4978570995466882,1.449192773210218e-14,1.4873371649966223e-13,0.0,0.0,0.0,0.0,-2.252739335366766,0.7913903283065076,0.0017622124264863707,-0.001333033764621243,0.0,0.0,0.0,0.3132010828727711,2.3481465981330314,-0.008230923669858635,0.007357130500447707,nan,nan,nan,nan,nan,nan,nan,0.0,0.0,0.0,-2.228968435674238,0.7440043427484289,-0.000940987994724796,-0.001184147833141961,0.0,0.0,0.0,1.0697164473783287,-1.1932179212925536,-0.0012332908539994527,-0.003133159968512802,nan,nan,nan,nan,nan,nan,nan,nan,nan,nan,nan,nan,nan,nan,0.0,0.0,0.0,-1.0283875503348274,-0.8980094783737375,-0.0001318109157802743,-0.00016804270207323237,nan,nan,nan,nan,nan,nan,nan,nan,nan,nan,nan,nan,nan,nan,nan,nan,nan,nan,nan,nan,nan,nan,nan,nan,nan,nan,nan,nan,nan,nan,nan,nan,nan,nan,nan,nan,nan,nan,nan,nan,nan,nan,nan,nan,nan,nan,nan,nan,nan,0.002349877842291462
1791062934.399699,2.9853665121875643,2.2020175952533276,0.49801167695050025,1.311283847356771e-14,1.3457983203388303e-13,0.0,0.0,0.0,0.0,-2.2527657233735496,0.791390832957575,-4.293211523458899e-05,-0.0007357521944843471,0.0,0.0,0.0,0.3133078698617302,2.348016013663579,-0.0014416502309958078,0.00015785591396694145,nan,nan,nan,nan,nan,nan,nan,0.0,0.0,0.0,-2.2289615687446056,0.7440438448395278,0.0006126908773950317,0.0024412263553140693,0.0,0.0,0.0,1.0697238487448044,-1.1932271990683572,-0.007472609917593679,-0.008023312384144263,nan,nan,nan,nan,nan,nan,nan,nan,nan,nan,nan,nan,nan,nan,0.0,0.0,0.0,-1.0283938512721045,-0.8980058023523991,-0.0009615685338864252,-0.00010811662443799982,nan,nan,nan,nan,nan,nan,nan,nan,nan,nan,nan,nan,nan,nan,nan,nan,nan,nan,nan,nan,nan,nan,nan,nan,nan,nan,nan,nan,nan,nan,nan,nan,nan,nan,nan,nan,nan,nan,nan,nan,nan,nan,nan,nan,nan,nan,nan,nan,nan,0.00432652740311861
1791062934.4987345,2.9853816045168666,2.20203761657553,0.4979706273818668,1.1900946152492857e-14,1.2214192506643516e-13,0.0,0.0,0.0,0.0,-2.2527570523895806,0.79139644496576,9.11314667750232e-05,0.0009245444665103764,0.0,0.0,0.0,0.31317557047039096,2.3481031608534946,0.0005153818059817565,0.0010792790280136216,nan,nan,nan,nan,nan,nan,nan,0.0,0.0,0.0,-2.228992603306161,0.7440292930873604,-0.0002554497165280997,0.0002785634963628661,0.0,0.0,0.0,1.0697321188063573,-1.1931617531901737,0.0002474587617286049,0.004284062668856216,nan,nan,nan,nan,nan,nan,nan,nan,nan,nan,nan,nan,nan,nan,0.0,0.0,0.0,-1.028381318005232,-0.898005316613683,-0.0002251060814317746,-0.00041197378277669524,nan,nan,nan,nan,nan,nan,nan,nan,nan,nan,nan,nan,nan,nan,nan,nan,nan,nan,nan,nan,nan,nan,nan,nan,nan,nan,nan,nan,nan,nan,nan,nan,nan,nan,nan,nan,nan,nan,nan,nan,nan,nan,nan,nan,nan,nan,nan,nan,nan,0.0018142396523132865
1791062934.5987291,2.9854149564066788,2.2020023567181455,0.49796518155103114,1.0769072565806762e-14,1.1052526727820278e-13,0.0,0.0,0.0,0.0,-2.2527497627377144,0.7913842007237133,0.0004385048756171447,-0.0013251904868056426,0.0,0.0,0.0,0.31329397086669564,2.347984557911872,-0.0003793287074445475,-0.002009829421804536,nan,nan,nan,nan,nan,nan,nan,0.0,0.0,0.0,-2.2289464165848982,0.7440329257126933,-1.942887643526279e-05,-0.0018466738976743305,0.0,0.0,0.0,1.0697195515988602,-1.193208978320608,-0.0031859622642870103,-0.0036760377919181444,nan,nan,nan,nan,nan,nan,nan,nan,nan,nan,nan,nan,nan,nan,0.0,0.0,0.0,-1.0283830653696275,-0.8979849149952598,0.0003127769944723288,0.00024297986778329807,nan,nan,nan,nan,nan,nan,nan,nan,nan,nan,nan,nan,nan,nan,nan,nan,nan,nan,nan,nan,nan,nan,nan,nan,nan,nan,nan,nan,nan,nan,nan,nan,nan,nan,nan,nan,nan,nan,nan,nan,nan,nan,nan,nan,nan,nan,nan,nan,nan,0.004463890394029022
1791062934.6982665,2.9854093522723217,2.202034269334054,0.4980335852086622,9.744259816638572e-15,1.000073974876728e-13,0.0,0.0,0.0,0.0,-2.252756393843649,0.7913794395106067,-0.0006277375832454656,-0.00047217548307285816,0.0,0.0,0.0,0.3133417606458239,2.3480188532476576,0.00926093741600756,-0.0017250032849643908,nan,nan,nan,nan,nan,nan,nan,0.0,0.0,0.0,-2.2289028729151177,0.7439570631859365,0.0004729100090748124,-0.002521040080315618,0.0,0.0,0.0,1.069844886198663,-1.1931024778165573,0.010057637246534752,0.006988560441804216,nan,nan,nan,nan,nan,nan,nan,nan,nan,nan,nan,nan,nan,nan,0.0,0.0,0.0,-1.0283872716309899,-0.8979803378789852,0.00023377634876156576,-0.00037786296174685085,nan,nan,nan,nan,nan,nan,nan,nan,nan,nan,nan,nan,nan,nan,nan,nan,nan,nan,nan,nan,nan,nan,nan,nan,nan,nan,nan,nan,nan,nan,nan,nan,nan,nan,nan,nan,nan,nan,nan,nan,nan,nan,nan,nan,nan,nan,nan,nan,nan,0.003116575377779841
1791062934.7983131,2.9854410830259024,2.2020781669862735,0.4982817437915294,8.817318087356048e-15,9.049399865465126e-14,0.0,0.0,0.0,0.0,-2.2527484047209856,0.7913612356463822,0.0008635852699529328,-0.0014810175070252172,0.0,0.0,0.0,0.31317989146476394,2.3481199036253626,-0.0015850161887822289,0.0007312254757131165,nan,nan,nan,nan,nan,nan,nan,0.0,0.0,0.0,-2.2289049636060554,0.743966000506361,0.0005128855256811176,-0.0013763993771229346,0.0,0.0,0.0,1.0697276978304935,-1.1931545310890959,0.0003747552571319173,0.0006010243406803432,nan,nan,nan,nan,nan,nan,nan,nan,nan,nan,nan,nan,nan,nan,0.0,0.0,0.0,-1.028391449122795,-0.8979832653159382,-6.246135699634028e-05,2.15747861729857e-05,nan,nan,nan,nan,nan,nan,nan,nan,nan,nan,nan,nan,nan,nan,nan,nan,nan,nan,nan,nan,nan,nan,nan,nan,nan,nan,nan,nan,nan,nan,nan,nan,nan,nan,nan,nan,nan,nan,nan,nan,nan,nan,nan,nan,nan,nan,nan,nan,nan,0.0020646568483219246
1791062934.8969977,2.9853809378259135,2.202057483065641,0.4982910071996797,7.978796066326975e-15,8.188806997076798e-14,0.0,0.0,0.0,0.0,-2.2527508478917926,0.7913694286299007,-0.0005364429170621311,0.0005200475741627684,0.0,0.0,0.0,0.3132009392283874,2.348141306377063,-0.007119709527231814,0.00675250585829589,nan,nan,nan,nan,nan,nan,nan,0.0,0.0,0.0,-2.2288927183996785,0.7439675786047162,0.002191028675486765,-0.0031507257602752135,0.0,0.0,0.0,1.0697310725273776,-1.1932160233188769,0.0006931047969862891,-2.072740646212729e-05,nan,nan,nan,nan,nan,nan,nan,nan,nan,nan,nan,nan,nan,nan,0.0,0.0,0.0,-1.0283992587149393,-0.8979797691376089,-0.00037839603816463484,0.00043428104604793745,nan,nan,nan,nan,nan,nan,nan,nan,nan,nan,nan,nan,nan,nan,nan,nan,nan,nan,nan,nan,nan,nan,nan,nan,nan,nan,nan,nan,nan,nan,nan,nan,nan,nan,nan,nan,nan,nan,nan,nan,nan,nan,nan,nan,nan,nan,nan,nan,nan,0.003507466113041834
1791062934.99794,2.9854289188621936,2.202026979917931,0.4980292990984682,7.219513232840717e-15,7.409538981209984e-14,0.0,0.0,0.0,0.0,-2.2527607903104307,0.7913360655385574,0.001131894895069254,-0.0011074588679352347,0.0,0.0,0.0,0.31319620609203247,2.348149252839238,-0.0009853994154103898,0.003799870400281463,nan,nan,nan,nan,nan,nan,nan,0.0,0.0,0.0,-2.228907141869596,0.7439935135923113,0.002118858516987236,0.002550484066609504,0.0,0.0,0.0,1.0697233085744178,-1.1932175598927983,-7.169501144623487e-05,-0.004372096687933468,nan,nan,nan,nan,nan,nan,nan,nan,nan,nan,nan,nan,nan,nan,0.0,0.0,0.0,-1.028393922063655,-0.8979833305401741,0.0001581847767648122,-0.00012613498491394334,nan,nan,nan,nan,nan,nan,nan,nan,nan,nan,nan,nan,nan,nan,nan,nan,nan,nan,nan,nan,nan,nan,nan,nan,nan,nan,nan,nan,nan,nan,nan,nan,nan,nan,nan,nan,nan,nan,nan,nan,nan,nan,nan,nan,nan,nan,nan,nan,nan,0.001401717048271953
1791062935.0979602,2.985476893970366,2.202048190694994,0.4984118491160978,6.532485714120552e-15,6.704428121662737e-14,0.0,0.0,0.0,0.0,-2.2528007651610236,0.7914215535917306,-0.0021560408068547563,0.005222521065557172,0.0,0.0,0.0,0.31323076401541416,2.3480942756425534,0.00012448767552154013,0.0010745338457544837,nan,nan,nan,nan,nan,nan,nan,0.0,0.0,0.0,-2.2289166997171086,0.743971969889453,-0.0009301856693108545,0.0011248398356227722,0.0,0.0,0.0,1.0697264347832316,-1.193151429452917,0.0005048147294626059,0.004802738419112273,nan,nan,nan,nan,nan,nan,nan,nan,nan,nan,nan,nan,nan,nan,0.0,0.0,0.0,-1.028376140005673,-0.89798273488695,0.0012427727442951395,0.00024783284282844996,nan,nan,nan,nan,nan,nan,nan,nan,nan,nan,nan,nan,nan,nan,nan,nan,nan,nan,nan,nan,nan,nan,nan,nan,nan,nan,nan,nan,nan,nan,nan,nan,nan,nan,nan,nan,nan,nan,nan,nan,nan,nan,nan,nan,nan,nan,nan,nan,nan,0.002152306172905907
1791062935.1978693,2.985362752998168,2.2020356007049555,0.49782051546636186,5.910837507863128e-15,6.066417431979267e-14,0.0,0.0,0.0,0.0,-2.2527520564652046,0.7913850974319103,0.00019572602810577234,0.0002861507581601013,0.0,0.0,0.0,0.3133269625167136,2.3480226271815496,0.013510674670368874,-0.008662907241420997,nan,nan,nan,nan,nan,nan,nan,0.0,0.0,0.0,-2.2289423067452883,0.7439804658400668,0.0006105574038452819,-0.0017771812192076918,0.0,0.0,0.0,1.0697124316738627,-1.1932089891352757,-0.00048329354730004695,-0.0008259640520801119,nan,nan,nan,nan,nan,nan,nan,nan,nan,nan,nan,nan,nan,nan,0.0,0.0,0.0,-1.0284024095802673,-0.897997108825241,-0.001053342954543818,0.00028238888421403755,nan,nan,nan,nan,nan,nan,nan,nan,nan,nan,nan,nan,nan,nan,nan,nan,nan,nan,nan,nan,nan,nan,nan,nan,nan,nan,nan,nan,nan,nan,nan,nan,nan,nan,nan,nan,nan,nan,nan,nan,nan,nan,nan,nan,nan,nan,nan,nan,nan,0.0050218374802939265
1791062935.2984807,2.9854001924137505,2.2020486795985392,0.49848631529721854,5.353496880018438e-15,5.494406968858007e-14,0.0,0.0,0.0,0.0,-2.2527668965664756,0.7913502255889001,-0.00123581413916164,-0.0015036269310463128,0.0,0.0,0.0,0.313326182844015,2.3480331627490294,0.007859394551345565,-0.005417102614583221,nan,nan,nan,nan,nan,nan,nan,0.0,0.0,0.0,-2.2289220319345104,0.7439398099537644,-1.596549462476091e-05,-0.0029659849238621206,0.0,0.0,0.0,1.0697264372342778,-1.1931534478540153,-0.0004579015306564964,0.003862322185441377,nan,nan,nan,nan,nan,nan,nan,nan,nan,nan,nan,nan,nan,nan,0.0,0.0,0.0,-1.0283933406205434,-0.8979950680210538,-0.0001002795190511341,0.0006735759181250073,nan,nan,nan,nan,nan,nan,nan,nan,nan,nan,nan,nan,nan,nan,nan,nan,nan,nan,nan,nan,nan,nan,nan,nan,nan,nan,nan,nan,nan,nan,nan,nan,nan,nan,nan,nan,nan,nan,nan,nan,nan,nan,nan,nan,nan,nan,nan,nan,nan,0.0022267889257733724
1791062935.399162,2.9853290806022357,2.2020547192255586,0.4984783092447003,4.847688425163155e-15,4.975285063765089e-14,0.0,0.0,0.0,0.0,-2.252742443814366,0.7914317354269003,-0.000324587709461015,0.004013238150551262,0.0,0.0,0.0,0.31314755451724935,2.348129571234247,-0.00288601544650484,-0.0012624778511660239,nan,nan,nan,nan,nan,nan,nan,0.0,0.0,0.0,-2.22894288827865,0.744007801483137,-0.0019560373393917403,0.0044161460194940905,0.0,0.0,0.0,1.0698774122820642,-1.1930328172257114,0.002927099068853853,0.004588154077805706,nan,nan,nan,nan,nan,nan,nan,nan,nan,nan,nan,nan,nan,nan,0.0,0.0,0.0,-1.0283963747716058,-0.8980157248160335,2.8076885487314746e-05,-0.000641864677880692,nan,nan,nan,nan,nan,nan,nan,nan,nan,nan,nan,nan,nan,nan,nan,nan,nan,nan,nan,nan,nan,nan,nan,nan,nan,nan,nan,nan,nan,nan,nan,nan,nan,nan,nan,nan,nan,nan,nan,nan,nan,nan,nan,nan,nan,nan,nan,nan,nan,0.004903250123951197
1791062935.4979622,2.9853924068217457,2.20204635639888,0.49835677759605396,4.387216999313514e-15,4.5026935095248373e-14,0.0,0.0,0.0,0.0,-2.2527552980576546,0.7913724587725378,7.093958182219999e-05,-0.0006256702769761141,0.0,0.0,0.0,0.3131856697232977,2.3481177319045456,-0.003851036100388019,0.0007049839891950724,nan,nan,nan,nan,nan,nan,nan,0.0,0.0,0.0,-2.216018677728553,2.7136463486110545,-0.017643191312109632,-0.022694888002070233,0.0,0.0,0.0,1.0697564449021801,-1.1931916567219785,0.0015879580857847827,0.002608187590262931,nan,nan,nan,nan,nan,nan,nan,nan,nan,nan,nan,nan,nan,nan,0.0,0.0,0.0,-1.0283908578206362,-0.8980164670206853,-0.00035309568116618617,-0.00011187792647117029,nan,nan,nan,nan,nan,nan,nan,nan,nan,nan,nan,nan,nan,nan,nan,nan,nan,nan,nan,nan,nan,nan,nan,nan,nan,nan,nan,nan,nan,nan,nan,nan,nan,nan,nan,nan,nan,nan,nan,nan,nan,nan,nan,nan,nan,nan,nan,nan,nan,0.004265298739261942
1791062935.598065,2.985411781639363,2.202049532080854,0.4984624175588026,3.969718102654619e-15,4.074205570014679e-14,0.0,0.0,0.0,0.0,-2.252762412990688,0.7913585567705143,-0.00043539178947910647,-1.5451142797226028e-05,0.0,0.0,0.0,0.3133160086256209,2.3480086525925485,0.005864209008327125,-0.006250788663106282,nan,nan,nan,nan,nan,nan,nan,0.0,0.0,0.0,-2.197702944632111,2.6643673484996384,0.04401947611427181,-0.08662264502036301,0.0,0.0,0.0,1.0697415833647652,-1.1932279279916682,-0.00030797410586002434,0.0010454012900095301,nan,nan,nan,nan,nan,nan,nan,nan,nan,nan,nan,nan,nan,nan,0.0,0.0,0.0,-1.0283861076531629,-0.8980199437175979,-0.00047454896092081165,-0.00010869639041575585,nan,nan,nan,nan,nan,nan,nan,nan,nan,nan,nan,nan,nan,nan,nan,nan,nan,nan,nan,nan,nan,nan,nan,nan,nan,nan,nan,nan,nan,nan,nan,nan,nan,nan,nan,nan,nan,nan,nan,nan,nan,nan,nan,nan,nan,nan,nan,nan,nan,0.0011044017226989322
1791062935.698321,2.9854326444706265,2.202051222343579,0.49845366565053195,3.591949478908751e-15,3.686493649107003e-14,0.0,0.0,0.0,0.0,-2.2527467388088445,0.7913749035988369,-0.00024239405910409748,-0.0002636128706119705,0.0,0.0,0.0,0.3133250919642252,2.348033411168218,0.0010477006487387584,0.00030927530018584176,nan,nan,nan,nan,nan,nan,nan,0.0,0.0,0.0,-2.1977656680310402,2.6643865644323492,-0.0013087860497233896,0.0031220231534485818,0.0,0.0,0.0,1.0697196755414833,-1.193228975783447,-0.0007430757070809521,-0.003119554056469724,nan,nan,nan,nan,nan,nan,nan,nan,nan,nan,nan,nan,nan,nan,0.0,0.0,0.0,-1.0284021846961766,-0.8980054747812556,0.0007823918908622148,-8.404529194585441e-05,nan,nan,nan,nan,nan,nan,nan,nan,nan,nan,nan,nan,nan,nan,nan,nan,nan,nan,nan,nan,nan,nan,nan,nan,nan,nan,nan,nan,nan,nan,nan,nan,nan,nan,nan,nan,nan,nan,nan,nan,nan,nan,nan,nan,nan,nan,nan,nan,nan,0.00706366455353559
1791062935.7981694,2.98539818029704,2.20202400693665,0.4984267368495549,3.2501302927290952e-15,3.335677395595261e-14,0.0,0.0,0.0,0.0,-2.2527440015272626,0.7913667448287484,-2.1958235398225633e-05,-2.1683543011397934e-05,0.0,0.0,0.0,0.313332815231349,2.3480428980087042,0.004455533810262471,-0.005105987737232573,nan,nan,nan,nan,nan,nan,nan,0.0,0.0,0.0,-2.197252253651642,2.6631286010887942,0.03577946311466346,-0.0886159760975013,0.0,0.0,0.0,1.06982535955449,-1.1930811160375077,0.0007320050976924275,-0.0009618088367001985,nan,nan,nan,nan,nan,nan,nan,nan,nan,nan,nan,nan,nan,nan,0.0,0.0,0.0,-1.0283884892515402,-0.8980148263237973,-0.0006578987851676594,-0.0004541341047860428,nan,nan,nan,nan,nan,nan,nan,nan,nan,nan,nan,nan,nan,nan,nan,nan,nan,nan,nan,nan,nan,nan,nan,nan,nan,nan,nan,nan,nan,nan,nan,nan,nan,nan,nan,nan,nan,nan,nan,nan,nan,nan,nan,nan,nan,nan,nan,nan,nan,0.031046301653167824
1791062935.8997955,2.9854199746790173,2.202015529236726,0.49807178654981066,2.9425060339261565e-15,3.019956118598677e-14,0.0,0.0,0.0,0.0,-2.2527340152042528,0.7913626025216626,0.0010428199006335102,2.5888641181032158e-05,0.0,0.0,0.0,0.3131943076815536,2.348125142391822,-0.011804906257655116,0.007261250778632727,nan,nan,nan,nan,nan,nan,nan,0.0,0.0,0.0,-2.197473873239059,2.663928344474333,0.041579282571510716,-0.06170947744119039,0.0,0.0,0.0,1.0697334336476503,-1.1932226285828527,0.0008342855796037419,-0.00018196070817752002,nan,nan,nan,nan,nan,nan,nan,nan,nan,nan,nan,nan,nan,nan,0.0,0.0,0.0,-1.0284030800240906,-0.898010725373847,0.000550680554739803,-0.00037615898841417985,nan,nan,nan,nan,nan,nan,nan,nan,nan,nan,nan,nan,nan,nan,nan,nan,nan,nan,nan,nan,nan,nan,nan,nan,nan,nan,nan,nan,nan,nan,nan,nan,nan,nan,nan,nan,nan,nan,nan,nan,nan,nan,nan,nan,nan,nan,nan,nan,nan,0.0038616752864605317
1791062935.9989972,2.9854504148576324,2.2020521989483153,0.49844961016431394,2.662489562717065e-15,2.7325692973699773e-14,0.0,0.0,0.0,0.0,-2.2527350701759143,0.7913970367919192,-0.00028304240206064384,0.001484165038696179,0.0,0.0,0.0,0.3133198406977557,2.3480247360740725,0.002334819282070874,-0.00030648628161014007,nan,nan,nan,nan,nan,nan,nan,0.0,0.0,0.0,-2.197876856052171,2.664502114489338,-0.004990060394706951,0.006379712605226184,0.0,0.0,0.0,1.0697527923380974,-1.19321476104356,3.474885865212621e-05,-0.00018904750779071174,nan,nan,nan,nan,nan,nan,nan,nan,nan,nan,nan,nan,nan,nan,0.0,0.0,0.0,-1.0283947750661815,-0.8980010053212756,-0.23043820680154484,0.015104357577742308,nan,nan,nan,nan,nan,nan,nan,nan,nan,nan,nan,nan,nan,nan,nan,nan,nan,nan,nan,nan,nan,nan,nan,nan,nan,nan,nan,nan,nan,nan,nan,nan,nan,nan,nan,nan,nan,nan,nan,nan,nan,nan,nan,nan,nan,nan,nan,nan,nan,0.003635563923407932
1791062936.0985339,2.9854369651163193,2.202025369994165,0.4981443277407263,2.4096001480951773e-15,2.4730235475190622e-14,0.0,0.0,0.0,0.0,-2.252740246483311,0.791362390368126,-0.00043571312253618905,-0.0001356433913759217,0.0,0.0,0.0,0.31321771418123745,2.3481307907841558,7.523887585097295e-05,6.72336139663609e-05,nan,nan,nan,nan,nan,nan,nan,0.0,0.0,0.0,-2.197904460979206,2.664142908874464,0.008321055427814803,-0.04234430468632185,0.0,0.0,0.0,1.069743957033513,-1.1931687633434271,0.0013753938092017433,0.004551155195584653,nan,nan,nan,nan,nan,nan,nan,nan,nan,nan,nan,nan,nan,nan,0.0,0.0,0.0,-1.028394282425106,-0.8980081991797588,-6.706190853702864e-05,-3.925102750092235e-05,nan,nan,nan,nan,nan,nan,nan,nan,nan,nan,nan,nan,nan,nan,nan,nan,nan,nan,nan,nan,nan,nan,nan,nan,nan,nan,nan,nan,nan,nan,nan,nan,nan,nan,nan,nan,nan,nan,nan,nan,nan,nan,nan,nan,nan,nan,nan,nan,nan,0.0012410903655295333
1791062936.1973872,2.985392759728285,2.202037645884896,0.498009216461138,2.1802963768487904e-15,2.2376842418357026e-14,0.0,0.0,0.0,0.0,-2.2527631317436567,0.7913643046767532,-0.001877361419260981,0.0005058296966572804,0.0,0.0,0.0,0.31331126487414557,2.347994730641541,-0.0016436407201706675,-0.0018889770320411501,nan,nan,nan,nan,nan,nan,nan,0.0,0.0,0.0,-2.198162565144688,2.6648957598506806,-0.03312649601437656,0.04811486970407605,0.0,0.0,0.0,1.0697244484070312,-1.1932174851924642,0.00032383769515440425,0.0009850615541546423,nan,nan,nan,nan,nan,nan,nan,nan,nan,nan,nan,nan,nan,nan,0.0,0.0,0.0,-1.0283714320325357,-0.8979887853744991,0.00047203428457223153,0.0005413839131229539,nan,nan,nan,nan,nan,nan,nan,nan,nan,nan,nan,nan,nan,nan,nan,nan,nan,nan,nan,nan,nan,nan,nan,nan,nan,nan,nan,nan,nan,nan,nan,nan,nan,nan,nan,nan,nan,nan,nan,nan,nan,nan,nan,nan,nan,nan,nan,nan,nan,0.003503210256343744
1791062936.2990432,2.985358752861621,2.2020384038251604,0.49796386529623293,1.972966209443492e-15,2.0248969100828826e-14,0.0,0.0,0.0,0.0,-2.2527504108139773,0.7913242103803237,-0.0013743646213744678,0.00035655773905279164,0.0,0.0,0.0,0.3133533713265284,2.3480167272642953,0.011881758839585303,-0.008580472405032668,nan,nan,nan,nan,nan,nan,nan,0.0,0.0,0.0,-2.197740515546001,2.664330382509196,0.028654624335886995,-0.010483179371247382,0.0,0.0,0.0,1.0696999190130514,-1.1932306622110918,3.757692870979248e-05,-0.0016865737235621083,nan,nan,nan,nan,nan,nan,nan,nan,nan,nan,nan,nan,nan,nan,0.0,0.0,0.0,-1.028378401853792,-0.8979828960988399,-0.0008599369249225466,9.394610369484568e-05,nan,nan,nan,nan,nan,nan,nan,nan,nan,nan,nan,nan,nan,nan,nan,nan,nan,nan,nan,nan,nan,nan,nan,nan,nan,nan,nan,nan,nan,nan,nan,nan,nan,nan,nan,nan,nan,nan,nan,nan,nan,nan,nan,nan,nan,nan,nan,nan,nan,0.0034112620881135906
1791062936.3985915,2.9854261975894216,2.20204997515636,0.498061568765542,1.7852136511093978e-15,1.832202492200227e-14,0.0,0.0,0.0,0.0,-2.2527381570090967,0.7913673046974674,-2.0257483237216443e-05,0.0009307868800463017,0.0,0.0,0.0,0.31334930793102994,2.3480266467511566,0.014837907830308025,-0.006091338039412505,nan,nan,nan,nan,nan,nan,nan,0.0,0.0,0.0,-2.198211541858154,2.6650375727357494,0.029135511782019372,-0.037016704190178475,0.0,0.0,0.0,1.0697091797296423,-1.1932045857227518,-0.002636929846981385,-0.0022733857017209003,nan,nan,nan,nan,nan,nan,nan,nan,nan,nan,nan,nan,nan,nan,0.0,0.0,0.0,-1.0283932313972588,-0.8979881266433117,-0.0007856706242141962,2.5331935780618106e-05,nan,nan,nan,nan,nan,nan,nan,nan,nan,nan,nan,nan,nan,nan,nan,nan,nan,nan,nan,nan,nan,nan,nan,nan,nan,nan,nan,nan,nan,nan,nan,nan,nan,nan,nan,nan,nan,nan,nan,nan,nan,nan,nan,nan,nan,nan,nan,nan,nan,0.0025699016903644317
1791062936.4983196,2.9854365706060495,2.202062335426429,0.4983631679344398,1.617099950063386e-15,1.6596638485269095e-14,0.0,0.0,0.0,0.0,-2.252731827032762,0.791414832702674,0.00182223486445911,-0.002925424416909795,0.0,0.0,0.0,0.313293636660315,2.3480158585586453,0.007888518613704003,-0.006008154734049533,nan,nan,nan,nan,nan,nan,nan,0.0,0.0,0.0,-2.1976764794735715,2.66425324681974,0.046540283479570725,-0.07514948372948962,0.0,0.0,0.0,1.0697214218270024,-1.1931681583285871,0.0008540640651777415,0.0042097314790128185,nan,nan,nan,nan,nan,nan,nan,nan,nan,nan,nan,nan,nan,nan,0.0,0.0,0.0,-1.0283933701543746,-0.8979955489648787,-0.00034959229950953704,3.632762908370007e-05,nan,nan,nan,nan,nan,nan,nan,nan,nan,nan,nan,nan,nan,nan,nan,nan,nan,nan,nan,nan,nan,nan,nan,nan,nan,nan,nan,nan,nan,nan,nan,nan,nan,nan,nan,nan,nan,nan,nan,nan,nan,nan,nan,nan,nan,nan,nan,nan,nan,0.0014749599471885887
1791062936.5954313,2.985437140105204,2.2020366809733063,0.49800958037273024,1.4637323911088822e-15,1.502259482072237e-14,0.0,0.0,0.0,0.0,-2.2527460370473107,0.791371611199272,0.00046641201951703234,-0.004963519667261491,0.0,0.0,0.0,0.3131597529486877,2.3481140463105303,-0.01024238770199538,0.008547138313795275,nan,nan,nan,nan,nan,nan,nan,0.0,0.0,0.0,-2.19820810604747,2.6649462030805924,-0.011960208106449804,0.020010050369579462,0.0,0.0,0.0,1.0696898214720632,-1.193199784858464,-0.00034708007668905977,0.00014073723698864945,nan,nan,nan,nan,nan,nan,nan,nan,nan,nan,nan,nan,nan,nan,0.0,0.0,0.0,-1.0283823720427845,-0.8980002448871065,0.00034663044683551483,0.00013376907419976135,nan,nan,nan,nan,nan,nan,nan,nan,nan,nan,nan,nan,nan,nan,nan,nan,nan,nan,nan,nan,nan,nan,nan,nan,nan,nan,nan,nan,nan,nan,nan,nan,nan,nan,nan,nan,nan,nan,nan,nan,nan,nan,nan,nan,nan,nan,nan,nan,nan,0.0012324381095940172
1791062936.6985238,2.9854054727989072,2.202019789259567,0.4981232711455024,1.3244398376775234e-15,1.3593005911947944e-14,0.0,0.0,0.0,0.0,-2.252770871064584,0.7914422136257763,-0.0023078623989077184,0.005481494041594363,0.0,0.0,0.0,0.3133514936269873,2.348029163848535,0.0026197496787255686,0.0011599782625118678,nan,nan,nan,nan,nan,nan,nan,0.0,0.0,0.0,-2.197900253116197,2.6645320815192934,-0.025423368297930522,0.04146541681578278,0.0,0.0,0.0,1.0697410033182,-1.193223143178754,-0.00010964664257969066,-0.004534609788219909,nan,nan,nan,nan,nan,nan,nan,nan,nan,nan,nan,nan,nan,nan,0.0,0.0,0.0,-1.028376802649168,-0.8980091969306292,-0.0009367846444616205,-0.0006706658000981069,nan,nan,nan,nan,nan,nan,nan,nan,nan,nan,nan,nan,nan,nan,nan,nan,nan,nan,nan,nan,nan,nan,nan,nan,nan,nan,nan,nan,nan,nan,nan,nan,nan,nan,nan,nan,nan,nan,nan,nan,nan,nan,nan,nan,nan,nan,nan,nan,nan,0.0010959860711403765
1791062936.7989984,2.985497947010879,2.2020467479803933,0.49790326364838605,1.198402723258981e-15,1.2299460374673608e-14,0.0,0.0,0.0,0.0,-2.252738214216902,0.7913708672386685,0.0017347817223079085,-0.003060439411124524,0.0,0.0,0.0,0.31320699503170457,2.348114760651644,-0.0018493802199224673,0.00039751530740426803,nan,nan,nan,nan,nan,nan,nan,0.0,0.0,0.0,-2.197562158112562,2.663972952727841,0.02516364740025822,-0.04847590425789408,0.0,0.0,0.0,1.0697158566456049,-1.193172137425747,0.0012496360074226622,0.0055406147853655895,nan,nan,nan,nan,nan,nan,nan,nan,nan,nan,nan,nan,nan,nan,0.0,0.0,0.0,-1.028377043154956,-0.8980042283964533,0.000830055718021428,0.0004560592504801479,nan,nan,nan,nan,nan,nan,nan,nan,nan,nan,nan,nan,nan,nan,nan,nan,nan,nan,nan,nan,nan,nan,nan,nan,nan,nan,nan,nan,nan,nan,nan,nan,nan,nan,nan,nan,nan,nan,nan,nan,nan,nan,nan,nan,nan,nan,nan,nan,nan,0.002776312139301498
1791062936.8976254,2.9854960483965223,2.2020294310168524,0.4984140468400148,1.085280122766178e-15,1.113845922269226e-14,0.0,0.0,0.0,0.0,-2.25274500073959,0.7913517827759403,-0.0010459594176600296,3.647078309605028e-05,0.0,0.0,0.0,0.31324077879218654,2.348103702562412,-0.0036992666442014857,0.005092925782533186,nan,nan,nan,nan,nan,nan,nan,0.0,0.0,0.0,-2.1977821380676623,2.664298987455623,0.013932095279862848,-0.047814041365833275,0.0,0.0,0.0,1.0697470409470549,-1.1932415203588032,-0.0013242731813190847,-0.005721563735463702,nan,nan,nan,nan,nan,nan,nan,nan,nan,nan,nan,nan,nan,nan,0.0,0.0,0.0,-1.028373920989601,-0.8980102228849295,-0.000334300329913241,0.0005460176950957505,nan,nan,nan,nan,nan,nan,nan,nan,nan,nan,nan,nan,nan,nan,nan,nan,nan,nan,nan,nan,nan,nan,nan,nan,nan,nan,nan,nan,nan,nan,nan,nan,nan,nan,nan,nan,nan,nan,nan,nan,nan,nan,nan,nan,nan,nan,nan,nan,nan,0.008848404586645866
1791062936.9988496,2.9854651815654654,2.202044376923646,0.4984048644034315,9.82002064285914e-16,1.0078494685565019e-14,0.0,0.0,0.0,0.0,-2.2527503984592183,0.7914401919407829,-0.0006397552991283813,0.006031371125385488,0.0,0.0,0.0,0.31334968545734987,2.3480257221083116,-0.00022898448815407044,0.000913772250390509,nan,nan,nan,nan,nan,nan,nan,0.0,0.0,0.0,-2.197719568884205,2.664301411556517,0.006369630730187256,-0.010275777979519184,0.0,0.0,0.0,1.0698831493349608,-1.1930230708726524,0.00963606281444797,0.014813219967073785,nan,nan,nan,nan,nan,nan,nan,nan,nan,nan,nan,nan,nan,nan,0.0,0.0,0.0,-1.0253482055103806,-0.8981988452979223,0.000762680644102802,0.0009933728897223184,nan,nan,nan,nan,nan,nan,nan,nan,nan,nan,nan,nan,nan,nan,nan,nan,nan,nan,nan,nan,nan,nan,nan,nan,nan,nan,nan,nan,nan,nan,nan,nan,nan,nan,nan,nan,nan,nan,nan,nan,nan,nan,nan,nan,nan,nan,nan,nan,nan,0.0038802177040306294
