t,x,y,heading,opinion,attention,target_speed,p_att_tb1,p_coop_tb1,p_coop_att_tb1,x_tb1,y_tb1,vx_tb1,vy_tb1,p_att_tb2,p_coop_tb2,p_coop_att_tb2,x_tb2,y_tb2,vx_tb2,vy_tb2,p_att_tb3,p_coop_tb3,p_coop_att_tb3,x_tb3,y_tb3,vx_tb3,vy_tb3,p_att_tb4,p_coop_tb4,p_coop_att_tb4,x_tb4,y_tb4,vx_tb4,vy_tb4,p_att_tb6,p_coop_tb6,p_coop_att_tb6,x_tb6,y_tb6,vx_tb6,vy_tb6,p_att_tb7,p_coop_tb7,p_coop_att_tb7,x_tb7,y_tb7,vx_tb7,vy_tb7,p_att_tb8,p_coop_tb8,p_coop_att_tb8,x_tb8,y_tb8,vx_tb8,vy_tb8,p_att_tb9,p_coop_tb9,p_coop_att_tb9,x_tb9,y_tb9,vx_tb9,vy_tb9,p_att_tb10,p_coop_tb10,p_coop_att_tb10,x_tb10,y_tb10,vx_tb10,vy_tb10,p_att_tb11,p_coop_tb11,p_coop_att_tb11,x_tb11,y_tb11,vx_tb11,vy_tb11,p_att_tb12,p_coop_tb12,p_coop_att_tb12,x_tb12,y_tb12,vx_tb12,vy_tb12,p_att_crnr_x0_y0,p_coop_crnr_x0_y0,p_coop_att_crnr_x0_y0,x_crnr_x0_y0,y_crnr_x0_y0,vx_crnr_x0_y0,vy_crnr_x0_y0,p_att_crnr_x0_y1,p_coop_crnr_x0_y1,p_coop_att_crnr_x0_y1,x_crnr_x0_y1,y_crnr_x0_y1,vx_crnr_x0_y1,vy_crnr_x0_y1,p_att_crnr_x1_y0,p_coop_crnr_x1_y0,p_coop_att_crnr_x1_y0,x_crnr_x1_y0,y_crnr_x1_y0,vx_crnr_x1_y0,vy_crnr_x1_y0,p_att_hat2,p_coop_hat2,p_coop_att_hat2,x_hat2,y_hat2,vx_hat2,vy_hat2,current_speed
1791059652.9696338,1.502284040998853,-1.350456194610523,1.5813930360351132,-0.0008918416716046968,0.1903251955184179,0.1994648962738715,0.41663744274104214,0.0,0.0,2.392983780516478,-0.4420390784891162,0.07553452290614136,-0.029021632363150487,0.0,0.0,0.0,0.23144536182716732,-1.2882752712097452,0.00014172554343796622,-0.00017585783176840835,0.0,0.0,0.0,-0.9494863972554404,-1.1472394316441177,0.00012023752867177087,-0.0003814992614059164,nan,nan,nan,nan,nan,nan,nan,3.48942536165794e-05,0.0,0.0,2.215460804512786,1.9633075124507262,-0.0007943554661271849,-0.018677641803618014,nan,nan,nan,nan,nan,nan,nan,nan,nan,nan,nan,nan,nan,nan,0.012658999877698574,0.0,0.0,2.32955132821011,0.769551004805122,0.001040715738950723,-0.00033642777729654054,nan,nan,nan,nan,nan,nan,nan,nan,nan,nan,nan,nan,nan,nan,nan,nan,nan,nan,nan,nan,nan,nan,nan,nan,nan,nan,nan,nan,nan,nan,nan,nan,nan,nan,nan,nan,nan,nan,nan,nan,nan,nan,nan,nan,nan,nan,nan,nan,nan,0.0006285490390951958
1791059653.0700076,1.5020991270701605,-1.3497817879195615,1.579720540281947,0.0012174907884635717,0.36252414623233253,0.2007304912246951,0.3690392982886018,0.0,0.0,2.392007907158083,-0.4416212923051885,0.0009603148445975534,0.00046108590506711226,0.0,0.0,0.0,0.2314548026608091,-1.2876517149951476,-0.0054969115654443425,0.017105162926776156,0.0,0.0,0.0,-0.9493048885465675,-1.145235556022648,0.0021967707982260155,0.03391052395665655,nan,nan,nan,nan,nan,nan,nan,3.6341383528727355e-05,0.0,0.0,2.215294739938123,1.9632616823187234,-0.011577841103460114,-0.002811436197150978,nan,nan,nan,nan,nan,nan,nan,nan,nan,nan,nan,nan,nan,nan,0.014207188597303003,0.0,0.0,2.3295873299384335,0.7696555206747936,-0.004196530315873656,-0.00023888167616194353,nan,nan,nan,nan,nan,nan,nan,nan,nan,nan,nan,nan,nan,nan,nan,nan,nan,nan,nan,nan,nan,nan,nan,nan,nan,nan,nan,nan,nan,nan,nan,nan,nan,nan,nan,nan,nan,nan,nan,nan,nan,nan,nan,nan,nan,nan,nan,nan,nan,0.023734061259137438
1791059653.1698253,1.501605586060581,-1.3453501019240535,1.5795594903394414,0.004351319700448116,0.5183476259094736,0.20261064353231162,0.7034745201444302,0.0,0.0,2.3891061541406025,-0.44193573023489713,-0.04550234026689478,-0.006357440121802413,0.0,0.0,0.0,0.23182616410687054,-1.2836447188509559,0.0049724458811871,0.052155476900228016,0.0,0.0,0.0,-0.9494302053358546,-1.141011781066184,-0.00041037650426788326,0.05906983636799769,nan,nan,nan,nan,nan,nan,nan,0.00965010849054959,0.0,0.0,2.2100560312923543,1.9629761574464895,-0.04544216907901667,-0.011389766316084222,nan,nan,nan,nan,nan,nan,nan,nan,nan,nan,nan,nan,nan,nan,0.07155895032507487,0.0,0.0,2.3259810928642612,0.770049969545615,-0.05289662689906272,0.011005283340496209,nan,nan,nan,nan,nan,nan,nan,nan,nan,nan,nan,nan,nan,nan,nan,nan,nan,nan,nan,nan,nan,nan,nan,nan,nan,nan,nan,nan,nan,nan,nan,nan,nan,nan,nan,nan,nan,nan,nan,nan,nan,nan,nan,nan,nan,nan,nan,nan,nan,0.052013537116975955
1791059653.2685575,1.5016871790779402,-1.3402897202522395,1.57925784485327,0.006960896047047125,0.6593516464268994,0.20417593062332365,0.8188994770840436,0.0,0.0,2.3840086444596396,-0.4420471930974752,-0.04593330258712308,-0.0008185826962022801,0.0,0.0,0.0,0.23184563380966888,-1.2786403687657333,-4.794485493399248e-06,0.0572620811974234,0.0,0.0,0.0,-0.9491658747230438,-1.1342249214271207,-0.0036604353806743003,0.07138575351955978,nan,nan,nan,nan,nan,nan,nan,0.11916978988619091,0.0,0.0,2.206125111833306,1.9642810273098266,-0.06944602186648693,-0.0043120381092849845,nan,nan,nan,nan,nan,nan,nan,nan,nan,nan,nan,nan,nan,nan,0.09512444442597068,0.0,0.0,2.320800424955745,0.7706764239157716,-0.05197345107717384,0.02416075119137108,nan,nan,nan,nan,nan,nan,nan,nan,nan,nan,nan,nan,nan,nan,nan,nan,nan,nan,nan,nan,nan,nan,nan,nan,nan,nan,nan,nan,nan,nan,nan,nan,nan,nan,nan,nan,nan,nan,nan,nan,nan,nan,nan,nan,nan,nan,nan,nan,nan,0.07142744856762649
1791059653.369973,1.5015669588323055,-1.3308443295471981,1.5795126493602631,-0.03609234351108704,0.7869565830440477,0.17842882761175333,1.0611721114171917,0.0,0.0,2.376685743671869,-0.44180520527132155,-0.09582746015230537,-0.0026877547439508147,0.0,0.0,0.0,0.2313017679610698,-1.270161761960238,-0.020549394411154616,0.11066117451057082,0.0,0.0,0.0,-0.948933843108241,-1.126103954116847,0.003355324895836445,0.09150844314419218,nan,nan,nan,nan,nan,nan,nan,0.008091353569405093,0.0,0.0,2.1985542954814474,1.964108724016926,-0.0891850884488935,0.024162199696073104,nan,nan,nan,nan,nan,nan,nan,nan,nan,nan,nan,nan,nan,nan,0.8335437996666205,0.0,0.0,2.3133026057635213,0.7704853711204398,-0.07724422547759975,0.0009753128550759932,nan,nan,nan,nan,nan,nan,nan,nan,nan,nan,nan,nan,nan,nan,nan,nan,nan,nan,nan,nan,nan,nan,nan,nan,nan,nan,nan,nan,nan,nan,nan,nan,nan,nan,nan,nan,nan,nan,nan,nan,nan,nan,nan,nan,nan,nan,nan,nan,nan,0.08858666788878307
1791059653.468619,1.5018123564161543,-1.3214347382745533,1.5827480742593991,-0.00978391222127576,0.9024772827005654,0.19413133790239806,1.0329029570653097,0.0,0.0,2.3688141170234878,-0.4418101974347058,-0.07602908190817957,0.002029753756118096,0.0,0.0,0.0,0.23143867539849866,-1.260370239914963,0.0009261597923875355,0.10661384376188203,0.0,0.0,0.0,-0.9489509006230527,-1.1171382543549297,-0.009266062946502989,0.09662732381821454,nan,nan,nan,nan,nan,nan,nan,0.07388221536885697,0.0,0.0,2.1897715849618122,1.9647481879749482,-0.10437190629703297,0.016566202909975083,nan,nan,nan,nan,nan,nan,nan,nan,nan,nan,nan,nan,nan,nan,0.7777842873609216,0.0,0.0,2.3038257559644313,0.7709877291894042,-0.09809898994946138,0.005702938039806007,nan,nan,nan,nan,nan,nan,nan,nan,nan,nan,nan,nan,nan,nan,nan,nan,nan,nan,nan,nan,nan,nan,nan,nan,nan,nan,nan,nan,nan,nan,nan,nan,nan,nan,nan,nan,nan,nan,nan,nan,nan,nan,nan,nan,nan,nan,nan,nan,nan,0.12829936306531028
1791059653.5712771,1.5018578987625506,-1.3104250202308019,1.5841734344892318,-0.013464975827245332,1.0069463881281016,0.191925405932698,1.061107163138787,0.0,0.0,2.3591454353117234,-0.4416439780255543,-0.08286596848039135,-0.0016326996972283077,0.0,0.0,0.0,0.23129862060537001,-1.2478135678525086,0.0014404531372495723,0.12724407782009445,0.0,0.0,0.0,-0.9486048059277093,-1.105535039725556,-0.001292079197435234,0.10982915554974781,nan,nan,nan,nan,nan,nan,nan,0.06175740816760124,0.0,0.0,2.176656733688813,1.964529016877169,-0.08749670604673562,0.042195953944446356,nan,nan,nan,nan,nan,nan,nan,nan,nan,nan,nan,nan,nan,nan,0.5142229118793771,0.0,0.0,2.2933460985413414,0.7713227820663595,-0.09963362813144702,0.007377684870670129,nan,nan,nan,nan,nan,nan,nan,nan,nan,nan,nan,nan,nan,nan,nan,nan,nan,nan,nan,nan,nan,nan,nan,nan,nan,nan,nan,nan,nan,nan,nan,nan,nan,nan,nan,nan,nan,nan,nan,nan,nan,nan,nan,nan,nan,nan,nan,nan,nan,0.12483644487853282
1791059653.6684742,1.501889594791942,-1.3010436158222025,1.5832108843114352,0.03239864152144667,1.101459509341769,0.2193782010467934,1.0603234194115148,0.0,0.0,2.3510239571938634,-0.44144411756303936,-0.0996879148287792,0.005765850632321698,0.0,0.0,0.0,0.23139718123051478,-1.2359926565407036,-0.0011671373404175183,0.14847093431874042,0.0,0.0,0.0,-0.9482030803332127,-1.0953482786033917,0.008356953994414931,0.10841016538219093,nan,nan,nan,nan,nan,nan,nan,0.002142151074866615,0.0,0.0,2.164516392844821,1.964834473354771,-0.1299372790460666,0.05301676533091877,nan,nan,nan,nan,nan,nan,nan,nan,nan,nan,nan,nan,nan,nan,0.7197412445726574,0.0,0.0,2.2841689539008683,0.7714358772908984,-0.09928908175650228,0.006807616272926296,nan,nan,nan,nan,nan,nan,nan,nan,nan,nan,nan,nan,nan,nan,nan,nan,nan,nan,nan,nan,nan,nan,nan,nan,nan,nan,nan,nan,nan,nan,nan,nan,nan,nan,nan,nan,nan,nan,nan,nan,nan,nan,nan,nan,nan,nan,nan,nan,nan,0.11958407832523747
1791059653.768482,1.5020171004365126,-1.2877016549671152,1.5858718434045553,0.07774813291589056,1.1875872443996105,0.24582094635042054,1.0486924733284557,0.0,0.0,2.342234138589692,-0.4414146763917297,-0.0873070978760393,0.006789259395848937,0.0,0.0,0.0,0.23131458710995936,-1.220690581706613,-0.0015995937491663672,0.16715327394141102,0.0,0.0,0.0,-0.9482578132846928,-1.0838985290163363,-0.002144495360024355,0.10585843115185131,nan,nan,nan,nan,nan,nan,nan,0.02091837491606837,0.0,0.0,2.149731481721702,1.965067766944542,-0.14775246257218863,0.010942952556019032,nan,nan,nan,nan,nan,nan,nan,nan,nan,nan,nan,nan,nan,nan,0.653366822335566,0.0,0.0,2.2715999135169866,0.7718075892288192,-0.11880594484574655,0.006897443010120654,nan,nan,nan,nan,nan,nan,nan,nan,nan,nan,nan,nan,nan,nan,nan,nan,nan,nan,nan,nan,nan,nan,nan,nan,nan,nan,nan,nan,nan,nan,nan,nan,nan,nan,nan,nan,nan,nan,nan,nan,nan,nan,nan,nan,nan,nan,nan,nan,nan,0.1338335067990686
1791059653.870059,1.5019824350174644,-1.2734077072227525,1.5868932979800785,0.11542639348289951,1.266711844409903,0.2666143220056916,1.037628723294298,0.0,0.0,2.332477953962976,-0.4412588527646036,-0.08944568743480001,0.007770950275383914,0.0,0.0,0.0,0.23122433741524198,-1.203392286622682,-0.0007636697297058645,0.1880149639144173,0.0,0.0,0.0,-0.9481428484566095,-1.0718865390509351,0.002401337090851504,0.11456301817156685,nan,nan,nan,nan,nan,nan,nan,0.04072460660898161,0.0,0.0,2.1339678766421253,1.964893447954282,-0.16878870278110245,-0.0078016839963365135,nan,nan,nan,nan,nan,nan,nan,nan,nan,nan,nan,nan,nan,nan,0.7397360200934954,0.0,0.0,2.258746735026975,0.7721283117494492,-0.12457975390629662,0.0031644120941893483,nan,nan,nan,nan,nan,nan,nan,nan,nan,nan,nan,nan,nan,nan,nan,nan,nan,nan,nan,nan,nan,nan,nan,nan,nan,nan,nan,nan,nan,nan,nan,nan,nan,nan,nan,nan,nan,nan,nan,nan,nan,nan,nan,nan,nan,nan,nan,nan,nan,0.14788921226875737
1791059653.9685724,1.502008865621302,-1.2568104615248232,1.5886605496566948,0.06532999756525286,1.3380600668980744,0.238703699786588,1.0124445401719493,0.0,0.0,2.3221857259639025,-0.44105884894747843,-0.10331580955423231,0.0026138234166236157,0.0,0.0,0.0,0.2313266323509071,-1.1849356107749154,0.0011638342801413278,0.1842238961354608,0.0,0.0,0.0,-0.9480400137081777,-1.0596437487613246,0.0015597995330224376,0.12411948047252262,nan,nan,nan,nan,nan,nan,nan,0.021373569381430257,0.0,0.0,2.1172813075035686,1.9657468552532094,-0.17204967283625297,0.046338573129841014,nan,nan,nan,nan,nan,nan,nan,nan,nan,nan,nan,nan,nan,nan,0.9913546810079035,0.0,0.0,2.2461610611581473,0.7724321006296836,-0.08933240412468829,0.03104207038492718,nan,nan,nan,nan,nan,nan,nan,nan,nan,nan,nan,nan,nan,nan,nan,nan,nan,nan,nan,nan,nan,nan,nan,nan,nan,nan,nan,nan,nan,nan,nan,nan,nan,nan,nan,nan,nan,nan,nan,nan,nan,nan,nan,nan,nan,nan,nan,nan,nan,0.17799651112912274
1791059654.0685248,1.5018113398445754,-1.2396709353488473,1.5884053549018737,0.007853006104104538,1.4013482316016526,0.2047109321293283,1.026910409031027,0.0,0.0,2.3124060832811946,-0.4409256649318548,-0.11137466336494048,-0.004214122274947129,0.0,0.0,0.0,0.23140275271583732,-1.1662145999205935,-0.0012923470741647383,0.1941347355527776,0.0,0.0,0.0,-0.9479139086255483,-1.0479635949055282,0.0013304816915079864,0.1036630344430622,nan,nan,nan,nan,nan,nan,nan,1.0309404092016852,0.0,0.0,2.0984759177764025,1.9642527093809303,-0.058591879650419225,-0.041109670696158035,nan,nan,nan,nan,nan,nan,nan,nan,nan,nan,nan,nan,nan,nan,0.9793832854698061,0.0,0.0,2.2340610363684124,0.7726238512038581,-0.10797978830802073,-0.007016136829979238,nan,nan,nan,nan,nan,nan,nan,nan,nan,nan,nan,nan,nan,nan,nan,nan,nan,nan,nan,nan,nan,nan,nan,nan,nan,nan,nan,nan,nan,nan,nan,nan,nan,nan,nan,nan,nan,nan,nan,nan,nan,nan,nan,nan,nan,nan,nan,nan,nan,0.16880043083668694
1791059654.1686497,1.5016711594566496,-1.2219797078204806,1.5889626954783136,-0.005845387200966634,1.458320580940742,0.19649312714634803,0.9827599549743288,0.0,0.0,2.3037102535163556,-0.44062387277106335,-0.0765684352156894,0.011180976631301543,0.0,0.0,0.0,0.23209955425700865,-1.1478821576226343,0.05579920038986757,0.10165096495808584,0.0,0.0,0.0,-0.9478075398874448,-1.0363333786736924,0.007049593087218627,0.11510371356054142,nan,nan,nan,nan,nan,nan,nan,0.5159127990454224,0.0,0.0,2.0826811278777195,1.9643022220067772,-0.10257411383826698,-0.0012202903497914774,nan,nan,nan,nan,nan,nan,nan,nan,nan,nan,nan,nan,nan,nan,0.9224352124686137,0.0,0.0,2.222035878820277,0.7730801619435165,-0.1265335600497695,-0.0076811903803713465,nan,nan,nan,nan,nan,nan,nan,nan,nan,nan,nan,nan,nan,nan,nan,nan,nan,nan,nan,nan,nan,nan,nan,nan,nan,nan,nan,nan,nan,nan,nan,nan,nan,nan,nan,nan,nan,nan,nan,nan,nan,nan,nan,nan,nan,nan,nan,nan,nan,0.18480018757343689
1791059654.2685876,1.5013723752306753,-1.2044413292346663,1.5883558827418889,-0.05009034586526679,1.5100415130219775,0.17016998950105977,0.972220921287279,0.0,0.0,2.2949759584687457,-0.4404829556988358,-0.07358195324996941,0.0021401473732443575,0.0,0.0,0.0,0.23204348457967586,-1.1281946068455566,0.0072202042659102895,0.20409470430286095,0.0,0.0,0.0,-0.9478628375165632,-1.0252645013450397,0.0016631440112042787,0.1105523639822548,nan,nan,nan,nan,nan,nan,nan,0.16779577625078443,0.0,0.0,2.071114233522066,1.9642790420607859,-0.1527705169432297,-0.012792557860045689,nan,nan,nan,nan,nan,nan,nan,nan,nan,nan,nan,nan,nan,nan,0.9802164988910953,0.0,0.0,2.2106690484970786,0.7734207610002027,-0.10144018600012565,0.0007497334846964034,nan,nan,nan,nan,nan,nan,nan,nan,nan,nan,nan,nan,nan,nan,nan,nan,nan,nan,nan,nan,nan,nan,nan,nan,nan,nan,nan,nan,nan,nan,nan,nan,nan,nan,nan,nan,nan,nan,nan,nan,nan,nan,nan,nan,nan,nan,nan,nan,nan,0.17177638939939358
1791059654.3685338,1.5010073333025578,-1.1869690604617888,1.5874593594939388,-0.0976759860684812,1.557753915386854,0.14301612841661263,0.9926266102075477,0.0,0.0,2.286637274408913,-0.44029470118694836,-0.0897860385517478,-0.0006669668292294162,0.0,0.0,0.0,0.23197548629580275,-1.110011282498872,0.010936821258297081,0.17654611395007583,0.0,0.0,0.0,-0.9476545327236198,-1.0139726183636881,-0.0042767195806191465,0.12165996495984088,nan,nan,nan,nan,nan,nan,nan,0.10996293424850398,0.0,0.0,2.0587908798088543,1.9652796797641165,-0.14384377782504806,0.01707658717991814,nan,nan,nan,nan,nan,nan,nan,nan,nan,nan,nan,nan,nan,nan,1.0061976845132252,0.0,0.0,2.2000412085830714,0.7738665630490137,-0.09947136801000625,-0.0025785280880670156,nan,nan,nan,nan,nan,nan,nan,nan,nan,nan,nan,nan,nan,nan,nan,nan,nan,nan,nan,nan,nan,nan,nan,nan,nan,nan,nan,nan,nan,nan,nan,nan,nan,nan,nan,nan,nan,nan,nan,nan,nan,nan,nan,nan,nan,nan,nan,nan,nan,0.166536779992835
1791059654.4687374,1.5007399627110805,-1.169739445969339,1.5861405319296895,-0.1439972522438691,1.6026830071026772,0.11860309919130124,0.9241577830750892,0.0,0.0,2.2790040508488576,-0.4402242560510895,-0.058623374871532755,0.009681087561493936,0.0,0.0,0.0,0.2316266191091717,-1.092360552838481,-0.008014903629532461,0.18061917375232772,0.0,0.0,0.0,-0.9477528269537752,-1.0016728031035695,-0.01042925457723672,0.1269689177496796,nan,nan,nan,nan,nan,nan,nan,0.012385662304752701,0.0,0.0,2.041602996264579,1.9657017070966007,-0.18844302797748116,0.04558761104488572,nan,nan,nan,nan,nan,nan,nan,nan,nan,nan,nan,nan,nan,nan,0.9994735851969544,0.0,0.0,2.190314019322664,0.7743276227099357,-0.1008611872224715,0.004764648805003442,nan,nan,nan,nan,nan,nan,nan,nan,nan,nan,nan,nan,nan,nan,nan,nan,nan,nan,nan,nan,nan,nan,nan,nan,nan,nan,nan,nan,nan,nan,nan,nan,nan,nan,nan,nan,nan,nan,nan,nan,nan,nan,nan,nan,nan,nan,nan,nan,nan,0.1690453550713616
1791059654.5685508,1.5005396893828518,-1.1527982485180197,1.5843750069592082,-0.1619388451550293,1.644955677441611,0.10982204649180333,0.9601565086393662,0.0,0.0,2.2713191457588384,-0.44029328893891545,-0.07198804112574402,-0.007019737253307744,0.0,0.0,0.0,0.23140517916693262,-1.073720217329255,0.009056459047511107,0.17824450941869377,0.0,0.0,0.0,-0.9477837388686183,-0.9891135763276339,-0.00695639590725802,0.12927829269346636,nan,nan,nan,nan,nan,nan,nan,0.03483406746144366,0.0,0.0,2.024591700811618,1.9661715803609379,-0.19621384166514935,-0.005628531586135891,nan,nan,nan,nan,nan,nan,nan,nan,nan,nan,nan,nan,nan,nan,0.9407881863602069,0.0,0.0,2.1809291226937173,0.7745966660272985,-0.10306496805418139,0.008915834533966308,nan,nan,nan,nan,nan,nan,nan,nan,nan,nan,nan,nan,nan,nan,nan,nan,nan,nan,nan,nan,nan,nan,nan,nan,nan,nan,nan,nan,nan,nan,nan,nan,nan,nan,nan,nan,nan,nan,nan,nan,nan,nan,nan,nan,nan,nan,nan,nan,nan,0.15528774488064856
1791059654.6686015,1.5004740226878752,-1.1372035743323254,1.5828419452321276,-0.14390584640501214,1.6831813969006646,0.1186488637211805,0.9858270244305167,0.0,0.0,2.2650420463808807,-0.4400871888966776,-0.06435349024706413,0.001144182719564727,0.0,0.0,0.0,0.23113040037608723,-1.0549719363806374,-0.011942047036037191,0.19550972713013698,0.0,0.0,0.0,-0.9477778220088444,-0.9761170439658243,-0.006853303361555397,0.13751756241432395,nan,nan,nan,nan,nan,nan,nan,0.004669605474838922,0.0,0.0,2.0042715695126856,1.966678809271647,-0.18291824676724894,0.049828288714505876,nan,nan,nan,nan,nan,nan,nan,nan,nan,nan,nan,nan,nan,nan,0.8616491139674405,0.0,0.0,2.17011469780502,0.7748068813483572,-0.10606797101225414,0.004374102631399266,nan,nan,nan,nan,nan,nan,nan,nan,nan,nan,nan,nan,nan,nan,nan,nan,nan,nan,nan,nan,nan,nan,nan,nan,nan,nan,nan,nan,nan,nan,nan,nan,nan,nan,nan,nan,nan,nan,nan,nan,nan,nan,nan,nan,nan,nan,nan,nan,nan,0.1544461957311744
1791059654.7686465,1.5003948664251303,-1.1232683204864071,1.583674173320687,-0.10772857746782354,1.7163342123855696,0.1375230738620928,0.9665030557707656,0.0,0.0,2.259302620087811,-0.4401588934921639,-0.0598244318822096,-0.010059918699311894,0.0,0.0,0.0,0.23097040957576775,-1.0360549731682043,0.011080135635282977,0.18393391015826843,0.0,0.0,0.0,-0.9476768712199654,-0.9629424658988498,-0.00023994885876481303,0.13798295644795225,nan,nan,nan,nan,nan,nan,nan,0.008057566864034547,0.0,0.0,1.983709295068108,1.9664824424481604,-0.20429097103836885,0.010845280293960114,nan,nan,nan,nan,nan,nan,nan,nan,nan,nan,nan,nan,nan,nan,0.8142947391922962,0.0,0.0,2.1579781318298275,0.775143616700301,-0.11470719943658528,-0.0026532922206457103,nan,nan,nan,nan,nan,nan,nan,nan,nan,nan,nan,nan,nan,nan,nan,nan,nan,nan,nan,nan,nan,nan,nan,nan,nan,nan,nan,nan,nan,nan,nan,nan,nan,nan,nan,nan,nan,nan,nan,nan,nan,nan,nan,nan,nan,nan,nan,nan,nan,0.13892526423314805
1791059654.8685222,1.5006073614500832,-1.1095383410065656,1.5847286433254104,-0.048339441464265234,1.744510610451349,0.1711979579450621,0.9506591695834857,0.0,0.0,2.254512958948097,-0.4400105447874196,-0.04537268357332421,0.0021079648269916023,0.0,0.0,0.0,0.23058060413997486,-1.0150225721502284,-0.013472705458559548,0.22114536259774611,0.0,0.0,0.0,-0.9474791379644082,-0.9499015596923268,-0.004543490457711186,0.13507758683608673,nan,nan,nan,nan,nan,nan,nan,0.008492480790229415,0.0,0.0,1.9634504168624378,1.966665465916385,-0.2000790417517071,0.0020923654382955584,nan,nan,nan,nan,nan,nan,nan,nan,nan,nan,nan,nan,nan,nan,0.6895761174028161,0.0,0.0,2.1458012049214474,0.7756825168006154,-0.13076567576899562,-0.004639335743889726,nan,nan,nan,nan,nan,nan,nan,nan,nan,nan,nan,nan,nan,nan,nan,nan,nan,nan,nan,nan,nan,nan,nan,nan,nan,nan,nan,nan,nan,nan,nan,nan,nan,nan,nan,nan,nan,nan,nan,nan,nan,nan,nan,nan,nan,nan,nan,nan,nan,0.12865579512433342
1791059654.971136,1.5005584766896087,-1.094283793151609,1.5859972294771392,-0.026139116334682824,1.7690904620864427,0.18434859867460301,0.9182735922145574,0.0,0.0,2.2493276805255538,-0.43996472591068253,-0.05107717990416775,-0.003814383587283091,0.0,0.0,0.0,0.2303014774338696,-0.9917096801441727,-0.011725100849611841,0.23395916095194713,0.0,0.0,0.0,-0.9472031842867289,-0.9354494071110677,0.0022049250974026232,0.13439306929771294,nan,nan,nan,nan,nan,nan,nan,0.014277197096695048,0.0,0.0,1.9414507272856782,1.9662582357034026,-0.23708054645793736,-0.025873655107067607,nan,nan,nan,nan,nan,nan,nan,nan,nan,nan,nan,nan,nan,nan,0.7984904504541762,0.0,0.0,2.1336454436759253,0.7760337976699778,-0.11514580076636724,0.0056988530516240985,nan,nan,nan,nan,nan,nan,nan,nan,nan,nan,nan,nan,nan,nan,nan,nan,nan,nan,nan,nan,nan,nan,nan,nan,nan,nan,nan,nan,nan,nan,nan,nan,nan,nan,nan,nan,nan,nan,nan,nan,nan,nan,nan,nan,nan,nan,nan,nan,nan,0.14557404581110608
1791059655.0685353,1.5004905269489572,-1.0817394461843324,1.587248761838829,-0.01438889242381988,1.7911293707195057,0.19137202289507527,0.8699258519761709,0.0,0.0,2.2455631599831096,-0.4400295938319251,-0.03933761776373035,-0.003088796975889451,0.0,0.0,0.0,0.23031536792517635,-0.9726116416459908,0.0032441739643366586,0.2018750753204488,0.0,0.0,0.0,-0.9469973196343975,-0.9238718283048715,0.002608505885676524,0.13494379222136016,nan,nan,nan,nan,nan,nan,nan,0.015935136903204007,0.0,0.0,1.9197650606610355,1.9660628522103305,-0.25071785000864827,-0.030886746747118787,nan,nan,nan,nan,nan,nan,nan,nan,nan,nan,nan,nan,nan,nan,0.8635967744707559,0.0,0.0,2.121689224221021,0.7762490662853302,-0.11546362713974906,0.006536050152277985,nan,nan,nan,nan,nan,nan,nan,nan,nan,nan,nan,nan,nan,nan,nan,nan,nan,nan,nan,nan,nan,nan,nan,nan,nan,nan,nan,nan,nan,nan,nan,nan,nan,nan,nan,nan,nan,nan,nan,nan,nan,nan,nan,nan,nan,nan,nan,nan,nan,0.14127807300628162
1791059655.168209,1.500246207459988,-1.066646791084288,1.5865204187658242,-0.011075296327428102,1.8110368079371637,0.19335726646036366,0.8859789751241146,0.0,0.0,2.2416814826741494,-0.4399374727572111,-0.0436009702803566,-0.0027690335431280006,0.0,0.0,0.0,0.23026692843331656,-0.949572817550815,0.0236471708598612,0.22185029735507605,0.0,0.0,0.0,-0.94673304040893,-0.9109949360347709,0.004690358034135362,0.1344799452783418,nan,nan,nan,nan,nan,nan,nan,0.01762055992895821,0.0,0.0,1.896574269496172,1.9657514945499073,-0.24113932592223974,-0.017216319204435837,nan,nan,nan,nan,nan,nan,nan,nan,nan,nan,nan,nan,nan,nan,0.9080446147965681,0.0,0.0,2.109926247013356,0.7766074419640221,-0.12337543484820777,-0.008815874175787827,nan,nan,nan,nan,nan,nan,nan,nan,nan,nan,nan,nan,nan,nan,nan,nan,nan,nan,nan,nan,nan,nan,nan,nan,nan,nan,nan,nan,nan,nan,nan,nan,nan,nan,nan,nan,nan,nan,nan,nan,nan,nan,nan,nan,nan,nan,nan,nan,nan,0.15435740201864612
1791059655.2682323,1.500199608536048,-1.0512315528890104,1.5874679559750942,-0.015122525140433675,1.8290514216013405,0.1909327048823356,0.8721303290998788,0.0,0.0,2.2377842894184976,-0.4398389181843933,-0.03613227744487682,0.0004813634976949645,0.0,0.0,0.0,0.22974878127006224,-0.9266521333904136,-0.01596632683894917,0.22752433672955044,0.0,0.0,0.0,-0.946497383887494,-0.8982838347135728,-0.001667641567476307,0.13782629030453952,nan,nan,nan,nan,nan,nan,nan,0.012265491950624855,0.0,0.0,1.8737643311911643,1.9659450612423854,-0.22587868988136708,0.002059973050495944,nan,nan,nan,nan,nan,nan,nan,nan,nan,nan,nan,nan,nan,nan,0.9069793415346572,0.0,0.0,2.098369182073547,0.7769317937041302,-0.12137624744593951,-0.011143190408426856,nan,nan,nan,nan,nan,nan,nan,nan,nan,nan,nan,nan,nan,nan,nan,nan,nan,nan,nan,nan,nan,nan,nan,nan,nan,nan,nan,nan,nan,nan,nan,nan,nan,nan,nan,nan,nan,nan,nan,nan,nan,nan,nan,nan,nan,nan,nan,nan,nan,0.15021687402361567
1791059655.3705628,1.4998686771943401,-1.0336005958444354,1.5888809037898213,-0.08207979858422314,1.845860103645682,0.15172392072838684,0.7930871189163505,0.0,0.0,2.2344666438252236,-0.43981586016636454,-0.03430159285952635,-0.0010843531755070964,0.0,0.0,0.0,0.22965652569468994,-0.9040176487682493,0.004778372601357962,0.23102180867372413,0.0,0.0,0.0,-0.9463359719355114,-0.8853442619632538,-0.0003167417583396927,0.13844900726721865,nan,nan,nan,nan,nan,nan,nan,0.039478963429958554,0.0,0.0,1.8485522098805396,1.965745814976797,-0.22004642658028067,-0.010946802835199965,nan,nan,nan,nan,nan,nan,nan,nan,nan,nan,nan,nan,nan,nan,1.046873118480749,0.0,0.0,2.0854840273736146,0.777317800875616,-0.11431608603103498,-4.279467870236587e-05,nan,nan,nan,nan,nan,nan,nan,nan,nan,nan,nan,nan,nan,nan,nan,nan,nan,nan,nan,nan,nan,nan,nan,nan,nan,nan,nan,nan,nan,nan,nan,nan,nan,nan,nan,nan,nan,nan,nan,nan,nan,nan,nan,nan,nan,nan,nan,nan,nan,0.16498778221956764
1791059655.4685707,1.4998115102509493,-1.019756775500357,1.589252956524905,-0.09628699713029253,1.862052931223635,0.1437827734676756,0.8857633363013482,0.0,0.0,2.231844488950677,-0.4398664321924706,-0.02036572787929268,0.002610702168828181,0.0,0.0,0.0,0.22957868479326252,-0.882162538650957,0.0057754118603127345,0.22175293266508223,0.0,0.0,0.0,-0.9461200925532086,-0.8719181315174179,0.0007622429844230652,0.13824600144783777,nan,nan,nan,nan,nan,nan,nan,0.010857638187945846,0.0,0.0,1.8279842130433848,1.9656667289733585,-0.21795772030244592,0.011445492129824267,nan,nan,nan,nan,nan,nan,nan,nan,nan,nan,nan,nan,nan,nan,0.8517736611311002,0.0,0.0,2.07518806495863,0.7778980192974899,-0.10390711111731468,0.012662300553225102,nan,nan,nan,nan,nan,nan,nan,nan,nan,nan,nan,nan,nan,nan,nan,nan,nan,nan,nan,nan,nan,nan,nan,nan,nan,nan,nan,nan,nan,nan,nan,nan,nan,nan,nan,nan,nan,nan,nan,nan,nan,nan,nan,nan,nan,nan,nan,nan,nan,0.16594393494834625
1791059655.5708115,1.499824524283735,-1.0033282013315972,1.5840104940194224,-0.07091403369291692,1.8765057878328066,0.1580820705449601,0.8736776550354373,0.0,0.0,2.228998165630474,-0.4398343710091281,-0.026566340594577798,-0.000911212728887838,0.0,0.0,0.0,0.22942427240872615,-0.8571105785559595,-0.005994587877564222,0.22496875526197427,0.0,0.0,0.0,-0.9458161619397218,-0.8573531750027185,0.004196820466577101,0.1282275929211859,nan,nan,nan,nan,nan,nan,nan,0.008607461304751807,0.0,0.0,1.802661008049279,1.9649609231457419,-0.23126868434750292,-0.004433715113800715,nan,nan,nan,nan,nan,nan,nan,nan,nan,nan,nan,nan,nan,nan,0.7587031519961008,0.0,0.0,2.0636546764722117,0.778280297567388,-0.10842238813887828,0.014873437484275083,nan,nan,nan,nan,nan,nan,nan,nan,nan,nan,nan,nan,nan,nan,nan,nan,nan,nan,nan,nan,nan,nan,nan,nan,nan,nan,nan,nan,nan,nan,nan,nan,nan,nan,nan,nan,nan,nan,nan,nan,nan,nan,nan,nan,nan,nan,nan,nan,nan,0.1323451888623718
1791059655.6697276,1.4997987387349019,-0.9904707977396691,1.5836912281916533,-0.04316573454263338,1.8888788533559775,0.17424436848584873,0.861810001015896,0.0,0.0,2.2268375930411572,-0.43976255938469944,-0.026825137842865873,-0.004562477219584468,0.0,0.0,0.0,0.22961602681953755,-0.8361498964366668,0.0026138810913476002,0.23025916977519983,0.0,0.0,0.0,-0.9456367783865998,-0.8452120601810339,0.003153476039374279,0.1272353021041128,nan,nan,nan,nan,nan,nan,nan,0.012137606238565076,0.0,0.0,1.782079031925269,1.9646293060112967,-0.24691367543161372,-0.025367500889348648,nan,nan,nan,nan,nan,nan,nan,nan,nan,nan,nan,nan,nan,nan,0.8141781969728533,0.0,0.0,2.0522392109150864,0.7782931637536018,-0.12015623512244197,0.0003005578167286261,nan,nan,nan,nan,nan,nan,nan,nan,nan,nan,nan,nan,nan,nan,nan,nan,nan,nan,nan,nan,nan,nan,nan,nan,nan,nan,nan,nan,nan,nan,nan,nan,nan,nan,nan,nan,nan,nan,nan,nan,nan,nan,nan,nan,nan,nan,nan,nan,nan,0.13782071054566825
1791059655.768258,1.4987376670529122,-0.9772819042267208,1.5836873746283417,-0.03541850258311799,1.899746316457611,0.1788285155400726,0.8323567391912027,0.0,0.0,2.224305802851848,-0.439620623164489,-0.02383134333491225,0.003914407814752497,0.0,0.0,0.0,0.22930985272858798,-0.8130984747836949,0.004564689157315796,0.2438424970807095,0.0,0.0,0.0,-0.9454066385661878,-0.8319169410526371,0.0037972457865458223,0.12788754996711987,nan,nan,nan,nan,nan,nan,nan,0.015075113090188967,0.0,0.0,1.7592969605429223,1.964302406747507,-0.24232891139245313,-0.01727029168540764,nan,nan,nan,nan,nan,nan,nan,nan,nan,nan,nan,nan,nan,nan,0.8950857113123076,0.0,0.0,2.0404514031335346,0.7784528974850379,-0.11892773640710146,-0.001955893989812005,nan,nan,nan,nan,nan,nan,nan,nan,nan,nan,nan,nan,nan,nan,nan,nan,nan,nan,nan,nan,nan,nan,nan,nan,nan,nan,nan,nan,nan,nan,nan,nan,nan,nan,nan,nan,nan,nan,nan,nan,nan,nan,nan,nan,nan,nan,nan,nan,nan,0.14877906956825224
1791059655.8684852,1.4983836683419518,-0.9628664802535564,1.582290420987356,-0.028885218366365165,1.9094828263267167,0.18271212006351087,0.8441073328177987,0.0,0.0,2.2219947409504863,-0.43968886927141965,-0.024961120105800785,-0.002205551195404735,0.0,0.0,0.0,0.22903304936701366,-0.789675496622284,-0.021132023972004508,0.25230215085831875,0.0,0.0,0.0,-0.9453498519342894,-0.8187115706803259,-0.0041770021656597255,0.1314739194629523,nan,nan,nan,nan,nan,nan,nan,0.019752263467654588,0.0,0.0,1.734734052204975,1.964619700101916,-0.21695045281687858,-0.00646801806765872,nan,nan,nan,nan,nan,nan,nan,nan,nan,nan,nan,nan,nan,nan,0.880613739118164,0.0,0.0,2.0284220063133054,0.7789054742284055,-0.11841702200419235,0.0034480185838368285,nan,nan,nan,nan,nan,nan,nan,nan,nan,nan,nan,nan,nan,nan,nan,nan,nan,nan,nan,nan,nan,nan,nan,nan,nan,nan,nan,nan,nan,nan,nan,nan,nan,nan,nan,nan,nan,nan,nan,nan,nan,nan,nan,nan,nan,nan,nan,nan,nan,0.15515529179125323
1791059655.9681175,1.4982242957237186,-0.9479038720894829,1.579814012920233,-0.015455941817622481,1.9181877835592864,0.19073307517735552,0.8563535696965265,0.0,0.0,2.219907519634366,-0.4397684590566563,-0.025444272330745105,0.013187559005755866,0.0,0.0,0.0,0.22920934260911258,-0.7667381415500305,0.0036686786926725798,0.22877202725820764,0.0,0.0,0.0,-0.9454012686150677,-0.8056255893348273,0.0010630684016520986,0.12296316921850878,nan,nan,nan,nan,nan,nan,nan,0.009294060926444107,0.0,0.0,1.711686891432972,1.9640984799686414,-0.2329270956175677,-0.0010366473929389382,nan,nan,nan,nan,nan,nan,nan,nan,nan,nan,nan,nan,nan,nan,0.8483258992502487,0.0,0.0,2.017076686245877,0.7792513578761525,-0.11338397786076723,0.006244391132795116,nan,nan,nan,nan,nan,nan,nan,nan,nan,nan,nan,nan,nan,nan,nan,nan,nan,nan,nan,nan,nan,nan,nan,nan,nan,nan,nan,nan,nan,nan,nan,nan,nan,nan,nan,nan,nan,nan,nan,nan,nan,nan,nan,nan,nan,nan,nan,nan,nan,0.14290918812503411
1791059656.0685217,1.498230524399131,-0.9326596079699312,1.5781746748359715,-0.03908566603502141,1.9261276593099985,0.17665549190418295,0.8603380890295891,0.0,0.0,2.218153838098261,-0.4396330057773264,-0.016373141911621952,0.00200277701675298,0.0,0.0,0.0,0.22890699358804917,-0.7437094362227503,-0.004134636984207116,0.2219657480579058,0.0,0.0,0.0,-0.9453682201798577,-0.791182629361314,-0.0016547183066298013,0.13922041167045734,nan,nan,nan,nan,nan,nan,nan,0.010503660127591992,0.0,0.0,1.688298862477416,1.9633764723486655,-0.24490768821843434,-0.018922162943919726,nan,nan,nan,nan,nan,nan,nan,nan,nan,nan,nan,nan,nan,nan,0.8636527122088489,0.0,0.0,2.005379229399251,0.7794855335845374,-0.10184595875561023,0.0034798305234464513,nan,nan,nan,nan,nan,nan,nan,nan,nan,nan,nan,nan,nan,nan,nan,nan,nan,nan,nan,nan,nan,nan,nan,nan,nan,nan,nan,nan,nan,nan,nan,nan,nan,nan,nan,nan,nan,nan,nan,nan,nan,nan,nan,nan,nan,nan,nan,nan,nan,0.14598444542383202
1791059656.1691847,1.4982585919406,-0.917962847219451,1.5780917708872177,-0.07695344056834484,1.9338346698117355,0.15463108755056157,0.8399311520325943,0.0,0.0,2.216540230448118,-0.4396192641855538,-0.01560472903414321,-0.0016430147752965205,0.0,0.0,0.0,0.22879640129151083,-0.7209650636154998,0.00798973951635953,0.21581984540705762,0.0,0.0,0.0,-0.9453737363154181,-0.7763589195165759,-0.0024159042027487136,0.144031156981076,nan,nan,nan,nan,nan,nan,nan,0.007855486377781074,0.0,0.0,1.665656604730433,1.963163671163331,-0.23036018513294224,0.005660652537072883,nan,nan,nan,nan,nan,nan,nan,nan,nan,nan,nan,nan,nan,nan,0.9091483136951208,0.0,0.0,1.994187838137966,0.7798658415770815,-0.0975977278939452,0.003720777164692655,nan,nan,nan,nan,nan,nan,nan,nan,nan,nan,nan,nan,nan,nan,nan,nan,nan,nan,nan,nan,nan,nan,nan,nan,nan,nan,nan,nan,nan,nan,nan,nan,nan,nan,nan,nan,nan,nan,nan,nan,nan,nan,nan,nan,nan,nan,nan,nan,nan,0.14432649225228544
1791059656.2681336,1.498302992627718,-0.9033093466499605,1.580313351861799,-0.07410430575219183,1.9412130385273247,0.15625571166633878,0.8302494689609454,0.0,0.0,2.214993933097586,-0.43958380180211604,-0.01513233143227867,0.0009294971041725068,0.0,0.0,0.0,0.22826254739091614,-0.6981633005910822,-0.012811528878692455,0.22352290976223527,0.0,0.0,0.0,-0.94514632678698,-0.762383553679741,0.0010291212095379194,0.13547711369985832,nan,nan,nan,nan,nan,nan,nan,0.009006358131500513,0.0,0.0,1.6429416935731391,1.9625228103049863,-0.23575502264300602,-0.003358958984725976,nan,nan,nan,nan,nan,nan,nan,nan,nan,nan,nan,nan,nan,nan,0.8834747866506055,0.0,0.0,1.9830151996982361,0.780268179935643,-0.11444184363331393,-0.008930084154479712,nan,nan,nan,nan,nan,nan,nan,nan,nan,nan,nan,nan,nan,nan,nan,nan,nan,nan,nan,nan,nan,nan,nan,nan,nan,nan,nan,nan,nan,nan,nan,nan,nan,nan,nan,nan,nan,nan,nan,nan,nan,nan,nan,nan,nan,nan,nan,nan,nan,0.1416068679023048
1791059656.3690035,1.49830125429245,-0.8886747515775024,1.5814499630745467,-0.12009900633731604,1.9486633124790078,0.13090487404985826,0.8340861838761593,0.0,0.0,2.213571247405258,-0.4394790500779028,-0.01510362072189157,0.002908759230214526,0.0,0.0,0.0,0.22800178462949136,-0.6752620028758168,-0.014385558322614149,0.24487774948675148,0.0,0.0,0.0,-0.9450192682688388,-0.7493915076908104,-0.0008176234654652126,0.12716856767076423,nan,nan,nan,nan,nan,nan,nan,0.01755258956595701,0.0,0.0,1.6203559109178958,1.9619041805871038,-0.2398946303753762,-0.02209784436192187,nan,nan,nan,nan,nan,nan,nan,nan,nan,nan,nan,nan,nan,nan,0.9442181010925181,0.0,0.0,1.9728405454416684,0.7808004933417364,-0.09550929820158471,0.008496134853065338,nan,nan,nan,nan,nan,nan,nan,nan,nan,nan,nan,nan,nan,nan,nan,nan,nan,nan,nan,nan,nan,nan,nan,nan,nan,nan,nan,nan,nan,nan,nan,nan,nan,nan,nan,nan,nan,nan,nan,nan,nan,nan,nan,nan,nan,nan,nan,nan,nan,0.15699942504377623
1791059656.469545,1.4982616800605129,-0.8731074417554212,1.5802773832927888,-0.10308034024981344,1.955908079841449,0.14005070642504777,0.8206550855051638,0.0,0.0,2.212202147335693,-0.4395430288796147,-0.011454180814539309,-0.0013630955715954194,0.0,0.0,0.0,0.22791968754031094,-0.6529869923953776,0.011769038122696049,0.22675709906591268,0.0,0.0,0.0,-0.9448630371886299,-0.7371594389432589,-0.004155848264909736,0.12604902477138488,nan,nan,nan,nan,nan,nan,nan,0.011563218734332331,0.0,0.0,1.5980529385594162,1.9616274959069409,-0.20651136549435317,0.006572906469179131,nan,nan,nan,nan,nan,nan,nan,nan,nan,nan,nan,nan,nan,nan,0.8029577727078699,0.0,0.0,1.965063484450925,0.7818362515105842,-0.09915753420910454,0.03286729513398026,nan,nan,nan,nan,nan,nan,nan,nan,nan,nan,nan,nan,nan,nan,nan,nan,nan,nan,nan,nan,nan,nan,nan,nan,nan,nan,nan,nan,nan,nan,nan,nan,nan,nan,nan,nan,nan,nan,nan,nan,nan,nan,nan,nan,nan,nan,nan,nan,nan,0.11086977617990665
1791059656.5681918,1.49864216854641,-0.8604348102443974,1.584640371664725,-0.06524439903152718,1.9614548748412546,0.16134573842065594,0.8185206806966226,0.0,0.0,2.21091016099249,-0.43943034072063153,-0.00943471219235744,0.0051377994536659,0.0,0.0,0.0,0.22745365446663873,-0.630635129337561,0.00870318996798844,0.22291732620263371,0.0,0.0,0.0,-0.9446095905518112,-0.7252111771004486,-0.002872438978092597,0.1152149155871902,nan,nan,nan,nan,nan,nan,nan,0.008718927830408202,0.0,0.0,1.575401673287614,1.961432719074316,-0.2103176762952516,0.0005475948566211249,nan,nan,nan,nan,nan,nan,nan,nan,nan,nan,nan,nan,nan,nan,0.7596171032051409,0.0,0.0,1.9521223287711276,0.7812137071764008,-0.1185014214031831,0.005928897057774149,nan,nan,nan,nan,nan,nan,nan,nan,nan,nan,nan,nan,nan,nan,nan,nan,nan,nan,nan,nan,nan,nan,nan,nan,nan,nan,nan,nan,nan,nan,nan,nan,nan,nan,nan,nan,nan,nan,nan,nan,nan,nan,nan,nan,nan,nan,nan,nan,nan,0.1276800201973943
1791059656.667836,1.4989023741372058,-0.8480825746663229,1.5847201308086136,-0.024288988287271163,1.9655194759793984,0.1854523453011555,0.8539020308725173,0.0,0.0,2.209618509192614,-0.4394701897960077,-0.011187526663954063,-0.0020150201533435325,0.0,0.0,0.0,0.22687673306104714,-0.607538345901843,-0.004274417210931825,0.22897413908018385,0.0,0.0,0.0,-0.9443452995736145,-0.7142970533528835,0.001151097208034088,0.10897204339910205,nan,nan,nan,nan,nan,nan,nan,0.007422724565073847,0.0,0.0,1.5529958469500742,1.9606089115517267,-0.23938393794189672,-0.007727946171985314,nan,nan,nan,nan,nan,nan,nan,nan,nan,nan,nan,nan,nan,nan,0.7335152940662175,0.0,0.0,1.9388732434205578,0.7814958368573502,-0.13050166125484566,-0.005008295581053104,nan,nan,nan,nan,nan,nan,nan,nan,nan,nan,nan,nan,nan,nan,nan,nan,nan,nan,nan,nan,nan,nan,nan,nan,nan,nan,nan,nan,nan,nan,nan,nan,nan,nan,nan,nan,nan,nan,nan,nan,nan,nan,nan,nan,nan,nan,nan,nan,nan,0.1393277387472454
1791059656.7685533,1.498147032556763,-0.8346917110766665,1.5835412745734652,0.019287578920519733,1.968830582709275,0.21155964929127138,0.8383585488292922,0.0,0.0,2.2083430013444145,-0.43952164626888357,-0.012368605908485809,0.0007519280805269909,0.0,0.0,0.0,0.22652912732595423,-0.5843539708506521,-0.009407626080719336,0.23068964994591035,0.0,0.0,0.0,-0.9441622821427558,-0.7029126306448675,0.0024345474972058546,0.10933061506844907,nan,nan,nan,nan,nan,nan,nan,0.0062858897151977945,0.0,0.0,1.530156162913596,1.9597519333189295,-0.24190747239235222,-0.007468432000227738,nan,nan,nan,nan,nan,nan,nan,nan,nan,nan,nan,nan,nan,nan,0.680802595513933,0.0,0.0,1.9261893894345956,0.7818311237008619,-0.12905347366516084,0.006350641508516013,nan,nan,nan,nan,nan,nan,nan,nan,nan,nan,nan,nan,nan,nan,nan,nan,nan,nan,nan,nan,nan,nan,nan,nan,nan,nan,nan,nan,nan,nan,nan,nan,nan,nan,nan,nan,nan,nan,nan,nan,nan,nan,nan,nan,nan,nan,nan,nan,nan,0.12714697563609598
1791059656.8672109,1.4981145177000832,-0.8211833709130152,1.5841783170387496,0.046474611543480544,1.9720172853432165,0.2277054768381709,0.8535769671750874,0.0,0.0,2.2070943473297757,-0.43962524093187705,-0.015602456567876517,-0.006422053397555229,0.0,0.0,0.0,0.22636155400472419,-0.561280668814492,-0.009137652846198163,0.231291542208807,0.0,0.0,0.0,-0.9441021259169391,-0.6909415865837764,-0.00010495875386304018,0.11967019311696504,nan,nan,nan,nan,nan,nan,nan,0.006774699154188365,0.0,0.0,1.5071651393385586,1.9589218936563,-0.22988541085066344,-0.0022526412290893275,nan,nan,nan,nan,nan,nan,nan,nan,nan,nan,nan,nan,nan,nan,0.7424852685100405,0.0,0.0,1.9143325744233455,0.7819953974440369,-0.11827720263485193,0.0028877975993693433,nan,nan,nan,nan,nan,nan,nan,nan,nan,nan,nan,nan,nan,nan,nan,nan,nan,nan,nan,nan,nan,nan,nan,nan,nan,nan,nan,nan,nan,nan,nan,nan,nan,nan,nan,nan,nan,nan,nan,nan,nan,nan,nan,nan,nan,nan,nan,nan,nan,0.1317553458921903
1791059656.9677436,1.4982505913208037,-0.8079445265820537,1.5835955070222316,0.022794755668680642,1.974912240669175,0.21365557368993213,0.8492923030996508,0.0,0.0,2.206046512973623,-0.43956425268716764,-0.011695510623823615,0.0002059383920397795,0.0,0.0,0.0,0.2261280504450596,-0.5386381607771545,-0.005572463739671152,0.22629279516963968,0.0,0.0,0.0,-0.9440290065564628,-0.6777317794665821,0.005595902204033977,0.1237157659364008,nan,nan,nan,nan,nan,nan,nan,0.025750455076055116,0.0,0.0,1.4848407814588007,1.9575624378312604,-0.17844131365647728,-0.029702955490055697,nan,nan,nan,nan,nan,nan,nan,nan,nan,nan,nan,nan,nan,nan,0.8287992995770649,0.0,0.0,1.9035027397257402,0.7821544843675583,-0.0930538838687345,0.005433924122187276,nan,nan,nan,nan,nan,nan,nan,nan,nan,nan,nan,nan,nan,nan,nan,nan,nan,nan,nan,nan,nan,nan,nan,nan,nan,nan,nan,nan,nan,nan,nan,nan,nan,nan,nan,nan,nan,nan,nan,nan,nan,nan,nan,nan,nan,nan,nan,nan,nan,0.1271419372882519
1791059657.068557,1.4982374588190663,-0.7935412344332419,1.5848839158172914,-0.05489399998303391,1.9774524802794355,0.16735815192881487,0.8418024901541215,0.0,0.0,2.2052575176157725,-0.4396348686002419,-0.008113655496957046,-0.001396283217046998,0.0,0.0,0.0,0.22568356639292625,-0.5158009400832715,0.0023776224771998042,0.23083393130484034,0.0,0.0,0.0,-0.943876410477264,-0.6644737036994091,0.003820463240958374,0.12614206000705833,nan,nan,nan,nan,nan,nan,nan,0.013170193429314294,0.0,0.0,1.4617828119516014,1.956642001888004,-0.19751128216342775,-0.0080429115876164,nan,nan,nan,nan,nan,nan,nan,nan,nan,nan,nan,nan,nan,nan,1.036744916824003,0.0,0.0,1.896957468506796,0.7826655249756576,-0.053972548327132594,-0.014105942971463276,nan,nan,nan,nan,nan,nan,nan,nan,nan,nan,nan,nan,nan,nan,nan,nan,nan,nan,nan,nan,nan,nan,nan,nan,nan,nan,nan,nan,nan,nan,nan,nan,nan,nan,nan,nan,nan,nan,nan,nan,nan,nan,nan,nan,nan,nan,nan,nan,nan,0.13661257648289088
1791059657.1691005,1.4983186383842624,-0.7786784728652216,1.585518646742022,-0.0850531971706002,1.9805577716470697,0.15004748182442548,0.8460219164714697,0.0,0.0,2.204577076202562,-0.4395986216854503,-0.006691558013718662,-0.0004905048968438558,0.0,0.0,0.0,0.22498871402637086,-0.49319910572207054,0.0011449202631405868,0.22687074254484677,0.0,0.0,0.0,-0.9437315371979033,-0.6508569765455239,-1.4046565440527729e-05,0.1313970470830566,nan,nan,nan,nan,nan,nan,nan,0.04310468802290868,0.0,0.0,1.4424412671507694,1.9547473282439314,-0.1733453499084018,-0.03343375016331644,nan,nan,nan,nan,nan,nan,nan,nan,nan,nan,nan,nan,nan,nan,0.8761819803561538,0.0,0.0,1.8856693078574542,0.7827280936846891,-0.09531004338174175,0.0027472538590102976,nan,nan,nan,nan,nan,nan,nan,nan,nan,nan,nan,nan,nan,nan,nan,nan,nan,nan,nan,nan,nan,nan,nan,nan,nan,nan,nan,nan,nan,nan,nan,nan,nan,nan,nan,nan,nan,nan,nan,nan,nan,nan,nan,nan,nan,nan,nan,nan,nan,0.1504470159616587
1791059657.26972,1.498002232243353,-0.7642144084724669,1.5856697278231038,-0.15478656592284185,1.9852749342962823,0.11327383743889877,0.8086632392264421,0.0,0.0,2.204095581473462,-0.4395942778562981,-0.0035333938715603357,0.0005550529189821584,0.0,0.0,0.0,0.22456172392158283,-0.4708772188953078,-0.01259958535824768,0.2213254134227782,0.0,0.0,0.0,-0.9436803668297138,-0.6374986924407773,-0.000772995857222829,0.1268224170313691,nan,nan,nan,nan,nan,nan,nan,0.008891423499725491,0.0,0.0,1.4194586387823556,1.954219042259808,-0.23352790206732277,-0.004542768899376369,nan,nan,nan,nan,nan,nan,nan,nan,nan,nan,nan,nan,nan,nan,1.0470668274367343,0.0,0.0,1.8789622382771756,0.783119893616744,-0.05928829174900889,-0.008825210889127442,nan,nan,nan,nan,nan,nan,nan,nan,nan,nan,nan,nan,nan,nan,nan,nan,nan,nan,nan,nan,nan,nan,nan,nan,nan,nan,nan,nan,nan,nan,nan,nan,nan,nan,nan,nan,nan,nan,nan,nan,nan,nan,nan,nan,nan,nan,nan,nan,nan,0.13595998381459834
1791059657.3684947,1.4978176332243447,-0.7510689796732,1.5844852783861167,-0.11138361279907649,1.990037265789642,0.1355508912071577,0.8080644844938192,0.0,0.0,2.2037394780160775,-0.4395546402963925,-0.0001523245757098161,0.001209054267146752,0.0,0.0,0.0,0.22434210959031212,-0.448710859742601,-0.007561257085032186,0.22117610197187604,0.0,0.0,0.0,-0.9436236473325971,-0.6244792504375066,-0.003901969331017775,0.12583104293280642,nan,nan,nan,nan,nan,nan,nan,0.013137485332525036,0.0,0.0,1.3980683775883584,1.9530585879955646,-0.21200375434056895,-0.009636207072616216,nan,nan,nan,nan,nan,nan,nan,nan,nan,nan,nan,nan,nan,nan,0.7940603967314345,0.0,0.0,1.8655906335964185,0.7827637402032236,-0.12058598311972565,0.004246739989829878,nan,nan,nan,nan,nan,nan,nan,nan,nan,nan,nan,nan,nan,nan,nan,nan,nan,nan,nan,nan,nan,nan,nan,nan,nan,nan,nan,nan,nan,nan,nan,nan,nan,nan,nan,nan,nan,nan,nan,nan,nan,nan,nan,nan,nan,nan,nan,nan,nan,0.13693181126643
1791059657.4692707,1.4976788819952132,-0.7379175225962352,1.58389846618285,-0.060769433857544936,1.9924086967776953,0.16393699107287346,0.8191431532668049,0.0,0.0,2.2031124750688256,-0.43954465074826865,-0.0070141683012856495,-0.0008001871562005684,0.0,0.0,0.0,0.22389565761894087,-0.42615099154944525,0.0020740794845432414,0.23114831774078848,0.0,0.0,0.0,-0.9434922528175285,-0.6126213998388611,0.0004402172971293161,0.11117628350482628,nan,nan,nan,nan,nan,nan,nan,0.013524463085474652,0.0,0.0,1.3752375739690441,1.9519859502603791,-0.21020580677706774,-0.008390136478992756,nan,nan,nan,nan,nan,nan,nan,nan,nan,nan,nan,nan,nan,nan,0.7521746283930001,0.0,0.0,1.8521826928967111,0.7830338732798364,-0.12946683865986766,0.007073684251757915,nan,nan,nan,nan,nan,nan,nan,nan,nan,nan,nan,nan,nan,nan,nan,nan,nan,nan,nan,nan,nan,nan,nan,nan,nan,nan,nan,nan,nan,nan,nan,nan,nan,nan,nan,nan,nan,nan,nan,nan,nan,nan,nan,nan,nan,nan,nan,nan,nan,0.13877759896039998
1791059657.568515,1.4975723412237059,-0.7243957181490043,1.5852109903967766,-0.011040651741977577,1.9934043093765415,0.1933780303523793,0.8100581245657125,0.0,0.0,2.202438271516858,-0.4394594361407314,-0.007487104608709284,0.0030411358245487456,0.0,0.0,0.0,0.22331789688160925,-0.4031639141467888,0.0024248078146560685,0.23015163904791253,0.0,0.0,0.0,-0.9434720503674204,-0.6013515524201527,-0.0012104954569404414,0.11335622873682659,nan,nan,nan,nan,nan,nan,nan,0.06810728497572854,0.0,0.0,1.3533061579224572,1.9507194510128871,-0.15139198902612722,-0.029471417157881333,nan,nan,nan,nan,nan,nan,nan,nan,nan,nan,nan,nan,nan,nan,0.745232855399418,0.0,0.0,1.8389933858590533,0.7832547886099267,-0.13646000337587996,0.002519657063302907,nan,nan,nan,nan,nan,nan,nan,nan,nan,nan,nan,nan,nan,nan,nan,nan,nan,nan,nan,nan,nan,nan,nan,nan,nan,nan,nan,nan,nan,nan,nan,nan,nan,nan,nan,nan,nan,nan,nan,nan,nan,nan,nan,nan,nan,nan,nan,nan,nan,0.13291827487757213
1791059657.671083,1.497482998425104,-0.7103783429079507,1.5867368045523649,-0.056563097325049445,1.9942921036838466,0.16638417373817893,0.8173918995621177,0.0,0.0,2.2015396036977326,-0.4394330248825372,-0.00806124316048595,0.0035689253283844517,0.0,0.0,0.0,0.2228613827042264,-0.3776526639680044,0.0033362989165981803,0.2379401666995138,0.0,0.0,0.0,-0.9435768758711434,-0.5898511255018635,0.0009376156499370697,0.11055749559392884,nan,nan,nan,nan,nan,nan,nan,0.012127490242945205,0.0,0.0,1.3279293664747494,1.949715463321256,-0.20539035216208112,-0.011542988582314076,nan,nan,nan,nan,nan,nan,nan,nan,nan,nan,nan,nan,nan,nan,0.9154878130943708,0.0,0.0,1.8283184637096108,0.7841423389337865,-0.08418930282883058,0.01717057417993421,nan,nan,nan,nan,nan,nan,nan,nan,nan,nan,nan,nan,nan,nan,nan,nan,nan,nan,nan,nan,nan,nan,nan,nan,nan,nan,nan,nan,nan,nan,nan,nan,nan,nan,nan,nan,nan,nan,nan,nan,nan,nan,nan,nan,nan,nan,nan,nan,nan,0.13590160428749357
1791059657.7684581,1.4975136984110533,-0.696693900269579,1.5888734451228217,-0.0038037801695986213,1.9950420352615397,0.1977178309577369,0.8346225708992108,0.0,0.0,2.200550555058561,-0.43940720480575435,-0.011015649262861858,0.0005539573869037408,0.0,0.0,0.0,0.22244758165881592,-0.3569930044498431,-0.011371207419273895,0.22870173820463227,0.0,0.0,0.0,-0.9435946044962482,-0.5779639047403294,0.003435610984787687,0.11614885926099751,nan,nan,nan,nan,nan,nan,nan,0.008277787360115247,0.0,0.0,1.31021771849324,1.9489654049366536,-0.22097344249403247,-0.009607772011736055,nan,nan,nan,nan,nan,nan,nan,nan,nan,nan,nan,nan,nan,nan,0.5923152872164403,0.0,0.0,1.8129007958043024,0.7835579515609373,-0.15593489049474016,0.005079016411291654,nan,nan,nan,nan,nan,nan,nan,nan,nan,nan,nan,nan,nan,nan,nan,nan,nan,nan,nan,nan,nan,nan,nan,nan,nan,nan,nan,nan,nan,nan,nan,nan,nan,nan,nan,nan,nan,nan,nan,nan,nan,nan,nan,nan,nan,nan,nan,nan,nan,0.1226761400512892
1791059657.8698225,1.4976511420224388,-0.6817442262361414,1.5912312737588379,0.04271594241544914,1.995626014357732,0.22549018583374966,0.8127799848779902,0.0,0.0,2.199743230474029,-0.4392184983977895,0.004469893363138893,0.01451242722683919,0.0,0.0,0.0,0.2221602930516338,-0.3341066370670593,-0.01029474687068963,0.22534735976664108,0.0,0.0,0.0,-0.94358890995784,-0.5658527626012504,0.005474091464850081,0.11636775402882413,nan,nan,nan,nan,nan,nan,nan,0.010939716063811914,0.0,0.0,1.286999315040218,1.9478110105226794,-0.21735998065791337,-0.01014232987637737,nan,nan,nan,nan,nan,nan,nan,nan,nan,nan,nan,nan,nan,nan,0.534977000542052,0.0,0.0,1.7918380045077011,0.7841457717816872,-0.17953698508934718,0.015942921954201928,nan,nan,nan,nan,nan,nan,nan,nan,nan,nan,nan,nan,nan,nan,nan,nan,nan,nan,nan,nan,nan,nan,nan,nan,nan,nan,nan,nan,nan,nan,nan,nan,nan,nan,nan,nan,nan,nan,nan,nan,nan,nan,nan,nan,nan,nan,nan,nan,nan,0.1344315588456644
1791059657.9684055,1.4975172004930535,-0.6690946312181992,1.5935396214959217,0.08560025679534002,1.9968720968055744,0.250260151782293,0.834287106776481,0.0,0.0,2.1985556253821454,-0.4394362743473691,-0.011679880730631885,-0.0008975876198337411,0.0,0.0,0.0,0.22173473947768127,-0.3114243634885637,-0.0038482265736481582,0.2244778857049214,0.0,0.0,0.0,-0.9435413486258161,-0.5530125375893608,0.0024148603483011427,0.124793727749085,nan,nan,nan,nan,nan,nan,nan,0.008393537829835925,0.0,0.0,1.2635174588850235,1.9467266695247978,-0.2512211290250389,-0.007162826229513333,nan,nan,nan,nan,nan,nan,nan,nan,nan,nan,nan,nan,nan,nan,0.512047262067082,0.0,0.0,1.7769638353295563,0.7852126162609085,-0.1396268652350809,0.05692531687922589,nan,nan,nan,nan,nan,nan,nan,nan,nan,nan,nan,nan,nan,nan,nan,nan,nan,nan,nan,nan,nan,nan,nan,nan,nan,nan,nan,nan,nan,nan,nan,nan,nan,nan,nan,nan,nan,nan,nan,nan,nan,nan,nan,nan,nan,nan,nan,nan,nan,0.14453789607882203
1791059658.0685356,1.4975732179199361,-0.6542863208554917,1.5957834768972194,0.12157247921986558,1.9992560118724652,0.26987249904492805,0.8404807199935365,0.0,0.0,2.1976249628152735,-0.4394385822267671,-0.008970272740177185,0.00011223971324141654,0.0,0.0,0.0,0.2210651980710674,-0.28882506218263376,0.0019226428218973078,0.22730314646948796,0.0,0.0,0.0,-0.9432152694613731,-0.539304987800491,0.006247994952390557,0.13312121933276497,nan,nan,nan,nan,nan,nan,nan,0.009318682878533253,0.0,0.0,1.2419021162943622,1.9454211532824712,-0.23001436330599473,-0.009697448656482234,nan,nan,nan,nan,nan,nan,nan,nan,nan,nan,nan,nan,nan,nan,0.6629199826591521,0.0,0.0,1.7595168031990265,0.7847733433219206,-0.14076241749005375,0.007331166210151257,nan,nan,nan,nan,nan,nan,nan,nan,nan,nan,nan,nan,nan,nan,nan,nan,nan,nan,nan,nan,nan,nan,nan,nan,nan,nan,nan,nan,nan,nan,nan,nan,nan,nan,nan,nan,nan,nan,nan,nan,nan,nan,nan,nan,nan,nan,nan,nan,nan,0.13936623934315417
1791059658.1679645,1.497389954956666,-0.6378271041223113,1.596695008627324,0.13859616318268875,2.002564746685519,0.2786753081896001,0.8181677486437376,0.0,0.0,2.196791186972956,-0.43946018812392645,-0.008633182655872694,0.0002989322468331509,0.0,0.0,0.0,0.22056065569476932,-0.26627540815730727,-0.0016686533787327615,0.23634150309069735,0.0,0.0,0.0,-0.9430833913721082,-0.5248462646648854,0.0035910136700904806,0.14391082894562007,nan,nan,nan,nan,nan,nan,nan,0.019080989423875816,0.0,0.0,1.2183425567767565,1.9445745302375994,-0.2426243677027154,-0.010432067523817253,nan,nan,nan,nan,nan,nan,nan,nan,nan,nan,nan,nan,nan,nan,0.90255145064983,0.0,0.0,1.7480142154357452,0.7847459781048444,-0.12864368368077472,-0.005547374163298369,nan,nan,nan,nan,nan,nan,nan,nan,nan,nan,nan,nan,nan,nan,nan,nan,nan,nan,nan,nan,nan,nan,nan,nan,nan,nan,nan,nan,nan,nan,nan,nan,nan,nan,nan,nan,nan,nan,nan,nan,nan,nan,nan,nan,nan,nan,nan,nan,nan,0.178612926776474
1791059658.2702472,1.4970835394477668,-0.6182277937922411,1.5970793042807403,0.10359635704821336,2.005104359258825,0.2602309549024093,0.8270068149244233,0.0,0.0,2.195957608473329,-0.43947284619498544,-0.01202256588229048,-0.002789558186499224,0.0,0.0,0.0,0.21988724253073139,-0.24324719006187126,-0.011212246598827965,0.24131366993888462,0.0,0.0,0.0,-0.9427207266111072,-0.5102556008459466,-0.0038161682201890068,0.14960856491002206,nan,nan,nan,nan,nan,nan,nan,0.01713294212145542,0.0,0.0,1.1957260943511956,1.9435535447433467,-0.248425019485668,-0.006226175754520761,nan,nan,nan,nan,nan,nan,nan,nan,nan,nan,nan,nan,nan,nan,0.927986619754411,0.0,0.0,1.7367983854167244,0.7856392632290896,-0.11029454064276106,0.003854529082700021,nan,nan,nan,nan,nan,nan,nan,nan,nan,nan,nan,nan,nan,nan,nan,nan,nan,nan,nan,nan,nan,nan,nan,nan,nan,nan,nan,nan,nan,nan,nan,nan,nan,nan,nan,nan,nan,nan,nan,nan,nan,nan,nan,nan,nan,nan,nan,nan,nan,0.18308995342910678
1791059658.3677142,1.496835535582829,-0.6012626620441216,1.5967588679316367,0.060394216249547036,2.005905057350056,0.23584515402193393,0.8074269194011993,0.0,0.0,2.1953864318568095,-0.43931665047064083,-0.005528631618068379,-6.632389062706339e-05,0.0,0.0,0.0,0.21947404095202758,-0.22042501385577534,-0.012164391922982194,0.22511326764276565,0.0,0.0,0.0,-0.9424750858317278,-0.49644621760091057,0.0002133620644124312,0.14000507504552145,nan,nan,nan,nan,nan,nan,nan,0.05343427756067103,0.0,0.0,1.1740573293672676,1.9422948328562002,-0.21605492122923511,-0.011974247601957318,nan,nan,nan,nan,nan,nan,nan,nan,nan,nan,nan,nan,nan,nan,1.0290684906303713,0.0,0.0,1.7243250812036979,0.7850398332082864,-0.10883098523411013,-0.008416714001831043,nan,nan,nan,nan,nan,nan,nan,nan,nan,nan,nan,nan,nan,nan,nan,nan,nan,nan,nan,nan,nan,nan,nan,nan,nan,nan,nan,nan,nan,nan,nan,nan,nan,nan,nan,nan,nan,nan,nan,nan,nan,nan,nan,nan,nan,nan,nan,nan,nan,0.19274414644323176
1791059658.467107,1.4964512262051768,-0.5825730349007373,1.5956429151567162,0.0095957203210777,2.005605949498832,0.20575584232374747,0.8286019240416833,0.0,0.0,2.1943749545752813,-0.43948692790559407,-0.0096814401053157,-0.0009587174398062546,0.0,0.0,0.0,0.219034130418177,-0.19743569069759176,-0.008847478850599897,0.224570823987519,0.0,0.0,0.0,-0.9423375005695458,-0.4831559289585574,-0.009291724794048788,0.1385516354584148,nan,nan,nan,nan,nan,nan,nan,0.026348908926200877,0.0,0.0,1.1510814885312455,1.9413062843125979,-0.2089292667171841,-0.01385439810222949,nan,nan,nan,nan,nan,nan,nan,nan,nan,nan,nan,nan,nan,nan,0.9645163574825841,0.0,0.0,1.7172876894008686,0.7859164825244218,-0.05589696267383233,0.06325361720960683,nan,nan,nan,nan,nan,nan,nan,nan,nan,nan,nan,nan,nan,nan,nan,nan,nan,nan,nan,nan,nan,nan,nan,nan,nan,nan,nan,nan,nan,nan,nan,nan,nan,nan,nan,nan,nan,nan,nan,nan,nan,nan,nan,nan,nan,nan,nan,nan,nan,0.17819499884279158
1791059658.5673208,1.4959512288177508,-0.562647642536485,1.591013257424462,-0.05827232648444869,2.0052689058021653,0.1653884751630728,0.8197689873573647,0.0,0.0,2.193332364834163,-0.4395082697250045,-0.009195795715645124,-0.0004154839424689149,0.0,0.0,0.0,0.21872404032231732,-0.17445640568878776,-0.001675567618709445,0.22644639702754504,0.0,0.0,0.0,-0.94214975152291,-0.470322838489411,0.00033006855827562125,0.13191232205190204,nan,nan,nan,nan,nan,nan,nan,0.027305413289921303,0.0,0.0,1.1269168068453799,1.9410841035707684,-0.2415697074251753,-0.0026877801275282612,nan,nan,nan,nan,nan,nan,nan,nan,nan,nan,nan,nan,nan,nan,1.0132558619248915,0.0,0.0,1.707259156897484,0.784985959153001,-0.09718566225650062,-0.006852303141249794,nan,nan,nan,nan,nan,nan,nan,nan,nan,nan,nan,nan,nan,nan,nan,nan,nan,nan,nan,nan,nan,nan,nan,nan,nan,nan,nan,nan,nan,nan,nan,nan,nan,nan,nan,nan,nan,nan,nan,nan,nan,nan,nan,nan,nan,nan,nan,nan,nan,0.20891025510852337
1791059658.6682463,1.4952423195195128,-0.544732649591603,1.5870969839076197,-0.06215744872654929,2.0054593120997115,0.1631318688683683,0.8221005432292356,0.0,0.0,2.192485039353742,-0.4394112595896309,-0.009480029838146095,-0.0003366486970574385,0.0,0.0,0.0,0.21806469406869686,-0.1515753469828721,-0.003728597773648471,0.23256234182199703,0.0,0.0,0.0,-0.9417686039552203,-0.45796136763421924,0.0016144782031739652,0.12784578065861393,nan,nan,nan,nan,nan,nan,nan,0.027305413289921303,0.0,0.0,1.103472821757884,1.9394093122783147,-0.25982787680831343,-0.014812371804380824,nan,nan,nan,nan,nan,nan,nan,nan,nan,nan,nan,nan,nan,nan,0.9394759385268537,0.0,0.0,1.695753754852928,0.7851784094144332,-0.10902548072671629,-0.0038957698053688023,nan,nan,nan,nan,nan,nan,nan,nan,nan,nan,nan,nan,nan,nan,nan,nan,nan,nan,nan,nan,nan,nan,nan,nan,nan,nan,nan,nan,nan,nan,nan,nan,nan,nan,nan,nan,nan,nan,nan,nan,nan,nan,nan,nan,nan,nan,nan,nan,nan,0.17552791549030314
1791059658.7671163,1.4949027260376118,-0.5267492921305114,1.5852934854028893,-0.08801978484808379,2.006035824669529,0.14838231042058408,0.8244647764952826,0.0,0.0,2.1915950118603753,-0.4393723925991215,-0.008358139460230639,0.0007111983080133573,0.0,0.0,0.0,0.21734695335140675,-0.12953550558479568,-0.010090543924294242,0.2301046114109067,0.0,0.0,0.0,-0.941664576442398,-0.4456824281515141,-0.004664104620135734,0.12950573995197467,nan,nan,nan,nan,nan,nan,nan,0.027305413289921303,0.0,0.0,1.0816274652229203,1.9380255593739386,-0.24504871896460068,-0.010001502724292599,nan,nan,nan,nan,nan,nan,nan,nan,nan,nan,nan,nan,nan,nan,0.9466799983630082,0.0,0.0,1.684884757661703,0.7854430408245783,-0.10527284753596479,-0.004798291372927721,nan,nan,nan,nan,nan,nan,nan,nan,nan,nan,nan,nan,nan,nan,nan,nan,nan,nan,nan,nan,nan,nan,nan,nan,nan,nan,nan,nan,nan,nan,nan,nan,nan,nan,nan,nan,nan,nan,nan,nan,nan,nan,nan,nan,nan,nan,nan,nan,nan,0.1851961984652813
1791059658.8711252,1.4945614933634412,-0.5083444215704996,1.5850258666617276,-0.06260392181016537,2.0065390772108147,0.16287315214149398,0.8210757980514374,0.0,0.0,2.1908548000252424,-0.43920802465649034,0.0007129976540737291,0.008517901361309388,0.0,0.0,0.0,0.21623728726623184,-0.10499177395108676,-0.010685347536441531,0.2364345693671315,0.0,0.0,0.0,-0.9417475203265618,-0.43231628528248367,0.005391912715152771,0.11887500492927935,nan,nan,nan,nan,nan,nan,nan,0.027305413289921303,0.0,0.0,1.055427330993806,1.9370050343125917,-0.22517032241738638,-0.01681835584882197,nan,nan,nan,nan,nan,nan,nan,nan,nan,nan,nan,nan,nan,nan,0.9004328260575574,0.0,0.0,1.6749909703974752,0.7855596639876397,-0.10732050943535616,0.007093181265252289,nan,nan,nan,nan,nan,nan,nan,nan,nan,nan,nan,nan,nan,nan,nan,nan,nan,nan,nan,nan,nan,nan,nan,nan,nan,nan,nan,nan,nan,nan,nan,nan,nan,nan,nan,nan,nan,nan,nan,nan,nan,nan,nan,nan,nan,nan,nan,nan,nan,0.16290377900756461
1791059658.9682136,1.4943501415273024,-0.4931421377477148,1.584586810207642,-0.08460867730212371,2.0069656884564893,0.15029763906773977,0.8235035515510647,0.0,0.0,2.190195318309085,-0.43929469375032243,-0.007252482700924576,0.0006140595061669479,0.0,0.0,0.0,0.21553899006293845,-0.08473306722818834,-0.014260510826181027,0.21435191980846058,0.0,0.0,0.0,-0.9417547180059119,-0.4215744196391878,-0.006829969678181636,0.12415445693468873,nan,nan,nan,nan,nan,nan,nan,0.027305413289921303,0.0,0.0,1.0360461848626927,1.9359024329338141,-0.1945669519020809,-0.014722435250825295,nan,nan,nan,nan,nan,nan,nan,nan,nan,nan,nan,nan,nan,nan,0.9270020976770115,0.0,0.0,1.6653269615954653,0.7854383311798842,-0.09664346347031118,0.005998695733818717,nan,nan,nan,nan,nan,nan,nan,nan,nan,nan,nan,nan,nan,nan,nan,nan,nan,nan,nan,nan,nan,nan,nan,nan,nan,nan,nan,nan,nan,nan,nan,nan,nan,nan,nan,nan,nan,nan,nan,nan,nan,nan,nan,nan,nan,nan,nan,nan,nan,0.16667677141613557
1791059659.0683165,1.4944401803712979,-0.47736602958267726,1.5864445019407494,-0.11905282736111399,2.008317407373853,0.13145826063155389,0.8282402673247833,0.0,0.0,2.1887358107218478,-0.4393506500580034,-0.01657165028694262,-0.0006153569515211073,0.0,0.0,0.0,0.21485449471691115,-0.06198876589094352,0.0017520988017523174,0.2172481547234699,0.0,0.0,0.0,-0.9416370971138819,-0.4096749830259698,-0.003970595711382177,0.12096504776537592,nan,nan,nan,nan,nan,nan,nan,0.027305413289921303,0.0,0.0,1.0119479086018397,1.935868084537633,-0.2342875967225577,-0.006253429085424552,nan,nan,nan,nan,nan,nan,nan,nan,nan,nan,nan,nan,nan,nan,0.9315665295977777,0.0,0.0,1.6553547860167164,0.7855009397509927,-0.08801309750471682,0.008020677527747334,nan,nan,nan,nan,nan,nan,nan,nan,nan,nan,nan,nan,nan,nan,nan,nan,nan,nan,nan,nan,nan,nan,nan,nan,nan,nan,nan,nan,nan,nan,nan,nan,nan,nan,nan,nan,nan,nan,nan,nan,nan,nan,nan,nan,nan,nan,nan,nan,nan,0.15887249478059332
1791059659.166723,1.4941349841755787,-0.4615322650688846,1.5880045767667887,-0.11577221752128883,2.0101458367415845,0.1332012661074503,0.8714874294032353,0.0,0.0,2.1823473591023745,-0.43932416052199036,-0.0778470333716519,-0.004270789673611524,0.0,0.0,0.0,0.21392734303921937,-0.03917408853187016,-0.011101892178732782,0.23787429651002268,0.0,0.0,0.0,-0.9415072693402656,-0.3987408991856321,-0.0019535074740549417,0.10288872101396598,nan,nan,nan,nan,nan,nan,nan,0.027305413289921303,0.0,0.0,0.9898965967161701,1.9349938245361389,-0.20315526242030596,-0.01323653185128427,nan,nan,nan,nan,nan,nan,nan,nan,nan,nan,nan,nan,nan,nan,0.9355309038089057,0.0,0.0,1.6449577946269673,0.7856093148482298,-0.09875397610642148,-0.005554427417825458,nan,nan,nan,nan,nan,nan,nan,nan,nan,nan,nan,nan,nan,nan,nan,nan,nan,nan,nan,nan,nan,nan,nan,nan,nan,nan,nan,nan,nan,nan,nan,nan,nan,nan,nan,nan,nan,nan,nan,nan,nan,nan,nan,nan,nan,nan,nan,nan,nan,0.14821246106625968
1791059659.2669194,1.4939232195926833,-0.4471578392249912,1.5868754342610976,-0.07591247860111792,2.010929667291825,0.15522394301120013,0.851355015006154,0.0,0.0,2.1769154319339936,-0.4392529735540103,-0.05682746014675002,-0.0020797156638457403,0.0,0.0,0.0,0.21283639068025392,-0.01668476291479078,-0.009160924779452906,0.2393489401813333,0.0,0.0,0.0,-0.941032497919972,-0.3877999848705136,0.01266648653393793,0.09622905384753123,nan,nan,nan,nan,nan,nan,nan,0.027305413289921303,0.0,0.0,0.9671982073569423,1.9341749549580256,-0.2724877982458477,-0.008223261148910269,nan,nan,nan,nan,nan,nan,nan,nan,nan,nan,nan,nan,nan,nan,0.9022039117315472,0.0,0.0,1.635022821481825,0.7857778854905451,-0.10558373158732795,0.0003986105770050123,nan,nan,nan,nan,nan,nan,nan,nan,nan,nan,nan,nan,nan,nan,nan,nan,nan,nan,nan,nan,nan,nan,nan,nan,nan,nan,nan,nan,nan,nan,nan,nan,nan,nan,nan,nan,nan,nan,nan,nan,nan,nan,nan,nan,nan,nan,nan,nan,nan,0.14162293456228287
1791059659.3667533,1.4937270450213112,-0.43274583303829806,1.5891215547110547,-0.03661418057981735,2.0105028907972757,0.17811942014957471,0.8428750244236478,0.0,0.0,2.1722291009821237,-0.4391577394215533,-0.04093665928929921,0.0036922553060814425,0.0,0.0,0.0,0.21187180932835492,0.006063253444708864,-0.010118439949349505,0.2323511645914254,0.0,0.0,0.0,-0.9410795317468531,-0.37719877105341326,0.004601031558878681,0.10857152043874733,nan,nan,nan,nan,nan,nan,nan,0.027305413289921303,0.0,0.0,0.9443697231475463,1.9333339443798672,-0.24167493496491294,-0.010466269155854288,nan,nan,nan,nan,nan,nan,nan,nan,nan,nan,nan,nan,nan,nan,0.8753359099431309,0.0,0.0,1.624978958854583,0.7857757430860512,-0.10742779705949616,0.006552788462964438,nan,nan,nan,nan,nan,nan,nan,nan,nan,nan,nan,nan,nan,nan,nan,nan,nan,nan,nan,nan,nan,nan,nan,nan,nan,nan,nan,nan,nan,nan,nan,nan,nan,nan,nan,nan,nan,nan,nan,nan,nan,nan,nan,nan,nan,nan,nan,nan,nan,0.14143539427989812
1791059659.4706302,1.4939444998936473,-0.41749312933713534,1.5921390819308887,-0.014314962319053014,2.009631118336125,0.19141629882828132,0.8486878942237827,0.0,0.0,2.167937452728268,-0.4392790101186886,-0.03968891040384386,0.004437869186670936,0.0,0.0,0.0,0.21080604543178846,0.0312377298332371,-0.007525018658242986,0.22484402561610778,0.0,0.0,0.0,-0.9413593916694459,-0.36669278126712096,0.004527916590652892,0.11194748527233458,nan,nan,nan,nan,nan,nan,nan,0.027305413289921303,0.0,0.0,0.9192438062795794,1.9324195979858014,-0.24029505876084498,-0.00880364518994081,nan,nan,nan,nan,nan,nan,nan,nan,nan,nan,nan,nan,nan,nan,0.8652436050607428,0.0,0.0,1.6140133481270655,0.7857696495326096,-0.10367151296713431,0.0030757095296034794,nan,nan,nan,nan,nan,nan,nan,nan,nan,nan,nan,nan,nan,nan,nan,nan,nan,nan,nan,nan,nan,nan,nan,nan,nan,nan,nan,nan,nan,nan,nan,nan,nan,nan,nan,nan,nan,nan,nan,nan,nan,nan,nan,nan,nan,nan,nan,nan,nan,0.14234408903604384
1791059659.567951,1.4940209740042967,-0.4047908314746462,1.5952975563671827,-0.019811022511873153,2.008771085080138,0.18812736239985506,0.845845735876811,0.0,0.0,2.165003654742864,-0.4391487388873319,-0.028162208983696015,0.0005849877929988832,0.0,0.0,0.0,0.20996254885542712,0.05198027950809004,-0.012002947529171148,0.22250355274657987,0.0,0.0,0.0,-0.9409662958039187,-0.35678065381210705,0.0004539609265839812,0.10381692176003332,nan,nan,nan,nan,nan,nan,nan,0.027305413289921303,0.0,0.0,0.8987601238325835,1.931501267351561,-0.21302682032447884,-0.004375258078090026,nan,nan,nan,nan,nan,nan,nan,nan,nan,nan,nan,nan,nan,nan,0.8804324552933929,0.0,0.0,1.6047332396869192,0.7858517761096631,-0.10123133868655032,-0.00940110201885207,nan,nan,nan,nan,nan,nan,nan,nan,nan,nan,nan,nan,nan,nan,nan,nan,nan,nan,nan,nan,nan,nan,nan,nan,nan,nan,nan,nan,nan,nan,nan,nan,nan,nan,nan,nan,nan,nan,nan,nan,nan,nan,nan,nan,nan,nan,nan,nan,nan,0.14531790020194124
1791059659.6700854,1.4939257580304164,-0.38905643713917776,1.5974419104058566,0.0023300683734734816,2.0079575072094924,0.20139801825371806,0.8449593634501376,0.0,0.0,2.161969838289559,-0.43911687216899936,-0.031684624983622345,-9.831295657877099e-05,0.0,0.0,0.0,0.2088148271283315,0.07506496649088842,-0.038137508717562954,0.251972549919208,0.0,0.0,0.0,-0.9409040282333287,-0.34664763661567854,-0.0061810008605844464,0.1073566309652601,nan,nan,nan,nan,nan,nan,nan,0.027305413289921303,0.0,0.0,0.8756576625038206,1.9302690976302885,-0.23037835284308963,-0.015788201461964912,nan,nan,nan,nan,nan,nan,nan,nan,nan,nan,nan,nan,nan,nan,0.8739749682134011,0.0,0.0,1.5933764097977487,0.7860557955607077,-0.10157564929431442,-0.005359040180068941,nan,nan,nan,nan,nan,nan,nan,nan,nan,nan,nan,nan,nan,nan,nan,nan,nan,nan,nan,nan,nan,nan,nan,nan,nan,nan,nan,nan,nan,nan,nan,nan,nan,nan,nan,nan,nan,nan,nan,nan,nan,nan,nan,nan,nan,nan,nan,nan,nan,0.13655606981603624
1791059659.7666872,1.4937530941144193,-0.376164321466289,1.5984433900895543,0.03786530389233496,2.0073026530708953,0.22262196111068377,0.8430712072328422,0.0,0.0,2.1587020487770743,-0.43909836912206796,-0.03148783942918848,0.00018599012016745078,0.0,0.0,0.0,0.20744048418118152,0.097459096857976,-0.026383315446735615,0.22613952153890166,0.0,0.0,0.0,-0.9406467763124111,-0.3369554545321229,-0.010522562258438988,0.08797371629136858,nan,nan,nan,nan,nan,nan,nan,0.027305413289921303,0.0,0.0,0.8528863008774105,1.9293620552842565,-0.21842362341490767,-0.011270961552612192,nan,nan,nan,nan,nan,nan,nan,nan,nan,nan,nan,nan,nan,nan,0.8373131876263212,0.0,0.0,1.5831558887823391,0.786417856245834,-0.11944365140121417,-0.006412498641930716,nan,nan,nan,nan,nan,nan,nan,nan,nan,nan,nan,nan,nan,nan,nan,nan,nan,nan,nan,nan,nan,nan,nan,nan,nan,nan,nan,nan,nan,nan,nan,nan,nan,nan,nan,nan,nan,nan,nan,nan,nan,nan,nan,nan,nan,nan,nan,nan,nan,0.1374720627678284
1791059659.8682842,1.4935960419400711,-0.36185647111300606,1.599150796577156,0.056963744952123606,2.0070471348859025,0.23384937642327924,0.8407448186374723,0.0,0.0,2.15612331398009,-0.4390524357445418,-0.02413167648137229,0.004189779635375097,0.0,0.0,0.0,0.2064182864261746,0.11975010030911522,-0.0068370879838140055,0.23566224754512607,0.0,0.0,0.0,-0.9404804326599139,-0.32730279765486103,0.009101844711252848,0.09755442342313836,nan,nan,nan,nan,nan,nan,nan,0.027305413289921303,0.0,0.0,0.8301500560300792,1.9283344903647603,-0.24473548021799957,-0.020398555961122344,nan,nan,nan,nan,nan,nan,nan,nan,nan,nan,nan,nan,nan,nan,0.858773528028466,0.0,0.0,1.5731124214301901,0.7867338238503246,-0.1062639717901776,0.005050912266686443,nan,nan,nan,nan,nan,nan,nan,nan,nan,nan,nan,nan,nan,nan,nan,nan,nan,nan,nan,nan,nan,nan,nan,nan,nan,nan,nan,nan,nan,nan,nan,nan,nan,nan,nan,nan,nan,nan,nan,nan,nan,nan,nan,nan,nan,nan,nan,nan,nan,0.14181869021656218
1791059659.9700875,1.4931408387967977,-0.34538489793476174,1.5988720401197398,0.07551352555469087,2.0072248302297266,0.24454862221386642,0.840459735927027,0.0,0.0,2.1534518985611992,-0.4390515744862713,-0.019513604741101205,0.0029718759190133764,0.0,0.0,0.0,0.20462145424914352,0.1418437781916082,-0.007760497730085217,0.21775423246533435,0.0,0.0,0.0,-0.9405429194878979,-0.31749199899730535,0.00650229099380005,0.10720293275633977,nan,nan,nan,nan,nan,nan,nan,0.027305413289921303,0.0,0.0,0.8076901483842304,1.9275013623869746,-0.2355570871758536,-0.006872412407919659,nan,nan,nan,nan,nan,nan,nan,nan,nan,nan,nan,nan,nan,nan,0.871547537110482,0.0,0.0,1.562818859495786,0.7868223767620004,-0.13301488677831783,-0.04456302818943647,nan,nan,nan,nan,nan,nan,nan,nan,nan,nan,nan,nan,nan,nan,nan,nan,nan,nan,nan,nan,nan,nan,nan,nan,nan,nan,nan,nan,nan,nan,nan,nan,nan,nan,nan,nan,nan,nan,nan,nan,nan,nan,nan,nan,nan,nan,nan,nan,nan,0.1493366562417175
1791059660.0676687,1.492752823906148,-0.3310476664432548,1.59915264580333,0.030470492971901103,2.0070889239441354,0.21823154277022805,0.8404577057068316,0.0,0.0,2.150889955625859,-0.4390757134783544,-0.030615420005520123,-0.00034319700533008896,0.0,0.0,0.0,0.20381876027920456,0.16502777137247238,-0.011000461430129952,0.20857773757126288,0.0,0.0,0.0,-0.9403593350240343,-0.3071749422396187,-0.0020967667185078738,0.10237274127866147,nan,nan,nan,nan,nan,nan,nan,0.027305413289921303,0.0,0.0,0.7851724015447056,1.926455100017258,-0.21552163861774895,-0.0048251965932180185,nan,nan,nan,nan,nan,nan,nan,nan,nan,nan,nan,nan,nan,nan,0.9411040842906556,0.0,0.0,1.554320734030703,0.7868264790432274,-0.08878441009744617,-0.003139714826677924,nan,nan,nan,nan,nan,nan,nan,nan,nan,nan,nan,nan,nan,nan,nan,nan,nan,nan,nan,nan,nan,nan,nan,nan,nan,nan,nan,nan,nan,nan,nan,nan,nan,nan,nan,nan,nan,nan,nan,nan,nan,nan,nan,nan,nan,nan,nan,nan,nan,0.1573013947684629
1791059660.1673982,1.4925503827438666,-0.31489504601467955,1.6012301082134166,-0.030774108329574106,2.006473997169665,0.18158781684057992,0.8409782467691747,0.0,0.0,2.1483066334588816,-0.4389986319226397,-0.020999482912169097,0.002772645026872307,0.0,0.0,0.0,0.2031935198839514,0.1887660261127256,-0.015133361588322135,0.2296067989698324,0.0,0.0,0.0,-0.9400759780839908,-0.2969926466667864,0.0010507532559601857,0.10419179953896139,nan,nan,nan,nan,nan,nan,nan,0.027305413289921303,0.0,0.0,0.762099135871744,1.925152885099087,-0.23702225901401458,-0.007667061162976683,nan,nan,nan,nan,nan,nan,nan,nan,nan,nan,nan,nan,nan,nan,0.9724606525447638,0.0,0.0,1.5446357330819143,0.7872818336369907,-0.07949390624788975,0.005050240356005397,nan,nan,nan,nan,nan,nan,nan,nan,nan,nan,nan,nan,nan,nan,nan,nan,nan,nan,nan,nan,nan,nan,nan,nan,nan,nan,nan,nan,nan,nan,nan,nan,nan,nan,nan,nan,nan,nan,nan,nan,nan,nan,nan,nan,nan,nan,nan,nan,nan,0.17215421209245693
1791059660.2669833,1.4922224284767673,-0.2984655181019674,1.6038959793982541,-0.061482586110136433,2.0062868679636243,0.16352317224619214,0.841377424150021,0.0,0.0,2.1458347548359265,-0.4390622255648789,-0.02390729594604544,0.00047134070565307037,0.0,0.0,0.0,0.20207751437729282,0.21190385051769647,-0.01596672513255106,0.23856464144246917,0.0,0.0,0.0,-0.9399771785673023,-0.28708569361688924,0.0008399134564009916,0.08959935752128127,nan,nan,nan,nan,nan,nan,nan,0.027305413289921303,0.0,0.0,0.7400278666583087,1.9241209522499296,-0.1893726985163689,-0.012839648635742336,nan,nan,nan,nan,nan,nan,nan,nan,nan,nan,nan,nan,nan,nan,0.9481681847080822,0.0,0.0,1.535686625170331,0.7873159742337297,-0.08856758097930978,0.010843908710661161,nan,nan,nan,nan,nan,nan,nan,nan,nan,nan,nan,nan,nan,nan,nan,nan,nan,nan,nan,nan,nan,nan,nan,nan,nan,nan,nan,nan,nan,nan,nan,nan,nan,nan,nan,nan,nan,nan,nan,nan,nan,nan,nan,nan,nan,nan,nan,nan,nan,0.16548607642722163
1791059660.3667765,1.4917829548261414,-0.2819670168677461,1.6058028270036122,-0.08737643748954613,2.00676531100392,0.14874278606455374,0.8422824897454053,0.0,0.0,2.1439738601737575,-0.4391768482775032,-0.021325439728507933,-0.002818593104373093,0.0,0.0,0.0,0.20089608301425413,0.23463330394143697,-0.01476894321369709,0.23906470140905028,0.0,0.0,0.0,-0.939887077212094,-0.2770898951355905,0.00833629298106995,0.10112353980486033,nan,nan,nan,nan,nan,nan,nan,0.027305413289921303,0.0,0.0,0.7169910182751387,1.922790617154781,-0.22206510305568525,-0.018153114879859017,nan,nan,nan,nan,nan,nan,nan,nan,nan,nan,nan,nan,nan,nan,0.9433380627407733,0.0,0.0,1.525925499018124,0.7871818292883868,-0.08690174096378922,0.013675263284646128,nan,nan,nan,nan,nan,nan,nan,nan,nan,nan,nan,nan,nan,nan,nan,nan,nan,nan,nan,nan,nan,nan,nan,nan,nan,nan,nan,nan,nan,nan,nan,nan,nan,nan,nan,nan,nan,nan,nan,nan,nan,nan,nan,nan,nan,nan,nan,nan,nan,0.15982123728621575
1791059660.4669266,1.4915285362381139,-0.2658605238769532,1.6079988688367703,-0.12475043273145081,2.0083097510509313,0.12845906603144833,0.8378348141431048,0.0,0.0,2.1421683963458054,-0.4391256476677428,-0.018815015305425734,0.0005710899643390332,0.0,0.0,0.0,0.2000294182486058,0.25737285465898496,-0.004720060723417541,0.22960123736451107,0.0,0.0,0.0,-0.9397962053811396,-0.2671666603081538,0.00013767327974655713,0.10898230292941441,nan,nan,nan,nan,nan,nan,nan,0.027305413289921303,0.0,0.0,0.6947172905213015,1.9215542268932009,-0.23286935060572364,-0.010868095620576071,nan,nan,nan,nan,nan,nan,nan,nan,nan,nan,nan,nan,nan,nan,0.9320395212313592,0.0,0.0,1.5167021412842574,0.787326640554396,-0.08897139424301066,0.0010414659121615786,nan,nan,nan,nan,nan,nan,nan,nan,nan,nan,nan,nan,nan,nan,nan,nan,nan,nan,nan,nan,nan,nan,nan,nan,nan,nan,nan,nan,nan,nan,nan,nan,nan,nan,nan,nan,nan,nan,nan,nan,nan,nan,nan,nan,nan,nan,nan,nan,nan,0.1724728133040408
1791059660.566566,1.4912452923686492,-0.2501362665049228,1.6105086863907974,-0.11634028690849513,2.010279045234357,0.13289861852133394,0.842078344499994,0.0,0.0,2.1404482741946365,-0.4389598162538784,-0.018358864013351475,8.055549890700854e-05,0.0,0.0,0.0,0.19869982163105482,0.2801270919957481,-0.0043216535870572335,0.22106437489768963,0.0,0.0,0.0,-0.9393938601159644,-0.2575146106794072,-0.0009240602814742686,0.0969874876783705,nan,nan,nan,nan,nan,nan,nan,0.027305413289921303,0.0,0.0,0.6716255598741578,1.9201506433980624,-0.23241916760985684,-0.010878924009289586,nan,nan,nan,nan,nan,nan,nan,nan,nan,nan,nan,nan,nan,nan,0.9275644328440448,0.0,0.0,1.5068818595511384,0.7873799566352007,-0.10590691336667973,-0.014370570848616177,nan,nan,nan,nan,nan,nan,nan,nan,nan,nan,nan,nan,nan,nan,nan,nan,nan,nan,nan,nan,nan,nan,nan,nan,nan,nan,nan,nan,nan,nan,nan,nan,nan,nan,nan,nan,nan,nan,nan,nan,nan,nan,nan,nan,nan,nan,nan,nan,nan,0.15772463896742006
1791059660.6665812,1.490688683826077,-0.23444164488039318,1.6120973339402156,-0.1117991459346593,2.0117743808863593,0.1353275510823477,0.8454840164830343,0.0,0.0,2.1389068718926145,-0.4389726914220414,-0.014563361105019738,0.0006998362743540197,0.0,0.0,0.0,0.19737417979379543,0.30294917223619655,-0.010435970106815169,0.21987446826785395,0.0,0.0,0.0,-0.939171754197066,-0.24802922465381286,-0.003500811306501121,0.09083436284595267,nan,nan,nan,nan,nan,nan,nan,0.027305413289921303,0.0,0.0,0.6486715078897671,1.9187257642579043,-0.20520439607951252,-0.012016729053940906,nan,nan,nan,nan,nan,nan,nan,nan,nan,nan,nan,nan,nan,nan,0.9189315358330269,0.0,0.0,1.497528896101578,0.7876376178983627,-0.10217125091947712,0.005742553566532004,nan,nan,nan,nan,nan,nan,nan,nan,nan,nan,nan,nan,nan,nan,nan,nan,nan,nan,nan,nan,nan,nan,nan,nan,nan,nan,nan,nan,nan,nan,nan,nan,nan,nan,nan,nan,nan,nan,nan,nan,nan,nan,nan,nan,nan,nan,nan,nan,nan,0.1614755367506345
1791059660.766622,1.4901963652286963,-0.21957315507646719,1.6132308390268486,-0.11386814872644828,2.0130785302962675,0.13421819511446073,0.8415257730731808,0.0,0.0,2.1374144317700554,-0.43880181186875267,-0.017960041904567365,0.011735128677995576,0.0,0.0,0.0,0.19594117464025354,0.3258197771769458,-0.02168457438165388,0.24230057374442376,0.0,0.0,0.0,-0.9389649704108693,-0.2387675295363736,0.004166468851273252,0.08819901790667607,nan,nan,nan,nan,nan,nan,nan,0.027305413289921303,0.0,0.0,0.6256789501068367,1.9172466667223351,-0.22863385040149087,-0.007770846554839657,nan,nan,nan,nan,nan,nan,nan,nan,nan,nan,nan,nan,nan,nan,0.9060372653667678,0.0,0.0,1.4880006738872695,0.7876448761439265,-0.09238396087424491,0.02281642107504226,nan,nan,nan,nan,nan,nan,nan,nan,nan,nan,nan,nan,nan,nan,nan,nan,nan,nan,nan,nan,nan,nan,nan,nan,nan,nan,nan,nan,nan,nan,nan,nan,nan,nan,nan,nan,nan,nan,nan,nan,nan,nan,nan,nan,nan,nan,nan,nan,nan,0.15587509066452468
1791059660.8680027,1.4899712385230632,-0.2049144242715331,1.614841805169814,-0.11389520823684962,2.014302272353504,0.13420371619215696,0.8399309123497759,0.0,0.0,2.135973373149875,-0.4389507264907746,-0.013074673456131416,0.00010869917796401172,0.0,0.0,0.0,0.19491929611047465,0.34879654635438057,-0.018282668626708888,0.2333775741691887,0.0,0.0,0.0,-0.9390035187257579,-0.2297133803807442,0.002050108743531529,0.09916484982665377,nan,nan,nan,nan,nan,nan,nan,0.027305413289921303,0.0,0.0,0.6027836276473056,1.9158210789070933,-0.22809998760787403,-0.01942580140274525,nan,nan,nan,nan,nan,nan,nan,nan,nan,nan,nan,nan,nan,nan,0.8966103748423933,0.0,0.0,1.4771642198496404,0.7872527625471214,-0.09943253767437273,-0.012873574335358066,nan,nan,nan,nan,nan,nan,nan,nan,nan,nan,nan,nan,nan,nan,nan,nan,nan,nan,nan,nan,nan,nan,nan,nan,nan,nan,nan,nan,nan,nan,nan,nan,nan,nan,nan,nan,nan,nan,nan,nan,nan,nan,nan,nan,nan,nan,nan,nan,nan,0.13289212004285936
1791059660.967969,1.4895157498387783,-0.19074614924725533,1.6144880565064947,-0.10937663417931527,2.01531021850205,0.13663211769679137,0.8464734001941715,0.0,0.0,2.1345886610777116,-0.4389200687991485,-0.012746846380324486,0.0007138483094207121,0.0,0.0,0.0,0.19397287644839908,0.37180745928426595,-0.01044104366208752,0.2343430436518616,0.0,0.0,0.0,-0.9389664914064851,-0.22063044361668388,-0.0003747448934573007,0.09211887640183841,nan,nan,nan,nan,nan,nan,nan,0.027305413289921303,0.0,0.0,0.579490883440475,1.9145575705939157,-0.24208554941860128,-0.025249480553565115,nan,nan,nan,nan,nan,nan,nan,nan,nan,nan,nan,nan,nan,nan,0.8941449537807484,0.0,0.0,1.4667088327626332,0.7876351687495141,-0.09554659905129378,-0.009028694895218816,nan,nan,nan,nan,nan,nan,nan,nan,nan,nan,nan,nan,nan,nan,nan,nan,nan,nan,nan,nan,nan,nan,nan,nan,nan,nan,nan,nan,nan,nan,nan,nan,nan,nan,nan,nan,nan,nan,nan,nan,nan,nan,nan,nan,nan,nan,nan,nan,nan,0.11865075554639164
1791059661.066581,1.4891285540942494,-0.17827343069386695,1.6139587330495282,-0.08586758115163778,2.0156611893947756,0.1495896131660807,0.8431676612898865,0.0,0.0,2.1333787351968505,-0.4387615065077459,-0.012208266550806545,0.000489667969743611,0.0,0.0,0.0,0.19275073809355683,0.39485938607492543,-0.002493137654407882,0.23017532471805902,0.0,0.0,0.0,-0.9388324828285524,-0.2114398805876775,-0.001676036948624031,0.0866669367679884,nan,nan,nan,nan,nan,nan,nan,0.027305413289921303,0.0,0.0,0.5574678233436147,1.9131944779960264,-0.21465655834729275,-0.01759762364029137,nan,nan,nan,nan,nan,nan,nan,nan,nan,nan,nan,nan,nan,nan,0.834972230560091,0.0,0.0,1.4561944748767308,0.7878244886947859,-0.11657321552924482,-0.002120381522752042,nan,nan,nan,nan,nan,nan,nan,nan,nan,nan,nan,nan,nan,nan,nan,nan,nan,nan,nan,nan,nan,nan,nan,nan,nan,nan,nan,nan,nan,nan,nan,nan,nan,nan,nan,nan,nan,nan,nan,nan,nan,nan,nan,nan,nan,nan,nan,nan,nan,0.12283619344450486
1791059661.1664686,1.4885205642964594,-0.16611383135005542,1.6125305405676422,-0.06868409000673502,2.01530404177846,0.1593630397797816,0.8443736433792739,0.0,0.0,2.131945537650045,-0.4389539465457602,-0.01422116776712624,-0.0015539744966975592,0.0,0.0,0.0,0.19155811205232065,0.4181077149380957,-0.00651235831819966,0.22884350884784438,0.0,0.0,0.0,-0.9387021271647549,-0.2019583600202288,0.0038973503739759717,0.0995847875038784,nan,nan,nan,nan,nan,nan,nan,0.027305413289921303,0.0,0.0,0.5343476832451677,1.9118601789008158,-0.2577846955977734,-0.005136480301067071,nan,nan,nan,nan,nan,nan,nan,nan,nan,nan,nan,nan,nan,nan,0.8575422561739321,0.0,0.0,1.4458949572815227,0.7876111374842893,-0.11120358790247409,1.2280796034948825e-05,nan,nan,nan,nan,nan,nan,nan,nan,nan,nan,nan,nan,nan,nan,nan,nan,nan,nan,nan,nan,nan,nan,nan,nan,nan,nan,nan,nan,nan,nan,nan,nan,nan,nan,nan,nan,nan,nan,nan,nan,nan,nan,nan,nan,nan,nan,nan,nan,nan,0.1284368821282248
1791059661.2666025,1.4879497884486688,-0.15334058620873858,1.6106290125650482,-0.05703117611896245,2.014597168782551,0.16611132514215804,0.8417162110710926,0.0,0.0,2.130632513585313,-0.43891908148952236,-0.016668870834940168,-0.0021616253139685355,0.0,0.0,0.0,0.1903183700745327,0.44118795471652383,-0.00913922092924193,0.23068513623736273,0.0,0.0,0.0,-0.93890625992647,-0.19196924339315594,-0.0020980788670212458,0.11110513787243625,nan,nan,nan,nan,nan,nan,nan,0.027305413289921303,0.0,0.0,0.5117516020341529,1.9100841569259392,-0.2282231851249179,-0.012386055324220746,nan,nan,nan,nan,nan,nan,nan,nan,nan,nan,nan,nan,nan,nan,0.8575502169650193,0.0,0.0,1.4355231983242651,0.7874937855661704,-0.10752187762964048,0.0010134757744011532,nan,nan,nan,nan,nan,nan,nan,nan,nan,nan,nan,nan,nan,nan,nan,nan,nan,nan,nan,nan,nan,nan,nan,nan,nan,nan,nan,nan,nan,nan,nan,nan,nan,nan,nan,nan,nan,nan,nan,nan,nan,nan,nan,nan,nan,nan,nan,nan,nan,0.12409955684953305
1791059661.3679633,1.4873632833138872,-0.14009740184500663,1.6094123559199776,-0.060249341372453274,2.0138638993860596,0.16423898526137162,0.828045863541417,0.0,0.0,2.129361900016653,-0.43895925716837675,-0.02694119586560852,0.03259419243260187,0.0,0.0,0.0,0.18894425479531968,0.4641603949084565,-0.023141964713998743,0.23186464259098175,0.0,0.0,0.0,-0.9388723981640051,-0.18132727036571875,-0.0035559499141098586,0.11129848897996154,nan,nan,nan,nan,nan,nan,nan,0.027305413289921303,0.0,0.0,0.48850212075310195,1.9083873212254328,-0.2346467989603236,-0.014437828347831607,nan,nan,nan,nan,nan,nan,nan,nan,nan,nan,nan,nan,nan,nan,0.8947192166343211,0.0,0.0,1.4246768478897305,0.7877843207561649,-0.09458838003969804,0.011174070302832382,nan,nan,nan,nan,nan,nan,nan,nan,nan,nan,nan,nan,nan,nan,nan,nan,nan,nan,nan,nan,nan,nan,nan,nan,nan,nan,nan,nan,nan,nan,nan,nan,nan,nan,nan,nan,nan,nan,nan,nan,nan,nan,nan,nan,nan,nan,nan,nan,nan,0.13765465142526695
1791059661.468029,1.487013216524832,-0.12659763474546498,1.6090090659352712,-0.06519879540036894,2.0132957373465876,0.16137207921437152,0.8447548848678543,0.0,0.0,2.1281767015840085,-0.4390026619294857,-0.012511708171426859,-0.00025855024543544017,0.0,0.0,0.0,0.18775339119364445,0.4869155452700148,-0.016315802749161355,0.22690726095639158,0.0,0.0,0.0,-0.938659100839028,-0.1706336152753455,-0.0033187177976439944,0.10921466263290086,nan,nan,nan,nan,nan,nan,nan,0.027305413289921303,0.0,0.0,0.46546969631218177,1.906661817612882,-0.2348889207550226,-0.026863589208487207,nan,nan,nan,nan,nan,nan,nan,nan,nan,nan,nan,nan,nan,nan,0.9024088762378452,0.0,0.0,1.41354162225638,0.7879470011325422,-0.10055362290815142,0.0024916122891532537,nan,nan,nan,nan,nan,nan,nan,nan,nan,nan,nan,nan,nan,nan,nan,nan,nan,nan,nan,nan,nan,nan,nan,nan,nan,nan,nan,nan,nan,nan,nan,nan,nan,nan,nan,nan,nan,nan,nan,nan,nan,nan,nan,nan,nan,nan,nan,nan,nan,0.15110564578999894
1791059661.5672326,1.4864549505689535,-0.11228581371158983,1.6079243324192811,-0.062506859852024,2.0128056218674297,0.16292938549726152,0.8574984955496581,0.0,0.0,2.127033062377461,-0.43883202685398126,-0.009929253289552204,0.0013600177593133948,0.0,0.0,0.0,0.18635686889039915,0.5095945483159184,-0.011516114127932065,0.22649698287572562,0.0,0.0,0.0,-0.9385939119062483,-0.15992105313652608,-0.0067377584361257474,0.1046158237984358,nan,nan,nan,nan,nan,nan,nan,0.027305413289921303,0.0,0.0,0.4427818333281303,1.9051353034568699,-0.22571957822259292,-0.022643300394196084,nan,nan,nan,nan,nan,nan,nan,nan,nan,nan,nan,nan,nan,nan,0.8969902025441332,0.0,0.0,1.403081903041576,0.7883396493357726,-0.09748611859568222,0.019763257489247153,nan,nan,nan,nan,nan,nan,nan,nan,nan,nan,nan,nan,nan,nan,nan,nan,nan,nan,nan,nan,nan,nan,nan,nan,nan,nan,nan,nan,nan,nan,nan,nan,nan,nan,nan,nan,nan,nan,nan,nan,nan,nan,nan,nan,nan,nan,nan,nan,nan,0.1490399064551196
1791059661.666802,1.4860795556641229,-0.09751948887253052,1.6083922251145126,-0.09148880575619343,2.0127429140660063,0.14644481398241968,0.8574984955496581,0.0,0.0,2.1258672858027254,-0.43889393496073087,-0.009583897024655216,0.0005172075755475545,0.0,0.0,0.0,0.18494509468599798,0.5324579225334924,-0.004887171603453232,0.23001493276592022,0.0,0.0,0.0,-0.9384268305998246,-0.14923037924091243,0.009804663762559248,0.10279083733527868,nan,nan,nan,nan,nan,nan,nan,0.027305413289921303,0.0,0.0,0.4199787039074152,1.9034702573122309,-0.22236119881125238,-0.018943536770950415,nan,nan,nan,nan,nan,nan,nan,nan,nan,nan,nan,nan,nan,nan,0.9429861626537822,0.0,0.0,1.3940371631625994,0.7881302593142899,-0.09702306444764434,-0.030475586868430403,nan,nan,nan,nan,nan,nan,nan,nan,nan,nan,nan,nan,nan,nan,nan,nan,nan,nan,nan,nan,nan,nan,nan,nan,nan,nan,nan,nan,nan,nan,nan,nan,nan,nan,nan,nan,nan,nan,nan,nan,nan,nan,nan,nan,nan,nan,nan,nan,nan,0.14764694936738781
1791059661.768554,1.485705419731392,-0.0830115609867366,1.608856325073599,-0.13325732587062072,2.013991033682952,0.1240492318891025,0.8574984955496581,0.0,0.0,2.1249262091528567,-0.43889646413153593,-0.008699089006224011,-0.0005911438465800428,0.0,0.0,0.0,0.18348880630233258,0.5551272828570472,-0.010383372024659105,0.23446342581514587,0.0,0.0,0.0,-0.9383378116224105,-0.1383763285156348,0.009207496928483437,0.10846843804015395,nan,nan,nan,nan,nan,nan,nan,0.027305413289921303,0.0,0.0,0.3972999139186651,1.9015776598410494,-0.2223681151786941,-0.014021259631855933,nan,nan,nan,nan,nan,nan,nan,nan,nan,nan,nan,nan,nan,nan,0.9353218822751691,0.0,0.0,1.385734128268912,0.7883928768645205,-0.07413717570915154,0.014549878629630784,nan,nan,nan,nan,nan,nan,nan,nan,nan,nan,nan,nan,nan,nan,nan,nan,nan,nan,nan,nan,nan,nan,nan,nan,nan,nan,nan,nan,nan,nan,nan,nan,nan,nan,nan,nan,nan,nan,nan,nan,nan,nan,nan,nan,nan,nan,nan,nan,nan,0.14339841870322725
1791059661.86666,1.485262274985526,-0.06888886400884127,1.6079302956413348,-0.17260183201545373,2.0171715968528066,0.10479909731976261,0.8574984955496581,0.0,0.0,2.1239152048393133,-0.4387958526383301,-0.011425076155285957,0.0021691671590872044,0.0,0.0,0.0,0.18200774221488486,0.5779589472678359,-0.018874491234757224,0.233849625001327,0.0,0.0,0.0,-0.9383803399148555,-0.12730987000610833,0.007526717576943859,0.11493282236509147,nan,nan,nan,nan,nan,nan,nan,0.027305413289921303,0.0,0.0,0.37463273385489454,1.899571214635547,-0.2325861059694589,-0.014121415559209505,nan,nan,nan,nan,nan,nan,nan,nan,nan,nan,nan,nan,nan,nan,0.9398841867946134,0.0,0.0,1.3766091289706324,0.7884907411719211,-0.0739293894501722,-0.010816501406809316,nan,nan,nan,nan,nan,nan,nan,nan,nan,nan,nan,nan,nan,nan,nan,nan,nan,nan,nan,nan,nan,nan,nan,nan,nan,nan,nan,nan,nan,nan,nan,nan,nan,nan,nan,nan,nan,nan,nan,nan,nan,nan,nan,nan,nan,nan,nan,nan,nan,0.12879850062939519
1791059661.9668062,1.4850505309336295,-0.055169900924392744,1.607678807936206,-0.1934424398894999,2.0219434563024117,0.0954193416513147,0.8574984955496581,0.0,0.0,2.1227268827821004,-0.4388608358361845,-0.012127354825999671,0.004404805124476634,0.0,0.0,0.0,0.18064660390902854,0.6008259401592734,-0.01938515549127574,0.22517436277338174,0.0,0.0,0.0,-0.9386748851235954,-0.11643106519956842,-0.000981651969670808,0.12060034665290667,nan,nan,nan,nan,nan,nan,nan,0.027305413289921303,0.0,0.0,0.351835484630614,1.897373954523241,-0.23735435362646523,-0.01888763900284726,nan,nan,nan,nan,nan,nan,nan,nan,nan,nan,nan,nan,nan,nan,0.8377916165875817,0.0,0.0,1.367007488119764,0.7891021851610309,-0.09641934742915814,0.023508996234625323,nan,nan,nan,nan,nan,nan,nan,nan,nan,nan,nan,nan,nan,nan,nan,nan,nan,nan,nan,nan,nan,nan,nan,nan,nan,nan,nan,nan,nan,nan,nan,nan,nan,nan,nan,nan,nan,nan,nan,nan,nan,nan,nan,nan,nan,nan,nan,nan,nan,0.12743036169843253
1791059662.0680587,1.484688633468865,-0.042845393077930734,1.60738163221913,-0.214712288285199,2.0278147329125766,0.08645805731982865,0.8574984955496581,0.0,0.0,2.1215536277340457,-0.43877065431331447,-0.014735649782065229,0.00021076243330507127,0.0,0.0,0.0,0.17912212796021773,0.6239198648174555,-0.01773234205950174,0.2192813959541352,0.0,0.0,0.0,-0.9386127966909508,-0.10500314241017192,-0.004795112561320817,0.11922029976507861,nan,nan,nan,nan,nan,nan,nan,0.027305413289921303,0.0,0.0,0.3291538509916804,1.8951877597847036,-0.23083688096343863,-0.029641735080850377,nan,nan,nan,nan,nan,nan,nan,nan,nan,nan,nan,nan,nan,nan,0.8620892238417911,0.0,0.0,1.3581374786310236,0.7889535933667459,-0.09011365472632812,0.007469356689937575,nan,nan,nan,nan,nan,nan,nan,nan,nan,nan,nan,nan,nan,nan,nan,nan,nan,nan,nan,nan,nan,nan,nan,nan,nan,nan,nan,nan,nan,nan,nan,nan,nan,nan,nan,nan,nan,nan,nan,nan,nan,nan,nan,nan,nan,nan,nan,nan,nan,0.11785432459972951
1791059662.1700816,1.484283412074713,-0.02983924322244892,1.6063131166492846,-0.2443069171853783,2.035248990564682,0.07503020321047571,0.8574984955496581,0.0,0.0,2.119978396841938,-0.4389677363318206,-0.012558707854873319,-0.0024403284845772523,0.0,0.0,0.0,0.17730077390925822,0.649034300793093,-0.0153973551005947,0.21475724547120995,0.0,0.0,0.0,-0.9384540320602778,-0.09265790757164076,-0.0015025812442357787,0.11771224494105385,nan,nan,nan,nan,nan,nan,nan,0.027305413289921303,0.0,0.0,0.3061760321598729,1.8929578104726488,-0.22061899373095642,-0.024144623555129613,nan,nan,nan,nan,nan,nan,nan,nan,nan,nan,nan,nan,nan,nan,0.9280564119442343,0.0,0.0,1.3493782196377935,0.7892388956935419,-0.07611101038423292,0.0413541278517361,nan,nan,nan,nan,nan,nan,nan,nan,nan,nan,nan,nan,nan,nan,nan,nan,nan,nan,nan,nan,nan,nan,nan,nan,nan,nan,nan,nan,nan,nan,nan,nan,nan,nan,nan,nan,nan,nan,nan,nan,nan,nan,nan,nan,nan,nan,nan,nan,nan,0.1076072553051058
1791059662.2664287,1.4839990424939942,-0.02013722217250404,1.6063485978086058,-0.2602437013168396,2.0440252705745094,0.06937477192772544,0.8574984955496581,0.0,0.0,2.1187147400081443,-0.43861347203355033,-0.015346789004652334,0.006756372220197593,0.0,0.0,0.0,0.17570093354433514,0.6698508216490225,-0.017972803469197253,0.23990082788078498,0.0,0.0,0.0,-0.9383448343766516,-0.08270982727058045,-0.006540191444796086,0.11254175700157637,nan,nan,nan,nan,nan,nan,nan,0.027305413289921303,0.0,0.0,0.2831350882216254,1.8906120445115158,-0.22463223134162674,-0.020887379394652544,nan,nan,nan,nan,nan,nan,nan,nan,nan,nan,nan,nan,nan,nan,0.8615857815689224,0.0,0.0,1.3418143078295324,0.7893654243686548,-0.08891114044845393,-0.008781188918889182,nan,nan,nan,nan,nan,nan,nan,nan,nan,nan,nan,nan,nan,nan,nan,nan,nan,nan,nan,nan,nan,nan,nan,nan,nan,nan,nan,nan,nan,nan,nan,nan,nan,nan,nan,nan,nan,nan,nan,nan,nan,nan,nan,nan,nan,nan,nan,nan,nan,0.09973240946837911
1791059662.3665907,1.4837039924267963,-0.010203837667672449,1.6054148910527744,-0.27733125001914377,2.0536139998935172,0.06369097937166823,0.8574984955496581,0.0,0.0,2.1168902093887545,-0.43867015180777336,-0.0199237611847734,0.0004262246438313346,0.0,0.0,0.0,0.17390286809046787,0.6921164617597132,-0.01604502434770564,0.238391519720928,0.0,0.0,0.0,-0.9382225510636727,-0.07187187346195299,-0.003984479126579076,0.09438922109195375,nan,nan,nan,nan,nan,nan,nan,0.027305413289921303,0.0,0.0,0.2601107359102287,1.8881449860048962,-0.23244485677011853,-0.022176625600071755,nan,nan,nan,nan,nan,nan,nan,nan,nan,nan,nan,nan,nan,nan,0.7933149904563741,0.0,0.0,1.3327910125191038,0.7893776980189565,-0.10119136086311875,0.018816668528642545,nan,nan,nan,nan,nan,nan,nan,nan,nan,nan,nan,nan,nan,nan,nan,nan,nan,nan,nan,nan,nan,nan,nan,nan,nan,nan,nan,nan,nan,nan,nan,nan,nan,nan,nan,nan,nan,nan,nan,nan,nan,nan,nan,nan,nan,nan,nan,nan,nan,0.087976022315572
1791059662.4665208,1.4834734919939954,-0.0011941271397377475,1.6050231288788408,-0.2924022107114724,2.0639857748972967,0.058996568239298025,0.8574984955496581,0.0,0.0,2.1145041012842154,-0.4385288193648974,-0.027427053318254874,-0.004168259367823434,0.0,0.0,0.0,0.17205418682923368,0.7143610359871829,-0.020045002770747142,0.22404052896084986,0.0,0.0,0.0,-0.9381599480623434,-0.06162842609024382,0.0036320407736209048,0.08950297213345662,nan,nan,nan,nan,nan,nan,nan,0.027305413289921303,0.0,0.0,0.23704667740714241,1.885648023105743,-0.2429662020187981,-0.022694097299551675,nan,nan,nan,nan,nan,nan,nan,nan,nan,nan,nan,nan,nan,nan,0.8343317145870778,0.0,0.0,1.3237502874722253,0.7892818844044985,-0.08736337888346503,-0.002946431912436726,nan,nan,nan,nan,nan,nan,nan,nan,nan,nan,nan,nan,nan,nan,nan,nan,nan,nan,nan,nan,nan,nan,nan,nan,nan,nan,nan,nan,nan,nan,nan,nan,nan,nan,nan,nan,nan,nan,nan,nan,nan,nan,nan,nan,nan,nan,nan,nan,nan,0.08309482417644837
1791059662.5676706,1.4830879968837944,0.006962607919289991,1.6036788895243206,-0.306234737859888,2.074975634583277,0.05494323268793591,0.8574984955496581,0.0,0.0,2.1113201892893576,-0.43840818872472936,-0.03922097666346129,-0.0004849240829822129,0.0,0.0,0.0,0.17031655660145062,0.7368856736832239,-0.019703366190556473,0.20956268767115055,0.0,0.0,0.0,-0.9381908117779418,-0.0518518549465202,0.004970282708489723,0.09871473071196395,nan,nan,nan,nan,nan,nan,nan,0.027305413289921303,0.0,0.0,0.21429109157616394,1.8831078127855967,-0.2391298248655232,-0.028499784566336145,nan,nan,nan,nan,nan,nan,nan,nan,nan,nan,nan,nan,nan,nan,0.8167044137460405,0.0,0.0,1.3140907320014332,0.7895174653945946,-0.09097624703544793,0.005152203041298083,nan,nan,nan,nan,nan,nan,nan,nan,nan,nan,nan,nan,nan,nan,nan,nan,nan,nan,nan,nan,nan,nan,nan,nan,nan,nan,nan,nan,nan,nan,nan,nan,nan,nan,nan,nan,nan,nan,nan,nan,nan,nan,nan,nan,nan,nan,nan,nan,nan,0.08546736766603386
1791059662.6680465,1.482712793807865,0.016123690292147382,1.6027449830976237,-0.30994571090673434,2.0859121872636424,0.05389640939369458,0.8574984955496581,0.0,0.0,2.1075733301855966,-0.43870493401694577,-0.036164659394317504,-0.00512476114982764,0.0,0.0,0.0,0.16862285494539248,0.759711035669354,-0.016484286796680785,0.21897262854263003,0.0,0.0,0.0,-0.9381864898941741,-0.04238588317137323,-0.0016306342198049101,0.10098747968657923,nan,nan,nan,nan,nan,nan,nan,0.027305413289921303,0.0,0.0,0.1916582173018588,1.8804850907994501,-0.22851957182059304,-0.03227349596638234,nan,nan,nan,nan,nan,nan,nan,nan,nan,nan,nan,nan,nan,nan,0.827628047706796,0.0,0.0,1.304155619940007,0.7897803525932287,-0.09927942094989049,0.00039863933713901257,nan,nan,nan,nan,nan,nan,nan,nan,nan,nan,nan,nan,nan,nan,nan,nan,nan,nan,nan,nan,nan,nan,nan,nan,nan,nan,nan,nan,nan,nan,nan,nan,nan,nan,nan,nan,nan,nan,nan,nan,nan,nan,nan,nan,nan,nan,nan,nan,nan,0.08545175204150346
1791059662.766518,1.4825244753678537,0.02433778989508035,1.6012881941785588,-0.316752621467914,2.0964224180572772,0.052020046070786655,0.8574984955496581,0.0,0.0,2.1033720736690795,-0.4387783378180704,-0.04797918255636051,-0.003304135491452731,0.0,0.0,0.0,0.16693643293201318,0.7826726439147249,-0.018554597677370006,0.23638556233753671,0.0,0.0,0.0,-0.9380152060380442,-0.032854940033029606,-0.003210384651357067,0.09447156910862944,nan,nan,nan,nan,nan,nan,nan,0.027305413289921303,0.0,0.0,0.16887907088279205,1.8781985528251972,-0.2138402707612012,-0.025084872650166744,nan,nan,nan,nan,nan,nan,nan,nan,nan,nan,nan,nan,nan,nan,0.8002363798718939,0.0,0.0,1.2942620031714085,0.7898761135756172,-0.11049003785000866,0.0072626946727671355,nan,nan,nan,nan,nan,nan,nan,nan,nan,nan,nan,nan,nan,nan,nan,nan,nan,nan,nan,nan,nan,nan,nan,nan,nan,nan,nan,nan,nan,nan,nan,nan,nan,nan,nan,nan,nan,nan,nan,nan,nan,nan,nan,nan,nan,nan,nan,nan,nan,0.08717993323477684
1791059662.8665292,1.482409463193339,0.03158281259586565,1.6024216894810837,-0.3326005584978876,2.107344177968454,0.04786612614967583,0.8574984955496581,0.0,0.0,2.0989612676015823,-0.43897126010992077,-0.09272136975613701,0.004815872188625506,0.0,0.0,0.0,0.1653046104628015,0.8055051238007016,-0.015560144944985959,0.24297238690602602,0.0,0.0,0.0,-0.9378981935067062,-0.023431833495764182,-0.0019568865585459093,0.07475192376358367,nan,nan,nan,nan,nan,nan,nan,0.027305413289921303,0.0,0.0,0.14590924925460308,1.8758020843562697,-0.21624876729324194,-0.022591871209306877,nan,nan,nan,nan,nan,nan,nan,nan,nan,nan,nan,nan,nan,nan,0.7764112919828885,0.0,0.0,1.2840477765503988,0.7900081733198286,-0.10023148526795841,0.020686746056477127,nan,nan,nan,nan,nan,nan,nan,nan,nan,nan,nan,nan,nan,nan,nan,nan,nan,nan,nan,nan,nan,nan,nan,nan,nan,nan,nan,nan,nan,nan,nan,nan,nan,nan,nan,nan,nan,nan,nan,nan,nan,nan,nan,nan,nan,nan,nan,nan,nan,0.07361091534159857
1791059662.966397,1.4821535549201241,0.03990957712163629,1.601438774739498,-0.33430021366523754,2.118291795088365,0.04743806756983249,0.8574984955496581,0.0,0.0,2.0937149354238014,-0.4391551661395774,-0.04735156831606581,-0.0014323887073513625,0.0,0.0,0.0,0.16369280167495756,0.828196543334765,-0.013198701912030292,0.2355612366146358,0.0,0.0,0.0,-0.9379869942757769,-0.013877551537844236,-0.0030593070846090436,0.09849980069580336,nan,nan,nan,nan,nan,nan,nan,0.027305413289921303,0.0,0.0,0.12294699827869228,1.8734917476855226,-0.22840698447942642,-0.018511708338634504,nan,nan,nan,nan,nan,nan,nan,nan,nan,nan,nan,nan,nan,nan,0.8063332316548085,0.0,0.0,1.2730740000379202,0.7900043431243429,-0.10581123858767177,0.002886475070674418,nan,nan,nan,nan,nan,nan,nan,nan,nan,nan,nan,nan,nan,nan,nan,nan,nan,nan,nan,nan,nan,nan,nan,nan,nan,nan,nan,nan,nan,nan,nan,nan,nan,nan,nan,nan,nan,nan,nan,nan,nan,nan,nan,nan,nan,nan,nan,nan,nan,0.07972745498147414
1791059663.0663724,1.4819102160296458,0.04660300472654334,1.59966552405397,-0.33893048785896995,2.1286089786427387,0.04628871005686748,0.8574984955496581,0.0,0.0,2.0884624582304276,-0.4383063523817834,-0.0516584599279233,0.006204604075975572,0.0,0.0,0.0,0.16199330552886979,0.8508974954376723,-0.014674449143271127,0.22365030396674312,0.0,0.0,0.0,-0.937983735050491,-0.003928603197657559,-0.0005489383542017734,0.10278082688306482,nan,nan,nan,nan,nan,nan,nan,0.027305413289921303,0.0,0.0,0.09995076486296467,1.8709882998277643,-0.2409312098489691,-0.02422659328102185,nan,nan,nan,nan,nan,nan,nan,nan,nan,nan,nan,nan,nan,nan,0.789523269257822,0.0,0.0,1.2608621376597329,0.7902225928340061,-0.11597993327281889,0.0003188297282608805,nan,nan,nan,nan,nan,nan,nan,nan,nan,nan,nan,nan,nan,nan,nan,nan,nan,nan,nan,nan,nan,nan,nan,nan,nan,nan,nan,nan,nan,nan,nan,nan,nan,nan,nan,nan,nan,nan,nan,nan,nan,nan,nan,nan,nan,nan,nan,nan,nan,0.07659330046236987
1791059663.1677306,1.4814661978419346,0.05400929988090593,1.5981431688063763,-0.3416783941906619,2.138415620062666,0.045618108586647214,0.8574984955496581,0.0,0.0,2.082318556096105,-0.43830501551211887,-0.06703011448314564,0.0015525490905348768,0.0,0.0,0.0,0.16007162225722527,0.8736261736788783,-0.014689354384765166,0.21397632281855714,0.0,0.0,0.0,-0.9380240333256049,0.006061370595978402,-0.004571585627376433,0.10146719473763806,nan,nan,nan,nan,nan,nan,nan,0.027305413289921303,0.0,0.0,0.07707650052102952,1.8684419702157622,-0.24285537132800528,-0.02857807190270634,nan,nan,nan,nan,nan,nan,nan,nan,nan,nan,nan,nan,nan,nan,0.7921490470757706,0.0,0.0,1.2488605981351382,0.7902526538720291,-0.1084299726510029,-0.007892643918906348,nan,nan,nan,nan,nan,nan,nan,nan,nan,nan,nan,nan,nan,nan,nan,nan,nan,nan,nan,nan,nan,nan,nan,nan,nan,nan,nan,nan,nan,nan,nan,nan,nan,nan,nan,nan,nan,nan,nan,nan,nan,nan,nan,nan,nan,nan,nan,nan,nan,0.061332191115517604
1791059663.2667143,1.4813762343470658,0.06060104121653619,1.5975676645921382,-0.34379087802077024,2.147601785030041,0.04510834559768189,0.8574984955496581,0.0,0.0,2.0763633510689954,-0.4383169080276454,-0.066515915034119,0.0012229807234838172,0.0,0.0,0.0,0.15815843238306368,0.896384613002181,-0.01948585525168889,0.21500683834878198,0.0,0.0,0.0,-0.9380616371287329,0.016315407796549913,-0.00414135300508268,0.08986483577730554,nan,nan,nan,nan,nan,nan,nan,0.027305413289921303,0.0,0.0,0.05433841154788168,1.8662095464330575,-0.22420020372082508,-0.026850399812157248,nan,nan,nan,nan,nan,nan,nan,nan,nan,nan,nan,nan,nan,nan,0.7897606278804966,0.0,0.0,1.2378233665006364,0.7907282033900628,-0.11132576831563123,-0.011007031479000975,nan,nan,nan,nan,nan,nan,nan,nan,nan,nan,nan,nan,nan,nan,nan,nan,nan,nan,nan,nan,nan,nan,nan,nan,nan,nan,nan,nan,nan,nan,nan,nan,nan,nan,nan,nan,nan,nan,nan,nan,nan,nan,nan,nan,nan,nan,nan,nan,nan,0.06445144481079733
1791059663.366607,1.4812628825188603,0.06657477048405354,1.5969371819617315,-0.3577612220801712,2.1569958968567895,0.041860971546310036,0.8574984955496581,0.0,0.0,2.0693366278528997,-0.4386195651646686,-0.06544654631352777,-0.004183260627126912,0.0,0.0,0.0,0.15629698557511085,0.9189870069978566,-0.027071291411468842,0.22514279401220633,0.0,0.0,0.0,-0.9380339193535719,0.027368696904966447,0.0006257281520850215,0.10022339614670181,nan,nan,nan,nan,nan,nan,nan,0.027305413289921303,0.0,0.0,0.031559169633680675,1.8640211241029296,-0.20404602475279773,-0.02163399796075107,nan,nan,nan,nan,nan,nan,nan,nan,nan,nan,nan,nan,nan,nan,0.7718728603734321,0.0,0.0,1.2272755624949008,0.7907991443223109,-0.1148073119367953,0.005675690036132587,nan,nan,nan,nan,nan,nan,nan,nan,nan,nan,nan,nan,nan,nan,nan,nan,nan,nan,nan,nan,nan,nan,nan,nan,nan,nan,nan,nan,nan,nan,nan,nan,nan,nan,nan,nan,nan,nan,nan,nan,nan,nan,nan,nan,nan,nan,nan,nan,nan,0.053009178304135006
1791059663.4676957,1.48111787139005,0.07216360910148656,1.5970671236761815,-0.3689276633669956,2.1672078697274952,0.039415542842910115,0.8574984955496581,0.0,0.0,2.061508161226113,-0.4383431133324473,-0.08990883094817795,-0.004120490371587152,0.0,0.0,0.0,0.1542360737941839,0.9416682028206961,-0.02685186840943864,0.24101428786720475,0.0,0.0,0.0,-0.9380688122642066,0.03842403335888899,0.007113630777111607,0.10250168807225035,nan,nan,nan,nan,nan,nan,nan,0.027305413289921303,0.0,0.0,0.008950882802110639,1.8619347721527193,-0.21420594563212764,-0.022947454596471933,nan,nan,nan,nan,nan,nan,nan,nan,nan,nan,nan,nan,nan,nan,0.7758115937522266,0.0,0.0,1.2180009486099481,0.7912464871688699,-0.09821254330247035,0.005721719703940568,nan,nan,nan,nan,nan,nan,nan,nan,nan,nan,nan,nan,nan,nan,nan,nan,nan,nan,nan,nan,nan,nan,nan,nan,nan,nan,nan,nan,nan,nan,nan,nan,nan,nan,nan,nan,nan,nan,nan,nan,nan,nan,nan,nan,nan,nan,nan,nan,nan,0.05431230147436952
1791059663.5677218,1.4809641672327476,0.07739575374216784,1.5961649853861348,-0.3821466888875718,2.1781689097056636,0.03668573775895558,0.8574984955496581,0.0,0.0,2.053321487262999,-0.43853197822944834,-0.08022167307186266,-0.005691082842482906,0.0,0.0,0.0,0.1523313790846686,0.9643972502845345,-0.014727209735570044,0.22794964694685493,0.0,0.0,0.0,-0.9381625014779741,0.04964915223302895,0.0037298598377235722,0.10856628179494168,nan,nan,nan,nan,nan,nan,nan,0.027305413289921303,0.0,0.0,-0.013343971315420906,1.8597063702292993,-0.22947004572859805,-0.019488329329753803,nan,nan,nan,nan,nan,nan,nan,nan,nan,nan,nan,nan,nan,nan,0.774935964785068,0.0,0.0,1.2096002180654426,0.7911196291603516,-0.08273701364365348,0.014615088768119336,nan,nan,nan,nan,nan,nan,nan,nan,nan,nan,nan,nan,nan,nan,nan,nan,nan,nan,nan,nan,nan,nan,nan,nan,nan,nan,nan,nan,nan,nan,nan,nan,nan,nan,nan,nan,nan,nan,nan,nan,nan,nan,nan,nan,nan,nan,nan,nan,nan,0.05134364682686895
1791059663.6677136,1.4808359258263257,0.08191659056149841,1.596518897123894,-0.38845319188927463,2.1894823512131403,0.03544422732691073,0.8574984955496581,0.0,0.0,2.0445855713375027,-0.4386505957846079,-0.09557453528839141,-0.005735314900557238,0.0,0.0,0.0,0.1502390711890878,0.9874172866624563,-0.010874072226555726,0.22517419387789128,0.0,0.0,0.0,-0.9382617111395671,0.06116108085096955,0.002054692632830705,0.11424691892610683,nan,nan,nan,nan,nan,nan,nan,0.027305413289921303,0.0,0.0,-0.03571737657540787,1.8575722793838565,-0.24221607235928466,-0.0226829971475787,nan,nan,nan,nan,nan,nan,nan,nan,nan,nan,nan,nan,nan,nan,0.7771208814398656,0.0,0.0,1.199107551457957,0.7915586871742029,-0.09652123068671814,-0.002948453667289818,nan,nan,nan,nan,nan,nan,nan,nan,nan,nan,nan,nan,nan,nan,nan,nan,nan,nan,nan,nan,nan,nan,nan,nan,nan,nan,nan,nan,nan,nan,nan,nan,nan,nan,nan,nan,nan,nan,nan,nan,nan,nan,nan,nan,nan,nan,nan,nan,nan,0.047532834108644985
1791059663.7676616,1.4807864711171606,0.08679761918799235,1.596173190102783,-0.39609089414865095,2.2007543470672735,0.03399152173855582,0.8574984955496581,0.0,0.0,2.037237088166976,-0.43843696710545393,-0.09387341332737087,-0.00017932038260396604,0.0,0.0,0.0,0.14812330260306372,1.0103240947083043,-0.013764151121338872,0.22362595350871523,0.0,0.0,0.0,-0.9382150755065157,0.07283925255911174,-0.012216038617585223,0.10885656276751973,nan,nan,nan,nan,nan,nan,nan,0.027305413289921303,0.0,0.0,-0.058192861368304635,1.8553664125909264,-0.23150537332129822,-0.026025103932536098,nan,nan,nan,nan,nan,nan,nan,nan,nan,nan,nan,nan,nan,nan,0.7755443729859695,0.0,0.0,1.1889836753653162,0.7917912490926682,-0.13027807856099308,0.005532792356871452,nan,nan,nan,nan,nan,nan,nan,nan,nan,nan,nan,nan,nan,nan,nan,nan,nan,nan,nan,nan,nan,nan,nan,nan,nan,nan,nan,nan,nan,nan,nan,nan,nan,nan,nan,nan,nan,nan,nan,nan,nan,nan,nan,nan,nan,nan,nan,nan,nan,0.04880619324089249
1791059663.867768,1.4806057051110875,0.09132539658436813,1.5965629605018115,-0.40125884517473137,2.211910630354699,0.03303941896258802,0.8574984955496581,0.0,0.0,2.028259502660224,-0.43867561461285826,-0.0771460277555854,-0.0034977930197900436,0.0,0.0,0.0,0.14601585336688108,1.0334933563400084,-0.026719124473336013,0.24007371332895971,0.0,0.0,0.0,-0.9381936154367394,0.08495546991169396,-0.005957829616870575,0.1416093239768131,nan,nan,nan,nan,nan,nan,nan,0.027305413289921303,0.0,0.0,-0.08074179506958214,1.8530069696054245,-0.23138365007685263,-0.02542005002430646,nan,nan,nan,nan,nan,nan,nan,nan,nan,nan,nan,nan,nan,nan,0.7991182729527763,0.0,0.0,1.179329083517321,0.792061982754953,-0.13698520766745037,0.030951931405341568,nan,nan,nan,nan,nan,nan,nan,nan,nan,nan,nan,nan,nan,nan,nan,nan,nan,nan,nan,nan,nan,nan,nan,nan,nan,nan,nan,nan,nan,nan,nan,nan,nan,nan,nan,nan,nan,nan,nan,nan,nan,nan,nan,nan,nan,nan,nan,nan,nan,0.044820231645009465
1791059663.967923,1.4806148286860257,0.09538743428026819,1.5971437921616032,-0.40649431217173004,2.222801013281969,0.032099682882772096,0.8574984955496581,0.0,0.0,2.0179979480324337,-0.43919831801531556,-0.0989431801765028,-0.007105909275545772,0.0,0.0,0.0,0.14401426801174882,1.056366759681968,-0.03381605253039379,0.22762356622861635,0.0,0.0,0.0,-0.9381300981807915,0.09686783071740072,-0.004224945273089457,0.11333562752559537,nan,nan,nan,nan,nan,nan,nan,0.027305413289921303,0.0,0.0,-0.10355723744295617,1.8504903840241038,-0.2100300085491258,-0.022028637308008386,nan,nan,nan,nan,nan,nan,nan,nan,nan,nan,nan,nan,nan,nan,0.7822861215637976,0.0,0.0,1.1687917731987087,0.7923011393038509,-0.11328808976256768,0.012998056891837311,nan,nan,nan,nan,nan,nan,nan,nan,nan,nan,nan,nan,nan,nan,nan,nan,nan,nan,nan,nan,nan,nan,nan,nan,nan,nan,nan,nan,nan,nan,nan,nan,nan,nan,nan,nan,nan,nan,nan,nan,nan,nan,nan,nan,nan,nan,nan,nan,nan,0.04135255179224613
1791059664.0685894,1.4806731184255153,0.09964606134351285,1.5971716440701171,-0.3861950115729451,2.231451307742142,0.035884356540113176,0.8574984955496581,0.0,0.0,2.00887006994918,-0.43857229429106087,-0.09990717757085338,0.007729203822659251,0.0,0.0,0.0,0.14195728897985266,1.0783192482518655,-0.01769861027880465,0.225092105499345,0.0,0.0,0.0,-0.9380802320298742,0.10839215009036175,-0.0032030640573239492,0.11891446644896023,nan,nan,nan,nan,nan,nan,nan,0.027305413289921303,0.0,0.0,-0.12629106220873387,1.847879822330767,-0.22791229652954276,-0.028447410412316493,nan,nan,nan,nan,nan,nan,nan,nan,nan,nan,nan,nan,nan,nan,0.789814091248439,0.0,0.0,1.157832475735687,0.7920598371911967,-0.09857620655947781,-0.03940318797423777,nan,nan,nan,nan,nan,nan,nan,nan,nan,nan,nan,nan,nan,nan,nan,nan,nan,nan,nan,nan,nan,nan,nan,nan,nan,nan,nan,nan,nan,nan,nan,nan,nan,nan,nan,nan,nan,nan,nan,nan,nan,nan,nan,nan,nan,nan,nan,nan,nan,0.04061950729562084
1791059664.1677969,1.4804746504683994,0.10365541127360287,1.5975181520957087,-0.387683489834231,2.237922771766676,0.035593695428498884,0.8574984955496581,0.0,0.0,1.9985386817293613,-0.4384970374465983,-0.10818468373596904,0.012636085884485282,0.0,0.0,0.0,0.1399263010103182,1.1006545877064553,-0.007827337982218761,0.22242177987271744,0.0,0.0,0.0,-0.9378004511371728,0.11978055649419234,0.009551709901952646,0.11951868445553443,nan,nan,nan,nan,nan,nan,nan,0.027305413289921303,0.0,0.0,-0.14856633371861597,1.8456053065514928,-0.23686804019118998,-0.020791389111587056,nan,nan,nan,nan,nan,nan,nan,nan,nan,nan,nan,nan,nan,nan,0.7729456160914525,0.0,0.0,1.1460203622942429,0.7924886972932563,-0.12311761603823346,-0.014973676253508317,nan,nan,nan,nan,nan,nan,nan,nan,nan,nan,nan,nan,nan,nan,nan,nan,nan,nan,nan,nan,nan,nan,nan,nan,nan,nan,nan,nan,nan,nan,nan,nan,nan,nan,nan,nan,nan,nan,nan,nan,nan,nan,nan,nan,nan,nan,nan,nan,nan,0.03582280801349695
1791059664.2662857,1.4804915422396776,0.1071582270074455,1.5979258276737773,-0.38585404491788644,2.2437402168148486,0.03595123899482078,0.8574984955496581,0.0,0.0,1.9864885261248189,-0.43835427829157025,-0.13281476568124245,0.01054863162046668,0.0,0.0,0.0,0.13764683489692414,1.1232899537450192,-0.020116284880960542,0.24077886390758674,0.0,0.0,0.0,-0.9379292444377372,0.13120198021618687,-0.0011117371654586533,0.11884321815898025,nan,nan,nan,nan,nan,nan,nan,0.027305413289921303,0.0,0.0,-0.1708391998902617,1.8429430652576007,-0.2538051104665645,-0.030635930988462193,nan,nan,nan,nan,nan,nan,nan,nan,nan,nan,nan,nan,nan,nan,0.824714371349958,0.0,0.0,1.1338725664221483,0.793343415845406,-0.15077707961748824,0.035138611675010485,nan,nan,nan,nan,nan,nan,nan,nan,nan,nan,nan,nan,nan,nan,nan,nan,nan,nan,nan,nan,nan,nan,nan,nan,nan,nan,nan,nan,nan,nan,nan,nan,nan,nan,nan,nan,nan,nan,nan,nan,nan,nan,nan,nan,nan,nan,nan,nan,nan,0.03703368534851352
1791059664.3662121,1.4805268221458212,0.11080237845687876,1.598246531942105,-0.38309168615218103,2.2486686725997553,0.03649724436439366,0.8574984955496581,0.0,0.0,1.9701047398850469,-0.43894461394056045,-0.20455427171184043,0.006253928133128083,0.0,0.0,0.0,0.13550368646400543,1.146044474661451,-0.024826841033442792,0.2250110867221858,0.0,0.0,0.0,-0.9378410499812095,0.14170519746112512,0.001956699345271258,0.09631894797230936,nan,nan,nan,nan,nan,nan,nan,0.027305413289921303,0.0,0.0,-0.19306059847075285,1.840340573778056,-0.22201918074322588,-0.023269741029391385,nan,nan,nan,nan,nan,nan,nan,nan,nan,nan,nan,nan,nan,nan,0.7734419414466224,0.0,0.0,1.1214589607162826,0.7932131485604142,-0.0938927857475559,0.0005427011279486686,nan,nan,nan,nan,nan,nan,nan,nan,nan,nan,nan,nan,nan,nan,nan,nan,nan,nan,nan,nan,nan,nan,nan,nan,nan,nan,nan,nan,nan,nan,nan,nan,nan,nan,nan,nan,nan,nan,nan,nan,nan,nan,nan,nan,nan,nan,nan,nan,nan,0.03561477453156836
1791059664.4665332,1.4804202846214403,0.11457494674621556,1.5987251077452094,-0.3466356921838202,2.0346795558206106,0.04442972612608207,0.8574984955496581,0.0,0.0,1.9542435802401616,-0.43882850338141516,-0.14708306111627703,0.0013012440859176794,0.0,0.0,0.0,0.13332527544825035,1.1688510225394106,-0.03240894235839288,0.23017190873260418,0.0,0.0,0.0,-0.9378228605603692,0.15231974949599603,0.004109281676248926,0.09880301010946385,nan,nan,nan,nan,nan,nan,nan,0.027305413289921303,0.0,0.0,-0.21553587937048382,1.8375458575214154,-0.21381435951734046,-0.02711818493586176,nan,nan,nan,nan,nan,nan,nan,nan,nan,nan,nan,nan,nan,nan,0.7734419414466224,0.0,0.0,1.1081282371674368,0.7935347956444015,-0.12214444977460708,0.006463791997962199,nan,nan,nan,nan,nan,nan,nan,nan,nan,nan,nan,nan,nan,nan,nan,nan,nan,nan,nan,nan,nan,nan,nan,nan,nan,nan,nan,nan,nan,nan,nan,nan,nan,nan,nan,nan,nan,nan,nan,nan,nan,nan,nan,nan,nan,nan,nan,nan,nan,0.033775880063657074
1791059664.5662196,1.4803092070709245,0.117916344395211,1.5988179086210075,-0.3136827905313421,1.8412528637368981,0.05285928915166867,0.8574984955496581,0.0,0.0,1.938571657431464,-0.4391532060785815,-0.23760803925498156,-0.03118890706229972,0.0,0.0,0.0,0.13107049791025055,1.1918073701823786,-0.026151861926168304,0.22680984344872773,0.0,0.0,0.0,-0.9378331134160355,0.16356997538461937,0.0073300151991697714,0.12160524035913972,nan,nan,nan,nan,nan,nan,nan,0.027305413289921303,0.0,0.0,-0.23829541312198899,1.8346374240201557,-0.2191247106427363,-0.03147821364114982,nan,nan,nan,nan,nan,nan,nan,nan,nan,nan,nan,nan,nan,nan,0.7734419414466224,0.0,0.0,1.096182358940553,0.793481371340055,-0.11843811937486642,0.000663264901377666,nan,nan,nan,nan,nan,nan,nan,nan,nan,nan,nan,nan,nan,nan,nan,nan,nan,nan,nan,nan,nan,nan,nan,nan,nan,nan,nan,nan,nan,nan,nan,nan,nan,nan,nan,nan,nan,nan,nan,nan,nan,nan,nan,nan,nan,nan,nan,nan,nan,0.033113884101156385
1791059664.6666656,1.4803015391513785,0.12134474684914472,1.5992219506077272,-0.28383192628002396,1.6660344872532535,0.06162998168341099,0.8574984955496581,0.0,0.0,1.9237141341794097,-0.4383813093724464,-0.14436235510920598,-0.005140871661977065,0.0,0.0,0.0,0.12876989705167743,1.2148580124536725,-0.01772564375280041,0.2250101778000822,0.0,0.0,0.0,-0.937881701221092,0.17509652869506048,0.001895772045789861,0.11394721097669981,nan,nan,nan,nan,nan,nan,nan,0.027305413289921303,0.0,0.0,-0.26021616039484846,1.8316654960613183,-0.21836037128813512,-0.03092487322774283,nan,nan,nan,nan,nan,nan,nan,nan,nan,nan,nan,nan,nan,nan,0.7734419414466224,0.0,0.0,1.0844512268492563,0.7936284322057007,-0.08941707698088877,-0.0234632873709823,nan,nan,nan,nan,nan,nan,nan,nan,nan,nan,nan,nan,nan,nan,nan,nan,nan,nan,nan,nan,nan,nan,nan,nan,nan,nan,nan,nan,nan,nan,nan,nan,nan,nan,nan,nan,nan,nan,nan,nan,nan,nan,nan,nan,nan,nan,nan,nan,nan,0.034840053073025186
1791059664.7675362,1.4802891549548043,0.1252191895354167,1.5992715388520018,-0.256821747344067,1.5074903438795109,0.07056002019530612,0.8574984955496581,0.0,0.0,1.9092796829096956,-0.4381872161675342,-0.14171500404886278,0.013019890616600076,0.0,0.0,0.0,0.12628357235825835,1.2376845160283776,-0.015639224320324135,0.22702404638719512,0.0,0.0,0.0,-0.9377450534070302,0.1871627871038151,0.01380449608894482,0.1314959746056859,nan,nan,nan,nan,nan,nan,nan,0.027305413289921303,0.0,0.0,-0.28299361184753624,1.8287715708190149,-0.23706488804081072,-0.03809319808006824,nan,nan,nan,nan,nan,nan,nan,nan,nan,nan,nan,nan,nan,nan,0.7734419414466224,0.0,0.0,1.0732730452385326,0.7938682668591996,-0.10042939296258238,-0.0010441639482772652,nan,nan,nan,nan,nan,nan,nan,nan,nan,nan,nan,nan,nan,nan,nan,nan,nan,nan,nan,nan,nan,nan,nan,nan,nan,nan,nan,nan,nan,nan,nan,nan,nan,nan,nan,nan,nan,nan,nan,nan,nan,nan,nan,nan,nan,nan,nan,nan,nan,0.03973173735752416
1791059664.8666847,1.480014716301211,0.12928463774865517,1.5993146483169658,-0.23238763716527813,1.3640671893502136,0.07948722469714575,0.8574984955496581,0.0,0.0,1.8936781014318853,-0.4379616078921175,-0.16596063232091607,0.004873942015417447,0.0,0.0,0.0,0.1235747927851599,1.2601462356255513,-0.026074063249132765,0.22863222026575059,0.0,0.0,0.0,-0.937960297151865,0.19912297591136885,-0.0046052791756706285,0.12386371975137393,nan,nan,nan,nan,nan,nan,nan,0.027305413289921303,0.0,0.0,-0.30594985985046463,1.825576586768167,-0.23933099349373127,-0.030805673314732208,nan,nan,nan,nan,nan,nan,nan,nan,nan,nan,nan,nan,nan,nan,0.7734419414466224,0.0,0.0,1.0623868839182016,0.7942851658618773,-0.10815206511390463,0.0004832534544007884,nan,nan,nan,nan,nan,nan,nan,nan,nan,nan,nan,nan,nan,nan,nan,nan,nan,nan,nan,nan,nan,nan,nan,nan,nan,nan,nan,nan,nan,nan,nan,nan,nan,nan,nan,nan,nan,nan,nan,nan,nan,nan,nan,nan,nan,nan,nan,nan,nan,0.03885821648095798
1791059664.9664145,1.4800511503133504,0.13364636231389854,1.6004912007425696,-0.21028624589245684,1.2343366105552451,0.08827135203611387,0.8574984955496581,0.0,0.0,1.8780223949493884,-0.43794064281658207,-0.14588364502623732,0.01963282875097888,0.0,0.0,0.0,0.1209661787791332,1.2823571277159989,-0.03530350582402534,0.2089413311442102,0.0,0.0,0.0,-0.9380116023154809,0.21106203975895693,-0.0045085106611538524,0.12430593112808984,nan,nan,nan,nan,nan,nan,nan,0.027305413289921303,0.0,0.0,-0.3289011321892235,1.8223902161576346,-0.22473690957809517,-0.02313474876573442,nan,nan,nan,nan,nan,nan,nan,nan,nan,nan,nan,nan,nan,nan,0.7734419414466224,0.0,0.0,1.0516981497257094,0.7943829316410368,-0.12968304842483208,-0.015083659717521273,nan,nan,nan,nan,nan,nan,nan,nan,nan,nan,nan,nan,nan,nan,nan,nan,nan,nan,nan,nan,nan,nan,nan,nan,nan,nan,nan,nan,nan,nan,nan,nan,nan,nan,nan,nan,nan,nan,nan,nan,nan,nan,nan,nan,nan,nan,nan,nan,nan,0.046210499230467356
1791059665.0664902,1.480071095960595,0.1387579498313222,1.6009046237599998,-0.19027486379287675,1.1168739517470512,0.09680707909826246,0.8574984955496581,0.0,0.0,1.8647227862960087,-0.438927470910902,-0.13586296773068,-0.016325995507440023,0.0,0.0,0.0,0.11851779725292386,1.30499708469278,-0.031178319422959316,0.21109700206893572,0.0,0.0,0.0,-0.9381020040652633,0.22290728054095346,-0.005452146638124308,0.12097471098989518,nan,nan,nan,nan,nan,nan,nan,0.027305413289921303,0.0,0.0,-0.3519157580151429,1.818954443213466,-0.22216170967827337,-0.02825182928378122,nan,nan,nan,nan,nan,nan,nan,nan,nan,nan,nan,nan,nan,nan,0.7734419414466224,0.0,0.0,1.0411613094344907,0.7945362560691023,-0.11052670726690825,0.0013306380156443767,nan,nan,nan,nan,nan,nan,nan,nan,nan,nan,nan,nan,nan,nan,nan,nan,nan,nan,nan,nan,nan,nan,nan,nan,nan,nan,nan,nan,nan,nan,nan,nan,nan,nan,nan,nan,nan,nan,nan,nan,nan,nan,nan,nan,nan,nan,nan,nan,nan,0.057909586383306774
1791059665.167516,1.4797366287900273,0.14430874738872754,1.6007779198917216,-0.1721678164821286,1.0105893428328643,0.10500062780944142,0.8574984955496581,0.0,0.0,1.8502558305756707,-0.4389392453369872,-0.169827393037063,-0.03543182837210276,0.0,0.0,0.0,0.11587740721970173,1.3275769724677677,-0.024437841248341335,0.21842002005275682,0.0,0.0,0.0,-0.9380498795043505,0.23437079761519322,-0.007119755063056822,0.11321950521781193,nan,nan,nan,nan,nan,nan,nan,0.027305413289921303,0.0,0.0,-0.3750406047877924,1.815612796625617,-0.23326412632225105,-0.04993258594828208,nan,nan,nan,nan,nan,nan,nan,nan,nan,nan,nan,nan,nan,nan,0.7734419414466224,0.0,0.0,1.0295641788737822,0.7950599531332284,-0.11135262518443872,0.0209218135670963,nan,nan,nan,nan,nan,nan,nan,nan,nan,nan,nan,nan,nan,nan,nan,nan,nan,nan,nan,nan,nan,nan,nan,nan,nan,nan,nan,nan,nan,nan,nan,nan,nan,nan,nan,nan,nan,nan,nan,nan,nan,nan,nan,nan,nan,nan,nan,nan,nan,0.05864515323935018
1791059665.267494,1.4796926021643415,0.15092562118192707,1.601138354639777,-0.15578388254482808,0.914419051723711,0.11278859713180123,0.8574984955496581,0.0,0.0,1.8307935992371318,-0.4388935797186011,-0.2643740591105543,-0.03653031303291762,0.0,0.0,0.0,0.11323772555759916,1.350219234156736,-0.01974619875456506,0.24150639898387677,0.0,0.0,0.0,-0.9379982412140403,0.24555562318249913,-0.006556386285046483,0.11617472845314887,nan,nan,nan,nan,nan,nan,nan,0.027305413289921303,0.0,0.0,-0.39785512873926054,1.8128512533685037,-0.22896530623986242,-0.0305372846461899,nan,nan,nan,nan,nan,nan,nan,nan,nan,nan,nan,nan,nan,nan,0.7734419414466224,0.0,0.0,1.0182584506432455,0.7953052701478432,-0.11187566745198829,-0.0018485113079502206,nan,nan,nan,nan,nan,nan,nan,nan,nan,nan,nan,nan,nan,nan,nan,nan,nan,nan,nan,nan,nan,nan,nan,nan,nan,nan,nan,nan,nan,nan,nan,nan,nan,nan,nan,nan,nan,nan,nan,nan,nan,nan,nan,nan,nan,nan,nan,nan,nan,0.0770036339735119
1791059665.366448,1.4793859981997346,0.15764013197718504,1.6019535283459025,-0.14097106879871585,0.8274709099916407,0.12012363796102044,0.8574984955496581,0.0,0.0,1.8115696055460848,-0.43891534482875877,-0.1774224871275447,-0.0038083076562602162,0.0,0.0,0.0,0.11071144875315722,1.3727530558088066,-0.02081547780619589,0.24353928520934914,0.0,0.0,0.0,-0.9379255525159306,0.2560583737443651,-0.0016460701898041608,0.0983302552531614,nan,nan,nan,nan,nan,nan,nan,0.027305413289921303,0.0,0.0,-0.42053866254308486,1.80943835116887,-0.23397047927534148,-0.03490373566753687,nan,nan,nan,nan,nan,nan,nan,nan,nan,nan,nan,nan,nan,nan,0.7734419414466224,0.0,0.0,1.006297281167658,0.7954976638505713,-0.1098510265736811,0.007924457340549994,nan,nan,nan,nan,nan,nan,nan,nan,nan,nan,nan,nan,nan,nan,nan,nan,nan,nan,nan,nan,nan,nan,nan,nan,nan,nan,nan,nan,nan,nan,nan,nan,nan,nan,nan,nan,nan,nan,nan,nan,nan,nan,nan,nan,nan,nan,nan,nan,nan,0.0753897224172279
1791059665.4663818,1.4794560526026201,0.16596615258426245,1.6029446921566246,-0.12756389592548792,0.7487735883896766,0.12699144796014186,0.8574984955496581,0.0,0.0,1.7921694765221945,-0.4385067523672594,-0.20790297798180218,0.003921535174129063,0.0,0.0,0.0,0.10826772873543686,1.395475557608766,-0.02739861912228764,0.23204410931077107,0.0,0.0,0.0,-0.9375942702645825,0.2662974957552885,0.009353030117871633,0.09641897377897385,nan,nan,nan,nan,nan,nan,nan,0.027305413289921303,0.0,0.0,-0.4441988260436425,1.806391118637762,-0.23325330011121653,-0.016117730773079042,nan,nan,nan,nan,nan,nan,nan,nan,nan,nan,nan,nan,nan,nan,0.7734419414466224,0.0,0.0,0.9951322084762328,0.7958992513229938,-0.10412787380603761,0.00369684036571246,nan,nan,nan,nan,nan,nan,nan,nan,nan,nan,nan,nan,nan,nan,nan,nan,nan,nan,nan,nan,nan,nan,nan,nan,nan,nan,nan,nan,nan,nan,nan,nan,nan,nan,nan,nan,nan,nan,nan,nan,nan,nan,nan,nan,nan,nan,nan,nan,nan,0.08276138991024053
1791059665.5674868,1.4794069905127138,0.17390326324263294,1.6045176019796052,-0.11542458623314919,0.6775183604667584,0.13338664205170833,0.8574984955496581,0.0,0.0,1.7730576526213842,-0.4383369535277131,-0.16777965589952695,0.0030172257722671982,0.0,0.0,0.0,0.10608388360684164,1.4182442611253292,-0.03191839982893167,0.217868676536914,0.0,0.0,0.0,-0.9378554673866684,0.27659751804019667,0.010922766075448245,0.10820089950930278,nan,nan,nan,nan,nan,nan,nan,0.027305413289921303,0.0,0.0,-0.46771184133967,1.803706952791462,-0.22557795504399783,-0.027320499961870297,nan,nan,nan,nan,nan,nan,nan,nan,nan,nan,nan,nan,nan,nan,0.7734419414466224,0.0,0.0,0.9843045763132945,0.796016410688528,-0.09807926480049317,-0.00040788395571791876,nan,nan,nan,nan,nan,nan,nan,nan,nan,nan,nan,nan,nan,nan,nan,nan,nan,nan,nan,nan,nan,nan,nan,nan,nan,nan,nan,nan,nan,nan,nan,nan,nan,nan,nan,nan,nan,nan,nan,nan,nan,nan,nan,nan,nan,nan,nan,nan,nan,0.08833355137729297
1791059665.666287,1.479088937323872,0.18290709742498923,1.6045211259975285,-0.10444303077896988,0.6130589095863223,0.139307467967468,0.8574984955496581,0.0,0.0,1.7534797135960434,-0.4380303655802195,-0.19841120626850578,0.007267250802606588,0.0,0.0,0.0,0.10392282405165379,1.441193037669868,-0.020697832115676072,0.21561915029350168,0.0,0.0,0.0,-0.9379145293083041,0.2871536995066067,0.00040019461056838425,0.10902181174555473,nan,nan,nan,nan,nan,nan,nan,0.027305413289921303,0.0,0.0,-0.49047804906408154,1.800860583039451,-0.21218956675417142,-0.015605259554953173,nan,nan,nan,nan,nan,nan,nan,nan,nan,nan,nan,nan,nan,nan,0.7734419414466224,0.0,0.0,0.9739414954139373,0.7965156802976822,-0.08964883523445255,-0.008796489913327592,nan,nan,nan,nan,nan,nan,nan,nan,nan,nan,nan,nan,nan,nan,nan,nan,nan,nan,nan,nan,nan,nan,nan,nan,nan,nan,nan,nan,nan,nan,nan,nan,nan,nan,nan,nan,nan,nan,nan,nan,nan,nan,nan,nan,nan,nan,nan,nan,nan,0.08229490843254159
1791059665.7662253,1.478787586685043,0.1922868701197345,1.60520642584455,-0.09451038379008425,0.5547563336566873,0.1447659836449605,0.8574984955496581,0.0,0.0,1.7348725196986745,-0.4382498006601664,-0.18674626175957293,-0.005674750751324206,0.0,0.0,0.0,0.1018234652634749,1.4639255167896288,-0.019152516408708638,0.2224027147586341,0.0,0.0,0.0,-0.9379511249619374,0.2982015775144367,-0.0030163728591096643,0.11400566105954922,nan,nan,nan,nan,nan,nan,nan,0.027305413289921303,0.0,0.0,-0.511252760361869,1.7974895593239109,-0.21115870987540447,-0.030920574904175973,nan,nan,nan,nan,nan,nan,nan,nan,nan,nan,nan,nan,nan,nan,0.7734419414466224,0.0,0.0,0.9647413366592192,0.7967614625779076,-0.08871144863431366,0.005114799976812213,nan,nan,nan,nan,nan,nan,nan,nan,nan,nan,nan,nan,nan,nan,nan,nan,nan,nan,nan,nan,nan,nan,nan,nan,nan,nan,nan,nan,nan,nan,nan,nan,nan,nan,nan,nan,nan,nan,nan,nan,nan,nan,nan,nan,nan,nan,nan,nan,nan,0.09141452270085496
1791059665.8673856,1.4788595927435635,0.20118913475122233,1.6064644339760064,-0.08551653165490074,0.50196428863604,0.14978691382215914,0.8574984955496581,0.0,0.0,1.7161526096115385,-0.4383319424844414,-0.19525552235279547,-0.006860947026877451,0.0,0.0,0.0,0.09952688824690688,1.4863917363382775,-0.01912283471128294,0.238058020096295,0.0,0.0,0.0,-0.9378376140356557,0.3093378083147917,-0.006309006069307863,0.11566296859917469,nan,nan,nan,nan,nan,nan,nan,0.027305413289921303,0.0,0.0,-0.5334085922019837,1.7946198923873897,-0.13840280569975247,-0.04758634115192677,nan,nan,nan,nan,nan,nan,nan,nan,nan,nan,nan,nan,nan,nan,0.7734419414466224,0.0,0.0,0.9562001819726272,0.7967717609559368,-0.08501763848673417,0.00406515720611724,nan,nan,nan,nan,nan,nan,nan,nan,nan,nan,nan,nan,nan,nan,nan,nan,nan,nan,nan,nan,nan,nan,nan,nan,nan,nan,nan,nan,nan,nan,nan,nan,nan,nan,nan,nan,nan,nan,nan,nan,nan,nan,nan,nan,nan,nan,nan,nan,nan,0.1019237930063046
1791059665.9675596,1.4786775794936164,0.21059531157468164,1.6066283770851164,-0.07737855771054956,0.45419607092581255,0.15438921289520208,0.8574984955496581,0.0,0.0,1.69791187857126,-0.43819552696259984,-0.17618050155075932,0.018909463212308415,0.0,0.0,0.0,0.0971907489871331,1.5086195899821064,-0.02154303606417527,0.23292923226228252,0.0,0.0,0.0,-0.9377812168385079,0.3202836941897464,-0.0038690599322245244,0.10873026802126287,nan,nan,nan,nan,nan,nan,nan,0.027305413289921303,0.0,0.0,-0.5530332206531203,1.7917992554815814,-0.2096807847421281,-0.024748993224891706,nan,nan,nan,nan,nan,nan,nan,nan,nan,nan,nan,nan,nan,nan,0.7734419414466224,0.0,0.0,0.9472369978686012,0.7969404923167296,-0.07157522905333216,-0.023725002622625942,nan,nan,nan,nan,nan,nan,nan,nan,nan,nan,nan,nan,nan,nan,nan,nan,nan,nan,nan,nan,nan,nan,nan,nan,nan,nan,nan,nan,nan,nan,nan,nan,nan,nan,nan,nan,nan,nan,nan,nan,nan,nan,nan,nan,nan,nan,nan,nan,nan,0.09116199258275934
1791059666.067598,1.4780707189695232,0.22101294150251183,1.6061644231697503,-0.07001501437856893,0.4109736001479475,0.15859807739309087,0.8574984955496581,0.0,0.0,1.680054845479761,-0.4380432497356864,-0.1945893923075125,0.02582013704070756,0.0,0.0,0.0,0.09476353817715331,1.5308555352400441,-0.024779727482236173,0.2120846677167093,0.0,0.0,0.0,-0.9377243875132499,0.3308717111709465,0.001452216373748559,0.09456582590341114,nan,nan,nan,nan,nan,nan,nan,0.027305413289921303,0.0,0.0,-0.5718056962603204,1.789251117854144,-0.20471333994036894,-0.027050924782511962,nan,nan,nan,nan,nan,nan,nan,nan,nan,nan,nan,nan,nan,nan,0.7734419414466224,0.0,0.0,0.9386299886366258,0.7973743660714206,-0.08488560335504325,0.0015397205327156915,nan,nan,nan,nan,nan,nan,nan,nan,nan,nan,nan,nan,nan,nan,nan,nan,nan,nan,nan,nan,nan,nan,nan,nan,nan,nan,nan,nan,nan,nan,nan,nan,nan,nan,nan,nan,nan,nan,nan,nan,nan,nan,nan,nan,nan,nan,nan,nan,nan,0.08758741184680835
1791059666.1676655,1.4778432226846976,0.2309744590128599,1.6056201520477464,-0.06335220484235644,0.37186429128754006,0.1624398351540422,0.8574984955496581,0.0,0.0,1.6628065293172385,-0.4381576505980044,-0.11036388808426185,-0.04141920082356422,0.0,0.0,0.0,0.09226827136624438,1.5532954741852336,-0.022143466532758192,0.21091205728169674,0.0,0.0,0.0,-0.937517342457609,0.3412662185419597,0.006047352905665065,0.09890667279193609,nan,nan,nan,nan,nan,nan,nan,0.027305413289921303,0.0,0.0,-0.5947013562387509,1.7862584140019986,-0.24719467164668985,-0.03635381301501218,nan,nan,nan,nan,nan,nan,nan,nan,nan,nan,nan,nan,nan,nan,0.7734419414466224,0.0,0.0,0.9307192992945837,0.7973158188129857,-0.06980426304808371,0.0018587614676430842,nan,nan,nan,nan,nan,nan,nan,nan,nan,nan,nan,nan,nan,nan,nan,nan,nan,nan,nan,nan,nan,nan,nan,nan,nan,nan,nan,nan,nan,nan,nan,nan,nan,nan,nan,nan,nan,nan,nan,nan,nan,nan,nan,nan,nan,nan,nan,nan,nan,0.09656889916056252
1791059666.2676053,1.4775420134567567,0.24092587050668082,1.6044188757268654,-0.05732729440505661,0.3364993177177572,0.16593878130960732,0.8574984955496581,0.0,0.0,1.6467034853386708,-0.4381579226960982,-0.12328849151921466,0.028313537162428834,0.0,0.0,0.0,0.08868523489710499,1.5760069565114188,-0.028192045891379264,0.2176313600602428,0.0,0.0,0.0,-0.9377799532231308,0.3517476535377156,0.002247622591185546,0.11070925280845623,nan,nan,nan,nan,nan,nan,nan,0.027305413289921303,0.0,0.0,-0.6153298869459745,1.7838513395364202,-0.2508222517347851,-0.032848727528470935,nan,nan,nan,nan,nan,nan,nan,nan,nan,nan,nan,nan,nan,nan,0.7734419414466224,0.0,0.0,0.922503914218941,0.797535216343171,-0.07879404521608692,-0.012822152557835722,nan,nan,nan,nan,nan,nan,nan,nan,nan,nan,nan,nan,nan,nan,nan,nan,nan,nan,nan,nan,nan,nan,nan,nan,nan,nan,nan,nan,nan,nan,nan,nan,nan,nan,nan,nan,nan,nan,nan,nan,nan,nan,nan,nan,nan,nan,nan,nan,nan,0.11525062459815229
1791059666.3678098,1.4772394989232054,0.25173543200971293,1.6042370880926018,-0.05187188106060833,0.3044771738624339,0.16912568972821795,0.8574984955496581,0.0,0.0,1.6293421754049344,-0.4378246944823369,-0.1709806796870581,0.028027342856674096,0.0,0.0,0.0,0.08582569740668623,1.5988398068047076,-0.030549211411736818,0.23458083967837334,0.0,0.0,0.0,-0.9378223622362968,0.3619534162182922,-0.003274828216907705,0.10911424282486806,nan,nan,nan,nan,nan,nan,nan,0.027305413289921303,0.0,0.0,-0.6413881802145248,1.780513135379644,-0.22253730652964449,-0.02433941690548986,nan,nan,nan,nan,nan,nan,nan,nan,nan,nan,nan,nan,nan,nan,0.7734419414466224,0.0,0.0,0.9139868400025022,0.79804435575223,-0.08641454058547535,0.00486249552021546,nan,nan,nan,nan,nan,nan,nan,nan,nan,nan,nan,nan,nan,nan,nan,nan,nan,nan,nan,nan,nan,nan,nan,nan,nan,nan,nan,nan,nan,nan,nan,nan,nan,nan,nan,nan,nan,nan,nan,nan,nan,nan,nan,nan,nan,nan,nan,nan,nan,0.13352003421312114
1791059666.467643,1.476915222224279,0.26414978590928967,1.6040296627795994,-0.04693561893565139,0.2755023398961286,0.17202327885999638,0.8574984955496581,0.0,0.0,1.6129792910510228,-0.4378110548061916,-0.14980939366994314,0.006624798234214967,0.0,0.0,0.0,0.08260046610226089,1.6213247587385065,-0.03715933584621965,0.2361527839575479,0.0,0.0,0.0,-0.9378729437884759,0.3720292890650337,-0.0030244435988783557,0.10110889281603234,nan,nan,nan,nan,nan,nan,nan,0.027305413289921303,0.0,0.0,-0.6625397715569133,1.779194206205431,-0.3426527230495684,0.03396323140651311,nan,nan,nan,nan,nan,nan,nan,nan,nan,nan,nan,nan,nan,nan,0.7734419414466224,0.0,0.0,0.9057589641740453,0.7978134236314672,-0.06739313432644575,-0.014327778729730489,nan,nan,nan,nan,nan,nan,nan,nan,nan,nan,nan,nan,nan,nan,nan,nan,nan,nan,nan,nan,nan,nan,nan,nan,nan,nan,nan,nan,nan,nan,nan,nan,nan,nan,nan,nan,nan,nan,nan,nan,nan,nan,nan,nan,nan,nan,nan,nan,nan,0.13896646179327066
1791059666.5676455,1.476629014979188,0.277907202078455,1.6042824626835883,-0.04247039712405587,0.24929241478709005,0.17465476177903796,0.8574984955496581,0.0,0.0,1.5969075913077102,-0.43775124598321097,-0.15405016674410865,0.006846247771402418,0.0,0.0,0.0,0.07980358478147448,1.6437542089434756,-0.023384983378527298,0.2314843120803155,0.0,0.0,0.0,-0.9377670288939026,0.3819342131091744,-0.002640237665173324,0.09517113074487146,nan,nan,nan,nan,nan,nan,nan,0.027305413289921303,0.0,0.0,-0.6854773792380985,1.7756653240792273,-0.2329116008589901,-0.022412458391155635,nan,nan,nan,nan,nan,nan,nan,nan,nan,nan,nan,nan,nan,nan,0.7734419414466224,0.0,0.0,0.896844408861637,0.7982252746777247,-0.08704221670435895,-0.0007084829133842977,nan,nan,nan,nan,nan,nan,nan,nan,nan,nan,nan,nan,nan,nan,nan,nan,nan,nan,nan,nan,nan,nan,nan,nan,nan,nan,nan,nan,nan,nan,nan,nan,nan,nan,nan,nan,nan,nan,nan,nan,nan,nan,nan,nan,nan,nan,nan,nan,nan,0.14374997736944017
1791059666.6674268,1.4763809613658767,0.29180374808394954,1.6060209052834766,-0.0384290943540857,0.22557080645202282,0.17704415662884943,0.8574984955496581,0.0,0.0,1.5799202476176841,-0.43757851019129895,-0.17983221133937338,0.008349581463393905,0.0,0.0,0.0,0.07683162570141858,1.6663208842566002,-0.02449387899506495,0.21617327085483118,0.0,0.0,0.0,-0.937535607447009,0.39166077708722646,0.002412086426646887,0.0915041530747642,nan,nan,nan,nan,nan,nan,nan,0.027305413289921303,0.0,0.0,-0.706445951413873,1.772932516146945,-0.2314996927112377,-0.03131079186712082,nan,nan,nan,nan,nan,nan,nan,nan,nan,nan,nan,nan,nan,nan,0.7734419414466224,0.0,0.0,0.8880133479022173,0.7989305657120511,-0.11039531328204155,0.03357482464342996,nan,nan,nan,nan,nan,nan,nan,nan,nan,nan,nan,nan,nan,nan,nan,nan,nan,nan,nan,nan,nan,nan,nan,nan,nan,nan,nan,nan,nan,nan,nan,nan,nan,nan,nan,nan,nan,nan,nan,nan,nan,nan,nan,nan,nan,nan,nan,nan,nan,0.1427167862169484
1791059666.7671485,1.4760551173398515,0.3059103503063851,1.608167056963452,-0.03477285158349165,0.20410942037958227,0.17921164319832925,0.8574984955496581,0.0,0.0,1.5625124231057947,-0.4372710896147249,-0.17861964283176301,-0.0012375094889465308,0.0,0.0,0.0,0.07397517396693698,1.6888444963953342,-0.025893343170236713,0.20698959040330855,0.0,0.0,0.0,-0.9378733611922045,0.40139138728254775,0.00042732723446954526,0.09867059656237759,nan,nan,nan,nan,nan,nan,nan,0.027305413289921303,0.0,0.0,-0.7312867615237009,1.7712451406915124,-0.23484514242102272,-0.03445502244481639,nan,nan,nan,nan,nan,nan,nan,nan,nan,nan,nan,nan,nan,nan,0.7734419414466224,0.0,0.0,0.8799028528333718,0.7986042985270143,-0.09989199757736104,0.028213418252586806,nan,nan,nan,nan,nan,nan,nan,nan,nan,nan,nan,nan,nan,nan,nan,nan,nan,nan,nan,nan,nan,nan,nan,nan,nan,nan,nan,nan,nan,nan,nan,nan,nan,nan,nan,nan,nan,nan,nan,nan,nan,nan,nan,nan,nan,nan,nan,nan,nan,0.14780656685078156
1791059666.8675687,1.4759532855430868,0.32013323425735024,1.6103050138726143,-0.03146377725263141,0.18468584098048893,0.18117760126205576,0.8574984955496581,0.0,0.0,1.544771034527708,-0.4370415055488604,-0.17252355354651067,0.016547429597992776,0.0,0.0,0.0,0.07180398342848673,1.7113568701342328,-0.017614769925514813,0.21355341281314205,0.0,0.0,0.0,-0.9380435064075536,0.41152863495923736,-0.003530949522561459,0.10047527491963092,nan,nan,nan,nan,nan,nan,nan,0.027305413289921303,0.0,0.0,-0.7554931650129934,1.7679440479913244,-0.2317370373113029,-0.022943731263434554,nan,nan,nan,nan,nan,nan,nan,nan,nan,nan,nan,nan,nan,nan,0.7734419414466224,0.0,0.0,0.8714093530438316,0.7984102765293335,-0.0793549147970336,-0.006578160310488347,nan,nan,nan,nan,nan,nan,nan,nan,nan,nan,nan,nan,nan,nan,nan,nan,nan,nan,nan,nan,nan,nan,nan,nan,nan,nan,nan,nan,nan,nan,nan,nan,nan,nan,nan,nan,nan,nan,nan,nan,nan,nan,nan,nan,nan,nan,nan,nan,nan,0.14139917388783865
1791059666.9676075,1.475607712397142,0.3348264849671627,1.6116555773548613,-0.02846960297903724,0.16711065954817583,0.1829596526163554,0.8574984955496581,0.0,0.0,1.5260791433127885,-0.43702569677336617,-0.1916416993282825,-0.0069302255125493865,0.0,0.0,0.0,0.06901742415825275,1.7339976771856738,-0.03255899219114389,0.22990775483888623,0.0,0.0,0.0,-0.9378131820880452,0.42203372428367825,0.010684412408666093,0.11510095422392666,nan,nan,nan,nan,nan,nan,nan,0.027305413289921303,0.0,0.0,-0.7783297292803387,1.7652508086432042,-0.23213151517206349,-0.01950299114728131,nan,nan,nan,nan,nan,nan,nan,nan,nan,nan,nan,nan,nan,nan,0.7734419414466224,0.0,0.0,0.8631092026828378,0.7990197538858093,-0.07961985516837422,0.006892293362412264,nan,nan,nan,nan,nan,nan,nan,nan,nan,nan,nan,nan,nan,nan,nan,nan,nan,nan,nan,nan,nan,nan,nan,nan,nan,nan,nan,nan,nan,nan,nan,nan,nan,nan,nan,nan,nan,nan,nan,nan,nan,nan,nan,nan,nan,nan,nan,nan,nan,0.1416706615690809
1791059667.0673208,1.4752683376762992,0.34937092055405294,1.6121227443509498,-0.02576367938409942,0.15122744976228647,0.1845725009440369,0.8574984955496581,0.0,0.0,1.507721363987317,-0.4368431463925855,-0.18250390547139608,-0.003930783262226898,0.0,0.0,0.0,0.06642675008555715,1.756462246881197,-0.01643854642352391,0.23051083551410764,0.0,0.0,0.0,-0.9377767589036291,0.4323506672067572,-0.001676640723336913,0.09964281769462721,nan,nan,nan,nan,nan,nan,nan,0.027305413289921303,0.0,0.0,-0.799924371603163,1.7617723283914994,-0.19928352419949902,-0.008859330202896032,nan,nan,nan,nan,nan,nan,nan,nan,nan,nan,nan,nan,nan,nan,0.7734419414466224,0.0,0.0,0.8557541474661805,0.7986747278126095,-0.06923151410878599,0.0011490046008238671,nan,nan,nan,nan,nan,nan,nan,nan,nan,nan,nan,nan,nan,nan,nan,nan,nan,nan,nan,nan,nan,nan,nan,nan,nan,nan,nan,nan,nan,nan,nan,nan,nan,nan,nan,nan,nan,nan,nan,nan,nan,nan,nan,nan,nan,nan,nan,nan,nan,0.14460027518361093
1791059667.167214,1.47494524566542,0.3639502793397131,1.6134141236650867,-0.023311941140676244,0.13683625522404116,0.1860355946214121,0.8574984955496581,0.0,0.0,1.4892289111124046,-0.43641500474820255,-0.1966307556543881,0.0009120218651304985,0.0,0.0,0.0,0.06349613642996288,1.779369613354127,-0.025124121182059922,0.23743922370455017,0.0,0.0,0.0,-0.9379502165338636,0.4424758365222218,-0.013250990192781063,0.09204674698042323,nan,nan,nan,nan,nan,nan,nan,0.027305413289921303,0.0,0.0,-0.8219734382030499,1.7597963815638793,-0.2029240079689069,-0.016852561341136475,nan,nan,nan,nan,nan,nan,nan,nan,nan,nan,nan,nan,nan,nan,0.7734419414466224,0.0,0.0,0.848308900712871,0.7995759149911627,-0.0885742957099799,0.023501091758239185,nan,nan,nan,nan,nan,nan,nan,nan,nan,nan,nan,nan,nan,nan,nan,nan,nan,nan,nan,nan,nan,nan,nan,nan,nan,nan,nan,nan,nan,nan,nan,nan,nan,nan,nan,nan,nan,nan,nan,nan,nan,nan,nan,nan,nan,nan,nan,nan,nan,0.1472187808332693
1791059667.2672498,1.4745795506900714,0.3785737294286288,1.6149515636639644,-0.021093516638068115,0.1238145639113225,0.18736075649515355,0.8574984955496581,0.0,0.0,1.4707265765672581,-0.43611960082725054,-0.177152183081838,0.01234058075786126,0.0,0.0,0.0,0.060741710690444935,1.802047468354856,-0.02081973173956074,0.21711466375412627,0.0,0.0,0.0,-0.9377644209898639,0.4527423093301618,0.01003651820751708,0.10451528754595196,nan,nan,nan,nan,nan,nan,nan,0.027305413289921303,0.0,0.0,-0.842567957052063,1.7574169883667943,-0.2146040926616425,-0.02435137333842083,nan,nan,nan,nan,nan,nan,nan,nan,nan,nan,nan,nan,nan,nan,0.7734419414466224,0.0,0.0,0.8424031534291253,0.7989333683726211,-0.034136268025817554,-0.018660756928750525,nan,nan,nan,nan,nan,nan,nan,nan,nan,nan,nan,nan,nan,nan,nan,nan,nan,nan,nan,nan,nan,nan,nan,nan,nan,nan,nan,nan,nan,nan,nan,nan,nan,nan,nan,nan,nan,nan,nan,nan,nan,nan,nan,nan,nan,nan,nan,nan,nan,0.1474191402606493
1791059667.3662527,1.4741711963833357,0.39340881448830617,1.6168345587003128,-0.01908771001519698,0.11204089541580807,0.18855987556616613,0.8574984955496581,0.0,0.0,1.452588547292129,-0.4359490605041052,-0.18628937961278577,0.001989570502269558,0.0,0.0,0.0,0.05792969924524148,1.8249353708437845,-0.03225544034745638,0.22217010110405122,0.0,0.0,0.0,-0.9381533971113618,0.4628839119936393,-0.017040352850461647,0.09901380371812563,nan,nan,nan,nan,nan,nan,nan,0.027305413289921303,0.0,0.0,-0.8635473001797996,1.7547615848718905,-0.21470325063620177,-0.02598499277165635,nan,nan,nan,nan,nan,nan,nan,nan,nan,nan,nan,nan,nan,nan,0.7734419414466224,0.0,0.0,0.8363983883070657,0.7994524842061843,-0.060917651607629214,-0.0031849221901013515,nan,nan,nan,nan,nan,nan,nan,nan,nan,nan,nan,nan,nan,nan,nan,nan,nan,nan,nan,nan,nan,nan,nan,nan,nan,nan,nan,nan,nan,nan,nan,nan,nan,nan,nan,nan,nan,nan,nan,nan,nan,nan,nan,nan,nan,nan,nan,nan,nan,0.1484195272021492
1791059667.4672525,1.4735855665967412,0.40814424530344545,1.617733984912581,-0.017271274252046144,0.10137879455579478,0.18964649904308115,0.8574984955496581,0.0,0.0,1.4344874884938525,-0.43587528833627837,-0.17776961229662788,0.017253861595726554,0.0,0.0,0.0,0.05456726265038573,1.847574342550139,-0.034861143597464235,0.22052100786658213,0.0,0.0,0.0,-0.9380640522072186,0.47289065970078176,-0.005826746893162831,0.10383169900473424,nan,nan,nan,nan,nan,nan,nan,0.027305413289921303,0.0,0.0,-0.8852468135415592,1.7520349420866441,-0.18682777904293604,-0.021931354456689627,nan,nan,nan,nan,nan,nan,nan,nan,nan,nan,nan,nan,nan,nan,0.7734419414466224,0.0,0.0,0.8306341735221987,0.799566165293567,-0.03333767475040893,0.02070899986708037,nan,nan,nan,nan,nan,nan,nan,nan,nan,nan,nan,nan,nan,nan,nan,nan,nan,nan,nan,nan,nan,nan,nan,nan,nan,nan,nan,nan,nan,nan,nan,nan,nan,nan,nan,nan,nan,nan,nan,nan,nan,nan,nan,nan,nan,nan,nan,nan,nan,0.1489908409215892
1791059667.5673223,1.473080729083298,0.42318194751073673,1.6172662317293944,-0.015627695205548405,0.09173132673961074,0.19063024685080354,0.8574984955496581,0.0,0.0,1.4176962845178656,-0.4358278264808536,-0.16634375827381492,-0.008537000773752548,0.0,0.0,0.0,0.05181254996353157,1.8700200569432617,-0.027786996217253536,0.21785119574138376,0.0,0.0,0.0,-0.9376565020584122,0.4831847863736873,-0.003218264561563978,0.09572082019312995,nan,nan,nan,nan,nan,nan,nan,0.027305413289921303,0.0,0.0,-0.906877475267752,1.7492172755728281,-0.20437817195169128,-0.02820434198165985,nan,nan,nan,nan,nan,nan,nan,nan,nan,nan,nan,nan,nan,nan,0.7734419414466224,0.0,0.0,0.8230638555344695,0.7996461146059871,-0.06870162740338287,-0.004645533543836652,nan,nan,nan,nan,nan,nan,nan,nan,nan,nan,nan,nan,nan,nan,nan,nan,nan,nan,nan,nan,nan,nan,nan,nan,nan,nan,nan,nan,nan,nan,nan,nan,nan,nan,nan,nan,nan,nan,nan,nan,nan,nan,nan,nan,nan,nan,nan,nan,nan,0.14821333932694294
1791059667.6673303,1.4725496025431648,0.4383435696151113,1.6157078101700375,-0.014140876873528083,0.08300401177581643,0.19152056002403506,0.8574984955496581,0.0,0.0,1.4005006115669365,-0.43573454291824104,-0.17701526029240594,0.005831984695821963,0.0,0.0,0.0,0.04873056380979812,1.8924211287215837,-0.02488207578034849,0.22375437916763494,0.0,0.0,0.0,-0.9378486637948427,0.4930621488511395,-0.002467739335910453,0.09081571555316865,nan,nan,nan,nan,nan,nan,nan,0.027305413289921303,0.0,0.0,-0.9268238112748285,1.7467400648656934,-0.21007421444490879,-0.021628754907364135,nan,nan,nan,nan,nan,nan,nan,nan,nan,nan,nan,nan,nan,nan,0.7734419414466224,0.0,0.0,0.8157686218317733,0.7998345418689938,-0.06451851691468226,-0.010960574935723178,nan,nan,nan,nan,nan,nan,nan,nan,nan,nan,nan,nan,nan,nan,nan,nan,nan,nan,nan,nan,nan,nan,nan,nan,nan,nan,nan,nan,nan,nan,nan,nan,nan,nan,nan,nan,nan,nan,nan,nan,nan,nan,nan,nan,nan,nan,nan,nan,nan,0.15524004033993238
1791059667.7665057,1.4719736535826637,0.45395191179192657,1.6162563636038512,-0.012796025521274785,0.07511001351265888,0.19232615382383123,0.8574984955496581,0.0,0.0,1.3837493689266023,-0.43544443167738606,-0.1593673665827124,-0.008275129462140023,0.0,0.0,0.0,0.0453970735807941,1.9147840975620842,-0.03491501944067012,0.2352078010229128,0.0,0.0,0.0,-0.9379643900012683,0.5029963606641407,0.0051207100575295286,0.10389208128513196,nan,nan,nan,nan,nan,nan,nan,0.027305413289921303,0.0,0.0,-0.9477713951905621,1.743871567879403,-0.2065632839265688,-0.03287842477762831,nan,nan,nan,nan,nan,nan,nan,nan,nan,nan,nan,nan,nan,nan,0.7734419414466224,0.0,0.0,0.8062266469567565,0.800020090635218,-0.07745716343266909,-0.016787351745791736,nan,nan,nan,nan,nan,nan,nan,nan,nan,nan,nan,nan,nan,nan,nan,nan,nan,nan,nan,nan,nan,nan,nan,nan,nan,nan,nan,nan,nan,nan,nan,nan,nan,nan,nan,nan,nan,nan,nan,nan,nan,nan,nan,nan,nan,nan,nan,nan,nan,0.15839421476452234
1791059667.8673317,1.4713389465376967,0.4697655263977304,1.6163683345646807,-0.011578322697597721,0.06796235071777604,0.19305579892471597,0.8574984955496581,0.0,0.0,1.3698008070461225,-0.43529933432366313,-0.12798483645932973,-0.0024144637865176483,0.0,0.0,0.0,0.04202014079150404,1.9371652588796804,-0.039233749307481226,0.2454160108665048,0.0,0.0,0.0,-0.9378152195323813,0.5134498585055292,0.0028880073404442294,0.11544281449030946,nan,nan,nan,nan,nan,nan,nan,0.027305413289921303,0.0,0.0,-0.9690561072613698,1.7412771855943883,-0.21616771758375924,-0.035998046677669454,nan,nan,nan,nan,nan,nan,nan,nan,nan,nan,nan,nan,nan,nan,0.7734419414466224,0.0,0.0,0.7974077831154637,0.801029357156409,-0.09653383199346775,0.003826392152667014,nan,nan,nan,nan,nan,nan,nan,nan,nan,nan,nan,nan,nan,nan,nan,nan,nan,nan,nan,nan,nan,nan,nan,nan,nan,nan,nan,nan,nan,nan,nan,nan,nan,nan,nan,nan,nan,nan,nan,nan,nan,nan,nan,nan,nan,nan,nan,nan,nan,0.15656215784661665
1791059667.967291,1.470767636488148,0.4855926594600169,1.617021843208832,-0.010476786573593282,0.06149656233519607,0.1937159971736598,0.8574984955496581,0.0,0.0,1.3536027820464946,-0.43525192888909414,-0.16962543721602535,0.010992236096964335,0.0,0.0,0.0,0.038679011245331685,1.959308865675547,-0.039831286768308674,0.21975645283084652,0.0,0.0,0.0,-0.938138739372016,0.5247056666411261,-0.00795382496511062,0.11388399162983273,nan,nan,nan,nan,nan,nan,nan,0.027305413289921303,0.0,0.0,-0.9902986708933899,1.7387676514469799,-0.22572438424487257,-0.021927462970690762,nan,nan,nan,nan,nan,nan,nan,nan,nan,nan,nan,nan,nan,nan,0.7734419414466224,0.0,0.0,0.7893052837187006,0.8006714505097723,-0.08908559361382723,0.0060677910862554935,nan,nan,nan,nan,nan,nan,nan,nan,nan,nan,nan,nan,nan,nan,nan,nan,nan,nan,nan,nan,nan,nan,nan,nan,nan,nan,nan,nan,nan,nan,nan,nan,nan,nan,nan,nan,nan,nan,nan,nan,nan,nan,nan,nan,nan,nan,nan,nan,nan,0.15419580527630417
1791059668.0673409,1.4703859400048966,0.5012378772295762,1.618606239324264,-0.009479788515679474,0.055644390699753715,0.1943136598405303,0.8574984955496581,0.0,0.0,1.3354451654599324,-0.434746460289639,-0.1791806559231351,0.0024636825916926307,0.0,0.0,0.0,0.03518053063602112,1.9818532549785461,-0.03552003567209194,0.21370339534665933,0.0,0.0,0.0,-0.9381325752296008,0.5359319666891114,-0.004340840861761937,0.11601573534082243,nan,nan,nan,nan,nan,nan,nan,0.027305413289921303,0.0,0.0,-1.0119254702668976,1.735964769259862,-0.2134211130534332,-0.01998188893596393,nan,nan,nan,nan,nan,nan,nan,nan,nan,nan,nan,nan,nan,nan,0.7734419414466224,0.0,0.0,0.7800048917331303,0.8009060912751406,-0.08374577908406672,-0.0027584085600648443,nan,nan,nan,nan,nan,nan,nan,nan,nan,nan,nan,nan,nan,nan,nan,nan,nan,nan,nan,nan,nan,nan,nan,nan,nan,nan,nan,nan,nan,nan,nan,nan,nan,nan,nan,nan,nan,nan,nan,nan,nan,nan,nan,nan,nan,nan,nan,nan,nan,0.15839371104078737
1791059668.167334,1.4698542297110282,0.516864599347901,1.6203758382194622,-0.00857767266786879,0.05034915794123902,0.19485453210521078,0.8574984955496581,0.0,0.0,1.318316261467894,-0.4345454158838585,-0.15716461097604942,0.008982366658509239,0.0,0.0,0.0,0.031061306759461237,2.0047756874832383,-0.03509226360721521,0.21961847384949262,0.0,0.0,0.0,-0.9381147943312146,0.5472736944788265,-0.003054694896211851,0.10977698762287139,nan,nan,nan,nan,nan,nan,nan,0.027305413289921303,0.0,0.0,-1.0342206482253007,1.7331781188941395,-0.21171646075227152,-0.029040776787733234,nan,nan,nan,nan,nan,nan,nan,nan,nan,nan,nan,nan,nan,nan,0.7734419414466224,0.0,0.0,0.7705951662395412,0.8013676495281552,-0.0943799651156634,-0.0010992587441291854,nan,nan,nan,nan,nan,nan,nan,nan,nan,nan,nan,nan,nan,nan,nan,nan,nan,nan,nan,nan,nan,nan,nan,nan,nan,nan,nan,nan,nan,nan,nan,nan,nan,nan,nan,nan,nan,nan,nan,nan,nan,nan,nan,nan,nan,nan,nan,nan,nan,0.16270944025482503
1791059668.2681203,1.4691145182899308,0.5328326304272377,1.6215701860132252,-0.007761399192102791,0.045557802086807965,0.19534400187677442,0.8574984955496581,0.0,0.0,1.301085500860145,-0.4347248377998393,-0.1679968190823447,0.011326427364195023,0.0,0.0,0.0,0.027331511071535735,2.027637425961313,-0.03610417103434832,0.2514035960941855,0.0,0.0,0.0,-0.9381246797513401,0.5583450469187956,-0.0015419519571057924,0.10427769362419997,nan,nan,nan,nan,nan,nan,nan,0.027305413289921303,0.0,0.0,-1.0558265140012981,1.7306100039477923,-0.21967750189140833,-0.035497206592406294,nan,nan,nan,nan,nan,nan,nan,nan,nan,nan,nan,nan,nan,nan,0.7734419414466224,0.0,0.0,0.7619186588940211,0.8022103658448425,-0.08647728705486299,0.020387913496106195,nan,nan,nan,nan,nan,nan,nan,nan,nan,nan,nan,nan,nan,nan,nan,nan,nan,nan,nan,nan,nan,nan,nan,nan,nan,nan,nan,nan,nan,nan,nan,nan,nan,nan,nan,nan,nan,nan,nan,nan,nan,nan,nan,nan,nan,nan,nan,nan,nan,0.16003494255183046
1791059668.367903,1.4683694676759147,0.5493139041036215,1.6212711010748782,-0.007023034036008464,0.04122375189604245,0.1957868029825851,0.8574984955496581,0.0,0.0,1.2829813082146118,-0.43469516064198765,-0.1842568856805995,-0.009334841624560917,0.0,0.0,0.0,0.02353990214690348,2.0497853983251146,-0.03496031378981644,0.23427159506692896,0.0,0.0,0.0,-0.9381814968237298,0.5696046504578443,0.001057528576415214,0.10478107173810505,nan,nan,nan,nan,nan,nan,nan,0.027305413289921303,0.0,0.0,-1.0780411661647982,1.7276140038550958,-0.22096315593603455,-0.023189149323177116,nan,nan,nan,nan,nan,nan,nan,nan,nan,nan,nan,nan,nan,nan,0.7734419414466224,0.0,0.0,0.7525303426022236,0.8018167890704507,-0.08779596648946628,0.00733465381414434,nan,nan,nan,nan,nan,nan,nan,nan,nan,nan,nan,nan,nan,nan,nan,nan,nan,nan,nan,nan,nan,nan,nan,nan,nan,nan,nan,nan,nan,nan,nan,nan,nan,nan,nan,nan,nan,nan,nan,nan,nan,nan,nan,nan,nan,nan,nan,nan,nan,0.16353206019888192
1791059668.468384,1.467946956509688,0.5658275655880067,1.621872921967848,-0.0063547039860090285,0.037300793239628906,0.19618763945244053,0.8574984955496581,0.0,0.0,1.266155222494975,-0.43469810553268207,-0.17910826880895403,-0.01413828850804302,0.0,0.0,0.0,0.019921352804143786,2.0717758396068926,-0.04279246074104233,0.22531831660776988,0.0,0.0,0.0,-0.9383189057589231,0.581130788680868,0.0011660072042334727,0.11436007994173089,nan,nan,nan,nan,nan,nan,nan,0.027305413289921303,0.0,0.0,-1.1000353419446791,1.7247970196139517,-0.21622765930943694,-0.023992054232938792,nan,nan,nan,nan,nan,nan,nan,nan,nan,nan,nan,nan,nan,nan,0.7734419414466224,0.0,0.0,0.7420495193072092,0.801932697526832,-0.0849304634183039,-0.02298347389802162,nan,nan,nan,nan,nan,nan,nan,nan,nan,nan,nan,nan,nan,nan,nan,nan,nan,nan,nan,nan,nan,nan,nan,nan,nan,nan,nan,nan,nan,nan,nan,nan,nan,nan,nan,nan,nan,nan,nan,nan,nan,nan,nan,nan,nan,nan,nan,nan,nan,0.16646948034251055
1791059668.5673513,1.4672811574824505,0.5823485478680414,1.6233172409080079,-0.005750570936431883,0.03375465764918796,0.19654999969621426,0.8574984955496581,0.0,0.0,1.2486245887685254,-0.4343121052327656,-0.1884747692880146,0.018137695961000816,0.0,0.0,0.0,0.01651671875591391,2.0939998248641665,-0.03270596854379462,0.2116699994325114,0.0,0.0,0.0,-0.9384173106148082,0.5931967485937992,0.005760551983421323,0.12559731391061948,nan,nan,nan,nan,nan,nan,nan,0.027305413289921303,0.0,0.0,-1.1212929384732968,1.722516969398265,-0.20954864701142578,-0.028135896939462203,nan,nan,nan,nan,nan,nan,nan,nan,nan,nan,nan,nan,nan,nan,0.7734419414466224,0.0,0.0,0.732414840680557,0.8023027611813364,-0.081785779560368,-0.008867275461227873,nan,nan,nan,nan,nan,nan,nan,nan,nan,nan,nan,nan,nan,nan,nan,nan,nan,nan,nan,nan,nan,nan,nan,nan,nan,nan,nan,nan,nan,nan,nan,nan,nan,nan,nan,nan,nan,nan,nan,nan,nan,nan,nan,nan,nan,nan,nan,nan,nan,0.16659929748434157
1791059668.6673262,1.4665461453360928,0.5990833442142601,1.6238889514537653,-0.0052033744483727,0.030542727855528855,0.19687822889370482,0.8574984955496581,0.0,0.0,1.2304075586016834,-0.43473491295435973,-0.17984624448410083,0.009939075335582793,0.0,0.0,0.0,0.013037990272073295,2.1166467368813566,-0.03303442402104172,0.2192448276622744,0.0,0.0,0.0,-0.938552594284809,0.6056216475889187,0.0007649359890588734,0.12664708133840966,nan,nan,nan,nan,nan,nan,nan,0.027305413289921303,0.0,0.0,-1.1429458514674595,1.7198606861882075,-0.2227962369501681,-0.034343717381021745,nan,nan,nan,nan,nan,nan,nan,nan,nan,nan,nan,nan,nan,nan,0.7734419414466224,0.0,0.0,0.7240168743068369,0.8026819356579448,-0.0932551645859708,0.008348333453765795,nan,nan,nan,nan,nan,nan,nan,nan,nan,nan,nan,nan,nan,nan,nan,nan,nan,nan,nan,nan,nan,nan,nan,nan,nan,nan,nan,nan,nan,nan,nan,nan,nan,nan,nan,nan,nan,nan,nan,nan,nan,nan,nan,nan,nan,nan,nan,nan,nan,0.1667842257733947
1791059668.7672892,1.4660215348503112,0.6157069955240482,1.624091360982233,-0.004708243077665783,0.027636409492650744,0.19717524200481873,0.8574984955496581,0.0,0.0,1.2120608606724892,-0.43493681256659134,-0.21209629910884367,0.019872943953142964,0.0,0.0,0.0,0.009517016100472052,2.1395355875362707,-0.033323751006441804,0.2347718124414252,0.0,0.0,0.0,-0.9387300577072882,0.6182424833542662,0.0015729087493268005,0.12788537950964146,nan,nan,nan,nan,nan,nan,nan,0.027305413289921303,0.0,0.0,-1.164386144837521,1.7167206627819407,-0.2262342098267005,-0.02386326116909361,nan,nan,nan,nan,nan,nan,nan,nan,nan,nan,nan,nan,nan,nan,0.7734419414466224,0.0,0.0,0.7153185900858158,0.8026328741525977,-0.08271980262033185,0.006351652157886718,nan,nan,nan,nan,nan,nan,nan,nan,nan,nan,nan,nan,nan,nan,nan,nan,nan,nan,nan,nan,nan,nan,nan,nan,nan,nan,nan,nan,nan,nan,nan,nan,nan,nan,nan,nan,nan,nan,nan,nan,nan,nan,nan,nan,nan,nan,nan,nan,nan,0.17025011989052255
1791059668.8673055,1.4651618583320953,0.6324556478167153,1.6236990028444451,-0.0042601945112808945,0.025006457417332924,0.19744402245899795,0.8574984955496581,0.0,0.0,1.1932242116240626,-0.4349151462368973,-0.18328354388532342,0.0010900996980282088,0.0,0.0,0.0,0.006073226435784606,2.162175678054749,-0.03222535010934944,0.242031081941473,0.0,0.0,0.0,-0.9388820883777056,0.6310346178647531,-0.0029795337417155036,0.1280669719512253,nan,nan,nan,nan,nan,nan,nan,0.027305413289921303,0.0,0.0,-1.186571188627263,1.7138476910759526,-0.21720085704837783,-0.02308921960084826,nan,nan,nan,nan,nan,nan,nan,nan,nan,nan,nan,nan,nan,nan,0.7734419414466224,0.0,0.0,0.7055758896862321,0.8027321504610726,-0.09645051423932754,-0.006661291463509177,nan,nan,nan,nan,nan,nan,nan,nan,nan,nan,nan,nan,nan,nan,nan,nan,nan,nan,nan,nan,nan,nan,nan,nan,nan,nan,nan,nan,nan,nan,nan,nan,nan,nan,nan,nan,nan,nan,nan,nan,nan,nan,nan,nan,nan,nan,nan,nan,nan,0.1713970623369779
1791059668.967339,1.4641909220899183,0.6495215681541191,1.6209949178082752,-0.003854787103773531,0.022626800092847024,0.1976872308357894,0.8574984955496581,0.0,0.0,1.1750288524232166,-0.43490173422468337,-0.19009250884187273,-0.009284393622459338,0.0,0.0,0.0,0.002646665551185565,2.1847331346642815,-0.04130643304259887,0.23305584645237704,0.0,0.0,0.0,-0.938994980864939,0.6440311846834872,0.0039935885584201315,0.12800913944223996,nan,nan,nan,nan,nan,nan,nan,0.027305413289921303,0.0,0.0,-1.2084667079385865,1.7110640624643658,-0.20821041402896734,-0.026812166442136513,nan,nan,nan,nan,nan,nan,nan,nan,nan,nan,nan,nan,nan,nan,0.7734419414466224,0.0,0.0,0.6955720476350682,0.8033525433385781,-0.08741734875526028,-0.016793280918686822,nan,nan,nan,nan,nan,nan,nan,nan,nan,nan,nan,nan,nan,nan,nan,nan,nan,nan,nan,nan,nan,nan,nan,nan,nan,nan,nan,nan,nan,nan,nan,nan,nan,nan,nan,nan,nan,nan,nan,nan,nan,nan,nan,nan,nan,nan,nan,nan,nan,0.17110251090263942
1791059669.0673177,1.4633700623469932,0.6670968115466132,1.6194215306898132,-0.00348799958414371,0.020473833493189448,0.19790727663005964,0.8574984955496581,0.0,0.0,1.156153520153939,-0.43481171030608057,-0.18481043844010187,0.0030953043409953783,0.0,0.0,0.0,-0.0007571291952490091,2.207484637411906,-0.03594868152543708,0.22146647200599148,0.0,0.0,0.0,-0.939088823874441,0.6574545974738171,0.0024222483570222834,0.13323914739581794,nan,nan,nan,nan,nan,nan,nan,0.027305413289921303,0.0,0.0,-1.2300970288796451,1.7085427471646724,-0.21388071453582785,-0.03202957022335598,nan,nan,nan,nan,nan,nan,nan,nan,nan,nan,nan,nan,nan,nan,0.7734419414466224,0.0,0.0,0.6863148909102783,0.8033461621730238,-0.09813681086650422,0.005246803272386251,nan,nan,nan,nan,nan,nan,nan,nan,nan,nan,nan,nan,nan,nan,nan,nan,nan,nan,nan,nan,nan,nan,nan,nan,nan,nan,nan,nan,nan,nan,nan,nan,nan,nan,nan,nan,nan,nan,nan,nan,nan,nan,nan,nan,nan,nan,nan,nan,nan,0.18160137056724338
1791059669.1673064,1.4626221522834917,0.684233526974098,1.6196075437977773,-0.0031560725388643344,0.01852549064136407,0.19810641306123075,0.8574984955496581,0.0,0.0,1.1383684784129835,-0.43466330772915107,-0.1407922538786926,0.00475250882803453,0.0,0.0,0.0,-0.00436658741468487,2.230190767600344,-0.03161157603558481,0.21438821315387646,0.0,0.0,0.0,-0.9389987216509686,0.6709695419059077,0.003768285795934052,0.1274072152557301,nan,nan,nan,nan,nan,nan,nan,0.027305413289921303,0.0,0.0,-1.2511096587027828,1.7061864010657204,-0.21194771164294474,-0.02112150582449178,nan,nan,nan,nan,nan,nan,nan,nan,nan,nan,nan,nan,nan,nan,0.7734419414466224,0.0,0.0,0.6766549684188702,0.8035116384268365,-0.0908191575391309,0.002542268555204136,nan,nan,nan,nan,nan,nan,nan,nan,nan,nan,nan,nan,nan,nan,nan,nan,nan,nan,nan,nan,nan,nan,nan,nan,nan,nan,nan,nan,nan,nan,nan,nan,nan,nan,nan,nan,nan,nan,nan,nan,nan,nan,nan,nan,nan,nan,nan,nan,nan,0.166681009412909
1791059669.267303,1.4618421609876164,0.7014527061495981,1.619149408065045,-0.002855732528138733,0.016762557125290196,0.19828660240225446,0.8574984955496581,0.0,0.0,1.1199629084515461,-0.4347826178289145,-0.18469090044869485,-0.002849856986007461,0.0,0.0,0.0,-0.007904441831122383,2.252690634124301,-0.035344185137250295,0.2135757467117984,0.0,0.0,0.0,-0.9390393560539945,0.6848016286852647,0.0008267036337241881,0.13201993019239866,nan,nan,nan,nan,nan,nan,nan,0.027305413289921303,0.0,0.0,-1.2716472488398538,1.7029198161679786,-0.2293266855930975,-0.018423367145913284,nan,nan,nan,nan,nan,nan,nan,nan,nan,nan,nan,nan,nan,nan,0.7734419414466224,0.0,0.0,0.6664810724664681,0.8033907727141054,-0.09886325531370505,-0.000954449911359111,nan,nan,nan,nan,nan,nan,nan,nan,nan,nan,nan,nan,nan,nan,nan,nan,nan,nan,nan,nan,nan,nan,nan,nan,nan,nan,nan,nan,nan,nan,nan,nan,nan,nan,nan,nan,nan,nan,nan,nan,nan,nan,nan,nan,nan,nan,nan,nan,nan,0.16673825706791207
1791059669.3673077,1.461288158306233,0.7179697262281135,1.6205787123196105,-0.0025839736482115745,0.015167388913912602,0.19844964686569933,0.8574984955496581,0.0,0.0,1.1023693645689112,-0.43490826046574393,-0.16932479513029913,-0.004708349332657213,0.0,0.0,0.0,-0.011438912154523738,2.274695973643117,-0.036120561914432386,0.22728628238008922,0.0,0.0,0.0,-0.939048028130707,0.6986801172706003,-0.00275789771678765,0.12758204730566147,nan,nan,nan,nan,nan,nan,nan,0.027305413289921303,0.0,0.0,-1.2939320924417639,1.7000568913859366,-0.23811071540669632,-0.028551700803991487,nan,nan,nan,nan,nan,nan,nan,nan,nan,nan,nan,nan,nan,nan,0.7734419414466224,0.0,0.0,0.6556848382038764,0.8036785795467408,-0.0831560606813119,-0.028684654923883016,nan,nan,nan,nan,nan,nan,nan,nan,nan,nan,nan,nan,nan,nan,nan,nan,nan,nan,nan,nan,nan,nan,nan,nan,nan,nan,nan,nan,nan,nan,nan,nan,nan,nan,nan,nan,nan,nan,nan,nan,nan,nan,nan,nan,nan,nan,nan,nan,nan,0.16250987777394424
1791059669.4673312,1.4604156211497132,0.7343890270179331,1.6215104056636582,-0.0023380923717136043,0.013724116862792738,0.19859716758338705,0.8574984955496581,0.0,0.0,1.0835357787561313,-0.43465949556396827,-0.19186542653829347,0.00025837271537948805,0.0,0.0,0.0,-0.015201613820234569,2.2963588141763625,-0.0411907352424146,0.23014616002553684,0.0,0.0,0.0,-0.9390866653624272,0.7127390279524309,-0.0022036374715142092,0.13851788062903753,nan,nan,nan,nan,nan,nan,nan,0.027305413289921303,0.0,0.0,-1.3161446634597043,1.6969997388702993,-0.23990333954118925,-0.03781646540885889,nan,nan,nan,nan,nan,nan,nan,nan,nan,nan,nan,nan,nan,nan,0.7734419414466224,0.0,0.0,0.6445929926391136,0.8042858791936562,-0.12035046335853997,0.0010069540938127009,nan,nan,nan,nan,nan,nan,nan,nan,nan,nan,nan,nan,nan,nan,nan,nan,nan,nan,nan,nan,nan,nan,nan,nan,nan,nan,nan,nan,nan,nan,nan,nan,nan,nan,nan,nan,nan,nan,nan,nan,nan,nan,nan,nan,nan,nan,nan,nan,nan,0.1658401553945884
1791059669.567303,1.459782245442695,0.7509107410619342,1.621874721769503,-0.002115593465446198,0.012418094471034346,0.19873066096436467,0.8574984955496581,0.0,0.0,1.0652581942484736,-0.4345303851790846,-0.1718652460100134,0.0045660032358534695,0.0,0.0,0.0,-0.01893508194139079,2.317477750987794,-0.03242976433013675,0.22710125540534742,0.0,0.0,0.0,-0.9391521751009753,0.7266383265089763,-0.0019863376209961867,0.13744493528112842,nan,nan,nan,nan,nan,nan,nan,0.027305413289921303,0.0,0.0,-1.3393002223454422,1.6943242970044792,-0.258053606742184,-0.02076724310803008,nan,nan,nan,nan,nan,nan,nan,nan,nan,nan,nan,nan,nan,nan,0.7734419414466224,0.0,0.0,0.6328224438642946,0.8043966875772943,-0.12134044755489529,0.005667390436514201,nan,nan,nan,nan,nan,nan,nan,nan,nan,nan,nan,nan,nan,nan,nan,nan,nan,nan,nan,nan,nan,nan,nan,nan,nan,nan,nan,nan,nan,nan,nan,nan,nan,nan,nan,nan,nan,nan,nan,nan,nan,nan,nan,nan,nan,nan,nan,nan,nan,0.1664279692545871
1791059669.6672802,1.459217659518742,0.7678105123684076,1.6231853402263403,-0.0019142962235374444,0.011236521447856977,0.19885143489270377,0.8574984955496581,0.0,0.0,1.0475262689589508,-0.434509385054378,-0.17026024971841647,0.0063846293776299344,0.0,0.0,0.0,-0.022797830513169654,2.3397976427609617,-0.03437482559242674,0.2123793365155936,0.0,0.0,0.0,-0.9392340336528503,0.7399502651446004,-0.0007271289917218188,0.13195436811601483,nan,nan,nan,nan,nan,nan,nan,0.027305413289921303,0.0,0.0,-1.361430743567204,1.6914703318882103,-0.23815931865728276,-0.019293540443306063,nan,nan,nan,nan,nan,nan,nan,nan,nan,nan,nan,nan,nan,nan,0.7734419414466224,0.0,0.0,0.6211694593330805,0.8045414060040622,-0.12529581535101952,0.008619470070084215,nan,nan,nan,nan,nan,nan,nan,nan,nan,nan,nan,nan,nan,nan,nan,nan,nan,nan,nan,nan,nan,nan,nan,nan,nan,nan,nan,nan,nan,nan,nan,nan,nan,nan,nan,nan,nan,nan,nan,nan,nan,nan,nan,nan,nan,nan,nan,nan,nan,0.17002344336227268
1791059669.7672868,1.4584009156387225,0.784226750789905,1.6241751093229229,-0.0017321326883679563,0.010167259311317341,0.1989607297412791,0.8574984955496581,0.0,0.0,1.0300333916689808,-0.4343991272827378,-0.17144361900769398,0.00432064094922751,0.0,0.0,0.0,-0.026823895746683105,2.362084081431946,-0.044485079894869925,0.21827436558613264,0.0,0.0,0.0,-0.939249123525856,0.7523551345450772,-0.002416964734457877,0.12671516817711326,nan,nan,nan,nan,nan,nan,nan,0.027305413289921303,0.0,0.0,-1.3842862145694053,1.6890001809511312,-0.23415713196923785,-0.0085455980149606,nan,nan,nan,nan,nan,nan,nan,nan,nan,nan,nan,nan,nan,nan,0.7734419414466224,0.0,0.0,0.6101041271008992,0.8044438020392375,-0.11885853815622628,0.002154560050387432,nan,nan,nan,nan,nan,nan,nan,nan,nan,nan,nan,nan,nan,nan,nan,nan,nan,nan,nan,nan,nan,nan,nan,nan,nan,nan,nan,nan,nan,nan,nan,nan,nan,nan,nan,nan,nan,nan,nan,nan,nan,nan,nan,nan,nan,nan,nan,nan,nan,0.16033765995972402
1791059669.8673687,1.4576446608493194,0.8007646245414051,1.624103583513314,-0.0015672984699536378,0.009199716666777928,0.19905962784787717,0.8574984955496581,0.0,0.0,1.0130302378951035,-0.43440392728219696,-0.16773776316706815,0.008831320407999284,0.0,0.0,0.0,-0.03086350679944208,2.3846349073428543,-0.05128797745951009,0.23760427400284806,0.0,0.0,0.0,-0.9392456077502174,0.7643918103096996,-0.003733009005815999,0.12586614859606493,nan,nan,nan,nan,nan,nan,nan,0.027305413289921303,0.0,0.0,-1.4064942576365538,1.6858453778118043,-0.23359155409560603,-0.024626738182975273,nan,nan,nan,nan,nan,nan,nan,nan,nan,nan,nan,nan,nan,nan,0.7734419414466224,0.0,0.0,0.5985672965087541,0.8047055896904635,-0.12029060868444873,0.004064410517733437,nan,nan,nan,nan,nan,nan,nan,nan,nan,nan,nan,nan,nan,nan,nan,nan,nan,nan,nan,nan,nan,nan,nan,nan,nan,nan,nan,nan,nan,nan,nan,nan,nan,nan,nan,nan,nan,nan,nan,nan,nan,nan,nan,nan,nan,nan,nan,nan,nan,0.166209537582156
1791059669.966958,1.457084210436747,0.8170619087102694,1.6238963161198143,-0.0014181562164414286,0.008324282598755341,0.1991491114039663,0.8574984955496581,0.0,0.0,0.9955731873579258,-0.43435829024564454,-0.1838805439391652,0.009461715723245369,0.0,0.0,0.0,-0.03485220567199176,2.406926042759191,-0.04282008776919663,0.2432527084142916,0.0,0.0,0.0,-0.9392593279888363,0.7755701707840768,-0.0010331490355335055,0.11426954014175325,nan,nan,nan,nan,nan,nan,nan,0.027305413289921303,0.0,0.0,-1.4290213714040405,1.6831573598330472,-0.23262125306590686,-0.03516974641251367,nan,nan,nan,nan,nan,nan,nan,nan,nan,nan,nan,nan,nan,nan,0.7734419414466224,0.0,0.0,0.587452111237273,0.8049131832076195,-0.11400589729629068,0.0047687719836475425,nan,nan,nan,nan,nan,nan,nan,nan,nan,nan,nan,nan,nan,nan,nan,nan,nan,nan,nan,nan,nan,nan,nan,nan,nan,nan,nan,nan,nan,nan,nan,nan,nan,nan,nan,nan,nan,nan,nan,nan,nan,nan,nan,nan,nan,nan,nan,nan,nan,0.17582168243508187
1791059670.0666106,1.45615981521431,0.8337208712738844,1.621816504394567,-0.0012832901697428384,0.007532646901164075,0.19923002970218956,0.8574984955496581,0.0,0.0,0.9777768410811413,-0.43423519967619306,-0.17062003676511828,-0.000770583134753328,0.0,0.0,0.0,-0.03910932736632561,2.4291670431160157,-0.03185327017727639,0.22478424162590957,0.0,0.0,0.0,-0.9392892323153114,0.7861614772720414,-0.0013478366355197792,0.09945251866716448,nan,nan,nan,nan,nan,nan,nan,0.027305413289921303,0.0,0.0,-1.4520022497209564,1.680645619156651,-0.250929516759296,-0.033156774187409775,nan,nan,nan,nan,nan,nan,nan,nan,nan,nan,nan,nan,nan,nan,0.7734419414466224,0.0,0.0,0.5755543343754964,0.8053988273346067,-0.14694999219763924,0.027883205490714748,nan,nan,nan,nan,nan,nan,nan,nan,nan,nan,nan,nan,nan,nan,nan,nan,nan,nan,nan,nan,nan,nan,nan,nan,nan,nan,nan,nan,nan,nan,nan,nan,nan,nan,nan,nan,nan,nan,nan,nan,nan,nan,nan,nan,nan,nan,nan,nan,nan,0.16867187302659753
1791059670.1664581,1.4551113058923324,0.8511843816481407,1.6188349381516285,-0.0011612250488257482,0.006816149980595758,0.1993032677892146,0.8574984955496581,0.0,0.0,0.9609043302183046,-0.434074509291426,-0.16720219663841823,0.005464071219746348,0.0,0.0,0.0,-0.04346029210920847,2.4515347803736027,-0.036293872630778226,0.2167807886563061,0.0,0.0,0.0,-0.9393220745321481,0.7968457956112072,0.0023244259674891606,0.10023955934803148,nan,nan,nan,nan,nan,nan,nan,0.027305413289921303,0.0,0.0,-1.4743707304770786,1.678007912199948,-0.22723134482808677,-0.02140020740941031,nan,nan,nan,nan,nan,nan,nan,nan,nan,nan,nan,nan,nan,nan,0.7734419414466224,0.0,0.0,0.5617821457395354,0.8057185342322211,-0.1544500285214263,0.030336720531887934,nan,nan,nan,nan,nan,nan,nan,nan,nan,nan,nan,nan,nan,nan,nan,nan,nan,nan,nan,nan,nan,nan,nan,nan,nan,nan,nan,nan,nan,nan,nan,nan,nan,nan,nan,nan,nan,nan,nan,nan,nan,nan,nan,nan,nan,nan,nan,nan,nan,0.17002044104703948
1791059670.266332,1.45422286869096,0.8685565219767082,1.6164534103356691,-0.0010507406240547288,0.006167629342395053,0.1993695577136963,0.8574984955496581,0.0,0.0,0.9427738301663227,-0.43356436008757165,-0.18593107444792595,0.0056192677378604896,0.0,0.0,0.0,-0.04776050628828316,2.473922056814781,-0.04861122822879267,0.21763727310605496,0.0,0.0,0.0,-0.9394983375151252,0.8079135065820209,0.004398192222176188,0.11501010999082047,nan,nan,nan,nan,nan,nan,nan,0.027305413289921303,0.0,0.0,-1.4971432331850343,1.6751556226256894,-0.22740359894042678,-0.01731201068672084,nan,nan,nan,nan,nan,nan,nan,nan,nan,nan,nan,nan,nan,nan,0.7734419414466224,0.0,0.0,0.5489682689433849,0.8057143189444648,-0.1106901382869947,-0.008656769694158434,nan,nan,nan,nan,nan,nan,nan,nan,nan,nan,nan,nan,nan,nan,nan,nan,nan,nan,nan,nan,nan,nan,nan,nan,nan,nan,nan,nan,nan,nan,nan,nan,nan,nan,nan,nan,nan,nan,nan,nan,nan,nan,nan,nan,nan,nan,nan,nan,nan,0.17838337594254916
1791059670.3664267,1.4534445828128177,0.8854562956705916,1.6161505309241526,-0.0009507494336076363,0.005580701811409654,0.19942955188676065,0.8574984955496581,0.0,0.0,0.9253021943085747,-0.43344658865834035,-0.19042964519673808,0.017590242382335815,0.0,0.0,0.0,-0.05182002861033912,2.496279127398618,-0.04996268578684049,0.2335561364963829,0.0,0.0,0.0,-0.9397770227110235,0.8193531199938543,0.0020423182114556503,0.12198218538394594,nan,nan,nan,nan,nan,nan,nan,0.027305413289921303,0.0,0.0,-1.5194746425104622,1.672282529765175,-0.22986290253751746,-0.028531065921830766,nan,nan,nan,nan,nan,nan,nan,nan,nan,nan,nan,nan,nan,nan,0.7734419414466224,0.0,0.0,0.5359779756176768,0.805973475382222,-0.13568606579445905,0.008390564088089473,nan,nan,nan,nan,nan,nan,nan,nan,nan,nan,nan,nan,nan,nan,nan,nan,nan,nan,nan,nan,nan,nan,nan,nan,nan,nan,nan,nan,nan,nan,nan,nan,nan,nan,nan,nan,nan,nan,nan,nan,nan,nan,nan,nan,nan,nan,nan,nan,nan,0.16973872978047122
1791059670.4666092,1.4529397840317513,0.9028406210763845,1.617306310358785,-0.0008602736629874125,0.0050496278195240685,0.19948383694819863,0.8574984955496581,0.0,0.0,0.9085446640001172,-0.43344697597069215,-0.1759472447495246,0.008617344574901367,0.0,0.0,0.0,-0.05596713306276076,2.5185664780699475,-0.04440877293614359,0.22002501127486734,0.0,0.0,0.0,-0.9399684099397315,0.830980688069653,-0.0007461847808414917,0.12472347261033942,nan,nan,nan,nan,nan,nan,nan,0.027305413289921303,0.0,0.0,-1.541776304586508,1.669406548416106,-0.23044161487833875,-0.054967112696263754,nan,nan,nan,nan,nan,nan,nan,nan,nan,nan,nan,nan,nan,nan,0.7734419414466224,0.0,0.0,0.5211317709750524,0.8061837770450662,-0.15716637942581305,0.0059074630790323,nan,nan,nan,nan,nan,nan,nan,nan,nan,nan,nan,nan,nan,nan,nan,nan,nan,nan,nan,nan,nan,nan,nan,nan,nan,nan,nan,nan,nan,nan,nan,nan,nan,nan,nan,nan,nan,nan,nan,nan,nan,nan,nan,nan,nan,nan,nan,nan,nan,0.17690595521266334
1791059670.5663717,1.452236398172487,0.9197640773544092,1.6175746486210676,-0.0007784108352996391,0.004569110014711143,0.1995329543478016,0.8574984955496581,0.0,0.0,0.8903065503680817,-0.43322053603967453,-0.1805598352022572,-0.0012808410561447527,0.0,0.0,0.0,-0.06025646316242879,2.5411316515127718,-0.04124520496527267,0.23132515447614604,0.0,0.0,0.0,-0.940163119305285,0.8430562935055533,-0.008578156487406622,0.1288079308309597,nan,nan,nan,nan,nan,nan,nan,0.027305413289921303,0.0,0.0,-1.5637928797807101,1.6671791925174562,-0.20982994362519042,-0.01294713627214409,nan,nan,nan,nan,nan,nan,nan,nan,nan,nan,nan,nan,nan,nan,0.7734419414466224,0.0,0.0,0.5052708681185375,0.8062866540236459,-0.16146737915504683,-0.00394657667659044,nan,nan,nan,nan,nan,nan,nan,nan,nan,nan,nan,nan,nan,nan,nan,nan,nan,nan,nan,nan,nan,nan,nan,nan,nan,nan,nan,nan,nan,nan,nan,nan,nan,nan,nan,nan,nan,nan,nan,nan,nan,nan,nan,nan,nan,nan,nan,nan,nan,0.17072196545832424
1791059670.6663187,1.4514812363400702,0.9370625648903443,1.6189308079057965,-0.0007043582151333809,0.004134436506746669,0.19957738569992264,0.8574984955496581,0.0,0.0,0.873498505826477,-0.43323014696138706,-0.16669253438316894,-0.0034256810322825064,0.0,0.0,0.0,-0.0646815295103582,2.5637412217145052,-0.034199174783113115,0.23380990455706208,0.0,0.0,0.0,-0.9401320413942746,0.8548816519808958,-0.005722830073053766,0.12714267750015992,nan,nan,nan,nan,nan,nan,nan,0.027305413289921303,0.0,0.0,-1.5855554871098634,1.6646103337057903,-0.2051654286469623,-0.014195673426578377,nan,nan,nan,nan,nan,nan,nan,nan,nan,nan,nan,nan,nan,nan,0.7734419414466224,0.0,0.0,0.49034591400360333,0.8067431569418526,-0.1685798705381381,0.016889548198158303,nan,nan,nan,nan,nan,nan,nan,nan,nan,nan,nan,nan,nan,nan,nan,nan,nan,nan,nan,nan,nan,nan,nan,nan,nan,nan,nan,nan,nan,nan,nan,nan,nan,nan,nan,nan,nan,nan,nan,nan,nan,nan,nan,nan,nan,nan,nan,nan,nan,0.17461740201453405
1791059670.7672675,1.4508649923264685,0.9545063676313676,1.61924914961312,-0.0006373296689631629,0.0037409928550277407,0.1996176026645989,0.8574984955496581,0.0,0.0,0.8566631080900189,-0.43297597864134535,-0.1756694183478012,0.0023316275900608237,0.0,0.0,0.0,-0.06879489181517884,2.5866101223642746,-0.012577800271333124,0.24611130764807215,0.0,0.0,0.0,-0.9401936050808729,0.8665971198458166,-0.0057181278226433735,0.11994106939788446,nan,nan,nan,nan,nan,nan,nan,0.027305413289921303,0.0,0.0,-1.6058294397844672,1.6622975795843804,-0.18629498059907915,-0.019826345394978056,nan,nan,nan,nan,nan,nan,nan,nan,nan,nan,nan,nan,nan,nan,0.7734419414466224,0.0,0.0,0.4756491708413416,0.8065967373084006,-0.11930737299361027,-0.015313310703144544,nan,nan,nan,nan,nan,nan,nan,nan,nan,nan,nan,nan,nan,nan,nan,nan,nan,nan,nan,nan,nan,nan,nan,nan,nan,nan,nan,nan,nan,nan,nan,nan,nan,nan,nan,nan,nan,nan,nan,nan,nan,nan,nan,nan,nan,nan,nan,nan,nan,0.17805555319519317
1791059670.8665364,1.4500742319250937,0.9720995062063302,1.6201914813602853,-0.0005766993108953958,0.003385105239285188,0.1996539807587021,0.8574984955496581,0.0,0.0,0.8404666928492184,-0.4327168753183622,-0.14192050733041664,0.00752057239603131,0.0,0.0,0.0,-0.07378938672130246,2.6089056191382993,-0.058938780973628896,0.21279918318728655,0.0,0.0,0.0,-0.9400945694183934,0.8779054962842734,-0.005602891433479663,0.11838709409356352,nan,nan,nan,nan,nan,nan,nan,0.027305413289921303,0.0,0.0,-1.6259833620583437,1.6599629073130628,-0.1919582142749727,-0.03269510923323099,nan,nan,nan,nan,nan,nan,nan,nan,nan,nan,nan,nan,nan,nan,0.7734419414466224,0.0,0.0,0.46154220140986096,0.8068571718791574,-0.13141080027828406,0.007070109551443415,nan,nan,nan,nan,nan,nan,nan,nan,nan,nan,nan,nan,nan,nan,nan,nan,nan,nan,nan,nan,nan,nan,nan,nan,nan,nan,nan,nan,nan,nan,nan,nan,nan,nan,nan,nan,nan,nan,nan,nan,nan,nan,nan,nan,nan,nan,nan,nan,nan,0.1703629918755335
1791059670.9664557,1.4494489448083312,0.9892793999272314,1.6204614718609356,-0.0005218469752485984,0.0030631334157074706,0.1996868920706515,0.8574984955496581,0.0,0.0,0.8237723917229188,-0.43282279281970476,-0.15595449310346698,-0.0024500316177392414,0.0,0.0,0.0,-0.07834698148828191,2.631300076204725,-0.04821453589564114,0.2207324267097987,0.0,0.0,0.0,-0.9401098862514241,0.8891889381019578,0.004751932704960275,0.11695910524919233,nan,nan,nan,nan,nan,nan,nan,0.027305413289921303,0.0,0.0,-1.6448851048538684,1.6578140714834184,-0.1901390596148591,-0.016449816608480543,nan,nan,nan,nan,nan,nan,nan,nan,nan,nan,nan,nan,nan,nan,0.7734419414466224,0.0,0.0,0.44759126513899156,0.8070438466818913,-0.13624812000216213,0.0038386144272978106,nan,nan,nan,nan,nan,nan,nan,nan,nan,nan,nan,nan,nan,nan,nan,nan,nan,nan,nan,nan,nan,nan,nan,nan,nan,nan,nan,nan,nan,nan,nan,nan,nan,nan,nan,nan,nan,nan,nan,nan,nan,nan,nan,nan,nan,nan,nan,nan,nan,0.1695107785392942
1791059671.0672996,1.4487811215107054,1.0061861472648015,1.621065586086277,-0.0004721866698490007,0.0027716377318793128,0.1997166881875924,0.8574984955496581,0.0,0.0,0.8060256411001022,-0.43293149722267404,-0.19316509946602203,-0.0020867415036702123,0.0,0.0,0.0,-0.08287961109292843,2.653483116626028,-0.04354435190405852,0.22066818882364855,0.0,0.0,0.0,-0.9403450238969019,0.9001876512911449,-0.006203388613433608,0.10188839771401727,nan,nan,nan,nan,nan,nan,nan,0.027305413289921303,0.0,0.0,-1.6643836303084631,1.655218092912615,-0.19732527655522383,-0.029835338556064975,nan,nan,nan,nan,nan,nan,nan,nan,nan,nan,nan,nan,nan,nan,0.7734419414466224,0.0,0.0,0.4334491121680079,0.8072367473216272,-0.13969015204335217,0.003355448810739768,nan,nan,nan,nan,nan,nan,nan,nan,nan,nan,nan,nan,nan,nan,nan,nan,nan,nan,nan,nan,nan,nan,nan,nan,nan,nan,nan,nan,nan,nan,nan,nan,nan,nan,nan,nan,nan,nan,nan,nan,nan,nan,nan,nan,nan,nan,nan,nan,nan,0.17174823100723982
1791059671.1663253,1.4479328514813794,1.0228092572574334,1.6205799863179007,-0.0004272772836459423,0.002508028957502557,0.1997436337702236,0.8574984955496581,0.0,0.0,0.7899475997011178,-0.43285103744013353,-0.1544841667473732,-0.002429793036532556,0.0,0.0,0.0,-0.087505368879508,2.675724341543254,-0.013382111238826013,0.24208684942182568,0.0,0.0,0.0,-0.9401216849160426,0.9116695848122637,0.001851187177283929,0.10333136406862478,nan,nan,nan,nan,nan,nan,nan,0.027305413289921303,0.0,0.0,-1.6836446979070074,1.6527583527379786,-0.1953211908191928,-0.01794998879155094,nan,nan,nan,nan,nan,nan,nan,nan,nan,nan,nan,nan,nan,nan,0.7734419414466224,0.0,0.0,0.4183647102655154,0.8078737881131223,-0.17407740212465694,0.02493507506567172,nan,nan,nan,nan,nan,nan,nan,nan,nan,nan,nan,nan,nan,nan,nan,nan,nan,nan,nan,nan,nan,nan,nan,nan,nan,nan,nan,nan,nan,nan,nan,nan,nan,nan,nan,nan,nan,nan,nan,nan,nan,nan,nan,nan,nan,nan,nan,nan,nan,0.15983201962351262
1791059671.2662194,1.4474562239199504,1.039320032196076,1.6165468945019317,-0.0003866378864301452,0.002269484132083927,0.19976801737217836,0.8574984955496581,0.0,0.0,0.7734230363067137,-0.4328086808828265,-0.15112362484287337,0.0034842120194662463,0.0,0.0,0.0,-0.09237196188804596,2.697403742901263,-0.04792945125139596,0.23630238919900204,0.0,0.0,0.0,-0.9402346884991488,0.9234217733584503,0.002325226873586077,0.11345156606620474,nan,nan,nan,nan,nan,nan,nan,0.027305413289921303,0.0,0.0,-1.7034604710090162,1.649863813825402,-0.1867117079325586,-0.028911453512483413,nan,nan,nan,nan,nan,nan,nan,nan,nan,nan,nan,nan,nan,nan,0.7734419414466224,0.0,0.0,0.4040687654416759,0.8078250821000569,-0.16587957358746513,-0.0006618534164875012,nan,nan,nan,nan,nan,nan,nan,nan,nan,nan,nan,nan,nan,nan,nan,nan,nan,nan,nan,nan,nan,nan,nan,nan,nan,nan,nan,nan,nan,nan,nan,nan,nan,nan,nan,nan,nan,nan,nan,nan,nan,nan,nan,nan,nan,nan,nan,nan,nan,0.16539908996691946
1791059671.3668492,1.4466579066738867,1.0560009777368626,1.6160897197896367,-0.00034984442698730915,0.0020535141630232865,0.19979009342087972,0.8574984955496581,0.0,0.0,0.7552167711415844,-0.4325855921861795,-0.16649204817306804,0.011687324129663767,0.0,0.0,0.0,-0.09723912815511615,2.7194139504492347,-0.06564547618126897,0.2216193863611995,0.0,0.0,0.0,-0.9402612392037216,0.9355516006555903,0.004293628471855559,0.11948525396313867,nan,nan,nan,nan,nan,nan,nan,0.027305413289921303,0.0,0.0,-1.7231609656163183,1.6475461923002195,-0.19813278303044607,-0.02719696150655255,nan,nan,nan,nan,nan,nan,nan,nan,nan,nan,nan,nan,nan,nan,0.7734419414466224,0.0,0.0,0.38836019400414273,0.8080548870116007,-0.14775233488992381,-0.0021759405567891533,nan,nan,nan,nan,nan,nan,nan,nan,nan,nan,nan,nan,nan,nan,nan,nan,nan,nan,nan,nan,nan,nan,nan,nan,nan,nan,nan,nan,nan,nan,nan,nan,nan,nan,nan,nan,nan,nan,nan,nan,nan,nan,nan,nan,nan,nan,nan,nan,nan,0.17346132917661286
1791059671.4663646,1.4460618537971144,1.0725258624760008,1.6154773693585536,-0.00031655321068121717,0.0018581016341528134,0.1998100681306882,0.8574984955496581,0.0,0.0,0.7381377913517422,-0.4327492439960123,-0.166711847209364,-0.00030402701211253017,0.0,0.0,0.0,-0.1018732070488786,2.741644387043689,-0.05413343772630472,0.21064042007757086,0.0,0.0,0.0,-0.9403552506208327,0.9479745227872304,0.005499960328030284,0.12917562161280066,nan,nan,nan,nan,nan,nan,nan,0.027305413289921303,0.0,0.0,-1.7422668206996164,1.6448360408427345,-0.20337248236486466,-0.024607209586430895,nan,nan,nan,nan,nan,nan,nan,nan,nan,nan,nan,nan,nan,nan,0.7734419414466224,0.0,0.0,0.3741368116923214,0.8084938344723779,-0.13166236889173724,0.00636449422321899,nan,nan,nan,nan,nan,nan,nan,nan,nan,nan,nan,nan,nan,nan,nan,nan,nan,nan,nan,nan,nan,nan,nan,nan,nan,nan,nan,nan,nan,nan,nan,nan,nan,nan,nan,nan,nan,nan,nan,nan,nan,nan,nan,nan,nan,nan,nan,nan,nan,0.16699708948648917
1791059671.567294,1.44539387664855,1.0894800194134333,1.616112074442306,-0.0002864291899179203,0.0016812798856477794,0.19982814252834769,0.8574984955496581,0.0,0.0,0.7224991020268724,-0.4325783586697887,-0.15241255410375543,-0.003206137592678659,0.0,0.0,0.0,-0.10659517507331197,2.7638091237294082,-0.043586132817457476,0.20873432694849345,0.0,0.0,0.0,-0.9404419077785887,0.9606289569624378,0.00032628617769911097,0.12975902078089852,nan,nan,nan,nan,nan,nan,nan,0.027305413289921303,0.0,0.0,-1.7621845686513384,1.6422224061059414,-0.21449941660878089,-0.028806736483025532,nan,nan,nan,nan,nan,nan,nan,nan,nan,nan,nan,nan,nan,nan,0.7734419414466224,0.0,0.0,0.3599794446283453,0.8089225344310983,-0.11504925567911502,-0.00959105357433872,nan,nan,nan,nan,nan,nan,nan,nan,nan,nan,nan,nan,nan,nan,nan,nan,nan,nan,nan,nan,nan,nan,nan,nan,nan,nan,nan,nan,nan,nan,nan,nan,nan,nan,nan,nan,nan,nan,nan,nan,nan,nan,nan,nan,nan,nan,nan,nan,nan,0.16123485927613934
1791059671.6674905,1.4448937797552586,1.1058929737395302,1.6182005232565593,-0.00025917184874063907,0.0015212849512252985,0.19984449692209105,0.8574984955496581,0.0,0.0,0.7070522673067142,-0.4324354157267296,-0.1640012778129642,0.00546851237197816,0.0,0.0,0.0,-0.11069430088731123,2.786233426090443,-0.031130331050834965,0.2542928907601204,0.0,0.0,0.0,-0.9404648262868454,0.9739745698736256,0.004557644306315217,0.13556618144103413,nan,nan,nan,nan,nan,nan,nan,0.027305413289921303,0.0,0.0,-1.7823963071424356,1.6396159466317821,-0.205001322314392,-0.021399797141903498,nan,nan,nan,nan,nan,nan,nan,nan,nan,nan,nan,nan,nan,nan,0.7734419414466224,0.0,0.0,0.34594111756509033,0.8092981432080214,-0.15154328829053432,0.006730641324182487,nan,nan,nan,nan,nan,nan,nan,nan,nan,nan,nan,nan,nan,nan,nan,nan,nan,nan,nan,nan,nan,nan,nan,nan,nan,nan,nan,nan,nan,nan,nan,nan,nan,nan,nan,nan,nan,nan,nan,nan,nan,nan,nan,nan,nan,nan,nan,nan,nan,0.15799557249302174
1791059671.766238,1.4441951507159418,1.1218189282356137,1.6196520929687062,-0.00023455362285804054,0.0013767810757347898,0.1998592678495125,0.8574984955496581,0.0,0.0,0.6913822649438006,-0.43229954720582286,-0.16452745882965572,0.0024219814342851973,0.0,0.0,0.0,-0.11537062298158908,2.804894978468323,-0.05415807840495891,0.23359058633997634,0.0,0.0,0.0,-0.9408669396311738,0.9874777742860988,0.0005351536430862811,0.13430867342642036,nan,nan,nan,nan,nan,nan,nan,0.027305413289921303,0.0,0.0,-1.802908006024133,1.6367676743532094,-0.17785958148258668,-0.024991830849759016,nan,nan,nan,nan,nan,nan,nan,nan,nan,nan,nan,nan,nan,nan,0.7734419414466224,0.0,0.0,0.32949659824572575,0.8096915187752196,-0.16924774973709303,0.003980700588724189,nan,nan,nan,nan,nan,nan,nan,nan,nan,nan,nan,nan,nan,nan,nan,nan,nan,nan,nan,nan,nan,nan,nan,nan,nan,nan,nan,nan,nan,nan,nan,nan,nan,nan,nan,nan,nan,nan,nan,nan,nan,nan,nan,nan,nan,nan,nan,nan,nan,0.1503377506867953
1791059671.8661523,1.443396076008947,1.1377957667420124,1.622327347535595,-0.00021224624868155406,0.0012458414200548192,0.19987265226800155,0.8574984955496581,0.0,0.0,0.6761491535849917,-0.4322603034623429,-0.1410514393867959,-0.006154761703017822,0.0,0.0,0.0,-0.11846362587051099,2.826361585364143,-0.040192781008413406,0.2111417967002453,0.0,0.0,0.0,-0.9408863311607991,1.0015379537975202,-0.0024293385781398915,0.13268366208108473,nan,nan,nan,nan,nan,nan,nan,0.027305413289921303,0.0,0.0,-1.8227580846793356,1.6344073058571642,-0.1890979958191131,-0.02340076033435341,nan,nan,nan,nan,nan,nan,nan,nan,nan,nan,nan,nan,nan,nan,0.7734419414466224,0.0,0.0,0.31404690611044966,0.809893726989754,-0.15979664392316228,-0.004939441678925366,nan,nan,nan,nan,nan,nan,nan,nan,nan,nan,nan,nan,nan,nan,nan,nan,nan,nan,nan,nan,nan,nan,nan,nan,nan,nan,nan,nan,nan,nan,nan,nan,nan,nan,nan,nan,nan,nan,nan,nan,nan,nan,nan,nan,nan,nan,nan,nan,nan,0.16748121785983247
1791059671.9661343,1.4429550395286093,1.1538420269968763,1.622504388035347,-0.00019205036518778928,0.001127295776362977,0.19988476979363756,0.8574984955496581,0.0,0.0,0.6611829466686919,-0.4323089484206346,-0.1459293028194553,-0.0018243705377979718,0.0,0.0,0.0,-0.12286376873239425,2.8482677900190962,-0.049280953548653215,0.20789109628164648,0.0,0.0,0.0,-0.9411025987246775,1.0162460628430574,-0.002118595096021652,0.15073489882345426,nan,nan,nan,nan,nan,nan,nan,0.027305413289921303,0.0,0.0,-1.8412680244633652,1.6320160475920698,-0.19132586785386646,-0.020804327938100317,nan,nan,nan,nan,nan,nan,nan,nan,nan,nan,nan,nan,nan,nan,0.7734419414466224,0.0,0.0,0.2997801191154105,0.8100147821044359,-0.1353116017058076,-0.0025735553915577957,nan,nan,nan,nan,nan,nan,nan,nan,nan,nan,nan,nan,nan,nan,nan,nan,nan,nan,nan,nan,nan,nan,nan,nan,nan,nan,nan,nan,nan,nan,nan,nan,nan,nan,nan,nan,nan,nan,nan,nan,nan,nan,nan,nan,nan,nan,nan,nan,nan,0.1833400015098167
1791059672.0661488,1.4423267107751585,1.1709655130560512,1.6260986403907272,-0.00017377435662649311,0.001020019399982347,0.1998957353954697,0.8574984955496581,0.0,0.0,0.6454885486161788,-0.4323333631691076,-0.16113316037301215,0.0024458620355634927,0.0,0.0,0.0,-0.12661303365013446,2.870166849738291,-0.09748317660984629,0.22685613880936417,0.0,0.0,0.0,-0.9413871522157515,1.0312487185707553,-0.002223286643511833,0.15491200702499155,nan,nan,nan,nan,nan,nan,nan,0.027305413289921303,0.0,0.0,-1.8604266304683088,1.6295666476736568,-0.19691433228905794,-0.02834055999601429,nan,nan,nan,nan,nan,nan,nan,nan,nan,nan,nan,nan,nan,nan,0.7734419414466224,0.0,0.0,0.2862265619180268,0.8102385691114232,-0.13513393507480076,0.00028618991009294594,nan,nan,nan,nan,nan,nan,nan,nan,nan,nan,nan,nan,nan,nan,nan,nan,nan,nan,nan,nan,nan,nan,nan,nan,nan,nan,nan,nan,nan,nan,nan,nan,nan,nan,nan,nan,nan,nan,nan,nan,nan,nan,nan,nan,nan,nan,nan,nan,nan,0.17681418219614833
1791059672.1661184,1.4415282747586566,1.1887877792394497,1.6247628641174543,-0.00015723754022245202,0.0009229517205299425,0.199905657482864,0.8574984955496581,0.0,0.0,0.6292142625224328,-0.43230712307591485,-0.17567855228210738,0.002192716004919348,0.0,0.0,0.0,-0.1310681432467409,2.8926136054665186,-0.04899388271024864,0.23491546420835532,0.0,0.0,0.0,-0.9416293956582388,1.0457573866122323,-0.016624612417328617,0.15226207210287557,nan,nan,nan,nan,nan,nan,nan,0.027305413289921303,0.0,0.0,-1.8798876317333957,1.6268789439873768,-0.1949157638486251,-0.020999945398789733,nan,nan,nan,nan,nan,nan,nan,nan,nan,nan,nan,nan,nan,nan,0.7734419414466224,0.0,0.0,0.272187195713635,0.8103575837728694,-0.1378902477286182,-0.0003437659307719285,nan,nan,nan,nan,nan,nan,nan,nan,nan,nan,nan,nan,nan,nan,nan,nan,nan,nan,nan,nan,nan,nan,nan,nan,nan,nan,nan,nan,nan,nan,nan,nan,nan,nan,nan,nan,nan,nan,nan,nan,nan,nan,nan,nan,nan,nan,nan,nan,nan,0.1778391955990283
1791059672.266122,1.4410968915130384,1.2062866297256647,1.62580802478026,-0.00014227638488584384,0.0008351328444555473,0.1999146341742526,0.8574984955496581,0.0,0.0,0.6127189096899691,-0.4323649325785852,-0.16093703113261298,-0.0021706157029233973,0.0,0.0,0.0,-0.13488507943819675,2.9147224436805357,-0.03435661924166052,0.23474032936011402,0.0,0.0,0.0,-0.9414197735071931,1.0597316477416594,0.012695270751421819,0.14031033283139666,nan,nan,nan,nan,nan,nan,nan,0.027305413289921303,0.0,0.0,-1.8998536161231205,1.6242594277987332,-0.22180446352683308,-0.03526839226130449,nan,nan,nan,nan,nan,nan,nan,nan,nan,nan,nan,nan,nan,nan,0.7734419414466224,0.0,0.0,0.25895808777267537,0.8108092829107818,-0.10745146814340886,0.017344380204169688,nan,nan,nan,nan,nan,nan,nan,nan,nan,nan,nan,nan,nan,nan,nan,nan,nan,nan,nan,nan,nan,nan,nan,nan,nan,nan,nan,nan,nan,nan,nan,nan,nan,nan,nan,nan,nan,nan,nan,nan,nan,nan,nan,nan,nan,nan,nan,nan,nan,0.1829928102131578
1791059672.3661597,1.4400130219477858,1.2237319467055807,1.624511154832525,-0.00012873699678990662,0.0007556594469425306,0.19992275780576652,0.8574984955496581,0.0,0.0,0.5971218275898017,-0.4323759626084761,-0.14860201671946638,-0.0009888393417251853,0.0,0.0,0.0,-0.1400115598351604,2.936976348429153,-0.06709803538450396,0.21601978896348784,0.0,0.0,0.0,-0.9415351545198312,1.0738012235551948,0.0013831373327053429,0.13564948845875519,nan,nan,nan,nan,nan,nan,nan,0.027305413289921303,0.0,0.0,-1.920149674223742,1.6215637187728091,-0.21407040839229247,-0.020406529018026164,nan,nan,nan,nan,nan,nan,nan,nan,nan,nan,nan,nan,nan,nan,0.7734419414466224,0.0,0.0,0.2455440879990071,0.8105198544296961,-0.1417207433449057,-0.029113025040328356,nan,nan,nan,nan,nan,nan,nan,nan,nan,nan,nan,nan,nan,nan,nan,nan,nan,nan,nan,nan,nan,nan,nan,nan,nan,nan,nan,nan,nan,nan,nan,nan,nan,nan,nan,nan,nan,nan,nan,nan,nan,nan,nan,nan,nan,nan,nan,nan,nan,0.16687180178975874
1791059672.4672112,1.4387214053578603,1.241647856451982,1.6251882650467124,-0.00011648605181936573,0.0006837489431106738,0.19993010837175348,0.8574984955496581,0.0,0.0,0.5811173744457054,-0.4321891215127054,-0.16412090031363713,0.0032770554265165127,0.0,0.0,0.0,-0.14443130963275688,2.9593458618057804,-0.04376522870581743,0.20837745238366645,0.0,0.0,0.0,-0.9416094763283148,1.0881847201885275,-0.0008696495533404777,0.14065133702313914,nan,nan,nan,nan,nan,nan,nan,0.027305413289921303,0.0,0.0,-1.9412361246609044,1.6187149717670999,-0.20792681433779753,-0.02380748400129729,nan,nan,nan,nan,nan,nan,nan,nan,nan,nan,nan,nan,nan,nan,0.7734419414466224,0.0,0.0,0.2322831946641578,0.8109310301870859,-0.12392894253623278,0.005485000505921492,nan,nan,nan,nan,nan,nan,nan,nan,nan,nan,nan,nan,nan,nan,nan,nan,nan,nan,nan,nan,nan,nan,nan,nan,nan,nan,nan,nan,nan,nan,nan,nan,nan,nan,nan,nan,nan,nan,nan,nan,nan,nan,nan,nan,nan,nan,nan,nan,nan,0.17764994851727411
1791059672.5672886,1.4386744114707766,1.258606795171537,1.6233080986243866,-0.00010540093840007776,0.0006186816284724073,0.19993675943906764,0.8574984955496581,0.0,0.0,0.564450806416503,-0.4320291828725337,-0.17828472062850434,0.0026672258010108406,0.0,0.0,0.0,-0.14908549477770425,2.981922685901337,-0.037491922259830036,0.21676881526205408,0.0,0.0,0.0,-0.9417652022969925,1.1027469958240341,-0.0033472939539720965,0.1348004630404367,nan,nan,nan,nan,nan,nan,nan,0.027305413289921303,0.0,0.0,-1.961915183962174,1.616190097893586,-0.2105741025256163,-0.029823573763329177,nan,nan,nan,nan,nan,nan,nan,nan,nan,nan,nan,nan,nan,nan,0.7734419414466224,0.0,0.0,0.22060931813850937,0.811005957297741,-0.11488057154725309,0.001849686153149936,nan,nan,nan,nan,nan,nan,nan,nan,nan,nan,nan,nan,nan,nan,nan,nan,nan,nan,nan,nan,nan,nan,nan,nan,nan,nan,nan,nan,nan,nan,nan,nan,nan,nan,nan,nan,nan,nan,nan,nan,nan,nan,nan,nan,nan,nan,nan,nan,nan,0.1621083832824372
1791059672.667287,1.4367262691624403,1.2761223610894707,1.6178443658535562,-9.537207737466388e-05,0.0005598142961211999,0.1999427767551367,0.8574984955496581,0.0,0.0,0.5480007314874018,-0.4316862589942135,-0.16059151037146788,0.010508447218522877,0.0,0.0,0.0,-0.15335103189409832,3.004292322031483,-0.01939306570771,0.2220712807662575,0.0,0.0,0.0,-0.9417199450251259,1.1170764749760094,0.0009451090813924954,0.14255207045828178,nan,nan,nan,nan,nan,nan,nan,0.027305413289921303,0.0,0.0,-1.9792079671932528,1.6126848514576244,-0.2104133063575269,-0.014623148767849205,nan,nan,nan,nan,nan,nan,nan,nan,nan,nan,nan,nan,nan,nan,0.7734419414466224,0.0,0.0,0.20751074016919915,0.8115102761592456,-0.12398224489533312,0.003519207049123809,nan,nan,nan,nan,nan,nan,nan,nan,nan,nan,nan,nan,nan,nan,nan,nan,nan,nan,nan,nan,nan,nan,nan,nan,nan,nan,nan,nan,nan,nan,nan,nan,nan,nan,nan,nan,nan,nan,nan,nan,nan,nan,nan,nan,nan,nan,nan,nan,nan,0.1657379485998611
1791059672.7672768,1.4358854236364311,1.2927185142438937,1.617325954214214,-8.629622427277777e-05,0.0005065409224483987,0.19994822226659312,0.8574984955496581,0.0,0.0,0.5317092519867249,-0.4316944528926396,-0.1700608036837118,0.0021132074418786376,0.0,0.0,0.0,-0.1586082083541397,3.026387768927533,-0.04510378761852078,0.23013657392030878,0.0,0.0,0.0,-0.9419860149496385,1.1314894142462357,-0.003206032158699897,0.14344882763167044,nan,nan,nan,nan,nan,nan,nan,0.027305413289921303,0.0,0.0,-1.9999055641574446,1.6106644948087907,-0.19469927366004963,-0.011171402677870848,nan,nan,nan,nan,nan,nan,nan,nan,nan,nan,nan,nan,nan,nan,0.7734419414466224,0.0,0.0,0.19449341414845692,0.8118670821937047,-0.11332778169193829,0.018928754629098928,nan,nan,nan,nan,nan,nan,nan,nan,nan,nan,nan,nan,nan,nan,nan,nan,nan,nan,nan,nan,nan,nan,nan,nan,nan,nan,nan,nan,nan,nan,nan,nan,nan,nan,nan,nan,nan,nan,nan,nan,nan,nan,nan,nan,nan,nan,nan,nan,nan,0.17778652551173518
1791059672.8675659,1.4351127918899451,1.3092612242626038,1.6174442342166162,-7.808405278289457e-05,0.0004583371805483943,0.19995314956918722,0.8574984955496581,0.0,0.0,0.5142972263068448,-0.4314436656158434,-0.175725058477399,0.0028265172671686164,0.0,0.0,0.0,-0.16264760493942293,3.047596827546878,-0.057607784739719226,0.21739948701715214,0.0,0.0,0.0,-0.9420531379235054,1.1449061420661453,-0.001637059043214449,0.13541796243596238,nan,nan,nan,nan,nan,nan,nan,0.027305413289921303,0.0,0.0,-2.0204519645169485,1.6083062174415503,-0.20223067869828332,-0.04971894712887064,nan,nan,nan,nan,nan,nan,nan,nan,nan,nan,nan,nan,nan,nan,0.7734419414466224,0.0,0.0,0.18112698511903233,0.8120900894729908,-0.11506123352278866,0.020236105802341232,nan,nan,nan,nan,nan,nan,nan,nan,nan,nan,nan,nan,nan,nan,nan,nan,nan,nan,nan,nan,nan,nan,nan,nan,nan,nan,nan,nan,nan,nan,nan,nan,nan,nan,nan,nan,nan,nan,nan,nan,nan,nan,nan,nan,nan,nan,nan,nan,nan,0.18541185757455134
1791059672.9662087,1.43431664925796,1.326751435601124,1.6167580405297808,-7.066565780832517e-05,0.0004147927420150583,0.1999576006059502,0.8574984955496581,0.0,0.0,0.4972813219958022,-0.43129686348118385,-0.16034562123533497,9.821282850961484e-06,0.0,0.0,0.0,-0.16720275443508908,3.06950094579596,-0.08345009022094557,0.21202928695185141,0.0,0.0,0.0,-0.9421539808259662,1.1576799232732673,-0.004912603422300047,0.12744777863588674,nan,nan,nan,nan,nan,nan,nan,0.027305413289921303,0.0,0.0,-2.0402199874316613,1.6066487580416353,-0.2080390038535994,-0.01882477462756681,nan,nan,nan,nan,nan,nan,nan,nan,nan,nan,nan,nan,nan,nan,0.7734419414466224,0.0,0.0,0.16602569536737266,0.8125932868244976,-0.1370588672398784,0.021637669341068325,nan,nan,nan,nan,nan,nan,nan,nan,nan,nan,nan,nan,nan,nan,nan,nan,nan,nan,nan,nan,nan,nan,nan,nan,nan,nan,nan,nan,nan,nan,nan,nan,nan,nan,nan,nan,nan,nan,nan,nan,nan,nan,nan,nan,nan,nan,nan,nan,nan,0.1813593694473187
1791059673.0661826,1.4336249922122593,1.3451069533999103,1.617874996148157,-6.394408099145512e-05,0.0003753384814165542,0.19996163355187577,0.8574984955496581,0.0,0.0,0.48038316387292723,-0.430890523384207,-0.1711671169772,0.00637800664917434,0.0,0.0,0.0,-0.17416236532858498,3.0917909402402883,-0.06515474138984341,0.2147361171479887,0.0,0.0,0.0,-0.9420740565594939,1.170926574893593,-0.0028245441286140235,0.13047040354478098,nan,nan,nan,nan,nan,nan,nan,0.027305413289921303,0.0,0.0,-2.060224467434979,1.6044924528160605,-0.17097813204898937,-0.01563946790225393,nan,nan,nan,nan,nan,nan,nan,nan,nan,nan,nan,nan,nan,nan,0.7734419414466224,0.0,0.0,0.15151249330471667,0.8130342171742247,-0.14998748806812667,0.006638418543460626,nan,nan,nan,nan,nan,nan,nan,nan,nan,nan,nan,nan,nan,nan,nan,nan,nan,nan,nan,nan,nan,nan,nan,nan,nan,nan,nan,nan,nan,nan,nan,nan,nan,nan,nan,nan,nan,nan,nan,nan,nan,nan,nan,nan,nan,nan,nan,nan,nan,0.1928627959792096
1791059673.1661391,1.432689997664523,1.363395339437352,1.6199786436164234,-5.785926533892667e-05,0.00033962187666896384,0.1999652844411453,0.8574984955496581,0.0,0.0,0.4627220630288215,-0.4307627387658869,-0.18426001055982943,0.0003576315342658777,0.0,0.0,0.0,-0.17612834132077781,3.1124108355050795,0.012082131316433598,0.22811316394268322,0.0,0.0,0.0,-0.9421754019103828,1.1838358328720666,-0.005228694512520662,0.1470754051361245,nan,nan,nan,nan,nan,nan,nan,0.027305413289921303,0.0,0.0,-2.08031029211757,1.6022341253580383,-0.1871791881871205,-0.02307650351660917,nan,nan,nan,nan,nan,nan,nan,nan,nan,nan,nan,nan,nan,nan,0.7734419414466224,0.0,0.0,0.1370854291001102,0.8132819717855907,-0.13927671189933813,0.01415592616862181,nan,nan,nan,nan,nan,nan,nan,nan,nan,nan,nan,nan,nan,nan,nan,nan,nan,nan,nan,nan,nan,nan,nan,nan,nan,nan,nan,nan,nan,nan,nan,nan,nan,nan,nan,nan,nan,nan,nan,nan,nan,nan,nan,nan,nan,nan,nan,nan,nan,0.20301229901299384
1791059673.2676451,1.4320822765315189,1.382404666256386,1.6200052575728372,-5.235322827593772e-05,0.000307302582094667,0.19996858806329273,0.8574984955496581,0.0,0.0,0.4450827828540639,-0.4303994080693905,-0.168947689481002,0.0005354112769687751,0.0,0.0,0.0,-0.18348353847304746,3.135277368327614,-0.06716836567242951,0.2405414962872795,0.0,0.0,0.0,-0.9428788762594508,1.1996317292946075,-0.006656057773954224,0.14205212512864293,nan,nan,nan,nan,nan,nan,nan,0.027305413289921303,0.0,0.0,-2.099857632142876,1.5997871947140747,-0.20242157159194973,-0.00842080342051509,nan,nan,nan,nan,nan,nan,nan,nan,nan,nan,nan,nan,nan,nan,0.7734419414466224,0.0,0.0,0.12314830924944505,0.8133475784231307,-0.13642225927751733,-0.006118736576480014,nan,nan,nan,nan,nan,nan,nan,nan,nan,nan,nan,nan,nan,nan,nan,nan,nan,nan,nan,nan,nan,nan,nan,nan,nan,nan,nan,nan,nan,nan,nan,nan,nan,nan,nan,nan,nan,nan,nan,nan,nan,nan,nan,nan,nan,nan,nan,nan,nan,0.19583217432075298
1791059673.3672612,1.4316784565870277,1.4012148297557956,1.6186995398006285,-4.737115991461516e-05,0.0002780588750297057,0.1999715773042426,0.8574984955496581,0.0,0.0,0.4276954954792342,-0.43013094176712097,-0.175999798785692,0.005344361509261303,0.0,0.0,0.0,-0.18523873562633483,3.156043554389838,0.010865504548524075,0.22115784789490395,0.0,0.0,0.0,-0.9429316397490581,1.215480419650721,-0.00019870956515222378,0.16437521889331608,nan,nan,nan,nan,nan,nan,nan,0.027305413289921303,0.0,0.0,-2.118837833976169,1.59764379185286,-0.20271236616041427,-0.02120124624714683,nan,nan,nan,nan,nan,nan,nan,nan,nan,nan,nan,nan,nan,nan,0.7734419414466224,0.0,0.0,0.11070204064423861,0.8140042848231201,-0.12164536831926405,0.002081627198669173,nan,nan,nan,nan,nan,nan,nan,nan,nan,nan,nan,nan,nan,nan,nan,nan,nan,nan,nan,nan,nan,nan,nan,nan,nan,nan,nan,nan,nan,nan,nan,nan,nan,nan,nan,nan,nan,nan,nan,nan,nan,nan,nan,nan,nan,nan,nan,nan,nan,0.1726010214847679
1791059673.4661722,1.4310066317682577,1.420200780723577,1.618640072829196,-4.2867393866724644e-05,0.000251622703254924,0.19997427956382177,0.8574984955496581,0.0,0.0,0.4101652575439676,-0.43000385727418816,-0.17111802268235654,0.0031625724195590912,0.0,0.0,0.0,-0.19030063983910786,3.178577519130065,-0.04552268812439052,0.2087513225064793,0.0,0.0,0.0,-0.9430666625000907,1.2318914951790623,-0.006428609970270737,0.1597721191557468,nan,nan,nan,nan,nan,nan,nan,0.027305413289921303,0.0,0.0,-2.14015846142286,1.5955452435510402,-0.19370905892481505,-0.02434393019104818,nan,nan,nan,nan,nan,nan,nan,nan,nan,nan,nan,nan,nan,nan,0.7734419414466224,0.0,0.0,0.09800891444337351,0.8142982600465433,-0.12247225121321448,0.02163271642937515,nan,nan,nan,nan,nan,nan,nan,nan,nan,nan,nan,nan,nan,nan,nan,nan,nan,nan,nan,nan,nan,nan,nan,nan,nan,nan,nan,nan,nan,nan,nan,nan,nan,nan,nan,nan,nan,nan,nan,nan,nan,nan,nan,nan,nan,nan,nan,nan,nan,0.18031697913387593
1791059673.5661793,1.4300043580853745,1.4379170994293198,1.6162883547323939,-3.87901892998042e-05,0.00022769035882452926,0.19997672588652518,0.8574984955496581,0.0,0.0,0.39319833342369925,-0.430005629778407,-0.15905741220070418,0.0010732115048145718,0.0,0.0,0.0,-0.19591964375430143,3.200905942727384,-0.06005390415008619,0.20971155061797425,0.0,0.0,0.0,-0.9433552305773589,1.2482979905174865,-0.0024159032445954503,0.161022773095385,nan,nan,nan,nan,nan,nan,nan,0.027305413289921303,0.0,0.0,-2.1602562850936033,1.59330669394866,-0.20623955417209225,-0.03096526138443071,nan,nan,nan,nan,nan,nan,nan,nan,nan,nan,nan,nan,nan,nan,0.7734419414466224,0.0,0.0,0.08532775349905707,0.8147067312228681,-0.13274506302015188,0.02648607263439401,nan,nan,nan,nan,nan,nan,nan,nan,nan,nan,nan,nan,nan,nan,nan,nan,nan,nan,nan,nan,nan,nan,nan,nan,nan,nan,nan,nan,nan,nan,nan,nan,nan,nan,nan,nan,nan,nan,nan,nan,nan,nan,nan,nan,nan,nan,nan,nan,nan,0.16008788809586325
1791059673.6663322,1.4286564382723632,1.4558263299175542,1.6109430715217317,-3.509898051453669e-05,0.00020602372950446934,0.19997894061176913,0.8574984955496581,0.0,0.0,0.3758156239898234,-0.42975661541536264,-0.17812150000769014,-0.00025013458852669564,0.0,0.0,0.0,-0.19836312387651436,3.222481747739731,-0.0037216932358787452,0.20128748153682133,0.0,0.0,0.0,-0.9433505791221831,1.2639879362469038,0.0052290424201781914,0.15844631215914243,nan,nan,nan,nan,nan,nan,nan,0.027305413289921303,0.0,0.0,-2.179704673622364,1.5912208619541774,-0.20104027569726307,-0.01372230346234796,nan,nan,nan,nan,nan,nan,nan,nan,nan,nan,nan,nan,nan,nan,0.7734419414466224,0.0,0.0,0.07334976982587008,0.8146853988687962,-0.12823207277770082,-0.014095716593239861,nan,nan,nan,nan,nan,nan,nan,nan,nan,nan,nan,nan,nan,nan,nan,nan,nan,nan,nan,nan,nan,nan,nan,nan,nan,nan,nan,nan,nan,nan,nan,nan,nan,nan,nan,nan,nan,nan,nan,nan,nan,nan,nan,nan,nan,nan,nan,nan,nan,0.15916469709730086
1791059673.7661598,1.4278715996038793,1.4728531448867246,1.6105062067248952,-3.1758870914905355e-05,0.00018641797952022903,0.1999809446775087,0.8574984955496581,0.0,0.0,0.35786418583622226,-0.42952029922343243,-0.17615104580299895,0.002716761405882867,0.0,0.0,0.0,-0.2002609528809644,3.225292132594822,0.023517274571089736,0.006190721594541185,0.0,0.0,0.0,-0.9434151280005401,1.276898539915437,0.004126476559135138,0.11890207373731364,nan,nan,nan,nan,nan,nan,nan,0.027305413289921303,0.0,0.0,-2.199899176253844,1.5888534646199541,-0.20705617999875225,-0.02894490572069424,nan,nan,nan,nan,nan,nan,nan,nan,nan,nan,nan,nan,nan,nan,0.7734419414466224,0.0,0.0,0.06185930847913976,0.8147979740913196,-0.13000779070215035,0.0012587607416744617,nan,nan,nan,nan,nan,nan,nan,nan,nan,nan,nan,nan,nan,nan,nan,nan,nan,nan,nan,nan,nan,nan,nan,nan,nan,nan,nan,nan,nan,nan,nan,nan,nan,nan,nan,nan,nan,nan,nan,nan,nan,nan,nan,nan,nan,nan,nan,nan,nan,0.1720134559268977
1791059673.8660967,1.4269247800471336,1.4895155819943244,1.6095385156576338,-2.8738546105802308e-05,0.00016868929987300772,0.19998275687237926,0.8574984955496581,0.0,0.0,0.34047015396150154,-0.4291816463251914,-0.17782593691638923,0.003856267677586395,0.0,0.0,0.0,-0.2010582639588451,3.225467128780677,0.01366812856215902,-0.0055235631727958995,0.0,0.0,0.0,-0.943774294153463,1.2890406224806648,-0.01930102643886121,0.09310265133725741,nan,nan,nan,nan,nan,nan,nan,0.027305413289921303,0.0,0.0,-2.219706391388862,1.5870085401411151,-0.2088130355670067,-0.01572440057536071,nan,nan,nan,nan,nan,nan,nan,nan,nan,nan,nan,nan,nan,nan,0.7734419414466224,0.0,0.0,0.05007085756680325,0.8152534874298868,-0.12664690121380096,0.0031875087791760843,nan,nan,nan,nan,nan,nan,nan,nan,nan,nan,nan,nan,nan,nan,nan,nan,nan,nan,nan,nan,nan,nan,nan,nan,nan,nan,nan,nan,nan,nan,nan,nan,nan,nan,nan,nan,nan,nan,nan,nan,nan,nan,nan,nan,nan,nan,nan,nan,nan,0.16667092606214057
1791059673.9672315,1.4270916316769102,1.5063980462059883,1.6088941530963938,-2.600371186502763e-05,0.0001526363905975498,0.19998439777291266,0.8574984955496581,0.0,0.0,0.32230814627367554,-0.42876032815912757,-0.1749172806749485,0.007440304773217063,0.0,0.0,0.0,-0.2002418697761197,3.225420706706292,0.0015121087304155465,0.00228440650994153,0.0,0.0,0.0,-0.9435518625187548,1.3039062778759671,0.0011901877141219685,0.1394305923854156,nan,nan,nan,nan,nan,nan,nan,0.027305413289921303,0.0,0.0,-2.239424957852641,1.584738731038243,-0.15008776316165556,-0.013709244300479942,nan,nan,nan,nan,nan,nan,nan,nan,nan,nan,nan,nan,nan,nan,0.7734419414466224,0.0,0.0,0.03825873185196149,0.8152955330500994,-0.12323144949953803,0.004847610054827628,nan,nan,nan,nan,nan,nan,nan,nan,nan,nan,nan,nan,nan,nan,nan,nan,nan,nan,nan,nan,nan,nan,nan,nan,nan,nan,nan,nan,nan,nan,nan,nan,nan,nan,nan,nan,nan,nan,nan,nan,nan,nan,nan,nan,nan,nan,nan,nan,nan,0.15791111945121183
1791059674.0663948,1.4263987306783221,1.5233582346999972,1.6117891167232106,-2.353000987007412e-05,0.00013811627339722557,0.19998588199410142,0.8574984955496581,0.0,0.0,0.3048466531699356,-0.42837903357739204,-0.15743901733643528,-0.0017227678409820518,0.0,0.0,0.0,-0.20028128500269413,3.225499952482913,0.002760378913368921,-0.0014299240672576595,0.0,0.0,0.0,-0.9435934673642978,1.3198504159606124,-0.002099738937128308,0.15852530057499506,nan,nan,nan,nan,nan,nan,nan,0.027305413289921303,0.0,0.0,-2.259302115608479,1.582689781633197,-0.1723095074433456,-0.02725399503739712,nan,nan,nan,nan,nan,nan,nan,nan,nan,nan,nan,nan,nan,nan,0.7734419414466224,0.0,0.0,0.026190858705646646,0.8156314096985856,-0.12861545055012646,0.004061078451374294,nan,nan,nan,nan,nan,nan,nan,nan,nan,nan,nan,nan,nan,nan,nan,nan,nan,nan,nan,nan,nan,nan,nan,nan,nan,nan,nan,nan,nan,nan,nan,nan,nan,nan,nan,nan,nan,nan,nan,nan,nan,nan,nan,nan,nan,nan,nan,nan,nan,0.1683871622597807
1791059674.166689,1.4258089155976068,1.539338504110138,1.606835055938439,-2.1290833384195717e-05,0.00012497277225056644,0.19998722549998688,0.8574984955496581,0.0,0.0,0.28692695960260206,-0.4278520528655071,-0.18617897841626282,0.0059961361918250515,0.0,0.0,0.0,-0.20028791143176206,3.225527393549077,0.0012009282106467305,0.0013912471574111026,0.0,0.0,0.0,-0.9436514135872659,1.3378721230344601,-0.005222864527525256,0.18918492592626246,nan,nan,nan,nan,nan,nan,nan,0.027305413289921303,0.0,0.0,-2.275429669083712,1.5808665532560762,-0.17379286521110207,-0.01651562546255634,nan,nan,nan,nan,nan,nan,nan,nan,nan,nan,nan,nan,nan,nan,0.7734419414466224,0.0,0.0,0.01365627198005273,0.8159885548425216,-0.13237999342719967,0.0016162619179894064,nan,nan,nan,nan,nan,nan,nan,nan,nan,nan,nan,nan,nan,nan,nan,nan,nan,nan,nan,nan,nan,nan,nan,nan,nan,nan,nan,nan,nan,nan,nan,nan,nan,nan,nan,nan,nan,nan,nan,nan,nan,nan,nan,nan,nan,nan,nan,nan,nan,0.15948815599356306
1791059674.2672534,1.4253411296630694,1.556389037237921,1.605309453521832,-1.92647427135208e-05,0.00011308004060516217,0.19998844115438477,0.8574984955496581,0.0,0.0,0.26969575235637944,-0.42726355793979653,-0.16818605188799046,0.003839430657987357,0.0,0.0,0.0,-0.20035030897667996,3.2254880786305336,-0.0015617603845445663,0.000260389230651645,0.0,0.0,0.0,-0.9440310277299636,1.356771592870397,-0.0016563055175684315,0.18820640856470053,nan,nan,nan,nan,nan,nan,nan,0.027305413289921303,0.0,0.0,-2.2928981308054075,1.5789451877334566,-0.1577663146648483,-0.016441651802002775,nan,nan,nan,nan,nan,nan,nan,nan,nan,nan,nan,nan,nan,nan,0.7734419414466224,0.0,0.0,0.001039760803529202,0.816413222673013,-0.13573327393184564,0.007266944236542737,nan,nan,nan,nan,nan,nan,nan,nan,nan,nan,nan,nan,nan,nan,nan,nan,nan,nan,nan,nan,nan,nan,nan,nan,nan,nan,nan,nan,nan,nan,nan,nan,nan,nan,nan,nan,nan,nan,nan,nan,nan,nan,nan,nan,nan,nan,nan,nan,nan,0.17526709504558244
1791059674.3663054,1.424546316168631,1.5732759424523801,1.604075835687777,-1.7433020334342477e-05,0.00010232821048238064,0.19998954018780893,0.8574984955496581,0.0,0.0,0.252585725398122,-0.42694353133053226,-0.1688407831261922,0.0031912914953816413,0.0,0.0,0.0,-0.20034158416248454,3.225502148561494,-0.0005933232468831302,-7.681495864453958e-05,0.0,0.0,0.0,-0.9441183078798616,1.3786372836495808,-0.0008906098188963782,0.23198003778310236,nan,nan,nan,nan,nan,nan,nan,0.027305413289921303,0.0,0.0,-2.3111345934706313,1.5771614083730037,-0.1687572488123858,-0.03156861482354579,nan,nan,nan,nan,nan,nan,nan,nan,nan,nan,nan,nan,nan,nan,0.7734419414466224,0.0,0.0,-0.01200033160549199,0.8168208448592251,-0.14292321105167946,0.005340437200574664,nan,nan,nan,nan,nan,nan,nan,nan,nan,nan,nan,nan,nan,nan,nan,nan,nan,nan,nan,nan,nan,nan,nan,nan,nan,nan,nan,nan,nan,nan,nan,nan,nan,nan,nan,nan,nan,nan,nan,nan,nan,nan,nan,nan,nan,nan,nan,nan,nan,0.17555031700785498
1791059674.4662676,1.4242488110350013,1.590453227143597,1.6033476233932757,-1.577466333509023e-05,9.259399915124854e-05,0.19999053520200602,0.8574984955496581,0.0,0.0,0.23508398472975253,-0.4267508057385742,-0.19058150671933355,0.0030573142719657227,0.0,0.0,0.0,-0.20033258535386583,3.2254896457825373,0.0004122425380036455,0.0007653086928904032,0.0,0.0,0.0,-0.9443215544921113,1.4011015104689453,-0.00019513977277202578,0.25703297577698464,nan,nan,nan,nan,nan,nan,nan,0.027305413289921303,0.0,0.0,-2.323772079943455,1.574018449937053,-0.18665412366241002,-0.07165301151214018,nan,nan,nan,nan,nan,nan,nan,nan,nan,nan,nan,nan,nan,nan,0.7734419414466224,0.0,0.0,-0.02568785500249024,0.817296486255634,-0.15688514880065363,0.00630760295781576,nan,nan,nan,nan,nan,nan,nan,nan,nan,nan,nan,nan,nan,nan,nan,nan,nan,nan,nan,nan,nan,nan,nan,nan,nan,nan,nan,nan,nan,nan,nan,nan,nan,nan,nan,nan,nan,nan,nan,nan,nan,nan,nan,nan,nan,nan,nan,nan,nan,0.18150480207238948
1791059674.56719,1.4238871628968073,1.6080006264918536,1.6015682209588973,-1.4273505647200533e-05,8.378251514517458e-05,0.19999143589661694,0.8574984955496581,0.0,0.0,0.21801773699438615,-0.42650366025402453,-0.1584701119545488,-0.0017052169279423396,0.0,0.0,0.0,-0.20029549758612464,3.2254871817838633,0.0021477420181395864,0.0008477865443894858,0.0,0.0,0.0,-0.9444877210239352,1.4235699672191928,-0.003512820577800559,0.22816752509106442,nan,nan,nan,nan,nan,nan,nan,0.027305413289921303,0.0,0.0,-2.341908047925035,1.57207245988985,-0.18046225749224248,-0.050015091833209666,nan,nan,nan,nan,nan,nan,nan,nan,nan,nan,nan,nan,nan,nan,0.7734419414466224,0.0,0.0,-0.04160960733598012,0.8177566550597941,-0.1757937299218272,-0.003094314961659199,nan,nan,nan,nan,nan,nan,nan,nan,nan,nan,nan,nan,nan,nan,nan,nan,nan,nan,nan,nan,nan,nan,nan,nan,nan,nan,nan,nan,nan,nan,nan,nan,nan,nan,nan,nan,nan,nan,nan,nan,nan,nan,nan,nan,nan,nan,nan,nan,nan,0.1818906399817765
1791059674.6672528,1.4234666883506293,1.6258359910478546,1.6008921842860662,-1.2915202000379185e-05,7.580955470543318e-05,0.19999225087880368,0.8574984955496581,0.0,0.0,0.2010622500989832,-0.4262524821508574,-0.18142348763607938,0.003978314275847175,0.0,0.0,0.0,-0.2003066682313404,3.225473788404011,-0.0001424177758080217,-0.0014595806748888282,0.0,0.0,0.0,-0.9448116313257512,1.446082361841036,-0.003976802420853246,0.21137528918518234,nan,nan,nan,nan,nan,nan,nan,0.027305413289921303,0.0,0.0,-2.361451457547248,1.5702611189060247,-0.18937816185897355,0.011759029650637756,nan,nan,nan,nan,nan,nan,nan,nan,nan,nan,nan,nan,nan,nan,0.7734419414466224,0.0,0.0,-0.06347698167244242,0.8185398740004366,-0.22377914077595568,0.01745752115383564,nan,nan,nan,nan,nan,nan,nan,nan,nan,nan,nan,nan,nan,nan,nan,nan,nan,nan,nan,nan,nan,nan,nan,nan,nan,nan,nan,nan,nan,nan,nan,nan,nan,nan,nan,nan,nan,nan,nan,nan,nan,nan,nan,nan,nan,nan,nan,nan,nan,0.1824229075255744
1791059674.7671907,1.422953908182554,1.6436656190082524,1.5960092337141192,-1.1686158035276603e-05,6.859532176466376e-05,0.19999298830518172,0.8574984955496581,0.0,0.0,0.18370190342456633,-0.42595631780793797,-0.17127353693489672,0.006039929350802158,0.0,0.0,0.0,-0.20033386662720012,3.2255233932063545,-0.0009029667646918062,0.00185943362150211,0.0,0.0,0.0,-0.94506663143593,1.4686546869015902,-0.001588722078919308,0.19804009411757106,nan,nan,nan,nan,nan,nan,nan,0.027305413289921303,0.0,0.0,-2.3801444872505226,1.5682275283035687,-0.21060221089358944,-0.01872865315743101,nan,nan,nan,nan,nan,nan,nan,nan,nan,nan,nan,nan,nan,nan,0.7734419414466224,0.0,0.0,-0.08323216241627776,0.818860264494431,-0.18229560256496852,0.005642012974912788,nan,nan,nan,nan,nan,nan,nan,nan,nan,nan,nan,nan,nan,nan,nan,nan,nan,nan,nan,nan,nan,nan,nan,nan,nan,nan,nan,nan,nan,nan,nan,nan,nan,nan,nan,nan,nan,nan,nan,nan,nan,nan,nan,nan,nan,nan,nan,nan,nan,0.16752949689555638
1791059674.8661082,1.4223760392089508,1.6619238974273454,1.591837970679801,-1.057543254639794e-05,6.2075593717871e-05,0.19999365474047429,0.8574984955496581,0.0,0.0,0.167240132291629,-0.42570066562976205,-0.14755636004079542,0.002459976512372478,0.0,0.0,0.0,-0.2003039135522325,3.2255028785992055,0.0024277657892923664,-0.00016088846207926567,0.0,0.0,0.0,-0.9452795225552216,1.4915246244972893,-0.0007216649709506614,0.22920346488476878,nan,nan,nan,nan,nan,nan,nan,0.027305413289921303,0.0,0.0,-2.399101203136753,1.5656177648643377,-0.1782331360701456,-0.043372349302189084,nan,nan,nan,nan,nan,nan,nan,nan,nan,nan,nan,nan,nan,nan,0.7734419414466224,0.0,0.0,-0.10309784434703234,0.819888665599286,-0.20112074005970318,0.0034294260164830803,nan,nan,nan,nan,nan,nan,nan,nan,nan,nan,nan,nan,nan,nan,nan,nan,nan,nan,nan,nan,nan,nan,nan,nan,nan,nan,nan,nan,nan,nan,nan,nan,nan,nan,nan,nan,nan,nan,nan,nan,nan,nan,nan,nan,nan,nan,nan,nan,nan,0.16024569893367147
1791059674.9664402,1.4216562119420362,1.6787191062912938,1.5905006411215095,-9.56916653425068e-06,5.616902111499138e-05,0.19999425850008104,0.8574984955496581,0.0,0.0,0.15048964479448232,-0.4254990160952411,-0.18436375108603387,0.005352654523066959,0.0,0.0,0.0,-0.2003331819086626,3.225506011395555,-0.0021038911034769667,0.001038106769225808,0.0,0.0,0.0,-0.945334831738386,1.5141545992332908,0.0007577903030841144,0.251405940915005,nan,nan,nan,nan,nan,nan,nan,0.027305413289921303,0.0,0.0,-2.4195593068951786,1.5642506115756674,-0.20244433953749957,-0.031824638750490825,nan,nan,nan,nan,nan,nan,nan,nan,nan,nan,nan,nan,nan,nan,0.7734419414466224,0.0,0.0,-0.12195638169523267,0.8205984815112096,-0.17736874774980868,0.013550354810621631,nan,nan,nan,nan,nan,nan,nan,nan,nan,nan,nan,nan,nan,nan,nan,nan,nan,nan,nan,nan,nan,nan,nan,nan,nan,nan,nan,nan,nan,nan,nan,nan,nan,nan,nan,nan,nan,nan,nan,nan,nan,nan,nan,nan,nan,nan,nan,nan,nan,0.16069677827937875
1791059675.0671804,1.421138045826855,1.6951460327772014,1.5894355461412328,-8.658539942453116e-06,5.0823832055999287e-05,0.19999480487603571,0.8574984955496581,0.0,0.0,0.13293717593381943,-0.4252591956283065,-0.1829079850323949,0.0023971576966933987,0.0,0.0,0.0,-0.20030896053132066,3.2254744534502593,-0.00012686466062664244,5.463901082473487e-05,0.0,0.0,0.0,-0.9455113679319251,1.5366871566143525,-0.0008264603858642591,0.2593424587923122,nan,nan,nan,nan,nan,nan,nan,0.027305413289921303,0.0,0.0,-2.4385002075894215,1.5626049986867379,-0.2125646899415982,-0.011390559966944568,nan,nan,nan,nan,nan,nan,nan,nan,nan,nan,nan,nan,nan,nan,0.7734419414466224,0.0,0.0,-0.13929260426807655,0.8209973031780979,-0.19967567133516995,0.012874103068670201,nan,nan,nan,nan,nan,nan,nan,nan,nan,nan,nan,nan,nan,nan,nan,nan,nan,nan,nan,nan,nan,nan,nan,nan,nan,nan,nan,nan,nan,nan,nan,nan,nan,nan,nan,nan,nan,nan,nan,nan,nan,nan,nan,nan,nan,nan,nan,nan,nan,0.17860663126983486
1791059675.1671948,1.4211279826793402,1.7113284667544097,1.589101088017744,-7.834570928065327e-06,4.59873049873573e-05,0.19999529925744405,0.8574984955496581,0.0,0.0,0.11598730156509467,-0.42506978566343195,-0.16204263004316072,-6.618185851122946e-05,0.0,0.0,0.0,-0.2003536528096445,3.2255024855589927,-0.0029710397780107786,0.0017220093513463464,0.0,0.0,0.0,-0.9457816614540295,1.5592485649592165,-0.0011860191704572514,0.21565293362108956,nan,nan,nan,nan,nan,nan,nan,0.027305413289921303,0.0,0.0,-2.458981249968039,1.5607106309339118,-0.21444269015130085,-0.016655854140723767,nan,nan,nan,nan,nan,nan,nan,nan,nan,nan,nan,nan,nan,nan,0.7734419414466224,0.0,0.0,-0.1573528747496896,0.8218431902899288,-0.17902230986079296,-0.004037697410496632,nan,nan,nan,nan,nan,nan,nan,nan,nan,nan,nan,nan,nan,nan,nan,nan,nan,nan,nan,nan,nan,nan,nan,nan,nan,nan,nan,nan,nan,nan,nan,nan,nan,nan,nan,nan,nan,nan,nan,nan,nan,nan,nan,nan,nan,nan,nan,nan,nan,0.1616488814338159
1791059675.2664273,1.420780012528399,1.7285944641381115,1.5891514112705873,-7.089831200454075e-06,4.1615837385069936e-05,0.19999574610128037,0.8574984955496581,0.0,0.0,0.09878591057234538,-0.4247962598140699,-0.1855852590868186,0.00021539276165344953,0.0,0.0,0.0,-0.20033940555827465,3.2255174869225627,0.0031914048253336193,-0.0011866525845034936,0.0,0.0,0.0,-0.9460469179629446,1.581898765490352,-0.0032803496539404813,0.21057734802523934,nan,nan,nan,nan,nan,nan,nan,0.027305413289921303,0.0,0.0,-2.4798373313775426,1.5587142095106419,-0.201724528468479,-0.024621901640111334,nan,nan,nan,nan,nan,nan,nan,nan,nan,nan,nan,nan,nan,nan,0.7734419414466224,0.0,0.0,-0.17520887958258854,0.8225342809954325,-0.18326163392414863,0.012961767236146275,nan,nan,nan,nan,nan,nan,nan,nan,nan,nan,nan,nan,nan,nan,nan,nan,nan,nan,nan,nan,nan,nan,nan,nan,nan,nan,nan,nan,nan,nan,nan,nan,nan,nan,nan,nan,nan,nan,nan,nan,nan,nan,nan,nan,nan,nan,nan,nan,nan,0.166166162991298
1791059675.3671992,1.4203113415873023,1.7454841281118385,1.5894191712925527,-6.4151445598379826e-06,3.76555668612865e-05,0.1999961509132646,0.8574984955496581,0.0,0.0,0.08271483477114117,-0.42493892697361724,-0.15907451183707316,0.0018377014297523502,0.0,0.0,0.0,-0.20029564294560712,3.2254968484090383,0.0021991781073642043,-0.0008135278291913889,0.0,0.0,0.0,-0.9466836934518243,1.604687263115005,-0.006249974913945312,0.22165289756041162,nan,nan,nan,nan,nan,nan,nan,0.027305413289921303,0.0,0.0,-2.5009587703359224,1.556656722466999,-0.19607548857746865,-0.02487733608536187,nan,nan,nan,nan,nan,nan,nan,nan,nan,nan,nan,nan,nan,nan,0.7734419414466224,0.0,0.0,-0.19275183168932183,0.8232798212994585,-0.17526010260580088,0.003105053847496873,nan,nan,nan,nan,nan,nan,nan,nan,nan,nan,nan,nan,nan,nan,nan,nan,nan,nan,nan,nan,nan,nan,nan,nan,nan,nan,nan,nan,nan,nan,nan,nan,nan,nan,nan,nan,nan,nan,nan,nan,nan,nan,nan,nan,nan,nan,nan,nan,nan,0.1820064234370609
1791059675.4662578,1.420167414084663,1.7626837956778179,1.5887448912968491,-5.805214740503798e-06,3.40754054357097e-05,0.19999651687115605,0.8574984955496581,0.0,0.0,0.06586096298796362,-0.42460919918229667,-0.17181229364268852,0.0032119642191498336,0.0,0.0,0.0,-0.20032329764104304,3.225490534173171,-0.0002939960517588788,-0.000744480443740552,0.0,0.0,0.0,-0.9463734298818182,1.6253511716083289,0.004046796865825826,0.22135531686214271,nan,nan,nan,nan,nan,nan,nan,0.027305413289921303,0.0,0.0,-2.5252011369887684,1.5556426422949832,-0.21319820927367622,-0.026908728943398214,nan,nan,nan,nan,nan,nan,nan,nan,nan,nan,nan,nan,nan,nan,0.7734419414466224,0.0,0.0,-0.20941150995511312,0.8244292694825452,-0.1472128896973442,0.010655397710231777,nan,nan,nan,nan,nan,nan,nan,nan,nan,nan,nan,nan,nan,nan,nan,nan,nan,nan,nan,nan,nan,nan,nan,nan,nan,nan,nan,nan,nan,nan,nan,nan,nan,nan,nan,nan,nan,nan,nan,nan,nan,nan,nan,nan,nan,nan,nan,nan,nan,0.17840121886642724
1791059675.567188,1.4196932505366575,1.780691603494703,1.5882910635027292,-5.252775518668068e-06,3.0832701883109195e-05,0.1999968483346891,0.8574984955496581,0.0,0.0,0.048117641961269206,-0.4244120682782193,-0.1957615164766723,0.0014862875883641373,0.0,0.0,0.0,-0.20031338791291398,3.225516357890985,0.0013311239293940331,0.0008509184169996213,0.0,0.0,0.0,-0.9469588281973166,1.6477132582222356,0.0002155324787417982,0.2336553859150054,nan,nan,nan,nan,nan,nan,nan,0.027305413289921303,0.0,0.0,-2.5455012135866433,1.5551808113157972,-0.1669966756573864,-0.019077014315201393,nan,nan,nan,nan,nan,nan,nan,nan,nan,nan,nan,nan,nan,nan,0.7734419414466224,0.0,0.0,-0.2250421125256499,0.8250015933750386,-0.17529884533608897,0.006389503729699214,nan,nan,nan,nan,nan,nan,nan,nan,nan,nan,nan,nan,nan,nan,nan,nan,nan,nan,nan,nan,nan,nan,nan,nan,nan,nan,nan,nan,nan,nan,nan,nan,nan,nan,nan,nan,nan,nan,nan,nan,nan,nan,nan,nan,nan,nan,nan,nan,nan,0.17879675192974331
1791059675.6662161,1.4193590642553051,1.7985668233623613,1.588036371890091,-4.753218889335011e-06,2.79004081707248e-05,0.1999971480686666,0.8574984955496581,0.0,0.0,0.030547645210717757,-0.42428073988856674,-0.172654876738455,0.00196473297701276,0.0,0.0,0.0,-0.2003000158293062,3.225499735824545,0.002968021607648887,-0.0016088161515297548,0.0,0.0,0.0,-0.9474438962219778,1.6701912946956396,0.021441937276825536,0.20932188470310886,nan,nan,nan,nan,nan,nan,nan,0.027305413289921303,0.0,0.0,-2.5668658623911567,1.5534576835626903,-0.19991377789388978,-0.02113379225657388,nan,nan,nan,nan,nan,nan,nan,nan,nan,nan,nan,nan,nan,nan,0.7734419414466224,0.0,0.0,-0.24112191368580388,0.8257149041088441,-0.17135513246167852,0.007889120268112613,nan,nan,nan,nan,nan,nan,nan,nan,nan,nan,nan,nan,nan,nan,nan,nan,nan,nan,nan,nan,nan,nan,nan,nan,nan,nan,nan,nan,nan,nan,nan,nan,nan,nan,nan,nan,nan,nan,nan,nan,nan,nan,nan,nan,nan,nan,nan,nan,nan,0.18248370337443726
1791059675.7671256,1.418995160520114,1.8159003487612257,1.587964253335584,-4.300890308599125e-06,2.524533329964487e-05,0.19999741946581498,0.8574984955496581,0.0,0.0,0.013636524415917369,-0.4241462801671478,-0.1769133456396141,-0.006074549358193487,0.0,0.0,0.0,-0.20035607555218535,3.2255158589126682,-0.0019816668017377187,-0.00022815444278118476,0.0,0.0,0.0,-0.948159684116797,1.6927279830041406,-0.0012284861272532678,0.21450487042575056,nan,nan,nan,nan,nan,nan,nan,0.027305413289921303,0.0,0.0,-2.5844304442060864,1.5520644204819087,-0.14778540272579269,-0.025877987665764476,nan,nan,nan,nan,nan,nan,nan,nan,nan,nan,nan,nan,nan,nan,0.7734419414466224,0.0,0.0,-0.25724494322141156,0.8269828121102725,-0.14485702376288176,0.016671996190343825,nan,nan,nan,nan,nan,nan,nan,nan,nan,nan,nan,nan,nan,nan,nan,nan,nan,nan,nan,nan,nan,nan,nan,nan,nan,nan,nan,nan,nan,nan,nan,nan,nan,nan,nan,nan,nan,nan,nan,nan,nan,nan,nan,nan,nan,nan,nan,nan,nan,0.1795468213552802
1791059675.8671792,1.4190357594410006,1.833662201442912,1.5864341253673497,-3.891606483367685e-06,2.2842922207815195e-05,0.1999976650361101,0.8574984955496581,0.0,0.0,-0.0034845330478454574,-0.42382891208929524,-0.17484128402757593,0.007300111114030764,0.0,0.0,0.0,-0.20030659500052045,3.2254984785505965,0.0008337973675204277,6.600854292656048e-05,0.0,0.0,0.0,-0.9487554788887088,1.715558029839099,-0.008564131684754138,0.21953325329094367,nan,nan,nan,nan,nan,nan,nan,0.027305413289921303,0.0,0.0,-2.6037612754349344,1.5508255636367634,-0.17169852851213466,0.009746132796407582,nan,nan,nan,nan,nan,nan,nan,nan,nan,nan,nan,nan,nan,nan,0.7734419414466224,0.0,0.0,-0.27326723498896466,0.827832920081016,-0.15025380923191778,0.03846762887111117,nan,nan,nan,nan,nan,nan,nan,nan,nan,nan,nan,nan,nan,nan,nan,nan,nan,nan,nan,nan,nan,nan,nan,nan,nan,nan,nan,nan,nan,nan,nan,nan,nan,nan,nan,nan,nan,nan,nan,nan,nan,nan,nan,nan,nan,nan,nan,nan,nan,0.18119670251847195
1791059675.9661517,1.4186764979191426,1.8518459719150524,1.5847064670127986,-3.5216334963912333e-06,2.0671257576096668e-05,0.19999788701990226,0.8574984955496581,0.0,0.0,-0.02080560035045958,-0.4237516637640002,-0.16156977302495915,-0.0008679575816117213,0.0,0.0,0.0,-0.20031998952709773,3.22550044016535,0.0018741101911208165,-0.00035773491047185607,0.0,0.0,0.0,-0.9489410885652056,1.7383323397265602,-0.005071745911172569,0.22704692376502733,nan,nan,nan,nan,nan,nan,nan,0.027305413289921303,0.0,0.0,-2.6198540083737343,1.549915379849651,-0.1501584015688805,0.0030365318403772143,nan,nan,nan,nan,nan,nan,nan,nan,nan,nan,nan,nan,nan,nan,0.7734419414466224,0.0,0.0,-0.28872703213612666,0.8282701096880882,-0.15395340836329127,0.013126243254448826,nan,nan,nan,nan,nan,nan,nan,nan,nan,nan,nan,nan,nan,nan,nan,nan,nan,nan,nan,nan,nan,nan,nan,nan,nan,nan,nan,nan,nan,nan,nan,nan,nan,nan,nan,nan,nan,nan,nan,nan,nan,nan,nan,nan,nan,nan,nan,nan,nan,0.17398530907008514
1791059676.0662901,1.418171357735361,1.8697096418359018,1.58132933540224,-3.186590771895923e-06,1.8704626334050365e-05,0.19999808804553693,0.8574984955496581,0.0,0.0,-0.037965071774285555,-0.4235561763549024,-0.17149680396630357,0.0011883619049162285,0.0,0.0,0.0,-0.2003139330554668,3.225475472851769,-0.0014638182127425772,-0.0005300364746534652,0.0,0.0,0.0,-0.9492217876681099,1.761074134565375,0.004086679781711627,0.23624074416920968,nan,nan,nan,nan,nan,nan,nan,0.027305413289921303,0.0,0.0,-2.636981301414946,1.5486138431040286,-0.164957897066685,-0.016243834101656047,nan,nan,nan,nan,nan,nan,nan,nan,nan,nan,nan,nan,nan,nan,0.7734419414466224,0.0,0.0,-0.3045088778403581,0.8292414272895908,-0.16518550428184248,0.011062777482725274,nan,nan,nan,nan,nan,nan,nan,nan,nan,nan,nan,nan,nan,nan,nan,nan,nan,nan,nan,nan,nan,nan,nan,nan,nan,nan,nan,nan,nan,nan,nan,nan,nan,nan,nan,nan,nan,nan,nan,nan,nan,nan,nan,nan,nan,nan,nan,nan,nan,0.17450423331780654
1791059676.1671653,1.4181926406175314,1.8872971370841714,1.5817699347532035,-2.883346567327131e-06,1.692464580299181e-05,0.19999826999205966,0.8574984955496581,0.0,0.0,-0.05681298948980259,-0.4235356043707346,-0.19422624468446745,-0.0024396805292798583,0.0,0.0,0.0,-0.20033471173978806,3.2255070558513057,0.0008336474766916923,-0.0002911542388275678,0.0,0.0,0.0,-0.949595520868789,1.7836673591654784,8.681110039445301e-05,0.23112887405692442,nan,nan,nan,nan,nan,nan,nan,0.027305413289921303,0.0,0.0,-2.6531848985654523,1.547644261491305,-0.16891726596314138,0.0020172625945206867,nan,nan,nan,nan,nan,nan,nan,nan,nan,nan,nan,nan,nan,nan,0.7734419414466224,0.0,0.0,-0.31961591173964154,0.8299269211502681,-0.15322783200433898,0.022069547352893272,nan,nan,nan,nan,nan,nan,nan,nan,nan,nan,nan,nan,nan,nan,nan,nan,nan,nan,nan,nan,nan,nan,nan,nan,nan,nan,nan,nan,nan,nan,nan,nan,nan,nan,nan,nan,nan,nan,nan,nan,nan,nan,nan,nan,nan,nan,nan,nan,nan,0.1764168737102511
1791059676.2662454,1.4183318686614579,1.9045158344703943,1.5795784634971861,-2.609185948122121e-06,1.531537988062471e-05,0.19999843448843116,0.8574984955496581,0.0,0.0,-0.07517519302481693,-0.4231189653738688,-0.1784783217381209,0.0021853250850200835,0.0,0.0,0.0,-0.2003674265909798,3.225494214267613,-0.002398779021356135,0.00024293604387495198,0.0,0.0,0.0,-0.949837341867046,1.8062833140634864,0.005367892603390462,0.22258005296981664,nan,nan,nan,nan,nan,nan,nan,0.027305413289921303,0.0,0.0,-2.6706447283715486,1.5461286223613409,-0.1791119685126511,-0.015716179974219743,nan,nan,nan,nan,nan,nan,nan,nan,nan,nan,nan,nan,nan,nan,0.7734419414466224,0.0,0.0,-0.33677784252207976,0.8300259025933118,-0.1792550466847329,0.0021186359979585845,nan,nan,nan,nan,nan,nan,nan,nan,nan,nan,nan,nan,nan,nan,nan,nan,nan,nan,nan,nan,nan,nan,nan,nan,nan,nan,nan,nan,nan,nan,nan,nan,nan,nan,nan,nan,nan,nan,nan,nan,nan,nan,nan,nan,nan,nan,nan,nan,nan,0.16034836892327683
1791059676.3668113,1.4186705253611862,1.9213371044677015,1.5778106689091302,-2.3609849643368006e-06,1.3858491629270753e-05,0.19999858340902144,0.8574984955496581,0.0,0.0,-0.09422992790468947,-0.42295706117879983,-0.19732283787774066,0.00045489797109332197,0.0,0.0,0.0,-0.20031650044764,3.225486708129033,0.0002991375908921681,-0.0003457095305732775,0.0,0.0,0.0,-0.9508856348317218,1.8291674021409423,-0.003527239242635638,0.2212598702114955,nan,nan,nan,nan,nan,nan,nan,0.027305413289921303,0.0,0.0,-2.6882318779062073,1.544747304045363,-0.16839760812299281,-0.022446037257847135,nan,nan,nan,nan,nan,nan,nan,nan,nan,nan,nan,nan,nan,nan,0.7734419414466224,0.0,0.0,-0.3528743652339165,0.8307767374503789,-0.14500901009862996,0.0021854877025754733,nan,nan,nan,nan,nan,nan,nan,nan,nan,nan,nan,nan,nan,nan,nan,nan,nan,nan,nan,nan,nan,nan,nan,nan,nan,nan,nan,nan,nan,nan,nan,nan,nan,nan,nan,nan,nan,nan,nan,nan,nan,nan,nan,nan,nan,nan,nan,nan,nan,0.1564648411231108
1791059676.466888,1.418453517325236,1.9377847833873978,1.5817517483767398,-2.1363075398543277e-06,1.2539681787823458e-05,0.1999987182154761,0.8574984955496581,0.0,0.0,-0.11383039399582039,-0.42298307963744514,-0.19046329468641965,0.0035190218344456382,0.0,0.0,0.0,-0.20037720410714152,3.2254971682038565,-0.0024876818125691685,0.0013251852644338368,0.0,0.0,0.0,-0.951585253104647,1.8520144449385927,-0.01555475813635451,0.2241239288392876,nan,nan,nan,nan,nan,nan,nan,0.027305413289921303,0.0,0.0,-2.705924321817817,1.5433815885222568,-0.15225974900879036,-0.023210700573938613,nan,nan,nan,nan,nan,nan,nan,nan,nan,nan,nan,nan,nan,nan,0.7734419414466224,0.0,0.0,-0.36818046609898575,0.8314022943920318,-0.150637618746189,0.0021043221392113925,nan,nan,nan,nan,nan,nan,nan,nan,nan,nan,nan,nan,nan,nan,nan,nan,nan,nan,nan,nan,nan,nan,nan,nan,nan,nan,nan,nan,nan,nan,nan,nan,nan,nan,nan,nan,nan,nan,nan,nan,nan,nan,nan,nan,nan,nan,nan,nan,nan,0.1646907293986721
1791059676.567199,1.4179785761027415,1.9540904311814224,1.5826464992481144,-1.9330109991278246e-06,1.1346373295615694e-05,0.19999884019340053,0.8574984955496581,0.0,0.0,-0.13574108523755712,-0.4226885859173894,-0.2174631568735635,0.00346293538208387,0.0,0.0,0.0,-0.2003403058297749,3.2254789156660637,-0.0007989780860584439,0.00028791263957606066,0.0,0.0,0.0,-0.9524162593736339,1.8747633006333324,-0.03166867659597355,0.23758525666631886,nan,nan,nan,nan,nan,nan,nan,0.027305413289921303,0.0,0.0,-2.7234045284874067,1.5422897076392097,-0.166180985739188,-0.028207171332583512,nan,nan,nan,nan,nan,nan,nan,nan,nan,nan,nan,nan,nan,nan,0.7734419414466224,0.0,0.0,-0.38255996087219146,0.8322595643654987,-0.14141954193863582,0.024590998271985357,nan,nan,nan,nan,nan,nan,nan,nan,nan,nan,nan,nan,nan,nan,nan,nan,nan,nan,nan,nan,nan,nan,nan,nan,nan,nan,nan,nan,nan,nan,nan,nan,nan,nan,nan,nan,nan,nan,nan,nan,nan,nan,nan,nan,nan,nan,nan,nan,nan,0.1764608177460707
1791059676.666139,1.4180598009741423,1.9711191135027226,1.5822308283970774,-1.7493052790720337e-06,1.0268058853932042e-05,0.19999895041683258,0.8574984955496581,0.0,0.0,-0.15598744464515935,-0.42193786836399766,-0.1996761805768963,0.009305190134303042,0.0,0.0,0.0,-0.20032644250505782,3.225476958385367,0.0009301155188039681,-0.0004078865413632406,0.0,0.0,0.0,-0.9532055165528412,1.8973536205544272,-0.009418134918272628,0.23117339308501034,nan,nan,nan,nan,nan,nan,nan,0.027305413289921303,0.0,0.0,-2.740169016185182,1.5411181322942067,-0.1932571248763612,-0.02040219825418076,nan,nan,nan,nan,nan,nan,nan,nan,nan,nan,nan,nan,nan,nan,0.7734419414466224,0.0,0.0,-0.3969708612961544,0.8325964555898618,-0.1569710876297572,0.0008057247269103992,nan,nan,nan,nan,nan,nan,nan,nan,nan,nan,nan,nan,nan,nan,nan,nan,nan,nan,nan,nan,nan,nan,nan,nan,nan,nan,nan,nan,nan,nan,nan,nan,nan,nan,nan,nan,nan,nan,nan,nan,nan,nan,nan,nan,nan,nan,nan,nan,nan,0.1776749686895178
1791059676.7671144,1.4180418623522801,1.9887645564931231,1.5793841137532358,-1.5828368725924102e-06,9.290923864686593e-06,0.19999905029787646,0.8574984955496581,0.0,0.0,-0.17695748390793808,-0.4216958228530522,-0.21422896240270287,0.0060997503156439824,0.0,0.0,0.0,-0.20035384991960392,3.2254845849691063,-0.001926088505074541,-0.0005904170715432181,0.0,0.0,0.0,-0.9539226326015868,1.9199287726053047,-5.896370024529663e-05,0.22982964012168594,nan,nan,nan,nan,nan,nan,nan,0.027305413289921303,0.0,0.0,-2.7576418280553683,1.5401601625666994,-0.1949859842623028,-0.007698526722953095,nan,nan,nan,nan,nan,nan,nan,nan,nan,nan,nan,nan,nan,nan,0.7734419414466224,0.0,0.0,-0.4121047737891794,0.8332922587855695,-0.13512031188276924,0.005671855183776872,nan,nan,nan,nan,nan,nan,nan,nan,nan,nan,nan,nan,nan,nan,nan,nan,nan,nan,nan,nan,nan,nan,nan,nan,nan,nan,nan,nan,nan,nan,nan,nan,nan,nan,nan,nan,nan,nan,nan,nan,nan,nan,nan,nan,nan,nan,nan,nan,nan,0.1676624192077542
1791059676.8671393,1.4177431788583654,2.0061324831679346,1.5825477649899913,-1.4322100294393237e-06,8.406775563654574e-06,0.19999914067398236,0.8574984955496581,0.0,0.0,-0.1978355309281857,-0.42167720801133973,-0.19104004256491766,-0.0006909460892443726,0.0,0.0,0.0,-0.20032972029559834,3.225467303436122,-0.0029082137417076716,-8.037538947456478e-05,0.0,0.0,0.0,-0.9550107435970568,1.9425940577202743,-0.03348443244872305,0.2338885056632377,nan,nan,nan,nan,nan,nan,nan,0.027305413289921303,0.0,0.0,-2.777468959273493,1.5387189812634239,-0.20716679267321772,-0.028058505616719572,nan,nan,nan,nan,nan,nan,nan,nan,nan,nan,nan,nan,nan,nan,0.7734419414466224,0.0,0.0,-0.4266737382916861,0.8338379404489317,-0.14878087736808457,0.010584234993903737,nan,nan,nan,nan,nan,nan,nan,nan,nan,nan,nan,nan,nan,nan,nan,nan,nan,nan,nan,nan,nan,nan,nan,nan,nan,nan,nan,nan,nan,nan,nan,nan,nan,nan,nan,nan,nan,nan,nan,nan,nan,nan,nan,nan,nan,nan,nan,nan,nan,0.16258415126888703
1791059676.9672623,1.417829224337302,2.023248154196875,1.5779897866096446,-1.295917225548985e-06,7.606765097524958e-06,0.1999992224496647,0.8574984955496581,0.0,0.0,-0.21757875590507877,-0.4214958769350956,-0.20476884962407083,-0.0014331289085978566,0.0,0.0,0.0,-0.20031723891882441,3.22548724061985,-9.586950088248325e-05,0.0012701632678374787,0.0,0.0,0.0,-0.9558146960596738,1.9651794928216402,-0.00720674181501163,0.21823718977410123,nan,nan,nan,nan,nan,nan,nan,0.027305413289921303,0.0,0.0,-2.796596402755406,1.5380122943266277,-0.20380738914581453,-0.001985759035448118,nan,nan,nan,nan,nan,nan,nan,nan,nan,nan,nan,nan,nan,nan,0.7734419414466224,0.0,0.0,-0.4418864644129314,0.8348321692970051,-0.1524477019620532,0.007279720724690816,nan,nan,nan,nan,nan,nan,nan,nan,nan,nan,nan,nan,nan,nan,nan,nan,nan,nan,nan,nan,nan,nan,nan,nan,nan,nan,nan,nan,nan,nan,nan,nan,nan,nan,nan,nan,nan,nan,nan,nan,nan,nan,nan,nan,nan,nan,nan,nan,nan,0.19244053578796425
1791059677.0670393,1.4181144972639408,2.041040548898943,1.5743108611569718,-1.1728041738688845e-06,6.884117040915283e-06,0.1999992963174957,0.8574984955496581,0.0,0.0,-0.23645038551869937,-0.42116892864521066,-0.18192924075827793,0.0028237096893642018,0.0,0.0,0.0,-0.20032975333142217,3.225491618145029,0.0009497822819116348,0.0007983358898980576,0.0,0.0,0.0,-0.9565277088249414,1.9878434912750669,-0.019505721658552258,0.23157803362755452,nan,nan,nan,nan,nan,nan,nan,0.027305413289921303,0.0,0.0,-2.816772019869111,1.5365066232378823,-0.19297461184367426,-0.013458775955424695,nan,nan,nan,nan,nan,nan,nan,nan,nan,nan,nan,nan,nan,nan,0.7734419414466224,0.0,0.0,-0.4584370985526623,0.8354232168626694,-0.16455432069573314,-0.01059981084668662,nan,nan,nan,nan,nan,nan,nan,nan,nan,nan,nan,nan,nan,nan,nan,nan,nan,nan,nan,nan,nan,nan,nan,nan,nan,nan,nan,nan,nan,nan,nan,nan,nan,nan,nan,nan,nan,nan,nan,nan,nan,nan,nan,nan,nan,nan,nan,nan,nan,0.22403385767027434
1791059677.1671956,1.41708581985911,2.0601589384156647,1.5713107588093704,-1.0611971008940792e-06,6.229006690806291e-06,0.19999936328173948,0.8574984955496581,0.0,0.0,-0.25543632500407565,-0.4209213387975044,-0.18896162839115146,0.0019074254968381808,0.0,0.0,0.0,-0.2003535605240681,3.2254710298997615,-0.0011469688411619478,-0.002223125655860599,0.0,0.0,0.0,-0.9570608697447629,2.0105335954184884,-0.018488916250406995,0.22990814671036802,nan,nan,nan,nan,nan,nan,nan,0.027305413289921303,0.0,0.0,-2.8368149353326007,1.5354204322570557,-0.2174253565916271,-0.027886190043253642,nan,nan,nan,nan,nan,nan,nan,nan,nan,nan,nan,nan,nan,nan,0.7734419414466224,0.0,0.0,-0.47650433754018395,0.8362220334844649,-0.169118888117482,0.0106881147017009,nan,nan,nan,nan,nan,nan,nan,nan,nan,nan,nan,nan,nan,nan,nan,nan,nan,nan,nan,nan,nan,nan,nan,nan,nan,nan,nan,nan,nan,nan,nan,nan,nan,nan,nan,nan,nan,nan,nan,nan,nan,nan,nan,nan,nan,nan,nan,nan,nan,0.22241624416114092
1791059677.2662175,1.4167425493513917,2.0816156066826297,1.5664082373040986,-9.603205122519534e-07,5.636882056213802e-06,0.19999942380769264,0.8574984955496581,0.0,0.0,-0.2743663365249083,-0.4211070950788258,-0.23002248194543384,-0.03126963930538568,0.0,0.0,0.0,-0.20033176169734113,3.225494134364248,-0.0027415692711013915,0.0004908629690349245,0.0,0.0,0.0,-0.9582043307426208,2.033521664975196,-0.0036460180991232157,0.22251696244724994,nan,nan,nan,nan,nan,nan,nan,0.027305413289921303,0.0,0.0,-2.856639775046404,1.5341569856893567,-0.22229583310589085,-0.018169156366961675,nan,nan,nan,nan,nan,nan,nan,nan,nan,nan,nan,nan,nan,nan,0.7734419414466224,0.0,0.0,-0.49358262689954296,0.8368288910462801,-0.17703380528402615,0.008307188646304076,nan,nan,nan,nan,nan,nan,nan,nan,nan,nan,nan,nan,nan,nan,nan,nan,nan,nan,nan,nan,nan,nan,nan,nan,nan,nan,nan,nan,nan,nan,nan,nan,nan,nan,nan,nan,nan,nan,nan,nan,nan,nan,nan,nan,nan,nan,nan,nan,nan,0.20026061455659913
1791059677.3661232,1.417336371520988,2.1025038083109773,1.5640263719759422,-8.689802945510692e-07,5.100733939413302e-06,0.1999994786118233,0.8574984955496581,0.0,0.0,-0.29287791518013045,-0.42094300251335504,-0.19236195249387816,-0.000703087161125099,0.0,0.0,0.0,-0.20032617742554432,3.2254858619271847,0.001739331269474673,-0.0007572275054361765,0.0,0.0,0.0,-0.9591579076175456,2.0563447454765824,0.002552542738852974,0.24404080650651236,nan,nan,nan,nan,nan,nan,nan,0.027305413289921303,0.0,0.0,-2.8733268763608977,1.533242408001357,-0.04848313352322945,-0.004895086278082857,nan,nan,nan,nan,nan,nan,nan,nan,nan,nan,nan,nan,nan,nan,0.7734419414466224,0.0,0.0,-0.5110126259416163,0.8371680325924048,-0.18029020026831177,-0.006480350176526541,nan,nan,nan,nan,nan,nan,nan,nan,nan,nan,nan,nan,nan,nan,nan,nan,nan,nan,nan,nan,nan,nan,nan,nan,nan,nan,nan,nan,nan,nan,nan,nan,nan,nan,nan,nan,nan,nan,nan,nan,nan,nan,nan,nan,nan,nan,nan,nan,nan,0.20474325107189462
1791059677.4661648,1.4175668493582416,2.121980641147543,1.5591523498025404,-7.86285886304129e-07,4.615334929343945e-06,0.19999952822846823,0.8574984955496581,0.0,0.0,-0.31167976135221576,-0.4206425568895167,-0.1792327005086797,0.007301604549935505,0.0,0.0,0.0,-0.20030186818595702,3.2255003682921375,0.002132792375771097,0.0005872343854696252,0.0,0.0,0.0,-0.9603574654998349,2.0787832197449836,0.0116253496464095,0.220789739146897,nan,nan,nan,nan,nan,nan,nan,0.027305413289921303,0.0,0.0,-2.873830409748707,1.5330059392526871,-0.02650874922314129,-0.016755967970956926,nan,nan,nan,nan,nan,nan,nan,nan,nan,nan,nan,nan,nan,nan,0.7734419414466224,0.0,0.0,-0.527247467639728,0.8380712311181365,-0.15927735981939894,0.030450313844458197,nan,nan,nan,nan,nan,nan,nan,nan,nan,nan,nan,nan,nan,nan,nan,nan,nan,nan,nan,nan,nan,nan,nan,nan,nan,nan,nan,nan,nan,nan,nan,nan,nan,nan,nan,nan,nan,nan,nan,nan,nan,nan,nan,nan,nan,nan,nan,nan,nan,0.17466484728955653
1791059677.5671449,1.4174867963227502,2.142324078407872,1.5728771436414006,-7.11460891435365e-07,4.176127742211233e-06,0.19999957312346517,0.8574984955496581,0.0,0.0,-0.3294084943821461,-0.4204260484250986,-0.17991111307558066,0.0017500397537117882,0.0,0.0,0.0,-0.2003326263767269,3.2254812376262803,-0.0008906042483403474,-0.0013199838201410454,0.0,0.0,0.0,-0.9614981387857862,2.1017971886567364,-0.016470235102559967,0.22932940203995028,nan,nan,nan,nan,nan,nan,nan,0.027305413289921303,0.0,0.0,-2.87439953691738,1.5326751604809883,-0.015735626704279023,-0.013692706084599344,nan,nan,nan,nan,nan,nan,nan,nan,nan,nan,nan,nan,nan,nan,0.7734419414466224,0.0,0.0,-0.5448775498437438,0.8393983278338442,-0.21017519811118013,0.025727290667628855,nan,nan,nan,nan,nan,nan,nan,nan,nan,nan,nan,nan,nan,nan,nan,nan,nan,nan,nan,nan,nan,nan,nan,nan,nan,nan,nan,nan,nan,nan,nan,nan,nan,nan,nan,nan,nan,nan,nan,nan,nan,nan,nan,nan,nan,nan,nan,nan,nan,0.2371321195912993
1791059677.6671948,1.4182498576715636,2.160163786661094,1.5648550095585494,-6.437564362515076e-07,3.7787166448926242e-06,0.19999961374613828,0.8574984955496581,0.0,0.0,-0.3476282701590025,-0.42016392475253983,-0.18147668352258292,0.0027044356500031458,0.0,0.0,0.0,-0.20031316534177274,3.2255011186391966,0.0036021944552166226,-0.0007640734514663737,0.0,0.0,0.0,-0.9619613986108329,2.1251126442033312,-0.00563049062663874,0.24685771163977618,nan,nan,nan,nan,nan,nan,nan,0.027305413289921303,0.0,0.0,-2.8741339741469045,1.532912172043608,0.00248035221458181,-0.0005097910236672487,nan,nan,nan,nan,nan,nan,nan,nan,nan,nan,nan,nan,nan,nan,0.7734419414466224,0.0,0.0,-0.5671928851566832,0.8398342281286385,-0.22052191376957458,0.010314503107808355,nan,nan,nan,nan,nan,nan,nan,nan,nan,nan,nan,nan,nan,nan,nan,nan,nan,nan,nan,nan,nan,nan,nan,nan,nan,nan,nan,nan,nan,nan,nan,nan,nan,nan,nan,nan,nan,nan,nan,nan,nan,nan,nan,nan,nan,nan,nan,nan,nan,0.19438247056212693
1791059677.766297,1.4184050940998794,2.181740936533513,1.5636781261157457,-5.825442692849081e-07,3.419413931690284e-06,0.19999965047343846,0.8574984955496581,0.0,0.0,-0.36488220646220343,-0.42006524456474625,-0.16474400904632894,-0.0002790668860380193,0.0,0.0,0.0,-0.20030997929309677,3.2255035507036816,-0.0010216536161361527,-0.00012161880741185345,0.0,0.0,0.0,-0.9625707595173506,2.14811599796171,-0.009111110730309194,0.25533927227686154,nan,nan,nan,nan,nan,nan,nan,0.027305413289921303,0.0,0.0,-2.8745053432936496,1.5326589457829034,-0.007547291645303003,-0.003747355013331127,nan,nan,nan,nan,nan,nan,nan,nan,nan,nan,nan,nan,nan,nan,0.7734419414466224,0.0,0.0,-0.5897961610379054,0.8406587163292458,-0.21622641730576952,0.008882164827326075,nan,nan,nan,nan,nan,nan,nan,nan,nan,nan,nan,nan,nan,nan,nan,nan,nan,nan,nan,nan,nan,nan,nan,nan,nan,nan,nan,nan,nan,nan,nan,nan,nan,nan,nan,nan,nan,nan,nan,nan,nan,nan,nan,nan,nan,nan,nan,nan,nan,0.1821147219127895
1791059677.8671625,1.4175590660701807,2.1986021670015705,1.5338437815618666,-5.271078526846344e-07,3.0940136741636694e-06,0.1999996837352884,0.8574984955496581,0.0,0.0,-0.3825581807101212,-0.4198436697364106,-0.18788069731385937,0.003118703172349773,0.0,0.0,0.0,-0.20033918546095295,3.2255195828101293,-0.0001968487405664662,0.00105479133089638,0.0,0.0,0.0,-0.9639192345675768,2.17152323504525,-0.002676132160627574,0.23214351175487474,nan,nan,nan,nan,nan,nan,nan,0.027305413289921303,0.0,0.0,-2.874179215903504,1.5329070360537698,0.006257288224210563,0.005314374976953309,nan,nan,nan,nan,nan,nan,nan,nan,nan,nan,nan,nan,nan,nan,0.7734419414466224,0.0,0.0,-0.6125767851081619,0.841500891081598,-0.22366640788680714,0.005369398097355191,nan,nan,nan,nan,nan,nan,nan,nan,nan,nan,nan,nan,nan,nan,nan,nan,nan,nan,nan,nan,nan,nan,nan,nan,nan,nan,nan,nan,nan,nan,nan,nan,nan,nan,nan,nan,nan,nan,nan,nan,nan,nan,nan,nan,nan,nan,nan,nan,nan,0.09103816582482788
1791059677.967167,1.4188658678776016,2.217053158795497,1.566300648030718,-4.769469086063916e-07,2.7995793452182857e-06,0.19999971383185486,0.8574984955496581,0.0,0.0,-0.40029544562604086,-0.4196655126557072,-0.16714492237144762,-0.0009510624601749269,0.0,0.0,0.0,-0.20030217358392982,3.2255051951477,0.0027065691317007174,0.00041561549001888206,0.0,0.0,0.0,-0.9651210626940535,2.1944060966958494,-0.002379429032329147,0.2365951650388482,nan,nan,nan,nan,nan,nan,nan,0.027305413289921303,0.0,0.0,-2.8744917309207962,1.5326408856737588,-0.0011226596876906367,-0.001270234710509675,nan,nan,nan,nan,nan,nan,nan,nan,nan,nan,nan,nan,nan,nan,0.7734419414466224,0.0,0.0,-0.635247677039546,0.8422989936953117,-0.2386921224724514,0.017100295182785188,nan,nan,nan,nan,nan,nan,nan,nan,nan,nan,nan,nan,nan,nan,nan,nan,nan,nan,nan,nan,nan,nan,nan,nan,nan,nan,nan,nan,nan,nan,nan,nan,nan,nan,nan,nan,nan,nan,nan,nan,nan,nan,nan,nan,nan,nan,nan,nan,nan,0.1310664333658087
1791059678.0669563,1.419196296187541,2.2279194867711256,1.5570276541480172,-4.3155940946547166e-07,2.5331641471466373e-06,0.0,0.0,0.0,0.0,-0.41697293475002495,-0.4196189331219438,-0.1691374205230317,0.00037611808290543305,0.0,0.0,0.0,-0.2003134951917292,3.2254970992667737,-0.00021718754659679642,0.0006742090329861008,0.0,0.0,0.0,-0.9666289993497352,2.2169107483872357,-0.01571304973381251,0.2357394892522695,nan,nan,nan,nan,nan,nan,nan,0.0,0.0,0.0,-2.874515534672997,1.5326742831328384,-0.0020784106058334664,0.00181916518563858,nan,nan,nan,nan,nan,nan,nan,nan,nan,nan,nan,nan,nan,nan,0.0,0.0,0.0,-0.6576599061267198,0.8433031931658194,-0.23125424146863088,0.012396283975403093,nan,nan,nan,nan,nan,nan,nan,nan,nan,nan,nan,nan,nan,nan,nan,nan,nan,nan,nan,nan,nan,nan,nan,nan,nan,nan,nan,nan,nan,nan,nan,nan,nan,nan,nan,nan,nan,nan,nan,nan,nan,nan,nan,nan,nan,nan,nan,nan,nan,0.12119186653081608
1791059678.1669595,1.4190795996210108,2.2362866943332023,1.5610391648857391,-3.9049945968647177e-07,2.2921507654835367e-06,0.0,0.0,0.0,0.0,-0.4349235822192133,-0.41936077604479105,-0.18340041057135043,0.005716852804303056,0.0,0.0,0.0,-0.2003347337520027,3.225481248180384,-0.0006512618496299896,-0.0015091447357059137,0.0,0.0,0.0,-0.9681831893871323,2.2395039286396963,-0.039944106556031825,0.20251030844413062,nan,nan,nan,nan,nan,nan,nan,0.0,0.0,0.0,-2.8744795179561238,1.5326419017896689,-0.018069761254838338,-0.01513858797150557,nan,nan,nan,nan,nan,nan,nan,nan,nan,nan,nan,nan,nan,nan,0.0,0.0,0.0,-0.6805034074452844,0.8441741391661,-0.22214260488989013,0.031993017983590395,nan,nan,nan,nan,nan,nan,nan,nan,nan,nan,nan,nan,nan,nan,nan,nan,nan,nan,nan,nan,nan,nan,nan,nan,nan,nan,nan,nan,nan,nan,nan,nan,nan,nan,nan,nan,nan,nan,nan,nan,nan,nan,nan,nan,nan,nan,nan,nan,nan,0.0044370572475711575
1791059678.2670088,1.419045620244143,2.236583876578857,1.5609634723984307,-3.533877206496199e-07,2.0743125612769454e-06,0.0,0.0,0.0,0.0,-0.45188915117635525,-0.419235239275029,-0.16541927227752318,0.0011902954331569167,0.0,0.0,0.0,-0.20034333939270024,3.2255048278925105,-0.0015628448675758196,0.00028990076791895125,0.0,0.0,0.0,-0.9695129300617091,2.2622391292652635,-0.030859553281040102,0.2030238365530088,nan,nan,nan,nan,nan,nan,nan,0.0,0.0,0.0,-2.874485581623902,1.5326557153274285,-0.0007554302222897141,-0.001636035523539362,nan,nan,nan,nan,nan,nan,nan,nan,nan,nan,nan,nan,nan,nan,0.0,0.0,0.0,-0.7034279856324029,0.8449785896772529,-0.220767515674464,0.01209443855155205,nan,nan,nan,nan,nan,nan,nan,nan,nan,nan,nan,nan,nan,nan,nan,nan,nan,nan,nan,nan,nan,nan,nan,nan,nan,nan,nan,nan,nan,nan,nan,nan,nan,nan,nan,nan,nan,nan,nan,nan,nan,nan,nan,nan,nan,nan,nan,nan,nan,0.005088867655918709
1791059678.3671086,1.419024199477599,2.236609932888045,1.5608021831524679,-3.1975843282330324e-07,1.8769156227622355e-06,0.0,0.0,0.0,0.0,-0.46895247273715857,-0.4191794950635136,-0.17441401524432754,0.0039051301326805303,0.0,0.0,0.0,-0.20032514594785605,3.225493282863445,2.5755273521150905e-05,-8.544474238795358e-05,0.0,0.0,0.0,-0.9708429045901094,2.284748360163508,0.0038288391427700103,0.21492399906282506,nan,nan,nan,nan,nan,nan,nan,0.0,0.0,0.0,-2.8744735528626415,1.5325938554751037,0.00042533051141878224,-0.0014799696943872693,nan,nan,nan,nan,nan,nan,nan,nan,nan,nan,nan,nan,nan,nan,0.0,0.0,0.0,-0.7263866878929992,0.8458562835247506,-0.21999205380001866,0.0067467930252174705,nan,nan,nan,nan,nan,nan,nan,nan,nan,nan,nan,nan,nan,nan,nan,nan,nan,nan,nan,nan,nan,nan,nan,nan,nan,nan,nan,nan,nan,nan,nan,nan,nan,nan,nan,nan,nan,nan,nan,nan,nan,nan,nan,nan,nan,nan,nan,nan,nan,0.004719829446240681
1791059678.4668581,1.4191841281139765,2.2364477888997967,1.5611416166213297,-2.893293948461503e-07,1.6983034865296817e-06,0.0,0.0,0.0,0.0,-0.48660222041933965,-0.41904923321682996,-0.1750491000235457,-0.00131356696016815,0.0,0.0,0.0,-0.20028537048513367,3.2254876049769314,0.004750995898267036,-0.001239958150616726,0.0,0.0,0.0,-0.9718005142006978,2.3076227148141553,0.03140643803714011,0.24170445356285472,nan,nan,nan,nan,nan,nan,nan,0.0,0.0,0.0,-2.8744871644820225,1.5325716286820288,-0.0019815657994153996,-0.0004983020876671988,nan,nan,nan,nan,nan,nan,nan,nan,nan,nan,nan,nan,nan,nan,0.0,0.0,0.0,-0.7494886035458009,0.8464567113918119,-0.23556405583198659,0.005486379212556178,nan,nan,nan,nan,nan,nan,nan,nan,nan,nan,nan,nan,nan,nan,nan,nan,nan,nan,nan,nan,nan,nan,nan,nan,nan,nan,nan,nan,nan,nan,nan,nan,nan,nan,nan,nan,nan,nan,nan,nan,nan,nan,nan,nan,nan,nan,nan,nan,nan,0.0024760126769829854
1791059678.5663798,1.419203382430753,2.236447175153233,1.560987247481531,-2.61819912341029e-07,1.5368285348542128e-06,0.0,0.0,0.0,0.0,-0.5033581020796181,-0.41900551832507293,-0.14285737430943884,-0.002556431497767073,0.0,0.0,0.0,-0.20027989719672676,3.2254950641985345,0.0032697557321099647,-0.0001879306890665414,0.0,0.0,0.0,-0.9703927182482489,2.3230970715063104,-0.12337341186237927,0.20464600300876246,nan,nan,nan,nan,nan,nan,nan,0.0,0.0,0.0,-2.8741517889541646,1.5329395838956386,-8.629594841602791e-05,0.0007197153991764289,nan,nan,nan,nan,nan,nan,nan,nan,nan,nan,nan,nan,nan,nan,0.0,0.0,0.0,-0.772463432545088,0.8472950132323042,-0.21596106929048658,-0.006321243306142464,nan,nan,nan,nan,nan,nan,nan,nan,nan,nan,nan,nan,nan,nan,nan,nan,nan,nan,nan,nan,nan,nan,nan,nan,nan,nan,nan,nan,nan,nan,nan,nan,nan,nan,nan,nan,nan,nan,nan,nan,nan,nan,nan,nan,nan,nan,nan,nan,nan,0.0009858644810438065
1791059678.66724,1.4190337062087452,2.2366034652077165,1.5609551835842543,-2.3690445355091633e-07,1.390579963898485e-06,0.0,0.0,0.0,0.0,-0.5207441671012819,-0.4188917883083992,-0.1830902026647142,0.0018621831972306202,0.0,0.0,0.0,-0.20031017616003738,3.2254902955194122,0.002394224742935833,-0.0009070382698096645,0.0,0.0,0.0,-0.9748941081829708,2.3523621113493185,-0.0137439182256205,0.2167387628405098,nan,nan,nan,nan,nan,nan,nan,0.0,0.0,0.0,-1.0218705111640665,2.3186183723611586,154.88908361679384,65.69935164507137,nan,nan,nan,nan,nan,nan,nan,nan,nan,nan,nan,nan,nan,nan,0.0,0.0,0.0,-0.7952190678156309,0.848429337482677,-0.23681095446642472,0.010854365541402134,nan,nan,nan,nan,nan,nan,nan,nan,nan,nan,nan,nan,nan,nan,nan,nan,nan,nan,nan,nan,nan,nan,nan,nan,nan,nan,nan,nan,nan,nan,nan,nan,nan,nan,nan,nan,nan,nan,nan,nan,nan,nan,nan,nan,nan,nan,nan,nan,nan,0.017037126886804765
1791059678.7671516,1.4191901669752351,2.236438846134395,1.5610990863942582,-2.1436114918184567e-07,1.258255446964246e-06,0.0,0.0,0.0,0.0,-0.5383494131347066,-0.41871236194086886,-0.17197969850960154,0.002267965452303291,0.0,0.0,0.0,-0.20031968290790197,3.225493903893368,0.002061822135451155,-0.00028687026043625085,0.0,0.0,0.0,-0.9759699937217493,2.3749879740707693,-0.010401724290831742,0.21349062195822144,nan,nan,nan,nan,nan,nan,nan,0.0,0.0,0.0,-1.0218705111640665,2.3186183723611586,154.88908361679384,65.69935164507137,nan,nan,nan,nan,nan,nan,nan,nan,nan,nan,nan,nan,nan,nan,0.0,0.0,0.0,-0.8179017434158261,0.8493773016055518,-0.21736331197099512,0.00946315777739672,nan,nan,nan,nan,nan,nan,nan,nan,nan,nan,nan,nan,nan,nan,nan,nan,nan,nan,nan,nan,nan,nan,nan,nan,nan,nan,nan,nan,nan,nan,nan,nan,nan,nan,nan,nan,nan,nan,nan,nan,nan,nan,nan,nan,nan,nan,nan,nan,nan,0.013852250172595977
1791059678.8671823,1.419191125874115,2.2364553961731497,1.5611097178497966,-1.9396778700974009e-07,1.138550644424684e-06,0.0,0.0,0.0,0.0,-0.5552172355651869,-0.4187293503487141,-0.16142906363624113,0.0007234160353987044,0.0,0.0,0.0,-0.2003234762580029,3.2254948823243645,-0.000599162699749019,-0.00041464632629832035,0.0,0.0,0.0,-0.9770287268377384,2.397700871290874,-0.013579407653394961,0.22213115016463947,nan,nan,nan,nan,nan,nan,nan,0.0,0.0,0.0,-2.873713867623161,1.643291932911799,-0.16732027509635716,-0.01157297613272321,nan,nan,nan,nan,nan,nan,nan,nan,nan,nan,nan,nan,nan,nan,0.0,0.0,0.0,-0.8407542261254523,0.8501351780912354,-0.21155613617933866,0.006477727044184168,nan,nan,nan,nan,nan,nan,nan,nan,nan,nan,nan,nan,nan,nan,nan,nan,nan,nan,nan,nan,nan,nan,nan,nan,nan,nan,nan,nan,nan,nan,nan,nan,nan,nan,nan,nan,nan,nan,nan,nan,nan,nan,nan,nan,nan,nan,nan,nan,nan,0.0019339164551894334
1791059678.967212,1.4191995941946722,2.2364528101198125,1.561100851116936,-1.755093116377231e-07,1.0302032257429841e-06,0.0,0.0,0.0,0.0,-0.572660364341973,-0.418619251221837,-0.18365599259375046,-0.008747481749474791,0.0,0.0,0.0,-0.20031306641566352,3.225491805073538,0.00014667247375203536,-0.0009846379923999522,0.0,0.0,0.0,-0.9759187674968447,2.4158328379409313,0.037592510939728783,0.21407865682947536,nan,nan,nan,nan,nan,nan,nan,0.0,0.0,0.0,-2.8895007786849916,1.6428131794953835,-0.029695677916117363,0.015120390355922693,nan,nan,nan,nan,nan,nan,nan,nan,nan,nan,nan,nan,nan,nan,0.0,0.0,0.0,-0.8641430788648938,0.8512086228139759,-0.223410571731382,0.012630448240599695,nan,nan,nan,nan,nan,nan,nan,nan,nan,nan,nan,nan,nan,nan,nan,nan,nan,nan,nan,nan,nan,nan,nan,nan,nan,nan,nan,nan,nan,nan,nan,nan,nan,nan,nan,nan,nan,nan,nan,nan,nan,nan,nan,nan,nan,nan,nan,nan,nan,0.004749688253383051
1791059679.0671883,1.4195711080412148,2.2363107402105267,1.559368666907756,-1.5880987715712885e-07,9.321810119387218e-07,0.0,0.0,0.0,0.0,-0.5898883217386609,-0.4183657203417121,-0.16222004621314565,0.0017958315834379363,0.0,0.0,0.0,-0.2003043483913726,3.225503467635784,0.0011709670441672547,0.0005122799482440026,0.0,0.0,0.0,-0.9792891403511139,2.4429291464856324,-0.016318891624711764,0.22925411031033538,nan,nan,nan,nan,nan,nan,nan,0.0,0.0,0.0,-2.88962148472623,1.64296415459561,-0.009826093458545637,0.003672950699236367,nan,nan,nan,nan,nan,nan,nan,nan,nan,nan,nan,nan,nan,nan,0.0,0.0,0.0,-0.8866183538109308,0.8524466823862912,-0.23949686943181597,0.010237862064739488,nan,nan,nan,nan,nan,nan,nan,nan,nan,nan,nan,nan,nan,nan,nan,nan,nan,nan,nan,nan,nan,nan,nan,nan,nan,nan,nan,nan,nan,nan,nan,nan,nan,nan,nan,nan,nan,nan,nan,nan,nan,nan,nan,nan,nan,nan,nan,nan,nan,0.03005732521640158
1791059679.1672256,1.4192101366938459,2.2364556252126886,1.56119216637866,-1.4369711925269028e-07,8.434722602619872e-07,0.0,0.0,0.0,0.0,-0.6066699813456459,-0.41830961313968085,-0.1736326831574222,0.004328508590352551,0.0,0.0,0.0,-0.20035464144987822,3.2255117802509594,-0.0008771567226677528,0.0006843524164617829,0.0,0.0,0.0,-0.9803476298187341,2.4653286511570056,0.010311253465150445,0.2130755472690499,nan,nan,nan,nan,nan,nan,nan,0.0,0.0,0.0,-2.889730064299612,1.6428633917057294,0.0015139177589318193,-0.008006936036642985,nan,nan,nan,nan,nan,nan,nan,nan,nan,nan,nan,nan,nan,nan,0.0,0.0,0.0,-0.909338022071359,0.8534904125222832,-0.2480597121489678,0.007167294951339982,nan,nan,nan,nan,nan,nan,nan,nan,nan,nan,nan,nan,nan,nan,nan,nan,nan,nan,nan,nan,nan,nan,nan,nan,nan,nan,nan,nan,nan,nan,nan,nan,nan,nan,nan,nan,nan,nan,nan,nan,nan,nan,nan,nan,nan,nan,nan,nan,nan,0.023513978368002796
1791059679.267174,1.4192236259774844,2.236455002890801,1.5611455950694677,-1.3002819366067338e-07,7.632385045373708e-07,0.0,0.0,0.0,0.0,-0.6237139553429093,-0.41823457190094393,-0.17614609490537209,-0.0009802060352666862,0.0,0.0,0.0,-0.20033971857670846,3.225502030032892,-0.0007944560333473383,-0.0004606688798492603,0.0,0.0,0.0,-0.981342070234549,2.4881697767267545,0.004583826063554508,0.2128625408235211,nan,nan,nan,nan,nan,nan,nan,0.0,0.0,0.0,-2.889807812386051,1.642955677438066,-0.0013250916739144607,0.0005086942239636504,nan,nan,nan,nan,nan,nan,nan,nan,nan,nan,nan,nan,nan,nan,0.0,0.0,0.0,-0.931990029561042,0.8542603093695015,-0.2315123665858226,0.012781169721190944,nan,nan,nan,nan,nan,nan,nan,nan,nan,nan,nan,nan,nan,nan,nan,nan,nan,nan,nan,nan,nan,nan,nan,nan,nan,nan,nan,nan,nan,nan,nan,nan,nan,nan,nan,nan,nan,nan,nan,nan,nan,nan,nan,nan,nan,nan,nan,nan,nan,0.0009241669245163976
1791059679.36713,1.4192089756601747,2.236437193409138,1.5610868004225087,-1.1765839785184814e-07,6.906303709567546e-07,0.0,0.0,0.0,0.0,-0.6404385239077279,-0.4179563085071703,-0.15874237602107955,-0.0009362795492184128,0.0,0.0,0.0,-0.2002902541423991,3.2255107003780554,0.002729991255326727,-0.00033448065754830303,0.0,0.0,0.0,-0.9820392777758491,2.507375988854682,-0.00042986361883302904,0.07434472201065592,nan,nan,nan,nan,nan,nan,nan,0.0,0.0,0.0,-2.889797394738159,1.6429148509691314,0.004779686410753012,-0.002994143870991828,nan,nan,nan,nan,nan,nan,nan,nan,nan,nan,nan,nan,nan,nan,0.0,0.0,0.0,-0.9549222747667279,0.8550724647808446,-0.21870735582827744,0.010328546893061013,nan,nan,nan,nan,nan,nan,nan,nan,nan,nan,nan,nan,nan,nan,nan,nan,nan,nan,nan,nan,nan,nan,nan,nan,nan,nan,nan,nan,nan,nan,nan,nan,nan,nan,nan,nan,nan,nan,nan,nan,nan,nan,nan,nan,nan,nan,nan,nan,nan,0.0015738168534862526
1791059679.467118,1.4191796598404078,2.236442833712498,1.5609642920373379,-1.064631088022913e-07,6.24916348239913e-07,0.0,0.0,0.0,0.0,-0.6570607539643395,-0.41774707575985426,-0.1744098743132011,0.0023421707141422173,0.0,0.0,0.0,-0.20032903981998063,3.22549957606715,0.0005343334979270552,-0.0006877190272692142,0.0,0.0,0.0,-0.9819986776357197,2.508044660985105,0.0027017742647530794,0.0024966635406152397,nan,nan,nan,nan,nan,nan,nan,0.0,0.0,0.0,-2.8898253049437628,1.6430463978286807,0.00043109343807723303,0.009595696054225607,nan,nan,nan,nan,nan,nan,nan,nan,nan,nan,nan,nan,nan,nan,0.0,0.0,0.0,-0.977844396095019,0.8560858666355682,-0.22169926743940238,0.007793204619346592,nan,nan,nan,nan,nan,nan,nan,nan,nan,nan,nan,nan,nan,nan,nan,nan,nan,nan,nan,nan,nan,nan,nan,nan,nan,nan,nan,nan,nan,nan,nan,nan,nan,nan,nan,nan,nan,nan,nan,nan,nan,nan,nan,nan,nan,nan,nan,nan,nan,0.014927366773293012
1791059679.5671809,1.419035371785064,2.2366211106959613,1.5611144895395228,-9.633180451640603e-08,5.654476952156972e-07,0.0,0.0,0.0,0.0,-0.6752207679362321,-0.41731145827944416,-0.17795704045282595,-0.011101183420946015,0.0,0.0,0.0,-0.2003461133705072,3.225508106196228,-0.002016822093416999,0.0013695397238654968,0.0,0.0,0.0,-0.9817601375875716,2.5080963430311574,0.002315901083033037,0.0038993299945613825,nan,nan,nan,nan,nan,nan,nan,0.0,0.0,0.0,-2.8898044617874836,1.643082831563105,0.0010166298465138222,0.007738512485621765,nan,nan,nan,nan,nan,nan,nan,nan,nan,nan,nan,nan,nan,nan,0.0,0.0,0.0,-1.0004771954586338,0.8571755357922176,-0.22338832153083626,0.014122170160428427,nan,nan,nan,nan,nan,nan,nan,nan,nan,nan,nan,nan,nan,nan,nan,nan,nan,nan,nan,nan,nan,nan,nan,nan,nan,nan,nan,nan,nan,nan,nan,nan,nan,nan,nan,nan,nan,nan,nan,nan,nan,nan,nan,nan,nan,nan,nan,nan,nan,0.016373453203775847
1791059679.6670315,1.419166228651792,2.236432623333012,1.5609182463416313,-8.716462130201618e-08,5.116382327415049e-07,0.0,0.0,0.0,0.0,-0.6927151504270153,-0.41682101513109576,-0.1690278964730278,0.00255111430261134,0.0,0.0,0.0,-0.20028979293491214,3.225475133724039,0.002749252916284452,-0.001571873505885117,0.0,0.0,0.0,-0.9817463485700906,2.50812763359685,0.00141752157944655,-7.646286938131608e-05,nan,nan,nan,nan,nan,nan,nan,0.0,0.0,0.0,-2.8898155208908634,1.6428441513336174,-0.0022613441539355975,0.004533209208693276,nan,nan,nan,nan,nan,nan,nan,nan,nan,nan,nan,nan,nan,nan,0.0,0.0,0.0,-1.02310828057733,0.8583413214754525,-0.23727879652653566,0.013813237923179667,nan,nan,nan,nan,nan,nan,nan,nan,nan,nan,nan,nan,nan,nan,nan,nan,nan,nan,nan,nan,nan,nan,nan,nan,nan,nan,nan,nan,nan,nan,nan,nan,nan,nan,nan,nan,nan,nan,nan,nan,nan,nan,nan,nan,nan,nan,nan,nan,nan,0.002527418965919478
1791059679.767053,1.4191946555554875,2.236439138112789,1.5610039932093878,-7.887106486957167e-08,4.6295677812317693e-07,0.0,0.0,0.0,0.0,-0.7105746859598363,-0.4165809697322719,-0.1814851869977894,0.0010612438003712967,0.0,0.0,0.0,-0.20034326761012694,3.22549765536262,-0.005250100924049146,0.000930210630449046,0.0,0.0,0.0,-0.9817599867700516,2.508121673520198,-0.0016970618713253354,0.0005647601519502873,nan,nan,nan,nan,nan,nan,nan,0.0,0.0,0.0,-2.8897911504249265,1.6427492914475061,-0.0009691619343194943,0.0070217364169296945,nan,nan,nan,nan,nan,nan,nan,nan,nan,nan,nan,nan,nan,nan,0.0,0.0,0.0,-1.0453412407081613,0.8593729374214434,-0.22419448466855987,0.0031571957943306588,nan,nan,nan,nan,nan,nan,nan,nan,nan,nan,nan,nan,nan,nan,nan,nan,nan,nan,nan,nan,nan,nan,nan,nan,nan,nan,nan,nan,nan,nan,nan,nan,nan,nan,nan,nan,nan,nan,nan,nan,nan,nan,nan,nan,nan,nan,nan,nan,nan,0.012568338539976973
1791059679.867124,1.4191755910299986,2.2364353267385124,1.5610621217547973,-7.136881235904438e-08,4.189201132615593e-07,0.0,0.0,0.0,0.0,-0.7291737154302292,-0.4161150153151904,-0.18308527408568287,0.005704811330340613,0.0,0.0,0.0,-0.20030703748072864,3.2254879517963335,-0.016851083227336187,0.006775868149669885,0.0,0.0,0.0,-0.9817591916047553,2.5081099829421585,0.0009534686473935127,-0.000310649585531012,nan,nan,nan,nan,nan,nan,nan,0.0,0.0,0.0,-2.8897920415418934,1.642827479929526,0.003245183295237506,0.007740288396201045,nan,nan,nan,nan,nan,nan,nan,nan,nan,nan,nan,nan,nan,nan,0.0,0.0,0.0,-1.0678974673819601,0.8607364400893552,-0.21651203198078123,0.010486465845681515,nan,nan,nan,nan,nan,nan,nan,nan,nan,nan,nan,nan,nan,nan,nan,nan,nan,nan,nan,nan,nan,nan,nan,nan,nan,nan,nan,nan,nan,nan,nan,nan,nan,nan,nan,nan,nan,nan,nan,nan,nan,nan,nan,nan,nan,nan,nan,nan,nan,0.016055366591677493
1791059679.9669063,1.4191731141029442,2.2364444029800956,1.5611363544494066,-6.45773630082927e-08,3.7905571539384716e-07,0.0,0.0,0.0,0.0,-0.7479906746007619,-0.4158347372959006,-0.19471135802119155,0.0019313984203454834,0.0,0.0,0.0,-0.20029165858979206,3.2254839386489906,0.001981257924602721,-0.00040632092184243274,0.0,0.0,0.0,-0.9817686942209487,2.5081095275753733,0.0015551186966634794,-0.0011412549817054983,nan,nan,nan,nan,nan,nan,nan,0.0,0.0,0.0,-2.8898082267846488,1.6428092088738453,-0.0007987470446280503,-0.0021669543685533857,nan,nan,nan,nan,nan,nan,nan,nan,nan,nan,nan,nan,nan,nan,0.0,0.0,0.0,-1.0907114322482798,0.8623496947393734,-0.21801748991264192,0.014146378890255199,nan,nan,nan,nan,nan,nan,nan,nan,nan,nan,nan,nan,nan,nan,nan,nan,nan,nan,nan,nan,nan,nan,nan,nan,nan,nan,nan,nan,nan,nan,nan,nan,nan,nan,nan,nan,nan,nan,nan,nan,nan,nan,nan,nan,nan,nan,nan,nan,nan,0.0013926607915428937
1791059680.0669465,1.4192063032826725,2.2364382618681202,1.561228173696762,-5.8432014427198064e-08,3.4298379492146344e-07,0.0,0.0,0.0,0.0,-0.7668055379065467,-0.4154507092473139,-0.18156131684441,0.009338159891475335,0.0,0.0,0.0,-0.20031662129178074,3.225479996010652,0.0026549545002262837,-0.0019192035723290808,0.0,0.0,0.0,-0.9817962688225258,2.5080887072881173,-0.0017870358995837289,-0.0022006961778986726,nan,nan,nan,nan,nan,nan,nan,0.0,0.0,0.0,-2.8898436540574757,1.642905911233014,-0.002451116396358569,-0.001581457415458907,nan,nan,nan,nan,nan,nan,nan,nan,nan,nan,nan,nan,nan,nan,0.0,0.0,0.0,-1.1134735137448057,0.8637763363960425,-0.2211172738078929,0.014512454997068543,nan,nan,nan,nan,nan,nan,nan,nan,nan,nan,nan,nan,nan,nan,nan,nan,nan,nan,nan,nan,nan,nan,nan,nan,nan,nan,nan,nan,nan,nan,nan,nan,nan,nan,nan,nan,nan,nan,nan,nan,nan,nan,nan,nan,nan,nan,nan,nan,nan,0.002015189215571782
1791059680.16719,1.419189707187681,2.2364160646253484,1.561100143454397,-5.2871473082321987e-08,3.103445715269064e-07,0.0,0.0,0.0,0.0,-0.7854843490219404,-0.4151042295461476,-0.19122010611685872,0.007805079210979844,0.0,0.0,0.0,-0.2003293199961451,3.2255004759314536,0.0027248883068547295,-0.0006172862011476523,0.0,0.0,0.0,-0.9818017852500676,2.508099658610458,-0.0003409392921937433,-0.0003869055956856976,nan,nan,nan,nan,nan,nan,nan,0.0,0.0,0.0,-2.889844866235119,1.6428341131106492,-0.0015260469862866234,0.0007736570614211807,nan,nan,nan,nan,nan,nan,nan,nan,nan,nan,nan,nan,nan,nan,0.0,0.0,0.0,-1.1363073082946489,0.8654147315526882,-0.2358881090401968,0.023043834315362232,nan,nan,nan,nan,nan,nan,nan,nan,nan,nan,nan,nan,nan,nan,nan,nan,nan,nan,nan,nan,nan,nan,nan,nan,nan,nan,nan,nan,nan,nan,nan,nan,nan,nan,nan,nan,nan,nan,nan,nan,nan,nan,nan,nan,nan,nan,nan,nan,nan,0.018590933903783375
1791059680.2669568,1.4191918825018992,2.236438670056014,1.5611418743304897,-4.7841039712761146e-08,2.808169719035662e-07,0.0,0.0,0.0,0.0,-0.8053374502845415,-0.41476447171458425,-0.1921703177831695,0.006767155390058023,0.0,0.0,0.0,-0.20031874420855136,3.2255032064115086,-0.0011670539380879065,0.0010580382481404143,0.0,0.0,0.0,-0.9817494032527293,2.508098714210083,0.0026160270477250534,-0.0023624786405385843,nan,nan,nan,nan,nan,nan,nan,0.0,0.0,0.0,-2.8898155872568125,1.6429023567599552,-0.001453925637804087,0.006470831559496897,nan,nan,nan,nan,nan,nan,nan,nan,nan,nan,nan,nan,nan,nan,0.0,0.0,0.0,-1.1589871715850417,0.866974967633954,-0.23193632493488736,0.02072729316092709,nan,nan,nan,nan,nan,nan,nan,nan,nan,nan,nan,nan,nan,nan,nan,nan,nan,nan,nan,nan,nan,nan,nan,nan,nan,nan,nan,nan,nan,nan,nan,nan,nan,nan,nan,nan,nan,nan,nan,nan,nan,nan,nan,nan,nan,nan,nan,nan,nan,0.0033575415290643105
1791059680.367001,1.419169279055293,2.236431300929675,1.5609888696837437,-4.328836286407727e-08,2.540937038814071e-07,0.0,0.0,0.0,0.0,-0.8248096830419871,-0.4142908797698807,-0.2056534308280153,0.01244358611701741,0.0,0.0,0.0,-0.20029193704368406,3.225491268783495,0.003458570247372943,-0.0009929963303063937,0.0,0.0,0.0,-0.9817814740342675,2.508115207314187,-0.0015511526891045162,0.001219813477990957,nan,nan,nan,nan,nan,nan,nan,0.0,0.0,0.0,-2.88981678854833,1.6427272332694907,-0.00046735896220565827,0.0001537192636656096,nan,nan,nan,nan,nan,nan,nan,nan,nan,nan,nan,nan,nan,nan,0.0,0.0,0.0,-1.181868375785804,0.8688664066240918,-0.2306817830426253,0.02621190121580106,nan,nan,nan,nan,nan,nan,nan,nan,nan,nan,nan,nan,nan,nan,nan,nan,nan,nan,nan,nan,nan,nan,nan,nan,nan,nan,nan,nan,nan,nan,nan,nan,nan,nan,nan,nan,nan,nan,nan,nan,nan,nan,nan,nan,nan,nan,nan,nan,nan,0.004471402737058287
1791059680.4669251,1.4190173158021164,2.2365845322548217,1.5608651597507435,-3.9168930497808214e-08,2.2991349103480687e-07,0.0,0.0,0.0,0.0,-0.8443533629502816,-0.4138665523266109,-0.1885131877104768,0.003995902941485477,0.0,0.0,0.0,-0.2003326108608783,3.2255067736920515,-0.00032105347647046374,0.0014405515356726278,0.0,0.0,0.0,-0.9817783034442317,2.5080897932868176,-0.0005820298752869546,0.0006096829178774973,nan,nan,nan,nan,nan,nan,nan,0.0,0.0,0.0,-2.889776013216115,1.6427455207724064,0.0027108094403761633,-0.005994701694668623,nan,nan,nan,nan,nan,nan,nan,nan,nan,nan,nan,nan,nan,nan,0.0,0.0,0.0,-1.2045755608678619,0.8707575682591455,-0.22163646342673077,0.009353824928640907,nan,nan,nan,nan,nan,nan,nan,nan,nan,nan,nan,nan,nan,nan,nan,nan,nan,nan,nan,nan,nan,nan,nan,nan,nan,nan,nan,nan,nan,nan,nan,nan,nan,nan,nan,nan,nan,nan,nan,nan,nan,nan,nan,nan,nan,nan,nan,nan,nan,0.035876150923982095
1791059680.5669522,1.4190338155750684,2.236597488942422,1.561062082754757,-3.5442497183065006e-08,2.0804010103890287e-07,0.0,0.0,0.0,0.0,-0.8639614456207584,-0.4134812772111958,-0.1906924792545129,-0.00541261038887566,0.0,0.0,0.0,-0.20037651250295432,3.225504280672355,-0.0037059556655444094,0.0007557878925380575,0.0,0.0,0.0,-0.9817602980930678,2.5081016150394215,0.0019055611772354404,0.0017006969601464287,nan,nan,nan,nan,nan,nan,nan,0.0,0.0,0.0,-2.8898069851207477,1.6427083013252122,0.0008960245051020737,-0.004512541201661989,nan,nan,nan,nan,nan,nan,nan,nan,nan,nan,nan,nan,nan,nan,0.0,0.0,0.0,-1.2273194047950602,0.8726891109348774,-0.2231942565571228,0.018188573036821525,nan,nan,nan,nan,nan,nan,nan,nan,nan,nan,nan,nan,nan,nan,nan,nan,nan,nan,nan,nan,nan,nan,nan,nan,nan,nan,nan,nan,nan,nan,nan,nan,nan,nan,nan,nan,nan,nan,nan,nan,nan,nan,nan,nan,nan,nan,nan,nan,nan,0.017027461486285034
1791059680.6669872,1.4192031787621424,2.2364336101260585,1.561169576413882,-3.2069824710351005e-08,1.8824321374931857e-07,0.0,0.0,0.0,0.0,-0.8830903814288272,-0.41284585067529167,-0.19177278892222285,0.009112223077395093,0.0,0.0,0.0,-0.20034701887567083,3.225507185678711,-0.00017266393863569031,0.0008559537118317265,0.0,0.0,0.0,-0.9817976440809216,2.5081186703462874,-0.0035140256407129723,0.0006758284569079786,nan,nan,nan,nan,nan,nan,nan,0.0,0.0,0.0,-2.889802604712177,1.6426583851326821,0.00035813594088425927,-0.010229797042356825,nan,nan,nan,nan,nan,nan,nan,nan,nan,nan,nan,nan,nan,nan,0.0,0.0,0.0,-1.2500866804645536,0.8749353309533251,-0.22539846753135445,0.037597325660383644,nan,nan,nan,nan,nan,nan,nan,nan,nan,nan,nan,nan,nan,nan,nan,nan,nan,nan,nan,nan,nan,nan,nan,nan,nan,nan,nan,nan,nan,nan,nan,nan,nan,nan,nan,nan,nan,nan,nan,nan,nan,nan,nan,nan,nan,nan,nan,nan,nan,0.0006410639824638442
1791059680.7674632,1.4191952294380623,2.2364294673440397,1.5609651026539169,-2.901797739731654e-08,1.7032950354770324e-07,0.0,0.0,0.0,0.0,-0.903141632502585,-0.41249180389266316,-0.20256303059724534,0.002556002190135913,0.0,0.0,0.0,-0.20031515810729442,3.2254937140342403,0.004268671885662642,-0.0010338418119841815,0.0,0.0,0.0,-0.9817549087976362,2.5081128413815375,0.001797418057025039,0.0008629561799012278,nan,nan,nan,nan,nan,nan,nan,0.0,0.0,0.0,-2.8897584291878493,1.6427595270655815,0.003982815744499211,-0.003951204657772993,nan,nan,nan,nan,nan,nan,nan,nan,nan,nan,nan,nan,nan,nan,0.0,0.0,0.0,-1.2728969356919015,0.8767795845523415,-0.2336040035878499,0.022410451513053955,nan,nan,nan,nan,nan,nan,nan,nan,nan,nan,nan,nan,nan,nan,nan,nan,nan,nan,nan,nan,nan,nan,nan,nan,nan,nan,nan,nan,nan,nan,nan,nan,nan,nan,nan,nan,nan,nan,nan,nan,nan,nan,nan,nan,nan,nan,nan,nan,nan,0.0021361566117095907
1791059680.8673835,1.4191819659042477,2.236440059721516,1.5612440583943228,-2.6256551753442918e-08,1.5412050825610215e-07,0.0,0.0,0.0,0.0,-0.9223708762124042,-0.4120160959916614,-0.2039022240887455,0.016547702916421894,0.0,0.0,0.0,-0.20030502909408943,3.225490856298821,0.00264744307152555,-0.000256985707523689,0.0,0.0,0.0,-0.9817535337845468,2.5081282089555663,0.0020909798345341737,0.0014459052758097157,nan,nan,nan,nan,nan,nan,nan,0.0,0.0,0.0,-2.8897895226657297,1.6427397716501566,0.0021266912381584526,-0.002184771370663586,nan,nan,nan,nan,nan,nan,nan,nan,nan,nan,nan,nan,nan,nan,0.0,0.0,0.0,-1.2957653580471558,0.8788259550101033,-0.22979168352463733,0.023609884779926572,nan,nan,nan,nan,nan,nan,nan,nan,nan,nan,nan,nan,nan,nan,nan,nan,nan,nan,nan,nan,nan,nan,nan,nan,nan,nan,nan,nan,nan,nan,nan,nan,nan,nan,nan,nan,nan,nan,nan,nan,nan,nan,nan,nan,nan,nan,nan,nan,nan,0.015137076291707283
1791059680.9670663,1.419197177096939,2.236430890359432,1.5610958479079458,-2.375822959765969e-08,1.3945587582254956e-07,0.0,0.0,0.0,0.0,-0.9424519018893005,-0.4117163466796547,-0.18966791905281502,-0.008390337447666613,0.0,0.0,0.0,-0.2003396969383522,3.225486990502814,-0.0026694262482874175,-2.1902704342277558e-05,0.0,0.0,0.0,-0.9817983455496603,2.5080975681079973,-0.00030482320062024445,0.0001710778924288436,nan,nan,nan,nan,nan,nan,nan,0.0,0.0,0.0,-2.8898561063328154,1.6427414137528262,-0.005272602302657129,-0.004969158841163791,nan,nan,nan,nan,nan,nan,nan,nan,nan,nan,nan,nan,nan,nan,0.0,0.0,0.0,-1.318515941371504,0.8810692961525132,-0.22945245043358337,0.014028129887611046,nan,nan,nan,nan,nan,nan,nan,nan,nan,nan,nan,nan,nan,nan,nan,nan,nan,nan,nan,nan,nan,nan,nan,nan,nan,nan,nan,nan,nan,nan,nan,nan,nan,nan,nan,nan,nan,nan,nan,nan,nan,nan,nan,nan,nan,nan,nan,nan,nan,0.0012023523264531677
1791059681.066987,1.4190107427898395,2.2365870832764227,1.5608988068490506,-2.1498213446258627e-08,1.2619005016533018e-07,0.0,0.0,0.0,0.0,-0.96188933548315,-0.4111180975410891,-0.203520320846319,0.01112354923778854,0.0,0.0,0.0,-0.20034290690735526,3.225498116856867,0.0018301238975270467,-0.0007695438968315955,0.0,0.0,0.0,-0.9817678997083236,2.5081381069327757,-0.000745687559496591,0.001328309870587087,nan,nan,nan,nan,nan,nan,nan,0.0,0.0,0.0,-2.8897995294774086,1.6428193734229917,0.0004261256316551926,0.0037338313528934744,nan,nan,nan,nan,nan,nan,nan,nan,nan,nan,nan,nan,nan,nan,0.0,0.0,0.0,-1.3413048449199254,0.8831350285742426,-0.22647988085022497,0.002900126224140596,nan,nan,nan,nan,nan,nan,nan,nan,nan,nan,nan,nan,nan,nan,nan,nan,nan,nan,nan,nan,nan,nan,nan,nan,nan,nan,nan,nan,nan,nan,nan,nan,nan,nan,nan,nan,nan,nan,nan,nan,nan,nan,nan,nan,nan,nan,nan,nan,nan,0.017253036029504672
1791059681.16695,1.4192147336458052,2.2364375875841844,1.5612574122518874,-1.945238795349161e-08,1.1418147921095119e-07,0.0,0.0,0.0,0.0,-0.982151213602137,-0.4109900076480789,-0.19350626369862767,-0.005441887509936735,0.0,0.0,0.0,-0.20036122802002745,3.2254943440604014,-0.0012808747245154116,0.0001331141570603583,0.0,0.0,0.0,-0.9817651404734,2.508131004917877,-0.0012697735658855334,0.0008146485620707285,nan,nan,nan,nan,nan,nan,nan,0.0,0.0,0.0,-2.889796576062233,1.6428757361999489,0.0011027269992397032,0.0036187955609284115,nan,nan,nan,nan,nan,nan,nan,nan,nan,nan,nan,nan,nan,nan,0.0,0.0,0.0,-1.3640697931509915,0.8853529128609166,-0.2263412758921905,0.019426738407859426,nan,nan,nan,nan,nan,nan,nan,nan,nan,nan,nan,nan,nan,nan,nan,nan,nan,nan,nan,nan,nan,nan,nan,nan,nan,nan,nan,nan,nan,nan,nan,nan,nan,nan,nan,nan,nan,nan,nan,nan,nan,nan,nan,nan,nan,nan,nan,nan,nan,0.001768600834541095
1791059681.2670186,1.4192099683733104,2.236438564917159,1.5611012196666993,-1.760127225777916e-08,1.0331581434592786e-07,0.0,0.0,0.0,0.0,-1.0034217727541215,-0.4105674952248587,-0.2230066429363382,0.010306434530474333,0.0,0.0,0.0,-0.20030781888606192,3.2254935845586834,-0.0005262333842953456,-0.00021223002767044438,0.0,0.0,0.0,-0.9817502839666936,2.5080958832917357,0.0008253124676650876,-0.0007934259832953078,nan,nan,nan,nan,nan,nan,nan,0.0,0.0,0.0,-2.8898256346119844,1.642762248128206,-0.004053303852151857,-0.00725092651765708,nan,nan,nan,nan,nan,nan,nan,nan,nan,nan,nan,nan,nan,nan,0.0,0.0,0.0,-1.3864800694125754,0.8873844724868245,-0.21933704924389924,0.0295121813511303,nan,nan,nan,nan,nan,nan,nan,nan,nan,nan,nan,nan,nan,nan,nan,nan,nan,nan,nan,nan,nan,nan,nan,nan,nan,nan,nan,nan,nan,nan,nan,nan,nan,nan,nan,nan,nan,nan,nan,nan,nan,nan,nan,nan,nan,nan,nan,nan,nan,0.0160500135375999
1791059681.3669894,1.4192022841268161,2.2364239792671694,1.5611381178416066,-1.5926314434974024e-08,9.348415962666671e-08,0.0,0.0,0.0,0.0,-1.0248549428073004,-0.4103210280032719,-0.2261218950610805,-0.0018176989951893031,0.0,0.0,0.0,-0.20032826366706255,3.2255131529965277,-0.0009599881401428874,0.0012163902250055699,0.0,0.0,0.0,-0.9817645070381209,2.508117446518831,0.0012051996066347,0.0007677537957183857,nan,nan,nan,nan,nan,nan,nan,0.0,0.0,0.0,-2.88977823947987,1.6427744730089864,0.00046560655294290167,-0.006244133643132359,nan,nan,nan,nan,nan,nan,nan,nan,nan,nan,nan,nan,nan,nan,0.0,0.0,0.0,-1.4091326220747054,0.8897698819114469,-0.22093981632626963,0.031204768748574658,nan,nan,nan,nan,nan,nan,nan,nan,nan,nan,nan,nan,nan,nan,nan,nan,nan,nan,nan,nan,nan,nan,nan,nan,nan,nan,nan,nan,nan,nan,nan,nan,nan,nan,nan,nan,nan,nan,nan,nan,nan,nan,nan,nan,nan,nan,nan,nan,nan,0.0033039448595609307
1791059681.4671142,1.4192104573007425,2.236435827894961,1.5612365113204643,-1.4410725236906796e-08,8.458796565165434e-08,0.0,0.0,0.0,0.0,-1.0469505011276967,-0.4097545076611242,-0.2238031753278435,0.020224757399082385,0.0,0.0,0.0,-0.20030676715105444,3.2255182417184107,0.0016040532017844362,0.0007636860048200072,0.0,0.0,0.0,-0.9817531009901148,2.5081092083272143,0.0033396370845792406,0.0006177499980065141,nan,nan,nan,nan,nan,nan,nan,0.0,0.0,0.0,-2.8897999877710214,1.6428267320852792,0.0004339496669217689,0.0038865741920693564,nan,nan,nan,nan,nan,nan,nan,nan,nan,nan,nan,nan,nan,nan,0.0,0.0,0.0,-1.4317627871009118,0.8924847571063521,-0.21987409052971701,0.017793778959778895,nan,nan,nan,nan,nan,nan,nan,nan,nan,nan,nan,nan,nan,nan,nan,nan,nan,nan,nan,nan,nan,nan,nan,nan,nan,nan,nan,nan,nan,nan,nan,nan,nan,nan,nan,nan,nan,nan,nan,nan,nan,nan,nan,nan,nan,nan,nan,nan,nan,0.01574802525735414
1791059681.5670352,1.419188314468564,2.23642895658524,1.5609021391700797,-1.3039363419673758e-08,7.653835646231159e-08,0.0,0.0,0.0,0.0,-1.0676848557838807,-0.4095202158829824,-0.1998686659930647,0.0015458152488023343,0.0,0.0,0.0,-0.20029101013425493,3.225498108243747,0.0022756287221792756,0.0009133103013076342,0.0,0.0,0.0,-0.9818126184586861,2.5081070309709426,-0.0040327099542514545,-0.000745886031437137,nan,nan,nan,nan,nan,nan,nan,0.0,0.0,0.0,-2.8898181706869783,1.642830412543703,-0.0007575025033037118,0.0004024350989438386,nan,nan,nan,nan,nan,nan,nan,nan,nan,nan,nan,nan,nan,nan,0.0,0.0,0.0,-1.4543408669867322,0.8947348064081244,-0.22796970695699936,0.013802563295489262,nan,nan,nan,nan,nan,nan,nan,nan,nan,nan,nan,nan,nan,nan,nan,nan,nan,nan,nan,nan,nan,nan,nan,nan,nan,nan,nan,nan,nan,nan,nan,nan,nan,nan,nan,nan,nan,nan,nan,nan,nan,nan,nan,nan,nan,nan,nan,nan,nan,0.0009540947636038145
1791059681.666982,1.419202375653862,2.236430031290289,1.5610495883166247,-1.1798516050556961e-08,6.925483999021995e-08,0.0,0.0,0.0,0.0,-1.087453737076254,-0.40900541178088357,-0.21177361610389156,0.01491026003330683,0.0,0.0,0.0,-0.20034482076361612,3.225499071555803,-0.0002667211734412294,-0.0005422715525180764,0.0,0.0,0.0,-0.9817488910783309,2.5081152911173725,-0.00019889586198612965,0.00031411585180234866,nan,nan,nan,nan,nan,nan,nan,0.0,0.0,0.0,-2.8898360047219365,1.6428291200887526,-0.0043162000536749135,0.00732511990900645,nan,nan,nan,nan,nan,nan,nan,nan,nan,nan,nan,nan,nan,nan,0.0,0.0,0.0,-1.476937678701296,0.8970235273904265,-0.226855509118859,0.017755556842176477,nan,nan,nan,nan,nan,nan,nan,nan,nan,nan,nan,nan,nan,nan,nan,nan,nan,nan,nan,nan,nan,nan,nan,nan,nan,nan,nan,nan,nan,nan,nan,nan,nan,nan,nan,nan,nan,nan,nan,nan,nan,nan,nan,nan,nan,nan,nan,nan,nan,0.0075836790836225675
1791059681.7669675,1.419036600540316,2.2365909886343935,1.5608955665440882,-1.0676021223006511e-08,6.26660283685935e-08,0.0,0.0,0.0,0.0,-1.1081093550795762,-0.40858466628712165,-0.20505591269785256,0.008432233628499033,0.0,0.0,0.0,-0.2002899772605308,3.2255032482171067,0.0017082220483624713,-0.00016911251455671832,0.0,0.0,0.0,-0.9817639948252668,2.5081209877478097,0.00030719478634746165,0.00015556474354308362,nan,nan,nan,nan,nan,nan,nan,0.0,0.0,0.0,-2.8897859278104443,1.6427825835973904,0.0025929700247268885,0.0010148299839731752,nan,nan,nan,nan,nan,nan,nan,nan,nan,nan,nan,nan,nan,nan,0.0,0.0,0.0,-1.4998236628411845,0.8992837531958411,-0.22928040528913185,0.027780281320460676,nan,nan,nan,nan,nan,nan,nan,nan,nan,nan,nan,nan,nan,nan,nan,nan,nan,nan,nan,nan,nan,nan,nan,nan,nan,nan,nan,nan,nan,nan,nan,nan,nan,nan,nan,nan,nan,nan,nan,nan,nan,nan,nan,nan,nan,nan,nan,nan,nan,0.015066491999057357
1791059681.867277,1.4191817764754031,2.236439092807717,1.561048247821264,-9.660063481497087e-09,5.6702567326241575e-08,0.0,0.0,0.0,0.0,-1.1293822689910955,-0.4081098859385777,-0.21107186848569814,0.0017100542546909802,0.0,0.0,0.0,-0.20032700722478744,3.2255009866069155,-0.0016023580328755906,9.835728342542772e-05,0.0,0.0,0.0,-0.9818089738110227,2.5081157890916206,-0.0025709001051754457,-0.0013113515725038357,nan,nan,nan,nan,nan,nan,nan,0.0,0.0,0.0,-2.8898535200918465,1.642719052221966,-0.0012076893325373111,0.002544250641987493,nan,nan,nan,nan,nan,nan,nan,nan,nan,nan,nan,nan,nan,nan,0.0,0.0,0.0,-1.5227522189357259,0.9011435586199996,-0.23058501556583694,0.024450289413390412,nan,nan,nan,nan,nan,nan,nan,nan,nan,nan,nan,nan,nan,nan,nan,nan,nan,nan,nan,nan,nan,nan,nan,nan,nan,nan,nan,nan,nan,nan,nan,nan,nan,nan,nan,nan,nan,nan,nan,nan,nan,nan,nan,nan,nan,nan,nan,nan,nan,0.00017309482596699442
1791059681.9671333,1.4191818220511552,2.236439317791309,1.56126897578053,-8.740870857196923e-09,5.130709743466201e-08,0.0,0.0,0.0,0.0,-1.1500461457776148,-0.4074292594393405,-0.2233127353409172,0.010202876146302853,0.0,0.0,0.0,-0.20032836616145192,3.225500326220446,0.0016308190019889458,-0.0007923788948499311,0.0,0.0,0.0,-0.9817457662409474,2.5081249068077907,0.00028128473845619715,0.0011243361176328263,nan,nan,nan,nan,nan,nan,nan,0.0,0.0,0.0,-2.889841256792091,1.6429386304585376,0.00023105610123832989,0.012451661759219527,nan,nan,nan,nan,nan,nan,nan,nan,nan,nan,nan,nan,nan,nan,0.0,0.0,0.0,-1.545654439561029,0.9031617074524307,-0.22493300607115846,0.025339056297155698,nan,nan,nan,nan,nan,nan,nan,nan,nan,nan,nan,nan,nan,nan,nan,nan,nan,nan,nan,nan,nan,nan,nan,nan,nan,nan,nan,nan,nan,nan,nan,nan,nan,nan,nan,nan,nan,nan,nan,nan,nan,nan,nan,nan,nan,nan,nan,nan,nan,0.021222753298548357
1791059682.0670958,1.4195756189387008,2.236303864597419,1.5594916591132386,-7.909067020411135e-09,4.6424581584956363e-08,0.0,0.0,0.0,0.0,-1.1717138211895053,-0.4069564725745583,-0.18550475079162407,0.008502642477037217,0.0,0.0,0.0,-0.2003326346804645,3.225503799553289,-0.016350456676463145,0.007109365101071465,0.0,0.0,0.0,-0.9818019785298521,2.5080872784183597,-0.0010799633788373892,-0.00039577489182237734,nan,nan,nan,nan,nan,nan,nan,0.0,0.0,0.0,-2.889834749277554,1.6427740929029455,-0.0007733638380633663,-0.014785726536235536,nan,nan,nan,nan,nan,nan,nan,nan,nan,nan,nan,nan,nan,nan,0.0,0.0,0.0,-1.568646327804331,0.9052059693797915,-0.2193512465438079,0.013152281382647462,nan,nan,nan,nan,nan,nan,nan,nan,nan,nan,nan,nan,nan,nan,nan,nan,nan,nan,nan,nan,nan,nan,nan,nan,nan,nan,nan,nan,nan,nan,nan,nan,nan,nan,nan,nan,nan,nan,nan,nan,nan,nan,nan,nan,nan,nan,nan,nan,nan,0.03075531393913081
1791059682.1672149,1.419179824036127,2.2364330523810345,1.5612265012320676,-7.156617654734069e-09,4.200786000764853e-08,0.0,0.0,0.0,0.0,-1.1924224135555375,-0.4067032542224795,-0.21242661875176305,0.0015949506313459845,0.0,0.0,0.0,-0.20035572884116032,3.2255093263872716,-0.0038714295611186754,0.0012298190193097895,0.0,0.0,0.0,-0.9818229234967984,2.5080922198814246,-0.004138917457065138,-0.000671901955203345,nan,nan,nan,nan,nan,nan,nan,0.0,0.0,0.0,-2.8898037869485775,1.6428605674393313,0.0006603476729375879,-0.00442739784313543,nan,nan,nan,nan,nan,nan,nan,nan,nan,nan,nan,nan,nan,nan,0.0,0.0,0.0,-1.5915938814470671,0.907309927740608,-0.23268906766661654,0.016536102207038265,nan,nan,nan,nan,nan,nan,nan,nan,nan,nan,nan,nan,nan,nan,nan,nan,nan,nan,nan,nan,nan,nan,nan,nan,nan,nan,nan,nan,nan,nan,nan,nan,nan,nan,nan,nan,nan,nan,nan,nan,nan,nan,nan,nan,nan,nan,nan,nan,nan,0.0006412000069538377
1791059682.2672253,1.4192017797566356,2.2364241365498083,1.560932905886761,-6.4758402538275375e-09,3.8011837985327005e-08,0.0,0.0,0.0,0.0,-1.2130675969181808,-0.4062690044611876,-0.2349277066869847,0.023746791980100303,0.0,0.0,0.0,-0.20033651337053401,3.225495115247897,0.00023565476290990205,-0.001931822149046115,0.0,0.0,0.0,-0.9817636473410871,2.5080894778194542,-0.0006414766899676299,9.833712000806717e-05,nan,nan,nan,nan,nan,nan,nan,0.0,0.0,0.0,-2.889854574549033,1.64275861384868,-0.002811139947617256,-0.007958244624762408,nan,nan,nan,nan,nan,nan,nan,nan,nan,nan,nan,nan,nan,nan,0.0,0.0,0.0,-1.6143637996259195,0.909505526133868,-0.23501556383349206,0.025228314376683672,nan,nan,nan,nan,nan,nan,nan,nan,nan,nan,nan,nan,nan,nan,nan,nan,nan,nan,nan,nan,nan,nan,nan,nan,nan,nan,nan,nan,nan,nan,nan,nan,nan,nan,nan,nan,nan,nan,nan,nan,nan,nan,nan,nan,nan,nan,nan,nan,nan,0.018054135093304332
1791059682.366986,1.419199303527387,2.236441072751606,1.56117576736422,-5.859798740805191e-09,3.4395802186513e-08,0.0,0.0,0.0,0.0,-1.2358791840931116,-0.4060146948744354,-0.2584545874845521,0.004764021497642225,0.0,0.0,0.0,-0.2003097772298539,3.225496054466449,0.000972364402515552,8.237267955837647e-05,0.0,0.0,0.0,-0.9817699466101544,2.5080787607242425,0.0002570275016238627,-0.0001492632254245608,nan,nan,nan,nan,nan,nan,nan,0.0,0.0,0.0,-2.889770985042369,1.6427059054661048,0.0032123630706773045,-0.00413514463998151,nan,nan,nan,nan,nan,nan,nan,nan,nan,nan,nan,nan,nan,nan,0.0,0.0,0.0,-1.6371970960800437,0.9116435340931418,-0.23512054161912357,0.04519989144921695,nan,nan,nan,nan,nan,nan,nan,nan,nan,nan,nan,nan,nan,nan,nan,nan,nan,nan,nan,nan,nan,nan,nan,nan,nan,nan,nan,nan,nan,nan,nan,nan,nan,nan,nan,nan,nan,nan,nan,nan,nan,nan,nan,nan,nan,nan,nan,nan,nan,0.009396579363196775
1791059682.4671721,1.4190174749835456,2.2365947332598806,1.5607078780293964,-5.302165164583087e-09,3.112260885194844e-08,0.0,0.0,0.0,0.0,-1.2580751340260008,-0.405211928611211,-0.22670157422261378,0.0017011292393999016,0.0,0.0,0.0,-0.20028267987867787,3.2254936488895565,0.0018621531417275276,0.0005711268822757154,0.0,0.0,0.0,-0.9818497195759153,2.508066497005271,-0.006219708033443173,0.0007041161456440559,nan,nan,nan,nan,nan,nan,nan,0.0,0.0,0.0,-2.889842133203724,1.6426773999111068,-0.0011428785344158776,-0.008634639663950179,nan,nan,nan,nan,nan,nan,nan,nan,nan,nan,nan,nan,nan,nan,0.0,0.0,0.0,-1.6599527604955466,0.913345803966308,-0.231472896729805,0.02618455140568232,nan,nan,nan,nan,nan,nan,nan,nan,nan,nan,nan,nan,nan,nan,nan,nan,nan,nan,nan,nan,nan,nan,nan,nan,nan,nan,nan,nan,nan,nan,nan,nan,nan,nan,nan,nan,nan,nan,nan,nan,nan,nan,nan,nan,nan,nan,nan,nan,nan,0.017684500228115567
1791059682.5670063,1.4192118142806438,2.236429348196183,1.5612048995705046,-4.797597439098294e-09,2.816090104539517e-08,0.0,0.0,0.0,0.0,-1.2805806440571585,-0.40449224282016927,-0.24205235459591123,0.003006720810667324,0.0,0.0,0.0,-0.2003421162568322,3.2254779663120527,-0.00016537546478197538,-0.0004727967278966191,0.0,0.0,0.0,-0.9817552653950369,2.508104061955626,0.0015516862193154033,-4.327510278547816e-05,nan,nan,nan,nan,nan,nan,nan,0.0,0.0,0.0,-2.889827832094509,1.6426562490204033,-0.00036953758693865943,-0.006296422991444213,nan,nan,nan,nan,nan,nan,nan,nan,nan,nan,nan,nan,nan,nan,0.0,0.0,0.0,-1.6828160970526542,0.915174451357436,-0.22836786992931488,0.0023318295703528727,nan,nan,nan,nan,nan,nan,nan,nan,nan,nan,nan,nan,nan,nan,nan,nan,nan,nan,nan,nan,nan,nan,nan,nan,nan,nan,nan,nan,nan,nan,nan,nan,nan,nan,nan,nan,nan,nan,nan,nan,nan,nan,nan,nan,nan,nan,nan,nan,nan,0.0010193500247660777
1791059682.667002,1.4190207729343873,2.2365958730888833,1.5611107842870318,-4.3410456809963115e-09,2.5481036999855833e-08,0.0,0.0,0.0,0.0,-1.3029712612647422,-0.4036895221974446,-0.2494486783352509,0.024741017171788605,0.0,0.0,0.0,-0.20032869171121714,3.225486281573158,-0.0026919372160545177,-0.0001553260122218847,0.0,0.0,0.0,-0.9817289606119144,2.5081098179641885,0.0005940204537615586,-0.00031895420040347244,nan,nan,nan,nan,nan,nan,nan,0.0,0.0,0.0,-2.8898063925474617,1.642676784482938,-0.000542064833704674,-0.00925049315658762,nan,nan,nan,nan,nan,nan,nan,nan,nan,nan,nan,nan,nan,nan,0.0,0.0,0.0,-1.7056398668270236,0.9169704937686702,-0.2304936256814225,0.006349501644350225,nan,nan,nan,nan,nan,nan,nan,nan,nan,nan,nan,nan,nan,nan,nan,nan,nan,nan,nan,nan,nan,nan,nan,nan,nan,nan,nan,nan,nan,nan,nan,nan,nan,nan,nan,nan,nan,nan,nan,nan,nan,nan,nan,nan,nan,nan,nan,nan,nan,0.01757259362108912
1791059682.7670426,1.4190349035390284,2.2365938359135034,1.5609107100204143,-3.9279405668597695e-09,2.3056195735405695e-08,0.0,0.0,0.0,0.0,-1.3241009277019142,-0.40255832590811796,-0.2136636910989112,0.022848762461326885,0.0,0.0,0.0,-0.2003291703753368,3.225492367381317,0.0010114974278289742,-0.00034262106789839544,0.0,0.0,0.0,-0.9817509650286652,2.5081099444131367,0.0035319432439779694,0.0004838312637337883,nan,nan,nan,nan,nan,nan,nan,0.0,0.0,0.0,-2.8897901419940717,1.6428756790477854,0.0008416331755282691,0.004308211568270388,nan,nan,nan,nan,nan,nan,nan,nan,nan,nan,nan,nan,nan,nan,0.0,0.0,0.0,-1.7285413993870173,0.9189651624364527,-0.2216234051847195,0.018276739178008466,nan,nan,nan,nan,nan,nan,nan,nan,nan,nan,nan,nan,nan,nan,nan,nan,nan,nan,nan,nan,nan,nan,nan,nan,nan,nan,nan,nan,nan,nan,nan,nan,nan,nan,nan,nan,nan,nan,nan,nan,nan,nan,nan,nan,nan,nan,nan,nan,nan,0.005423815633581354
1791059682.8676085,1.4192086401625708,2.236436676065415,1.5611218568101148,-3.554147601884164e-09,2.08621086258125e-08,0.0,0.0,0.0,0.0,-1.3451020477152593,-0.4015529787330907,-0.19791678596198659,0.010842310818416445,0.0,0.0,0.0,-0.2003234618261994,3.225495403611821,0.0006635863067669253,0.0007006757281798753,0.0,0.0,0.0,-0.981751152454593,2.508097589609826,0.0013402636366737681,-0.001085667396633541,nan,nan,nan,nan,nan,nan,nan,0.0,0.0,0.0,-2.8898353337705713,1.6428128593227806,-0.0018671214297630685,0.0022990692386404355,nan,nan,nan,nan,nan,nan,nan,nan,nan,nan,nan,nan,nan,nan,0.0,0.0,0.0,-1.750362388963534,0.9200199560365343,-0.23166078772741014,0.02140936891869361,nan,nan,nan,nan,nan,nan,nan,nan,nan,nan,nan,nan,nan,nan,nan,nan,nan,nan,nan,nan,nan,nan,nan,nan,nan,nan,nan,nan,nan,nan,nan,nan,nan,nan,nan,nan,nan,nan,nan,nan,nan,nan,nan,nan,nan,nan,nan,nan,nan,0.02250761752896189
1791059682.9678814,1.4191931892847736,2.236436554789053,1.5611920809594204,-3.2159257404644745e-09,1.8876816509969747e-08,0.0,0.0,0.0,0.0,-1.366218191010306,-0.40099409408885545,-0.22497989688013625,0.0029155837327163618,0.0,0.0,0.0,-0.2003227480707272,3.2254953817343486,0.001474248371876416,0.0003530779749361596,0.0,0.0,0.0,-0.9817466828266984,2.508095323921736,0.001464732204495972,-0.0014905669596337863,nan,nan,nan,nan,nan,nan,nan,0.0,0.0,0.0,-2.8897875026092423,1.6426855412209873,-0.0012370102857072846,-0.005639654729585368,nan,nan,nan,nan,nan,nan,nan,nan,nan,nan,nan,nan,nan,nan,0.0,0.0,0.0,-1.7734670627687947,0.9219857586251137,-0.21993951850577007,0.025606458870854363,nan,nan,nan,nan,nan,nan,nan,nan,nan,nan,nan,nan,nan,nan,nan,nan,nan,nan,nan,nan,nan,nan,nan,nan,nan,nan,nan,nan,nan,nan,nan,nan,nan,nan,nan,nan,nan,nan,nan,nan,nan,nan,nan,nan,nan,nan,nan,nan,nan,0.001033595110438718
1791059683.0671263,1.4191763799084414,2.236423907828771,1.5610794909328018,-2.910372121252746e-09,1.7083280194363186e-08,0.0,0.0,0.0,0.0,-1.3875687984378493,-0.40028548657305857,-0.21668302738318534,0.009009387115968917,0.0,0.0,0.0,-0.2003294058856028,3.22550094750504,-0.002451554049216645,0.0005912881485817194,0.0,0.0,0.0,-0.9817496855393402,2.508108590220336,0.0024552117752379456,0.0003662894518878716,nan,nan,nan,nan,nan,nan,nan,0.0,0.0,0.0,-2.889822763715894,1.6427349241789282,0.0011836049169185888,0.00026368447934897775,nan,nan,nan,nan,nan,nan,nan,nan,nan,nan,nan,nan,nan,nan,0.0,0.0,0.0,-1.7961240429833123,0.9240913818726211,-0.2209265544103936,0.03175444909057152,nan,nan,nan,nan,nan,nan,nan,nan,nan,nan,nan,nan,nan,nan,nan,nan,nan,nan,nan,nan,nan,nan,nan,nan,nan,nan,nan,nan,nan,nan,nan,nan,nan,nan,nan,nan,nan,nan,nan,nan,nan,nan,nan,nan,nan,nan,nan,nan,nan,0.0036590626703343144
1791059683.1678424,1.4191778248717644,2.236446833758425,1.5612595842374146,-2.6334135965836417e-09,1.545759114773255e-08,0.0,0.0,0.0,0.0,-1.4082680861657317,-0.39964586623611426,-0.17639533281164144,-0.008292372009812927,0.0,0.0,0.0,-0.20033060034598088,3.225500259399636,-0.0002774039737903272,-0.000178706206802938,0.0,0.0,0.0,-0.981825629713568,2.5081076776401656,-0.00517638874922373,-0.0008190020539454478,nan,nan,nan,nan,nan,nan,nan,0.0,0.0,0.0,-2.8897849417555217,1.6427974297957202,-0.00495435195204431,0.017595607027473176,nan,nan,nan,nan,nan,nan,nan,nan,nan,nan,nan,nan,nan,nan,0.0,0.0,0.0,-1.8169903083540768,0.9254811319907879,-0.2143308102525111,0.01769919692564275,nan,nan,nan,nan,nan,nan,nan,nan,nan,nan,nan,nan,nan,nan,nan,nan,nan,nan,nan,nan,nan,nan,nan,nan,nan,nan,nan,nan,nan,nan,nan,nan,nan,nan,nan,nan,nan,nan,nan,nan,nan,nan,nan,nan,nan,nan,nan,nan,nan,0.002830857693755316
1791059683.2671869,1.4191982763717796,2.236450253994586,1.5612644561681919,-2.3831123855614098e-09,1.3988374998479215e-08,0.0,0.0,0.0,0.0,-1.4276023991151252,-0.3997691383385642,-0.2080108952427455,0.0038836870385271383,0.0,0.0,0.0,-0.20030739523247973,3.2254983246747604,0.0003091729063911707,-6.963185332730615e-05,0.0,0.0,0.0,-0.9817660947336158,2.508106947212281,0.0027584975477409693,0.0009562827811637615,nan,nan,nan,nan,nan,nan,nan,0.0,0.0,0.0,-2.889782554315109,1.6427179960706864,0.0031805859265305603,0.005854590432838576,nan,nan,nan,nan,nan,nan,nan,nan,nan,nan,nan,nan,nan,nan,0.0,0.0,0.0,-1.8394816462093204,0.9277463754427242,-0.236463548095092,0.018218814133754563,nan,nan,nan,nan,nan,nan,nan,nan,nan,nan,nan,nan,nan,nan,nan,nan,nan,nan,nan,nan,nan,nan,nan,nan,nan,nan,nan,nan,nan,nan,nan,nan,nan,nan,nan,nan,nan,nan,nan,nan,nan,nan,nan,nan,nan,nan,nan,nan,nan,0.006485824871152812
1791059683.3671398,1.4191994443185567,2.236449112373973,1.5611666446749863,-2.156424441018549e-09,1.2657763821636633e-08,0.0,0.0,0.0,0.0,-1.4497739189550283,-0.4000010161226888,-0.25494373582089225,-0.025611819734555074,0.0,0.0,0.0,-0.2002935641417277,3.2254953372351465,0.003905314492415465,-0.0007908262852089091,0.0,0.0,0.0,-0.9817607613836767,2.508118493693357,-0.0003756714930742578,0.0023706928340347577,nan,nan,nan,nan,nan,nan,nan,0.0,0.0,0.0,-2.8898132717769474,1.6428048518504066,0.00033731441944848855,0.0016283802144576006,nan,nan,nan,nan,nan,nan,nan,nan,nan,nan,nan,nan,nan,nan,0.0,0.0,0.0,-1.8621269427907763,0.9299488759896982,-0.2273254604362203,0.02502173358568076,nan,nan,nan,nan,nan,nan,nan,nan,nan,nan,nan,nan,nan,nan,nan,nan,nan,nan,nan,nan,nan,nan,nan,nan,nan,nan,nan,nan,nan,nan,nan,nan,nan,nan,nan,nan,nan,nan,nan,nan,nan,nan,nan,nan,nan,nan,nan,nan,nan,0.00404215358658872
1791059683.4672136,1.4193810274830283,2.236469040342893,1.5590184258472197,-1.9513403336315487e-09,1.1453962684208565e-08,0.0,0.0,0.0,0.0,-1.47252252734909,-0.39563040816696815,-0.21402651329349684,0.03461092676140731,0.0,0.0,0.0,-0.20031053777480656,3.225509253116322,0.0008057747346527589,0.00036806861932448345,0.0,0.0,0.0,-0.9817406061357885,2.508097971677676,0.0032160449436914504,0.00018091475587421387,nan,nan,nan,nan,nan,nan,nan,0.0,0.0,0.0,-2.889837026686752,1.6426484073464531,-0.004554296300407125,-0.0020464339010678846,nan,nan,nan,nan,nan,nan,nan,nan,nan,nan,nan,nan,nan,nan,0.0,0.0,0.0,-1.884925895325545,0.9319363698071075,-0.22466296007173275,0.02675063846866208,nan,nan,nan,nan,nan,nan,nan,nan,nan,nan,nan,nan,nan,nan,nan,nan,nan,nan,nan,nan,nan,nan,nan,nan,nan,nan,nan,nan,nan,nan,nan,nan,nan,nan,nan,nan,nan,nan,nan,nan,nan,nan,nan,nan,nan,nan,nan,nan,nan,0.026977293623262632
1791059683.5672626,1.419026209192552,2.236594004278188,1.5609362093323838,-1.765645749772876e-09,1.0363974024865616e-08,0.0,0.0,0.0,0.0,-1.4941784214460234,-0.395160141121027,-0.1950074934379668,0.003930290909840559,0.0,0.0,0.0,-0.20033149837470113,3.225518252737423,-0.00016737224107445366,0.0006397561442348519,0.0,0.0,0.0,-0.9817538709618349,2.508111262121412,0.0034596308646897764,0.0007169057543852399,nan,nan,nan,nan,nan,nan,nan,0.0,0.0,0.0,-2.8898110783839153,1.6427762424053807,0.0010095450657108675,-0.0017212960427781991,nan,nan,nan,nan,nan,nan,nan,nan,nan,nan,nan,nan,nan,nan,0.0,0.0,0.0,-1.9076836885526836,0.9337223877910943,-0.21292636404859122,0.01715430719496899,nan,nan,nan,nan,nan,nan,nan,nan,nan,nan,nan,nan,nan,nan,nan,nan,nan,nan,nan,nan,nan,nan,nan,nan,nan,nan,nan,nan,nan,nan,nan,nan,nan,nan,nan,nan,nan,nan,nan,nan,nan,nan,nan,nan,nan,nan,nan,nan,nan,0.013217403296842012
1791059683.6670535,1.4191965975544427,2.2364664941332966,1.5612436186143837,-1.5976686480784538e-09,9.377983307895837e-09,0.0,0.0,0.0,0.0,-1.5157870405864244,-0.3946140595014525,-0.2301725558463984,0.003022363251861302,0.0,0.0,0.0,-0.20030447989649644,3.2255015901640305,0.0002793929505860941,-0.00034399005089551547,0.0,0.0,0.0,-0.9817425013652594,2.508102430641196,0.003807035490724469,8.397716587525217e-05,nan,nan,nan,nan,nan,nan,nan,0.0,0.0,0.0,-2.8898262309301406,1.6427491626008497,-0.0027386252094414127,-0.008327401598777137,nan,nan,nan,nan,nan,nan,nan,nan,nan,nan,nan,nan,nan,nan,0.0,0.0,0.0,-1.9306235147602395,0.9355673143511113,-0.22510949772432712,0.012631043227055903,nan,nan,nan,nan,nan,nan,nan,nan,nan,nan,nan,nan,nan,nan,nan,nan,nan,nan,nan,nan,nan,nan,nan,nan,nan,nan,nan,nan,nan,nan,nan,nan,nan,nan,nan,nan,nan,nan,nan,nan,nan,nan,nan,nan,nan,nan,nan,nan,nan,0.003504653137904701
1791059683.767047,1.419183650302466,2.23645725828363,1.5613212585081797,-1.4456320691459884e-09,8.48556015048264e-09,0.0,0.0,0.0,0.0,-1.5379652618839754,-0.3938725614281191,-0.23004994062030448,0.02561493242756363,0.0,0.0,0.0,-0.20030142331677506,3.225498275490712,-0.00036533236551093717,-0.0005956544455238118,0.0,0.0,0.0,-0.981742178065786,2.5080969941609004,0.0015995746879492268,-0.0003386231167864057,nan,nan,nan,nan,nan,nan,nan,0.0,0.0,0.0,-2.8898009496319275,1.6428825844160355,0.003747929117564175,0.008748427935422081,nan,nan,nan,nan,nan,nan,nan,nan,nan,nan,nan,nan,nan,nan,0.0,0.0,0.0,-1.9534694481534187,0.9374443732285979,-0.229474907640503,0.00799821833876623,nan,nan,nan,nan,nan,nan,nan,nan,nan,nan,nan,nan,nan,nan,nan,nan,nan,nan,nan,nan,nan,nan,nan,nan,nan,nan,nan,nan,nan,nan,nan,nan,nan,nan,nan,nan,nan,nan,nan,nan,nan,nan,nan,nan,nan,nan,nan,nan,nan,0.0033910575000853605
1791059683.867002,1.4190325202286413,2.236597113839456,1.5609252120909825,-1.3080908572528373e-09,7.678221788530633e-09,0.0,0.0,0.0,0.0,-1.5597498153388936,-0.3935540470333818,-0.20514895110506964,-0.019771118567473933,0.0,0.0,0.0,-0.20033882895512828,3.2254954684306023,-0.00013459132393646228,-0.0004202978111811971,0.0,0.0,0.0,-0.9817635743654314,2.5081068725593747,0.0019095603967132896,0.0014022335068923713,nan,nan,nan,nan,nan,nan,nan,0.0,0.0,0.0,-2.8898120753966268,1.642793563530106,-0.0003443966567691787,0.006053598638582187,nan,nan,nan,nan,nan,nan,nan,nan,nan,nan,nan,nan,nan,nan,0.0,0.0,0.0,-1.9762701569982137,0.9392303142241033,-0.2328412600933554,0.015285892555665473,nan,nan,nan,nan,nan,nan,nan,nan,nan,nan,nan,nan,nan,nan,nan,nan,nan,nan,nan,nan,nan,nan,nan,nan,nan,nan,nan,nan,nan,nan,nan,nan,nan,nan,nan,nan,nan,nan,nan,nan,nan,nan,nan,nan,nan,nan,nan,nan,nan,0.003968302909821474
1791059683.9670093,1.4191921945908863,2.236439155682595,1.5611504127121858,-1.1836289620153076e-09,6.947656300242151e-09,0.0,0.0,0.0,0.0,-1.580962517480727,-0.39280870708049215,-0.2081615401264292,0.006586517198852879,0.0,0.0,0.0,-0.20029638587027052,3.22550075075215,0.0045694426307249505,-0.0007485591980291942,0.0,0.0,0.0,-0.9818049044107433,2.508094950604076,0.0006950221340046084,-0.0011024987081035538,nan,nan,nan,nan,nan,nan,nan,0.0,0.0,0.0,-2.8898009115446377,1.6430039726060854,0.0016746896088760462,0.0020970365239325966,nan,nan,nan,nan,nan,nan,nan,nan,nan,nan,nan,nan,nan,nan,0.0,0.0,0.0,-1.9989003225012865,0.9411659497830829,-0.22845550628644273,0.021820512355008988,nan,nan,nan,nan,nan,nan,nan,nan,nan,nan,nan,nan,nan,nan,nan,nan,nan,nan,nan,nan,nan,nan,nan,nan,nan,nan,nan,nan,nan,nan,nan,nan,nan,nan,nan,nan,nan,nan,nan,nan,nan,nan,nan,nan,nan,nan,nan,nan,nan,0.011445507634400063
1791059684.0672061,1.419010253565531,2.2365995974930746,1.5607884602582858,-1.070991774254494e-09,6.286499390178427e-09,0.0,0.0,0.0,0.0,-1.60258685211048,-0.3924628310271507,-0.24167336187609606,-0.0022273024229283343,0.0,0.0,0.0,-0.20033657121041343,3.225523724655594,-0.003625027347173024,0.002142804032444895,0.0,0.0,0.0,-0.9818003077191781,2.5081040771470167,-0.0029171011145355486,-0.0019513632145804012,nan,nan,nan,nan,nan,nan,nan,0.0,0.0,0.0,-2.8898047372885527,1.6428484551841709,0.00035299775525058605,0.001708578976168891,nan,nan,nan,nan,nan,nan,nan,nan,nan,nan,nan,nan,nan,nan,0.0,0.0,0.0,-2.0214583428079127,0.9430064410236874,-0.22463843181812476,0.023925028084318668,nan,nan,nan,nan,nan,nan,nan,nan,nan,nan,nan,nan,nan,nan,nan,nan,nan,nan,nan,nan,nan,nan,nan,nan,nan,nan,nan,nan,nan,nan,nan,nan,nan,nan,nan,nan,nan,nan,nan,nan,nan,nan,nan,nan,nan,nan,nan,nan,nan,0.018322163088827205
1791059684.1671674,1.4191991926794556,2.236450011461592,1.561236895140634,-9.690734320726725e-10,5.688259878563122e-09,0.0,0.0,0.0,0.0,-1.624963611443239,-0.39197031834845025,-0.22378591998294106,0.007717410629491297,0.0,0.0,0.0,-0.2003000744000952,3.2254906695967906,0.003349068619430953,-0.0018493977546222052,0.0,0.0,0.0,-0.98180607446751,2.5081054245777135,-0.0018640557471726626,-0.0005629893466888729,nan,nan,nan,nan,nan,nan,nan,0.0,0.0,0.0,-2.8898472734023883,1.6427354743807052,-0.002288830774190723,-0.00417072318889339,nan,nan,nan,nan,nan,nan,nan,nan,nan,nan,nan,nan,nan,nan,0.0,0.0,0.0,-2.0438837458333055,0.9447329893654175,-0.2247753082025012,0.013475988430122708,nan,nan,nan,nan,nan,nan,nan,nan,nan,nan,nan,nan,nan,nan,nan,nan,nan,nan,nan,nan,nan,nan,nan,nan,nan,nan,nan,nan,nan,nan,nan,nan,nan,nan,nan,nan,nan,nan,nan,nan,nan,nan,nan,nan,nan,nan,nan,nan,nan,0.0008753498398228035
1791059684.2669961,1.419019205413873,2.236598125632799,1.560843827276224,-8.768539024520598e-10,5.1469503833281355e-09,0.0,0.0,0.0,0.0,-1.6471413260668968,-0.3916763272686716,-0.20585342757283448,0.009070741881959972,0.0,0.0,0.0,-0.2003348184569269,3.225521432189395,-3.3410815507444384e-05,0.0006588929624573479,0.0,0.0,0.0,-0.981755226216057,2.508124506428324,-0.0011830225397124847,0.000753230449308182,nan,nan,nan,nan,nan,nan,nan,0.0,0.0,0.0,-2.8897731386202317,1.6429277921761498,0.002025986914877704,0.00382121091913423,nan,nan,nan,nan,nan,nan,nan,nan,nan,nan,nan,nan,nan,nan,0.0,0.0,0.0,-2.066214184751215,0.9463597002262266,-0.22083663710928092,-0.0032036856301437527,nan,nan,nan,nan,nan,nan,nan,nan,nan,nan,nan,nan,nan,nan,nan,nan,nan,nan,nan,nan,nan,nan,nan,nan,nan,nan,nan,nan,nan,nan,nan,nan,nan,nan,nan,nan,nan,nan,nan,nan,nan,nan,nan,nan,nan,nan,nan,nan,nan,0.01599017012915382
1791059684.3668303,1.4190070332361018,2.236599436932843,1.560875240253945,-7.934558754858448e-10,4.6574212774392115e-09,0.0,0.0,0.0,0.0,-1.6684106303850381,-0.3915446844832447,-0.2048117028867949,0.004808247712047863,0.0,0.0,0.0,-0.20031355323313024,3.225505942554512,-0.0005633994061378794,0.0008808161437475554,0.0,0.0,0.0,-0.9817686886196917,2.5081363675071837,-0.00027731799777068705,0.0011043865082781827,nan,nan,nan,nan,nan,nan,nan,0.0,0.0,0.0,-2.889846528711556,1.6430071610195376,-0.0031296755555072072,0.004817074497503216,nan,nan,nan,nan,nan,nan,nan,nan,nan,nan,nan,nan,nan,nan,0.0,0.0,0.0,-2.0901598241836066,0.9494826363242203,-0.2331117008291795,0.04452686487061029,nan,nan,nan,nan,nan,nan,nan,nan,nan,nan,nan,nan,nan,nan,nan,nan,nan,nan,nan,nan,nan,nan,nan,nan,nan,nan,nan,nan,nan,nan,nan,nan,nan,nan,nan,nan,nan,nan,nan,nan,nan,nan,nan,nan,nan,nan,nan,nan,nan,0.015081052605308612
1791059684.4670951,1.4192016592139305,2.2364548914363134,1.5610479023669124,-7.179485659360266e-10,4.214209044768831e-09,0.0,0.0,0.0,0.0,-1.6900630825618081,-0.39135439336834926,-0.2389822626277932,-0.0045352630215978575,0.0,0.0,0.0,-0.20031551780764356,3.2255009821410967,0.0025816524183233268,6.971255504777368e-06,0.0,0.0,0.0,-0.9818096612454635,2.508109511047603,-0.0036947355035587895,-0.0011823155682223212,nan,nan,nan,nan,nan,nan,nan,0.0,0.0,0.0,-2.889866577298708,1.6429263216075156,-0.0031712035110036496,0.004549544291198112,nan,nan,nan,nan,nan,nan,nan,nan,nan,nan,nan,nan,nan,nan,0.0,0.0,0.0,-2.112543099212484,0.9505704348917022,-0.2207981052733908,-0.004097576895037331,nan,nan,nan,nan,nan,nan,nan,nan,nan,nan,nan,nan,nan,nan,nan,nan,nan,nan,nan,nan,nan,nan,nan,nan,nan,nan,nan,nan,nan,nan,nan,nan,nan,nan,nan,nan,nan,nan,nan,nan,nan,nan,nan,nan,nan,nan,nan,nan,nan,0.0005651288808355803
1791059684.5669768,1.4190509411056853,2.2365986732099605,1.5609715060417642,-6.496274947585901e-10,3.813178539569796e-09,0.0,0.0,0.0,0.0,-1.7120018743563399,-0.3910169074516603,-0.2174617549889894,0.008322802574173727,0.0,0.0,0.0,-0.20035408429745463,3.2255073311333975,-0.0052366117954271265,0.002828515537633176,0.0,0.0,0.0,-0.9817159296465431,2.5080880052311234,0.001723613663449067,-0.001421638668574752,nan,nan,nan,nan,nan,nan,nan,0.0,0.0,0.0,-2.889849771593579,1.6427734544619508,-0.00414357347973495,0.0010652240280945875,nan,nan,nan,nan,nan,nan,nan,nan,nan,nan,nan,nan,nan,nan,0.0,0.0,0.0,-2.1354409242298478,0.9539494290403008,-0.25998411409913874,0.19452365920590606,nan,nan,nan,nan,nan,nan,nan,nan,nan,nan,nan,nan,nan,nan,nan,nan,nan,nan,nan,nan,nan,nan,nan,nan,nan,nan,nan,nan,nan,nan,nan,nan,nan,nan,nan,nan,nan,nan,nan,nan,nan,nan,nan,nan,nan,nan,nan,nan,nan,0.016295153088749858
1791059684.6672,1.419171846177745,2.236428855792253,1.5610874172072813,-5.878072652357137e-10,3.4503066253884043e-09,0.0,0.0,0.0,0.0,-1.7337965375072404,-0.39124145165847557,-0.1946852710786622,-0.022296916921720485,0.0,0.0,0.0,-0.20032705923469585,3.2254937453800654,-0.00029565083444861064,0.0004985304109120018,0.0,0.0,0.0,-0.9817552792970511,2.5081198052930627,-0.00044392989292371866,0.001106089131621281,nan,nan,nan,nan,nan,nan,nan,0.0,0.0,0.0,-2.8898525264393724,1.6427608163067315,0.0013863018919193738,-0.0019593734224415864,nan,nan,nan,nan,nan,nan,nan,nan,nan,nan,nan,nan,nan,nan,0.0,0.0,0.0,-2.1572995030467546,0.9545222989826826,-0.21208502837878923,-0.014021638029400409,nan,nan,nan,nan,nan,nan,nan,nan,nan,nan,nan,nan,nan,nan,nan,nan,nan,nan,nan,nan,nan,nan,nan,nan,nan,nan,nan,nan,nan,nan,nan,nan,nan,nan,nan,nan,nan,nan,nan,nan,nan,nan,nan,nan,nan,nan,nan,nan,nan,0.0014733534964838045
1791059684.7672274,1.4190210713580997,2.2365868918372014,1.5608826493804207,-5.318936600736731e-10,3.122105370062684e-09,0.0,0.0,0.0,0.0,-1.7552601702581767,-0.3906795481991884,-0.2242624474070496,-0.0060024915293006645,0.0,0.0,0.0,-0.2003202853221136,3.225513659735907,0.0005744970699170988,4.375626712917393e-05,0.0,0.0,0.0,-0.9817577457720857,2.5081201243058397,-0.0006176478954888331,0.0006452982129885852,nan,nan,nan,nan,nan,nan,nan,0.0,0.0,0.0,-2.889824130949297,1.642837786271821,-0.0004196403725978911,0.005564953410613886,nan,nan,nan,nan,nan,nan,nan,nan,nan,nan,nan,nan,nan,nan,0.0,0.0,0.0,-2.1797130820641835,0.9537208681769558,-0.23500154441408572,-0.0039548360905639155,nan,nan,nan,nan,nan,nan,nan,nan,nan,nan,nan,nan,nan,nan,nan,nan,nan,nan,nan,nan,nan,nan,nan,nan,nan,nan,nan,nan,nan,nan,nan,nan,nan,nan,nan,nan,nan,nan,nan,nan,nan,nan,nan,nan,nan,nan,nan,nan,nan,0.017375587046608843
1791059684.8671193,1.419185627511254,2.236438432152201,1.5611912836689275,-4.812870697133838e-10,2.8250551899523644e-09,0.0,0.0,0.0,0.0,-1.7769979595815315,-0.39052483077408195,-0.22103905875449492,0.01621674041008583,0.0,0.0,0.0,-0.20036073685528344,3.2255126532322254,-0.004265463176111763,-2.435211570461608e-05,0.0,0.0,0.0,-0.9817855209753887,2.508063529065131,-0.0032107303016495363,-0.002031531329001435,nan,nan,nan,nan,nan,nan,nan,0.0,0.0,0.0,-2.8898554636524625,1.6426539748198274,-0.0008789469990225955,-0.012139383005959419,nan,nan,nan,nan,nan,nan,nan,nan,nan,nan,nan,nan,nan,nan,0.0,0.0,0.0,-2.2022715413297673,0.9554781954780772,-0.23518178508865156,0.03395374543173295,nan,nan,nan,nan,nan,nan,nan,nan,nan,nan,nan,nan,nan,nan,nan,nan,nan,nan,nan,nan,nan,nan,nan,nan,nan,nan,nan,nan,nan,nan,nan,nan,nan,nan,nan,nan,nan,nan,nan,nan,nan,nan,nan,nan,nan,nan,nan,nan,nan,0.0008028526616024717
1791059684.9669502,1.4190429444661,2.2365868609299384,1.5608766966390466,-4.3548654963667317e-10,2.556215644725682e-09,0.0,0.0,0.0,0.0,-1.799203143989278,-0.39041291927002836,-0.20798352382172486,0.0033696542879286537,0.0,0.0,0.0,-0.2003128029733162,3.2255075522506647,-7.215149027059095e-05,-0.00033385994983717624,0.0,0.0,0.0,-0.9817552920113095,2.5081040930445737,-0.0004141333889453832,0.0003493197859304319,nan,nan,nan,nan,nan,nan,nan,0.0,0.0,0.0,-2.889808402794744,1.6425641323040965,0.002152039924446679,0.007066627160742011,nan,nan,nan,nan,nan,nan,nan,nan,nan,nan,nan,nan,nan,nan,0.0,0.0,0.0,-2.224938998177177,0.9557046455093767,-0.21918777981099968,-0.03405135936091829,nan,nan,nan,nan,nan,nan,nan,nan,nan,nan,nan,nan,nan,nan,nan,nan,nan,nan,nan,nan,nan,nan,nan,nan,nan,nan,nan,nan,nan,nan,nan,nan,nan,nan,nan,nan,nan,nan,nan,nan,nan,nan,nan,nan,nan,nan,nan,nan,nan,0.037549674557323685
1791059685.0671823,1.4191847563079738,2.2364438363949914,1.561254601399775,-3.940570431030453e-10,2.3130330416283436e-09,0.0,0.0,0.0,0.0,-1.8207627650221363,-0.390349278162215,-0.20579713250558979,0.002494293772809921,0.0,0.0,0.0,-0.20036647544997502,3.225518584939031,-0.0037199973777671006,0.0005050075490054317,0.0,0.0,0.0,-0.9817797844491176,2.5081198170998706,0.0009337532360179437,0.002411424741702081,nan,nan,nan,nan,nan,nan,nan,0.0,0.0,0.0,-2.8898255443727088,1.6425972548363503,-0.004783611307827051,-0.006290426181218693,nan,nan,nan,nan,nan,nan,nan,nan,nan,nan,nan,nan,nan,nan,0.0,0.0,0.0,-2.247179081921898,0.9565088274225654,-0.22061181557813125,0.013174602263459755,nan,nan,nan,nan,nan,nan,nan,nan,nan,nan,nan,nan,nan,nan,nan,nan,nan,nan,nan,nan,nan,nan,nan,nan,nan,nan,nan,nan,nan,nan,nan,nan,nan,nan,nan,nan,nan,nan,nan,nan,nan,nan,nan,nan,nan,nan,nan,nan,nan,0.001981071159921852
1791059685.1669154,1.419209321920805,2.2364324420133257,1.5610015002742657,-3.565575575574266e-10,2.092918845906688e-09,0.0,0.0,0.0,0.0,-1.8429940560717677,-0.39042410429663105,-0.2742473835267279,-0.029300902163011497,0.0,0.0,0.0,-0.20034893626899633,3.225504145572602,-0.004931521997294611,0.00044674718268379566,0.0,0.0,0.0,-0.9818161524942995,2.508096426600047,-0.003877525891224752,-0.00052247132746954,nan,nan,nan,nan,nan,nan,nan,0.0,0.0,0.0,-2.8897798746283088,1.6426760930226212,0.001417414233113999,0.0025714717284469673,nan,nan,nan,nan,nan,nan,nan,nan,nan,nan,nan,nan,nan,nan,0.0,0.0,0.0,-2.2689452275316375,0.9571303093660736,-0.2046439504343302,-0.0008407482843834761,nan,nan,nan,nan,nan,nan,nan,nan,nan,nan,nan,nan,nan,nan,nan,nan,nan,nan,nan,nan,nan,nan,nan,nan,nan,nan,nan,nan,nan,nan,nan,nan,nan,nan,nan,nan,nan,nan,nan,nan,nan,nan,nan,nan,nan,nan,nan,nan,nan,0.0012606092365285732
1791059685.267238,1.4192069841002166,2.2364407241009516,1.5610414063346767,-3.226266198675008e-10,1.893751285311387e-09,0.0,0.0,0.0,0.0,-1.8642129248807582,-0.3896554020594641,-0.22120265589307198,0.005398371264816754,0.0,0.0,0.0,-0.20032518197455257,3.2255090340461567,-0.0023892292264097296,0.0006975695466186345,0.0,0.0,0.0,-0.9817733293837273,2.5081277304233467,0.0016716426310719918,0.001974661817467396,nan,nan,nan,nan,nan,nan,nan,0.0,0.0,0.0,-2.8898051147522064,1.6425982065716789,-0.0012666025906639398,-0.003879835817769469,nan,nan,nan,nan,nan,nan,nan,nan,nan,nan,nan,nan,nan,nan,0.0,0.0,0.0,-2.2916599915424585,0.9579642151823689,-0.2318451839721993,0.011172234217732517,nan,nan,nan,nan,nan,nan,nan,nan,nan,nan,nan,nan,nan,nan,nan,nan,nan,nan,nan,nan,nan,nan,nan,nan,nan,nan,nan,nan,nan,nan,nan,nan,nan,nan,nan,nan,nan,nan,nan,nan,nan,nan,nan,nan,nan,nan,nan,nan,nan,0.001534935203106694
1791059685.3669865,1.4192046646344316,2.236446460672764,1.5610630298559742,-2.919246378065191e-10,1.7135370239665873e-09,0.0,0.0,0.0,0.0,-1.8839935923572162,-0.39081373911023654,-0.028381237053425774,-0.10566251151288195,0.0,0.0,0.0,-0.20030934465309438,3.225504716427977,0.00040659687985894564,0.0005026539864118315,0.0,0.0,0.0,-0.9817868152754451,2.5080772478818716,-0.0002418082635195331,-0.001835031353625872,nan,nan,nan,nan,nan,nan,nan,0.0,0.0,0.0,-2.8897806443707363,1.6426522018304444,0.0032580717413161486,0.00179210572462048,nan,nan,nan,nan,nan,nan,nan,nan,nan,nan,nan,nan,nan,nan,0.0,0.0,0.0,-2.313337921213422,0.9586494864110088,-0.219998636951859,0.03349591757541321,nan,nan,nan,nan,nan,nan,nan,nan,nan,nan,nan,nan,nan,nan,nan,nan,nan,nan,nan,nan,nan,nan,nan,nan,nan,nan,nan,nan,nan,nan,nan,nan,nan,nan,nan,nan,nan,nan,nan,nan,nan,nan,nan,nan,nan,nan,nan,nan,nan,0.0018243964380224448
1791059685.466987,1.419214312509331,2.2364466007683403,1.5612900625928772,-2.6414980188295083e-10,1.5505045028089345e-09,0.0,0.0,0.0,0.0,-1.904986278994908,-0.39040603462861295,-0.19756826096664035,0.018052492212444246,0.0,0.0,0.0,-0.20033012941253556,3.225482343849545,-0.0012984129139915262,-0.001686526459513265,0.0,0.0,0.0,-0.9817655652314319,2.5081254342445742,0.0009626951881838803,0.001785761710561597,nan,nan,nan,nan,nan,nan,nan,0.0,0.0,0.0,-2.889765345146005,1.642703749645897,0.0030198565525285754,-0.001929957340139126,nan,nan,nan,nan,nan,nan,nan,nan,nan,nan,nan,nan,nan,nan,0.0,0.0,0.0,-2.3355782403077794,0.95863022921377,-0.21741078954300214,0.0036698256425484544,nan,nan,nan,nan,nan,nan,nan,nan,nan,nan,nan,nan,nan,nan,nan,nan,nan,nan,nan,nan,nan,nan,nan,nan,nan,nan,nan,nan,nan,nan,nan,nan,nan,nan,nan,nan,nan,nan,nan,nan,nan,nan,nan,nan,nan,nan,nan,nan,nan,0.0004209596317829139
1791059685.566983,1.419180890408228,2.2364382501134945,1.561244628317663,-2.390126247890307e-10,1.4029544914358449e-09,0.0,0.0,0.0,0.0,-1.926798172294383,-0.3898782023852852,-0.227418861799907,0.008608412560832892,0.0,0.0,0.0,-0.20034676562660567,3.2254969357247028,-0.0006174990673785764,7.603998512459542e-05,0.0,0.0,0.0,-0.9817675030087037,2.5081312685867423,-0.0004768049154891099,0.00027526971266038196,nan,nan,nan,nan,nan,nan,nan,0.0,0.0,0.0,-2.8893470217257606,1.6417652208772828,0.03406415911703013,-0.07230563457251184,nan,nan,nan,nan,nan,nan,nan,nan,nan,nan,nan,nan,nan,nan,0.0,0.0,0.0,-2.3578253513975174,0.9587782937060716,-0.2243949076152133,-0.0008010804127041619,nan,nan,nan,nan,nan,nan,nan,nan,nan,nan,nan,nan,nan,nan,nan,nan,nan,nan,nan,nan,nan,nan,nan,nan,nan,nan,nan,nan,nan,nan,nan,nan,nan,nan,nan,nan,nan,nan,nan,nan,nan,nan,nan,nan,nan,nan,nan,nan,nan,0.011865585479017567
1791059685.6670163,1.4191913616441068,2.2364463079519483,1.5610509129790906,-2.162690348260223e-10,1.2694543396420129e-09,0.0,0.0,0.0,0.0,-1.9488310490583467,-0.38923400319158435,-0.19899915823416847,0.021369553722628505,0.0,0.0,0.0,-0.2002863580040785,3.2254959841382607,0.0018452680473202377,4.6451310954234183e-05,0.0,0.0,0.0,-0.9818013472697189,2.5081001353841623,-0.0037953652457992466,-0.0019305184713607493,nan,nan,nan,nan,nan,nan,nan,0.0,0.0,0.0,-2.889802449154953,1.6428691781690203,-0.0004196717874651859,0.007676973350943151,nan,nan,nan,nan,nan,nan,nan,nan,nan,nan,nan,nan,nan,nan,0.0,0.0,0.0,-2.379477499397407,0.9587063438919574,-0.22079318210457421,-0.02550576734471688,nan,nan,nan,nan,nan,nan,nan,nan,nan,nan,nan,nan,nan,nan,nan,nan,nan,nan,nan,nan,nan,nan,nan,nan,nan,nan,nan,nan,nan,nan,nan,nan,nan,nan,nan,nan,nan,nan,nan,nan,nan,nan,nan,nan,nan,nan,nan,nan,nan,0.0014051048598364272
1791059685.7688453,1.4192119602733886,2.236438251834409,1.5612512551341522,-1.9568831510427686e-10,1.1486497871791835e-09,0.0,0.0,0.0,0.0,-1.9715565332193261,-0.38886963722200074,-0.21212495243554222,0.004840799975220191,0.0,0.0,0.0,-0.2003540658642584,3.2255031973764843,-0.001548412395657549,-0.00038490198395199355,0.0,0.0,0.0,-0.9817580298045374,2.508121178491759,0.0025189359690254726,0.00048173096230012954,nan,nan,nan,nan,nan,nan,nan,0.0,0.0,0.0,-2.889875714595125,1.6428112757417561,-0.006016721393684057,0.0012163310790383685,nan,nan,nan,nan,nan,nan,nan,nan,nan,nan,nan,nan,nan,nan,0.0,0.0,0.0,-2.4014572161073042,0.9586237663759414,-0.1973116053776581,0.0022806379172839565,nan,nan,nan,nan,nan,nan,nan,nan,nan,nan,nan,nan,nan,nan,nan,nan,nan,nan,nan,nan,nan,nan,nan,nan,nan,nan,nan,nan,nan,nan,nan,nan,nan,nan,nan,nan,nan,nan,nan,nan,nan,nan,nan,nan,nan,nan,nan,nan,nan,0.014164136733157239
1791059685.8676686,1.4190437636414421,2.2365984129529446,1.5609582448835828,-1.770780410991549e-10,1.0394113420326832e-09,0.0,0.0,0.0,0.0,-1.9942632181946143,-0.38865386565812465,-0.20542288164124484,0.0035649860201011517,0.0,0.0,0.0,-0.2003128792742729,3.225497075759285,-0.0005786126746559215,0.00044213138535023025,0.0,0.0,0.0,-0.9818012665494611,2.508113755776026,0.00024058717419799558,0.00014057658204962695,nan,nan,nan,nan,nan,nan,nan,0.0,0.0,0.0,-2.8897701395458717,1.6427541239212136,0.0035602124673139723,-0.00407390858469324,nan,nan,nan,nan,nan,nan,nan,nan,nan,nan,nan,nan,nan,nan,0.0,0.0,0.0,-2.423797035117298,0.9585515110770694,-0.20991728027647866,-0.014664615672813745,nan,nan,nan,nan,nan,nan,nan,nan,nan,nan,nan,nan,nan,nan,nan,nan,nan,nan,nan,nan,nan,nan,nan,nan,nan,nan,nan,nan,nan,nan,nan,nan,nan,nan,nan,nan,nan,nan,nan,nan,nan,nan,nan,nan,nan,nan,nan,nan,nan,0.015613361401164386
1791059685.9677835,1.4190294086539939,2.2366008742387127,1.5607841955546176,-1.6022683752454625e-10,9.404982751519503e-10,0.0,0.0,0.0,0.0,-2.016029158170015,-0.388114761729391,-0.20682898571875374,0.012285701574806707,0.0,0.0,0.0,-0.20031842795920338,3.2254928834675636,0.0004872461724282406,-0.00045180269538168936,0.0,0.0,0.0,-0.981746404978154,2.508112201014349,0.0027963435384675845,0.0007297832758941042,nan,nan,nan,nan,nan,nan,nan,0.0,0.0,0.0,-2.889877754191253,1.642680786532558,-0.01457224495071725,0.020149775927318647,nan,nan,nan,nan,nan,nan,nan,nan,nan,nan,nan,nan,nan,nan,0.0,0.0,0.0,-2.4450470790515824,0.9584123968946655,-0.22070496887331598,0.02568037209060675,nan,nan,nan,nan,nan,nan,nan,nan,nan,nan,nan,nan,nan,nan,nan,nan,nan,nan,nan,nan,nan,nan,nan,nan,nan,nan,nan,nan,nan,nan,nan,nan,nan,nan,nan,nan,nan,nan,nan,nan,nan,nan,nan,nan,nan,nan,nan,nan,nan,0.01645154538137916
1791059686.067672,1.4191686226056974,2.2364317105349047,1.561070387606381,-1.4497997579046756e-10,8.510023618335307e-10,0.0,0.0,0.0,0.0,-2.038786204047125,-0.3876658041783608,-0.23933899767000916,0.002793311331617525,0.0,0.0,0.0,-0.2003169722359556,3.2254830885692662,0.0016109568750569733,-0.0002314267453224566,0.0,0.0,0.0,-0.9817345275435365,2.5081053039037036,0.004596907241827788,-4.516399356818652e-05,nan,nan,nan,nan,nan,nan,nan,0.0,0.0,0.0,-2.8897801710461395,1.642771277880481,-0.0002509733868754822,-0.0021593476231233748,nan,nan,nan,nan,nan,nan,nan,nan,nan,nan,nan,nan,nan,nan,0.0,0.0,0.0,-2.467332665259877,0.9578379153725225,-0.23467517663747814,-0.017695068294493563,nan,nan,nan,nan,nan,nan,nan,nan,nan,nan,nan,nan,nan,nan,nan,nan,nan,nan,nan,nan,nan,nan,nan,nan,nan,nan,nan,nan,nan,nan,nan,nan,nan,nan,nan,nan,nan,nan,nan,nan,nan,nan,nan,nan,nan,nan,nan,nan,nan,0.002341416672542283
1791059686.1676946,1.4192145885325274,2.236443477153071,1.5612813200256803,-1.3118402521350927e-10,7.7002299581613e-10,0.0,0.0,0.0,0.0,-2.0610854703361787,-0.38683853126667167,-0.20835806364938653,0.021253109594278993,0.0,0.0,0.0,-0.20033792556524374,3.22549097618748,-0.002852836408364154,0.0006616284884836388,0.0,0.0,0.0,-0.9817608269641565,2.5081279461520922,-0.0013382175608692114,0.0014131319099303997,nan,nan,nan,nan,nan,nan,nan,0.0,0.0,0.0,-2.889796339846281,1.6428029849984769,-0.0002936488359644231,-0.00014045265484795462,nan,nan,nan,nan,nan,nan,nan,nan,nan,nan,nan,nan,nan,nan,0.0,0.0,0.0,-2.489419049069231,0.9576511264722697,-0.2368093789499632,0.02087875570053469,nan,nan,nan,nan,nan,nan,nan,nan,nan,nan,nan,nan,nan,nan,nan,nan,nan,nan,nan,nan,nan,nan,nan,nan,nan,nan,nan,nan,nan,nan,nan,nan,nan,nan,nan,nan,nan,nan,nan,nan,nan,nan,nan,nan,nan,nan,nan,nan,nan,0.0013590912197019894
1791059686.267773,1.4191559843803052,2.2364404819004906,1.5612408250830634,-1.1870021468066288e-10,6.967456194735614e-10,0.0,0.0,0.0,0.0,-2.083859870744469,-0.38638653696366604,-0.21664924184501022,-0.0022181469577706985,0.0,0.0,0.0,-0.20028147564259746,3.225503164692048,0.001614557469246805,-0.0002005306699547916,0.0,0.0,0.0,-0.9817543141423464,2.508123198957354,0.0005371419493057498,0.0014072993470789653,nan,nan,nan,nan,nan,nan,nan,0.0,0.0,0.0,-2.889829092591863,1.642808197617729,0.002420801396674663,0.0016800123330499863,nan,nan,nan,nan,nan,nan,nan,nan,nan,nan,nan,nan,nan,nan,0.0,0.0,0.0,-2.5115125937484732,0.956649325312103,-0.22170108219779677,-0.003447419524402838,nan,nan,nan,nan,nan,nan,nan,nan,nan,nan,nan,nan,nan,nan,nan,nan,nan,nan,nan,nan,nan,nan,nan,nan,nan,nan,nan,nan,nan,nan,nan,nan,nan,nan,nan,nan,nan,nan,nan,nan,nan,nan,nan,nan,nan,nan,nan,nan,nan,0.0031666543867814043
1791059686.3679748,1.4191814719162885,2.2364364722185943,1.5613533295024917,-1.074043957890728e-10,6.304415074527412e-10,0.0,0.0,0.0,0.0,-2.105812063202021,-0.385479078026833,-0.19902133130633928,0.02341904558242368,0.0,0.0,0.0,-0.20031443671559282,3.2255069982967886,0.00246077985777968,0.0008600064044591628,0.0,0.0,0.0,-0.9818109752894697,2.5081070481152414,-0.005064137847098473,0.0007375345328498415,nan,nan,nan,nan,nan,nan,nan,0.0,0.0,0.0,-2.8898263547517624,1.6429049823521993,-0.0010369410236729752,0.009743475910992321,nan,nan,nan,nan,nan,nan,nan,nan,nan,nan,nan,nan,nan,nan,0.0,0.0,0.0,-2.5341672286972083,0.9556315952368101,-0.21719926725355013,0.006026722095015472,nan,nan,nan,nan,nan,nan,nan,nan,nan,nan,nan,nan,nan,nan,nan,nan,nan,nan,nan,nan,nan,nan,nan,nan,nan,nan,nan,nan,nan,nan,nan,nan,nan,nan,nan,nan,nan,nan,nan,nan,nan,nan,nan,nan,nan,nan,nan,nan,nan,0.00035140655717730556
1791059686.4677002,1.4190279252808884,2.2366019359403597,1.5610820768912506,-9.718557008534124e-11,5.704591218741354e-10,0.0,0.0,0.0,0.0,-2.1287406196829926,-0.38535319600325874,-0.25949922219861365,-0.01975501159400557,0.0,0.0,0.0,-0.20033248913863838,3.225502240823673,-0.0008944327092278071,0.0008167428707686235,0.0,0.0,0.0,-0.9817737892660129,2.508118289635631,0.0005016946172044772,-6.418267426367021e-05,nan,nan,nan,nan,nan,nan,nan,0.0,0.0,0.0,-2.8898193783042805,1.6426317205680336,-0.0007239229889547298,-0.007574597657481838,nan,nan,nan,nan,nan,nan,nan,nan,nan,nan,nan,nan,nan,nan,0.0,0.0,0.0,-2.556452798247704,0.9554454694068875,-0.2182775119665173,0.0205453391322353,nan,nan,nan,nan,nan,nan,nan,nan,nan,nan,nan,nan,nan,nan,nan,nan,nan,nan,nan,nan,nan,nan,nan,nan,nan,nan,nan,nan,nan,nan,nan,nan,nan,nan,nan,nan,nan,nan,nan,nan,nan,nan,nan,nan,nan,nan,nan,nan,nan,0.017472383582207568
1791059686.5701382,1.419201979734395,2.236447545824168,1.5612796140450447,-8.793714032037986e-11,5.16172759013871e-10,0.0,0.0,0.0,0.0,-2.153519161207518,-0.3841072165876849,-0.2516780983381511,0.0030494574248754605,0.0,0.0,0.0,-0.20033333305822104,3.2255018856727586,-0.002167425749737934,-0.0005803659983921217,0.0,0.0,0.0,-0.981741610921275,2.5081124182576193,0.0011230854746008781,-0.0002704289435343806,nan,nan,nan,nan,nan,nan,nan,0.0,0.0,0.0,-2.8897905363300165,1.6426497528989172,0.0010950230246759385,-0.0006347426541743724,nan,nan,nan,nan,nan,nan,nan,nan,nan,nan,nan,nan,nan,nan,0.0,0.0,0.0,-2.578874015176765,0.9545652072381632,-0.22707319919243713,-0.004986593970992319,nan,nan,nan,nan,nan,nan,nan,nan,nan,nan,nan,nan,nan,nan,nan,nan,nan,nan,nan,nan,nan,nan,nan,nan,nan,nan,nan,nan,nan,nan,nan,nan,nan,nan,nan,nan,nan,nan,nan,nan,nan,nan,nan,nan,nan,nan,nan,nan,nan,0.002463522347330974
1791059686.6677663,1.4190240708980488,2.2365966840485703,1.560864656292125,-7.957337904839453e-11,4.67079216561098e-10,0.0,0.0,0.0,0.0,-2.173294659294837,-0.38340307973381427,-0.216735460364232,0.0027847636989418037,0.0,0.0,0.0,-0.2003096349995421,3.225492326472565,4.448722195134571e-05,0.00034805313393259957,0.0,0.0,0.0,-0.9817973410232681,2.5081091876790906,-0.003955429397663118,-0.00013035529266592326,nan,nan,nan,nan,nan,nan,nan,0.0,0.0,0.0,-2.889846538706944,1.6426282726912445,-0.002646051082033349,0.00014805287937751154,nan,nan,nan,nan,nan,nan,nan,nan,nan,nan,nan,nan,nan,nan,0.0,0.0,0.0,-2.601477612061232,0.9540290447249471,-0.250629631178132,-0.006339864763856566,nan,nan,nan,nan,nan,nan,nan,nan,nan,nan,nan,nan,nan,nan,nan,nan,nan,nan,nan,nan,nan,nan,nan,nan,nan,nan,nan,nan,nan,nan,nan,nan,nan,nan,nan,nan,nan,nan,nan,nan,nan,nan,nan,nan,nan,nan,nan,nan,nan,0.004931736887600446
1791059686.767822,1.4192007400077,2.2364504034870745,1.5612033935560379,-7.200344297784922e-11,4.226452632524476e-10,0.0,0.0,0.0,0.0,-2.1947947875131915,-0.3825444435108749,-0.18772349475794553,0.03322410104927274,0.0,0.0,0.0,-0.2003244756764663,3.2255058588232317,-0.000433063700208882,0.0010813250958062967,0.0,0.0,0.0,-0.9817804251399608,2.5081303304290805,-1.2602702553410425e-05,0.0018900484172927469,nan,nan,nan,nan,nan,nan,nan,0.0,0.0,0.0,-2.889824657515286,1.6426700946271644,0.003257903573525561,-0.005681204627202166,nan,nan,nan,nan,nan,nan,nan,nan,nan,nan,nan,nan,nan,nan,0.0,0.0,0.0,-2.6236320258445636,0.9537944598407991,-0.2156883732603384,-0.03665613435191467,nan,nan,nan,nan,nan,nan,nan,nan,nan,nan,nan,nan,nan,nan,nan,nan,nan,nan,nan,nan,nan,nan,nan,nan,nan,nan,nan,nan,nan,nan,nan,nan,nan,nan,nan,nan,nan,nan,nan,nan,nan,nan,nan,nan,nan,nan,nan,nan,nan,0.01317678754761125
1791059686.8682148,1.4193935914754578,2.2364809305018727,1.5591659092484924,-6.515240248981202e-11,3.8243107777925523e-10,0.0,0.0,0.0,0.0,-2.216661068470141,-0.38217527177101895,-0.2149875335169992,0.018604621822626597,0.0,0.0,0.0,-0.20032786698483906,3.2254949565465605,2.1208536317610213e-05,-0.0006590299441436157,0.0,0.0,0.0,-0.9818002734885508,2.508098583505173,-0.0013009971955053226,7.009530401771069e-05,nan,nan,nan,nan,nan,nan,nan,0.0,0.0,0.0,-2.889801276108887,1.6428914700790418,0.0012852549594470559,0.0096813723361086,nan,nan,nan,nan,nan,nan,nan,nan,nan,nan,nan,nan,nan,nan,0.0,0.0,0.0,-2.646018994312044,0.9535062385366773,-0.20039086718842203,-0.007066759678636446,nan,nan,nan,nan,nan,nan,nan,nan,nan,nan,nan,nan,nan,nan,nan,nan,nan,nan,nan,nan,nan,nan,nan,nan,nan,nan,nan,nan,nan,nan,nan,nan,nan,nan,nan,nan,nan,nan,nan,nan,nan,nan,nan,nan,nan,nan,nan,nan,nan,0.016058994356398276
1791059686.9681315,1.4191925840980437,2.2364466055314614,1.5612442342296242,-5.895233165711124e-11,3.460379490496085e-10,0.0,0.0,0.0,0.0,-2.2391705708304572,-0.38188563406385456,-0.22812929306567648,-0.02011908504094464,0.0,0.0,0.0,-0.2002938918685568,3.225492684909074,0.0016769680804775125,-0.0007280157950168682,0.0,0.0,0.0,-0.9818330351893093,2.508121597927759,-0.005649759668269303,3.303813332328583e-05,nan,nan,nan,nan,nan,nan,nan,0.0,0.0,0.0,-2.8897969144449815,1.6427579939096433,0.0023862112331613995,-0.002339052286588756,nan,nan,nan,nan,nan,nan,nan,nan,nan,nan,nan,nan,nan,nan,0.0,0.0,0.0,-2.6689640100518655,0.9536767099649928,-0.23272619672991762,-0.005048249977174063,nan,nan,nan,nan,nan,nan,nan,nan,nan,nan,nan,nan,nan,nan,nan,nan,nan,nan,nan,nan,nan,nan,nan,nan,nan,nan,nan,nan,nan,nan,nan,nan,nan,nan,nan,nan,nan,nan,nan,nan,nan,nan,nan,nan,nan,nan,nan,nan,nan,0.0011345218620511291
1791059687.067802,1.4190105443671113,2.2366040221202423,1.5609361117008642,-5.334508022335934e-11,3.131245471297892e-10,0.0,0.0,0.0,0.0,-2.2422602581368447,-0.3813796252532129,-0.006771371234019592,0.002027072250849433,0.0,0.0,0.0,-0.2003380680342474,3.2254949684417085,-0.0027079647784182736,-0.0008168672808776064,0.0,0.0,0.0,-0.9817571348496175,2.5081183185017055,0.00022129338175263011,-2.6159428451439832e-05,nan,nan,nan,nan,nan,nan,nan,0.0,0.0,0.0,-2.88981032119456,1.6426849380580144,0.0024895942792641738,-0.0008026948043894166,nan,nan,nan,nan,nan,nan,nan,nan,nan,nan,nan,nan,nan,nan,0.0,0.0,0.0,-2.6895813273774434,0.9528556675893373,-0.11902432040551499,-0.030896465272771866,nan,nan,nan,nan,nan,nan,nan,nan,nan,nan,nan,nan,nan,nan,nan,nan,nan,nan,nan,nan,nan,nan,nan,nan,nan,nan,nan,nan,nan,nan,nan,nan,nan,nan,nan,nan,nan,nan,nan,nan,nan,nan,nan,nan,nan,nan,nan,nan,nan,0.00530893347527167
1791059687.167732,1.4191894062083046,2.236444954570306,1.561107479961953,-4.826862466191397e-11,2.8332680679372676e-10,0.0,0.0,0.0,0.0,-2.2422337895387434,-0.3813546203894043,-0.0006299699109876859,0.0013719144409444224,0.0,0.0,0.0,-0.20029474452377588,3.2255081444870695,0.001991780190563101,0.0002216788932298521,0.0,0.0,0.0,-0.9818081420744531,2.508091793828589,-0.0011425768331721612,-0.0005755631882506253,nan,nan,nan,nan,nan,nan,nan,0.0,0.0,0.0,-2.8898191999733225,1.6426304831014027,-0.00043051135978828213,-0.0053221423465402255,nan,nan,nan,nan,nan,nan,nan,nan,nan,nan,nan,nan,nan,nan,0.0,0.0,0.0,-2.71196830644147,0.952405158065877,-0.2475989211967376,-0.013546746914240116,nan,nan,nan,nan,nan,nan,nan,nan,nan,nan,nan,nan,nan,nan,nan,nan,nan,nan,nan,nan,nan,nan,nan,nan,nan,nan,nan,nan,nan,nan,nan,nan,nan,nan,nan,nan,nan,nan,nan,nan,nan,nan,nan,nan,nan,nan,nan,nan,nan,0.0006847025423163942
1791059687.2679532,1.4191839553121857,2.23643792055838,1.5611025439461033,-4.3675257718189815e-11,2.5636469636044344e-10,0.0,0.0,0.0,0.0,-2.242274661038575,-0.3813548845913821,-0.00013139460106569058,0.0004962848783318856,0.0,0.0,0.0,-0.20034722577810574,3.2255137200551314,-0.0028442236993136433,0.000949565030480153,0.0,0.0,0.0,-0.98176104448412,2.5081121756719758,0.0011860362183459426,0.0009595885222723031,nan,nan,nan,nan,nan,nan,nan,0.0,0.0,0.0,-2.889854518060377,1.6426312335927602,-0.002172383735181915,-0.004421954460405144,nan,nan,nan,nan,nan,nan,nan,nan,nan,nan,nan,nan,nan,nan,0.0,0.0,0.0,-2.7339834143954933,0.9519499628266773,-0.21605081430158993,-0.02530958670182939,nan,nan,nan,nan,nan,nan,nan,nan,nan,nan,nan,nan,nan,nan,nan,nan,nan,nan,nan,nan,nan,nan,nan,nan,nan,nan,nan,nan,nan,nan,nan,nan,nan,nan,nan,nan,nan,nan,nan,nan,nan,nan,nan,nan,nan,nan,nan,nan,nan,0.0008832745952574886
1791059687.3677447,1.419197383644156,2.236431082102563,1.5611407206386596,-3.9519818173128916e-11,2.3197312884898173e-10,0.0,0.0,0.0,0.0,-2.242279746559584,-0.3813608464052823,0.00011548822575776473,0.0006136331315432701,0.0,0.0,0.0,-0.2003469710353091,3.2255154608903296,-0.000792759700061526,0.0014502103736928986,0.0,0.0,0.0,-0.9818139839277743,2.508088767457556,-0.004337819194158015,-0.0009018643437444388,nan,nan,nan,nan,nan,nan,nan,0.0,0.0,0.0,-2.889800704826864,1.642749684443534,-0.0005747858057616353,0.005523839589627815,nan,nan,nan,nan,nan,nan,nan,nan,nan,nan,nan,nan,nan,nan,0.0,0.0,0.0,-2.7563616458766154,0.9519636703957752,-0.23454997875451508,-0.003144540718983174,nan,nan,nan,nan,nan,nan,nan,nan,nan,nan,nan,nan,nan,nan,nan,nan,nan,nan,nan,nan,nan,nan,nan,nan,nan,nan,nan,nan,nan,nan,nan,nan,nan,nan,nan,nan,nan,nan,nan,nan,nan,nan,nan,nan,nan,nan,nan,nan,nan,0.003706432644966485
1791059687.4677444,1.419189659844824,2.2364347031762066,1.5610376941022182,-3.575961450351284e-11,2.099015138802835e-10,0.0,0.0,0.0,0.0,-2.2422973543303066,-0.3813650193336006,-0.001300899174825642,0.0007167026897607554,0.0,0.0,0.0,-0.20028121284550315,3.2254831259932772,0.0037430260401429137,6.7079890722475e-05,0.0,0.0,0.0,-0.9818344773302492,2.508105867779089,-0.0016887300644676962,0.0005751928216355226,nan,nan,nan,nan,nan,nan,nan,0.0,0.0,0.0,-2.8897815557554796,1.642768748234942,0.003022432944603164,-1.3583270319225075e-06,nan,nan,nan,nan,nan,nan,nan,nan,nan,nan,nan,nan,nan,nan,0.0,0.0,0.0,-2.778610537995162,0.950945187664427,-0.2038647703921817,-0.002295830354707395,nan,nan,nan,nan,nan,nan,nan,nan,nan,nan,nan,nan,nan,nan,nan,nan,nan,nan,nan,nan,nan,nan,nan,nan,nan,nan,nan,nan,nan,nan,nan,nan,nan,nan,nan,nan,nan,nan,nan,nan,nan,nan,nan,nan,nan,nan,nan,nan,nan,0.004354455866913541
1791059687.5677137,1.419169353584044,2.23643805603373,1.5610875160659996,-3.235663726247367e-11,1.8992674389152696e-10,0.0,0.0,0.0,0.0,-2.2422707930182235,-0.3813505401724776,0.00039472211549647514,0.0008079632336419102,0.0,0.0,0.0,-0.2003127995022195,3.2254715126396514,0.0019038328694049042,-0.001460077729561736,0.0,0.0,0.0,-0.981810606441995,2.508097621745924,-0.0036122821598903246,-0.0004638044549439135,nan,nan,nan,nan,nan,nan,nan,0.0,0.0,0.0,-2.8898220204376286,1.6427927883787863,-0.0019680410200951983,0.004321165690347636,nan,nan,nan,nan,nan,nan,nan,nan,nan,nan,nan,nan,nan,nan,0.0,0.0,0.0,-2.801005520949709,0.9501157474516074,-0.22801325966716365,-0.005325983516297179,nan,nan,nan,nan,nan,nan,nan,nan,nan,nan,nan,nan,nan,nan,nan,nan,nan,nan,nan,nan,nan,nan,nan,nan,nan,nan,nan,nan,nan,nan,nan,nan,nan,nan,nan,nan,nan,nan,nan,nan,nan,nan,nan,nan,nan,nan,nan,nan,nan,0.00035859080300783996
1791059687.6677763,1.4191785690838823,2.236442174466492,1.5612036126373865,-2.927749612156621e-11,1.7185282458615947e-10,0.0,0.0,0.0,0.0,-2.2422596983906486,-0.38137485549256106,0.0008938438766105196,-0.00020896486125255873,0.0,0.0,0.0,-0.2003037183817782,3.2254811356868034,0.0017867547936867558,-0.0008541121638647631,0.0,0.0,0.0,-0.9817627761428908,2.5081290412624635,-6.181960639629978e-05,0.0006409121921311287,nan,nan,nan,nan,nan,nan,nan,0.0,0.0,0.0,-2.8898289335827063,1.6426662550850273,-0.0023299688615931857,0.003993970076633785,nan,nan,nan,nan,nan,nan,nan,nan,nan,nan,nan,nan,nan,nan,0.0,0.0,0.0,-2.8232943074419556,0.9493808209055091,-0.21680278564311353,-0.040188804044120646,nan,nan,nan,nan,nan,nan,nan,nan,nan,nan,nan,nan,nan,nan,nan,nan,nan,nan,nan,nan,nan,nan,nan,nan,nan,nan,nan,nan,nan,nan,nan,nan,nan,nan,nan,nan,nan,nan,nan,nan,nan,nan,nan,nan,nan,nan,nan,nan,nan,4.875279230225342e-05
1791059687.7676556,1.4190009770202185,2.236601753969993,1.5609836387308218,-2.6491374001415415e-11,1.5549886610549555e-10,0.0,0.0,0.0,0.0,-2.2422580944377533,-0.3813902593234928,0.0006439856177679396,-0.0011068155727049214,0.0,0.0,0.0,-0.20034625379980714,3.225468135344816,-0.0028287485605585447,-0.0013538826497717742,0.0,0.0,0.0,-0.9817981848087463,2.508096436837073,-0.0028259060096944293,-0.0014173594520080477,nan,nan,nan,nan,nan,nan,nan,0.0,0.0,0.0,-2.889813649506547,1.6426866677012835,0.002448011518308988,0.0034672778866395673,nan,nan,nan,nan,nan,nan,nan,nan,nan,nan,nan,nan,nan,nan,0.0,0.0,0.0,-2.845852304134577,0.9486076070097758,-0.24604584415182137,-0.020082572894056246,nan,nan,nan,nan,nan,nan,nan,nan,nan,nan,nan,nan,nan,nan,nan,nan,nan,nan,nan,nan,nan,nan,nan,nan,nan,nan,nan,nan,nan,nan,nan,nan,nan,nan,nan,nan,nan,nan,nan,nan,nan,nan,nan,nan,nan,nan,nan,nan,nan,0.003912245690443902
1791059687.8681004,1.4190063950076046,2.2365927369949454,1.5608865656561264,-2.3970386455483746e-11,1.407011925368273e-10,0.0,0.0,0.0,0.0,-2.242258183844801,-0.38138337964694324,0.00010690060989008904,-0.0006444676799506829,0.0,0.0,0.0,-0.2003027208506016,3.225482851662926,0.003445147897658909,-0.001275036636182164,0.0,0.0,0.0,-0.9817977356081355,2.5081062367686124,-0.0023798718325360973,-0.0014862034355653136,nan,nan,nan,nan,nan,nan,nan,0.0,0.0,0.0,-2.8898411578116443,1.642717789883687,-0.000707306430502276,0.0030284719566989714,nan,nan,nan,nan,nan,nan,nan,nan,nan,nan,nan,nan,nan,nan,0.0,0.0,0.0,-2.8660502178729583,0.947884894570113,-0.11049094478225667,-0.006410224155898961,nan,nan,nan,nan,nan,nan,nan,nan,nan,nan,nan,nan,nan,nan,nan,nan,nan,nan,nan,nan,nan,nan,nan,nan,nan,nan,nan,nan,nan,nan,nan,nan,nan,nan,nan,nan,nan,nan,nan,nan,nan,nan,nan,nan,nan,nan,nan,nan,nan,0.014090888782238825
1791059687.9677486,1.4190040739090657,2.2365905270715833,1.5609002356196113,-2.1689302593158786e-11,1.2731170378988185e-10,0.0,0.0,0.0,0.0,-2.242265821555351,-0.3813753563968919,-0.0005385319425554306,-0.0009214737187796035,0.0,0.0,0.0,-0.200327072427715,3.2254928075187124,0.001946550867730412,-0.0003987547453163597,0.0,0.0,0.0,-0.9817409243256936,2.5081228689894326,0.0029215828652418307,0.0011025454313270534,nan,nan,nan,nan,nan,nan,nan,0.0,0.0,0.0,-2.8898331854887065,1.6426660238883046,-0.005732340113064317,-0.0021425828484401143,nan,nan,nan,nan,nan,nan,nan,nan,nan,nan,nan,nan,nan,nan,0.0,0.0,0.0,-2.867182275710438,0.9483763558126158,-0.041733825260878606,0.06666784542434166,nan,nan,nan,nan,nan,nan,nan,nan,nan,nan,nan,nan,nan,nan,nan,nan,nan,nan,nan,nan,nan,nan,nan,nan,nan,nan,nan,nan,nan,nan,nan,nan,nan,nan,nan,nan,nan,nan,nan,nan,nan,nan,nan,nan,nan,nan,nan,nan,nan,0.01830715306547482
1791059688.0678525,1.4191646764292163,2.236434032923758,1.561205275489473,-1.9626316909827307e-11,1.1520240607913358e-10,0.0,0.0,0.0,0.0,-2.2424244369764645,-0.381618027937399,-0.011825631476002418,-0.018950207571310735,0.0,0.0,0.0,-0.2003165751254848,3.2254999573959364,-0.002126458236569753,0.0016255316937548079,0.0,0.0,0.0,-0.9817561640089998,2.508127015335562,-0.00018106289986626284,0.0009304325909080147,nan,nan,nan,nan,nan,nan,nan,0.0,0.0,0.0,-2.8897698615411267,1.642693319581158,0.002517970242099979,0.0005438107995087098,nan,nan,nan,nan,nan,nan,nan,nan,nan,nan,nan,nan,nan,nan,0.0,0.0,0.0,-2.864623013859254,0.9449046246853197,0.016021853184882584,-0.01012683299516767,nan,nan,nan,nan,nan,nan,nan,nan,nan,nan,nan,nan,nan,nan,nan,nan,nan,nan,nan,nan,nan,nan,nan,nan,nan,nan,nan,nan,nan,nan,nan,nan,nan,nan,nan,nan,nan,nan,nan,nan,nan,nan,nan,nan,nan,nan,nan,nan,nan,0.013513008627744037
1791059688.1677992,1.419540242825573,2.2363029199408837,1.5592587270366651,-1.7759234039990666e-11,1.0424301721658986e-10,0.0,0.0,0.0,0.0,-2.24244033016297,-0.38160971783474845,-0.013213290521821864,-0.017601824063865342,0.0,0.0,0.0,-0.20035269724673352,3.2254910743369916,-0.0015035383592301632,-0.0012193355457879383,0.0,0.0,0.0,-0.9818207343238039,2.508110652582321,-0.0012296280001168889,0.00031150439229281357,nan,nan,nan,nan,nan,nan,nan,0.0,0.0,0.0,-2.8898824257608355,1.6425257295035876,-0.0037821302180759417,-0.013471108066755649,nan,nan,nan,nan,nan,nan,nan,nan,nan,nan,nan,nan,nan,nan,0.0,0.0,0.0,-2.8648506427394165,0.9448813437524172,-0.0011083207836360886,-0.0009775808646887056,nan,nan,nan,nan,nan,nan,nan,nan,nan,nan,nan,nan,nan,nan,nan,nan,nan,nan,nan,nan,nan,nan,nan,nan,nan,nan,nan,nan,nan,nan,nan,nan,nan,nan,nan,nan,nan,nan,nan,nan,nan,nan,nan,nan,nan,nan,nan,nan,nan,0.028644474349250052
1791059688.2678232,1.419169411767726,2.2364341308878575,1.5610932209718735,-1.6069219477601036e-11,9.43229825615613e-11,0.0,0.0,0.0,0.0,-2.2422680833770676,-0.38136565079186235,0.00012108926308174343,6.576118067837082e-06,0.0,0.0,0.0,-0.20032708485212997,3.2254975213394372,0.0008102802731625009,-6.358670421022363e-06,0.0,0.0,0.0,-0.981808291009573,2.508111773664011,-0.005736603438923302,0.0004594434540257454,nan,nan,nan,nan,nan,nan,nan,0.0,0.0,0.0,-2.889832610219544,1.6425146277057794,-0.003193826233315049,-0.009651967534282534,nan,nan,nan,nan,nan,nan,nan,nan,nan,nan,nan,nan,nan,nan,0.0,0.0,0.0,-2.864792794896171,0.9449036540299575,0.0019371088323542297,-0.0007189680753795547,nan,nan,nan,nan,nan,nan,nan,nan,nan,nan,nan,nan,nan,nan,nan,nan,nan,nan,nan,nan,nan,nan,nan,nan,nan,nan,nan,nan,nan,nan,nan,nan,nan,nan,nan,nan,nan,nan,nan,nan,nan,nan,nan,nan,nan,nan,nan,nan,nan,0.0006621027253962713
1791059688.3677568,1.419205627160907,2.236457135388342,1.5613491798002723,-1.4540031064281652e-11,8.53469640160483e-11,0.0,0.0,0.0,0.0,-2.242262972835632,-0.3813617342605429,-0.0001733224666092512,-0.0007371781494578146,0.0,0.0,0.0,-0.2003534550295193,3.2255037377741176,0.0008282379914882508,-0.00105083637936892,0.0,0.0,0.0,-0.9817946476336854,2.508102843404865,1.5786873848562684e-05,-0.0001517742528137763,nan,nan,nan,nan,nan,nan,nan,0.0,0.0,0.0,-2.889817959006666,1.6426275834968302,-0.0007136929830216877,-0.0054449970721330105,nan,nan,nan,nan,nan,nan,nan,nan,nan,nan,nan,nan,nan,nan,0.0,0.0,0.0,-2.864777715212158,0.9449037210691881,0.0004557911944189951,-0.0014010623004680367,nan,nan,nan,nan,nan,nan,nan,nan,nan,nan,nan,nan,nan,nan,nan,nan,nan,nan,nan,nan,nan,nan,nan,nan,nan,nan,nan,nan,nan,nan,nan,nan,nan,nan,nan,nan,nan,nan,nan,nan,nan,nan,nan,nan,nan,nan,nan,nan,nan,0.002208562148138513
1791059688.4678743,1.419178992367992,2.2364407127734283,1.561051343031766,-1.3157597451149631e-11,7.723236568314693e-11,0.0,0.0,0.0,0.0,-2.242262162327949,-0.38136446818111575,0.0006074762368536018,-0.00034771426593586724,0.0,0.0,0.0,-0.2003151393959105,3.2255064344120528,0.0008756443092349392,0.00012121267872940549,0.0,0.0,0.0,-0.9817831926257359,2.508085584940177,-0.002089154541954176,-0.002160744332959988,nan,nan,nan,nan,nan,nan,nan,0.0,0.0,0.0,-2.8898013528468174,1.6426811223967854,0.0019692807446724907,-0.0031581525377020092,nan,nan,nan,nan,nan,nan,nan,nan,nan,nan,nan,nan,nan,nan,0.0,0.0,0.0,-2.8648596765640053,0.944880773040904,-0.0035835150801805365,-0.0021668176016429413,nan,nan,nan,nan,nan,nan,nan,nan,nan,nan,nan,nan,nan,nan,nan,nan,nan,nan,nan,nan,nan,nan,nan,nan,nan,nan,nan,nan,nan,nan,nan,nan,nan,nan,nan,nan,nan,nan,nan,nan,nan,nan,nan,nan,nan,nan,nan,nan,nan,0.012840624155808701
1791059688.5677767,1.4190078953817433,2.236594333858098,1.5608670841844265,-1.1905486507151099e-11,6.988273436467884e-11,0.0,0.0,0.0,0.0,-2.2422582592411158,-0.38135350204602664,0.0005979823961712323,0.00023106834486605815,0.0,0.0,0.0,-0.2003369557777658,3.225481835428381,-0.0017111253872969783,-0.0018702436486784252,0.0,0.0,0.0,-0.9818131975638319,2.5081065975042396,-0.004308907353671402,-0.00038461797328171506,nan,nan,nan,nan,nan,nan,nan,0.0,0.0,0.0,-2.88986014746412,1.642766392353131,-0.0032193442205624406,-0.0023070423545783324,nan,nan,nan,nan,nan,nan,nan,nan,nan,nan,nan,nan,nan,nan,0.0,0.0,0.0,-2.864796363852036,0.9448757688323455,-0.0007775094568351795,-0.002429068888217049,nan,nan,nan,nan,nan,nan,nan,nan,nan,nan,nan,nan,nan,nan,nan,nan,nan,nan,nan,nan,nan,nan,nan,nan,nan,nan,nan,nan,nan,nan,nan,nan,nan,nan,nan,nan,nan,nan,nan,nan,nan,nan,nan,nan,nan,nan,nan,nan,nan,0.01707740474008567
1791059688.667763,1.4191633073535588,2.2364336452060547,1.5610526876556248,-1.0772529673308436e-11,6.323251293790069e-11,0.0,0.0,0.0,0.0,-2.2422505951341005,-0.38137717659386683,0.00046313603657673167,-0.0013340716781392048,0.0,0.0,0.0,-0.20032857284228034,3.2255035362811553,0.0002222921076260743,0.0007163878790551291,0.0,0.0,0.0,-0.9818267974924871,2.508113853366032,-0.0009430980161465768,0.00019624755328775197,nan,nan,nan,nan,nan,nan,nan,0.0,0.0,0.0,-2.889820612761339,1.6427294745464078,-0.0004329050424264674,-0.0026637811095687274,nan,nan,nan,nan,nan,nan,nan,nan,nan,nan,nan,nan,nan,nan,0.0,0.0,0.0,-2.8673245034608628,0.9478023894172274,0.00045251435369081876,6.968129086938374e-05,nan,nan,nan,nan,nan,nan,nan,nan,nan,nan,nan,nan,nan,nan,nan,nan,nan,nan,nan,nan,nan,nan,nan,nan,nan,nan,nan,nan,nan,nan,nan,nan,nan,nan,nan,nan,nan,nan,nan,nan,nan,nan,nan,nan,nan,nan,nan,nan,nan,0.002310870871913218
1791059688.767768,1.419190717599853,2.236441161305254,1.5611364207126077,-9.747409917274621e-12,5.721527277221192e-11,0.0,0.0,0.0,0.0,-2.242265699186246,-0.38134669288222006,-0.0006384661077613435,0.0008703972424063238,0.0,0.0,0.0,-0.20034712446010847,3.225522850085051,-0.0020038598017170926,0.0008985362457197733,0.0,0.0,0.0,-0.9817534659229239,2.5081287370309324,0.0009095532235489036,0.001015423805051471,nan,nan,nan,nan,nan,nan,nan,0.0,0.0,0.0,-2.8897995489660304,1.6427558121783525,0.00034982466839772767,-0.0030754189325592858,nan,nan,nan,nan,nan,nan,nan,nan,nan,nan,nan,nan,nan,nan,0.0,0.0,0.0,-2.864760212564055,0.9448973074268467,0.04692057270039339,-0.05060186838940427,nan,nan,nan,nan,nan,nan,nan,nan,nan,nan,nan,nan,nan,nan,nan,nan,nan,nan,nan,nan,nan,nan,nan,nan,nan,nan,nan,nan,nan,nan,nan,nan,nan,nan,nan,nan,nan,nan,nan,nan,nan,nan,nan,nan,nan,nan,nan,nan,nan,0.0013950145096004844
1791059688.8677611,1.419194965666472,2.2364640291329723,1.5610827313201052,-8.820022961566622e-12,5.1771703856310605e-11,0.0,0.0,0.0,0.0,-2.242280711092627,-0.38135756158214906,-0.0010162763861440336,0.000296091599269984,0.0,0.0,0.0,-0.20033273026137857,3.225530180377833,-0.0002560161735138559,0.00048636872771217225,0.0,0.0,0.0,-0.9817810051161361,2.508139716330994,-0.001712645579035869,0.0021943502452120393,nan,nan,nan,nan,nan,nan,nan,0.0,0.0,0.0,-2.8898436675486954,1.6428709574491729,-0.0023607260073079143,0.0034718548868566024,nan,nan,nan,nan,nan,nan,nan,nan,nan,nan,nan,nan,nan,nan,0.0,0.0,0.0,-2.867401337781079,0.9477670392678826,-0.0036997770944020825,-0.0039366336442644995,nan,nan,nan,nan,nan,nan,nan,nan,nan,nan,nan,nan,nan,nan,nan,nan,nan,nan,nan,nan,nan,nan,nan,nan,nan,nan,nan,nan,nan,nan,nan,nan,nan,nan,nan,nan,nan,nan,nan,nan,nan,nan,nan,nan,nan,nan,nan,nan,nan,0.012923880988601892
1791059688.9676764,1.4190356689552726,2.2366297281657364,1.5610887666755768,-7.980794664527973e-12,4.684560796614713e-11,0.0,0.0,0.0,0.0,-2.242267414021258,-0.3813632152082693,0.00015671540978574595,0.000894272704838675,0.0,0.0,0.0,-0.2003590811262071,3.2255189854721347,-0.0029367406119546555,0.000628172036814147,0.0,0.0,0.0,-0.9818106597589827,2.50809899767151,-0.0032596548813765996,-0.001051202264782099,nan,nan,nan,nan,nan,nan,nan,0.0,0.0,0.0,-2.8898113235814815,1.6427575282491282,0.0023739246788552493,-0.01072303304326122,nan,nan,nan,nan,nan,nan,nan,nan,nan,nan,nan,nan,nan,nan,0.0,0.0,0.0,-2.8673770188344547,0.9478637358739155,0.0010616546782999388,0.00048192196794579747,nan,nan,nan,nan,nan,nan,nan,nan,nan,nan,nan,nan,nan,nan,nan,nan,nan,nan,nan,nan,nan,nan,nan,nan,nan,nan,nan,nan,nan,nan,nan,nan,nan,nan,nan,nan,nan,nan,nan,nan,nan,nan,nan,nan,nan,nan,nan,nan,nan,0.004485847673463343
1791059689.0676663,1.4191931871199395,2.2364664010541615,1.5612989229256657,-7.221321639276887e-12,4.238765896516499e-11,0.0,0.0,0.0,0.0,-2.2422674411653407,-0.3813623891255531,0.00032228455819341515,0.0008044846267521301,0.0,0.0,0.0,-0.2003707520878214,3.2255272098617978,-0.002558766754240588,0.0011155029133335804,0.0,0.0,0.0,-0.9817922735419383,2.5081393986364837,0.0014606868483401218,0.0020669310869570953,nan,nan,nan,nan,nan,nan,nan,0.0,0.0,0.0,-2.88980424465688,1.6429187517630823,0.0020952418234713556,0.007919604012138148,nan,nan,nan,nan,nan,nan,nan,nan,nan,nan,nan,nan,nan,nan,0.0,0.0,0.0,-2.8647648311720997,0.9448499274773068,0.1556656910649871,-0.16846742969628323,nan,nan,nan,nan,nan,nan,nan,nan,nan,nan,nan,nan,nan,nan,nan,nan,nan,nan,nan,nan,nan,nan,nan,nan,nan,nan,nan,nan,nan,nan,nan,nan,nan,nan,nan,nan,nan,nan,nan,nan,nan,nan,nan,nan,nan,nan,nan,nan,nan,0.00045273892819051815
1791059689.1678498,1.419215215323595,2.236460325928335,1.5611731830581799,-6.5345204123794075e-12,3.8356278334748647e-11,0.0,0.0,0.0,0.0,-2.2422658643065185,-0.38136261535603433,0.0001128503267180994,0.0007298576661761392,0.0,0.0,0.0,-0.20027482391912838,3.225494363492689,0.002567206647763821,-0.00021225345913294632,0.0,0.0,0.0,-0.9818064383090256,2.5081061109983596,-0.0004968978778133786,0.0008060889739518256,nan,nan,nan,nan,nan,nan,nan,0.0,0.0,0.0,-2.889771923347524,1.6428284148895997,0.002848226583708277,0.007936133374254641,nan,nan,nan,nan,nan,nan,nan,nan,nan,nan,nan,nan,nan,nan,0.0,0.0,0.0,-2.8673544024690756,0.9478156250071262,-0.19162965691491973,0.22008494742721163,nan,nan,nan,nan,nan,nan,nan,nan,nan,nan,nan,nan,nan,nan,nan,nan,nan,nan,nan,nan,nan,nan,nan,nan,nan,nan,nan,nan,nan,nan,nan,nan,nan,nan,nan,nan,nan,nan,nan,nan,nan,nan,nan,nan,nan,nan,nan,nan,nan,0.004994842527983266
1791059689.2676713,1.4191848480477942,2.2364569465615687,1.5613325161330869,-5.912678578982446e-12,3.4706195859410693e-11,0.0,0.0,0.0,0.0,-2.242267576703825,-0.3813824015021531,-0.0003090896984034241,-0.0013293863842654232,0.0,0.0,0.0,-0.20035675991368884,3.225483673587735,-0.003967878787675379,-0.00021935500660820537,0.0,0.0,0.0,-0.981814398249589,2.5080901442579178,-0.004230841789531897,-0.0017336580275893942,nan,nan,nan,nan,nan,nan,nan,0.0,0.0,0.0,-2.8898208930992353,1.6428312371520328,-0.0005494340424331374,0.0058886776327492,nan,nan,nan,nan,nan,nan,nan,nan,nan,nan,nan,nan,nan,nan,0.0,0.0,0.0,-2.867348345226924,0.9478218682895027,-0.0016932869952233373,0.002285095148734827,nan,nan,nan,nan,nan,nan,nan,nan,nan,nan,nan,nan,nan,nan,nan,nan,nan,nan,nan,nan,nan,nan,nan,nan,nan,nan,nan,nan,nan,nan,nan,nan,nan,nan,nan,nan,nan,nan,nan,nan,nan,nan,nan,nan,nan,nan,nan,nan,nan,0.00041873158086011813
1791059689.367762,1.4191783528159845,2.236445426759244,1.5612899064607726,-5.35001281993517e-12,3.1403464656281523e-11,0.0,0.0,0.0,0.0,-2.242263995234537,-0.3813713314439957,-0.0001117519570200404,-0.00039866252509367366,0.0,0.0,0.0,-0.2003050637675282,3.2255147837916907,0.0026031456408167827,-0.00035206991212332803,0.0,0.0,0.0,-0.9817684736419964,2.508110022937459,0.001403488985711345,-0.00022992580456148852,nan,nan,nan,nan,nan,nan,nan,0.0,0.0,0.0,-2.889860303913225,1.6427254675196217,-0.002718697346068809,-0.0029259984714947156,nan,nan,nan,nan,nan,nan,nan,nan,nan,nan,nan,nan,nan,nan,0.0,0.0,0.0,-2.8647715089955104,0.9448823557358672,0.004314828628127091,-0.002603851074998192,nan,nan,nan,nan,nan,nan,nan,nan,nan,nan,nan,nan,nan,nan,nan,nan,nan,nan,nan,nan,nan,nan,nan,nan,nan,nan,nan,nan,nan,nan,nan,nan,nan,nan,nan,nan,nan,nan,nan,nan,nan,nan,nan,nan,nan,nan,nan,nan,nan,0.0016037670423949245
1791060986.9336247,1.500611862552241,-1.3471009355793193,1.5719311035685475,0.0009547077623037959,0.1903252001712511,0.20057282309105526,0.4636173990910944,0.0,0.0,2.2891551281914184,-0.5054161795770179,0.0007759852471855512,-0.0014819945136431633,0.0,0.0,0.0,0.24035468071451507,-1.2882905066204264,0.001785651851290662,0.0010749183660328828,0.0,0.0,0.0,-0.8879108362015191,-1.1521956060790475,0.0006512607289871227,-0.0011427858858021741,nan,nan,nan,nan,nan,nan,nan,5.3286331896844614e-05,0.0,0.0,2.107823559686891,1.8824356353121738,-0.00018382200873068156,-7.555400105760454e-05,nan,nan,nan,nan,nan,nan,nan,nan,nan,nan,nan,nan,nan,nan,0.023339232450999964,0.0,0.0,2.2582861288696763,0.6516078709157505,-0.005653462178590203,0.017864055671413647,nan,nan,nan,nan,nan,nan,nan,nan,nan,nan,nan,nan,nan,nan,nan,nan,nan,nan,nan,nan,nan,nan,nan,nan,nan,nan,nan,nan,nan,nan,nan,nan,nan,nan,nan,nan,nan,nan,nan,nan,nan,nan,nan,nan,nan,nan,nan,nan,nan,0.011823957994806912
1791060987.0322437,1.5006400882469695,-1.346133292252788,1.5705262479781477,0.00358032478726976,0.36236111225445156,0.2021481122648123,0.5732581708317345,0.0,0.0,2.288317185811297,-0.5054270752695644,-0.02462105840681638,-0.0017240183939558175,0.0,0.0,0.0,0.24031974603939543,-1.2874603809974294,0.0025609587684309954,0.022052534885869002,0.0,0.0,0.0,-0.8879696402479432,-1.1521122806986437,0.006045935120870201,0.006544313057170498,nan,nan,nan,nan,nan,nan,nan,0.00034451191844682536,0.0,0.0,2.1074177287790947,1.8824024655245888,-0.02429838925125482,-0.001346868090873254,nan,nan,nan,nan,nan,nan,nan,nan,nan,nan,nan,nan,nan,nan,0.026781083655748054,0.0,0.0,2.2582965002985285,0.651611044321097,-0.004008301951445003,0.02094956967916151,nan,nan,nan,nan,nan,nan,nan,nan,nan,nan,nan,nan,nan,nan,nan,nan,nan,nan,nan,nan,nan,nan,nan,nan,nan,nan,nan,nan,nan,nan,nan,nan,nan,nan,nan,nan,nan,nan,nan,nan,nan,nan,nan,nan,nan,nan,nan,nan,nan,0.03756856975123982
1791060987.1345103,1.5003520449452707,-1.341180597359367,1.5723762640213514,-0.0021815053661149173,0.5182036986532538,0.19869111546708734,0.607311741388619,0.0,0.0,2.284668832859496,-0.505472043713211,-0.045076425671591085,0.008548099213031003,0.0,0.0,0.0,0.24068665102068393,-1.2836091258983429,-0.0013129170025328839,0.04643640350168846,0.0,0.0,0.0,-0.8881082255861357,-1.149477864528576,-0.0010142236740595186,0.03455990664042999,nan,nan,nan,nan,nan,nan,nan,0.0023479441852836706,0.0,0.0,2.104000010706059,1.8826859325532042,-0.045238842323000385,-0.0005816230247904673,nan,nan,nan,nan,nan,nan,nan,nan,nan,nan,nan,nan,nan,nan,0.2407493711149321,0.0,0.0,2.2572432317402997,0.6515261527500245,-0.03755894084889589,-0.012987100140933367,nan,nan,nan,nan,nan,nan,nan,nan,nan,nan,nan,nan,nan,nan,nan,nan,nan,nan,nan,nan,nan,nan,nan,nan,nan,nan,nan,nan,nan,nan,nan,nan,nan,nan,nan,nan,nan,nan,nan,nan,nan,nan,nan,nan,nan,nan,nan,nan,nan,0.05350221711218644
1791060987.2343478,1.5005124059640573,-1.334225138790953,1.572916020596077,0.030144169175118786,0.659246412468619,0.21803735822236023,1.0607600933556875,0.0,0.0,2.2791286565144397,-0.5053465528175305,-0.06645440378966774,0.00026765628971655154,0.0,0.0,0.0,0.24057971538548945,-1.2778971239440766,-0.008002345719813684,0.07392070774577247,0.0,0.0,0.0,-0.8878410039982711,-1.1455950955693261,0.0001854997103131935,0.04221434746938389,nan,nan,nan,nan,nan,nan,nan,0.05642027543602289,0.0,0.0,2.098318796778081,1.8829030160640066,-0.09274527435561858,-0.013036061238563096,nan,nan,nan,nan,nan,nan,nan,nan,nan,nan,nan,nan,nan,nan,0.5401691019511743,0.0,0.0,2.252676685643798,0.6514913357667619,-0.05634976675096455,0.010912965904331627,nan,nan,nan,nan,nan,nan,nan,nan,nan,nan,nan,nan,nan,nan,nan,nan,nan,nan,nan,nan,nan,nan,nan,nan,nan,nan,nan,nan,nan,nan,nan,nan,nan,nan,nan,nan,nan,nan,nan,nan,nan,nan,nan,nan,nan,nan,nan,nan,nan,0.0805553018963817
1791060987.334198,1.500316992810425,-1.3256703144614488,1.573230247602705,0.028419288975724592,0.786998704865892,0.21701037774421197,1.046385871578657,0.0,0.0,2.271778654669636,-0.5053510824289554,-0.07041553557464511,-0.0013673475729003334,0.0,0.0,0.0,0.24081944088211896,-1.2702277176025716,0.00420942919310225,0.08478789056312167,0.0,0.0,0.0,-0.8879690508233955,-1.1395384224998597,-0.004945467408257505,0.06528041537775435,nan,nan,nan,nan,nan,nan,nan,0.1758530698524667,0.0,0.0,2.0908238448340444,1.8829279485987038,-0.08342909673158602,-0.0009525851989660496,nan,nan,nan,nan,nan,nan,nan,nan,nan,nan,nan,nan,nan,nan,0.91629306405879,0.0,0.0,2.246567272866919,0.6516433852293063,-0.06949703431020801,0.003709838955785889,nan,nan,nan,nan,nan,nan,nan,nan,nan,nan,nan,nan,nan,nan,nan,nan,nan,nan,nan,nan,nan,nan,nan,nan,nan,nan,nan,nan,nan,nan,nan,nan,nan,nan,nan,nan,nan,nan,nan,nan,nan,nan,nan,nan,nan,nan,nan,nan,nan,0.10217541490056092
1791060987.432086,1.5004981021202357,-1.315318222157205,1.5748299143669617,0.049195781746310355,0.9024956587338955,0.2293050032853263,1.0130631176913445,0.0,0.0,2.263560862789281,-0.5054889433164986,-0.0922825175909804,-0.035904613852549144,0.0,0.0,0.0,0.2408233290351165,-1.260606572626228,0.006572331786979898,0.11181116817559622,0.0,0.0,0.0,-0.8877967662584386,-1.1324684262671614,-0.002071007895265179,0.08658810371880911,nan,nan,nan,nan,nan,nan,nan,0.13672643657652503,0.0,0.0,2.0801828670720313,1.8831452276998304,-0.11981404850109709,-0.004208492810749989,nan,nan,nan,nan,nan,nan,nan,nan,nan,nan,nan,nan,nan,nan,0.7322524068752778,0.0,0.0,2.2376813210168978,0.651760254984788,-0.10372100504719521,0.023749158181853566,nan,nan,nan,nan,nan,nan,nan,nan,nan,nan,nan,nan,nan,nan,nan,nan,nan,nan,nan,nan,nan,nan,nan,nan,nan,nan,nan,nan,nan,nan,nan,nan,nan,nan,nan,nan,nan,nan,nan,nan,nan,nan,nan,nan,nan,nan,nan,nan,nan,0.12035564827862695
1791060987.5344553,1.5007948700728946,-1.3029685548775427,1.5768896956419534,0.08897026074842074,1.0078783132369553,0.25214959571889456,1.052987974652249,0.0,0.0,2.254868518219808,-0.5048749256393879,-0.09778397059704988,0.003857230128467281,0.0,0.0,0.0,0.24082701080076208,-1.249759937450458,0.003473223201049974,0.12088566423977842,0.0,0.0,0.0,-0.8876805085804335,-1.1231285031405935,0.016454155876911684,0.08912695254536565,nan,nan,nan,nan,nan,nan,nan,0.055060802965165474,0.0,0.0,2.0691695075657135,1.8833574491052973,-0.13483729796555763,0.004613224907365154,nan,nan,nan,nan,nan,nan,nan,nan,nan,nan,nan,nan,nan,nan,0.6655219060239507,0.0,0.0,2.226971822415599,0.6516842084240215,-0.12159783279469205,0.015589434031980196,nan,nan,nan,nan,nan,nan,nan,nan,nan,nan,nan,nan,nan,nan,nan,nan,nan,nan,nan,nan,nan,nan,nan,nan,nan,nan,nan,nan,nan,nan,nan,nan,nan,nan,nan,nan,nan,nan,nan,nan,nan,nan,nan,nan,nan,nan,nan,nan,nan,0.12642331874347362
1791060987.63216,1.5009034467272433,-1.2896368383651444,1.5798113961839213,0.12891922017184101,1.1045303319861604,0.2737123348879424,1.0395520829411364,0.0,0.0,2.2443122249816185,-0.5047160885703055,-0.10050174804838913,0.0021061093190515466,0.0,0.0,0.0,0.24097089001461924,-1.2364887935912408,0.001850938522378154,0.14181605801122382,0.0,0.0,0.0,-0.8876858829739731,-1.1125948127422474,0.005435943859583275,0.12355490185574605,nan,nan,nan,nan,nan,nan,nan,0.15162346267761045,0.0,0.0,2.0553954797821166,1.883496168019263,-0.14911849146094375,-0.020966680365383378,nan,nan,nan,nan,nan,nan,nan,nan,nan,nan,nan,nan,nan,nan,0.7510195469658966,0.0,0.0,2.21563180363669,0.6520031265732131,-0.14264256532291109,0.0007455905726098297,nan,nan,nan,nan,nan,nan,nan,nan,nan,nan,nan,nan,nan,nan,nan,nan,nan,nan,nan,nan,nan,nan,nan,nan,nan,nan,nan,nan,nan,nan,nan,nan,nan,nan,nan,nan,nan,nan,nan,nan,nan,nan,nan,nan,nan,nan,nan,nan,nan,0.14237201235415228
1791060987.7321022,1.500824840154097,-1.2746697152404634,1.580556277268231,0.16552097085150638,1.1938533100405426,0.29188195561219965,1.0383282686852702,0.0,0.0,2.234031737111904,-0.5045290052145852,-0.11492986512728579,0.00021263093351541807,0.0,0.0,0.0,0.24126087368579893,-1.2218216299611657,0.0032071986865441567,0.17111961588161548,0.0,0.0,0.0,-0.8877812356490393,-1.1010633932326175,0.0018101218904517644,0.14275172851215917,nan,nan,nan,nan,nan,nan,nan,0.040963805959510824,0.0,0.0,2.03937668262215,1.8832552062314871,-0.22176819076555498,-0.02219788788810225,nan,nan,nan,nan,nan,nan,nan,nan,nan,nan,nan,nan,nan,nan,0.8564745889820014,0.0,0.0,2.2037022911388373,0.6520667945727004,-0.14348683371746368,-0.001639112984635736,nan,nan,nan,nan,nan,nan,nan,nan,nan,nan,nan,nan,nan,nan,nan,nan,nan,nan,nan,nan,nan,nan,nan,nan,nan,nan,nan,nan,nan,nan,nan,nan,nan,nan,nan,nan,nan,nan,nan,nan,nan,nan,nan,nan,nan,nan,nan,nan,nan,0.1653920403179862
1791060987.8320982,1.5006201352111195,-1.2584441882964197,1.5797310525486494,0.18524660341716045,1.2764382060382435,0.30096194220799594,1.0295557511322488,0.0,0.0,2.223983848930578,-0.5044545997520384,-0.12237730807981231,-0.023415550030607843,0.0,0.0,0.0,0.24124973741651365,-1.2052229486220611,0.008150158800645351,0.19748621011151557,0.0,0.0,0.0,-0.8877500686564395,-1.0874882864219553,0.006684593924104463,0.16236343546131596,nan,nan,nan,nan,nan,nan,nan,0.02172774051046874,0.0,0.0,2.0213415438560536,1.8836217262083728,-0.22810029211401606,0.00879308800847458,nan,nan,nan,nan,nan,nan,nan,nan,nan,nan,nan,nan,nan,nan,0.8859808281716218,0.0,0.0,2.1913438216493675,0.6525880370691121,-0.1341781770672309,0.009590006345805422,nan,nan,nan,nan,nan,nan,nan,nan,nan,nan,nan,nan,nan,nan,nan,nan,nan,nan,nan,nan,nan,nan,nan,nan,nan,nan,nan,nan,nan,nan,nan,nan,nan,nan,nan,nan,nan,nan,nan,nan,nan,nan,nan,nan,nan,nan,nan,nan,nan,0.18563627004142744
1791060987.9339771,1.500645250329583,-1.2394627606909576,1.5780022325744436,0.16704503517839397,1.3511846221908304,0.29260187800587456,1.0046897331443996,0.0,0.0,2.2130190272737185,-0.5037505183275219,-0.0959273354779693,-0.011469907216077069,0.0,0.0,0.0,0.24121006133983955,-1.1857972565486168,8.793585749747746e-06,0.20665266053541076,0.0,0.0,0.0,-0.8877352588090811,-1.0728151957809882,0.006098898379394752,0.15499336132546562,nan,nan,nan,nan,nan,nan,nan,0.053933797325414076,0.0,0.0,1.9988775347966563,1.8835101424997867,-0.21031017187881912,-0.0022400510524991225,nan,nan,nan,nan,nan,nan,nan,nan,nan,nan,nan,nan,nan,nan,0.938783699377077,0.0,0.0,2.178895839897667,0.6527570748897643,-0.1326088788447347,-0.0006945460325846315,nan,nan,nan,nan,nan,nan,nan,nan,nan,nan,nan,nan,nan,nan,nan,nan,nan,nan,nan,nan,nan,nan,nan,nan,nan,nan,nan,nan,nan,nan,nan,nan,nan,nan,nan,nan,nan,nan,nan,nan,nan,nan,nan,nan,nan,nan,nan,nan,nan,0.19810639035078234
1791060988.0328057,1.5003636273494803,-1.2191205944765222,1.5765611749663888,0.17236823765794015,1.4183591896651104,0.29509246663914024,0.9757358787827537,0.0,0.0,2.2021619861507893,-0.5035651603491353,-0.08729643056800583,-0.020820841238128378,0.0,0.0,0.0,0.2412362142928226,-1.1651835634214047,-0.008236009136137423,0.21592907495099722,0.0,0.0,0.0,-0.8880931253820028,-1.0568278769534123,-0.014639586138800953,0.1415840972706381,nan,nan,nan,nan,nan,nan,nan,0.0479929724999991,0.0,0.0,1.976150659056317,1.8835402919229287,-0.24084629000672503,-0.002722741043563835,nan,nan,nan,nan,nan,nan,nan,nan,nan,nan,nan,nan,nan,nan,0.910743049772781,0.0,0.0,2.1664670594345834,0.6530569488380802,-0.14549740180228035,0.016240837752003585,nan,nan,nan,nan,nan,nan,nan,nan,nan,nan,nan,nan,nan,nan,nan,nan,nan,nan,nan,nan,nan,nan,nan,nan,nan,nan,nan,nan,nan,nan,nan,nan,nan,nan,nan,nan,nan,nan,nan,nan,nan,nan,nan,nan,nan,nan,nan,nan,nan,0.22053837450528893
1791060988.1345878,1.5003528086322748,-1.1976617570571462,1.5783637720938233,0.1001190763462246,1.4772707395657119,0.2583278983835994,0.981284955858745,0.0,0.0,2.1932523613037636,-0.5031732056228356,-0.08456869595688146,-0.0018611474833715481,0.0,0.0,0.0,0.2414877105416831,-1.1429483847101656,0.006093835149503684,0.2187030087986263,0.0,0.0,0.0,-0.8877142585219888,-1.041790641745517,-0.0007945490161489262,0.1438855521209423,nan,nan,nan,nan,nan,nan,nan,0.06391268393402182,0.0,0.0,1.9540492073012357,1.8836295699447194,-0.23137782166446924,0.00021965551524612205,nan,nan,nan,nan,nan,nan,nan,nan,nan,nan,nan,nan,nan,nan,1.0228702725994332,0.0,0.0,2.1540849614686666,0.6535360963961615,-0.11410074498456704,0.011395847218760231,nan,nan,nan,nan,nan,nan,nan,nan,nan,nan,nan,nan,nan,nan,nan,nan,nan,nan,nan,nan,nan,nan,nan,nan,nan,nan,nan,nan,nan,nan,nan,nan,nan,nan,nan,nan,nan,nan,nan,nan,nan,nan,nan,nan,nan,nan,nan,nan,nan,0.2250750517258011
1791060988.2340076,1.5001438976977588,-1.174945242796596,1.5775815568560039,0.03124576699811496,1.5278782203492727,0.2186927431820497,0.9889278884392195,0.0,0.0,2.18475383910183,-0.5029908872756519,-0.09226511593138872,0.019693036854096093,0.0,0.0,0.0,0.2415339583252723,-1.121158159436755,0.011124142704014675,0.19002582046854385,0.0,0.0,0.0,-0.8878459542007265,-1.028068768339798,-0.009187245039306985,0.13116365756023962,nan,nan,nan,nan,nan,nan,nan,0.21374789572243755,0.0,0.0,1.932827678458424,1.8841504491503676,-0.1464072021286953,0.04573130519791213,nan,nan,nan,nan,nan,nan,nan,nan,nan,nan,nan,nan,nan,nan,1.0316875494518445,0.0,0.0,2.141674710756346,0.6536236331623336,-0.12066206150000158,0.001863831868115917,nan,nan,nan,nan,nan,nan,nan,nan,nan,nan,nan,nan,nan,nan,nan,nan,nan,nan,nan,nan,nan,nan,nan,nan,nan,nan,nan,nan,nan,nan,nan,nan,nan,nan,nan,nan,nan,nan,nan,nan,nan,nan,nan,nan,nan,nan,nan,nan,nan,0.23203549395490755
1791060988.3343437,1.5000598045428184,-1.1524995603878683,1.5777363182360093,-0.023779238659282345,1.5728553848648787,0.18575661047841907,0.9548225908341883,0.0,0.0,2.177474201360394,-0.5030950013650826,-0.08398598703126929,-0.02480278930270624,0.0,0.0,0.0,0.24174264716945215,-1.099034142681777,0.0018640555473824448,0.2689691352824524,0.0,0.0,0.0,-0.8878585607238678,-1.014122776439407,0.004184594556167273,0.15242053581896886,nan,nan,nan,nan,nan,nan,nan,0.3322454383782742,0.0,0.0,1.9107345245497882,1.8834623810062086,-0.16567197071580245,-0.004022194199580635,nan,nan,nan,nan,nan,nan,nan,nan,nan,nan,nan,nan,nan,nan,1.0111929483768793,0.0,0.0,2.1288888065155582,0.6541754305713608,-0.12698509071217207,0.018346113021463734,nan,nan,nan,nan,nan,nan,nan,nan,nan,nan,nan,nan,nan,nan,nan,nan,nan,nan,nan,nan,nan,nan,nan,nan,nan,nan,nan,nan,nan,nan,nan,nan,nan,nan,nan,nan,nan,nan,nan,nan,nan,nan,nan,nan,nan,nan,nan,nan,nan,0.24535679973141233
1791060988.4321592,1.5001954429499744,-1.1300302357095202,1.5788821727352471,-0.006362509565527681,1.61352668851421,0.19618295780852518,0.9618795614478005,0.0,0.0,2.1691799552737816,-0.5027740389698523,-0.0763330408313861,-0.0035052326501566378,0.0,0.0,0.0,0.2415270553787953,-1.0780241380285966,-0.01842070606001809,0.19676598031241843,0.0,0.0,0.0,-0.888020876422591,-1.001182871267294,-0.0018892666668628606,0.14601177669061066,nan,nan,nan,nan,nan,nan,nan,0.08336871774391977,0.0,0.0,1.892332156704375,1.883328346187712,-0.18921274077262004,0.04284839398249253,nan,nan,nan,nan,nan,nan,nan,nan,nan,nan,nan,nan,nan,nan,0.9288973542935309,0.0,0.0,2.115131431132632,0.6543013785924333,-0.16297125671364543,0.004750899113075132,nan,nan,nan,nan,nan,nan,nan,nan,nan,nan,nan,nan,nan,nan,nan,nan,nan,nan,nan,nan,nan,nan,nan,nan,nan,nan,nan,nan,nan,nan,nan,nan,nan,nan,nan,nan,nan,nan,nan,nan,nan,nan,nan,nan,nan,nan,nan,nan,nan,0.2422633138717056
1791060988.5343466,1.5001814896095442,-1.1074624036811596,1.580759876007947,0.01594826189735732,1.6503173685134256,0.2095616623095715,0.9656680416618872,0.0,0.0,2.1613914251279587,-0.5025221926225163,-0.08282580804863582,-0.01077895692374857,0.0,0.0,0.0,0.24133357240233005,-1.0556476422973247,-0.007830725056696469,0.2166028522513167,0.0,0.0,0.0,-0.8881614982997365,-0.9869390763893338,0.002283618250031479,0.1598080123056725,nan,nan,nan,nan,nan,nan,nan,0.16520761076263252,0.0,0.0,1.872881600367686,1.8828280978563743,-0.21546272471385353,-0.025137912615929105,nan,nan,nan,nan,nan,nan,nan,nan,nan,nan,nan,nan,nan,nan,0.922056872266761,0.0,0.0,2.1014881278389566,0.6546657370977718,-0.1604585527735706,0.014548498303127379,nan,nan,nan,nan,nan,nan,nan,nan,nan,nan,nan,nan,nan,nan,nan,nan,nan,nan,nan,nan,nan,nan,nan,nan,nan,nan,nan,nan,nan,nan,nan,nan,nan,nan,nan,nan,nan,nan,nan,nan,nan,nan,nan,nan,nan,nan,nan,nan,nan,0.2428306179409993
1791060988.6341438,1.5002350560536246,-1.0849956572314772,1.5829050225205177,-0.0052016877661355,1.6836060190316224,0.19687924065656479,0.945056398736402,0.0,0.0,2.155178648186818,-0.5023468384926315,-0.060224728770507024,0.00445451047145215,0.0,0.0,0.0,0.24108387390607317,-1.0338719118517357,0.006549932891823447,0.2431450785426227,0.0,0.0,0.0,-0.8882646674575002,-0.9740589268977964,0.0017786025257576765,0.06816112177163151,nan,nan,nan,nan,nan,nan,nan,0.0916252688034758,0.0,0.0,1.8511656880591252,1.882890269093354,-0.23985026969860362,-0.030017745221348,nan,nan,nan,nan,nan,nan,nan,nan,nan,nan,nan,nan,nan,nan,0.9712823920802228,0.0,0.0,2.087409543846585,0.654519414548625,-0.15192477847007235,-0.01702209410763301,nan,nan,nan,nan,nan,nan,nan,nan,nan,nan,nan,nan,nan,nan,nan,nan,nan,nan,nan,nan,nan,nan,nan,nan,nan,nan,nan,nan,nan,nan,nan,nan,nan,nan,nan,nan,nan,nan,nan,nan,nan,nan,nan,nan,nan,nan,nan,nan,nan,0.2232773897242777
1791060988.7343009,1.5001040343140697,-1.0626540876054715,1.5830251781761338,-0.006742850190155683,1.713709737818759,0.1959548416227161,0.9395857620842918,0.0,0.0,2.1483958999396005,-0.5024972247774661,-0.056084480882553904,-0.0003089123989021515,0.0,0.0,0.0,0.2405969018304925,-1.0119386811340443,-0.008802836983584314,0.22647827164040435,0.0,0.0,0.0,-0.8886084420040923,-0.95933424386094,0.00922130708572911,0.1529257261906471,nan,nan,nan,nan,nan,nan,nan,0.027122987508773885,0.0,0.0,1.8286991223580367,1.8833510760407188,-0.23694474720984204,0.02769763936483909,nan,nan,nan,nan,nan,nan,nan,nan,nan,nan,nan,nan,nan,nan,0.9443058362197186,0.0,0.0,2.072424196710842,0.6550082956246924,-0.14729677605088337,-0.0008623525345834342,nan,nan,nan,nan,nan,nan,nan,nan,nan,nan,nan,nan,nan,nan,nan,nan,nan,nan,nan,nan,nan,nan,nan,nan,nan,nan,nan,nan,nan,nan,nan,nan,nan,nan,nan,nan,nan,nan,nan,nan,nan,nan,nan,nan,nan,nan,nan,nan,nan,0.21438765487731945
1791060988.8340476,1.499791509358608,-1.041266113988738,1.580977802069835,-0.014812204398506518,1.7409720044106425,0.19111852241731567,0.9376135237216121,0.0,0.0,2.1434715414819885,-0.502480156641727,-0.05814927244917935,-0.005093888950701456,0.0,0.0,0.0,0.24034906556519278,-0.9898116531606415,-0.0022086415021457173,0.2224646498804504,0.0,0.0,0.0,-0.8885515904600443,-0.9476425441265367,-0.004087388106789488,0.15020735205537028,nan,nan,nan,nan,nan,nan,nan,0.06544674578432473,0.0,0.0,1.806547464664385,1.8834031368951114,-0.22036592620770326,0.006925938860609236,nan,nan,nan,nan,nan,nan,nan,nan,nan,nan,nan,nan,nan,nan,0.9639720393356949,0.0,0.0,2.0566807960853986,0.6550205417771529,-0.152010521452839,-0.01386422663647117,nan,nan,nan,nan,nan,nan,nan,nan,nan,nan,nan,nan,nan,nan,nan,nan,nan,nan,nan,nan,nan,nan,nan,nan,nan,nan,nan,nan,nan,nan,nan,nan,nan,nan,nan,nan,nan,nan,nan,nan,nan,nan,nan,nan,nan,nan,nan,nan,nan,0.21997255489518136
1791060988.9334207,1.499545983672906,-1.020330726297634,1.579971702699189,-0.004599116096955041,1.7656407741282465,0.19724070543231553,0.9494897135962704,0.0,0.0,2.138311833959855,-0.5022664118106062,-0.06158842833256284,0.010397962301211212,0.0,0.0,0.0,0.24010875583344754,-0.9673319897282927,0.00481963012384954,0.22937584972194136,0.0,0.0,0.0,-0.8882073432668404,-0.9344649558769088,0.0029624121736375473,0.13839465002415158,nan,nan,nan,nan,nan,nan,nan,0.05975685017261726,0.0,0.0,1.7841973109618308,1.8837562657003655,-0.1971390405899221,0.022913885179527367,nan,nan,nan,nan,nan,nan,nan,nan,nan,nan,nan,nan,nan,nan,0.9475510772580181,0.0,0.0,2.0412485939891094,0.6554652188448706,-0.14572137628861453,-0.003785322678729541,nan,nan,nan,nan,nan,nan,nan,nan,nan,nan,nan,nan,nan,nan,nan,nan,nan,nan,nan,nan,nan,nan,nan,nan,nan,nan,nan,nan,nan,nan,nan,nan,nan,nan,nan,nan,nan,nan,nan,nan,nan,nan,nan,nan,nan,nan,nan,nan,nan,0.206561303713253
1791060989.034361,1.4995677731452013,-0.9995740935851188,1.5795790499257878,-0.022378929573923734,1.7879669933201934,0.1865927798759977,0.9415653214471678,0.0,0.0,2.1336166819171396,-0.5023252215833499,-0.04898190984620236,-0.0005937114593044881,0.0,0.0,0.0,0.23969885772049387,-0.9451644881548571,0.009975030761543423,0.23994914736645198,0.0,0.0,0.0,-0.8880938448072406,-0.9211276127187217,0.002109245465813999,0.1311633176862222,nan,nan,nan,nan,nan,nan,nan,0.03731631734575397,0.0,0.0,1.7617098174733872,1.8838525276446703,-0.2273126057478892,0.0033290898365839704,nan,nan,nan,nan,nan,nan,nan,nan,nan,nan,nan,nan,nan,nan,0.9397065104570532,0.0,0.0,2.027902586715162,0.6555836560671552,-0.1320812085759402,0.0014866294953646889,nan,nan,nan,nan,nan,nan,nan,nan,nan,nan,nan,nan,nan,nan,nan,nan,nan,nan,nan,nan,nan,nan,nan,nan,nan,nan,nan,nan,nan,nan,nan,nan,nan,nan,nan,nan,nan,nan,nan,nan,nan,nan,nan,nan,nan,nan,nan,nan,nan,0.20022190677268517
1791060989.1320977,1.499338962213671,-0.9796631039158146,1.5813171874079228,-0.030615009146645188,1.8082672140939076,0.1816824714627127,0.9334816160085194,0.0,0.0,2.1282055748998925,-0.5021180212916553,-0.05475449950560078,0.009773777290717805,0.0,0.0,0.0,0.23919223945484674,-0.9227036401493331,-0.01596954488839409,0.2515855254127377,0.0,0.0,0.0,-0.8880164910687587,-0.9081346053255118,0.0034666079497441145,0.13420947054860358,nan,nan,nan,nan,nan,nan,nan,0.036853791616165435,0.0,0.0,1.740028653148055,1.8842669421725056,-0.24979932276168296,0.009786856596018596,nan,nan,nan,nan,nan,nan,nan,nan,nan,nan,nan,nan,nan,nan,0.9650945225463466,0.0,0.0,2.014651882120756,0.6557896492379525,-0.14345754805560595,0.0009120856187516736,nan,nan,nan,nan,nan,nan,nan,nan,nan,nan,nan,nan,nan,nan,nan,nan,nan,nan,nan,nan,nan,nan,nan,nan,nan,nan,nan,nan,nan,nan,nan,nan,nan,nan,nan,nan,nan,nan,nan,nan,nan,nan,nan,nan,nan,nan,nan,nan,nan,0.21652794185418237
1791060989.232286,1.4992492509657234,-0.959584451761845,1.5848400777378515,-0.08422994428805793,1.8272049282409843,0.15051090509927467,0.9322758524496456,0.0,0.0,2.123792251910719,-0.5019781251026019,-0.057088112201759196,0.009284991922586305,0.0,0.0,0.0,0.2392102351960147,-0.9006169582775155,0.00022589750733235513,0.20943212603959782,0.0,0.0,0.0,-0.8879716952264811,-0.8955658891164603,0.005574853327788675,0.12626273233458146,nan,nan,nan,nan,nan,nan,nan,0.10252655955735777,0.0,0.0,1.718168680304154,1.8846719953112516,-0.21741260241952548,0.007494139697708128,nan,nan,nan,nan,nan,nan,nan,nan,nan,nan,nan,nan,nan,nan,1.0080754166294288,0.0,0.0,2.001686374143073,0.6559616935258625,-0.13733557214065778,-0.002892181731493612,nan,nan,nan,nan,nan,nan,nan,nan,nan,nan,nan,nan,nan,nan,nan,nan,nan,nan,nan,nan,nan,nan,nan,nan,nan,nan,nan,nan,nan,nan,nan,nan,nan,nan,nan,nan,nan,nan,nan,nan,nan,nan,nan,nan,nan,nan,nan,nan,nan,0.24387192233313282
1791060989.3339272,1.4990785213892495,-0.9388453469351706,1.5771481575335928,-0.13394108094085883,1.8459677201716447,0.1236984164292902,0.9137743648437586,0.0,0.0,2.119380716722131,-0.5019655902792146,-0.038017952703507205,-0.0007164430556045744,0.0,0.0,0.0,0.23879608216614814,-0.8779286483297485,0.0067932527890127705,0.22313216694875737,0.0,0.0,0.0,-0.8880661618409637,-0.8826083063155774,-0.004191290265286119,0.12761964800900982,nan,nan,nan,nan,nan,nan,nan,0.12028492109352255,0.0,0.0,1.6959041830634007,1.8847158046290706,-0.21137761163799984,-0.017125982972050126,nan,nan,nan,nan,nan,nan,nan,nan,nan,nan,nan,nan,nan,nan,1.0091967669195423,0.0,0.0,1.988729088190964,0.6559448961579456,-0.13243093734735523,-0.017489128976403975,nan,nan,nan,nan,nan,nan,nan,nan,nan,nan,nan,nan,nan,nan,nan,nan,nan,nan,nan,nan,nan,nan,nan,nan,nan,nan,nan,nan,nan,nan,nan,nan,nan,nan,nan,nan,nan,nan,nan,nan,nan,nan,nan,nan,nan,nan,nan,nan,nan,0.2260630893142061
1791060989.4334185,1.4988179114465912,-0.9168031388833505,1.5763918912234864,-0.09425460402453098,1.8631007455457278,0.14490777654422557,0.9171145634492248,0.0,0.0,2.1150835273321706,-0.5018877385247823,-0.04086664649572533,0.001460275739204916,0.0,0.0,0.0,0.23860481220756782,-0.8559154425771365,-0.00123196053836172,0.2258843433699423,0.0,0.0,0.0,-0.888025628782519,-0.8700304508146977,0.0164266599672599,0.11969809760070506,nan,nan,nan,nan,nan,nan,nan,0.06870435702265386,0.0,0.0,1.6734531013612817,1.8852848104560613,-0.23461343123252315,-0.021240395244726665,nan,nan,nan,nan,nan,nan,nan,nan,nan,nan,nan,nan,nan,nan,0.9331399892181664,0.0,0.0,1.9748383946881938,0.6564674470794927,-0.15704913497005593,-0.010746945953430216,nan,nan,nan,nan,nan,nan,nan,nan,nan,nan,nan,nan,nan,nan,nan,nan,nan,nan,nan,nan,nan,nan,nan,nan,nan,nan,nan,nan,nan,nan,nan,nan,nan,nan,nan,nan,nan,nan,nan,nan,nan,nan,nan,nan,nan,nan,nan,nan,nan,0.2075013185526594
1791060989.5342498,1.4989423639139199,-0.8965854048717142,1.577685685660038,-0.05214256961502369,1.8771570743259771,0.16896716690129004,0.9171298349748442,0.0,0.0,2.1111332134655982,-0.5020342479957184,-0.03801600607293784,0.0016822350644041784,0.0,0.0,0.0,0.2385437894565971,-0.8334440769634294,0.005957871188955283,0.2455301995762585,0.0,0.0,0.0,-0.88797942667191,-0.8576155315537501,-6.201290655265864e-05,0.11700939117381018,nan,nan,nan,nan,nan,nan,nan,0.03299065969996034,0.0,0.0,1.6513477483645487,1.8860917817924097,-0.23830816960761037,0.004697915734729232,nan,nan,nan,nan,nan,nan,nan,nan,nan,nan,nan,nan,nan,nan,0.8917050999138827,0.0,0.0,1.9605929442397618,0.6568673985145709,-0.1509940296221416,0.005360922312028093,nan,nan,nan,nan,nan,nan,nan,nan,nan,nan,nan,nan,nan,nan,nan,nan,nan,nan,nan,nan,nan,nan,nan,nan,nan,nan,nan,nan,nan,nan,nan,nan,nan,nan,nan,nan,nan,nan,nan,nan,nan,nan,nan,nan,nan,nan,nan,nan,nan,0.20010364978421033
1791060989.6347291,1.4989679193966097,-0.8775608191698395,1.579077719813783,-0.011018621970736128,1.8890557947432334,0.19339123375375541,0.9139914436095253,0.0,0.0,2.107962593306957,-0.5019415514459472,-0.03140560306191448,0.006326227454645186,0.0,0.0,0.0,0.23828687970005824,-0.8117065768297267,0.006298953763420226,0.21719172580686655,0.0,0.0,0.0,-0.8879807159764671,-0.844877407982768,0.002209327230883898,0.1250191095397249,nan,nan,nan,nan,nan,nan,nan,0.03429302669755726,0.0,0.0,1.6291919473739964,1.8865041184587077,-0.22239362738667512,0.012290488000000283,nan,nan,nan,nan,nan,nan,nan,nan,nan,nan,nan,nan,nan,nan,0.8805430666798552,0.0,0.0,1.9462240353888984,0.657322072564383,-0.14928975270412195,0.009263138569730125,nan,nan,nan,nan,nan,nan,nan,nan,nan,nan,nan,nan,nan,nan,nan,nan,nan,nan,nan,nan,nan,nan,nan,nan,nan,nan,nan,nan,nan,nan,nan,nan,nan,nan,nan,nan,nan,nan,nan,nan,nan,nan,nan,nan,nan,nan,nan,nan,nan,0.19589141615299469
1791060989.7342696,1.4989019681932003,-0.8590110526478335,1.5795957799721478,0.01494314839246226,1.899625289225001,0.2089598876729898,0.9093137527059167,0.0,0.0,2.1049161161921224,-0.5019976952361555,-0.031350461073178314,0.0002502548497642337,0.0,0.0,0.0,0.23795060738779752,-0.7895950202101718,-0.0018210587585695097,0.20132870771028646,0.0,0.0,0.0,-0.8880612871775166,-0.8317423996616201,-9.769749483922517e-05,0.12734552202102772,nan,nan,nan,nan,nan,nan,nan,0.04725098849046842,0.0,0.0,1.6070359561429346,1.8867364626666414,-0.20581360929940126,0.0026709880569919875,nan,nan,nan,nan,nan,nan,nan,nan,nan,nan,nan,nan,nan,nan,0.8982585290600358,0.0,0.0,1.9315282745892295,0.6576105076831542,-0.1386139404052502,0.007745117589897752,nan,nan,nan,nan,nan,nan,nan,nan,nan,nan,nan,nan,nan,nan,nan,nan,nan,nan,nan,nan,nan,nan,nan,nan,nan,nan,nan,nan,nan,nan,nan,nan,nan,nan,nan,nan,nan,nan,nan,nan,nan,nan,nan,nan,nan,nan,nan,nan,nan,0.18700980524983604
1791060989.8342884,1.4986612075762713,-0.8401592990704981,1.5783506210877742,-0.0029290743160434026,1.9091816426968935,0.1982426006428398,0.9042481923177624,0.0,0.0,2.102013248211548,-0.5020044297805609,-0.025773835967623303,-0.0023653442923041858,0.0,0.0,0.0,0.23762750704664748,-0.767184438278378,-0.005255355995229474,0.24298196873738323,0.0,0.0,0.0,-0.8882038934662391,-0.8176319525625503,-0.0003845079155573406,0.1461444545145065,nan,nan,nan,nan,nan,nan,nan,0.04473318845288861,0.0,0.0,1.5845713727887811,1.8870574241253204,-0.2309003400978351,0.004214279076052596,nan,nan,nan,nan,nan,nan,nan,nan,nan,nan,nan,nan,nan,nan,0.955376800928907,0.0,0.0,1.9176175753906002,0.657960099526175,-0.136943532219106,-0.00039873463054344014,nan,nan,nan,nan,nan,nan,nan,nan,nan,nan,nan,nan,nan,nan,nan,nan,nan,nan,nan,nan,nan,nan,nan,nan,nan,nan,nan,nan,nan,nan,nan,nan,nan,nan,nan,nan,nan,nan,nan,nan,nan,nan,nan,nan,nan,nan,nan,nan,nan,0.20956854799275046
1791060989.9343517,1.4986911335298434,-0.8206042369147293,1.5822057191699406,-0.07265899606590422,1.918189747182868,0.15708219073707963,0.9044767995676634,0.0,0.0,2.099190879920018,-0.5019575404806289,-0.024183127548396924,-0.01265637228715089,0.0,0.0,0.0,0.2372463312851957,-0.7451991046568517,-0.008511163380130292,0.2459084446729194,0.0,0.0,0.0,-0.8884271640279232,-0.802680192464236,-0.0185852858734758,0.15253047247887874,nan,nan,nan,nan,nan,nan,nan,0.061382312424174156,0.0,0.0,1.5622086276132061,1.8873738951610128,-0.23246508837353147,0.0002960808930972683,nan,nan,nan,nan,nan,nan,nan,nan,nan,nan,nan,nan,nan,nan,1.0245926723167276,0.0,0.0,1.904375850314071,0.658166300514369,-0.1113266427060487,-0.009572499118270978,nan,nan,nan,nan,nan,nan,nan,nan,nan,nan,nan,nan,nan,nan,nan,nan,nan,nan,nan,nan,nan,nan,nan,nan,nan,nan,nan,nan,nan,nan,nan,nan,nan,nan,nan,nan,nan,nan,nan,nan,nan,nan,nan,nan,nan,nan,nan,nan,nan,0.23147526902575166
1791060990.0321484,1.4984704693858004,-0.7998993818744079,1.5822307295206886,-0.13556549111629893,1.9281295039825712,0.12286718039362438,0.9029682399497554,0.0,0.0,2.096830130002198,-0.5019170620640043,-0.024944154359262775,-0.0005848378237322651,0.0,0.0,0.0,0.23682969442827312,-0.7233182509283478,0.0008757257199041831,0.25062133327564534,0.0,0.0,0.0,-0.8885302776337053,-0.7865481858739766,-0.004629313969283812,0.18353341099836185,nan,nan,nan,nan,nan,nan,nan,0.044234707736085316,0.0,0.0,1.5400740244970064,1.8878388600138465,-0.25387891682877506,0.008391551563378168,nan,nan,nan,nan,nan,nan,nan,nan,nan,nan,nan,nan,nan,nan,1.0248169992806515,0.0,0.0,1.8924625486807776,0.6585195163014027,-0.11225878979188772,-0.0017973069791495022,nan,nan,nan,nan,nan,nan,nan,nan,nan,nan,nan,nan,nan,nan,nan,nan,nan,nan,nan,nan,nan,nan,nan,nan,nan,nan,nan,nan,nan,nan,nan,nan,nan,nan,nan,nan,nan,nan,nan,nan,nan,nan,nan,nan,nan,nan,nan,nan,nan,0.23522549495805764
1791060990.134441,1.4984188880097395,-0.7794551266078892,1.5812566601556826,-0.19165703054195457,1.9401704218558569,0.09619985746981324,0.9037166721243927,0.0,0.0,2.0947489692657073,-0.5019038586815565,-0.023449698101047564,-0.002341662701334285,0.0,0.0,0.0,0.23633607906295942,-0.7012894293859305,-0.00225017150057895,0.20617402177992547,0.0,0.0,0.0,-0.8885330089802017,-0.7698022369115931,0.0030223901782954463,0.1786349260911001,nan,nan,nan,nan,nan,nan,nan,0.03689184240784276,0.0,0.0,1.5178984621145186,1.8882960060859872,-0.21578867519735878,0.01997622525519587,nan,nan,nan,nan,nan,nan,nan,nan,nan,nan,nan,nan,nan,nan,1.0171066131933653,0.0,0.0,1.8814026906225758,0.6587711659776176,-0.09967375457708258,0.002719098909286298,nan,nan,nan,nan,nan,nan,nan,nan,nan,nan,nan,nan,nan,nan,nan,nan,nan,nan,nan,nan,nan,nan,nan,nan,nan,nan,nan,nan,nan,nan,nan,nan,nan,nan,nan,nan,nan,nan,nan,nan,nan,nan,nan,nan,nan,nan,nan,nan,nan,0.20201261519301322
1791060990.2348723,1.4985141478456203,-0.7594610145603918,1.583076246351806,-0.22197839482590545,1.9540572749935814,0.08354006102115719,0.8992757559148529,0.0,0.0,2.0927921776652045,-0.5017245381889285,-0.014903418070534389,-0.003757266808215209,0.0,0.0,0.0,0.23581221252826998,-0.6788690814418314,-0.006064069571625889,0.21979865681108995,0.0,0.0,0.0,-0.8886712752462391,-0.7520838399069676,-0.0029014278793873783,0.16671654882599854,nan,nan,nan,nan,nan,nan,nan,0.0358129689216356,0.0,0.0,1.4955092189591386,1.8887874638758662,-0.2114556385219652,0.004997419493660818,nan,nan,nan,nan,nan,nan,nan,nan,nan,nan,nan,nan,nan,nan,0.9584337508829556,0.0,0.0,1.8702796536291422,0.659023428559163,-0.10491031933995473,0.017873572766180644,nan,nan,nan,nan,nan,nan,nan,nan,nan,nan,nan,nan,nan,nan,nan,nan,nan,nan,nan,nan,nan,nan,nan,nan,nan,nan,nan,nan,nan,nan,nan,nan,nan,nan,nan,nan,nan,nan,nan,nan,nan,nan,nan,nan,nan,nan,nan,nan,nan,0.18336441092220962
1791060990.3344486,1.4982284658672749,-0.7411997123851892,1.5869253374278962,-0.20000524576137216,1.966877988129836,0.09258784695903775,0.8987000129783851,0.0,0.0,2.0908576186639065,-0.5018547485517201,-0.021937476669463836,-0.010279855844673655,0.0,0.0,0.0,0.2354460937057769,-0.6565313302035293,-0.013686321393571605,0.22810303936341497,0.0,0.0,0.0,-0.8888037200245352,-0.7348153454966159,-0.00047137872902213677,0.17056187127620587,nan,nan,nan,nan,nan,nan,nan,0.031510877813077695,0.0,0.0,1.4729689950525158,1.8893077073781768,-0.22731162635412733,0.004005305903847598,nan,nan,nan,nan,nan,nan,nan,nan,nan,nan,nan,nan,nan,nan,0.930263229494572,0.0,0.0,1.8580943835398516,0.659047911973793,-0.12991699464773596,0.006525984083901207,nan,nan,nan,nan,nan,nan,nan,nan,nan,nan,nan,nan,nan,nan,nan,nan,nan,nan,nan,nan,nan,nan,nan,nan,nan,nan,nan,nan,nan,nan,nan,nan,nan,nan,nan,nan,nan,nan,nan,nan,nan,nan,nan,nan,nan,nan,nan,nan,nan,0.18268384449048464
1791060990.4343278,1.4981864256000965,-0.7250571777288156,1.5875342918661306,-0.14439066582813484,1.975662763900029,0.11840624385228629,0.9089090162937509,0.0,0.0,2.0887343792481845,-0.5017522259975054,-0.015839754778636108,-0.002307471476493112,0.0,0.0,0.0,0.23570509539046444,-0.6340382094483438,0.0012989706319599691,0.22566603022079346,0.0,0.0,0.0,-0.8889567625892754,-0.7188708880066201,0.0017062847254109169,0.16076595211173544,nan,nan,nan,nan,nan,nan,nan,0.01800588072909964,0.0,0.0,1.45061707514795,1.8897285204888434,-0.23809418992238918,0.0022903246491617025,nan,nan,nan,nan,nan,nan,nan,nan,nan,nan,nan,nan,nan,nan,0.8170251888067546,0.0,0.0,1.8449658786268257,0.6592575822171212,-0.14583865855903644,0.005482921130536592,nan,nan,nan,nan,nan,nan,nan,nan,nan,nan,nan,nan,nan,nan,nan,nan,nan,nan,nan,nan,nan,nan,nan,nan,nan,nan,nan,nan,nan,nan,nan,nan,nan,nan,nan,nan,nan,nan,nan,nan,nan,nan,nan,nan,nan,nan,nan,nan,nan,0.16862746583032984
1791060990.5321467,1.498311775825904,-0.7090696795784733,1.590300341840844,-0.09551985879441736,1.9807124308722066,0.14420696343680714,0.9048210644295913,0.0,0.0,2.087011837620172,-0.5018645359036253,-0.019291957464994732,-0.0007423465055531842,0.0,0.0,0.0,0.23506447591734667,-0.6118856545913931,0.003881420830306734,0.23112565857088818,0.0,0.0,0.0,-0.889215799902957,-0.7033013530971078,-0.009242062478013008,0.15658679990248284,nan,nan,nan,nan,nan,nan,nan,0.014706056311709598,0.0,0.0,1.4287266536505683,1.8897959936805915,-0.23454253224516386,0.01862079398442175,nan,nan,nan,nan,nan,nan,nan,nan,nan,nan,nan,nan,nan,nan,0.8445801343969949,0.0,0.0,1.830773150978133,0.659514624489495,-0.13961981146779404,0.0073136951528259084,nan,nan,nan,nan,nan,nan,nan,nan,nan,nan,nan,nan,nan,nan,nan,nan,nan,nan,nan,nan,nan,nan,nan,nan,nan,nan,nan,nan,nan,nan,nan,nan,nan,nan,nan,nan,nan,nan,nan,nan,nan,nan,nan,nan,nan,nan,nan,nan,nan,0.16520062811153705
1791060990.634394,1.498163585716369,-0.6942065867027672,1.593278133452296,-0.03854119901831176,1.9834305255128475,0.17697778253315574,0.8882165912414166,0.0,0.0,2.085492787377224,-0.501646647142489,-0.01183404080041649,-0.001661464018476267,0.0,0.0,0.0,0.23437853614739457,-0.5894897769915777,-0.012029469000826156,0.23480282342477624,0.0,0.0,0.0,-0.8893564487898421,-0.6885122074220977,-0.008389491821554199,0.15433631220922048,nan,nan,nan,nan,nan,nan,nan,0.017310423213453444,0.0,0.0,1.4064019317510492,1.8902353354628836,-0.23168586705753,0.008052861988985888,nan,nan,nan,nan,nan,nan,nan,nan,nan,nan,nan,nan,nan,nan,0.8424295077490465,0.0,0.0,1.816194414791035,0.6595525825209607,-0.15064512007479708,-0.0013576877258863575,nan,nan,nan,nan,nan,nan,nan,nan,nan,nan,nan,nan,nan,nan,nan,nan,nan,nan,nan,nan,nan,nan,nan,nan,nan,nan,nan,nan,nan,nan,nan,nan,nan,nan,nan,nan,nan,nan,nan,nan,nan,nan,nan,nan,nan,nan,nan,nan,nan,0.15331356780082306
1791060990.7338738,1.4982314775866328,-0.6791485103327877,1.5974286862467622,-0.02237344261433916,1.9851849164283184,0.1865960572608576,0.8952781683117672,0.0,0.0,2.085302751269453,-0.5024579823633583,-0.010071506761869877,0.00014041994409675945,0.0,0.0,0.0,0.23368290791943477,-0.5673110926965917,-0.015619846364594762,0.21689305957699107,0.0,0.0,0.0,-0.8896137001649789,-0.6739392056401687,-0.005811689920604042,0.13853122196438233,nan,nan,nan,nan,nan,nan,nan,0.02134647695038208,0.0,0.0,1.3838739924519592,1.8907931661739286,-0.2041372231196271,0.004268043915797394,nan,nan,nan,nan,nan,nan,nan,nan,nan,nan,nan,nan,nan,nan,0.8584323108026425,0.0,0.0,1.8022531537776718,0.6599201852024416,-0.1191273973328165,0.01175658315626502,nan,nan,nan,nan,nan,nan,nan,nan,nan,nan,nan,nan,nan,nan,nan,nan,nan,nan,nan,nan,nan,nan,nan,nan,nan,nan,nan,nan,nan,nan,nan,nan,nan,nan,nan,nan,nan,nan,nan,nan,nan,nan,nan,nan,nan,nan,nan,nan,nan,0.14877006791487302
1791060990.8320272,1.498245683522919,-0.6640763785140281,1.5978221238194086,-0.01017439933282409,1.9866436166332315,0.1938972555216654,0.9088643321538153,0.0,0.0,2.0843634883310034,-0.502497380212245,-0.009942020507462753,7.788594184945805e-05,0.0,0.0,0.0,0.23326086619154957,-0.5451734096419485,-0.009365896954218658,0.2390998913351805,0.0,0.0,0.0,-0.8898986596238597,-0.6597800870707633,-0.005602676316230552,0.15245330213996056,nan,nan,nan,nan,nan,nan,nan,0.018816638512679076,0.0,0.0,1.3615143140724886,1.8914987404388297,-0.23686067844191033,0.016364327865294296,nan,nan,nan,nan,nan,nan,nan,nan,nan,nan,nan,nan,nan,nan,0.864097787823171,0.0,0.0,1.7885191632017923,0.6599288786128282,-0.14617841010935637,-0.00644274694990311,nan,nan,nan,nan,nan,nan,nan,nan,nan,nan,nan,nan,nan,nan,nan,nan,nan,nan,nan,nan,nan,nan,nan,nan,nan,nan,nan,nan,nan,nan,nan,nan,nan,nan,nan,nan,nan,nan,nan,nan,nan,nan,nan,nan,nan,nan,nan,nan,nan,0.1943990082304382
1791060990.9320912,1.498280231548261,-0.6479580543147078,1.6009697062978743,-0.03801735203650842,1.9880417056824493,0.17728798182219205,0.9036852979682884,0.0,0.0,2.083551785089239,-0.5024805480935983,-0.008488853188674768,0.0017385712617436085,0.0,0.0,0.0,0.23261931717829598,-0.5227654585913616,0.010178342878417426,0.2524236809669205,0.0,0.0,0.0,-0.8900983036889615,-0.6469500976409263,-0.006552351160361285,0.14225177372811218,nan,nan,nan,nan,nan,nan,nan,0.022510126799406793,0.0,0.0,1.339232227482772,1.8925671532240378,-0.2538897658386569,0.007990784796216389,nan,nan,nan,nan,nan,nan,nan,nan,nan,nan,nan,nan,nan,nan,0.9120223832286863,0.0,0.0,1.7763536450119135,0.6603335038101493,-0.12263870246473771,0.014270370930199429,nan,nan,nan,nan,nan,nan,nan,nan,nan,nan,nan,nan,nan,nan,nan,nan,nan,nan,nan,nan,nan,nan,nan,nan,nan,nan,nan,nan,nan,nan,nan,nan,nan,nan,nan,nan,nan,nan,nan,nan,nan,nan,nan,nan,nan,nan,nan,nan,nan,0.20761695502279345
1791060991.0343502,1.4974138262476617,-0.6292318200408347,1.593272858837288,-0.06224108890551415,1.9896749537331446,0.16308339233438904,0.8911259962835278,0.0,0.0,2.0828503010900103,-0.5020961753215366,-0.009254536080578364,-0.0006003337095065571,0.0,0.0,0.0,0.23156024832943434,-0.5003690053650062,-0.007817008647139287,0.2435274187395488,0.0,0.0,0.0,-0.8902690557082479,-0.6334431104343071,-0.003563497221808431,0.14844174374551336,nan,nan,nan,nan,nan,nan,nan,0.04685585131524774,0.0,0.0,1.3175641873357882,1.8930690232440115,-0.23849147786458844,-0.006222376438046014,nan,nan,nan,nan,nan,nan,nan,nan,nan,nan,nan,nan,nan,nan,0.9759673521396386,0.0,0.0,1.7638316397703677,0.6603279056900404,-0.13252362217507727,-0.006946865922163321,nan,nan,nan,nan,nan,nan,nan,nan,nan,nan,nan,nan,nan,nan,nan,nan,nan,nan,nan,nan,nan,nan,nan,nan,nan,nan,nan,nan,nan,nan,nan,nan,nan,nan,nan,nan,nan,nan,nan,nan,nan,nan,nan,nan,nan,nan,nan,nan,nan,0.21099842526589818
1791060991.134082,1.4973402827901114,-0.6090995441076045,1.5991962229941685,-0.044914044812885516,1.9912027497432956,0.1732134842606468,0.8986454531327951,0.0,0.0,2.08190261599115,-0.5024946034137778,-0.011918836259206301,-0.007085035559295145,0.0,0.0,0.0,0.23077357156817904,-0.47782868904762826,-0.014635467720255042,0.2378283195542925,0.0,0.0,0.0,-0.8906520930445772,-0.6202800080871184,-0.00946284036021142,0.14987021434743916,nan,nan,nan,nan,nan,nan,nan,0.031676032585600006,0.0,0.0,1.2951991633068618,1.8944292056581569,-0.2252156298138398,0.011824856642870044,nan,nan,nan,nan,nan,nan,nan,nan,nan,nan,nan,nan,nan,nan,0.8934226439266023,0.0,0.0,1.75109808260604,0.6606247550398276,-0.14550473903484612,0.005860752257653552,nan,nan,nan,nan,nan,nan,nan,nan,nan,nan,nan,nan,nan,nan,nan,nan,nan,nan,nan,nan,nan,nan,nan,nan,nan,nan,nan,nan,nan,nan,nan,nan,nan,nan,nan,nan,nan,nan,nan,nan,nan,nan,nan,nan,nan,nan,nan,nan,nan,0.20507543733720995
1791060991.234066,1.4969213018799534,-0.5896108065672967,1.599205057310941,-0.0850258992282256,1.992884176111744,0.15006283917440733,0.8962963183159072,0.0,0.0,2.0809525403605975,-0.5024748796332758,-0.011697587924389189,0.0019140082297028102,0.0,0.0,0.0,0.2302030881786878,-0.45519340044526063,-0.014205066270156611,0.23080971465538946,0.0,0.0,0.0,-0.8907600262409631,-0.6067337306416695,0.006057696904344642,0.1380960754544188,nan,nan,nan,nan,nan,nan,nan,0.026995738890311486,0.0,0.0,1.2717946673735288,1.8951543720824628,-0.23311654309333213,0.0057628995540617576,nan,nan,nan,nan,nan,nan,nan,nan,nan,nan,nan,nan,nan,nan,0.9579733972202331,0.0,0.0,1.738765969781667,0.6608854214022177,-0.11432999697860988,-0.00031048868204635195,nan,nan,nan,nan,nan,nan,nan,nan,nan,nan,nan,nan,nan,nan,nan,nan,nan,nan,nan,nan,nan,nan,nan,nan,nan,nan,nan,nan,nan,nan,nan,nan,nan,nan,nan,nan,nan,nan,nan,nan,nan,nan,nan,nan,nan,nan,nan,nan,nan,0.18949737635030392
1791060991.334322,1.496582366980894,-0.5702707325399899,1.5979824619643033,-0.09766581194009735,1.9951592137044443,0.14302173738683097,0.893057671692833,0.0,0.0,2.0798184548508547,-0.5023406320294712,-0.010417838172396447,0.0008589821823830862,0.0,0.0,0.0,0.22951300850937828,-0.43265163331726997,-0.00034148752565039487,0.22459442928778184,0.0,0.0,0.0,-0.8910984662320091,-0.5932447094471185,0.01361443913918073,0.12867734826409818,nan,nan,nan,nan,nan,nan,nan,0.023311401585780312,0.0,0.0,1.250101092231931,1.8957044336351683,-0.23923639797904864,0.011830179112370838,nan,nan,nan,nan,nan,nan,nan,nan,nan,nan,nan,nan,nan,nan,0.958996326983707,0.0,0.0,1.7270995353223302,0.6610578675741012,-0.12780533634967864,-0.016856672406025223,nan,nan,nan,nan,nan,nan,nan,nan,nan,nan,nan,nan,nan,nan,nan,nan,nan,nan,nan,nan,nan,nan,nan,nan,nan,nan,nan,nan,nan,nan,nan,nan,nan,nan,nan,nan,nan,nan,nan,nan,nan,nan,nan,nan,nan,nan,nan,nan,nan,0.18450402697329174
1791060991.4345956,1.4959785423311287,-0.5523944107093102,1.5966057674820764,-0.12126348895725647,1.9979042384116692,0.13029031966776558,0.8958544632837665,0.0,0.0,2.078725814566549,-0.5023911569279966,-0.010153016314224713,0.00017517236829003554,0.0,0.0,0.0,0.22871767996447215,-0.410156426362187,0.000603022743471206,0.22398245128837183,0.0,0.0,0.0,-0.8915705936654533,-0.580438218634296,-0.005597924026402284,0.12827761429645848,nan,nan,nan,nan,nan,nan,nan,0.023189290153034,0.0,0.0,1.2276361265328817,1.8970366630749351,-0.2173713273787421,0.010121318502458298,nan,nan,nan,nan,nan,nan,nan,nan,nan,nan,nan,nan,nan,nan,0.9378940857760873,0.0,0.0,1.7148444293149392,0.6612128731207536,-0.11301164423518724,-0.0025514508530787195,nan,nan,nan,nan,nan,nan,nan,nan,nan,nan,nan,nan,nan,nan,nan,nan,nan,nan,nan,nan,nan,nan,nan,nan,nan,nan,nan,nan,nan,nan,nan,nan,nan,nan,nan,nan,nan,nan,nan,nan,nan,nan,nan,nan,nan,nan,nan,nan,nan,0.17206452681144024
1791060991.533986,1.4955027247383355,-0.5352670984334144,1.593988504246838,-0.08354783290479587,2.0000978043386435,0.15089530693058673,0.8936187556445768,0.0,0.0,2.076951750277047,-0.5017856912646441,-0.008698048125082593,0.0005808713380326771,0.0,0.0,0.0,0.2278299843195705,-0.3878484340106348,-0.007860138436239708,0.24395897057716434,0.0,0.0,0.0,-0.8918915316899029,-0.5680559176243936,0.003552310017646925,0.1287208034875547,nan,nan,nan,nan,nan,nan,nan,0.06727655698609201,0.0,0.0,1.2053394599006562,1.8972606732840582,-0.21063347371653232,-0.045552574684763404,nan,nan,nan,nan,nan,nan,nan,nan,nan,nan,nan,nan,nan,nan,0.8852904372819114,0.0,0.0,1.7024104835842748,0.66175516877018,-0.12812095462523665,0.024460401826016297,nan,nan,nan,nan,nan,nan,nan,nan,nan,nan,nan,nan,nan,nan,nan,nan,nan,nan,nan,nan,nan,nan,nan,nan,nan,nan,nan,nan,nan,nan,nan,nan,nan,nan,nan,nan,nan,nan,nan,nan,nan,nan,nan,nan,nan,nan,nan,nan,nan,0.18006292066647195
1791060991.6338737,1.494842092167647,-0.5185821887640951,1.5920965478767273,-0.06578432921340442,2.001145285190351,0.16103397924912857,0.8927693346236593,0.0,0.0,2.075811662275396,-0.5019584415259261,-0.009907148762952619,-0.0006332630500068416,0.0,0.0,0.0,0.22676120967644756,-0.36563384895779416,-0.01644709686642312,0.21771701095612994,0.0,0.0,0.0,-0.8920525997303403,-0.5559191662508899,0.0033188051725120786,0.1206345046878961,nan,nan,nan,nan,nan,nan,nan,0.0316949248830972,0.0,0.0,1.182989071639012,1.898390406282336,-0.22527259448407616,0.003530054415238721,nan,nan,nan,nan,nan,nan,nan,nan,nan,nan,nan,nan,nan,nan,0.9453758038367714,0.0,0.0,1.6886948198125153,0.6619150233690283,-0.11579101754928672,0.021363200272392115,nan,nan,nan,nan,nan,nan,nan,nan,nan,nan,nan,nan,nan,nan,nan,nan,nan,nan,nan,nan,nan,nan,nan,nan,nan,nan,nan,nan,nan,nan,nan,nan,nan,nan,nan,nan,nan,nan,nan,nan,nan,nan,nan,nan,nan,nan,nan,nan,nan,0.17901838415596033
1791060991.7340767,1.4945627524858645,-0.5015917073650009,1.5913659119640984,-0.04758611325756482,2.001646578708401,0.17164072428099375,0.8934366685810732,0.0,0.0,2.074645926047146,-0.5017072160190007,-0.009186270282434768,0.0001116341691158158,0.0,0.0,0.0,0.22616095776773618,-0.3432609630225814,-0.005371966239614041,0.22286902699318287,0.0,0.0,0.0,-0.8925340282334139,-0.5441786545105006,-0.0047707382042645324,0.11977286053261527,nan,nan,nan,nan,nan,nan,nan,0.021595591487783942,0.0,0.0,1.160384715772232,1.8997595451562144,-0.23276545905969495,0.007501831207154627,nan,nan,nan,nan,nan,nan,nan,nan,nan,nan,nan,nan,nan,nan,0.9239520457351879,0.0,0.0,1.6744229594413254,0.6618965197786031,-0.12420137161621188,-0.0006704435216937688,nan,nan,nan,nan,nan,nan,nan,nan,nan,nan,nan,nan,nan,nan,nan,nan,nan,nan,nan,nan,nan,nan,nan,nan,nan,nan,nan,nan,nan,nan,nan,nan,nan,nan,nan,nan,nan,nan,nan,nan,nan,nan,nan,nan,nan,nan,nan,nan,nan,0.16879454167053154
1791060991.8320758,1.4946507733941694,-0.4847703694854229,1.5922490086542995,0.0064096316665647225,2.0016099060162675,0.2038453050772537,0.8950200389889772,0.0,0.0,2.0737044215067844,-0.5016035143490395,-0.012243851418697153,-0.0027128521290634457,0.0,0.0,0.0,0.2252865753247419,-0.3208898755498584,-0.0032497218117629708,0.24719648149838186,0.0,0.0,0.0,-0.8925836344392521,-0.5326667732300902,0.003315175801857066,0.13041712087125493,nan,nan,nan,nan,nan,nan,nan,0.01699626070041989,0.0,0.0,1.138420142485806,1.9006846990390764,-0.2508783141951597,0.009055474156349792,nan,nan,nan,nan,nan,nan,nan,nan,nan,nan,nan,nan,nan,nan,0.7411054987117576,0.0,0.0,1.6583446029673323,0.6619762886462303,-0.2058401262529661,0.0066495599147176065,nan,nan,nan,nan,nan,nan,nan,nan,nan,nan,nan,nan,nan,nan,nan,nan,nan,nan,nan,nan,nan,nan,nan,nan,nan,nan,nan,nan,nan,nan,nan,nan,nan,nan,nan,nan,nan,nan,nan,nan,nan,nan,nan,nan,nan,nan,nan,nan,nan,0.17150123781304788
1791060991.9326653,1.494258005314183,-0.4682402394501419,1.5935485828617495,0.05502597517935616,2.0016833222581862,0.23271891893046656,0.8942102290316526,0.0,0.0,2.072733229549154,-0.5016642328156973,-0.01125926783018192,0.0005384154101271476,0.0,0.0,0.0,0.22434633786364266,-0.2986657488442319,-0.011958830730172305,0.23279798358888565,0.0,0.0,0.0,-0.8927696002625948,-0.520528405553002,-0.0024439239285447205,0.13726050343299467,nan,nan,nan,nan,nan,nan,nan,0.028904405885430993,0.0,0.0,1.1163255436563717,1.9016300974067912,-0.21058494490500734,0.01107401555184713,nan,nan,nan,nan,nan,nan,nan,nan,nan,nan,nan,nan,nan,nan,0.845417607562347,0.0,0.0,1.6420213581922654,0.6623236300933519,-0.16267873900259194,0.007022693169954207,nan,nan,nan,nan,nan,nan,nan,nan,nan,nan,nan,nan,nan,nan,nan,nan,nan,nan,nan,nan,nan,nan,nan,nan,nan,nan,nan,nan,nan,nan,nan,nan,nan,nan,nan,nan,nan,nan,nan,nan,nan,nan,nan,nan,nan,nan,nan,nan,nan,0.17235320162040357
1791060992.0353277,1.4939778990180657,-0.4510912257642093,1.5942799742379197,0.08956046356141477,2.0025525812955425,0.25247948819689375,0.8934610055903036,0.0,0.0,2.071705166633767,-0.5016346199305266,-0.02254464468894084,-0.012266856927635458,0.0,0.0,0.0,0.2235272288466436,-0.2764542011854529,-0.01590788088485575,0.2209862340673317,0.0,0.0,0.0,-0.8929602601352591,-0.506961251606894,-0.00022197170492378867,0.1507152008754859,nan,nan,nan,nan,nan,nan,nan,0.02481728824885429,0.0,0.0,1.0936555416741989,1.9027262300396124,-0.22965646372613904,0.012913120107353158,nan,nan,nan,nan,nan,nan,nan,nan,nan,nan,nan,nan,nan,nan,0.8768477027916656,0.0,0.0,1.6263082141657692,0.6619525129224586,-0.16329627902945176,-0.0363833514598162,nan,nan,nan,nan,nan,nan,nan,nan,nan,nan,nan,nan,nan,nan,nan,nan,nan,nan,nan,nan,nan,nan,nan,nan,nan,nan,nan,nan,nan,nan,nan,nan,nan,nan,nan,nan,nan,nan,nan,nan,nan,nan,nan,nan,nan,nan,nan,nan,nan,0.18659024150340214
1791060992.132554,1.4937218649010457,-0.4330675337776356,1.593299636875539,0.10601578023905797,2.004136823267942,0.26154805011078824,0.8931517087780471,0.0,0.0,2.0703516139136084,-0.5015941505337861,-0.019378354720739097,0.00021805052563701494,0.0,0.0,0.0,0.22296785926857665,-0.2543181545664761,-0.014660671345817205,0.21482156026946253,0.0,0.0,0.0,-0.8933471396352095,-0.4926428148628085,-0.0038978136892558308,0.16148475657174066,nan,nan,nan,nan,nan,nan,nan,0.02481728824885429,0.0,0.0,1.071594950578382,1.9036983083050039,-0.23446018927035803,0.012529365398958924,nan,nan,nan,nan,nan,nan,nan,nan,nan,nan,nan,nan,nan,nan,0.9177527844204975,0.0,0.0,1.6103440640754052,0.6624762737376201,-0.14116111713461588,0.006539283793368336,nan,nan,nan,nan,nan,nan,nan,nan,nan,nan,nan,nan,nan,nan,nan,nan,nan,nan,nan,nan,nan,nan,nan,nan,nan,nan,nan,nan,nan,nan,nan,nan,nan,nan,nan,nan,nan,nan,nan,nan,nan,nan,nan,nan,nan,nan,nan,nan,nan,0.20720967729573
1791060992.232067,1.4932799230839713,-0.41399990379996626,1.5961804333544718,0.1402307469647995,2.0066704639270747,0.27950268948983226,0.8946625899018499,0.0,0.0,2.068564224258763,-0.5015374402056272,-0.020386180497725122,-0.005100944470736345,0.0,0.0,0.0,0.22212866913899318,-0.23191441522859013,-0.0026841630462666626,0.22501997617158784,0.0,0.0,0.0,-0.8934661571430939,-0.4775805967152244,-0.0009149377068608533,0.15440036545663563,nan,nan,nan,nan,nan,nan,nan,0.02481728824885429,0.0,0.0,1.0494532318751104,1.9047572360631886,-0.24268090032399187,0.01214337391164235,nan,nan,nan,nan,nan,nan,nan,nan,nan,nan,nan,nan,nan,nan,0.9098641062488406,0.0,0.0,1.5950621746211273,0.6624446147375247,-0.16822157808084182,-0.011461073993956275,nan,nan,nan,nan,nan,nan,nan,nan,nan,nan,nan,nan,nan,nan,nan,nan,nan,nan,nan,nan,nan,nan,nan,nan,nan,nan,nan,nan,nan,nan,nan,nan,nan,nan,nan,nan,nan,nan,nan,nan,nan,nan,nan,nan,nan,nan,nan,nan,nan,0.20183236297812884
1791060992.3345065,1.4931250854492233,-0.3931858405057168,1.5995599997331271,0.16444529279011752,2.010484925658621,0.29137201239173954,0.8930570832028083,0.0,0.0,2.066911830644915,-0.501413134099189,-0.016136094474196425,0.002395392105478623,0.0,0.0,0.0,0.22124475725829962,-0.20975557854211394,-0.0016848102263270356,0.2341134896693286,0.0,0.0,0.0,-0.89409049272208,-0.46273591875604814,-0.0285563585754343,0.11644126805249662,nan,nan,nan,nan,nan,nan,nan,0.02481728824885429,0.0,0.0,1.0273607292004414,1.9056581412459328,-0.218064056360564,0.010955194177660577,nan,nan,nan,nan,nan,nan,nan,nan,nan,nan,nan,nan,nan,nan,0.8778005472445841,0.0,0.0,1.580003399734927,0.6625717942705522,-0.17192783261710004,-0.0003479922264484022,nan,nan,nan,nan,nan,nan,nan,nan,nan,nan,nan,nan,nan,nan,nan,nan,nan,nan,nan,nan,nan,nan,nan,nan,nan,nan,nan,nan,nan,nan,nan,nan,nan,nan,nan,nan,nan,nan,nan,nan,nan,nan,nan,nan,nan,nan,nan,nan,nan,0.2114286344470018
1791060992.4321327,1.4926332880002022,-0.3723776501429491,1.6013687310457394,0.1858997942452385,2.015354679218064,0.30125369504025407,0.8969860197897042,0.0,0.0,2.06517490449915,-0.5015308385469521,-0.016645181426945946,0.00032968420520694596,0.0,0.0,0.0,0.2202944738344206,-0.1882040665909874,-0.01321971225139903,0.24202295382218794,0.0,0.0,0.0,-0.8942789430428829,-0.4482313784621334,-0.0018954733541891324,0.14186322790935868,nan,nan,nan,nan,nan,nan,nan,0.02481728824885429,0.0,0.0,1.0048467677866035,1.9066508635553137,-0.22688614395755632,0.012334636662004963,nan,nan,nan,nan,nan,nan,nan,nan,nan,nan,nan,nan,nan,nan,0.9237646552354913,0.0,0.0,1.565085418260191,0.6629436948407842,-0.1740722570158284,-0.011302547774093182,nan,nan,nan,nan,nan,nan,nan,nan,nan,nan,nan,nan,nan,nan,nan,nan,nan,nan,nan,nan,nan,nan,nan,nan,nan,nan,nan,nan,nan,nan,nan,nan,nan,nan,nan,nan,nan,nan,nan,nan,nan,nan,nan,nan,nan,nan,nan,nan,nan,0.22261254901805697
1791060992.5343451,1.492459763001233,-0.35045663705492985,1.605046984427915,0.15861897744648695,2.019523199296795,0.2885838877608894,0.8936162733784458,0.0,0.0,2.063693329458951,-0.5015120884587888,-0.016627184960173697,3.6926078869621797e-05,0.0,0.0,0.0,0.2194100164964247,-0.1661080409101783,-0.014415164681813308,0.2260178825938028,0.0,0.0,0.0,-0.8944447502023288,-0.43510504939194555,-0.0035794319183810887,0.15361177996678171,nan,nan,nan,nan,nan,nan,nan,0.02481728824885429,0.0,0.0,0.9823431399184516,1.9075327866331506,-0.23863440977283154,0.004852032935417564,nan,nan,nan,nan,nan,nan,nan,nan,nan,nan,nan,nan,nan,nan,0.953728567489637,0.0,0.0,1.550710635478414,0.6631970270359212,-0.13309078468136315,0.01448890441640684,nan,nan,nan,nan,nan,nan,nan,nan,nan,nan,nan,nan,nan,nan,nan,nan,nan,nan,nan,nan,nan,nan,nan,nan,nan,nan,nan,nan,nan,nan,nan,nan,nan,nan,nan,nan,nan,nan,nan,nan,nan,nan,nan,nan,nan,nan,nan,nan,nan,0.23839622185258694
1791060992.634326,1.4915904304547452,-0.32848315042768933,1.6010957233686842,0.13478703515334034,2.0217483552573245,0.2767348593498881,0.9104547002456179,0.0,0.0,2.062247510356878,-0.5014868459571066,-0.014796083693251074,0.0012855807055096964,0.0,0.0,0.0,0.21810955775100022,-0.14402779679324948,-0.017336516120921575,0.2213810018071183,0.0,0.0,0.0,-0.8947170034790279,-0.42001013568431295,-0.0016147493579804278,0.16434552990042156,nan,nan,nan,nan,nan,nan,nan,0.02481728824885429,0.0,0.0,0.9601939109726505,1.9084749777406274,-0.23323447054916246,0.004904188154750966,nan,nan,nan,nan,nan,nan,nan,nan,nan,nan,nan,nan,nan,nan,1.0121518217544212,0.0,0.0,1.537415753614455,0.6631468230355823,-0.12866098139959384,-0.01307090182943576,nan,nan,nan,nan,nan,nan,nan,nan,nan,nan,nan,nan,nan,nan,nan,nan,nan,nan,nan,nan,nan,nan,nan,nan,nan,nan,nan,nan,nan,nan,nan,nan,nan,nan,nan,nan,nan,nan,nan,nan,nan,nan,nan,nan,nan,nan,nan,nan,nan,0.22532417675755415
1791060992.7320507,1.4910408108993298,-0.3063849264734526,1.6057119333009193,0.08796739460348629,2.022041001736965,0.2515883480601085,0.8985431857313719,0.0,0.0,2.060656295591061,-0.5015450276699238,-0.016376806241297462,0.0009070652044597116,0.0,0.0,0.0,0.2169507157508932,-0.12208788548974675,-0.011524309510606597,0.24957376107720763,0.0,0.0,0.0,-0.8950766571963328,-0.4043633045157769,-0.021222560899734757,0.169118126179449,nan,nan,nan,nan,nan,nan,nan,0.02481728824885429,0.0,0.0,0.938443998626042,1.9096466164346981,-0.22191081605529137,0.013274461312559415,nan,nan,nan,nan,nan,nan,nan,nan,nan,nan,nan,nan,nan,nan,0.9893634156896391,0.0,0.0,1.5252400824421106,0.6633409054637666,-0.12289007000222552,-0.0010549316090273984,nan,nan,nan,nan,nan,nan,nan,nan,nan,nan,nan,nan,nan,nan,nan,nan,nan,nan,nan,nan,nan,nan,nan,nan,nan,nan,nan,nan,nan,nan,nan,nan,nan,nan,nan,nan,nan,nan,nan,nan,nan,nan,nan,nan,nan,nan,nan,nan,nan,0.23129355243872293
1791060992.8320532,1.490761125326391,-0.2841171198362176,1.611905587763201,0.026444038936703794,2.0206041383259383,0.21583322138322894,0.8893364190875381,0.0,0.0,2.059465110713252,-0.5014174279270832,-0.013321793388568296,0.0008411441109938845,0.0,0.0,0.0,0.21552805148612258,-0.10029830584172968,-0.01605113270346544,0.2485615575998369,0.0,0.0,0.0,-0.8954353613418113,-0.38849043643851283,-0.0032039272853900754,0.16481298720363607,nan,nan,nan,nan,nan,nan,nan,0.02481728824885429,0.0,0.0,0.9165894609105535,1.9104330741232607,-0.22320685023300074,0.012436511076020004,nan,nan,nan,nan,nan,nan,nan,nan,nan,nan,nan,nan,nan,nan,0.9736399466773319,0.0,0.0,1.5135746511268138,0.6637676287216582,-0.11683746341382334,0.00852725749639827,nan,nan,nan,nan,nan,nan,nan,nan,nan,nan,nan,nan,nan,nan,nan,nan,nan,nan,nan,nan,nan,nan,nan,nan,nan,nan,nan,nan,nan,nan,nan,nan,nan,nan,nan,nan,nan,nan,nan,nan,nan,nan,nan,nan,nan,nan,nan,nan,nan,0.2543665707141868
1791060992.9342742,1.4902022821231196,-0.26177703090358234,1.6169764838976588,-0.032011191605424795,2.018700210164371,0.18085211234033172,0.9011877383615775,0.0,0.0,2.0581920442086203,-0.5013667089888503,-0.008253770745551229,0.007361294972700459,0.0,0.0,0.0,0.2140992167145458,-0.07824635579192658,-0.014302321531390504,0.21161593412658217,0.0,0.0,0.0,-0.8960275878536067,-0.372173156705306,-0.007754451533654939,0.15997636583959005,nan,nan,nan,nan,nan,nan,nan,0.02481728824885429,0.0,0.0,0.8944606258734619,1.911186298801563,-0.20883396118511557,0.004503793498221385,nan,nan,nan,nan,nan,nan,nan,nan,nan,nan,nan,nan,nan,nan,0.9930030929435543,0.0,0.0,1.5018395219888214,0.6638476953371297,-0.10415538917963159,0.01765202715191831,nan,nan,nan,nan,nan,nan,nan,nan,nan,nan,nan,nan,nan,nan,nan,nan,nan,nan,nan,nan,nan,nan,nan,nan,nan,nan,nan,nan,nan,nan,nan,nan,nan,nan,nan,nan,nan,nan,nan,nan,nan,nan,nan,nan,nan,nan,nan,nan,nan,0.22754504424876038
1791060993.0361822,1.4891903300425167,-0.23971126341680463,1.619705764867984,-0.057651491109729495,2.0173209403779295,0.1657499364591557,0.9073826612303489,0.0,0.0,2.057150504114259,-0.5014974289336763,-0.009563948830662196,-0.0002476042400878746,0.0,0.0,0.0,0.2129312663158301,-0.05583565668860712,-0.014251163158543512,0.2112591357817543,0.0,0.0,0.0,-0.8958841604105532,-0.35697623330703354,-0.0002336430543744829,0.15458106794412924,nan,nan,nan,nan,nan,nan,nan,0.02481728824885429,0.0,0.0,0.8721823310171606,1.9121486183948475,-0.21125349865397564,0.006864690783004736,nan,nan,nan,nan,nan,nan,nan,nan,nan,nan,nan,nan,nan,nan,0.9836738640045933,0.0,0.0,1.490334195607018,0.6638846898509719,-0.111550934076494,0.020831059108992335,nan,nan,nan,nan,nan,nan,nan,nan,nan,nan,nan,nan,nan,nan,nan,nan,nan,nan,nan,nan,nan,nan,nan,nan,nan,nan,nan,nan,nan,nan,nan,nan,nan,nan,nan,nan,nan,nan,nan,nan,nan,nan,nan,nan,nan,nan,nan,nan,nan,0.2172358491081058
1791060993.132416,1.4883096335436532,-0.21804301737090137,1.6253363947023163,-0.06831829692602981,2.0164366727112073,0.15957350161572212,0.895850307633109,0.0,0.0,2.056237968508849,-0.5014857398060663,-0.008820024193357116,-0.0012403206411483062,0.0,0.0,0.0,0.21157817189930178,-0.033574693845689244,-0.020927215988219134,0.22123025324468357,0.0,0.0,0.0,-0.8962102054610871,-0.3423517945282394,-0.0177538385646995,0.14613769907035934,nan,nan,nan,nan,nan,nan,nan,0.02481728824885429,0.0,0.0,0.8504467960768908,1.9131411643066887,-0.20112655286513018,0.006621099714399463,nan,nan,nan,nan,nan,nan,nan,nan,nan,nan,nan,nan,nan,nan,0.9266146066261743,0.0,0.0,1.477606998528947,0.6637722096471883,-0.1473438721757419,0.012008960461453179,nan,nan,nan,nan,nan,nan,nan,nan,nan,nan,nan,nan,nan,nan,nan,nan,nan,nan,nan,nan,nan,nan,nan,nan,nan,nan,nan,nan,nan,nan,nan,nan,nan,nan,nan,nan,nan,nan,nan,nan,nan,nan,nan,nan,nan,nan,nan,nan,nan,0.21592540500731805
1791060993.2341912,1.4875268780536555,-0.19796205042647422,1.6266933556501428,-0.08137111400996211,2.0159475815865884,0.15212456178373762,0.8905814274180625,0.0,0.0,2.0554582406894863,-0.5014672364290865,-0.00834457907827306,0.0003387945533073133,0.0,0.0,0.0,0.21030623495020603,-0.011605002853620552,-0.003632741481542553,0.22799662873744717,0.0,0.0,0.0,-0.8960981962530749,-0.3285185822293647,0.0019524692635937532,0.13860596449353008,nan,nan,nan,nan,nan,nan,nan,0.02481728824885429,0.0,0.0,0.8306928220355677,1.9138560036412176,-0.20258476161341665,0.00856062719817426,nan,nan,nan,nan,nan,nan,nan,nan,nan,nan,nan,nan,nan,nan,0.9133202022580095,0.0,0.0,1.4632297665024208,0.6640760573752371,-0.147862056821993,0.0037917995596203668,nan,nan,nan,nan,nan,nan,nan,nan,nan,nan,nan,nan,nan,nan,nan,nan,nan,nan,nan,nan,nan,nan,nan,nan,nan,nan,nan,nan,nan,nan,nan,nan,nan,nan,nan,nan,nan,nan,nan,nan,nan,nan,nan,nan,nan,nan,nan,nan,nan,0.20791290749972008
1791060993.3320565,1.4866158879221782,-0.1785081921873687,1.6290317407022243,-0.09681707476426153,2.015953211970858,0.14348998668150345,0.8968808899132233,0.0,0.0,2.054552083842402,-0.501495510997839,-0.00927012662021827,-0.00021017460180559452,0.0,0.0,0.0,0.2087161074931558,0.010386435199279934,-0.01130796613452563,0.2442051000094611,0.0,0.0,0.0,-0.8962720475611698,-0.3154379879342445,0.00022258821560966393,0.13837637864880492,nan,nan,nan,nan,nan,nan,nan,0.02481728824885429,0.0,0.0,0.8065956680503225,1.9148916006977756,-0.21288911485338366,0.004935148075069386,nan,nan,nan,nan,nan,nan,nan,nan,nan,nan,nan,nan,nan,nan,0.9370891302839776,0.0,0.0,1.448092387827644,0.6640507697448705,-0.15146172498912677,-0.0005907167731740112,nan,nan,nan,nan,nan,nan,nan,nan,nan,nan,nan,nan,nan,nan,nan,nan,nan,nan,nan,nan,nan,nan,nan,nan,nan,nan,nan,nan,nan,nan,nan,nan,nan,nan,nan,nan,nan,nan,nan,nan,nan,nan,nan,nan,nan,nan,nan,nan,nan,0.21970740785481693
1791060993.432017,1.485503003457229,-0.15943303858325328,1.6284844879368148,-0.10186012932172601,2.0163167948655936,0.1407177818920243,0.9042526546144162,0.0,0.0,2.05384018605225,-0.5014863336782327,-0.0068518868499917165,-0.0005766906879099827,0.0,0.0,0.0,0.20718380589292174,0.0322676087151015,-0.025833544004662812,0.2251982169939294,0.0,0.0,0.0,-0.8964227512620895,-0.3029296973765261,-0.00032991688074233136,0.1344020627881558,nan,nan,nan,nan,nan,nan,nan,0.02481728824885429,0.0,0.0,0.783921595016888,1.9158209753361268,-0.2357050597240839,0.005565043123227136,nan,nan,nan,nan,nan,nan,nan,nan,nan,nan,nan,nan,nan,nan,0.9305814027881172,0.0,0.0,1.4326568462654419,0.6639202658578586,-0.16807713600114443,-0.022560920487665642,nan,nan,nan,nan,nan,nan,nan,nan,nan,nan,nan,nan,nan,nan,nan,nan,nan,nan,nan,nan,nan,nan,nan,nan,nan,nan,nan,nan,nan,nan,nan,nan,nan,nan,nan,nan,nan,nan,nan,nan,nan,nan,nan,nan,nan,nan,nan,nan,nan,0.20479037339122463
1791060993.5320249,1.4843334009391347,-0.1393322136891169,1.627523842579431,-0.13150998541537198,2.0173912084426213,0.12494822402764275,0.9042526546144162,0.0,0.0,2.05299440573127,-0.501366383216225,-0.009563679864801184,-0.0005165599147898334,0.0,0.0,0.0,0.20578773629477848,0.05468707299434592,-0.02160997100258284,0.23879842647431673,0.0,0.0,0.0,-0.8966083531986424,-0.2906612530891926,-0.000431493113094388,0.133529173884938,nan,nan,nan,nan,nan,nan,nan,0.02481728824885429,0.0,0.0,0.7619604634379311,1.9165082822023434,-0.2529898135306068,0.0012113515469115233,nan,nan,nan,nan,nan,nan,nan,nan,nan,nan,nan,nan,nan,nan,0.9394495101331554,0.0,0.0,1.4177922392688116,0.6640302030294634,-0.14767972779541294,0.010307009587387136,nan,nan,nan,nan,nan,nan,nan,nan,nan,nan,nan,nan,nan,nan,nan,nan,nan,nan,nan,nan,nan,nan,nan,nan,nan,nan,nan,nan,nan,nan,nan,nan,nan,nan,nan,nan,nan,nan,nan,nan,nan,nan,nan,nan,nan,nan,nan,nan,nan,0.2190784144478068
1791060993.6334429,1.4832962441892201,-0.12025613372269885,1.6260900610180373,-0.15456623223458532,2.0196594408063264,0.11338121005529517,0.9042526546144162,0.0,0.0,2.052077255089932,-0.5013834844141397,-0.009636931680579088,0.0015486535371884798,0.0,0.0,0.0,0.20420214413242857,0.07698667371380905,-0.01880438623549626,0.23647786060862286,0.0,0.0,0.0,-0.8968595008408043,-0.2787126100484649,-0.000922722290084068,0.12473786157261098,nan,nan,nan,nan,nan,nan,nan,0.02481728824885429,0.0,0.0,0.7401575343580297,1.9172841353906007,-0.2229156820413323,0.011344789837486508,nan,nan,nan,nan,nan,nan,nan,nan,nan,nan,nan,nan,nan,nan,0.9147634769340114,0.0,0.0,1.402691575196637,0.6640775709848383,-0.1568565481466718,0.0031690818252372364,nan,nan,nan,nan,nan,nan,nan,nan,nan,nan,nan,nan,nan,nan,nan,nan,nan,nan,nan,nan,nan,nan,nan,nan,nan,nan,nan,nan,nan,nan,nan,nan,nan,nan,nan,nan,nan,nan,nan,nan,nan,nan,nan,nan,nan,nan,nan,nan,nan,0.19359760745448287
1791060993.73203,1.4823388113391271,-0.10059015389644728,1.6250780974840258,-0.174302436565951,2.022957104362288,0.10401184733583767,0.9042526546144162,0.0,0.0,2.051014548927939,-0.5013597593808817,-0.011121779175819087,0.0016379903586597926,0.0,0.0,0.0,0.2024929428498779,0.0999594038758938,-0.016620587859714153,0.2367277760731381,0.0,0.0,0.0,-0.8971303384359608,-0.26731534485254915,-0.0012782318368526485,0.12720359792446778,nan,nan,nan,nan,nan,nan,nan,0.02481728824885429,0.0,0.0,0.718039718475182,1.9176614071218927,-0.22635539272197036,0.012518246424858041,nan,nan,nan,nan,nan,nan,nan,nan,nan,nan,nan,nan,nan,nan,0.9105455189782554,0.0,0.0,1.387582091227768,0.6646830071133087,-0.1548572405422027,0.0194104397354303,nan,nan,nan,nan,nan,nan,nan,nan,nan,nan,nan,nan,nan,nan,nan,nan,nan,nan,nan,nan,nan,nan,nan,nan,nan,nan,nan,nan,nan,nan,nan,nan,nan,nan,nan,nan,nan,nan,nan,nan,nan,nan,nan,nan,nan,nan,nan,nan,nan,0.2012593318015054
1791060993.8333206,1.4816648593665407,-0.08328956166488281,1.6258202987192556,-0.19754722309325368,2.0273871354162836,0.0936414272030834,0.9042526546144162,0.0,0.0,2.0497834718896057,-0.5013821050500522,-0.01323353544998637,0.0007860189179215891,0.0,0.0,0.0,0.20083339924002422,0.12245648868987447,-0.009755865822824197,0.2186935458084468,0.0,0.0,0.0,-0.8972472673549768,-0.2563271719424421,-0.003098046057059257,0.11526855061000965,nan,nan,nan,nan,nan,nan,nan,0.02481728824885429,0.0,0.0,0.6957949087841578,1.9180824955660027,-0.21416665418985953,0.0017795856598396788,nan,nan,nan,nan,nan,nan,nan,nan,nan,nan,nan,nan,nan,nan,0.9016233864132422,0.0,0.0,1.3718396843057155,0.664492951892767,-0.13285142137243208,0.009876990333730774,nan,nan,nan,nan,nan,nan,nan,nan,nan,nan,nan,nan,nan,nan,nan,nan,nan,nan,nan,nan,nan,nan,nan,nan,nan,nan,nan,nan,nan,nan,nan,nan,nan,nan,nan,nan,nan,nan,nan,nan,nan,nan,nan,nan,nan,nan,nan,nan,nan,0.16405952378982527
1791060993.9319882,1.4808282309476504,-0.06590377612888862,1.625870227810136,-0.2120509533182753,2.0327775943686546,0.08754512254674814,0.9042526546144162,0.0,0.0,2.048355526589516,-0.5013722306862629,-0.022709277954218586,-0.008948578393725561,0.0,0.0,0.0,0.19919204042842795,0.14407453890452146,-0.017714304213041217,0.17010509468052962,0.0,0.0,0.0,-0.8973107314296083,-0.24562788495070514,-0.0038846142329197757,0.1146413716524369,nan,nan,nan,nan,nan,nan,nan,0.02481728824885429,0.0,0.0,0.6734878075566637,1.9187022958770794,-0.24962154806518883,-0.003754191362691631,nan,nan,nan,nan,nan,nan,nan,nan,nan,nan,nan,nan,nan,nan,0.9084341425140657,0.0,0.0,1.3565953655496916,0.6646048253199803,-0.15483992824287293,-0.0034153487390962936,nan,nan,nan,nan,nan,nan,nan,nan,nan,nan,nan,nan,nan,nan,nan,nan,nan,nan,nan,nan,nan,nan,nan,nan,nan,nan,nan,nan,nan,nan,nan,nan,nan,nan,nan,nan,nan,nan,nan,nan,nan,nan,nan,nan,nan,nan,nan,nan,nan,0.17420858398419992
1791060994.0343823,1.4800648640544092,-0.05226537395191782,1.624325025153633,-0.22482827233623795,2.03875957156577,0.08241555003247254,0.9042526546144162,0.0,0.0,2.0468371567135764,-0.5013441467020675,-0.02248031651681734,-0.0005059155533515215,0.0,0.0,0.0,0.19834936104695022,0.16431036258108703,-0.02012781216306143,0.23213664194809502,0.0,0.0,0.0,-0.8973860441994501,-0.23673299440002796,-0.0028131942858230763,0.09676101479781218,nan,nan,nan,nan,nan,nan,nan,0.02481728824885429,0.0,0.0,0.6535391792168355,1.919282725937951,-0.22569344134040184,0.011887389493216303,nan,nan,nan,nan,nan,nan,nan,nan,nan,nan,nan,nan,nan,nan,0.8941785150166072,0.0,0.0,1.3458379153285172,0.6644122578804642,-0.15605918194771812,0.006155613123567841,nan,nan,nan,nan,nan,nan,nan,nan,nan,nan,nan,nan,nan,nan,nan,nan,nan,nan,nan,nan,nan,nan,nan,nan,nan,nan,nan,nan,nan,nan,nan,nan,nan,nan,nan,nan,nan,nan,nan,nan,nan,nan,nan,nan,nan,nan,nan,nan,nan,0.16397270780799975
1791060994.132045,1.4792290137259085,-0.035644703150834914,1.6224697139650266,-0.23698038473752625,2.045229384990173,0.07774666664102775,0.9042526546144162,0.0,0.0,2.04440669959341,-0.5013334400335757,-0.025221731372716095,-0.0007167906888269353,0.0,0.0,0.0,0.19637982052466832,0.18736336780383006,-0.010499112148977344,0.2452414412614611,0.0,0.0,0.0,-0.8976172100295715,-0.225424587488585,-0.00021887006589174141,0.10371337247239298,nan,nan,nan,nan,nan,nan,nan,0.02481728824885429,0.0,0.0,0.6287974765689818,1.9195581517327187,-0.24374100112040253,0.012063012031749941,nan,nan,nan,nan,nan,nan,nan,nan,nan,nan,nan,nan,nan,nan,0.908909297005785,0.0,0.0,1.3305473313808287,0.6642207774355964,-0.14785609853045298,-0.026138661896919137,nan,nan,nan,nan,nan,nan,nan,nan,nan,nan,nan,nan,nan,nan,nan,nan,nan,nan,nan,nan,nan,nan,nan,nan,nan,nan,nan,nan,nan,nan,nan,nan,nan,nan,nan,nan,nan,nan,nan,nan,nan,nan,nan,nan,nan,nan,nan,nan,nan,0.15063768042213257
1791060994.2327678,1.4786215438044068,-0.021388623326240513,1.62088287673711,-0.2535991868563499,2.0524057997598684,0.07169069991981776,0.9042526546144162,0.0,0.0,2.041937376439091,-0.5011434784357488,-0.026335374311883847,0.003261161157699244,0.0,0.0,0.0,0.19463951207391272,0.20963735107644743,-0.009920007945328317,0.21828891392908673,0.0,0.0,0.0,-0.8978863678530906,-0.21586465376205563,0.00398460946196853,0.09884542132419474,nan,nan,nan,nan,nan,nan,nan,0.02481728824885429,0.0,0.0,0.6063455805972159,1.9197172031718788,-0.21919601461309132,0.005603608779220987,nan,nan,nan,nan,nan,nan,nan,nan,nan,nan,nan,nan,nan,nan,0.8656632541884004,0.0,0.0,1.3143606260459288,0.6648887279762813,-0.15833172735012022,0.0034410749401157775,nan,nan,nan,nan,nan,nan,nan,nan,nan,nan,nan,nan,nan,nan,nan,nan,nan,nan,nan,nan,nan,nan,nan,nan,nan,nan,nan,nan,nan,nan,nan,nan,nan,nan,nan,nan,nan,nan,nan,nan,nan,nan,nan,nan,nan,nan,nan,nan,nan,0.14770868399799073
1791060994.3323438,1.4777624861515906,-0.008126358567945944,1.6192509327276743,-0.2646320263614553,2.060216350035243,0.06787790063578854,0.9042526546144162,0.0,0.0,2.0391561613082474,-0.5012694075986384,-0.05370843406890651,0.015641933256420878,0.0,0.0,0.0,0.19295953503333024,0.23178239211969687,-0.020513426541988473,0.2178470826486016,0.0,0.0,0.0,-0.8982552627918754,-0.20656703737404444,-0.002967268203706253,0.0934649937083949,nan,nan,nan,nan,nan,nan,nan,0.02481728824885429,0.0,0.0,0.5839616438571281,1.9200000410689737,-0.22255608273664468,-0.003778050971169471,nan,nan,nan,nan,nan,nan,nan,nan,nan,nan,nan,nan,nan,nan,0.9004133885910584,0.0,0.0,1.300166058271207,0.6649331405383498,-0.12556799432812882,-0.014762626481265856,nan,nan,nan,nan,nan,nan,nan,nan,nan,nan,nan,nan,nan,nan,nan,nan,nan,nan,nan,nan,nan,nan,nan,nan,nan,nan,nan,nan,nan,nan,nan,nan,nan,nan,nan,nan,nan,nan,nan,nan,nan,nan,nan,nan,nan,nan,nan,nan,nan,0.13057763290625643
1791060994.4319675,1.4770297293838033,0.004850956562109972,1.6187317055790111,-0.2788515053891094,2.068551586565339,0.06320404167909603,0.9042526546144162,0.0,0.0,2.035145767148642,-0.5012159235486916,-0.04649144583486579,-0.0006194354714296646,0.0,0.0,0.0,0.19169140806846824,0.25395397628202887,-0.02292290173486825,0.2429988377502946,0.0,0.0,0.0,-0.8984078508876447,-0.1971407304278719,-0.008787600785571585,0.09936188395469657,nan,nan,nan,nan,nan,nan,nan,0.02481728824885429,0.0,0.0,0.5617958377096379,1.920379055382263,-0.23868826556685036,-0.00395464438454989,nan,nan,nan,nan,nan,nan,nan,nan,nan,nan,nan,nan,nan,nan,0.8632148189402403,0.0,0.0,1.2855403948805249,0.6652275830259431,-0.14174190819049043,0.011879270030273642,nan,nan,nan,nan,nan,nan,nan,nan,nan,nan,nan,nan,nan,nan,nan,nan,nan,nan,nan,nan,nan,nan,nan,nan,nan,nan,nan,nan,nan,nan,nan,nan,nan,nan,nan,nan,nan,nan,nan,nan,nan,nan,nan,nan,nan,nan,nan,nan,nan,0.1269004002187048
1791060994.5337343,1.4765011303789914,0.016494676377950726,1.618236563571133,-0.29400553090980996,2.0776722225749396,0.05851437242304727,0.9042526546144162,0.0,0.0,2.030894782804057,-0.5011761321726647,-0.056409312548849636,-0.00013828710863616838,0.0,0.0,0.0,0.18998653998569354,0.2762095838039733,-0.01661331264937049,0.2428300836729811,0.0,0.0,0.0,-0.8984670291579872,-0.18770702774254575,-0.0027450009252099274,0.10167774538006391,nan,nan,nan,nan,nan,nan,nan,0.02481728824885429,0.0,0.0,0.5396308747803552,1.9205650664445417,-0.23918716154763833,0.003810336681443741,nan,nan,nan,nan,nan,nan,nan,nan,nan,nan,nan,nan,nan,nan,0.8638692817263349,0.0,0.0,1.2711784914843158,0.6651931088368651,-0.12509182593124574,0.015437064801974978,nan,nan,nan,nan,nan,nan,nan,nan,nan,nan,nan,nan,nan,nan,nan,nan,nan,nan,nan,nan,nan,nan,nan,nan,nan,nan,nan,nan,nan,nan,nan,nan,nan,nan,nan,nan,nan,nan,nan,nan,nan,nan,nan,nan,nan,nan,nan,nan,nan,0.12116167322459764
1791060994.632037,1.475914706722729,0.02786741557054707,1.617723268918649,-0.301480269875734,2.087160160199258,0.05630933859708301,0.9042526546144162,0.0,0.0,2.0256062736282305,-0.5010957379272196,-0.06376865124484962,0.00036843878403389815,0.0,0.0,0.0,0.18826671100565875,0.2985050634132905,-0.007865862364990105,0.23949171337000105,0.0,0.0,0.0,-0.8987293638491903,-0.1776377205914225,0.0071764010992293355,0.10925939061037733,nan,nan,nan,nan,nan,nan,nan,0.02481728824885429,0.0,0.0,0.5174561351786264,1.9204470915541065,-0.2342407751349171,0.006428949925062617,nan,nan,nan,nan,nan,nan,nan,nan,nan,nan,nan,nan,nan,nan,0.8862214658141782,0.0,0.0,1.2603679248789055,0.6645249213080918,-0.11621497306698174,-0.00787223424332708,nan,nan,nan,nan,nan,nan,nan,nan,nan,nan,nan,nan,nan,nan,nan,nan,nan,nan,nan,nan,nan,nan,nan,nan,nan,nan,nan,nan,nan,nan,nan,nan,nan,nan,nan,nan,nan,nan,nan,nan,nan,nan,nan,nan,nan,nan,nan,nan,nan,0.10898322002917846
1791060994.73206,1.4757286954021986,0.038359136591016925,1.620643399264514,-0.3087425139902694,2.0965915304958864,0.05423395985605295,0.9042526546144162,0.0,0.0,2.0190487018620384,-0.5009886349559538,-0.0641803565145097,0.000886245545868267,0.0,0.0,0.0,0.1863475541948304,0.32089061943619324,-0.021593629251637787,0.24069653343405653,0.0,0.0,0.0,-0.899113579690705,-0.16732606009732234,-0.0031426073334600065,0.11777292627459998,nan,nan,nan,nan,nan,nan,nan,0.02481728824885429,0.0,0.0,0.4953354654686881,1.9204437485657684,-0.23780328781960203,-0.011423728697921926,nan,nan,nan,nan,nan,nan,nan,nan,nan,nan,nan,nan,nan,nan,0.9016443416374766,0.0,0.0,1.249860824835474,0.6646195648903144,-0.10073676477564426,-0.004938874338767113,nan,nan,nan,nan,nan,nan,nan,nan,nan,nan,nan,nan,nan,nan,nan,nan,nan,nan,nan,nan,nan,nan,nan,nan,nan,nan,nan,nan,nan,nan,nan,nan,nan,nan,nan,nan,nan,nan,nan,nan,nan,nan,nan,nan,nan,nan,nan,nan,nan,0.12043308685388725
1791060994.8332384,1.4750658975098412,0.048007411198784655,1.6194483853829384,-0.31966138712530007,2.1062110368861386,0.05123531842418086,0.9042526546144162,0.0,0.0,2.01228160434974,-0.5009062912293125,-0.07704124315197543,-0.003442650273061983,0.0,0.0,0.0,0.1847430259710956,0.3434580438921604,-0.0258237664576088,0.22241959892854943,0.0,0.0,0.0,-0.8993646090072449,-0.1566413507718062,-0.010552010551701171,0.11191167912539403,nan,nan,nan,nan,nan,nan,nan,0.02481728824885429,0.0,0.0,0.4734596302570612,1.9210759661993722,-0.22111757619980282,-0.008222903251049258,nan,nan,nan,nan,nan,nan,nan,nan,nan,nan,nan,nan,nan,nan,0.8914620899895452,0.0,0.0,1.2405092131529585,0.6647150653550266,-0.08788750143896755,0.018323447365595255,nan,nan,nan,nan,nan,nan,nan,nan,nan,nan,nan,nan,nan,nan,nan,nan,nan,nan,nan,nan,nan,nan,nan,nan,nan,nan,nan,nan,nan,nan,nan,nan,nan,nan,nan,nan,nan,nan,nan,nan,nan,nan,nan,nan,nan,nan,nan,nan,nan,0.11084739157951792
1791060994.933671,1.4745885002812673,0.05832796183201429,1.618594880282167,-0.31589829170224715,2.115315011272777,0.052252461609978054,0.9042526546144162,0.0,0.0,2.0047684471309077,-0.5008702742370557,-0.08291017906725548,-0.002355263623433218,0.0,0.0,0.0,0.18343954011839325,0.36596829930274466,-0.0154795260977264,0.2439954103626611,0.0,0.0,0.0,-0.8994122938711593,-0.14576232113234747,-0.009940783770311937,0.11532754000699044,nan,nan,nan,nan,nan,nan,nan,0.02481728824885429,0.0,0.0,0.45067530079283563,1.9195596543597682,-0.23679304134425816,0.002673179846592354,nan,nan,nan,nan,nan,nan,nan,nan,nan,nan,nan,nan,nan,nan,0.9091797838177254,0.0,0.0,1.2315208746233965,0.6643506732046932,-0.10913907432081549,-0.0241764183465287,nan,nan,nan,nan,nan,nan,nan,nan,nan,nan,nan,nan,nan,nan,nan,nan,nan,nan,nan,nan,nan,nan,nan,nan,nan,nan,nan,nan,nan,nan,nan,nan,nan,nan,nan,nan,nan,nan,nan,nan,nan,nan,nan,nan,nan,nan,nan,nan,nan,0.10970519774368279
1791060995.0338123,1.4741886310035823,0.06841477891292834,1.617404928324443,-0.3221208922006174,2.1237219972486847,0.05057969259396533,0.9042526546144162,0.0,0.0,1.9962734923382806,-0.5005886006029531,-0.097731257862397,0.006298035271753689,0.0,0.0,0.0,0.1820324928657417,0.38815012543191785,-0.007011887961400571,0.22238562982468152,0.0,0.0,0.0,-0.8994434828328707,-0.13521015868752856,-0.004105688639496578,0.10192428818878192,nan,nan,nan,nan,nan,nan,nan,0.02481728824885429,0.0,0.0,0.4283814014789744,1.9194400201815496,-0.22309685589442457,-0.002815730508577744,nan,nan,nan,nan,nan,nan,nan,nan,nan,nan,nan,nan,nan,nan,0.8998473331054804,0.0,0.0,1.2224232891333262,0.6642886539127155,-0.08441040303829142,-0.004866628723154416,nan,nan,nan,nan,nan,nan,nan,nan,nan,nan,nan,nan,nan,nan,nan,nan,nan,nan,nan,nan,nan,nan,nan,nan,nan,nan,nan,nan,nan,nan,nan,nan,nan,nan,nan,nan,nan,nan,nan,nan,nan,nan,nan,nan,nan,nan,nan,nan,nan,0.08469429924395402
1791060995.1339736,1.4736930551922975,0.07817559636262318,1.616069728034219,-0.33918749299910117,2.1327955315763676,0.046225628891253284,0.9042526546144162,0.0,0.0,1.9888071775128533,-0.5013046798214083,-0.09851502523599576,0.0017761110749828235,0.0,0.0,0.0,0.18038326574195354,0.41037798005949955,-0.00973135237992983,0.22080674907166853,0.0,0.0,0.0,-0.8996183334539706,-0.12481243854594812,0.0011667968714854724,0.07579184855992252,nan,nan,nan,nan,nan,nan,nan,0.02481728824885429,0.0,0.0,0.4062125079634036,1.919155483349387,-0.22742668827352155,-0.014952231081815922,nan,nan,nan,nan,nan,nan,nan,nan,nan,nan,nan,nan,nan,nan,0.8780773633397502,0.0,0.0,1.213859233215015,0.664459921886598,-0.08085036393197842,0.004538328914422324,nan,nan,nan,nan,nan,nan,nan,nan,nan,nan,nan,nan,nan,nan,nan,nan,nan,nan,nan,nan,nan,nan,nan,nan,nan,nan,nan,nan,nan,nan,nan,nan,nan,nan,nan,nan,nan,nan,nan,nan,nan,nan,nan,nan,nan,nan,nan,nan,nan,0.0775798096452999
1791060995.2319682,1.473228774821543,0.08580033446658149,1.615293092271147,-0.3468803745932382,2.1425539863304297,0.04437177723770738,0.9042526546144162,0.0,0.0,1.9788052497280417,-0.500992770317794,-0.10339831376155896,-0.004130232920384505,0.0,0.0,0.0,0.1787423810131479,0.432492022021893,-0.02800044309612005,0.23372920434357305,0.0,0.0,0.0,-0.8999243825146404,-0.11552239101678452,0.0007117660208279718,0.08993834379979589,nan,nan,nan,nan,nan,nan,nan,0.02481728824885429,0.0,0.0,0.3842979273884871,1.9190614297680446,-0.23472161078336842,-0.011582099003719072,nan,nan,nan,nan,nan,nan,nan,nan,nan,nan,nan,nan,nan,nan,0.8834223658738093,0.0,0.0,1.205628570970513,0.6640374806998738,-0.0915800872856308,-0.01211594113387036,nan,nan,nan,nan,nan,nan,nan,nan,nan,nan,nan,nan,nan,nan,nan,nan,nan,nan,nan,nan,nan,nan,nan,nan,nan,nan,nan,nan,nan,nan,nan,nan,nan,nan,nan,nan,nan,nan,nan,nan,nan,nan,nan,nan,nan,nan,nan,nan,nan,0.08170032628994067
1791060995.3336384,1.4729415882903678,0.0928399093823048,1.6153606631420272,-0.3522424098373555,2.152255167188191,0.043118392110666905,0.9042526546144162,0.0,0.0,1.9685379455028567,-0.5008400672192524,-0.10027903272487977,0.0033793774950654294,0.0,0.0,0.0,0.17719482608561377,0.45453994474729253,-0.022436482227151625,0.22701916505422107,0.0,0.0,0.0,-0.9000553420342128,-0.10784378791223537,-0.00047237197958321985,0.08604654520716948,nan,nan,nan,nan,nan,nan,nan,0.02481728824885429,0.0,0.0,0.36215855063273567,1.9186520097207471,-0.23003454309120708,-0.009338709567368177,nan,nan,nan,nan,nan,nan,nan,nan,nan,nan,nan,nan,nan,nan,0.8800006988797612,0.0,0.0,1.1974965940141309,0.6642800233813629,-0.09745011192036376,-0.01829116749565465,nan,nan,nan,nan,nan,nan,nan,nan,nan,nan,nan,nan,nan,nan,nan,nan,nan,nan,nan,nan,nan,nan,nan,nan,nan,nan,nan,nan,nan,nan,nan,nan,nan,nan,nan,nan,nan,nan,nan,nan,nan,nan,nan,nan,nan,nan,nan,nan,nan,0.0709750784665796
1791060995.4340594,1.4726344221069723,0.10015119564647017,1.6159127757097485,-0.367576569976401,2.162456393323967,0.039704520629403044,0.9042526546144162,0.0,0.0,1.9576818279032415,-0.500132121246439,-0.11610754024369344,-0.0004937189188441377,0.0,0.0,0.0,0.17538578691046633,0.4767749554596744,-0.014197698186531715,0.2176168484718776,0.0,0.0,0.0,-0.900152021166973,-0.09932041595467615,-0.002760321310846933,0.07777122279511164,nan,nan,nan,nan,nan,nan,nan,0.02481728824885429,0.0,0.0,0.33978908843092037,1.9180905235937291,-0.21675550004442729,-0.0027518964999968644,nan,nan,nan,nan,nan,nan,nan,nan,nan,nan,nan,nan,nan,nan,0.8719486785943751,0.0,0.0,1.1886790518807502,0.664217377611385,-0.08222782300324567,0.007283458254963619,nan,nan,nan,nan,nan,nan,nan,nan,nan,nan,nan,nan,nan,nan,nan,nan,nan,nan,nan,nan,nan,nan,nan,nan,nan,nan,nan,nan,nan,nan,nan,nan,nan,nan,nan,nan,nan,nan,nan,nan,nan,nan,nan,nan,nan,nan,nan,nan,nan,0.0695328588424631
1791060995.5333984,1.4725355297313765,0.10625951953936705,1.616476377622494,-0.38413788036272545,2.173908155243612,0.03628958236493387,0.9042526546144162,0.0,0.0,1.9474407479137041,-0.49988217519698747,-0.11601219767750368,-0.0022328376472917854,0.0,0.0,0.0,0.17350571902212128,0.49875598425246587,-0.01200605768033199,0.23062581347273625,0.0,0.0,0.0,-0.9003872659346827,-0.0909803777206471,0.0010557988282983459,0.08605299574757422,nan,nan,nan,nan,nan,nan,nan,0.02481728824885429,0.0,0.0,0.31763230765911354,1.917467434288069,-0.2361710991253971,-0.0038120971226778826,nan,nan,nan,nan,nan,nan,nan,nan,nan,nan,nan,nan,nan,nan,0.8660726543852122,0.0,0.0,1.1801702873794713,0.6640096707133586,-0.08924819992638067,-0.00426497770136831,nan,nan,nan,nan,nan,nan,nan,nan,nan,nan,nan,nan,nan,nan,nan,nan,nan,nan,nan,nan,nan,nan,nan,nan,nan,nan,nan,nan,nan,nan,nan,nan,nan,nan,nan,nan,nan,nan,nan,nan,nan,nan,nan,nan,nan,nan,nan,nan,nan,0.053496126972252686
1791060995.6337132,1.4723223857831884,0.11228225771548615,1.6172779309404324,-0.386385210459804,2.185611101250893,0.03584709675152418,0.9042526546144162,0.0,0.0,1.9349193828040732,-0.49964203111325484,-0.128543217250137,0.009100999480149906,0.0,0.0,0.0,0.17157947264695345,0.5207987425443725,-0.023379863546352644,0.24013121842772617,0.0,0.0,0.0,-0.899944194042832,-0.08312172637994401,0.0002612399758942995,0.09178601713823228,nan,nan,nan,nan,nan,nan,nan,0.02481728824885429,0.0,0.0,0.2963909614103139,1.9171318582609675,-0.22775624205128664,-0.015806142275911747,nan,nan,nan,nan,nan,nan,nan,nan,nan,nan,nan,nan,nan,nan,0.8755186555187494,0.0,0.0,1.1718766529569737,0.6640935399376392,-0.09328145600383583,-0.02080868581760221,nan,nan,nan,nan,nan,nan,nan,nan,nan,nan,nan,nan,nan,nan,nan,nan,nan,nan,nan,nan,nan,nan,nan,nan,nan,nan,nan,nan,nan,nan,nan,nan,nan,nan,nan,nan,nan,nan,nan,nan,nan,nan,nan,nan,nan,nan,nan,nan,nan,0.06253808390200342
1791060995.7342267,1.4722361811211906,0.11696239652155739,1.6176621786607814,-0.39903554776386707,2.197331340456992,0.033446011206377406,0.9042526546144162,0.0,0.0,1.9234063347738852,-0.49954720808606173,-0.14095171733256862,-0.0012686682288344168,0.0,0.0,0.0,0.16996251542636084,0.5408149928937157,-0.020454122207389017,0.21246690111495603,0.0,0.0,0.0,-0.9001655273315361,-0.07557584822947193,-0.0037660611003912147,0.07212694230347781,nan,nan,nan,nan,nan,nan,nan,0.02481728824885429,0.0,0.0,0.2742061389664275,1.9164349095676694,-0.2147108394796339,-0.012416595935915964,nan,nan,nan,nan,nan,nan,nan,nan,nan,nan,nan,nan,nan,nan,0.8673181608041207,0.0,0.0,1.163529689093938,0.6644744262868357,-0.06639464828048477,0.02378651194196118,nan,nan,nan,nan,nan,nan,nan,nan,nan,nan,nan,nan,nan,nan,nan,nan,nan,nan,nan,nan,nan,nan,nan,nan,nan,nan,nan,nan,nan,nan,nan,nan,nan,nan,nan,nan,nan,nan,nan,nan,nan,nan,nan,nan,nan,nan,nan,nan,nan,0.050976596550879244
1791060995.8339214,1.4720160940938358,0.12216921581600876,1.6184474869730692,-0.41122579898848954,2.209793189998789,0.031271461583200134,0.9042526546144162,0.0,0.0,1.9104525239827936,-0.49924826464987365,-0.13379296922125888,0.004845746603746455,0.0,0.0,0.0,0.16805274033598494,0.5651467861388545,-0.015819811363762308,0.21785044765178418,0.0,0.0,0.0,-0.9003375792316266,-0.0669615680421936,-0.0007287282971073848,0.08811109033387488,nan,nan,nan,nan,nan,nan,nan,0.02481728824885429,0.0,0.0,0.25198445392323493,1.9156435181484384,-0.21265333984621693,-0.0050450911663570165,nan,nan,nan,nan,nan,nan,nan,nan,nan,nan,nan,nan,nan,nan,0.8656012739152584,0.0,0.0,1.1554116615256775,0.6640193174012653,-0.08924540234017582,-0.007823471746969356,nan,nan,nan,nan,nan,nan,nan,nan,nan,nan,nan,nan,nan,nan,nan,nan,nan,nan,nan,nan,nan,nan,nan,nan,nan,nan,nan,nan,nan,nan,nan,nan,nan,nan,nan,nan,nan,nan,nan,nan,nan,nan,nan,nan,nan,nan,nan,nan,nan,0.050097104635146605
1791060995.9336731,1.4719118010470393,0.12684928239296478,1.6185211050551525,-0.42277020382414615,2.2229311400290914,0.029332176407950473,0.9042526546144162,0.0,0.0,1.8952056056678355,-0.4990946823937463,-0.1727934003145893,-0.001174719010091042,0.0,0.0,0.0,0.1662723021477186,0.5871802646333496,-0.015602527912986842,0.24372234435046025,0.0,0.0,0.0,-0.9004756021768543,-0.05837086647748566,-0.0017746120082049882,0.07740924442093214,nan,nan,nan,nan,nan,nan,nan,0.02481728824885429,0.0,0.0,0.22924576989464707,1.9148465784916275,-0.25558027054605037,-0.005883442531628353,nan,nan,nan,nan,nan,nan,nan,nan,nan,nan,nan,nan,nan,nan,0.8656639549961936,0.0,0.0,1.1467258429513323,0.664144953839283,-0.09709159000050291,-0.005106873068344752,nan,nan,nan,nan,nan,nan,nan,nan,nan,nan,nan,nan,nan,nan,nan,nan,nan,nan,nan,nan,nan,nan,nan,nan,nan,nan,nan,nan,nan,nan,nan,nan,nan,nan,nan,nan,nan,nan,nan,nan,nan,nan,nan,nan,nan,nan,nan,nan,nan,0.04602549304978431
1791060996.033664,1.4716988380620901,0.13090903286019737,1.6186093985005432,-0.43188079447683275,2.2364926910165592,0.027880571396141196,0.9042526546144162,0.0,0.0,1.8800680424490268,-0.4988129095457385,-0.18002837184990356,0.004280927511855716,0.0,0.0,0.0,0.1643070813947558,0.6089957338901972,-0.025566322578104296,0.24633832722842774,0.0,0.0,0.0,-0.9005004156656911,-0.05064791079973328,0.0032228287307586568,0.08242425273675673,nan,nan,nan,nan,nan,nan,nan,0.02481728824885429,0.0,0.0,0.20689904392139058,1.9138290716582242,-0.2527713357594656,-0.012573456296681045,nan,nan,nan,nan,nan,nan,nan,nan,nan,nan,nan,nan,nan,nan,0.8718871497786274,0.0,0.0,1.1374282911768008,0.6642810064826045,-0.09391767800978636,0.0051922092525823705,nan,nan,nan,nan,nan,nan,nan,nan,nan,nan,nan,nan,nan,nan,nan,nan,nan,nan,nan,nan,nan,nan,nan,nan,nan,nan,nan,nan,nan,nan,nan,nan,nan,nan,nan,nan,nan,nan,nan,nan,nan,nan,nan,nan,nan,nan,nan,nan,nan,0.039027437640039
1791060996.1342492,1.47156801353757,0.135095153429997,1.6191250115999505,-0.4377348746163809,2.2499832000510795,0.026983193986660516,0.9042526546144162,0.0,0.0,1.863609497191946,-0.4984323508044669,-0.16149224051835487,0.004909764525858062,0.0,0.0,0.0,0.16229720768846714,0.6307044676625664,-0.024966183445710822,0.20887215138722678,0.0,0.0,0.0,-0.9007092102212209,-0.04324330695226184,-0.009000419665854503,0.06943959586137403,nan,nan,nan,nan,nan,nan,nan,0.02481728824885429,0.0,0.0,0.18470588528205723,1.9128643901586189,-0.22384357854548265,-0.010548756662406254,nan,nan,nan,nan,nan,nan,nan,nan,nan,nan,nan,nan,nan,nan,0.8671709539827775,0.0,0.0,1.128321677733588,0.664064852791233,-0.09627268978849139,-0.0031935402042706715,nan,nan,nan,nan,nan,nan,nan,nan,nan,nan,nan,nan,nan,nan,nan,nan,nan,nan,nan,nan,nan,nan,nan,nan,nan,nan,nan,nan,nan,nan,nan,nan,nan,nan,nan,nan,nan,nan,nan,nan,nan,nan,nan,nan,nan,nan,nan,nan,nan,0.040474620556264364
1791060996.231966,1.4714216828773998,0.1388725628694832,1.6193273255212055,-0.44080558166615513,2.2628757891668463,0.026523263789239082,0.9042526546144162,0.0,0.0,1.8467230649660342,-0.4981115913263409,-0.17691175866265052,0.001208681694281507,0.0,0.0,0.0,0.16014046865150403,0.652772722388386,-0.02126855066294955,0.2197883493667113,0.0,0.0,0.0,-0.9006503654401651,-0.035405338054060216,-0.005122065765987841,0.05732585024071134,nan,nan,nan,nan,nan,nan,nan,0.02481728824885429,0.0,0.0,0.16243898918724636,1.911974689639367,-0.2226691121023256,-0.008840300997334976,nan,nan,nan,nan,nan,nan,nan,nan,nan,nan,nan,nan,nan,nan,0.8681554675331775,0.0,0.0,1.1194292880009842,0.664123427856833,-0.09452442587962345,-0.003099902048540036,nan,nan,nan,nan,nan,nan,nan,nan,nan,nan,nan,nan,nan,nan,nan,nan,nan,nan,nan,nan,nan,nan,nan,nan,nan,nan,nan,nan,nan,nan,nan,nan,nan,nan,nan,nan,nan,nan,nan,nan,nan,nan,nan,nan,nan,nan,nan,nan,nan,0.03789330943804742
1791060996.332416,1.4712748180061324,0.1420987579393834,1.6194757973178842,-0.4415727897127513,2.2749055387200174,0.026409493724569733,0.9042526546144162,0.0,0.0,1.8304240847818842,-0.49783606124653235,-0.20506628542214417,0.008283414345087337,0.0,0.0,0.0,0.15783892524616497,0.6749828984047977,-0.023186165975319438,0.2273909463594403,0.0,0.0,0.0,-0.9009515554010917,-0.028251003278428582,-0.0010134280023748243,0.07547386060950322,nan,nan,nan,nan,nan,nan,nan,0.02481728824885429,0.0,0.0,0.14005497819966187,1.911030353191015,-0.21892566312654174,-0.007751236384501672,nan,nan,nan,nan,nan,nan,nan,nan,nan,nan,nan,nan,nan,nan,0.8701694997512439,0.0,0.0,1.1105550897551038,0.6641223914356765,-0.08386726356238494,0.001967108016273545,nan,nan,nan,nan,nan,nan,nan,nan,nan,nan,nan,nan,nan,nan,nan,nan,nan,nan,nan,nan,nan,nan,nan,nan,nan,nan,nan,nan,nan,nan,nan,nan,nan,nan,nan,nan,nan,nan,nan,nan,nan,nan,nan,nan,nan,nan,nan,nan,nan,0.03239110129212788
1791060996.4326122,1.471097087348906,0.1454209032932793,1.6196628749919133,-0.43901481484588195,2.285629456857185,0.026790592186805018,0.9042526546144162,0.0,0.0,1.8129004981057546,-0.49743991440002044,-0.18295426440502133,-0.0005244471421910961,0.0,0.0,0.0,0.15560416749484116,0.6967921046401951,-0.02712913066860577,0.2326524341849073,0.0,0.0,0.0,-0.9010401038997476,-0.021337646848608827,-0.006994655333611006,0.07610409402553947,nan,nan,nan,nan,nan,nan,nan,0.02481728824885429,0.0,0.0,0.11787299823290988,1.9101508542936774,-0.23545891741097807,-0.007820533056382008,nan,nan,nan,nan,nan,nan,nan,nan,nan,nan,nan,nan,nan,nan,0.8701511807835518,0.0,0.0,1.1015772360987715,0.6639235635622867,-0.08491747786153112,0.004150269046337323,nan,nan,nan,nan,nan,nan,nan,nan,nan,nan,nan,nan,nan,nan,nan,nan,nan,nan,nan,nan,nan,nan,nan,nan,nan,nan,nan,nan,nan,nan,nan,nan,nan,nan,nan,nan,nan,nan,nan,nan,nan,nan,nan,nan,nan,nan,nan,nan,nan,0.03385922583100753
1791060996.5334923,1.4708738240203783,0.14880432210519165,1.6193471075454895,-0.3972415036794269,2.068146339468473,0.0337774118558422,0.9042526546144162,0.0,0.0,1.795437217773263,-0.49697914354341005,-0.19442205036793314,0.007549456319370902,0.0,0.0,0.0,0.15334172423484194,0.7185791239581875,-0.01969448360456387,0.21688374044769024,0.0,0.0,0.0,-0.9011946308115185,-0.012901341179098424,0.001146829546890745,0.08002004622960215,nan,nan,nan,nan,nan,nan,nan,0.02481728824885429,0.0,0.0,0.09581384309718508,1.909196801246333,-0.22806881597587014,-0.015217243215198883,nan,nan,nan,nan,nan,nan,nan,nan,nan,nan,nan,nan,nan,nan,0.8701511807835518,0.0,0.0,1.0936230037995018,0.663915276603601,-0.0920162317431162,-0.01849384382906954,nan,nan,nan,nan,nan,nan,nan,nan,nan,nan,nan,nan,nan,nan,nan,nan,nan,nan,nan,nan,nan,nan,nan,nan,nan,nan,nan,nan,nan,nan,nan,nan,nan,nan,nan,nan,nan,nan,nan,nan,nan,nan,nan,nan,nan,nan,nan,nan,nan,0.0333719054510034
1791060996.6335318,1.4708216111062544,0.15206733007262316,1.6196415636475041,-0.3594393140551742,1.871337951192955,0.0414851003824577,0.9042526546144162,0.0,0.0,1.7771140865319315,-0.49673937221354963,-0.18328395490366994,0.0021579147788038365,0.0,0.0,0.0,0.15125730376281524,0.7406615282086868,-0.019320891697610924,0.20763785549717667,0.0,0.0,0.0,-0.9015523938588362,-0.004730515721918787,-0.002203391783190441,0.09148380843525963,nan,nan,nan,nan,nan,nan,nan,0.02481728824885429,0.0,0.0,0.0737573698571795,1.90843648919662,-0.21141899917836246,-0.009032581959715404,nan,nan,nan,nan,nan,nan,nan,nan,nan,nan,nan,nan,nan,nan,0.8701511807835518,0.0,0.0,1.085401156999026,0.6639356716710614,-0.07773792389674483,-0.013210962340306873,nan,nan,nan,nan,nan,nan,nan,nan,nan,nan,nan,nan,nan,nan,nan,nan,nan,nan,nan,nan,nan,nan,nan,nan,nan,nan,nan,nan,nan,nan,nan,nan,nan,nan,nan,nan,nan,nan,nan,nan,nan,nan,nan,nan,nan,nan,nan,nan,nan,0.029009661444203545
1791060996.7338612,1.4706955485315165,0.1550128923372869,1.6193489621580996,-0.3252341408852408,1.6932566001079206,0.04976010195495493,0.9042526546144162,0.0,0.0,1.7585513858160267,-0.49638835805176884,-0.18341009971660405,-4.066308972388959e-06,0.0,0.0,0.0,0.1491764667675339,0.7630727783604816,-0.022265913444653396,0.22063351902952405,0.0,0.0,0.0,-0.9016133637733078,0.004250867375605891,-0.009532789815287405,0.08568206832527325,nan,nan,nan,nan,nan,nan,nan,0.02481728824885429,0.0,0.0,0.05147691843702774,1.907756034979739,-0.2103373184461471,-0.005044541473785397,nan,nan,nan,nan,nan,nan,nan,nan,nan,nan,nan,nan,nan,nan,0.8701511807835518,0.0,0.0,1.078021552588517,0.6636867908924139,-0.07415307878523514,-0.00033532074410653085,nan,nan,nan,nan,nan,nan,nan,nan,nan,nan,nan,nan,nan,nan,nan,nan,nan,nan,nan,nan,nan,nan,nan,nan,nan,nan,nan,nan,nan,nan,nan,nan,nan,nan,nan,nan,nan,nan,nan,nan,nan,nan,nan,nan,nan,nan,nan,nan,nan,0.029651146045774155
1791060996.8335202,1.4704950554937433,0.15814863418341582,1.6196418021072827,-0.29429486634860963,1.532178397588626,0.058427703946106614,0.9042526546144162,0.0,0.0,1.7390209070831715,-0.4961224120018528,-0.15689813019443385,-0.00627073942554266,0.0,0.0,0.0,0.14715054750436288,0.7850538737336704,-0.023380397929579636,0.2299994442715063,0.0,0.0,0.0,-0.9017033379739141,0.01378393442079271,0.0010357782662747828,0.08469962966530392,nan,nan,nan,nan,nan,nan,nan,0.02481728824885429,0.0,0.0,0.0284066594469919,1.9081114701600488,-0.24011106452201114,0.01031472195145778,nan,nan,nan,nan,nan,nan,nan,nan,nan,nan,nan,nan,nan,nan,0.8701511807835518,0.0,0.0,1.0712309807362845,0.6637938025324946,-0.06440398719706285,-0.0015183132188187108,nan,nan,nan,nan,nan,nan,nan,nan,nan,nan,nan,nan,nan,nan,nan,nan,nan,nan,nan,nan,nan,nan,nan,nan,nan,nan,nan,nan,nan,nan,nan,nan,nan,nan,nan,nan,nan,nan,nan,nan,nan,nan,nan,nan,nan,nan,nan,nan,nan,0.033159214538632686
1791060996.9335437,1.4703538155914029,0.16179110270477365,1.6197573165150547,-0.26628900702166663,1.3863723453151262,0.06731942081565807,0.9042526546144162,0.0,0.0,1.7208028156302249,-0.4959329378675488,-0.17351734552907566,0.008528357667078226,0.0,0.0,0.0,0.14531767888983782,0.8068000607635543,-0.015005578851806936,0.22263555813281502,0.0,0.0,0.0,-0.90220572120389,0.02243972599982204,-0.000751531199419848,0.09239601125874716,nan,nan,nan,nan,nan,nan,nan,0.02481728824885429,0.0,0.0,0.006259775401627016,1.9072575750008651,-0.2309458195494085,-0.009179657521097465,nan,nan,nan,nan,nan,nan,nan,nan,nan,nan,nan,nan,nan,nan,0.8701511807835518,0.0,0.0,1.0639629096483978,0.6636103733610029,-0.073292730558499,-0.0017569762083078603,nan,nan,nan,nan,nan,nan,nan,nan,nan,nan,nan,nan,nan,nan,nan,nan,nan,nan,nan,nan,nan,nan,nan,nan,nan,nan,nan,nan,nan,nan,nan,nan,nan,nan,nan,nan,nan,nan,nan,nan,nan,nan,nan,nan,nan,nan,nan,nan,nan,0.040460490152196396
1791060997.0337298,1.470299382638855,0.16568349122401638,1.6199657930688787,-0.24095749546866457,1.2544896683886422,0.07626291310635194,0.9042526546144162,0.0,0.0,1.704466752356965,-0.4958377455343116,-0.18380063687261378,0.007327442986273566,0.0,0.0,0.0,0.14326141678172752,0.8286457083245539,-0.01604368150327212,0.2229028391492054,0.0,0.0,0.0,-0.9023406685287747,0.03131472667198305,-0.00679832339902973,0.09680256093170964,nan,nan,nan,nan,nan,nan,nan,0.02481728824885429,0.0,0.0,-0.015527627043188833,1.9064838034145297,-0.23119034515574494,-0.009903667247664996,nan,nan,nan,nan,nan,nan,nan,nan,nan,nan,nan,nan,nan,nan,0.8701511807835518,0.0,0.0,1.0575969633249265,0.6635815604754634,-0.07581818564110784,-0.0033184412256380916,nan,nan,nan,nan,nan,nan,nan,nan,nan,nan,nan,nan,nan,nan,nan,nan,nan,nan,nan,nan,nan,nan,nan,nan,nan,nan,nan,nan,nan,nan,nan,nan,nan,nan,nan,nan,nan,nan,nan,nan,nan,nan,nan,nan,nan,nan,nan,nan,nan,0.04500610278270537
1791060997.1338985,1.4699758535573029,0.17016917583601696,1.619622392480347,-0.2180273580686959,1.1351091925622177,0.08511768427010005,0.9042526546144162,0.0,0.0,1.6873241269052415,-0.4957608103216105,-0.18739504070120214,0.005187204052269269,0.0,0.0,0.0,0.14107280295990557,0.8510265738650569,-0.028692872117894935,0.2319758518589944,0.0,0.0,0.0,-0.9024036680168684,0.040612543407547975,-0.0028061592645176837,0.10675305402224304,nan,nan,nan,nan,nan,nan,nan,0.02481728824885429,0.0,0.0,-0.03759656588233576,1.905729644409413,-0.2133791005061053,-0.005206530827407977,nan,nan,nan,nan,nan,nan,nan,nan,nan,nan,nan,nan,nan,nan,0.8701511807835518,0.0,0.0,1.0504375881945927,0.6635011241360154,-0.07200531434182489,0.0005220304605075112,nan,nan,nan,nan,nan,nan,nan,nan,nan,nan,nan,nan,nan,nan,nan,nan,nan,nan,nan,nan,nan,nan,nan,nan,nan,nan,nan,nan,nan,nan,nan,nan,nan,nan,nan,nan,nan,nan,nan,nan,nan,nan,nan,nan,nan,nan,nan,nan,nan,0.05380333891762127
1791060997.2337654,1.4696735927738416,0.1756040108578027,1.6192512695405596,-0.197282984336223,1.0271083915331238,0.09375518177694442,0.9042526546144162,0.0,0.0,1.6695887523135247,-0.4956999945018583,-0.18726626785017347,-0.002374986828484335,0.0,0.0,0.0,0.13883416842854923,0.8731810632314909,-0.029501079749078923,0.22975786649008256,0.0,0.0,0.0,-0.9027532858812464,0.05019916326414494,0.002890616620056502,0.10215982836723356,nan,nan,nan,nan,nan,nan,nan,0.02481728824885429,0.0,0.0,-0.05974039169932793,1.904737719181688,-0.19748342825476964,-0.01569520627453188,nan,nan,nan,nan,nan,nan,nan,nan,nan,nan,nan,nan,nan,nan,0.8701511807835518,0.0,0.0,1.043881322817319,0.6634439721116134,-0.06732328544404935,-0.001955375950099839,nan,nan,nan,nan,nan,nan,nan,nan,nan,nan,nan,nan,nan,nan,nan,nan,nan,nan,nan,nan,nan,nan,nan,nan,nan,nan,nan,nan,nan,nan,nan,nan,nan,nan,nan,nan,nan,nan,nan,nan,nan,nan,nan,nan,nan,nan,nan,nan,nan,0.06060560447046448
1791060997.3337834,1.469674554004188,0.18116169285369554,1.6203213913380452,-0.17852335710210288,0.9294407157372224,0.10207452841893194,0.9042526546144162,0.0,0.0,1.651484959674836,-0.4955223676822048,-0.19470487486175947,0.0032490764957135874,0.0,0.0,0.0,0.1367370122293554,0.8952009024247218,-0.01885319207030822,0.2509517390808669,0.0,0.0,0.0,-0.9030934544363222,0.06013945107959311,-0.007288488340349096,0.09559531966536733,nan,nan,nan,nan,nan,nan,nan,0.02481728824885429,0.0,0.0,-0.08118430505330497,1.9037831334515953,-0.24617695560536362,-0.01223664996592247,nan,nan,nan,nan,nan,nan,nan,nan,nan,nan,nan,nan,nan,nan,0.8701511807835518,0.0,0.0,1.0367642187978812,0.663381296005024,-0.0670882898736295,0.0027816660260537966,nan,nan,nan,nan,nan,nan,nan,nan,nan,nan,nan,nan,nan,nan,nan,nan,nan,nan,nan,nan,nan,nan,nan,nan,nan,nan,nan,nan,nan,nan,nan,nan,nan,nan,nan,nan,nan,nan,nan,nan,nan,nan,nan,nan,nan,nan,nan,nan,nan,0.0710856226083009
1791060997.433213,1.469181662648555,0.18825514838015112,1.619896240609351,-0.1615352795195379,0.8409962049256303,0.11001506382579032,0.9042526546144162,0.0,0.0,1.6332918213490175,-0.4954884123483145,-0.1791137536730722,-0.003519698837643862,0.0,0.0,0.0,0.13432154964776039,0.9173735629563348,-0.016960563213494286,0.21695327559355485,0.0,0.0,0.0,-0.9032625955108788,0.0696928819567402,-0.002984935261195789,0.09346319478961493,nan,nan,nan,nan,nan,nan,nan,0.02481728824885429,0.0,0.0,-0.1015786855660841,1.902704431909614,-0.20964816938061195,-0.009158643117626295,nan,nan,nan,nan,nan,nan,nan,nan,nan,nan,nan,nan,nan,nan,0.8701511807835518,0.0,0.0,1.0305205691717907,0.6631927632494042,-0.06744601521711936,-0.004108441646816991,nan,nan,nan,nan,nan,nan,nan,nan,nan,nan,nan,nan,nan,nan,nan,nan,nan,nan,nan,nan,nan,nan,nan,nan,nan,nan,nan,nan,nan,nan,nan,nan,nan,nan,nan,nan,nan,nan,nan,nan,nan,nan,nan,nan,nan,nan,nan,nan,nan,0.07800464879528964
1791060997.533961,1.4689681312038951,0.19563807000176672,1.6210431783250414,-0.146163165252941,0.7609648346989955,0.1175216788014585,0.9042526546144162,0.0,0.0,1.614788076824169,-0.4953558688422595,-0.18519670451931175,0.007793329781175785,0.0,0.0,0.0,0.1318138463033873,0.9397254554596512,-0.025861379320491013,0.21906618439641815,0.0,0.0,0.0,-0.9033402833200183,0.07882985809380269,0.004376389543965832,0.08553201625879338,nan,nan,nan,nan,nan,nan,nan,0.02481728824885429,0.0,0.0,-0.1238694041653566,1.9016160415443142,-0.20809371368393798,-0.01263708504531763,nan,nan,nan,nan,nan,nan,nan,nan,nan,nan,nan,nan,nan,nan,0.8701511807835518,0.0,0.0,1.0238263926900009,0.6631602640570252,-0.06494074263594454,-0.002597210519218695,nan,nan,nan,nan,nan,nan,nan,nan,nan,nan,nan,nan,nan,nan,nan,nan,nan,nan,nan,nan,nan,nan,nan,nan,nan,nan,nan,nan,nan,nan,nan,nan,nan,nan,nan,nan,nan,nan,nan,nan,nan,nan,nan,nan,nan,nan,nan,nan,nan,0.07929211803409539
1791060997.6324182,1.4687938033596764,0.20407000781786397,1.6224220734856896,-0.1322539010698937,0.6885494562996537,0.12456505074855757,0.9042526546144162,0.0,0.0,1.5979318006381675,-0.4955278584408234,-0.1651613831451569,-0.011542973798439379,0.0,0.0,0.0,0.1295743228604837,0.9622053767610452,-0.03245551700376531,0.22476241054613688,0.0,0.0,0.0,-0.9035067867013966,0.0879675005822306,0.008519480986076279,0.09315282399775306,nan,nan,nan,nan,nan,nan,nan,0.02481728824885429,0.0,0.0,-0.145730378259111,1.9003689490159337,-0.22760248419346796,-0.016422874205915514,nan,nan,nan,nan,nan,nan,nan,nan,nan,nan,nan,nan,nan,nan,0.8701511807835518,0.0,0.0,1.0172044143521914,0.6629487980129549,-0.0724273311354606,-0.003450905608151058,nan,nan,nan,nan,nan,nan,nan,nan,nan,nan,nan,nan,nan,nan,nan,nan,nan,nan,nan,nan,nan,nan,nan,nan,nan,nan,nan,nan,nan,nan,nan,nan,nan,nan,nan,nan,nan,nan,nan,nan,nan,nan,nan,nan,nan,nan,nan,nan,nan,0.08030374157034131
1791060997.7335021,1.4683697124417,0.21215938432815684,1.6230597149393102,-0.11966975282301151,0.6230329886318622,0.13113178726179592,0.9042526546144162,0.0,0.0,1.5795205078754557,-0.49531039225886964,-0.1281261086461787,0.0033123908624097128,0.0,0.0,0.0,0.1274162562724169,0.9843722488557067,-0.026148172616147713,0.24600108232902376,0.0,0.0,0.0,-0.904024954181973,0.0963366101270862,-0.010186861363941827,0.10074998421759257,nan,nan,nan,nan,nan,nan,nan,0.02481728824885429,0.0,0.0,-0.16775213402604838,1.8990816122379477,-0.26136864089515094,-0.012959645249428069,nan,nan,nan,nan,nan,nan,nan,nan,nan,nan,nan,nan,nan,nan,0.8701511807835518,0.0,0.0,1.010231001660901,0.6631296417192933,-0.0708070348578631,0.003606616141526653,nan,nan,nan,nan,nan,nan,nan,nan,nan,nan,nan,nan,nan,nan,nan,nan,nan,nan,nan,nan,nan,nan,nan,nan,nan,nan,nan,nan,nan,nan,nan,nan,nan,nan,nan,nan,nan,nan,nan,nan,nan,nan,nan,nan,nan,nan,nan,nan,nan,0.09692223931591422
1791060997.833618,1.4680714542648836,0.22046197807752463,1.6239154605467108,-0.10828167017132989,0.5637435608367082,0.13722375751150948,0.9042526546144162,0.0,0.0,1.5651431772095235,-0.49539896446748755,-0.13663846501077492,0.010105587155399373,0.0,0.0,0.0,0.12515113974276793,1.00639649742597,-0.012244011800412052,0.21934667004259992,0.0,0.0,0.0,-0.9040240984844938,0.1055520162102626,-0.0034746155521715345,0.09227235230388672,nan,nan,nan,nan,nan,nan,nan,0.02481728824885429,0.0,0.0,-0.1898306169918002,1.8976954981665675,-0.21788709219505317,-0.007958257295012826,nan,nan,nan,nan,nan,nan,nan,nan,nan,nan,nan,nan,nan,nan,0.8701511807835518,0.0,0.0,1.0036707144402235,0.6628651419492332,-0.06799515577055174,-0.0012456806955779694,nan,nan,nan,nan,nan,nan,nan,nan,nan,nan,nan,nan,nan,nan,nan,nan,nan,nan,nan,nan,nan,nan,nan,nan,nan,nan,nan,nan,nan,nan,nan,nan,nan,nan,nan,nan,nan,nan,nan,nan,nan,nan,nan,nan,nan,nan,nan,nan,nan,0.08852996602847395
1791060997.9335768,1.4676482482293822,0.23032104473034246,1.6252128822722205,-0.0979773068681985,0.5100962680726513,0.1428500553152506,0.9042526546144162,0.0,0.0,1.5516864806933561,-0.4956740955752385,-0.1026773211963137,0.009435546841779694,0.0,0.0,0.0,0.12267687184841365,1.0285204179701712,-0.017943889206548925,0.2164242300497578,0.0,0.0,0.0,-0.9042427350898535,0.11501129868414507,-0.0005729794297333307,0.08439343565181752,nan,nan,nan,nan,nan,nan,nan,0.02481728824885429,0.0,0.0,-0.21198595394266076,1.896332829188355,-0.20619014120783974,-0.011821923459774267,nan,nan,nan,nan,nan,nan,nan,nan,nan,nan,nan,nan,nan,nan,0.8701511807835518,0.0,0.0,0.9972551348827481,0.6629961536483276,-0.0690524844869131,-0.010080474985381505,nan,nan,nan,nan,nan,nan,nan,nan,nan,nan,nan,nan,nan,nan,nan,nan,nan,nan,nan,nan,nan,nan,nan,nan,nan,nan,nan,nan,nan,nan,nan,nan,nan,nan,nan,nan,nan,nan,nan,nan,nan,nan,nan,nan,nan,nan,nan,nan,nan,0.08676400782917403
1791060998.033306,1.4671415442648947,0.2398659057079442,1.6255059030610421,-0.08865353338231433,0.46155419020249544,0.14802756405747616,0.9042526546144162,0.0,0.0,1.5405843037054512,-0.4950217027929127,-0.10558951788291837,0.00609573127340437,0.0,0.0,0.0,0.12027189116037885,1.050737938872846,-0.029730880958886183,0.221922745721707,0.0,0.0,0.0,-0.9045299073428249,0.12372308688391023,0.008965301815948578,0.08827599748684571,nan,nan,nan,nan,nan,nan,nan,0.02481728824885429,0.0,0.0,-0.2342937462552437,1.894964236520338,-0.22086576793662707,-0.02204476066916707,nan,nan,nan,nan,nan,nan,nan,nan,nan,nan,nan,nan,nan,nan,0.8701511807835518,0.0,0.0,0.9908964960889286,0.6628286063008147,-0.07596360302968734,-0.01635269506010042,nan,nan,nan,nan,nan,nan,nan,nan,nan,nan,nan,nan,nan,nan,nan,nan,nan,nan,nan,nan,nan,nan,nan,nan,nan,nan,nan,nan,nan,nan,nan,nan,nan,nan,nan,nan,nan,nan,nan,nan,nan,nan,nan,nan,nan,nan,nan,nan,nan,0.09679847520606352
1791060998.1340892,1.4667445081477326,0.24921439017312352,1.6260300654640454,-0.08021703425484783,0.4176315017955982,0.15277787021723677,0.9042526546144162,0.0,0.0,1.529774328740175,-0.4957723410101622,-0.06057322188315689,-0.05117591092140035,0.0,0.0,0.0,0.11786547035484947,1.0726906755287635,-0.03325599338989549,0.21532602726305144,0.0,0.0,0.0,-0.9049086410275857,0.13197424270453892,-0.005674418444647879,0.08313584678534183,nan,nan,nan,nan,nan,nan,nan,0.02481728824885429,0.0,0.0,-0.25603610085078415,1.893631812479157,-0.23839200586785647,-0.01729233862501585,nan,nan,nan,nan,nan,nan,nan,nan,nan,nan,nan,nan,nan,nan,0.8701511807835518,0.0,0.0,0.9847411413635562,0.6633017501669611,-0.05659764103772129,0.003396867388938788,nan,nan,nan,nan,nan,nan,nan,nan,nan,nan,nan,nan,nan,nan,nan,nan,nan,nan,nan,nan,nan,nan,nan,nan,nan,nan,nan,nan,nan,nan,nan,nan,nan,nan,nan,nan,nan,nan,nan,nan,nan,nan,nan,nan,nan,nan,nan,nan,nan,0.11108546883790514
1791060998.2342577,1.4661570636974397,0.2599076212949725,1.625955996911669,-0.07258337416696702,0.37788860982367123,0.1571254766198429,0.9042526546144162,0.0,0.0,1.5188043556589237,-0.49577938094253815,-0.08935609490289043,0.0020894424923526937,0.0,0.0,0.0,0.11535353428573886,1.0948322530114356,-0.01977857439935162,0.21916099522896487,0.0,0.0,0.0,-0.9047818256204206,0.1405807686344579,-0.00026788214378244384,0.07713087061487765,nan,nan,nan,nan,nan,nan,nan,0.02481728824885429,0.0,0.0,-0.27798801223115577,1.892269972670748,-0.22589175753469146,-0.009541365030362918,nan,nan,nan,nan,nan,nan,nan,nan,nan,nan,nan,nan,nan,nan,0.8701511807835518,0.0,0.0,0.9787880166105782,0.6627726714463182,-0.06093950183406195,-0.0004131554889346236,nan,nan,nan,nan,nan,nan,nan,nan,nan,nan,nan,nan,nan,nan,nan,nan,nan,nan,nan,nan,nan,nan,nan,nan,nan,nan,nan,nan,nan,nan,nan,nan,nan,nan,nan,nan,nan,nan,nan,nan,nan,nan,nan,nan,nan,nan,nan,nan,nan,0.11315950090807217
1791060998.3319402,1.4657311687212464,0.2716245473601581,1.6261476908677148,-0.06570672245785548,0.34208690751344206,0.16107877781957008,0.9042526546144162,0.0,0.0,1.5084195820659723,-0.49592055721834577,-0.061371884023573096,-0.05463304250997969,0.0,0.0,0.0,0.1127560743662355,1.1167231841270624,-0.017690433488650632,0.23371102960191614,0.0,0.0,0.0,-0.9052164272488016,0.14834459840343905,-0.00198107031747893,0.08196261506364191,nan,nan,nan,nan,nan,nan,nan,0.02481728824885429,0.0,0.0,-0.3003505214875423,1.8905970038096667,-0.22079488744631104,-0.017921078230164696,nan,nan,nan,nan,nan,nan,nan,nan,nan,nan,nan,nan,nan,nan,0.8701511807835518,0.0,0.0,0.9730071032079569,0.6630355388782647,-0.06097059696754738,-0.001594597837488485,nan,nan,nan,nan,nan,nan,nan,nan,nan,nan,nan,nan,nan,nan,nan,nan,nan,nan,nan,nan,nan,nan,nan,nan,nan,nan,nan,nan,nan,nan,nan,nan,nan,nan,nan,nan,nan,nan,nan,nan,nan,nan,nan,nan,nan,nan,nan,nan,nan,0.12024220729219473
1791060998.4334576,1.4652589082622194,0.283672309855188,1.6271766465988615,-0.05945390110550705,0.30953303418593187,0.16470118702547432,0.9042526546144162,0.0,0.0,1.498764043145506,-0.4955326090107227,-0.04104201011483315,-0.010163925835134547,0.0,0.0,0.0,0.11000603735741932,1.1386153109767587,-0.032453792536300576,0.2256381215692638,0.0,0.0,0.0,-0.9050947829237286,0.15577848245161602,-0.004043913673238031,0.07158325842169579,nan,nan,nan,nan,nan,nan,nan,0.02481728824885429,0.0,0.0,-0.32330323254829985,1.889143980460708,-0.22446309096483347,-0.018196881478747477,nan,nan,nan,nan,nan,nan,nan,nan,nan,nan,nan,nan,nan,nan,0.8701511807835518,0.0,0.0,0.9666827960487889,0.6627723244287564,-0.07214661917822582,-0.0016772758118910082,nan,nan,nan,nan,nan,nan,nan,nan,nan,nan,nan,nan,nan,nan,nan,nan,nan,nan,nan,nan,nan,nan,nan,nan,nan,nan,nan,nan,nan,nan,nan,nan,nan,nan,nan,nan,nan,nan,nan,nan,nan,nan,nan,nan,nan,nan,nan,nan,nan,0.1134965578407065
1791060998.5331492,1.4647473427731756,0.2958936138488367,1.6290859672317168,-0.05379612389966421,0.2800771210715892,0.16799967346549957,0.9042526546144162,0.0,0.0,1.4877499479265055,-0.49549130881821657,-0.08384486959034015,0.0012704819587109513,0.0,0.0,0.0,0.10726574763899879,1.1606761139118658,-0.033740681412653635,0.21324731931304447,0.0,0.0,0.0,-0.9053086953826924,0.16383322015550925,-0.01016631638675475,0.07535405158994153,nan,nan,nan,nan,nan,nan,nan,0.02481728824885429,0.0,0.0,-0.34594519846427935,1.8875474954968505,-0.24065495121364777,-0.024839076883251123,nan,nan,nan,nan,nan,nan,nan,nan,nan,nan,nan,nan,nan,nan,0.8701511807835518,0.0,0.0,0.959790920255243,0.6629531886013501,-0.06821624440617952,0.0036802515693431055,nan,nan,nan,nan,nan,nan,nan,nan,nan,nan,nan,nan,nan,nan,nan,nan,nan,nan,nan,nan,nan,nan,nan,nan,nan,nan,nan,nan,nan,nan,nan,nan,nan,nan,nan,nan,nan,nan,nan,nan,nan,nan,nan,nan,nan,nan,nan,nan,nan,0.11087892293613347
1791060998.633503,1.464358930240566,0.3075827944538914,1.6312044930180452,-0.04867674585876081,0.2534242591284579,0.17099980145401303,0.9042526546144162,0.0,0.0,1.479166403412968,-0.49602020102946587,-0.11835089997229777,-0.016961849374803762,0.0,0.0,0.0,0.104513343409568,1.1827296897226034,-0.02544148362052412,0.21096194719708825,0.0,0.0,0.0,-0.9053932276482661,0.17071611841335646,-0.003132086457944998,0.07374605510783729,nan,nan,nan,nan,nan,nan,nan,0.02481728824885429,0.0,0.0,-0.36820284978545154,1.8853188132051215,-0.23270862575646567,-0.016937287476311794,nan,nan,nan,nan,nan,nan,nan,nan,nan,nan,nan,nan,nan,nan,0.8701511807835518,0.0,0.0,0.9529335110185198,0.6626524994321995,-0.07295098820254554,-0.0032477967060134992,nan,nan,nan,nan,nan,nan,nan,nan,nan,nan,nan,nan,nan,nan,nan,nan,nan,nan,nan,nan,nan,nan,nan,nan,nan,nan,nan,nan,nan,nan,nan,nan,nan,nan,nan,nan,nan,nan,nan,nan,nan,nan,nan,nan,nan,nan,nan,nan,nan,0.10465414956672077
1791060998.7340746,1.4639367492772377,0.31901370968556525,1.6337048611962643,-0.044044541050263196,0.2293077523444797,0.17372600615127434,0.9042526546144162,0.0,0.0,1.4675952962211936,-0.4959622403390142,-0.10743572445730754,0.006102339755915962,0.0,0.0,0.0,0.10164199992547979,1.2047930937549662,-0.02466829087570921,0.22512326564817936,0.0,0.0,0.0,-0.9054844530946757,0.17835726095415153,-0.0020827512982672493,0.0675592426671177,nan,nan,nan,nan,nan,nan,nan,0.02481728824885429,0.0,0.0,-0.39061491564394013,1.8838946718524323,-0.220779800657201,-0.008732102057977562,nan,nan,nan,nan,nan,nan,nan,nan,nan,nan,nan,nan,nan,nan,0.8701511807835518,0.0,0.0,0.9462859200828017,0.662937761168566,-0.0644203852891554,-0.0004917580492015552,nan,nan,nan,nan,nan,nan,nan,nan,nan,nan,nan,nan,nan,nan,nan,nan,nan,nan,nan,nan,nan,nan,nan,nan,nan,nan,nan,nan,nan,nan,nan,nan,nan,nan,nan,nan,nan,nan,nan,nan,nan,nan,nan,nan,nan,nan,nan,nan,nan,0.1044093972292322
1791060998.8335893,1.4635174621653766,0.3301699148707044,1.6350350880149154,-0.039855447129077015,0.20749820027465773,0.17620003939425394,0.9042526546144162,0.0,0.0,1.4539485837175383,-0.495426496073683,-0.13155028846834826,0.00931378401063224,0.0,0.0,0.0,0.0987014424435067,1.2264267779722462,-0.03241280671871662,0.23677580687052152,0.0,0.0,0.0,-0.9057425539220253,0.1857142859439012,-0.0016208601168264248,0.07806072549177412,nan,nan,nan,nan,nan,nan,nan,0.02481728824885429,0.0,0.0,-0.4130087083582952,1.8824300599260357,-0.21231319981772814,-0.013930711419840262,nan,nan,nan,nan,nan,nan,nan,nan,nan,nan,nan,nan,nan,nan,0.8701511807835518,0.0,0.0,0.9395647929372412,0.6627482346523171,-0.06938530887564018,-0.001109774007194237,nan,nan,nan,nan,nan,nan,nan,nan,nan,nan,nan,nan,nan,nan,nan,nan,nan,nan,nan,nan,nan,nan,nan,nan,nan,nan,nan,nan,nan,nan,nan,nan,nan,nan,nan,nan,nan,nan,nan,nan,nan,nan,nan,nan,nan,nan,nan,nan,nan,0.10166933666676152
1791060998.933809,1.4626808089797336,0.34138846979149096,1.6344679104466118,-0.036062699883990225,0.18775213583073336,0.17844640705200432,0.9042526546144162,0.0,0.0,1.4414929077185346,-0.49642920512293864,-0.13267812452278827,-0.006866244199796665,0.0,0.0,0.0,0.09573924496025862,1.2478684356645473,-0.03143441058509592,0.20985581887686652,0.0,0.0,0.0,-0.9058756190587827,0.1938032450101312,-0.0007855776282885778,0.07467184730812039,nan,nan,nan,nan,nan,nan,nan,0.02481728824885429,0.0,0.0,-0.43546314287712856,1.881018233065561,-0.2207851680283339,-0.01536871013950668,nan,nan,nan,nan,nan,nan,nan,nan,nan,nan,nan,nan,nan,nan,0.8701511807835518,0.0,0.0,0.9331288729957725,0.662787727520787,-0.06680236134846645,-0.009017836989728996,nan,nan,nan,nan,nan,nan,nan,nan,nan,nan,nan,nan,nan,nan,nan,nan,nan,nan,nan,nan,nan,nan,nan,nan,nan,nan,nan,nan,nan,nan,nan,nan,nan,nan,nan,nan,nan,nan,nan,nan,nan,nan,nan,nan,nan,nan,nan,nan,nan,0.10905529375425727
1791060999.0338516,1.4620187830410944,0.3526362727193198,1.634806428598005,-0.0326308802595157,0.16988515786309197,0.18048377318601813,0.9042526546144162,0.0,0.0,1.4293881947497002,-0.4963718194329246,-0.13705633426312738,0.008269581663175244,0.0,0.0,0.0,0.09259422754204882,1.269622529656141,-0.02955967979019197,0.19925274804236107,0.0,0.0,0.0,-0.9059382399662987,0.20156190071812893,0.005461297318513546,0.0770197386659467,nan,nan,nan,nan,nan,nan,nan,0.02481728824885429,0.0,0.0,-0.45730029285761165,1.8799476344251196,-0.2353314991490966,-0.011166065733333157,nan,nan,nan,nan,nan,nan,nan,nan,nan,nan,nan,nan,nan,nan,0.8701511807835518,0.0,0.0,0.9267621789992184,0.6626422573248089,-0.06650837259244421,-0.003022924214571966,nan,nan,nan,nan,nan,nan,nan,nan,nan,nan,nan,nan,nan,nan,nan,nan,nan,nan,nan,nan,nan,nan,nan,nan,nan,nan,nan,nan,nan,nan,nan,nan,nan,nan,nan,nan,nan,nan,nan,nan,nan,nan,nan,nan,nan,nan,nan,nan,nan,0.12177422168995947
1791060999.1337152,1.4612464175708073,0.36454454920633217,1.6340893413759625,-0.02952640859620791,0.1537224416136969,0.1823303443706824,0.9042526546144162,0.0,0.0,1.4143495881738446,-0.49631664401800246,-0.18063809759003607,-0.01012918007987186,0.0,0.0,0.0,0.08957632365404108,1.2916723768267937,-0.030066799339209593,0.22333546658757208,0.0,0.0,0.0,-0.9062289616556453,0.2091465340648564,-0.004571414428393954,0.07103897537070154,nan,nan,nan,nan,nan,nan,nan,0.02481728824885429,0.0,0.0,-0.47925253253739264,1.8788700616132903,-0.22344126105059042,-0.010423809454062584,nan,nan,nan,nan,nan,nan,nan,nan,nan,nan,nan,nan,nan,nan,0.8701511807835518,0.0,0.0,0.9205109491884278,0.6627990559553948,-0.05874125662113624,0.00039950580353286577,nan,nan,nan,nan,nan,nan,nan,nan,nan,nan,nan,nan,nan,nan,nan,nan,nan,nan,nan,nan,nan,nan,nan,nan,nan,nan,nan,nan,nan,nan,nan,nan,nan,nan,nan,nan,nan,nan,nan,nan,nan,nan,nan,nan,nan,nan,nan,nan,nan,0.13632477819710956
1791060999.2331026,1.4606127800885271,0.3774468814065398,1.63473691825096,-0.026716599326847904,0.13909381720963407,0.18400427786414272,0.9042526546144162,0.0,0.0,1.3951606770717535,-0.4957949623269194,-0.20529564171714987,0.015113138993552384,0.0,0.0,0.0,0.08638652236227015,1.313342138218399,-0.03325685990375543,0.2312669822926589,0.0,0.0,0.0,-0.9063912269466675,0.21743933985517705,-0.0005667861678769939,0.07865349660615795,nan,nan,nan,nan,nan,nan,nan,0.02481728824885429,0.0,0.0,-0.5014869486489699,1.8777490820433091,-0.2060480281325865,-0.011521727897934174,nan,nan,nan,nan,nan,nan,nan,nan,nan,nan,nan,nan,nan,nan,0.8701511807835518,0.0,0.0,0.9140873784892221,0.6626406461727422,-0.06280439439355193,0.0016278132598362951,nan,nan,nan,nan,nan,nan,nan,nan,nan,nan,nan,nan,nan,nan,nan,nan,nan,nan,nan,nan,nan,nan,nan,nan,nan,nan,nan,nan,nan,nan,nan,nan,nan,nan,nan,nan,nan,nan,nan,nan,nan,nan,nan,nan,nan,nan,nan,nan,nan,0.14571912998954054
1791060999.333959,1.4598083654301197,0.391450068804996,1.6351643553654924,-0.02417417876155113,0.12585729047009386,0.1855208682661628,0.9042526546144162,0.0,0.0,1.3765118339993307,-0.49653938004216486,-0.2208038270620164,-0.013766725559053755,0.0,0.0,0.0,0.08369297406478952,1.3327487419446264,-0.03036896810221471,0.2051113046608432,0.0,0.0,0.0,-0.906830007593709,0.22493766678101115,-0.0019975739487004453,0.09359432267464038,nan,nan,nan,nan,nan,nan,nan,0.02481728824885429,0.0,0.0,-0.5215903817956431,1.8770346129021438,-0.22431050983328554,-0.007962079475007927,nan,nan,nan,nan,nan,nan,nan,nan,nan,nan,nan,nan,nan,nan,0.8701511807835518,0.0,0.0,0.9085201666430548,0.6627418608715908,-0.06006316604714827,-0.0031302817624923934,nan,nan,nan,nan,nan,nan,nan,nan,nan,nan,nan,nan,nan,nan,nan,nan,nan,nan,nan,nan,nan,nan,nan,nan,nan,nan,nan,nan,nan,nan,nan,nan,nan,nan,nan,nan,nan,nan,nan,nan,nan,nan,nan,nan,nan,nan,nan,nan,nan,0.14794920940187334
1791060999.4344327,1.4591019182158875,0.4061660349056386,1.636758777853997,-0.021874132548200517,0.11388262993565951,0.186894327387802,0.9042526546144162,0.0,0.0,1.3563760957664457,-0.49671333698186926,-0.20142747445189546,0.012459084112691738,0.0,0.0,0.0,0.08038085828540609,1.3568681937330236,-0.025758120667464746,0.20088066747033556,0.0,0.0,0.0,-0.9067945316750499,0.23322613738443618,-0.008514283176243467,0.11310835288150026,nan,nan,nan,nan,nan,nan,nan,0.02481728824885429,0.0,0.0,-0.54071189975087,1.8761167428326666,-0.15943673423457072,-0.007411763056827745,nan,nan,nan,nan,nan,nan,nan,nan,nan,nan,nan,nan,nan,nan,0.8701511807835518,0.0,0.0,0.9012050163761204,0.662532607441199,-0.06721748180251537,-0.002788667118923878,nan,nan,nan,nan,nan,nan,nan,nan,nan,nan,nan,nan,nan,nan,nan,nan,nan,nan,nan,nan,nan,nan,nan,nan,nan,nan,nan,nan,nan,nan,nan,nan,nan,nan,nan,nan,nan,nan,nan,nan,nan,nan,nan,nan,nan,nan,nan,nan,nan,0.14309342770762276
1791060999.5331757,1.4583955780923075,0.4206915407902936,1.6393642175487575,-0.019799602660481124,0.10308206817747229,0.18813419017852148,0.9042526546144162,0.0,0.0,1.335230947551692,-0.49701083317797834,-0.1851589023237441,0.02202176014382323,0.0,0.0,0.0,0.07733707427944606,1.3788775767701549,-0.03605832835577303,0.20539223722934347,0.0,0.0,0.0,-0.9069122121798141,0.24283164868355747,0.004842304068807413,0.07345054177265033,nan,nan,nan,nan,nan,nan,nan,0.02481728824885429,0.0,0.0,-0.5583703880687189,1.8757147288505605,-0.2110692964648831,0.008954058111170306,nan,nan,nan,nan,nan,nan,nan,nan,nan,nan,nan,nan,nan,nan,0.8701511807835518,0.0,0.0,0.894784177542772,0.6626648037578101,-0.06355571360661671,-0.0041558402219011425,nan,nan,nan,nan,nan,nan,nan,nan,nan,nan,nan,nan,nan,nan,nan,nan,nan,nan,nan,nan,nan,nan,nan,nan,nan,nan,nan,nan,nan,nan,nan,nan,nan,nan,nan,nan,nan,nan,nan,nan,nan,nan,nan,nan,nan,nan,nan,nan,nan,0.14163800804914803
1791060999.6319575,1.4574240954743989,0.43504730243331563,1.6409138850594864,-0.017916911998135977,0.09328027313436726,0.1892601937499275,0.9042526546144162,0.0,0.0,1.311724641694421,-0.4981102103741679,-0.2426773175926656,-0.022592652718488187,0.0,0.0,0.0,0.07453808417675617,1.4008863053443577,-0.032018235526337625,0.2542758021345542,0.0,0.0,0.0,-0.907187867484731,0.2538171766772307,0.00393829305368767,0.14438439403905856,nan,nan,nan,nan,nan,nan,nan,0.02481728824885429,0.0,0.0,-0.5769462628396612,1.8746813505770328,-0.22850678882434766,-0.009602249044537797,nan,nan,nan,nan,nan,nan,nan,nan,nan,nan,nan,nan,nan,nan,0.8701511807835518,0.0,0.0,0.8875466504025886,0.6625363989359717,-0.07699089799604142,0.0038240883363780016,nan,nan,nan,nan,nan,nan,nan,nan,nan,nan,nan,nan,nan,nan,nan,nan,nan,nan,nan,nan,nan,nan,nan,nan,nan,nan,nan,nan,nan,nan,nan,nan,nan,nan,nan,nan,nan,nan,nan,nan,nan,nan,nan,nan,nan,nan,nan,nan,nan,0.1566332673411648
1791060999.733376,1.4564795543826063,0.4498041211278785,1.6426759039604075,-0.016211892396898884,0.08440348152432907,0.19028052692842312,0.9042526546144162,0.0,0.0,1.2904147204496978,-0.49865019309041303,-0.24129613833485186,-0.016258278724114533,0.0,0.0,0.0,0.07193952539746563,1.4223489457569916,-0.026669365161547096,0.22358181206511224,0.0,0.0,0.0,-0.9075538583777145,0.26465920283495176,-0.01926722096632022,0.17750988173073054,nan,nan,nan,nan,nan,nan,nan,0.02481728824885429,0.0,0.0,-0.5992734646663777,1.8741148658323734,-0.21215822524178787,-0.0032990492286289574,nan,nan,nan,nan,nan,nan,nan,nan,nan,nan,nan,nan,nan,nan,0.8701511807835518,0.0,0.0,0.8806669892491769,0.6626295226612704,-0.07468239782168667,-0.003623221325345158,nan,nan,nan,nan,nan,nan,nan,nan,nan,nan,nan,nan,nan,nan,nan,nan,nan,nan,nan,nan,nan,nan,nan,nan,nan,nan,nan,nan,nan,nan,nan,nan,nan,nan,nan,nan,nan,nan,nan,nan,nan,nan,nan,nan,nan,nan,nan,nan,nan,0.15951090987381644
1791060999.8331664,1.4555882081072533,0.4656867805237838,1.6443506994522987,-0.014669126862707781,0.07637142832081911,0.19120420127594367,0.9042526546144162,0.0,0.0,1.2682605855794895,-0.49918475231362763,-0.20861918307123534,0.008389295167433492,0.0,0.0,0.0,0.06945845210252699,1.4440408519161323,-0.023138581097891915,0.20595571075602673,0.0,0.0,0.0,-0.9075462300050121,0.2776661474299739,-0.00044934979413663464,0.15851798501937495,nan,nan,nan,nan,nan,nan,nan,0.02481728824885429,0.0,0.0,-0.6217816993844508,1.8729432243529203,-0.22717181031906367,-0.021505353138593267,nan,nan,nan,nan,nan,nan,nan,nan,nan,nan,nan,nan,nan,nan,0.8701511807835518,0.0,0.0,0.8727515909620468,0.6625505493396985,-0.11148705141140859,-0.01676683206870275,nan,nan,nan,nan,nan,nan,nan,nan,nan,nan,nan,nan,nan,nan,nan,nan,nan,nan,nan,nan,nan,nan,nan,nan,nan,nan,nan,nan,nan,nan,nan,nan,nan,nan,nan,nan,nan,nan,nan,nan,nan,nan,nan,nan,nan,nan,nan,nan,nan,0.1646201788811708
1791060999.9332561,1.4546693816089606,0.4817984214712381,1.6454972714416867,-0.013273174879656659,0.06910372603623918,0.19204030157903054,0.9042526546144162,0.0,0.0,1.2467436229933209,-0.500080360292502,-0.1914764263610679,0.0030555516307045937,0.0,0.0,0.0,0.06677809229873626,1.4662677897844547,-0.026293242809240388,0.21210768119141077,0.0,0.0,0.0,-0.9078137891507877,0.292599915049377,-0.0025993022648927305,0.14386869610664535,nan,nan,nan,nan,nan,nan,nan,0.02481728824885429,0.0,0.0,-0.643820213968878,1.8722868148227791,-0.24231088353145058,-0.004908812770732699,nan,nan,nan,nan,nan,nan,nan,nan,nan,nan,nan,nan,nan,nan,0.8701511807835518,0.0,0.0,0.865612464497066,0.662548942714094,-0.11897618756402868,-0.03788860709574255,nan,nan,nan,nan,nan,nan,nan,nan,nan,nan,nan,nan,nan,nan,nan,nan,nan,nan,nan,nan,nan,nan,nan,nan,nan,nan,nan,nan,nan,nan,nan,nan,nan,nan,nan,nan,nan,nan,nan,nan,nan,nan,nan,nan,nan,nan,nan,nan,nan,0.1599442434189012
1791061000.033409,1.4535301160998444,0.49824174434938423,1.6470221655367414,-0.012010788907550718,0.06253140440563193,0.19279664383362694,0.9042526546144162,0.0,0.0,1.2270484437985916,-0.5005037110377316,-0.18704814225363084,-0.0036467676456760417,0.0,0.0,0.0,0.06395532111352295,1.4883545793572726,-0.03503774841120522,0.23222046063672014,0.0,0.0,0.0,-0.9081758012931118,0.30650534931712975,-0.005175021419520911,0.12405283182309795,nan,nan,nan,nan,nan,nan,nan,0.02481728824885429,0.0,0.0,-0.6661466943802045,1.8709633253235083,-0.21992641886575878,-0.007503320954149082,nan,nan,nan,nan,nan,nan,nan,nan,nan,nan,nan,nan,nan,nan,0.8701511807835518,0.0,0.0,0.8581370927548423,0.6625891721637511,-0.07051225350531186,-0.005828102606486268,nan,nan,nan,nan,nan,nan,nan,nan,nan,nan,nan,nan,nan,nan,nan,nan,nan,nan,nan,nan,nan,nan,nan,nan,nan,nan,nan,nan,nan,nan,nan,nan,nan,nan,nan,nan,nan,nan,nan,nan,nan,nan,nan,nan,nan,nan,nan,nan,nan,0.1623359357831006
1791061000.1337624,1.4524623124130265,0.5143830935238376,1.6482560745183696,-0.010867814041900507,0.05658076918095368,0.19348162105632882,0.9042526546144162,0.0,0.0,1.2081999096893965,-0.5005592179578514,-0.1833994451973789,0.01097867181780759,0.0,0.0,0.0,0.061144775246754934,1.5103300233277255,-0.028732599596196264,0.23056925964592553,0.0,0.0,0.0,-0.9086008872815332,0.3192180276612119,-0.005972613714586018,0.10806725355965534,nan,nan,nan,nan,nan,nan,nan,0.02481728824885429,0.0,0.0,-0.6882887256816494,1.870325203017984,-0.20504142401790781,-0.00300214065307922,nan,nan,nan,nan,nan,nan,nan,nan,nan,nan,nan,nan,nan,nan,0.8701511807835518,0.0,0.0,0.8504546829909374,0.6623331955884724,-0.08893327583343268,-0.0037573037260631376,nan,nan,nan,nan,nan,nan,nan,nan,nan,nan,nan,nan,nan,nan,nan,nan,nan,nan,nan,nan,nan,nan,nan,nan,nan,nan,nan,nan,nan,nan,nan,nan,nan,nan,nan,nan,nan,nan,nan,nan,nan,nan,nan,nan,nan,nan,nan,nan,nan,0.165511561451382
1791061000.2325144,1.4514633283219374,0.5302584757989813,1.6495559177776988,-0.009833680637650461,0.05119679194113393,0.19410150269476212,0.9042526546144162,0.0,0.0,1.189292837405801,-0.5009063589751869,-0.20081657605074454,-0.03201666510906919,0.0,0.0,0.0,0.05821074113697006,1.532393424662957,-0.023126933317373956,0.2150438381840766,0.0,0.0,0.0,-0.9088668567343953,0.3305213637580221,-0.0008997486692875502,0.09738850982456741,nan,nan,nan,nan,nan,nan,nan,0.02481728824885429,0.0,0.0,-0.7101613611966109,1.8696742292728272,-0.2104864614046515,-0.0023651641476213283,nan,nan,nan,nan,nan,nan,nan,nan,nan,nan,nan,nan,nan,nan,0.8701511807835518,0.0,0.0,0.8423622247017672,0.6624344021140107,-0.07935200180258248,-0.005922845863030915,nan,nan,nan,nan,nan,nan,nan,nan,nan,nan,nan,nan,nan,nan,nan,nan,nan,nan,nan,nan,nan,nan,nan,nan,nan,nan,nan,nan,nan,nan,nan,nan,nan,nan,nan,nan,nan,nan,nan,nan,nan,nan,nan,nan,nan,nan,nan,nan,nan,0.1572241057951198
1791061000.3335335,1.4502588536929686,0.5463063066812802,1.6494222929526197,-0.00889788314410511,0.04632477795761668,0.19466253779118833,0.9042526546144162,0.0,0.0,1.1710824704701106,-0.5013512988175352,-0.17374408941945876,0.00212497553309682,0.0,0.0,0.0,0.05481459751343287,1.554742741272194,-0.03046620150458977,0.20957380515976531,0.0,0.0,0.0,-0.9092421228301331,0.3407599461691025,9.25626668625845e-05,0.10286467158716452,nan,nan,nan,nan,nan,nan,nan,0.02481728824885429,0.0,0.0,-0.7304182962751969,1.8692301811594796,-0.17594844203813836,0.025910816434216055,nan,nan,nan,nan,nan,nan,nan,nan,nan,nan,nan,nan,nan,nan,0.8701511807835518,0.0,0.0,0.8336412032636812,0.6624531729802434,-0.08508296586399336,0.006857932758181124,nan,nan,nan,nan,nan,nan,nan,nan,nan,nan,nan,nan,nan,nan,nan,nan,nan,nan,nan,nan,nan,nan,nan,nan,nan,nan,nan,nan,nan,nan,nan,nan,nan,nan,nan,nan,nan,nan,nan,nan,nan,nan,nan,nan,nan,nan,nan,nan,nan,0.15893074812807184
1791061000.4333377,1.4489807660381357,0.5623480920421284,1.6480888525431885,-0.008051137612743751,0.04191639249203478,0.19517025659956513,0.9042526546144162,0.0,0.0,1.1515114352359228,-0.5012873114899232,-0.1900328323588546,-0.001859188745121582,0.0,0.0,0.0,0.051648933339300374,1.5766747872684905,-0.03330058854462643,0.21798447663663362,0.0,0.0,0.0,-0.9096763940592602,0.3499801217357497,-0.00393458118037826,0.09670198019584639,nan,nan,nan,nan,nan,nan,nan,0.02481728824885429,0.0,0.0,-0.751545915761316,1.868166380923504,-0.19071009162424116,-0.006784091777976307,nan,nan,nan,nan,nan,nan,nan,nan,nan,nan,nan,nan,nan,nan,0.8701511807835518,0.0,0.0,0.8254183279035507,0.6622628796390686,-0.09200740181971412,-0.0015994712044772959,nan,nan,nan,nan,nan,nan,nan,nan,nan,nan,nan,nan,nan,nan,nan,nan,nan,nan,nan,nan,nan,nan,nan,nan,nan,nan,nan,nan,nan,nan,nan,nan,nan,nan,nan,nan,nan,nan,nan,nan,nan,nan,nan,nan,nan,nan,nan,nan,nan,0.16511955913016496
1791061000.5334227,1.4477933094986786,0.5785148062022992,1.6475040007449535,-0.007285973767096224,0.03793274327156811,0.19562911180879597,0.9042526546144162,0.0,0.0,1.133971523337088,-0.5015314836988058,-0.17419840399509945,0.0003353722971589355,0.0,0.0,0.0,0.048139493180620656,1.5986377439771207,-0.03919516309809982,0.22360767363284448,0.0,0.0,0.0,-0.9098582336870512,0.3593684396995246,-0.004221611119805801,0.09034697396893937,nan,nan,nan,nan,nan,nan,nan,0.02481728824885429,0.0,0.0,-0.7710858263898892,1.8673418992286954,-0.194239857739429,-0.00960423160158696,nan,nan,nan,nan,nan,nan,nan,nan,nan,nan,nan,nan,nan,nan,0.8701511807835518,0.0,0.0,0.8176328765471473,0.6621347732179291,-0.08570148401368163,-0.005262449808590238,nan,nan,nan,nan,nan,nan,nan,nan,nan,nan,nan,nan,nan,nan,nan,nan,nan,nan,nan,nan,nan,nan,nan,nan,nan,nan,nan,nan,nan,nan,nan,nan,nan,nan,nan,nan,nan,nan,nan,nan,nan,nan,nan,nan,nan,nan,nan,nan,nan,0.16147438487344992
1791061000.636021,1.4467302613805308,0.5947151297282884,1.647987253624504,-0.006592621693463739,0.03432296549214681,0.1960449426624207,0.9042526546144162,0.0,0.0,1.1155610970375736,-0.501820467089281,-0.183663777076232,-0.003870956356553215,0.0,0.0,0.0,0.04527460369430848,1.6181956809311864,-0.026471260206094846,0.20779764518330165,0.0,0.0,0.0,-0.9100019967025231,0.3685522763943328,-0.0032403928787094662,0.08579433850878646,nan,nan,nan,nan,nan,nan,nan,0.02481728824885429,0.0,0.0,-0.7907849324445871,1.8667828748703894,-0.2004932641356346,-0.006528401956406352,nan,nan,nan,nan,nan,nan,nan,nan,nan,nan,nan,nan,nan,nan,0.8701511807835518,0.0,0.0,0.8084166060586423,0.6622897040332062,-0.08975764452185238,0.0060033220104906415,nan,nan,nan,nan,nan,nan,nan,nan,nan,nan,nan,nan,nan,nan,nan,nan,nan,nan,nan,nan,nan,nan,nan,nan,nan,nan,nan,nan,nan,nan,nan,nan,nan,nan,nan,nan,nan,nan,nan,nan,nan,nan,nan,nan,nan,nan,nan,nan,nan,0.15306925317792675
1791061000.733462,1.4457522224209816,0.6108363276807655,1.6499153060212635,-0.005968545899187346,0.031073858695579104,0.19641925512873457,0.9042526546144162,0.0,0.0,1.0975547316582717,-0.5018877835094044,-0.18034047555920757,0.021719860662557704,0.0,0.0,0.0,0.04161918297180483,1.6423175133361794,-0.0283393854988493,0.21549773124787658,0.0,0.0,0.0,-0.9103091962797544,0.3774835217445729,0.010238742191734538,0.08313737446110833,nan,nan,nan,nan,nan,nan,nan,0.02481728824885429,0.0,0.0,-0.8105809046879983,1.8662469850752321,-0.19128509482793998,-0.008023103633306435,nan,nan,nan,nan,nan,nan,nan,nan,nan,nan,nan,nan,nan,nan,0.8701511807835518,0.0,0.0,0.7984044559218291,0.6620897438179121,-0.09492734953892515,-0.0007977458512708062,nan,nan,nan,nan,nan,nan,nan,nan,nan,nan,nan,nan,nan,nan,nan,nan,nan,nan,nan,nan,nan,nan,nan,nan,nan,nan,nan,nan,nan,nan,nan,nan,nan,nan,nan,nan,nan,nan,nan,nan,nan,nan,nan,nan,nan,nan,nan,nan,nan,0.16057264902985208
1791061000.8346756,1.44462864517982,0.6265327870300536,1.6517036222193446,-0.005400563662624681,0.0281167900797626,0.19675994529662477,0.9042526546144162,0.0,0.0,1.0796890366784446,-0.5022865692837724,-0.17098918108839845,-0.012001519674783025,0.0,0.0,0.0,0.03834538016835959,1.664411407821896,-0.04048782855638016,0.2129133445121073,0.0,0.0,0.0,-0.91055213940693,0.3859279816433894,-0.0017146323037950733,0.08595395607811623,nan,nan,nan,nan,nan,nan,nan,0.02481728824885429,0.0,0.0,-0.83088614338212,1.865408396535458,-0.21004199463535275,-0.012813478089490474,nan,nan,nan,nan,nan,nan,nan,nan,nan,nan,nan,nan,nan,nan,0.8701511807835518,0.0,0.0,0.7890811813567733,0.6621473774862597,-0.15825069281644102,0.014026366069685565,nan,nan,nan,nan,nan,nan,nan,nan,nan,nan,nan,nan,nan,nan,nan,nan,nan,nan,nan,nan,nan,nan,nan,nan,nan,nan,nan,nan,nan,nan,nan,nan,nan,nan,nan,nan,nan,nan,nan,nan,nan,nan,nan,nan,nan,nan,nan,nan,nan,0.16789677751617746
1791061000.935078,1.4434163233104684,0.6424546356587344,1.6518759089815807,-0.004886632082034128,0.025441123747592668,0.19706823077244515,0.9042526546144162,0.0,0.0,1.061965744688826,-0.5026083777979875,-0.18289112185522866,-0.0051794370434959346,0.0,0.0,0.0,0.035549607168259154,1.6842956305368497,-0.03010861770952252,0.22789299490024634,0.0,0.0,0.0,-0.9107985901702681,0.39463472467117106,-0.003940159654465048,0.0852105735741482,nan,nan,nan,nan,nan,nan,nan,0.02481728824885429,0.0,0.0,-0.8508023606096162,1.864671311809947,-0.20501945709755615,-0.007013682061610849,nan,nan,nan,nan,nan,nan,nan,nan,nan,nan,nan,nan,nan,nan,0.8701511807835518,0.0,0.0,0.7795435800186344,0.6623211384160542,-0.08795598612379285,-8.760223008457118e-05,nan,nan,nan,nan,nan,nan,nan,nan,nan,nan,nan,nan,nan,nan,nan,nan,nan,nan,nan,nan,nan,nan,nan,nan,nan,nan,nan,nan,nan,nan,nan,nan,nan,nan,nan,nan,nan,nan,nan,nan,nan,nan,nan,nan,nan,nan,nan,nan,nan,0.15526104510634978
1791061001.0339391,1.442190878410122,0.658994924340815,1.6519938793234483,-0.0044246695323942,0.023036022198132344,0.19734535419431337,0.9042526546144162,0.0,0.0,1.046353857539483,-0.5027766888200165,-0.18296398280719167,-0.0010863946616071238,0.0,0.0,0.0,0.032127458193854645,1.7086710546156654,-0.016423854803756698,0.22076116556381142,0.0,0.0,0.0,-0.9110286783368395,0.4038422517003,0.0046134615403384035,0.09120621533547942,nan,nan,nan,nan,nan,nan,nan,0.02481728824885429,0.0,0.0,-0.8720766996204342,1.8637101203486621,-0.20112712942834937,-0.010898964144620639,nan,nan,nan,nan,nan,nan,nan,nan,nan,nan,nan,nan,nan,nan,0.8701511807835518,0.0,0.0,0.770113132206191,0.6622351948432309,-0.08521357497346961,0.007269342036755559,nan,nan,nan,nan,nan,nan,nan,nan,nan,nan,nan,nan,nan,nan,nan,nan,nan,nan,nan,nan,nan,nan,nan,nan,nan,nan,nan,nan,nan,nan,nan,nan,nan,nan,nan,nan,nan,nan,nan,nan,nan,nan,nan,nan,nan,nan,nan,nan,nan,0.15706909960548893
1791061001.1323714,1.4408197931779236,0.6752396281286851,1.6513786855850185,-0.00400450185516267,0.02084851601969784,0.19759741446962809,0.9042526546144162,0.0,0.0,1.0267843340178264,-0.503106209099345,-0.18200503342243934,-0.00919119619882754,0.0,0.0,0.0,0.028784347111925346,1.73098217354634,-0.025489578389856996,0.22026676554750055,0.0,0.0,0.0,-0.9115921885493891,0.413111185090121,-0.004591112338967861,0.10046544176929202,nan,nan,nan,nan,nan,nan,nan,0.02481728824885429,0.0,0.0,-0.892354479737063,1.8626924505217528,-0.2173241904072059,-0.007651004296707529,nan,nan,nan,nan,nan,nan,nan,nan,nan,nan,nan,nan,nan,nan,0.8701511807835518,0.0,0.0,0.7619588646045179,0.6622485759813274,-0.08252479163652157,0.00024171602172721042,nan,nan,nan,nan,nan,nan,nan,nan,nan,nan,nan,nan,nan,nan,nan,nan,nan,nan,nan,nan,nan,nan,nan,nan,nan,nan,nan,nan,nan,nan,nan,nan,nan,nan,nan,nan,nan,nan,nan,nan,nan,nan,nan,nan,nan,nan,nan,nan,nan,0.16949082892399445
1791061001.23512,1.4395636940906937,0.691657288801903,1.6510458241105728,-0.0036234231203364346,0.01886451741134454,0.1978260317544834,0.9042526546144162,0.0,0.0,1.0108152503882402,-0.5032466856176899,-0.17577968945710104,-3.693679422218444e-05,0.0,0.0,0.0,0.025267306598474402,1.753319930703013,-0.03973951751805538,0.21895529225120128,0.0,0.0,0.0,-0.9117652078053744,0.421887132016807,-0.005904184974806699,0.09515589537368054,nan,nan,nan,nan,nan,nan,nan,0.02481728824885429,0.0,0.0,-0.9126778322995636,1.8619839100129782,-0.20251032927555113,-0.006837611794785408,nan,nan,nan,nan,nan,nan,nan,nan,nan,nan,nan,nan,nan,nan,0.8701511807835518,0.0,0.0,0.7541935090267428,0.6624481460660053,-0.06318217175866774,-0.002649018395834712,nan,nan,nan,nan,nan,nan,nan,nan,nan,nan,nan,nan,nan,nan,nan,nan,nan,nan,nan,nan,nan,nan,nan,nan,nan,nan,nan,nan,nan,nan,nan,nan,nan,nan,nan,nan,nan,nan,nan,nan,nan,nan,nan,nan,nan,nan,nan,nan,nan,0.16543128180993402
1791061001.3335876,1.4383947552598513,0.7080961499743469,1.6520580216175844,-0.003280463205769098,0.01707897565569442,0.19803178561858437,0.9042526546144162,0.0,0.0,0.990781346864634,-0.5035721129610058,-0.1848080637783632,-0.008133897997037455,0.0,0.0,0.0,0.022042543594960076,1.7755163096184083,-0.04914107643078469,0.22427833130995284,0.0,0.0,0.0,-0.9120491286718643,0.4331182402053947,-0.006332364711230803,0.09906090012591795,nan,nan,nan,nan,nan,nan,nan,0.02481728824885429,0.0,0.0,-0.9342251012642132,1.860963096339313,-0.20020350867094228,-0.012811483640883801,nan,nan,nan,nan,nan,nan,nan,nan,nan,nan,nan,nan,nan,nan,0.8701511807835518,0.0,0.0,0.747371956121981,0.6624244280468329,-0.07465699490252532,0.005258613849135316,nan,nan,nan,nan,nan,nan,nan,nan,nan,nan,nan,nan,nan,nan,nan,nan,nan,nan,nan,nan,nan,nan,nan,nan,nan,nan,nan,nan,nan,nan,nan,nan,nan,nan,nan,nan,nan,nan,nan,nan,nan,nan,nan,nan,nan,nan,nan,nan,nan,0.15743910408958248
1791061001.433709,1.437212275192469,0.7242498267405072,1.6535348903937679,-0.002968285858045601,0.015453696240076387,0.19821907555860857,0.9042526546144162,0.0,0.0,0.9727018572124081,-0.5038266153864457,-0.1498502918841904,0.0013982149638369808,0.0,0.0,0.0,0.01896869844626823,1.7974657243348264,-0.03532565516322057,0.22102370047835926,0.0,0.0,0.0,-0.9122932451411148,0.4433761122306906,0.0031308313111739743,0.10228797681459043,nan,nan,nan,nan,nan,nan,nan,0.02481728824885429,0.0,0.0,-0.9553209739077925,1.859797960336874,-0.22259760049979752,-0.012002331383412983,nan,nan,nan,nan,nan,nan,nan,nan,nan,nan,nan,nan,nan,nan,0.8701511807835518,0.0,0.0,0.739486998838118,0.662071763742538,-0.09552138882081959,-0.012388688591664764,nan,nan,nan,nan,nan,nan,nan,nan,nan,nan,nan,nan,nan,nan,nan,nan,nan,nan,nan,nan,nan,nan,nan,nan,nan,nan,nan,nan,nan,nan,nan,nan,nan,nan,nan,nan,nan,nan,nan,nan,nan,nan,nan,nan,nan,nan,nan,nan,nan,0.1639882563540798
1791061001.5348039,1.4358277501711814,0.7401853021792806,1.6538337948105684,-0.0026858161126693245,0.013983082609578259,0.198388545205458,0.9042526546144162,0.0,0.0,0.9546550026236268,-0.5038339894543516,-0.1669272242882959,-0.01721801141757574,0.0,0.0,0.0,0.015931536416949065,1.8170870569375717,-0.02818084505678127,0.22007663395935215,0.0,0.0,0.0,-0.9128118781583466,0.4525396417337562,0.0013390682016882305,0.10955848508298,nan,nan,nan,nan,nan,nan,nan,0.02481728824885429,0.0,0.0,-0.976102334936321,1.8587384941636116,-0.2109038827061091,-0.007307599802035703,nan,nan,nan,nan,nan,nan,nan,nan,nan,nan,nan,nan,nan,nan,0.8701511807835518,0.0,0.0,0.7296163332686124,0.6622171941070437,-0.02661657083462657,-0.023309803679653768,nan,nan,nan,nan,nan,nan,nan,nan,nan,nan,nan,nan,nan,nan,nan,nan,nan,nan,nan,nan,nan,nan,nan,nan,nan,nan,nan,nan,nan,nan,nan,nan,nan,nan,nan,nan,nan,nan,nan,nan,nan,nan,nan,nan,nan,nan,nan,nan,nan,0.16544962716473172
1791061001.6342354,1.43460294805843,0.7562034706781026,1.6533562193014608,-0.0024323443653297763,0.012663440372894937,0.19854061928310873,0.9042526546144162,0.0,0.0,0.9387715519453536,-0.5040122957573956,-0.17402825174291014,-0.00398874454585489,0.0,0.0,0.0,0.011961725386929484,1.8412136286005139,-0.03692945023914485,0.2276428243885813,0.0,0.0,0.0,-0.9131546374644779,0.464064239086693,-0.004635097460243933,0.11444551355302485,nan,nan,nan,nan,nan,nan,nan,0.02481728824885429,0.0,0.0,-0.998197154680954,1.8577602196941914,-0.20303110052622414,-0.00853646747547751,nan,nan,nan,nan,nan,nan,nan,nan,nan,nan,nan,nan,nan,nan,0.8701511807835518,0.0,0.0,0.7207654534403332,0.6625141925417476,-0.09419959095125138,0.003897465086220738,nan,nan,nan,nan,nan,nan,nan,nan,nan,nan,nan,nan,nan,nan,nan,nan,nan,nan,nan,nan,nan,nan,nan,nan,nan,nan,nan,nan,nan,nan,nan,nan,nan,nan,nan,nan,nan,nan,nan,nan,nan,nan,nan,nan,nan,nan,nan,nan,nan,0.1571774320421894
1791061001.7335298,1.4332874805113274,0.7725572845685249,1.6525007325513914,-0.002201839503570584,0.011463369932970133,0.19867891551203978,0.9042526546144162,0.0,0.0,0.9217315996475999,-0.5041215091547434,-0.1798053716000545,-0.00033492722270448663,0.0,0.0,0.0,0.008581792469260791,1.8628831890024622,-0.04536162506783299,0.21333435006138554,0.0,0.0,0.0,-0.9133495859419425,0.47502975438762324,-0.007193196039976675,0.1160297932383845,nan,nan,nan,nan,nan,nan,nan,0.02481728824885429,0.0,0.0,-1.0195272375781725,1.8567297227645596,-0.21995620513163777,-0.015129754847085362,nan,nan,nan,nan,nan,nan,nan,nan,nan,nan,nan,nan,nan,nan,0.8701511807835518,0.0,0.0,0.711134865666934,0.662599481345085,-0.09523048042980979,-0.00016537871456964715,nan,nan,nan,nan,nan,nan,nan,nan,nan,nan,nan,nan,nan,nan,nan,nan,nan,nan,nan,nan,nan,nan,nan,nan,nan,nan,nan,nan,nan,nan,nan,nan,nan,nan,nan,nan,nan,nan,nan,nan,nan,nan,nan,nan,nan,nan,nan,nan,nan,0.16416766381652356
1791061001.833152,1.431844060764313,0.788689093878681,1.651905193032941,-0.001992324896078018,0.010372580414409147,0.19880461929700294,0.9042526546144162,0.0,0.0,0.9062870174931008,-0.5040189080312558,-0.1830211317246304,0.00045546152567417335,0.0,0.0,0.0,0.005109134213955937,1.8847032620605548,-0.03902377857031671,0.207798867418763,0.0,0.0,0.0,-0.9135980675297934,0.48611336395106114,-0.005427999077511288,0.11172921734553773,nan,nan,nan,nan,nan,nan,nan,0.02481728824885429,0.0,0.0,-1.039953680373274,1.8556273958416016,-0.2138808404553849,-0.010840074094165906,nan,nan,nan,nan,nan,nan,nan,nan,nan,nan,nan,nan,nan,nan,0.8701511807835518,0.0,0.0,0.7024090860347219,0.6623526999510994,-0.08339960897109679,-0.0153124684820159,nan,nan,nan,nan,nan,nan,nan,nan,nan,nan,nan,nan,nan,nan,nan,nan,nan,nan,nan,nan,nan,nan,nan,nan,nan,nan,nan,nan,nan,nan,nan,nan,nan,nan,nan,nan,nan,nan,nan,nan,nan,nan,nan,nan,nan,nan,nan,nan,nan,0.17111507463226103
1791061001.9332552,1.4307712498980596,0.8050427104618281,1.6525424998782536,-0.0018027301154484605,0.009385498883628869,0.19891837247604616,0.9042526546144162,0.0,0.0,0.8881620580259368,-0.5042201474202762,-0.15970563647688155,-0.0008683453294563823,0.0,0.0,0.0,0.00134593686979082,1.906679871766112,-0.03885643448746799,0.2260866072318785,0.0,0.0,0.0,-0.9139991350354398,0.4974538216584035,-0.006176479811762054,0.11403710487924983,nan,nan,nan,nan,nan,nan,nan,0.02481728824885429,0.0,0.0,-1.0617450498986942,1.8545361528972621,-0.19800656729560753,-0.010360325149409403,nan,nan,nan,nan,nan,nan,nan,nan,nan,nan,nan,nan,nan,nan,0.8701511807835518,0.0,0.0,0.6932708232598807,0.6624820220243797,-0.06867218930572414,-0.0010643771355863304,nan,nan,nan,nan,nan,nan,nan,nan,nan,nan,nan,nan,nan,nan,nan,nan,nan,nan,nan,nan,nan,nan,nan,nan,nan,nan,nan,nan,nan,nan,nan,nan,nan,nan,nan,nan,nan,nan,nan,nan,nan,nan,nan,nan,nan,nan,nan,nan,nan,0.15962485895620823
1791061002.0330749,1.429656920180958,0.8214736589513439,1.6535471253814567,-0.0016311776636141369,0.008492350579633127,0.19902130121400974,0.9042526546144162,0.0,0.0,0.8727705085419427,-0.5043599218875537,-0.14951471037828074,0.012281817191636105,0.0,0.0,0.0,-0.0025733122545262797,1.928460473598143,-0.040458757483576774,0.23282394482755683,0.0,0.0,0.0,-0.9143680761156661,0.5085532634990009,-0.0008916756072506249,0.10322819519519565,nan,nan,nan,nan,nan,nan,nan,0.02481728824885429,0.0,0.0,-1.082972862844573,1.853345164322757,-0.20643365915452677,-0.010880887403643338,nan,nan,nan,nan,nan,nan,nan,nan,nan,nan,nan,nan,nan,nan,0.8701511807835518,0.0,0.0,0.6849462254443625,0.6627116840082674,-0.08938652345941706,0.000365510184158166,nan,nan,nan,nan,nan,nan,nan,nan,nan,nan,nan,nan,nan,nan,nan,nan,nan,nan,nan,nan,nan,nan,nan,nan,nan,nan,nan,nan,nan,nan,nan,nan,nan,nan,nan,nan,nan,nan,nan,nan,nan,nan,nan,nan,nan,nan,nan,nan,nan,0.1602185567836019
1791061002.133216,1.428313115189748,0.8377470095622389,1.653199842197138,-0.0014761112608115707,0.007685033090498167,0.1991143390328174,0.9042526546144162,0.0,0.0,0.8580955061091701,-0.5047886256622257,-0.16416059992288048,0.0002393151931144831,0.0,0.0,0.0,-0.006491718563376255,1.950136068154771,-0.039680896845466225,0.2148791758832306,0.0,0.0,0.0,-0.9147141939848606,0.5198453319754494,0.0011222590537523745,0.09894530596850062,nan,nan,nan,nan,nan,nan,nan,0.02481728824885429,0.0,0.0,-1.1030551603453205,1.852293182759498,-0.2135943497566407,-0.01363378116217424,nan,nan,nan,nan,nan,nan,nan,nan,nan,nan,nan,nan,nan,nan,0.8701511807835518,0.0,0.0,0.6765814717478302,0.6629068720156646,-0.08855194837535645,-0.0015678227664661193,nan,nan,nan,nan,nan,nan,nan,nan,nan,nan,nan,nan,nan,nan,nan,nan,nan,nan,nan,nan,nan,nan,nan,nan,nan,nan,nan,nan,nan,nan,nan,nan,nan,nan,nan,nan,nan,nan,nan,nan,nan,nan,nan,nan,nan,nan,nan,nan,nan,0.16868620668036036
1791061002.2325156,1.4270973229091537,0.8541832764838546,1.6526698887478777,-0.0013356407024055033,0.006953705501412599,0.19919861986738494,0.9042526546144162,0.0,0.0,0.843355621919842,-0.5049099054030064,-0.1217790342553643,-0.0032360918544656284,0.0,0.0,0.0,-0.010358981789444598,1.9718546848616472,-0.03790125293843463,0.19767588335266945,0.0,0.0,0.0,-0.915174460289859,0.5303680361632829,0.0009360689766944118,0.10203519942642578,nan,nan,nan,nan,nan,nan,nan,0.02481728824885429,0.0,0.0,-1.123416583123493,1.8515343522869236,-0.194078397076114,-0.009668316559062017,nan,nan,nan,nan,nan,nan,nan,nan,nan,nan,nan,nan,nan,nan,0.8701511807835518,0.0,0.0,0.6674964288893789,0.6631041693901455,-0.08533654253186956,0.011225905001714786,nan,nan,nan,nan,nan,nan,nan,nan,nan,nan,nan,nan,nan,nan,nan,nan,nan,nan,nan,nan,nan,nan,nan,nan,nan,nan,nan,nan,nan,nan,nan,nan,nan,nan,nan,nan,nan,nan,nan,nan,nan,nan,nan,nan,nan,nan,nan,nan,nan,0.16393665572401905
1791061002.333149,1.4256498900498504,0.870991062488545,1.6510131966270243,-0.0012085471889742138,0.006292022414075314,0.19927487486393625,0.9042526546144162,0.0,0.0,0.8299039859584577,-0.5051633463280589,-0.12045587275532871,-0.009229037115347309,0.0,0.0,0.0,-0.014307860183008283,1.993465752195678,-0.03809944450265784,0.20803709087409852,0.0,0.0,0.0,-0.9156743266873013,0.5404113400014156,-0.002320180495134427,0.10722106172594374,nan,nan,nan,nan,nan,nan,nan,0.02481728824885429,0.0,0.0,-1.1448385548763815,1.850484277531447,-0.20346032183022417,-0.010246252647421697,nan,nan,nan,nan,nan,nan,nan,nan,nan,nan,nan,nan,nan,nan,0.8701511807835518,0.0,0.0,0.6575399536391343,0.6629704903858806,-0.13670922981578792,-0.002863298079084719,nan,nan,nan,nan,nan,nan,nan,nan,nan,nan,nan,nan,nan,nan,nan,nan,nan,nan,nan,nan,nan,nan,nan,nan,nan,nan,nan,nan,nan,nan,nan,nan,nan,nan,nan,nan,nan,nan,nan,nan,nan,nan,nan,nan,nan,nan,nan,nan,nan,0.16863182681956676
1791061002.4340422,1.4243205605126201,0.8879856427864291,1.651005365873311,-0.0010935387184054348,0.005693257317247375,0.1993438791227761,0.9042526546144162,0.0,0.0,0.8156892203127875,-0.5050950092197541,-0.1214427866628516,0.0036970012354473683,0.0,0.0,0.0,-0.018628051174822705,2.0149212570791555,-0.03639858791908053,0.22948707165787413,0.0,0.0,0.0,-0.9160687130113089,0.5506465716734232,-0.004397097069691772,0.10683684319339956,nan,nan,nan,nan,nan,nan,nan,0.02481728824885429,0.0,0.0,-1.1648596410123138,1.8494611189447916,-0.2119992636229854,-0.011576613899073992,nan,nan,nan,nan,nan,nan,nan,nan,nan,nan,nan,nan,nan,nan,0.8701511807835518,0.0,0.0,0.6485700780599839,0.6629652113983769,-0.0899314095928041,-0.00636704447820544,nan,nan,nan,nan,nan,nan,nan,nan,nan,nan,nan,nan,nan,nan,nan,nan,nan,nan,nan,nan,nan,nan,nan,nan,nan,nan,nan,nan,nan,nan,nan,nan,nan,nan,nan,nan,nan,nan,nan,nan,nan,nan,nan,nan,nan,nan,nan,nan,nan,0.17833012051370517
1791061002.5350523,1.4231597562389846,0.9033568646662021,1.6510216178538426,-0.0009897625764475196,0.0051529707506966045,0.19940614419940728,0.9042526546144162,0.0,0.0,0.8036122918634939,-0.5049616051505618,-0.09432529171407072,0.024165543017358147,0.0,0.0,0.0,-0.022515369334885755,2.036409201675593,-0.04053385144479794,0.21419852198362668,0.0,0.0,0.0,-0.9163731092242872,0.5612638488421314,-0.005314521921251926,0.10544797287634008,nan,nan,nan,nan,nan,nan,nan,0.02481728824885429,0.0,0.0,-1.1859443294449787,1.8481619086972907,-0.19345105146265698,-0.009369906864593991,nan,nan,nan,nan,nan,nan,nan,nan,nan,nan,nan,nan,nan,nan,0.8701511807835518,0.0,0.0,0.6399454368401535,0.6630949867539824,-0.08313833351450228,-0.002734663571289559,nan,nan,nan,nan,nan,nan,nan,nan,nan,nan,nan,nan,nan,nan,nan,nan,nan,nan,nan,nan,nan,nan,nan,nan,nan,nan,nan,nan,nan,nan,nan,nan,nan,nan,nan,nan,nan,nan,nan,nan,nan,nan,nan,nan,nan,nan,nan,nan,nan,0.17073594583466267
1791061002.633844,1.4218937823403222,0.9221204527954973,1.6516218574520114,-0.0008955840308837016,0.004662651857881572,0.19946265087444523,0.9042526546144162,0.0,0.0,0.7901536548377452,-0.5050994974315716,-0.13093027792843512,-0.006374519962035043,0.0,0.0,0.0,-0.02625510193842757,2.0579625210249795,-0.03692452891672278,0.2007119474083434,0.0,0.0,0.0,-0.9165539751861771,0.5719364349401196,-0.0038492431026816327,0.10446350455477134,nan,nan,nan,nan,nan,nan,nan,0.02481728824885429,0.0,0.0,-1.2066372729462154,1.8471273113692288,-0.20962174718907492,-0.012053825453451177,nan,nan,nan,nan,nan,nan,nan,nan,nan,nan,nan,nan,nan,nan,0.8701511807835518,0.0,0.0,0.6306061645506879,0.6632132142405139,-0.09299180075429536,0.005871736112254178,nan,nan,nan,nan,nan,nan,nan,nan,nan,nan,nan,nan,nan,nan,nan,nan,nan,nan,nan,nan,nan,nan,nan,nan,nan,nan,nan,nan,nan,nan,nan,nan,nan,nan,nan,nan,nan,nan,nan,nan,nan,nan,nan,nan,nan,nan,nan,nan,nan,0.16884326333858873
1791061002.7342005,1.4205259006089945,0.9388280029550369,1.6505810480264642,-0.0008103579424053687,0.0042189418696726814,0.19951378619241705,0.9042526546144162,0.0,0.0,0.7763124675023336,-0.5050556941508947,-0.1473250416194316,0.021661039017743147,0.0,0.0,0.0,-0.030210627285112958,2.079768193319789,-0.038695840353634076,0.212152367071237,0.0,0.0,0.0,-0.91696609907498,0.5826192855669374,-0.00179006840797507,0.0972881583681531,nan,nan,nan,nan,nan,nan,nan,0.02481728824885429,0.0,0.0,-1.2265437538297155,1.8460851382651973,-0.20453206221882136,-0.012314669154955315,nan,nan,nan,nan,nan,nan,nan,nan,nan,nan,nan,nan,nan,nan,0.8701511807835518,0.0,0.0,0.6217599338718629,0.6628768334875217,-0.09519402083497583,-0.0038559020786243983,nan,nan,nan,nan,nan,nan,nan,nan,nan,nan,nan,nan,nan,nan,nan,nan,nan,nan,nan,nan,nan,nan,nan,nan,nan,nan,nan,nan,nan,nan,nan,nan,nan,nan,nan,nan,nan,nan,nan,nan,nan,nan,nan,nan,nan,nan,nan,nan,nan,0.17264472237097458
1791061002.8333304,1.419076103722747,0.9555737957410122,1.6495468609968642,-0.0007335237914497972,0.0038189225701455885,0.19955988643554867,0.9042526546144162,0.0,0.0,0.762090048211708,-0.5054277663480619,-0.14303635264241937,-0.008669375849849188,0.0,0.0,0.0,-0.03393942193328586,2.1016386540751584,-0.03766995921548138,0.2337320297433802,0.0,0.0,0.0,-0.9173868232905329,0.5931392265305937,0.0026514405735656014,0.10571473865481641,nan,nan,nan,nan,nan,nan,nan,0.02481728824885429,0.0,0.0,-1.2474296269786709,1.8449681194688563,-0.1912276573227658,-0.010876719290939923,nan,nan,nan,nan,nan,nan,nan,nan,nan,nan,nan,nan,nan,nan,0.8701511807835518,0.0,0.0,0.6124978458110976,0.663085051184917,-0.09253352828651704,-0.0027457798854402847,nan,nan,nan,nan,nan,nan,nan,nan,nan,nan,nan,nan,nan,nan,nan,nan,nan,nan,nan,nan,nan,nan,nan,nan,nan,nan,nan,nan,nan,nan,nan,nan,nan,nan,nan,nan,nan,nan,nan,nan,nan,nan,nan,nan,nan,nan,nan,nan,nan,0.16136562508946173
1791061002.9327996,1.4177286304528818,0.97237995402055,1.647208532470275,-0.0006637197737415129,0.0034555040391854325,0.19960176866204626,0.9042526546144162,0.0,0.0,0.7453212935846638,-0.505676222597413,-0.14831813984783482,0.00482720834542444,0.0,0.0,0.0,-0.037507825708578905,2.123341382444531,-0.036154930198655816,0.22080781263844446,0.0,0.0,0.0,-0.917905892366381,0.6031719065517717,-0.004040326158327956,0.10709032761428605,nan,nan,nan,nan,nan,nan,nan,0.02481728824885429,0.0,0.0,-1.2677419007644697,1.8440361114660035,-0.20686474553064838,-0.007043402108305548,nan,nan,nan,nan,nan,nan,nan,nan,nan,nan,nan,nan,nan,nan,0.8701511807835518,0.0,0.0,0.6027465029665451,0.6630962466710146,-0.08675716682995119,0.00047089903034861034,nan,nan,nan,nan,nan,nan,nan,nan,nan,nan,nan,nan,nan,nan,nan,nan,nan,nan,nan,nan,nan,nan,nan,nan,nan,nan,nan,nan,nan,nan,nan,nan,nan,nan,nan,nan,nan,nan,nan,nan,nan,nan,nan,nan,nan,nan,nan,nan,nan,0.1634604902271064
1791061003.0330834,1.416294857399768,0.989016062365529,1.6445636115834996,-0.0006005584865690546,0.0031266693538569523,0.19963966529794477,0.9042526546144162,0.0,0.0,0.7301119680989676,-0.5059129022420126,-0.13938772810817968,0.0004830855673370344,0.0,0.0,0.0,-0.041150852952790744,2.145333770801287,-0.03860831653456896,0.21306191963208607,0.0,0.0,0.0,-0.9182818355869333,0.6138382517587635,-0.010847504694148294,0.11061448904978519,nan,nan,nan,nan,nan,nan,nan,0.02481728824885429,0.0,0.0,-1.2866566113519262,1.842763302963107,-0.20033715413793896,-0.006151696559704765,nan,nan,nan,nan,nan,nan,nan,nan,nan,nan,nan,nan,nan,nan,0.8701511807835518,0.0,0.0,0.5929061177793735,0.6631014495523223,-0.09898341301769095,0.008845838958877021,nan,nan,nan,nan,nan,nan,nan,nan,nan,nan,nan,nan,nan,nan,nan,nan,nan,nan,nan,nan,nan,nan,nan,nan,nan,nan,nan,nan,nan,nan,nan,nan,nan,nan,nan,nan,nan,nan,nan,nan,nan,nan,nan,nan,nan,nan,nan,nan,nan,0.17640506003075962
1791061003.133398,1.4150606967423787,1.005498784774489,1.6448704493034323,-0.0005434361011980141,0.0028292748190145863,0.1996739386281612,0.9042526546144162,0.0,0.0,0.7148566844836995,-0.5063276968490162,-0.13777560675188608,0.003802793061172383,0.0,0.0,0.0,-0.044830305185418064,2.167661315294311,-0.03456096377287693,0.21485700988490555,0.0,0.0,0.0,-0.9186138507226604,0.6247158295104729,-0.00696607717299803,0.10997500590813805,nan,nan,nan,nan,nan,nan,nan,0.02481728824885429,0.0,0.0,-1.3063213636140267,1.84151514593557,-0.27069022276956023,0.0312063352412016,nan,nan,nan,nan,nan,nan,nan,nan,nan,nan,nan,nan,nan,nan,0.8701511807835518,0.0,0.0,0.5830869507073942,0.6630431870930127,-0.1031011415709537,-0.0007236904316494775,nan,nan,nan,nan,nan,nan,nan,nan,nan,nan,nan,nan,nan,nan,nan,nan,nan,nan,nan,nan,nan,nan,nan,nan,nan,nan,nan,nan,nan,nan,nan,nan,nan,nan,nan,nan,nan,nan,nan,nan,nan,nan,nan,nan,nan,nan,nan,nan,nan,0.16632899888509559
1791061003.2330189,1.4140503828511684,1.0225713525140845,1.646515130049644,-0.0004917213188371431,0.0025600337229926672,0.19970496742270535,0.9042526546144162,0.0,0.0,0.7016840342542782,-0.5068242023723643,-0.1434673521156603,-0.011740690463230612,0.0,0.0,0.0,-0.04843449351731512,2.1901646807181003,-0.03969068934622987,0.23167252033565564,0.0,0.0,0.0,-0.918949694355515,0.6358935075600152,-0.005521636122245141,0.10640224772552881,nan,nan,nan,nan,nan,nan,nan,0.02481728824885429,0.0,0.0,-1.3284474308475254,1.8411078267748775,-0.23277375375579834,-0.006473709348308081,nan,nan,nan,nan,nan,nan,nan,nan,nan,nan,nan,nan,nan,nan,0.8701511807835518,0.0,0.0,0.5727240637427164,0.6631170956853364,-0.11533650316420552,-0.006343978493354123,nan,nan,nan,nan,nan,nan,nan,nan,nan,nan,nan,nan,nan,nan,nan,nan,nan,nan,nan,nan,nan,nan,nan,nan,nan,nan,nan,nan,nan,nan,nan,nan,nan,nan,nan,nan,nan,nan,nan,nan,nan,nan,nan,nan,nan,nan,nan,nan,nan,0.16680135216916606
1791061003.3339977,1.4128779355122754,1.0393443072025692,1.6474893420302466,-0.0004449278486760624,0.002316414304758957,0.19973304344933515,0.9042526546144162,0.0,0.0,0.687231004516975,-0.5069565307370683,-0.13676172987821414,-0.004661859352357765,0.0,0.0,0.0,-0.05211945901084668,2.211943186503955,-0.040834145172574735,0.2316591912905146,0.0,0.0,0.0,-0.9192857596641878,0.6468678551941554,-0.00011468347988475994,0.09916153934710503,nan,nan,nan,nan,nan,nan,nan,0.02481728824885429,0.0,0.0,-1.3491298966357814,1.8395091845651386,-0.21971041926958373,-0.0062448510092795615,nan,nan,nan,nan,nan,nan,nan,nan,nan,nan,nan,nan,nan,nan,0.8701511807835518,0.0,0.0,0.5614792143210595,0.6633770225102634,-0.11898832048346689,0.0020824768423045627,nan,nan,nan,nan,nan,nan,nan,nan,nan,nan,nan,nan,nan,nan,nan,nan,nan,nan,nan,nan,nan,nan,nan,nan,nan,nan,nan,nan,nan,nan,nan,nan,nan,nan,nan,nan,nan,nan,nan,nan,nan,nan,nan,nan,nan,nan,nan,nan,nan,0.17436517685495018
1791061003.4342532,1.4117936189514015,1.0560880573389608,1.647634689783832,-0.0004025873659406523,0.002095978339308498,0.19975844769788553,0.9042526546144162,0.0,0.0,0.6709399000815403,-0.5073906009176132,-0.14815948465712622,0.0013068768039158033,0.0,0.0,0.0,-0.055689067335302496,2.233600530114472,-0.02875224700934277,0.2073635958803029,0.0,0.0,0.0,-0.919694743614492,0.6576958522762475,0.004584704997917748,0.1043293332536251,nan,nan,nan,nan,nan,nan,nan,0.02481728824885429,0.0,0.0,-1.370947885538503,1.8381310164676654,-0.23664227704673546,-0.00027270561664558966,nan,nan,nan,nan,nan,nan,nan,nan,nan,nan,nan,nan,nan,nan,0.8701511807835518,0.0,0.0,0.549639529236986,0.6634964098196338,-0.10929494050810008,0.002876887051979292,nan,nan,nan,nan,nan,nan,nan,nan,nan,nan,nan,nan,nan,nan,nan,nan,nan,nan,nan,nan,nan,nan,nan,nan,nan,nan,nan,nan,nan,nan,nan,nan,nan,nan,nan,nan,nan,nan,nan,nan,nan,nan,nan,nan,nan,nan,nan,nan,nan,0.164013218986025
1791061003.5336118,1.4104941326388827,1.0732740609588893,1.6483950283349127,-0.00036444793103474924,0.0018974141611966008,0.1997813313285114,0.9042526546144162,0.0,0.0,0.6549748222386673,-0.507777606225428,-0.15584187537082314,-0.004883019752897681,0.0,0.0,0.0,-0.059527967532559865,2.2553716580043637,-0.03680055013325223,0.20267095264695556,0.0,0.0,0.0,-0.9201231016735394,0.6680313721411956,0.0017293431782957466,0.11272865567512957,nan,nan,nan,nan,nan,nan,nan,0.02481728824885429,0.0,0.0,-1.3937621977649404,1.8378132466253145,-0.3276675666626819,0.03109897489511642,nan,nan,nan,nan,nan,nan,nan,nan,nan,nan,nan,nan,nan,nan,0.8701511807835518,0.0,0.0,0.5388168361876416,0.6637201254993192,-0.08908023053214462,0.0028875314488794775,nan,nan,nan,nan,nan,nan,nan,nan,nan,nan,nan,nan,nan,nan,nan,nan,nan,nan,nan,nan,nan,nan,nan,nan,nan,nan,nan,nan,nan,nan,nan,nan,nan,nan,nan,nan,nan,nan,nan,nan,nan,nan,nan,nan,nan,nan,nan,nan,nan,0.17303021879900854
1791061003.6337435,1.4093032139198391,1.0901096221105457,1.6495173294330996,-0.00032978874710618775,0.0017169691077294161,0.19980212681629872,0.9042526546144162,0.0,0.0,0.6408161368852199,-0.5080405806921545,-0.15736325455113714,-0.01125109798305248,0.0,0.0,0.0,-0.06341916934626272,2.2773488342586785,-0.04620364360232414,0.2249104185697336,0.0,0.0,0.0,-0.9204466112671256,0.6787550705189161,-0.007635980689691762,0.11519287033287846,nan,nan,nan,nan,nan,nan,nan,0.02481728824885429,0.0,0.0,-1.4153348010241933,1.8367875609323512,-0.34478413721729906,0.03695399351510921,nan,nan,nan,nan,nan,nan,nan,nan,nan,nan,nan,nan,nan,nan,0.8701511807835518,0.0,0.0,0.5292344305512873,0.6638799248054855,-0.08596507037044576,0.004283308396938441,nan,nan,nan,nan,nan,nan,nan,nan,nan,nan,nan,nan,nan,nan,nan,nan,nan,nan,nan,nan,nan,nan,nan,nan,nan,nan,nan,nan,nan,nan,nan,nan,nan,nan,nan,nan,nan,nan,nan,nan,nan,nan,nan,nan,nan,nan,nan,nan,nan,0.1710424910902193
1791061003.7335014,1.4082699469571383,1.106895276311317,1.6512591112006836,-0.00029840519852694744,0.0015535778947959717,0.19982095692871285,0.9042526546144162,0.0,0.0,0.6236519591165709,-0.5084489969290503,-0.16892389601550062,-0.00914854607512323,0.0,0.0,0.0,-0.06725112577575923,2.299112353920065,-0.04422378817755343,0.23001090540943744,0.0,0.0,0.0,-0.9208489698676736,0.6897324509185098,-0.005387233489776508,0.11386542174278823,nan,nan,nan,nan,nan,nan,nan,0.02481728824885429,0.0,0.0,-1.437258488365923,1.836013294367563,-0.2561896811350961,0.0238131374661427,nan,nan,nan,nan,nan,nan,nan,nan,nan,nan,nan,nan,nan,nan,0.8701511807835518,0.0,0.0,0.5193499390808695,0.6639332586448683,-0.11218980695098286,-0.002617898139183699,nan,nan,nan,nan,nan,nan,nan,nan,nan,nan,nan,nan,nan,nan,nan,nan,nan,nan,nan,nan,nan,nan,nan,nan,nan,nan,nan,nan,nan,nan,nan,nan,nan,nan,nan,nan,nan,nan,nan,nan,nan,nan,nan,nan,nan,nan,nan,nan,nan,0.16349275835395652
1791061003.8331096,1.407140189911925,1.1232763726542754,1.6541978864263331,-0.00027002794532419354,0.0014058382659005806,0.19983798326824587,0.9042526546144162,0.0,0.0,0.6072898238912611,-0.5089277025695704,-0.19043866066075285,-0.007759214901691208,0.0,0.0,0.0,-0.0710344071006924,2.320798445438454,-0.035652107031562935,0.2366196069470953,0.0,0.0,0.0,-0.9211153944959969,0.701206399146704,-0.005737609635848494,0.12724942315679644,nan,nan,nan,nan,nan,nan,nan,0.02481728824885429,0.0,0.0,-1.4586478988595675,1.8348258526846333,-0.2418371467991554,-0.004571974314822477,nan,nan,nan,nan,nan,nan,nan,nan,nan,nan,nan,nan,nan,nan,0.8701511807835518,0.0,0.0,0.5085302120875802,0.6641535023761332,-0.1274809681582257,0.0010829473706109067,nan,nan,nan,nan,nan,nan,nan,nan,nan,nan,nan,nan,nan,nan,nan,nan,nan,nan,nan,nan,nan,nan,nan,nan,nan,nan,nan,nan,nan,nan,nan,nan,nan,nan,nan,nan,nan,nan,nan,nan,nan,nan,nan,nan,nan,nan,nan,nan,nan,0.17694316433246168
1791061003.9331675,1.405872511618049,1.1398464397745556,1.6550426181288125,-0.00024433138892499776,0.0012720550671116917,0.1998534011928999,0.9042526546144162,0.0,0.0,0.5901084021695574,-0.509038865487123,-0.16839744514373156,0.017972917637627053,0.0,0.0,0.0,-0.07518138735981016,2.342670102297094,-0.03350144628929573,0.2078244966021653,0.0,0.0,0.0,-0.9214533193199984,0.7125865118480768,-0.00575385109550167,0.11191780410431083,nan,nan,nan,nan,nan,nan,nan,0.02481728824885429,0.0,0.0,-1.481293268979352,1.8341795607515532,-0.25334825859640875,0.0030567241362649536,nan,nan,nan,nan,nan,nan,nan,nan,nan,nan,nan,nan,nan,nan,0.8701511807835518,0.0,0.0,0.4967480814964873,0.6642680020725152,-0.12202867019245855,0.0017844624594155777,nan,nan,nan,nan,nan,nan,nan,nan,nan,nan,nan,nan,nan,nan,nan,nan,nan,nan,nan,nan,nan,nan,nan,nan,nan,nan,nan,nan,nan,nan,nan,nan,nan,nan,nan,nan,nan,nan,nan,nan,nan,nan,nan,nan,nan,nan,nan,nan,nan,0.17068854740449152
1791061004.0337718,1.4048727988619525,1.155108340552329,1.6558761844798686,-0.00022108018317269255,0.001151003022903178,0.1998673519095465,0.9042526546144162,0.0,0.0,0.5740637966565431,-0.5095568670863392,-0.18068476477703005,0.0056084917464762135,0.0,0.0,0.0,-0.07886427791119237,2.36244110238521,-0.055504489123157266,0.2235805024221842,0.0,0.0,0.0,-0.9218970216950494,0.7233590381259334,-0.003157533717122569,0.10310405792464424,nan,nan,nan,nan,nan,nan,nan,0.02481728824885429,0.0,0.0,-1.5025941976673614,1.8332937568697654,-0.21237107432305757,-0.017203584190730606,nan,nan,nan,nan,nan,nan,nan,nan,nan,nan,nan,nan,nan,nan,0.8701511807835518,0.0,0.0,0.48579787166962235,0.6644298231235042,-0.11945382151554595,0.00042452684268914735,nan,nan,nan,nan,nan,nan,nan,nan,nan,nan,nan,nan,nan,nan,nan,nan,nan,nan,nan,nan,nan,nan,nan,nan,nan,nan,nan,nan,nan,nan,nan,nan,nan,nan,nan,nan,nan,nan,nan,nan,nan,nan,nan,nan,nan,nan,nan,nan,nan,0.16404454627617066
1791061004.1326625,1.403245757160916,1.1736641134512822,1.6541738982413992,-0.00020004162218663956,0.0010414706037375741,0.199879975041097,0.9042526546144162,0.0,0.0,0.5546089949942347,-0.5101295733233306,-0.18870131159227627,-0.006213932760363514,0.0,0.0,0.0,-0.08329226102894421,2.3862957975469254,-0.04998099989780855,0.2247097949424831,0.0,0.0,0.0,-0.9223790426231367,0.7356930848521681,-0.004183550143158316,0.10524634809098318,nan,nan,nan,nan,nan,nan,nan,0.02481728824885429,0.0,0.0,-1.5249058871266765,1.8331418550017264,-0.2471602677767285,0.013111612237384294,nan,nan,nan,nan,nan,nan,nan,nan,nan,nan,nan,nan,nan,nan,0.8701511807835518,0.0,0.0,0.4720440572179446,0.6646642014966405,-0.12274019283967076,0.0015799314187272782,nan,nan,nan,nan,nan,nan,nan,nan,nan,nan,nan,nan,nan,nan,nan,nan,nan,nan,nan,nan,nan,nan,nan,nan,nan,nan,nan,nan,nan,nan,nan,nan,nan,nan,nan,nan,nan,nan,nan,nan,nan,nan,nan,nan,nan,nan,nan,nan,nan,0.1708002387938116
1791061004.233113,1.4017689326805507,1.190395912624623,1.6535408198997013,-0.0001810304684651488,0.0009424934132527071,0.19989138172959986,0.9042526546144162,0.0,0.0,0.5368180122603456,-0.5104424060965026,-0.18350898618012468,-0.009281317640530808,0.0,0.0,0.0,-0.08704021406714711,2.4077508047033387,-0.02930663550769069,0.2195547021599608,0.0,0.0,0.0,-0.922805038129365,0.746523664507155,0.00019856119534195568,0.10752214414748754,nan,nan,nan,nan,nan,nan,nan,0.02481728824885429,0.0,0.0,-1.546689168888406,1.8326113453533486,-0.24692812910206316,0.014062149160238735,nan,nan,nan,nan,nan,nan,nan,nan,nan,nan,nan,nan,nan,nan,0.8701511807835518,0.0,0.0,0.45961339892064945,0.6648384731678559,-0.1262261907473462,-0.00019705328793788337,nan,nan,nan,nan,nan,nan,nan,nan,nan,nan,nan,nan,nan,nan,nan,nan,nan,nan,nan,nan,nan,nan,nan,nan,nan,nan,nan,nan,nan,nan,nan,nan,nan,nan,nan,nan,nan,nan,nan,nan,nan,nan,nan,nan,nan,nan,nan,nan,nan,0.17125823083886232
1791061004.3321195,1.4007005326944295,1.2071269732681178,1.6546488688479426,-0.00016381104197764698,0.0008528444376849062,0.1999017133827257,0.9042526546144162,0.0,0.0,0.5181238844248948,-0.5105855828535011,-0.19803238428320957,0.0012277388430153922,0.0,0.0,0.0,-0.09108383992705209,2.4293901010379058,-0.028813990333212643,0.21538605921996806,0.0,0.0,0.0,-0.9233278454266064,0.7570060716647986,-0.0015704692053065347,0.107374784540402,nan,nan,nan,nan,nan,nan,nan,0.02481728824885429,0.0,0.0,-1.568812139534836,1.8321087846411,-0.23119623729298516,0.006571513802848836,nan,nan,nan,nan,nan,nan,nan,nan,nan,nan,nan,nan,nan,nan,0.8701511807835518,0.0,0.0,0.44703351207582775,0.6649968997732068,-0.12815828983997204,-0.0009818003001768431,nan,nan,nan,nan,nan,nan,nan,nan,nan,nan,nan,nan,nan,nan,nan,nan,nan,nan,nan,nan,nan,nan,nan,nan,nan,nan,nan,nan,nan,nan,nan,nan,nan,nan,nan,nan,nan,nan,nan,nan,nan,nan,nan,nan,nan,nan,nan,nan,nan,0.16340702033264068
1791061004.4318926,1.39939906121,1.223995492455259,1.6563258400779337,-0.00014823273372459086,0.00077173956598784,0.19991106036562806,0.9042526546144162,0.0,0.0,0.4999111500059081,-0.5111209708640262,-0.19546386040498953,-0.014289714188119283,0.0,0.0,0.0,-0.0951632268052632,2.4512609064375033,-0.045686087680293905,0.21836560111619416,0.0,0.0,0.0,-0.923709737789775,0.7674309627817906,-0.005155323292270303,0.11234755099740025,nan,nan,nan,nan,nan,nan,nan,0.02481728824885429,0.0,0.0,-1.5907466953711429,1.8314295718316131,-0.23812026192093425,-0.0037013840530581814,nan,nan,nan,nan,nan,nan,nan,nan,nan,nan,nan,nan,nan,nan,0.8701511807835518,0.0,0.0,0.4342553506817724,0.6650157506719749,-0.13249311059468794,-0.0016200415162438183,nan,nan,nan,nan,nan,nan,nan,nan,nan,nan,nan,nan,nan,nan,nan,nan,nan,nan,nan,nan,nan,nan,nan,nan,nan,nan,nan,nan,nan,nan,nan,nan,nan,nan,nan,nan,nan,nan,nan,nan,nan,nan,nan,nan,nan,nan,nan,nan,nan,0.18819010658670338
1791061004.5336947,1.3979976580903188,1.2413402622887273,1.6561832393102587,-0.00013412652409585123,0.0006982988365141242,0.19991952408988578,0.9042526546144162,0.0,0.0,0.47889856241145196,-0.5113338293610814,-0.2214517028265951,-0.013329527390394669,0.0,0.0,0.0,-0.09891889622668468,2.473184670665695,-0.044379350263345614,0.21931987972568884,0.0,0.0,0.0,-0.9240294668685699,0.77806286953254,-0.007364641012756302,0.11067628114358449,nan,nan,nan,nan,nan,nan,nan,0.02481728824885429,0.0,0.0,-1.6126714584573159,1.8308651453200127,-0.2385819849959118,-0.014721481330679529,nan,nan,nan,nan,nan,nan,nan,nan,nan,nan,nan,nan,nan,nan,0.8701511807835518,0.0,0.0,0.4212889181383933,0.6651413258485473,-0.13314027743496337,-0.0021436339578471512,nan,nan,nan,nan,nan,nan,nan,nan,nan,nan,nan,nan,nan,nan,nan,nan,nan,nan,nan,nan,nan,nan,nan,nan,nan,nan,nan,nan,nan,nan,nan,nan,nan,nan,nan,nan,nan,nan,nan,nan,nan,nan,nan,nan,nan,nan,nan,nan,nan,0.18208634529522724
1791061004.6334457,1.3961839320924425,1.2595990073041359,1.6601592868979778,-0.00012136269779291364,0.0006318469164566106,0.19992718238454182,0.9042526546144162,0.0,0.0,0.46206384771991055,-0.5114503893756506,-0.1903038459225223,-0.0031561417781312494,0.0,0.0,0.0,-0.10264342996082212,2.495037303268719,-0.0332837778489055,0.22037781909851728,0.0,0.0,0.0,-0.9244004910644527,0.78899092444712,-0.00916757575644723,0.1091295824362768,nan,nan,nan,nan,nan,nan,nan,0.02481728824885429,0.0,0.0,-1.6348613223107624,1.8305430343933327,-0.204965806633781,-0.004228457202577004,nan,nan,nan,nan,nan,nan,nan,nan,nan,nan,nan,nan,nan,nan,0.8701511807835518,0.0,0.0,0.4083821739338887,0.665158157718628,-0.13034255400195724,-0.0037977812605810486,nan,nan,nan,nan,nan,nan,nan,nan,nan,nan,nan,nan,nan,nan,nan,nan,nan,nan,nan,nan,nan,nan,nan,nan,nan,nan,nan,nan,nan,nan,nan,nan,nan,nan,nan,nan,nan,nan,nan,nan,nan,nan,nan,nan,nan,nan,nan,nan,nan,0.1782279153988434
1791061004.7324395,1.3944046728841615,1.2780693215654773,1.658623674716283,-0.00010981687565873185,0.0005717362543989218,0.19993410987698862,0.9042526546144162,0.0,0.0,0.44116664611313827,-0.5116980461371387,-0.17327882877524475,0.0029977752366967224,0.0,0.0,0.0,-0.10671348711687506,2.517196354234028,-0.031588552125407066,0.22117081911092334,0.0,0.0,0.0,-0.9247730146802099,0.7998523335288116,-0.0050850385112441426,0.10440885817277173,nan,nan,nan,nan,nan,nan,nan,0.02481728824885429,0.0,0.0,-1.65619476198119,1.8303493108727074,-0.20529452167396403,-0.002991339772556487,nan,nan,nan,nan,nan,nan,nan,nan,nan,nan,nan,nan,nan,nan,0.8701511807835518,0.0,0.0,0.3953218547430361,0.665171051005286,-0.13270701726298312,-0.004442511924024885,nan,nan,nan,nan,nan,nan,nan,nan,nan,nan,nan,nan,nan,nan,nan,nan,nan,nan,nan,nan,nan,nan,nan,nan,nan,nan,nan,nan,nan,nan,nan,nan,nan,nan,nan,nan,nan,nan,nan,nan,nan,nan,nan,nan,nan,nan,nan,nan,nan,0.2013658191345693
1791061004.8366199,1.393087452290689,1.2963023112273433,1.658689533837707,-9.93664182604796e-05,0.0005173283563978903,0.19994038015080973,0.9042526546144162,0.0,0.0,0.4241327136639704,-0.5119770909609512,-0.18337974182524708,-0.008899586934344806,0.0,0.0,0.0,-0.11071743699921216,2.5394479275934816,-0.04340445985578673,0.22320567501450234,0.0,0.0,0.0,-0.9252129805577869,0.8108834097114223,-0.0020998134895415443,0.10009121425827525,nan,nan,nan,nan,nan,nan,nan,0.02481728824885429,0.0,0.0,-1.676446141837078,1.829830332556618,-0.20149792764729046,-0.0003242230516078363,nan,nan,nan,nan,nan,nan,nan,nan,nan,nan,nan,nan,nan,nan,0.8701511807835518,0.0,0.0,0.38235428333196864,0.6648335051730423,-0.11445220533617903,-0.03168169599108995,nan,nan,nan,nan,nan,nan,nan,nan,nan,nan,nan,nan,nan,nan,nan,nan,nan,nan,nan,nan,nan,nan,nan,nan,nan,nan,nan,nan,nan,nan,nan,nan,nan,nan,nan,nan,nan,nan,nan,nan,nan,nan,nan,nan,nan,nan,nan,nan,nan,0.18820985294989018
1791061004.9338796,1.3917056991295418,1.3157255683191986,1.6636728610017235,-8.992099247943329e-05,0.00046815292388931634,0.19994604740582111,0.9042526546144162,0.0,0.0,0.40787540494795976,-0.5121841004348326,-0.2005851439473289,-0.0027264286905531758,0.0,0.0,0.0,-0.11468068450975355,2.5616215298083445,-0.049721608421782595,0.2187190999375741,0.0,0.0,0.0,-0.9257079521920025,0.8216355078852371,5.4266730065392985e-05,0.1035657720916229,nan,nan,nan,nan,nan,nan,nan,0.02481728824885429,0.0,0.0,-1.6962963715003108,1.8295301560786998,-0.1841683918088952,-0.004294198926247288,nan,nan,nan,nan,nan,nan,nan,nan,nan,nan,nan,nan,nan,nan,0.8701511807835518,0.0,0.0,0.3682829291085944,0.6653296417038442,-0.14777898168484102,-0.002479408419719338,nan,nan,nan,nan,nan,nan,nan,nan,nan,nan,nan,nan,nan,nan,nan,nan,nan,nan,nan,nan,nan,nan,nan,nan,nan,nan,nan,nan,nan,nan,nan,nan,nan,nan,nan,nan,nan,nan,nan,nan,nan,nan,nan,nan,nan,nan,nan,nan,nan,0.18486848610619713
1791061005.0353572,1.3900535383959631,1.3335879430711512,1.6646072965080465,-8.136387868906151e-05,0.00042360228303721045,0.19995118167375614,0.9042526546144162,0.0,0.0,0.3872770880007334,-0.5125112753626924,-0.17990063516098354,-0.0036656071420656257,0.0,0.0,0.0,-0.11848585604818647,2.5836957607240763,-0.04215266259887904,0.2180690440380011,0.0,0.0,0.0,-0.92626702543631,0.8320335426993493,0.0009232811559175122,0.11184179158472131,nan,nan,nan,nan,nan,nan,nan,0.02481728824885429,0.0,0.0,-1.7140470567309016,1.8292569147779663,-0.1937094063779516,-0.004887987272627932,nan,nan,nan,nan,nan,nan,nan,nan,nan,nan,nan,nan,nan,nan,0.8701511807835518,0.0,0.0,0.35384254140153837,0.6654652481201587,-0.15452683683377566,0.0009831035277454475,nan,nan,nan,nan,nan,nan,nan,nan,nan,nan,nan,nan,nan,nan,nan,nan,nan,nan,nan,nan,nan,nan,nan,nan,nan,nan,nan,nan,nan,nan,nan,nan,nan,nan,nan,nan,nan,nan,nan,nan,nan,nan,nan,nan,nan,nan,nan,nan,nan,0.1730662925610131
1791061005.133714,1.388814500556898,1.3512404543771017,1.6649248266904457,-7.368427224835374e-05,0.00038362018196822075,0.1999557894373711,0.9042526546144162,0.0,0.0,0.3706051653920987,-0.5124684429176285,-0.19259579105756702,0.019629282160458346,0.0,0.0,0.0,-0.12252979291783545,2.6057472679595857,-0.03292488471184224,0.2196215154926292,0.0,0.0,0.0,-0.926749191500518,0.8428144339016655,-0.007575149936823927,0.11774463429266335,nan,nan,nan,nan,nan,nan,nan,0.02481728824885429,0.0,0.0,-1.7343714495872704,1.8290376129504329,-0.18838715784550217,-0.0025900348257893897,nan,nan,nan,nan,nan,nan,nan,nan,nan,nan,nan,nan,nan,nan,0.8701511807835518,0.0,0.0,0.3386731509440717,0.6656797600442751,-0.15446421018604506,0.003165319538154472,nan,nan,nan,nan,nan,nan,nan,nan,nan,nan,nan,nan,nan,nan,nan,nan,nan,nan,nan,nan,nan,nan,nan,nan,nan,nan,nan,nan,nan,nan,nan,nan,nan,nan,nan,nan,nan,nan,nan,nan,nan,nan,nan,nan,nan,nan,nan,nan,nan,0.18293525947954875
1791061005.2341828,1.387230056358153,1.368725629606759,1.6653087482837414,-6.667228667297087e-05,0.0003471138950726884,0.1999599966285297,0.9042526546144162,0.0,0.0,0.3520588336426649,-0.5129342680971207,-0.18697488605688894,-0.002594918606221341,0.0,0.0,0.0,-0.1270858985876138,2.6273630310742644,-0.06600785026328965,0.20073035651969595,0.0,0.0,0.0,-0.9270973845231748,0.8540385653772841,-0.010314257316049973,0.11633600333988625,nan,nan,nan,nan,nan,nan,nan,0.02481728824885429,0.0,0.0,-1.7535316581829405,1.828627535436934,-0.19731306605951562,-0.0044069339702760245,nan,nan,nan,nan,nan,nan,nan,nan,nan,nan,nan,nan,nan,nan,0.8701511807835518,0.0,0.0,0.3228666628680296,0.665827009929535,-0.15383890626236488,-0.003149084803725239,nan,nan,nan,nan,nan,nan,nan,nan,nan,nan,nan,nan,nan,nan,nan,nan,nan,nan,nan,nan,nan,nan,nan,nan,nan,nan,nan,nan,nan,nan,nan,nan,nan,nan,nan,nan,nan,nan,nan,nan,nan,nan,nan,nan,nan,nan,nan,nan,nan,0.17483967540517012
1791061005.333331,1.3860047571863046,1.386593404259564,1.6636107029178933,-6.036201145991729e-05,0.00031426090146040157,0.19996378279351995,0.9042526546144162,0.0,0.0,0.3340893350412539,-0.5131866590215174,-0.16536831696811982,-0.0036926887890915703,0.0,0.0,0.0,-0.1312619334613891,2.6489652939279447,-0.04896699384898219,0.21088308627634356,0.0,0.0,0.0,-0.9274012961275995,0.8655473695932331,-0.009510930781949556,0.1167093456944537,nan,nan,nan,nan,nan,nan,nan,0.02481728824885429,0.0,0.0,-1.7727608691655279,1.8285501019547556,-0.1821393976301654,-0.0034160566946705943,nan,nan,nan,nan,nan,nan,nan,nan,nan,nan,nan,nan,nan,nan,0.8701511807835518,0.0,0.0,0.3069660765495556,0.6659080017203628,-0.15858850091943844,-0.0004433891405156755,nan,nan,nan,nan,nan,nan,nan,nan,nan,nan,nan,nan,nan,nan,nan,nan,nan,nan,nan,nan,nan,nan,nan,nan,nan,nan,nan,nan,nan,nan,nan,nan,nan,nan,nan,nan,nan,nan,nan,nan,nan,nan,nan,nan,nan,nan,nan,nan,nan,0.17707890836587423
1791061005.434478,1.384729929724017,1.4038814063598746,1.6608151936039748,-5.461780661479864e-05,0.00028435502276053583,0.1999672293163244,0.9042526546144162,0.0,0.0,0.314280289181372,-0.513222636370559,-0.18058347551538734,0.0026930172359557643,0.0,0.0,0.0,-0.1352701726472904,2.6707140191346737,-0.042816306640809314,0.20674824267426328,0.0,0.0,0.0,-0.9278193024113737,0.8771172659289286,-0.007375641217527354,0.11542400399345965,nan,nan,nan,nan,nan,nan,nan,0.02481728824885429,0.0,0.0,-1.7919947940354588,1.8282626098031534,-0.18818434332734169,-0.004721704047632739,nan,nan,nan,nan,nan,nan,nan,nan,nan,nan,nan,nan,nan,nan,0.8701511807835518,0.0,0.0,0.2913630790329486,0.6659073546166204,-0.1604016168248131,0.0011009334794462623,nan,nan,nan,nan,nan,nan,nan,nan,nan,nan,nan,nan,nan,nan,nan,nan,nan,nan,nan,nan,nan,nan,nan,nan,nan,nan,nan,nan,nan,nan,nan,nan,nan,nan,nan,nan,nan,nan,nan,nan,nan,nan,nan,nan,nan,nan,nan,nan,nan,0.14877259197147524
1791061005.533456,1.3839233218076605,1.4205778056244651,1.6601990373990232,-4.9454849715473837e-05,0.00025747527753434464,0.19997032709038845,0.9042526546144162,0.0,0.0,0.30060956671473166,-0.513541601659839,-0.1695421071100661,-0.011048238379149733,0.0,0.0,0.0,-0.13929063195574695,2.6926004046143945,-0.03304495788735122,0.212107799670121,0.0,0.0,0.0,-0.9281145603455524,0.8887624092333064,-0.001294434451456537,0.11242144427058794,nan,nan,nan,nan,nan,nan,nan,0.02481728824885429,0.0,0.0,-1.8103931047131125,1.8282605041808218,-0.18292364810838288,0.0009179901360069748,nan,nan,nan,nan,nan,nan,nan,nan,nan,nan,nan,nan,nan,nan,0.8701511807835518,0.0,0.0,0.2759344839066849,0.6661325427079287,-0.15885031165857127,0.00721403651267773,nan,nan,nan,nan,nan,nan,nan,nan,nan,nan,nan,nan,nan,nan,nan,nan,nan,nan,nan,nan,nan,nan,nan,nan,nan,nan,nan,nan,nan,nan,nan,nan,nan,nan,nan,nan,nan,nan,nan,nan,nan,nan,nan,nan,nan,nan,nan,nan,nan,0.14019353685079589
1791061005.6336284,1.382307352941201,1.436458361571068,1.6658221560976283,-4.475238470033536e-05,0.0002329929771768634,0.19997314856934115,0.9042526546144162,0.0,0.0,0.28160532548496603,-0.5136334344807547,-0.179912604388489,-0.0006647159429061292,0.0,0.0,0.0,-0.14308168865853213,2.7148603810453,-0.038549493666475566,0.23022027420150806,0.0,0.0,0.0,-0.9286287861947329,0.9002758421556151,-0.0023884937121085425,0.10425714045278447,nan,nan,nan,nan,nan,nan,nan,0.02481728824885429,0.0,0.0,-1.8292037327284336,1.8280282466993478,-0.19895471133464943,0.007807986866857953,nan,nan,nan,nan,nan,nan,nan,nan,nan,nan,nan,nan,nan,nan,0.8701511807835518,0.0,0.0,0.26028754816641175,0.6661163456522058,-0.15286192271319843,-0.0027046022927739574,nan,nan,nan,nan,nan,nan,nan,nan,nan,nan,nan,nan,nan,nan,nan,nan,nan,nan,nan,nan,nan,nan,nan,nan,nan,nan,nan,nan,nan,nan,nan,nan,nan,nan,nan,nan,nan,nan,nan,nan,nan,nan,nan,nan,nan,nan,nan,nan,nan,0.1415823784448069
1791061005.7335236,1.3807084320412715,1.4514879207333833,1.6647843367282569,-4.049363223651161e-05,0.00021082076395851032,0.19997570382077762,0.9042526546144162,0.0,0.0,0.2652866630558113,-0.5139693690260179,-0.19388689047391103,-0.0035001332843995468,0.0,0.0,0.0,-0.1474109555058961,2.7366037757817305,-0.044982508013163024,0.21635474926109496,0.0,0.0,0.0,-0.9290876310000702,0.9117643173168865,-0.0019442391066229647,0.10420492320242283,nan,nan,nan,nan,nan,nan,nan,0.02481728824885429,0.0,0.0,-1.8476285980210534,1.8277353601257897,-0.18813266563875508,-0.0036636503798793334,nan,nan,nan,nan,nan,nan,nan,nan,nan,nan,nan,nan,nan,nan,0.8701511807835518,0.0,0.0,0.24459603666225832,0.6660915841149084,-0.15551197685715873,-0.0037671954887977697,nan,nan,nan,nan,nan,nan,nan,nan,nan,nan,nan,nan,nan,nan,nan,nan,nan,nan,nan,nan,nan,nan,nan,nan,nan,nan,nan,nan,nan,nan,nan,nan,nan,nan,nan,nan,nan,nan,nan,nan,nan,nan,nan,nan,nan,nan,nan,nan,nan,0.17042875961976048
1791061005.8336618,1.3787714653156222,1.4671707137264538,1.6531495935420002,-3.664015365182461e-05,0.00019075851579127953,0.19997801590789746,0.9042526546144162,0.0,0.0,0.24767230758468287,-0.5140139075093709,-0.1626823356135121,-1.7068918420984737e-05,0.0,0.0,0.0,-0.15168402997805938,2.75829685087582,-0.06009824551832945,0.20905135135989156,0.0,0.0,0.0,-0.9294580327487125,0.9227193776157148,-0.0013746080601472694,0.10298421355452637,nan,nan,nan,nan,nan,nan,nan,0.02481728824885429,0.0,0.0,-1.8668994209720515,1.827449274382339,-0.19830609944435415,-0.008275643611894128,nan,nan,nan,nan,nan,nan,nan,nan,nan,nan,nan,nan,nan,nan,0.8701511807835518,0.0,0.0,0.2294614983137164,0.6660011738739675,-0.14932379569183565,-0.0029064719198574123,nan,nan,nan,nan,nan,nan,nan,nan,nan,nan,nan,nan,nan,nan,nan,nan,nan,nan,nan,nan,nan,nan,nan,nan,nan,nan,nan,nan,nan,nan,nan,nan,nan,nan,nan,nan,nan,nan,nan,nan,nan,nan,nan,nan,nan,nan,nan,nan,nan,0.16886844213781416
1791061005.932194,1.377363147420625,1.484512096038667,1.6517472392963386,-3.3165454121565125e-05,0.00017266829347639716,0.19998010072759276,0.9042526546144162,0.0,0.0,0.2279019909606814,-0.5141847565733277,-0.1892384612314837,0.000714220666791975,0.0,0.0,0.0,-0.15606246360612142,2.7796776540869574,-0.0627731224658506,0.18179718739678835,0.0,0.0,0.0,-0.9299860666625877,0.9334190684848875,-0.00525124473042631,0.11816384455456466,nan,nan,nan,nan,nan,nan,nan,0.02481728824885429,0.0,0.0,-1.885398089333948,1.827152468404901,-0.2055150970413066,-0.012372465781825992,nan,nan,nan,nan,nan,nan,nan,nan,nan,nan,nan,nan,nan,nan,0.8701511807835518,0.0,0.0,0.21406876723966511,0.6660261948627538,-0.17446217218198995,0.004389071896532719,nan,nan,nan,nan,nan,nan,nan,nan,nan,nan,nan,nan,nan,nan,nan,nan,nan,nan,nan,nan,nan,nan,nan,nan,nan,nan,nan,nan,nan,nan,nan,nan,nan,nan,nan,nan,nan,nan,nan,nan,nan,nan,nan,nan,nan,nan,nan,nan,nan,0.18149778074079448
1791061006.0331497,1.3758940622279057,1.5019687983294079,1.6507626911404318,-3.0009343885209598e-05,0.00015623673289720554,0.19998199439371753,0.9042526546144162,0.0,0.0,0.21196251576094438,-0.5143753340486271,-0.18740196578584783,-0.003189555347330038,0.0,0.0,0.0,-0.16018181232439946,2.8006832407336515,-0.03425302779823714,0.21037071772289442,0.0,0.0,0.0,-0.9303968227457593,0.944024313240127,-0.005845360963131086,0.10935684604787103,nan,nan,nan,nan,nan,nan,nan,0.02481728824885429,0.0,0.0,-1.9047791931114832,1.8268603163235568,-0.21259754097009864,-0.00555722599033876,nan,nan,nan,nan,nan,nan,nan,nan,nan,nan,nan,nan,nan,nan,0.8701511807835518,0.0,0.0,0.19848379002459188,0.6659505902016435,-0.15487014670231736,0.0011543162011222576,nan,nan,nan,nan,nan,nan,nan,nan,nan,nan,nan,nan,nan,nan,nan,nan,nan,nan,nan,nan,nan,nan,nan,nan,nan,nan,nan,nan,nan,nan,nan,nan,nan,nan,nan,nan,nan,nan,nan,nan,nan,nan,nan,nan,nan,nan,nan,nan,nan,0.19430444390058638
1791061006.1333544,1.3748265315613204,1.5198800950649203,1.648779507869271,-2.7153577246970258e-05,0.00014136884204354205,0.19998370785368788,0.9042526546144162,0.0,0.0,0.1935532665848936,-0.5143990982834251,-0.18356907745563256,0.0031853267639866626,0.0,0.0,0.0,-0.164115905178367,2.8212379462893535,-0.06025305754400835,0.2399473316304171,0.0,0.0,0.0,-0.9307112090429495,0.955320417814193,-0.006931294903164719,0.12211101681672566,nan,nan,nan,nan,nan,nan,nan,0.02481728824885429,0.0,0.0,-1.9249442110582733,1.826519729914929,-0.2130697804090626,-0.0029586106192906543,nan,nan,nan,nan,nan,nan,nan,nan,nan,nan,nan,nan,nan,nan,0.8701511807835518,0.0,0.0,0.1825593184174013,0.6660812802179202,-0.1752038197371834,0.004607075588322035,nan,nan,nan,nan,nan,nan,nan,nan,nan,nan,nan,nan,nan,nan,nan,nan,nan,nan,nan,nan,nan,nan,nan,nan,nan,nan,nan,nan,nan,nan,nan,nan,nan,nan,nan,nan,nan,nan,nan,nan,nan,nan,nan,nan,nan,nan,nan,nan,nan,0.1691102473341753
1791061006.234385,1.3734424661140403,1.5384181614886776,1.649685293847948,-2.456957273466331e-05,0.00012791581806745138,0.1999852582563859,0.9042526546144162,0.0,0.0,0.17275414821723478,-0.5144836461695362,-0.19223526586112488,0.0007725082572104934,0.0,0.0,0.0,-0.16719128125943944,2.8424831897739584,-0.03306153137037818,0.20461452683763315,0.0,0.0,0.0,-0.9310599932480262,0.9665638844903928,-0.00644532519535393,0.12171621713451941,nan,nan,nan,nan,nan,nan,nan,0.02481728824885429,0.0,0.0,-1.9457504470943034,1.826231938158122,-0.21188941058058783,-0.010947465943433677,nan,nan,nan,nan,nan,nan,nan,nan,nan,nan,nan,nan,nan,nan,0.8701511807835518,0.0,0.0,0.1663913291193719,0.6659323501018638,-0.16631325738375827,0.005880952572375143,nan,nan,nan,nan,nan,nan,nan,nan,nan,nan,nan,nan,nan,nan,nan,nan,nan,nan,nan,nan,nan,nan,nan,nan,nan,nan,nan,nan,nan,nan,nan,nan,nan,nan,nan,nan,nan,nan,nan,nan,nan,nan,nan,nan,nan,nan,nan,nan,nan,0.1895868823518599
1791061006.3332093,1.371665738810608,1.5560675933693884,1.647377075048918,-2.2240656992545857e-05,0.00011579085498484848,0.1999866556058243,0.9042526546144162,0.0,0.0,0.15490997439268717,-0.5146081995653076,-0.19859372640675346,-0.0013429057027579305,0.0,0.0,0.0,-0.17115301655707135,2.864427855099566,-0.03291939463835932,0.22203879089526313,0.0,0.0,0.0,-0.9315759096903439,0.9785687995083526,-0.006562115046050088,0.12198412645306911,nan,nan,nan,nan,nan,nan,nan,0.02481728824885429,0.0,0.0,-1.967023674673272,1.8260220667900673,-0.21410172908238814,-0.006693374456968911,nan,nan,nan,nan,nan,nan,nan,nan,nan,nan,nan,nan,nan,nan,0.8701511807835518,0.0,0.0,0.1503468255082475,0.665886027705859,-0.16497740555941648,0.004535523352835976,nan,nan,nan,nan,nan,nan,nan,nan,nan,nan,nan,nan,nan,nan,nan,nan,nan,nan,nan,nan,nan,nan,nan,nan,nan,nan,nan,nan,nan,nan,nan,nan,nan,nan,nan,nan,nan,nan,nan,nan,nan,nan,nan,nan,nan,nan,nan,nan,nan,0.191650631448179
1791061006.4331746,1.3702021521239494,1.5745235435387246,1.64613528240457,-2.012417865517239e-05,0.00010477189829109968,0.19998792549282157,0.9042526546144162,0.0,0.0,0.13418293526343258,-0.5145612438769694,-0.17554184528746808,0.0015231294253409116,0.0,0.0,0.0,-0.174992252050541,2.886085203590206,-0.03568793406499625,0.23256893319827832,0.0,0.0,0.0,-0.9320482677274631,0.9906199762966559,-0.0027346219414181973,0.12466982453015515,nan,nan,nan,nan,nan,nan,nan,0.02481728824885429,0.0,0.0,-1.9873141944463526,1.825781380425788,-0.1643500663952574,0.041270332034870516,nan,nan,nan,nan,nan,nan,nan,nan,nan,nan,nan,nan,nan,nan,0.8701511807835518,0.0,0.0,0.13382066989117747,0.6660459017766436,-0.16230776273100705,0.0019520406749443428,nan,nan,nan,nan,nan,nan,nan,nan,nan,nan,nan,nan,nan,nan,nan,nan,nan,nan,nan,nan,nan,nan,nan,nan,nan,nan,nan,nan,nan,nan,nan,nan,nan,nan,nan,nan,nan,nan,nan,nan,nan,nan,nan,nan,nan,nan,nan,nan,nan,0.2133764259347598
1791061006.5336812,1.369115363586001,1.5935497907817664,1.6431881964631216,-1.8209109860424958e-05,9.480153396360122e-05,0.19998907453409462,0.9042526546144162,0.0,0.0,0.1174377213055816,-0.5147228500128421,-0.17779866713681702,0.006672498061701684,0.0,0.0,0.0,-0.17844483752806964,2.905672647108656,-0.04253850189482689,0.20945228884655276,0.0,0.0,0.0,-0.9326380429456816,1.002894226927611,-0.0034689708740373152,0.11985633317557261,nan,nan,nan,nan,nan,nan,nan,0.02481728824885429,0.0,0.0,-2.008546692459993,1.8248769251800485,-0.2528514925108898,-0.054804309730724414,nan,nan,nan,nan,nan,nan,nan,nan,nan,nan,nan,nan,nan,nan,0.8701511807835518,0.0,0.0,0.1181736727048084,0.6660194833426932,-0.17126058816173628,-0.006228931945156028,nan,nan,nan,nan,nan,nan,nan,nan,nan,nan,nan,nan,nan,nan,nan,nan,nan,nan,nan,nan,nan,nan,nan,nan,nan,nan,nan,nan,nan,nan,nan,nan,nan,nan,nan,nan,nan,nan,nan,nan,nan,nan,nan,nan,nan,nan,nan,nan,nan,0.20555612040227003
1791061006.6334188,1.3679657413180635,1.6135768869063825,1.6415135218561185,-1.6476283956254963e-05,8.577997524566474e-05,0.1999901142296343,0.9042526546144162,0.0,0.0,0.09780225302082786,-0.5150268427293501,-0.1817233543495501,-0.0032787980474534477,0.0,0.0,0.0,-0.182764262988045,2.9298915959303566,-0.04733189098678168,0.2093000731293097,0.0,0.0,0.0,-0.933154049115911,1.0153857558290946,-0.005761399596017132,0.12214548756577394,nan,nan,nan,nan,nan,nan,nan,0.02481728824885429,0.0,0.0,-2.0264573245372084,1.8249103653940177,-0.2223590946746521,0.006229850622352692,nan,nan,nan,nan,nan,nan,nan,nan,nan,nan,nan,nan,nan,nan,0.8701511807835518,0.0,0.0,0.09938129824247513,0.6660046456699874,-0.17473219680016272,0.005900584427860728,nan,nan,nan,nan,nan,nan,nan,nan,nan,nan,nan,nan,nan,nan,nan,nan,nan,nan,nan,nan,nan,nan,nan,nan,nan,nan,nan,nan,nan,nan,nan,nan,nan,nan,nan,nan,nan,nan,nan,nan,nan,nan,nan,nan,nan,nan,nan,nan,nan,0.20058511670105234
1791061006.7333393,1.366377187434111,1.6336935772339414,1.6438227772525484,-1.4911553829871354e-05,7.763356845492863e-05,0.19999105306770804,0.9042526546144162,0.0,0.0,0.08005201429239599,-0.5152493715240493,-0.17643557276011573,-0.0033863218383864495,0.0,0.0,0.0,-0.18678299387520017,2.951719507891394,-0.03310380412033605,0.21997302741088573,0.0,0.0,0.0,-0.9337718649139731,1.0275721414973145,-0.004588350565725639,0.12015788834873009,nan,nan,nan,nan,nan,nan,nan,0.02481728824885429,0.0,0.0,-2.048865386210354,1.8246188331201114,-0.19372121466073844,0.017952955991580723,nan,nan,nan,nan,nan,nan,nan,nan,nan,nan,nan,nan,nan,nan,0.8701511807835518,0.0,0.0,0.08268481034614214,0.6660207730295998,-0.15731953968894152,-0.0005110794227371077,nan,nan,nan,nan,nan,nan,nan,nan,nan,nan,nan,nan,nan,nan,nan,nan,nan,nan,nan,nan,nan,nan,nan,nan,nan,nan,nan,nan,nan,nan,nan,nan,nan,nan,nan,nan,nan,nan,nan,nan,nan,nan,nan,nan,nan,nan,nan,nan,nan,0.18966048008564435
1791061006.833702,1.3649313362016244,1.6531720635490321,1.6433310232874965,-1.349257014921304e-05,7.024595694470923e-05,0.19999190445791493,0.9042526546144162,0.0,0.0,0.06373327610569789,-0.5155168660006655,-0.18887898163388167,-0.0048913656808336585,0.0,0.0,0.0,-0.19077852474856444,2.9732640222764743,-0.035700986171219806,0.23239370752377989,0.0,0.0,0.0,-0.9343816888758936,1.0398308551540447,-0.005595944456879847,0.11645534136829487,nan,nan,nan,nan,nan,nan,nan,0.02481728824885429,0.0,0.0,-2.069459064730455,1.8250622262683847,0.921227533198974,-0.4055782798042795,nan,nan,nan,nan,nan,nan,nan,nan,nan,nan,nan,nan,nan,nan,0.8701511807835518,0.0,0.0,0.06591048552468207,0.6658112854248286,-0.16555314783893899,-0.005378968203096848,nan,nan,nan,nan,nan,nan,nan,nan,nan,nan,nan,nan,nan,nan,nan,nan,nan,nan,nan,nan,nan,nan,nan,nan,nan,nan,nan,nan,nan,nan,nan,nan,nan,nan,nan,nan,nan,nan,nan,nan,nan,nan,nan,nan,nan,nan,nan,nan,nan,0.21541467127324218
1791061006.9334185,1.3638087928373206,1.6718664456924188,1.6378875125516734,-1.2208582340495325e-05,6.356117033020519e-05,0.199992674850599,0.9042526546144162,0.0,0.0,0.04460242584085017,-0.5156459786658568,-0.16589306041421642,-0.0007837443016063149,0.0,0.0,0.0,-0.19464348763374092,2.994812710630686,-0.040329999905411765,0.21768272974196093,0.0,0.0,0.0,-0.9348594803295073,1.05175876808801,-0.002312421567674533,0.11077051683324685,nan,nan,nan,nan,nan,nan,nan,0.02481728824885429,0.0,0.0,-2.089403593758338,1.8249860508637032,-0.20300690198376406,0.004676548879289259,nan,nan,nan,nan,nan,nan,nan,nan,nan,nan,nan,nan,nan,nan,0.8701511807835518,0.0,0.0,0.049493067009410696,0.6656982433395214,-0.17186691229473272,-0.0014222645504463455,nan,nan,nan,nan,nan,nan,nan,nan,nan,nan,nan,nan,nan,nan,nan,nan,nan,nan,nan,nan,nan,nan,nan,nan,nan,nan,nan,nan,nan,nan,nan,nan,nan,nan,nan,nan,nan,nan,nan,nan,nan,nan,nan,nan,nan,nan,nan,nan,nan,0.20593327425629868
1791061007.0319483,1.3626381261011145,1.6929214531614551,1.6401072850456193,-1.1048352670781875e-05,5.752070194476428e-05,0.19999337098839998,0.9042526546144162,0.0,0.0,0.026627864868427806,-0.5157636037924724,-0.17650280295150794,-0.003054346020090355,0.0,0.0,0.0,-0.19808858472074495,3.016312006438069,-0.03699319721872711,0.19627909529374452,0.0,0.0,0.0,-0.9353033816925189,1.0633538127783007,0.0014342111958025481,0.10472040745659508,nan,nan,nan,nan,nan,nan,nan,0.02481728824885429,0.0,0.0,-2.1128605889839998,1.824477947200714,-0.19630961691447746,-0.008448528745033651,nan,nan,nan,nan,nan,nan,nan,nan,nan,nan,nan,nan,nan,nan,0.8701511807835518,0.0,0.0,0.03282357059197594,0.6654957985300183,-0.15948862041974854,-0.0032698630404974097,nan,nan,nan,nan,nan,nan,nan,nan,nan,nan,nan,nan,nan,nan,nan,nan,nan,nan,nan,nan,nan,nan,nan,nan,nan,nan,nan,nan,nan,nan,nan,nan,nan,nan,nan,nan,nan,nan,nan,nan,nan,nan,nan,nan,nan,nan,nan,nan,nan,0.23320626788513943
1791061007.1345384,1.3615724184365325,1.7127494436681037,1.636420593809703,-9.99696290746646e-06,5.204688344842166e-05,0.19999400182225735,0.9042526546144162,0.0,0.0,0.009602966751979181,-0.5159159721479964,-0.17021295345258394,-0.0028192028056179485,0.0,0.0,0.0,-0.20209373517133422,3.03802210139326,-0.03798408833484424,0.20639021451166834,0.0,0.0,0.0,-0.9358077674460364,1.0734529389080985,0.0010507032532560978,0.10828035202089209,nan,nan,nan,nan,nan,nan,nan,0.02481728824885429,0.0,0.0,-2.1326540695296723,1.8250671723518634,-0.19925287252749863,-0.0043358343351143774,nan,nan,nan,nan,nan,nan,nan,nan,nan,nan,nan,nan,nan,nan,0.8701511807835518,0.0,0.0,0.015963936115911657,0.6649435294909966,-0.1636141485529144,-0.02023230653491585,nan,nan,nan,nan,nan,nan,nan,nan,nan,nan,nan,nan,nan,nan,nan,nan,nan,nan,nan,nan,nan,nan,nan,nan,nan,nan,nan,nan,nan,nan,nan,nan,nan,nan,nan,nan,nan,nan,nan,nan,nan,nan,nan,nan,nan,nan,nan,nan,nan,0.21166929878306678
1791061007.2335153,1.3602726825515823,1.7340917151408064,1.6364919594499403,-9.045626108366046e-06,4.7093967651765754e-05,0.19999457262433631,0.9042526546144162,0.0,0.0,-0.0059925314296971005,-0.5160918011454257,-0.15583876654480416,-0.0033539533881345603,0.0,0.0,0.0,-0.20585307781297033,3.0585301759920465,-0.06826466929605014,0.23124335361694,0.0,0.0,0.0,-0.9363434978472597,1.0852085048933293,-0.002143196349392906,0.10938195941237018,nan,nan,nan,nan,nan,nan,nan,0.02481728824885429,0.0,0.0,-2.1453131748172645,1.8246182237885633,-0.18470736155443584,0.0020593852515953617,nan,nan,nan,nan,nan,nan,nan,nan,nan,nan,nan,nan,nan,nan,0.8701511807835518,0.0,0.0,-0.0003077076430044625,0.664740909822648,-0.16143809724739336,0.002145465562392324,nan,nan,nan,nan,nan,nan,nan,nan,nan,nan,nan,nan,nan,nan,nan,nan,nan,nan,nan,nan,nan,nan,nan,nan,nan,nan,nan,nan,nan,nan,nan,nan,nan,nan,nan,nan,nan,nan,nan,nan,nan,nan,nan,nan,nan,nan,nan,nan,nan,0.18511157199703038
1791061007.333836,1.3589594921494814,1.7538979287401184,1.6345373634876306,-8.185316785675119e-06,4.261496543257747e-05,0.19999508880992958,0.9042526546144162,0.0,0.0,-0.025323712361712707,-0.5162186297995099,-0.1872829281472623,-0.0029451711881171047,0.0,0.0,0.0,-0.209323659896299,3.079028976230654,-0.05412670741191547,0.2006708318879838,0.0,0.0,0.0,-0.9368552675589721,1.095791915480216,-0.0033819108540568818,0.11695905406665583,nan,nan,nan,nan,nan,nan,nan,0.02481728824885429,0.0,0.0,-2.166868790770275,1.8247092905185038,-0.20436060784111063,0.0034748251309137355,nan,nan,nan,nan,nan,nan,nan,nan,nan,nan,nan,nan,nan,nan,0.8701511807835518,0.0,0.0,-0.01576688014951727,0.6646386805753783,-0.15654677372475378,0.0019755449780810984,nan,nan,nan,nan,nan,nan,nan,nan,nan,nan,nan,nan,nan,nan,nan,nan,nan,nan,nan,nan,nan,nan,nan,nan,nan,nan,nan,nan,nan,nan,nan,nan,nan,nan,nan,nan,nan,nan,nan,nan,nan,nan,nan,nan,nan,nan,nan,nan,nan,0.19979285601081134
1791061007.4338403,1.357570217325329,1.7723748868435503,1.6309625812533453,-7.406380908590773e-06,3.855961530437764e-05,0.1999955561714556,0.9042526546144162,0.0,0.0,-0.040990815945927135,-0.5163401256212129,-0.17385112035382055,0.0030015637165438443,0.0,0.0,0.0,-0.21257563309709393,3.1010065214121987,-0.03255465855327245,0.19254574425879079,0.0,0.0,0.0,-0.9373130212235142,1.1068385386523967,-0.007288389080176357,0.11727228690680548,nan,nan,nan,nan,nan,nan,nan,0.02481728824885429,0.0,0.0,-2.185051727233225,1.825065479093635,-0.1917306578325383,-0.0023297651168489985,nan,nan,nan,nan,nan,nan,nan,nan,nan,nan,nan,nan,nan,nan,0.8701511807835518,0.0,0.0,-0.03189261111957878,0.6643352266738167,-0.1529084040697885,-0.01877938762792542,nan,nan,nan,nan,nan,nan,nan,nan,nan,nan,nan,nan,nan,nan,nan,nan,nan,nan,nan,nan,nan,nan,nan,nan,nan,nan,nan,nan,nan,nan,nan,nan,nan,nan,nan,nan,nan,nan,nan,nan,nan,nan,nan,nan,nan,nan,nan,nan,nan,0.18409994715024494
1791061007.5319102,1.3562519730972524,1.791530039367021,1.6284241074482835,-6.7048394318464825e-06,3.490720128500851e-05,0.19999597709634143,0.9042526546144162,0.0,0.0,-0.0609125739604707,-0.5164812268713321,-0.17590844686850218,-0.003152743872164037,0.0,0.0,0.0,-0.21744188326399727,3.1218315446671734,-0.028140960394103832,0.204158373487679,0.0,0.0,0.0,-0.9384493308658914,1.1180225668301194,-0.02216131718541982,0.11084509074991428,nan,nan,nan,nan,nan,nan,nan,0.02481728824885429,0.0,0.0,-2.2047259535991284,1.8248514636706867,-0.13594857622096168,-0.004128959752971352,nan,nan,nan,nan,nan,nan,nan,nan,nan,nan,nan,nan,nan,nan,0.8701511807835518,0.0,0.0,-0.04780232451720056,0.6641559565149967,-0.15673092678004988,-0.006413976852727592,nan,nan,nan,nan,nan,nan,nan,nan,nan,nan,nan,nan,nan,nan,nan,nan,nan,nan,nan,nan,nan,nan,nan,nan,nan,nan,nan,nan,nan,nan,nan,nan,nan,nan,nan,nan,nan,nan,nan,nan,nan,nan,nan,nan,nan,nan,nan,nan,nan,0.1852384698771392
1791061007.6347182,1.354913380213846,1.8098630503791546,1.6276592793123013,-6.066789601851504e-06,3.158534189196911e-05,0.19999635992623932,0.9042526546144162,0.0,0.0,-0.0768625831458099,-0.516695675229616,-0.17950180968225887,-0.002740393552025929,0.0,0.0,0.0,-0.22073421437128599,3.1397502948968032,-0.028866318923420453,0.187927763577071,0.0,0.0,0.0,-0.9389570707770988,1.1296413553624292,-0.012012554923733865,0.11366844211270057,nan,nan,nan,nan,nan,nan,nan,0.02481728824885429,0.0,0.0,-2.2228460160706893,1.8254752399366452,-0.18514037464933736,0.010137602780478622,nan,nan,nan,nan,nan,nan,nan,nan,nan,nan,nan,nan,nan,nan,0.8701511807835518,0.0,0.0,-0.06372716228353145,0.6641006938587334,-0.16651609411684237,0.003956178753148762,nan,nan,nan,nan,nan,nan,nan,nan,nan,nan,nan,nan,nan,nan,nan,nan,nan,nan,nan,nan,nan,nan,nan,nan,nan,nan,nan,nan,nan,nan,nan,nan,nan,nan,nan,nan,nan,nan,nan,nan,nan,nan,nan,nan,nan,nan,nan,nan,nan,0.18604007388244043
1791061007.7340536,1.354236606579717,1.8277912726222474,1.627650191738559,-5.492383364109369e-06,2.859482819450578e-05,0.19999670456998186,0.9042526546144162,0.0,0.0,-0.09632302880245681,-0.5169835595895761,-0.1786398981577511,-0.004238198360679983,0.0,0.0,0.0,-0.22512124803225023,3.1624187857642796,-0.03985867341237793,0.18603337034330736,0.0,0.0,0.0,-0.9394507299420878,1.1410635673150766,-0.008717009581128142,0.11212191488847595,nan,nan,nan,nan,nan,nan,nan,0.02481728824885429,0.0,0.0,-2.238065682846539,1.8248309431383039,-0.1624405272624888,-0.01007163623263373,nan,nan,nan,nan,nan,nan,nan,nan,nan,nan,nan,nan,nan,nan,0.8701511807835518,0.0,0.0,-0.08016375325756983,0.6640641509170698,-0.16055277697129017,-0.001367857239736332,nan,nan,nan,nan,nan,nan,nan,nan,nan,nan,nan,nan,nan,nan,nan,nan,nan,nan,nan,nan,nan,nan,nan,nan,nan,nan,nan,nan,nan,nan,nan,nan,nan,nan,nan,nan,nan,nan,nan,nan,nan,nan,nan,nan,nan,nan,nan,nan,nan,0.19051815214015996
1791061007.833856,1.3531000257041566,1.8463288395259814,1.6311060213826054,-4.96971398367767e-06,2.5873670521201823e-05,0.19999701817161003,0.9042526546144162,0.0,0.0,-0.1124750722179761,-0.5172621435989044,-0.17054469856522314,-0.005429186787143804,0.0,0.0,0.0,-0.22809929776553978,3.1822415751386024,-0.08095064080861725,0.20794736099986383,0.0,0.0,0.0,-0.9399875940497208,1.152542812330044,-0.0039331407878701475,0.11070794230278402,nan,nan,nan,nan,nan,nan,nan,0.02481728824885429,0.0,0.0,-2.255693081963333,1.8255344654337444,-0.16632747408466173,0.009716079154807341,nan,nan,nan,nan,nan,nan,nan,nan,nan,nan,nan,nan,nan,nan,0.8701511807835518,0.0,0.0,-0.09704185218974873,0.6636954708799556,-0.16754235758854316,-0.0065221819828400725,nan,nan,nan,nan,nan,nan,nan,nan,nan,nan,nan,nan,nan,nan,nan,nan,nan,nan,nan,nan,nan,nan,nan,nan,nan,nan,nan,nan,nan,nan,nan,nan,nan,nan,nan,nan,nan,nan,nan,nan,nan,nan,nan,nan,nan,nan,nan,nan,nan,0.17616623220337788
1791061007.9336214,1.352129252157003,1.8647959348188148,1.6310000953710517,-4.496783170845969e-06,2.3411465237211528e-05,0.19999730193009768,0.9042526546144162,0.0,0.0,-0.13026975185740636,-0.517578843547009,-0.17266518160169259,-0.0026846243436279603,0.0,0.0,0.0,-0.23147680618208566,3.2016581600364593,-0.05264512027366279,0.19242062898979417,0.0,0.0,0.0,-0.9404397559520604,1.1638937023281624,-0.0009065271034330823,0.10552250582884143,nan,nan,nan,nan,nan,nan,nan,0.02481728824885429,0.0,0.0,-2.272173413490639,1.8255545028531233,-0.17001429653729014,8.40128241205028e-05,nan,nan,nan,nan,nan,nan,nan,nan,nan,nan,nan,nan,nan,nan,0.8701511807835518,0.0,0.0,-0.11382309502667519,0.6634270009263419,-0.16481801679075864,0.0022552666686958163,nan,nan,nan,nan,nan,nan,nan,nan,nan,nan,nan,nan,nan,nan,nan,nan,nan,nan,nan,nan,nan,nan,nan,nan,nan,nan,nan,nan,nan,nan,nan,nan,nan,nan,nan,nan,nan,nan,nan,nan,nan,nan,nan,nan,nan,nan,nan,nan,nan,0.17764706825752444
1791061008.0341167,1.3511174775768968,1.8828205197980417,1.6298263204660197,-4.068857675113047e-06,2.1183569764639057e-05,0.19999755868539507,0.9042526546144162,0.0,0.0,-0.1479246010703018,-0.5178513909048055,-0.17505604117700724,-0.0009486871303225687,0.0,0.0,0.0,-0.23455572398870092,3.2198624100842013,-0.02294162747153707,0.06553588236752128,0.0,0.0,0.0,-0.9411397188243736,1.1755829337076307,-0.0010594002139060307,0.109570084863883,nan,nan,nan,nan,nan,nan,nan,0.02481728824885429,0.0,0.0,-2.2849737504939256,1.825517029173075,-0.014646428811776548,0.00212135428533424,nan,nan,nan,nan,nan,nan,nan,nan,nan,nan,nan,nan,nan,nan,0.8701511807835518,0.0,0.0,-0.1299402859429731,0.6632655593677101,-0.17037777803032647,0.0007418739298759656,nan,nan,nan,nan,nan,nan,nan,nan,nan,nan,nan,nan,nan,nan,nan,nan,nan,nan,nan,nan,nan,nan,nan,nan,nan,nan,nan,nan,nan,nan,nan,nan,nan,nan,nan,nan,nan,nan,nan,nan,nan,nan,nan,nan,nan,nan,nan,nan,nan,0.17945508148960698
1791061008.1336236,1.3505059103602746,1.9004175235325578,1.6261137378626895,-3.6828479446383244e-06,1.9173899063853582e-05,0.19999779029123332,0.9042526546144162,0.0,0.0,-0.1667634084254381,-0.5180751252664545,-0.17286909469416412,-0.00034990576660713727,0.0,0.0,0.0,-0.23426972728732223,3.2203626870220474,0.004121022916596344,-0.01000019895422275,0.0,0.0,0.0,-0.9417318698984779,1.1868098081289669,-0.0016769181498210578,0.13670437102241534,nan,nan,nan,nan,nan,nan,nan,0.02481728824885429,0.0,0.0,-2.2850649577326556,1.8253315586424956,-0.014251911493219813,0.000596293157696276,nan,nan,nan,nan,nan,nan,nan,nan,nan,nan,nan,nan,nan,nan,0.8701511807835518,0.0,0.0,-0.1467667337407803,0.6630214177170471,-0.16796619889132824,-0.003966819112967631,nan,nan,nan,nan,nan,nan,nan,nan,nan,nan,nan,nan,nan,nan,nan,nan,nan,nan,nan,nan,nan,nan,nan,nan,nan,nan,nan,nan,nan,nan,nan,nan,nan,nan,nan,nan,nan,nan,nan,nan,nan,nan,nan,nan,nan,nan,nan,nan,nan,0.15765420993630397
1791061008.2330947,1.3493633990718505,1.917848536633237,1.6282035964648887,-3.332802751802439e-06,1.735146943979221e-05,0.199998000318349,0.9042526546144162,0.0,0.0,-0.18412447760422446,-0.518239357695023,-0.17830372620345303,0.0021645143172367965,0.0,0.0,0.0,-0.2345754623133698,3.2207988330823802,0.0021843018034988274,0.0004972896114669376,0.0,0.0,0.0,-0.9424264310352299,1.1988443161984261,-0.0061459893398926385,0.15154613021676958,nan,nan,nan,nan,nan,nan,nan,0.02481728824885429,0.0,0.0,-2.2850850659915887,1.8252804353394647,-0.009736698476855,-0.001301505527852281,nan,nan,nan,nan,nan,nan,nan,nan,nan,nan,nan,nan,nan,nan,0.8701511807835518,0.0,0.0,-0.16505811266850845,0.6622800565818645,-0.1936312378777036,0.002305845254163162,nan,nan,nan,nan,nan,nan,nan,nan,nan,nan,nan,nan,nan,nan,nan,nan,nan,nan,nan,nan,nan,nan,nan,nan,nan,nan,nan,nan,nan,nan,nan,nan,nan,nan,nan,nan,nan,nan,nan,nan,nan,nan,nan,nan,nan,nan,nan,nan,nan,0.2306708028989717
1791061008.3339899,1.3490441821269945,1.9338192828817704,1.627988106881466,-3.0156446377551477e-06,1.5700258812191312e-05,0.1999981906132174,0.9042526546144162,0.0,0.0,-0.20204371956360911,-0.5183817381596182,-0.18386256377591276,-0.0046587318447572626,0.0,0.0,0.0,-0.23441543623608374,3.2206765984454035,-0.004258539347890762,0.0023562684091384682,0.0,0.0,0.0,-0.9430972734948236,1.2136215944273914,-0.006948460635602737,0.1556436918289894,nan,nan,nan,nan,nan,nan,nan,0.02481728824885429,0.0,0.0,-2.285079862412109,1.8252812391719597,0.003189093757863525,0.001857421547363896,nan,nan,nan,nan,nan,nan,nan,nan,nan,nan,nan,nan,nan,nan,0.8701511807835518,0.0,0.0,-0.1824716846906132,0.6627146039628836,-0.16495632365787213,0.0037687322938140607,nan,nan,nan,nan,nan,nan,nan,nan,nan,nan,nan,nan,nan,nan,nan,nan,nan,nan,nan,nan,nan,nan,nan,nan,nan,nan,nan,nan,nan,nan,nan,nan,nan,nan,nan,nan,nan,nan,nan,nan,nan,nan,nan,nan,nan,nan,nan,nan,nan,0.17708887552934036
1791061008.4337804,1.3483030638624838,1.9529551356631698,1.6224579235412184,-2.7291907859312246e-06,1.420890284966233e-05,0.1999983624855285,0.9042526546144162,0.0,0.0,-0.21837651892714333,-0.5185523438384284,-0.18185573827606544,-0.005822334660538345,0.0,0.0,0.0,-0.23444060231752573,3.220690396108775,0.005542909752447353,-7.053712406494573e-05,0.0,0.0,0.0,-0.9437948472541158,1.2298732121348983,-0.010426149219830767,0.1629558242911189,nan,nan,nan,nan,nan,nan,nan,0.02481728824885429,0.0,0.0,-2.285086476216534,1.8252375161536802,0.005682197137681002,0.0003631016900372018,nan,nan,nan,nan,nan,nan,nan,nan,nan,nan,nan,nan,nan,nan,0.8701511807835518,0.0,0.0,-0.2003942454449275,0.6620387700618998,-0.18485632360372709,-0.007152494396113452,nan,nan,nan,nan,nan,nan,nan,nan,nan,nan,nan,nan,nan,nan,nan,nan,nan,nan,nan,nan,nan,nan,nan,nan,nan,nan,nan,nan,nan,nan,nan,nan,nan,nan,nan,nan,nan,nan,nan,nan,nan,nan,nan,nan,nan,nan,nan,nan,nan,0.18254184899096018
1791061008.5330462,1.3472281990079016,1.9706850882288192,1.6205184280528542,-2.4698710953736636e-06,1.2858814644348518e-05,0.1999985180773428,0.9042526546144162,0.0,0.0,-0.23672560531037534,-0.5186597385813112,-0.18106221752450322,-0.0014990595012963426,0.0,0.0,0.0,-0.2344904465240099,3.2207363994173512,0.001365636528714737,0.0017894328231325104,0.0,0.0,0.0,-0.9447531050834055,1.2477488501583995,-0.011803493028376355,0.1873022209562112,nan,nan,nan,nan,nan,nan,nan,0.02481728824885429,0.0,0.0,-2.2851347921913927,1.825347835301613,0.0023381461320188656,0.003521141766990728,nan,nan,nan,nan,nan,nan,nan,nan,nan,nan,nan,nan,nan,nan,0.8701511807835518,0.0,0.0,-0.2185176992413266,0.6620676311041258,-0.18463739825082592,0.013649456100943655,nan,nan,nan,nan,nan,nan,nan,nan,nan,nan,nan,nan,nan,nan,nan,nan,nan,nan,nan,nan,nan,nan,nan,nan,nan,nan,nan,nan,nan,nan,nan,nan,nan,nan,nan,nan,nan,nan,nan,nan,nan,nan,nan,nan,nan,nan,nan,nan,nan,0.1760244402746501
1791061008.6334753,1.3462214015220118,1.9885511239512723,1.6193469913182548,-2.234831785554028e-06,1.1635136645619173e-05,0.1999986591009287,0.9042526546144162,0.0,0.0,-0.25463981376581973,-0.518739982421372,-0.17887539280737738,-0.002103106807859711,0.0,0.0,0.0,-0.23455646309756403,3.220707558695972,-0.006157471930146165,0.0016239933439140776,0.0,0.0,0.0,-0.9448675130802935,1.267191519339115,0.0021587503230931465,0.19974398209552535,nan,nan,nan,nan,nan,nan,nan,0.02481728824885429,0.0,0.0,-2.2851744769927174,1.8253587441590051,-0.0016133216646556138,0.0011387751443242304,nan,nan,nan,nan,nan,nan,nan,nan,nan,nan,nan,nan,nan,nan,0.8701511807835518,0.0,0.0,-0.23584787791444375,0.6615335331516885,-0.1732980219449695,0.0029436599007488505,nan,nan,nan,nan,nan,nan,nan,nan,nan,nan,nan,nan,nan,nan,nan,nan,nan,nan,nan,nan,nan,nan,nan,nan,nan,nan,nan,nan,nan,nan,nan,nan,nan,nan,nan,nan,nan,nan,nan,nan,nan,nan,nan,nan,nan,nan,nan,nan,nan,0.17055875280674376
1791061008.7330284,1.3449239031115265,2.006404372762509,1.6187972957461303,-2.0226074378062454e-06,1.0530239488914063e-05,0.19999878643553734,0.9042526546144162,0.0,0.0,-0.2737637699687935,-0.5188521835893346,-0.18604609525139199,0.0004927871177187372,0.0,0.0,0.0,-0.21917171339118105,3.221932409884721,1.2767428207308489,0.10377922495996347,0.0,0.0,0.0,-0.9456649301817426,1.2877306800836774,-0.0015323229517418134,0.2561274503664276,nan,nan,nan,nan,nan,nan,nan,0.02481728824885429,0.0,0.0,-2.285130990516722,1.825311378621542,0.0021914650690524444,-0.0007720552544128492,nan,nan,nan,nan,nan,nan,nan,nan,nan,nan,nan,nan,nan,nan,0.8701511807835518,0.0,0.0,-0.2545404508514788,0.6615751726038698,-0.19882978188022377,-0.005383800414898568,nan,nan,nan,nan,nan,nan,nan,nan,nan,nan,nan,nan,nan,nan,nan,nan,nan,nan,nan,nan,nan,nan,nan,nan,nan,nan,nan,nan,nan,nan,nan,nan,nan,nan,nan,nan,nan,nan,nan,nan,nan,nan,nan,nan,nan,nan,nan,nan,nan,0.2007453163052907
1791061008.8325596,1.3436496542269238,2.0244015075107678,1.6197215577449684,-1.830130892326401e-06,9.52815471358072e-06,0.19999890192146463,0.9042526546144162,0.0,0.0,-0.2894895621849051,-0.5190641379405467,-0.18733330443133978,-0.004833765910708465,0.0,0.0,0.0,-0.2344284669345198,3.220690022641618,-0.00030748059990754807,-0.00015768137372642685,0.0,0.0,0.0,-0.9464455789844649,1.3090205873177363,-0.005066968483887692,0.20909188087679034,nan,nan,nan,nan,nan,nan,nan,0.02481728824885429,0.0,0.0,-2.285158168800264,1.8253236021934671,0.0017775453309060768,6.16743556795152e-05,nan,nan,nan,nan,nan,nan,nan,nan,nan,nan,nan,nan,nan,nan,0.8701511807835518,0.0,0.0,-0.2731020854952473,0.6619558171405525,-0.17067468823127224,-0.005857405798695082,nan,nan,nan,nan,nan,nan,nan,nan,nan,nan,nan,nan,nan,nan,nan,nan,nan,nan,nan,nan,nan,nan,nan,nan,nan,nan,nan,nan,nan,nan,nan,nan,nan,nan,nan,nan,nan,nan,nan,nan,nan,nan,nan,nan,nan,nan,nan,nan,nan,0.2289275495954979
1791061008.9331,1.34261419121988,2.044256259628828,1.6204825853925446,-1.6559709118247004e-06,8.62143091251696e-06,0.19999900641745294,0.9042526546144162,0.0,0.0,-0.3094595674074143,-0.5192236750118228,-0.18938905444590853,-0.0001324495781268732,0.0,0.0,0.0,-0.2344411079958003,3.2206894293707795,0.0011739782286446924,0.0001769657823354891,0.0,0.0,0.0,-0.9475062556853355,1.3313515756941146,-0.007579288544275471,0.23164573052523663,nan,nan,nan,nan,nan,nan,nan,0.02481728824885429,0.0,0.0,-2.285175356961783,1.8253131128680178,0.0005157964334761824,-0.0011280500934689735,nan,nan,nan,nan,nan,nan,nan,nan,nan,nan,nan,nan,nan,nan,0.8701511807835518,0.0,0.0,-0.2914360134141051,0.661815190638259,-0.20843543669343945,-0.005029614720879888,nan,nan,nan,nan,nan,nan,nan,nan,nan,nan,nan,nan,nan,nan,nan,nan,nan,nan,nan,nan,nan,nan,nan,nan,nan,nan,nan,nan,nan,nan,nan,nan,nan,nan,nan,nan,nan,nan,nan,nan,nan,nan,nan,nan,nan,nan,nan,nan,nan,0.2955146520978081
1791061009.0341632,1.3413900739400417,2.066114382507235,1.6194076245134799,-1.4984021467020932e-06,7.801085450664442e-06,0.19999910095871198,0.9042526546144162,0.0,0.0,-0.3281466321954792,-0.5195462483490491,-0.1955615879215387,-0.004233046128500837,0.0,0.0,0.0,-0.2344703913968154,3.220696308531002,-0.004064639812184041,0.0010282619048522846,0.0,0.0,0.0,-0.9484231783597902,1.3536162151669455,-0.018463497774522192,0.22360032108465938,nan,nan,nan,nan,nan,nan,nan,0.02481728824885429,0.0,0.0,-2.2851792641839914,1.8253207404792189,-0.002055083397980562,0.0006380477032320725,nan,nan,nan,nan,nan,nan,nan,nan,nan,nan,nan,nan,nan,nan,0.8701511807835518,0.0,0.0,-0.3094735882405106,0.662134205029875,-0.17062293490072425,0.004200178021351262,nan,nan,nan,nan,nan,nan,nan,nan,nan,nan,nan,nan,nan,nan,nan,nan,nan,nan,nan,nan,nan,nan,nan,nan,nan,nan,nan,nan,nan,nan,nan,nan,nan,nan,nan,nan,nan,nan,nan,nan,nan,nan,nan,nan,nan,nan,nan,nan,nan,0.2392909536817234
1791061009.1335015,1.3419279476463504,2.088811416931772,1.6145366119592395,-1.3558103300470465e-06,7.0587140193769415e-06,0.199999186513802,0.9042526546144162,0.0,0.0,-0.3447841207407859,-0.5197275485202242,-0.18174948686979667,0.0006049474364310812,0.0,0.0,0.0,-0.23442237308847041,3.2206744190306034,0.001663198780223953,0.00035147612206593275,0.0,0.0,0.0,-0.9491195872133378,1.3731726526537733,-0.015676565920751125,0.21450730488101727,nan,nan,nan,nan,nan,nan,nan,0.02481728824885429,0.0,0.0,-2.285151079344968,1.8252980219776929,0.0007218050203863945,-0.0006708176125384106,nan,nan,nan,nan,nan,nan,nan,nan,nan,nan,nan,nan,nan,nan,0.8701511807835518,0.0,0.0,-0.32505069436565404,0.6618036357811915,-0.15660008988270663,0.0035211693580995164,nan,nan,nan,nan,nan,nan,nan,nan,nan,nan,nan,nan,nan,nan,nan,nan,nan,nan,nan,nan,nan,nan,nan,nan,nan,nan,nan,nan,nan,nan,nan,nan,nan,nan,nan,nan,nan,nan,nan,nan,nan,nan,nan,nan,nan,nan,nan,nan,nan,0.18225121437383562
1791061009.2334664,1.340617153662561,2.1105482069372608,1.6115208199210076,-1.2267879187894341e-06,6.3869885700463385e-06,0.19999926392724876,0.9042526546144162,0.0,0.0,-0.36542561884834945,-0.5198051585297464,-0.19699895084728308,3.312884355967427e-05,0.0,0.0,0.0,-0.23447663706851898,3.2206858896771458,0.0004382208008224405,-0.00019773859041551328,0.0,0.0,0.0,-0.949891571072097,1.3972298326516877,0.0034659884764566273,0.218256280971461,nan,nan,nan,nan,nan,nan,nan,0.02481728824885429,0.0,0.0,-2.285143397744484,1.8252995681807627,0.0011582727819027623,-0.0012612190797648385,nan,nan,nan,nan,nan,nan,nan,nan,nan,nan,nan,nan,nan,nan,0.8701511807835518,0.0,0.0,-0.34473128104556716,0.6618330858107763,-0.18233586182786854,0.005728756702035978,nan,nan,nan,nan,nan,nan,nan,nan,nan,nan,nan,nan,nan,nan,nan,nan,nan,nan,nan,nan,nan,nan,nan,nan,nan,nan,nan,nan,nan,nan,nan,nan,nan,nan,nan,nan,nan,nan,nan,nan,nan,nan,nan,nan,nan,nan,nan,nan,nan,0.2152992124269768
1791061009.3339264,1.339710650776063,2.129993871123271,1.6209233167564883,-1.1100436132799546e-06,5.779186248645237e-06,0.19999933397383204,0.9042526546144162,0.0,0.0,-0.38388985460070124,-0.5199133779000833,-0.17749708849637186,0.002428759411048631,0.0,0.0,0.0,-0.23444457007914635,3.220692426267051,0.0019027459640286021,-0.00014263186311183122,0.0,0.0,0.0,-0.9508678608816852,1.4192987081499213,-0.004211481909910673,0.2087653581880897,nan,nan,nan,nan,nan,nan,nan,0.02481728824885429,0.0,0.0,-2.2851879233688766,1.8252779894917732,-0.00039440063764289117,-0.001670566927659177,nan,nan,nan,nan,nan,nan,nan,nan,nan,nan,nan,nan,nan,nan,0.8701511807835518,0.0,0.0,-0.3612974679091948,0.6619536659106579,-0.15696331117285203,0.00018224722317788976,nan,nan,nan,nan,nan,nan,nan,nan,nan,nan,nan,nan,nan,nan,nan,nan,nan,nan,nan,nan,nan,nan,nan,nan,nan,nan,nan,nan,nan,nan,nan,nan,nan,nan,nan,nan,nan,nan,nan,nan,nan,nan,nan,nan,nan,nan,nan,nan,nan,0.20879675398011277
1791061009.4330497,1.33991654607121,2.1496597118861214,1.6168739589837902,-1.0049087959785705e-06,5.2318260520429874e-06,0.19999939705472242,0.9042526546144162,0.0,0.0,-0.4047392658029572,-0.5200296977010879,-0.21143623364748887,0.004314869593672048,0.0,0.0,0.0,-0.23446979863285672,3.2206694107974436,0.0013437148349817558,-0.0014994364686556644,0.0,0.0,0.0,-0.9520054382671606,1.4408489971805505,-0.015129319240671742,0.17217258629281967,nan,nan,nan,nan,nan,nan,nan,0.02481728824885429,0.0,0.0,-2.285128874535804,1.8252513971310034,0.003947168305611184,-0.003291940138424113,nan,nan,nan,nan,nan,nan,nan,nan,nan,nan,nan,nan,nan,nan,0.8701511807835518,0.0,0.0,-0.37851474121052275,0.6617289574930229,-0.1768149603663767,-0.007482674076310082,nan,nan,nan,nan,nan,nan,nan,nan,nan,nan,nan,nan,nan,nan,nan,nan,nan,nan,nan,nan,nan,nan,nan,nan,nan,nan,nan,nan,nan,nan,nan,nan,nan,nan,nan,nan,nan,nan,nan,nan,nan,nan,nan,nan,nan,nan,nan,nan,nan,0.1592758778450292
1791061009.5335262,1.338039959863203,2.1698435750247644,1.6188932163388225,-9.092790806137081e-07,4.7339519780996526e-06,0.19999945443255163,0.9042526546144162,0.0,0.0,-0.4218829211202688,-0.520069865784764,-0.19524647472766088,0.000504687831502975,0.0,0.0,0.0,-0.23449137120259395,3.2206887932821555,-0.005287125876127053,0.00011492960561662439,0.0,0.0,0.0,-0.9529742499146839,1.4633584757089824,0.001207822475800876,0.23317129843559517,nan,nan,nan,nan,nan,nan,nan,0.02481728824885429,0.0,0.0,-2.2851805711085555,1.8252764111446764,-0.00048248514618999744,0.0003403409101188277,nan,nan,nan,nan,nan,nan,nan,nan,nan,nan,nan,nan,nan,nan,0.8701511807835518,0.0,0.0,-0.3962109122411218,0.6617368115850111,-0.17205612353661714,0.004704083578901781,nan,nan,nan,nan,nan,nan,nan,nan,nan,nan,nan,nan,nan,nan,nan,nan,nan,nan,nan,nan,nan,nan,nan,nan,nan,nan,nan,nan,nan,nan,nan,nan,nan,nan,nan,nan,nan,nan,nan,nan,nan,nan,nan,nan,nan,nan,nan,nan,nan,0.17918787627719066
1791061009.6334288,1.3370818246733303,2.186974935970441,1.6159645091360395,-8.228086599954969e-07,4.283763661376908e-06,0.199999506314804,0.9042526546144162,0.0,0.0,-0.4438651578353773,-0.5202776009218729,-0.20135654619282564,-0.0012459357620210566,0.0,0.0,0.0,-0.23453133629441406,3.2207278631152163,-0.005395217577674422,0.00307854515490876,0.0,0.0,0.0,-0.9540601082851896,1.4843943051675608,-0.012007192961061359,0.21615964893938716,nan,nan,nan,nan,nan,nan,nan,0.02481728824885429,0.0,0.0,-2.2851334232324754,1.8252757835676618,0.0014679847500280179,-0.00043029947311805383,nan,nan,nan,nan,nan,nan,nan,nan,nan,nan,nan,nan,nan,nan,0.8701511807835518,0.0,0.0,-0.4115773061766456,0.6624820598623636,-0.16901789481438112,-0.0011281490316179081,nan,nan,nan,nan,nan,nan,nan,nan,nan,nan,nan,nan,nan,nan,nan,nan,nan,nan,nan,nan,nan,nan,nan,nan,nan,nan,nan,nan,nan,nan,nan,nan,nan,nan,nan,nan,nan,nan,nan,nan,nan,nan,nan,nan,nan,nan,nan,nan,nan,0.14705817465124046
1791061009.7334218,1.3370416042457909,2.203505787832623,1.611226084750694,-7.445080636926349e-07,3.876109652110429e-06,0.1999995532951618,0.9042526546144162,0.0,0.0,-0.46068406374300025,-0.5201679155927481,-0.18355498541530652,0.0015306466329587255,0.0,0.0,0.0,-0.2344343211064406,3.2206794626322672,0.0038910943161530624,-0.0006887647911562726,0.0,0.0,0.0,-0.9553063359842278,1.5063496459294412,-0.019841929565907718,0.1988520763587157,nan,nan,nan,nan,nan,nan,nan,0.02481728824885429,0.0,0.0,-2.2851678861311004,1.8252769358600653,0.0026075371047775235,-0.0002521486420090965,nan,nan,nan,nan,nan,nan,nan,nan,nan,nan,nan,nan,nan,nan,0.8701511807835518,0.0,0.0,-0.4287967015646565,0.6626189075642493,-0.17394468640127797,-0.005080571459790267,nan,nan,nan,nan,nan,nan,nan,nan,nan,nan,nan,nan,nan,nan,nan,nan,nan,nan,nan,nan,nan,nan,nan,nan,nan,nan,nan,nan,nan,nan,nan,nan,nan,nan,nan,nan,nan,nan,nan,nan,nan,nan,nan,nan,nan,nan,nan,nan,nan,0.14947844939253138
1791061009.8341768,1.3358588223680543,2.219581177301519,1.6208609744120328,-6.73752511871562e-07,3.5077371780853727e-06,0.1999995957484929,0.9042526546144162,0.0,0.0,-0.4818761682905766,-0.520382708736064,-0.18811126619741692,-0.004163105790314785,0.0,0.0,0.0,-0.23451228088822063,3.220682658593581,-0.0022586642772598293,-0.00046936613822382185,0.0,0.0,0.0,-0.9556418418215522,1.525886158409533,-0.020742318204912905,0.2153296441665407,nan,nan,nan,nan,nan,nan,nan,0.02481728824885429,0.0,0.0,-2.2851403111341835,1.8252653328120891,0.002769007953190953,-0.0017610109999310444,nan,nan,nan,nan,nan,nan,nan,nan,nan,nan,nan,nan,nan,nan,0.8701511807835518,0.0,0.0,-0.44591334234868896,0.6628462622037735,-0.1711910864082257,0.007194614229344072,nan,nan,nan,nan,nan,nan,nan,nan,nan,nan,nan,nan,nan,nan,nan,nan,nan,nan,nan,nan,nan,nan,nan,nan,nan,nan,nan,nan,nan,nan,nan,nan,nan,nan,nan,nan,nan,nan,nan,nan,nan,nan,nan,nan,nan,nan,nan,nan,nan,0.16813256032682217
1791061009.9331279,1.3359665934698974,2.2350750469715397,1.6125594979243063,-6.097130232241569e-07,3.174330339170461e-06,0.19999963417218608,0.9042526546144162,0.0,0.0,-0.49797937610371,-0.520647053596361,-0.1688681719460976,-0.0032393133979171226,0.0,0.0,0.0,-0.23446776926818502,3.2206847842475637,0.00038217505107676717,-2.2562773096889557e-05,0.0,0.0,0.0,-0.9563895758613498,1.5479832514439125,-0.016754441220021135,0.23621136295673287,nan,nan,nan,nan,nan,nan,nan,0.02481728824885429,0.0,0.0,-2.2851581893123885,1.8252756181100254,-0.000758373907084587,0.0012097436302400504,nan,nan,nan,nan,nan,nan,nan,nan,nan,nan,nan,nan,nan,nan,0.8701511807835518,0.0,0.0,-0.4634787340500922,0.6628983961250177,-0.17520525011890956,-0.004159377074825755,nan,nan,nan,nan,nan,nan,nan,nan,nan,nan,nan,nan,nan,nan,nan,nan,nan,nan,nan,nan,nan,nan,nan,nan,nan,nan,nan,nan,nan,nan,nan,nan,nan,nan,nan,nan,nan,nan,nan,nan,nan,nan,nan,nan,nan,nan,nan,nan,nan,0.20543944106029177
1791061010.0343328,1.3355435611151494,2.2527354352717794,1.6101358512945887,-5.516911578583578e-07,2.872252869032174e-06,0.1999996689853053,0.9042526546144162,0.0,0.0,-0.5168099749189818,-0.5209864877029068,-0.19369557173226892,-0.005459311655683042,0.0,0.0,0.0,-0.23450019147089723,3.2207037974345014,-0.0029265880586577097,0.0016830735252803444,0.0,0.0,0.0,-0.9572426135636295,1.5698484451409414,-0.00021772637390534214,0.21479407580725654,nan,nan,nan,nan,nan,nan,nan,0.02481728824885429,0.0,0.0,-2.2851410372158023,1.8252940556869912,0.00038238680074615945,0.000912008795792157,nan,nan,nan,nan,nan,nan,nan,nan,nan,nan,nan,nan,nan,nan,0.8701511807835518,0.0,0.0,-0.4793769705668124,0.663006914996346,-0.18085130764978902,-0.0007037562842482235,nan,nan,nan,nan,nan,nan,nan,nan,nan,nan,nan,nan,nan,nan,nan,nan,nan,nan,nan,nan,nan,nan,nan,nan,nan,nan,nan,nan,nan,nan,nan,nan,nan,nan,nan,nan,nan,nan,nan,nan,nan,nan,nan,nan,nan,nan,nan,nan,nan,0.18786494031546827
1791061010.1332772,1.3344867850352602,2.2729652961881253,1.6112003133361277,-4.992960420075604e-07,2.5994697734865978e-06,0.1999997004223748,0.9042526546144162,0.0,0.0,-0.5362058527762426,-0.5212193304466475,-0.16796359454862142,-0.0021283180328122123,0.0,0.0,0.0,-0.21930355017975892,3.221972530247209,0.28290873326510885,0.022446223752681686,0.0,0.0,0.0,-0.9585359432791939,1.5918379759990386,-0.004607950981617356,0.21047237214284517,nan,nan,nan,nan,nan,nan,nan,0.02481728824885429,0.0,0.0,-2.285117605761038,1.8252772185367734,0.004953529623318094,-0.0018074417339319926,nan,nan,nan,nan,nan,nan,nan,nan,nan,nan,nan,nan,nan,nan,0.8701511807835518,0.0,0.0,-0.4979850960423783,0.6632476797121982,-0.15624776024015183,0.0021065068567380748,nan,nan,nan,nan,nan,nan,nan,nan,nan,nan,nan,nan,nan,nan,nan,nan,nan,nan,nan,nan,nan,nan,nan,nan,nan,nan,nan,nan,nan,nan,nan,nan,nan,nan,nan,nan,nan,nan,nan,nan,nan,nan,nan,nan,nan,nan,nan,nan,nan,0.19239347562080705
1791061010.2353628,1.3335373338950038,2.292008871307129,1.6089423525172235,-4.5183909941308914e-07,2.352396138934236e-06,0.19999972889654039,0.9042526546144162,0.0,0.0,-0.5538457761761659,-0.5215513076426356,-0.1739588094500436,-0.00586471520308028,0.0,0.0,0.0,-0.21929457771007105,3.2219765485804803,0.0027045903247965115,-0.0002954940534821899,0.0,0.0,0.0,-0.9596747585613046,1.6139883387336973,0.002024287309837308,0.21069195480776787,nan,nan,nan,nan,nan,nan,nan,0.02481728824885429,0.0,0.0,-2.285132582866929,1.825268291699694,0.0028013484537339024,-0.0010944478267573914,nan,nan,nan,nan,nan,nan,nan,nan,nan,nan,nan,nan,nan,nan,0.8701511807835518,0.0,0.0,-0.5154886537079179,0.6632581658429146,-0.17816921666833396,-0.0011825005577819694,nan,nan,nan,nan,nan,nan,nan,nan,nan,nan,nan,nan,nan,nan,nan,nan,nan,nan,nan,nan,nan,nan,nan,nan,nan,nan,nan,nan,nan,nan,nan,nan,nan,nan,nan,nan,nan,nan,nan,nan,nan,nan,nan,nan,nan,nan,nan,nan,nan,0.18811362241365978
1791061010.333376,1.3335842885691132,2.310958425758357,1.6036382621440894,-4.0885927258888174e-07,2.1286315758305617e-06,0.19999975468443645,0.9042526546144162,0.0,0.0,-0.5691821574696343,-0.5218316394441639,-0.18307451561743332,-0.0044363130287572335,0.0,0.0,0.0,-0.2192645012385627,3.2219881284745626,0.0002655318130671282,0.001567598080435066,0.0,0.0,0.0,-0.9610693550747306,1.636082916565292,-0.00590903347880178,0.2225448083575825,nan,nan,nan,nan,nan,nan,nan,0.02481728824885429,0.0,0.0,-2.2851492022384297,1.825300258625856,-1.9337428533921586e-06,0.00047600868481310747,nan,nan,nan,nan,nan,nan,nan,nan,nan,nan,nan,nan,nan,nan,0.8701511807835518,0.0,0.0,-0.5319669860053027,0.6631970794813457,-0.16296146078987198,0.003991283183068571,nan,nan,nan,nan,nan,nan,nan,nan,nan,nan,nan,nan,nan,nan,nan,nan,nan,nan,nan,nan,nan,nan,nan,nan,nan,nan,nan,nan,nan,nan,nan,nan,nan,nan,nan,nan,nan,nan,nan,nan,nan,nan,nan,nan,nan,nan,nan,nan,nan,0.19493731103542086
1791061010.433581,1.3326731631034674,2.3295014740277873,1.6088009429460495,-3.6995116867096836e-07,1.9260654996573403e-06,0.1999997780292988,0.9042526546144162,0.0,0.0,-0.5864193675997523,-0.522130324330465,-0.1647015115839252,-0.001485224012852739,0.0,0.0,0.0,-0.21934682958175336,3.2219829898204795,-0.002319350431353466,0.0007523916393973864,0.0,0.0,0.0,-0.9626752138532967,1.6580999125366698,-0.012461543392933502,0.22057708839286716,nan,nan,nan,nan,nan,nan,nan,0.02481728824885429,0.0,0.0,-2.285151235343018,1.825290498188836,0.0011743992724643003,0.002154763821341819,nan,nan,nan,nan,nan,nan,nan,nan,nan,nan,nan,nan,nan,nan,0.8701511807835518,0.0,0.0,-0.5472804867897405,0.663466881110964,-0.1530190449980371,0.004978453822846207,nan,nan,nan,nan,nan,nan,nan,nan,nan,nan,nan,nan,nan,nan,nan,nan,nan,nan,nan,nan,nan,nan,nan,nan,nan,nan,nan,nan,nan,nan,nan,nan,nan,nan,nan,nan,nan,nan,nan,nan,nan,nan,nan,nan,nan,nan,nan,nan,nan,0.17758312790012007
1791061010.5324972,1.3323014807175693,2.348054582133251,1.6069782637610706,-3.3480978068218193e-07,1.7431099618807518e-06,0.1999997991141316,0.9042526546144162,0.0,0.0,-0.6058223742861686,-0.5225081123972051,-0.16982663930239753,-0.004211659433407193,0.0,0.0,0.0,-0.21925546652630135,3.221959414221371,0.0008265611553441915,0.0008735344317926896,0.0,0.0,0.0,-0.9639908310032376,1.6800828985194851,-0.004136862466384985,0.2078298309913249,nan,nan,nan,nan,nan,nan,nan,0.02481728824885429,0.0,0.0,-2.2851663875178216,1.8252913768894927,-0.0015821311569519637,0.0014298314414347359,nan,nan,nan,nan,nan,nan,nan,nan,nan,nan,nan,nan,nan,nan,0.8701511807835518,0.0,0.0,-0.563513823079926,0.663566642431983,-0.15323860004844908,-0.0028575681876933817,nan,nan,nan,nan,nan,nan,nan,nan,nan,nan,nan,nan,nan,nan,nan,nan,nan,nan,nan,nan,nan,nan,nan,nan,nan,nan,nan,nan,nan,nan,nan,nan,nan,nan,nan,nan,nan,nan,nan,nan,nan,nan,nan,nan,nan,nan,nan,nan,nan,0.18143652008968397
1791061010.6337733,1.3316935949724926,2.3657100244250917,1.6085258724181797,-3.0294841758521503e-07,1.5772311177792945e-06,0.19999981823094948,0.9042526546144162,0.0,0.0,-0.6212477046479989,-0.5227947741708064,-0.17336345397944286,-0.004535471299941434,0.0,0.0,0.0,-0.21929601344442062,3.221955788683598,4.677436636743986e-06,-0.0016066700167809691,0.0,0.0,0.0,-0.9654134333160577,1.7023582596918871,-0.011235753054233357,0.2121007201940731,nan,nan,nan,nan,nan,nan,nan,0.02481728824885429,0.0,0.0,-2.285156254688945,1.8252491719512385,0.002384885851374869,-0.003344420250119054,nan,nan,nan,nan,nan,nan,nan,nan,nan,nan,nan,nan,nan,nan,0.8701511807835518,0.0,0.0,-0.5800155878544682,0.6635482004853476,-0.17143430880751842,0.000317536698018212,nan,nan,nan,nan,nan,nan,nan,nan,nan,nan,nan,nan,nan,nan,nan,nan,nan,nan,nan,nan,nan,nan,nan,nan,nan,nan,nan,nan,nan,nan,nan,nan,nan,nan,nan,nan,nan,nan,nan,nan,nan,nan,nan,nan,nan,nan,nan,nan,nan,0.17597763630089566
1791061010.7332637,1.3307360631180474,2.3838323746248467,1.609066979586922,-2.741217907316706e-07,1.4271519285350281e-06,0.19999983552692557,0.9042526546144162,0.0,0.0,-0.6398771881708316,-0.5231514193476728,-0.16819489036921592,-0.0027123718643707034,0.0,0.0,0.0,-0.21932918739338209,3.221973124588636,-0.0032608530819812514,-0.00026498694658321056,0.0,0.0,0.0,-0.9667466734933524,1.7245489296751848,-0.02414111547905829,0.23485878168664548,nan,nan,nan,nan,nan,nan,nan,0.02481728824885429,0.0,0.0,-2.28513557877387,1.825286364710037,0.001749674387223918,-0.0011554246310839624,nan,nan,nan,nan,nan,nan,nan,nan,nan,nan,nan,nan,nan,nan,0.8701511807835518,0.0,0.0,-0.5964786149306293,0.6636117207356774,-0.16690578770909315,0.002403393684387482,nan,nan,nan,nan,nan,nan,nan,nan,nan,nan,nan,nan,nan,nan,nan,nan,nan,nan,nan,nan,nan,nan,nan,nan,nan,nan,nan,nan,nan,nan,nan,nan,nan,nan,nan,nan,nan,nan,nan,nan,nan,nan,nan,nan,nan,nan,nan,nan,nan,0.23084487530518366
1791061010.8331077,1.3298436648832144,2.402635199975477,1.611896906365388,-2.480356534345551e-07,1.2913404665850726e-06,0.19999985117860797,0.9042526546144162,0.0,0.0,-0.6572187060786006,-0.5235675782620762,-0.17827443481117414,-0.0019965255889782623,0.0,0.0,0.0,-0.21927228977219196,3.2219646377164692,-0.0005874848504216013,-0.0009169167657726148,0.0,0.0,0.0,-0.9677638736225592,1.7467454831238565,-0.017791838672934317,0.2274830340165554,nan,nan,nan,nan,nan,nan,nan,0.02481728824885429,0.0,0.0,-2.2851595080982796,1.8252990844918238,0.00041594718490748744,0.0008422039130463553,nan,nan,nan,nan,nan,nan,nan,nan,nan,nan,nan,nan,nan,nan,0.8701511807835518,0.0,0.0,-0.6128138454733405,0.6635065815438724,-0.15655423307095895,-0.0036095953671604524,nan,nan,nan,nan,nan,nan,nan,nan,nan,nan,nan,nan,nan,nan,nan,nan,nan,nan,nan,nan,nan,nan,nan,nan,nan,nan,nan,nan,nan,nan,nan,nan,nan,nan,nan,nan,nan,nan,nan,nan,nan,nan,nan,nan,nan,nan,nan,nan,nan,0.2359098104712553
1791061010.9333181,1.3303622217207502,2.4239649707555864,1.6092013281231796,-2.2446056191879226e-07,1.168602185792777e-06,0.19999986532366287,0.9042526546144162,0.0,0.0,-0.6724681948508622,-0.5238331042065615,-0.17415926632236342,-0.00208947395793357,0.0,0.0,0.0,-0.21931938695660774,3.221977644882913,-0.0013333685644651596,0.002203238675673419,0.0,0.0,0.0,-0.9688244838732225,1.768726710072615,-0.008969063891197174,0.23646996941718468,nan,nan,nan,nan,nan,nan,nan,0.02481728824885429,0.0,0.0,-2.2851432180459876,1.8252607028867607,8.74955865813023e-05,0.00024870252830241744,nan,nan,nan,nan,nan,nan,nan,nan,nan,nan,nan,nan,nan,nan,0.8701511807835518,0.0,0.0,-0.6292879565739211,0.6634894205625221,-0.16937318611603813,-0.0015407050230986947,nan,nan,nan,nan,nan,nan,nan,nan,nan,nan,nan,nan,nan,nan,nan,nan,nan,nan,nan,nan,nan,nan,nan,nan,nan,nan,nan,nan,nan,nan,nan,nan,nan,nan,nan,nan,nan,nan,nan,nan,nan,nan,nan,nan,nan,nan,nan,nan,nan,0.224463058948223
1791061011.0336907,1.3299480953736733,2.4461740351782124,1.6134989919012201,-2.031003153642493e-07,1.0573949848514268e-06,0.1999998781398108,0.9042526546144162,0.0,0.0,-0.689503680870357,-0.524070703034816,-0.15388502865252457,-0.0008980825828101711,0.0,0.0,0.0,-0.21925067614234445,3.2219488114188986,0.002043140440256135,0.00030227860042193917,0.0,0.0,0.0,-0.9700249660233358,1.7906386725375885,-0.017522974316566978,0.1980144679993016,nan,nan,nan,nan,nan,nan,nan,0.02481728824885429,0.0,0.0,-2.2851627147830036,1.8252947744831938,-0.002564633127073039,0.0030632021262936636,nan,nan,nan,nan,nan,nan,nan,nan,nan,nan,nan,nan,nan,nan,0.8701511807835518,0.0,0.0,-0.6456997383918134,0.6635735322970984,-0.17127685835341022,0.005341709689713661,nan,nan,nan,nan,nan,nan,nan,nan,nan,nan,nan,nan,nan,nan,nan,nan,nan,nan,nan,nan,nan,nan,nan,nan,nan,nan,nan,nan,nan,nan,nan,nan,nan,nan,nan,nan,nan,nan,nan,nan,nan,nan,nan,nan,nan,nan,nan,nan,nan,0.22685881093481855
1791061011.134417,1.3293517308642284,2.4674624633651825,1.6089808022433971,-1.8377276501687317e-07,9.567705482515791e-07,0.199999889736341,0.9042526546144162,0.0,0.0,-0.7062804254137367,-0.5244221913618037,-0.1769353902397264,-0.0032372251149824583,0.0,0.0,0.0,-0.21934748349575467,3.2219917957874302,-0.006095779597005459,0.0036996582203167195,0.0,0.0,0.0,-0.9711974936578268,1.8108919670879629,-0.027464411516517427,0.23982398734360877,nan,nan,nan,nan,nan,nan,nan,0.02481728824885429,0.0,0.0,-2.2851668070700226,1.8252769260949953,-0.0019018501572968275,0.00112825100625774,nan,nan,nan,nan,nan,nan,nan,nan,nan,nan,nan,nan,nan,nan,0.8701511807835518,0.0,0.0,-0.6606656978134027,0.6637256380740337,-0.1688741501776594,0.007016127126975933,nan,nan,nan,nan,nan,nan,nan,nan,nan,nan,nan,nan,nan,nan,nan,nan,nan,nan,nan,nan,nan,nan,nan,nan,nan,nan,nan,nan,nan,nan,nan,nan,nan,nan,nan,nan,nan,nan,nan,nan,nan,nan,nan,nan,nan,nan,nan,nan,nan,0.22919742364731566
1791061011.2337666,1.328141592350747,2.4907423791889762,1.6139733895775334,-1.664051996796993e-07,8.663503219034733e-07,0.19999990015688018,0.9042526546144162,0.0,0.0,-0.7233201606259028,-0.524780040540035,-0.17267144147816882,-0.006498891129445037,0.0,0.0,0.0,-0.2193256480091631,3.2219953662521674,0.0008481638784827365,0.00045679896133381487,0.0,0.0,0.0,-0.9721349335407075,1.832438004593631,-0.024905163236587497,0.22490885633059365,nan,nan,nan,nan,nan,nan,nan,0.02481728824885429,0.0,0.0,-2.2851308545548323,1.8252757366139285,0.002659094618570261,0.0005659216718826622,nan,nan,nan,nan,nan,nan,nan,nan,nan,nan,nan,nan,nan,nan,0.8701511807835518,0.0,0.0,-0.6773218513891469,0.6637618281993778,-0.16411077472232896,-0.005088855097474169,nan,nan,nan,nan,nan,nan,nan,nan,nan,nan,nan,nan,nan,nan,nan,nan,nan,nan,nan,nan,nan,nan,nan,nan,nan,nan,nan,nan,nan,nan,nan,nan,nan,nan,nan,nan,nan,nan,nan,nan,nan,nan,nan,nan,nan,nan,nan,nan,nan,0.2814865106596054
1791061011.3336723,1.3273130743259811,2.5096175856757705,1.6068732305816258,-1.506020802416685e-07,7.840750225824792e-07,0.19999990963875186,0.9042526546144162,0.0,0.0,-0.7420211307167979,-0.5251841520903439,-0.16908561866629307,-0.005142986492150447,0.0,0.0,0.0,-0.21924392843807916,3.2219596667072445,0.00664216889124437,-0.003309226693369767,0.0,0.0,0.0,-0.973813481849755,1.8565064719597086,-0.02309617312635506,0.21934217668724457,nan,nan,nan,nan,nan,nan,nan,0.02481728824885429,0.0,0.0,-2.28512651857138,1.825272629120471,0.002790408834407317,-0.002680634744208516,nan,nan,nan,nan,nan,nan,nan,nan,nan,nan,nan,nan,nan,nan,0.8701511807835518,0.0,0.0,-0.6958849041835643,0.6638016691374293,-0.17209748583240875,0.004153031656046604,nan,nan,nan,nan,nan,nan,nan,nan,nan,nan,nan,nan,nan,nan,nan,nan,nan,nan,nan,nan,nan,nan,nan,nan,nan,nan,nan,nan,nan,nan,nan,nan,nan,nan,nan,nan,nan,nan,nan,nan,nan,nan,nan,nan,nan,nan,nan,nan,nan,0.22258200218967103
1791061011.4339814,1.3271194172631529,2.534418027286509,1.6075550918046277,-1.3627039748150083e-07,7.094604192131806e-07,0.19999991823776153,0.9042526546144162,0.0,0.0,-0.7572745392926953,-0.5255187973129631,-0.17636314383330653,-0.006691381691767872,0.0,0.0,0.0,-0.21925854722694763,3.221955901314807,0.0015126486005200273,-0.0017130914207587238,0.0,0.0,0.0,-0.9755652160360694,1.878664509691846,-0.02752860893791556,0.22459103188964502,nan,nan,nan,nan,nan,nan,nan,0.02481728824885429,0.0,0.0,-2.2851742942807043,1.825319909694817,-0.0015363589030165255,0.002240924751245714,nan,nan,nan,nan,nan,nan,nan,nan,nan,nan,nan,nan,nan,nan,0.8701511807835518,0.0,0.0,-0.7111364726528918,0.6630281085162948,-0.16273050975211992,0.0028061275082716837,nan,nan,nan,nan,nan,nan,nan,nan,nan,nan,nan,nan,nan,nan,nan,nan,nan,nan,nan,nan,nan,nan,nan,nan,nan,nan,nan,nan,nan,nan,nan,nan,nan,nan,nan,nan,nan,nan,nan,nan,nan,nan,nan,nan,nan,nan,nan,nan,nan,0.23867237645209627
1791061011.5368233,1.3265989582927935,2.5560071879944686,1.6065181414748406,-1.233157109578528e-07,0.19013271417535654,0.19999992601057343,0.9042526546144162,0.0,0.0,-0.7757879472941861,-0.525840386609986,-0.15868290458494078,-0.0030556329572803305,1.0606681637100122,0.0,0.0,1.3608154033265525,2.5763877136621334,6.696321141547989,-2.5325155719603916,0.0,0.0,0.0,-0.9776334285014934,1.9006655739605502,-0.034035784132500045,0.22290563795096435,nan,nan,nan,nan,nan,nan,nan,0.02481728824885429,0.0,0.0,-2.285163079357105,1.8253040603976323,-0.0024992076053560017,0.0019867649936949777,nan,nan,nan,nan,nan,nan,nan,nan,nan,nan,nan,nan,nan,nan,0.8701511807835518,0.0,0.0,-0.7291771230661586,0.6629760500918469,-0.15786564537619938,-0.0028250135256378504,nan,nan,nan,nan,nan,nan,nan,nan,nan,nan,nan,nan,nan,nan,nan,nan,nan,nan,nan,nan,nan,nan,nan,nan,nan,nan,nan,nan,nan,nan,nan,nan,nan,nan,nan,nan,nan,nan,nan,nan,nan,nan,nan,nan,nan,nan,nan,nan,nan,0.22058185886701195
1791061011.633909,1.3255357635659202,2.5782673263083025,1.6002348087718703,-1.116117243042987e-07,0.17208707561213274,0.19999993303296543,0.9042526546144162,0.0,0.0,-0.7928499397212062,-0.5262105785313632,-0.16764909800125813,-0.004054027782658302,1.0606681637100122,0.0,0.0,-0.21983940950743472,3.2260359412092834,-0.011850097129430144,0.1147178290493277,0.0,0.0,0.0,-0.9790491732137301,1.9228696812525465,-0.02211384175814272,0.2230252267820919,nan,nan,nan,nan,nan,nan,nan,0.02481728824885429,0.0,0.0,-2.285142167421519,1.8252966050983002,0.0011517839434080507,0.0019342357362390045,nan,nan,nan,nan,nan,nan,nan,nan,nan,nan,nan,nan,nan,nan,0.8701511807835518,0.0,0.0,-0.7457544607956519,0.6630021561352613,-0.17146163407798315,0.0007655183544757826,nan,nan,nan,nan,nan,nan,nan,nan,nan,nan,nan,nan,nan,nan,nan,nan,nan,nan,nan,nan,nan,nan,nan,nan,nan,nan,nan,nan,nan,nan,nan,nan,nan,nan,nan,nan,nan,nan,nan,nan,nan,nan,nan,nan,nan,nan,nan,nan,nan,0.2589007041273725
1791061011.7335088,1.3254755382267358,2.6001470170835157,1.5980656986927007,-1.0099098407085289e-07,0.15571162635711736,0.19999993940540958,0.9042526546144162,0.0,0.0,-0.8078931082281281,-0.5264785170225452,-0.18107104969517843,-0.0024942821838289733,1.0606681637100122,0.0,0.0,-0.22258064535451183,3.2408513906603913,-0.07580960885752168,0.014936101858601487,0.0,0.0,0.0,-0.9808608074911057,1.9447949533924664,-0.015963483922383764,0.21359315007622987,nan,nan,nan,nan,nan,nan,nan,0.02481728824885429,0.0,0.0,-2.285175455364254,1.825300968798865,0.0009675715517715547,-0.0016103606871906426,nan,nan,nan,nan,nan,nan,nan,nan,nan,nan,nan,nan,nan,nan,0.8701511807835518,0.0,0.0,-0.76233268228344,0.6630627875881907,-0.16012563737186458,-0.009260324551616832,nan,nan,nan,nan,nan,nan,nan,nan,nan,nan,nan,nan,nan,nan,nan,nan,nan,nan,nan,nan,nan,nan,nan,nan,nan,nan,nan,nan,nan,nan,nan,nan,nan,nan,nan,nan,nan,nan,nan,nan,nan,nan,nan,nan,nan,nan,nan,nan,nan,0.26547960413345534
1791061011.8335268,1.3236027381223547,2.6224629085516655,1.6003858128134942,-9.138042130161333e-08,0.14089370599745868,0.19999994517174724,0.9042526546144162,0.0,0.0,-0.8249191293122744,-0.5267873410640337,-0.1661182443596853,-0.0008002047535446223,1.0606681637100122,0.0,0.0,-0.23610653678075047,3.2371950070092463,0.033178429041427114,-0.011311354079809878,0.0,0.0,0.0,-0.982080714369912,1.9669771141247638,0.03766427048469886,0.22686450731135874,nan,nan,nan,nan,nan,nan,nan,0.02481728824885429,0.0,0.0,-2.285119766956385,1.825287353619774,0.003106392361237257,-0.00030124541531574155,nan,nan,nan,nan,nan,nan,nan,nan,nan,nan,nan,nan,nan,nan,0.8701511807835518,0.0,0.0,-0.7783090120227146,0.6630770190675518,-0.17197077623789564,-0.002707896631964408,nan,nan,nan,nan,nan,nan,nan,nan,nan,nan,nan,nan,nan,nan,nan,nan,nan,nan,nan,nan,nan,nan,nan,nan,nan,nan,nan,nan,nan,nan,nan,nan,nan,nan,nan,nan,nan,nan,nan,nan,nan,nan,nan,nan,nan,nan,nan,nan,nan,0.22875336609059396
1791061011.9329698,1.3244307376218554,2.644782294871066,1.5887011300127458,-8.269567050875124e-08,0.12750323671047692,0.1999999503825977,0.9042526546144162,0.0,0.0,-0.8441605739408508,-0.5272964734746758,-0.1744953507234274,-0.014015662380480423,1.0606681637100122,0.0,0.0,-0.23682631109716393,3.24086667349131,0.0026359670736539036,0.005673502235967844,0.0,0.0,0.0,-0.9842494902879304,1.9888963499152996,-0.0013223849799680661,0.2358492550667595,nan,nan,nan,nan,nan,nan,nan,0.02481728824885429,0.0,0.0,-2.2851755017998383,1.825341446198651,0.0011655153907869872,-0.0001579414681252019,nan,nan,nan,nan,nan,nan,nan,nan,nan,nan,nan,nan,nan,nan,0.8701511807835518,0.0,0.0,-0.7984634307915706,0.6628745042923039,-0.18781474077687801,0.005506415598155465,nan,nan,nan,nan,nan,nan,nan,nan,nan,nan,nan,nan,nan,nan,nan,nan,nan,nan,nan,nan,nan,nan,nan,nan,nan,nan,nan,nan,nan,nan,nan,nan,nan,nan,nan,nan,nan,nan,nan,nan,nan,nan,nan,nan,nan,nan,nan,nan,nan,0.22339819585115805
1791061012.0320153,1.3230061080731994,2.666985867350052,1.59643340843872,-7.483019965619654e-08,0.11537596347134756,0.1999999551018802,0.9042526546144162,0.0,0.0,-0.8613413862616836,-0.5275572186961004,-0.18245889335633533,-0.004312349215569873,1.0606681637100122,0.0,0.0,-0.23644356414399964,3.2406433391547553,-0.0015448492557801937,0.0014944543003086548,0.0,0.0,0.0,-0.986059062169092,2.0107719444292536,-0.055840962017833694,0.2308706539877648,nan,nan,nan,nan,nan,nan,nan,0.02481728824885429,0.0,0.0,-2.285156073571948,1.8253236976485425,-0.0008177568862695233,0.0013990292202596113,nan,nan,nan,nan,nan,nan,nan,nan,nan,nan,nan,nan,nan,nan,0.8701511807835518,0.0,0.0,-0.8156000429186002,0.6626789964463212,-0.17584163999333735,-0.0018128747294522728,nan,nan,nan,nan,nan,nan,nan,nan,nan,nan,nan,nan,nan,nan,nan,nan,nan,nan,nan,nan,nan,nan,nan,nan,nan,nan,nan,nan,nan,nan,nan,nan,nan,nan,nan,nan,nan,nan,nan,nan,nan,nan,nan,nan,nan,nan,nan,nan,nan,0.22906068010573316
1791061012.132983,1.3235841482005235,2.6889348570129,1.5906360775630835,-6.770916467028076e-08,0.10439648892513509,0.1999999593745012,0.9042526546144162,0.0,0.0,-0.878576381931122,-0.5278523198493336,-0.17478891095774912,-0.0018346014114878385,1.0606681637100122,0.0,0.0,-0.2363871919198507,3.2406225640251916,0.0085701468750204,-0.0011259185904134213,0.0,0.0,0.0,-0.9878978820408985,2.0330326000728287,-0.016353732921061622,0.2159570390147826,nan,nan,nan,nan,nan,nan,nan,0.02481728824885429,0.0,0.0,-2.285142210802897,1.8252904873942513,-0.0006333600593475933,-0.0010222867288338093,nan,nan,nan,nan,nan,nan,nan,nan,nan,nan,nan,nan,nan,nan,0.8701511807835518,0.0,0.0,-0.8331029427784861,0.6624311386597993,-0.18997643924822818,0.003362585004095791,nan,nan,nan,nan,nan,nan,nan,nan,nan,nan,nan,nan,nan,nan,nan,nan,nan,nan,nan,nan,nan,nan,nan,nan,nan,nan,nan,nan,nan,nan,nan,nan,nan,nan,nan,nan,nan,nan,nan,nan,nan,nan,nan,nan,nan,nan,nan,nan,nan,0.25029197163814054
1791061012.2330408,1.3218652354503577,2.710515049076566,1.5933797349432142,-6.126578575776338e-08,0.09446184952208365,0.19999996324052857,0.9042526546144162,0.0,0.0,-0.8947509005502233,-0.5282148276445271,-0.17989939017715148,-0.0025250055986377686,1.0606681637100122,0.0,0.0,-0.23640582089503653,3.2406657556502427,0.006911947689037206,0.00016574610553908873,0.0,0.0,0.0,-0.989524409597199,2.0552750874099543,-0.005936446418221933,0.23192236409499517,nan,nan,nan,nan,nan,nan,nan,0.02481728824885429,0.0,0.0,-2.2851472525105665,1.8252739797881372,0.0008806137290372512,-0.00017896325688547548,nan,nan,nan,nan,nan,nan,nan,nan,nan,nan,nan,nan,nan,nan,0.8701511807835518,0.0,0.0,-0.8500225402334138,0.6624272405133679,-0.15878994790329973,0.002804346283534734,nan,nan,nan,nan,nan,nan,nan,nan,nan,nan,nan,nan,nan,nan,nan,nan,nan,nan,nan,nan,nan,nan,nan,nan,nan,nan,nan,nan,nan,nan,nan,nan,nan,nan,nan,nan,nan,nan,nan,nan,nan,nan,nan,nan,nan,nan,nan,nan,nan,0.24859031775690713
1791061012.3322518,1.3224636696906333,2.732471448575026,1.5951837062856535,-5.543894522604068e-08,0.0854778117481615,0.1999999667366329,0.9042526546144162,0.0,0.0,-0.9125933129055838,-0.5287054529384402,-0.16893267687703029,-0.004868398867383373,1.0606681637100122,0.0,0.0,-0.23636185589566489,3.240633778278099,0.001746794131847697,0.00024519640118796044,0.0,0.0,0.0,-0.9915784326304593,2.077122656729324,-0.011627641674613625,0.22752273829741837,nan,nan,nan,nan,nan,nan,nan,0.02481728824885429,0.0,0.0,-2.2851684066096043,1.8253100444572359,-0.0025585693828865386,0.0001888322813698724,nan,nan,nan,nan,nan,nan,nan,nan,nan,nan,nan,nan,nan,nan,0.8701511807835518,0.0,0.0,-0.8663757871872766,0.6622940372512641,-0.1628430695031879,-0.0028075333358327666,nan,nan,nan,nan,nan,nan,nan,nan,nan,nan,nan,nan,nan,nan,nan,nan,nan,nan,nan,nan,nan,nan,nan,nan,nan,nan,nan,nan,nan,nan,nan,nan,nan,nan,nan,nan,nan,nan,nan,nan,nan,nan,nan,nan,nan,nan,nan,nan,nan,0.2344929233567861
1791061012.4333699,1.3232569228641162,2.7546325881735347,1.5905230920777147,-5.016343011835814e-08,0.07734382785993169,0.19999996990194194,0.9042526546144162,0.0,0.0,-0.9331551776565509,-0.5292623434750758,-0.1975999098783897,-0.0070933331234751,1.0606681637100122,0.0,0.0,-0.2214503386604177,3.2422399804252993,-0.0006121444061204719,-0.0008654020396956162,0.0,0.0,0.0,-0.9934355909902595,2.0991009837955987,-0.027041031590589897,0.21738771749837438,nan,nan,nan,nan,nan,nan,nan,0.02481728824885429,0.0,0.0,-2.2851712913673006,1.8253252864736125,-0.002370377150989869,0.0018059648466835733,nan,nan,nan,nan,nan,nan,nan,nan,nan,nan,nan,nan,nan,nan,0.8701511807835518,0.0,0.0,-0.8836714117194258,0.6621800933521151,-0.1750431722970104,-0.0005909325918820791,nan,nan,nan,nan,nan,nan,nan,nan,nan,nan,nan,nan,nan,nan,nan,nan,nan,nan,nan,nan,nan,nan,nan,nan,nan,nan,nan,nan,nan,nan,nan,nan,nan,nan,nan,nan,nan,nan,nan,nan,nan,nan,nan,nan,nan,nan,nan,nan,nan,0.19396443903915425
1791061012.533412,1.3225517623215233,2.7766615097110763,1.5967545962861556,-4.538974860303976e-08,0.06998358952479833,0.19999997276615086,0.9042526546144162,0.0,0.0,-0.9510096800051496,-0.5297044648131384,-0.18144158298595947,-0.0038337338071717385,1.0606681637100122,0.0,0.0,-0.2214211288326251,3.242259273361743,-0.0014123516535043223,0.00048067127177102057,0.0,0.0,0.0,-0.9959144984250399,2.122453209741382,-0.022968814386000895,0.2080262534382491,nan,nan,nan,nan,nan,nan,nan,0.02481728824885429,0.0,0.0,-2.285155279547023,1.825280557643844,-0.000307612242875207,0.0005545982759317023,nan,nan,nan,nan,nan,nan,nan,nan,nan,nan,nan,nan,nan,nan,0.8701511807835518,0.0,0.0,-0.9002822423686148,0.6622424105035662,-0.16806086548136218,0.002046272312082561,nan,nan,nan,nan,nan,nan,nan,nan,nan,nan,nan,nan,nan,nan,nan,nan,nan,nan,nan,nan,nan,nan,nan,nan,nan,nan,nan,nan,nan,nan,nan,nan,nan,nan,nan,nan,nan,nan,nan,nan,nan,nan,nan,nan,nan,nan,nan,nan,nan,0.23089699813222195
1791061012.6330383,1.322321882583325,2.7961913298809855,1.5966067338979566,-4.107055901667047e-08,0.06332410361894318,0.1999999753576646,0.9042526546144162,0.0,0.0,-0.9674200966347682,-0.5301203760871361,-0.17783660015571906,-0.002554148759947067,1.0606681637100122,0.0,0.0,-0.2214098096206199,3.2422530755771573,0.0018510071430824612,0.0006609035969758303,0.0,0.0,0.0,-0.9978696292658469,2.1447008241535124,-0.027157202185714217,0.2236822918672467,nan,nan,nan,nan,nan,nan,nan,0.02481728824885429,0.0,0.0,-2.2851645254848743,1.8253119275658474,-5.947132894382703e-05,0.0002576673053050429,nan,nan,nan,nan,nan,nan,nan,nan,nan,nan,nan,nan,nan,nan,0.8701511807835518,0.0,0.0,-0.9169273464206322,0.6620488311167524,-0.16469470774575903,-0.0035706850096634104,nan,nan,nan,nan,nan,nan,nan,nan,nan,nan,nan,nan,nan,nan,nan,nan,nan,nan,nan,nan,nan,nan,nan,nan,nan,nan,nan,nan,nan,nan,nan,nan,nan,nan,nan,nan,nan,nan,nan,nan,nan,nan,nan,nan,nan,nan,nan,nan,nan,0.23347585823555372
1791061012.7331085,1.3210422686714844,2.8178257980727004,1.5963907405869857,-3.7163538416401357e-08,0.057300115067134956,0.19999997770187694,0.9042526546144162,0.0,0.0,-0.9856210765361659,-0.5305851063075893,-0.1901583746926634,-0.0064065316042548675,1.0606681637100122,0.0,0.0,-0.23674092132319474,3.237491544851691,0.002389618099175991,0.0004142101214000481,0.0,0.0,0.0,-1.0003603956103895,2.1671704968751477,-0.01813550901166523,0.22904231856738233,nan,nan,nan,nan,nan,nan,nan,0.02481728824885429,0.0,0.0,-2.285138435757807,1.825285604517286,0.00017786806445893913,-0.0013991074337169336,nan,nan,nan,nan,nan,nan,nan,nan,nan,nan,nan,nan,nan,nan,0.8701511807835518,0.0,0.0,-0.9342564910726153,0.6618274175586816,-0.17462755991073647,-0.00446086290894796,nan,nan,nan,nan,nan,nan,nan,nan,nan,nan,nan,nan,nan,nan,nan,nan,nan,nan,nan,nan,nan,nan,nan,nan,nan,nan,nan,nan,nan,nan,nan,nan,nan,nan,nan,nan,nan,nan,nan,nan,nan,nan,nan,nan,nan,nan,nan,nan,nan,0.1952145254327501
1791061012.833612,1.3221479363106394,2.8388982459289207,1.5927523085448698,-3.362696015682826e-08,0.05184728818754933,0.19999997982382392,0.9042526546144162,0.0,0.0,-1.005382751789185,-0.5310241074828516,-0.17610814833013627,-0.005191719505538008,1.0606681637100122,0.0,0.0,-0.23682802260050906,3.237478251285581,-0.004319940672977466,-0.0011930350275041808,0.0,0.0,0.0,-1.0023743288289981,2.1887490584521774,-0.02191592373101771,0.21916783462046707,nan,nan,nan,nan,nan,nan,nan,0.02481728824885429,0.0,0.0,-2.2851362517275797,1.8252887528790191,0.0005623116085603501,-0.0010930576659445637,nan,nan,nan,nan,nan,nan,nan,nan,nan,nan,nan,nan,nan,nan,0.8701511807835518,0.0,0.0,-0.9510224509854529,0.6617841453889773,-0.1672317784618931,0.0048844587675915254,nan,nan,nan,nan,nan,nan,nan,nan,nan,nan,nan,nan,nan,nan,nan,nan,nan,nan,nan,nan,nan,nan,nan,nan,nan,nan,nan,nan,nan,nan,nan,nan,nan,nan,nan,nan,nan,nan,nan,nan,nan,nan,nan,nan,nan,nan,nan,nan,nan,0.18556194596967324
1791061012.9330323,1.321749127107586,2.8580674724746817,1.5922040216190092,-3.043388004999634e-08,0.04692407943681043,0.19999998173967198,0.9042526546144162,0.0,0.0,-1.0237417347963318,-0.5314578414887715,-0.18976302222568214,-0.003051804391791791,1.0606681637100122,0.0,0.0,-0.23686288582958018,3.2374851758412837,-0.011746978264412903,-0.0005225906033922794,0.0,0.0,0.0,-1.0047302855216556,2.210537521769256,-0.020407947220268653,0.2018440366721398,nan,nan,nan,nan,nan,nan,nan,0.02481728824885429,0.0,0.0,-2.2851449590641413,1.8253194060442672,-0.0009012924608886541,0.0004959902925121601,nan,nan,nan,nan,nan,nan,nan,nan,nan,nan,nan,nan,nan,nan,0.8701511807835518,0.0,0.0,-0.9678300714142384,0.6615367576064006,-0.16660270954467077,-0.0031883656575769845,nan,nan,nan,nan,nan,nan,nan,nan,nan,nan,nan,nan,nan,nan,nan,nan,nan,nan,nan,nan,nan,nan,nan,nan,nan,nan,nan,nan,nan,nan,nan,nan,nan,nan,nan,nan,nan,nan,nan,nan,nan,nan,nan,nan,nan,nan,nan,nan,nan,0.17353693946467713
1791061013.0330021,1.3224834618818884,2.876790281214935,1.5992797112987676,-2.7539322474804966e-08,0.04246114374246022,0.19999998347640652,0.9042526546144162,0.0,0.0,-1.0416303405501346,-0.5318771865258356,-0.17796705704193938,-0.004027135765786869,1.0606681637100122,0.0,0.0,-0.23671952934302942,3.2374984527727584,0.0002950672827879224,0.0022697225469446134,0.0,0.0,0.0,-1.0074645331998136,2.2325435293768425,-0.03018109967901236,0.2144817444787285,nan,nan,nan,nan,nan,nan,nan,0.02481728824885429,0.0,0.0,-2.285095607520215,1.8252757263061399,0.004325708200471165,-0.0023617726285271824,nan,nan,nan,nan,nan,nan,nan,nan,nan,nan,nan,nan,nan,nan,0.8701511807835518,0.0,0.0,-0.9856245829485857,0.661219995169201,-0.18145976627999025,0.0004575730923977385,nan,nan,nan,nan,nan,nan,nan,nan,nan,nan,nan,nan,nan,nan,nan,nan,nan,nan,nan,nan,nan,nan,nan,nan,nan,nan,nan,nan,nan,nan,nan,nan,nan,nan,nan,nan,nan,nan,nan,nan,nan,nan,nan,nan,nan,nan,nan,nan,nan,0.13966678329295898
1791061013.1332357,1.3204897566790221,2.89388414496045,1.5961623987328268,-2.491860945075167e-08,0.03842043168340828,0.19999998504883434,0.9042526546144162,0.0,0.0,-1.060529388391484,-0.5322245010587675,-0.1960160004404274,-0.004030592822372182,1.0606681637100122,0.0,0.0,-0.2368150353886712,3.2374948607312284,-0.003885366171991681,0.00034865332714237594,0.0,0.0,0.0,-1.010041356985059,2.2544382804784524,-0.03159525329773949,0.22751898302115642,nan,nan,nan,nan,nan,nan,nan,0.02481728824885429,0.0,0.0,-2.285122347018324,1.8252974319572979,-0.0003924235668109087,-0.0023010954591918533,nan,nan,nan,nan,nan,nan,nan,nan,nan,nan,nan,nan,nan,nan,0.8701511807835518,0.0,0.0,-1.0022217561756173,0.6609777228439416,-0.15710315683762766,0.0035897883297143426,nan,nan,nan,nan,nan,nan,nan,nan,nan,nan,nan,nan,nan,nan,nan,nan,nan,nan,nan,nan,nan,nan,nan,nan,nan,nan,nan,nan,nan,nan,nan,nan,nan,nan,nan,nan,nan,nan,nan,nan,nan,nan,nan,nan,nan,nan,nan,nan,nan,0.1725252601814466
1791061013.2329574,1.3202312358483665,2.909449254797106,1.596019490226142,-2.2549005549043713e-08,0.03476688893648096,0.1999999864705967,0.9042526546144162,0.0,0.0,-1.078327689251603,-0.5325387764803362,-0.16891201675432743,-0.00034168498918697146,1.0606681637100122,0.0,0.0,-0.2368318439087036,3.2374837475056593,-0.005233832217855353,7.536122575934039e-05,0.0,0.0,0.0,-1.0126154957779951,2.276030991695517,-0.029162351232553563,0.22707301358356508,nan,nan,nan,nan,nan,nan,nan,0.02481728824885429,0.0,0.0,-2.285153781148277,1.825299383952845,-0.0016847925727273214,0.0010164842225005022,nan,nan,nan,nan,nan,nan,nan,nan,nan,nan,nan,nan,nan,nan,0.8701511807835518,0.0,0.0,-1.018683189977742,0.6604318808814187,-0.1638620303777931,-0.004682636379327004,nan,nan,nan,nan,nan,nan,nan,nan,nan,nan,nan,nan,nan,nan,nan,nan,nan,nan,nan,nan,nan,nan,nan,nan,nan,nan,nan,nan,nan,nan,nan,nan,nan,nan,nan,nan,nan,nan,nan,nan,nan,nan,nan,nan,nan,nan,nan,nan,nan,0.22420260654546445
1791061013.3334768,1.319040756956223,2.9269677184289056,1.5899562854538376,-2.040318396698072e-08,0.03145838202876716,0.19999998775808964,0.9042526546144162,0.0,0.0,-1.0950104708258164,-0.5328865375403741,-0.19055304147932656,-0.0032147702329549427,1.0606681637100122,0.0,0.0,-0.23678381076489752,3.237495126230897,-0.0015183145092755855,-0.00018112087026627606,0.0,0.0,0.0,-1.0153292494127424,2.2973871552113767,-0.01714679267651804,0.20911521426935337,nan,nan,nan,nan,nan,nan,nan,0.02481728824885429,0.0,0.0,-2.285147095461014,1.8252989121212297,0.0010208133087963459,0.00012649654130444281,nan,nan,nan,nan,nan,nan,nan,nan,nan,nan,nan,nan,nan,nan,0.8701511807835518,0.0,0.0,-1.035058935607014,0.6600752621133414,-0.1701140866644631,-0.0005102939140741341,nan,nan,nan,nan,nan,nan,nan,nan,nan,nan,nan,nan,nan,nan,nan,nan,nan,nan,nan,nan,nan,nan,nan,nan,nan,nan,nan,nan,nan,nan,nan,nan,nan,nan,nan,nan,nan,nan,nan,nan,nan,nan,nan,nan,nan,nan,nan,nan,nan,0.22158846120734005
1791061013.4333453,1.3212537689402086,2.9477781511423955,1.5920053298813057,-1.8461564306462893e-08,0.02846472117985341,0.19999998892306142,0.9042526546144162,0.0,0.0,-1.1137836394448712,-0.5333332417616944,-0.19632610021505037,-0.007059976354117986,1.0606681637100122,0.0,0.0,-0.23682784753598432,3.237510890399989,-0.002429354044944738,0.0006225424650207606,0.0,0.0,0.0,-1.0181083490653822,2.3192165661962196,-0.029709531820414543,0.20600228644988472,nan,nan,nan,nan,nan,nan,nan,0.02481728824885429,0.0,0.0,-2.2851642332033975,1.8253244475467854,0.0008168231779625128,0.0019682274860717357,nan,nan,nan,nan,nan,nan,nan,nan,nan,nan,nan,nan,nan,nan,0.8701511807835518,0.0,0.0,-1.0510121421858063,0.6599604642195223,-0.1655719183827571,0.0012947463538176955,nan,nan,nan,nan,nan,nan,nan,nan,nan,nan,nan,nan,nan,nan,nan,nan,nan,nan,nan,nan,nan,nan,nan,nan,nan,nan,nan,nan,nan,nan,nan,nan,nan,nan,nan,nan,nan,nan,nan,nan,nan,nan,nan,nan,nan,nan,nan,nan,nan,0.14285276963379823
1791061013.533437,1.3214226359898378,2.9674893832408387,1.6049806941117049,-1.67047141854547e-08,0.025755944825956712,0.1999999899771715,0.9042526546144162,0.0,0.0,-1.1327305676082724,-0.5337719319008962,-0.18650647195832973,-0.008552965931386595,1.0606681637100122,0.0,0.0,-0.23672207627300615,3.2374859357350454,0.0026020253393384753,-0.00036582182507503076,0.0,0.0,0.0,-1.0204428782343187,2.3410973591029984,-0.0261109789481991,0.22689538564513984,nan,nan,nan,nan,nan,nan,nan,0.02481728824885429,0.0,0.0,-2.2851724505159163,1.8253143671657397,0.0005373613142068483,0.0005452739544826114,nan,nan,nan,nan,nan,nan,nan,nan,nan,nan,nan,nan,nan,nan,0.8701511807835518,0.0,0.0,-1.0678277794339825,0.6597076063778037,-0.16609730419430127,-0.0032860649355743003,nan,nan,nan,nan,nan,nan,nan,nan,nan,nan,nan,nan,nan,nan,nan,nan,nan,nan,nan,nan,nan,nan,nan,nan,nan,nan,nan,nan,nan,nan,nan,nan,nan,nan,nan,nan,nan,nan,nan,nan,nan,nan,nan,nan,nan,nan,nan,nan,nan,0.20110562523999934
1791061013.6338916,1.321782475834838,2.9832054959722414,1.5993541156730608,-1.5115050457563042e-08,0.023304942623054443,0.19999999093096973,0.9042526546144162,0.0,0.0,-1.1531362652693193,-0.5343517726913245,-0.18383493704247994,-0.0031793706648786937,1.0606681637100122,0.0,0.0,-0.2367187981975913,3.2375068554467767,-0.003796274530758382,0.0019407118583331143,0.0,0.0,0.0,-1.0222853267320153,2.362589368828627,-0.003980474022911457,0.22083200310840584,nan,nan,nan,nan,nan,nan,nan,0.02481728824885429,0.0,0.0,-2.2851304873522573,1.82532078392544,0.0018648628989408628,0.0009110056747380048,nan,nan,nan,nan,nan,nan,nan,nan,nan,nan,nan,nan,nan,nan,0.8701511807835518,0.0,0.0,-1.0853691677632928,0.6592620302891454,-0.1845987271276699,-0.0006937666409735339,nan,nan,nan,nan,nan,nan,nan,nan,nan,nan,nan,nan,nan,nan,nan,nan,nan,nan,nan,nan,nan,nan,nan,nan,nan,nan,nan,nan,nan,nan,nan,nan,nan,nan,nan,nan,nan,nan,nan,nan,nan,nan,nan,nan,nan,nan,nan,nan,nan,0.21818671138832138
1791061013.734162,1.3211615728772508,3.003402060076096,1.6052700689886645,-1.3676663233999412e-08,0.021087184117451044,0.19999999179400207,0.9042526546144162,0.0,0.0,-1.169664871217736,-0.5347188974738405,-0.17948527723126306,-0.0027042510390563124,1.0606681637100122,0.0,0.0,-0.23681175798849968,3.237491441623581,-0.0024104576291190632,-0.00018744679890571192,0.0,0.0,0.0,-1.0252985776749504,2.3842142363860455,-0.011197948238352372,0.2164715825447254,nan,nan,nan,nan,nan,nan,nan,0.02481728824885429,0.0,0.0,-2.2851541006769582,1.8253340297151692,-0.0013002847511008444,0.002571837110800789,nan,nan,nan,nan,nan,nan,nan,nan,nan,nan,nan,nan,nan,nan,0.8701511807835518,0.0,0.0,-1.1007721206488381,0.6591107651000839,-0.16909136438616457,0.004225997090999629,nan,nan,nan,nan,nan,nan,nan,nan,nan,nan,nan,nan,nan,nan,nan,nan,nan,nan,nan,nan,nan,nan,nan,nan,nan,nan,nan,nan,nan,nan,nan,nan,nan,nan,nan,nan,nan,nan,nan,nan,nan,nan,nan,nan,nan,nan,nan,nan,nan,0.23768076785855424
1791061013.8333168,1.3205036225722457,3.0237755717155492,1.5921644574964307,-1.2382138927055213e-08,0.01909123876601568,0.19999999257071666,0.9042526546144162,0.0,0.0,-1.1881693280479002,-0.5351976088958994,-0.1917040634400879,-0.006213458436258538,1.0606681637100122,0.0,0.0,-0.23679881744149647,3.237491742226957,-0.0012502401065854288,-0.0011410931376444023,0.0,0.0,0.0,-1.0266859010813658,2.404229630826193,0.025598668128549728,0.23168618009725422,nan,nan,nan,nan,nan,nan,nan,0.02481728824885429,0.0,0.0,-2.285130237447697,1.8253172121169634,-0.0005802808543482861,0.002253982352392165,nan,nan,nan,nan,nan,nan,nan,nan,nan,nan,nan,nan,nan,nan,0.8701511807835518,0.0,0.0,-1.1190771811964721,0.6585666950171819,-0.16578627400147145,-0.007261919812090739,nan,nan,nan,nan,nan,nan,nan,nan,nan,nan,nan,nan,nan,nan,nan,nan,nan,nan,nan,nan,nan,nan,nan,nan,nan,nan,nan,nan,nan,nan,nan,nan,nan,nan,nan,nan,nan,nan,nan,nan,nan,nan,nan,nan,nan,nan,nan,nan,nan,0.21382674790725648
1791061013.9339082,1.3198030000548766,3.045503128261549,1.5898963409299633,-1.120382262020131e-08,0.01727446719782688,0.19999999327770646,0.9042526546144162,0.0,0.0,-1.2091208952476697,-0.5361227386941447,-0.17410441273362146,-0.005680228042608996,1.0606681637100122,0.0,0.0,-0.23686363018666587,3.237491365388428,-0.00372063841908772,-0.00016694536918015113,0.0,0.0,0.0,-1.0290796561190148,2.4282658380624818,-0.00555435650472148,0.21229133511222475,nan,nan,nan,nan,nan,nan,nan,0.02481728824885429,0.0,0.0,-2.285155879351666,1.825292333802377,-0.00029601209634143576,-0.0007690418239914999,nan,nan,nan,nan,nan,nan,nan,nan,nan,nan,nan,nan,nan,nan,0.8701511807835518,0.0,0.0,-1.1356964608718665,0.6580616623775299,-0.16927815335065094,-0.004462761662231156,nan,nan,nan,nan,nan,nan,nan,nan,nan,nan,nan,nan,nan,nan,nan,nan,nan,nan,nan,nan,nan,nan,nan,nan,nan,nan,nan,nan,nan,nan,nan,nan,nan,nan,nan,nan,nan,nan,nan,nan,nan,nan,nan,nan,nan,nan,nan,nan,nan,0.20522197982686807
1791061014.0338736,1.3201619228647712,3.0668848294514337,1.6152222014218247,-1.0140509594549277e-08,0.01563501193284179,0.19999999391569426,0.9042526546144162,0.0,0.0,-1.2272115331667723,-0.5366400918159995,-0.18255500329028881,-0.005010763761509071,1.0606681637100122,0.0,0.0,-0.23671975971954387,3.2374940211535606,0.007148746054071768,-0.0006276976520068317,0.0,0.0,0.0,-1.0314518714028809,2.4501275818284776,-0.045564782018486405,0.23835388940317356,nan,nan,nan,nan,nan,nan,nan,0.02481728824885429,0.0,0.0,-2.285166697415099,1.8253106712909548,-0.0020976237233741833,0.0018177666692046,nan,nan,nan,nan,nan,nan,nan,nan,nan,nan,nan,nan,nan,nan,0.8701511807835518,0.0,0.0,-1.1519169760554715,0.6576937470720993,-0.16246903059059983,0.0004473850115302821,nan,nan,nan,nan,nan,nan,nan,nan,nan,nan,nan,nan,nan,nan,nan,nan,nan,nan,nan,nan,nan,nan,nan,nan,nan,nan,nan,nan,nan,nan,nan,nan,nan,nan,nan,nan,nan,nan,nan,nan,nan,nan,nan,nan,nan,nan,nan,nan,nan,0.261070505214215
1791061014.1343014,1.3193847405255485,3.0865813399467914,1.5994956604652022,-9.175512522116365e-09,0.014147143832923426,0.1999999944946925,0.9042526546144162,0.0,0.0,-1.2447622870628585,-0.5371984544734891,-0.16629618218573494,-0.011194123660444184,1.0606681637100122,0.0,0.0,-0.23673105935117844,3.2374658635914733,0.006683097579353458,-0.00042534791414125886,0.0,0.0,0.0,-1.0332478924957553,2.4717755961149557,0.004034808522583229,0.209338744647599,nan,nan,nan,nan,nan,nan,nan,0.02481728824885429,0.0,0.0,-2.2851365326829827,1.8252881554397127,-0.00026612530852705013,-0.0004965462398293854,nan,nan,nan,nan,nan,nan,nan,nan,nan,nan,nan,nan,nan,nan,0.8701511807835518,0.0,0.0,-1.168724733077581,0.6575516006760435,-0.1694281753125123,-0.007345678149387694,nan,nan,nan,nan,nan,nan,nan,nan,nan,nan,nan,nan,nan,nan,nan,nan,nan,nan,nan,nan,nan,nan,nan,nan,nan,nan,nan,nan,nan,nan,nan,nan,nan,nan,nan,nan,nan,nan,nan,nan,nan,nan,nan,nan,nan,nan,nan,nan,nan,0.22127240653334662
1791061014.2331085,1.3193060308074382,3.1085838596245257,1.603002410682818,-8.305416999276355e-09,0.012805598444550818,0.1999999950167498,0.9042526546144162,0.0,0.0,-1.2606822058843374,-0.537589887359165,-0.17036484998541382,-0.003943280160228661,1.0606681637100122,0.0,0.0,-0.23675377978171963,3.2374899495904224,0.0016024919056770036,0.0009208247354158791,0.0,0.0,0.0,-1.0356242897744392,2.4937593853633464,-0.0178714958714443,0.2087641332277176,nan,nan,nan,nan,nan,nan,nan,0.02481728824885429,0.0,0.0,-2.285147874644241,1.825316720077039,-0.0005056861572573762,0.0009737404112551628,nan,nan,nan,nan,nan,nan,nan,nan,nan,nan,nan,nan,nan,nan,0.8701511807835518,0.0,0.0,-1.185726447172463,0.65691946932683,-0.17834039049866643,-0.007369174958584094,nan,nan,nan,nan,nan,nan,nan,nan,nan,nan,nan,nan,nan,nan,nan,nan,nan,nan,nan,nan,nan,nan,nan,nan,nan,nan,nan,nan,nan,nan,nan,nan,nan,nan,nan,nan,nan,nan,nan,nan,nan,nan,nan,nan,nan,nan,nan,nan,nan,0.22268064307622165
1791061014.3334,1.3197524314711744,3.129214816751016,1.60212467297653,-7.515679774128115e-09,0.011587952445217691,0.19999999549059214,0.9042526546144162,0.0,0.0,-1.2794417871824038,-0.5380849973479779,-0.1676860763117843,-0.003684999792202945,1.0606681637100122,0.0,0.0,-0.23679459769669767,3.237480851196996,0.00026637076562000634,-0.001049632545345174,0.0,0.0,0.0,-1.0380098150270538,2.51596003487878,-0.037445249633637455,0.22091387652606664,nan,nan,nan,nan,nan,nan,nan,0.02481728824885429,0.0,0.0,-2.285136334151727,1.8253073254649421,-0.0012135842230037073,0.0016071812045759352,nan,nan,nan,nan,nan,nan,nan,nan,nan,nan,nan,nan,nan,nan,0.8701511807835518,0.0,0.0,-1.2024018649260049,0.6563225626630957,-0.16048588369218397,-0.004277256498780984,nan,nan,nan,nan,nan,nan,nan,nan,nan,nan,nan,nan,nan,nan,nan,nan,nan,nan,nan,nan,nan,nan,nan,nan,nan,nan,nan,nan,nan,nan,nan,nan,nan,nan,nan,nan,nan,nan,nan,nan,nan,nan,nan,nan,nan,nan,nan,nan,nan,0.19358332121997168
1791061014.4331977,1.3196098410940775,3.1489351686152145,1.601917502878071,-6.800468283842133e-09,0.010485212974300212,0.19999999591971904,0.9042526546144162,0.0,0.0,-1.2960722774443911,-0.5382817845108875,-0.15854518524765923,-0.005069093796899826,1.0606681637100122,0.0,0.0,-0.23681631813662163,3.2374812764212337,-0.0018835731766084765,-0.0005449856254580517,0.0,0.0,0.0,-1.040023361119723,2.537960861542104,-0.024446149484811927,0.22957241635372608,nan,nan,nan,nan,nan,nan,nan,0.02481728824885429,0.0,0.0,-2.285159685157593,1.8253136675536323,-0.00203732304409723,0.002461346576197326,nan,nan,nan,nan,nan,nan,nan,nan,nan,nan,nan,nan,nan,nan,0.8701511807835518,0.0,0.0,-1.2190725285540838,0.6556682269316884,-0.16488079051691823,-0.006135300534956475,nan,nan,nan,nan,nan,nan,nan,nan,nan,nan,nan,nan,nan,nan,nan,nan,nan,nan,nan,nan,nan,nan,nan,nan,nan,nan,nan,nan,nan,nan,nan,nan,nan,nan,nan,nan,nan,nan,nan,nan,nan,nan,nan,nan,nan,nan,nan,nan,nan,0.12213006176109767
1791061014.53303,1.319328087362137,3.1670764500454407,1.604938397125577,-6.153318165409429e-09,0.009487413038340976,0.19999999630800913,0.9042526546144162,0.0,0.0,-1.3129765745859598,-0.5386998037308758,-0.17048609940853784,-0.006878146180606164,1.0606681637100122,0.0,0.0,-0.23685563091782616,3.2374772407794166,-0.00870534982668124,-0.0006307736409492731,0.0,0.0,0.0,-1.0421819803599304,2.559711963037288,-0.020752538022067453,0.2184723438391134,nan,nan,nan,nan,nan,nan,nan,0.02481728824885429,0.0,0.0,-2.2851174366039917,1.8252970065745004,0.002779919381758742,-8.55570229938034e-05,nan,nan,nan,nan,nan,nan,nan,nan,nan,nan,nan,nan,nan,nan,0.8701511807835518,0.0,0.0,-1.2358751630139488,0.6550640502240255,-0.17486208242502577,-0.006641047567150822,nan,nan,nan,nan,nan,nan,nan,nan,nan,nan,nan,nan,nan,nan,nan,nan,nan,nan,nan,nan,nan,nan,nan,nan,nan,nan,nan,nan,nan,nan,nan,nan,nan,nan,nan,nan,nan,nan,nan,nan,nan,nan,nan,nan,nan,nan,nan,nan,nan,0.15696334383693625
1791061014.6332467,1.3179144955472097,3.180736194393489,1.6000654229057165,-5.567801034994494e-09,0.00858464111790006,0.1999999966593194,0.9042526546144162,0.0,0.0,-1.3297480570486684,-0.5393762114490548,-0.19566394169526968,-0.01813870656850459,1.0606681637100122,0.0,0.0,-0.23678460481925237,3.2375031051134506,-0.0006359014061603312,0.0013631344849758345,0.0,0.0,0.0,-1.0446941019649139,2.5791681185316375,-0.01510321484658467,0.09407574153654913,nan,nan,nan,nan,nan,nan,nan,0.02481728824885429,0.0,0.0,-2.2851708151708787,1.825296423640725,-0.001999208386455775,0.0010585428345561761,nan,nan,nan,nan,nan,nan,nan,nan,nan,nan,nan,nan,nan,nan,0.8701511807835518,0.0,0.0,-1.2521369130724955,0.654708569033152,-0.16284742946897407,0.0008990716693829942,nan,nan,nan,nan,nan,nan,nan,nan,nan,nan,nan,nan,nan,nan,nan,nan,nan,nan,nan,nan,nan,nan,nan,nan,nan,nan,nan,nan,nan,nan,nan,nan,nan,nan,nan,nan,nan,nan,nan,nan,nan,nan,nan,nan,nan,nan,nan,nan,nan,0.15616352058272762
1791061014.734782,1.3179029482531033,3.1969217681839357,1.601578860536773,-5.038088453643498e-09,0.0077679107106973485,0.19999999697714693,0.9042526546144162,0.0,0.0,-1.3463879288346563,-0.5398529441581832,-0.17059774480797593,-0.007309029895094608,1.0606681637100122,0.0,0.0,-0.23675675481625882,3.2374660072096675,0.0013309333787474987,-0.001075811446960799,0.0,0.0,0.0,-1.0446216558320411,2.5801952179422334,0.0005283970353835948,0.00775146671247897,nan,nan,nan,nan,nan,nan,nan,0.02481728824885429,0.0,0.0,-2.285126208982435,1.8253151146212472,0.0012978629362097051,0.0018580727446458382,nan,nan,nan,nan,nan,nan,nan,nan,nan,nan,nan,nan,nan,nan,0.8701511807835518,0.0,0.0,-1.2671693315840578,0.6541854076854853,-0.15336537063941996,0.00017141355397822314,nan,nan,nan,nan,nan,nan,nan,nan,nan,nan,nan,nan,nan,nan,nan,nan,nan,nan,nan,nan,nan,nan,nan,nan,nan,nan,nan,nan,nan,nan,nan,nan,nan,nan,nan,nan,nan,nan,nan,nan,nan,nan,nan,nan,nan,nan,nan,nan,nan,0.1517950809833225
1791061014.8340707,1.3179903297880775,3.2128968303476633,1.6019093509909137,-4.5586509497297585e-09,0.007028696273311237,0.0,0.0,0.0,0.0,-1.3593337918095458,-0.5396550693320868,-0.17335449800109629,-0.007783723054518891,0.0,0.0,0.0,-0.23674874827333384,3.237495116097921,0.004641244815532185,0.0013841582533129918,0.0,0.0,0.0,-1.044628458201474,2.5802404079305705,-0.015553901588073417,0.00538235923845253,nan,nan,nan,nan,nan,nan,nan,0.0,0.0,0.0,-2.2851298096881782,1.825299063095657,-0.00022883860211792207,0.00036354219988160835,nan,nan,nan,nan,nan,nan,nan,nan,nan,nan,nan,nan,nan,nan,0.0,0.0,0.0,-1.2858540626446033,0.653504151226088,-0.1714549273837006,-0.005323062293700118,nan,nan,nan,nan,nan,nan,nan,nan,nan,nan,nan,nan,nan,nan,nan,nan,nan,nan,nan,nan,nan,nan,nan,nan,nan,nan,nan,nan,nan,nan,nan,nan,nan,nan,nan,nan,nan,nan,nan,nan,nan,nan,nan,nan,nan,nan,nan,nan,nan,0.14451757713485255
1791061014.934378,1.317251737987239,3.2274367705841196,1.609994896286542,-4.125425338019077e-09,0.006360733036794004,0.0,0.0,0.0,0.0,-1.3774553081371586,-0.5400916523122525,-0.16715981703622737,-0.002758867805989008,0.0,0.0,0.0,-0.23678975602866245,3.2374744422834874,0.0006751792638350048,-0.0012173585328022708,0.0,0.0,0.0,-1.0443810119218249,2.58020560755404,0.0017010182701136848,-0.0017854598391215072,nan,nan,nan,nan,nan,nan,nan,0.0,0.0,0.0,-2.2851530518293184,1.8253192804753815,-0.0014676576745176093,-0.00017087616654426577,nan,nan,nan,nan,nan,nan,nan,nan,nan,nan,nan,nan,nan,nan,0.0,0.0,0.0,-1.3021847386433023,0.6529344920136854,-0.16465817053674375,-0.007159424398111054,nan,nan,nan,nan,nan,nan,nan,nan,nan,nan,nan,nan,nan,nan,nan,nan,nan,nan,nan,nan,nan,nan,nan,nan,nan,nan,nan,nan,nan,nan,nan,nan,nan,nan,nan,nan,nan,nan,nan,nan,nan,nan,nan,nan,nan,nan,nan,nan,nan,0.11656241400097134
1791061015.0328522,1.317350381387438,3.2284192096027358,1.609442771930282,-3.735723817699586e-09,0.00575987685065944,0.0,0.0,0.0,0.0,-1.3930627841925396,-0.5405065634186527,-0.16016338196213303,-0.004185872658699779,0.0,0.0,0.0,-0.23682746524368672,3.237465512435542,-0.0026933983633911454,-0.0015916169591081422,0.0,0.0,0.0,-1.0444003126979255,2.580232125543254,-0.0006625087447793727,-0.0009106955053434055,nan,nan,nan,nan,nan,nan,nan,0.0,0.0,0.0,-2.285128496441867,1.825326275429431,0.0010794768399203564,0.0026335840686341526,nan,nan,nan,nan,nan,nan,nan,nan,nan,nan,nan,nan,nan,nan,0.0,0.0,0.0,-1.318476912845485,0.6523122133609487,-0.16397565870845474,-0.016253816171686128,nan,nan,nan,nan,nan,nan,nan,nan,nan,nan,nan,nan,nan,nan,nan,nan,nan,nan,nan,nan,nan,nan,nan,nan,nan,nan,nan,nan,nan,nan,nan,nan,nan,nan,nan,nan,nan,nan,nan,nan,nan,nan,nan,nan,nan,nan,nan,nan,nan,0.027019666018075348
1791061015.132984,1.3166374245817005,3.228469376937558,1.6083406178106443,-3.3802226948136377e-09,0.005211752099468618,0.0,0.0,0.0,0.0,-1.4125216155270386,-0.5410203263390453,-0.18125330921506266,-0.0017975528976202884,0.0,0.0,0.0,-0.23684186392203435,3.2375176195234148,-0.00038062749374567697,0.0013123938956727263,0.0,0.0,0.0,-1.0444166503671264,2.580278226667196,-0.003022705972948068,0.002974808660142548,nan,nan,nan,nan,nan,nan,nan,0.0,0.0,0.0,-2.2851167227927953,1.8252731229094739,0.00263833123977823,0.0008936407646148066,nan,nan,nan,nan,nan,nan,nan,nan,nan,nan,nan,nan,nan,nan,0.0,0.0,0.0,-1.3329373822236252,0.6497688475096444,-0.2638189242139702,0.05096011588076068,nan,nan,nan,nan,nan,nan,nan,nan,nan,nan,nan,nan,nan,nan,nan,nan,nan,nan,nan,nan,nan,nan,nan,nan,nan,nan,nan,nan,nan,nan,nan,nan,nan,nan,nan,nan,nan,nan,nan,nan,nan,nan,nan,nan,nan,nan,nan,nan,nan,0.06270734209812581
1791061015.2332788,1.3166295411244995,3.2284877997758383,1.608738901337632,-3.0585519765669148e-09,0.004715788314676514,0.0,0.0,0.0,0.0,-1.42818718844137,-0.5415504839156964,-0.16892541481340825,-0.0040596848435673644,0.0,0.0,0.0,-0.23677986625524414,3.2374838000122867,-0.0019491323724736922,7.526435386888473e-05,0.0,0.0,0.0,-1.0444131200448405,2.5802660269285544,-0.0001536790708380222,-0.00020936062473953746,nan,nan,nan,nan,nan,nan,nan,0.0,0.0,0.0,-2.285145236975872,1.825296679044966,0.0009932726756719695,-0.0015461721949472217,nan,nan,nan,nan,nan,nan,nan,nan,nan,nan,nan,nan,nan,nan,0.0,0.0,0.0,-1.3460492841932268,0.6484782794105447,-0.15510132408762584,-0.0034608145196760253,nan,nan,nan,nan,nan,nan,nan,nan,nan,nan,nan,nan,nan,nan,nan,nan,nan,nan,nan,nan,nan,nan,nan,nan,nan,nan,nan,nan,nan,nan,nan,nan,nan,nan,nan,nan,nan,nan,nan,nan,nan,nan,nan,nan,nan,nan,nan,nan,nan,0.054013022373228754
1791061015.3329155,1.3173561306914097,3.228541034820655,1.6093197528524588,-2.768277105257813e-09,0.004268231805370372,0.0,0.0,0.0,0.0,-1.4458507080712106,-0.5421486140469565,-0.17154516218723317,-0.008691474581175702,0.0,0.0,0.0,-0.23666289482213715,3.237488315992359,0.007903394063022907,0.0007569103099309314,0.0,0.0,0.0,-1.0444301987528657,2.58024692333387,-0.00205008339160612,0.0005813407642588572,nan,nan,nan,nan,nan,nan,nan,0.0,0.0,0.0,-2.2851485374021,1.825294859602518,0.000425629168330195,-0.001162431980451594,nan,nan,nan,nan,nan,nan,nan,nan,nan,nan,nan,nan,nan,nan,0.0,0.0,0.0,-1.3624520870944927,0.6485153549457227,-0.1431443766910129,0.008812381853033041,nan,nan,nan,nan,nan,nan,nan,nan,nan,nan,nan,nan,nan,nan,nan,nan,nan,nan,nan,nan,nan,nan,nan,nan,nan,nan,nan,nan,nan,nan,nan,nan,nan,nan,nan,nan,nan,nan,nan,nan,nan,nan,nan,nan,nan,nan,nan,nan,nan,0.031098550578310572
1791061015.4328241,1.317797547987242,3.2283552485830214,1.6037784128711439,-2.5048407091527527e-09,0.0038620558476195497,0.0,0.0,0.0,0.0,-1.4630966383829735,-0.5426915621617195,-0.1724391133572259,-0.006694711966655973,0.0,0.0,0.0,-0.23673005563456048,3.2374976967574285,-0.00015807662345234278,0.0005325981872201344,0.0,0.0,0.0,-1.0444502976030041,2.580260800004888,-0.002551206990114611,0.001490026432641661,nan,nan,nan,nan,nan,nan,nan,0.0,0.0,0.0,-2.2851568957312436,1.8253446986227126,0.0017172432070914638,0.002538599567978384,nan,nan,nan,nan,nan,nan,nan,nan,nan,nan,nan,nan,nan,nan,0.0,0.0,0.0,-1.3767675225380034,0.6469205224376665,-0.13654627311614242,-0.013711767471131085,nan,nan,nan,nan,nan,nan,nan,nan,nan,nan,nan,nan,nan,nan,nan,nan,nan,nan,nan,nan,nan,nan,nan,nan,nan,nan,nan,nan,nan,nan,nan,nan,nan,nan,nan,nan,nan,nan,nan,nan,nan,nan,nan,nan,nan,nan,nan,nan,nan,0.0007586864283084198
1791061015.532803,1.3165872384505783,3.2284743373860016,1.608773870149395,-2.2664804068366915e-09,0.0034945431367168745,0.0,0.0,0.0,0.0,-1.482248541172804,-0.5432438551415754,-0.17082471904420343,-0.004945820323454609,0.0,0.0,0.0,-0.23678180511774558,3.2374907815837357,-0.0006208767166311278,-3.2240154812438574e-05,0.0,0.0,0.0,-1.0444199561369323,2.58024827949601,-0.00017856410814831938,0.0007375851335066646,nan,nan,nan,nan,nan,nan,nan,0.0,0.0,0.0,-2.2851256044120607,1.8252960461068368,0.0032683016304460733,-0.0015422415077851912,nan,nan,nan,nan,nan,nan,nan,nan,nan,nan,nan,nan,nan,nan,0.0,0.0,0.0,-1.3924554729154281,0.64682992976283,-0.14655233773933346,0.0003763996837922441,nan,nan,nan,nan,nan,nan,nan,nan,nan,nan,nan,nan,nan,nan,nan,nan,nan,nan,nan,nan,nan,nan,nan,nan,nan,nan,nan,nan,nan,nan,nan,nan,nan,nan,nan,nan,nan,nan,nan,nan,nan,nan,nan,nan,nan,nan,nan,nan,nan,0.001986260405605187
1791061015.6329265,1.3165382351537271,3.2284276569185386,1.6080907629690675,-2.050796280025195e-09,0.0031619933900813653,0.0,0.0,0.0,0.0,-1.4974595818526835,-0.544370155830829,-0.17717316071479636,-0.006194371231897583,0.0,0.0,0.0,-0.23669735475190123,3.237495030055212,0.004985548956199695,8.4773471061983e-05,0.0,0.0,0.0,-1.0444080694519609,2.580258631241221,0.00045140219309898466,0.0013711855452523203,nan,nan,nan,nan,nan,nan,nan,0.0,0.0,0.0,-2.2851988369574605,1.8253274572514215,0.00017403038760762778,0.0015184921359359229,nan,nan,nan,nan,nan,nan,nan,nan,nan,nan,nan,nan,nan,nan,0.0,0.0,0.0,-1.4055350713180648,0.6459258465850571,-0.1530525916110399,-0.014680501399561492,nan,nan,nan,nan,nan,nan,nan,nan,nan,nan,nan,nan,nan,nan,nan,nan,nan,nan,nan,nan,nan,nan,nan,nan,nan,nan,nan,nan,nan,nan,nan,nan,nan,nan,nan,nan,nan,nan,nan,nan,nan,nan,nan,nan,nan,nan,nan,nan,nan,0.012473379651848485
1791061015.7320783,1.316660488202242,3.2284955418366663,1.6086208458921172,-1.8559804285361032e-09,0.002861619120490817,0.0,0.0,0.0,0.0,-1.5162426956349084,-0.544808120339315,-0.16786948501072524,-0.0018505643970257632,0.0,0.0,0.0,-0.23674259936360648,3.237487363490864,0.006273702999842231,-8.418765403734159e-05,0.0,0.0,0.0,-1.0443906693472025,2.5802313242001427,0.002143910672560529,-0.00016117369183050008,nan,nan,nan,nan,nan,nan,nan,0.0,0.0,0.0,-2.2851586281054237,1.8252770230571662,0.0005170089884203353,-0.00018371611941121334,nan,nan,nan,nan,nan,nan,nan,nan,nan,nan,nan,nan,nan,nan,0.0,0.0,0.0,-1.4218489832507755,0.644758816802315,-0.2290563886927786,0.0002541426930812657,nan,nan,nan,nan,nan,nan,nan,nan,nan,nan,nan,nan,nan,nan,nan,nan,nan,nan,nan,nan,nan,nan,nan,nan,nan,nan,nan,nan,nan,nan,nan,nan,nan,nan,nan,nan,nan,nan,nan,nan,nan,nan,nan,nan,nan,nan,nan,nan,nan,0.0020127340982327435
1791061015.8334806,1.3178275273716438,3.228357092933639,1.6038532255521474,-1.6793605394338013e-09,0.0025893000572382147,0.0,0.0,0.0,0.0,-1.5319003111118918,-0.5453807196148818,-0.16716492175666603,-0.00366169346352743,0.0,0.0,0.0,-0.23670525117976368,3.2374725445179413,0.003966858133074145,0.0005411384170390875,0.0,0.0,0.0,-1.0444032288422815,2.5802361643836234,0.0015426027228076988,-0.0021395101165336307,nan,nan,nan,nan,nan,nan,nan,0.0,0.0,0.0,-2.2851340707295136,1.8252805709915692,-0.002191288185369725,-0.0007961628016360518,nan,nan,nan,nan,nan,nan,nan,nan,nan,nan,nan,nan,nan,nan,0.0,0.0,0.0,-1.4373092355993107,0.64370323863216,-0.1554411854737012,-0.007448686373621658,nan,nan,nan,nan,nan,nan,nan,nan,nan,nan,nan,nan,nan,nan,nan,nan,nan,nan,nan,nan,nan,nan,nan,nan,nan,nan,nan,nan,nan,nan,nan,nan,nan,nan,nan,nan,nan,nan,nan,nan,nan,nan,nan,nan,nan,nan,nan,nan,nan,0.023724701560150354
1791061015.9335725,1.3165933871004591,3.22846522537962,1.6088603178462109,-1.519913470581272e-09,0.0023434586820171945,0.0,0.0,0.0,0.0,-1.5494008731285847,-0.5463281593850997,-0.20709223014692754,-0.029316450041293515,0.0,0.0,0.0,-0.23685427786911753,3.2374768548445636,-0.0019104809863057814,-0.0010376188968436017,0.0,0.0,0.0,-1.044406728295573,2.5802571403187184,-0.00034613171898913175,0.0014592996420912272,nan,nan,nan,nan,nan,nan,nan,0.0,0.0,0.0,-2.285179284435973,1.8253176215828462,-0.0012536573182543983,0.0012203287694598334,nan,nan,nan,nan,nan,nan,nan,nan,nan,nan,nan,nan,nan,nan,0.0,0.0,0.0,-1.4548067788287167,0.6433166255950621,-0.16127721872916026,-0.011405007915394078,nan,nan,nan,nan,nan,nan,nan,nan,nan,nan,nan,nan,nan,nan,nan,nan,nan,nan,nan,nan,nan,nan,nan,nan,nan,nan,nan,nan,nan,nan,nan,nan,nan,nan,nan,nan,nan,nan,nan,nan,nan,nan,nan,nan,nan,nan,nan,nan,nan,0.002768888472504001
1791061016.033264,1.317416181836207,3.228527789695797,1.6091602624505026,-1.375274580810815e-09,0.0021204491038072744,0.0,0.0,0.0,0.0,-1.5658149683824958,-0.5465770328929123,-0.16105393754717728,-0.005077107402120848,0.0,0.0,0.0,-0.23674006796304364,3.237471447697087,0.007597253554004778,-0.0014285297293206087,0.0,0.0,0.0,-1.0444227655117837,2.5802549869135176,-0.0015010366659140044,0.001195886080235995,nan,nan,nan,nan,nan,nan,nan,0.0,0.0,0.0,-2.2851025739357556,1.8253051730854541,0.0020631247137025263,-0.00012437149147967246,nan,nan,nan,nan,nan,nan,nan,nan,nan,nan,nan,nan,nan,nan,0.0,0.0,0.0,-1.4699339829816112,0.6419814249459426,-0.16264912114336233,-0.009151949577039607,nan,nan,nan,nan,nan,nan,nan,nan,nan,nan,nan,nan,nan,nan,nan,nan,nan,nan,nan,nan,nan,nan,nan,nan,nan,nan,nan,nan,nan,nan,nan,nan,nan,nan,nan,nan,nan,nan,nan,nan,nan,nan,nan,nan,nan,nan,nan,nan,nan,0.026315715658169734
1791061016.1335337,1.3176396555582048,3.2282551669815196,1.6026463755625013,-1.244678745206317e-09,0.001919091624775519,0.0,0.0,0.0,0.0,-1.581135644439166,-0.5469926309921004,-0.14244334704553566,-0.0031712801500971876,0.0,0.0,0.0,-0.23677648108072488,3.237489818619911,0.0046052216018752055,-0.0005098390833617395,0.0,0.0,0.0,-1.0444151270269548,2.5802393811466575,0.0016406408945955232,5.819278845374293e-05,nan,nan,nan,nan,nan,nan,nan,0.0,0.0,0.0,-2.2851662297548794,1.8252649743429352,-0.0005068530544975598,-0.0023110955369236032,nan,nan,nan,nan,nan,nan,nan,nan,nan,nan,nan,nan,nan,nan,0.0,0.0,0.0,-1.486677434998237,0.6419876624461389,-0.14471255924372728,0.002141714961903099,nan,nan,nan,nan,nan,nan,nan,nan,nan,nan,nan,nan,nan,nan,nan,nan,nan,nan,nan,nan,nan,nan,nan,nan,nan,nan,nan,nan,nan,nan,nan,nan,nan,nan,nan,nan,nan,nan,nan,nan,nan,nan,nan,nan,nan,nan,nan,nan,nan,0.035992197864624986
1791061016.2341962,1.3177710303898307,3.2283140324704394,1.6038515855211593,-1.1263214009144994e-09,0.001736603903316558,0.0,0.0,0.0,0.0,-1.5966663051302301,-0.5475917999343917,-0.15601413632901917,-0.007683966830588378,0.0,0.0,0.0,-0.2367946737011623,3.2374857132659502,-0.0030377965161228135,0.0018803018502634977,0.0,0.0,0.0,-1.0444215677485316,2.5802333336290544,0.00014009135186022624,-0.0008210996657992215,nan,nan,nan,nan,nan,nan,nan,0.0,0.0,0.0,-2.285143683280677,1.8252931441013394,-0.00035129415467198696,0.0019417802143603378,nan,nan,nan,nan,nan,nan,nan,nan,nan,nan,nan,nan,nan,nan,0.0,0.0,0.0,-1.4986390431405712,0.6406841029469891,-0.12583473537273238,-0.00287202575192541,nan,nan,nan,nan,nan,nan,nan,nan,nan,nan,nan,nan,nan,nan,nan,nan,nan,nan,nan,nan,nan,nan,nan,nan,nan,nan,nan,nan,nan,nan,nan,nan,nan,nan,nan,nan,nan,nan,nan,nan,nan,nan,nan,nan,nan,nan,nan,nan,nan,0.0029049743569072926
1791061016.3336053,1.3177955911138752,3.2283471681138325,1.6039306956709305,-1.019137748617059e-09,0.001571344192544544,0.0,0.0,0.0,0.0,-1.614057271018045,-0.5479703269659426,-0.16218666714227348,5.3252511219458094e-05,0.0,0.0,0.0,-0.23673919573362415,3.237489539058978,0.0017910072738250042,0.0003395726532266973,0.0,0.0,0.0,-1.0446465443213206,2.580293313994242,-0.015448904180373556,0.00494028343031084,nan,nan,nan,nan,nan,nan,nan,0.0,0.0,0.0,-2.2851307947689508,1.8252649502273341,0.0005010607809737823,-0.00010640779561745694,nan,nan,nan,nan,nan,nan,nan,nan,nan,nan,nan,nan,nan,nan,0.0,0.0,0.0,-1.5125194532049944,0.6400537090942715,-0.10821350092918255,-0.02363505026281149,nan,nan,nan,nan,nan,nan,nan,nan,nan,nan,nan,nan,nan,nan,nan,nan,nan,nan,nan,nan,nan,nan,nan,nan,nan,nan,nan,nan,nan,nan,nan,nan,nan,nan,nan,nan,nan,nan,nan,nan,nan,nan,nan,nan,nan,nan,nan,nan,nan,0.041175384901979833
1791061016.4333894,1.3173291413211123,3.228470031077436,1.608965227298982,-9.222942700961732e-10,0.001422027343309882,0.0,0.0,0.0,0.0,-1.628865904937258,-0.548482482063637,-0.17811959213215472,-0.010845437865568335,0.0,0.0,0.0,-0.23682581392033528,3.2374737931658464,-0.004487697024970349,-0.0008862076364703572,0.0,0.0,0.0,-1.0444277497426095,2.5802361816350756,0.0003035358568480053,0.0002703507835416524,nan,nan,nan,nan,nan,nan,nan,0.0,0.0,0.0,-2.2851325127478717,1.82526020702297,0.0013876725827616358,-0.0014624203974404459,nan,nan,nan,nan,nan,nan,nan,nan,nan,nan,nan,nan,nan,nan,0.0,0.0,0.0,-1.5242228514263878,0.6394232763544118,-0.06467478948002561,-0.006715870996337923,nan,nan,nan,nan,nan,nan,nan,nan,nan,nan,nan,nan,nan,nan,nan,nan,nan,nan,nan,nan,nan,nan,nan,nan,nan,nan,nan,nan,nan,nan,nan,nan,nan,nan,nan,nan,nan,nan,nan,nan,nan,nan,nan,nan,nan,nan,nan,nan,nan,0.07088327328859637
1791061016.5349314,1.3177870225369672,3.2283420516997543,1.6036611733775286,-8.345263662974473e-10,0.0012867035501199224,0.0,0.0,0.0,0.0,-1.646347025034536,-0.5490322236983711,-0.13722360350274204,0.0009993123720726806,0.0,0.0,0.0,-0.2367332689297167,3.2374838950419726,0.006252812108732862,0.0016717806195083104,0.0,0.0,0.0,-1.0444360950218907,2.5802218074008,-0.001128978816370128,-0.0004422738708830951,nan,nan,nan,nan,nan,nan,nan,0.0,0.0,0.0,-2.285188171312869,1.8252832458867094,-0.0033964576173507563,0.0021075877994293814,nan,nan,nan,nan,nan,nan,nan,nan,nan,nan,nan,nan,nan,nan,0.0,0.0,0.0,-1.5329780888889653,0.639132680749271,-0.09763113681344081,-0.015586095533106168,nan,nan,nan,nan,nan,nan,nan,nan,nan,nan,nan,nan,nan,nan,nan,nan,nan,nan,nan,nan,nan,nan,nan,nan,nan,nan,nan,nan,nan,nan,nan,nan,nan,nan,nan,nan,nan,nan,nan,nan,nan,nan,nan,nan,nan,nan,nan,nan,nan,0.041075711966975494
1791061016.6330554,1.3166045266785906,3.228462509765227,1.6085452512184326,-7.560394468798853e-10,0.0011656895211676508,0.0,0.0,0.0,0.0,-1.6615486261359225,-0.5495721142865656,-0.14546414482123932,-0.0062630973635753925,0.0,0.0,0.0,-0.23677427096201878,3.237492627442064,0.0017614599683358093,0.0014367746933222642,0.0,0.0,0.0,-1.0444181782238677,2.580206995288733,0.000745249279959935,-0.0008389556140428009,nan,nan,nan,nan,nan,nan,nan,0.0,0.0,0.0,-2.285160393010577,1.8252641967802128,0.0003428824511864994,-0.0006612395012020117,nan,nan,nan,nan,nan,nan,nan,nan,nan,nan,nan,nan,nan,nan,0.0,0.0,0.0,-1.540606359626641,0.6385602246994424,-0.019046931833275715,-0.05447445291698323,nan,nan,nan,nan,nan,nan,nan,nan,nan,nan,nan,nan,nan,nan,nan,nan,nan,nan,nan,nan,nan,nan,nan,nan,nan,nan,nan,nan,nan,nan,nan,nan,nan,nan,nan,nan,nan,nan,nan,nan,nan,nan,nan,nan,nan,nan,nan,nan,nan,0.009871049586381778
1791061016.7333615,1.3165927869746183,3.2284566210853005,1.6085506785006318,-6.841750887415122e-10,0.0010548864016041689,0.0,0.0,0.0,0.0,-1.6747753607645368,-0.5500724295124316,-0.1663954748358854,-0.011856078959774445,0.0,0.0,0.0,-0.23681298120188485,3.2374859815283488,0.0007478801325536558,0.0005126780818853241,0.0,0.0,0.0,-1.0444286336616568,2.5802133296077105,4.7746310839041125e-05,0.0003952340879627549,nan,nan,nan,nan,nan,nan,nan,0.0,0.0,0.0,-2.2851829627494604,1.8252754247692702,-0.002291212600983372,-0.0005527558423556928,nan,nan,nan,nan,nan,nan,nan,nan,nan,nan,nan,nan,nan,nan,0.0,0.0,0.0,-1.5545299677157958,0.6381688833155071,-0.1869040213678772,0.002845796122859851,nan,nan,nan,nan,nan,nan,nan,nan,nan,nan,nan,nan,nan,nan,nan,nan,nan,nan,nan,nan,nan,nan,nan,nan,nan,nan,nan,nan,nan,nan,nan,nan,nan,nan,nan,nan,nan,nan,nan,nan,nan,nan,nan,nan,nan,nan,nan,nan,nan,0.00044520167614664995
1791061016.8340404,1.3166397849644125,3.228467696433947,1.608731183987318,-6.190672209848491e-10,0.000954500688262456,0.0,0.0,0.0,0.0,-1.690305767551568,-0.5504879518468947,-0.1734067816492461,-0.009229065851513913,0.0,0.0,0.0,-0.2368187279009634,3.237480614312239,-0.0009018915267944605,0.000180304144419575,0.0,0.0,0.0,-1.0444493032507938,2.5802221079473515,-0.0007694351135948648,0.000898381433303066,nan,nan,nan,nan,nan,nan,nan,0.0,0.0,0.0,-2.2851551534349936,1.825270807961588,-0.00044223096535128085,-0.001391815698278723,nan,nan,nan,nan,nan,nan,nan,nan,nan,nan,nan,nan,nan,nan,0.0,0.0,0.0,-1.5745179555391697,0.6372125418902367,-0.14043562196464326,-0.017794259492506716,nan,nan,nan,nan,nan,nan,nan,nan,nan,nan,nan,nan,nan,nan,nan,nan,nan,nan,nan,nan,nan,nan,nan,nan,nan,nan,nan,nan,nan,nan,nan,nan,nan,nan,nan,nan,nan,nan,nan,nan,nan,nan,nan,nan,nan,nan,nan,nan,nan,0.014974746804338003
1791061016.9334297,1.3173961293233718,3.2285205791020792,1.6092931895999631,-5.605377832853952e-10,0.0008642578411628022,0.0,0.0,0.0,0.0,-1.7061386522461894,-0.5508581444155246,-0.12404988207695278,0.017797958028243233,0.0,0.0,0.0,-0.23678429528700204,3.2374909212750125,-0.0041235428460087795,-0.00022373592636931163,0.0,0.0,0.0,-1.044698701627042,2.580299245372946,-0.019821593588912997,0.008000959265752262,nan,nan,nan,nan,nan,nan,nan,0.0,0.0,0.0,-2.2851397246137237,1.8252932119482417,-0.0005660676825499276,0.0031488738146814225,nan,nan,nan,nan,nan,nan,nan,nan,nan,nan,nan,nan,nan,nan,0.0,0.0,0.0,-1.5923335119914075,0.6361716061936118,-0.1933230256687199,-0.03504367820321526,nan,nan,nan,nan,nan,nan,nan,nan,nan,nan,nan,nan,nan,nan,nan,nan,nan,nan,nan,nan,nan,nan,nan,nan,nan,nan,nan,nan,nan,nan,nan,nan,nan,nan,nan,nan,nan,nan,nan,nan,nan,nan,nan,nan,nan,nan,nan,nan,nan,0.032488242522038545
1791061017.0335793,1.3177648456601807,3.228306477446755,1.6038751424250557,-5.071955607062464e-10,0.00078201283377209,0.0,0.0,0.0,0.0,-1.7216394530441679,-0.5516760122903797,-0.1602456736429749,-0.024368358181388522,0.0,0.0,0.0,-0.23672434960263436,3.2374944607057525,0.00232001205198448,0.0007629559329694668,0.0,0.0,0.0,-1.0444305335391533,2.580207582809225,-0.0007925748665070333,-7.927499322931623e-05,nan,nan,nan,nan,nan,nan,nan,0.0,0.0,0.0,-2.2851678137199976,1.8252896251686086,0.0004119099937466027,0.000640550893069684,nan,nan,nan,nan,nan,nan,nan,nan,nan,nan,nan,nan,nan,nan,0.0,0.0,0.0,-1.6133736935373906,0.6352856796871683,-0.2116578454395565,0.03105610159509151,nan,nan,nan,nan,nan,nan,nan,nan,nan,nan,nan,nan,nan,nan,nan,nan,nan,nan,nan,nan,nan,nan,nan,nan,nan,nan,nan,nan,nan,nan,nan,nan,nan,nan,nan,nan,nan,nan,nan,nan,nan,nan,nan,nan,nan,nan,nan,nan,nan,0.007271438701750497
1791061017.13311,1.3187159928294234,3.2290311840622206,1.6079782243569978,-4.59046480140851e-10,0.0007077748043933722,0.0,0.0,0.0,0.0,-1.734572145595053,-0.5516960525587677,-0.10134169739059704,0.018298410324855553,0.0,0.0,0.0,-0.23679893063179816,3.237493396159021,-0.005588981961685051,0.0011133828532093873,0.0,0.0,0.0,-1.044448199577953,2.5802040773894754,-0.002016854741937822,0.0013157817915692557,nan,nan,nan,nan,nan,nan,nan,0.0,0.0,0.0,-2.285113256898467,1.8252796969368692,0.0030531514067992723,0.000872107169616144,nan,nan,nan,nan,nan,nan,nan,nan,nan,nan,nan,nan,nan,nan,0.0,0.0,0.0,-1.6310393501583962,0.633317512656261,-0.25968189408537806,-0.01772827876260223,nan,nan,nan,nan,nan,nan,nan,nan,nan,nan,nan,nan,nan,nan,nan,nan,nan,nan,nan,nan,nan,nan,nan,nan,nan,nan,nan,nan,nan,nan,nan,nan,nan,nan,nan,nan,nan,nan,nan,nan,nan,nan,nan,nan,nan,nan,nan,nan,nan,0.1663203609819641
1791061017.2330613,1.316666649492733,3.2284834778765292,1.6086215696915398,-4.1536243198565137e-10,0.0006404211267686788,0.0,0.0,0.0,0.0,-1.748385175083902,-0.5523278433530175,-0.12947672074259564,-0.012435626112271232,0.0,0.0,0.0,-0.23681110210523687,3.237501777611646,-0.0017408323490697975,4.1449455738477896e-05,0.0,0.0,0.0,-1.0444330132730335,2.5802096085433206,0.0004261969031900762,0.00018320808182343748,nan,nan,nan,nan,nan,nan,nan,0.0,0.0,0.0,-2.2851962232789456,1.82530031779024,-0.004237739855827183,0.0021947078308101036,nan,nan,nan,nan,nan,nan,nan,nan,nan,nan,nan,nan,nan,nan,0.0,0.0,0.0,-1.6469630763800622,0.632011198471165,-0.12434564632650047,-0.01204487377716355,nan,nan,nan,nan,nan,nan,nan,nan,nan,nan,nan,nan,nan,nan,nan,nan,nan,nan,nan,nan,nan,nan,nan,nan,nan,nan,nan,nan,nan,nan,nan,nan,nan,nan,nan,nan,nan,nan,nan,nan,nan,nan,nan,nan,nan,nan,nan,nan,nan,0.019490442703830376
1791061017.3328412,1.3166266081674316,3.2284558150141054,1.6086033964872728,-3.7585109067231094e-10,0.000579501082548345,0.0,0.0,0.0,0.0,-1.7614054565995465,-0.5525731750658738,-0.11706639168631963,-0.051719310795895354,0.0,0.0,0.0,-0.23679566751202497,3.237488071112995,-0.0014638356559581757,0.00039368696861163857,0.0,0.0,0.0,-1.0444286120339734,2.580213941118995,0.001975494384307267,-0.0006210417889742318,nan,nan,nan,nan,nan,nan,nan,0.0,0.0,0.0,-2.2851470592512544,1.8252809328788133,0.0015642938251236944,-0.0010539138824779345,nan,nan,nan,nan,nan,nan,nan,nan,nan,nan,nan,nan,nan,nan,0.0,0.0,0.0,-1.6610070452378678,0.6318192652035034,-0.24389584630605793,0.047830035640470184,nan,nan,nan,nan,nan,nan,nan,nan,nan,nan,nan,nan,nan,nan,nan,nan,nan,nan,nan,nan,nan,nan,nan,nan,nan,nan,nan,nan,nan,nan,nan,nan,nan,nan,nan,nan,nan,nan,nan,nan,nan,nan,nan,nan,nan,nan,nan,nan,nan,0.002263583868998054
1791061017.4327981,1.317830209718914,3.2283190641158708,1.6040855812829384,-3.401117271278596e-10,0.0005243968128585824,0.0,0.0,0.0,0.0,-1.774023135670388,-0.5531689150249015,-0.14607229864505977,-0.01122516000686531,0.0,0.0,0.0,-0.23669473710816358,3.237494675637736,0.006644541619615869,0.0005437822202021177,0.0,0.0,0.0,-1.0444337499306322,2.5802105683880794,-5.494979797461021e-05,-0.000809782179543637,nan,nan,nan,nan,nan,nan,nan,0.0,0.0,0.0,-2.285188399742184,1.8252656722475082,1.5503479795066352e-05,-0.0002949509766464397,nan,nan,nan,nan,nan,nan,nan,nan,nan,nan,nan,nan,nan,nan,0.0,0.0,0.0,-1.6763232103900791,0.6293564442707166,-0.1868552646941105,-0.012474191349060772,nan,nan,nan,nan,nan,nan,nan,nan,nan,nan,nan,nan,nan,nan,nan,nan,nan,nan,nan,nan,nan,nan,nan,nan,nan,nan,nan,nan,nan,nan,nan,nan,nan,nan,nan,nan,nan,nan,nan,nan,nan,nan,nan,nan,nan,nan,nan,nan,nan,0.09288010374791397
1791061017.532955,1.3176415277884366,3.228251733248668,1.6024459287538422,-3.077458171192636e-10,0.0004744938583291879,0.0,0.0,0.0,0.0,-1.7895214714619467,-0.5539647899351179,-0.1384401911995926,-0.042716013062236505,0.0,0.0,0.0,-0.2367459447695658,3.2374875332349617,0.0014239865031868088,-0.0009836031233638118,0.0,0.0,0.0,-1.0444048122349403,2.5802276650953617,0.002850284289496356,0.000371264324032464,nan,nan,nan,nan,nan,nan,nan,0.0,0.0,0.0,-2.2851759741477893,1.82521262361684,-0.00026476136265633635,-0.002862177433376482,nan,nan,nan,nan,nan,nan,nan,nan,nan,nan,nan,nan,nan,nan,0.0,0.0,0.0,-1.699937218629021,0.6302275740436551,-0.38648712726930295,0.1685794708968034,nan,nan,nan,nan,nan,nan,nan,nan,nan,nan,nan,nan,nan,nan,nan,nan,nan,nan,nan,nan,nan,nan,nan,nan,nan,nan,nan,nan,nan,nan,nan,nan,nan,nan,nan,nan,nan,nan,nan,nan,nan,nan,nan,nan,nan,nan,nan,nan,nan,0.016581580567338276
1791061017.6331327,1.3174181157277258,3.228545943089592,1.6091871209433684,-2.7845993066507657e-10,0.00042933979778560477,0.0,0.0,0.0,0.0,-1.8014267557753043,-0.5539155135130763,-0.12184762350472526,0.024214320371409942,0.0,0.0,0.0,-0.23670440252005112,3.237455898936652,0.005593828742376336,-0.003869039798324102,0.0,0.0,0.0,-1.044441658834971,2.580243518387296,-3.147865261307869e-05,0.0014316452169812906,nan,nan,nan,nan,nan,nan,nan,0.0,0.0,0.0,-2.285123175349835,1.8253030064442612,0.002761810886190443,0.0004958652544684426,nan,nan,nan,nan,nan,nan,nan,nan,nan,nan,nan,nan,nan,nan,0.0,0.0,0.0,-1.7135125897155408,0.6266380387107057,-0.13508114238872998,-0.025023656046286875,nan,nan,nan,nan,nan,nan,nan,nan,nan,nan,nan,nan,nan,nan,nan,nan,nan,nan,nan,nan,nan,nan,nan,nan,nan,nan,nan,nan,nan,nan,nan,nan,nan,nan,nan,nan,nan,nan,nan,nan,nan,nan,nan,nan,nan,nan,nan,nan,nan,0.031483918460376875
1791061017.7330372,1.3177928796786995,3.2283274667505557,1.6036523895349677,-2.5196096477226687e-10,0.000388482714216082,0.0,0.0,0.0,0.0,-1.8174756754737114,-0.5552820143832279,-0.21147470379903735,-0.03949536316904208,0.0,0.0,0.0,-0.23678209191844826,3.237475315410882,-0.0015395701709417784,-0.0009864175476339044,0.0,0.0,0.0,-1.044412849113336,2.5802370087897124,0.0041425436260966895,-0.0014901515547330753,nan,nan,nan,nan,nan,nan,nan,0.0,0.0,0.0,-2.2850591931861732,1.8252699838231659,0.004651779155714256,0.000340315929980112,nan,nan,nan,nan,nan,nan,nan,nan,nan,nan,nan,nan,nan,nan,0.0,0.0,0.0,-1.7302447463542319,0.6251782944707692,-0.1589011527773757,-0.022559567174394626,nan,nan,nan,nan,nan,nan,nan,nan,nan,nan,nan,nan,nan,nan,nan,nan,nan,nan,nan,nan,nan,nan,nan,nan,nan,nan,nan,nan,nan,nan,nan,nan,nan,nan,nan,nan,nan,nan,nan,nan,nan,nan,nan,nan,nan,nan,nan,nan,nan,0.024241955770865145
1791061017.833239,1.317784589926115,3.2283347659263026,1.6040101296166307,-2.279837088853139e-10,0.00035151369619840575,0.0,0.0,0.0,0.0,-1.831621550250919,-0.5548307963708672,-0.12210137369744896,0.0062011625300698245,0.0,0.0,0.0,-0.23684600573002226,3.237504463339813,-0.004327314766068789,0.0010438911505516665,0.0,0.0,0.0,-1.0444336448798006,2.5802070476088126,0.00010824643356763944,-0.0008014874786122005,nan,nan,nan,nan,nan,nan,nan,0.0,0.0,0.0,-2.2851802600629183,1.8252898024237691,-0.0024702454173547443,0.001080342858724013,nan,nan,nan,nan,nan,nan,nan,nan,nan,nan,nan,nan,nan,nan,0.0,0.0,0.0,-1.7473040716219455,0.6236705531696869,-0.16278069676916557,-0.013925735858066167,nan,nan,nan,nan,nan,nan,nan,nan,nan,nan,nan,nan,nan,nan,nan,nan,nan,nan,nan,nan,nan,nan,nan,nan,nan,nan,nan,nan,nan,nan,nan,nan,nan,nan,nan,nan,nan,nan,nan,nan,nan,nan,nan,nan,nan,nan,nan,nan,nan,0.005437864777494772
1791061017.9328735,1.3173587477173183,3.2285408916355927,1.6093206823188113,-2.063436761443045e-10,0.0003181482950833933,0.0,0.0,0.0,0.0,-1.8467641095456533,-0.555389968796444,-0.13477248043392123,0.02947802472563179,0.0,0.0,0.0,-0.23677192617247594,3.237500353290154,0.003531407566841143,0.00043527514764748836,0.0,0.0,0.0,-1.044409276353232,2.5801888805560615,0.01693637842328737,-0.007647056307087697,nan,nan,nan,nan,nan,nan,nan,0.0,0.0,0.0,-2.285166779791921,1.8253011617791817,-0.0010200850372740443,0.001035812036183922,nan,nan,nan,nan,nan,nan,nan,nan,nan,nan,nan,nan,nan,nan,0.0,0.0,0.0,-1.7650942698766259,0.6216647326143909,-0.19695198240811768,-0.023492601731569897,nan,nan,nan,nan,nan,nan,nan,nan,nan,nan,nan,nan,nan,nan,nan,nan,nan,nan,nan,nan,nan,nan,nan,nan,nan,nan,nan,nan,nan,nan,nan,nan,nan,nan,nan,nan,nan,nan,nan,nan,nan,nan,nan,nan,nan,nan,nan,nan,nan,0.008832578230596242
1791061018.034312,1.3178227946094623,3.22836215491561,1.6039107469803577,-1.8670747921182192e-10,0.0002878724819704091,0.0,0.0,0.0,0.0,-1.8630088950530397,-0.5562015802453129,-0.15079442601838533,-0.0115797165635603,0.0,0.0,0.0,-0.23675986270732355,3.237514991835536,0.003425983039364422,0.00041591438660610876,0.0,0.0,0.0,-1.0444471828539,2.5802632453882657,-0.0016235194945894693,0.0007380462584470139,nan,nan,nan,nan,nan,nan,nan,0.0,0.0,0.0,-2.285153215860594,1.8252940313544768,0.002274629487946573,0.00044917747062259204,nan,nan,nan,nan,nan,nan,nan,nan,nan,nan,nan,nan,nan,nan,0.0,0.0,0.0,-1.7836549827237616,0.6198474808350133,-0.11472464586431863,-0.0656913347756201,nan,nan,nan,nan,nan,nan,nan,nan,nan,nan,nan,nan,nan,nan,nan,nan,nan,nan,nan,nan,nan,nan,nan,nan,nan,nan,nan,nan,nan,nan,nan,nan,nan,nan,nan,nan,nan,nan,nan,nan,nan,nan,nan,nan,nan,nan,nan,nan,nan,0.012758745735770712
1791061018.1318774,1.316605038325107,3.2284524520026174,1.6084417966215094,-1.6915454527115214e-10,0.0002608087206219387,0.0,0.0,0.0,0.0,-1.8772969525834342,-0.5566222553767974,-0.16649776896667673,-0.011163633218489873,0.0,0.0,0.0,-0.23676152626491856,3.237481783108839,0.0005314849691856866,-6.69474119194735e-05,0.0,0.0,0.0,-1.0444322159257045,2.580242538051543,-0.0002010844412477236,0.0021806154398244506,nan,nan,nan,nan,nan,nan,nan,0.0,0.0,0.0,-2.2851806416771083,1.8252917137028744,-0.0011721532364651233,0.002380664979755509,nan,nan,nan,nan,nan,nan,nan,nan,nan,nan,nan,nan,nan,nan,0.0,0.0,0.0,-1.8046154311580007,0.6178624256834454,-0.27858492278278224,-0.01323823929954883,nan,nan,nan,nan,nan,nan,nan,nan,nan,nan,nan,nan,nan,nan,nan,nan,nan,nan,nan,nan,nan,nan,nan,nan,nan,nan,nan,nan,nan,nan,nan,nan,nan,nan,nan,nan,nan,nan,nan,nan,nan,nan,nan,nan,nan,nan,nan,nan,nan,0.05633438629421805
1791061018.2338903,1.317782948413666,3.2283422864133873,1.6037451062579005,-1.5305736204249827e-10,0.0002359894894463746,0.0,0.0,0.0,0.0,-1.8909986038499536,-0.5573519844729867,-0.18454715984703485,-0.034199052026512196,0.0,0.0,0.0,-0.23679560110736092,3.237516909224843,-0.0021776271745196935,0.0008757450939680783,0.0,0.0,0.0,-1.0444517942203235,2.580240407707146,-0.0004635444990985881,-0.00031153909234232866,nan,nan,nan,nan,nan,nan,nan,0.0,0.0,0.0,-2.2851871726394277,1.8252896272724932,-0.00031020168220719435,0.0005026749488210464,nan,nan,nan,nan,nan,nan,nan,nan,nan,nan,nan,nan,nan,nan,0.0,0.0,0.0,-1.8255986455785191,0.6151041550577333,-0.20920523320276627,-0.023867381118016513,nan,nan,nan,nan,nan,nan,nan,nan,nan,nan,nan,nan,nan,nan,nan,nan,nan,nan,nan,nan,nan,nan,nan,nan,nan,nan,nan,nan,nan,nan,nan,nan,nan,nan,nan,nan,nan,nan,nan,nan,nan,nan,nan,nan,nan,nan,nan,nan,nan,0.08560155053887235
1791061018.3330488,1.3165328241879395,3.2284497546881608,1.6084200688677084,-1.3856592868561927e-10,0.00021364606268401814,0.0,0.0,0.0,0.0,-1.9073877340966177,-0.5572392587046746,-0.13952488336490237,0.014696992499846476,0.0,0.0,0.0,-0.23680206968975998,3.2374982923678846,-0.007250270533817559,0.0014834372115148167,0.0,0.0,0.0,-1.0444452175343328,2.5802443209963277,-0.00035904532665494084,0.0007817697213763747,nan,nan,nan,nan,nan,nan,nan,0.0,0.0,0.0,-2.285117676930787,1.825193993698617,0.002860431351321956,-0.007478911114198798,nan,nan,nan,nan,nan,nan,nan,nan,nan,nan,nan,nan,nan,nan,0.0,0.0,0.0,-1.847072340927971,0.6129990570508763,-0.23734208531736428,-0.02018108325705544,nan,nan,nan,nan,nan,nan,nan,nan,nan,nan,nan,nan,nan,nan,nan,nan,nan,nan,nan,nan,nan,nan,nan,nan,nan,nan,nan,nan,nan,nan,nan,nan,nan,nan,nan,nan,nan,nan,nan,nan,nan,nan,nan,nan,nan,nan,nan,nan,nan,0.0022258157261486676
1791061018.4318733,1.3178500123916603,3.2283685529399078,1.6036761075019048,-1.2540248481099231e-10,0.00019335017911543368,0.0,0.0,0.0,0.0,-1.9208476335893978,-0.5579571808412114,-0.13292458148469605,-0.004910302644324331,0.0,0.0,0.0,-0.23680905740059097,3.2374903696977677,0.00041676479599430424,-3.8615208366220933e-05,0.0,0.0,0.0,-1.0446852943767317,2.5803229345533474,-0.022817541093889178,0.008123974559596353,nan,nan,nan,nan,nan,nan,nan,0.0,0.0,0.0,-2.2851756095441162,1.8252616046803056,-0.0036858737972270705,0.0028151007306635484,nan,nan,nan,nan,nan,nan,nan,nan,nan,nan,nan,nan,nan,nan,0.0,0.0,0.0,-1.8689026762456618,0.6107676186763573,-0.25088957108743165,-0.019561209052515193,nan,nan,nan,nan,nan,nan,nan,nan,nan,nan,nan,nan,nan,nan,nan,nan,nan,nan,nan,nan,nan,nan,nan,nan,nan,nan,nan,nan,nan,nan,nan,nan,nan,nan,nan,nan,nan,nan,nan,nan,nan,nan,nan,nan,nan,nan,nan,nan,nan,0.0045686559525866845
1791061018.5329266,1.3166146658201607,3.2284710632411686,1.6085756590046225,-1.1346886060896332e-10,0.0001749504769050966,0.0,0.0,0.0,0.0,-1.9327964723651092,-0.5587903676516754,-0.14600438267897575,-0.03670145415774578,0.0,0.0,0.0,-0.23677326748897962,3.237505536783363,-0.004319807131149495,0.0014063308310451675,0.0,0.0,0.0,-1.044426630937487,2.5802302998172366,-0.0024324756139389777,0.002174629166250027,nan,nan,nan,nan,nan,nan,nan,0.0,0.0,0.0,-2.285146579102655,1.8252191664071995,-0.00037553973035036925,-0.0007022268021295263,nan,nan,nan,nan,nan,nan,nan,nan,nan,nan,nan,nan,nan,nan,0.0,0.0,0.0,-1.8909281965928384,0.6082662981559596,-0.21643432821711522,-0.026699414081912412,nan,nan,nan,nan,nan,nan,nan,nan,nan,nan,nan,nan,nan,nan,nan,nan,nan,nan,nan,nan,nan,nan,nan,nan,nan,nan,nan,nan,nan,nan,nan,nan,nan,nan,nan,nan,nan,nan,nan,nan,nan,nan,nan,nan,nan,nan,nan,nan,nan,0.021486893801412776
1791061018.6328971,1.3171902384782077,3.228299230488027,1.6025628105077347,-1.0267087089463924e-10,0.00015830173785899305,0.0,0.0,0.0,0.0,-1.9440341575970694,-0.5588339333098965,-0.09766428052615618,-0.002531618310782798,0.0,0.0,0.0,-0.2367563660072708,3.2374905570763857,-0.0003046731636840254,0.0002930919383680643,0.0,0.0,0.0,-1.0444172623099726,2.580214482297292,0.013646862167575267,-0.005366180432469517,nan,nan,nan,nan,nan,nan,nan,0.0,0.0,0.0,-2.285150247322468,1.8252300972572768,-6.548080773128206e-05,-0.0004360365776955966,nan,nan,nan,nan,nan,nan,nan,nan,nan,nan,nan,nan,nan,nan,0.0,0.0,0.0,-1.912168008444684,0.6062697032725266,-0.22292485631756997,-0.01975212832999977,nan,nan,nan,nan,nan,nan,nan,nan,nan,nan,nan,nan,nan,nan,nan,nan,nan,nan,nan,nan,nan,nan,nan,nan,nan,nan,nan,nan,nan,nan,nan,nan,nan,nan,nan,nan,nan,nan,nan,nan,nan,nan,nan,nan,nan,nan,nan,nan,nan,0.0447722595676118
1791061018.732906,1.3177951443081146,3.2283379534097802,1.6037449873043432,-9.290219889963772e-11,0.00014324003885996412,0.0,0.0,0.0,0.0,-1.9530707732692723,-0.5589580010225425,-0.0935936286561956,0.0038274155031849115,0.0,0.0,0.0,-0.23679470305399983,3.2374938415765278,-0.0010584398897517382,-0.00015077013869902568,0.0,0.0,0.0,-1.0444045997864075,2.580215014760748,0.002193338992193548,-0.0005926600872765061,nan,nan,nan,nan,nan,nan,nan,0.0,0.0,0.0,-2.2851770486567524,1.8252496848945297,-0.002109928898558227,0.0016378856124737945,nan,nan,nan,nan,nan,nan,nan,nan,nan,nan,nan,nan,nan,nan,0.0,0.0,0.0,-1.9316025891176891,0.6041605509258552,-0.17533774595771798,-0.01755765943149664,nan,nan,nan,nan,nan,nan,nan,nan,nan,nan,nan,nan,nan,nan,nan,nan,nan,nan,nan,nan,nan,nan,nan,nan,nan,nan,nan,nan,nan,nan,nan,nan,nan,nan,nan,nan,nan,nan,nan,nan,nan,nan,nan,nan,nan,nan,nan,nan,nan,0.0020976346027309013
1791061018.8328986,1.31783732252762,3.2283488086699648,1.6038785774345243,-8.406755311533656e-11,0.00012961845594324103,0.0,0.0,0.0,0.0,-1.9631593719621545,-0.5600582644506173,-0.11190166279289965,-0.007806110139909972,0.0,0.0,0.0,-0.2367529181008999,3.237479449623943,-0.0023380731165234337,-0.0005728864382205698,0.0,0.0,0.0,-1.0443973501732857,2.5802077900036693,0.01615578448561206,-0.006863463063962067,nan,nan,nan,nan,nan,nan,nan,0.0,0.0,0.0,-2.285131462984931,1.8252476991504654,0.0014189299065360222,-0.002402163974651572,nan,nan,nan,nan,nan,nan,nan,nan,nan,nan,nan,nan,nan,nan,0.0,0.0,0.0,-1.948826573309478,0.602252368416522,-0.17739903914436417,-0.02068925537224968,nan,nan,nan,nan,nan,nan,nan,nan,nan,nan,nan,nan,nan,nan,nan,nan,nan,nan,nan,nan,nan,nan,nan,nan,nan,nan,nan,nan,nan,nan,nan,nan,nan,nan,nan,nan,nan,nan,nan,nan,nan,nan,nan,nan,nan,nan,nan,nan,nan,0.0104270881993659
1791061018.9319067,1.3165234023857166,3.2284360639496748,1.6085221000406926,-7.607328376332636e-11,0.0001172925964242859,0.0,0.0,0.0,0.0,-1.9733677673810757,-0.5604003639970623,-0.09559541238945973,0.018106704299554764,0.0,0.0,0.0,-0.2368136290250587,3.2374906644727126,-0.0073317487551360985,0.0008790526831418817,0.0,0.0,0.0,-1.0444267534458436,2.580230688384759,0.00011044104162705507,0.0009944206718088388,nan,nan,nan,nan,nan,nan,nan,0.0,0.0,0.0,-2.285111631883184,1.8252440602489044,0.0014014693011827094,0.0008841496811292621,nan,nan,nan,nan,nan,nan,nan,nan,nan,nan,nan,nan,nan,nan,0.0,0.0,0.0,-1.968121770240589,0.6001930593581069,-0.21903613203179303,-0.022778811429476794,nan,nan,nan,nan,nan,nan,nan,nan,nan,nan,nan,nan,nan,nan,nan,nan,nan,nan,nan,nan,nan,nan,nan,nan,nan,nan,nan,nan,nan,nan,nan,nan,nan,nan,nan,nan,nan,nan,nan,nan,nan,nan,nan,nan,nan,nan,nan,nan,nan,0.010725172392203105
1791061019.0327764,1.3178336714680425,3.22836001983553,1.6041953757908687,-6.883395368454731e-11,0.00010613073013816441,0.0,0.0,0.0,0.0,-1.9834838062522786,-0.5613407820843659,-0.13511108006122655,-0.04997195610738,0.0,0.0,0.0,-0.23670267577829082,3.237487805057128,0.007907676394089336,0.000770263732278353,0.0,0.0,0.0,-1.044414542230676,2.58022996823583,0.013848001096702912,-0.00485700429019618,nan,nan,nan,nan,nan,nan,nan,0.0,0.0,0.0,-2.2851379954876627,1.8252930435376586,0.0007376729492252447,0.0013892038909395733,nan,nan,nan,nan,nan,nan,nan,nan,nan,nan,nan,nan,nan,nan,0.0,0.0,0.0,-1.9880153884215792,0.5975371662876648,-0.20789332849993286,-0.03518143522555238,nan,nan,nan,nan,nan,nan,nan,nan,nan,nan,nan,nan,nan,nan,nan,nan,nan,nan,nan,nan,nan,nan,nan,nan,nan,nan,nan,nan,nan,nan,nan,nan,nan,nan,nan,nan,nan,nan,nan,nan,nan,nan,nan,nan,nan,nan,nan,nan,nan,0.004592192593210172
1791061019.1319053,1.3173685414277758,3.228502306350322,1.6089920696174704,-6.228816877015333e-11,9.603819738208109e-05,0.0,0.0,0.0,0.0,-1.993845557839412,-0.5616672536714477,-0.12063204915036498,-0.04605877921321766,0.0,0.0,0.0,-0.23671529022595517,3.2374903544326084,0.00022256999257307835,-0.00028618138301565504,0.0,0.0,0.0,-1.0444251205249562,2.5802261099880304,0.013435337104902698,-0.0037979675154527224,nan,nan,nan,nan,nan,nan,nan,0.0,0.0,0.0,-2.2851349784447055,1.8252461424147521,0.001162053304332598,0.00045387976998449524,nan,nan,nan,nan,nan,nan,nan,nan,nan,nan,nan,nan,nan,nan,0.0,0.0,0.0,-2.0095436803394406,0.5949043519891203,-0.21936063466095695,-0.027754609345132547,nan,nan,nan,nan,nan,nan,nan,nan,nan,nan,nan,nan,nan,nan,nan,nan,nan,nan,nan,nan,nan,nan,nan,nan,nan,nan,nan,nan,nan,nan,nan,nan,nan,nan,nan,nan,nan,nan,nan,nan,nan,nan,nan,nan,nan,nan,nan,nan,nan,0.011906688766717246
1791061019.2318163,1.317858165785483,3.228334150466576,1.6035298184121498,-5.636585563859872e-11,8.690695643027982e-05,0.0,0.0,0.0,0.0,-2.002669562801887,-0.5611915850103559,-0.12020928852633325,0.014044083751091816,0.0,0.0,0.0,-0.23674045088844975,3.2374919776298134,-0.000831158749228044,0.0004368584901389091,0.0,0.0,0.0,-1.0444349216084272,2.580226740841211,-0.0008588295909234103,0.00021726737059105285,nan,nan,nan,nan,nan,nan,nan,0.0,0.0,0.0,-2.2851550011222823,1.8252727095272028,-0.0028900849189847973,0.0005728720351906607,nan,nan,nan,nan,nan,nan,nan,nan,nan,nan,nan,nan,nan,nan,0.0,0.0,0.0,-2.030967019018444,0.5922672859777448,-0.20098960956903322,-0.00900837864660967,nan,nan,nan,nan,nan,nan,nan,nan,nan,nan,nan,nan,nan,nan,nan,nan,nan,nan,nan,nan,nan,nan,nan,nan,nan,nan,nan,nan,nan,nan,nan,nan,nan,nan,nan,nan,nan,nan,nan,nan,nan,nan,nan,nan,nan,nan,nan,nan,nan,0.1028843762358867
1791061019.333227,1.317437328029055,3.228584731345141,1.6093321109463414,-5.100193529817903e-11,7.863666609158187e-05,0.0,0.0,0.0,0.0,-2.013557691021167,-0.5614735162484922,-0.13618538408398873,-0.014652432337676274,0.0,0.0,0.0,-0.23671326454400615,3.237485468693976,0.009165205134568375,-0.0018578195462821924,0.0,0.0,0.0,-1.0444335977471266,2.5802199299690374,-0.00017777145561202238,0.0002740142810918022,nan,nan,nan,nan,nan,nan,nan,0.0,0.0,0.0,-2.2851230808865552,1.8252398744822103,-0.0014390897064403062,-0.0003010760958391887,nan,nan,nan,nan,nan,nan,nan,nan,nan,nan,nan,nan,nan,nan,0.0,0.0,0.0,-2.0527722697268227,0.5894178737889225,-0.2075777915856477,-0.005594081584080434,nan,nan,nan,nan,nan,nan,nan,nan,nan,nan,nan,nan,nan,nan,nan,nan,nan,nan,nan,nan,nan,nan,nan,nan,nan,nan,nan,nan,nan,nan,nan,nan,nan,nan,nan,nan,nan,nan,nan,nan,nan,nan,nan,nan,nan,nan,nan,nan,nan,0.03884915030568873
1791061019.4323776,1.3178089060962612,3.2283519099697693,1.6042932352659078,-4.614845946520802e-11,7.115339793264731e-05,0.0,0.0,0.0,0.0,-2.026078714849755,-0.563321446112078,-0.0859715214176593,0.05312706353440132,0.0,0.0,0.0,-0.23675384784554557,3.2374831909984905,-0.002564207541947271,0.0004728583312668606,0.0,0.0,0.0,-1.0444124792370324,2.5802178424504545,0.0016954717954202293,-0.0015649213272177246,nan,nan,nan,nan,nan,nan,nan,0.0,0.0,0.0,-2.2851272506283147,1.8252505350049175,0.0019129299203132402,-0.0008456364461910653,nan,nan,nan,nan,nan,nan,nan,nan,nan,nan,nan,nan,nan,nan,0.0,0.0,0.0,-2.074600573448069,0.5866307637908267,-0.18603687947053174,-0.013376238082089657,nan,nan,nan,nan,nan,nan,nan,nan,nan,nan,nan,nan,nan,nan,nan,nan,nan,nan,nan,nan,nan,nan,nan,nan,nan,nan,nan,nan,nan,nan,nan,nan,nan,nan,nan,nan,nan,nan,nan,nan,nan,nan,nan,nan,nan,nan,nan,nan,nan,0.02819268075758396
1791061019.5330606,1.317808734442962,3.228357350692861,1.6036876754250642,-4.1756852922559305e-11,6.438225689102093e-05,0.0,0.0,0.0,0.0,-2.036555151645365,-0.5631948520040597,-0.10482016333604718,-0.006627373432774073,0.0,0.0,0.0,-0.23675474093921953,3.2374841036831863,-0.00406333671743178,-0.0013314943512064976,0.0,0.0,0.0,-1.0447180889289238,2.580299564816483,-0.008175736396716276,0.0026272566301701683,nan,nan,nan,nan,nan,nan,nan,0.0,0.0,0.0,-2.2851201640640197,1.8252709511790997,0.0016897033913284576,8.293458367672035e-05,nan,nan,nan,nan,nan,nan,nan,nan,nan,nan,nan,nan,nan,nan,0.0,0.0,0.0,-2.0965877623282183,0.5838729485220919,-0.20624670539131773,-0.023203089709230094,nan,nan,nan,nan,nan,nan,nan,nan,nan,nan,nan,nan,nan,nan,nan,nan,nan,nan,nan,nan,nan,nan,nan,nan,nan,nan,nan,nan,nan,nan,nan,nan,nan,nan,nan,nan,nan,nan,nan,nan,nan,nan,nan,nan,nan,nan,nan,nan,nan,0.0031226313669112243
1791061019.6332057,1.3173949874086757,3.228534811773091,1.6093787639182415,-3.7783162996173263e-11,5.825547511174484e-05,0.0,0.0,0.0,0.0,-2.044325250878848,-0.5623892046326507,-0.024422117221845483,0.04353779752205373,0.0,0.0,0.0,-0.23678380788588516,3.237478947777431,-0.0030158045380549005,-0.00192065624883504,0.0,0.0,0.0,-1.0444222543566433,2.5802435250827274,-0.0006751406443176675,0.002008016171862396,nan,nan,nan,nan,nan,nan,nan,0.0,0.0,0.0,-2.2851305472878742,1.8252339996506168,0.001492192654005849,-0.00032215681756325173,nan,nan,nan,nan,nan,nan,nan,nan,nan,nan,nan,nan,nan,nan,0.0,0.0,0.0,-2.118801783303397,0.581156391363584,-0.25678611538617124,-0.035590968740066474,nan,nan,nan,nan,nan,nan,nan,nan,nan,nan,nan,nan,nan,nan,nan,nan,nan,nan,nan,nan,nan,nan,nan,nan,nan,nan,nan,nan,nan,nan,nan,nan,nan,nan,nan,nan,nan,nan,nan,nan,nan,nan,nan,nan,nan,nan,nan,nan,nan,0.015360729349838592
1791061019.7325938,1.3177836107865515,3.2283480297569085,1.6037157199168464,-3.4194626106375674e-11,5.2722536498523004e-05,0.0,0.0,0.0,0.0,-2.0532854423607665,-0.563380354843428,-0.07652079992242777,-0.0027389005917718406,0.0,0.0,0.0,-0.23676093859378597,3.2374964693442942,0.0036629769709786136,-1.0066529057581254e-05,0.0,0.0,0.0,-1.0444317577330247,2.5802511639513392,0.0017156899021843674,0.00040092756571722164,nan,nan,nan,nan,nan,nan,nan,0.0,0.0,0.0,-2.2851346197274727,1.825288455582939,0.0010588095974593328,-0.000674870176153916,nan,nan,nan,nan,nan,nan,nan,nan,nan,nan,nan,nan,nan,nan,0.0,0.0,0.0,-2.14020140442815,0.5784394630092139,-0.23673885358419647,-0.030889682421107203,nan,nan,nan,nan,nan,nan,nan,nan,nan,nan,nan,nan,nan,nan,nan,nan,nan,nan,nan,nan,nan,nan,nan,nan,nan,nan,nan,nan,nan,nan,nan,nan,nan,nan,nan,nan,nan,nan,nan,nan,nan,nan,nan,nan,nan,nan,nan,nan,nan,0.0033935300927682138
1791061019.8327997,1.3178764671940368,3.2283776672693176,1.6038924969015351,-3.094290739882649e-11,4.770891658911488e-05,0.0,0.0,0.0,0.0,-2.0619056602220285,-0.5651325487219075,-0.07550275131527741,-0.027639243263802713,0.0,0.0,0.0,-0.23670803786390332,3.2374963770543506,0.007394391099817516,0.0001945057375599248,0.0,0.0,0.0,-1.0444238068733462,2.580228735871505,0.0004879191041445267,0.0002688287573822778,nan,nan,nan,nan,nan,nan,nan,0.0,0.0,0.0,-2.285127809001871,1.82526508661091,0.00032916595351326636,-0.0002723072849932606,nan,nan,nan,nan,nan,nan,nan,nan,nan,nan,nan,nan,nan,nan,0.0,0.0,0.0,-2.1617485635157307,0.5759101425108262,-0.2143306969777705,-0.022536375972168413,nan,nan,nan,nan,nan,nan,nan,nan,nan,nan,nan,nan,nan,nan,nan,nan,nan,nan,nan,nan,nan,nan,nan,nan,nan,nan,nan,nan,nan,nan,nan,nan,nan,nan,nan,nan,nan,nan,nan,nan,nan,nan,nan,nan,nan,nan,nan,nan,nan,0.05214484955780366
1791061019.9330475,1.3178419028281627,3.2283813235535854,1.6039975524238086,-2.799830044648156e-11,4.3168812917975045e-05,0.0,0.0,0.0,0.0,-2.06879760991024,-0.5650106577633555,-0.059150989282535454,-0.0017058416917385142,0.0,0.0,0.0,-0.2368485725271109,3.237501900586695,-0.006610833500245757,6.967763031626845e-05,0.0,0.0,0.0,-1.0444534101601928,2.5802358457339705,0.012864588731589376,-0.0036955281690015857,nan,nan,nan,nan,nan,nan,nan,0.0,0.0,0.0,-2.285153898242694,1.82526635741817,0.00017341854668091562,-0.0022591718520420384,nan,nan,nan,nan,nan,nan,nan,nan,nan,nan,nan,nan,nan,nan,0.0,0.0,0.0,-2.1836261334825084,0.5732481371448418,-0.21462978888283912,-0.027263244651028223,nan,nan,nan,nan,nan,nan,nan,nan,nan,nan,nan,nan,nan,nan,nan,nan,nan,nan,nan,nan,nan,nan,nan,nan,nan,nan,nan,nan,nan,nan,nan,nan,nan,nan,nan,nan,nan,nan,nan,nan,nan,nan,nan,nan,nan,nan,nan,nan,nan,0.02854308668939258
1791061020.0343502,1.3165850841939328,3.2284400185404722,1.6084422887275023,-2.5334147324102842e-11,3.9061123312149036e-05,0.0,0.0,0.0,0.0,-2.0712104684254924,-0.5635316753595192,-0.05302797924795777,-0.013344627167554038,0.0,0.0,0.0,-0.23680215224214216,3.237497256796402,-0.00040471647112969467,0.0005949506616487658,0.0,0.0,0.0,-1.044440495600797,2.580211323115381,0.0005979331519951822,-0.0005746005452827347,nan,nan,nan,nan,nan,nan,nan,0.0,0.0,0.0,-2.2851283327338643,1.8252480770273913,0.0011944077058392427,0.00012697597858777042,nan,nan,nan,nan,nan,nan,nan,nan,nan,nan,nan,nan,nan,nan,0.0,0.0,0.0,-2.205303094673791,0.5703016979685483,-0.19402239509331481,-0.033140677012496685,nan,nan,nan,nan,nan,nan,nan,nan,nan,nan,nan,nan,nan,nan,nan,nan,nan,nan,nan,nan,nan,nan,nan,nan,nan,nan,nan,nan,nan,nan,nan,nan,nan,nan,nan,nan,nan,nan,nan,nan,nan,nan,nan,nan,nan,nan,nan,nan,nan,0.0667734725220483
1791061020.1322482,1.3173717996016514,3.22852494024217,1.6092424374215928,-2.2925787705194733e-11,3.534782557014574e-05,0.0,0.0,0.0,0.0,-2.0765720944414743,-0.5637899757154774,-0.05343212765373754,-0.004171710136104633,0.0,0.0,0.0,-0.236796956902819,3.2374688855400864,-0.003306837598962703,-0.002267293120859775,0.0,0.0,0.0,-1.0444352551156673,2.5802015647276444,0.0028870194750501973,-0.0015165010849701025,nan,nan,nan,nan,nan,nan,nan,0.0,0.0,0.0,-2.2851279335352515,1.825244517555484,0.0010368500177335995,-0.0007707380902872299,nan,nan,nan,nan,nan,nan,nan,nan,nan,nan,nan,nan,nan,nan,0.0,0.0,0.0,-2.2266785489330867,0.5668965544101079,-0.23060964823037206,-0.020810783450151346,nan,nan,nan,nan,nan,nan,nan,nan,nan,nan,nan,nan,nan,nan,nan,nan,nan,nan,nan,nan,nan,nan,nan,nan,nan,nan,nan,nan,nan,nan,nan,nan,nan,nan,nan,nan,nan,nan,nan,nan,nan,nan,nan,nan,nan,nan,nan,nan,nan,0.02913684016599533
1791061020.233056,1.316618340066992,3.2284692681924816,1.608360926847277,-2.0744110560426476e-11,3.198403523258766e-05,0.0,0.0,0.0,0.0,-2.0809714863605135,-0.5636497394767586,-0.024859658352543813,0.019574070388603624,0.0,0.0,0.0,-0.23682423782792805,3.237485874874554,-0.006046938545705079,0.000653553846190901,0.0,0.0,0.0,-1.0444783067059704,2.580219343179322,-0.0007189558502101395,0.0017898098732923467,nan,nan,nan,nan,nan,nan,nan,0.0,0.0,0.0,-2.2851561895943733,1.825297730998206,-0.0007529354797563462,0.0017747886637722436,nan,nan,nan,nan,nan,nan,nan,nan,nan,nan,nan,nan,nan,nan,0.0,0.0,0.0,-2.2485397171400643,0.5642438806702247,-0.21815309495647,-0.03554771151946569,nan,nan,nan,nan,nan,nan,nan,nan,nan,nan,nan,nan,nan,nan,nan,nan,nan,nan,nan,nan,nan,nan,nan,nan,nan,nan,nan,nan,nan,nan,nan,nan,nan,nan,nan,nan,nan,nan,nan,nan,nan,nan,nan,nan,nan,nan,nan,nan,nan,0.06062309857265476
1791061020.3328424,1.3178301890887891,3.2283465782083245,1.604071080818841,-1.8773732892731296e-11,2.8946034226880963e-05,0.0,0.0,0.0,0.0,-2.0849095767951744,-0.5640139062687151,-0.05013229451152944,-0.023346185129708708,0.0,0.0,0.0,-0.23687564100485567,3.237496248966184,-0.010391803102826313,0.00013966199069940098,0.0,0.0,0.0,-1.0444612120640977,2.5801806795129045,0.001959647127281511,-0.003021656499103134,nan,nan,nan,nan,nan,nan,nan,0.0,0.0,0.0,-2.2851357755207777,1.8252589043142429,0.0006589841582802292,0.0027059161185844453,nan,nan,nan,nan,nan,nan,nan,nan,nan,nan,nan,nan,nan,nan,0.0,0.0,0.0,-2.270533004255122,0.5618814939367542,-0.20642931863480907,-0.033551001123531744,nan,nan,nan,nan,nan,nan,nan,nan,nan,nan,nan,nan,nan,nan,nan,nan,nan,nan,nan,nan,nan,nan,nan,nan,nan,nan,nan,nan,nan,nan,nan,nan,nan,nan,nan,nan,nan,nan,nan,nan,nan,nan,nan,nan,nan,nan,nan,nan,nan,0.09175074660711563
1791061020.4322035,1.3174564681492769,3.2285343844862955,1.6090577103008767,-1.6987176003138568e-11,2.6191454880839275e-05,0.0,0.0,0.0,0.0,-2.0911395277555975,-0.5657604710968962,-0.03923824352965805,-0.003495294867310608,0.0,0.0,0.0,-0.23675270520479874,3.237504388614885,0.0006462823882576436,0.0015610659906083934,0.0,0.0,0.0,-1.0444545767171898,2.580185130102845,0.00517169147104193,-0.002845218658450323,nan,nan,nan,nan,nan,nan,nan,0.0,0.0,0.0,-2.2851557866893564,1.8252736825441112,-0.001204144338164158,0.003170423327092804,nan,nan,nan,nan,nan,nan,nan,nan,nan,nan,nan,nan,nan,nan,0.0,0.0,0.0,-2.292629930884629,0.5597538290493292,-0.21497065142930882,-0.009167809697782164,nan,nan,nan,nan,nan,nan,nan,nan,nan,nan,nan,nan,nan,nan,nan,nan,nan,nan,nan,nan,nan,nan,nan,nan,nan,nan,nan,nan,nan,nan,nan,nan,nan,nan,nan,nan,nan,nan,nan,nan,nan,nan,nan,nan,nan,nan,nan,nan,nan,0.06510108220217589
1791061020.532656,1.3178445169755946,3.2283440034029884,1.6040586049178769,-1.537171192007675e-11,2.37006727381622e-05,0.0,0.0,0.0,0.0,-2.092223714785245,-0.5646953406495538,0.003752664254557712,0.03802988972201414,0.0,0.0,0.0,-0.23677074306703008,3.2374961887300304,-0.002885492960850402,3.133891014712311e-05,0.0,0.0,0.0,-1.044454199339373,2.580193247946828,-0.0016120961050548946,0.0012047205892159174,nan,nan,nan,nan,nan,nan,nan,0.0,0.0,0.0,-2.2851296199632998,1.8252657391605895,0.0018756301453379534,-2.0816621713614644e-05,nan,nan,nan,nan,nan,nan,nan,nan,nan,nan,nan,nan,nan,nan,0.0,0.0,0.0,-2.3144900298197495,0.5571177375397187,-0.2216822580069504,-0.017317538345122833,nan,nan,nan,nan,nan,nan,nan,nan,nan,nan,nan,nan,nan,nan,nan,nan,nan,nan,nan,nan,nan,nan,nan,nan,nan,nan,nan,nan,nan,nan,nan,nan,nan,nan,nan,nan,nan,nan,nan,nan,nan,nan,nan,nan,nan,nan,nan,nan,nan,0.004219467248833329
1791061020.6330032,1.317814506058738,3.228332433829785,1.6037608224088635,-1.3908900129125972e-11,2.14452555331619e-05,0.0,0.0,0.0,0.0,-2.0977639898064386,-0.5660266824936098,-0.03261964380952254,0.0017096134348774058,0.0,0.0,0.0,-0.2367532709461584,3.2374829738574,0.003908167429016334,-0.00031815432118500596,0.0,0.0,0.0,-1.0444600107196054,2.5801998683195158,-0.0010342537751318974,0.00037660086453316245,nan,nan,nan,nan,nan,nan,nan,0.0,0.0,0.0,-2.2851134908969883,1.8252242671820138,0.0009898114986430626,-0.0025908636614269537,nan,nan,nan,nan,nan,nan,nan,nan,nan,nan,nan,nan,nan,nan,0.0,0.0,0.0,-2.336268625353313,0.5547028679333231,-0.21563133862344164,-0.033068819895087156,nan,nan,nan,nan,nan,nan,nan,nan,nan,nan,nan,nan,nan,nan,nan,nan,nan,nan,nan,nan,nan,nan,nan,nan,nan,nan,nan,nan,nan,nan,nan,nan,nan,nan,nan,nan,nan,nan,nan,nan,nan,nan,nan,nan,nan,nan,nan,nan,nan,0.04621151591803141
1791061020.7327318,1.317844632910938,3.228318559289624,1.604264699607269,-1.2586293741926358e-11,1.940601219400722e-05,0.0,0.0,0.0,0.0,-2.100790177477977,-0.5661191537229793,-0.03308870520868859,-0.0009682527012985836,0.0,0.0,0.0,-0.23679179292446237,3.2374857181665293,0.000728943081759257,-0.0010399641693501103,0.0,0.0,0.0,-1.0444581879349337,2.580204477092869,0.012487322827073544,-0.005131814964737548,nan,nan,nan,nan,nan,nan,nan,0.0,0.0,0.0,-2.2851339434584363,1.8252463693031347,0.001386506466959709,-0.0029774536658452554,nan,nan,nan,nan,nan,nan,nan,nan,nan,nan,nan,nan,nan,nan,0.0,0.0,0.0,-2.361223389349287,0.5557077269874185,-0.47864199438696187,0.2578573072611324,nan,nan,nan,nan,nan,nan,nan,nan,nan,nan,nan,nan,nan,nan,nan,nan,nan,nan,nan,nan,nan,nan,nan,nan,nan,nan,nan,nan,nan,nan,nan,nan,nan,nan,nan,nan,nan,nan,nan,nan,nan,nan,nan,nan,nan,nan,nan,nan,nan,0.012916671209917761
1791061020.8321073,1.3177739442927083,3.2283354748329436,1.6040839749427216,-1.1389013799526544e-11,1.756000179267243e-05,0.0,0.0,0.0,0.0,-2.1023800516026205,-0.5654727976196694,-0.03320841598925309,-0.003397780471033594,0.0,0.0,0.0,-0.23683669356469175,3.2374781804746293,-0.005767670858701839,-0.0016667602145436413,0.0,0.0,0.0,-1.0444282591357996,2.5802082498302563,0.0012927707037750868,-0.0006868155900930361,nan,nan,nan,nan,nan,nan,nan,0.0,0.0,0.0,-2.2851202643299326,1.8252408447950017,5.795389241090276e-05,-0.00371527268907921,nan,nan,nan,nan,nan,nan,nan,nan,nan,nan,nan,nan,nan,nan,0.0,0.0,0.0,-2.383220271883165,0.5537660220305474,-0.21786190572496267,-0.023591050426491803,nan,nan,nan,nan,nan,nan,nan,nan,nan,nan,nan,nan,nan,nan,nan,nan,nan,nan,nan,nan,nan,nan,nan,nan,nan,nan,nan,nan,nan,nan,nan,nan,nan,nan,nan,nan,nan,nan,nan,nan,nan,nan,nan,nan,nan,nan,nan,nan,nan,0.0010461216205848033
1791061020.933866,1.3177839706746481,3.2283209518747795,1.6035529884498911,-1.0305205843726306e-11,1.5888946688010428e-05,0.0,0.0,0.0,0.0,-2.1046656872442595,-0.5644531302566967,0.0330637909699136,0.087569865998806,0.0,0.0,0.0,-0.2368421341032781,3.2374753766845745,-0.005314707371134903,-0.0009448425436545014,0.0,0.0,0.0,-1.0444492363435183,2.5802360335314933,-0.0009591070767594139,0.0031732296460959303,nan,nan,nan,nan,nan,nan,nan,0.0,0.0,0.0,-2.285102831715524,1.8252335124735586,0.0020494294545326166,-4.9869938701783343e-05,nan,nan,nan,nan,nan,nan,nan,nan,nan,nan,nan,nan,nan,nan,0.0,0.0,0.0,-2.405410450856246,0.5514702388057859,-0.23055079198347594,-0.00927419350089444,nan,nan,nan,nan,nan,nan,nan,nan,nan,nan,nan,nan,nan,nan,nan,nan,nan,nan,nan,nan,nan,nan,nan,nan,nan,nan,nan,nan,nan,nan,nan,nan,nan,nan,nan,nan,nan,nan,nan,nan,nan,nan,nan,nan,nan,nan,nan,nan,nan,0.09394372284317169
1791061021.032889,1.3178020237608097,3.228298316133002,1.6035179577721603,-9.328273249052301e-12,1.4382675959415051e-05,0.0,0.0,0.0,0.0,-2.1076901510793236,-0.565263031401762,-0.03213153502094025,-0.0025818288539341044,0.0,0.0,0.0,-0.2368069938623854,3.2374730521987587,-0.0030789427930924956,-0.0023754629148556848,0.0,0.0,0.0,-1.04442909442304,2.5802174818203145,0.012897639985982062,-0.004662802464594178,nan,nan,nan,nan,nan,nan,nan,0.0,0.0,0.0,-2.2851684327575237,1.825263513053218,-0.0021686164709701842,0.00033784598043520804,nan,nan,nan,nan,nan,nan,nan,nan,nan,nan,nan,nan,nan,nan,0.0,0.0,0.0,-2.4272715137892917,0.5489587734431963,-0.24627286682968663,-0.046999297389513105,nan,nan,nan,nan,nan,nan,nan,nan,nan,nan,nan,nan,nan,nan,nan,nan,nan,nan,nan,nan,nan,nan,nan,nan,nan,nan,nan,nan,nan,nan,nan,nan,nan,nan,nan,nan,nan,nan,nan,nan,nan,nan,nan,nan,nan,nan,nan,nan,nan,0.012844812918591879
1791061021.1332276,1.3170704343401751,3.228254870116174,1.6026330732938232,-8.44057068418038e-12,1.3013983383842014e-05,0.0,0.0,0.0,0.0,-2.1127583213503724,-0.5658973548275539,-0.038482607522810755,-0.0011185039739587742,0.0,0.0,0.0,-0.23671256677337343,3.2374786727010902,0.0015614915976643919,-0.001182921051250785,0.0,0.0,0.0,-1.0444209170128178,2.580205481201063,-0.0003813871842506546,1.3990641926262871e-05,nan,nan,nan,nan,nan,nan,nan,0.0,0.0,0.0,-2.285134744138575,1.8252548092226273,0.001372558117396028,-0.0013953651216361634,nan,nan,nan,nan,nan,nan,nan,nan,nan,nan,nan,nan,nan,nan,0.0,0.0,0.0,-2.448504812094977,0.5476008218701832,-0.21166664021454862,-0.013970336488958133,nan,nan,nan,nan,nan,nan,nan,nan,nan,nan,nan,nan,nan,nan,nan,nan,nan,nan,nan,nan,nan,nan,nan,nan,nan,nan,nan,nan,nan,nan,nan,nan,nan,nan,nan,nan,nan,nan,nan,nan,nan,nan,nan,nan,nan,nan,nan,nan,nan,0.03237629482240855
1791061021.233203,1.3164625055943797,3.228413814287323,1.6084969052642097,-7.638034580769114e-12,1.1776603601654728e-05,0.0,0.0,0.0,0.0,-2.1167935281047043,-0.5660691715170528,-0.05176087274413804,-0.019663970076179222,0.0,0.0,0.0,-0.23677853159105422,3.2374622415574863,0.002658908900626212,-0.002417101312789656,0.0,0.0,0.0,-1.0444440852374748,2.5802295872299945,0.0013215076343550802,-0.001198884537208822,nan,nan,nan,nan,nan,nan,nan,0.0,0.0,0.0,-2.285160804038066,1.8252913914028555,-0.00024479142227082525,0.00023368620379232257,nan,nan,nan,nan,nan,nan,nan,nan,nan,nan,nan,nan,nan,nan,0.0,0.0,0.0,-2.4699698904135556,0.5459657362993364,-0.19113540850096802,0.009013755630117928,nan,nan,nan,nan,nan,nan,nan,nan,nan,nan,nan,nan,nan,nan,nan,nan,nan,nan,nan,nan,nan,nan,nan,nan,nan,nan,nan,nan,nan,nan,nan,nan,nan,nan,nan,nan,nan,nan,nan,nan,nan,nan,nan,nan,nan,nan,nan,nan,nan,0.02868465905057916
1791061021.333105,1.3173988925606526,3.2285408359058345,1.6095042811894802,-6.911998452283454e-12,1.0657174304072952e-05,0.0,0.0,0.0,0.0,-2.1198578247754125,-0.5649662722595704,-0.04464431059145314,0.005040548017902249,0.0,0.0,0.0,-0.23683910480513023,3.2375004877029583,-0.003773574835882366,0.0026456018747615666,0.0,0.0,0.0,-1.0444389815874264,2.5802205768921884,-0.0013731938642640878,0.0007697614283513456,nan,nan,nan,nan,nan,nan,nan,0.0,0.0,0.0,-2.2851717665669584,1.8252989336308565,-0.002263811297862368,0.0013349566954550132,nan,nan,nan,nan,nan,nan,nan,nan,nan,nan,nan,nan,nan,nan,0.0,0.0,0.0,-2.49206478996189,0.5442530434480948,-0.22878718670649303,-0.017341199580023153,nan,nan,nan,nan,nan,nan,nan,nan,nan,nan,nan,nan,nan,nan,nan,nan,nan,nan,nan,nan,nan,nan,nan,nan,nan,nan,nan,nan,nan,nan,nan,nan,nan,nan,nan,nan,nan,nan,nan,nan,nan,nan,nan,nan,nan,nan,nan,nan,nan,0.01611689472259556
1791061021.4328816,1.3166509616564939,3.2284751326623606,1.6085293133474445,-6.2543125506352506e-12,9.643129908724344e-06,0.0,0.0,0.0,0.0,-2.1254081781810634,-0.5663773797190683,-0.053961683431086704,-0.001427291155053501,0.0,0.0,0.0,-0.23673553482417287,3.237476097085129,0.005857385462260873,0.0006002066214742505,0.0,0.0,0.0,-1.0444366791801973,2.5802518133293,0.01282628632142446,-0.0022673342797725417,nan,nan,nan,nan,nan,nan,nan,0.0,0.0,0.0,-2.285136507769744,1.825246400667295,0.0002930661985121721,-0.002747961665628941,nan,nan,nan,nan,nan,nan,nan,nan,nan,nan,nan,nan,nan,nan,0.0,0.0,0.0,-2.513800380088134,0.5429027203132829,-0.2908855493698499,0.04435101662655866,nan,nan,nan,nan,nan,nan,nan,nan,nan,nan,nan,nan,nan,nan,nan,nan,nan,nan,nan,nan,nan,nan,nan,nan,nan,nan,nan,nan,nan,nan,nan,nan,nan,nan,nan,nan,nan,nan,nan,nan,nan,nan,nan,nan,nan,nan,nan,nan,nan,0.0028688793686897683
1791061021.533923,1.3178790130330098,3.2283633218091885,1.6039854185416893,-5.659136021766565e-12,8.725464771263088e-06,0.0,0.0,0.0,0.0,-2.131247864834509,-0.5665776752237339,-0.046556555547980064,0.015339736428657894,0.0,0.0,0.0,-0.2368169144005636,3.237463256962376,-0.0038346784633728347,-0.0015583451621686978,0.0,0.0,0.0,-1.0444309501242108,2.580233300496009,0.01179226349482609,-0.004414288244621478,nan,nan,nan,nan,nan,nan,nan,0.0,0.0,0.0,-2.285144357370462,1.8252922182974747,0.0010885901910111814,-0.0008731571124693837,nan,nan,nan,nan,nan,nan,nan,nan,nan,nan,nan,nan,nan,nan,0.0,0.0,0.0,-2.536040159678668,0.5421427538179248,-0.3019454661934382,-0.015170234532296541,nan,nan,nan,nan,nan,nan,nan,nan,nan,nan,nan,nan,nan,nan,nan,nan,nan,nan,nan,nan,nan,nan,nan,nan,nan,nan,nan,nan,nan,nan,nan,nan,nan,nan,nan,nan,nan,nan,nan,nan,nan,nan,nan,nan,nan,nan,nan,nan,nan,0.01705192048604181
1791061021.6336465,1.317626465584687,3.228243927751468,1.6026206044804732,-5.122051951575139e-12,7.897368730518164e-06,0.0,0.0,0.0,0.0,-2.135833683863129,-0.5667685115242286,-0.055798606592576155,-0.0020774559011880194,0.0,0.0,0.0,-0.2368234174598905,3.2374458497150735,-0.0017020425506283096,-0.0022911700046336805,0.0,0.0,0.0,-1.044438059712215,2.5802356075530044,0.012049654203899227,-0.003028697546562892,nan,nan,nan,nan,nan,nan,nan,0.0,0.0,0.0,-2.2851361934682055,1.8252888448737594,1.4490005750856095e-05,0.0011403834708277043,nan,nan,nan,nan,nan,nan,nan,nan,nan,nan,nan,nan,nan,nan,0.0,0.0,0.0,-2.555633443208815,0.5402679286640774,-0.3144112334969772,-0.058763078243167274,nan,nan,nan,nan,nan,nan,nan,nan,nan,nan,nan,nan,nan,nan,nan,nan,nan,nan,nan,nan,nan,nan,nan,nan,nan,nan,nan,nan,nan,nan,nan,nan,nan,nan,nan,nan,nan,nan,nan,nan,nan,nan,nan,nan,nan,nan,nan,nan,nan,0.013806847402641263
1791061021.7331743,1.3177850187269882,3.2283207461925474,1.6035786847485454,-4.63462426443246e-12,7.145834733748449e-06,0.0,0.0,0.0,0.0,-2.1416481315939353,-0.5670512453799271,-0.06223450478279061,-0.003420161281497837,0.0,0.0,0.0,-0.23676181222381668,3.2374759370799167,0.0006306459405208554,-0.0001548218606863016,0.0,0.0,0.0,-1.044688757710106,2.5803062911362393,-0.019250976590119265,0.006248157818672805,nan,nan,nan,nan,nan,nan,nan,0.0,0.0,0.0,-2.285143460155604,1.8252869898934438,0.002547912398781082,-0.0001734074402389799,nan,nan,nan,nan,nan,nan,nan,nan,nan,nan,nan,nan,nan,nan,0.0,0.0,0.0,-2.5791161277002295,0.5394621774724068,-0.21061539890113984,-0.005987925224266793,nan,nan,nan,nan,nan,nan,nan,nan,nan,nan,nan,nan,nan,nan,nan,nan,nan,nan,nan,nan,nan,nan,nan,nan,nan,nan,nan,nan,nan,nan,nan,nan,nan,nan,nan,nan,nan,nan,nan,nan,nan,nan,nan,nan,nan,nan,nan,nan,nan,0.03127099037394488
1791061021.8333185,1.3177627120015443,3.2283171506466064,1.6039026681382618,-4.193581454374091e-12,6.465818652321609e-06,0.0,0.0,0.0,0.0,-2.1503533863620397,-0.5677037376701443,-0.11769065307584671,-0.005621201412886298,0.0,0.0,0.0,-0.23671862765312063,3.237451950189356,0.007034603472776225,-0.0014171383493603498,0.0,0.0,0.0,-1.044455985146476,2.5802256761766973,0.00019105007939171234,-0.00025331245525156757,nan,nan,nan,nan,nan,nan,nan,0.0,0.0,0.0,-2.2851536047897367,1.8252777211962536,-0.001579339809203138,0.0005110846982865697,nan,nan,nan,nan,nan,nan,nan,nan,nan,nan,nan,nan,nan,nan,0.0,0.0,0.0,-2.5956919305266615,0.5341887020233631,-0.18495802334849618,-0.017109439498073375,nan,nan,nan,nan,nan,nan,nan,nan,nan,nan,nan,nan,nan,nan,nan,nan,nan,nan,nan,nan,nan,nan,nan,nan,nan,nan,nan,nan,nan,nan,nan,nan,nan,nan,nan,nan,nan,nan,nan,nan,nan,nan,nan,nan,nan,nan,nan,nan,nan,0.0006601294167842033
1791061021.9330342,1.3177216579643365,3.228287279781733,1.6036056625217905,-3.795631357167746e-12,5.852244505925538e-06,0.0,0.0,0.0,0.0,-2.1652122661702937,-0.5683391116392158,-0.13936255988434307,-0.007793263574080535,0.0,0.0,0.0,-0.23682081840199473,3.2374954654155377,-0.0036836043540263326,0.0014781091004225963,0.0,0.0,0.0,-1.0444454844560784,2.580215759275477,0.0004700265802954979,0.0006320425566603044,nan,nan,nan,nan,nan,nan,nan,0.0,0.0,0.0,-2.2851320491069247,1.825210062961033,-0.0017428595336703096,-0.004619521572813872,nan,nan,nan,nan,nan,nan,nan,nan,nan,nan,nan,nan,nan,nan,0.0,0.0,0.0,-2.6166568455916224,0.5333299540938281,-0.17393660118414384,-0.05750308637057384,nan,nan,nan,nan,nan,nan,nan,nan,nan,nan,nan,nan,nan,nan,nan,nan,nan,nan,nan,nan,nan,nan,nan,nan,nan,nan,nan,nan,nan,nan,nan,nan,nan,nan,nan,nan,nan,nan,nan,nan,nan,nan,nan,nan,nan,nan,nan,nan,nan,0.018002238095340607
1791061022.0331323,1.3178429924824882,3.228365921183996,1.6040753064682884,-3.4344292781647097e-12,5.295329810197098e-06,0.0,0.0,0.0,0.0,-2.177689092896282,-0.5687584517356238,-0.12436640972754895,-0.006772966126097185,0.0,0.0,0.0,-0.23682756709086986,3.237469627600544,-0.00638453666469261,0.00015692425132360097,0.0,0.0,0.0,-1.0444714946404388,2.5802401507923385,-0.0032728989893877625,0.002003374403589204,nan,nan,nan,nan,nan,nan,nan,0.0,0.0,0.0,-2.2851711195092106,1.8252834271682337,-0.0023823561268548556,0.002009132699104374,nan,nan,nan,nan,nan,nan,nan,nan,nan,nan,nan,nan,nan,nan,0.0,0.0,0.0,-2.6425640914837496,0.5353700969605378,-0.25910622906188396,-0.044664856385620094,nan,nan,nan,nan,nan,nan,nan,nan,nan,nan,nan,nan,nan,nan,nan,nan,nan,nan,nan,nan,nan,nan,nan,nan,nan,nan,nan,nan,nan,nan,nan,nan,nan,nan,nan,nan,nan,nan,nan,nan,nan,nan,nan,nan,nan,nan,nan,nan,nan,0.0011234972572034146
1791061022.1330454,1.3173592657916589,3.2284832157117567,1.609021754271407,-3.107827463192984e-12,4.791763078490092e-06,0.0,0.0,0.0,0.0,-2.190050111395633,-0.5691706777869238,-0.12647870301058425,-0.005012581783921149,0.0,0.0,0.0,-0.23673502383794276,3.237474359382295,-0.00015095685812577047,-0.0002177349009141647,0.0,0.0,0.0,-1.0444616457884963,2.5802159964132065,-0.001300312009729636,0.0006251721736210971,nan,nan,nan,nan,nan,nan,nan,0.0,0.0,0.0,-2.285153447096851,1.825253372634182,-0.001360154240644904,0.00042843702437732236,nan,nan,nan,nan,nan,nan,nan,nan,nan,nan,nan,nan,nan,nan,0.0,0.0,0.0,-2.662766946278998,0.5351422587852124,-0.18777323894124928,-0.002126763765171163,nan,nan,nan,nan,nan,nan,nan,nan,nan,nan,nan,nan,nan,nan,nan,nan,nan,nan,nan,nan,nan,nan,nan,nan,nan,nan,nan,nan,nan,nan,nan,nan,nan,nan,nan,nan,nan,nan,nan,nan,nan,nan,nan,nan,nan,nan,nan,nan,nan,0.03396225379396389
1791061022.2336502,1.3178547532220186,3.228336240183437,1.6038905744605818,-2.812078578420972e-12,4.335766533205961e-06,0.0,0.0,0.0,0.0,-2.2018639185811386,-0.5696646353927747,-0.11859780606950386,-0.007262649585293605,0.0,0.0,0.0,-0.23686101859283368,3.2374814683533253,-0.007481033459621092,0.0005943240431735971,0.0,0.0,0.0,-1.0446605502503836,2.5802946522335897,-0.0164949421369816,0.006400446133612551,nan,nan,nan,nan,nan,nan,nan,0.0,0.0,0.0,-2.2851527829702807,1.8252802149463423,0.0006358554537997236,-0.0013330312059425939,nan,nan,nan,nan,nan,nan,nan,nan,nan,nan,nan,nan,nan,nan,0.0,0.0,0.0,-2.6857152675928395,0.533188534952755,-0.21976012345545548,-0.012834730787700888,nan,nan,nan,nan,nan,nan,nan,nan,nan,nan,nan,nan,nan,nan,nan,nan,nan,nan,nan,nan,nan,nan,nan,nan,nan,nan,nan,nan,nan,nan,nan,nan,nan,nan,nan,nan,nan,nan,nan,nan,nan,nan,nan,nan,nan,nan,nan,nan,nan,0.03358596053154287
1791061022.333004,1.317822270031313,3.2283302464829666,1.6038655443028411,-2.5454183148889115e-12,3.924619897677944e-06,0.0,0.0,0.0,0.0,-2.2136787267166573,-0.5700326516744963,-0.1177631644472252,-0.00477193187740111,0.0,0.0,0.0,-0.23679537168049625,3.2374744146512406,0.0012034242269821078,-2.058493116973971e-05,0.0,0.0,0.0,-1.0446591748148248,2.5802896526608468,-0.015857123742891225,0.0040466637516693976,nan,nan,nan,nan,nan,nan,nan,0.0,0.0,0.0,-2.2851617083936184,1.8252776138681783,0.0006710834597571789,-0.0001205113680429721,nan,nan,nan,nan,nan,nan,nan,nan,nan,nan,nan,nan,nan,nan,0.0,0.0,0.0,-2.705910947792478,0.5327004950809783,-0.15025058364827032,0.019972602531183915,nan,nan,nan,nan,nan,nan,nan,nan,nan,nan,nan,nan,nan,nan,nan,nan,nan,nan,nan,nan,nan,nan,nan,nan,nan,nan,nan,nan,nan,nan,nan,nan,nan,nan,nan,nan,nan,nan,nan,nan,nan,nan,nan,nan,nan,nan,nan,nan,nan,0.03435949589482577
1791061022.432942,1.3166215796147822,3.228491130955869,1.6086746688540816,-2.3033765605348413e-12,3.5514309881574598e-06,0.0,0.0,0.0,0.0,-2.225324871665374,-0.570444583736585,-0.11429227696357926,-0.00448308984061904,0.0,0.0,0.0,-0.23681928281028589,3.237492654335953,-0.006749942481114208,0.001232290352144826,0.0,0.0,0.0,-1.044663504847101,2.580298585805911,-0.0050808146064066015,0.00153977567798567,nan,nan,nan,nan,nan,nan,nan,0.0,0.0,0.0,-2.2851786055360424,1.8253024965875775,-0.0023097021093542937,0.0019399857455757574,nan,nan,nan,nan,nan,nan,nan,nan,nan,nan,nan,nan,nan,nan,0.0,0.0,0.0,-2.7281741433086943,0.53090248408794,-0.22014860652095053,-0.011482626700788999,nan,nan,nan,nan,nan,nan,nan,nan,nan,nan,nan,nan,nan,nan,nan,nan,nan,nan,nan,nan,nan,nan,nan,nan,nan,nan,nan,nan,nan,nan,nan,nan,nan,nan,nan,nan,nan,nan,nan,nan,nan,nan,nan,nan,nan,nan,nan,nan,nan,0.006764471818932655
1791061022.5328145,1.3174103839519544,3.2285230141467567,1.6091574265652107,-2.0841846706139293e-12,3.2134728429043137e-06,0.0,0.0,0.0,0.0,-2.2368517327718838,-0.5707749188924192,-0.10835527816070448,-0.003468968903608605,0.0,0.0,0.0,-0.23674219301791488,3.237471483430466,0.002240289681454283,-0.0013215471081358503,0.0,0.0,0.0,-1.0446740377389463,2.5803051254260603,-0.018169361974324325,0.006887580167700567,nan,nan,nan,nan,nan,nan,nan,0.0,0.0,0.0,-2.285140378184464,1.8252712158588018,0.002317025084103212,0.002399254254756927,nan,nan,nan,nan,nan,nan,nan,nan,nan,nan,nan,nan,nan,nan,0.0,0.0,0.0,-2.7492076781292685,0.5296310993717769,-0.19997373689849862,0.005482032811437429,nan,nan,nan,nan,nan,nan,nan,nan,nan,nan,nan,nan,nan,nan,nan,nan,nan,nan,nan,nan,nan,nan,nan,nan,nan,nan,nan,nan,nan,nan,nan,nan,nan,nan,nan,nan,nan,nan,nan,nan,nan,nan,nan,nan,nan,nan,nan,nan,nan,0.032530566039194464
1791061022.6336117,1.3177534737507897,3.228336934862857,1.6041218104465327,-1.8858482766882166e-12,2.907670471057816e-06,0.0,0.0,0.0,0.0,-2.2491742071154914,-0.571173186185739,-0.09985251375015652,-0.0008346282334800419,0.0,0.0,0.0,-0.23679289873948078,3.2374952874418588,-0.006135180302102755,0.0018600409319400857,0.0,0.0,0.0,-1.0444279257413311,2.5802025203813432,0.014069463937936247,-0.0052188436682657,nan,nan,nan,nan,nan,nan,nan,0.0,0.0,0.0,-2.285128034448572,1.825273436669683,0.002188344238079997,0.0029458847366607257,nan,nan,nan,nan,nan,nan,nan,nan,nan,nan,nan,nan,nan,nan,0.0,0.0,0.0,-2.771959240441544,0.5273034215296906,-0.23144996311700228,-0.034107473959941674,nan,nan,nan,nan,nan,nan,nan,nan,nan,nan,nan,nan,nan,nan,nan,nan,nan,nan,nan,nan,nan,nan,nan,nan,nan,nan,nan,nan,nan,nan,nan,nan,nan,nan,nan,nan,nan,nan,nan,nan,nan,nan,nan,nan,nan,nan,nan,nan,nan,0.02396792369395303
1791061022.7324674,1.3178388998986514,3.2283592907218175,1.6039630549652621,-1.7075741595114648e-12,2.6328008579100124e-06,0.0,0.0,0.0,0.0,-2.260010677535315,-0.5715750880226466,-0.10176767816845737,-0.004330662908410827,0.0,0.0,0.0,-0.23680276415679466,3.2374720865277937,-0.002671260720935034,-0.001032673955585448,0.0,0.0,0.0,-1.0444381819449693,2.5802206353794253,-0.0002155623232600229,0.000936568770405631,nan,nan,nan,nan,nan,nan,nan,0.0,0.0,0.0,-2.2851612619260755,1.8253013906888063,-0.0014862617524241477,0.0025899790925801606,nan,nan,nan,nan,nan,nan,nan,nan,nan,nan,nan,nan,nan,nan,0.0,0.0,0.0,-2.792578251581507,0.5262847600596452,-0.2212221379488458,-0.01915918278285163,nan,nan,nan,nan,nan,nan,nan,nan,nan,nan,nan,nan,nan,nan,nan,nan,nan,nan,nan,nan,nan,nan,nan,nan,nan,nan,nan,nan,nan,nan,nan,nan,nan,nan,nan,nan,nan,nan,nan,nan,nan,nan,nan,nan,nan,nan,nan,nan,nan,0.0315239898776187
1791061022.8327966,1.3178174686246782,3.2283493096937774,1.6038386415957944,-1.5450769941050655e-12,2.3822567312570807e-06,0.0,0.0,0.0,0.0,-2.2693144373471696,-0.5718672265074448,-0.11505124952023547,-0.004611481350497788,0.0,0.0,0.0,-0.23674315330868725,3.237474921575852,-0.0004238763454266904,-0.0008717855388166394,0.0,0.0,0.0,-1.0444569982204677,2.580197598332314,0.0007826315437535775,-0.0026610621847606587,nan,nan,nan,nan,nan,nan,nan,0.0,0.0,0.0,-2.2851556467436493,1.8252714440829962,-0.0005770179282464667,-0.0008675532518516993,nan,nan,nan,nan,nan,nan,nan,nan,nan,nan,nan,nan,nan,nan,0.0,0.0,0.0,-2.809618904404331,0.5201819094124999,-0.2557278349344412,-0.005095455668742553,nan,nan,nan,nan,nan,nan,nan,nan,nan,nan,nan,nan,nan,nan,nan,nan,nan,nan,nan,nan,nan,nan,nan,nan,nan,nan,nan,nan,nan,nan,nan,nan,nan,nan,nan,nan,nan,nan,nan,nan,nan,nan,nan,nan,nan,nan,nan,nan,nan,0.02443008932588352
1791061022.932866,1.3166274147269315,3.2284802661630403,1.6084056296440172,-1.3980434784722544e-12,2.1555550305178623e-06,0.0,0.0,0.0,0.0,-2.2796773614204913,-0.5721860927336168,-0.10482098452077003,-0.0024968241966309944,0.0,0.0,0.0,-0.23681348784304418,3.2374808407371516,-0.005027920616401937,-0.0015133797500250523,0.0,0.0,0.0,-1.0444305835172392,2.5802250123622605,0.00044970109295912255,0.0003599113746312247,nan,nan,nan,nan,nan,nan,nan,0.0,0.0,0.0,-2.285127281087232,1.8252810295259254,0.00211410219853364,-0.0011490762520324509,nan,nan,nan,nan,nan,nan,nan,nan,nan,nan,nan,nan,nan,nan,0.0,0.0,0.0,-2.8308481558793317,0.5231476530446995,-0.18460464554951875,-0.07128650392852329,nan,nan,nan,nan,nan,nan,nan,nan,nan,nan,nan,nan,nan,nan,nan,nan,nan,nan,nan,nan,nan,nan,nan,nan,nan,nan,nan,nan,nan,nan,nan,nan,nan,nan,nan,nan,nan,nan,nan,nan,nan,nan,nan,nan,nan,nan,nan,nan,nan,0.0006184705982850599
1791061023.0329247,1.317307999363205,3.2284847197843174,1.6091624465451293,-1.26501380369576e-12,1.950444968428818e-06,0.0,0.0,0.0,0.0,-2.283065069731478,-0.5722234793485307,-0.0013633982807551499,0.003350975456251508,0.0,0.0,0.0,-0.23682590613536647,3.237484288726907,-0.002222748730302984,-0.00018262341029749563,0.0,0.0,0.0,-1.0444373637390383,2.5802125954497988,0.001078233575342463,-0.0026657037508493325,nan,nan,nan,nan,nan,nan,nan,0.0,0.0,0.0,-2.2851688477410685,1.8253002102622324,-0.0017167986163061906,0.0020663619579131772,nan,nan,nan,nan,nan,nan,nan,nan,nan,nan,nan,nan,nan,nan,0.0,0.0,0.0,-2.845941318498289,0.5228379946136312,-0.15801913416802874,-0.007627283516881802,nan,nan,nan,nan,nan,nan,nan,nan,nan,nan,nan,nan,nan,nan,nan,nan,nan,nan,nan,nan,nan,nan,nan,nan,nan,nan,nan,nan,nan,nan,nan,nan,nan,nan,nan,nan,nan,nan,nan,nan,nan,nan,nan,nan,nan,nan,nan,nan,nan,0.028339239900538805
1791061023.1331244,1.3178168211451562,3.2283273772820498,1.6038586362050804,-1.1446318242921016e-12,1.7648355898343716e-06,0.0,0.0,0.0,0.0,-2.283294403838787,-0.572292894867582,3.504434002145881e-05,0.0007126834640923223,0.0,0.0,0.0,-0.23687276397489046,3.2374800452724393,-0.005155168366974315,0.00030004273447497285,0.0,0.0,0.0,-1.0444428046373715,2.5802401745459873,0.011994103892550708,-0.003460559020244418,nan,nan,nan,nan,nan,nan,nan,0.0,0.0,0.0,-2.2851405725154077,1.8253054023441893,0.00018682658187292426,0.005830134460535559,nan,nan,nan,nan,nan,nan,nan,nan,nan,nan,nan,nan,nan,nan,0.0,0.0,0.0,-2.8649109536326036,0.5208371151397025,-0.1784643994101882,-0.017479970861746425,nan,nan,nan,nan,nan,nan,nan,nan,nan,nan,nan,nan,nan,nan,nan,nan,nan,nan,nan,nan,nan,nan,nan,nan,nan,nan,nan,nan,nan,nan,nan,nan,nan,nan,nan,nan,nan,nan,nan,nan,nan,nan,nan,nan,nan,nan,nan,nan,nan,0.004218993413886253
1791061023.232849,1.3177421801750429,3.228338681533956,1.6039302298983797,-1.0358657451121587e-12,1.5971360348947552e-06,0.0,0.0,0.0,0.0,-2.2833195394876045,-0.5723250240543548,0.0002598552762819769,-0.0003789543539811581,0.0,0.0,0.0,-0.2369253778536856,3.2374877070536154,-0.008570359665449652,0.00035933504423580286,0.0,0.0,0.0,-1.0444321579527736,2.5802254693173707,0.0017886801006155423,-0.0010005212129867102,nan,nan,nan,nan,nan,nan,nan,0.0,0.0,0.0,-2.2851453323774673,1.8253005391453632,0.0007459703802556429,5.4101241740344216e-05,nan,nan,nan,nan,nan,nan,nan,nan,nan,nan,nan,nan,nan,nan,0.0,0.0,0.0,-2.8792692618153,0.5194365708268566,-0.10893950560533085,-0.075812892562109,nan,nan,nan,nan,nan,nan,nan,nan,nan,nan,nan,nan,nan,nan,nan,nan,nan,nan,nan,nan,nan,nan,nan,nan,nan,nan,nan,nan,nan,nan,nan,nan,nan,nan,nan,nan,nan,nan,nan,nan,nan,nan,nan,nan,nan,nan,nan,nan,nan,0.0022872169574217355
1791061023.3330164,1.3178111497540888,3.2283601265792066,1.603936739549969,-9.372900865472204e-13,1.445148446541307e-06,0.0,0.0,0.0,0.0,-2.2833096620845184,-0.5722762133289258,0.00123036420402003,0.001993236544552228,0.0,0.0,0.0,-0.23684222753483108,3.2374806091629744,-0.002445629470978171,-0.00019364787646124898,0.0,0.0,0.0,-1.0444307741949963,2.5802231741187547,-0.00010171334937541566,-0.0001486687884971728,nan,nan,nan,nan,nan,nan,nan,0.0,0.0,0.0,-2.285165401595385,1.8252834372098585,-0.003592865693182835,0.0019943500865333814,nan,nan,nan,nan,nan,nan,nan,nan,nan,nan,nan,nan,nan,nan,0.0,0.0,0.0,-2.8800449027259187,0.5193897207042505,-0.007161498662281105,0.003343451226792615,nan,nan,nan,nan,nan,nan,nan,nan,nan,nan,nan,nan,nan,nan,nan,nan,nan,nan,nan,nan,nan,nan,nan,nan,nan,nan,nan,nan,nan,nan,nan,nan,nan,nan,nan,nan,nan,nan,nan,nan,nan,nan,nan,nan,nan,nan,nan,nan,nan,0.04047038826651247
1791061023.4329138,1.31783371761927,3.2283682402746017,1.6038214645709228,-8.481427122930766e-13,1.30769773489322e-06,0.0,0.0,0.0,0.0,-2.2833125967827983,-0.5722769208451991,-0.00043598775925514463,-0.000852536592730062,0.0,0.0,0.0,-0.2368441315421314,3.2375031030489643,-0.005007024992740502,0.0018395776863997717,0.0,0.0,0.0,-1.0446454877391422,2.580299670591878,-0.017556857841718836,0.007510421220823082,nan,nan,nan,nan,nan,nan,nan,0.0,0.0,0.0,-2.285165907678953,1.8252788181335151,-0.00020953389674053524,-0.0010222248154135982,nan,nan,nan,nan,nan,nan,nan,nan,nan,nan,nan,nan,nan,nan,0.0,0.0,0.0,-2.8799780714541363,0.5194734687932576,-0.00011310049881138582,0.0007111985077343499,nan,nan,nan,nan,nan,nan,nan,nan,nan,nan,nan,nan,nan,nan,nan,nan,nan,nan,nan,nan,nan,nan,nan,nan,nan,nan,nan,nan,nan,nan,nan,nan,nan,nan,nan,nan,nan,nan,nan,nan,nan,nan,nan,nan,nan,nan,nan,nan,nan,0.047915901307843733
1791061023.5320802,1.317792629337007,3.2283245289068265,1.6035379323074865,-7.67446228752514e-13,1.1832769184311706e-06,0.0,0.0,0.0,0.0,-2.283305785806802,-0.5722788191034847,0.0006592900819272635,-0.00048339848377440965,0.0,0.0,0.0,-0.23676497698048932,3.237473507004728,0.006114842725760898,0.0002488929212044746,0.0,0.0,0.0,-1.0444236472714876,2.580223296086853,0.0018378116044968466,-0.001913376051045221,nan,nan,nan,nan,nan,nan,nan,0.0,0.0,0.0,-2.2851265672203476,1.8253040362461572,0.0014555518448592954,0.0003238902049957202,nan,nan,nan,nan,nan,nan,nan,nan,nan,nan,nan,nan,nan,nan,0.0,0.0,0.0,-2.880013586585428,0.5193871588991683,0.0009101835001797386,0.00043337279787340874,nan,nan,nan,nan,nan,nan,nan,nan,nan,nan,nan,nan,nan,nan,nan,nan,nan,nan,nan,nan,nan,nan,nan,nan,nan,nan,nan,nan,nan,nan,nan,nan,nan,nan,nan,nan,nan,nan,nan,nan,nan,nan,nan,nan,nan,nan,nan,nan,nan,0.035589889429168055
1791061023.6339138,1.3177719685306828,3.228339622384798,1.6039298465761613,-6.944140643340775e-13,1.0706732320466826e-06,0.0,0.0,0.0,0.0,-2.2832849728677735,-0.5722458170766674,0.0007136235089616571,0.0018808880675874682,0.0,0.0,0.0,-0.23670321572299433,3.23749571410574,0.008596751450542905,0.00014072541005787494,0.0,0.0,0.0,-1.0444152334087766,2.5802217232518467,0.0029158360419174597,-0.0016987961081654703,nan,nan,nan,nan,nan,nan,nan,0.0,0.0,0.0,-2.285164962773586,1.8253214310636217,0.0012040357723125358,0.00011518803541612788,nan,nan,nan,nan,nan,nan,nan,nan,nan,nan,nan,nan,nan,nan,0.0,0.0,0.0,-2.8800292971059123,0.5193830993111267,-0.00023890885227052078,-0.000154534369590007,nan,nan,nan,nan,nan,nan,nan,nan,nan,nan,nan,nan,nan,nan,nan,nan,nan,nan,nan,nan,nan,nan,nan,nan,nan,nan,nan,nan,nan,nan,nan,nan,nan,nan,nan,nan,nan,nan,nan,nan,nan,nan,nan,nan,nan,nan,nan,nan,nan,0.08001938391759199
1791061023.732718,1.3178323306802555,3.22836391910831,1.6038754565215763,-6.288132227185845e-13,9.695274334160089e-07,0.0,0.0,0.0,0.0,-2.2833097795184134,-0.5722619206693784,-0.0006604043506806935,0.0006763748532403927,0.0,0.0,0.0,-0.2368105570977461,3.2374907606945347,-0.004390123913444035,0.001474935845125514,0.0,0.0,0.0,-1.044424254417842,2.580221420396902,-0.00021575120326070284,-0.0004530516641125555,nan,nan,nan,nan,nan,nan,nan,0.0,0.0,0.0,-2.2851244741368624,1.8252467167755035,0.0018795095163931016,-0.0017902830028982911,nan,nan,nan,nan,nan,nan,nan,nan,nan,nan,nan,nan,nan,nan,0.0,0.0,0.0,-2.88001975009925,0.5193551864376796,-0.0010255441315595725,-0.0007518826953808232,nan,nan,nan,nan,nan,nan,nan,nan,nan,nan,nan,nan,nan,nan,nan,nan,nan,nan,nan,nan,nan,nan,nan,nan,nan,nan,nan,nan,nan,nan,nan,nan,nan,nan,nan,nan,nan,nan,nan,nan,nan,nan,nan,nan,nan,nan,nan,nan,nan,0.0017633088765336637
1791061023.8338046,1.3178203799514359,3.228333708557134,1.6038350873182519,-5.689737330585474e-13,8.772646998554842e-07,0.0,0.0,0.0,0.0,-2.2832870926626745,-0.5722591035953322,0.0008273459290629606,0.0006683710908321333,0.0,0.0,0.0,-0.23681294654513999,3.237472001271396,-0.0025634025497931726,-0.0018487507767075478,0.0,0.0,0.0,-1.0443893844905443,2.5801984423872524,0.004668672501267455,-0.0011722757898924186,nan,nan,nan,nan,nan,nan,nan,0.0,0.0,0.0,-2.285134642066561,1.8252554506336358,0.001521482711534217,-0.0032179356040267604,nan,nan,nan,nan,nan,nan,nan,nan,nan,nan,nan,nan,nan,nan,0.0,0.0,0.0,-2.8800205174438305,0.5193643143829783,0.0003988282938571263,0.0003242973093180171,nan,nan,nan,nan,nan,nan,nan,nan,nan,nan,nan,nan,nan,nan,nan,nan,nan,nan,nan,nan,nan,nan,nan,nan,nan,nan,nan,nan,nan,nan,nan,nan,nan,nan,nan,nan,nan,nan,nan,nan,nan,nan,nan,nan,nan,nan,nan,nan,nan,0.033517035666917536
1791061023.9325578,1.3165668849010728,3.2284335152977097,1.6086393168577815,-5.152342192974209e-13,7.94407134258193e-07,0.0,0.0,0.0,0.0,-2.283283854188932,-0.5722483838279637,0.00043510872682966766,-0.0001559056282039134,0.0,0.0,0.0,-0.23674403342273234,3.2374897203249264,0.0030608237596339966,0.00018563013957432022,0.0,0.0,0.0,-1.0444383437521683,2.5802303935960023,0.000599253273095333,0.0004859654649092052,nan,nan,nan,nan,nan,nan,nan,0.0,0.0,0.0,-2.285137869428768,1.8252616541939244,0.0013729852656249246,-0.0004200311803160409,nan,nan,nan,nan,nan,nan,nan,nan,nan,nan,nan,nan,nan,nan,0.0,0.0,0.0,-2.880018031522514,0.5193799761355715,-0.0006624989556122546,0.0006193623955149088,nan,nan,nan,nan,nan,nan,nan,nan,nan,nan,nan,nan,nan,nan,nan,nan,nan,nan,nan,nan,nan,nan,nan,nan,nan,nan,nan,nan,nan,nan,nan,nan,nan,nan,nan,nan,nan,nan,nan,nan,nan,nan,nan,nan,nan,nan,nan,nan,nan,0.06666743747717489
1791061024.0323353,1.3177611400271572,3.228304443284193,1.603907176846171,-4.662060530648422e-13,7.18813698154769e-07,0.0,0.0,0.0,0.0,-2.283285695330996,-0.5722567915846052,-0.0002733907262409891,0.00011965299937228287,0.0,0.0,0.0,-0.23681583486540841,3.2374709707765366,-0.002327151883290758,0.00027029159208578896,0.0,0.0,0.0,-1.044420748411885,2.580207803747354,0.00021154693312438317,-0.0005791992317946521,nan,nan,nan,nan,nan,nan,nan,0.0,0.0,0.0,-2.2851412945249843,1.8252486410266142,-0.0024682932402082676,-0.0005234940306217685,nan,nan,nan,nan,nan,nan,nan,nan,nan,nan,nan,nan,nan,nan,0.0,0.0,0.0,-2.8799605443334864,0.5193727376173257,0.0024690224495908116,0.0015025016065830703,nan,nan,nan,nan,nan,nan,nan,nan,nan,nan,nan,nan,nan,nan,nan,nan,nan,nan,nan,nan,nan,nan,nan,nan,nan,nan,nan,nan,nan,nan,nan,nan,nan,nan,nan,nan,nan,nan,nan,nan,nan,nan,nan,nan,nan,nan,nan,nan,nan,0.007422169668707267
1791061024.1328025,1.317767878343447,3.2283047704291414,1.6038277714804603,-4.2184068146656485e-13,6.504095309009971e-07,0.0,0.0,0.0,0.0,-2.2832922467966923,-0.5722598515656299,-0.0006523514703479576,-0.00042009554731111916,0.0,0.0,0.0,-0.23682684332994702,3.237480106887027,-0.003463597836938661,-0.0013702813962873294,0.0,0.0,0.0,-1.0444087634008383,2.58019511932146,0.0005609927544166806,-0.0014557679231029094,nan,nan,nan,nan,nan,nan,nan,0.0,0.0,0.0,-2.285122543419426,1.8252677600532807,0.0014088893133219695,0.0002527226803115057,nan,nan,nan,nan,nan,nan,nan,nan,nan,nan,nan,nan,nan,nan,0.0,0.0,0.0,-2.880025840383896,0.5193503661855734,-0.0003150156669697536,0.0011001909854214341,nan,nan,nan,nan,nan,nan,nan,nan,nan,nan,nan,nan,nan,nan,nan,nan,nan,nan,nan,nan,nan,nan,nan,nan,nan,nan,nan,nan,nan,nan,nan,nan,nan,nan,nan,nan,nan,nan,nan,nan,nan,nan,nan,nan,nan,nan,nan,nan,nan,0.026179758106747414
1791061024.231887,1.3165878324049387,3.228441809668357,1.6089089996391506,-3.8175384420772927e-13,5.886021657929678e-07,0.0,0.0,0.0,0.0,-2.2832909923605227,-0.572273787369441,-0.00040391790610487386,-8.093784733043923e-05,0.0,0.0,0.0,-0.2367509760906253,3.2374920314320237,-0.0007493613933352951,0.0006003871618361371,0.0,0.0,0.0,-1.0444288130940844,2.5802428013567766,0.003828812160487786,-0.000944024154640045,nan,nan,nan,nan,nan,nan,nan,0.0,0.0,0.0,-2.2851524236934395,1.8252981471262788,-0.0022156544094674383,-9.07831698645869e-05,nan,nan,nan,nan,nan,nan,nan,nan,nan,nan,nan,nan,nan,nan,0.0,0.0,0.0,-2.8800046027073276,0.5193049633320237,-0.0007286296551260396,-0.0022245523976896124,nan,nan,nan,nan,nan,nan,nan,nan,nan,nan,nan,nan,nan,nan,nan,nan,nan,nan,nan,nan,nan,nan,nan,nan,nan,nan,nan,nan,nan,nan,nan,nan,nan,nan,nan,nan,nan,nan,nan,nan,nan,nan,nan,nan,nan,nan,nan,nan,nan,0.0012365787340738567
1791061024.3343637,1.3177645427514948,3.2283297365627566,1.6041231608537456,-3.454251628317473e-13,5.325892641215176e-07,0.0,0.0,0.0,0.0,-2.283307529994788,-0.5722984327193311,-0.0008621656285150723,-0.00027441433084647186,0.0,0.0,0.0,-0.23677139305496678,3.237464745999659,-0.003660757117373467,-0.00043835515724071787,0.0,0.0,0.0,-1.0446816392013922,2.580338405318708,-0.0065501110996179866,0.0026738403222868936,nan,nan,nan,nan,nan,nan,nan,0.0,0.0,0.0,-2.2851226059204057,1.8253191414560204,0.0016856195423308113,0.0010799892227485665,nan,nan,nan,nan,nan,nan,nan,nan,nan,nan,nan,nan,nan,nan,0.0,0.0,0.0,-2.880031184089326,0.519363747226765,-0.001202542328064773,0.0018906441430463368,nan,nan,nan,nan,nan,nan,nan,nan,nan,nan,nan,nan,nan,nan,nan,nan,nan,nan,nan,nan,nan,nan,nan,nan,nan,nan,nan,nan,nan,nan,nan,nan,nan,nan,nan,nan,nan,nan,nan,nan,nan,nan,nan,nan,nan,nan,nan,nan,nan,0.0017268912489914639
1791061024.433871,1.3171002831521876,3.228238347405631,1.6030011648577591,-3.1255361256404953e-13,4.819066947797637e-07,0.0,0.0,0.0,0.0,-2.283299272313414,-0.5722929944403423,-0.00013743701355242157,-4.407720039728482e-05,0.0,0.0,0.0,-0.2368152442650762,3.2374599163375537,0.006055104439345698,-0.0016529295406210475,0.0,0.0,0.0,-1.0444351812351216,2.580224808634207,0.014442995411270775,-0.006907738807304974,nan,nan,nan,nan,nan,nan,nan,0.0,0.0,0.0,-2.2851286160313466,1.825290790162814,-0.001546083844953925,-0.00037710234151866495,nan,nan,nan,nan,nan,nan,nan,nan,nan,nan,nan,nan,nan,nan,0.0,0.0,0.0,-2.88000053090849,0.5193728382170053,0.0002478629883510888,0.0011351332654024465,nan,nan,nan,nan,nan,nan,nan,nan,nan,nan,nan,nan,nan,nan,nan,nan,nan,nan,nan,nan,nan,nan,nan,nan,nan,nan,nan,nan,nan,nan,nan,nan,nan,nan,nan,nan,nan,nan,nan,nan,nan,nan,nan,nan,nan,nan,nan,nan,nan,0.02771422889522391
1791061024.5329943,1.317748294580658,3.2283121697222317,1.603788120561147,-2.8302910757669046e-13,4.3638472337541403e-07,0.0,0.0,0.0,0.0,-2.283282512934597,-0.5722674689891639,0.0010394026641563933,0.0010850283124948907,0.0,0.0,0.0,-0.23682351986077707,3.237487341775464,-0.004233292292326617,0.0006217827053022184,0.0,0.0,0.0,-1.0444368661836099,2.5802231338080897,0.0005760388765209697,-0.0007768373284142182,nan,nan,nan,nan,nan,nan,nan,0.0,0.0,0.0,-2.285158534281016,1.825317053636361,-0.0022547856399163175,0.0009306076404385831,nan,nan,nan,nan,nan,nan,nan,nan,nan,nan,nan,nan,nan,nan,0.0,0.0,0.0,-2.880024653725475,0.5194072448717478,0.00035288531173136104,0.0003127795814152017,nan,nan,nan,nan,nan,nan,nan,nan,nan,nan,nan,nan,nan,nan,nan,nan,nan,nan,nan,nan,nan,nan,nan,nan,nan,nan,nan,nan,nan,nan,nan,nan,nan,nan,nan,nan,nan,nan,nan,nan,nan,nan,nan,nan,nan,nan,nan,nan,nan,0.026919848689524236
1791061024.6330163,1.3177420507097513,3.2283142134300538,1.6037203695680766,-2.5609532701287987e-13,3.9485722649911546e-07,0.0,0.0,0.0,0.0,-2.2833003678285397,-0.572274604238536,2.7664321357925362e-05,-0.001621478405837437,0.0,0.0,0.0,-0.2367866250045932,3.2374931536748086,0.0030623467368496313,0.0020366389298087173,0.0,0.0,0.0,-1.044448306894224,2.5802461659660714,0.014591017394041148,-0.001554857333293241,nan,nan,nan,nan,nan,nan,nan,0.0,0.0,0.0,-2.285166796269836,1.8253045618434662,-0.001965615325175026,0.0013637873944698639,nan,nan,nan,nan,nan,nan,nan,nan,nan,nan,nan,nan,nan,nan,0.0,0.0,0.0,-2.880030650087426,0.5194177114176632,-0.0003390316829557271,0.0005619765378079846,nan,nan,nan,nan,nan,nan,nan,nan,nan,nan,nan,nan,nan,nan,nan,nan,nan,nan,nan,nan,nan,nan,nan,nan,nan,nan,nan,nan,nan,nan,nan,nan,nan,nan,nan,nan,nan,nan,nan,nan,nan,nan,nan,nan,nan,nan,nan,nan,nan,0.00510647807059153
1791061024.7329934,1.3177520692793787,3.2283084579134385,1.6038266251151343,-2.3173759480145844e-13,3.5730157604272773e-07,0.0,0.0,0.0,0.0,-2.283292276825863,-0.5722736145655862,-4.413200982022751e-05,-0.0005009232258496162,0.0,0.0,0.0,-0.236764431369033,3.237479342139819,0.0035514052036754477,0.0010086691491652889,0.0,0.0,0.0,-1.0444209764432217,2.580220459462444,0.00022862276927059858,-0.0014096503928237693,nan,nan,nan,nan,nan,nan,nan,0.0,0.0,0.0,-2.2851058340382413,1.825267270850572,0.0008443126144087638,-0.002892389293974431,nan,nan,nan,nan,nan,nan,nan,nan,nan,nan,nan,nan,nan,nan,0.0,0.0,0.0,-2.879999760091482,0.5193613725226875,0.000323474005390398,-0.0006628150212223659,nan,nan,nan,nan,nan,nan,nan,nan,nan,nan,nan,nan,nan,nan,nan,nan,nan,nan,nan,nan,nan,nan,nan,nan,nan,nan,nan,nan,nan,nan,nan,nan,nan,nan,nan,nan,nan,nan,nan,nan,nan,nan,nan,nan,nan,nan,nan,nan,nan,0.0021217728867466094
1791061024.8330045,1.3165277075830166,3.228445230318535,1.6086692749233031,-2.096946770547931e-13,3.2331499195734665e-07,0.0,0.0,0.0,0.0,-2.283286340497303,-0.57228194932067,-0.0002685421775949991,-5.459344804985744e-05,0.0,0.0,0.0,-0.23678642828790533,3.23747138072455,-0.0004986339123554774,0.0002047889712902141,0.0,0.0,0.0,-1.0444393819825997,2.5802386203416967,0.003011408067521257,-0.0008286296531807863,nan,nan,nan,nan,nan,nan,nan,0.0,0.0,0.0,-2.285147922676123,1.8252949655721724,-0.0001491748240087112,0.0007209191854507288,nan,nan,nan,nan,nan,nan,nan,nan,nan,nan,nan,nan,nan,nan,0.0,0.0,0.0,-2.879992122618629,0.5193639569718018,0.0014434963263027457,0.0004714697342241231,nan,nan,nan,nan,nan,nan,nan,nan,nan,nan,nan,nan,nan,nan,nan,nan,nan,nan,nan,nan,nan,nan,nan,nan,nan,nan,nan,nan,nan,nan,nan,nan,nan,nan,nan,nan,nan,nan,nan,nan,nan,nan,nan,nan,nan,nan,nan,nan,nan,0.06463426912200589
1791061024.9319134,1.3178061721255947,3.228330231977783,1.6036782159714393,-1.897670177364739e-13,2.925897913813321e-07,0.0,0.0,0.0,0.0,-2.2832879840471514,-0.5722711663355121,-0.00012849480780618522,0.00022892641457890922,0.0,0.0,0.0,-0.23673317890074774,3.2374632573569815,0.0029378529397232236,-0.000600891998731766,0.0,0.0,0.0,-1.0444353855144157,2.580187260283792,-0.0009820735826306206,-0.002508886920317645,nan,nan,nan,nan,nan,nan,nan,0.0,0.0,0.0,-2.2851265876800615,1.8252846690218045,0.0012242964238359552,0.0011419346827565974,nan,nan,nan,nan,nan,nan,nan,nan,nan,nan,nan,nan,nan,nan,0.0,0.0,0.0,-2.8799987341978097,0.5193400382153013,-0.00036885864316593404,-0.001711727330234611,nan,nan,nan,nan,nan,nan,nan,nan,nan,nan,nan,nan,nan,nan,nan,nan,nan,nan,nan,nan,nan,nan,nan,nan,nan,nan,nan,nan,nan,nan,nan,nan,nan,nan,nan,nan,nan,nan,nan,nan,nan,nan,nan,nan,nan,nan,nan,nan,nan,0.03683811713742226
1791061025.0332751,1.3173492035427035,3.228506161241846,1.6093975490256918,-1.7170829841348693e-13,2.6474619146417314e-07,0.0,0.0,0.0,0.0,-2.2832913326386253,-0.5722942518169334,-0.0003621258858270957,-0.0006370913073653036,0.0,0.0,0.0,-0.23680783784434462,3.237471412767608,0.0010940883027985874,-0.000684170177746466,0.0,0.0,0.0,-1.0444213596310712,2.5802319380005785,0.0022164401911745784,-0.0009403277734477938,nan,nan,nan,nan,nan,nan,nan,0.0,0.0,0.0,-2.285144478217381,1.8252690567900478,-0.0007892500660581954,-0.0014319707657573654,nan,nan,nan,nan,nan,nan,nan,nan,nan,nan,nan,nan,nan,nan,0.0,0.0,0.0,-2.8800401870521437,0.5193856205155954,-0.002138037322880523,0.0026726747035616615,nan,nan,nan,nan,nan,nan,nan,nan,nan,nan,nan,nan,nan,nan,nan,nan,nan,nan,nan,nan,nan,nan,nan,nan,nan,nan,nan,nan,nan,nan,nan,nan,nan,nan,nan,nan,nan,nan,nan,nan,nan,nan,nan,nan,nan,nan,nan,nan,nan,0.019171558544660468
1791061025.133664,1.3171425836507955,3.2282545633351765,1.6026450757371915,-1.554113312514641e-13,2.396189260470269e-07,0.0,0.0,0.0,0.0,-2.2832879038650695,-0.5722940712700623,-2.508930186146628e-05,-0.000936135485231098,0.0,0.0,0.0,-0.2367969049625078,3.237483368424734,-0.00083213837093577,0.0015660227675610467,0.0,0.0,0.0,-1.0444313347162872,2.5802364403083025,0.004562197066715591,-0.0009856270629421096,nan,nan,nan,nan,nan,nan,nan,0.0,0.0,0.0,-2.285123417792575,1.825281596391431,0.00026961079177666175,-0.0002516047402576224,nan,nan,nan,nan,nan,nan,nan,nan,nan,nan,nan,nan,nan,nan,0.0,0.0,0.0,-2.8800126825197014,0.5193322994603355,0.00020416484762903093,-0.0028889118787739964,nan,nan,nan,nan,nan,nan,nan,nan,nan,nan,nan,nan,nan,nan,nan,nan,nan,nan,nan,nan,nan,nan,nan,nan,nan,nan,nan,nan,nan,nan,nan,nan,nan,nan,nan,nan,nan,nan,nan,nan,nan,nan,nan,nan,nan,nan,nan,nan,nan,0.042762174388051834
1791061025.2328546,1.3166543102625972,3.2284992737854203,1.6088129006205305,-1.4062845004001973e-13,2.168261342264903e-07,0.0,0.0,0.0,0.0,-2.2832935626436885,-0.5722721325875868,0.0003001433020839783,0.0005360773473827438,0.0,0.0,0.0,-0.23676482845459762,3.2374904389557,-0.0006904772441511333,0.0018274336863772166,0.0,0.0,0.0,-1.0444214149056101,2.580214681847351,0.014971527135058166,-0.007557225134135051,nan,nan,nan,nan,nan,nan,nan,0.0,0.0,0.0,-2.2851597340491625,1.8253025341739104,-0.0004372700003328389,0.0016908561577966914,nan,nan,nan,nan,nan,nan,nan,nan,nan,nan,nan,nan,nan,nan,0.0,0.0,0.0,-2.8800055363337047,0.5193401179472448,0.0006748506411875463,-0.0008672042725760496,nan,nan,nan,nan,nan,nan,nan,nan,nan,nan,nan,nan,nan,nan,nan,nan,nan,nan,nan,nan,nan,nan,nan,nan,nan,nan,nan,nan,nan,nan,nan,nan,nan,nan,nan,nan,nan,nan,nan,nan,nan,nan,nan,nan,nan,nan,nan,nan,nan,0.008869311198983858
1791061025.3330998,1.317792381540084,3.2283206371282906,1.603840187379534,-1.272458836784296e-13,1.961923995206943e-07,0.0,0.0,0.0,0.0,-2.2833225574239235,-0.5722944018291999,-0.001092055869683349,-0.0007695102076256953,0.0,0.0,0.0,-0.23678984826750576,3.237455080846282,-0.0003252940526108203,-7.87714914281967e-05,0.0,0.0,0.0,-1.0444370497939197,2.5802281180828355,-0.0015907588720861445,0.0005687178010974075,nan,nan,nan,nan,nan,nan,nan,0.0,0.0,0.0,-2.2851655514693054,1.8252948530628483,0.0002058993523453643,0.0009133787123696531,nan,nan,nan,nan,nan,nan,nan,nan,nan,nan,nan,nan,nan,nan,0.0,0.0,0.0,-2.880041227774536,0.519361141975377,-0.000743133352990217,-0.00020977058701902006,nan,nan,nan,nan,nan,nan,nan,nan,nan,nan,nan,nan,nan,nan,nan,nan,nan,nan,nan,nan,nan,nan,nan,nan,nan,nan,nan,nan,nan,nan,nan,nan,nan,nan,nan,nan,nan,nan,nan,nan,nan,nan,nan,nan,nan,nan,nan,nan,nan,0.10003797182416739
1791061025.4330823,1.3165568828661245,3.2284600358431854,1.6085548941755452,-1.151392221959793e-13,1.775259020453867e-07,0.0,0.0,0.0,0.0,-2.283299723947336,-0.5722854904819068,0.0003707374858947544,-0.001188505440307863,0.0,0.0,0.0,-0.23676163493927588,3.2374869026481994,0.000490197611420447,0.000459622144383789,0.0,0.0,0.0,-1.0444546603656724,2.5802314554726786,0.00019560103204491804,-0.0005930887407078639,nan,nan,nan,nan,nan,nan,nan,0.0,0.0,0.0,-2.2851324132670343,1.8252646714702963,-0.001156972528308194,0.00045284610621299144,nan,nan,nan,nan,nan,nan,nan,nan,nan,nan,nan,nan,nan,nan,0.0,0.0,0.0,-2.8800386458003215,0.5194000655108887,0.0004294447920822964,0.0011619593391268578,nan,nan,nan,nan,nan,nan,nan,nan,nan,nan,nan,nan,nan,nan,nan,nan,nan,nan,nan,nan,nan,nan,nan,nan,nan,nan,nan,nan,nan,nan,nan,nan,nan,nan,nan,nan,nan,nan,nan,nan,nan,nan,nan,nan,nan,nan,nan,nan,nan,0.0039913357512630036
1791061025.5320272,1.3177847152340805,3.2283344079700105,1.6037869192399739,-1.0419715203808995e-13,1.6065501445404211e-07,0.0,0.0,0.0,0.0,-2.2832984853335767,-0.5722750537117545,5.093380684537085e-07,0.0006928278686527463,0.0,0.0,0.0,-0.23677608911121772,3.2374738373169163,0.003493098423185066,0.00018331838611453707,0.0,0.0,0.0,-1.044445317153871,2.580238603896494,-0.0004054580155362014,0.0001261930250772753,nan,nan,nan,nan,nan,nan,nan,0.0,0.0,0.0,-2.2851733284613416,1.8253094954772877,-0.00417711303805417,0.003506598866176447,nan,nan,nan,nan,nan,nan,nan,nan,nan,nan,nan,nan,nan,nan,0.0,0.0,0.0,-2.880014214857014,0.5193849964887393,0.0007684329901766584,0.0012137136651692536,nan,nan,nan,nan,nan,nan,nan,nan,nan,nan,nan,nan,nan,nan,nan,nan,nan,nan,nan,nan,nan,nan,nan,nan,nan,nan,nan,nan,nan,nan,nan,nan,nan,nan,nan,nan,nan,nan,nan,nan,nan,nan,nan,nan,nan,nan,nan,nan,nan,0.00013407895865453633
1791061025.6332648,1.3178051690737058,3.2283501298491672,1.6038188135791789,-9.428148204783112e-14,1.4536666852089982e-07,0.0,0.0,0.0,0.0,-2.283296618387723,-0.5722804411466064,0.00019620455251270698,-0.0007644987611918161,0.0,0.0,0.0,-0.2367776486514397,3.2374919876744896,-0.003349766958691643,-0.0002928342139024906,0.0,0.0,0.0,-1.0444275066633224,2.5802419582276714,0.004958986883207759,-0.00040942804393430334,nan,nan,nan,nan,nan,nan,nan,0.0,0.0,0.0,-2.285126044781657,1.8252839003679495,-0.0013160890581277417,-8.696695522580904e-05,nan,nan,nan,nan,nan,nan,nan,nan,nan,nan,nan,nan,nan,nan,0.0,0.0,0.0,-2.880020434513068,0.5193703763601488,0.0009999432352634564,-0.0009683615385030682,nan,nan,nan,nan,nan,nan,nan,nan,nan,nan,nan,nan,nan,nan,nan,nan,nan,nan,nan,nan,nan,nan,nan,nan,nan,nan,nan,nan,nan,nan,nan,nan,nan,nan,nan,nan,nan,nan,nan,nan,nan,nan,nan,nan,nan,nan,nan,nan,nan,0.083307576691855
1791061025.733007,1.3165326868542866,3.2284356979932847,1.6087977407542873,-8.531158524476877e-14,1.315365505919524e-07,0.0,0.0,0.0,0.0,-2.2832853434044007,-0.572275750819825,0.0004368375842695922,0.0007288744878824431,0.0,0.0,0.0,-0.23687577611937363,3.2374960820478544,-0.006513989551005079,0.00015042072534121576,0.0,0.0,0.0,-1.044433561269466,2.580222111616408,0.014405521916009089,-0.00514233755079629,nan,nan,nan,nan,nan,nan,nan,0.0,0.0,0.0,-2.2851270802976633,1.8252988318194066,0.0005338138663376006,0.0020871052180640934,nan,nan,nan,nan,nan,nan,nan,nan,nan,nan,nan,nan,nan,nan,0.0,0.0,0.0,-2.8800431654379195,0.5193848965441072,-0.0002624815362021165,0.002164793000503297,nan,nan,nan,nan,nan,nan,nan,nan,nan,nan,nan,nan,nan,nan,nan,nan,nan,nan,nan,nan,nan,nan,nan,nan,nan,nan,nan,nan,nan,nan,nan,nan,nan,nan,nan,nan,nan,nan,nan,nan,nan,nan,nan,nan,nan,nan,nan,nan,nan,0.00342881349069658
1791061025.8328176,1.3166023325757508,3.2284402347973793,1.6085187851468234,-7.719311454680067e-14,1.1901919285409409e-07,0.0,0.0,0.0,0.0,-2.283297166342499,-0.5722931821479673,-0.0002258100379108844,0.0002949844146186092,0.0,0.0,0.0,-0.2368785560456911,3.2374975976449933,-0.011073019065216712,-3.663868561025544e-05,0.0,0.0,0.0,-1.0444458782040285,2.580218923047721,-0.0002886280959250124,0.000617942552025548,nan,nan,nan,nan,nan,nan,nan,0.0,0.0,0.0,-2.2851339585778416,1.8252797260345592,0.0021639541245845207,-0.0023124908183071876,nan,nan,nan,nan,nan,nan,nan,nan,nan,nan,nan,nan,nan,nan,0.0,0.0,0.0,-2.880037332613314,0.5193651983611097,0.00017457511172013873,-0.0005471497055548488,nan,nan,nan,nan,nan,nan,nan,nan,nan,nan,nan,nan,nan,nan,nan,nan,nan,nan,nan,nan,nan,nan,nan,nan,nan,nan,nan,nan,nan,nan,nan,nan,nan,nan,nan,nan,nan,nan,nan,nan,nan,nan,nan,nan,nan,nan,nan,nan,nan,0.0028364745776478335
1791061025.9335613,1.3165848796215176,3.2284470398942826,1.608680797702778,-6.98472184796364e-14,1.0769301919421562e-07,0.0,0.0,0.0,0.0,-2.283301221077902,-0.5722923354834314,0.00029694050425661773,-0.0008039653165766273,0.0,0.0,0.0,-0.23676809166111462,3.2375146430679416,0.0023914468099758774,0.001019836820108303,0.0,0.0,0.0,-1.0444466706563074,2.5802277156428044,-0.0010877816938875884,0.0011586359917928096,nan,nan,nan,nan,nan,nan,nan,0.0,0.0,0.0,-2.2851629356077416,1.82526613755767,-0.0006465259658465874,-0.0010015006598221843,nan,nan,nan,nan,nan,nan,nan,nan,nan,nan,nan,nan,nan,nan,0.0,0.0,0.0,-2.880022359665831,0.5193329310369732,0.001523669791309457,-0.003294548740755237,nan,nan,nan,nan,nan,nan,nan,nan,nan,nan,nan,nan,nan,nan,nan,nan,nan,nan,nan,nan,nan,nan,nan,nan,nan,nan,nan,nan,nan,nan,nan,nan,nan,nan,nan,nan,nan,nan,nan,nan,nan,nan,nan,nan,nan,nan,nan,nan,nan,0.08858462918660959
