t,x,y,heading,opinion,attention,target_speed,p_att_tb1,p_coop_tb1,p_coop_att_tb1,x_tb1,y_tb1,vx_tb1,vy_tb1,p_att_tb2,p_coop_tb2,p_coop_att_tb2,x_tb2,y_tb2,vx_tb2,vy_tb2,p_att_tb3,p_coop_tb3,p_coop_att_tb3,x_tb3,y_tb3,vx_tb3,vy_tb3,p_att_tb4,p_coop_tb4,p_coop_att_tb4,x_tb4,y_tb4,vx_tb4,vy_tb4,p_att_tb5,p_coop_tb5,p_coop_att_tb5,x_tb5,y_tb5,vx_tb5,vy_tb5,p_att_tb6,p_coop_tb6,p_coop_att_tb6,x_tb6,y_tb6,vx_tb6,vy_tb6,p_att_tb7,p_coop_tb7,p_coop_att_tb7,x_tb7,y_tb7,vx_tb7,vy_tb7,p_att_tb8,p_coop_tb8,p_coop_att_tb8,x_tb8,y_tb8,vx_tb8,vy_tb8,p_att_tb10,p_coop_tb10,p_coop_att_tb10,x_tb10,y_tb10,vx_tb10,vy_tb10,p_att_tb11,p_coop_tb11,p_coop_att_tb11,x_tb11,y_tb11,vx_tb11,vy_tb11,p_att_tb12,p_coop_tb12,p_coop_att_tb12,x_tb12,y_tb12,vx_tb12,vy_tb12,p_att_crnr_x0_y0,p_coop_crnr_x0_y0,p_coop_att_crnr_x0_y0,x_crnr_x0_y0,y_crnr_x0_y0,vx_crnr_x0_y0,vy_crnr_x0_y0,p_att_crnr_x0_y1,p_coop_crnr_x0_y1,p_coop_att_crnr_x0_y1,x_crnr_x0_y1,y_crnr_x0_y1,vx_crnr_x0_y1,vy_crnr_x0_y1,p_att_crnr_x1_y0,p_coop_crnr_x1_y0,p_coop_att_crnr_x1_y0,x_crnr_x1_y0,y_crnr_x1_y0,vx_crnr_x1_y0,vy_crnr_x1_y0,p_att_hat2,p_coop_hat2,p_coop_att_hat2,x_hat2,y_hat2,vx_hat2,vy_hat2,current_speed
1791059652.9880219,2.329543840299814,0.7695471874271569,3.1369604939400304,0.00019473553812648833,0.1903251651596785,0.20011684130958335,0.0,0.0,0.0,2.392006244337303,-0.4416069090916913,-0.009092080221351589,0.011679065500731067,0.0,0.0,0.0,0.23145235921482557,-1.2882830366517148,0.00041742143972230513,2.326446539348227e-05,0.0,0.0,0.0,-0.9494884665186165,-1.1472491413151433,-3.374755979482443e-05,-0.0003806331426546688,nan,nan,nan,nan,nan,nan,nan,0.013300656261239453,0.0,0.0,1.5022759337587301,-1.3504395128168225,-0.001034116081604887,0.0006270508533104054,0.0,0.0,0.0,2.215453311877599,1.963315004652382,0.0008240623232514332,-0.000530294501028513,nan,nan,nan,nan,nan,nan,nan,nan,nan,nan,nan,nan,nan,nan,nan,nan,nan,nan,nan,nan,nan,nan,nan,nan,nan,nan,nan,nan,nan,nan,nan,nan,nan,nan,nan,nan,nan,nan,nan,nan,nan,nan,nan,nan,nan,nan,nan,nan,nan,nan,nan,nan,nan,nan,nan,nan,nan,nan,nan,nan,nan,nan,nan,0.01070709052953992
1791059653.0874565,2.329382598193485,0.7700805013750247,3.13297189329052,0.0004200987543720055,0.36253851264788955,0.20025205911917082,0.0,0.0,0.0,2.391840093082751,-0.44168604814610934,-0.006499149419163732,0.0006447684121043517,0.000407805903986412,0.0,0.0,0.23157296992017254,-1.2871220456143362,0.004589579282033927,0.02632742117956846,1.24086689229246e-06,0.0,0.0,-0.9493011859950571,-1.1448880257682468,0.0008112990514179573,0.03307955398389434,nan,nan,nan,nan,nan,nan,nan,0.013135918722726861,0.0,0.0,1.5020563924926305,-1.3494440132916152,-0.004938745333283424,0.029527808140914748,0.0,0.0,0.0,2.2152727573682767,1.9632091160782696,0.006978662326320001,-0.0033507427866065445,nan,nan,nan,nan,nan,nan,nan,nan,nan,nan,nan,nan,nan,nan,nan,nan,nan,nan,nan,nan,nan,nan,nan,nan,nan,nan,nan,nan,nan,nan,nan,nan,nan,nan,nan,nan,nan,nan,nan,nan,nan,nan,nan,nan,nan,nan,nan,nan,nan,nan,nan,nan,nan,nan,nan,nan,nan,nan,nan,nan,nan,nan,nan,0.03646630647388633
1791059653.1873443,2.3250598517745917,0.7701075163030633,3.1360728487839187,0.0006156183490347135,0.5183287379662956,0.20036937058946214,0.0,0.0,0.0,2.3881251366837617,-0.44195687293234986,-0.047369503790409925,-0.003259512948380668,0.015176141939501588,0.0,0.0,0.23183517867359835,-1.2826273692246777,0.0010000592088775665,0.04837496162446654,0.0027945605758791987,0.0,0.0,-0.9492044579287345,-1.1397344714915454,0.005620562130509736,0.06000697581542794,nan,nan,nan,nan,nan,nan,nan,0.07132333085680753,0.0,0.0,1.5016474292707476,-1.3448732235503373,0.003158132116191012,0.04733833845309175,0.0,0.0,0.0,2.2094748163350073,1.963216089406362,-0.033638129910389086,0.005352326975240192,nan,nan,nan,nan,nan,nan,nan,nan,nan,nan,nan,nan,nan,nan,nan,nan,nan,nan,nan,nan,nan,nan,nan,nan,nan,nan,nan,nan,nan,nan,nan,nan,nan,nan,nan,nan,nan,nan,nan,nan,nan,nan,nan,nan,nan,nan,nan,nan,nan,nan,nan,nan,nan,nan,nan,nan,nan,nan,nan,nan,nan,nan,nan,0.0468254374688199
1791059653.2876434,2.319214892531481,0.770558892825021,3.136234816989173,0.02478772348626116,0.6593573575571824,0.2148452799633688,0.0,0.0,0.0,2.3829075004182774,-0.44198662891057783,-0.053968708656669404,0.0015439894882989845,1.0539684039468844,0.0,0.0,0.23160500338371037,-1.2770344438358912,-0.005792938997750298,0.07333008136899044,0.701747516491645,0.0,0.0,-0.9490480312533125,-1.1326761476011227,0.011673108169260265,0.08041183719620745,nan,nan,nan,nan,nan,nan,nan,0.7574932813639708,0.0,0.0,1.5016015693589904,-1.3386550285371936,-0.007028649283844995,0.0769563794611446,0.0,0.0,0.0,2.2047786728471532,1.9642992119484146,-0.06636917814577342,-0.001380455998113352,nan,nan,nan,nan,nan,nan,nan,nan,nan,nan,nan,nan,nan,nan,nan,nan,nan,nan,nan,nan,nan,nan,nan,nan,nan,nan,nan,nan,nan,nan,nan,nan,nan,nan,nan,nan,nan,nan,nan,nan,nan,nan,nan,nan,nan,nan,nan,nan,nan,nan,nan,nan,nan,nan,nan,nan,nan,nan,nan,nan,nan,nan,nan,0.0837995710852158
1791059653.3876472,2.311843638448311,0.7705673040703501,3.13639028891182,-0.00728693108095577,0.7869669222578366,0.19562853769485367,0.0,0.0,0.0,2.3751310134440877,-0.4417395162414973,-0.07948650284751949,-1.5100064621313388e-05,0.9901496568003141,0.0,0.0,0.23146036513091836,-1.2683003015709895,0.00026439551490801266,0.0996738223039154,0.5716366314269576,0.0,0.0,-0.9488685390638374,-1.1244353107652452,0.0018310611955432794,0.08316072851283188,nan,nan,nan,nan,nan,nan,nan,0.791809176911314,0.0,0.0,1.5014897628583976,-1.3300033624659595,-0.006573983760094228,0.08476933569940161,0.0,0.0,0.0,2.1969082298170104,1.9642311755563382,-0.08301394371756013,0.008485284560687537,nan,nan,nan,nan,nan,nan,nan,nan,nan,nan,nan,nan,nan,nan,nan,nan,nan,nan,nan,nan,nan,nan,nan,nan,nan,nan,nan,nan,nan,nan,nan,nan,nan,nan,nan,nan,nan,nan,nan,nan,nan,nan,nan,nan,nan,nan,nan,nan,nan,nan,nan,nan,nan,nan,nan,nan,nan,nan,nan,nan,nan,nan,nan,0.0742413369356784
1791059653.4873805,2.3020667431332056,0.771099634694294,3.1343825806239636,-0.04332888344244924,0.9025189187466824,0.17414810859950303,0.0,0.0,0.0,2.3672581301362565,-0.4416722931317184,-0.08132582602811628,0.0037879654334158006,1.0035249199094027,0.0,0.0,0.23147261373213576,-1.2580635779099716,-0.00021480315605217157,0.11552932770345815,0.5519656730299091,0.0,0.0,-0.9489327242860723,-1.1151226525270435,0.0014378178738726462,0.10069267135461864,nan,nan,nan,nan,nan,nan,nan,0.711294762027833,0.0,0.0,1.5017443596247282,-1.319543001866083,0.004231525952394309,0.10557058988467594,0.0,0.0,0.0,2.1876179213860043,1.9647875285524286,-0.10629711128517114,-0.0014147710421307381,nan,nan,nan,nan,nan,nan,nan,nan,nan,nan,nan,nan,nan,nan,nan,nan,nan,nan,nan,nan,nan,nan,nan,nan,nan,nan,nan,nan,nan,nan,nan,nan,nan,nan,nan,nan,nan,nan,nan,nan,nan,nan,nan,nan,nan,nan,nan,nan,nan,nan,nan,nan,nan,nan,nan,nan,nan,nan,nan,nan,nan,nan,nan,0.08472334116858661
1791059653.5873973,2.2922767298974245,0.7713603782760367,3.1351010228210368,-0.08243522800543353,1.0077419701987544,0.15152314017847002,0.0,0.0,0.0,2.3582084412344018,-0.44176993914824253,-0.0929527558409286,-0.010118973634038544,1.0184364195487505,0.0,0.0,0.23129263462015023,-1.246493972762277,-0.0001013679752075202,0.13354337961589247,0.3948586484831863,0.0,0.0,-0.9487680610659149,-1.1044047109295627,-0.012908949105240205,0.11459842560839606,nan,nan,nan,nan,nan,nan,nan,0.7229706117023135,0.0,0.0,1.5019722885098818,-1.3091392158283528,0.00870367383782745,0.13033621294912787,0.0,0.0,0.0,2.1755331567056304,1.9644600038114604,-0.10849479155318906,0.005228521542541835,nan,nan,nan,nan,nan,nan,nan,nan,nan,nan,nan,nan,nan,nan,nan,nan,nan,nan,nan,nan,nan,nan,nan,nan,nan,nan,nan,nan,nan,nan,nan,nan,nan,nan,nan,nan,nan,nan,nan,nan,nan,nan,nan,nan,nan,nan,nan,nan,nan,nan,nan,nan,nan,nan,nan,nan,nan,nan,nan,nan,nan,nan,nan,0.10745462639416026
1791059653.6875324,2.2819529948720274,0.7717829685570616,3.133449617039278,-0.11548471521820133,1.1040590469376588,0.1333545687787845,0.0,0.0,0.0,2.3490976760824838,-0.4414560255685081,-0.0949605169522113,8.141417832144877e-05,0.9789762960549935,0.0,0.0,0.23132959328872757,-1.2327257083511751,-0.0006112362359605137,0.16473014010318776,0.8984314798047883,0.0,0.0,-0.9482287097949933,-1.0930682409232577,0.005667490060697299,0.11529392974834624,nan,nan,nan,nan,nan,nan,nan,0.6340604115658517,0.0,0.0,1.5020199107063719,-1.2984123854012821,0.002406737136065258,0.13125392123866608,0.0,0.0,0.0,2.1615652117384987,1.9647539642245986,-0.15174748014030376,-0.00046696093961685154,nan,nan,nan,nan,nan,nan,nan,nan,nan,nan,nan,nan,nan,nan,nan,nan,nan,nan,nan,nan,nan,nan,nan,nan,nan,nan,nan,nan,nan,nan,nan,nan,nan,nan,nan,nan,nan,nan,nan,nan,nan,nan,nan,nan,nan,nan,nan,nan,nan,nan,nan,nan,nan,nan,nan,nan,nan,nan,nan,nan,nan,nan,nan,0.11223906626806618
1791059653.787384,2.2689853522664007,0.7719302203713002,3.1338888473841875,-0.14815034024649193,1.1926511660012928,0.11653458379423626,0.0,0.0,0.0,2.34046876648308,-0.44126126355951717,-0.08936276957494271,0.004281144964943904,0.9741631458919229,0.0,0.0,0.2312557289471047,-1.2171687311053165,-0.002050194692864345,0.1753495267999324,0.8248411758648668,0.0,0.0,-0.9481612070828132,-1.0815722688033633,0.0007118913291500482,0.11855671954627567,nan,nan,nan,nan,nan,nan,nan,0.7233036604610324,0.0,0.0,1.5021128229631062,-1.2847420905485183,0.0006079549507986602,0.14826951789253995,0.0,0.0,0.0,2.1475231731913866,1.9651084120847235,-0.18174039942477235,-0.04734536032189657,nan,nan,nan,nan,nan,nan,nan,nan,nan,nan,nan,nan,nan,nan,nan,nan,nan,nan,nan,nan,nan,nan,nan,nan,nan,nan,nan,nan,nan,nan,nan,nan,nan,nan,nan,nan,nan,nan,nan,nan,nan,nan,nan,nan,nan,nan,nan,nan,nan,nan,nan,nan,nan,nan,nan,nan,nan,nan,nan,nan,nan,nan,nan,0.13204477717796692
1791059653.8873832,2.2562480805796428,0.7721946616473555,3.1336123498058264,-0.17908706327165355,1.274597903604903,0.10181760174410166,0.0,0.0,0.0,2.3306402332327,-0.44131670930432176,-0.08974878530779266,-0.0009456162381165563,0.9700717692536734,0.0,0.0,0.2312415018225956,-1.199890200566783,0.0012924451434155782,0.18002243181970123,0.8068017865565992,0.0,0.0,-0.9482044530673502,-1.069570131799923,-0.0024384068006113244,0.11705409978478655,nan,nan,nan,nan,nan,nan,nan,0.7945405128476006,0.0,0.0,1.5020904713766938,-1.2701727699851721,0.000710157037679507,0.16200849767228998,0.0,0.0,0.0,2.130808659393138,1.9649949665195412,-0.16114512628635932,0.004252728688217231,nan,nan,nan,nan,nan,nan,nan,nan,nan,nan,nan,nan,nan,nan,nan,nan,nan,nan,nan,nan,nan,nan,nan,nan,nan,nan,nan,nan,nan,nan,nan,nan,nan,nan,nan,nan,nan,nan,nan,nan,nan,nan,nan,nan,nan,nan,nan,nan,nan,nan,nan,nan,nan,nan,nan,nan,nan,nan,nan,nan,nan,nan,nan,0.13085229719627497
1791059653.9873931,2.243612487269526,0.7725777279207372,3.132880344005427,-0.20886153899224916,1.3508240629878723,0.08886080457017004,0.0,0.0,0.0,2.3202034429299205,-0.4411327760871075,-0.09376086595240703,0.0012246443585688664,0.9462313219325776,0.0,0.0,0.2313337614724967,-1.1810096374578223,0.0015895585303875616,0.19508365430306987,0.9406600319811629,0.0,0.0,-0.9479942532613659,-1.057415420211197,-0.00020243255491416388,0.11413098922720852,nan,nan,nan,nan,nan,nan,nan,0.8015762793534319,0.0,0.0,1.5018312337226496,-1.2536031777557055,-0.007328355731284729,0.1617577784040864,0.0,0.0,0.0,2.113267362819006,1.9651070298362654,-0.19578045134739308,-0.019738236332484473,nan,nan,nan,nan,nan,nan,nan,nan,nan,nan,nan,nan,nan,nan,nan,nan,nan,nan,nan,nan,nan,nan,nan,nan,nan,nan,nan,nan,nan,nan,nan,nan,nan,nan,nan,nan,nan,nan,nan,nan,nan,nan,nan,nan,nan,nan,nan,nan,nan,nan,nan,nan,nan,nan,nan,nan,nan,nan,nan,nan,nan,nan,nan,0.129966293227538
1791059654.087356,2.231579628207809,0.7729147898689821,3.1332754497181328,-0.22328609251005968,1.4214988143149887,0.08302266993626571,0.0,0.0,0.0,2.310323587904674,-0.44089199262584794,-0.1036387000017548,0.0024452654430483388,0.9079564389452182,0.0,0.0,0.23143879534351783,-1.1624452860601249,0.0008754125530093403,0.18852753907682165,0.8538022927963757,0.0,0.0,-0.9478665061754769,-1.0456488367441543,0.0011146484874532895,0.11220514162171166,nan,nan,nan,nan,nan,nan,nan,0.9093027994879167,0.0,0.0,1.5019498319042428,-1.2358635154673454,0.00860839586029525,0.19651527519803902,0.0,0.0,0.0,2.094747194129607,1.9644526732971572,-0.18199656448310805,0.005954703473035088,nan,nan,nan,nan,nan,nan,nan,nan,nan,nan,nan,nan,nan,nan,nan,nan,nan,nan,nan,nan,nan,nan,nan,nan,nan,nan,nan,nan,nan,nan,nan,nan,nan,nan,nan,nan,nan,nan,nan,nan,nan,nan,nan,nan,nan,nan,nan,nan,nan,nan,nan,nan,nan,nan,nan,nan,nan,nan,nan,nan,nan,nan,nan,0.12276607364257845
1791059654.1875024,2.219784241135851,0.7732194079953478,3.1336651128442634,-0.23108771269988332,1.4863756997485114,0.07998515846757691,0.0,0.0,0.0,2.3019001682951847,-0.44062656083356244,-0.0890110994984549,0.003466802132104254,0.7821756860869034,0.0,0.0,0.23222174375241028,-1.1434382935725638,0.01144700983274224,0.2210384968192765,0.9035097952403501,0.0,0.0,-0.9476623130453389,-1.0342061271575957,0.010280837271814086,0.10465737470411013,nan,nan,nan,nan,nan,nan,nan,0.9401174157417792,0.0,0.0,1.50172662297706,-1.2183648899532018,0.0006073974231629443,0.18042024554089148,0.0,0.0,0.0,2.0806747635378593,1.9645525645399133,-0.06942338200375689,0.008478852371337966,nan,nan,nan,nan,nan,nan,nan,nan,nan,nan,nan,nan,nan,nan,nan,nan,nan,nan,nan,nan,nan,nan,nan,nan,nan,nan,nan,nan,nan,nan,nan,nan,nan,nan,nan,nan,nan,nan,nan,nan,nan,nan,nan,nan,nan,nan,nan,nan,nan,nan,nan,nan,nan,nan,nan,nan,nan,nan,nan,nan,nan,nan,nan,0.11447253684273492
1791059654.2874033,2.208706573699538,0.7735305931035268,3.1330621487991626,-0.18639342297936426,1.5435208362099688,0.09852620542224043,0.0,0.0,0.0,2.293395022462753,-0.4405135477257555,-0.07582987205855804,0.0017826223152185912,0.7881523275428045,0.0,0.0,0.23191270275172374,-1.1249009371288312,-0.00124131259857561,0.16809087627566968,0.46096689419199793,0.0,0.0,-0.9477271149608943,-1.0230522317353463,-0.0007483043406164899,0.11234149860480265,nan,nan,nan,nan,nan,nan,nan,1.0018034941635723,0.0,0.0,1.5014195679744446,-1.2008227533033213,0.0005580233814646432,0.17977461404728368,0.0,0.0,0.0,2.0687397881165652,1.9644349259649367,-0.11663498952620147,0.008027641732457584,nan,nan,nan,nan,nan,nan,nan,nan,nan,nan,nan,nan,nan,nan,nan,nan,nan,nan,nan,nan,nan,nan,nan,nan,nan,nan,nan,nan,nan,nan,nan,nan,nan,nan,nan,nan,nan,nan,nan,nan,nan,nan,nan,nan,nan,nan,nan,nan,nan,nan,nan,nan,nan,nan,nan,nan,nan,nan,nan,nan,nan,nan,nan,0.09730643567139732
1791059654.3873973,2.1982094516865773,0.7737577996162635,3.1358494513850426,-0.11235851437636908,1.5912306325983394,0.1350271868804882,0.0,0.0,0.0,2.2847453277518723,-0.44033656929464465,-0.08983670973198014,0.0002871104844157659,0.551961203530029,0.0,0.0,0.23179275986672396,-1.1062522410762008,-0.0024870318680635913,0.18488815568145708,0.36852451428600774,0.0,0.0,-0.947469502899999,-1.011650962400633,0.013123889439089386,0.1119080545588381,nan,nan,nan,nan,nan,nan,nan,1.0307938841786228,0.0,0.0,1.5011530142264897,-1.1833089789090303,0.004262757451212655,0.17629912047527102,0.0,0.0,0.0,2.056904917234105,1.9667157438265808,-0.16808382234286265,0.044207490506720744,nan,nan,nan,nan,nan,nan,nan,nan,nan,nan,nan,nan,nan,nan,nan,nan,nan,nan,nan,nan,nan,nan,nan,nan,nan,nan,nan,nan,nan,nan,nan,nan,nan,nan,nan,nan,nan,nan,nan,nan,nan,nan,nan,nan,nan,nan,nan,nan,nan,nan,nan,nan,nan,nan,nan,nan,nan,nan,nan,nan,nan,nan,nan,0.08813298305114182
1791059654.487429,2.188356157568198,0.774338359941579,3.134560014812353,-0.046581650414088224,1.6313705158764364,0.17223153507859096,0.0,0.0,0.0,2.2774374530051293,-0.4402253675128658,-0.07592982665643341,0.001835164203007519,0.258093685920306,0.0,0.0,0.23108756253773247,-1.088292052708881,-0.04191837622295051,0.21389105711832568,0.29186058002352583,0.0,0.0,-0.9477156771079944,-0.999066446159588,0.0024143412296023115,0.12715114642446668,nan,nan,nan,nan,nan,nan,nan,0.9866275655013256,0.0,0.0,1.500811598142058,-1.166347847418228,0.0011707015393318215,0.16843819466473675,0.0,0.0,0.0,2.0384255912882945,1.9657337637755952,-0.157791927582602,0.004700200603671577,nan,nan,nan,nan,nan,nan,nan,nan,nan,nan,nan,nan,nan,nan,nan,nan,nan,nan,nan,nan,nan,nan,nan,nan,nan,nan,nan,nan,nan,nan,nan,nan,nan,nan,nan,nan,nan,nan,nan,nan,nan,nan,nan,nan,nan,nan,nan,nan,nan,nan,nan,nan,nan,nan,nan,nan,nan,nan,nan,nan,nan,nan,nan,0.09770203162475738
1791059654.5875177,2.1786821246956176,0.7747626236869081,3.1347606682400286,-0.051501183129468844,1.6669095803074652,0.16934284531060007,0.0,0.0,0.0,2.2701187835480834,-0.4403001198559643,-0.05928215238260626,0.00253934342722271,0.7693276442135943,0.0,0.0,0.23128381595298858,-1.0699373370707081,-0.01159423551698379,0.19047264478326198,0.577811122174292,0.0,0.0,-0.947790012781961,-0.9865609704578676,0.0008122686560666132,0.12856472663779217,nan,nan,nan,nan,nan,nan,nan,0.899254852763189,0.0,0.0,1.5003443863635597,-1.149698823916552,-0.004517098924210193,0.16420012114398067,0.0,0.0,0.0,2.0202815792974977,1.9659585966450814,-0.2156675068898447,-0.028979707443761715,nan,nan,nan,nan,nan,nan,nan,nan,nan,nan,nan,nan,nan,nan,nan,nan,nan,nan,nan,nan,nan,nan,nan,nan,nan,nan,nan,nan,nan,nan,nan,nan,nan,nan,nan,nan,nan,nan,nan,nan,nan,nan,nan,nan,nan,nan,nan,nan,nan,nan,nan,nan,nan,nan,nan,nan,nan,nan,nan,nan,nan,nan,nan,0.11653260897473548
1791059654.6874993,2.1677394880082006,0.7750083923985717,3.134848774605615,-0.09095179735082051,1.699613695422918,0.1467440444790414,0.0,0.0,0.0,2.2637814054116654,-0.4401139645898731,-0.06180299621787567,0.0022893665265028684,0.8982368944130619,0.0,0.0,0.23115287334406134,-1.0511375481980159,0.0028352902752781764,0.18989818838052386,0.5957347217313673,0.0,0.0,-0.9477391330798065,-0.9734430456737574,0.002840256125228858,0.13448711340749642,nan,nan,nan,nan,nan,nan,nan,0.7598815828062414,0.0,0.0,1.5005681660444357,-1.1342496871391474,0.006630808912661922,0.15043476598737165,0.0,0.0,0.0,2.000064823692726,1.96634197323368,-0.2054003570611801,-0.01186776078100881,nan,nan,nan,nan,nan,nan,nan,nan,nan,nan,nan,nan,nan,nan,nan,nan,nan,nan,nan,nan,nan,nan,nan,nan,nan,nan,nan,nan,nan,nan,nan,nan,nan,nan,nan,nan,nan,nan,nan,nan,nan,nan,nan,nan,nan,nan,nan,nan,nan,nan,nan,nan,nan,nan,nan,nan,nan,nan,nan,nan,nan,nan,nan,0.11986907708724712
1791059654.787651,2.1555268159452448,0.7754410412593172,3.135508562878129,-0.10208900010869829,1.729971539185196,0.14059255001514734,0.0,0.0,0.0,2.2582647368168876,-0.44014369217691346,-0.05188873510861928,-0.0022774020070326145,0.697494803923927,0.0,0.0,0.23080319617937223,-1.0318116240205801,-0.016499907432092644,0.2100677723134145,0.632949178888494,0.0,0.0,-0.9476000304564,-0.9602804176760282,0.004651777206439283,0.13418584865975752,nan,nan,nan,nan,nan,nan,nan,0.7394969127126753,0.0,0.0,1.5004581416833693,-1.120391249865177,0.0018213924625851796,0.14252594170599964,0.0,0.0,0.0,1.9797276946392222,1.9666142913465179,-0.20462736440080878,0.0015896782841892279,nan,nan,nan,nan,nan,nan,nan,nan,nan,nan,nan,nan,nan,nan,nan,nan,nan,nan,nan,nan,nan,nan,nan,nan,nan,nan,nan,nan,nan,nan,nan,nan,nan,nan,nan,nan,nan,nan,nan,nan,nan,nan,nan,nan,nan,nan,nan,nan,nan,nan,nan,nan,nan,nan,nan,nan,nan,nan,nan,nan,nan,nan,nan,0.12224690830051058
1791059654.887433,2.1433555781798264,0.7758113115692055,3.1362028481470396,-0.13437155620996696,1.7583670195428396,0.12347783303344527,0.0,0.0,0.0,2.253520512716445,-0.4399642215273091,-0.048358178104285915,0.0017125884929927253,0.8605560100876755,0.0,0.0,0.23056061371337522,-1.0112275355898797,-0.008236281040725183,0.18497745001933946,0.6655127314082422,0.0,0.0,-0.9473783648656705,-0.9472572412602773,0.00567091090154616,0.13076859753505854,nan,nan,nan,nan,nan,nan,nan,0.7923067974207296,0.0,0.0,1.5005661068716662,-1.1065732304907316,-0.000472558685452201,0.14990060302272748,0.0,0.0,0.0,1.9588741525263569,1.9663897657483627,-0.20965971990736107,0.01482846997115045,nan,nan,nan,nan,nan,nan,nan,nan,nan,nan,nan,nan,nan,nan,nan,nan,nan,nan,nan,nan,nan,nan,nan,nan,nan,nan,nan,nan,nan,nan,nan,nan,nan,nan,nan,nan,nan,nan,nan,nan,nan,nan,nan,nan,nan,nan,nan,nan,nan,nan,nan,nan,nan,nan,nan,nan,nan,nan,nan,nan,nan,nan,nan,0.12466821972500602
1791059654.9873874,2.1312789996875763,0.7760133807655312,3.137859816440615,-0.12164960739338791,1.784464811574906,0.1300868756240547,0.0,0.0,0.0,2.2488525470320235,-0.4399693205044718,-0.04778079027554705,-0.001292160954949495,0.6752331628582307,0.0,0.0,0.2303043112962729,-0.9895236383553863,-0.0027224544040123926,0.21957418621258576,0.47817515963791324,0.0,0.0,-0.9471407445374336,-0.9341390650360107,0.005152272915748201,0.1301543637190135,nan,nan,nan,nan,nan,nan,nan,0.851187614315851,0.0,0.0,1.5005631459013389,-1.0927903277206086,0.000516640829032476,0.1464431379547434,0.0,0.0,0.0,1.937481227471952,1.9664833714494523,-0.1944723451997817,0.015600901584765993,nan,nan,nan,nan,nan,nan,nan,nan,nan,nan,nan,nan,nan,nan,nan,nan,nan,nan,nan,nan,nan,nan,nan,nan,nan,nan,nan,nan,nan,nan,nan,nan,nan,nan,nan,nan,nan,nan,nan,nan,nan,nan,nan,nan,nan,nan,nan,nan,nan,nan,nan,nan,nan,nan,nan,nan,nan,nan,nan,nan,nan,nan,nan,0.11682773506032303
1791059655.0871234,2.1194048814647277,0.7764080898910916,3.1355614776318825,-0.11555253462376847,1.807647541632631,0.13331839800205514,0.0,0.0,0.0,2.244763183667068,-0.44006431776561206,-0.038399210071406245,-0.0012989898493644433,0.5105787087070173,0.0,0.0,0.23024027767179736,-0.967730350616878,-0.01856623916104795,0.24017949329236998,0.7341951860275346,0.0,0.0,-0.9468397112571383,-0.9213353734392885,0.014989176687601578,0.12455207112500592,nan,nan,nan,nan,nan,nan,nan,0.8748211188774023,0.0,0.0,1.5004141330803848,-1.078654375200624,-0.0023719369812099456,0.15619261182942454,0.0,0.0,0.0,1.9153778222371205,1.9664777534392506,-0.2238087489941571,0.007073577401352195,nan,nan,nan,nan,nan,nan,nan,nan,nan,nan,nan,nan,nan,nan,nan,nan,nan,nan,nan,nan,nan,nan,nan,nan,nan,nan,nan,nan,nan,nan,nan,nan,nan,nan,nan,nan,nan,nan,nan,nan,nan,nan,nan,nan,nan,nan,nan,nan,nan,nan,nan,nan,nan,nan,nan,nan,nan,nan,nan,nan,nan,nan,nan,0.11366041870432447
1791059655.1871643,2.107690404432995,0.7767588104965072,3.135488772771245,-0.1066497067508858,1.8282964677082676,0.13810781705149133,0.0,0.0,0.0,2.240844632416519,-0.43992859100671033,-0.04200595866729821,0.0005634788416727103,0.5599108917336082,0.0,0.0,0.22999623744235395,-0.9451663941993625,-0.019796799109943378,0.22559993984251198,0.6669571099440917,0.0,0.0,-0.9465859125750404,-0.9084428995572194,0.007261764170664115,0.12566648692235924,nan,nan,nan,nan,nan,nan,nan,0.8503268416176408,0.0,0.0,1.5002559504849529,-1.0635460910397472,-0.0016104130828252347,0.15350752612930035,0.0,0.0,0.0,1.8921120517516845,1.9661592092832931,-0.23609963955051702,-0.002502827722430691,nan,nan,nan,nan,nan,nan,nan,nan,nan,nan,nan,nan,nan,nan,nan,nan,nan,nan,nan,nan,nan,nan,nan,nan,nan,nan,nan,nan,nan,nan,nan,nan,nan,nan,nan,nan,nan,nan,nan,nan,nan,nan,nan,nan,nan,nan,nan,nan,nan,nan,nan,nan,nan,nan,nan,nan,nan,nan,nan,nan,nan,nan,nan,0.11470456283381254
1791059655.2874277,2.0960322841167605,0.776998992757798,3.1354695943265347,-0.12504828852883523,1.8472053268004078,0.1283032692520408,0.0,0.0,0.0,2.23706365554403,-0.43982980348961226,-0.03419964764919734,0.00014468543764140364,0.6115764307925387,0.0,0.0,0.22986423137756273,-0.9214979870988712,0.010688171864212039,0.27573108985195727,0.8024392855447476,0.0,0.0,-0.9463936297729602,-0.8959402011897194,0.006855745980602844,0.11065248130257506,nan,nan,nan,nan,nan,nan,nan,0.8410363879388852,0.0,0.0,1.5002106452012438,-1.0481466004202602,0.00045424403146035767,0.15173081495411386,0.0,0.0,0.0,1.8690339709517294,1.9659649181671905,-0.2274320030337557,0.004039162197368699,nan,nan,nan,nan,nan,nan,nan,nan,nan,nan,nan,nan,nan,nan,nan,nan,nan,nan,nan,nan,nan,nan,nan,nan,nan,nan,nan,nan,nan,nan,nan,nan,nan,nan,nan,nan,nan,nan,nan,nan,nan,nan,nan,nan,nan,nan,nan,nan,nan,nan,nan,nan,nan,nan,nan,nan,nan,nan,nan,nan,nan,nan,nan,0.11636915958316017
1791059655.387489,2.0843810539699748,0.7774259155974608,3.136098524787814,-0.10022445999530491,1.8641510691100878,0.14161425471729966,0.0,0.0,0.0,2.233805739503468,-0.43995011356526803,-0.0348653500980444,-0.008688490944639138,0.7021547186781184,0.0,0.0,0.22951071219442684,-0.8995466492845349,0.002348891083687083,0.22406878474141978,0.5440666150861727,0.0,0.0,-0.946260513855183,-0.8827866754997857,0.004323205063375254,0.12995935702699957,nan,nan,nan,nan,nan,nan,nan,0.9132879653646101,0.0,0.0,1.4997482753742115,-1.0320297681723976,-0.007431808006409509,0.1593679879771652,0.0,0.0,0.0,1.8462748663650683,1.9656016017580344,-0.2263066968424875,-0.013583995439600401,nan,nan,nan,nan,nan,nan,nan,nan,nan,nan,nan,nan,nan,nan,nan,nan,nan,nan,nan,nan,nan,nan,nan,nan,nan,nan,nan,nan,nan,nan,nan,nan,nan,nan,nan,nan,nan,nan,nan,nan,nan,nan,nan,nan,nan,nan,nan,nan,nan,nan,nan,nan,nan,nan,nan,nan,nan,nan,nan,nan,nan,nan,nan,0.11183671052625485
1791059655.487358,2.072672165254424,0.7777241342585665,3.1364814267421948,-0.12075489143857021,1.879421343686007,0.13055854813477216,0.0,0.0,0.0,2.231286529301994,-0.43989577767335375,-0.02847954102636095,-0.0021048144354179088,0.6421353492306329,0.0,0.0,0.22939600814351596,-0.8773590058437226,-0.002157591385057568,0.2439414894496707,0.7696031944237344,0.0,0.0,-0.9459801678961627,-0.8695796612334914,0.007238316758313394,0.11356522565438598,nan,nan,nan,nan,nan,nan,nan,0.7994332313382262,0.0,0.0,1.5001461802942713,-1.0171730391640423,0.002665089595247661,0.14514278361285515,0.0,0.0,0.0,1.8232917839024827,1.9650512656329076,-0.24012455714167635,-0.0374432589624889,nan,nan,nan,nan,nan,nan,nan,nan,nan,nan,nan,nan,nan,nan,nan,nan,nan,nan,nan,nan,nan,nan,nan,nan,nan,nan,nan,nan,nan,nan,nan,nan,nan,nan,nan,nan,nan,nan,nan,nan,nan,nan,nan,nan,nan,nan,nan,nan,nan,nan,nan,nan,nan,nan,nan,nan,nan,nan,nan,nan,nan,nan,nan,0.12077810607812323
1791059655.587687,2.0610825019324137,0.778123723880919,3.1364757816968285,-0.13778938553593012,1.8940941771968989,0.12173424059703022,0.0,0.0,0.0,2.2287410070569296,-0.43978231182062794,-0.025904614681657813,0.0036718050311893907,0.7315785588295574,0.0,0.0,0.22951094108452927,-0.8547426524230558,0.004993461143403245,0.23361691290662148,0.6164847389606389,0.0,0.0,-0.9458031147771296,-0.8561319948872643,0.0020265315766241337,0.12353208532941075,nan,nan,nan,nan,nan,nan,nan,0.7534989555893339,0.0,0.0,1.4998270218387095,-1.002011846115155,-0.0012027008504053537,0.13166158317499602,0.0,0.0,0.0,1.8008414438101836,1.965374648600883,-0.19411563935027107,0.029882587974734715,nan,nan,nan,nan,nan,nan,nan,nan,nan,nan,nan,nan,nan,nan,nan,nan,nan,nan,nan,nan,nan,nan,nan,nan,nan,nan,nan,nan,nan,nan,nan,nan,nan,nan,nan,nan,nan,nan,nan,nan,nan,nan,nan,nan,nan,nan,nan,nan,nan,nan,nan,nan,nan,nan,nan,nan,nan,nan,nan,nan,nan,nan,nan,0.12472877088868721
1791059655.687398,2.049691933119442,0.7783417566366759,3.136082694826309,-0.15995393540943142,1.9084083264013696,0.11077341427153936,0.0,0.0,0.0,2.2263643578215047,-0.43974801179511275,-0.02694415462623277,-0.002385034899409549,0.7081463568386301,0.0,0.0,0.22942042097960463,-0.8318481440701687,-0.013879086618124186,0.21614670288431498,0.6717641946510586,0.0,0.0,-0.9455839757159094,-0.8426913291531756,0.0018917406046522855,0.12581590757326896,nan,nan,nan,nan,nan,nan,nan,0.7429111865685126,0.0,0.0,1.4996712260352898,-0.9892313602558258,-0.010639408234129738,0.12726970885841787,0.0,0.0,0.0,1.7776473924772411,1.9649696473196159,-0.21887095635056592,0.008779589286821848,nan,nan,nan,nan,nan,nan,nan,nan,nan,nan,nan,nan,nan,nan,nan,nan,nan,nan,nan,nan,nan,nan,nan,nan,nan,nan,nan,nan,nan,nan,nan,nan,nan,nan,nan,nan,nan,nan,nan,nan,nan,nan,nan,nan,nan,nan,nan,nan,nan,nan,nan,nan,nan,nan,nan,nan,nan,nan,nan,nan,nan,nan,nan,0.12791337812495185
1791059655.7876327,2.0379433946773204,0.7788160373093943,3.1358588642478753,-0.17546597785174134,1.922495926284315,0.10347543164567236,0.0,0.0,0.0,2.2237898729218664,-0.439606518299346,-0.025271902561516922,0.0012378458876556387,0.698607642382697,0.0,0.0,0.22920708987248922,-0.8086471432863315,-0.011221305634194784,0.2190539272882579,0.6311698384208081,0.0,0.0,-0.9454512024860858,-0.829389128294405,-0.004003629009140248,0.12777344210382657,nan,nan,nan,nan,nan,nan,nan,0.7735469963107606,0.0,0.0,1.4986225168144147,-0.9744359824252715,-0.005362163064944774,0.14198671907807636,0.4225147892720347,0.0,0.0,1.7547431989917768,1.9646439882885074,-0.2326389794776816,0.008801606343747104,nan,nan,nan,nan,nan,nan,nan,nan,nan,nan,nan,nan,nan,nan,nan,nan,nan,nan,nan,nan,nan,nan,nan,nan,nan,nan,nan,nan,nan,nan,nan,nan,nan,nan,nan,nan,nan,nan,nan,nan,nan,nan,nan,nan,nan,nan,nan,nan,nan,nan,nan,nan,nan,nan,nan,nan,nan,nan,nan,nan,nan,nan,nan,0.11926072999500313
1791059655.8872206,2.026034190126519,0.7789940598512395,3.1376194581982935,-0.18946569620539708,1.9362261391245204,0.09716377601367979,0.0,0.0,0.0,2.2216151946796994,-0.4396614372852948,-0.01752431112291021,0.003011057558343924,0.6445236981830316,0.0,0.0,0.22889941050277324,-0.7850528960291848,-0.016451502494055054,0.22473913207497428,0.585207278371454,0.0,0.0,-0.9453798108739923,-0.8162469011664222,-0.0019097175658401232,0.12405459009006128,nan,nan,nan,nan,nan,nan,nan,0.7912566686670637,0.0,0.0,1.4984431207217166,-0.9598785673276581,0.003883667269042124,0.14802816158691984,0.42744805548132603,0.0,0.0,1.729890769302852,1.9644279006314316,-0.23987688560116516,-0.007872852608608436,nan,nan,nan,nan,nan,nan,nan,nan,nan,nan,nan,nan,nan,nan,nan,nan,nan,nan,nan,nan,nan,nan,nan,nan,nan,nan,nan,nan,nan,nan,nan,nan,nan,nan,nan,nan,nan,nan,nan,nan,nan,nan,nan,nan,nan,nan,nan,nan,nan,nan,nan,nan,nan,nan,nan,nan,nan,nan,nan,nan,nan,nan,nan,0.12822971742651312
1791059655.9872146,2.01467276338375,0.7793120020530171,3.1379715742443044,-0.1940001487223347,1.949296573246689,0.09517642497913113,0.0,0.0,0.0,2.2195781883557855,-0.43977912557322846,-0.01609182656593203,-3.813250937222969e-05,0.6939201443118617,0.0,0.0,0.22906447475817796,-0.7619651962428884,0.0012652154480495724,0.23377698229143348,0.6678948558901321,0.0,0.0,-0.9453225050502236,-0.8031138834231324,0.005526932212661404,0.12294805837598047,nan,nan,nan,nan,nan,nan,nan,0.8332730027247006,0.0,0.0,1.4984412833362624,-0.9446343138605573,0.012806383708498157,0.16781330112397796,0.4415679082454679,0.0,0.0,1.7070286743450576,1.963965848542182,-0.22384459626257452,0.006934656613166943,nan,nan,nan,nan,nan,nan,nan,nan,nan,nan,nan,nan,nan,nan,nan,nan,nan,nan,nan,nan,nan,nan,nan,nan,nan,nan,nan,nan,nan,nan,nan,nan,nan,nan,nan,nan,nan,nan,nan,nan,nan,nan,nan,nan,nan,nan,nan,nan,nan,nan,nan,nan,nan,nan,nan,nan,nan,nan,nan,nan,nan,nan,nan,0.11875789904899313
1791059656.087197,2.003053224406194,0.7796171119869593,3.1390224603915726,-0.1920334728673967,1.9612093161396258,0.09603492830900572,0.0,0.0,0.0,2.2178260506025893,-0.4396226994668012,-0.015943548811737603,0.0014930037738153322,0.618580793563955,0.0,0.0,0.228860566506268,-0.7389789588821587,-0.006121425584789998,0.23830176254716817,0.3015335514798017,0.0,0.0,-0.9453798807360226,-0.7881242362975054,-0.0011253655006650343,0.1519734688018355,nan,nan,nan,nan,nan,nan,nan,0.8321645403771581,0.0,0.0,1.4982480844622696,-0.9296486855748786,0.0022368053312121264,0.15150989943183454,0.40908163971074446,0.0,0.0,1.6841718161797763,1.9634242616005648,-0.21583770296411656,-0.008210494273067137,nan,nan,nan,nan,nan,nan,nan,nan,nan,nan,nan,nan,nan,nan,nan,nan,nan,nan,nan,nan,nan,nan,nan,nan,nan,nan,nan,nan,nan,nan,nan,nan,nan,nan,nan,nan,nan,nan,nan,nan,nan,nan,nan,nan,nan,nan,nan,nan,nan,nan,nan,nan,nan,nan,nan,nan,nan,nan,nan,nan,nan,nan,nan,0.11509198008655988
1791059656.1875541,1.9921490253623413,0.7801962917721853,3.1394574446932926,-0.17331889270078696,1.9712358981351854,0.10446668489618896,0.0,0.0,0.0,2.216226008119878,-0.4395891596069808,-0.01723083192666244,0.002296018704580352,0.5564998501128208,0.0,0.0,0.22871222090665685,-0.7163644283096142,-0.01033408694330329,0.2332200697039435,0.2747377485432872,0.0,0.0,-0.9453591599715604,-0.7733552616278053,0.0006438076437364911,0.15427905187583393,nan,nan,nan,nan,nan,nan,nan,0.8944556738183654,0.0,0.0,1.4981707686936943,-0.9149241791510189,-0.006634746050965826,0.1533480399003789,0.4010837733094892,0.0,0.0,1.6610917960596379,1.962841738105933,-0.23356716382621096,-0.02257756131099728,nan,nan,nan,nan,nan,nan,nan,nan,nan,nan,nan,nan,nan,nan,nan,nan,nan,nan,nan,nan,nan,nan,nan,nan,nan,nan,nan,nan,nan,nan,nan,nan,nan,nan,nan,nan,nan,nan,nan,nan,nan,nan,nan,nan,nan,nan,nan,nan,nan,nan,nan,nan,nan,nan,nan,nan,nan,nan,nan,nan,nan,nan,nan,0.10276150513409454
1791059656.2872307,1.9810003128347071,0.7803200343505515,-3.140997078501696,-0.1627992102496213,1.979339088357261,0.10941125457372942,0.0,0.0,0.0,2.21464709189349,-0.4396177811292201,-0.016450863359271085,0.0007306669377193109,0.7052295094326015,0.0,0.0,0.22838563289872776,-0.693838424279343,0.011212386471540782,0.21899046718599424,0.25829765550599637,0.0,0.0,-0.9451709269510136,-0.7595895480379438,-0.0010401372780129365,0.1406875895876148,nan,nan,nan,nan,nan,nan,nan,0.8970923780001918,0.0,0.0,1.4982154739454112,-0.9004062287970472,-0.004867081906234448,0.1432682154196484,0.4265333108584302,0.0,0.0,1.6383553919682667,1.9625099182671468,-0.22639343778712762,-0.0020630949472345487,nan,nan,nan,nan,nan,nan,nan,nan,nan,nan,nan,nan,nan,nan,nan,nan,nan,nan,nan,nan,nan,nan,nan,nan,nan,nan,nan,nan,nan,nan,nan,nan,nan,nan,nan,nan,nan,nan,nan,nan,nan,nan,nan,nan,nan,nan,nan,nan,nan,nan,nan,nan,nan,nan,nan,nan,nan,nan,nan,nan,nan,nan,nan,0.10388378142557993
1791059656.3871846,1.9706953112478112,0.7806718408954657,-3.1397390887079144,-0.1485784070021106,1.9859030981263737,0.11632258922176333,0.0,0.0,0.0,2.2133009075964534,-0.43949271267032525,-0.012377858667005609,0.00012041484991258419,0.5373361429253142,0.0,0.0,0.22781272648359255,-0.670973471189598,-0.011604184798680308,0.22175531678453916,0.31838436103340967,0.0,0.0,-0.9450078574353067,-0.7467230765857152,0.0008281876859520389,0.1310992751618339,nan,nan,nan,nan,nan,nan,nan,0.8980652590119228,0.0,0.0,1.4981330287330519,-0.8859166830214584,-0.008626252677496293,0.13421159451645098,0.43769834949669123,0.0,0.0,1.615815428984342,1.9620741818379186,-0.23183008582905393,0.0009041052439433825,nan,nan,nan,nan,nan,nan,nan,nan,nan,nan,nan,nan,nan,nan,nan,nan,nan,nan,nan,nan,nan,nan,nan,nan,nan,nan,nan,nan,nan,nan,nan,nan,nan,nan,nan,nan,nan,nan,nan,nan,nan,nan,nan,nan,nan,nan,nan,nan,nan,nan,nan,nan,nan,nan,nan,nan,nan,nan,nan,nan,nan,nan,nan,0.10243782191658615
1791059656.4875286,1.9604958159087726,0.7810587292488046,-3.1382145665709134,-0.17438511544797766,1.992243993072302,0.1039736712597902,0.0,0.0,0.0,2.2119474278179108,-0.4395344621004964,-0.012611204290602227,-0.0005950806997022016,0.6448867581931242,0.0,0.0,0.22741207842342603,-0.6484532103268765,-0.029850573243418537,0.2288381895343128,0.6623636351466058,0.0,0.0,-0.944889222550974,-0.734603049614528,8.015512850596124e-05,0.12717376106681696,nan,nan,nan,nan,nan,nan,nan,0.7040257226421649,0.0,0.0,1.498218284499328,-0.8717799132153635,-0.0033355518667220227,0.12791036538174055,0.4645563242830982,0.0,0.0,1.5934106058146975,1.9615270325741267,-0.23680043628589104,-0.0033855391422527767,nan,nan,nan,nan,nan,nan,nan,nan,nan,nan,nan,nan,nan,nan,nan,nan,nan,nan,nan,nan,nan,nan,nan,nan,nan,nan,nan,nan,nan,nan,nan,nan,nan,nan,nan,nan,nan,nan,nan,nan,nan,nan,nan,nan,nan,nan,nan,nan,nan,nan,nan,nan,nan,nan,nan,nan,nan,nan,nan,nan,nan,nan,nan,0.14960252733316837
1791059656.5867472,1.9493894306161559,0.7813793405198757,-3.1375880730619667,-0.20964449487020673,2.0000609707703902,0.08853652004864286,0.0,0.0,0.0,2.210639855942246,-0.4394356132238963,-0.013985343809450794,0.0007391670691762255,0.7526068339740268,0.0,0.0,0.22734329047065036,-0.6259697227856914,-0.007034592381425986,0.2412632064741058,0.8702294598050863,0.0,0.0,-0.944604352863484,-0.7230439798453763,-0.0030721503272417763,0.11817721659337693,nan,nan,nan,nan,nan,nan,nan,0.5575840134583167,0.0,0.0,1.4988758050940294,-0.8579832883424764,0.010507829935521632,0.1234121396676202,0.43613297520799255,0.0,0.0,1.5710969864501618,1.9611333690008081,-0.22196610886489415,0.01443386573655186,nan,nan,nan,nan,nan,nan,nan,nan,nan,nan,nan,nan,nan,nan,nan,nan,nan,nan,nan,nan,nan,nan,nan,nan,nan,nan,nan,nan,nan,nan,nan,nan,nan,nan,nan,nan,nan,nan,nan,nan,nan,nan,nan,nan,nan,nan,nan,nan,nan,nan,nan,nan,nan,nan,nan,nan,nan,nan,nan,nan,nan,nan,nan,0.14049111770735936
1791059656.6875088,1.9361838545621552,0.7816405378349071,-3.136128594805565,-0.23549333355115415,2.009526189380566,0.07830704248133953,0.0,0.0,0.0,2.2093789211811132,-0.4395005098045218,-0.0127547755253824,-0.00208576091907272,0.7838597758279789,0.0,0.0,0.22694460989069395,-0.6029927408977591,0.0010371280042645603,0.22533601447979762,0.7912593142870852,0.0,0.0,-0.9444155557030554,-0.712003700713271,-0.0037342736141530194,0.11350012258785837,nan,nan,nan,nan,nan,nan,nan,0.6132700517208637,0.0,0.0,1.4989106576545448,-0.8456736019960892,0.00678016578751868,0.1195495687716035,0.41013761195425713,0.0,0.0,1.5486789665964968,1.9605392483542106,-0.21935784806293107,-0.0043979791099483636,nan,nan,nan,nan,nan,nan,nan,nan,nan,nan,nan,nan,nan,nan,nan,nan,nan,nan,nan,nan,nan,nan,nan,nan,nan,nan,nan,nan,nan,nan,nan,nan,nan,nan,nan,nan,nan,nan,nan,nan,nan,nan,nan,nan,nan,nan,nan,nan,nan,nan,nan,nan,nan,nan,nan,nan,nan,nan,nan,nan,nan,nan,nan,0.13310065278475022
1791059656.7872157,1.9237401077131624,0.7817109757678893,-3.1342700476047725,-0.24374221714962804,2.019559975089632,0.07523695427233548,0.0,0.0,0.0,2.2080944564293237,-0.4395303554734401,-0.013056231441851128,-0.0008135383189183229,0.6993830055739968,0.0,0.0,0.22662144460105396,-0.5797719188107195,0.006296757771716002,0.22976427203905572,0.5470628495752254,0.0,0.0,-0.9441907246510963,-0.7006160219819938,-0.0003779469221954397,0.11585392983738958,nan,nan,nan,nan,nan,nan,nan,0.7536976658276916,0.0,0.0,1.4982978499783088,-0.8321098955837802,0.010288878524629716,0.13022273470591025,0.46825857207601707,0.0,0.0,1.525620602312154,1.9596752340346457,-0.2241800965341449,-0.0021277465674148606,nan,nan,nan,nan,nan,nan,nan,nan,nan,nan,nan,nan,nan,nan,nan,nan,nan,nan,nan,nan,nan,nan,nan,nan,nan,nan,nan,nan,nan,nan,nan,nan,nan,nan,nan,nan,nan,nan,nan,nan,nan,nan,nan,nan,nan,nan,nan,nan,nan,nan,nan,nan,nan,nan,nan,nan,nan,nan,nan,nan,nan,nan,nan,0.12130048170112052
1791059656.8874943,1.9141467404011983,0.7824837821520954,3.136786347743473,-0.2063620826098382,2.0273070086165044,0.08990169980005125,0.0,0.0,0.0,2.206874957127003,-0.4396249797459099,-0.012355075731521017,0.0004206395348844964,0.5400975465958231,0.0,0.0,0.22630239981753003,-0.5567660260403289,0.0017229416701367959,0.22216118400610646,0.20393800516672497,0.0,0.0,-0.9441306377844703,-0.6883704414597704,-0.0013097295799694682,0.1275151971012046,nan,nan,nan,nan,nan,nan,nan,0.8971128953668819,0.0,0.0,1.4982011792139596,-0.818550621028073,0.004536456686597472,0.13488454941375416,0.408323582462125,0.0,0.0,1.5024401283402873,1.9585541628279723,-0.22954852509583973,-0.01588047687235529,nan,nan,nan,nan,nan,nan,nan,nan,nan,nan,nan,nan,nan,nan,nan,nan,nan,nan,nan,nan,nan,nan,nan,nan,nan,nan,nan,nan,nan,nan,nan,nan,nan,nan,nan,nan,nan,nan,nan,nan,nan,nan,nan,nan,nan,nan,nan,nan,nan,nan,nan,nan,nan,nan,nan,nan,nan,nan,nan,nan,nan,nan,nan,0.08827258642575364
1791059656.9871294,1.9016961349857915,0.7822105279490071,-3.1354346071867183,-0.1707102438043055,2.031451450055439,0.10567926033585358,0.0,0.0,0.0,2.2058440503754038,-0.4395828863643055,-0.010847203954487173,0.0011214729777307224,0.45440316056023317,0.0,0.0,0.22583768298453621,-0.5340617672569749,-0.01218862602508543,0.22737669548899087,0.20151832873334438,0.0,0.0,-0.9439769282576388,-0.6750756280554745,0.00017886796785112485,0.13271794335565085,nan,nan,nan,nan,nan,nan,nan,0.8890953954216466,0.0,0.0,1.4984399510144628,-0.8049613303708336,0.014638904745523392,0.14939587198361837,0.42350843260076604,0.0,0.0,1.479304823210323,1.9575614468203824,-0.25648071184728566,-0.006814106542945548,nan,nan,nan,nan,nan,nan,nan,nan,nan,nan,nan,nan,nan,nan,nan,nan,nan,nan,nan,nan,nan,nan,nan,nan,nan,nan,nan,nan,nan,nan,nan,nan,nan,nan,nan,nan,nan,nan,nan,nan,nan,nan,nan,nan,nan,nan,nan,nan,nan,nan,nan,nan,nan,nan,nan,nan,nan,nan,nan,nan,nan,nan,nan,0.08877418264178959
1791059657.0877,1.8952476026637985,0.78269898666301,3.138342833326031,-0.1192721573786692,2.03245417912582,0.1313421449095033,0.0,0.0,0.0,2.205154791530031,-0.4396223541806984,-0.008547357305271142,-0.004524123117507247,0.4213906091605483,0.0,0.0,0.22542803591293625,-0.5113789958682531,-0.013533215770304498,0.2212291072956748,0.13616257113310343,0.0,0.0,-0.9438058037487541,-0.6616767911642348,0.002350139340508554,0.13963673819092362,nan,nan,nan,nan,nan,nan,nan,0.9537208811062176,0.0,0.0,1.4984350644443496,-0.7903808648992583,0.01027053082858895,0.15827421349300003,0.4076195293340273,0.0,0.0,1.4573208494554293,1.9564140584719723,-0.22633605767508302,-0.01634093664097172,nan,nan,nan,nan,nan,nan,nan,nan,nan,nan,nan,nan,nan,nan,nan,nan,nan,nan,nan,nan,nan,nan,nan,nan,nan,nan,nan,nan,nan,nan,nan,nan,nan,nan,nan,nan,nan,nan,nan,nan,nan,nan,nan,nan,nan,nan,nan,nan,nan,nan,nan,nan,nan,nan,nan,nan,nan,nan,nan,nan,nan,nan,nan,0.08313956380041718
1791059657.1875787,1.8838272635292812,0.7825184868702262,-3.134535657634288,-0.08560462214792602,2.0313591815145546,0.14973739442286615,0.0,0.0,0.0,2.2045373116900446,-0.43955091442852257,-0.0038854167911156734,0.0021440639980173856,0.5491335358687272,0.0,0.0,0.22505246546304628,-0.4886219868323919,0.0007540609564292733,0.23452501081784285,0.10178350940608225,0.0,0.0,-0.9437056636285345,-0.6480828595548662,-0.007094541067249957,0.15154283647513567,nan,nan,nan,nan,nan,nan,nan,0.969547254955052,0.0,0.0,1.4981295913282433,-0.7757921641682651,-0.006135879105045305,0.15569959701533093,0.5155802166611028,0.0,0.0,1.4368863913240921,1.9550376638838904,-0.2900788902254035,0.01244457236472868,nan,nan,nan,nan,nan,nan,nan,nan,nan,nan,nan,nan,nan,nan,nan,nan,nan,nan,nan,nan,nan,nan,nan,nan,nan,nan,nan,nan,nan,nan,nan,nan,nan,nan,nan,nan,nan,nan,nan,nan,nan,nan,nan,nan,nan,nan,nan,nan,nan,nan,nan,nan,nan,nan,nan,nan,nan,nan,nan,nan,nan,nan,nan,0.10520543336808044
1791059657.2875438,1.8746334350758889,0.7828684393057802,-3.134593451204704,-0.11809975088577478,2.03038725201631,0.13196343728318402,0.0,0.0,0.0,2.20400205944399,-0.43957956327171677,-0.005062886625354049,0.0006345101734319215,0.8236737398016141,0.0,0.0,0.22466284501058056,-0.4664335295392895,0.007263689330745948,0.22811485068700632,0.6376173379832207,0.0,0.0,-0.9436926193509063,-0.6347903660147074,-0.001080932830116977,0.13756012113991772,nan,nan,nan,nan,nan,nan,nan,0.7086477484425032,0.0,0.0,1.4979010588286128,-0.761592688621219,-0.009662712893135975,0.12903671774507372,0.3811780715531241,0.0,0.0,1.4151805828290966,1.953928414416995,-0.2074647770902062,-0.014056226849506546,nan,nan,nan,nan,nan,nan,nan,nan,nan,nan,nan,nan,nan,nan,nan,nan,nan,nan,nan,nan,nan,nan,nan,nan,nan,nan,nan,nan,nan,nan,nan,nan,nan,nan,nan,nan,nan,nan,nan,nan,nan,nan,nan,nan,nan,nan,nan,nan,nan,nan,nan,nan,nan,nan,nan,nan,nan,nan,nan,nan,nan,nan,nan,0.14163404528299955
1791059657.3875558,1.862794255430453,0.7829546189446123,-3.135109375869297,-0.1484902794481579,2.030917462747216,0.1163662146619192,0.0,0.0,0.0,2.2035937856978722,-0.43955933721666307,-0.0074896993038392895,-0.001549631041647197,0.7659554672004237,0.0,0.0,0.22406960757269323,-0.4442521490191963,-0.01133955446435033,0.22239762482504344,0.7962957605603341,0.0,0.0,-0.9435802784261377,-0.6218991919867561,0.003150224214073777,0.12830961560082066,nan,nan,nan,nan,nan,nan,nan,0.6921885230172478,0.0,0.0,1.4978220875582084,-0.7482704203826155,-0.0015934759929849278,0.13690217870182544,0.3911055391240698,0.0,0.0,1.3931550942610107,1.9528238945119274,-0.2461916318282223,-0.013586304867092891,nan,nan,nan,nan,nan,nan,nan,nan,nan,nan,nan,nan,nan,nan,nan,nan,nan,nan,nan,nan,nan,nan,nan,nan,nan,nan,nan,nan,nan,nan,nan,nan,nan,nan,nan,nan,nan,nan,nan,nan,nan,nan,nan,nan,nan,nan,nan,nan,nan,nan,nan,nan,nan,nan,nan,nan,nan,nan,nan,nan,nan,nan,nan,0.14021680870692982
1791059657.4875126,1.8494059227833795,0.7830900008779698,-3.1352133933350084,-0.17968896126382722,2.0331474268646352,0.10154373850235175,0.0,0.0,0.0,2.2030306756980726,-0.4394798879805128,-0.00695506987361432,0.0030185733113135167,0.7117265926916542,0.0,0.0,0.22360094178407577,-0.4215985971874649,-0.015857991037964477,0.23346571170499494,0.7875525201678449,0.0,0.0,-0.9435939724060391,-0.6102901417273213,-0.005382974735907622,0.11890022320536736,nan,nan,nan,nan,nan,nan,nan,0.7092484633912084,0.0,0.0,1.4975051769876617,-0.7351762541213416,-0.00868699886936305,0.13148862086589536,0.40746571502224616,0.0,0.0,1.3707078851638685,1.9518830281949844,-0.2343203914048736,-0.0067061178482770364,nan,nan,nan,nan,nan,nan,nan,nan,nan,nan,nan,nan,nan,nan,nan,nan,nan,nan,nan,nan,nan,nan,nan,nan,nan,nan,nan,nan,nan,nan,nan,nan,nan,nan,nan,nan,nan,nan,nan,nan,nan,nan,nan,nan,nan,nan,nan,nan,nan,nan,nan,nan,nan,nan,nan,nan,nan,nan,nan,nan,nan,nan,nan,0.14253048053494913
1791059657.587594,1.8361749712972455,0.7832622460864291,-3.135322756022574,-0.20994920903889322,2.0372681479672328,0.08841054278704703,0.0,0.0,0.0,2.2022678970161755,-0.43947009401990433,-0.007902172100925607,0.0005984936570343686,0.7531106849112735,0.0,0.0,0.2232641285519961,-0.3985808788396126,-0.006850808218744919,0.2280517342600659,0.8093975692284304,0.0,0.0,-0.9434829465800985,-0.5990429396674914,-0.0015876406785774193,0.11591140686161322,nan,nan,nan,nan,nan,nan,nan,0.7296358796285269,0.0,0.0,1.4975659279168725,-0.7215707713818907,0.0010982938781838878,0.14253436186085933,0.38870175450283784,0.0,0.0,1.3489644762481137,1.9505908378580565,-0.21294877784529367,-0.009621504959105869,nan,nan,nan,nan,nan,nan,nan,nan,nan,nan,nan,nan,nan,nan,nan,nan,nan,nan,nan,nan,nan,nan,nan,nan,nan,nan,nan,nan,nan,nan,nan,nan,nan,nan,nan,nan,nan,nan,nan,nan,nan,nan,nan,nan,nan,nan,nan,nan,nan,nan,nan,nan,nan,nan,nan,nan,nan,nan,nan,nan,nan,nan,nan,0.14068844163311073
1791059657.6876378,1.8232106320992296,0.7834372366075008,-3.1354435439028956,-0.25583979201848694,2.0441449618110172,0.07090306080054842,0.0,0.0,0.0,2.2013219574723832,-0.4394602312507412,-0.010857646827125436,-0.0005438856034176744,1.0476863532669392,0.0,0.0,0.22287709785535165,-0.37535341215563434,0.0020272200702769697,0.23405171088114524,1.0610139294380627,0.0,0.0,-0.943562576508011,-0.5874940132783629,-0.0027701226728258747,0.12095745609257852,nan,nan,nan,nan,nan,nan,nan,0.45666662674768566,0.0,0.0,1.4975161513487223,-0.7076815386519382,0.0017638676345819973,0.13462189673923633,0.39359408793449224,0.0,0.0,1.326173536084471,1.9496217274845964,-0.18465593698820149,-0.01000247646721165,nan,nan,nan,nan,nan,nan,nan,nan,nan,nan,nan,nan,nan,nan,nan,nan,nan,nan,nan,nan,nan,nan,nan,nan,nan,nan,nan,nan,nan,nan,nan,nan,nan,nan,nan,nan,nan,nan,nan,nan,nan,nan,nan,nan,nan,nan,nan,nan,nan,nan,nan,nan,nan,nan,nan,nan,nan,nan,nan,nan,nan,nan,nan,0.30981633078923615
1791059657.787533,1.8092392596147748,0.7836468123885427,-3.133205376574489,-0.3016828035262547,2.05484099862215,0.05625056977152168,0.0,0.0,0.0,2.20034980562937,-0.43942640022011265,-0.010779040311307832,-0.000577996412180174,0.9261860717004348,0.0,0.0,0.22256013239127925,-0.35228738043456087,0.0049645174711703795,0.23653297814282534,0.99447959663344,0.0,0.0,-0.9435889678674373,-0.5756626178197631,-0.0012288147781037632,0.11804091743084047,nan,nan,nan,nan,nan,nan,nan,0.5787039556808996,0.0,0.0,1.4976795819159618,-0.6939209732919811,0.009994083111017828,0.14075266126699953,0.37805035890251293,0.0,0.0,1.3052609091372487,1.9486662016975622,-0.24862718948974213,-0.015148340194448969,nan,nan,nan,nan,nan,nan,nan,nan,nan,nan,nan,nan,nan,nan,nan,nan,nan,nan,nan,nan,nan,nan,nan,nan,nan,nan,nan,nan,nan,nan,nan,nan,nan,nan,nan,nan,nan,nan,nan,nan,nan,nan,nan,nan,nan,nan,nan,nan,nan,nan,nan,nan,nan,nan,nan,nan,nan,nan,nan,nan,nan,nan,nan,0.19075592835301464
1791059657.8876505,1.7883087064683065,0.7842190361338823,-3.1319077112207503,-0.34507738074408245,2.069641189939865,0.04480034162185964,0.0,0.0,0.0,2.1993383265209885,-0.43945302189148816,-0.01683316750043716,-0.008587874131592982,0.8859513640400589,0.0,0.0,0.22199447344705914,-0.32953490251982265,-0.0042670342398649,0.22993660016518935,1.0053141915664423,0.0,0.0,-0.9435274013317194,-0.5635041020605275,0.00399844413234197,0.11748060322647681,nan,nan,nan,nan,nan,nan,nan,0.5812220115009707,0.0,0.0,1.4977237768062084,-0.6803544609228152,0.0072604695402434544,0.13686516153676898,0.3702050026004297,0.0,0.0,1.2824159889613316,1.9475686109233303,-0.23142588440829298,-0.01463539695358872,nan,nan,nan,nan,nan,nan,nan,nan,nan,nan,nan,nan,nan,nan,nan,nan,nan,nan,nan,nan,nan,nan,nan,nan,nan,nan,nan,nan,nan,nan,nan,nan,nan,nan,nan,nan,nan,nan,nan,nan,nan,nan,nan,nan,nan,nan,nan,nan,nan,nan,nan,nan,nan,nan,nan,nan,nan,nan,nan,nan,nan,nan,nan,0.1708531674224388
1791059657.9874253,1.7737022548320744,0.7849755717769203,-3.138777514819234,-0.3599060918919306,2.086688782281397,0.041381079911777086,0.0,0.0,0.0,2.198369218208722,-0.4394151757237126,-0.009376538488672172,0.0009950254125715443,0.7985990288300198,0.0,0.0,0.2213920800705245,-0.30700984313489776,-0.015084600365803601,0.22196091711363955,0.8356053942634079,0.0,0.0,-0.943449302928795,-0.5504004512251622,0.003634966383328755,0.13033569756037794,nan,nan,nan,nan,nan,nan,nan,0.7382630222343377,0.0,0.0,1.497677113125622,-0.6659395123362725,0.005169210779942701,0.16669563764428763,0.3723960594890226,0.0,0.0,1.259512388758254,1.9464716358081435,-0.2103667901723531,-0.011373598991454719,nan,nan,nan,nan,nan,nan,nan,nan,nan,nan,nan,nan,nan,nan,nan,nan,nan,nan,nan,nan,nan,nan,nan,nan,nan,nan,nan,nan,nan,nan,nan,nan,nan,nan,nan,nan,nan,nan,nan,nan,nan,nan,nan,nan,nan,nan,nan,nan,nan,nan,nan,nan,nan,nan,nan,nan,nan,nan,nan,nan,nan,nan,nan,0.15362672309755257
1791059658.0874207,1.756725278358675,0.7846135347329606,-3.129036659529145,-0.3621645411239826,2.103249606392471,0.04088104241771882,0.0,0.0,0.0,2.197457026185599,-0.4394302932243405,-0.009566218151638429,0.0010701469430441151,0.7537600520096398,0.0,0.0,0.22088725172264964,-0.2844133323030813,-0.00959045265517954,0.2217675928525582,0.513439341868268,0.0,0.0,-0.9433072845763768,-0.5364693440781063,-0.0058294014808381416,0.14367122714646868,nan,nan,nan,nan,nan,nan,nan,0.8348704889861084,0.0,0.0,1.497488555985452,-0.6509644655468968,-0.009521252906925319,0.1661316206378745,0.3846699916318015,0.0,0.0,1.2376329987116252,1.9451956350975181,-0.21279572026889135,-0.012542171216603353,nan,nan,nan,nan,nan,nan,nan,nan,nan,nan,nan,nan,nan,nan,nan,nan,nan,nan,nan,nan,nan,nan,nan,nan,nan,nan,nan,nan,nan,nan,nan,nan,nan,nan,nan,nan,nan,nan,nan,nan,nan,nan,nan,nan,nan,nan,nan,nan,nan,nan,nan,nan,nan,nan,nan,nan,nan,nan,nan,nan,nan,nan,nan,0.1386433650463104
1791059658.1873674,1.7456608953573793,0.7846911497725831,-3.137312686328856,-0.35253052471634616,2.117702813489638,0.043051933813243994,0.0,0.0,0.0,2.196639493083695,-0.4394558896011466,-0.007724539913526362,0.0011944385591076728,0.6851367728169618,0.0,0.0,0.22061873027784892,-0.26164284740217303,-0.0002679166094115336,0.23465524853457578,0.3119789608150657,0.0,0.0,-0.9430094933404567,-0.5217801384460606,4.219742959642864e-05,0.15799912469418845,nan,nan,nan,nan,nan,nan,nan,0.8802947243020942,0.0,0.0,1.4972953429632092,-0.6344777202419948,-0.003620826218893649,0.1690740093318401,0.42012965235455874,0.0,0.0,1.213857371283717,1.9443489293398293,-0.2220364227435121,-0.009489619537018146,nan,nan,nan,nan,nan,nan,nan,nan,nan,nan,nan,nan,nan,nan,nan,nan,nan,nan,nan,nan,nan,nan,nan,nan,nan,nan,nan,nan,nan,nan,nan,nan,nan,nan,nan,nan,nan,nan,nan,nan,nan,nan,nan,nan,nan,nan,nan,nan,nan,nan,nan,nan,nan,nan,nan,nan,nan,nan,nan,nan,nan,nan,nan,0.12068076251961758
1791059658.2877343,1.7343232716889398,0.7849305335988938,-3.1367952464180866,-0.31264869969835624,2.1274963649865297,0.05314456681191873,0.0,0.0,0.0,2.1958339205176594,-0.4394535675213545,-0.0073138860048423265,-0.0008061857866076261,0.6360758260554803,0.0,0.0,0.21993063363254722,-0.23860663501636256,0.0025127588097646585,0.23168393980126764,0.26120033597348374,0.0,0.0,-0.9425825775571021,-0.5072918912380344,0.004603232503396552,0.1482365050558682,nan,nan,nan,nan,nan,nan,nan,0.9469448533718069,0.0,0.0,1.49712952328928,-0.6162936933795927,0.003023717698581749,0.19098741178003614,0.3670678574006017,0.0,0.0,1.1919085817432524,1.9431374795679894,-0.16189724338884687,-0.024949278497181905,nan,nan,nan,nan,nan,nan,nan,nan,nan,nan,nan,nan,nan,nan,nan,nan,nan,nan,nan,nan,nan,nan,nan,nan,nan,nan,nan,nan,nan,nan,nan,nan,nan,nan,nan,nan,nan,nan,nan,nan,nan,nan,nan,nan,nan,nan,nan,nan,nan,nan,nan,nan,nan,nan,nan,nan,nan,nan,nan,nan,nan,nan,nan,0.11266711596737497
1791059658.387567,1.7223081939038973,0.7850850079462887,-3.127756528898967,-0.2650921298778855,2.131194110562021,0.06772245559104591,0.0,0.0,0.0,2.195113613704555,-0.4394675064987812,-0.008821998936484365,-0.002695008188924716,0.5960682835841359,0.0,0.0,0.2194336060114174,-0.2157435981840983,0.0008105248672300395,0.23932731943047042,0.28381220001488844,0.0,0.0,-0.9424513347886557,-0.4936562753581253,0.0012122268531180372,0.13855299093225132,nan,nan,nan,nan,nan,nan,nan,0.9675879819674492,0.0,0.0,1.4967248157259898,-0.5976340932251466,-0.007929885910965832,0.180988327929718,0.4418317156692542,0.0,0.0,1.1691255045086226,1.9421363850064988,-0.24465929348013543,-0.006345754860465942,nan,nan,nan,nan,nan,nan,nan,nan,nan,nan,nan,nan,nan,nan,nan,nan,nan,nan,nan,nan,nan,nan,nan,nan,nan,nan,nan,nan,nan,nan,nan,nan,nan,nan,nan,nan,nan,nan,nan,nan,nan,nan,nan,nan,nan,nan,nan,nan,nan,nan,nan,nan,nan,nan,nan,nan,nan,nan,nan,nan,nan,nan,nan,0.1018584344968451
1791059658.4862497,1.7148159999590389,0.7852136547814714,-3.136784726753122,-0.24331891595955799,2.1309808487169897,0.07539222246749129,0.0,0.0,0.0,2.194155993549258,-0.4394774927132636,-0.011301770836933636,0.0003659332426385023,0.6166813048039452,0.0,0.0,0.2188647666067038,-0.19285618603536464,-0.007896073665956667,0.23225856695508515,0.2970181004281535,0.0,0.0,-0.9422425763145468,-0.4804433202795494,0.0007273019565622652,0.13767184591600257,nan,nan,nan,nan,nan,nan,nan,0.9826554970368454,0.0,0.0,1.4963627422132237,-0.5783790406910821,-0.0061828747982894845,0.21693023432619393,0.586546415050422,0.0,0.0,1.1464332889308844,1.9411905104272886,-0.23680720494820484,-0.006882726893014659,nan,nan,nan,nan,nan,nan,nan,nan,nan,nan,nan,nan,nan,nan,nan,nan,nan,nan,nan,nan,nan,nan,nan,nan,nan,nan,nan,nan,nan,nan,nan,nan,nan,nan,nan,nan,nan,nan,nan,nan,nan,nan,nan,nan,nan,nan,nan,nan,nan,nan,nan,nan,nan,nan,nan,nan,nan,nan,nan,nan,nan,nan,nan,0.13043149152396363
1791059658.5871816,1.705119913053872,0.785065066497799,-3.1373405188006647,-0.2357118734419549,2.1294243289427275,0.07822449742297542,0.0,0.0,0.0,2.193121671090471,-0.4395103660705155,-0.010361617086747389,0.000477081642202224,0.6314743588708482,0.0,0.0,0.21856229734564298,-0.17001320929721467,-0.007681455540030102,0.22911367836932872,0.47779539801636656,0.0,0.0,-0.9420813702125678,-0.467697205137465,0.004077867229779538,0.13091827259770517,nan,nan,nan,nan,nan,nan,nan,0.9595277623644238,0.0,0.0,1.4957381966578904,-0.5591040821475316,-0.014593451877299083,0.18506653730596145,0.43442800678675564,0.0,0.0,1.1225415239730667,1.9409197273045375,-0.2267574286836701,-0.006959544191451569,nan,nan,nan,nan,nan,nan,nan,nan,nan,nan,nan,nan,nan,nan,nan,nan,nan,nan,nan,nan,nan,nan,nan,nan,nan,nan,nan,nan,nan,nan,nan,nan,nan,nan,nan,nan,nan,nan,nan,nan,nan,nan,nan,nan,nan,nan,nan,nan,nan,nan,nan,nan,nan,nan,nan,nan,nan,nan,nan,nan,nan,nan,nan,0.11444682816048737
1791059658.6875293,1.6936663465856456,0.7852893446642163,-3.136698038769717,-0.20590132033247158,2.1263596830428004,0.09009452588508547,0.0,0.0,0.0,2.192317645303308,-0.43940749006030383,-0.008541100598913696,0.0012461284398893773,0.6275286230123422,0.0,0.0,0.21795482238239905,-0.14731859960915183,-0.00830328944582903,0.211840924417796,0.4685473638648199,0.0,0.0,-0.9417352444322165,-0.4554582382208244,0.0025035359340840175,0.12590535199537137,nan,nan,nan,nan,nan,nan,nan,0.9517287372671314,0.0,0.0,1.495214688331365,-0.5409809971970145,-0.002028353073096971,0.18898522393457812,0.3943075933431951,0.0,0.0,1.0994200139403516,1.9391796070612057,-0.2170087883542812,-0.01004988191572111,nan,nan,nan,nan,nan,nan,nan,nan,nan,nan,nan,nan,nan,nan,nan,nan,nan,nan,nan,nan,nan,nan,nan,nan,nan,nan,nan,nan,nan,nan,nan,nan,nan,nan,nan,nan,nan,nan,nan,nan,nan,nan,nan,nan,nan,nan,nan,nan,nan,nan,nan,nan,nan,nan,nan,nan,nan,nan,nan,nan,nan,nan,nan,0.10189352486993924
1791059658.787481,1.683006781637154,0.7853573793741983,-3.137483229130377,-0.17448266903081966,2.12119755222106,0.10392863864463922,0.0,0.0,0.0,2.1914251514765497,-0.43936436966401515,-0.009377872506847306,0.000919432044600327,0.5685640786835139,0.0,0.0,0.21727355095225484,-0.12506231670942403,-0.006369815367841993,0.21451523758143326,0.2110362208427191,0.0,0.0,-0.9416224263241415,-0.4430872850627663,-0.0033260252793123547,0.1272717723411452,nan,nan,nan,nan,nan,nan,nan,0.9794341404814657,0.0,0.0,1.494790855009385,-0.5234276910447413,-0.0101913369015629,0.16539373509857092,0.48386446147193,0.0,0.0,1.0770739918573569,1.937771757811378,-0.2201813641098505,-0.009989427469919904,nan,nan,nan,nan,nan,nan,nan,nan,nan,nan,nan,nan,nan,nan,nan,nan,nan,nan,nan,nan,nan,nan,nan,nan,nan,nan,nan,nan,nan,nan,nan,nan,nan,nan,nan,nan,nan,nan,nan,nan,nan,nan,nan,nan,nan,nan,nan,nan,nan,nan,nan,nan,nan,nan,nan,nan,nan,nan,nan,nan,nan,nan,nan,0.09954233468083713
1791059658.8874772,1.6729866135681384,0.7855369602831775,-3.138112068076328,-0.15667899449915287,2.114868548869359,0.11235416073498355,0.0,0.0,0.0,2.190770695937724,-0.43919617240236214,-0.006363676876500371,0.003051387403879743,0.5817213972813817,0.0,0.0,0.21623626340865387,-0.10269003244402375,-0.0027509763047876886,0.238146590700675,0.3857486940708405,0.0,0.0,-0.9417180471161763,-0.43106673493005265,0.0036405132452914124,0.12691338876389885,nan,nan,nan,nan,nan,nan,nan,0.9367299655604329,0.0,0.0,1.4945573622352133,-0.5066921219941277,-0.0018904667160085323,0.1692176633336028,0.34266751376394405,0.0,0.0,1.0539876141099518,1.936693477411568,-0.16827907270693931,-0.028438634438281166,nan,nan,nan,nan,nan,nan,nan,nan,nan,nan,nan,nan,nan,nan,nan,nan,nan,nan,nan,nan,nan,nan,nan,nan,nan,nan,nan,nan,nan,nan,nan,nan,nan,nan,nan,nan,nan,nan,nan,nan,nan,nan,nan,nan,nan,nan,nan,nan,nan,nan,nan,nan,nan,nan,nan,nan,nan,nan,nan,nan,nan,nan,nan,0.10170008032493694
1791059658.9871802,1.6633194934240527,0.785703248179697,-3.137993246027079,-0.14621107603232567,2.108294643399636,0.11749782256886261,0.0,0.0,0.0,2.190057142131547,-0.43927441328189376,-0.009918056096157873,-0.0005192379517559632,0.5652848103516884,0.0,0.0,0.21526994581559172,-0.08014078188692098,-0.01223506773925195,0.23640375228901897,0.5589231925353011,0.0,0.0,-0.9416781440499837,-0.41908787304346784,0.006156884775770265,0.12548329379594414,nan,nan,nan,nan,nan,nan,nan,0.8818122843805695,0.0,0.0,1.4945131243876069,-0.4898981533427785,0.0064113112149967125,0.16575100735065257,0.39011310406632316,0.0,0.0,1.030305034235376,1.93594832952526,-0.24016000779150293,-0.0080323365440272,nan,nan,nan,nan,nan,nan,nan,nan,nan,nan,nan,nan,nan,nan,nan,nan,nan,nan,nan,nan,nan,nan,nan,nan,nan,nan,nan,nan,nan,nan,nan,nan,nan,nan,nan,nan,nan,nan,nan,nan,nan,nan,nan,nan,nan,nan,nan,nan,nan,nan,nan,nan,nan,nan,nan,nan,nan,nan,nan,nan,nan,nan,nan,0.10093464788609487
1791059659.087304,1.6533969891625144,0.7856417532077938,-3.13972103758496,-0.13869266815404832,2.101845424246688,0.12127575460536821,0.0,0.0,0.0,2.188120326770473,-0.4392731426996016,-0.030390859978771473,0.0064338483899948305,0.5883057427615749,0.0,0.0,0.21467810856697853,-0.05762365737765741,-0.008697732854736911,0.21768553074032426,0.5097289154433363,0.0,0.0,-0.9416702598018488,-0.407335049701471,0.0010148265761066029,0.11453182285208417,nan,nan,nan,nan,nan,nan,nan,0.9181869804337202,0.0,0.0,1.4943557564288448,-0.47422759731654107,-0.004352474336778873,0.15593853889966874,0.4117085036208793,0.0,0.0,1.0075412585329409,1.935720219361599,-0.24333581299073276,-0.006708020868640134,nan,nan,nan,nan,nan,nan,nan,nan,nan,nan,nan,nan,nan,nan,nan,nan,nan,nan,nan,nan,nan,nan,nan,nan,nan,nan,nan,nan,nan,nan,nan,nan,nan,nan,nan,nan,nan,nan,nan,nan,nan,nan,nan,nan,nan,nan,nan,nan,nan,nan,nan,nan,nan,nan,nan,nan,nan,nan,nan,nan,nan,nan,nan,0.09683381154855225
1791059659.1872284,1.6430786721023196,0.7854502124129747,-3.1391148797691137,-0.14203408185406263,2.0959068942540338,0.11958824790725059,0.0,0.0,0.0,2.181015654327605,-0.4393910516353345,-0.05865028062516424,0.0022787511415090517,0.5566616887330164,0.0,0.0,0.21368437886753164,-0.03495014755279932,-0.012370862002228176,0.20477756241727302,0.26407092274318533,0.0,0.0,-0.9417277932910506,-0.3965479171922423,-0.007896805119450689,0.10558394478653577,nan,nan,nan,nan,nan,nan,nan,0.8126230653407595,0.0,0.0,1.4942515815584931,-0.45910070172658674,0.013641837994097022,0.10595932228538892,0.5794915872503497,0.0,0.0,0.9856380705991433,1.9349105089761098,-0.2068338658495966,-0.005702836113864036,nan,nan,nan,nan,nan,nan,nan,nan,nan,nan,nan,nan,nan,nan,nan,nan,nan,nan,nan,nan,nan,nan,nan,nan,nan,nan,nan,nan,nan,nan,nan,nan,nan,nan,nan,nan,nan,nan,nan,nan,nan,nan,nan,nan,nan,nan,nan,nan,nan,nan,nan,nan,nan,nan,nan,nan,nan,nan,nan,nan,nan,nan,nan,0.10455267754865888
1791059659.2871957,1.6330491285575808,0.7856718148573187,-3.1401066111926212,-0.1338017441373865,2.090394328319671,0.12376986176070176,0.0,0.0,0.0,2.1758431787244166,-0.439252411303375,-0.05122166749557909,-8.883301704804762e-05,0.5498692693801385,0.0,0.0,0.21266167683874107,-0.012058979191855746,-0.009707901527760715,0.21980697815689504,0.41903803619124996,0.0,0.0,-0.9412412466242491,-0.38574063486899285,-0.006956033207752784,0.0982710179672491,nan,nan,nan,nan,nan,nan,nan,0.8802414119824373,0.0,0.0,1.4939991126280239,-0.4443685878025167,0.004355897801506325,0.13349689837102904,0.4683787313746831,0.0,0.0,0.9628308116508643,1.9340547308550018,-0.19346492365465065,-0.003961007951407624,nan,nan,nan,nan,nan,nan,nan,nan,nan,nan,nan,nan,nan,nan,nan,nan,nan,nan,nan,nan,nan,nan,nan,nan,nan,nan,nan,nan,nan,nan,nan,nan,nan,nan,nan,nan,nan,nan,nan,nan,nan,nan,nan,nan,nan,nan,nan,nan,nan,nan,nan,nan,nan,nan,nan,nan,nan,nan,nan,nan,nan,nan,nan,0.09545020443651415
1791059659.3872154,1.6228174964634159,0.7858895179442882,-3.140585878727003,-0.1414929605243442,2.085406281062498,0.11986061447354342,0.0,0.0,0.0,2.1712777409154507,-0.43926958387794063,-0.04238838280167058,-0.004443432224201232,0.5867606894285652,0.0,0.0,0.21168326087259465,0.010910223132287431,-0.008448033934511538,0.22639249417886592,0.6101033537519989,0.0,0.0,-0.9410398264229435,-0.3750032081280492,0.0006949354191678918,0.10550037342026075,nan,nan,nan,nan,nan,nan,nan,0.8110870034643243,0.0,0.0,1.4939812413638411,-0.4299867543626631,0.00980530391332457,0.1302682195546786,0.41982466215873715,0.0,0.0,0.9397186117077095,1.9332048440521428,-0.21627217596968806,-0.0054808042680294135,nan,nan,nan,nan,nan,nan,nan,nan,nan,nan,nan,nan,nan,nan,nan,nan,nan,nan,nan,nan,nan,nan,nan,nan,nan,nan,nan,nan,nan,nan,nan,nan,nan,nan,nan,nan,nan,nan,nan,nan,nan,nan,nan,nan,nan,nan,nan,nan,nan,nan,nan,nan,nan,nan,nan,nan,nan,nan,nan,nan,nan,nan,nan,0.1016989114850134
1791059659.4876115,1.6129583285138414,0.7858314503561573,-3.1405077415135243,-0.20639584080105391,2.0831761636838495,0.08988758373979222,0.0,0.0,0.0,2.1675382849069167,-0.43926049992180966,-0.039593148969670255,0.002485366271326528,0.5681896923128471,0.0,0.0,0.210705632681255,0.03375209208377043,-0.009345129922361528,0.2431084481253341,1.0396443297832914,0.0,0.0,-0.9409751702051912,-0.3650107234579865,0.023133725494480003,0.0746058482120715,nan,nan,nan,nan,nan,nan,nan,0.8527059069514583,0.0,0.0,1.493962612937179,-0.41609359055257356,0.0008203062634185442,0.1396125764203535,0.39861027214995365,0.0,0.0,0.9167977029715532,1.9322685986021795,-0.2418973863100274,-0.01342498948846624,nan,nan,nan,nan,nan,nan,nan,nan,nan,nan,nan,nan,nan,nan,nan,nan,nan,nan,nan,nan,nan,nan,nan,nan,nan,nan,nan,nan,nan,nan,nan,nan,nan,nan,nan,nan,nan,nan,nan,nan,nan,nan,nan,nan,nan,nan,nan,nan,nan,nan,nan,nan,nan,nan,nan,nan,nan,nan,nan,nan,nan,nan,nan,0.10447726188293255
1791059659.5872416,1.60276201594507,0.7858875364670105,-3.140720397356175,-0.21445517302684125,2.0836999452965457,0.08656265218403143,0.0,0.0,0.0,2.1644245965073123,-0.43915414081932214,-0.02992276013728625,-0.0018423869138019112,0.6167765029605317,0.0,0.0,0.2097733576931665,0.05645681496907176,-0.009605572770077689,0.22935764756335242,0.5286066444666347,0.0,0.0,-0.9410319640530741,-0.35463077000479065,-0.006462230551435799,0.10752463760292688,nan,nan,nan,nan,nan,nan,nan,0.8487449987858057,0.0,0.0,1.4940902580697095,-0.4020072148829099,0.0007506021622659587,0.13902258033723114,0.474257187788601,0.0,0.0,0.8939245796186394,1.9312785724288577,-0.244524075719964,-0.012019927431629822,nan,nan,nan,nan,nan,nan,nan,nan,nan,nan,nan,nan,nan,nan,nan,nan,nan,nan,nan,nan,nan,nan,nan,nan,nan,nan,nan,nan,nan,nan,nan,nan,nan,nan,nan,nan,nan,nan,nan,nan,nan,nan,nan,nan,nan,nan,nan,nan,nan,nan,nan,nan,nan,nan,nan,nan,nan,nan,nan,nan,nan,nan,nan,0.12124588499256649
1791059659.6873577,1.5922935158313627,0.7860353735353008,-3.140221937958857,-0.2197060954747081,2.084711307303131,0.08444473256633132,0.0,0.0,0.0,2.1613775290553656,-0.43912149611847034,-0.029842553291201206,-0.0005721419850923718,0.6280376347240161,0.0,0.0,0.20866900563284563,0.07914398474387874,-0.007876654276194762,0.20510658493542316,0.6105435450151919,0.0,0.0,-0.9409953809444822,-0.3446337353551947,-0.0030978507132509393,0.09827521600881872,nan,nan,nan,nan,nan,nan,nan,0.8799489731870107,0.0,0.0,1.4938650646616078,-0.3876469779185671,-0.004402261461351797,0.1387707273648819,0.44913451023410145,0.0,0.0,0.8711947526552658,1.9301801535693424,-0.22376496044505664,-0.00668578527350412,nan,nan,nan,nan,nan,nan,nan,nan,nan,nan,nan,nan,nan,nan,nan,nan,nan,nan,nan,nan,nan,nan,nan,nan,nan,nan,nan,nan,nan,nan,nan,nan,nan,nan,nan,nan,nan,nan,nan,nan,nan,nan,nan,nan,nan,nan,nan,nan,nan,nan,nan,nan,nan,nan,nan,nan,nan,nan,nan,nan,nan,nan,nan,0.1058215954448146
1791059659.7872262,1.5810855432707196,0.7863954991739562,-3.138869378315491,-0.22361282293786677,2.0860064468978794,0.08289376881646776,0.0,0.0,0.0,2.1581722023268344,-0.4391435046858296,-0.024007161807954147,-0.0005619310858515187,0.5824792106861867,0.0,0.0,0.20717387955270977,0.10175306456709705,-0.013369524632391997,0.2013459920918569,0.6763566241403556,0.0,0.0,-0.9407128627335378,-0.33513017703183146,-0.003516916440811455,0.08588082137119947,nan,nan,nan,nan,nan,nan,nan,0.902731687195944,0.0,0.0,1.4935836895451413,-0.37329638332972853,-0.0075321377641056775,0.13581415237291855,0.4494091893968373,0.0,0.0,0.8485849952881088,1.929196780696519,-0.23200288232742775,-0.005741729202983195,nan,nan,nan,nan,nan,nan,nan,nan,nan,nan,nan,nan,nan,nan,nan,nan,nan,nan,nan,nan,nan,nan,nan,nan,nan,nan,nan,nan,nan,nan,nan,nan,nan,nan,nan,nan,nan,nan,nan,nan,nan,nan,nan,nan,nan,nan,nan,nan,nan,nan,nan,nan,nan,nan,nan,nan,nan,nan,nan,nan,nan,nan,nan,0.09758647251402174
1791059659.8874354,1.571149709944937,0.7867689450073149,-3.1369574334629036,-0.2290178811503353,2.0875781256773656,0.08078282516540754,0.0,0.0,0.0,2.155612239854318,-0.43905052281329005,-0.025970223500490774,-0.0015822743362714849,0.4108576249878557,0.0,0.0,0.20570835027577997,0.1240509027868896,-0.05855559582687227,0.20494556684393556,0.7240181892146312,0.0,0.0,-0.9402647377728544,-0.3254769971697623,0.004952566692897537,0.09119873495154857,nan,nan,nan,nan,nan,nan,nan,0.9280031997374832,0.0,0.0,1.493393508758232,-0.3588400076623767,-0.008851497519064928,0.15103636379587207,0.43197304855135277,0.0,0.0,0.8257700436264398,1.9281438946459437,-0.2178687331462881,-0.007959353455645118,nan,nan,nan,nan,nan,nan,nan,nan,nan,nan,nan,nan,nan,nan,nan,nan,nan,nan,nan,nan,nan,nan,nan,nan,nan,nan,nan,nan,nan,nan,nan,nan,nan,nan,nan,nan,nan,nan,nan,nan,nan,nan,nan,nan,nan,nan,nan,nan,nan,nan,nan,nan,nan,nan,nan,nan,nan,nan,nan,nan,nan,nan,nan,0.09824126016581794
1791059659.9872365,1.561858604780084,0.786908892354582,-3.136673365150102,-0.23113555498290447,2.0893218987975155,0.07996679116928691,0.0,0.0,0.0,2.1531675502556205,-0.43907534934223386,-0.025932972944330633,-0.0010174403531102347,0.5487851723748438,0.0,0.0,0.20445605337705453,0.1467815754128962,-0.010443468786849743,0.24583011043376954,0.6456600589794254,0.0,0.0,-0.9403733362510298,-0.31542153424863684,0.008775748993125382,0.1031522642378667,nan,nan,nan,nan,nan,nan,nan,0.9153987253304863,0.0,0.0,1.493064616650278,-0.34384707863317204,-0.007018314936839664,0.1511766937351923,0.4163674115743749,0.0,0.0,0.8031170715563832,1.9271198504475409,-0.2232666843630019,-0.016177477012345797,nan,nan,nan,nan,nan,nan,nan,nan,nan,nan,nan,nan,nan,nan,nan,nan,nan,nan,nan,nan,nan,nan,nan,nan,nan,nan,nan,nan,nan,nan,nan,nan,nan,nan,nan,nan,nan,nan,nan,nan,nan,nan,nan,nan,nan,nan,nan,nan,nan,nan,nan,nan,nan,nan,nan,nan,nan,nan,nan,nan,nan,nan,nan,0.10446314074324217
1791059660.0875301,1.5523809492418081,0.7868929780602134,-3.1361622211844966,-0.2080121484717894,2.089974180058854,0.08921356356267929,0.0,0.0,0.0,2.1503211385031786,-0.43908000922986035,-0.029267540257763326,0.00038543816003584205,0.6888358226614388,0.0,0.0,0.20446961777429906,0.17006263378461464,0.051303546322747105,0.26864378481827716,0.5197538090506052,0.0,0.0,-0.9403134302058955,-0.3050154135874342,0.001052185975689756,0.10925717226324354,nan,nan,nan,nan,nan,nan,nan,0.9196212808128258,0.0,0.0,1.492765694354299,-0.3278065217903554,0.002354024876566786,0.16535122044897788,0.3798275183794587,0.0,0.0,0.780433855930105,1.9261331054187496,-0.2179652245925181,-0.0165975285001038,nan,nan,nan,nan,nan,nan,nan,nan,nan,nan,nan,nan,nan,nan,nan,nan,nan,nan,nan,nan,nan,nan,nan,nan,nan,nan,nan,nan,nan,nan,nan,nan,nan,nan,nan,nan,nan,nan,nan,nan,nan,nan,nan,nan,nan,nan,nan,nan,nan,nan,nan,nan,nan,nan,nan,nan,nan,nan,nan,nan,nan,nan,nan,0.09657103225208173
1791059660.1873038,1.5426896593613435,0.786940684772449,-3.13682710625776,-0.18802106490700793,2.0888561560692116,0.09780281392656652,0.0,0.0,0.0,2.147730548360454,-0.43904118483933613,-0.03150869183287007,-0.004571749246668559,0.5497796590173553,0.0,0.0,0.20307544530142485,0.1932446442915247,-0.00487803348391388,0.23558522942326132,0.32508141059461876,0.0,0.0,-0.9401750229320628,-0.2949454972591435,-0.005022116804804903,0.10624361278985753,nan,nan,nan,nan,nan,nan,nan,0.9588629059926762,0.0,0.0,1.4923862538923007,-0.31167797517320006,-0.006630837151045788,0.16539579996356915,0.6858499577118727,0.0,0.0,0.757956349461355,1.9252656039562297,-0.22029215635999747,0.012978895145559291,nan,nan,nan,nan,nan,nan,nan,nan,nan,nan,nan,nan,nan,nan,nan,nan,nan,nan,nan,nan,nan,nan,nan,nan,nan,nan,nan,nan,nan,nan,nan,nan,nan,nan,nan,nan,nan,nan,nan,nan,nan,nan,nan,nan,nan,nan,nan,nan,nan,nan,nan,nan,nan,nan,nan,nan,nan,nan,nan,nan,nan,nan,nan,0.10344166993583154
1791059660.2875698,1.5338030283650808,0.7876495457695948,-3.135972054817867,-0.16194971836933902,2.086209918450343,0.10981684896466928,0.0,0.0,0.0,2.145442674509599,-0.43902374511095865,-0.017151312582986106,0.003442719997122172,0.5655641937669156,0.0,0.0,0.20188353558129257,0.21632388336976688,-0.006889531648380879,0.21391927471560193,0.5243544712514346,0.0,0.0,-0.9399970185203327,-0.2851576603021031,-0.014291260968545667,0.0923054747786626,nan,nan,nan,nan,nan,nan,nan,0.946449829958415,0.0,0.0,1.4920707386048462,-0.2951753080824896,-0.006970159049361201,0.16113270516409123,0.3638022502074573,0.0,0.0,0.7354544335057225,1.9239980718280836,-0.20464062833198016,-0.00893476840749147,nan,nan,nan,nan,nan,nan,nan,nan,nan,nan,nan,nan,nan,nan,nan,nan,nan,nan,nan,nan,nan,nan,nan,nan,nan,nan,nan,nan,nan,nan,nan,nan,nan,nan,nan,nan,nan,nan,nan,nan,nan,nan,nan,nan,nan,nan,nan,nan,nan,nan,nan,nan,nan,nan,nan,nan,nan,nan,nan,nan,nan,nan,nan,0.08717906692112237
1791059660.387181,1.523907111582536,0.7872193254078388,-3.1365339090536635,-0.14993364501132656,2.082625086038129,0.11565292802768648,0.0,0.0,0.0,2.1436480112884695,-0.43916134850939664,-0.016743403698016784,-0.00046926693471840573,0.6152340575556708,0.0,0.0,0.20083435107254452,0.2391296628234096,0.004858760344167684,0.2149112709133978,0.5716173270438755,0.0,0.0,-0.9398217189184102,-0.27527470823667616,-0.009521536353332473,0.08761858374793377,nan,nan,nan,nan,nan,nan,nan,0.9123274702980082,0.0,0.0,1.4918746355670924,-0.27871922419983003,0.004906503936870848,0.15741499885143417,0.3573034436004665,0.0,0.0,0.7131840090642279,1.9225419708618745,-0.17808456566337416,-0.011376186278162136,nan,nan,nan,nan,nan,nan,nan,nan,nan,nan,nan,nan,nan,nan,nan,nan,nan,nan,nan,nan,nan,nan,nan,nan,nan,nan,nan,nan,nan,nan,nan,nan,nan,nan,nan,nan,nan,nan,nan,nan,nan,nan,nan,nan,nan,nan,nan,nan,nan,nan,nan,nan,nan,nan,nan,nan,nan,nan,nan,nan,nan,nan,nan,0.09607102613591753
1791059660.4875205,1.5148634576567617,0.7871435182351796,-3.1363977241479852,-0.12322875981258254,2.0783008702778365,0.12925654523772429,0.0,0.0,0.0,2.1418689103670165,-0.43903589708801916,-0.01708853512426581,0.001193343803104433,0.49735144204758724,0.0,0.0,0.19964404095524163,0.2621692722691864,-0.016859213292252463,0.235494167802414,0.5028559203670111,0.0,0.0,-0.9396482714162058,-0.2650717820958666,0.006774521486439658,0.10134457440842792,nan,nan,nan,nan,nan,nan,nan,0.9379199737730466,0.0,0.0,1.4915118590008154,-0.2627493768159309,-0.0011669900372251927,0.15149999865185954,0.41535165180442235,0.0,0.0,0.6901093703599054,1.9211914069451024,-0.2263550947025141,-0.01644486369303576,nan,nan,nan,nan,nan,nan,nan,nan,nan,nan,nan,nan,nan,nan,nan,nan,nan,nan,nan,nan,nan,nan,nan,nan,nan,nan,nan,nan,nan,nan,nan,nan,nan,nan,nan,nan,nan,nan,nan,nan,nan,nan,nan,nan,nan,nan,nan,nan,nan,nan,nan,nan,nan,nan,nan,nan,nan,nan,nan,nan,nan,nan,nan,0.08864643309013216
1791059660.587552,1.5052009366188148,0.7873488793119959,-3.1363012280331297,-0.09401546212139619,2.0730884416351976,0.14504040038858285,0.0,0.0,0.0,2.14010303855992,-0.4389579341939853,-0.017513293007542625,0.0031202696230249395,0.5047425155126372,0.0,0.0,0.19842354357593497,0.2848440404949086,-0.014463914490553894,0.22511193978049363,0.4420452201091736,0.0,0.0,-0.9393668369202799,-0.25549661422210623,0.0015655239420463345,0.09669867172651937,nan,nan,nan,nan,nan,nan,nan,0.9631361286679405,0.0,0.0,1.4910269278584682,-0.247017726554619,-0.011113236796898709,0.1471508913657918,0.4119811461214737,0.0,0.0,0.6669342264370063,1.9197446285968087,-0.2247072074574531,-0.01962376665864214,nan,nan,nan,nan,nan,nan,nan,nan,nan,nan,nan,nan,nan,nan,nan,nan,nan,nan,nan,nan,nan,nan,nan,nan,nan,nan,nan,nan,nan,nan,nan,nan,nan,nan,nan,nan,nan,nan,nan,nan,nan,nan,nan,nan,nan,nan,nan,nan,nan,nan,nan,nan,nan,nan,nan,nan,nan,nan,nan,nan,nan,nan,nan,0.08602209680766192
1791059660.687334,1.4954239457499952,0.7873749952449035,-3.1388449800111156,-0.10183914391023295,2.067964293239573,0.14072926709213718,0.0,0.0,0.0,2.138694113162883,-0.4389559957490483,-0.009419165113503113,0.0017406717461601997,0.5634501107357379,0.0,0.0,0.19728027532435868,0.3074588731210505,-0.006926317657481098,0.2228684143632917,0.560519887384403,0.0,0.0,-0.9391754903719418,-0.24614915422973438,0.00038505301861309295,0.09171498559752564,nan,nan,nan,nan,nan,nan,nan,0.9051172867867623,0.0,0.0,1.4905615501351135,-0.23172601324034647,-0.00681479235417169,0.1286587526108488,0.44725099233319826,0.0,0.0,0.6439552835111753,1.9184389244476878,-0.22924968095258194,-0.018845143901802128,nan,nan,nan,nan,nan,nan,nan,nan,nan,nan,nan,nan,nan,nan,nan,nan,nan,nan,nan,nan,nan,nan,nan,nan,nan,nan,nan,nan,nan,nan,nan,nan,nan,nan,nan,nan,nan,nan,nan,nan,nan,nan,nan,nan,nan,nan,nan,nan,nan,nan,nan,nan,nan,nan,nan,nan,nan,nan,nan,nan,nan,nan,nan,0.1015394910731608
1791059660.7875102,1.4861733123654857,0.7881371030852895,3.1412969266014197,-0.13379456963729974,2.064178990178213,0.12377354112198113,0.0,0.0,0.0,2.137158681378315,-0.43892231722956987,-0.014013843896601878,-0.0014897659389013884,0.5877994594245735,0.0,0.0,0.19581930723367982,0.33031060872232165,-0.005173617966994664,0.22091978185276295,0.8356677613640083,0.0,0.0,-0.9390400441489384,-0.2371364060026155,-0.003745563297029302,0.08083901829463028,nan,nan,nan,nan,nan,nan,nan,0.873071333008349,0.0,0.0,1.4903545369974764,-0.2165854788276623,0.008420978966216236,0.1468101886295835,0.4030651595902876,0.0,0.0,0.6210963051348872,1.9171212387294216,-0.2274049306098685,-0.007888115121067267,nan,nan,nan,nan,nan,nan,nan,nan,nan,nan,nan,nan,nan,nan,nan,nan,nan,nan,nan,nan,nan,nan,nan,nan,nan,nan,nan,nan,nan,nan,nan,nan,nan,nan,nan,nan,nan,nan,nan,nan,nan,nan,nan,nan,nan,nan,nan,nan,nan,nan,nan,nan,nan,nan,nan,nan,nan,nan,nan,nan,nan,nan,nan,0.09853257539092579
1791059660.887594,1.4749914633606638,0.7873053985535041,-3.140491331164342,-0.1531371280573043,2.0620126031877595,0.11407912962996494,0.0,0.0,0.0,2.135659870600041,-0.4389370119696519,-0.016191666676484154,0.0002462493552766162,0.5686755328949322,0.0,0.0,0.19458906641561158,0.3533533399767199,-0.01565873871856207,0.22301371314428475,0.7326479016217885,0.0,0.0,-0.9389446679354184,-0.227722920449966,0.003996853215846044,0.09765789510928864,nan,nan,nan,nan,nan,nan,nan,0.8930755851256553,0.0,0.0,1.489908099802571,-0.20195209628202662,-0.0056331186050323275,0.14453619073045865,0.4420635550304756,0.0,0.0,0.5983799383711067,1.9157036436033403,-0.22086127707998354,-0.0039661296496925165,nan,nan,nan,nan,nan,nan,nan,nan,nan,nan,nan,nan,nan,nan,nan,nan,nan,nan,nan,nan,nan,nan,nan,nan,nan,nan,nan,nan,nan,nan,nan,nan,nan,nan,nan,nan,nan,nan,nan,nan,nan,nan,nan,nan,nan,nan,nan,nan,nan,nan,nan,nan,nan,nan,nan,nan,nan,nan,nan,nan,nan,nan,nan,0.10538746580260008
1791059660.987182,1.4645488321744453,0.7873600993487425,-3.141359696356592,-0.15790342632897206,2.06072000609102,0.11176154574218047,0.0,0.0,0.0,2.1344220795535884,-0.4388732774657047,-0.00582324285459447,0.0053197471091071,0.5375863058799292,0.0,0.0,0.19358318905761346,0.37651247418785305,-0.01831100554100938,0.23265090965911933,0.6255566381451083,0.0,0.0,-0.9389560416774906,-0.21875595608118786,0.001054979282042271,0.09377097833744943,nan,nan,nan,nan,nan,nan,nan,0.9193228411504148,0.0,0.0,1.489406741557969,-0.18781096498046032,-0.004474553304575324,0.15302219978872206,0.4150686969073009,0.0,0.0,0.575432014787594,1.914344227231291,-0.1937450468184526,-0.010515450676422074,nan,nan,nan,nan,nan,nan,nan,nan,nan,nan,nan,nan,nan,nan,nan,nan,nan,nan,nan,nan,nan,nan,nan,nan,nan,nan,nan,nan,nan,nan,nan,nan,nan,nan,nan,nan,nan,nan,nan,nan,nan,nan,nan,nan,nan,nan,nan,nan,nan,nan,nan,nan,nan,nan,nan,nan,nan,nan,nan,nan,nan,nan,nan,0.10435549097483121
1791059661.0872118,1.4540852774483992,0.7875350747882371,3.1411066382750867,-0.1643471654129852,2.0598901230860633,0.10867458154626802,0.0,0.0,0.0,2.1331167361182906,-0.4388938320718543,-0.01385318106644319,-0.002686260020572855,0.5310924183578536,0.0,0.0,0.19241061628603243,0.3996557054439686,-0.017614951422113563,0.23058415413714972,0.5838988081958155,0.0,0.0,-0.9388692065009838,-0.20968357066921636,-0.0016673295646970061,0.08320254107392155,nan,nan,nan,nan,nan,nan,nan,0.9045868089030401,0.0,0.0,1.488976495710354,-0.17549573278845254,-0.005519658091244315,0.12813002259093126,0.5166005294773963,0.0,0.0,0.5529486691029702,1.9128015213452483,-0.21383568206011588,-0.015447439591434306,nan,nan,nan,nan,nan,nan,nan,nan,nan,nan,nan,nan,nan,nan,nan,nan,nan,nan,nan,nan,nan,nan,nan,nan,nan,nan,nan,nan,nan,nan,nan,nan,nan,nan,nan,nan,nan,nan,nan,nan,nan,nan,nan,nan,nan,nan,nan,nan,nan,nan,nan,nan,nan,nan,nan,nan,nan,nan,nan,nan,nan,nan,nan,0.1055867665588753
1791059661.1868012,1.443641990571612,0.787682785826459,3.1396090449289695,-0.20569754644453384,2.0607811831957004,0.09017989746309081,0.0,0.0,0.0,2.13167141618838,-0.43895078393698084,-0.014035890665540188,-0.0009465408911977823,0.6012173802000218,0.0,0.0,0.19133368253114486,0.4227698921589979,-0.012984428486537244,0.23551822289525776,0.8887543674599685,0.0,0.0,-0.93868555186623,-0.20008897744033416,0.0002963996335023477,0.09412242990844018,nan,nan,nan,nan,nan,nan,nan,0.8661518421749496,0.0,0.0,1.4883314944891213,-0.1631800999842361,-0.012028910063363282,0.1424875589841129,0.32188847543298876,0.0,0.0,0.5297240705562924,1.9113781283432285,-0.23371403781232175,-0.02384517977569315,nan,nan,nan,nan,nan,nan,nan,nan,nan,nan,nan,nan,nan,nan,nan,nan,nan,nan,nan,nan,nan,nan,nan,nan,nan,nan,nan,nan,nan,nan,nan,nan,nan,nan,nan,nan,nan,nan,nan,nan,nan,nan,nan,nan,nan,nan,nan,nan,nan,nan,nan,nan,nan,nan,nan,nan,nan,nan,nan,nan,nan,nan,nan,0.11798720157595359
1791059661.2874982,1.4331914701686976,0.7878245583540923,3.137760572532718,-0.22537227104459748,2.0638713727065743,0.08220217645760426,0.0,0.0,0.0,2.130568081051516,-0.4393452557318232,-0.009960529363479069,-0.008532626603760888,0.6229950432591355,0.0,0.0,0.19019100200738753,0.44584642737699953,-0.00771906651579316,0.23816800514126138,0.8775907402210215,0.0,0.0,-0.9387972613713687,-0.18977691744172173,0.005457366162278083,0.11080060300447608,nan,nan,nan,nan,nan,nan,nan,0.8584045077689736,0.0,0.0,1.4877802353008454,-0.15026643496788286,-0.010202466199338204,0.1509750757259345,0.2967499936155535,0.0,0.0,0.5071236794045285,1.9097895096083743,-0.23421706951709376,-0.019937871139900837,nan,nan,nan,nan,nan,nan,nan,nan,nan,nan,nan,nan,nan,nan,nan,nan,nan,nan,nan,nan,nan,nan,nan,nan,nan,nan,nan,nan,nan,nan,nan,nan,nan,nan,nan,nan,nan,nan,nan,nan,nan,nan,nan,nan,nan,nan,nan,nan,nan,nan,nan,nan,nan,nan,nan,nan,nan,nan,nan,nan,nan,nan,nan,0.11848825678037823
1791059661.3871922,1.422312764945231,0.7876666910988901,3.1375609366966337,-0.2297644146111878,2.067655948431023,0.08049444478836892,0.0,0.0,0.0,2.129140485084972,-0.43896175850690455,-0.01093562730575235,0.0034201300644551365,0.600359876216491,0.0,0.0,0.18882641342904596,0.4687884574245069,-0.00413978677900297,0.23367995106860562,0.628546006220794,0.0,0.0,-0.9388653145891102,-0.17910553136475296,0.002005930783754759,0.11162204515915991,nan,nan,nan,nan,nan,nan,nan,0.8761151797021681,0.0,0.0,1.487244531510667,-0.13724763531301595,-0.007359348192043069,0.13958822903953266,0.40207659307704025,0.0,0.0,0.4838601636131182,1.9082223682198471,-0.23332647471783444,-0.01405316730135695,nan,nan,nan,nan,nan,nan,nan,nan,nan,nan,nan,nan,nan,nan,nan,nan,nan,nan,nan,nan,nan,nan,nan,nan,nan,nan,nan,nan,nan,nan,nan,nan,nan,nan,nan,nan,nan,nan,nan,nan,nan,nan,nan,nan,nan,nan,nan,nan,nan,nan,nan,nan,nan,nan,nan,nan,nan,nan,nan,nan,nan,nan,nan,0.11238220030048204
1791059661.487193,1.4115970150604737,0.7879658505425534,3.139537447675142,-0.21516706437625138,2.070619721044732,0.08627327794955869,0.0,0.0,0.0,2.1279748240685517,-0.43895828502251333,-0.008933075079911087,0.0027242483941597056,0.5392209446200039,0.0,0.0,0.18744284358394336,0.491463103378534,-0.010915881233995093,0.23086183342380184,0.3740812788454291,0.0,0.0,-0.9387947426623651,-0.16842419228467498,-0.006356715532331201,0.10826388103318364,nan,nan,nan,nan,nan,nan,nan,0.9209718257474885,0.0,0.0,1.486908737728407,-0.12376302716656642,-0.004902068865534444,0.14559978280329805,0.4578043363935595,0.0,0.0,0.460898449965784,1.90649183238671,-0.22785153463784572,-0.006680698439876563,nan,nan,nan,nan,nan,nan,nan,nan,nan,nan,nan,nan,nan,nan,nan,nan,nan,nan,nan,nan,nan,nan,nan,nan,nan,nan,nan,nan,nan,nan,nan,nan,nan,nan,nan,nan,nan,nan,nan,nan,nan,nan,nan,nan,nan,nan,nan,nan,nan,nan,nan,nan,nan,nan,nan,nan,nan,nan,nan,nan,nan,nan,nan,0.09197438545827492
1791059661.5861316,1.4013617364528241,0.7880925055430249,3.139055734949172,-0.1868612941636308,2.0715658090117706,0.09831789575562273,0.0,0.0,0.0,2.126761257754561,-0.43887280130741524,-0.010908002056620368,0.0012425072955278328,0.4922378713682091,0.0,0.0,0.18590057951320893,0.5140453457423525,-0.02261785915364327,0.2237613393511465,0.2664220584888784,0.0,0.0,-0.9386322350987636,-0.15780234343885474,-0.0005904751907979108,0.10483064860913925,nan,nan,nan,nan,nan,nan,nan,0.959534493904311,0.0,0.0,1.4863700232832138,-0.10930041143510404,-0.006035052294099739,0.149511054940974,0.5039412032362829,0.0,0.0,0.43816961940565047,1.9047790380644607,-0.22818678960026806,-0.01310541295548893,nan,nan,nan,nan,nan,nan,nan,nan,nan,nan,nan,nan,nan,nan,nan,nan,nan,nan,nan,nan,nan,nan,nan,nan,nan,nan,nan,nan,nan,nan,nan,nan,nan,nan,nan,nan,nan,nan,nan,nan,nan,nan,nan,nan,nan,nan,nan,nan,nan,nan,nan,nan,nan,nan,nan,nan,nan,nan,nan,nan,nan,nan,nan,0.08314682039348546
1791059661.6871903,1.392225405475253,0.7881549826812815,3.137602952911654,-0.18010399609274733,2.071155761876427,0.10135518122187492,0.0,0.0,0.0,2.1256777548537444,-0.43891229686645533,-0.00836070036916078,-0.0021040625729505155,0.5373772134257034,0.0,0.0,0.18462556098547128,0.5368002243884675,-0.015275593571863576,0.21113314420943158,0.51592339712164,0.0,0.0,-0.9384188154020005,-0.1472334595263994,4.874388228496727e-05,0.09676857341042006,nan,nan,nan,nan,nan,nan,nan,0.9144520011394961,0.0,0.0,1.4860077223141663,-0.09468809167825937,-0.0029115760432282594,0.13886954398442378,0.3588297566835776,0.0,0.0,0.41547563979775765,1.902945913825688,-0.2184359444438697,-0.024363199339406942,nan,nan,nan,nan,nan,nan,nan,nan,nan,nan,nan,nan,nan,nan,nan,nan,nan,nan,nan,nan,nan,nan,nan,nan,nan,nan,nan,nan,nan,nan,nan,nan,nan,nan,nan,nan,nan,nan,nan,nan,nan,nan,nan,nan,nan,nan,nan,nan,nan,nan,nan,nan,nan,nan,nan,nan,nan,nan,nan,nan,nan,nan,nan,0.0875012209816478
1791059661.7870574,1.3836790369548622,0.7883958477879669,3.138246106091101,-0.17106747454928872,2.07024344299076,0.1055126771704472,0.0,0.0,0.0,2.1247595425398003,-0.43890399206748915,-0.00900807684087785,-0.0008684751910063581,0.5358903478630751,0.0,0.0,0.18329840247095033,0.559646633858189,-0.010423470203430188,0.22592769654315994,0.38880332047179506,0.0,0.0,-0.9382679415490436,-0.13628461233068462,0.0022879985031762874,0.10545389518893698,nan,nan,nan,nan,nan,nan,nan,0.9173196639309698,0.0,0.0,1.4857331006750105,-0.08019780882288957,0.002027563109916212,0.1423526305389357,0.4248646093641194,0.0,0.0,0.39285452439634383,1.9011442886575767,-0.2283893734221999,-0.02580046295783509,nan,nan,nan,nan,nan,nan,nan,nan,nan,nan,nan,nan,nan,nan,nan,nan,nan,nan,nan,nan,nan,nan,nan,nan,nan,nan,nan,nan,nan,nan,nan,nan,nan,nan,nan,nan,nan,nan,nan,nan,nan,nan,nan,nan,nan,nan,nan,nan,nan,nan,nan,nan,nan,nan,nan,nan,nan,nan,nan,nan,nan,nan,nan,0.09327558995855603
1791059661.8871884,1.3747883948472928,0.7887208641414819,3.139201888294714,-0.17273111458579465,2.069185072572781,0.1047391145843077,0.0,0.0,0.0,2.123593922583001,-0.4389247520938418,-0.014020324514809121,-0.0013795637429998113,0.5513717078427303,0.0,0.0,0.18184814049702916,0.5826685848853776,-0.008042503450201972,0.22625533633534606,0.6681310711546066,0.0,0.0,-0.9382042931317203,-0.1251679777176137,0.0069820345707592175,0.10274243178476083,nan,nan,nan,nan,nan,nan,nan,0.8781997149170296,0.0,0.0,1.4853442561924504,-0.06607497743685246,0.0024801414379964255,0.13341473305735127,0.3136391933332949,0.0,0.0,0.37018785453976777,1.8991362088781223,-0.21190345646013264,-0.02045158922701619,nan,nan,nan,nan,nan,nan,nan,nan,nan,nan,nan,nan,nan,nan,nan,nan,nan,nan,nan,nan,nan,nan,nan,nan,nan,nan,nan,nan,nan,nan,nan,nan,nan,nan,nan,nan,nan,nan,nan,nan,nan,nan,nan,nan,nan,nan,nan,nan,nan,nan,nan,nan,nan,nan,nan,nan,nan,nan,nan,nan,nan,nan,nan,0.0890760474573564
1791059661.9875348,1.365569866133416,0.7890190653073158,3.1384540565650947,-0.15019632959680343,2.06754808925971,0.11552339311488065,0.0,0.0,0.0,2.1225193504429956,-0.43884709044948145,-0.01380921926096647,-0.002138681213380301,0.5129160254526184,0.0,0.0,0.18039941368728882,0.6056317620763618,-0.008346415594285176,0.23351677693481798,0.30724269848746094,0.0,0.0,-0.9385512620892011,-0.11409058124258412,0.007079025890471939,0.11178530710417099,nan,nan,nan,nan,nan,nan,nan,0.9346845342882448,0.0,0.0,1.4850130873946128,-0.052523316909025924,-0.002517243065694505,0.1322828920264469,0.4413642910146153,0.0,0.0,0.34733646426291204,1.8970895943882506,-0.2138675392052959,-0.015113512356987394,nan,nan,nan,nan,nan,nan,nan,nan,nan,nan,nan,nan,nan,nan,nan,nan,nan,nan,nan,nan,nan,nan,nan,nan,nan,nan,nan,nan,nan,nan,nan,nan,nan,nan,nan,nan,nan,nan,nan,nan,nan,nan,nan,nan,nan,nan,nan,nan,nan,nan,nan,nan,nan,nan,nan,nan,nan,nan,nan,nan,nan,nan,nan,0.07668238992922702
1791059662.0875134,1.356663788548432,0.7893456315297745,3.1380734541791035,-0.12575544448686482,2.064731367542138,0.1279337834219467,0.0,0.0,0.0,2.121314766028406,-0.4387969325257355,-0.011743099894298524,-0.0016608007950429543,0.4923461203806411,0.0,0.0,0.17870064964833132,0.6285735823479875,-0.020293950207557428,0.23839587073324353,0.33665099836175266,0.0,0.0,-0.9385236128804627,-0.10265073714856147,0.005304866720448934,0.11755805771297731,nan,nan,nan,nan,nan,nan,nan,0.9235411890429496,0.0,0.0,1.4846661535590948,-0.040245534811164496,-0.0016140786124709853,0.13483694260030132,0.35332212532636464,0.0,0.0,0.32436282368623637,1.8947916652216041,-0.23759304759637764,-0.018203952303628687,nan,nan,nan,nan,nan,nan,nan,nan,nan,nan,nan,nan,nan,nan,nan,nan,nan,nan,nan,nan,nan,nan,nan,nan,nan,nan,nan,nan,nan,nan,nan,nan,nan,nan,nan,nan,nan,nan,nan,nan,nan,nan,nan,nan,nan,nan,nan,nan,nan,nan,nan,nan,nan,nan,nan,nan,nan,nan,nan,nan,nan,nan,nan,0.07194144012881842
1791059662.187209,1.3485183968575134,0.7892468034929423,3.138603466218056,-0.11303131082308607,2.0612773397002786,0.13466634891905507,0.0,0.0,0.0,2.1198196955348276,-0.43895121059909015,-0.015058483854184313,0.0006310356788551502,0.5165602894643699,0.0,0.0,0.17706888620589992,0.6512909787733682,-0.021264600230286555,0.22317064426029826,0.3401598263830839,0.0,0.0,-0.938486213997949,-0.09146148290017544,-0.0027925775181566613,0.11928210766889867,nan,nan,nan,nan,nan,nan,nan,0.8531469968524926,0.0,0.0,1.4842924987396497,-0.028793344544022527,0.0010132620115369943,0.10544900255685519,0.3491587488768932,0.0,0.0,0.30143243114683194,1.8924386426798585,-0.24167796811591138,-0.0222164681146847,nan,nan,nan,nan,nan,nan,nan,nan,nan,nan,nan,nan,nan,nan,nan,nan,nan,nan,nan,nan,nan,nan,nan,nan,nan,nan,nan,nan,nan,nan,nan,nan,nan,nan,nan,nan,nan,nan,nan,nan,nan,nan,nan,nan,nan,nan,nan,nan,nan,nan,nan,nan,nan,nan,nan,nan,nan,nan,nan,nan,nan,nan,nan,0.08431404918095055
1791059662.287207,1.340025395612588,0.7890604978693473,3.1378286207730715,-0.1077545965137901,2.0577623701214436,0.1375089862060604,0.0,0.0,0.0,2.1184179935311023,-0.4386492496417809,-0.014940807998084721,-0.0013342523219730565,0.5244215623316639,0.0,0.0,0.17535255547163633,0.673979878895228,-0.01850433472359095,0.19397863742367444,0.24268322049221472,0.0,0.0,-0.9384304361795318,-0.08031140247272883,-0.002310477430092023,0.1169950664491896,nan,nan,nan,nan,nan,nan,nan,0.8820861839599893,0.0,0.0,1.4839808484281531,-0.01810346701735697,-0.0026570806943593834,0.0981990528071654,0.38938335989006667,0.0,0.0,0.27866053360620485,1.8900464849395413,-0.21524136253508214,-0.027506394313048237,nan,nan,nan,nan,nan,nan,nan,nan,nan,nan,nan,nan,nan,nan,nan,nan,nan,nan,nan,nan,nan,nan,nan,nan,nan,nan,nan,nan,nan,nan,nan,nan,nan,nan,nan,nan,nan,nan,nan,nan,nan,nan,nan,nan,nan,nan,nan,nan,nan,nan,nan,nan,nan,nan,nan,nan,nan,nan,nan,nan,nan,nan,nan,0.08293374418444081
1791059662.3871677,1.3309036146418447,0.7895102021617577,3.137970534483736,-0.10796268512868967,2.054479988794538,0.13739634420955876,0.0,0.0,0.0,2.1165100758405253,-0.43856818642170536,-0.021229579939074067,0.003403590538492357,0.537503650720199,0.0,0.0,0.17356775718030376,0.6966474636718132,-0.016515313573550246,0.2223444093906194,0.43480378971845685,0.0,0.0,-0.9383480040229314,-0.06969402749860219,-0.006792785415660823,0.10893843869281732,nan,nan,nan,nan,nan,nan,nan,0.846246913488577,0.0,0.0,1.4835448064225407,-0.008346347381028267,-0.008158196771785248,0.09661664406898615,0.3172514253862788,0.0,0.0,0.25567980818981406,1.887611759608727,-0.2304905244212595,-0.030389330360979114,nan,nan,nan,nan,nan,nan,nan,nan,nan,nan,nan,nan,nan,nan,nan,nan,nan,nan,nan,nan,nan,nan,nan,nan,nan,nan,nan,nan,nan,nan,nan,nan,nan,nan,nan,nan,nan,nan,nan,nan,nan,nan,nan,nan,nan,nan,nan,nan,nan,nan,nan,nan,nan,nan,nan,nan,nan,nan,nan,nan,nan,nan,nan,0.09324082311383733
1791059662.487219,1.3217842696559552,0.7894071429464339,3.1369395371847655,-0.10558693806785602,2.05146392498806,0.13868497946620947,0.0,0.0,0.0,2.1140656829765323,-0.43838877397881754,-0.024921041219362523,0.0039125969326660875,0.5376010114611969,0.0,0.0,0.1717352488029565,0.7191628502431401,-0.01612354676681051,0.23946564184352517,0.5851329530086846,0.0,0.0,-0.9381345297587315,-0.05960387856159509,0.0016127623648331648,0.10725039649303808,nan,nan,nan,nan,nan,nan,nan,0.7962068505751052,0.0,0.0,1.4834308633316668,0.0005169781552070658,2.2607692870516612e-05,0.07857406009092054,0.33068474934403136,0.0,0.0,0.23268198122691802,1.8851716345501754,-0.21895883674686695,-0.022867569323904574,nan,nan,nan,nan,nan,nan,nan,nan,nan,nan,nan,nan,nan,nan,nan,nan,nan,nan,nan,nan,nan,nan,nan,nan,nan,nan,nan,nan,nan,nan,nan,nan,nan,nan,nan,nan,nan,nan,nan,nan,nan,nan,nan,nan,nan,nan,nan,nan,nan,nan,nan,nan,nan,nan,nan,nan,nan,nan,nan,nan,nan,nan,nan,0.0995022932322914
1791059662.587603,1.312122214397294,0.789591157937426,3.134998817078158,-0.12531621319031713,2.0491240954333487,0.12816321352509488,0.0,0.0,0.0,2.1105757704409296,-0.43839116337012884,-0.038380196648059174,0.0014919566254572845,0.5280742213531601,0.0,0.0,0.16996721850152488,0.7416273397432287,-0.01810821515787208,0.24120268276861728,0.7091452860252097,0.0,0.0,-0.9380829156189566,-0.05003214222415766,0.005641045406220769,0.0903195051425578,nan,nan,nan,nan,nan,nan,nan,0.821294469742339,0.0,0.0,1.4830876527348609,0.008756600314578462,-0.0002933575819934405,0.08721530535888382,0.36061245795227115,0.0,0.0,0.20967406820569062,1.8826710721615898,-0.22531454055102487,-0.023233228005554142,nan,nan,nan,nan,nan,nan,nan,nan,nan,nan,nan,nan,nan,nan,nan,nan,nan,nan,nan,nan,nan,nan,nan,nan,nan,nan,nan,nan,nan,nan,nan,nan,nan,nan,nan,nan,nan,nan,nan,nan,nan,nan,nan,nan,nan,nan,nan,nan,nan,nan,nan,nan,nan,nan,nan,nan,nan,nan,nan,nan,nan,nan,nan,0.09619661280317716
1791059662.68735,1.3022468937230023,0.7896851458206463,3.135465014433725,-0.12947812310616774,2.047542250228796,0.12599805464972397,0.0,0.0,0.0,2.1068554178779837,-0.43871939392990783,-0.04689154678474781,-0.006845201419943054,0.537223909398508,0.0,0.0,0.16832050469836726,0.7640920414188813,-0.016110965838766752,0.23841814954558097,0.5469984196410145,0.0,0.0,-0.9381213141243185,-0.0403497972695626,0.004839738225840934,0.10770187976678239,nan,nan,nan,nan,nan,nan,nan,0.8183247411541189,0.0,0.0,1.4826058770674952,0.017630851066601807,-0.004454447155456452,0.08090964849596148,0.4245859625060284,0.0,0.0,0.18684345093248622,1.8800774996654726,-0.25240472851824025,-0.019775627616467006,nan,nan,nan,nan,nan,nan,nan,nan,nan,nan,nan,nan,nan,nan,nan,nan,nan,nan,nan,nan,nan,nan,nan,nan,nan,nan,nan,nan,nan,nan,nan,nan,nan,nan,nan,nan,nan,nan,nan,nan,nan,nan,nan,nan,nan,nan,nan,nan,nan,nan,nan,nan,nan,nan,nan,nan,nan,nan,nan,nan,nan,nan,nan,0.10229778575844463
1791059662.7872653,1.2920317777837662,0.790010691031338,3.1347367021972317,-0.13789204836013585,2.0464277489466016,0.12168208215228954,0.0,0.0,0.0,2.1041332730202438,-0.4383719457477707,0.07152499487046009,0.027437303350316248,0.5726581990988717,0.0,0.0,0.1666448063669738,0.7869606401615401,-0.014968595705651837,0.20528748401913333,0.6805734816812244,0.0,0.0,-0.9380232274191453,-0.0307569175244835,0.00045111401943492716,0.10419828197580983,nan,nan,nan,nan,nan,nan,nan,0.7948274915351713,0.0,0.0,1.4824228823739996,0.02596580559795519,-0.005283196267613442,0.07865555309071079,0.3348470239887112,0.0,0.0,0.16408132299376108,1.8776913573425278,-0.23141576103003458,-0.02261647141375167,nan,nan,nan,nan,nan,nan,nan,nan,nan,nan,nan,nan,nan,nan,nan,nan,nan,nan,nan,nan,nan,nan,nan,nan,nan,nan,nan,nan,nan,nan,nan,nan,nan,nan,nan,nan,nan,nan,nan,nan,nan,nan,nan,nan,nan,nan,nan,nan,nan,nan,nan,nan,nan,nan,nan,nan,nan,nan,nan,nan,nan,nan,nan,0.10859916847099088
1791059662.8876464,1.2818913377664396,0.7903807655187798,3.1332753006873304,-0.1878084852273333,2.047148095458204,0.09789708886638407,0.0,0.0,0.0,2.097859652558138,-0.4390822960564579,-0.0537150518285988,-0.0049414157975596305,0.5701129523270707,0.0,0.0,0.16499932188296634,0.8099150107394077,-0.014037099172842672,0.21331727906069897,0.9340374306655131,0.0,0.0,-0.9379403394697944,-0.021634320018095378,-0.0017812817676668932,0.08696983884133155,nan,nan,nan,nan,nan,nan,nan,0.8215260517243499,0.0,0.0,1.4820739806778858,0.033459422290681884,-0.023710469447326785,0.09449549909938305,0.24314846657481493,0.0,0.0,0.1414271386407442,1.8752587088720354,-0.21979714550719123,-0.027925339663713064,nan,nan,nan,nan,nan,nan,nan,nan,nan,nan,nan,nan,nan,nan,nan,nan,nan,nan,nan,nan,nan,nan,nan,nan,nan,nan,nan,nan,nan,nan,nan,nan,nan,nan,nan,nan,nan,nan,nan,nan,nan,nan,nan,nan,nan,nan,nan,nan,nan,nan,nan,nan,nan,nan,nan,nan,nan,nan,nan,nan,nan,nan,nan,0.1052090113961379
1791059662.9876215,1.2706928101749075,0.7899272674926178,3.130786384900647,-0.2401968404947465,2.0514918031611415,0.07654500956668686,0.0,0.0,0.0,2.0927706842341336,-0.4391115351447418,-0.04785683885424123,0.002595662420777753,0.5961086547200618,0.0,0.0,0.16329840484906316,0.8328416186343238,-0.017351644713994106,0.21987440011288467,0.9911210323196227,0.0,0.0,-0.937816209312575,-0.011882858391688438,0.0018072534807980702,0.08509481266001531,nan,nan,nan,nan,nan,nan,nan,0.7677641231787643,0.0,0.0,1.4820588808752981,0.04123514941242926,-0.004838582855295238,0.06427844826787853,0.21308044570806678,0.0,0.0,0.11861210693046369,1.8729419927517597,-0.21118515276492023,-0.02645846630679183,nan,nan,nan,nan,nan,nan,nan,nan,nan,nan,nan,nan,nan,nan,nan,nan,nan,nan,nan,nan,nan,nan,nan,nan,nan,nan,nan,nan,nan,nan,nan,nan,nan,nan,nan,nan,nan,nan,nan,nan,nan,nan,nan,nan,nan,nan,nan,nan,nan,nan,nan,nan,nan,nan,nan,nan,nan,nan,nan,nan,nan,nan,nan,0.13423836267233957
1791059663.0856497,1.2584590473974215,0.7902983148964117,3.13100232137585,-0.23496042293066116,2.057320742305324,0.0785086052496886,0.0,0.0,0.0,2.087213289602186,-0.43834354201588455,-0.058644238258731454,0.0007358642910240383,0.5520153503551661,0.0,0.0,0.1615327132568772,0.8557528738345983,-0.024474478820409065,0.2398163262066614,0.7061229559979675,0.0,0.0,-0.9378489700366891,-0.0016925691951873603,0.007555483755636864,0.11463671901548088,nan,nan,nan,nan,nan,nan,nan,0.7867003758729795,0.0,0.0,1.4818019436247183,0.048123691411622156,-0.0048911963626470725,0.07656877187768586,0.30689951118051556,0.0,0.0,0.09550279515336353,1.8705006322484141,-0.2192055009035005,-0.024512843279024105,nan,nan,nan,nan,nan,nan,nan,nan,nan,nan,nan,nan,nan,nan,nan,nan,nan,nan,nan,nan,nan,nan,nan,nan,nan,nan,nan,nan,nan,nan,nan,nan,nan,nan,nan,nan,nan,nan,nan,nan,nan,nan,nan,nan,nan,nan,nan,nan,nan,nan,nan,nan,nan,nan,nan,nan,nan,nan,nan,nan,nan,nan,nan,0.11930920678555956
1791059663.1871786,1.2467254713172307,0.790656155487686,3.1319302363916144,-0.22301532386042708,2.06183048528591,0.08312960517089514,0.0,0.0,0.0,2.0812254511842965,-0.4383512936376882,-0.050298438990749976,-0.0009041544185036728,0.5557107747074709,0.0,0.0,0.1597536091892959,0.8782904150592721,-0.016568615500806322,0.2362239651931951,0.5635231913031026,0.0,0.0,-0.9382208757487337,0.008165169964328827,-0.013088469283772781,0.10391116616731734,nan,nan,nan,nan,nan,nan,nan,0.7787858336937877,0.0,0.0,1.4814198362506397,0.05524156755429213,-0.0020672055295721616,0.06148150963699818,0.37175727938929987,0.0,0.0,0.07236925370334821,1.8680289891692663,-0.23185689621316619,-0.02202223788701807,nan,nan,nan,nan,nan,nan,nan,nan,nan,nan,nan,nan,nan,nan,nan,nan,nan,nan,nan,nan,nan,nan,nan,nan,nan,nan,nan,nan,nan,nan,nan,nan,nan,nan,nan,nan,nan,nan,nan,nan,nan,nan,nan,nan,nan,nan,nan,nan,nan,nan,nan,nan,nan,nan,nan,nan,nan,nan,nan,nan,nan,nan,nan,0.11473625764568376
1791059663.287579,1.2357916505630686,0.7908033543506295,3.13111903764111,-0.2042406910914559,2.0646125335450995,0.0907919204851804,0.0,0.0,0.0,2.0750204233314276,-0.4382755911133137,-0.0643564010169266,0.002048234349994311,0.5555775865820328,0.0,0.0,0.15794970340806336,0.9007236745092795,-0.01153790267180966,0.21219306631910462,0.4961518609682499,0.0,0.0,-0.9382260510141,0.018465997987963622,-0.00851430545322258,0.10287097817178197,nan,nan,nan,nan,nan,nan,nan,0.777456550250514,0.0,0.0,1.481420085109709,0.0617138619266852,0.0019954990409417595,0.056113505288321236,0.3856053092021781,0.0,0.0,0.04950844761458758,1.865768483346847,-0.2329109963208589,-0.019113990095165557,nan,nan,nan,nan,nan,nan,nan,nan,nan,nan,nan,nan,nan,nan,nan,nan,nan,nan,nan,nan,nan,nan,nan,nan,nan,nan,nan,nan,nan,nan,nan,nan,nan,nan,nan,nan,nan,nan,nan,nan,nan,nan,nan,nan,nan,nan,nan,nan,nan,nan,nan,nan,nan,nan,nan,nan,nan,nan,nan,nan,nan,nan,nan,0.09826182994468312
1791059663.3876312,1.2254623850011,0.7909838642025745,3.1290190519489176,-0.18229933598497147,2.0655538182447346,0.10036165521531762,0.0,0.0,0.0,2.0678649004640017,-0.438753056887283,-0.07041351493709792,-0.002237807147263114,0.5427665936896875,0.0,0.0,0.15591690127124522,0.9233164681513785,-0.018070936606841104,0.213000468889338,0.6056599880991416,0.0,0.0,-0.9379506667003796,0.029448676347952788,0.007866564014048451,0.10750803088832966,nan,nan,nan,nan,nan,nan,nan,0.7725024586947142,0.0,0.0,1.4811902012414695,0.06761014422875376,-0.0030302764440624692,0.050837409396907576,0.3234510849977016,0.0,0.0,0.026813974713894774,1.8635589389951797,-0.2306126440118467,-0.02219461443835003,nan,nan,nan,nan,nan,nan,nan,nan,nan,nan,nan,nan,nan,nan,nan,nan,nan,nan,nan,nan,nan,nan,nan,nan,nan,nan,nan,nan,nan,nan,nan,nan,nan,nan,nan,nan,nan,nan,nan,nan,nan,nan,nan,nan,nan,nan,nan,nan,nan,nan,nan,nan,nan,nan,nan,nan,nan,nan,nan,nan,nan,nan,nan,0.08857321340925318
1791059663.4872758,1.2160134058356862,0.7911484610826608,3.1297063994483634,-0.17535383337518046,2.0653948403275098,0.10352705397323986,0.0,0.0,0.0,2.0597472895558306,-0.43836181240378863,-0.08698694914780106,-0.0010972240939950725,0.5415545600252387,0.0,0.0,0.15377408970736442,0.9461551047974784,-0.022589941103439266,0.21870208799282465,0.477935768265083,0.0,0.0,-0.9380491792798974,0.04059636583173188,0.0006124307394587034,0.10653991029078559,nan,nan,nan,nan,nan,nan,nan,0.7834419312687224,0.0,0.0,1.4810783390452735,0.07319436678942728,-0.002232497998520906,0.05082242271057065,0.42309947762414923,0.0,0.0,0.004628174380395126,1.861472758997958,-0.2161666425023014,-0.023286505065596624,nan,nan,nan,nan,nan,nan,nan,nan,nan,nan,nan,nan,nan,nan,nan,nan,nan,nan,nan,nan,nan,nan,nan,nan,nan,nan,nan,nan,nan,nan,nan,nan,nan,nan,nan,nan,nan,nan,nan,nan,nan,nan,nan,nan,nan,nan,nan,nan,nan,nan,nan,nan,nan,nan,nan,nan,nan,nan,nan,nan,nan,nan,nan,0.1016645143444508
1791059663.5876176,1.207042017203175,0.7912830794560165,3.1305429656256365,-0.15315879123222087,2.0642914672075015,0.11406853091297027,0.0,0.0,0.0,2.0518957954801054,-0.43840272778706285,-0.07008315398997753,0.007072523576864528,0.5454109829360583,0.0,0.0,0.15174861444373025,0.9691882108357238,-0.027408758720041698,0.2346218244729746,0.7018844257511385,0.0,0.0,-0.9380610213521636,0.05180386300867793,0.004745807694483593,0.11435582525004964,nan,nan,nan,nan,nan,nan,nan,0.7744221353868916,0.0,0.0,1.480900709132283,0.07837564190108037,-0.0026922375771487195,0.04808686414923648,0.27705534224856715,0.0,0.0,-0.017593134732528708,1.8592938805376789,-0.21437323458193186,-0.020866821041482644,nan,nan,nan,nan,nan,nan,nan,nan,nan,nan,nan,nan,nan,nan,nan,nan,nan,nan,nan,nan,nan,nan,nan,nan,nan,nan,nan,nan,nan,nan,nan,nan,nan,nan,nan,nan,nan,nan,nan,nan,nan,nan,nan,nan,nan,nan,nan,nan,nan,nan,nan,nan,nan,nan,nan,nan,nan,nan,nan,nan,nan,nan,nan,0.1113866149835472
1791059663.6876106,1.197110757238872,0.7914604589879718,3.1304717686130092,-0.13375292334215036,2.062078442022288,0.12379490014591546,0.0,0.0,0.0,2.042811897492765,-0.43864669996646766,-0.08665041811577655,0.0011350135586264604,0.5357350928734894,0.0,0.0,0.14976393920321962,0.9920758307526235,-0.027188659111689297,0.23088770793499072,0.44366842305911974,0.0,0.0,-0.9380907825168001,0.06360914770287295,0.008176237523106398,0.12296868180584038,nan,nan,nan,nan,nan,nan,nan,0.7750653407970115,0.0,0.0,1.4808194808241464,0.08284506462018384,-0.001009596734767354,0.04561487039523347,0.364674142347421,0.0,0.0,-0.040168396065833986,1.8571733176833995,-0.2164655640886311,-0.02125458575293871,nan,nan,nan,nan,nan,nan,nan,nan,nan,nan,nan,nan,nan,nan,nan,nan,nan,nan,nan,nan,nan,nan,nan,nan,nan,nan,nan,nan,nan,nan,nan,nan,nan,nan,nan,nan,nan,nan,nan,nan,nan,nan,nan,nan,nan,nan,nan,nan,nan,nan,nan,nan,nan,nan,nan,nan,nan,nan,nan,nan,nan,nan,nan,0.09294922004929018
1791059663.7874334,1.1871091173853376,0.7916452570746256,3.130670593266135,-0.12462400062787352,2.0593413439799892,0.12852522787483597,0.0,0.0,0.0,2.0352704297242683,-0.4384916584131606,-0.0972735317460189,-0.0037278044373956582,0.5391324900054532,0.0,0.0,0.1478174614075468,1.0150196565430545,-0.015885654765793514,0.23603377846149742,0.34827241575997636,0.0,0.0,-0.9380888293080737,0.07537736725140227,-0.002745654051508475,0.1173361961369768,nan,nan,nan,nan,nan,nan,nan,0.7790609953225018,0.0,0.0,1.480765227660336,0.08774966366721738,-0.002338937099293223,0.04561381766424963,0.46302997087947545,0.0,0.0,-0.06282860380981123,1.8549891351159875,-0.2264494109275496,-0.016925791287751672,nan,nan,nan,nan,nan,nan,nan,nan,nan,nan,nan,nan,nan,nan,nan,nan,nan,nan,nan,nan,nan,nan,nan,nan,nan,nan,nan,nan,nan,nan,nan,nan,nan,nan,nan,nan,nan,nan,nan,nan,nan,nan,nan,nan,nan,nan,nan,nan,nan,nan,nan,nan,nan,nan,nan,nan,nan,nan,nan,nan,nan,nan,nan,0.09393873185379284
1791059663.887216,1.177142474807483,0.7920272157880757,3.131827891797984,-0.10966265316084851,2.056298440867343,0.1364777758950776,0.0,0.0,0.0,2.026316130071773,-0.43856073243452004,-0.09143303835765923,0.004631954705513707,0.5514034543060288,0.0,0.0,0.14577169050230815,1.03801758377478,-0.010202705365989767,0.22814139005996686,0.5549120433751779,0.0,0.0,-0.9381640258375236,0.08744687643389662,0.0017515066820278874,0.11666417858301925,nan,nan,nan,nan,nan,nan,nan,0.7755020085909958,0.0,0.0,1.4806148345271717,0.09210850133719539,0.0007906041840131455,0.03905282188912179,0.3449916571469918,0.0,0.0,-0.08555216561406256,1.8524575251847555,-0.23999438270820572,-0.02801332421695996,nan,nan,nan,nan,nan,nan,nan,nan,nan,nan,nan,nan,nan,nan,nan,nan,nan,nan,nan,nan,nan,nan,nan,nan,nan,nan,nan,nan,nan,nan,nan,nan,nan,nan,nan,nan,nan,nan,nan,nan,nan,nan,nan,nan,nan,nan,nan,nan,nan,nan,nan,nan,nan,nan,nan,nan,nan,nan,nan,nan,nan,nan,nan,0.11055497509073682
1791059663.9875288,1.1664575305311693,0.7925271356151314,3.1331120920479028,-0.09168257368100927,2.0528642896503886,0.1463369063916979,0.0,0.0,0.0,2.016260386677059,-0.4394129555154803,-0.08367946646051876,-0.011438176078841717,0.5548892017798205,0.0,0.0,0.14352760886889712,1.0606457491289545,-0.022222313659898,0.215362550729109,0.585984029254367,0.0,0.0,-0.9381532763517575,0.09942308829485143,-0.009205982074682824,0.12214374772150283,nan,nan,nan,nan,nan,nan,nan,0.7813832766355473,0.0,0.0,1.480642713971636,0.09625034937668021,0.0007983655311404139,0.043398096834238314,0.2591622552544063,0.0,0.0,-0.10801665278021567,1.8500065869994051,-0.22638437878274922,-0.026034009452162436,nan,nan,nan,nan,nan,nan,nan,nan,nan,nan,nan,nan,nan,nan,nan,nan,nan,nan,nan,nan,nan,nan,nan,nan,nan,nan,nan,nan,nan,nan,nan,nan,nan,nan,nan,nan,nan,nan,nan,nan,nan,nan,nan,nan,nan,nan,nan,nan,nan,nan,nan,nan,nan,nan,nan,nan,nan,nan,nan,nan,nan,nan,nan,0.11923464422606761
1791059664.0874999,1.155413494307199,0.7922706123647446,3.137394967548038,-0.08014432309569147,2.0492342149730653,0.15281906692243064,0.0,0.0,0.0,2.006724479911589,-0.43878764671545134,-0.1155545206732215,-0.012215062479004486,0.5460000640287443,0.0,0.0,0.1413081026669352,1.0828629138985768,-0.032111754459238306,0.22307200621101395,0.6005888652215237,0.0,0.0,-0.9381162535962211,0.1107935970344879,-0.001473234660049064,0.12143148458221173,nan,nan,nan,nan,nan,nan,nan,0.7777881765703399,0.0,0.0,1.4806401585751348,0.10051087578338266,-0.0027528436143120045,0.04329879927219439,0.27199292358662197,0.0,0.0,-0.13058486534003758,1.847397212446278,-0.21730917653863435,-0.02619286000875885,nan,nan,nan,nan,nan,nan,nan,nan,nan,nan,nan,nan,nan,nan,nan,nan,nan,nan,nan,nan,nan,nan,nan,nan,nan,nan,nan,nan,nan,nan,nan,nan,nan,nan,nan,nan,nan,nan,nan,nan,nan,nan,nan,nan,nan,nan,nan,nan,nan,nan,nan,nan,nan,nan,nan,nan,nan,nan,nan,nan,nan,nan,nan,0.11837338406990275
1791059664.187195,1.143769841969695,0.7927647557111143,3.1372624741733595,-0.06993406412561454,2.0456180647099287,0.15864456850543418,0.0,0.0,0.0,1.9961964969716528,-0.4385413747886151,-0.12448943278529781,0.006287290445632435,0.5467566176283594,0.0,0.0,0.13942402178568014,1.105260261931639,-0.02987690388852386,0.2359508740612615,0.5200270548344249,0.0,0.0,-0.9380706867831659,0.12227187986923255,-0.007576797076869519,0.13070918713493598,nan,nan,nan,nan,nan,nan,nan,0.7839934877976501,0.0,0.0,1.4804359019825961,0.10438203833018941,-0.001649147351600421,0.037368760315269665,0.2668070827393839,0.0,0.0,-0.1528339825132682,1.8451125813420437,-0.21261039533866524,-0.021197609259090405,nan,nan,nan,nan,nan,nan,nan,nan,nan,nan,nan,nan,nan,nan,nan,nan,nan,nan,nan,nan,nan,nan,nan,nan,nan,nan,nan,nan,nan,nan,nan,nan,nan,nan,nan,nan,nan,nan,nan,nan,nan,nan,nan,nan,nan,nan,nan,nan,nan,nan,nan,nan,nan,nan,nan,nan,nan,nan,nan,nan,nan,nan,nan,0.1205095021869893
1791059664.287455,1.1312075716022647,0.7932507204510947,3.1341574821522995,-0.07855204155927388,2.042331307954346,0.15372227954002946,0.0,0.0,0.0,1.9837098042897483,-0.43840363940584676,-0.13510777170414295,0.01410154018277552,0.5555543098695711,0.0,0.0,0.1373896585490484,1.127842063012099,-0.016646827206547993,0.22465930700737602,0.7072119141693097,0.0,0.0,-0.9380374108291578,0.1333959546561477,-0.005365652948437516,0.1087765174094447,nan,nan,nan,nan,nan,nan,nan,0.7851757172842149,0.0,0.0,1.4804790400374184,0.10786204172551575,-0.001004049655554465,0.03325312028456233,0.24925818488772994,0.0,0.0,-0.17536019175385625,1.842331665994675,-0.2185914195237518,-0.02808373951729951,nan,nan,nan,nan,nan,nan,nan,nan,nan,nan,nan,nan,nan,nan,nan,nan,nan,nan,nan,nan,nan,nan,nan,nan,nan,nan,nan,nan,nan,nan,nan,nan,nan,nan,nan,nan,nan,nan,nan,nan,nan,nan,nan,nan,nan,nan,nan,nan,nan,nan,nan,nan,nan,nan,nan,nan,nan,nan,nan,nan,nan,nan,nan,0.1279771846705425
1791059664.3871136,1.1189145450500486,0.7933161215695921,3.138845627603852,-0.08419342211392629,2.0395690636314616,0.15053147722593757,0.0,0.0,0.0,1.9665586070658196,-0.4392802769132391,-0.17680458381458514,-0.023783351707746092,0.5555543098695711,0.0,0.0,0.13526903056756892,1.1505516206214412,-0.012644995893646257,0.22744990908765872,0.806207531309346,0.0,0.0,-0.9379071404664396,0.14375280173855623,-0.003474711594706919,0.10491715463830936,nan,nan,nan,nan,nan,nan,nan,0.7951202504227656,0.0,0.0,1.4805460422697723,0.11158230667563995,0.0010786758228921067,0.038863811733322595,0.22595152642683422,0.0,0.0,-0.1978643994908484,1.8397023292053276,-0.2408704484046468,-0.03371214064729518,nan,nan,nan,nan,nan,nan,nan,nan,nan,nan,nan,nan,nan,nan,nan,nan,nan,nan,nan,nan,nan,nan,nan,nan,nan,nan,nan,nan,nan,nan,nan,nan,nan,nan,nan,nan,nan,nan,nan,nan,nan,nan,nan,nan,nan,nan,nan,nan,nan,nan,nan,nan,nan,nan,nan,nan,nan,nan,nan,nan,nan,nan,nan,0.12033480604856972
1791059664.4874375,1.1056684425023355,0.7936184895379965,3.132781555335613,-0.12379853503646807,2.0379131797798578,0.1289576338890071,0.0,0.0,0.0,1.9518861962035496,-0.43868702884378424,-0.10290273092221333,0.009107046169593961,0.5555543098695711,0.0,0.0,0.13284917380003358,1.1734758579480422,-0.019624010923023277,0.2209775102593428,0.7898181559102477,0.0,0.0,-0.9377980597085305,0.15431649521881888,0.0011082910142068338,0.09570633516612345,nan,nan,nan,nan,nan,nan,nan,0.7951202504227656,0.0,0.0,1.4804466698523817,0.11518505207542609,-0.0005500058264996356,0.03197185754835477,0.2746609414163521,0.0,0.0,-0.22021604206797532,1.8370096146896306,-0.2223264615944397,-0.029716960780435377,nan,nan,nan,nan,nan,nan,nan,nan,nan,nan,nan,nan,nan,nan,nan,nan,nan,nan,nan,nan,nan,nan,nan,nan,nan,nan,nan,nan,nan,nan,nan,nan,nan,nan,nan,nan,nan,nan,nan,nan,nan,nan,nan,nan,nan,nan,nan,nan,nan,nan,nan,nan,nan,nan,nan,nan,nan,nan,nan,nan,nan,nan,nan,0.11799736021419452
1791059664.587212,1.0939086742429578,0.7936318191329302,3.1369086203201073,-0.1446606202452756,2.0377591515106914,0.1182712743144746,0.0,0.0,0.0,1.9354707605806256,-0.43839071669785784,-0.16120398987670187,0.05138526833748137,0.5555543098695711,0.0,0.0,0.1304534631461152,1.196364800811687,-0.027394510121436,0.22074823533100413,0.7186221877369265,0.0,0.0,-0.9377545355006273,0.16573025208050957,0.0031011985500626464,0.10359893414410015,nan,nan,nan,nan,nan,nan,nan,0.7951202504227656,0.0,0.0,1.4802996003694138,0.11855024941904439,0.00019059650991012673,0.03109957235320867,0.35112783832230704,0.0,0.0,-0.24273835060535964,1.8341616026148235,-0.24769381427601378,-0.02149644593051227,nan,nan,nan,nan,nan,nan,nan,nan,nan,nan,nan,nan,nan,nan,nan,nan,nan,nan,nan,nan,nan,nan,nan,nan,nan,nan,nan,nan,nan,nan,nan,nan,nan,nan,nan,nan,nan,nan,nan,nan,nan,nan,nan,nan,nan,nan,nan,nan,nan,nan,nan,nan,nan,nan,nan,nan,nan,nan,nan,nan,nan,nan,nan,0.11055119898144604
1791059664.6868432,1.0822715003279868,0.793995330348993,3.1378589732613276,-0.1521603132317137,2.038365854228703,0.11455765107395971,0.0,0.0,0.0,1.9207482060425534,-0.43822909937065885,-0.1472966938463941,0.005265139357823978,0.5555543098695711,0.0,0.0,0.12814576754070744,1.2193731166929829,-0.032124443846357355,0.21516452942258363,0.7603683048389798,0.0,0.0,-0.9377422824153219,0.17742264018097983,0.006015613948935872,0.10858650817819715,nan,nan,nan,nan,nan,nan,nan,0.7951202504227656,0.0,0.0,1.4803084994718065,0.12208537642707727,-0.0010924251336503431,0.03397784327873578,0.22893751136726492,0.0,0.0,-0.2645567163465671,1.8311344997578678,-0.21055220734172783,-0.023240925779439398,nan,nan,nan,nan,nan,nan,nan,nan,nan,nan,nan,nan,nan,nan,nan,nan,nan,nan,nan,nan,nan,nan,nan,nan,nan,nan,nan,nan,nan,nan,nan,nan,nan,nan,nan,nan,nan,nan,nan,nan,nan,nan,nan,nan,nan,nan,nan,nan,nan,nan,nan,nan,nan,nan,nan,nan,nan,nan,nan,nan,nan,nan,nan,0.10536670646142288
1791059664.7868545,1.0709991713767013,0.7938757770136416,3.1358162888668706,-0.15811403342424357,2.0393018935433536,0.111659806739811,0.0,0.0,0.0,1.9065174828391205,-0.4385294556994665,-0.15405540289016537,-0.023585737814841492,0.5555543098695711,0.0,0.0,0.12580358232778643,1.2421385340664672,-0.026564439207030912,0.22214637889844246,0.531376146261591,0.0,0.0,-0.9378251564098634,0.18958736712325952,0.0009851597987938635,0.12051213072522027,nan,nan,nan,nan,nan,nan,nan,0.7951202504227656,0.0,0.0,1.480317746997363,0.1259616821207247,0.0025386840395601245,0.03460980338904933,0.2623018855042847,0.0,0.0,-0.2873651456428899,1.8280627632224669,-0.22101177232647629,-0.03754053892813419,nan,nan,nan,nan,nan,nan,nan,nan,nan,nan,nan,nan,nan,nan,nan,nan,nan,nan,nan,nan,nan,nan,nan,nan,nan,nan,nan,nan,nan,nan,nan,nan,nan,nan,nan,nan,nan,nan,nan,nan,nan,nan,nan,nan,nan,nan,nan,nan,nan,nan,nan,nan,nan,nan,nan,nan,nan,nan,nan,nan,nan,nan,nan,0.10946732752088767
1791059664.8856027,1.0603922523134293,0.7941048144941156,3.13495459000077,-0.16532276999720372,2.0405459240062305,0.1082118914776241,0.0,0.0,0.0,1.8906625824565626,-0.438190518200316,-0.1453371411010802,-0.002672271429935404,0.5555543098695711,0.0,0.0,0.12324353527504678,1.2647021776239447,-0.018545135639644772,0.22559082228737773,0.3963591260438379,0.0,0.0,-0.9378833777446945,0.2015664681750963,0.004854296316071783,0.12355369095772087,nan,nan,nan,nan,nan,nan,nan,0.7951202504227656,0.0,0.0,1.4800194779243856,0.13010064182655032,1.1228546694500035e-05,0.04048702553947543,0.433175773622365,0.0,0.0,-0.31064618383318515,1.8248162689442993,-0.2358099528932674,-0.03954769348274181,nan,nan,nan,nan,nan,nan,nan,nan,nan,nan,nan,nan,nan,nan,nan,nan,nan,nan,nan,nan,nan,nan,nan,nan,nan,nan,nan,nan,nan,nan,nan,nan,nan,nan,nan,nan,nan,nan,nan,nan,nan,nan,nan,nan,nan,nan,nan,nan,nan,nan,nan,nan,nan,nan,nan,nan,nan,nan,nan,nan,nan,nan,nan,0.10999266382782084
1791059664.9868762,1.049375859710879,0.7947140416289314,3.130842477638068,-0.16729337059018812,2.0419536279041677,0.10728110367750661,0.0,0.0,0.0,1.8751595564382832,-0.4380684036481049,-0.14846591355895977,-0.006994827076980595,0.5555543098695711,0.0,0.0,0.12063764567145689,1.2871282014665522,-0.014857985870040136,0.22948637774570302,0.6895063066138906,0.0,0.0,-0.9380012200360965,0.21351745155563678,-0.009558037816616644,0.1221654925072436,nan,nan,nan,nan,nan,nan,nan,0.7951202504227656,0.0,0.0,1.480119719745166,0.13450068133825813,0.005526610362028952,0.04150907344542769,0.1904022037666931,0.0,0.0,-0.33367500630731983,1.8216435963426185,-0.24813363489001233,-0.041317223987578595,nan,nan,nan,nan,nan,nan,nan,nan,nan,nan,nan,nan,nan,nan,nan,nan,nan,nan,nan,nan,nan,nan,nan,nan,nan,nan,nan,nan,nan,nan,nan,nan,nan,nan,nan,nan,nan,nan,nan,nan,nan,nan,nan,nan,nan,nan,nan,nan,nan,nan,nan,nan,nan,nan,nan,nan,nan,nan,nan,nan,nan,nan,nan,0.12626753179226693
1791059665.086875,1.0386620808872218,0.7946299703536734,3.1348328079878267,-0.17320700003288045,2.0434846131179887,0.10451851078652577,0.0,0.0,0.0,1.8619122122847238,-0.43898611154879374,-0.13447985181905445,-0.00023720474669006045,0.5555543098695711,0.0,0.0,0.11792216404236151,1.3095675558485107,-0.027563467439318163,0.2204890804862994,0.6010090121740136,0.0,0.0,-0.9380952489513629,0.225326696051134,-0.007281352807691927,0.11388370679420282,nan,nan,nan,nan,nan,nan,nan,0.7951202504227656,0.0,0.0,1.4799923655864031,0.13985234602054575,-0.0042280603810706495,0.051967601831469555,0.30738616542060726,0.0,0.0,-0.35646709844884183,1.8184334946375578,-0.2186658685849277,-0.02485322776783956,nan,nan,nan,nan,nan,nan,nan,nan,nan,nan,nan,nan,nan,nan,nan,nan,nan,nan,nan,nan,nan,nan,nan,nan,nan,nan,nan,nan,nan,nan,nan,nan,nan,nan,nan,nan,nan,nan,nan,nan,nan,nan,nan,nan,nan,nan,nan,nan,nan,nan,nan,nan,nan,nan,nan,nan,nan,nan,nan,nan,nan,nan,nan,0.121145083613308
1791059665.1868255,1.0271473636810833,0.7951098592271886,3.136627383601025,-0.17595772446313712,2.0451505031688018,0.10324926885813852,0.0,0.0,0.0,1.8472350055515845,-0.4385407276292954,-0.15999913961897716,0.007262547880716792,0.5555543098695711,0.0,0.0,0.11518537937588673,1.3319590306656683,-0.03454730520323611,0.2216866645506136,0.6529540634509609,0.0,0.0,-0.9382204929557324,0.23670296863186358,-0.007308883001553447,0.1164629819810088,nan,nan,nan,nan,nan,nan,nan,0.7951202504227656,0.0,0.0,1.4797693455700451,0.14550461328702025,7.223213532893901e-05,0.05821340533402718,0.2752528323145355,0.0,0.0,-0.37954245484186167,1.8151498862554438,-0.22661961611684966,-0.024733546033758557,nan,nan,nan,nan,nan,nan,nan,nan,nan,nan,nan,nan,nan,nan,nan,nan,nan,nan,nan,nan,nan,nan,nan,nan,nan,nan,nan,nan,nan,nan,nan,nan,nan,nan,nan,nan,nan,nan,nan,nan,nan,nan,nan,nan,nan,nan,nan,nan,nan,nan,nan,nan,nan,nan,nan,nan,nan,nan,nan,nan,nan,nan,nan,0.12599778202618367
1791059665.285489,1.015740283425214,0.7953739566278035,3.13593439975557,-0.18101633974273415,2.0469222062896173,0.10094150202678627,0.0,0.0,0.0,1.8264708525799511,-0.4388419900996824,-0.2203575599302308,-0.002265240621745769,0.5555543098695711,0.0,0.0,0.11268612856417046,1.3544535290872366,-0.02904167444727268,0.21924904430579195,0.4321565561006427,0.0,0.0,-0.9382011613237129,0.24785038936674575,-0.011080516700471627,0.11605365777702416,nan,nan,nan,nan,nan,nan,nan,0.7951202504227656,0.0,0.0,1.4796225452345388,0.15232491430448053,-0.004575861331122783,0.07072212381518247,0.507223138017684,0.0,0.0,-0.4019996794813495,1.8120698086153508,-0.2119415974692143,-0.016234975289908565,nan,nan,nan,nan,nan,nan,nan,nan,nan,nan,nan,nan,nan,nan,nan,nan,nan,nan,nan,nan,nan,nan,nan,nan,nan,nan,nan,nan,nan,nan,nan,nan,nan,nan,nan,nan,nan,nan,nan,nan,nan,nan,nan,nan,nan,nan,nan,nan,nan,nan,nan,nan,nan,nan,nan,nan,nan,nan,nan,nan,nan,nan,nan,0.11583202037363807
1791059665.3862774,1.0040450044767217,0.7957810317971166,3.1367666856695164,-0.18455829001174562,2.0488187784871443,0.09934612360802715,0.0,0.0,0.0,1.8083571420096989,-0.4383704738742941,-0.1533066727786631,0.04142542849291304,0.5555543098695711,0.0,0.0,0.11027609043135334,1.3772758062367065,-0.02340150132758242,0.2335885869049492,0.7412642323639623,0.0,0.0,-0.9380434119566713,0.2581041436778991,-0.005951199391290578,0.10498252672444462,nan,nan,nan,nan,nan,nan,nan,0.7951202504227656,0.0,0.0,1.4794586697121233,0.15916405897767083,0.0027723927107010282,0.07902176063839249,0.2130995800124024,0.0,0.0,-0.4249352030258526,1.8088147104637158,-0.22261979045300134,-0.029659991843542156,nan,nan,nan,nan,nan,nan,nan,nan,nan,nan,nan,nan,nan,nan,nan,nan,nan,nan,nan,nan,nan,nan,nan,nan,nan,nan,nan,nan,nan,nan,nan,nan,nan,nan,nan,nan,nan,nan,nan,nan,nan,nan,nan,nan,nan,nan,nan,nan,nan,nan,nan,nan,nan,nan,nan,nan,nan,nan,nan,nan,nan,nan,nan,0.11412862787167308
1791059665.487136,0.9927444262413128,0.7962910575137189,3.1327123642296186,-0.2062558718158211,2.051474497509889,0.08994612233856941,0.0,0.0,0.0,1.7878121660132364,-0.43869025965134545,-0.2190364382804728,-0.011460485457086564,0.5555543098695711,0.0,0.0,0.10795163190444407,1.4001915128867963,-0.017340730524939934,0.22902489973445822,0.7596144456644232,0.0,0.0,-0.9376171153797466,0.2682355089222786,-0.00036315941645166596,0.0940964443199524,nan,nan,nan,nan,nan,nan,nan,0.7951202504227656,0.0,0.0,1.4791873254381027,0.16773412383141312,-0.014432045521388295,0.08661750985829078,0.22157166723261787,0.0,0.0,-0.4488911874392909,1.8055967302759155,-0.22345259851129914,-0.038243697297190335,nan,nan,nan,nan,nan,nan,nan,nan,nan,nan,nan,nan,nan,nan,nan,nan,nan,nan,nan,nan,nan,nan,nan,nan,nan,nan,nan,nan,nan,nan,nan,nan,nan,nan,nan,nan,nan,nan,nan,nan,nan,nan,nan,nan,nan,nan,nan,nan,nan,nan,nan,nan,nan,nan,nan,nan,nan,nan,nan,nan,nan,nan,nan,0.10667426522676451
1791059665.586882,0.9823770970054163,0.796099030692369,3.1365041421447244,-0.21285563331045432,2.054943008552925,0.08721540368502041,0.0,0.0,0.0,1.7691207568402536,-0.43840614507827336,-0.19419357304819454,0.0026718142963565975,0.5555543098695711,0.0,0.0,0.10573208053937963,1.4229654210061564,-0.017412680037076068,0.23649683623075302,0.6192483752955367,0.0,0.0,-0.9377237540036486,0.2786394258076276,0.005959106145251495,0.10182850609895402,nan,nan,nan,nan,nan,nan,nan,0.7951202504227656,0.0,0.0,1.479415931963547,0.1758035944210907,0.0007099966255763718,0.0938471643180984,0.3183655345896325,0.0,0.0,-0.4725542790701645,1.8030835239012608,-0.23854462986870076,-0.0328939274766851,nan,nan,nan,nan,nan,nan,nan,nan,nan,nan,nan,nan,nan,nan,nan,nan,nan,nan,nan,nan,nan,nan,nan,nan,nan,nan,nan,nan,nan,nan,nan,nan,nan,nan,nan,nan,nan,nan,nan,nan,nan,nan,nan,nan,nan,nan,nan,nan,nan,nan,nan,nan,nan,nan,nan,nan,nan,nan,nan,nan,nan,nan,nan,0.09570344306042085
1791059665.6868393,0.9720464314818977,0.7965307117381772,3.1380204106733895,-0.21210268211042638,2.0583059499784238,0.08752389963524204,0.0,0.0,0.0,1.7495708912405168,-0.43854632640343233,-0.17871923372463144,0.006347162258098213,0.5555543098695711,0.0,0.0,0.10340774842705927,1.4457452975994634,-0.023991590910174086,0.22150501625269164,0.5741366364785057,0.0,0.0,-0.9376261147533607,0.2894496532811752,0.01837994262017119,0.11130556881240106,nan,nan,nan,nan,nan,nan,nan,0.7951202504227656,0.0,0.0,1.4791629261470907,0.18473070323381074,0.002856534534880848,0.08692567769239416,0.3216535578972415,0.0,0.0,-0.49530925182008095,1.8001634972908334,-0.2360963199709625,-0.03682467474239333,nan,nan,nan,nan,nan,nan,nan,nan,nan,nan,nan,nan,nan,nan,nan,nan,nan,nan,nan,nan,nan,nan,nan,nan,nan,nan,nan,nan,nan,nan,nan,nan,nan,nan,nan,nan,nan,nan,nan,nan,nan,nan,nan,nan,nan,nan,nan,nan,nan,nan,nan,nan,nan,nan,nan,nan,nan,nan,nan,nan,nan,nan,nan,0.08969372788377551
1791059665.7869842,0.9630475932810976,0.7967424151420592,3.1376915983155045,-0.2098100717363764,2.061224210996578,0.08846805006100299,0.0,0.0,0.0,1.7310567727063373,-0.43841314321996344,-0.1968106216073525,-0.003300481391674462,0.5555543098695711,0.0,0.0,0.10134693106120252,1.468210232048161,-0.024354475726595805,0.2193436183719772,0.4129340028691338,0.0,0.0,-0.9379214480263454,0.30054423164158084,0.0013055253515966594,0.11873662263564913,nan,nan,nan,nan,nan,nan,nan,0.7951202504227656,0.0,0.0,1.4787633452521083,0.19392029648513517,0.0025043634495545957,0.0808347658592615,0.4041512764128594,0.0,0.0,-0.5155928070304501,1.7970795125851486,-0.22166944194701707,-0.021754368195165494,nan,nan,nan,nan,nan,nan,nan,nan,nan,nan,nan,nan,nan,nan,nan,nan,nan,nan,nan,nan,nan,nan,nan,nan,nan,nan,nan,nan,nan,nan,nan,nan,nan,nan,nan,nan,nan,nan,nan,nan,nan,nan,nan,nan,nan,nan,nan,nan,nan,nan,nan,nan,nan,nan,nan,nan,nan,nan,nan,nan,nan,nan,nan,0.0894080620260719
1791059665.8866763,0.9544343589940687,0.7968899719273945,3.1380450236454247,-0.20744893398374473,2.0636781068535544,0.08944802114090716,0.0,0.0,0.0,1.712503850903829,-0.43842587790323045,-0.18095160085708806,-0.017325564176175045,0.5555543098695711,0.0,0.0,0.09910986293948103,1.4906205326830808,-0.018462591453595856,0.20787245043608538,0.42726464941625325,0.0,0.0,-0.9379415117750896,0.3116575210666237,-0.004089105941888054,0.11428873598263511,nan,nan,nan,nan,nan,nan,nan,0.7951202504227656,0.0,0.0,1.4787379751428218,0.20318277467612306,-0.004571430550903092,0.10056980069215131,0.30529997295398337,0.0,0.0,-0.537601869693225,1.7940918121822407,-0.2036469854949731,-0.025172978121383464,nan,nan,nan,nan,nan,nan,nan,nan,nan,nan,nan,nan,nan,nan,nan,nan,nan,nan,nan,nan,nan,nan,nan,nan,nan,nan,nan,nan,nan,nan,nan,nan,nan,nan,nan,nan,nan,nan,nan,nan,nan,nan,nan,nan,nan,nan,nan,nan,nan,nan,nan,nan,nan,nan,nan,nan,nan,nan,nan,nan,nan,nan,nan,0.08847153663169574
1791059665.986903,0.9456008440561221,0.796957617326144,3.138452647128398,-0.20643845955806,2.0657677037668356,0.08986976486291826,0.0,0.0,0.0,1.6944154906722075,-0.4381040320108038,-0.17859626830273395,0.0038796377918689654,0.5555543098695711,0.0,0.0,0.09674305796739889,1.5132064455940042,-0.022608185910717678,0.22440414567142708,0.3484857444018104,0.0,0.0,-0.9379001904749975,0.3225230593457879,-0.006087295253430366,0.11228589814696208,nan,nan,nan,nan,nan,nan,nan,0.7951202504227656,0.0,0.0,1.4786089409839338,0.2127105950620345,0.0008665694027780813,0.10380253798658282,0.30310316211148836,0.0,0.0,-0.5567732921220905,1.7912363602856336,-0.1832449474724378,-0.027293585211642067,nan,nan,nan,nan,nan,nan,nan,nan,nan,nan,nan,nan,nan,nan,nan,nan,nan,nan,nan,nan,nan,nan,nan,nan,nan,nan,nan,nan,nan,nan,nan,nan,nan,nan,nan,nan,nan,nan,nan,nan,nan,nan,nan,nan,nan,nan,nan,nan,nan,nan,nan,nan,nan,nan,nan,nan,nan,nan,nan,nan,nan,nan,nan,0.08133322936376425
1791059666.0869434,0.9370144090426334,0.7973490788506411,3.138748655842636,-0.20936618510573524,2.0677394282929704,0.08865169321710464,0.0,0.0,0.0,1.6765382425539124,-0.4385114164684429,-0.1707327552826566,-0.033956430924002044,0.5555543098695711,0.0,0.0,0.09420823652484189,1.5356577273097465,-0.026588062764414534,0.24056127036649913,0.4447475684014664,0.0,0.0,-0.9375835900308249,0.33293956618980547,0.0012967826983378192,0.10116884731355599,nan,nan,nan,nan,nan,nan,nan,0.7951202504227656,0.0,0.0,1.47816407566998,0.2227652097542964,0.004150128537019479,0.08832946522332973,0.40738155608010707,0.0,0.0,-0.5759653764744761,1.7888171481057433,-0.21672094450030188,-0.023151485991981014,nan,nan,nan,nan,nan,nan,nan,nan,nan,nan,nan,nan,nan,nan,nan,nan,nan,nan,nan,nan,nan,nan,nan,nan,nan,nan,nan,nan,nan,nan,nan,nan,nan,nan,nan,nan,nan,nan,nan,nan,nan,nan,nan,nan,nan,nan,nan,nan,nan,nan,nan,nan,nan,nan,nan,nan,nan,nan,nan,nan,nan,nan,nan,0.08084981536024918
1791059666.1868768,0.928806527103561,0.7977690796554443,3.135064524487719,-0.21252996009517544,2.0697665194733212,0.08734874080234374,0.0,0.0,0.0,1.6594731224509096,-0.438548703402874,-0.15156650549607797,-0.023325825423851584,0.5555543098695711,0.0,0.0,0.09177694554222832,1.557841718585798,-0.026109841846684415,0.23564561620035684,0.5857553548599819,0.0,0.0,-0.9377137362238145,0.3431155291795685,-0.0040936987679704604,0.09795468890018727,nan,nan,nan,nan,nan,nan,nan,0.7951202504227656,0.0,0.0,1.477749797238974,0.2327397956320834,-0.0048963084704604035,0.0905570482134316,0.4182807393042109,0.0,0.0,-0.6014220518959443,1.7863723199923984,-0.25455781818892476,-0.011942745898423446,nan,nan,nan,nan,nan,nan,nan,nan,nan,nan,nan,nan,nan,nan,nan,nan,nan,nan,nan,nan,nan,nan,nan,nan,nan,nan,nan,nan,nan,nan,nan,nan,nan,nan,nan,nan,nan,nan,nan,nan,nan,nan,nan,nan,nan,nan,nan,nan,nan,nan,nan,nan,nan,nan,nan,nan,nan,nan,nan,nan,nan,nan,nan,0.08960851453804825
1791059666.286826,0.9208716815213637,0.7975088659444002,3.1384992570716426,-0.2162140215296545,2.0718785590104165,0.08584897935526414,0.0,0.0,0.0,1.6431574902039785,-0.4380680771315768,-0.18373026534192682,0.0049629729437539955,0.5555543098695711,0.0,0.0,0.08817325853167948,1.5803746032472765,-0.027325431352495655,0.22263105201223443,0.4911126642556287,0.0,0.0,-0.9376928119037035,0.35371171969081355,0.003527590083533323,0.09788763532302713,nan,nan,nan,nan,nan,nan,nan,0.7951202504227656,0.0,0.0,1.4773747749209012,0.24302734599812384,-0.008094071244464911,0.10391839737484451,0.3051731028211417,0.0,0.0,-0.6197893514361777,1.7832025468071067,-0.21145739616770134,-0.03616405906925345,nan,nan,nan,nan,nan,nan,nan,nan,nan,nan,nan,nan,nan,nan,nan,nan,nan,nan,nan,nan,nan,nan,nan,nan,nan,nan,nan,nan,nan,nan,nan,nan,nan,nan,nan,nan,nan,nan,nan,nan,nan,nan,nan,nan,nan,nan,nan,nan,nan,nan,nan,nan,nan,nan,nan,nan,nan,nan,nan,nan,nan,nan,nan,0.0819184112426636
1791059666.3868546,0.9122509765951556,0.7978557937897082,3.1376701929509547,-0.21246272112446415,2.0737770937354303,0.0873762880673686,0.0,0.0,0.0,1.6257029404971233,-0.4380827353965906,-0.17350749886079309,-0.0025539167660441108,0.5555543098695711,0.0,0.0,0.08529823167658591,1.6031079847803225,-0.02775955043531359,0.21544261516508292,0.5037899168681943,0.0,0.0,-0.9375913034263316,0.3641751552481778,0.016885365227284573,0.11462047677280268,nan,nan,nan,nan,nan,nan,nan,0.7951202504227656,0.0,0.0,1.4771110603795283,0.25442304892030565,-0.007664118787149229,0.1358786892532963,0.49690915200214,0.0,0.0,-0.6464712618144295,1.780821298297744,-0.24603106883909834,-0.018434148382296903,nan,nan,nan,nan,nan,nan,nan,nan,nan,nan,nan,nan,nan,nan,nan,nan,nan,nan,nan,nan,nan,nan,nan,nan,nan,nan,nan,nan,nan,nan,nan,nan,nan,nan,nan,nan,nan,nan,nan,nan,nan,nan,nan,nan,nan,nan,nan,nan,nan,nan,nan,nan,nan,nan,nan,nan,nan,nan,nan,nan,nan,nan,nan,0.08910644781314739
1791059666.487149,0.9040288513121542,0.7979343511944421,3.1367523824599433,-0.21465204108077077,2.075439306524085,0.08648255775715602,0.0,0.0,0.0,1.6099903491578849,-0.43808188170758283,-0.15208168045785336,-0.01781069780408628,0.5555543098695711,0.0,0.0,0.08199203182526467,1.6258077777857005,-0.029755990195949204,0.21941737602553774,0.474350384283781,0.0,0.0,-0.93783708853225,0.37405626965987154,-0.008762289612366015,0.0972901679596641,nan,nan,nan,nan,nan,nan,nan,0.7951202504227656,0.0,0.0,1.4769334921245953,0.26709016268821534,-0.005058526159173214,0.1472388014197279,0.40849370235915566,0.0,0.0,-0.6672230900401686,1.778785684237946,-0.24613232713733962,-0.0203334030891412,nan,nan,nan,nan,nan,nan,nan,nan,nan,nan,nan,nan,nan,nan,nan,nan,nan,nan,nan,nan,nan,nan,nan,nan,nan,nan,nan,nan,nan,nan,nan,nan,nan,nan,nan,nan,nan,nan,nan,nan,nan,nan,nan,nan,nan,nan,nan,nan,nan,nan,nan,nan,nan,nan,nan,nan,nan,nan,nan,nan,nan,nan,nan,0.08631837344880645
1791059666.5868704,0.8952083537873433,0.7979623776571798,3.136322014781543,-0.21775883614749436,2.0771611978107365,0.08522568830664645,0.0,0.0,0.0,1.5933692950542369,-0.43776849672305007,-0.17677316417001165,0.007446904412407431,0.5555543098695711,0.0,0.0,0.07909050137311631,1.648527862725257,-0.03577926912968206,0.23446987246143045,0.4388981828072429,0.0,0.0,-0.9378348710549318,0.38388930264901405,-0.0031399395410078657,0.09593188119451516,nan,nan,nan,nan,nan,nan,nan,0.7951202504227656,0.0,0.0,1.4765133059421451,0.28090416288754677,-0.0071986810308735,0.14588363492147322,0.13968870861400948,0.0,0.0,-0.6886258743639012,1.7756363944231093,-0.1291823579405231,0.00905975833463464,nan,nan,nan,nan,nan,nan,nan,nan,nan,nan,nan,nan,nan,nan,nan,nan,nan,nan,nan,nan,nan,nan,nan,nan,nan,nan,nan,nan,nan,nan,nan,nan,nan,nan,nan,nan,nan,nan,nan,nan,nan,nan,nan,nan,nan,nan,nan,nan,nan,nan,nan,nan,nan,nan,nan,nan,nan,nan,nan,nan,nan,nan,nan,0.08310728512099823
1791059666.6866727,0.8863030576779268,0.7989082619981761,3.1333322635288208,-0.2250607979467467,2.079159094385688,0.08232429595135526,0.0,0.0,0.0,1.576390554096525,-0.4375253629548281,-0.17406526917601878,0.002100461261200745,0.5555543098695711,0.0,0.0,0.0762728191724853,1.671025810656276,-0.03154941844875289,0.23938692084230692,0.5229389189565278,0.0,0.0,-0.9377785754270508,0.3933699144610054,-0.006850151722998838,0.08983867742367369,nan,nan,nan,nan,nan,nan,nan,0.7951202504227656,0.0,0.0,1.4762682961318814,0.2946049567137929,-0.005484481809548412,0.1405392185339753,0.40262837188886086,0.0,0.0,-0.7109528053144631,1.7724079636969812,-0.23602398690572804,-0.02501051298343574,nan,nan,nan,nan,nan,nan,nan,nan,nan,nan,nan,nan,nan,nan,nan,nan,nan,nan,nan,nan,nan,nan,nan,nan,nan,nan,nan,nan,nan,nan,nan,nan,nan,nan,nan,nan,nan,nan,nan,nan,nan,nan,nan,nan,nan,nan,nan,nan,nan,nan,nan,nan,nan,nan,nan,nan,nan,nan,nan,nan,nan,nan,nan,0.08866812210522948
1791059666.7869172,0.8784200545646246,0.7984657094521816,3.135103264899272,-0.22571304405048875,2.081295263986999,0.08206872322351527,0.0,0.0,0.0,1.5593980593732408,-0.4371261987109685,-0.1547118711330106,0.009694393826641157,0.5555543098695711,0.0,0.0,0.07283968966826725,1.6935157758368657,-0.07828442831497984,0.24635713231222794,0.46048195784917567,0.0,0.0,-0.9377846554791028,0.40339651961989503,-0.009492317801490013,0.0967706432419084,nan,nan,nan,nan,nan,nan,nan,0.7951202504227656,0.0,0.0,1.4759824918479298,0.30861507748122996,-0.002459024409039409,0.1360898239521035,0.345748641321289,0.0,0.0,-0.7357382684227132,1.770667407333738,-0.22316267563687217,-0.027549319838573866,nan,nan,nan,nan,nan,nan,nan,nan,nan,nan,nan,nan,nan,nan,nan,nan,nan,nan,nan,nan,nan,nan,nan,nan,nan,nan,nan,nan,nan,nan,nan,nan,nan,nan,nan,nan,nan,nan,nan,nan,nan,nan,nan,nan,nan,nan,nan,nan,nan,nan,nan,nan,nan,nan,nan,nan,nan,nan,nan,nan,nan,nan,nan,0.08670305956877732
1791059666.8870106,0.8696595273027032,0.7984229721051154,3.134145410198794,-0.22180291377541184,2.083082711695393,0.08360967045877253,0.0,0.0,0.0,1.5408970663719108,-0.4370530444371561,-0.20721836423745404,-0.006669333148371332,0.5555543098695711,0.0,0.0,0.07131927454486053,1.715654452274551,-0.020951621520806797,0.22043773205805056,0.36923337428341824,0.0,0.0,-0.9377942877202595,0.41377594703973136,0.018247201221261188,0.11446538286415922,nan,nan,nan,nan,nan,nan,nan,0.7951202504227656,0.0,0.0,1.4759248493714536,0.3230562661014309,-0.0022314800190826713,0.1426797845806794,0.4770358454135428,0.0,0.0,-0.7601825784689347,1.7672467255966224,-0.22979157951356077,-0.032912717597348186,nan,nan,nan,nan,nan,nan,nan,nan,nan,nan,nan,nan,nan,nan,nan,nan,nan,nan,nan,nan,nan,nan,nan,nan,nan,nan,nan,nan,nan,nan,nan,nan,nan,nan,nan,nan,nan,nan,nan,nan,nan,nan,nan,nan,nan,nan,nan,nan,nan,nan,nan,nan,nan,nan,nan,nan,nan,nan,nan,nan,nan,nan,nan,0.07412113827406092
1791059666.9868677,0.8615834213503758,0.7988075083039167,3.1339333799235556,-0.2158695147216457,2.0842828177847412,0.08598842944067629,0.0,0.0,0.0,1.5223944867039352,-0.43697221371100115,-0.17746752975689456,0.005723304954830954,0.5555543098695711,0.0,0.0,0.06836608862218066,1.7385455379490296,-0.034967763284701775,0.2326602528002693,0.14714354318816264,0.0,0.0,-0.9381376827216636,0.42409003974986664,-0.021452756293620746,0.102462870675885,nan,nan,nan,nan,nan,nan,nan,0.7951202504227656,0.0,0.0,1.475640211578027,0.33772986937686983,0.0012897822480124974,0.14628070806805124,0.6253740938114168,0.0,0.0,-0.7829386311607056,1.764688340241282,-0.2361102355043255,-0.03156918120147523,nan,nan,nan,nan,nan,nan,nan,nan,nan,nan,nan,nan,nan,nan,nan,nan,nan,nan,nan,nan,nan,nan,nan,nan,nan,nan,nan,nan,nan,nan,nan,nan,nan,nan,nan,nan,nan,nan,nan,nan,nan,nan,nan,nan,nan,nan,nan,nan,nan,nan,nan,nan,nan,nan,nan,nan,nan,nan,nan,nan,nan,nan,nan,0.06818802351417345
1791059667.086849,0.8544589899134043,0.7988104735838433,3.133176054496497,-0.214115470861379,2.0850570222075384,0.08670098392001924,0.0,0.0,0.0,1.5042216479790145,-0.43644762806381265,-0.16847316138934842,0.018051048376401306,0.5555543098695711,0.0,0.0,0.0656511139685311,1.7611979429986238,-0.03562906743413579,0.2264852190292703,0.3709181772023236,0.0,0.0,-0.9379006987711477,0.4344056402218677,0.004572798344936783,0.10194173732940688,nan,nan,nan,nan,nan,nan,nan,0.7951202504227656,0.0,0.0,1.475290766028109,0.3523192372672553,-0.00048247415606482696,0.14061231837179577,0.3726061640002014,0.0,0.0,-0.8045749696463979,1.7613544053937078,-0.22499420785953148,-0.02600391080765254,nan,nan,nan,nan,nan,nan,nan,nan,nan,nan,nan,nan,nan,nan,nan,nan,nan,nan,nan,nan,nan,nan,nan,nan,nan,nan,nan,nan,nan,nan,nan,nan,nan,nan,nan,nan,nan,nan,nan,nan,nan,nan,nan,nan,nan,nan,nan,nan,nan,nan,nan,nan,nan,nan,nan,nan,nan,nan,nan,nan,nan,nan,nan,0.06221399824540794
1791059667.1868458,0.8473225040200256,0.7991533236134849,3.134588426851674,-0.20980022131499815,2.0855078203254225,0.08847212238453064,0.0,0.0,0.0,1.4854814282099946,-0.4365755114836038,-0.18378100426829302,-0.006920326340743305,0.5555543098695711,0.0,0.0,0.06285187512990706,1.7840846648871866,-0.03597733690099746,0.23585532704155004,0.1910848881707678,0.0,0.0,-0.9376709358617393,0.44449979774469195,0.004828635357476891,0.09720249214568331,nan,nan,nan,nan,nan,nan,nan,0.7951202504227656,0.0,0.0,1.474848620251105,0.36692857016056235,-0.005813648686606837,0.149303723145547,0.7204183443684974,0.0,0.0,-0.8258941966089162,1.7593691976605315,-0.19876560399936946,-0.016711423016559257,nan,nan,nan,nan,nan,nan,nan,nan,nan,nan,nan,nan,nan,nan,nan,nan,nan,nan,nan,nan,nan,nan,nan,nan,nan,nan,nan,nan,nan,nan,nan,nan,nan,nan,nan,nan,nan,nan,nan,nan,nan,nan,nan,nan,nan,nan,nan,nan,nan,nan,nan,nan,nan,nan,nan,nan,nan,nan,nan,nan,nan,nan,nan,0.051612639017163627
1791059667.2854455,0.8412075745614378,0.7993586359539574,3.134761139760704,-0.20259374557975562,2.0854542297426875,0.0914873261873217,0.0,0.0,0.0,1.4670911065086814,-0.43609321011959284,-0.20022947407689867,-0.0017448308464544215,0.5555543098695711,0.0,0.0,0.06023198452099252,1.8068035437460912,-0.025536497965866302,0.2511890481054035,0.2659444765034487,0.0,0.0,-0.9378882789527266,0.45466762514206593,-0.013746255787076011,0.10118938139209596,nan,nan,nan,nan,nan,nan,nan,0.7951202504227656,0.0,0.0,1.4743617438257284,0.38161811858687017,-0.011961222511111674,0.162558310519263,0.34135367446468134,0.0,0.0,-0.8467019420166181,1.7567774925105208,-0.2222120269841105,-0.023684559234268474,nan,nan,nan,nan,nan,nan,nan,nan,nan,nan,nan,nan,nan,nan,nan,nan,nan,nan,nan,nan,nan,nan,nan,nan,nan,nan,nan,nan,nan,nan,nan,nan,nan,nan,nan,nan,nan,nan,nan,nan,nan,nan,nan,nan,nan,nan,nan,nan,nan,nan,nan,nan,nan,nan,nan,nan,nan,nan,nan,nan,nan,nan,nan,0.061715361014515704
1791059667.3864217,0.8348494991820814,0.7997217566366006,3.130215376325094,-0.20180288103564378,2.085102484907518,0.09182258940855564,0.0,0.0,0.0,1.4488713461410703,-0.4360731578942887,-0.17977377399537894,-0.0035838787656772226,0.5555543098695711,0.0,0.0,0.05745531502744427,1.8295294797009005,-0.023752828512119527,0.22691724605160907,0.41848048318014264,0.0,0.0,-0.9380331618701095,0.46496763354101395,0.005539241178277549,0.10023439699629873,nan,nan,nan,nan,nan,nan,nan,0.7951202504227656,0.0,0.0,1.4739465900905158,0.3963453887367933,-0.011479326992668404,0.1421942890745696,0.32693661937988594,0.0,0.0,-0.8680356981763044,1.7541546494190003,-0.21580182368358486,-0.031187846491887206,nan,nan,nan,nan,nan,nan,nan,nan,nan,nan,nan,nan,nan,nan,nan,nan,nan,nan,nan,nan,nan,nan,nan,nan,nan,nan,nan,nan,nan,nan,nan,nan,nan,nan,nan,nan,nan,nan,nan,nan,nan,nan,nan,nan,nan,nan,nan,nan,nan,nan,nan,nan,nan,nan,nan,nan,nan,nan,nan,nan,nan,nan,nan,0.06799249762269562
1791059667.4868844,0.8289576216804372,0.7991947934352114,3.132621740897587,-0.19880122436435507,2.0846365283697113,0.09310288806813778,0.0,0.0,0.0,1.4311875314544964,-0.43587995325860396,-0.16322338584327656,-0.003561484255633935,0.5555543098695711,0.0,0.0,0.05406311516821965,1.852019929244734,-0.017505833581979137,0.21543752413742087,0.34498645310314285,0.0,0.0,-0.9378942011981717,0.4751210039296193,0.0017712948187058484,0.10902159949930978,nan,nan,nan,nan,nan,nan,nan,0.7951202504227656,0.0,0.0,1.4735316514447203,0.4111158930823021,-0.0010159834728028843,0.15035931658630813,0.4550721150567019,0.0,0.0,-0.8896225610681517,1.7516458969764106,-0.21969767489776118,-0.022376868184222326,nan,nan,nan,nan,nan,nan,nan,nan,nan,nan,nan,nan,nan,nan,nan,nan,nan,nan,nan,nan,nan,nan,nan,nan,nan,nan,nan,nan,nan,nan,nan,nan,nan,nan,nan,nan,nan,nan,nan,nan,nan,nan,nan,nan,nan,nan,nan,nan,nan,nan,nan,nan,nan,nan,nan,nan,nan,nan,nan,nan,nan,nan,nan,0.07226030408115301
1791059667.5868378,0.8212599993570486,0.7999341093746389,3.130456329018429,-0.1923513797445694,2.0838549435821503,0.09589579577561487,0.0,0.0,0.0,1.4140937225763957,-0.4359522006279262,-0.16986340182327564,-0.026295535019964424,0.5555543098695711,0.0,0.0,0.05103416528361282,1.8744527020854236,-0.034616263170415315,0.21871773844865983,0.6424768314363541,0.0,0.0,-0.9378037189754811,0.485209246743545,-0.006446558029990382,0.09958236965793685,nan,nan,nan,nan,nan,nan,nan,0.7951202504227656,0.0,0.0,1.4731302030962985,0.4262214496561539,0.0015457271444574894,0.15176603002136058,0.14959320232607115,0.0,0.0,-0.9107144047558505,1.7485712366574757,-0.18854616650485614,-0.026281013185848995,nan,nan,nan,nan,nan,nan,nan,nan,nan,nan,nan,nan,nan,nan,nan,nan,nan,nan,nan,nan,nan,nan,nan,nan,nan,nan,nan,nan,nan,nan,nan,nan,nan,nan,nan,nan,nan,nan,nan,nan,nan,nan,nan,nan,nan,nan,nan,nan,nan,nan,nan,nan,nan,nan,nan,nan,nan,nan,nan,nan,nan,nan,nan,0.09789550308976461
1791059667.6869416,0.814003768048827,0.7999689057463097,3.1348126368606333,-0.19166868559352504,2.0828912118317673,0.0961947481865715,0.0,0.0,0.0,1.3964935322911725,-0.4351615732842215,-0.1802700962724741,0.03872593376451377,0.5555543098695711,0.0,0.0,0.047848379999130546,1.89689387043803,-0.04707574837530658,0.22545825384511775,0.5517974180890375,0.0,0.0,-0.9378671534657763,0.4949576325310002,-0.001327234781865424,0.09449694025096049,nan,nan,nan,nan,nan,nan,nan,0.7951202504227656,0.0,0.0,1.4724566220628332,0.44145873820797205,-0.006167000318694374,0.15395613922781085,0.26478776763920797,0.0,0.0,-0.9310820092935934,1.7461182558980877,-0.20947910884731535,-0.03200630473460043,nan,nan,nan,nan,nan,nan,nan,nan,nan,nan,nan,nan,nan,nan,nan,nan,nan,nan,nan,nan,nan,nan,nan,nan,nan,nan,nan,nan,nan,nan,nan,nan,nan,nan,nan,nan,nan,nan,nan,nan,nan,nan,nan,nan,nan,nan,nan,nan,nan,nan,nan,nan,nan,nan,nan,nan,nan,nan,nan,nan,nan,nan,nan,0.08854788795454102
1791059667.7858875,0.8046011875188102,0.8001257030379388,3.1344202188341375,-0.18457120658593051,2.0817310175537473,0.09934033668286767,0.0,0.0,0.0,1.380526433558766,-0.43504229428022306,-0.16207172310012452,0.025561546051913936,0.5555543098695711,0.0,0.0,0.04490048052053108,1.9190215967222415,-0.02994112797961752,0.21460224373361272,0.642640642734437,0.0,0.0,-0.9376234874686741,0.5050965080471627,0.008418453540437222,0.10092601420506803,nan,nan,nan,nan,nan,nan,nan,0.7951202504227656,0.0,0.0,1.4718227990811903,0.45707627122417727,-0.008143778360224289,0.15675590999005012,0.3086406615558563,0.0,0.0,-0.9519573886070127,1.7435992089874837,-0.2094278517741181,-0.013099637313117054,nan,nan,nan,nan,nan,nan,nan,nan,nan,nan,nan,nan,nan,nan,nan,nan,nan,nan,nan,nan,nan,nan,nan,nan,nan,nan,nan,nan,nan,nan,nan,nan,nan,nan,nan,nan,nan,nan,nan,nan,nan,nan,nan,nan,nan,nan,nan,nan,nan,nan,nan,nan,nan,nan,nan,nan,nan,nan,nan,nan,nan,nan,nan,0.08635641367968637
1791059667.8868873,0.795937496676355,0.8006610553715463,3.136941525314792,-0.18029566684171155,2.0802830763167948,0.10126818010310484,0.0,0.0,0.0,1.3669901563865534,-0.4353350589689383,-0.1389476009551254,0.010026993713036336,0.5555543098695711,0.0,0.0,0.04158939699286714,1.9415514759610952,-0.020419905725266217,0.2111740997496378,0.3709970099115151,0.0,0.0,-0.9377309040129748,0.5158126156698816,0.004457486750033148,0.11524094740557894,nan,nan,nan,nan,nan,nan,nan,0.7951202504227656,0.0,0.0,1.4711840883391845,0.47293216994005166,-0.006485444771248681,0.15716920282717234,0.45979952054772777,0.0,0.0,-0.973126753117476,1.7407423948879739,-0.20073684385928736,-0.023845693721577375,nan,nan,nan,nan,nan,nan,nan,nan,nan,nan,nan,nan,nan,nan,nan,nan,nan,nan,nan,nan,nan,nan,nan,nan,nan,nan,nan,nan,nan,nan,nan,nan,nan,nan,nan,nan,nan,nan,nan,nan,nan,nan,nan,nan,nan,nan,nan,nan,nan,nan,nan,nan,nan,nan,nan,nan,nan,nan,nan,nan,nan,nan,nan,0.08149653068500956
1791059667.9868963,0.7875232277748595,0.8011200617507902,3.1378465532225066,-0.17241655999680233,2.078554744624507,0.10488509588143638,0.0,0.0,0.0,1.3496743223985261,-0.43473281742462216,-0.19991684378749958,0.03401793362832326,0.5555543098695711,0.0,0.0,0.03800688782356596,1.9640501712516574,-0.03344909781963215,0.23455924994499022,0.5736307324495856,0.0,0.0,-0.9381245492818396,0.527072809194788,0.0008087831333915684,0.12064964793805834,nan,nan,nan,nan,nan,nan,nan,0.7951202504227656,0.0,0.0,1.4707698745574729,0.48878307497822665,-6.935042635129154e-05,0.15884434192156718,0.14383292771541092,0.0,0.0,-0.9947078269691968,1.7380593416009813,-0.21860671218307887,-0.034063218953945255,nan,nan,nan,nan,nan,nan,nan,nan,nan,nan,nan,nan,nan,nan,nan,nan,nan,nan,nan,nan,nan,nan,nan,nan,nan,nan,nan,nan,nan,nan,nan,nan,nan,nan,nan,nan,nan,nan,nan,nan,nan,nan,nan,nan,nan,nan,nan,nan,nan,nan,nan,nan,nan,nan,nan,nan,nan,nan,nan,nan,nan,nan,nan,0.09597508322369609
1791059668.0869663,0.7782701987818457,0.8010338353247282,3.13079596677108,-0.16695342821825532,2.0765539583935064,0.10744130857099186,0.0,0.0,0.0,1.332007604470849,-0.434838321720799,-0.16589663247049174,-0.0054579123798874285,0.5555543098695711,0.0,0.0,0.034357198340330734,1.9865084075521167,-0.04013205274541157,0.2378389189394341,0.4054505727880385,0.0,0.0,-0.9382312990500501,0.5382676178608075,-0.00444036129799694,0.11702215267961164,nan,nan,nan,nan,nan,nan,nan,0.7951202504227656,0.0,0.0,1.4702432220540314,0.5043476053593341,-0.006838148315048196,0.1540755492154621,0.32712902305937297,0.0,0.0,-1.0165273339545828,1.7354760668495977,-0.2309545190601539,-0.028094751066588246,nan,nan,nan,nan,nan,nan,nan,nan,nan,nan,nan,nan,nan,nan,nan,nan,nan,nan,nan,nan,nan,nan,nan,nan,nan,nan,nan,nan,nan,nan,nan,nan,nan,nan,nan,nan,nan,nan,nan,nan,nan,nan,nan,nan,nan,nan,nan,nan,nan,nan,nan,nan,nan,nan,nan,nan,nan,nan,nan,nan,nan,nan,nan,0.08694039295366299
1791059668.186924,0.7688235470289966,0.8012867351084675,3.137899877716692,-0.1627273916853378,2.0744366601492503,0.10944550856192603,0.0,0.0,0.0,1.314941643360831,-0.4345552759242828,-0.16170209526603596,0.008799073244777664,0.5555543098695711,0.0,0.0,0.030184494700267833,2.0090775946668304,-0.04439155657030316,0.21989493395387655,0.3929848769332283,0.0,0.0,-0.9382088832918879,0.5495503425541443,-0.0049209302368170855,0.11361889727750141,nan,nan,nan,nan,nan,nan,nan,0.7951202504227656,0.0,0.0,1.469592458128191,0.520010929034623,-0.01354023648777034,0.1576722000255124,0.46674987867420775,0.0,0.0,-1.038572572653036,1.7327956042722323,-0.21939517778572806,-0.01973318894870162,nan,nan,nan,nan,nan,nan,nan,nan,nan,nan,nan,nan,nan,nan,nan,nan,nan,nan,nan,nan,nan,nan,nan,nan,nan,nan,nan,nan,nan,nan,nan,nan,nan,nan,nan,nan,nan,nan,nan,nan,nan,nan,nan,nan,nan,nan,nan,nan,nan,nan,nan,nan,nan,nan,nan,nan,nan,nan,nan,nan,nan,nan,nan,0.08964568984690399
1791059668.2870145,0.7596405828608306,0.8018476777034478,3.132736335469728,-0.1630762731875155,2.0724041806096962,0.10927917157849248,0.0,0.0,0.0,1.297423154761981,-0.4345487988837518,-0.18432598582720697,0.013805280119468489,0.5555543098695711,0.0,0.0,0.02662047059387064,2.0318114602664448,-0.037984916548418984,0.2179292199906885,0.4931480393814375,0.0,0.0,-0.9381352598139138,0.560544411379896,-0.0007538117200076147,0.11256236112539607,nan,nan,nan,nan,nan,nan,nan,0.7951202504227656,0.0,0.0,1.4689166386444192,0.5360908601218405,-0.008349994484787652,0.1657663913972276,0.29794963425737403,0.0,0.0,-1.0606624804614764,1.7295519396237486,-0.2656072092256741,-0.06822168632155146,nan,nan,nan,nan,nan,nan,nan,nan,nan,nan,nan,nan,nan,nan,nan,nan,nan,nan,nan,nan,nan,nan,nan,nan,nan,nan,nan,nan,nan,nan,nan,nan,nan,nan,nan,nan,nan,nan,nan,nan,nan,nan,nan,nan,nan,nan,nan,nan,nan,nan,nan,nan,nan,nan,nan,nan,nan,nan,nan,nan,nan,nan,nan,0.13165940872946555
1791059668.3869376,0.7506528026702743,0.8019986296683785,3.133552681243217,-0.15708051482747548,2.0703865309157106,0.11215961726803772,0.0,0.0,0.0,1.2795488649200761,-0.43467687103418035,-0.17652232528220696,-0.011805815414817952,0.5555543098695711,0.0,0.0,0.0229075900245532,2.0541618524168053,-0.03433049597506708,0.21924281473905716,0.5542160441259278,0.0,0.0,-0.9382041060840315,0.5716935278636314,-0.0009538740913698477,0.10775548208170373,nan,nan,nan,nan,nan,nan,nan,0.7951202504227656,0.0,0.0,1.4683743094738855,0.5527057085295465,-0.0006615761482065343,0.1711247044602523,0.20611050159606248,0.0,0.0,-1.0825047715968914,1.7269050530923062,-0.22562142028786364,-0.0381263123580984,nan,nan,nan,nan,nan,nan,nan,nan,nan,nan,nan,nan,nan,nan,nan,nan,nan,nan,nan,nan,nan,nan,nan,nan,nan,nan,nan,nan,nan,nan,nan,nan,nan,nan,nan,nan,nan,nan,nan,nan,nan,nan,nan,nan,nan,nan,nan,nan,nan,nan,nan,nan,nan,nan,nan,nan,nan,nan,nan,nan,nan,nan,nan,0.09775676586521727
1791059668.4869075,0.7400353563579234,0.8020409683025175,3.1406603578200416,-0.1561173839494583,2.0683549442062854,0.11262661533076015,0.0,0.0,0.0,1.2626633952110988,-0.43469312205955857,-0.18048383326619744,-0.010390972377495783,0.5555543098695711,0.0,0.0,0.01930780665184746,2.0764655124536313,-0.031466708793648275,0.2311759825035855,0.34232386347702715,0.0,0.0,-0.9383693983364194,0.5832656385419218,-0.0026636699138497537,0.10724433155376903,nan,nan,nan,nan,nan,nan,nan,0.7951202504227656,0.0,0.0,1.46766817792744,0.5691920781697946,-0.014302044283754992,0.16387010954876186,0.4798311568858272,0.0,0.0,-1.1046410134828872,1.724238575639087,-0.22887242138523284,-0.030549561000595644,nan,nan,nan,nan,nan,nan,nan,nan,nan,nan,nan,nan,nan,nan,nan,nan,nan,nan,nan,nan,nan,nan,nan,nan,nan,nan,nan,nan,nan,nan,nan,nan,nan,nan,nan,nan,nan,nan,nan,nan,nan,nan,nan,nan,nan,nan,nan,nan,nan,nan,nan,nan,nan,nan,nan,nan,nan,nan,nan,nan,nan,nan,nan,0.07945037144945148
1791059668.586878,0.7306501761664438,0.8022280932998086,3.1413673243094453,-0.15080007683141639,2.0663276508852677,0.11522600041066217,0.0,0.0,0.0,1.2450348355880445,-0.4342884559719592,-0.18518934378757848,0.016389608696460316,0.5555543098695711,0.0,0.0,0.015704177672365868,2.0986498647866485,-0.039092994451023,0.2356077343295404,0.43396577303096184,0.0,0.0,-0.9383133965431154,0.5955268459489916,0.004202376412038958,0.11562384774193142,nan,nan,nan,nan,nan,nan,nan,0.7951202504227656,0.0,0.0,1.4670580240443354,0.5855898339424641,-0.010441389201427507,0.16436846386158632,0.48588410478966476,0.0,0.0,-1.1255790345779129,1.7221555922113823,-0.21476978633703347,-0.01732401546401837,nan,nan,nan,nan,nan,nan,nan,nan,nan,nan,nan,nan,nan,nan,nan,nan,nan,nan,nan,nan,nan,nan,nan,nan,nan,nan,nan,nan,nan,nan,nan,nan,nan,nan,nan,nan,nan,nan,nan,nan,nan,nan,nan,nan,nan,nan,nan,nan,nan,nan,nan,nan,nan,nan,nan,nan,nan,nan,nan,nan,nan,nan,nan,0.08899662428278457
1791059668.6868453,0.7218797486792861,0.803267784298158,3.1394728016286275,-0.14475063704444416,2.0641669736130948,0.11822628832285294,0.0,0.0,0.0,1.2270709958395878,-0.4350130705886982,-0.15737485988519434,-0.01736341975358532,0.5555543098695711,0.0,0.0,0.012276373024430777,2.121032376157225,-0.03827419090785787,0.2220102172206719,0.4893149863359976,0.0,0.0,-0.9384921088709762,0.6080255753312469,0.002044074055387887,0.11871193084662283,nan,nan,nan,nan,nan,nan,nan,0.7951202504227656,0.0,0.0,1.4665495416433674,0.6024526441412388,-0.0005821533626441314,0.16591709277748712,0.2282728316949289,0.0,0.0,-1.1470182571877618,1.719302826857699,-0.20252980567372852,-0.026440081257865566,nan,nan,nan,nan,nan,nan,nan,nan,nan,nan,nan,nan,nan,nan,nan,nan,nan,nan,nan,nan,nan,nan,nan,nan,nan,nan,nan,nan,nan,nan,nan,nan,nan,nan,nan,nan,nan,nan,nan,nan,nan,nan,nan,nan,nan,nan,nan,nan,nan,nan,nan,nan,nan,nan,nan,nan,nan,nan,nan,nan,nan,nan,nan,0.09298633979182151
1791059668.7869005,0.713380026187804,0.8028210165169318,-3.140660236737091,-0.13880658591659684,2.061881695626192,0.12121800181071399,0.0,0.0,0.0,1.2083942227247877,-0.43476934794153554,-0.18378157022214747,0.007928390011514151,0.5555543098695711,0.0,0.0,0.008838517082978814,2.1437806611664065,-0.035438562761792955,0.21290474292256567,0.5427096922923685,0.0,0.0,-0.9384223272359771,0.6207302777317663,0.019044931956978896,0.12628809856148693,nan,nan,nan,nan,nan,nan,nan,0.7951202504227656,0.0,0.0,1.4658331410281589,0.6190312874219112,-0.010243768007816503,0.16630534514545173,0.21678797451119874,0.0,0.0,-1.1689078932684043,1.715990993029601,-0.2241591113899299,-0.036933059149613756,nan,nan,nan,nan,nan,nan,nan,nan,nan,nan,nan,nan,nan,nan,nan,nan,nan,nan,nan,nan,nan,nan,nan,nan,nan,nan,nan,nan,nan,nan,nan,nan,nan,nan,nan,nan,nan,nan,nan,nan,nan,nan,nan,nan,nan,nan,nan,nan,nan,nan,nan,nan,nan,nan,nan,nan,nan,nan,nan,nan,nan,nan,nan,0.0960938211459549
1791059668.887065,0.7037092107178052,0.8027593503212689,-3.1403263461459487,-0.13381342423976247,2.0595255282601217,0.12376387188135354,0.0,0.0,0.0,1.1895252447430769,-0.4348636060704556,-0.19023890386439032,-0.002041932332599024,0.5555543098695711,0.0,0.0,0.005580147358625754,2.1666867351791197,-0.027190873413471178,0.2255723283476806,0.4218375753719315,0.0,0.0,-0.9388490318533652,0.6334689272232477,0.0012020323611286108,0.12211650240906363,nan,nan,nan,nan,nan,nan,nan,0.7951202504227656,0.0,0.0,1.464917805026012,0.635831962568628,-0.009765152201258443,0.17001283242953974,0.3322637579067098,0.0,0.0,-1.1911907857432114,1.7132951280305666,-0.23275547596594706,-0.03099281491520009,nan,nan,nan,nan,nan,nan,nan,nan,nan,nan,nan,nan,nan,nan,nan,nan,nan,nan,nan,nan,nan,nan,nan,nan,nan,nan,nan,nan,nan,nan,nan,nan,nan,nan,nan,nan,nan,nan,nan,nan,nan,nan,nan,nan,nan,nan,nan,nan,nan,nan,nan,nan,nan,nan,nan,nan,nan,nan,nan,nan,nan,nan,nan,0.09074311342384446
1791059668.9868298,0.6938527770693491,0.8030197250803485,-3.1405786891263916,-0.13026793687312072,2.05717662594251,0.12558940413869651,0.0,0.0,0.0,1.171335453092365,-0.43492203318674016,-0.18572990951689708,-0.005921783330316491,0.5555543098695711,0.0,0.0,0.0019581327044200765,2.1894805778987436,-0.03450407887227079,0.23147780277896202,0.3564776686130739,0.0,0.0,-0.9389620792385553,0.646569874285227,0.0011444041241661692,0.12525537103635795,nan,nan,nan,nan,nan,nan,nan,0.7951202504227656,0.0,0.0,1.464061499710277,0.6531659014022952,-0.005507676091771222,0.18308334541460697,0.5975071951571902,0.0,0.0,-1.2127721763658774,1.7107075332939359,-0.21772514004169388,-0.017780629567990102,nan,nan,nan,nan,nan,nan,nan,nan,nan,nan,nan,nan,nan,nan,nan,nan,nan,nan,nan,nan,nan,nan,nan,nan,nan,nan,nan,nan,nan,nan,nan,nan,nan,nan,nan,nan,nan,nan,nan,nan,nan,nan,nan,nan,nan,nan,nan,nan,nan,nan,nan,nan,nan,nan,nan,nan,nan,nan,nan,nan,nan,nan,nan,0.08889116466853714
1791059669.086794,0.6843145584716933,0.8033799430419064,-3.140709642592608,-0.1255222526606431,2.0548453638359905,0.12805556283115951,0.0,0.0,0.0,1.15216334512048,-0.43482618333940354,-0.18374744931482304,-0.0014584730023323388,0.5555543098695711,0.0,0.0,-0.001550312595102709,2.2121971064403887,-0.03941593874663339,0.23890257505584306,0.43981647614478064,0.0,0.0,-0.9390355397784216,0.6599807374067582,0.0011066872070500744,0.12808927680203638,nan,nan,nan,nan,nan,nan,nan,0.7951202504227656,0.0,0.0,1.4631973820053692,0.6704631998428455,-0.008968927500438753,0.16778496085973005,0.29839938328417537,0.0,0.0,-1.234130778840514,1.7080824474537972,-0.19727810616210376,-0.024229756339196648,nan,nan,nan,nan,nan,nan,nan,nan,nan,nan,nan,nan,nan,nan,nan,nan,nan,nan,nan,nan,nan,nan,nan,nan,nan,nan,nan,nan,nan,nan,nan,nan,nan,nan,nan,nan,nan,nan,nan,nan,nan,nan,nan,nan,nan,nan,nan,nan,nan,nan,nan,nan,nan,nan,nan,nan,nan,nan,nan,nan,nan,nan,nan,0.10113978873698777
1791059669.1868224,0.6746262012552505,0.8037437490983395,3.1375687919391098,-0.1207479559776012,2.052508631014705,0.13056220778391056,0.0,0.0,0.0,1.1346172106519394,-0.43477804922268554,-0.18641961892864195,0.003056667851233836,0.5555543098695711,0.0,0.0,-0.005025781990205235,2.2347557096811608,-0.03229440956290911,0.23474533418737425,0.4831370210115455,0.0,0.0,-0.9390005763221334,0.6735771070844582,0.0011077782620461968,0.1312524081791652,nan,nan,nan,nan,nan,nan,nan,0.7951202504227656,0.0,0.0,1.4623885435246275,0.6877031655138017,-0.012107688880017516,0.1743359175498415,0.16667140811412373,0.0,0.0,-1.2554190595906614,1.705455360956428,-0.2129104133875151,-0.034627868452130915,nan,nan,nan,nan,nan,nan,nan,nan,nan,nan,nan,nan,nan,nan,nan,nan,nan,nan,nan,nan,nan,nan,nan,nan,nan,nan,nan,nan,nan,nan,nan,nan,nan,nan,nan,nan,nan,nan,nan,nan,nan,nan,nan,nan,nan,nan,nan,nan,nan,nan,nan,nan,nan,nan,nan,nan,nan,nan,nan,nan,nan,nan,nan,0.10453414788223656
1791059669.2868462,0.6644548193522534,0.8035105349700781,-3.141554593201572,-0.1163869724915894,2.050184473406638,0.13287376143404736,0.0,0.0,0.0,1.1164246614848,-0.4347046434088657,-0.17982632409328153,-0.0006597903821914768,0.5555543098695711,0.0,0.0,-0.008559167890007924,2.256939493690175,-0.032529114486142846,0.2145008705378404,0.4299172092080315,0.0,0.0,-0.9390414550176012,0.6874978301502837,0.00018612383693397536,0.1367839556094044,nan,nan,nan,nan,nan,nan,nan,0.7951202504227656,0.0,0.0,1.4617446200903736,0.704845078206566,-0.0041721971998493765,0.16843735783355296,0.34317582745512126,0.0,0.0,-1.2764911779060586,1.7026545674485936,-0.2399786161637787,-0.024970848747676945,nan,nan,nan,nan,nan,nan,nan,nan,nan,nan,nan,nan,nan,nan,nan,nan,nan,nan,nan,nan,nan,nan,nan,nan,nan,nan,nan,nan,nan,nan,nan,nan,nan,nan,nan,nan,nan,nan,nan,nan,nan,nan,nan,nan,nan,nan,nan,nan,nan,nan,nan,nan,nan,nan,nan,nan,nan,nan,nan,nan,nan,nan,nan,0.10248532078137215
1791059669.3868587,0.6533179015508582,0.8039396588228305,3.1361532336703988,-0.112022366867497,2.047888314583673,0.13520764891377832,0.0,0.0,0.0,1.0986153841381305,-0.43487801047856006,-0.18606028162662608,0.005924727733932739,0.5555543098695711,0.0,0.0,-0.012155873354882406,2.2785639013326984,-0.03231428590714606,0.2023141472734152,0.548134038072206,0.0,0.0,-0.9390534859732602,0.7015117492994742,0.0007498684772364951,0.14229445766452625,nan,nan,nan,nan,nan,nan,nan,0.7951202504227656,0.0,0.0,1.461070254646354,0.7211763077849158,-0.01159754144607773,0.16029675042459113,0.28438410688421517,0.0,0.0,-1.298099758919886,1.699796110158992,-0.2386010531322597,-0.011485161400960077,nan,nan,nan,nan,nan,nan,nan,nan,nan,nan,nan,nan,nan,nan,nan,nan,nan,nan,nan,nan,nan,nan,nan,nan,nan,nan,nan,nan,nan,nan,nan,nan,nan,nan,nan,nan,nan,nan,nan,nan,nan,nan,nan,nan,nan,nan,nan,nan,nan,nan,nan,nan,nan,nan,nan,nan,nan,nan,nan,nan,nan,nan,nan,0.1236863638558225
1791059669.4868405,0.6422883927934632,0.8042277070562037,3.1365381608880916,-0.10836291657662717,2.0456399049618574,0.13717981573748747,0.0,0.0,0.0,1.0798108774305788,-0.4346940591222376,-0.18616823104920566,-0.004177743551428879,0.5555543098695711,0.0,0.0,-0.01610281269656123,2.300699444664426,-0.04266058278587558,0.2136815435122967,0.4171109591093942,0.0,0.0,-0.9390686291089287,0.7156877582146078,0.0007333126567448248,0.15107045822710807,nan,nan,nan,nan,nan,nan,nan,0.7951202504227656,0.0,0.0,1.4603011246624782,0.7376556006780316,-0.005268231393557333,0.1680181594844806,0.4446355423216139,0.0,0.0,-1.3211305836061538,1.6965877796006807,-0.23874462671418475,-0.021347153543216438,nan,nan,nan,nan,nan,nan,nan,nan,nan,nan,nan,nan,nan,nan,nan,nan,nan,nan,nan,nan,nan,nan,nan,nan,nan,nan,nan,nan,nan,nan,nan,nan,nan,nan,nan,nan,nan,nan,nan,nan,nan,nan,nan,nan,nan,nan,nan,nan,nan,nan,nan,nan,nan,nan,nan,nan,nan,nan,nan,nan,nan,nan,nan,0.11612683027621332
1791059669.5868106,0.6306341472949063,0.8040649848650092,3.139587069194909,-0.10508377049819723,2.0434626273646237,0.13895863132290143,0.0,0.0,0.0,1.0616607222772039,-0.4344129682723659,-0.18183151206186998,0.0037910059780592443,0.5555543098695711,0.0,0.0,-0.019687627508431123,2.322140501261705,-0.0372232272230731,0.23573563995295566,0.3964758138125389,0.0,0.0,-0.9391808557527083,0.7295018330199189,-0.0036854885175045763,0.14346504741102395,nan,nan,nan,nan,nan,nan,nan,0.7951202504227656,0.0,0.0,1.4597822200056367,0.7543814075616857,-0.000625423946845534,0.17411539088604394,0.32496245266999774,0.0,0.0,-1.3438319415758748,1.6936084237159617,-0.22199626355461716,-0.03380189589025553,nan,nan,nan,nan,nan,nan,nan,nan,nan,nan,nan,nan,nan,nan,nan,nan,nan,nan,nan,nan,nan,nan,nan,nan,nan,nan,nan,nan,nan,nan,nan,nan,nan,nan,nan,nan,nan,nan,nan,nan,nan,nan,nan,nan,nan,nan,nan,nan,nan,nan,nan,nan,nan,nan,nan,nan,nan,nan,nan,nan,nan,nan,nan,0.11181369435514307
1791059669.6867986,0.618787606026489,0.8046207496699983,3.135114039789718,-0.10165062352268237,2.0413581815823747,0.14083246247208803,0.0,0.0,0.0,1.043815927536775,-0.43450983074825283,-0.17430449062658346,2.8987326342860462e-05,0.5555543098695711,0.0,0.0,-0.02350145199271553,2.3442381775186116,-0.036986210797691065,0.2225897512239187,0.4878805317550245,0.0,0.0,-0.9392781166203916,0.7425705465589373,-0.002444111924835469,0.12891859057494753,nan,nan,nan,nan,nan,nan,nan,0.7951202504227656,0.0,0.0,1.4589732326898897,0.7710488524026475,-0.011492140406409435,0.1573351092018439,0.353415831455008,0.0,0.0,-1.3661347872113083,1.690906586217692,-0.24257122719967,-0.024507715906131614,nan,nan,nan,nan,nan,nan,nan,nan,nan,nan,nan,nan,nan,nan,nan,nan,nan,nan,nan,nan,nan,nan,nan,nan,nan,nan,nan,nan,nan,nan,nan,nan,nan,nan,nan,nan,nan,nan,nan,nan,nan,nan,nan,nan,nan,nan,nan,nan,nan,nan,nan,nan,nan,nan,nan,nan,nan,nan,nan,nan,nan,nan,nan,0.11485011358364026
1791059669.7868075,0.6076609998325652,0.8045503402321995,3.1396840814333413,-0.09896222503874291,2.0393357966074523,0.14230781667158166,0.0,0.0,0.0,1.02650651088204,-0.43457424279189577,-0.17654699295388365,-0.006382389388621528,0.5555543098695711,0.0,0.0,-0.027485806481778195,2.366461413557165,-0.03364935773796271,0.22544043669721486,0.4155182161729327,0.0,0.0,-0.9392703982934846,0.7548850713906115,-0.0009810267538557234,0.12806830024735325,nan,nan,nan,nan,nan,nan,nan,0.7951202504227656,0.0,0.0,1.4582070610685258,0.7875534614515006,-0.00247609431367811,0.173205554641819,0.5395578999360658,0.0,0.0,-1.3887527295853048,1.6883147142189372,-0.2506513750986305,-0.02549138174873917,nan,nan,nan,nan,nan,nan,nan,nan,nan,nan,nan,nan,nan,nan,nan,nan,nan,nan,nan,nan,nan,nan,nan,nan,nan,nan,nan,nan,nan,nan,nan,nan,nan,nan,nan,nan,nan,nan,nan,nan,nan,nan,nan,nan,nan,nan,nan,nan,nan,nan,nan,nan,nan,nan,nan,nan,nan,nan,nan,nan,nan,nan,nan,0.10703042667445722
1791059669.8868868,0.5961710397518718,0.8047166120646448,3.139391410919091,-0.09688640693591317,2.0374163630651596,0.1434517106897467,0.0,0.0,0.0,1.009432973164934,-0.4344261085258457,-0.17806546935157855,0.00420312759529854,0.5555543098695711,0.0,0.0,-0.03159959484922159,2.3889465503400804,-0.03414178144032869,0.21245120453978145,0.4007544494442919,0.0,0.0,-0.9393231192925016,0.766820899987656,-0.003416053894231583,0.12076835344579569,nan,nan,nan,nan,nan,nan,nan,0.7951202504227656,0.0,0.0,1.4576307371764854,0.8040190257780948,-0.0021953785529979777,0.1594730212232791,0.7321321696444474,0.0,0.0,-1.4110617161210646,1.6855193819007857,-0.2454611815984446,-0.012736016210509803,nan,nan,nan,nan,nan,nan,nan,nan,nan,nan,nan,nan,nan,nan,nan,nan,nan,nan,nan,nan,nan,nan,nan,nan,nan,nan,nan,nan,nan,nan,nan,nan,nan,nan,nan,nan,nan,nan,nan,nan,nan,nan,nan,nan,nan,nan,nan,nan,nan,nan,nan,nan,nan,nan,nan,nan,nan,nan,nan,nan,nan,nan,nan,0.10332979149131787
1791059669.986814,0.584866885827145,0.8053147186918852,3.1359849363666483,-0.09353692556547956,2.0355792864284004,0.14530594518944975,0.0,0.0,0.0,0.9916349793461863,-0.434109478120831,-0.19500567801072138,0.011605102272389482,0.5555543098695711,0.0,0.0,-0.035893503670712396,2.411460054428796,-0.046403686555976834,0.22310596996932242,0.7644411723551755,0.0,0.0,-0.9393606994313907,0.7777923882140841,-0.004853839157221132,0.10860997969274741,nan,nan,nan,nan,nan,nan,nan,0.7951202504227656,0.0,0.0,1.456847584627668,0.8203851247189381,-0.012068640818681971,0.16243584169444666,0.07737226421052776,0.0,0.0,-1.433378188940113,1.6827202210712966,-0.21830096737200072,-0.020495952084201484,nan,nan,nan,nan,nan,nan,nan,nan,nan,nan,nan,nan,nan,nan,nan,nan,nan,nan,nan,nan,nan,nan,nan,nan,nan,nan,nan,nan,nan,nan,nan,nan,nan,nan,nan,nan,nan,nan,nan,nan,nan,nan,nan,nan,nan,nan,nan,nan,nan,nan,nan,nan,nan,nan,nan,nan,nan,nan,nan,nan,nan,nan,nan,0.13936047175423313
1791059670.086808,0.5730743639678695,0.8051900118666182,3.1406307887257316,-0.09067134466505515,2.0338067955830015,0.1469004198022613,0.0,0.0,0.0,0.9744925688503296,-0.43425445470730484,-0.1670022829280339,-0.003976642720884108,0.5555543098695711,0.0,0.0,-0.04011043592361182,2.433790429750699,-0.048398942501882126,0.22284558526413717,0.636709732419545,0.0,0.0,-0.9393492685482746,0.7882676235089792,-0.0031278591394345305,0.10330208787279338,nan,nan,nan,nan,nan,nan,nan,0.7951202504227656,0.0,0.0,1.4558923577025455,0.8371719869882048,-0.011309981813375319,0.16820171452184401,0.09898935697746382,0.0,0.0,-1.4562206422996247,1.6799789649405372,-0.21012277805515742,-0.03093641067712008,nan,nan,nan,nan,nan,nan,nan,nan,nan,nan,nan,nan,nan,nan,nan,nan,nan,nan,nan,nan,nan,nan,nan,nan,nan,nan,nan,nan,nan,nan,nan,nan,nan,nan,nan,nan,nan,nan,nan,nan,nan,nan,nan,nan,nan,nan,nan,nan,nan,nan,nan,nan,nan,nan,nan,nan,nan,nan,nan,nan,nan,nan,nan,0.13067657741236155
1791059670.186825,0.5593561274272582,0.8055019449576818,3.141403435957313,-0.08799330387958328,2.0321071101936465,0.14839714097295095,0.0,0.0,0.0,0.9571150918566812,-0.4340235171970144,-0.18258249656148057,0.004850350516025033,0.5555543098695711,0.0,0.0,-0.04422232175372069,2.4561271511032046,-0.039592109960945476,0.22275554472062484,0.6466036867627497,0.0,0.0,-0.9393576235225708,0.798876554204012,-0.0015675306476319504,0.10008188737284704,nan,nan,nan,nan,nan,nan,nan,0.7951202504227656,0.0,0.0,1.4549870432181036,0.8547502685577933,-0.007831921533558476,0.17081715274375509,0.12027942754180544,0.0,0.0,-1.4788370746568702,1.677259214356831,-0.21270259067657293,-0.034729638612745514,nan,nan,nan,nan,nan,nan,nan,nan,nan,nan,nan,nan,nan,nan,nan,nan,nan,nan,nan,nan,nan,nan,nan,nan,nan,nan,nan,nan,nan,nan,nan,nan,nan,nan,nan,nan,nan,nan,nan,nan,nan,nan,nan,nan,nan,nan,nan,nan,nan,nan,nan,nan,nan,nan,nan,nan,nan,nan,nan,nan,nan,nan,nan,0.12792447100497054
1791059670.2867954,0.5459729221792546,0.8061550930593441,3.1380176666099504,-0.08520488491582595,2.0304777310501136,0.14996215637303997,0.0,0.0,0.0,0.93980120407825,-0.4337696485611468,-0.13281982702500106,-0.013717726779242236,0.5555543098695711,0.0,0.0,-0.04836268765539782,2.4783764257268794,-0.03142474183381837,0.22295573537068664,0.8338280540269309,0.0,0.0,-0.939516982292391,0.8100573554327454,-0.0013755442670447871,0.10408537807076382,nan,nan,nan,nan,nan,nan,nan,0.7951202504227656,0.0,0.0,1.4539879160919085,0.8718285525045627,-0.011499632087266124,0.1591470465426898,0.03391713332819229,0.0,0.0,-1.501772391777842,1.674473682314087,-0.22223440089934807,-0.03609810938055791,nan,nan,nan,nan,nan,nan,nan,nan,nan,nan,nan,nan,nan,nan,nan,nan,nan,nan,nan,nan,nan,nan,nan,nan,nan,nan,nan,nan,nan,nan,nan,nan,nan,nan,nan,nan,nan,nan,nan,nan,nan,nan,nan,nan,nan,nan,nan,nan,nan,nan,nan,nan,nan,nan,nan,nan,nan,nan,nan,nan,nan,nan,nan,0.1551027896830985
1791059670.386922,0.5327613996896952,0.806361787924189,3.1382400369226353,-0.0826436926449153,2.028916659014036,0.1514054276507696,0.0,0.0,0.0,0.9222545929845948,-0.43368407124269426,-0.16202422353195425,-0.001084823079391338,0.5555543098695711,0.0,0.0,-0.05267877243230918,2.500586812798934,-0.04154736535460171,0.20857645728629914,0.8582735341362646,0.0,0.0,-0.9396470156988603,0.8215544745391974,0.006718732764717264,0.1055010776875166,nan,nan,nan,nan,nan,nan,nan,0.7951202504227656,0.0,0.0,1.4533523060888542,0.8890096169832792,-0.0030183037355325433,0.17526775752411858,0.03782638368289519,0.0,0.0,-1.5237999158224977,1.672127229202158,-0.22287329869061856,-0.004539444301618709,nan,nan,nan,nan,nan,nan,nan,nan,nan,nan,nan,nan,nan,nan,nan,nan,nan,nan,nan,nan,nan,nan,nan,nan,nan,nan,nan,nan,nan,nan,nan,nan,nan,nan,nan,nan,nan,nan,nan,nan,nan,nan,nan,nan,nan,nan,nan,nan,nan,nan,nan,nan,nan,nan,nan,nan,nan,nan,nan,nan,nan,nan,nan,0.1658629650132636
1791059670.4856844,0.5179384958316686,0.8061258585171658,-3.141213570110835,-0.08071447899790989,2.027434852391137,0.15249614185013824,0.0,0.0,0.0,0.9046088925955744,-0.43315700093760096,-0.19024261976529575,0.009116749170567548,0.5555543098695711,0.0,0.0,-0.056974866708277734,2.5230245016987625,-0.04757357430204093,0.22922045050016765,0.561844265757326,0.0,0.0,-0.93984994942153,0.8334078312517953,0.0055481956359319925,0.12290651620115468,nan,nan,nan,nan,nan,nan,nan,0.7951202504227656,0.0,0.0,1.4528152416303168,0.9062753571723182,-0.006208215589975432,0.17554150663001003,0.16318654869263943,0.0,0.0,-1.5459783762826316,1.6693109238112729,-0.21055062858739484,0.0022272825069049457,nan,nan,nan,nan,nan,nan,nan,nan,nan,nan,nan,nan,nan,nan,nan,nan,nan,nan,nan,nan,nan,nan,nan,nan,nan,nan,nan,nan,nan,nan,nan,nan,nan,nan,nan,nan,nan,nan,nan,nan,nan,nan,nan,nan,nan,nan,nan,nan,nan,nan,nan,nan,nan,nan,nan,nan,nan,nan,nan,nan,nan,nan,nan,0.1460619596405555
1791059670.586796,0.5020470898569793,0.8064420845757926,3.1367966808751784,-0.07843879988095431,2.0260282477010163,0.15378659177780032,0.0,0.0,0.0,0.886619319927044,-0.43307091256425584,-0.18648260171850056,0.007397643620829294,0.5555543098695711,0.0,0.0,-0.06129469152170253,2.5456263338544556,-0.04725344889658865,0.21572063632761485,0.7790200627948233,0.0,0.0,-0.9400683748896714,0.8454111789676433,0.005519718585032754,0.11290723148840916,nan,nan,nan,nan,nan,nan,nan,0.7951202504227656,0.0,0.0,1.4519532916137148,0.9230999186112664,-0.014260770836733435,0.1598304017761213,0.06036740181564699,0.0,0.0,-1.5687363013103648,1.666384570975038,-0.24226945307585307,-0.04031606591445386,nan,nan,nan,nan,nan,nan,nan,nan,nan,nan,nan,nan,nan,nan,nan,nan,nan,nan,nan,nan,nan,nan,nan,nan,nan,nan,nan,nan,nan,nan,nan,nan,nan,nan,nan,nan,nan,nan,nan,nan,nan,nan,nan,nan,nan,nan,nan,nan,nan,nan,nan,nan,nan,nan,nan,nan,nan,nan,nan,nan,nan,nan,nan,0.16161710401567284
1791059670.6868181,0.487710754366669,0.8064572833306373,3.1399272656481743,-0.07642224114523855,2.024691507809051,0.1549335154547301,0.0,0.0,0.0,0.8701566599044609,-0.43314185596516774,-0.1660380566102049,0.005176610439620336,0.5555543098695711,0.0,0.0,-0.06555582378964389,2.5681571149057443,-0.04497989607709606,0.2205472726840172,0.591021118232066,0.0,0.0,-0.9402237877963397,0.8573620893039049,-0.002952938780603955,0.12252769985410379,nan,nan,nan,nan,nan,nan,nan,0.7951202504227656,0.0,0.0,1.4514663233238112,0.9405291724619442,0.0003707639953163947,0.17469041863795398,0.0489051572255005,0.0,0.0,-1.5899706823842554,1.663855903592477,-0.20891768121920334,-0.03754603550846451,nan,nan,nan,nan,nan,nan,nan,nan,nan,nan,nan,nan,nan,nan,nan,nan,nan,nan,nan,nan,nan,nan,nan,nan,nan,nan,nan,nan,nan,nan,nan,nan,nan,nan,nan,nan,nan,nan,nan,nan,nan,nan,nan,nan,nan,nan,nan,nan,nan,nan,nan,nan,nan,nan,nan,nan,nan,nan,nan,nan,nan,nan,nan,0.1405736125163824
1791059670.7867875,0.47287090536602694,0.8067068284642367,3.139095877309592,-0.07446432594490068,2.023424316482923,0.15605008202557025,0.0,0.0,0.0,0.8533241227929831,-0.4329324614604383,-0.16755022111016338,0.0017038740211706383,0.5555543098695711,0.0,0.0,-0.06995962237618289,2.590952207813088,-0.04973261082926432,0.22659363926861037,0.6338838217896341,0.0,0.0,-0.940238109537182,0.8689424290172438,-0.000927262518437499,0.11778880527334495,nan,nan,nan,nan,nan,nan,nan,0.7951202504227656,0.0,0.0,1.450696149269405,0.958038651785979,-0.009304639979558837,0.1757214516583776,0.08136255970875172,0.0,0.0,-1.6100611756120748,1.6620417200404425,-0.2107942087744057,-0.014071047674302072,nan,nan,nan,nan,nan,nan,nan,nan,nan,nan,nan,nan,nan,nan,nan,nan,nan,nan,nan,nan,nan,nan,nan,nan,nan,nan,nan,nan,nan,nan,nan,nan,nan,nan,nan,nan,nan,nan,nan,nan,nan,nan,nan,nan,nan,nan,nan,nan,nan,nan,nan,nan,nan,nan,nan,nan,nan,nan,nan,nan,nan,nan,nan,0.1389429038894334
1791059670.8865597,0.4587251221493737,0.8069155300524015,3.1378183193646794,-0.07266437313338339,2.0222245860217245,0.15707911307064815,0.0,0.0,0.0,0.837069111671722,-0.43294872559873115,-0.16378560199196604,-0.00851661016644345,0.5555543098695711,0.0,0.0,-0.0746335848803184,2.6135221556934476,-0.0409910031554909,0.2292099349642068,0.61718285994697,0.0,0.0,-0.9402218852671114,0.8802770141300024,-0.005827849339739029,0.1190762064431912,nan,nan,nan,nan,nan,nan,nan,0.7951202504227656,0.0,0.0,1.4499047458193297,0.9755666360130506,-0.008073538371613277,0.17360681091620586,0.021914055134927477,0.0,0.0,-1.6296999227825748,1.6594695390782297,-0.18548855633457562,-0.02402671488817662,nan,nan,nan,nan,nan,nan,nan,nan,nan,nan,nan,nan,nan,nan,nan,nan,nan,nan,nan,nan,nan,nan,nan,nan,nan,nan,nan,nan,nan,nan,nan,nan,nan,nan,nan,nan,nan,nan,nan,nan,nan,nan,nan,nan,nan,nan,nan,nan,nan,nan,nan,nan,nan,nan,nan,nan,nan,nan,nan,nan,nan,nan,nan,0.14191895624495016
1791059670.9868226,0.4446939073842641,0.8067837514391701,3.139634754405048,-0.0713656428310388,2.0210961351893793,0.15782308168548087,0.0,0.0,0.0,0.8203111995204958,-0.4326485158864144,-0.15328026655367574,0.01674984465264777,0.5555543098695711,0.0,0.0,-0.07937867578667487,2.635840750795278,-0.07010462652672188,0.21867790270568394,0.5674626344877316,0.0,0.0,-0.9402239601573653,0.8915231752476969,-0.005610582710717139,0.11636942356151121,nan,nan,nan,nan,nan,nan,nan,0.7951202504227656,0.0,0.0,1.4493897674030534,0.9927857929842844,-0.00258453745345987,0.1753003495439553,0.04285477568617915,0.0,0.0,-1.6488331435747772,1.657305842690148,-0.2020912029237424,-0.026786006878923404,nan,nan,nan,nan,nan,nan,nan,nan,nan,nan,nan,nan,nan,nan,nan,nan,nan,nan,nan,nan,nan,nan,nan,nan,nan,nan,nan,nan,nan,nan,nan,nan,nan,nan,nan,nan,nan,nan,nan,nan,nan,nan,nan,nan,nan,nan,nan,nan,nan,nan,nan,nan,nan,nan,nan,nan,nan,nan,nan,nan,nan,nan,nan,0.1503137391973509
1791059671.08678,0.43035122362639605,0.807302243044061,3.1367455213331574,-0.0700184630037903,2.020039245070721,0.1585960968925201,0.0,0.0,0.0,0.8027440027429675,-0.4329038022551725,-0.18200908434965424,-0.007981214046251935,0.5555543098695711,0.0,0.0,-0.08422015984182475,2.657684538161578,-0.060073879847117706,0.21753382052857922,0.580782074510322,0.0,0.0,-0.9401902492372654,0.9025855660340691,-0.000239732461914922,0.11629779853421295,nan,nan,nan,nan,nan,nan,nan,0.7951202504227656,0.0,0.0,1.4485325992313005,1.0094265541442775,-0.013545242508293868,0.16258042869017736,0.042784011959983374,0.0,0.0,-1.6681555183002896,1.6548265166236875,-0.19302743216069249,-0.018960104011268488,nan,nan,nan,nan,nan,nan,nan,nan,nan,nan,nan,nan,nan,nan,nan,nan,nan,nan,nan,nan,nan,nan,nan,nan,nan,nan,nan,nan,nan,nan,nan,nan,nan,nan,nan,nan,nan,nan,nan,nan,nan,nan,nan,nan,nan,nan,nan,nan,nan,nan,nan,nan,nan,nan,nan,nan,nan,nan,nan,nan,nan,nan,nan,0.14037272642816348
1791059671.1868148,0.4153936409922377,0.807883626990683,3.1328378282818936,-0.06842233880706085,2.019043540454244,0.15951363080379857,0.0,0.0,0.0,0.7868305792767654,-0.4329894451210835,-0.17631958085838179,-0.014662786428372225,0.5555543098695711,0.0,0.0,-0.08847180465075394,2.6799133651928004,-0.04730091835190545,0.21181736460501432,0.7642056498373491,0.0,0.0,-0.9403337714727705,0.913770667963123,-0.0027246521042181724,0.11298019831138609,nan,nan,nan,nan,nan,nan,nan,0.7951202504227656,0.0,0.0,1.448136973317932,1.0259786427774236,-7.430622369389208e-06,0.16854489706019116,0.014940763510607503,0.0,0.0,-1.687727857508251,1.6520948021271105,-0.20311664148061293,-0.03444148824417238,nan,nan,nan,nan,nan,nan,nan,nan,nan,nan,nan,nan,nan,nan,nan,nan,nan,nan,nan,nan,nan,nan,nan,nan,nan,nan,nan,nan,nan,nan,nan,nan,nan,nan,nan,nan,nan,nan,nan,nan,nan,nan,nan,nan,nan,nan,nan,nan,nan,nan,nan,nan,nan,nan,nan,nan,nan,nan,nan,nan,nan,nan,nan,0.16640156191807134
1791059671.2868042,0.4009213408457853,0.8077859683680271,3.1368168709616513,-0.06730221506511608,2.0181073537783245,0.16015860066275356,0.0,0.0,0.0,0.7697910609484576,-0.4326975983750113,-0.1634801161142706,0.007542692336190078,0.5555543098695711,0.0,0.0,-0.09316529260425695,2.7017471458279845,-0.04280497818275588,0.21452014474998699,0.5821615696141101,0.0,0.0,-0.9404069877514118,0.9255764678144013,-0.0018635721118740534,0.11240381619648815,nan,nan,nan,nan,nan,nan,nan,0.7951202504227656,0.0,0.0,1.4472393479951395,1.042854503199214,-0.017243649724989624,0.17936361752279428,0.013124782607283336,0.0,0.0,-1.7067545640069197,1.6495396743595048,-0.14397540840457562,-0.017330392434122602,nan,nan,nan,nan,nan,nan,nan,nan,nan,nan,nan,nan,nan,nan,nan,nan,nan,nan,nan,nan,nan,nan,nan,nan,nan,nan,nan,nan,nan,nan,nan,nan,nan,nan,nan,nan,nan,nan,nan,nan,nan,nan,nan,nan,nan,nan,nan,nan,nan,nan,nan,nan,nan,nan,nan,nan,nan,nan,nan,nan,nan,nan,nan,0.14087377084164754
1791059671.3854644,0.38562438627064516,0.8082231077659005,3.1373237079925524,-0.06590116085647792,2.017228605071208,0.1609665457421091,0.0,0.0,0.0,0.7518405309177296,-0.43270112193451576,-0.14907276589556115,0.006144172969610894,0.5555543098695711,0.0,0.0,-0.09791405901024174,2.724226635578251,-0.03946560565146802,0.24163842816566244,0.6626765403147342,0.0,0.0,-0.9404184167874688,0.9376945557668985,-0.0032056590054389367,0.1123698738600345,nan,nan,nan,nan,nan,nan,nan,0.7951202504227656,0.0,0.0,1.4466588620778476,1.0591505506475896,-0.006829990984737925,0.16574981278766376,0.01737097456592086,0.0,0.0,-1.7268098304100565,1.6468776852592173,-0.18181231140929088,-0.031463272255138744,nan,nan,nan,nan,nan,nan,nan,nan,nan,nan,nan,nan,nan,nan,nan,nan,nan,nan,nan,nan,nan,nan,nan,nan,nan,nan,nan,nan,nan,nan,nan,nan,nan,nan,nan,nan,nan,nan,nan,nan,nan,nan,nan,nan,nan,nan,nan,nan,nan,nan,nan,nan,nan,nan,nan,nan,nan,nan,nan,nan,nan,nan,nan,0.14026910349900512
1791059671.4868228,0.3713793271310318,0.8086464687468295,3.1383388470229843,-0.06458465715654256,2.0163987189245605,0.16172694254993228,0.0,0.0,0.0,0.7348895769437681,-0.4328043965622687,-0.16226824464619405,-0.004721071437950976,0.5555543098695711,0.0,0.0,-0.10281494590173815,2.746257140838592,-0.04488713266331709,0.22245407091393377,0.6447109329527779,0.0,0.0,-0.9405175559660673,0.9501692703593746,-0.0028939408550169533,0.11232126293617418,nan,nan,nan,nan,nan,nan,nan,0.7951202504227656,0.0,0.0,1.4457067558454983,1.0760499781723032,-0.022399334596119137,0.1766429906119269,0.033220067042238524,0.0,0.0,-1.7461917957884538,1.6444216839620722,-0.19160513317627875,-0.020539911798995468,nan,nan,nan,nan,nan,nan,nan,nan,nan,nan,nan,nan,nan,nan,nan,nan,nan,nan,nan,nan,nan,nan,nan,nan,nan,nan,nan,nan,nan,nan,nan,nan,nan,nan,nan,nan,nan,nan,nan,nan,nan,nan,nan,nan,nan,nan,nan,nan,nan,nan,nan,nan,nan,nan,nan,nan,nan,nan,nan,nan,nan,nan,nan,0.1340052533830224
1791059671.586805,0.35687754926494797,0.8093484880393795,3.1359088029682582,-0.0632647091493705,2.015615409146197,0.16249048352618656,0.0,0.0,0.0,0.7192545065206023,-0.43250831252436706,-0.16495703709431653,0.0010690899046983339,0.5555543098695711,0.0,0.0,-0.10756038235540114,2.7681751289544323,-0.04521657910079231,0.22432878399069472,0.7579675848289731,0.0,0.0,-0.9405777114877152,0.9629392305355003,-0.012760630852170787,0.1184182094810195,nan,nan,nan,nan,nan,nan,nan,0.7951202504227656,0.0,0.0,1.4451750282119973,1.0929954313100694,-0.014615478658141895,0.17905975651065623,0.01427188659871966,0.0,0.0,-1.7662080734143795,1.6416690659839501,-0.20567240732059644,-0.02384159677476287,nan,nan,nan,nan,nan,nan,nan,nan,nan,nan,nan,nan,nan,nan,nan,nan,nan,nan,nan,nan,nan,nan,nan,nan,nan,nan,nan,nan,nan,nan,nan,nan,nan,nan,nan,nan,nan,nan,nan,nan,nan,nan,nan,nan,nan,nan,nan,nan,nan,nan,nan,nan,nan,nan,nan,nan,nan,nan,nan,nan,nan,nan,nan,0.16979815742020712
1791059671.6867988,0.3425383433364535,0.8094559958339205,3.1412168691901927,-0.062221771581177025,2.014878304231434,0.16309458795358503,0.0,0.0,0.0,0.7039104064367986,-0.432412390191575,-0.15597954996765068,0.0010174377073436257,0.5555543098695711,0.0,0.0,-0.1121640145341875,2.79047887982219,-0.08309914296829814,0.23438041277568442,0.610369913850241,0.0,0.0,-0.9406569860851831,0.9763330016369265,-0.0012185616715847088,0.12568897007560856,nan,nan,nan,nan,nan,nan,nan,0.7951202504227656,0.0,0.0,1.444499012697117,1.1091128331505664,-0.02519531719502859,0.16266242901673594,0.047123402525569597,0.0,0.0,-1.786765524812583,1.6390281022446165,-0.2186231525749403,-0.031917280069563736,nan,nan,nan,nan,nan,nan,nan,nan,nan,nan,nan,nan,nan,nan,nan,nan,nan,nan,nan,nan,nan,nan,nan,nan,nan,nan,nan,nan,nan,nan,nan,nan,nan,nan,nan,nan,nan,nan,nan,nan,nan,nan,nan,nan,nan,nan,nan,nan,nan,nan,nan,nan,nan,nan,nan,nan,nan,nan,nan,nan,nan,nan,nan,0.15492018061065543
1791059671.786801,0.32627774238722074,0.8096456336525039,-3.141414658239845,-0.06145485881681657,2.0141899576744096,0.1635392554741668,0.0,0.0,0.0,0.6883512524078113,-0.43235617198433746,-0.15179398543160766,-0.0017528551679806036,0.5555543098695711,0.0,0.0,-0.11620585901055892,2.809049089433632,-0.04419753455499656,0.20662988981758879,0.5446748630784558,0.0,0.0,-0.9408214363405784,0.9901394656592091,0.002585696898260272,0.13625152959953704,nan,nan,nan,nan,nan,nan,nan,0.7951202504227656,0.0,0.0,1.444085363287832,1.1249698084211475,-0.0029300448631227032,0.15912357432219937,0.0677454826267962,0.0,0.0,-1.8072042934214652,1.6362825498231381,-0.20470440685035143,-0.02074919199454334,nan,nan,nan,nan,nan,nan,nan,nan,nan,nan,nan,nan,nan,nan,nan,nan,nan,nan,nan,nan,nan,nan,nan,nan,nan,nan,nan,nan,nan,nan,nan,nan,nan,nan,nan,nan,nan,nan,nan,nan,nan,nan,nan,nan,nan,nan,nan,nan,nan,nan,nan,nan,nan,nan,nan,nan,nan,nan,nan,nan,nan,nan,nan,0.1432992347611119
1791059671.8868556,0.3111466738965716,0.8098460716397222,-3.1413556285487996,-0.06053075687556053,2.013547296904252,0.1640755589924201,0.0,0.0,0.0,0.6733689235721827,-0.4323210371199903,-0.13053685832957665,-0.003579167649001553,0.5555543098695711,0.0,0.0,-0.11923833894300243,2.8309293581192723,-0.033990633420343766,0.21506377526826284,0.5583039734481766,0.0,0.0,-0.9409878970750323,1.0044388996334583,-0.0037465677342384067,0.1387833891697399,nan,nan,nan,nan,nan,nan,nan,0.7951202504227656,0.0,0.0,1.4436029066230776,1.140852677820583,0.005318156874401273,0.14950409543060836,0.011881328351671452,0.0,0.0,-1.8260435858227722,1.6336965777391577,-0.1481242230399243,-0.031926912550673606,nan,nan,nan,nan,nan,nan,nan,nan,nan,nan,nan,nan,nan,nan,nan,nan,nan,nan,nan,nan,nan,nan,nan,nan,nan,nan,nan,nan,nan,nan,nan,nan,nan,nan,nan,nan,nan,nan,nan,nan,nan,nan,nan,nan,nan,nan,nan,nan,nan,nan,nan,nan,nan,nan,nan,nan,nan,nan,nan,nan,nan,nan,nan,0.13912358688708762
1791059671.986891,0.29706250803593504,0.8100888016242167,3.141309101559173,-0.05973931534236372,2.012946070384929,0.1645352980119593,0.0,0.0,0.0,0.6580181458054889,-0.43225753400777306,-0.1479646657490979,0.0005486942573823916,0.5555543098695711,0.0,0.0,-0.12376442626362281,2.852867523750227,-0.04246689994089443,0.22133423204045136,0.5229382088462438,0.0,0.0,-0.9411624613764651,1.0194081315513075,-0.0016118556407471016,0.1535349379088429,nan,nan,nan,nan,nan,nan,nan,0.7951202504227656,0.0,0.0,1.4430168498238687,1.1571411659033173,0.004886844925289441,0.15497969268428255,0.03267335097579725,0.0,0.0,-1.8450850585261414,1.631672091837832,-0.1848973776228453,-0.016649568928426377,nan,nan,nan,nan,nan,nan,nan,nan,nan,nan,nan,nan,nan,nan,nan,nan,nan,nan,nan,nan,nan,nan,nan,nan,nan,nan,nan,nan,nan,nan,nan,nan,nan,nan,nan,nan,nan,nan,nan,nan,nan,nan,nan,nan,nan,nan,nan,nan,nan,nan,nan,nan,nan,nan,nan,nan,nan,nan,nan,nan,nan,nan,nan,0.12930817138295178
1791059672.0867994,0.2835096461951635,0.8103565077946744,-3.1411518937654406,-0.0588310148710662,2.0123827837660135,0.16506339600203324,0.0,0.0,0.0,0.6421587939706942,-0.4322353280808483,-0.1607185602399997,0.0035617330598773696,0.5555543098695711,0.0,0.0,-0.12764859093766184,2.8744656599083727,-0.05136161115256052,0.21041507420091346,0.5708547629819102,0.0,0.0,-0.9412211422306395,1.0343397108068786,0.013111111075855365,0.1493715037125675,nan,nan,nan,nan,nan,nan,nan,0.7951202504227656,0.0,0.0,1.4422280737708182,1.1743696459438646,-0.007623798903811225,0.16938057302191978,0.02505036349231316,0.0,0.0,-1.864307143823455,1.6288623335635273,-0.1874273653365125,-0.03195467965594889,nan,nan,nan,nan,nan,nan,nan,nan,nan,nan,nan,nan,nan,nan,nan,nan,nan,nan,nan,nan,nan,nan,nan,nan,nan,nan,nan,nan,nan,nan,nan,nan,nan,nan,nan,nan,nan,nan,nan,nan,nan,nan,nan,nan,nan,nan,nan,nan,nan,nan,nan,nan,nan,nan,nan,nan,nan,nan,nan,nan,nan,nan,nan,0.13132703465537818
1791059672.1868012,0.26954622520454574,0.8105253616063667,3.1392343069660287,-0.0579326368706793,2.011852800127761,0.16558621973006604,0.0,0.0,0.0,0.6258753990896648,-0.4322965776716901,-0.16191005516549486,0.0015899053076029498,0.5555543098695711,0.0,0.0,-0.13185195059132998,2.896852647949267,-0.04354460409561057,0.20516548330156167,0.5710110062825502,0.0,0.0,-0.9415620949458584,1.0485684143714202,0.0014675434106514187,0.13460407216206569,nan,nan,nan,nan,nan,nan,nan,0.7951202504227656,0.0,0.0,1.4416725313731646,1.1923141995787352,0.001714097509838405,0.17314140668325667,0.030268096528766747,0.0,0.0,-1.8837048686681297,1.626515394066717,-0.1846820878307951,-0.01920027849138146,nan,nan,nan,nan,nan,nan,nan,nan,nan,nan,nan,nan,nan,nan,nan,nan,nan,nan,nan,nan,nan,nan,nan,nan,nan,nan,nan,nan,nan,nan,nan,nan,nan,nan,nan,nan,nan,nan,nan,nan,nan,nan,nan,nan,nan,nan,nan,nan,nan,nan,nan,nan,nan,nan,nan,nan,nan,nan,nan,nan,nan,nan,nan,0.12851694768184854
1791059672.286772,0.25601989252014745,0.8107630834411956,3.1385344118179965,-0.05704610305946186,2.0113536497208844,0.1661026261848148,0.0,0.0,0.0,0.6097473609827564,-0.43235449307873225,-0.14386915983507756,-0.0011947999658799948,0.5555543098695711,0.0,0.0,-0.13627963357957346,2.9192347882889154,-0.04845114744867916,0.2132243612695628,0.5826400709824889,0.0,0.0,-0.9414271906395316,1.0624121956433925,-0.0010859774946734688,0.12742510334518775,nan,nan,nan,nan,nan,nan,nan,0.7951202504227656,0.0,0.0,1.4406825108908088,1.209779079061603,-0.02343628824211916,0.17084833305176875,0.02279831816877538,0.0,0.0,-1.9037562872968004,1.6236872718965545,-0.18214448882669226,-0.023968722503069088,nan,nan,nan,nan,nan,nan,nan,nan,nan,nan,nan,nan,nan,nan,nan,nan,nan,nan,nan,nan,nan,nan,nan,nan,nan,nan,nan,nan,nan,nan,nan,nan,nan,nan,nan,nan,nan,nan,nan,nan,nan,nan,nan,nan,nan,nan,nan,nan,nan,nan,nan,nan,nan,nan,nan,nan,nan,nan,nan,nan,nan,nan,nan,0.13195759665911647
1791059672.3855207,0.24318093558455112,0.8107783000322194,3.1370599539661046,-0.05640956873136071,2.010885819388463,0.16647369545395696,0.0,0.0,0.0,0.5939209106108126,-0.4323175904880665,-0.16364910074408653,0.00198841856363928,0.5555543098695711,0.0,0.0,-0.14089801021909207,2.9417526625850257,-0.04406094338429187,0.23815077365503293,0.5126618917661584,0.0,0.0,-0.9415665670971983,1.0764397705709348,-0.0021875260715109456,0.131799862545385,nan,nan,nan,nan,nan,nan,nan,0.7951202504227656,0.0,0.0,1.4395497321981658,1.2276393650689714,-0.029913850941677853,0.20241654925991875,0.23720776189659099,0.0,0.0,-1.9243065938341508,1.6209389923408155,-0.2128917374238838,-0.03597695781182651,nan,nan,nan,nan,nan,nan,nan,nan,nan,nan,nan,nan,nan,nan,nan,nan,nan,nan,nan,nan,nan,nan,nan,nan,nan,nan,nan,nan,nan,nan,nan,nan,nan,nan,nan,nan,nan,nan,nan,nan,nan,nan,nan,nan,nan,nan,nan,nan,nan,nan,nan,nan,nan,nan,nan,nan,nan,nan,nan,nan,nan,nan,nan,0.10899138136459936
1791059672.4867563,0.22992450963489228,0.8110002511890102,3.135437383512511,-0.05573415224028763,2.010448058181721,0.16686769098048468,0.0,0.0,0.0,0.5777759367024858,-0.43212897003963807,-0.16698778797070676,0.0023397263602185506,0.5555543098695711,0.0,0.0,-0.14534350635523613,2.964015163564563,-0.03763366207002712,0.2349813559621508,0.5364461811066088,0.0,0.0,-0.9417987606026219,1.0911288487273687,-0.004520664282263866,0.14429699538424592,nan,nan,nan,nan,nan,nan,nan,0.7951202504227656,0.0,0.0,1.43854001063354,1.2450718904413185,0.0029440201884122583,0.15857875407574917,0.04089220286878352,0.0,0.0,-1.9453043665761,1.6183726944154513,-0.19516729942374567,-0.011750685412209203,nan,nan,nan,nan,nan,nan,nan,nan,nan,nan,nan,nan,nan,nan,nan,nan,nan,nan,nan,nan,nan,nan,nan,nan,nan,nan,nan,nan,nan,nan,nan,nan,nan,nan,nan,nan,nan,nan,nan,nan,nan,nan,nan,nan,nan,nan,nan,nan,nan,nan,nan,nan,nan,nan,nan,nan,nan,nan,nan,nan,nan,nan,nan,0.13922643055819664
1791059672.5868475,0.21833514137552487,0.811294242199407,3.1356237818721464,-0.05493869304595317,2.010036325006583,0.1673320509627249,0.0,0.0,0.0,0.5611548016109978,-0.43195099819002514,-0.1647113893512755,0.0025802618428195246,0.5555543098695711,0.0,0.0,-0.14999924892307054,2.9862668307445017,-0.04031479738262751,0.220197043845565,0.5398625358899314,0.0,0.0,-0.9417922439554534,1.1056180458169458,-0.0022760171367234186,0.14406704545879304,nan,nan,nan,nan,nan,nan,nan,0.7951202504227656,0.0,0.0,1.4373838674330097,1.2623360072621876,-0.032869694276408054,0.19134345150825477,0.15477466026884365,0.0,0.0,-1.9659591217188999,1.6157412910915947,-0.2109649918127694,-0.01552376560275909,nan,nan,nan,nan,nan,nan,nan,nan,nan,nan,nan,nan,nan,nan,nan,nan,nan,nan,nan,nan,nan,nan,nan,nan,nan,nan,nan,nan,nan,nan,nan,nan,nan,nan,nan,nan,nan,nan,nan,nan,nan,nan,nan,nan,nan,nan,nan,nan,nan,nan,nan,nan,nan,nan,nan,nan,nan,nan,nan,nan,nan,nan,nan,0.12559487851759213
1791059672.6868236,0.20486869618031023,0.8116210084802171,3.134727569567794,-0.054463955063354386,2.0096505805393376,0.16760935850578115,0.0,0.0,0.0,0.5449798426523091,-0.4318536606445295,-0.15026831809588714,-0.0038119692923836747,0.5555543098695711,0.0,0.0,-0.15428344675681624,3.008792066813334,-0.0308063966949221,0.23121069154185858,0.5041212196232225,0.0,0.0,-0.9419164899552069,1.1202481666471047,-0.013584520551471446,0.1604966044717327,nan,nan,nan,nan,nan,nan,nan,0.7951202504227656,0.0,0.0,1.4374359757658957,1.2793187669449921,0.058617167928329814,0.15168838619260583,0.08201956513839825,0.0,0.0,-1.9835638340040518,1.6122785771427564,-0.2060807595920088,-0.017048454266089197,nan,nan,nan,nan,nan,nan,nan,nan,nan,nan,nan,nan,nan,nan,nan,nan,nan,nan,nan,nan,nan,nan,nan,nan,nan,nan,nan,nan,nan,nan,nan,nan,nan,nan,nan,nan,nan,nan,nan,nan,nan,nan,nan,nan,nan,nan,nan,nan,nan,nan,nan,nan,nan,nan,nan,nan,nan,nan,nan,nan,nan,nan,nan,0.1304674034497249
1791059672.786827,0.19149241978034537,0.8116952015314995,3.134137417238308,-0.05372134688803617,2.009288860138037,0.16804339264263063,0.0,0.0,0.0,0.5280654698329866,-0.4316130751844513,-0.18381844715208354,0.004626601749203562,0.5555543098695711,0.0,0.0,-0.15953397702764363,3.0305869457476606,-0.03906644620195164,0.20359838767593924,0.5679810914089589,0.0,0.0,-0.9420074720595288,1.1343630566989624,0.0011122162900307386,0.14509049996320658,nan,nan,nan,nan,nan,nan,nan,0.7951202504227656,0.0,0.0,1.4358627385366598,1.2957925297522734,0.006990098310378606,0.15457909772023132,0.03494003223140494,0.0,0.0,-2.003999079426972,1.6103395993793876,-0.2150851975574788,-0.022903895443745895,nan,nan,nan,nan,nan,nan,nan,nan,nan,nan,nan,nan,nan,nan,nan,nan,nan,nan,nan,nan,nan,nan,nan,nan,nan,nan,nan,nan,nan,nan,nan,nan,nan,nan,nan,nan,nan,nan,nan,nan,nan,nan,nan,nan,nan,nan,nan,nan,nan,nan,nan,nan,nan,nan,nan,nan,nan,nan,nan,nan,nan,nan,nan,0.15927389418206103
1791059672.8861034,0.17811205705955738,0.8121519331984542,3.1346245063307254,-0.052931570483288136,2.0089459676861328,0.16850533441413534,0.0,0.0,0.0,0.5109755446074523,-0.43141804221804325,-0.1640929177093805,0.002063063590094545,0.5555543098695711,0.0,0.0,-0.1633150905910138,3.0521983573481806,-0.040935883337513815,0.2292515289686795,0.563023233670584,0.0,0.0,-0.9421050353490152,1.147591799425607,-0.00022023974642650579,0.13533297309765235,nan,nan,nan,nan,nan,nan,nan,0.7951202504227656,0.0,0.0,1.4350421490575123,1.3125832517593994,0.01155058030720562,0.16465525863622932,0.03987827899175557,0.0,0.0,-2.024256136037313,1.608154532276248,-0.19917759461121792,-0.01701318121239974,nan,nan,nan,nan,nan,nan,nan,nan,nan,nan,nan,nan,nan,nan,nan,nan,nan,nan,nan,nan,nan,nan,nan,nan,nan,nan,nan,nan,nan,nan,nan,nan,nan,nan,nan,nan,nan,nan,nan,nan,nan,nan,nan,nan,nan,nan,nan,nan,nan,nan,nan,nan,nan,nan,nan,nan,nan,nan,nan,nan,nan,nan,nan,0.13950372672862513
1791059672.9867804,0.16294000544424547,0.8126014572405668,3.134393980512781,-0.05206740130396028,2.008618945085304,0.16901118357967065,0.0,0.0,0.0,0.49387317414140136,-0.4312311792492198,-0.17180003531910693,0.003135166277988472,0.5555543098695711,0.0,0.0,-0.16798528431700863,3.0739746703320794,-0.05182893651290637,0.23145407782098293,0.6104584700959658,0.0,0.0,-0.9421542545600573,1.1603195814062732,-0.0006963906614289473,0.131665204650174,nan,nan,nan,nan,nan,nan,nan,0.7951202504227656,0.0,0.0,1.4344165450573896,1.3304585298741876,0.009306686229135826,0.18085506445759883,0.02908454251248288,0.0,0.0,-2.0443382556243233,1.606149825412508,-0.20843134626956134,-0.03482880552740294,nan,nan,nan,nan,nan,nan,nan,nan,nan,nan,nan,nan,nan,nan,nan,nan,nan,nan,nan,nan,nan,nan,nan,nan,nan,nan,nan,nan,nan,nan,nan,nan,nan,nan,nan,nan,nan,nan,nan,nan,nan,nan,nan,nan,nan,nan,nan,nan,nan,nan,nan,nan,nan,nan,nan,nan,nan,nan,nan,nan,nan,nan,nan,0.14239776732585346
1791059673.0868502,0.14856765954887638,0.8129702307742336,3.134475971036521,-0.05389496585272274,2.008333656718067,0.1679418892802903,0.0,0.0,0.0,0.47680272713764205,-0.43087550120761464,-0.1728347968299208,-0.0002902511644488578,0.5555543098695711,0.0,0.0,-0.1709017233129786,3.094648026303571,0.24306473306953003,0.1132466222126846,0.6104584700959658,0.0,0.0,-0.9421571772519582,1.1734988018576846,-0.00235956231944667,0.12495619307805822,nan,nan,nan,nan,nan,nan,nan,0.7951202504227656,0.0,0.0,1.4335830603735704,1.3485523710250755,0.002145643137610502,0.1617338410449704,0.047392305828034276,0.0,0.0,-2.064729920854991,1.6038791658797444,-0.2046877552729953,-0.025490778124954906,nan,nan,nan,nan,nan,nan,nan,nan,nan,nan,nan,nan,nan,nan,nan,nan,nan,nan,nan,nan,nan,nan,nan,nan,nan,nan,nan,nan,nan,nan,nan,nan,nan,nan,nan,nan,nan,nan,nan,nan,nan,nan,nan,nan,nan,nan,nan,nan,nan,nan,nan,nan,nan,nan,nan,nan,nan,nan,nan,nan,nan,nan,nan,0.13737221208776523
1791059673.186645,0.13423599222308025,0.8129914497017223,3.1360018296443473,-0.05550336623914416,2.008110690911595,0.1670023778281915,0.0,0.0,0.0,0.45894540859037347,-0.4305401101937675,-0.18288208395262834,0.007237657932115537,0.5555543098695711,0.0,0.0,-0.17778322628267226,3.1164557030032256,-0.056186683578935775,0.19570081362085998,0.6104584700959658,0.0,0.0,-0.9423008080861293,1.1869347042601646,-0.004647995962955883,0.14894425018655782,nan,nan,nan,nan,nan,nan,nan,0.7951202504227656,0.0,0.0,1.4330652419554528,1.3670263690352984,0.01664867501971178,0.17903260857769188,0.009707155282366096,0.0,0.0,-2.08356903901921,1.6013739435811085,-0.1394638801383028,-0.042980603003424094,nan,nan,nan,nan,nan,nan,nan,nan,nan,nan,nan,nan,nan,nan,nan,nan,nan,nan,nan,nan,nan,nan,nan,nan,nan,nan,nan,nan,nan,nan,nan,nan,nan,nan,nan,nan,nan,nan,nan,nan,nan,nan,nan,nan,nan,nan,nan,nan,nan,nan,nan,nan,nan,nan,nan,nan,nan,nan,nan,nan,nan,nan,nan,0.11799809398338686
1791059673.2866466,0.1207007411414847,0.8133890529407292,3.136505050431198,-0.05689159992076723,2.0079404598552753,0.16619267219984166,0.0,0.0,0.0,0.4415077790219272,-0.4303806547574046,-0.1778073436447657,0.001014628736469946,0.5555543098695711,0.0,0.0,-0.18432976644850677,3.1397796143519106,-0.04457439304001867,0.22203896557063166,0.6104584700959658,0.0,0.0,-0.9428536033550187,1.2023113407046082,-0.0026269232329938063,0.12702648729516702,nan,nan,nan,nan,nan,nan,nan,0.7951202504227656,0.0,0.0,1.4320981667609394,1.386056653669843,-0.015071680533003822,0.1919616452645885,0.037390052134857535,0.0,0.0,-2.1034127042520994,1.599458130500605,-0.18492064129278912,-0.016508714236668973,nan,nan,nan,nan,nan,nan,nan,nan,nan,nan,nan,nan,nan,nan,nan,nan,nan,nan,nan,nan,nan,nan,nan,nan,nan,nan,nan,nan,nan,nan,nan,nan,nan,nan,nan,nan,nan,nan,nan,nan,nan,nan,nan,nan,nan,nan,nan,nan,nan,nan,nan,nan,nan,nan,nan,nan,nan,nan,nan,nan,nan,nan,nan,0.12357506088476962
1791059673.3866656,0.10828651956844512,0.8139996977918437,3.1341716649196303,-0.05805606250893607,2.0078139714988024,0.1655143615387735,0.0,0.0,0.0,0.4240849900404677,-0.43024104311298883,-0.1815022027436091,-0.00436491400818298,0.5555543098695711,0.0,0.0,-0.1870100668359136,3.1606835969995775,-0.08269473767607376,0.24026542695651487,0.6104584700959658,0.0,0.0,-0.9429785419012804,1.2187960155728157,-0.0004853960195796631,0.17250947386150123,nan,nan,nan,nan,nan,nan,nan,0.7951202504227656,0.0,0.0,1.431243745415537,1.4053875798055062,-0.020470039416434754,0.20674045635203323,0.3691500333874104,0.0,0.0,-2.1243278531388,1.5974430235820347,-0.22940780594124616,-0.02365605218464887,nan,nan,nan,nan,nan,nan,nan,nan,nan,nan,nan,nan,nan,nan,nan,nan,nan,nan,nan,nan,nan,nan,nan,nan,nan,nan,nan,nan,nan,nan,nan,nan,nan,nan,nan,nan,nan,nan,nan,nan,nan,nan,nan,nan,nan,nan,nan,nan,nan,nan,nan,nan,nan,nan,nan,nan,nan,nan,nan,nan,nan,nan,nan,0.12034474196533959
1791059673.4866016,0.09561601386450354,0.8140215808981027,3.1356225663735704,-0.05903363592489316,2.0077230919054587,0.1649455455844533,0.0,0.0,0.0,0.4069167681819647,-0.4300499559881888,-0.15887059746780827,-0.0036991417605094197,0.5555543098695711,0.0,0.0,-0.1913235026266673,3.183104776458202,-0.01432863307737391,0.21540765159524677,0.6104584700959658,0.0,0.0,-0.9431685482933375,1.2352828507035414,-0.004489711020707346,0.16439095203094195,nan,nan,nan,nan,nan,nan,nan,0.7951202504227656,0.0,0.0,1.4306671019746717,1.4237742172024572,0.0011010122359400368,0.16194263262115058,0.15770295016183877,0.0,0.0,-2.1441438542917335,1.5952725333977835,-0.17732131738323303,-0.012376353438842677,nan,nan,nan,nan,nan,nan,nan,nan,nan,nan,nan,nan,nan,nan,nan,nan,nan,nan,nan,nan,nan,nan,nan,nan,nan,nan,nan,nan,nan,nan,nan,nan,nan,nan,nan,nan,nan,nan,nan,nan,nan,nan,nan,nan,nan,nan,nan,nan,nan,nan,nan,nan,nan,nan,nan,nan,nan,nan,nan,nan,nan,nan,nan,0.10796423266434223
1791059673.5866547,0.0832491446625565,0.814182578382992,3.1339666578744216,-0.05984254377381731,2.0076608586422795,0.16447531177490565,0.0,0.0,0.0,0.3896689185793139,-0.4298966040877875,-0.17504236313704613,0.005430009129118338,0.5555543098695711,0.0,0.0,-0.19671268325149915,3.20523465505224,-0.049961227131142864,0.21788729372281374,0.6104584700959658,0.0,0.0,-0.9432877985841628,1.2515977041249726,0.0012983726235350442,0.15759926443599478,nan,nan,nan,nan,nan,nan,nan,0.7951202504227656,0.0,0.0,1.4297129404771112,1.4415931850911112,0.006673218447372132,0.17075851536861225,0.2968546571837327,0.0,0.0,-2.1638279956996436,1.5928138822215148,-0.20273663626618538,-0.026244736825622193,nan,nan,nan,nan,nan,nan,nan,nan,nan,nan,nan,nan,nan,nan,nan,nan,nan,nan,nan,nan,nan,nan,nan,nan,nan,nan,nan,nan,nan,nan,nan,nan,nan,nan,nan,nan,nan,nan,nan,nan,nan,nan,nan,nan,nan,nan,nan,nan,nan,nan,nan,nan,nan,nan,nan,nan,nan,nan,nan,nan,nan,nan,nan,0.10974446556833985
1791059673.6865976,0.0712167446109901,0.8149328443831348,3.127933129158978,-0.06049237233070434,2.007621089910076,0.16409784711372832,0.0,0.0,0.0,0.37231068493920855,-0.4297222791805892,-0.1689717083023382,-0.00018549123222642676,0.5555543098695711,0.0,0.0,-0.20186040594835036,3.2246894463170404,-0.12768910074218964,0.10257415817442092,0.6104584700959658,0.0,0.0,-0.9433305946402359,1.2668768051043082,0.0016300642290588904,0.14461990367166935,nan,nan,nan,nan,nan,nan,nan,0.7951202504227656,0.0,0.0,1.4285407808160984,1.4592771200125019,-0.0021594374452198386,0.15936971749113318,0.340795646314324,0.0,0.0,-2.183863553191521,1.590784782904754,-0.20988873268168728,-0.02487800991801654,nan,nan,nan,nan,nan,nan,nan,nan,nan,nan,nan,nan,nan,nan,nan,nan,nan,nan,nan,nan,nan,nan,nan,nan,nan,nan,nan,nan,nan,nan,nan,nan,nan,nan,nan,nan,nan,nan,nan,nan,nan,nan,nan,nan,nan,nan,nan,nan,nan,nan,nan,nan,nan,nan,nan,nan,nan,nan,nan,nan,nan,nan,nan,0.10619113674652615
1791059673.78664,0.05931124843865955,0.8150618623000886,3.1276980687040807,-0.060997426864618946,2.0075983350598943,0.16380465932244323,0.0,0.0,0.0,0.3543186162137154,-0.4294914373872728,-0.17005511317397026,0.0013944474161757363,0.5555543098695711,0.0,0.0,-0.19990775827402552,3.225144369274868,0.027106805755070372,-0.013163665536174948,0.6104584700959658,0.0,0.0,-0.9433773002946735,1.2791290671545679,0.0016492203881054272,0.10672254904794176,nan,nan,nan,nan,nan,nan,nan,0.7951202504227656,0.0,0.0,1.4275129156238784,1.475970235397269,-0.032923898782203066,0.15377923719386946,0.038248796867918274,0.0,0.0,-2.2037965101468635,1.5885285618559317,-0.1767320051004556,-0.012065224047349466,nan,nan,nan,nan,nan,nan,nan,nan,nan,nan,nan,nan,nan,nan,nan,nan,nan,nan,nan,nan,nan,nan,nan,nan,nan,nan,nan,nan,nan,nan,nan,nan,nan,nan,nan,nan,nan,nan,nan,nan,nan,nan,nan,nan,nan,nan,nan,nan,nan,nan,nan,nan,nan,nan,nan,nan,nan,nan,nan,nan,nan,nan,nan,0.11817905703556153
1791059673.8866174,0.04784867547024365,0.8149845317256136,3.1299135840577907,-0.06136500619508103,2.0075878168755046,0.16359137787519903,0.0,0.0,0.0,0.33675886741573247,-0.42913243566795056,-0.17890405597125844,0.0014314683199588222,0.5555543098695711,0.0,0.0,-0.20137498803259954,3.225597838203531,-0.007880799137914375,0.004168139050737072,0.6104584700959658,0.0,0.0,-0.9434619354891504,1.2922298685793072,0.0057307464154343676,0.13562377459653988,nan,nan,nan,nan,nan,nan,nan,0.7951202504227656,0.0,0.0,1.4272022158463504,1.4928263880715145,0.01952756446292381,0.15423737860339234,0.08375407659384586,0.0,0.0,-2.2238159420357615,1.5864362781956167,-0.19009844663409303,-0.0257958351695191,nan,nan,nan,nan,nan,nan,nan,nan,nan,nan,nan,nan,nan,nan,nan,nan,nan,nan,nan,nan,nan,nan,nan,nan,nan,nan,nan,nan,nan,nan,nan,nan,nan,nan,nan,nan,nan,nan,nan,nan,nan,nan,nan,nan,nan,nan,nan,nan,nan,nan,nan,nan,nan,nan,nan,nan,nan,nan,nan,nan,nan,nan,nan,0.11403822593816884
1791059673.9866714,0.035750857246300276,0.8153474404104297,3.128602404685093,-0.06161765245440954,2.0075854945733775,0.16344483393928808,0.0,0.0,0.0,0.3187755551904082,-0.42859907289226384,-0.18006557868217013,0.009966961979757823,0.5555543098695711,0.0,0.0,-0.20031353479580935,3.225500130746464,7.024618058249724e-05,0.0014792153214604825,0.6104584700959658,0.0,0.0,-0.9435277481131721,1.3067564347853124,2.129240090126077e-06,0.14154756103588673,nan,nan,nan,nan,nan,nan,nan,0.7951202504227656,0.0,0.0,1.4267190216589594,1.5099932002818823,-0.009448586207133142,0.17452892250274638,0.0433547093956734,0.0,0.0,-2.2438301064680357,1.5844754011888615,-0.18947001799931795,-0.014434992776711977,nan,nan,nan,nan,nan,nan,nan,nan,nan,nan,nan,nan,nan,nan,nan,nan,nan,nan,nan,nan,nan,nan,nan,nan,nan,nan,nan,nan,nan,nan,nan,nan,nan,nan,nan,nan,nan,nan,nan,nan,nan,nan,nan,nan,nan,nan,nan,nan,nan,nan,nan,nan,nan,nan,nan,nan,nan,nan,nan,nan,nan,nan,nan,0.12423617688924236
1791059674.0866745,0.02362112288086745,0.8156495277704303,3.1272129483985416,-0.061782261283223845,2.0075882501009823,0.16334937671838018,0.0,0.0,0.0,0.3012410223812815,-0.4282706673840213,-0.1717415691877285,0.004760396459858326,0.5555543098695711,0.0,0.0,-0.20031701932400026,3.2254835783834457,0.0010349191674419828,-0.0016668409245374032,0.6104584700959658,0.0,0.0,-0.9436273135144848,1.3232874364435245,0.0002790591098214678,0.1675676710788238,nan,nan,nan,nan,nan,nan,nan,0.7951202504227656,0.0,0.0,1.4262333809346497,1.5265211788381385,-0.021620436626638543,0.17755954680824892,0.013343966705003898,0.0,0.0,-2.2625887648699137,1.5822210310736151,-0.1678655997355738,-0.024299548127638487,nan,nan,nan,nan,nan,nan,nan,nan,nan,nan,nan,nan,nan,nan,nan,nan,nan,nan,nan,nan,nan,nan,nan,nan,nan,nan,nan,nan,nan,nan,nan,nan,nan,nan,nan,nan,nan,nan,nan,nan,nan,nan,nan,nan,nan,nan,nan,nan,nan,nan,nan,nan,nan,nan,nan,nan,nan,nan,nan,nan,nan,nan,nan,0.12311733266144936
1791059674.1861975,0.011021342608079842,0.8160653170283114,3.126166167500966,-0.06189999931259137,2.007594040764328,0.16328111062853623,0.0,0.0,0.0,0.28346171383990193,-0.42776298442337546,-0.16941155795709512,0.004715452659903954,0.5555543098695711,0.0,0.0,-0.20035668367250414,3.2255251930118867,-0.002945949453785438,0.0005665022293340304,0.6104584700959658,0.0,0.0,-0.9436458832416413,1.341816562044055,-0.0010254268108482716,0.19007061474034606,nan,nan,nan,nan,nan,nan,nan,0.7951202504227656,0.0,0.0,1.4254845506039824,1.5429221035559602,-0.007029179651911156,0.1735078508044845,0.0076463168532618754,0.0,0.0,-2.278697682129842,1.580600106917035,-0.14864918541876423,-0.009253793579327261,nan,nan,nan,nan,nan,nan,nan,nan,nan,nan,nan,nan,nan,nan,nan,nan,nan,nan,nan,nan,nan,nan,nan,nan,nan,nan,nan,nan,nan,nan,nan,nan,nan,nan,nan,nan,nan,nan,nan,nan,nan,nan,nan,nan,nan,nan,nan,nan,nan,nan,nan,nan,nan,nan,nan,nan,nan,nan,nan,nan,nan,nan,nan,0.1278677156423781
1791059674.286635,-0.0016770950959120537,0.816415061811221,3.1252715717171764,-0.06194967223644169,2.0076012288469562,0.163252312255124,0.0,0.0,0.0,0.26620761121239334,-0.42721304945722655,-0.1743351884885122,0.0015808778393273544,0.5555543098695711,0.0,0.0,-0.20033756205650652,3.225494227228475,-0.003355100579376935,0.0007326614585206285,0.6104584700959658,0.0,0.0,-0.9441159423361072,1.3608764526584713,-0.003419727230660031,0.21262861183543585,nan,nan,nan,nan,nan,nan,nan,0.7951202504227656,0.0,0.0,1.4249961095700143,1.5599239010755181,-0.024592535621246445,0.18475937844885518,0.11911270871854758,0.0,0.0,-2.2973246362013082,1.5787758972701864,-0.21083340951286533,-0.0004736815319734324,nan,nan,nan,nan,nan,nan,nan,nan,nan,nan,nan,nan,nan,nan,nan,nan,nan,nan,nan,nan,nan,nan,nan,nan,nan,nan,nan,nan,nan,nan,nan,nan,nan,nan,nan,nan,nan,nan,nan,nan,nan,nan,nan,nan,nan,nan,nan,nan,nan,nan,nan,nan,nan,nan,nan,nan,nan,nan,nan,nan,nan,nan,nan,0.13580360616007406
1791059674.386623,-0.014853561926846573,0.8168290839543659,3.1244651939157113,-0.06195793562511427,2.007608399582559,0.16324752162602038,0.0,0.0,0.0,0.24902252137145592,-0.42687661955139006,-0.1680700413607001,0.0009113291151696992,0.5555543098695711,0.0,0.0,-0.20034109376463693,3.2255028662434624,-0.00336282163055653,0.0010281122445277705,0.6104584700959658,0.0,0.0,-0.9441574286211444,1.3828186744601774,-0.0010955171323920833,0.19739528397480416,nan,nan,nan,nan,nan,nan,nan,0.7951202504227656,0.0,0.0,1.4246260297069657,1.576529385849417,-0.005522827254803972,0.15871829030490617,0.008413002750037795,0.0,0.0,-2.314612963294821,1.5769747902364875,-0.16001701152101186,-0.013373919543693456,nan,nan,nan,nan,nan,nan,nan,nan,nan,nan,nan,nan,nan,nan,nan,nan,nan,nan,nan,nan,nan,nan,nan,nan,nan,nan,nan,nan,nan,nan,nan,nan,nan,nan,nan,nan,nan,nan,nan,nan,nan,nan,nan,nan,nan,nan,nan,nan,nan,nan,nan,nan,nan,nan,nan,nan,nan,nan,nan,nan,nan,nan,nan,0.13257099388969928
1791059674.4855316,-0.030153552040177948,0.8173357889515213,3.134466886818743,-0.06200678934579816,2.007615575786963,0.1632191999901232,0.0,0.0,0.0,0.2316346299248126,-0.42673727955912216,-0.17812178900368442,0.0010137787711561224,0.5555543098695711,0.0,0.0,-0.20030274926085928,3.225487569214157,0.0003070800662620481,0.0002365953820599846,0.6104584700959658,0.0,0.0,-0.9443220959671741,1.4056000718523862,-0.000770230799383396,0.2307558600046929,nan,nan,nan,nan,nan,nan,nan,0.7951202504227656,0.0,0.0,1.4242535621529044,1.5939263459300144,0.0005801819086283847,0.18099797977739468,0.6339003688612498,0.0,0.0,-2.32724923377135,1.5740242374902222,-0.18301849971833217,-0.015095254827205942,nan,nan,nan,nan,nan,nan,nan,nan,nan,nan,nan,nan,nan,nan,nan,nan,nan,nan,nan,nan,nan,nan,nan,nan,nan,nan,nan,nan,nan,nan,nan,nan,nan,nan,nan,nan,nan,nan,nan,nan,nan,nan,nan,nan,nan,nan,nan,nan,nan,nan,nan,nan,nan,nan,nan,nan,nan,nan,nan,nan,nan,nan,nan,0.27400271385493835
1791059674.5865545,-0.04565904037139802,0.8178514989413125,3.1329196279915363,-0.06202643387821529,2.007622866741475,0.16320781202899154,0.0,0.0,0.0,0.21474414011387735,-0.42647635641749065,-0.16916934930618116,0.0006318212179291979,0.5555543098695711,0.0,0.0,-0.20029512393821108,3.2254687391502816,0.003136802290251664,-0.0014048590681332276,0.6104584700959658,0.0,0.0,-0.9444807127174802,1.4283460554313856,0.0002501683891111518,0.2369136709540432,nan,nan,nan,nan,nan,nan,nan,0.7951202504227656,0.0,0.0,1.4239899073720204,1.6113935868373896,0.02383893763609459,0.15732547389472862,0.010175177002142897,0.0,0.0,-2.346033065706365,1.5714328016881438,-0.1958826619567048,-0.04975733076737712,nan,nan,nan,nan,nan,nan,nan,nan,nan,nan,nan,nan,nan,nan,nan,nan,nan,nan,nan,nan,nan,nan,nan,nan,nan,nan,nan,nan,nan,nan,nan,nan,nan,nan,nan,nan,nan,nan,nan,nan,nan,nan,nan,nan,nan,nan,nan,nan,nan,nan,nan,nan,nan,nan,nan,nan,nan,nan,nan,nan,nan,nan,nan,0.20719519621473756
1791059674.6865785,-0.06796498393374545,0.8185915862152188,3.12916280480833,-0.06208911535816585,2.007630453811254,0.16317147714434937,0.0,0.0,0.0,0.19748973404601172,-0.42618289331230913,-0.178028570442369,0.0017897083106295248,0.5555543098695711,0.0,0.0,-0.20032158843360007,3.2254948557084937,0.0002798728385072031,0.00016810989250142763,0.6104584700959658,0.0,0.0,-0.9448625796491723,1.4508812182455157,-0.0027980460109154125,0.23939703317717848,nan,nan,nan,nan,nan,nan,nan,0.7951202504227656,0.0,0.0,1.4232359105491532,1.6293311295291821,-0.010682457544062794,0.17963196559968944,0.008548403927360613,0.0,0.0,-2.364946569696123,1.5699753829826297,-0.19935802080069354,0.0020080108186114167,nan,nan,nan,nan,nan,nan,nan,nan,nan,nan,nan,nan,nan,nan,nan,nan,nan,nan,nan,nan,nan,nan,nan,nan,nan,nan,nan,nan,nan,nan,nan,nan,nan,nan,nan,nan,nan,nan,nan,nan,nan,nan,nan,nan,nan,nan,nan,nan,nan,nan,nan,nan,nan,nan,nan,nan,nan,nan,nan,nan,nan,nan,nan,0.221818949629752
1791059674.786614,-0.08714518491010102,0.8192049523329938,3.1241956966329436,-0.06216177200422479,2.007638922220176,0.1631293630545716,0.0,0.0,0.0,0.18046086639457806,-0.4259315929192963,-0.1619347982241516,0.0019898725455485865,0.5555543098695711,0.0,0.0,-0.20032461573493363,3.225509603516533,-0.0009663208065400351,0.00031596500780828963,0.6104584700959658,0.0,0.0,-0.9451262885537753,1.4732472026784196,-0.0031541878780926664,0.2273741450855904,nan,nan,nan,nan,nan,nan,nan,0.7951202504227656,0.0,0.0,1.4224432511005864,1.6477694048044522,-0.007584359941482745,0.19253882686092538,0.01042506663903832,0.0,0.0,-2.3837227310606983,1.5673828544231803,-0.18322564574554398,-0.026277548102048884,nan,nan,nan,nan,nan,nan,nan,nan,nan,nan,nan,nan,nan,nan,nan,nan,nan,nan,nan,nan,nan,nan,nan,nan,nan,nan,nan,nan,nan,nan,nan,nan,nan,nan,nan,nan,nan,nan,nan,nan,nan,nan,nan,nan,nan,nan,nan,nan,nan,nan,nan,nan,nan,nan,nan,nan,nan,nan,nan,nan,nan,nan,nan,0.19947681008246287
1791059674.8860455,-0.10701533689187122,0.8199428287897734,3.1119776937556427,-0.06224153029509605,2.007648380659734,0.16308313652382608,0.0,0.0,0.0,0.16398805613391815,-0.4256790662876892,-0.15596163349267425,0.0025901748700086417,0.5555543098695711,0.0,0.0,-0.2003557598736418,3.225498790965529,-0.001444102124123361,8.128839673775923e-05,0.6104584700959658,0.0,0.0,-0.9453151672946585,1.4957164479759488,-0.00013441211516265522,0.20736256381918433,nan,nan,nan,nan,nan,nan,nan,0.7951202504227656,0.0,0.0,1.4220002203332134,1.6653718363354661,-0.01044989125190596,0.16831767045883977,0.006731412966419791,0.0,0.0,-2.4032010703423516,1.5653920453147907,-0.1983637095806134,-0.01438069139859523,nan,nan,nan,nan,nan,nan,nan,nan,nan,nan,nan,nan,nan,nan,nan,nan,nan,nan,nan,nan,nan,nan,nan,nan,nan,nan,nan,nan,nan,nan,nan,nan,nan,nan,nan,nan,nan,nan,nan,nan,nan,nan,nan,nan,nan,nan,nan,nan,nan,nan,nan,nan,nan,nan,nan,nan,nan,nan,nan,nan,nan,nan,nan,0.18659536546760355
1791059674.9864507,-0.12566733062763027,0.8209697626749567,3.1105033071869483,-0.062311377220169155,2.007658717482299,0.1630426578032741,0.0,0.0,0.0,0.1469172716813323,-0.4254030071276163,-0.17755291352840977,0.005963110766028526,0.5555543098695711,0.0,0.0,-0.20029174378444264,3.2254746162530354,0.00315794470071212,-0.0019488891813529607,0.6104584700959658,0.0,0.0,-0.9454526095174945,1.5184497568683344,-0.007236726406376963,0.21304343720162933,nan,nan,nan,nan,nan,nan,nan,0.7951202504227656,0.0,0.0,1.4213284269539095,1.6820882150909233,-0.02419500087055847,0.171175138971413,0.012883366641367546,0.0,0.0,-2.4229864245095007,1.563603182390705,-0.17122324985711165,-0.04579942858784265,nan,nan,nan,nan,nan,nan,nan,nan,nan,nan,nan,nan,nan,nan,nan,nan,nan,nan,nan,nan,nan,nan,nan,nan,nan,nan,nan,nan,nan,nan,nan,nan,nan,nan,nan,nan,nan,nan,nan,nan,nan,nan,nan,nan,nan,nan,nan,nan,nan,nan,nan,nan,nan,nan,nan,nan,nan,nan,nan,nan,nan,nan,nan,0.18723598148132892
1791059675.0866137,-0.14302619321058935,0.8208264179694581,3.103947525408837,-0.06235637095562266,2.007669422587093,0.1630165840296365,0.0,0.0,0.0,0.12963824016190217,-0.4252645389436771,-0.16789330695690402,4.378249794313239e-05,0.5555543098695711,0.0,0.0,-0.20037923070428354,3.22550472586228,-0.005607724616861508,0.0017311945145297232,0.6104584700959658,0.0,0.0,-0.9455319457508687,1.5412422347716903,-0.0014600325559380718,0.2230411400513725,nan,nan,nan,nan,nan,nan,nan,0.7951202504227656,0.0,0.0,1.421375524078429,1.6983287928391981,0.014175291034400144,0.15055606632393678,0.006591668498333576,0.0,0.0,-2.44248529933886,1.5619652282879222,-0.19325151141806687,-0.03725448038731417,nan,nan,nan,nan,nan,nan,nan,nan,nan,nan,nan,nan,nan,nan,nan,nan,nan,nan,nan,nan,nan,nan,nan,nan,nan,nan,nan,nan,nan,nan,nan,nan,nan,nan,nan,nan,nan,nan,nan,nan,nan,nan,nan,nan,nan,nan,nan,nan,nan,nan,nan,nan,nan,nan,nan,nan,nan,nan,nan,nan,nan,nan,nan,0.1867803529621734
1791059675.1865773,-0.16081346236099534,0.8221396936338021,3.1020473783500204,-0.062382435485047946,2.0076799428554932,0.16300148028581846,0.0,0.0,0.0,0.11254266789765358,-0.42501849255352947,-0.1718398127043848,0.0025271334589682774,0.5555543098695711,0.0,0.0,-0.20034829993978737,3.22550087092676,0.0006507406746003473,-0.0002181620307417273,0.6104584700959658,0.0,0.0,-0.9456196211608016,1.5640392405426735,0.00129908174576474,0.236445892902928,nan,nan,nan,nan,nan,nan,nan,0.7951202504227656,0.0,0.0,1.421000875695592,1.714743693396701,0.008227479036753105,0.16358082945678568,0.0077036591945183995,0.0,0.0,-2.4624839524719584,1.5605586135967777,-0.16520340798572491,0.00311419262384611,nan,nan,nan,nan,nan,nan,nan,nan,nan,nan,nan,nan,nan,nan,nan,nan,nan,nan,nan,nan,nan,nan,nan,nan,nan,nan,nan,nan,nan,nan,nan,nan,nan,nan,nan,nan,nan,nan,nan,nan,nan,nan,nan,nan,nan,nan,nan,nan,nan,nan,nan,nan,nan,nan,nan,nan,nan,nan,nan,nan,nan,nan,nan,0.1820944339384773
1791059675.286578,-0.17883854837250304,0.8226282780765185,3.102815614003847,-0.06237564573323265,2.0076896796733097,0.16300541473533534,0.0,0.0,0.0,0.09554734357140957,-0.42501298794300785,-0.15622422246613993,-0.0233005917187187,0.5555543098695711,0.0,0.0,-0.20031828288820672,3.225500085602805,0.002268838568095897,-0.0013718670556495008,0.6104584700959658,0.0,0.0,-0.9461463225209774,1.5865590462074073,-0.0055354108109393636,0.23648895669768258,nan,nan,nan,nan,nan,nan,nan,0.7951202504227656,0.0,0.0,1.4207978396846759,1.7320483362835006,0.003235641191260498,0.17735903345936976,0.007482363786584197,0.0,0.0,-2.484196818030045,1.5582063328771487,-0.2073101054836928,-0.02508504901459123,nan,nan,nan,nan,nan,nan,nan,nan,nan,nan,nan,nan,nan,nan,nan,nan,nan,nan,nan,nan,nan,nan,nan,nan,nan,nan,nan,nan,nan,nan,nan,nan,nan,nan,nan,nan,nan,nan,nan,nan,nan,nan,nan,nan,nan,nan,nan,nan,nan,nan,nan,nan,nan,nan,nan,nan,nan,nan,nan,nan,nan,nan,nan,0.18246048274388732
1791059675.3865871,-0.1960336563998975,0.823423410515423,3.1024454512681094,-0.06233906462805369,2.0076979623807145,0.16302661285552428,0.0,0.0,0.0,0.07952081244402948,-0.42497889493006885,-0.16362414825546323,-0.004414248161466972,0.5555543098695711,0.0,0.0,-0.20030152023256795,3.225491319425557,0.0011994897069727178,-0.00047124244856830227,0.6104584700959658,0.0,0.0,-0.9466874173488622,1.6089713330190607,0.0006283976541055187,0.22220320286433437,nan,nan,nan,nan,nan,nan,nan,0.7951202504227656,0.0,0.0,1.4205626151385529,1.7488103772068793,0.01694375930603383,0.16439541418262843,0.023995319481730674,0.0,0.0,-2.5050327488014412,1.5563490983011514,-0.2059013752480702,-0.01753393793307006,nan,nan,nan,nan,nan,nan,nan,nan,nan,nan,nan,nan,nan,nan,nan,nan,nan,nan,nan,nan,nan,nan,nan,nan,nan,nan,nan,nan,nan,nan,nan,nan,nan,nan,nan,nan,nan,nan,nan,nan,nan,nan,nan,nan,nan,nan,nan,nan,nan,nan,nan,nan,nan,nan,nan,nan,nan,nan,nan,nan,nan,nan,nan,0.15350071684072644
1791059675.486238,-0.21256300568561598,0.8246830939755947,3.1026964404214894,-0.06223402297058931,2.0077037502368698,0.16308748746571755,0.0,0.0,0.0,0.06230210313320914,-0.4244447455258787,-0.17409819930278764,0.007771709207815254,0.5555543098695711,0.0,0.0,-0.20026086028950696,3.225484592653499,0.005285535626684008,-0.0011363737925888526,0.6104584700959658,0.0,0.0,-0.9464056725915038,1.6295255786626748,-0.009366087351152876,0.2170772685398726,nan,nan,nan,nan,nan,nan,nan,0.7951202504227656,0.0,0.0,1.4199532772709103,1.766222952491419,-0.010661865967070673,0.1744289757943462,0.0063430068181355844,0.0,0.0,-2.529107293548115,1.554805404109943,-0.18421832031615648,-0.027709600394082372,nan,nan,nan,nan,nan,nan,nan,nan,nan,nan,nan,nan,nan,nan,nan,nan,nan,nan,nan,nan,nan,nan,nan,nan,nan,nan,nan,nan,nan,nan,nan,nan,nan,nan,nan,nan,nan,nan,nan,nan,nan,nan,nan,nan,nan,nan,nan,nan,nan,nan,nan,nan,nan,nan,nan,nan,nan,nan,nan,nan,nan,nan,nan,0.16167666475152467
1791059675.5866168,-0.22837603092595823,0.8251133876037218,3.103663694800366,-0.06208139507824081,2.00770591831071,0.16317595226151133,0.0,0.0,0.0,0.044615836934782764,-0.4243238981539329,-0.1710812143216336,0.0028350631564367005,0.5555543098695711,0.0,0.0,-0.20028890742883046,3.2255207274152218,0.003158448233506136,0.0009816378437640795,0.6104584700959658,0.0,0.0,-0.947302769619779,1.6525110714585276,-0.01268204763630703,0.2191674745442332,nan,nan,nan,nan,nan,nan,nan,0.7951202504227656,0.0,0.0,1.419534011924217,1.7844424756522188,-0.012844293805077133,0.19025542751635108,0.017469768778897266,0.0,0.0,-2.550452106803093,1.5547577788115898,-0.21816338424803122,-0.024379258622914072,nan,nan,nan,nan,nan,nan,nan,nan,nan,nan,nan,nan,nan,nan,nan,nan,nan,nan,nan,nan,nan,nan,nan,nan,nan,nan,nan,nan,nan,nan,nan,nan,nan,nan,nan,nan,nan,nan,nan,nan,nan,nan,nan,nan,nan,nan,nan,nan,nan,nan,nan,nan,nan,nan,nan,nan,nan,nan,nan,nan,nan,nan,nan,0.16464277769165553
1791059675.6865695,-0.24447594761954738,0.8261434696713307,3.104411772907815,-0.061911511867151714,2.007704063375412,0.16327443596978583,0.0,0.0,0.0,0.027270223147583584,-0.4242677442419739,-0.15738188222942004,0.0001415257799326794,0.5555543098695711,0.0,0.0,-0.20035454699706687,3.2255040125627685,-0.0022246987401404426,0.0002432955866283022,0.6104584700959658,0.0,0.0,-0.9478697835893009,1.67516502654844,-0.022613777519038324,0.23098865730888116,nan,nan,nan,nan,nan,nan,nan,0.7951202504227656,0.0,0.0,1.4192356293604536,1.802007154719402,-0.01777496127452479,0.17218345948464137,0.008259833024733385,0.0,0.0,-2.5702565965332465,1.5535194071699647,-0.14785426897562182,-0.009356849113068175,nan,nan,nan,nan,nan,nan,nan,nan,nan,nan,nan,nan,nan,nan,nan,nan,nan,nan,nan,nan,nan,nan,nan,nan,nan,nan,nan,nan,nan,nan,nan,nan,nan,nan,nan,nan,nan,nan,nan,nan,nan,nan,nan,nan,nan,nan,nan,nan,nan,nan,nan,nan,nan,nan,nan,nan,nan,nan,nan,nan,nan,nan,nan,0.16321411667610566
1791059675.7866032,-0.2605005967165166,0.8270550981875542,3.1063525549364845,-0.0617372488737179,2.007698328121861,0.16337547785375803,0.0,0.0,0.0,0.010105930880987775,-0.423990093746181,-0.1791654770600888,0.00621575965095291,0.5555543098695711,0.0,0.0,-0.2003240093872182,3.225499929265577,0.0028363010737218453,-0.0015482590597067228,0.6104584700959658,0.0,0.0,-0.948286370150444,1.6976376747348463,0.0001875810951762701,0.24988559614967013,nan,nan,nan,nan,nan,nan,nan,0.7951202504227656,0.0,0.0,1.4191525658165463,1.819331284479609,0.000906941581268219,0.17842175303284483,0.021523218588403097,0.0,0.0,-2.5890603171788125,1.5517372162554972,-0.21678146784462557,-0.026070050278733586,nan,nan,nan,nan,nan,nan,nan,nan,nan,nan,nan,nan,nan,nan,nan,nan,nan,nan,nan,nan,nan,nan,nan,nan,nan,nan,nan,nan,nan,nan,nan,nan,nan,nan,nan,nan,nan,nan,nan,nan,nan,nan,nan,nan,nan,nan,nan,nan,nan,nan,nan,nan,nan,nan,nan,nan,nan,nan,nan,nan,nan,nan,nan,0.15694784155890176
1791059675.8865964,-0.27641503700758424,0.827734259080733,3.1075344426211697,-0.06156330253208963,2.00768904806081,0.16347635543094213,0.0,0.0,0.0,-0.006869820835777281,-0.4238235573935369,-0.16002476799145604,0.00449477736232018,0.5555543098695711,0.0,0.0,-0.20028623028869807,3.2255014668706274,0.0030302203213904244,-0.0005438371924647047,0.6104584700959658,0.0,0.0,-0.9485351691451058,1.7199864040237627,0.0042989563345695704,0.22627038534293897,nan,nan,nan,nan,nan,nan,nan,0.7951202504227656,0.0,0.0,1.418831122837632,1.8374880753043858,-0.003998987212726384,0.18039886038748007,0.005908304463056385,0.0,0.0,-2.607035394325091,1.5507423731386742,-0.16609862165920805,-0.003038497418810354,nan,nan,nan,nan,nan,nan,nan,nan,nan,nan,nan,nan,nan,nan,nan,nan,nan,nan,nan,nan,nan,nan,nan,nan,nan,nan,nan,nan,nan,nan,nan,nan,nan,nan,nan,nan,nan,nan,nan,nan,nan,nan,nan,nan,nan,nan,nan,nan,nan,nan,nan,nan,nan,nan,nan,nan,nan,nan,nan,nan,nan,nan,nan,0.15919030965376704
1791059675.9866853,-0.2919806135425599,0.8284092788997756,3.108044446637931,-0.061399692185729465,2.007676699365845,0.16357125635191766,0.0,0.0,0.0,-0.02416614417328314,-0.42371014260870327,-0.16254885070583946,0.002694353618412658,0.5555543098695711,0.0,0.0,-0.20035052368750272,3.2255137494613337,-0.002696908491781891,0.0014608659001961832,0.6104584700959658,0.0,0.0,-0.9491283802464936,1.7426628447969454,-0.0016735006406729978,0.20789062058359087,nan,nan,nan,nan,nan,nan,nan,0.7951202504227656,0.0,0.0,1.4185278317138417,1.8552805809021227,-0.0065547295745797506,0.166113054662025,0.01236166683489453,0.0,0.0,-2.623782351674925,1.5494955971544353,-0.19525090138604742,-0.02380450763084212,nan,nan,nan,nan,nan,nan,nan,nan,nan,nan,nan,nan,nan,nan,nan,nan,nan,nan,nan,nan,nan,nan,nan,nan,nan,nan,nan,nan,nan,nan,nan,nan,nan,nan,nan,nan,nan,nan,nan,nan,nan,nan,nan,nan,nan,nan,nan,nan,nan,nan,nan,nan,nan,nan,nan,nan,nan,nan,nan,nan,nan,nan,nan,0.15514887572340122
1791059676.0855782,-0.30764025856499755,0.8292654989065139,3.1090885068532077,-0.061252077457880874,2.007661906908853,0.1636568937013304,0.0,0.0,0.0,-0.041649488224777466,-0.4235113419155297,-0.182530353035961,0.001189902856072192,0.5555543098695711,0.0,0.0,-0.20034400549581105,3.225508368637954,-0.002894655509272143,0.000926562551050517,0.6104584700959658,0.0,0.0,-0.9495138972644542,1.7655394938133537,-0.017648124260666944,0.22520691801089657,nan,nan,nan,nan,nan,nan,nan,0.7951202504227656,0.0,0.0,1.4182461899297192,1.8734086864142538,0.0025607828821311448,0.18461854846647505,0.007111023014279272,0.0,0.0,-2.6400211648424223,1.5483698464058064,-0.15393345395187752,-0.013142819140621136,nan,nan,nan,nan,nan,nan,nan,nan,nan,nan,nan,nan,nan,nan,nan,nan,nan,nan,nan,nan,nan,nan,nan,nan,nan,nan,nan,nan,nan,nan,nan,nan,nan,nan,nan,nan,nan,nan,nan,nan,nan,nan,nan,nan,nan,nan,nan,nan,nan,nan,nan,nan,nan,nan,nan,nan,nan,nan,nan,nan,nan,nan,nan,0.17117457929996738
1791059676.186555,-0.32302977413375117,0.8296129858389595,3.109737932605954,-0.06110899597202457,2.0076451231103714,0.16373991428710874,0.0,0.0,0.0,-0.06036542588938218,-0.4234741216351389,-0.18172567331816955,0.0022924494568178585,0.5555543098695711,0.0,0.0,-0.20032433104195843,3.2255130351028383,0.0006849660852146136,0.0004435588049231825,0.6104584700959658,0.0,0.0,-0.9497998052231374,1.7883422824675548,-0.008813071096564616,0.23338453798275585,nan,nan,nan,nan,nan,nan,nan,0.7951202504227656,0.0,0.0,1.4181518250057092,1.890642832931442,0.007807009203968785,0.15870020665762297,0.005858913206627912,0.0,0.0,-2.6567719637347107,1.5471807586530386,-0.17503522984887893,-0.014382193363096608,nan,nan,nan,nan,nan,nan,nan,nan,nan,nan,nan,nan,nan,nan,nan,nan,nan,nan,nan,nan,nan,nan,nan,nan,nan,nan,nan,nan,nan,nan,nan,nan,nan,nan,nan,nan,nan,nan,nan,nan,nan,nan,nan,nan,nan,nan,nan,nan,nan,nan,nan,nan,nan,nan,nan,nan,nan,nan,nan,nan,nan,nan,nan,0.1658110433471412
1791059676.2868817,-0.3399256712719414,0.8303426183429646,3.1086841086176737,-0.06098275709333483,2.007626810513217,0.1638131729694149,0.0,0.0,0.0,-0.07896676717632085,-0.42299685752773797,-0.18234478346778943,0.004492838907024378,0.5555543098695711,0.0,0.0,-0.20033821792884446,3.225479224960021,0.0021075224823367367,-0.0009637080406877021,0.6104584700959658,0.0,0.0,-0.9500690550916338,1.8109994153685887,-0.002340692560260798,0.22579580363611784,nan,nan,nan,nan,nan,nan,nan,0.7951202504227656,0.0,0.0,1.4186444121885595,1.9078044768618851,0.021020282164821723,0.15750809899400228,0.0065475279488356256,0.0,0.0,-2.6739645508928596,1.5459301567630266,-0.14864901380236323,-0.01214115759136597,nan,nan,nan,nan,nan,nan,nan,nan,nan,nan,nan,nan,nan,nan,nan,nan,nan,nan,nan,nan,nan,nan,nan,nan,nan,nan,nan,nan,nan,nan,nan,nan,nan,nan,nan,nan,nan,nan,nan,nan,nan,nan,nan,nan,nan,nan,nan,nan,nan,nan,nan,nan,nan,nan,nan,nan,nan,nan,nan,nan,nan,nan,nan,0.15566827537235212
1791059676.3866546,-0.35590053529216187,0.8309761514298657,3.1075309590304596,-0.06085394796655764,2.007607282156399,0.1638879335617706,0.0,0.0,0.0,-0.09792535291174087,-0.42286164573139773,-0.1853455324258809,0.006266845157126868,0.5555543098695711,0.0,0.0,-0.20034675289699913,3.2254931320679097,-0.0014656176447838472,0.0003506280306880249,0.6104584700959658,0.0,0.0,-0.950898226844756,1.8337848299554003,-0.003902430504136584,0.23322964018755132,nan,nan,nan,nan,nan,nan,nan,0.7951202504227656,0.0,0.0,1.4185082244392058,1.924877310593224,-0.00023522445867272656,0.17039682347452179,0.007525343309795049,0.0,0.0,-2.6919728686178823,1.5444385151448063,-0.1736215194224463,-0.014716397997272071,nan,nan,nan,nan,nan,nan,nan,nan,nan,nan,nan,nan,nan,nan,nan,nan,nan,nan,nan,nan,nan,nan,nan,nan,nan,nan,nan,nan,nan,nan,nan,nan,nan,nan,nan,nan,nan,nan,nan,nan,nan,nan,nan,nan,nan,nan,nan,nan,nan,nan,nan,nan,nan,nan,nan,nan,nan,nan,nan,nan,nan,nan,nan,0.14516353159109913
1791059676.4865983,-0.37112486424453534,0.8314634647274405,3.1086228479289373,-0.060713659150955494,2.0075864981223623,0.16396936881432925,0.0,0.0,0.0,-0.11793376330179031,-0.4228053071601559,-0.20342029447880527,0.009623476107123606,0.5555543098695711,0.0,0.0,-0.20034738704312374,3.225497290453597,-0.00223181300191546,0.0004882412074187336,0.6104584700959658,0.0,0.0,-0.9516250684431761,1.8564466059669,-0.01306317941554433,0.2217857358625704,nan,nan,nan,nan,nan,nan,nan,0.7951202504227656,0.0,0.0,1.4185410048525717,1.9408230301746758,0.00926113710243897,0.14708958347903914,0.006053222126806798,0.0,0.0,-2.7099610822234546,1.5432815935127369,-0.16036149791564766,-0.017296896900549613,nan,nan,nan,nan,nan,nan,nan,nan,nan,nan,nan,nan,nan,nan,nan,nan,nan,nan,nan,nan,nan,nan,nan,nan,nan,nan,nan,nan,nan,nan,nan,nan,nan,nan,nan,nan,nan,nan,nan,nan,nan,nan,nan,nan,nan,nan,nan,nan,nan,nan,nan,nan,nan,nan,nan,nan,nan,nan,nan,nan,nan,nan,nan,0.14392656329659886
1791059676.5866504,-0.38556887627586994,0.8322301746391796,3.1082398390631654,-0.060570496315305096,2.0075644062437417,0.1640524851180186,0.0,0.0,0.0,-0.1402203219129668,-0.4225321859883656,-0.24868209775505573,0.012777954318761697,0.5555543098695711,0.0,0.0,-0.20031187791261149,3.2254895275923,1.9682642433871433e-05,0.0003448675578600638,0.6104584700959658,0.0,0.0,-0.9525865606488026,1.8791626067260427,-0.0087702211679549,0.23793207768576713,nan,nan,nan,nan,nan,nan,nan,0.7951202504227656,0.0,0.0,1.4182326967986054,1.9573215369360517,0.023252115603416605,0.17271000524011532,0.005956636794295096,0.0,0.0,-2.7265767258303635,1.5419693958373595,-0.18681960357503924,-0.03318969920855895,nan,nan,nan,nan,nan,nan,nan,nan,nan,nan,nan,nan,nan,nan,nan,nan,nan,nan,nan,nan,nan,nan,nan,nan,nan,nan,nan,nan,nan,nan,nan,nan,nan,nan,nan,nan,nan,nan,nan,nan,nan,nan,nan,nan,nan,nan,nan,nan,nan,nan,nan,nan,nan,nan,nan,nan,nan,nan,nan,nan,nan,nan,nan,0.16264220380864472
1791059676.6866014,-0.3998958003229638,0.8327324277819957,3.1080369677134665,-0.06042001879424813,2.0075410302300356,0.16413986195485056,0.0,0.0,0.0,-0.15995695307876978,-0.42193170457214313,-0.19878367710526273,0.004475560307293359,0.5555543098695711,0.0,0.0,-0.20034202440399715,3.2254790299750455,0.0002277636101506329,-0.0008584591677734795,0.6104584700959658,0.0,0.0,-0.953526452855504,1.9018765087521843,-0.01297460004023812,0.2243318041319354,nan,nan,nan,nan,nan,nan,nan,0.7951202504227656,0.0,0.0,1.4179705777291236,1.9748797283383388,-0.015318425985187475,0.19008233268619038,0.006693639402428933,0.0,0.0,-2.743375336129577,1.540924218435253,-0.17337280113365364,-0.021243114944773694,nan,nan,nan,nan,nan,nan,nan,nan,nan,nan,nan,nan,nan,nan,nan,nan,nan,nan,nan,nan,nan,nan,nan,nan,nan,nan,nan,nan,nan,nan,nan,nan,nan,nan,nan,nan,nan,nan,nan,nan,nan,nan,nan,nan,nan,nan,nan,nan,nan,nan,nan,nan,nan,nan,nan,nan,nan,nan,nan,nan,nan,nan,nan,0.1468510687613453
1791059676.7865853,-0.41520583409509615,0.8333921036920813,3.110738518260026,-0.06025529699594894,2.007516250499624,0.16423552614357764,0.0,0.0,0.0,-0.18137887794491306,-0.42176325846219187,-0.216294779239067,-0.004837142704333181,0.5555543098695711,0.0,0.0,-0.2003546416825405,3.2254811387816527,-0.0018807671431866886,0.0006757057008773744,0.6104584700959658,0.0,0.0,-0.9539409176443712,1.9243395386804993,-0.030770710582912558,0.2263156395994848,nan,nan,nan,nan,nan,nan,nan,0.7951202504227656,0.0,0.0,1.417890270225883,1.9923164432357279,0.012170730164381794,0.16083974624550637,0.03222237287251088,0.0,0.0,-2.7619123268859505,1.53998806105512,-0.20801850237194797,-0.0012324382938818106,nan,nan,nan,nan,nan,nan,nan,nan,nan,nan,nan,nan,nan,nan,nan,nan,nan,nan,nan,nan,nan,nan,nan,nan,nan,nan,nan,nan,nan,nan,nan,nan,nan,nan,nan,nan,nan,nan,nan,nan,nan,nan,nan,nan,nan,nan,nan,nan,nan,nan,nan,nan,nan,nan,nan,nan,nan,nan,nan,nan,nan,nan,nan,0.14864161552167346
1791059676.8865733,-0.42979091898777716,0.8339838130222772,3.114851090817812,-0.060065261284254455,2.0074897490067922,0.16434591269900017,0.0,0.0,0.0,-0.20183721585131303,-0.42160198477066746,-0.2133752602397268,0.0006121968227393924,0.5555543098695711,0.0,0.0,-0.2003316201690766,3.2254642173269543,0.00032234654490282126,-0.0012680808030852593,0.6104584700959658,0.0,0.0,-0.9548479924729564,1.9471198348471392,0.008980850865450675,0.2389887819531567,nan,nan,nan,nan,nan,nan,nan,0.7951202504227656,0.0,0.0,1.4180873650570578,2.0091687133859426,0.027821230279142337,0.15971587113441763,0.00909879592611971,0.0,0.0,-2.781011883870692,1.5387400655196999,-0.20071958691185976,1.2937355354515753e-05,nan,nan,nan,nan,nan,nan,nan,nan,nan,nan,nan,nan,nan,nan,nan,nan,nan,nan,nan,nan,nan,nan,nan,nan,nan,nan,nan,nan,nan,nan,nan,nan,nan,nan,nan,nan,nan,nan,nan,nan,nan,nan,nan,nan,nan,nan,nan,nan,nan,nan,nan,nan,nan,nan,nan,nan,nan,nan,nan,nan,nan,nan,nan,0.16841995372486665
1791059676.9852479,-0.44549828759798665,0.8347710532729801,3.1141275424737196,-0.059858979265317885,2.0074612608626126,0.16446576168836302,0.0,0.0,0.0,-0.22135060148062705,-0.4214571803828653,-0.1986366744727014,0.001298433114572755,0.5555543098695711,0.0,0.0,-0.20031051016188103,3.225469206655764,0.001753286915578182,-0.001582413935954575,0.6104584700959658,0.0,0.0,-0.9557632774805547,1.9696521427378106,0.0020664387837581776,0.24067991348420856,nan,nan,nan,nan,nan,nan,nan,0.7951202504227656,0.0,0.0,1.4178735268059635,2.0266159102055155,-0.012867615003576197,0.18937572177620465,0.006501958877301978,0.0,0.0,-2.800681981303477,1.5375054026062938,-0.2194939569590772,-0.025297119082393016,nan,nan,nan,nan,nan,nan,nan,nan,nan,nan,nan,nan,nan,nan,nan,nan,nan,nan,nan,nan,nan,nan,nan,nan,nan,nan,nan,nan,nan,nan,nan,nan,nan,nan,nan,nan,nan,nan,nan,nan,nan,nan,nan,nan,nan,nan,nan,nan,nan,nan,nan,nan,nan,nan,nan,nan,nan,nan,nan,nan,nan,nan,nan,0.19683125076952473
1791059677.0854797,-0.46189148929594137,0.8355591917768622,3.1137340906568314,-0.059639430133153426,2.0074306003937994,0.16459334776831172,0.0,0.0,0.0,-0.24043398806736416,-0.4211582447198805,-0.19784823157720727,-0.0006606228891404751,0.5555543098695711,0.0,0.0,-0.20028655522486877,3.2254760197145935,0.0021722281541683456,5.888720631624494e-05,0.6104584700959658,0.0,0.0,-0.956525492807843,1.9923296249412594,-0.013520763775260142,0.23145074771318375,nan,nan,nan,nan,nan,nan,nan,0.7951202504227656,0.0,0.0,1.4176360678074469,2.0441717926137986,-0.028693576135545573,0.14270899851198157,0.006181038171904239,0.0,0.0,-2.8208160522734547,1.5364658582677135,-0.1886969853168472,0.0058685220546176526,nan,nan,nan,nan,nan,nan,nan,nan,nan,nan,nan,nan,nan,nan,nan,nan,nan,nan,nan,nan,nan,nan,nan,nan,nan,nan,nan,nan,nan,nan,nan,nan,nan,nan,nan,nan,nan,nan,nan,nan,nan,nan,nan,nan,nan,nan,nan,nan,nan,nan,nan,nan,nan,nan,nan,nan,nan,nan,nan,nan,nan,nan,nan,0.17168887630436275
1791059677.1865373,-0.4801290331888267,0.8363151987096525,3.1168212061033107,-0.05942933845797813,2.0073979944605393,0.16471546572150148,0.0,0.0,0.0,-0.2590650017478847,-0.42086784438587355,-0.1816498075890568,0.004775671415585089,0.5555543098695711,0.0,0.0,-0.2003273573284556,3.225480396381286,-4.8180799843581114e-05,-0.0013878871267067289,0.6104584700959658,0.0,0.0,-0.957319258652339,2.015056178938652,-0.01009198231388874,0.22685439317859468,nan,nan,nan,nan,nan,nan,nan,0.7951202504227656,0.0,0.0,1.4170157835163204,2.0645578821174895,-0.005961312142953805,0.22127580903659766,0.006282479718473415,0.0,0.0,-2.840867823076168,1.534889251897718,-0.21711480621197374,-0.02979533060700666,nan,nan,nan,nan,nan,nan,nan,nan,nan,nan,nan,nan,nan,nan,nan,nan,nan,nan,nan,nan,nan,nan,nan,nan,nan,nan,nan,nan,nan,nan,nan,nan,nan,nan,nan,nan,nan,nan,nan,nan,nan,nan,nan,nan,nan,nan,nan,nan,nan,nan,nan,nan,nan,nan,nan,nan,nan,nan,nan,nan,nan,nan,nan,0.1902873967196199
1791059677.2866096,-0.4971095227456993,0.8367798453259692,3.117496424712868,-0.0592122961175488,2.0073636480007453,0.1648416523430678,0.0,0.0,0.0,-0.27807032858023767,-0.42106965183059697,-0.18121554528887582,0.00045863854380010123,0.5555543098695711,0.0,0.0,-0.2003188646827908,3.2254755470223837,-0.001031629729069792,-0.001262210257559768,0.6104584700959658,0.0,0.0,-0.9586208396220838,2.0381257851471055,-0.02222122215991567,0.22046416159407003,nan,nan,nan,nan,nan,nan,nan,0.7951202504227656,0.0,0.0,1.4168809651334995,2.0858614544261593,0.017121344623494364,0.2108316158678923,0.014398616220589909,0.0,0.0,-2.8609163712347545,1.5339148346617937,-0.2203444824683486,-0.02702386224448504,nan,nan,nan,nan,nan,nan,nan,nan,nan,nan,nan,nan,nan,nan,nan,nan,nan,nan,nan,nan,nan,nan,nan,nan,nan,nan,nan,nan,nan,nan,nan,nan,nan,nan,nan,nan,nan,nan,nan,nan,nan,nan,nan,nan,nan,nan,nan,nan,nan,nan,nan,nan,nan,nan,nan,nan,nan,nan,nan,nan,nan,nan,nan,0.1698367917207136
1791059677.386923,-0.5140422486881334,0.8374922498200973,3.1158383651069466,0.021986161629827042,2.0068240403548074,0.21317259995523152,0.0,0.0,0.0,-0.29667049247359284,-0.4209052013928575,-0.19464460952965848,0.0024116929368563447,0.5555543098695711,0.0,0.0,-0.20030394438370747,3.225491832063902,0.0013561489977144845,0.00044559640208833705,0.6104584700959658,0.0,0.0,-0.959541502579585,2.0606812595118864,-0.0262693197495287,0.21715547863672974,nan,nan,nan,nan,nan,nan,nan,0.7951202504227656,0.0,0.0,1.416975762802091,2.1063133202543827,0.00870537241853083,0.18664353586390375,0.8689701973331935,0.0,0.0,-2.8734039242253817,1.5332717870685444,0.012599922067523384,0.012999667641469995,nan,nan,nan,nan,nan,nan,nan,nan,nan,nan,nan,nan,nan,nan,nan,nan,nan,nan,nan,nan,nan,nan,nan,nan,nan,nan,nan,nan,nan,nan,nan,nan,nan,nan,nan,nan,nan,nan,nan,nan,nan,nan,nan,nan,nan,nan,nan,nan,nan,nan,nan,nan,nan,nan,nan,nan,nan,nan,nan,nan,nan,nan,nan,0.1501166387368914
1791059677.4855351,-0.5314168481100581,0.8389645123384929,3.128428097512493,0.10648757683466009,2.007107612185771,0.26180420768954904,0.0,0.0,0.0,-0.31520434564366945,-0.42063837293317985,-0.18154959925133587,-0.0013871464052439082,0.5555543098695711,0.0,0.0,-0.2003349937662487,3.225490856212351,-0.00020547733732545275,-0.0009390468047056151,0.6104584700959658,0.0,0.0,-0.9603875296050519,2.083381408175315,-0.011597446963366754,0.22037954766545087,nan,nan,nan,nan,nan,nan,nan,0.7951202504227656,0.0,0.0,1.4176533683302566,2.1268266555946376,0.008194958858569554,0.21522215937611458,1.0546422088231002,0.0,0.0,-2.8739757745521244,1.53296739630134,0.0075830522758714245,0.014106895652372251,nan,nan,nan,nan,nan,nan,nan,nan,nan,nan,nan,nan,nan,nan,nan,nan,nan,nan,nan,nan,nan,nan,nan,nan,nan,nan,nan,nan,nan,nan,nan,nan,nan,nan,nan,nan,nan,nan,nan,nan,nan,nan,nan,nan,nan,nan,nan,nan,nan,nan,nan,nan,nan,nan,nan,nan,nan,nan,nan,nan,nan,nan,nan,0.23781469962853094
1791059677.586886,-0.5492887745696474,0.8394073387862772,3.128673211806459,0.17015306707503114,2.0101926159987444,0.2940605818084378,0.0,0.0,0.0,-0.33314075653033887,-0.420366445183262,-0.18708875299468558,0.003074470744655332,0.5555543098695711,0.0,0.0,-0.20031568058452295,3.2254986763131765,0.001971858012725494,0.0005384071042775962,0.6104584700959658,0.0,0.0,-0.9612937152114424,2.1066884814162523,0.01108958443516386,0.25176727440576324,nan,nan,nan,nan,nan,nan,nan,0.7951202504227656,0.0,0.0,1.418003767271701,2.1453365999708103,0.0025554687177228776,0.1349949657473107,0.8380219720075134,0.0,0.0,-2.8741443507134203,1.5329600253636837,0.0019417626552752404,0.0031502579602886906,nan,nan,nan,nan,nan,nan,nan,nan,nan,nan,nan,nan,nan,nan,nan,nan,nan,nan,nan,nan,nan,nan,nan,nan,nan,nan,nan,nan,nan,nan,nan,nan,nan,nan,nan,nan,nan,nan,nan,nan,nan,nan,nan,nan,nan,nan,nan,nan,nan,nan,nan,nan,nan,nan,nan,nan,nan,nan,nan,nan,nan,nan,nan,0.21752828233628183
1791059677.6869123,-0.5720300712906754,0.8399455892285831,3.1276225275162957,0.22721566229385373,2.016858613964848,0.3185178132899828,0.0,0.0,0.0,-0.3510446114908248,-0.4201652435180796,-0.17044275419265867,0.00032117218671632295,0.5555543098695711,0.0,0.0,-0.20032193436992754,3.2255070030048723,0.0021771907570353366,0.0007942026194033853,0.6104584700959658,0.0,0.0,-0.9621510474058822,2.1297314704003885,0.008829624172284466,0.2421412994059628,nan,nan,nan,nan,nan,nan,nan,0.7951202504227656,0.0,0.0,1.4182371320576872,2.1648492570229494,0.004289676724966244,0.2393113661625568,0.827080574700351,0.0,0.0,-2.8741034669373984,1.5329185670277816,0.0017186625244150068,5.0334124424613546e-05,nan,nan,nan,nan,nan,nan,nan,nan,nan,nan,nan,nan,nan,nan,nan,nan,nan,nan,nan,nan,nan,nan,nan,nan,nan,nan,nan,nan,nan,nan,nan,nan,nan,nan,nan,nan,nan,nan,nan,nan,nan,nan,nan,nan,nan,nan,nan,nan,nan,nan,nan,nan,nan,nan,nan,nan,nan,nan,nan,nan,nan,nan,nan,0.2412256718270193
1791059677.7869103,-0.5943830601170751,0.8409002883462592,3.1290767317681993,0.2835417865182297,2.0278069605797966,0.33827920617370844,0.0,0.0,0.0,-0.3684676937947261,-0.42008123484685367,-0.17881926084851724,0.00013938038902593873,0.5555543098695711,0.0,0.0,-0.20035412269692837,3.2255052701189024,-0.0057917998778425645,-0.0006043242695528588,0.6104584700959658,0.0,0.0,-0.9631548154283726,2.1524755127807795,-0.031046654558353794,0.21281478561207284,nan,nan,nan,nan,nan,nan,nan,0.7951202504227656,0.0,0.0,1.4186176611956225,2.18516346243274,0.04363083932205085,0.11372579425505963,0.9061167857486472,0.0,0.0,-2.874464976612565,1.5326348642335983,0.0010653543393184198,-0.0017507049136770408,nan,nan,nan,nan,nan,nan,nan,nan,nan,nan,nan,nan,nan,nan,nan,nan,nan,nan,nan,nan,nan,nan,nan,nan,nan,nan,nan,nan,nan,nan,nan,nan,nan,nan,nan,nan,nan,nan,nan,nan,nan,nan,nan,nan,nan,nan,nan,nan,nan,nan,nan,nan,nan,nan,nan,nan,nan,nan,nan,nan,nan,nan,nan,0.2305406191373994
1791059677.8869061,-0.6168308584248604,0.8417057991360885,3.12856433684008,0.3345929228163359,2.0434797154916393,0.35263531603515474,0.0,0.0,0.0,-0.386109632506326,-0.419813610560604,-0.18675118811866703,0.0017687772027916344,0.5555543098695711,0.0,0.0,-0.20031044089847452,3.225493866634345,0.0005178043872863249,-0.0010000911371255005,0.6104584700959658,0.0,0.0,-0.9642211806096788,2.176024304312538,-0.018022325597327762,0.23707535975560012,nan,nan,nan,nan,nan,nan,nan,0.7951202504227656,0.0,0.0,1.4187084423122158,2.204211301275779,0.0185502454063038,0.21344539743529461,0.9034014413446532,0.0,0.0,-2.8741391727533414,1.5329224927657332,0.001911398920346455,-0.0007452637879490972,nan,nan,nan,nan,nan,nan,nan,nan,nan,nan,nan,nan,nan,nan,nan,nan,nan,nan,nan,nan,nan,nan,nan,nan,nan,nan,nan,nan,nan,nan,nan,nan,nan,nan,nan,nan,nan,nan,nan,nan,nan,nan,nan,nan,nan,nan,nan,nan,nan,nan,nan,nan,nan,nan,nan,nan,nan,nan,nan,nan,nan,nan,nan,0.22663492749302463
1791059677.9869623,-0.6399484586835332,0.8424556620520803,3.1261694338273864,0.3792470998469621,2.0637163351027574,0.3627304243818709,0.0,0.0,0.0,-0.40365672148975,-0.4196941740684472,-0.16961523264818443,-0.0024093556131039705,0.5555543098695711,0.0,0.0,-0.20032463684596502,3.22548451375283,0.0020762487232297167,-0.0013264996340187996,0.6104584700959658,0.0,0.0,-0.9652671306433672,2.1989049511924605,0.005034145637635865,0.23429058744888717,nan,nan,nan,nan,nan,nan,nan,0.7951202504227656,0.0,0.0,1.4194440886546351,2.2189714025783265,0.02967160778074392,0.10877981733346954,0.870210505608647,0.0,0.0,-2.8745159782886156,1.5326333967968422,-0.0014861849011614,-0.0018291104295260264,nan,nan,nan,nan,nan,nan,nan,nan,nan,nan,nan,nan,nan,nan,nan,nan,nan,nan,nan,nan,nan,nan,nan,nan,nan,nan,nan,nan,nan,nan,nan,nan,nan,nan,nan,nan,nan,nan,nan,nan,nan,nan,nan,nan,nan,nan,nan,nan,nan,nan,nan,nan,nan,nan,nan,nan,nan,nan,nan,nan,nan,nan,nan,0.23949678137133337
1791059678.0869873,-0.6624034528297895,0.8433977867572368,3.126637686710669,0.4192207290777721,2.088107478716705,0.3700836629256413,0.0,0.0,0.0,-0.42060967541795524,-0.4195759538675928,-0.18094340673111758,0.002589457149526801,0.5555543098695711,0.0,0.0,-0.20030347581957034,3.225494416556401,0.0008558102210438816,-0.0002403463831544841,0.6104584700959658,0.0,0.0,-0.9668145253294523,2.22161998992632,-0.022724799715399313,0.21544154568685117,nan,nan,nan,nan,nan,nan,nan,0.7951202504227656,0.0,0.0,1.4188064599071046,2.2310753771446414,-0.020398283728444218,0.16258462445638572,0.8554091007059247,0.0,0.0,-2.874491981730873,1.5326614221063257,0.001446590744153833,0.0008383649012170628,nan,nan,nan,nan,nan,nan,nan,nan,nan,nan,nan,nan,nan,nan,nan,nan,nan,nan,nan,nan,nan,nan,nan,nan,nan,nan,nan,nan,nan,nan,nan,nan,nan,nan,nan,nan,nan,nan,nan,nan,nan,nan,nan,nan,nan,nan,nan,nan,nan,nan,nan,nan,nan,nan,nan,nan,nan,nan,nan,nan,nan,nan,nan,0.22821776948162523
1791059678.1869934,-0.6853290335093416,0.8440968178231512,3.1243618250682967,0.4432468561464449,2.1151826130001634,0.3738371824645567,0.0,0.0,0.0,-0.4382848534733054,-0.41933350248523416,-0.18026179260609723,0.0020407671065371157,0.5555543098695711,0.0,0.0,-0.20033152780761224,3.2254828625653054,0.0013963976766939276,-0.0015314918522529616,0.6104584700959658,0.0,0.0,-0.9678620307320459,2.2443025633673317,0.017553314882461802,0.24921596550401642,nan,nan,nan,nan,nan,nan,nan,0.7951202504227656,0.0,0.0,1.4190756611682893,2.236164304748477,-0.0012014682811394687,-0.00162463138042816,0.6453631048451933,0.0,0.0,-2.8741532807673247,1.5329229290149733,0.025469773442720833,0.022313888901466798,nan,nan,nan,nan,nan,nan,nan,nan,nan,nan,nan,nan,nan,nan,nan,nan,nan,nan,nan,nan,nan,nan,nan,nan,nan,nan,nan,nan,nan,nan,nan,nan,nan,nan,nan,nan,nan,nan,nan,nan,nan,nan,nan,nan,nan,nan,nan,nan,nan,nan,nan,nan,nan,nan,nan,nan,nan,nan,nan,nan,nan,nan,nan,0.2600295863301083
1791059678.286952,-0.7081014230119181,0.8451801018104428,3.124715950256208,0.47902075056622645,2.1448086196589204,0.3786209581201714,0.0,0.0,0.0,-0.4552917871089245,-0.4192171575967,-0.1688557078784274,0.0001875739479113208,0.5555543098695711,0.0,0.0,-0.2003105145096602,3.2254886862612118,-0.00044930086367164085,0.0006761909019866251,0.6104584700959658,0.0,0.0,-0.9697158219931847,2.266915847562979,-0.001552869040935126,0.23842822877877232,nan,nan,nan,nan,nan,nan,nan,0.7951202504227656,0.0,0.0,1.4192110300608427,2.2364482265793124,0.003011470256212041,-0.0024404664191485393,0.8723148034377469,0.0,0.0,-2.874505769707309,1.532652183052178,-0.0005084497761672174,0.00024896248861637233,nan,nan,nan,nan,nan,nan,nan,nan,nan,nan,nan,nan,nan,nan,nan,nan,nan,nan,nan,nan,nan,nan,nan,nan,nan,nan,nan,nan,nan,nan,nan,nan,nan,nan,nan,nan,nan,nan,nan,nan,nan,nan,nan,nan,nan,nan,nan,nan,nan,nan,nan,nan,nan,nan,nan,nan,nan,nan,nan,nan,nan,nan,nan,0.2363935737202755
1791059678.386923,-0.7308376758380214,0.8461009432234328,3.1235327923501597,0.5138795654718693,2.17805522762673,0.38247906373934737,0.0,0.0,0.0,-0.4725201806661383,-0.4190812818086618,-0.17612785078390894,0.004206029199743951,0.5555543098695711,0.0,0.0,-0.20031274070576893,3.2254980249997325,0.0002919986047042278,0.0007391406674049556,0.6104584700959658,0.0,0.0,-0.9714790289547313,2.289208113451089,-0.040324361443793255,0.2303516338737434,nan,nan,nan,nan,nan,nan,nan,0.7951202504227656,0.0,0.0,1.419223192630879,2.236447251768922,0.013674381645026117,-0.01115822394556444,0.9092271998943697,0.0,0.0,-2.874499838188148,1.5326231317271952,-0.000353378062944137,0.0005210008250229946,nan,nan,nan,nan,nan,nan,nan,nan,nan,nan,nan,nan,nan,nan,nan,nan,nan,nan,nan,nan,nan,nan,nan,nan,nan,nan,nan,nan,nan,nan,nan,nan,nan,nan,nan,nan,nan,nan,nan,nan,nan,nan,nan,nan,nan,nan,nan,nan,nan,nan,nan,nan,nan,nan,nan,nan,nan,nan,nan,nan,nan,nan,nan,0.22483953815622856
1791059678.4869173,-0.7538221407895944,0.8466211869534189,3.1207952804067802,0.5442459129523066,2.2144889564805474,0.38529009514245555,0.0,0.0,0.0,-0.4899294533388983,-0.4190486422945968,-0.16287476759288588,-0.0005865313779710316,0.5555543098695711,0.0,0.0,-0.2003064419939319,3.2254934886279965,0.001297094665984802,0.0002552617519357318,0.6104584700959658,0.0,0.0,-0.9722684301025141,2.311861663519839,0.0009318116299965751,0.20119092299069458,nan,nan,nan,nan,nan,nan,nan,0.7951202504227656,0.0,0.0,1.419041445762125,2.236603834622091,-0.011752513352400207,0.010759415954640836,0.8764653489418999,0.0,0.0,-2.8744911854534045,1.5326013812473038,0.0001889508648665787,0.001319096038818335,nan,nan,nan,nan,nan,nan,nan,nan,nan,nan,nan,nan,nan,nan,nan,nan,nan,nan,nan,nan,nan,nan,nan,nan,nan,nan,nan,nan,nan,nan,nan,nan,nan,nan,nan,nan,nan,nan,nan,nan,nan,nan,nan,nan,nan,nan,nan,nan,nan,nan,nan,nan,nan,nan,nan,nan,nan,nan,nan,nan,nan,nan,nan,0.2110556641138583
1791059678.585967,-0.7769883776919123,0.8476004867868692,3.120241602451497,0.4924540666725424,2.0037524697330085,0.38019452095320594,0.0,0.0,0.0,-0.5067995540474117,-0.4189740676031709,-0.18828843091793362,0.0011728663998456146,0.5555543098695711,0.0,0.0,-0.2003700746603706,3.225493134711784,-0.004950724479678888,-5.049532758345182e-05,0.6104584700959658,0.0,0.0,-0.9703927182482489,2.3230970715063104,-0.12337341186237927,0.20464600300876246,nan,nan,nan,nan,nan,nan,nan,0.7951202504227656,0.0,0.0,1.4190206113549984,2.236601619126743,-0.013864590346817236,0.012394942376305652,0.8764653489418999,0.0,0.0,-1.0218705111640665,2.3186183723611586,154.88908361679384,65.69935164507137,nan,nan,nan,nan,nan,nan,nan,nan,nan,nan,nan,nan,nan,nan,nan,nan,nan,nan,nan,nan,nan,nan,nan,nan,nan,nan,nan,nan,nan,nan,nan,nan,nan,nan,nan,nan,nan,nan,nan,nan,nan,nan,nan,nan,nan,nan,nan,nan,nan,nan,nan,nan,nan,nan,nan,nan,nan,nan,nan,nan,nan,nan,nan,0.245476316626876
1791059678.6865792,-0.7999813873050364,0.8485829407873493,3.1200079616242857,0.44561281655624935,1.8131595252172008,0.3741821572832688,0.0,0.0,0.0,-0.5243109699177936,-0.41889320632511995,-0.17777280806590878,0.0009681500408157549,0.5555543098695711,0.0,0.0,-0.20032271865571852,3.225511588913532,-0.00017838622510101305,0.001221569604203628,0.6104584700959658,0.0,0.0,-0.9749544696288929,2.357084687418428,0.00964287554270822,0.23967825406124843,nan,nan,nan,nan,nan,nan,nan,0.7951202504227656,0.0,0.0,1.4191927847705244,2.2364508681384696,0.002886106544689756,-0.0021958228338987045,0.8764653489418999,0.0,0.0,-1.0218705111640665,2.3186183723611586,154.88908361679384,65.69935164507137,nan,nan,nan,nan,nan,nan,nan,nan,nan,nan,nan,nan,nan,nan,nan,nan,nan,nan,nan,nan,nan,nan,nan,nan,nan,nan,nan,nan,nan,nan,nan,nan,nan,nan,nan,nan,nan,nan,nan,nan,nan,nan,nan,nan,nan,nan,nan,nan,nan,nan,nan,nan,nan,nan,nan,nan,nan,nan,nan,nan,nan,nan,nan,0.23661577902877223
1791059678.7865746,-0.8227046088086563,0.8495187960757276,3.1192751379501664,0.4032071503946618,1.6406145833587846,0.36731318015793174,0.0,0.0,0.0,-0.5416679718037318,-0.4187369159287799,-0.16734806127317275,-0.00016220745663148348,0.5555543098695711,0.0,0.0,-0.20034857985581261,3.2255104611003738,-0.0020532566595518028,0.00024319533579931252,0.6104584700959658,0.0,0.0,-0.9765007234346196,2.379726927956168,-0.02866095999191935,0.24064028019593217,nan,nan,nan,nan,nan,nan,nan,0.7951202504227656,0.0,0.0,1.4195872884697718,2.2363121115242333,0.028948275933275276,-0.010347087647251178,0.8764653489418999,0.0,0.0,-1.0218705111640665,2.3186183723611586,154.88908361679384,65.69935164507137,nan,nan,nan,nan,nan,nan,nan,nan,nan,nan,nan,nan,nan,nan,nan,nan,nan,nan,nan,nan,nan,nan,nan,nan,nan,nan,nan,nan,nan,nan,nan,nan,nan,nan,nan,nan,nan,nan,nan,nan,nan,nan,nan,nan,nan,nan,nan,nan,nan,nan,nan,nan,nan,nan,nan,nan,nan,nan,nan,nan,nan,nan,nan,0.23739632209260061
1791059678.8869712,-0.8453007119617114,0.8503840733672434,3.1181615456629648,0.3570603044858816,1.7022153558447564,0.3579811433309389,0.0,0.0,0.0,-0.5587606007792918,-0.4185901563447213,-0.1776592650009684,0.00646671087324908,0.5555543098695711,0.0,0.0,-0.20033779400448534,3.2255196457003574,-0.0013277534175767844,0.0014721013415201559,0.6104584700959658,0.0,0.0,-0.9776755562439766,2.4022795817607436,-0.027633823543152754,0.2329100472455153,nan,nan,nan,nan,nan,nan,nan,0.7951202504227656,0.0,0.0,1.4191710487297973,2.2364584173308133,0.00681595078788665,-0.009063209416972072,0.09277460921997917,0.0,0.0,-2.878062399503309,1.6432677527536856,-0.19489678685924972,-0.04925945941733971,nan,nan,nan,nan,nan,nan,nan,nan,nan,nan,nan,nan,nan,nan,nan,nan,nan,nan,nan,nan,nan,nan,nan,nan,nan,nan,nan,nan,nan,nan,nan,nan,nan,nan,nan,nan,nan,nan,nan,nan,nan,nan,nan,nan,nan,nan,nan,nan,nan,nan,nan,nan,nan,nan,nan,nan,nan,nan,nan,nan,nan,nan,nan,0.2382983610000468
1791059678.9872355,-0.8681653587618792,0.8515971867750269,3.1174026013360425,0.3905334414996881,1.7572268766688948,0.36495690374258083,0.0,0.0,0.0,-0.5761412545314174,-0.41843868280092705,-0.16508601662750125,0.00607517110851797,0.5555543098695711,0.0,0.0,-0.2003202131546497,3.225502006470758,-0.0006268158427824352,0.00027027352862954586,0.6104584700959658,0.0,0.0,-0.9765683560775442,2.4202168585577457,0.01366209147902004,0.2114243694967224,nan,nan,nan,nan,nan,nan,nan,0.7951202504227656,0.0,0.0,1.419208752252307,2.236452307711902,-0.011222179756957254,-0.0016936767406980301,0.8335126867136925,0.0,0.0,-2.8895200909745524,1.6428210785961697,0.001331779062443605,0.0019229078410320484,nan,nan,nan,nan,nan,nan,nan,nan,nan,nan,nan,nan,nan,nan,nan,nan,nan,nan,nan,nan,nan,nan,nan,nan,nan,nan,nan,nan,nan,nan,nan,nan,nan,nan,nan,nan,nan,nan,nan,nan,nan,nan,nan,nan,nan,nan,nan,nan,nan,nan,nan,nan,nan,nan,nan,nan,nan,nan,nan,nan,nan,nan,nan,0.20861089133979782
1791059679.087011,-0.8909587865436024,0.8526415788555475,3.11718292900176,0.42235957186274903,1.811847267162952,0.37060078424954446,0.0,0.0,0.0,-0.5931756608859042,-0.41834905195206046,-0.17004694997202036,-0.000699646870483164,0.5555543098695711,0.0,0.0,-0.20033808048759097,3.2255228651771097,-0.0012925593995604878,0.0013613301779266732,0.6104584700959658,0.0,0.0,-0.9797634528658994,2.4475839096115015,-0.03823627825926529,0.22049746615081772,nan,nan,nan,nan,nan,nan,nan,0.7951202504227656,0.0,0.0,1.4192108336868583,2.2364481578046327,0.005303721739672581,-0.007851162860523252,0.8374171473886106,0.0,0.0,-2.8898480108217974,1.6429102421293347,-0.011089574305955465,-0.001364268385150223,nan,nan,nan,nan,nan,nan,nan,nan,nan,nan,nan,nan,nan,nan,nan,nan,nan,nan,nan,nan,nan,nan,nan,nan,nan,nan,nan,nan,nan,nan,nan,nan,nan,nan,nan,nan,nan,nan,nan,nan,nan,nan,nan,nan,nan,nan,nan,nan,nan,nan,nan,nan,nan,nan,nan,nan,nan,nan,nan,nan,nan,nan,nan,0.21971564604057686
1791059679.1870286,-0.9138442793304993,0.8535871087722544,3.115698989006001,0.4514793811787445,1.866161268461396,0.3750193543939052,0.0,0.0,0.0,-0.6101534162906974,-0.418177701615105,-0.1754036244570002,0.005735791552332855,0.5555543098695711,0.0,0.0,-0.200351826961225,3.225513879883928,-0.0013610364304759205,0.0012720418931280112,0.6104584700959658,0.0,0.0,-0.980424405832534,2.4700717236864977,-0.005595340323129508,0.23477770804648732,nan,nan,nan,nan,nan,nan,nan,0.7951202504227656,0.0,0.0,1.4190353041688517,2.2365983062113948,-0.013292238582449685,0.01074664765737182,0.8223473476984262,0.0,0.0,-2.88981129651538,1.6430354393489472,-0.0048361082866511486,0.001928475737661052,nan,nan,nan,nan,nan,nan,nan,nan,nan,nan,nan,nan,nan,nan,nan,nan,nan,nan,nan,nan,nan,nan,nan,nan,nan,nan,nan,nan,nan,nan,nan,nan,nan,nan,nan,nan,nan,nan,nan,nan,nan,nan,nan,nan,nan,nan,nan,nan,nan,nan,nan,nan,nan,nan,nan,nan,nan,nan,nan,nan,nan,nan,nan,0.22176527603660973
1791059679.287012,-0.9367469072904904,0.8544684578127286,3.111527180030478,0.4782059384723864,1.9200948770969992,0.37852180876185193,0.0,0.0,0.0,-0.6270483501903741,-0.41809843585516243,-0.16387751607884052,0.0024416856125854497,0.5555543098695711,0.0,0.0,-0.20031659858916068,3.225495035982556,0.0013068206847392484,-0.001316109248359996,0.6104584700959658,0.0,0.0,-0.981811793115651,2.492932043622168,-0.026550356392174332,0.2416323299027415,nan,nan,nan,nan,nan,nan,nan,0.7951202504227656,0.0,0.0,1.4190161516139017,2.2365908282317375,-0.013896752385838906,0.010637304534285212,0.8089017768308259,0.0,0.0,-2.889829314859888,1.64298052933751,-0.004138566433420943,0.0017337522477004804,nan,nan,nan,nan,nan,nan,nan,nan,nan,nan,nan,nan,nan,nan,nan,nan,nan,nan,nan,nan,nan,nan,nan,nan,nan,nan,nan,nan,nan,nan,nan,nan,nan,nan,nan,nan,nan,nan,nan,nan,nan,nan,nan,nan,nan,nan,nan,nan,nan,nan,nan,nan,nan,nan,nan,nan,nan,nan,nan,nan,nan,nan,nan,0.2337759682247821
1791059679.386911,-0.9596867430710019,0.8553022954379063,3.1064458397186234,0.5012185274861666,1.9733906458781239,0.38116133203338143,0.0,0.0,0.0,-0.6436964461330263,-0.41790310569137074,-0.1642868224885658,0.0021770045269871854,0.5555543098695711,0.0,0.0,-0.2003363841395822,3.225515821300761,-0.0007124278811488098,0.0007497384202463435,0.6104584700959658,0.0,0.0,-0.9820259347583264,2.5074313810000386,0.001219356813089059,0.003342017951851843,nan,nan,nan,nan,nan,nan,nan,0.7951202504227656,0.0,0.0,1.4192090942389628,2.2364464154258923,0.0013838059641522876,0.000132547765649445,0.770757040680706,0.0,0.0,-2.889809878266211,1.6428704433660628,-0.00015157498161515832,0.0015074548168881436,nan,nan,nan,nan,nan,nan,nan,nan,nan,nan,nan,nan,nan,nan,nan,nan,nan,nan,nan,nan,nan,nan,nan,nan,nan,nan,nan,nan,nan,nan,nan,nan,nan,nan,nan,nan,nan,nan,nan,nan,nan,nan,nan,nan,nan,nan,nan,nan,nan,nan,nan,nan,nan,nan,nan,nan,nan,nan,nan,nan,nan,nan,nan,0.2380009800387441
1791059679.4869852,-0.9823231939016487,0.8562808901057133,3.103103419430429,0.5234507802891606,2.0259423484557963,0.3834163575904974,0.0,0.0,0.0,-0.6612607671920196,-0.41727894797776943,-0.2198649001284091,0.018161313649622642,0.5555543098695711,0.0,0.0,-0.2003165982542167,3.225499023793796,0.0022771346869388293,-0.0014532585141926197,0.6104584700959658,0.0,0.0,-0.9819921530485156,2.507951807207633,0.004850122196754366,-0.003794292297257852,nan,nan,nan,nan,nan,nan,nan,0.7951202504227656,0.0,0.0,1.4191674005902455,2.2364520808830592,-0.0006696591672599364,-2.561020560981175e-05,0.7756183662680309,0.0,0.0,-2.8898358835176197,1.6429279763393512,-0.001017855469149516,0.00632394327492928,nan,nan,nan,nan,nan,nan,nan,nan,nan,nan,nan,nan,nan,nan,nan,nan,nan,nan,nan,nan,nan,nan,nan,nan,nan,nan,nan,nan,nan,nan,nan,nan,nan,nan,nan,nan,nan,nan,nan,nan,nan,nan,nan,nan,nan,nan,nan,nan,nan,nan,nan,nan,nan,nan,nan,nan,nan,nan,nan,nan,nan,nan,nan,0.22550990406972127
1791059679.5877676,-1.004801336562304,0.8573582592017843,3.0987377892548515,0.5504355689473347,2.078432340990218,0.3858073429780699,0.0,0.0,0.0,-0.6786513663861384,-0.4170730844225556,-0.16319283816836017,0.00624277665293031,0.5555543098695711,0.0,0.0,-0.20034520658898194,3.225496051861043,-0.0023056495281080524,0.0007610362869973776,0.6104584700959658,0.0,0.0,-0.9817571593566509,2.5081229997824535,0.001096454959774203,0.0004381064484570567,nan,nan,nan,nan,nan,nan,nan,0.7951202504227656,0.0,0.0,1.4191973296442315,2.236450674135517,0.010883366864841712,-0.010283458290267198,0.8758793627901178,0.0,0.0,-2.8898548114370515,1.6428066544585762,-0.0033566351804129443,-0.011056840829256696,nan,nan,nan,nan,nan,nan,nan,nan,nan,nan,nan,nan,nan,nan,nan,nan,nan,nan,nan,nan,nan,nan,nan,nan,nan,nan,nan,nan,nan,nan,nan,nan,nan,nan,nan,nan,nan,nan,nan,nan,nan,nan,nan,nan,nan,nan,nan,nan,nan,nan,nan,nan,nan,nan,nan,nan,nan,nan,nan,nan,nan,nan,nan,0.2114782722739795
1791059679.6871617,-1.02744995230355,0.8585601348797701,3.0953706802390104,0.5740653160002004,2.1312082381828947,0.38762538166883426,0.0,0.0,0.0,-0.6962785832314368,-0.4167886519926003,-0.17574133987096258,0.0013748085117534406,0.5555543098695711,0.0,0.0,-0.20031989566030411,3.225472438974508,0.00018035547823506558,-0.0007057170343298994,0.6104584700959658,0.0,0.0,-0.9817471295908738,2.508098889519044,0.003315343519142248,-0.001386418315539882,nan,nan,nan,nan,nan,nan,nan,0.7951202504227656,0.0,0.0,1.4190151984406092,2.236588926530705,-0.012819650685361676,0.011230246990491043,0.8450256318182837,0.0,0.0,-2.889818460705325,1.6427098986826922,-0.0018348187968479633,-0.0025280939987639183,nan,nan,nan,nan,nan,nan,nan,nan,nan,nan,nan,nan,nan,nan,nan,nan,nan,nan,nan,nan,nan,nan,nan,nan,nan,nan,nan,nan,nan,nan,nan,nan,nan,nan,nan,nan,nan,nan,nan,nan,nan,nan,nan,nan,nan,nan,nan,nan,nan,nan,nan,nan,nan,nan,nan,nan,nan,nan,nan,nan,nan,nan,nan,0.21112371070524646
1791059679.7870533,-1.0500449350163141,0.8597061278439494,3.0902525663801583,0.594487145189495,2.1837591645199184,0.3890132443123612,0.0,0.0,0.0,-0.7141453907364701,-0.41642795932033067,-0.1729925793510954,0.010116763848875015,0.5555543098695711,0.0,0.0,-0.2003353616114339,3.225496106949426,-0.001347168184841608,0.0007374843209223066,0.6104584700959658,0.0,0.0,-0.9817451461264582,2.5081148924431953,0.0026706860063838867,0.0010018213687792738,nan,nan,nan,nan,nan,nan,nan,0.7951202504227656,0.0,0.0,1.4192128328880023,2.2364434048211295,0.0022494248479414994,-0.000810626495545658,0.8113185152918668,0.0,0.0,-2.889834418868841,1.6427650421661495,-0.0014611934595110915,0.004164896930485192,nan,nan,nan,nan,nan,nan,nan,nan,nan,nan,nan,nan,nan,nan,nan,nan,nan,nan,nan,nan,nan,nan,nan,nan,nan,nan,nan,nan,nan,nan,nan,nan,nan,nan,nan,nan,nan,nan,nan,nan,nan,nan,nan,nan,nan,nan,nan,nan,nan,nan,nan,nan,nan,nan,nan,nan,nan,nan,nan,nan,nan,nan,nan,0.22894862559510865
1791059679.8869908,-1.0726662948472538,0.8611166151533348,3.0862913230978917,0.6190699634179095,2.2364122868731093,0.3904840685349969,0.0,0.0,0.0,-0.7329224718795265,-0.41603830760021354,-0.19051899634200337,0.008409819019243647,0.5555543098695711,0.0,0.0,-0.20030193748825573,3.225483339807082,0.002072829800753714,-0.00016825410964366335,0.6104584700959658,0.0,0.0,-0.9818217366581701,2.508097831297246,-0.004162741563652424,-0.0009363879774211093,nan,nan,nan,nan,nan,nan,nan,0.7951202504227656,0.0,0.0,1.4191859418361141,2.236443912569919,-0.0008703511436134598,-0.00013964314076636574,0.9087507237605161,0.0,0.0,-2.8898352120550173,1.6427138747272405,-0.00361328128674665,-0.00794795232775564,nan,nan,nan,nan,nan,nan,nan,nan,nan,nan,nan,nan,nan,nan,nan,nan,nan,nan,nan,nan,nan,nan,nan,nan,nan,nan,nan,nan,nan,nan,nan,nan,nan,nan,nan,nan,nan,nan,nan,nan,nan,nan,nan,nan,nan,nan,nan,nan,nan,nan,nan,nan,nan,nan,nan,nan,nan,nan,nan,nan,nan,nan,nan,0.24096506456801728
1791059679.9869752,-1.0953035842389036,0.8625793826909907,3.0822769580100373,0.636679336889583,2.28900281381418,0.3914177225739226,0.0,0.0,0.0,-0.7517602494446842,-0.4157057489941263,-0.18710687609246424,0.004508717087659658,0.5555543098695711,0.0,0.0,-0.20031276420968364,3.225491505385136,0.00113746240769703,0.000260718673771631,0.6104584700959658,0.0,0.0,-0.981767060708217,2.5081062469188606,-0.0008125081001904848,-0.0002570041257485268,nan,nan,nan,nan,nan,nan,nan,0.7951202504227656,0.0,0.0,1.4191979128628693,2.2364416807746044,0.010004881575976276,-0.008641512940312821,0.8053390852100263,0.0,0.0,-2.8897806763687406,1.6428925262506668,0.0033538450541643556,0.006616244412530571,nan,nan,nan,nan,nan,nan,nan,nan,nan,nan,nan,nan,nan,nan,nan,nan,nan,nan,nan,nan,nan,nan,nan,nan,nan,nan,nan,nan,nan,nan,nan,nan,nan,nan,nan,nan,nan,nan,nan,nan,nan,nan,nan,nan,nan,nan,nan,nan,nan,nan,nan,nan,nan,nan,nan,nan,nan,nan,nan,nan,nan,nan,nan,0.23433062552266412
1791059680.086949,-1.117832563899428,0.8639734820804836,3.07834958302304,0.6550920165990778,2.3409522096668454,0.3922980784064187,0.0,0.0,0.0,-0.7705769147728652,-0.41540699560523153,-0.1885099449992254,0.009814488578031275,0.5555543098695711,0.0,0.0,-0.20032862355969297,3.2255005342145413,0.00014979746916113495,0.0005205674602737958,0.6104584700959658,0.0,0.0,-0.9818175119803575,2.508119780273243,-0.002723540276525148,0.0023320580542776676,nan,nan,nan,nan,nan,nan,nan,0.7951202504227656,0.0,0.0,1.419180683345295,2.2364305721067286,0.00012676885760292463,-0.0001929978707505271,0.8361944257935493,0.0,0.0,-2.8898117604361437,1.6429061735684645,0.00043171190797750046,-0.004689669947495163,nan,nan,nan,nan,nan,nan,nan,nan,nan,nan,nan,nan,nan,nan,nan,nan,nan,nan,nan,nan,nan,nan,nan,nan,nan,nan,nan,nan,nan,nan,nan,nan,nan,nan,nan,nan,nan,nan,nan,nan,nan,nan,nan,nan,nan,nan,nan,nan,nan,nan,nan,nan,nan,nan,nan,nan,nan,nan,nan,nan,nan,nan,nan,0.22113576298102547
1791059680.1875625,-1.1406783049478237,0.8655365117425254,3.075357485128701,0.6695528145033024,2.3920428273875123,0.39292684548394546,0.0,0.0,0.0,-0.7894483059936273,-0.41520070725466235,-0.20199401846778675,-0.0012869074337510389,0.5555543098695711,0.0,0.0,-0.20033000094562795,3.22550718922476,0.0015548956424631874,0.0009091081703216711,0.6104584700959658,0.0,0.0,-0.981817234558725,2.5080962538948977,-0.0038943685740626234,-0.0006811587614418437,nan,nan,nan,nan,nan,nan,nan,0.7951202504227656,0.0,0.0,1.4191854483165907,2.2364289480097703,0.01158886939494496,-0.010197210868390132,0.7799380761591156,0.0,0.0,-2.8898115641255187,1.6428310423810943,-0.00033625103971756645,-0.0010824974914780045,nan,nan,nan,nan,nan,nan,nan,nan,nan,nan,nan,nan,nan,nan,nan,nan,nan,nan,nan,nan,nan,nan,nan,nan,nan,nan,nan,nan,nan,nan,nan,nan,nan,nan,nan,nan,nan,nan,nan,nan,nan,nan,nan,nan,nan,nan,nan,nan,nan,nan,nan,nan,nan,nan,nan,nan,nan,nan,nan,nan,nan,nan,nan,0.22340142864000784
1791059680.287254,-1.1635472932427262,0.8674299531402805,3.070329301465967,0.6893502014322389,2.4426602257530563,0.39370657963261524,0.0,0.0,0.0,-0.8091442519707399,-0.41476594595818117,-0.19273358982371477,-0.005103711040354776,0.5555543098695711,0.0,0.0,-0.20034868573491346,3.2254862285452752,-0.000944923036225967,-0.002066464400863837,0.6104584700959658,0.0,0.0,-0.9818076355339884,2.508096124823464,-0.001312292685575536,0.0003308177330674919,nan,nan,nan,nan,nan,nan,nan,0.7951202504227656,0.0,0.0,1.4191934377133466,2.2364319986039236,-0.0004525605559563761,-0.0010256122467384842,0.8993313308953332,0.0,0.0,-2.889819489154788,1.642766123633025,-0.0014837867991914163,-0.007129400439552221,nan,nan,nan,nan,nan,nan,nan,nan,nan,nan,nan,nan,nan,nan,nan,nan,nan,nan,nan,nan,nan,nan,nan,nan,nan,nan,nan,nan,nan,nan,nan,nan,nan,nan,nan,nan,nan,nan,nan,nan,nan,nan,nan,nan,nan,nan,nan,nan,nan,nan,nan,nan,nan,nan,nan,nan,nan,nan,nan,nan,nan,nan,nan,0.22676027653497627
1791059680.3870296,-1.1865166280475155,0.8693912319049892,3.0672785290296614,0.708312589680789,2.493559891346041,0.3943738588332772,0.0,0.0,0.0,-0.8285752956438662,-0.414280424150492,-0.18724354453212982,-0.002359377008013629,0.5555543098695711,0.0,0.0,-0.2003596722420612,3.2255145316451936,-0.001029131726117415,0.0015956525699999792,0.6104584700959658,0.0,0.0,-0.9817622021796645,2.5081004620135814,0.003662726232551576,0.0005028832316786632,nan,nan,nan,nan,nan,nan,nan,0.7951202504227656,0.0,0.0,1.4191873094526266,2.236435037872144,0.00035024836546597806,-0.00018561062904097906,0.9090365865171758,0.0,0.0,-2.8898001906593813,1.6427312727106185,0.00344187357756888,-0.003240459610227145,nan,nan,nan,nan,nan,nan,nan,nan,nan,nan,nan,nan,nan,nan,nan,nan,nan,nan,nan,nan,nan,nan,nan,nan,nan,nan,nan,nan,nan,nan,nan,nan,nan,nan,nan,nan,nan,nan,nan,nan,nan,nan,nan,nan,nan,nan,nan,nan,nan,nan,nan,nan,nan,nan,nan,nan,nan,nan,nan,nan,nan,nan,nan,0.2323621423581412
1791059680.4873753,-1.209198638869863,0.871172213578918,3.0659119518095044,0.7226669412386264,2.5440768200413477,0.39483213801673545,0.0,0.0,0.0,-0.8485433770952867,-0.4135849955766493,-0.21068505340125226,0.016595556759499114,0.5555543098695711,0.0,0.0,-0.20035407349887957,3.2255009158582717,-0.00208741210446667,-0.00012727284118119284,0.6104584700959658,0.0,0.0,-0.9817937215564229,2.5080996922179133,0.001643108970288206,0.0020518539001040496,nan,nan,nan,nan,nan,nan,nan,0.7951202504227656,0.0,0.0,1.4191873219225009,2.236432313921731,0.0007400668047277606,-0.0016614607265335293,0.8344414923143384,0.0,0.0,-2.889823785683599,1.6428315734030101,-0.001890996524104334,0.009440490577525877,nan,nan,nan,nan,nan,nan,nan,nan,nan,nan,nan,nan,nan,nan,nan,nan,nan,nan,nan,nan,nan,nan,nan,nan,nan,nan,nan,nan,nan,nan,nan,nan,nan,nan,nan,nan,nan,nan,nan,nan,nan,nan,nan,nan,nan,nan,nan,nan,nan,nan,nan,nan,nan,nan,nan,nan,nan,nan,nan,nan,nan,nan,nan,0.23092328078126578
1791059680.587004,-1.2318826083774013,0.873012589170607,3.0647200930786753,0.7367476438310456,2.5936515048891873,0.39524583030486043,0.0,0.0,0.0,-0.867577616299741,-0.41333223973311717,-0.18001860008696924,0.00625591875587962,0.5555543098695711,0.0,0.0,-0.20030722183917604,3.2254858311163246,0.000887751781742454,-0.00022520610463781484,0.6104584700959658,0.0,0.0,-0.9818037285860415,2.508079490021907,-0.004326297686252724,-0.00014995512483928508,nan,nan,nan,nan,nan,nan,nan,0.7951202504227656,0.0,0.0,1.4192087352454819,2.2364374618358247,0.0022109899964557127,-0.0021529542837559644,0.8448524593739338,0.0,0.0,-2.8898026502053398,1.6427572861137882,0.00039664848741969823,0.0022043796597988868,nan,nan,nan,nan,nan,nan,nan,nan,nan,nan,nan,nan,nan,nan,nan,nan,nan,nan,nan,nan,nan,nan,nan,nan,nan,nan,nan,nan,nan,nan,nan,nan,nan,nan,nan,nan,nan,nan,nan,nan,nan,nan,nan,nan,nan,nan,nan,nan,nan,nan,nan,nan,nan,nan,nan,nan,nan,nan,nan,nan,nan,nan,nan,0.22640040032835143
1791059680.6870685,-1.2546234986569984,0.8752367936013123,3.063994825972287,0.7488233991427048,2.6422109487978402,0.39557443226233735,0.0,0.0,0.0,-0.8872208846463734,-0.41280438960097954,-0.2096253740722331,0.00968740392625625,0.5555543098695711,0.0,0.0,-0.20034840939021853,3.225508800888024,-0.0008194696906722756,0.0014092649185900045,0.6104584700959658,0.0,0.0,-0.981796070449281,2.5081164668866123,-0.003537626727761874,0.0014819044644549199,nan,nan,nan,nan,nan,nan,nan,0.7951202504227656,0.0,0.0,1.4191939875389437,2.2364201839127387,-0.001430222041088801,-0.0004930186087594217,0.8174265769193193,0.0,0.0,-2.889818662217282,1.6428683232651835,-0.0013280547483733702,0.006726868808896482,nan,nan,nan,nan,nan,nan,nan,nan,nan,nan,nan,nan,nan,nan,nan,nan,nan,nan,nan,nan,nan,nan,nan,nan,nan,nan,nan,nan,nan,nan,nan,nan,nan,nan,nan,nan,nan,nan,nan,nan,nan,nan,nan,nan,nan,nan,nan,nan,nan,nan,nan,nan,nan,nan,nan,nan,nan,nan,nan,nan,nan,nan,nan,0.2262253046904906
1791059680.7871227,-1.2774465642834945,0.8773730421126519,3.0621540418454885,0.7617421201969861,2.6897194451359647,0.39590112812890954,0.0,0.0,0.0,-0.9068640039291055,-0.4123472973371754,-0.18615553891527142,0.0064861184384254165,0.5555543098695711,0.0,0.0,-0.20032802096163402,3.2254904072891817,0.000976850610441046,-0.0007241050018069607,0.6104584700959658,0.0,0.0,-0.9818121648140441,2.508104015722948,-0.004868925387845931,-0.0006113984608799655,nan,nan,nan,nan,nan,nan,nan,0.7951202504227656,0.0,0.0,1.4191877358894986,2.2364370236078206,-0.00048557898224788504,-0.000212806969498714,0.8495136865526612,0.0,0.0,-2.8898246541713912,1.6428220392800146,0.001482305249257524,0.006024486571839365,nan,nan,nan,nan,nan,nan,nan,nan,nan,nan,nan,nan,nan,nan,nan,nan,nan,nan,nan,nan,nan,nan,nan,nan,nan,nan,nan,nan,nan,nan,nan,nan,nan,nan,nan,nan,nan,nan,nan,nan,nan,nan,nan,nan,nan,nan,nan,nan,nan,nan,nan,nan,nan,nan,nan,nan,nan,nan,nan,nan,nan,nan,nan,0.22625702197754582
1791059680.8869834,-1.3003168200387505,0.8793676741324107,3.0594161057054,0.7745835900005524,2.7364145323606657,0.39620219550363384,0.0,0.0,0.0,-0.9264670170205319,-0.41197778358831955,-0.20727348546270924,0.003018868198786827,0.5555543098695711,0.0,0.0,-0.20034016827186424,3.2254928824872846,-0.0018641339091623708,-0.0001588867324732173,0.6104584700959658,0.0,0.0,-0.9817596429558961,2.5081230022682592,-0.00106369702583477,0.00015849874224941525,nan,nan,nan,nan,nan,nan,nan,0.7951202504227656,0.0,0.0,1.4191839292403634,2.236447197398465,0.01106370290237401,-0.00892562196546134,0.8654509515562897,0.0,0.0,-2.8898174980156237,1.6429159918105745,0.00024450572700370204,0.008481710819449977,nan,nan,nan,nan,nan,nan,nan,nan,nan,nan,nan,nan,nan,nan,nan,nan,nan,nan,nan,nan,nan,nan,nan,nan,nan,nan,nan,nan,nan,nan,nan,nan,nan,nan,nan,nan,nan,nan,nan,nan,nan,nan,nan,nan,nan,nan,nan,nan,nan,nan,nan,nan,nan,nan,nan,nan,nan,nan,nan,nan,nan,nan,nan,0.2300156883383525
1791059680.9872024,-1.3231100635799198,0.8815393853189536,3.0582225242907133,0.786809810399718,2.7823818281575052,0.3964684474230057,0.0,0.0,0.0,-0.9465630925060423,-0.41139456448941764,-0.20293088245113358,0.0073026320074605555,0.5555543098695711,0.0,0.0,-0.20027711904913786,3.2255006993634256,0.0034269874248606964,0.0002969330777992128,0.6104584700959658,0.0,0.0,-0.9817584477267352,2.5081283006540707,2.5594900906795548e-05,0.001113071861031968,nan,nan,nan,nan,nan,nan,nan,0.7951202504227656,0.0,0.0,1.4192347188074277,2.236437332202148,0.0032839725908793316,0.0004242006027677215,0.8691803626352119,0.0,0.0,-2.8897710798337157,1.6428785059731141,0.0016641976746185633,0.005728572317510258,nan,nan,nan,nan,nan,nan,nan,nan,nan,nan,nan,nan,nan,nan,nan,nan,nan,nan,nan,nan,nan,nan,nan,nan,nan,nan,nan,nan,nan,nan,nan,nan,nan,nan,nan,nan,nan,nan,nan,nan,nan,nan,nan,nan,nan,nan,nan,nan,nan,nan,nan,nan,nan,nan,nan,nan,nan,nan,nan,nan,nan,nan,nan,0.23350061113365003
1791059681.0869353,-1.345944979767418,0.8837922001287888,3.055412238497012,0.7998599923289018,2.827768819087882,0.3967322500283642,0.0,0.0,0.0,-0.9657145854288863,-0.4110889326666219,-0.18912794211700296,0.0015533656630325686,0.5555543098695711,0.0,0.0,-0.2003266508680185,3.2254977507163614,-0.001299809088324364,1.9919395203704638e-05,0.6104584700959658,0.0,0.0,-0.9817429902817079,2.5081227354671314,0.0011280864455363387,-0.00039608513290043514,nan,nan,nan,nan,nan,nan,nan,0.7951202504227656,0.0,0.0,1.4192130328058934,2.2364507773380495,0.002794342696091998,-0.0017781215205558165,0.9117942226328215,0.0,0.0,-2.889823268481525,1.6428416267322419,0.002266478511303063,0.008903822737927574,nan,nan,nan,nan,nan,nan,nan,nan,nan,nan,nan,nan,nan,nan,nan,nan,nan,nan,nan,nan,nan,nan,nan,nan,nan,nan,nan,nan,nan,nan,nan,nan,nan,nan,nan,nan,nan,nan,nan,nan,nan,nan,nan,nan,nan,nan,nan,nan,nan,nan,nan,nan,nan,nan,nan,nan,nan,nan,nan,nan,nan,nan,nan,0.2349938668418037
1791059681.1866188,-1.368593196165716,0.885731567554287,3.0551617738270984,0.8098326020342497,2.872325699983309,0.39692058204571723,0.0,0.0,0.0,-0.9866440766131781,-0.4106881253243413,-0.2207520820789013,0.007143798762337665,0.5555543098695711,0.0,0.0,-0.20036765434496337,3.225495574107105,-0.000328443272002013,-0.000774891172002679,0.6104584700959658,0.0,0.0,-0.981744602410156,2.5081115592888588,0.0006667473831650523,-0.0008155358939992016,nan,nan,nan,nan,nan,nan,nan,0.7951202504227656,0.0,0.0,1.4192082833046424,2.236442404773013,-0.02150217290604825,0.007930745237667406,0.8515005503213484,0.0,0.0,-2.889807691739175,1.6428986292496757,-0.0013976427487756107,0.0037269231448108227,nan,nan,nan,nan,nan,nan,nan,nan,nan,nan,nan,nan,nan,nan,nan,nan,nan,nan,nan,nan,nan,nan,nan,nan,nan,nan,nan,nan,nan,nan,nan,nan,nan,nan,nan,nan,nan,nan,nan,nan,nan,nan,nan,nan,nan,nan,nan,nan,nan,nan,nan,nan,nan,nan,nan,nan,nan,nan,nan,nan,nan,nan,nan,0.2228166338769654
1791059681.2866573,-1.3911336411450541,0.88787920876275,3.054210686952893,0.8202430957287637,2.9157894116701626,0.3971056981836312,0.0,0.0,0.0,-1.0074845475947236,-0.4104095041812458,-0.2027861442461663,0.009674474353942444,0.5555543098695711,0.0,0.0,-0.20033808221036584,3.2254968365325527,-0.000701202322900694,-0.0008987020812571542,0.6104584700959658,0.0,0.0,-0.9817347423476861,2.5080769434809373,0.0011334076570043718,-0.0017658462685643409,nan,nan,nan,nan,nan,nan,nan,0.7951202504227656,0.0,0.0,1.4192007931605122,2.236434148502458,0.0010830448795650228,-0.0014049650450982654,0.8787322092874543,0.0,0.0,-2.8898434114269986,1.6427816935501696,-0.0028021109735361233,-0.003275548517090077,nan,nan,nan,nan,nan,nan,nan,nan,nan,nan,nan,nan,nan,nan,nan,nan,nan,nan,nan,nan,nan,nan,nan,nan,nan,nan,nan,nan,nan,nan,nan,nan,nan,nan,nan,nan,nan,nan,nan,nan,nan,nan,nan,nan,nan,nan,nan,nan,nan,nan,nan,nan,nan,nan,nan,nan,nan,nan,nan,nan,nan,nan,nan,0.22565239947741098
1791059681.3866117,-1.413568551201936,0.890472874143736,3.057559702080961,0.8324026236413583,2.958646696546087,0.3973079688627105,0.0,0.0,0.0,-1.0295082825817907,-0.41015449126056747,-0.22337985629487994,0.004048917763957641,0.5555543098695711,0.0,0.0,-0.20031451802879646,3.225502171917605,0.0008449651011542263,0.00045720353172688214,0.6104584700959658,0.0,0.0,-0.9817542005923099,2.5080836498886616,0.0006638232643511506,-0.0011455440040259897,nan,nan,nan,nan,nan,nan,nan,0.7951202504227656,0.0,0.0,1.4192003159291922,2.2364398636092,-0.0007554466286191244,0.0006443511536363201,0.9546397840794031,0.0,0.0,-2.8898260978145047,1.6427499875536986,-0.0019027590956505903,-0.005023210063361026,nan,nan,nan,nan,nan,nan,nan,nan,nan,nan,nan,nan,nan,nan,nan,nan,nan,nan,nan,nan,nan,nan,nan,nan,nan,nan,nan,nan,nan,nan,nan,nan,nan,nan,nan,nan,nan,nan,nan,nan,nan,nan,nan,nan,nan,nan,nan,nan,nan,nan,nan,nan,nan,nan,nan,nan,nan,nan,nan,nan,nan,nan,nan,0.2279824150012343
1791059681.4866974,-1.4361697308266397,0.8929829292758932,3.0607015567109244,0.8416250581616329,3.000801563290529,0.3974519618069481,0.0,0.0,0.0,-1.0514100986550892,-0.4097220141300918,-0.22065454572211352,0.0011961638745867352,0.5555543098695711,0.0,0.0,-0.20033018640055297,3.225490881875068,-0.0017152845292194218,9.253959920798248e-05,0.6104584700959658,0.0,0.0,-0.9817718561744343,2.5081115003084538,-0.0010056794045129498,2.7048652874331816e-05,nan,nan,nan,nan,nan,nan,nan,0.7951202504227656,0.0,0.0,1.4190382802329877,2.2366024951817716,-0.012221274869754514,0.012272487496866862,0.8876957476164491,0.0,0.0,-2.8897928275164366,1.642786847016788,0.0003977648640744487,-0.005295641316415235,nan,nan,nan,nan,nan,nan,nan,nan,nan,nan,nan,nan,nan,nan,nan,nan,nan,nan,nan,nan,nan,nan,nan,nan,nan,nan,nan,nan,nan,nan,nan,nan,nan,nan,nan,nan,nan,nan,nan,nan,nan,nan,nan,nan,nan,nan,nan,nan,nan,nan,nan,nan,nan,nan,nan,nan,nan,nan,nan,nan,nan,nan,nan,0.2130264132530193
1791059681.5868244,-1.4587683890301746,0.8952265133665269,3.0637924420736984,0.8496823382227425,3.04170495792107,0.39757148315194296,0.0,0.0,0.0,-1.0714263401015631,-0.4094078215583588,-0.18874885295127655,0.005420028062619679,0.5555543098695711,0.0,0.0,-0.20029932378851986,3.2254959632390596,-0.0012989471514968302,0.00021966660924544398,0.6104584700959658,0.0,0.0,-0.9817696347107738,2.5081148440827405,0.0001979577616618226,-0.0002482533772986492,nan,nan,nan,nan,nan,nan,nan,0.7951202504227656,0.0,0.0,1.4192237014343458,2.2364315882789394,0.0023493302354642754,0.0006457599484205339,0.8698814576991821,0.0,0.0,-2.889802722343986,1.6429106956994775,-0.0006503436431300037,0.006676777055476221,nan,nan,nan,nan,nan,nan,nan,nan,nan,nan,nan,nan,nan,nan,nan,nan,nan,nan,nan,nan,nan,nan,nan,nan,nan,nan,nan,nan,nan,nan,nan,nan,nan,nan,nan,nan,nan,nan,nan,nan,nan,nan,nan,nan,nan,nan,nan,nan,nan,nan,nan,nan,nan,nan,nan,nan,nan,nan,nan,nan,nan,nan,nan,0.22091535495697182
1791059681.6866317,-1.4815806398423945,0.8973595089784174,3.0661219818036427,0.8581024913570682,3.081378668619103,0.39769043555596895,0.0,0.0,0.0,-1.09163603258662,-0.40897339842496694,-0.21033243443573596,0.00129107029381296,0.5555543098695711,0.0,0.0,-0.20031926437361203,3.2254945961508397,0.0008211639124749573,2.693015818232015e-05,0.6104584700959658,0.0,0.0,-0.9817610914633889,2.5081160341113264,0.0011358905125080612,-0.0014546848088989174,nan,nan,nan,nan,nan,nan,nan,0.7951202504227656,0.0,0.0,1.419215242757806,2.236456438530931,0.0012957037066630866,0.0009697687686736226,0.8968037231404125,0.0,0.0,-2.889833956183776,1.6427484397324743,-0.004492492752135381,-0.011147085746535754,nan,nan,nan,nan,nan,nan,nan,nan,nan,nan,nan,nan,nan,nan,nan,nan,nan,nan,nan,nan,nan,nan,nan,nan,nan,nan,nan,nan,nan,nan,nan,nan,nan,nan,nan,nan,nan,nan,nan,nan,nan,nan,nan,nan,nan,nan,nan,nan,nan,nan,nan,nan,nan,nan,nan,nan,nan,nan,nan,nan,nan,nan,nan,0.23219046052080256
1791059681.7866526,-1.5043996679277243,0.8995355364975378,3.067443663264941,0.8640784957023816,3.119618626766169,0.3977713270673986,0.0,0.0,0.0,-1.1123972967234301,-0.4086607241867249,-0.2128790313005231,-0.008698478307224623,0.5555543098695711,0.0,0.0,-0.20031409555982818,3.2254935491005288,-0.0010894663233283893,-0.0008756422436451361,0.6104584700959658,0.0,0.0,-0.9817710908799512,2.50812913878951,-0.00016045980498154285,0.0005110561587725313,nan,nan,nan,nan,nan,nan,nan,0.7951202504227656,0.0,0.0,1.4191947431017826,2.2364542929518207,0.0022168077029408456,-0.0012247660737694115,0.8373767671267185,0.0,0.0,-2.889834192364613,1.6427659363107092,-0.00189716846460834,-0.00015602755162253637,nan,nan,nan,nan,nan,nan,nan,nan,nan,nan,nan,nan,nan,nan,nan,nan,nan,nan,nan,nan,nan,nan,nan,nan,nan,nan,nan,nan,nan,nan,nan,nan,nan,nan,nan,nan,nan,nan,nan,nan,nan,nan,nan,nan,nan,nan,nan,nan,nan,nan,nan,nan,nan,nan,nan,nan,nan,nan,nan,nan,nan,nan,nan,0.22678391361608102
1791059681.8866227,-1.527337951096088,0.9015645939480863,3.0668534258840934,0.8690322489242234,3.156009455694559,0.3978362410315288,0.0,0.0,0.0,-1.1329604943246003,-0.4082107404803685,-0.17325935205455156,-0.010014872829946113,0.5555543098695711,0.0,0.0,-0.2002762662264404,3.2254910054021595,0.003316388839704079,-0.001183770447464209,0.6104584700959658,0.0,0.0,-0.9817405255999867,2.5081078963946397,0.004471203565181747,-0.0008026674833138291,nan,nan,nan,nan,nan,nan,nan,0.7951202504227656,0.0,0.0,1.4190482065043386,2.2365888440105977,-0.010875492291252708,0.010008478942585221,0.8162699314941207,0.0,0.0,-2.889774290238205,1.6428200676745812,0.005383942666635144,0.011189726373364036,nan,nan,nan,nan,nan,nan,nan,nan,nan,nan,nan,nan,nan,nan,nan,nan,nan,nan,nan,nan,nan,nan,nan,nan,nan,nan,nan,nan,nan,nan,nan,nan,nan,nan,nan,nan,nan,nan,nan,nan,nan,nan,nan,nan,nan,nan,nan,nan,nan,nan,nan,nan,nan,nan,nan,nan,nan,nan,nan,nan,nan,nan,nan,0.22703619458602614
1791059681.9866548,-1.5503071185695978,0.9038646158772408,3.066492868990244,0.8770985161073365,3.1911107401796817,0.39793794105915437,0.0,0.0,0.0,-1.1547398918468152,-0.40743483668065533,-0.2296564544725415,-0.0012530970886031325,0.5555543098695711,0.0,0.0,-0.20033543644692686,3.2255131463993023,-0.0037165941720038896,0.0018070184808189377,0.6104584700959658,0.0,0.0,-0.9817628510390699,2.508128520194297,0.001713032936079873,0.0009916280826331068,nan,nan,nan,nan,nan,nan,nan,0.7951202504227656,0.0,0.0,1.419187970468649,2.2364393427275377,-0.0012804944135300297,0.0001826999034546025,0.9271305542842861,0.0,0.0,-2.8898464274645206,1.642970067665664,-0.00548900189856725,0.0007832685686536686,nan,nan,nan,nan,nan,nan,nan,nan,nan,nan,nan,nan,nan,nan,nan,nan,nan,nan,nan,nan,nan,nan,nan,nan,nan,nan,nan,nan,nan,nan,nan,nan,nan,nan,nan,nan,nan,nan,nan,nan,nan,nan,nan,nan,nan,nan,nan,nan,nan,nan,nan,nan,nan,nan,nan,nan,nan,nan,nan,nan,nan,nan,nan,0.23423413434990978
1791059682.08667,-1.5731895455956089,0.9056935253623838,3.069083701879061,0.8834290110690914,3.2252679547235092,0.3980144138624563,0.0,0.0,0.0,-1.1757038736894785,-0.40711132579140463,-0.2052977455950397,-0.014245038423440253,0.5555543098695711,0.0,0.0,-0.20028590448495553,3.225503438507031,0.002611643653755489,0.0012634408355641123,0.6104584700959658,0.0,0.0,-0.9817441195283112,2.5081077656953306,0.0012408847277545283,0.0009446602536583701,nan,nan,nan,nan,nan,nan,nan,0.7951202504227656,0.0,0.0,1.419150533206145,2.236443636752725,-0.009101388909466959,0.0018616865444597572,0.8840177323444686,0.0,0.0,-2.8898160436304376,1.6429240806996634,-0.0011566763267649148,0.004354086508222899,nan,nan,nan,nan,nan,nan,nan,nan,nan,nan,nan,nan,nan,nan,nan,nan,nan,nan,nan,nan,nan,nan,nan,nan,nan,nan,nan,nan,nan,nan,nan,nan,nan,nan,nan,nan,nan,nan,nan,nan,nan,nan,nan,nan,nan,nan,nan,nan,nan,nan,nan,nan,nan,nan,nan,nan,nan,nan,nan,nan,nan,nan,nan,0.23702248273888882
1791059682.186586,-1.596131258180581,0.9076372559586448,3.0694652550091623,0.8891228239263513,3.2581869026075965,0.39808078161881416,0.0,0.0,0.0,-1.1963173925485733,-0.4065637074768705,-0.1987286682302073,0.007532128531758095,0.5555543098695711,0.0,0.0,-0.20029145879205748,3.2255111060548693,0.006790666502394029,0.0001317449931082116,0.6104584700959658,0.0,0.0,-0.981778141399785,2.508110113435143,-1.4357918163200199e-05,0.0014862045642988124,nan,nan,nan,nan,nan,nan,nan,0.7951202504227656,0.0,0.0,1.4191901834528968,2.236435072709143,0.011952374088021816,-0.00887387250142055,0.8759938518331236,0.0,0.0,-2.8898570639555796,1.6429252227270112,-0.0046299553703379,0.0006165671917183902,nan,nan,nan,nan,nan,nan,nan,nan,nan,nan,nan,nan,nan,nan,nan,nan,nan,nan,nan,nan,nan,nan,nan,nan,nan,nan,nan,nan,nan,nan,nan,nan,nan,nan,nan,nan,nan,nan,nan,nan,nan,nan,nan,nan,nan,nan,nan,nan,nan,nan,nan,nan,nan,nan,nan,nan,nan,nan,nan,nan,nan,nan,nan,0.2385629148014493
1791059682.2866259,-1.6189916935197743,0.9097160553137149,3.0711097838780392,0.8936917002657618,3.2897087601239394,0.39813243675421517,0.0,0.0,0.0,-1.2174397649514412,-0.4064752547479619,-0.21255916815616052,-0.014453638062122343,0.5555543098695711,0.0,0.0,-0.2003319973136668,3.2255137713734703,-0.002063844153583417,0.0021386673292560915,0.6104584700959658,0.0,0.0,-0.9817706460011948,2.5080911821122354,0.000761018089303175,-0.0004465726548793725,nan,nan,nan,nan,nan,nan,nan,0.7951202504227656,0.0,0.0,1.4191836250875751,2.2364314012600546,0.0008351271659705628,-0.0015685706825297337,0.8491819635676603,0.0,0.0,-2.889836518965128,1.6428425986917246,0.000389138654244464,-0.0025168353208797536,nan,nan,nan,nan,nan,nan,nan,nan,nan,nan,nan,nan,nan,nan,nan,nan,nan,nan,nan,nan,nan,nan,nan,nan,nan,nan,nan,nan,nan,nan,nan,nan,nan,nan,nan,nan,nan,nan,nan,nan,nan,nan,nan,nan,nan,nan,nan,nan,nan,nan,nan,nan,nan,nan,nan,nan,nan,nan,nan,nan,nan,nan,nan,0.23371540553781842
1791059682.3865776,-1.6416946914336554,0.9118512063022158,3.0722889222698297,0.8975646205465907,3.3196543531285716,0.398175138249406,0.0,0.0,0.0,-1.2401563803361841,-0.40595390060620495,-0.21804985262559434,-0.0032477296576501756,0.5555543098695711,0.0,0.0,-0.2002913776845089,3.2254801457552724,0.0013625529308238893,-0.0016378921123564886,0.6104584700959658,0.0,0.0,-0.9817796630075457,2.508092419551779,-0.00115424358788401,0.0012628168457696092,nan,nan,nan,nan,nan,nan,nan,0.7951202504227656,0.0,0.0,1.4191943706625347,2.2364379896904545,-8.342927610077347e-05,-0.0003816252832018878,0.8342359244147538,0.0,0.0,-2.8897648377783476,1.642862317267523,0.0040478765164426705,0.00770049256236235,nan,nan,nan,nan,nan,nan,nan,nan,nan,nan,nan,nan,nan,nan,nan,nan,nan,nan,nan,nan,nan,nan,nan,nan,nan,nan,nan,nan,nan,nan,nan,nan,nan,nan,nan,nan,nan,nan,nan,nan,nan,nan,nan,nan,nan,nan,nan,nan,nan,nan,nan,nan,nan,nan,nan,nan,nan,nan,nan,nan,nan,nan,nan,0.2295340929628367
1791059682.4865985,-1.66447526399605,0.9138789132820343,3.0729117943961084,0.9022268027815765,3.348222676373176,0.39822525456676794,0.0,0.0,0.0,-1.262291852880309,-0.4049461107447794,-0.21303473425039612,0.0142119602491401,0.5555543098695711,0.0,0.0,-0.20028941383484797,3.2254824414191083,-0.00043889195889780215,0.00045057590498159724,0.6104584700959658,0.0,0.0,-0.9818415357836208,2.5080658545320698,-0.003741603215660879,-0.00038203648681494305,nan,nan,nan,nan,nan,nan,nan,0.7951202504227656,0.0,0.0,1.4191989045495488,2.2364334936282786,0.002015907383369474,-0.002552589425417519,0.8688317729812766,0.0,0.0,-2.8898131768856374,1.6426870119702515,0.0028129843449624234,0.00656120901549263,nan,nan,nan,nan,nan,nan,nan,nan,nan,nan,nan,nan,nan,nan,nan,nan,nan,nan,nan,nan,nan,nan,nan,nan,nan,nan,nan,nan,nan,nan,nan,nan,nan,nan,nan,nan,nan,nan,nan,nan,nan,nan,nan,nan,nan,nan,nan,nan,nan,nan,nan,nan,nan,nan,nan,nan,nan,nan,nan,nan,nan,nan,nan,0.2306482502525066
1791059682.5867376,-1.6874545432493888,0.9156654082608677,3.0713804531999283,0.9061005031239052,3.3755333112047907,0.39826585112478186,0.0,0.0,0.0,-1.285010155537533,-0.40436068305038175,-0.22375320111120534,0.015333166796904382,0.5555543098695711,0.0,0.0,-0.20030837659355585,3.2254950641118776,0.0018004374001104307,-0.00015943696388392504,0.6104584700959658,0.0,0.0,-0.9817578899695477,2.5081243751359867,-0.0009739476583769499,0.0012415394204502628,nan,nan,nan,nan,nan,nan,nan,0.7951202504227656,0.0,0.0,1.4192192288943484,2.236438085871963,0.0009593824565703443,0.0001586542181459653,0.8506545733345731,0.0,0.0,-2.88981087386916,1.6427466583801353,0.0037591175828970863,0.01001364736668005,nan,nan,nan,nan,nan,nan,nan,nan,nan,nan,nan,nan,nan,nan,nan,nan,nan,nan,nan,nan,nan,nan,nan,nan,nan,nan,nan,nan,nan,nan,nan,nan,nan,nan,nan,nan,nan,nan,nan,nan,nan,nan,nan,nan,nan,nan,nan,nan,nan,nan,nan,nan,nan,nan,nan,nan,nan,nan,nan,nan,nan,nan,nan,0.23311805001271593
1791059682.6868386,-1.7103025550969475,0.9173839927041485,3.0693651708305265,0.9100685390064565,3.401597442902216,0.3983064777704868,0.0,0.0,0.0,-1.3077115039061669,-0.4036015937780725,-0.24542736225904474,0.015476788954746733,0.5555543098695711,0.0,0.0,-0.20029274384253928,3.225475446094901,0.0015544379776316597,1.9631817525898963e-05,0.6104584700959658,0.0,0.0,-0.9817849525029801,2.508113967788686,-0.002993887733976541,-0.00024948667004760176,nan,nan,nan,nan,nan,nan,nan,0.7951202504227656,0.0,0.0,1.4191987429306403,2.2364266415451364,0.0026628774632995425,-0.0022283542333403957,0.8624947293138987,0.0,0.0,-2.8898227913641876,1.6427813401377327,-0.0015575853173388863,0.006618344672431025,nan,nan,nan,nan,nan,nan,nan,nan,nan,nan,nan,nan,nan,nan,nan,nan,nan,nan,nan,nan,nan,nan,nan,nan,nan,nan,nan,nan,nan,nan,nan,nan,nan,nan,nan,nan,nan,nan,nan,nan,nan,nan,nan,nan,nan,nan,nan,nan,nan,nan,nan,nan,nan,nan,nan,nan,nan,nan,nan,nan,nan,nan,nan,0.23767736754491484
1791059682.7867012,-1.7330299548323742,0.9191141379426566,3.0660396103021026,0.9133472601929613,3.426433332204216,0.39833933077161204,0.0,0.0,0.0,-1.3291098085392603,-0.4021742643971579,-0.2541188848541926,0.025012375305561843,0.5555543098695711,0.0,0.0,-0.2003635381744692,3.2254906291679073,-0.0022433921533093005,-5.9225838508432125e-05,0.6104584700959658,0.0,0.0,-0.9817648161972942,2.5081101048856294,0.0017752857252988827,0.0012530595721496867,nan,nan,nan,nan,nan,nan,nan,0.7951202504227656,0.0,0.0,1.4195870648493705,2.2362976997514017,0.029876795804480723,-0.01293121235901438,0.8458468906620564,0.0,0.0,-2.889809619751568,1.64282318320331,0.00014271032295621862,-0.0025493535303129414,nan,nan,nan,nan,nan,nan,nan,nan,nan,nan,nan,nan,nan,nan,nan,nan,nan,nan,nan,nan,nan,nan,nan,nan,nan,nan,nan,nan,nan,nan,nan,nan,nan,nan,nan,nan,nan,nan,nan,nan,nan,nan,nan,nan,nan,nan,nan,nan,nan,nan,nan,nan,nan,nan,nan,nan,nan,nan,nan,nan,nan,nan,nan,0.22306990500334045
1791059682.8868399,-1.7554070881408537,0.9209428136447233,3.0582649521045524,0.9184861839814168,3.4503814906032484,0.39838955072417453,0.0,0.0,0.0,-1.3487699506757551,-0.4015988631941216,-0.18151332185407473,-0.008355537602642574,0.5555543098695711,0.0,0.0,-0.20029534195340978,3.2255068857957774,0.0007872894319893031,7.517260968350527e-05,0.6104584700959658,0.0,0.0,-0.9817386959278268,2.508076165779886,0.004297805126544735,-0.0011648701363152054,nan,nan,nan,nan,nan,nan,nan,0.7951202504227656,0.0,0.0,1.4192016777081597,2.236447834740865,-0.0032323752796223465,0.0007538662233074967,0.9335053325766639,0.0,0.0,-2.889772437522713,1.6428029767400825,0.0024344409617550753,-0.0034966001988184026,nan,nan,nan,nan,nan,nan,nan,nan,nan,nan,nan,nan,nan,nan,nan,nan,nan,nan,nan,nan,nan,nan,nan,nan,nan,nan,nan,nan,nan,nan,nan,nan,nan,nan,nan,nan,nan,nan,nan,nan,nan,nan,nan,nan,nan,nan,nan,nan,nan,nan,nan,nan,nan,nan,nan,nan,nan,nan,nan,nan,nan,nan,nan,0.2470234562894125
1791059682.9866822,-1.7781204544146112,0.9223821073123903,3.067894993450732,0.9217236470737068,3.4734973413974104,0.398420409131223,0.0,0.0,0.0,-1.3704775096800776,-0.40089393291865877,-0.20916776233022844,0.0041507435899981,0.5555543098695711,0.0,0.0,-0.20031961385344452,3.225488447786627,0.0021917178046947615,-0.0006257087744833949,0.6104584700959658,0.0,0.0,-0.9817414063525614,2.508086372674945,0.001131633902888183,-0.0011847834144843288,nan,nan,nan,nan,nan,nan,nan,0.7951202504227656,0.0,0.0,1.4192088761180162,2.2364387692077043,0.0006266409833860648,0.00015952154955710716,0.8658564235927507,0.0,0.0,-2.8898370374322018,1.6427876707081672,-0.002413758720876864,-0.0030173944160493084,nan,nan,nan,nan,nan,nan,nan,nan,nan,nan,nan,nan,nan,nan,nan,nan,nan,nan,nan,nan,nan,nan,nan,nan,nan,nan,nan,nan,nan,nan,nan,nan,nan,nan,nan,nan,nan,nan,nan,nan,nan,nan,nan,nan,nan,nan,nan,nan,nan,nan,nan,nan,nan,nan,nan,nan,nan,nan,nan,nan,nan,nan,nan,0.2346322962573153
1791059683.0868375,-1.800538946879803,0.9246332297619222,3.0687663592295307,0.9257486575029624,3.4956990000002666,0.3984579541061495,0.0,0.0,0.0,-1.3921184518493517,-0.40021644975537923,-0.22578232271362442,0.005710162300134116,0.5555543098695711,0.0,0.0,-0.20035234557444,3.2254953697115365,-0.003123347722102756,0.0005413293473915772,0.6104584700959658,0.0,0.0,-0.9818066534827704,2.5081144495206957,-0.002622246396126973,-0.0014721820527789395,nan,nan,nan,nan,nan,nan,nan,0.7951202504227656,0.0,0.0,1.4192137669691225,2.2364435288216766,0.0019260927307315958,4.394631471926457e-05,0.9096205511371962,0.0,0.0,-2.8898067092821242,1.6427426945499437,-0.00108146125065169,-0.002454604596291067,nan,nan,nan,nan,nan,nan,nan,nan,nan,nan,nan,nan,nan,nan,nan,nan,nan,nan,nan,nan,nan,nan,nan,nan,nan,nan,nan,nan,nan,nan,nan,nan,nan,nan,nan,nan,nan,nan,nan,nan,nan,nan,nan,nan,nan,nan,nan,nan,nan,nan,nan,nan,nan,nan,nan,nan,nan,nan,nan,nan,nan,nan,nan,0.23449336507429572
1791059683.1872966,-1.82137475153253,0.9260487033944985,3.075050886756705,0.9298149275484558,3.5172107714525342,0.39849498127674504,0.0,0.0,0.0,-1.4123249347539732,-0.3994278075684568,-0.2089019057919194,0.008957976923835568,0.5555543098695711,0.0,0.0,-0.2003306201985471,3.225491049933274,-0.0018179246321759755,-0.000528750343472916,0.6104584700959658,0.0,0.0,-0.9817817481352766,2.5081181218677115,-0.0007288130194826226,0.0005804161681393897,nan,nan,nan,nan,nan,nan,nan,0.7951202504227656,0.0,0.0,1.4191660267496635,2.2364357915413917,0.009069905130559067,-0.00960384415121226,0.9267060181094957,0.0,0.0,-2.889766758297765,1.6426652548610972,0.0015011565478770428,-0.008559264120157839,nan,nan,nan,nan,nan,nan,nan,nan,nan,nan,nan,nan,nan,nan,nan,nan,nan,nan,nan,nan,nan,nan,nan,nan,nan,nan,nan,nan,nan,nan,nan,nan,nan,nan,nan,nan,nan,nan,nan,nan,nan,nan,nan,nan,nan,nan,nan,nan,nan,nan,nan,nan,nan,nan,nan,nan,nan,nan,nan,nan,nan,nan,nan,0.22182984604995276
1791059683.2866888,-1.844029683223848,0.9280892094230544,3.0777514553749605,0.9321808850080251,3.537804038893238,0.39851611651085905,0.0,0.0,0.0,-1.4319193987285457,-0.4001203721113012,-0.2126589167867447,0.0038343631913283303,0.5555543098695711,0.0,0.0,-0.2002762197474634,3.225501942125066,-0.012563192402403195,0.00794574565733017,0.6104584700959658,0.0,0.0,-0.9818118895561863,2.508103054628007,-0.0038741640087530975,0.0005188297635560627,nan,nan,nan,nan,nan,nan,nan,0.7951202504227656,0.0,0.0,1.4191550411443326,2.2364536685505083,0.005880325812930536,-0.007705117289932385,0.8618762777559081,0.0,0.0,-2.8898065202862666,1.6427846064560918,-0.0015026042646241796,0.00235650732681909,nan,nan,nan,nan,nan,nan,nan,nan,nan,nan,nan,nan,nan,nan,nan,nan,nan,nan,nan,nan,nan,nan,nan,nan,nan,nan,nan,nan,nan,nan,nan,nan,nan,nan,nan,nan,nan,nan,nan,nan,nan,nan,nan,nan,nan,nan,nan,nan,nan,nan,nan,nan,nan,nan,nan,nan,nan,nan,nan,nan,nan,nan,nan,0.2249181620352501
1791059683.3867593,-1.8667841825271196,0.9301904327493721,3.080717636722529,0.9344996281122416,3.5572706438492943,0.39853654302677965,0.0,0.0,0.0,-1.4544205402778312,-0.39992268146126125,-0.2324299211302065,0.0004517423126341304,0.5555543098695711,0.0,0.0,-0.200316212892421,3.2254827669987645,-0.0008003080835922577,-0.0011325130775685708,0.6104584700959658,0.0,0.0,-0.9817393320005656,2.508077774898931,0.003283108677962437,-0.0005863762653693942,nan,nan,nan,nan,nan,nan,nan,0.7951202504227656,0.0,0.0,1.41920439887338,2.236455187034581,0.0008427173172574046,-0.00012659593392857533,0.865671938865071,0.0,0.0,-2.889849507555385,1.642654080252601,-0.003729000198363622,-0.007383847422220359,nan,nan,nan,nan,nan,nan,nan,nan,nan,nan,nan,nan,nan,nan,nan,nan,nan,nan,nan,nan,nan,nan,nan,nan,nan,nan,nan,nan,nan,nan,nan,nan,nan,nan,nan,nan,nan,nan,nan,nan,nan,nan,nan,nan,nan,nan,nan,nan,nan,nan,nan,nan,nan,nan,nan,nan,nan,nan,nan,nan,nan,nan,nan,0.2341567328011187
1791059683.4866543,-1.8894845212532598,0.9322630317015794,3.081980946631927,0.9352524919751549,3.5754158370034888,0.39854311479828824,0.0,0.0,0.0,-1.4770742856025523,-0.3954724712649715,-0.24539768871965068,0.011578223420294144,0.5555543098695711,0.0,0.0,-0.20031707591368586,3.2254964378120166,0.0016422907015629195,-0.0010917236003377484,0.6104584700959658,0.0,0.0,-0.9818093555385726,2.5081101663139385,-0.003830234791071747,-0.0001457465399741144,nan,nan,nan,nan,nan,nan,nan,0.7951202504227656,0.0,0.0,1.4191819556252343,2.2364583915498577,-0.0018025901796162223,-0.00032842151169573425,0.8090674835969162,0.0,0.0,-2.8898259947196197,1.6428646594824428,0.0006789401084458903,0.016023171063678128,nan,nan,nan,nan,nan,nan,nan,nan,nan,nan,nan,nan,nan,nan,nan,nan,nan,nan,nan,nan,nan,nan,nan,nan,nan,nan,nan,nan,nan,nan,nan,nan,nan,nan,nan,nan,nan,nan,nan,nan,nan,nan,nan,nan,nan,nan,nan,nan,nan,nan,nan,nan,nan,nan,nan,nan,nan,nan,nan,nan,nan,nan,nan,0.2298343948634303
1791059683.5866387,-1.9122740856163696,0.9342314207618417,3.0827829529755006,0.9375103692795053,3.592384318927024,0.39856264807466624,0.0,0.0,0.0,-1.498050678913731,-0.3953036496396839,-0.19384067658214926,-0.015819302681753675,0.5555543098695711,0.0,0.0,-0.20029422138371913,3.2255032579865586,0.0007606587294611322,-0.00017673110591701644,0.6104584700959658,0.0,0.0,-0.981811709273248,2.5080949707512157,-0.0010111410385615894,-0.00047081182446365036,nan,nan,nan,nan,nan,nan,nan,0.7951202504227656,0.0,0.0,1.419193476210611,2.236439819808904,0.010970891616779268,-0.011499497242955565,0.8690945954828493,0.0,0.0,-2.8898084065281058,1.642916474831042,-0.00046056014967772675,0.0013340401930429817,nan,nan,nan,nan,nan,nan,nan,nan,nan,nan,nan,nan,nan,nan,nan,nan,nan,nan,nan,nan,nan,nan,nan,nan,nan,nan,nan,nan,nan,nan,nan,nan,nan,nan,nan,nan,nan,nan,nan,nan,nan,nan,nan,nan,nan,nan,nan,nan,nan,nan,nan,nan,nan,nan,nan,nan,nan,nan,nan,nan,nan,nan,nan,0.22885884549673993
1791059683.6866314,-1.9350814598848654,0.9360883017884478,3.083235018485574,0.9397539444144305,3.6085425952072705,0.3985817991258787,0.0,0.0,0.0,-1.5202277569513423,-0.3944884871442106,-0.21887455903707984,0.006649937842537894,0.5555543098695711,0.0,0.0,-0.20035362465628953,3.2255232443936204,-0.0015579888190135303,0.0005338332545109759,0.6104584700959658,0.0,0.0,-0.9818064181877767,2.508090825488238,-0.0029426272385999178,-0.001581238519664695,nan,nan,nan,nan,nan,nan,nan,0.7951202504227656,0.0,0.0,1.4191944379104533,2.236451392413997,0.00031818015416174966,9.753849912642323e-05,0.8751838798853202,0.0,0.0,-2.8897903248751735,1.6428401440841744,0.0038209981494919634,0.005297588073018001,nan,nan,nan,nan,nan,nan,nan,nan,nan,nan,nan,nan,nan,nan,nan,nan,nan,nan,nan,nan,nan,nan,nan,nan,nan,nan,nan,nan,nan,nan,nan,nan,nan,nan,nan,nan,nan,nan,nan,nan,nan,nan,nan,nan,nan,nan,nan,nan,nan,nan,nan,nan,nan,nan,nan,nan,nan,nan,nan,nan,nan,nan,nan,0.22523555909937432
1791059683.78663,-1.9579990321441514,0.9377761848231135,3.083267148142897,0.941583618193714,3.6238889398632192,0.3985972287475054,0.0,0.0,0.0,-1.5425407050063296,-0.39404026584030755,-0.22231815332861699,-0.01728892357461748,0.5555543098695711,0.0,0.0,-0.2003083904304217,3.2255072555318556,0.0017139055884485257,-0.0009816433607431909,0.6104584700959658,0.0,0.0,-0.9817948447027699,2.5080909113103105,-0.003150852916488075,-0.0011740267851743122,nan,nan,nan,nan,nan,nan,nan,0.7951202504227656,0.0,0.0,1.419174412027097,2.2364406484763895,0.00813348764516453,-0.008852944792362665,0.8631400895453296,0.0,0.0,-2.8897813309588742,1.6427065866777393,0.005692984094145385,0.000405715766884964,nan,nan,nan,nan,nan,nan,nan,nan,nan,nan,nan,nan,nan,nan,nan,nan,nan,nan,nan,nan,nan,nan,nan,nan,nan,nan,nan,nan,nan,nan,nan,nan,nan,nan,nan,nan,nan,nan,nan,nan,nan,nan,nan,nan,nan,nan,nan,nan,nan,nan,nan,nan,nan,nan,nan,nan,nan,nan,nan,nan,nan,nan,nan,0.22427949439264797
1791059683.8868213,-1.980805995066989,0.9394389179577545,3.0843289786884127,0.9439266080946028,3.6385265151410495,0.3986167431385151,0.0,0.0,0.0,-1.5644722863548206,-0.39300093355785487,-0.23917315228194638,0.016773267993343253,0.5555543098695711,0.0,0.0,-0.20033013841202774,3.2255084982534417,-0.0002960477523967911,0.00032187727097420557,0.6104584700959658,0.0,0.0,-0.9818171858529541,2.508101636699437,-0.004523981985214467,-0.0007900639603747302,nan,nan,nan,nan,nan,nan,nan,0.7951202504227656,0.0,0.0,1.4191861668805703,2.2364435934858107,0.0028968441636288388,-0.0026044717446153066,0.8932124803036089,0.0,0.0,-2.8898133287347263,1.6426172069952927,-0.0008009269330393014,-0.017936763278397435,nan,nan,nan,nan,nan,nan,nan,nan,nan,nan,nan,nan,nan,nan,nan,nan,nan,nan,nan,nan,nan,nan,nan,nan,nan,nan,nan,nan,nan,nan,nan,nan,nan,nan,nan,nan,nan,nan,nan,nan,nan,nan,nan,nan,nan,nan,nan,nan,nan,nan,nan,nan,nan,nan,nan,nan,nan,nan,nan,nan,nan,nan,nan,0.22614833067621085
1791059683.9866376,-2.0035048515145326,0.9414573258156356,3.0853687363983826,0.9453859338098314,3.652448366910141,0.39862876066292685,0.0,0.0,0.0,-1.5847422566320928,-0.3927240715504579,-0.19981851004373402,0.006819742306745766,0.5555543098695711,0.0,0.0,-0.20033844377363255,3.2255225012321422,-0.0006330488488082359,0.0008928702313524225,0.6104584700959658,0.0,0.0,-0.9818099214123841,2.508114652219938,-0.0035546271906000204,0.0006896631406040779,nan,nan,nan,nan,nan,nan,nan,0.7951202504227656,0.0,0.0,1.4191732373843953,2.2364412812974455,0.008895617444361606,-0.009447959435359334,0.8589820372757399,0.0,0.0,-2.8897813234769174,1.6429640479532017,-0.0008531567207250557,0.0005834934210378615,nan,nan,nan,nan,nan,nan,nan,nan,nan,nan,nan,nan,nan,nan,nan,nan,nan,nan,nan,nan,nan,nan,nan,nan,nan,nan,nan,nan,nan,nan,nan,nan,nan,nan,nan,nan,nan,nan,nan,nan,nan,nan,nan,nan,nan,nan,nan,nan,nan,nan,nan,nan,nan,nan,nan,nan,nan,nan,nan,nan,nan,nan,nan,0.2271085026396387
1791059684.0866194,-2.0259541185423116,0.9433042559661694,3.0899722349805754,0.9451674023369896,3.665258182855983,0.39862696770564054,0.0,0.0,0.0,-1.6072169916948291,-0.3929278522113652,-0.23007606314608525,-0.03262314411706634,0.5555543098695711,0.0,0.0,-0.20028449775762042,3.2254915219066245,0.003342330213746622,-0.001591633679387837,0.6104584700959658,0.0,0.0,-0.981794567675032,2.5080917795152122,-0.0018301249956574849,-0.002159662011499158,nan,nan,nan,nan,nan,nan,nan,0.7951202504227656,0.0,0.0,1.419185633353436,2.236455084844765,0.0016217145984367418,-0.0012537971628659576,0.794026651529961,0.0,0.0,-2.8898018575334445,1.6428472299478107,0.0027255213637801977,0.008134930492754109,nan,nan,nan,nan,nan,nan,nan,nan,nan,nan,nan,nan,nan,nan,nan,nan,nan,nan,nan,nan,nan,nan,nan,nan,nan,nan,nan,nan,nan,nan,nan,nan,nan,nan,nan,nan,nan,nan,nan,nan,nan,nan,nan,nan,nan,nan,nan,nan,nan,nan,nan,nan,nan,nan,nan,nan,nan,nan,nan,nan,nan,nan,nan,0.22678177169812916
1791059684.1866035,-2.048344985245651,0.9455006960008963,3.0927605478109035,0.9479308036373366,3.677326203006423,0.3986494692198244,0.0,0.0,0.0,-1.6296811789618384,-0.39200483500150085,-0.23318089390112096,-0.0033222597120175397,0.5555543098695711,0.0,0.0,-0.20030360273108855,3.2255072409226377,0.00048037264444526073,0.00044644842282509916,0.6104584700959658,0.0,0.0,-0.981765981295508,2.5081310719498493,0.0014577085380568199,0.00011640107695651129,nan,nan,nan,nan,nan,nan,nan,0.7951202504227656,0.0,0.0,1.4190204533930646,2.236604879155743,-0.012156821970417302,0.011826421415657574,0.9280118864909804,0.0,0.0,-2.8898334776578025,1.6427685515029409,-0.0002173402112945467,0.0055628344441113675,nan,nan,nan,nan,nan,nan,nan,nan,nan,nan,nan,nan,nan,nan,nan,nan,nan,nan,nan,nan,nan,nan,nan,nan,nan,nan,nan,nan,nan,nan,nan,nan,nan,nan,nan,nan,nan,nan,nan,nan,nan,nan,nan,nan,nan,nan,nan,nan,nan,nan,nan,nan,nan,nan,nan,nan,nan,nan,nan,nan,nan,nan,nan,0.2283353703194239
1791059684.2866292,-2.0707948201049002,0.9469662487236984,3.099127739646693,0.9497004477317452,3.689055660121693,0.39866368546007336,0.0,0.0,0.0,-1.6515309275551746,-0.39161703773847967,-0.22405796198994848,0.00424224191692844,0.5555543098695711,0.0,0.0,-0.2003417061466424,3.225509303210004,-3.767760194475306e-05,0.0007257480381710963,0.6104584700959658,0.0,0.0,-0.981758122062701,2.5081359682994027,-0.000938523060072219,0.0013391354171109929,nan,nan,nan,nan,nan,nan,nan,0.7951202504227656,0.0,0.0,1.4192138487368484,2.23644694010408,0.0033833885984303046,-0.002069538400776238,0.8855091315665905,0.0,0.0,-2.889797660743729,1.6428259558092693,0.001990843565624864,-0.0019520898156373773,nan,nan,nan,nan,nan,nan,nan,nan,nan,nan,nan,nan,nan,nan,nan,nan,nan,nan,nan,nan,nan,nan,nan,nan,nan,nan,nan,nan,nan,nan,nan,nan,nan,nan,nan,nan,nan,nan,nan,nan,nan,nan,nan,nan,nan,nan,nan,nan,nan,nan,nan,nan,nan,nan,nan,nan,nan,nan,nan,nan,nan,nan,nan,0.22666559385435145
1791059684.3865523,-2.094561569050672,0.9491867343977407,3.093287210887763,0.9504583401105451,3.7001210771968793,0.39866972819691865,0.0,0.0,0.0,-1.6723232437677653,-0.3918339376626105,-0.19235537770549027,-0.020557548399837314,0.5555543098695711,0.0,0.0,-0.20033403224723767,3.225496038321471,-0.0016276734147235262,-0.00025415530726915245,0.6104584700959658,0.0,0.0,-0.9817574861824113,2.508111046825924,0.00025925796420116155,-0.000657200292041435,nan,nan,nan,nan,nan,nan,nan,0.7951202504227656,0.0,0.0,1.4190012654414945,2.236591753839576,-0.011722012041218456,0.009810729138684554,0.8432180004065974,0.0,0.0,-2.889805074123175,1.6428512965530664,0.0014118325134600514,-0.004673252349963835,nan,nan,nan,nan,nan,nan,nan,nan,nan,nan,nan,nan,nan,nan,nan,nan,nan,nan,nan,nan,nan,nan,nan,nan,nan,nan,nan,nan,nan,nan,nan,nan,nan,nan,nan,nan,nan,nan,nan,nan,nan,nan,nan,nan,nan,nan,nan,nan,nan,nan,nan,nan,nan,nan,nan,nan,nan,nan,nan,nan,nan,nan,nan,0.23347743717752595
1791059684.486623,-2.117168886862568,0.9510311870303572,3.0938635686149056,0.9520133492501014,3.7105571080705264,0.3986820412809535,0.0,0.0,0.0,-1.694405444182808,-0.3913463433844708,-0.2164070613751219,-0.0038317738742905372,0.5555543098695711,0.0,0.0,-0.20031097116010113,3.225497095415796,-0.001982797603823286,-0.0006669071061838605,0.6104584700959658,0.0,0.0,-0.9817852740153818,2.5080968542997244,-0.0027419942675865044,-0.0005409957907656458,nan,nan,nan,nan,nan,nan,nan,0.7951202504227656,0.0,0.0,1.4192200064329434,2.2364565353063233,0.0008457506988107282,0.0007268757952283275,0.8829010711967975,0.0,0.0,-2.889809173196302,1.6428338963995484,0.0012469942828594498,0.001814773788943032,nan,nan,nan,nan,nan,nan,nan,nan,nan,nan,nan,nan,nan,nan,nan,nan,nan,nan,nan,nan,nan,nan,nan,nan,nan,nan,nan,nan,nan,nan,nan,nan,nan,nan,nan,nan,nan,nan,nan,nan,nan,nan,nan,nan,nan,nan,nan,nan,nan,nan,nan,nan,nan,nan,nan,nan,nan,nan,nan,nan,nan,nan,nan,0.23514472671156586
1791059684.5867367,-2.13982508327283,0.9542771570579306,3.083815447721765,0.953083849857617,3.7204727218325546,0.398690451781214,0.0,0.0,0.0,-1.7168177551423074,-0.39105036962981005,-0.23351879997607722,0.002189335383062677,0.5555543098695711,0.0,0.0,-0.2003353888516549,3.2254995639096755,-0.0026791340652348077,0.0001761617253624747,0.6104584700959658,0.0,0.0,-0.9817883930897964,2.5080862386539007,-0.0033259391392679847,-0.00234054534068223,nan,nan,nan,nan,nan,nan,nan,0.7951202504227656,0.0,0.0,1.419201973504682,2.2364359381425034,0.0026083304571124974,-0.0028435002948830274,0.8641980477897577,0.0,0.0,-2.8898574177174656,1.6427178896473822,-0.0015574499907672636,0.005325490697152362,nan,nan,nan,nan,nan,nan,nan,nan,nan,nan,nan,nan,nan,nan,nan,nan,nan,nan,nan,nan,nan,nan,nan,nan,nan,nan,nan,nan,nan,nan,nan,nan,nan,nan,nan,nan,nan,nan,nan,nan,nan,nan,nan,nan,nan,nan,nan,nan,nan,nan,nan,nan,nan,nan,nan,nan,nan,nan,nan,nan,nan,nan,nan,0.22286135171104787
1791059684.6868126,-2.162117147740688,0.9554330329458821,3.08874189835006,0.9562807421907561,3.7302251777012985,0.3987152514049312,0.0,0.0,0.0,-1.7379588411697786,-0.39069053239604157,-0.2078143481104338,0.010063018598822821,0.5555543098695711,0.0,0.0,-0.20032499847629995,3.2255127040835374,1.3885291621133322e-06,0.000343837893526791,0.6104584700959658,0.0,0.0,-0.9817501385291123,2.50811443004597,0.00029716037689546664,-0.0005678215439579876,nan,nan,nan,nan,nan,nan,nan,0.7951202504227656,0.0,0.0,1.4191904479184652,2.236427471459796,-0.00019961672809436497,-0.0008171288116643796,1.0029663369686246,0.0,0.0,-2.889809228751124,1.6428618026788768,0.0008258662115542489,0.002353917930158508,nan,nan,nan,nan,nan,nan,nan,nan,nan,nan,nan,nan,nan,nan,nan,nan,nan,nan,nan,nan,nan,nan,nan,nan,nan,nan,nan,nan,nan,nan,nan,nan,nan,nan,nan,nan,nan,nan,nan,nan,nan,nan,nan,nan,nan,nan,nan,nan,nan,nan,nan,nan,nan,nan,nan,nan,nan,nan,nan,nan,nan,nan,nan,0.26020803683262744
1791059684.7866263,-2.184409692873774,0.954055185000976,3.1068997631898183,0.957183051478963,3.7397876773598955,0.39872216589480197,0.0,0.0,0.0,-1.7593899564000302,-0.39070658293866023,-0.20640556748589375,-0.0024608410755469117,0.5555543098695711,0.0,0.0,-0.20035123911539815,3.225500689673583,-0.002970963638664158,0.00021308701784233453,0.6104584700959658,0.0,0.0,-0.9818188491832427,2.5080924256265855,-0.003990503142833298,-0.0025153411487439164,nan,nan,nan,nan,nan,nan,nan,0.7951202504227656,0.0,0.0,1.4192122444076396,2.2364350145515792,0.003519319441031023,-0.0022661322148596107,0.8725813293550194,0.0,0.0,-2.889876214557735,1.6427069561411198,-0.00511490488580028,-0.0052034841102801665,nan,nan,nan,nan,nan,nan,nan,nan,nan,nan,nan,nan,nan,nan,nan,nan,nan,nan,nan,nan,nan,nan,nan,nan,nan,nan,nan,nan,nan,nan,nan,nan,nan,nan,nan,nan,nan,nan,nan,nan,nan,nan,nan,nan,nan,nan,nan,nan,nan,nan,nan,nan,nan,nan,nan,nan,nan,nan,nan,nan,nan,nan,nan,0.2317367763126423
1791059684.886584,-2.2066907013316253,0.9552003669964162,3.1094538897059136,0.9571456375284,3.7485917088290694,0.39872187992635455,0.0,0.0,0.0,-1.7818154676500968,-0.39044190345916757,-0.24403970966725377,0.013945548124519999,0.5555543098695711,0.0,0.0,-0.20030582587079385,3.2255190600320214,0.001619058975959708,-0.0004714202818626141,0.6104584700959658,0.0,0.0,-0.9818031997361711,2.5080832007732687,-0.001997188010392593,-0.002613212183410242,nan,nan,nan,nan,nan,nan,nan,0.7951202504227656,0.0,0.0,1.4192172249148434,2.23643034785524,0.0012104339704610498,-0.0011342657176266003,0.8305673714149504,0.0,0.0,-2.889863415943643,1.6426421340906476,-0.00044327049055895734,-0.0026558861203175325,nan,nan,nan,nan,nan,nan,nan,nan,nan,nan,nan,nan,nan,nan,nan,nan,nan,nan,nan,nan,nan,nan,nan,nan,nan,nan,nan,nan,nan,nan,nan,nan,nan,nan,nan,nan,nan,nan,nan,nan,nan,nan,nan,nan,nan,nan,nan,nan,nan,nan,nan,nan,nan,nan,nan,nan,nan,nan,nan,nan,nan,nan,nan,0.22994611240581692
1791059684.9865606,-2.2293326242521996,0.9562740743269441,3.11743540044756,0.9580770584236461,3.756727392676568,0.39872898017774555,0.0,0.0,0.0,-1.8038565660323977,-0.39041294496847084,-0.23662287460445813,-0.0024017953783297,0.5555543098695711,0.0,0.0,-0.2003555892191527,3.2255161953623,-0.0049452102606737415,0.0012716989526795662,0.6104584700959658,0.0,0.0,-0.9818112258885286,2.5080849090521546,-0.0024501597450625723,0.000424666665587466,nan,nan,nan,nan,nan,nan,nan,0.7951202504227656,0.0,0.0,1.4192022845516343,2.2364382095941657,0.0001890369742739927,-0.0008813926036163235,0.8752176279816394,0.0,0.0,-2.889825831957095,1.6426710921484375,-0.00272409336332059,0.013094016224453097,nan,nan,nan,nan,nan,nan,nan,nan,nan,nan,nan,nan,nan,nan,nan,nan,nan,nan,nan,nan,nan,nan,nan,nan,nan,nan,nan,nan,nan,nan,nan,nan,nan,nan,nan,nan,nan,nan,nan,nan,nan,nan,nan,nan,nan,nan,nan,nan,nan,nan,nan,nan,nan,nan,nan,nan,nan,nan,nan,nan,nan,nan,nan,0.2153279972026036
1791059685.0866075,-2.251798239205669,0.9568582513520802,3.1218498494179383,0.9588017815875621,3.7643901074642168,0.3987344775560903,0.0,0.0,0.0,-1.8249800244110512,-0.390515727147388,-0.23320287778805704,-0.022309650397606948,0.5555543098695711,0.0,0.0,-0.20029852043805016,3.2255157324372026,0.0015131771530754149,0.000846357250732663,0.6104584700959658,0.0,0.0,-0.9817650672425163,2.5081138641602663,-0.00013448227622619362,0.0004983536351663302,nan,nan,nan,nan,nan,nan,nan,0.7951202504227656,0.0,0.0,1.4191989978687414,2.2364360866059974,-0.0006344464803197077,-0.00026165158418629516,0.867728532788696,0.0,0.0,-2.889748186869569,1.6425678076953873,0.00515419343563825,-0.002241375435625104,nan,nan,nan,nan,nan,nan,nan,nan,nan,nan,nan,nan,nan,nan,nan,nan,nan,nan,nan,nan,nan,nan,nan,nan,nan,nan,nan,nan,nan,nan,nan,nan,nan,nan,nan,nan,nan,nan,nan,nan,nan,nan,nan,nan,nan,nan,nan,nan,nan,nan,nan,nan,nan,nan,nan,nan,nan,nan,nan,nan,nan,nan,nan,0.231820116039737
1791059685.1865737,-2.2737325448792887,0.9574201772239374,3.131627217098234,0.9581477035378261,3.771327030075418,0.3987295171008119,0.0,0.0,0.0,-1.8471693234448658,-0.3901962389923268,-0.2295728056547995,-0.009388988081696723,0.5555543098695711,0.0,0.0,-0.20032726980609106,3.225520260404674,-0.0024241696418289722,0.001044289528829622,0.6104584700959658,0.0,0.0,-0.9817699059677838,2.5081113357472984,0.002861329448463633,0.002449556871747134,nan,nan,nan,nan,nan,nan,nan,0.7951202504227656,0.0,0.0,1.4191762691680987,2.236441399333201,-0.0017965087238238958,0.0005698566577798337,0.8066550368401294,0.0,0.0,-2.8897784292341924,1.6426426402168108,-0.000611751587245014,0.00047353814532077616,nan,nan,nan,nan,nan,nan,nan,nan,nan,nan,nan,nan,nan,nan,nan,nan,nan,nan,nan,nan,nan,nan,nan,nan,nan,nan,nan,nan,nan,nan,nan,nan,nan,nan,nan,nan,nan,nan,nan,nan,nan,nan,nan,nan,nan,nan,nan,nan,nan,nan,nan,nan,nan,nan,nan,nan,nan,nan,nan,nan,nan,nan,nan,0.23788240454938248
1791059685.286582,-2.296319355247493,0.9578614251879901,3.136498511762856,0.9578629985203466,3.777435684728061,0.39872735187985225,0.0,0.0,0.0,-1.8689031455941636,-0.389775246349734,-0.2318001412851604,-0.009606221353746626,0.5555543098695711,0.0,0.0,-0.20032158339495992,3.225511454745437,-0.0012214760610530615,0.0008834010270267994,0.6104584700959658,0.0,0.0,-0.9817754580491255,2.5081151812983125,0.0009023762740339433,0.002441437638780234,nan,nan,nan,nan,nan,nan,nan,0.7951202504227656,0.0,0.0,1.4191871022889226,2.2364487400351973,0.00940585441917401,-0.008969297345104592,0.8183873131316726,0.0,0.0,-2.8898536486667834,1.642701803364178,-0.001768949765254764,0.004064505242465385,nan,nan,nan,nan,nan,nan,nan,nan,nan,nan,nan,nan,nan,nan,nan,nan,nan,nan,nan,nan,nan,nan,nan,nan,nan,nan,nan,nan,nan,nan,nan,nan,nan,nan,nan,nan,nan,nan,nan,nan,nan,nan,nan,nan,nan,nan,nan,nan,nan,nan,nan,nan,nan,nan,nan,nan,nan,nan,nan,nan,nan,nan,nan,0.2475626450312843
1791059685.3865788,-2.3177206356919178,0.9582786069381618,-3.1376102132021417,0.9570978647712661,3.7827690802885074,0.3987215146890443,0.0,0.0,0.0,-1.888414167930418,-0.39075305133757104,-0.21719743375078515,-0.011180397193374767,0.5555543098695711,0.0,0.0,-0.20030245240854866,3.225501851887691,-0.0017593364295499221,0.0003047371191587688,0.6104584700959658,0.0,0.0,-0.9817355944294586,2.508094278356465,0.0034435489107520574,0.0008368035785412664,nan,nan,nan,nan,nan,nan,nan,0.7951202504227656,0.0,0.0,1.4191957738909915,2.2364364315905756,-0.00016166739047883584,-0.0009610553664971278,0.7963500582908507,0.0,0.0,-2.8897693676970717,1.6426634001869047,0.0006492370130284574,-0.006137613502690357,nan,nan,nan,nan,nan,nan,nan,nan,nan,nan,nan,nan,nan,nan,nan,nan,nan,nan,nan,nan,nan,nan,nan,nan,nan,nan,nan,nan,nan,nan,nan,nan,nan,nan,nan,nan,nan,nan,nan,nan,nan,nan,nan,nan,nan,nan,nan,nan,nan,nan,nan,nan,nan,nan,nan,nan,nan,nan,nan,nan,nan,nan,nan,0.2227203610867729
1791059685.4866242,-2.339624160172483,0.958689392213394,-3.132914554739569,0.9575256818946343,3.7875409082045968,0.39872478177918674,0.0,0.0,0.0,-1.9092132508556396,-0.3906092183820222,-0.21490921663433726,-0.010429978022218865,0.5555543098695711,0.0,0.0,-0.2002850480065996,3.2254860205895857,0.0015797950866939337,-0.0011490946342599339,0.6104584700959658,0.0,0.0,-0.981776992581602,2.5081278959517754,-0.0004427463706590801,0.0003589998654637955,nan,nan,nan,nan,nan,nan,nan,0.7951202504227656,0.0,0.0,1.4191835112377467,2.2364537023981064,0.007588332696682638,-0.008502083264068384,0.8441602425782325,0.0,0.0,-2.889836404675676,1.642608265786709,-0.001696024780266463,-0.004018156998289715,nan,nan,nan,nan,nan,nan,nan,nan,nan,nan,nan,nan,nan,nan,nan,nan,nan,nan,nan,nan,nan,nan,nan,nan,nan,nan,nan,nan,nan,nan,nan,nan,nan,nan,nan,nan,nan,nan,nan,nan,nan,nan,nan,nan,nan,nan,nan,nan,nan,nan,nan,nan,nan,nan,nan,nan,nan,nan,nan,nan,nan,nan,nan,0.21461784378005744
1791059685.586659,-2.3620201053785927,0.9588221106888977,-3.1320216004145585,0.9566004182093847,3.791759756351897,0.3987177053710116,0.0,0.0,0.0,-1.9312912196341154,-0.3898169064283773,-0.2172821004115959,0.006327224549718821,0.5555543098695711,0.0,0.0,-0.200311954376037,3.225510144559986,-0.001011207382973227,0.0020639939528008227,0.6104584700959658,0.0,0.0,-0.9817333083428779,2.508115128538696,0.0006765709603287809,0.00031563623629194966,nan,nan,nan,nan,nan,nan,nan,0.7951202504227656,0.0,0.0,1.4190234570276192,2.2366014361857145,-0.01189851427345752,0.012404866461831933,0.7870660419319143,0.0,0.0,-2.8898139551911006,1.6427226492661378,-0.006159733894207178,0.01727421534971358,nan,nan,nan,nan,nan,nan,nan,nan,nan,nan,nan,nan,nan,nan,nan,nan,nan,nan,nan,nan,nan,nan,nan,nan,nan,nan,nan,nan,nan,nan,nan,nan,nan,nan,nan,nan,nan,nan,nan,nan,nan,nan,nan,nan,nan,nan,nan,nan,nan,nan,nan,nan,nan,nan,nan,nan,nan,nan,nan,nan,nan,nan,nan,0.20656700801119374
1791059685.686656,-2.384169636055433,0.9587001478624699,-3.1287075244003737,0.9564955247855504,3.7953942290806824,0.3987169006809092,0.0,0.0,0.0,-1.9537335049641866,-0.38920055338739207,-0.2406304403607473,0.0019229866508184371,0.5555543098695711,0.0,0.0,-0.20030071051235823,3.22549385211359,0.0008147559735918355,-0.00044188497286372,0.6104584700959658,0.0,0.0,-0.9817434571121855,2.5081144186440683,0.0006992582632054329,-0.0007888632348305898,nan,nan,nan,nan,nan,nan,nan,0.7951202504227656,0.0,0.0,1.4191964812180875,2.236443345369079,-0.0002050739766506737,0.0004202152267594652,0.8163650199957899,0.0,0.0,-2.889839105217791,1.642841602216043,-0.0024081036336790563,0.006251796919509714,nan,nan,nan,nan,nan,nan,nan,nan,nan,nan,nan,nan,nan,nan,nan,nan,nan,nan,nan,nan,nan,nan,nan,nan,nan,nan,nan,nan,nan,nan,nan,nan,nan,nan,nan,nan,nan,nan,nan,nan,nan,nan,nan,nan,nan,nan,nan,nan,nan,nan,nan,nan,nan,nan,nan,nan,nan,nan,nan,nan,nan,nan,nan,0.22229615033771133
1791059685.7867053,-2.4064192496396517,0.9586195008838314,-3.126201341064838,0.9570898488925126,3.798776361618359,0.3987214533950126,0.0,0.0,0.0,-1.9762533003278395,-0.38874657450863465,-0.23475609153604335,0.012891799119592595,0.5555543098695711,0.0,0.0,-0.20032414439374432,3.2254771617898244,-0.0006370252141423518,-0.002114506396990888,0.6104584700959658,0.0,0.0,-0.9817468006195029,2.5081165174139324,0.0016002972387155995,-0.000845902527146544,nan,nan,nan,nan,nan,nan,nan,0.7951202504227656,0.0,0.0,1.419200399140808,2.2364455734546875,0.0110344891253948,-0.009356464922180674,0.8473079648125205,0.0,0.0,-2.8898517586210355,1.642653535381007,-0.001852729833356819,-0.012561338680373263,nan,nan,nan,nan,nan,nan,nan,nan,nan,nan,nan,nan,nan,nan,nan,nan,nan,nan,nan,nan,nan,nan,nan,nan,nan,nan,nan,nan,nan,nan,nan,nan,nan,nan,nan,nan,nan,nan,nan,nan,nan,nan,nan,nan,nan,nan,nan,nan,nan,nan,nan,nan,nan,nan,nan,nan,nan,nan,nan,nan,nan,nan,nan,0.25033396242690775
1791059685.8871377,-2.4280370001968365,0.9583155619114107,-3.1193827205805915,0.9564684193175825,3.801824495910509,0.39871669265943144,0.0,0.0,0.0,-1.998481711145912,-0.38835739719385876,-0.2157050679407621,0.010108797560415987,0.5555543098695711,0.0,0.0,-0.20032310171427237,3.225493015571557,-0.002377707528043783,-0.0003882375548354255,0.6104584700959658,0.0,0.0,-0.9818239107800342,2.508124571441009,-0.004867490169223311,0.0005969790686165524,nan,nan,nan,nan,nan,nan,nan,0.7951202504227656,0.0,0.0,1.4191945869711078,2.2364443963739515,0.0021281182838974893,-0.0023016428011389933,0.7955463506131065,0.0,0.0,-2.8898339769732564,1.642866280546452,-0.0031181132711445296,0.006146914696734467,nan,nan,nan,nan,nan,nan,nan,nan,nan,nan,nan,nan,nan,nan,nan,nan,nan,nan,nan,nan,nan,nan,nan,nan,nan,nan,nan,nan,nan,nan,nan,nan,nan,nan,nan,nan,nan,nan,nan,nan,nan,nan,nan,nan,nan,nan,nan,nan,nan,nan,nan,nan,nan,nan,nan,nan,nan,nan,nan,nan,nan,nan,nan,0.21642504857927528
1791059685.98663,-2.4491759940954925,0.9579261882885804,-3.1104734115393424,0.9564471033257483,3.8044693915343704,0.3987165290457958,0.0,0.0,0.0,-2.0202071383214553,-0.3879079621473699,-0.1861834758939414,0.023865385295446937,0.5555543098695711,0.0,0.0,-0.20029592300115173,3.225488810600066,0.0015485762070785104,-0.0007901781415015025,0.6104584700959658,0.0,0.0,-0.9817908736863356,2.5081139091477396,-0.0036231276178269383,-5.847939845992858e-05,nan,nan,nan,nan,nan,nan,nan,0.7951202504227656,0.0,0.0,1.4190297305980428,2.236605286770828,-1.4729692783167856e-05,0.0012505853961975169,0.817751204866888,0.0,0.0,-2.889813673897465,1.6426964636149863,0.002078504073000262,-0.0026047084075553543,nan,nan,nan,nan,nan,nan,nan,nan,nan,nan,nan,nan,nan,nan,nan,nan,nan,nan,nan,nan,nan,nan,nan,nan,nan,nan,nan,nan,nan,nan,nan,nan,nan,nan,nan,nan,nan,nan,nan,nan,nan,nan,nan,nan,nan,nan,nan,nan,nan,nan,nan,nan,nan,nan,nan,nan,nan,nan,nan,nan,nan,nan,nan,0.2091217637992938
1791059686.0866826,-2.4715964038590865,0.9580422728482189,-3.111552730129605,0.957226378295471,3.8070055252164767,0.3987224969777442,0.0,0.0,0.0,-2.04365747662406,-0.3877090781976941,-0.24634798313521702,-0.017807368866453125,0.5555543098695711,0.0,0.0,-0.20028171080483986,3.2254836757058345,0.002146098976103992,-3.782562966174381e-05,0.6104584700959658,0.0,0.0,-0.9817794153403019,2.5080928527054804,-0.0025029008388907283,-0.0013045599138975616,nan,nan,nan,nan,nan,nan,nan,0.7951202504227656,0.0,0.0,1.4191846624351818,2.2364266419624395,-0.000546306629631258,-0.0005202831487587404,0.8546991899998596,0.0,0.0,-2.8897966652910076,1.6427331871753295,0.002207859058222272,0.000266531192376934,nan,nan,nan,nan,nan,nan,nan,nan,nan,nan,nan,nan,nan,nan,nan,nan,nan,nan,nan,nan,nan,nan,nan,nan,nan,nan,nan,nan,nan,nan,nan,nan,nan,nan,nan,nan,nan,nan,nan,nan,nan,nan,nan,nan,nan,nan,nan,nan,nan,nan,nan,nan,nan,nan,nan,nan,nan,nan,nan,nan,nan,nan,nan,0.22644509389218756
1791059686.186653,-2.4937747900217198,0.9571039070475614,-3.106512393320057,0.9568555315244108,3.809366027388435,0.39871966037441864,0.0,0.0,0.0,-2.0661058715255995,-0.38685258196846545,-0.25095522334509446,0.008434391996250809,0.5555543098695711,0.0,0.0,-0.2003148716275113,3.2254855583055146,0.0013219432036086533,-0.0007790636332716261,0.6104584700959658,0.0,0.0,-0.981755972366614,2.5081233035899047,-0.0006583937016083891,0.0003542599471635092,nan,nan,nan,nan,nan,nan,nan,0.7951202504227656,0.0,0.0,1.419196271530008,2.236443020759592,0.0002399256474560562,1.3340217737585135e-05,0.804965564928088,0.0,0.0,-2.8898488715566666,1.6428255668256717,-0.0031732255588501775,0.007473968726950702,nan,nan,nan,nan,nan,nan,nan,nan,nan,nan,nan,nan,nan,nan,nan,nan,nan,nan,nan,nan,nan,nan,nan,nan,nan,nan,nan,nan,nan,nan,nan,nan,nan,nan,nan,nan,nan,nan,nan,nan,nan,nan,nan,nan,nan,nan,nan,nan,nan,nan,nan,nan,nan,nan,nan,nan,nan,nan,nan,nan,nan,nan,nan,0.21481205760534278
1791059686.2866402,-2.516308649097104,0.9564847757959661,-3.1081826514862665,0.9562124374195693,3.81131730427665,0.39871472646244466,0.0,0.0,0.0,-2.088506061876269,-0.3862337399901003,-0.22959205579001923,0.005176521359195685,0.5555543098695711,0.0,0.0,-0.20032826678455345,3.22550747937554,-0.0022744357634799433,0.0004469093288656038,0.6104584700959658,0.0,0.0,-0.9817541879303203,2.508127123251125,0.0030017220584495343,0.0012768586908899332,nan,nan,nan,nan,nan,nan,nan,0.7951202504227656,0.0,0.0,1.4191844879910442,2.2364194900786205,0.010949468296728382,-0.010441550440883492,0.7919887519635816,0.0,0.0,-2.889840370570506,1.6427772195280586,-0.004197364299219236,0.0006242510514317513,nan,nan,nan,nan,nan,nan,nan,nan,nan,nan,nan,nan,nan,nan,nan,nan,nan,nan,nan,nan,nan,nan,nan,nan,nan,nan,nan,nan,nan,nan,nan,nan,nan,nan,nan,nan,nan,nan,nan,nan,nan,nan,nan,nan,nan,nan,nan,nan,nan,nan,nan,nan,nan,nan,nan,nan,nan,nan,nan,nan,nan,nan,nan,0.2388508167319896
1791059686.3866508,-2.5387074880430744,0.9553777482147434,-3.110512223141448,0.9562893514233259,3.812984248989572,0.3987153175542771,0.0,0.0,0.0,-2.1101395940619923,-0.3856800486310026,-0.2209716265320229,-0.017735684955378025,0.5555543098695711,0.0,0.0,-0.20033272882611097,3.22551120009236,-0.00011366922958111121,0.00016730407063162648,0.6104584700959658,0.0,0.0,-0.9817396977545099,2.5080960497319422,0.0024566156235985973,-0.0018759294948238888,nan,nan,nan,nan,nan,nan,nan,0.7951202504227656,0.0,0.0,1.419197904617596,2.2364429469352434,0.001268599080997825,5.283980860939624e-05,0.8194051045129015,0.0,0.0,-2.8897854523214748,1.6426670014721068,0.0017034830394691274,-0.00711948511998158,nan,nan,nan,nan,nan,nan,nan,nan,nan,nan,nan,nan,nan,nan,nan,nan,nan,nan,nan,nan,nan,nan,nan,nan,nan,nan,nan,nan,nan,nan,nan,nan,nan,nan,nan,nan,nan,nan,nan,nan,nan,nan,nan,nan,nan,nan,nan,nan,nan,nan,nan,nan,nan,nan,nan,nan,nan,nan,nan,nan,nan,nan,nan,0.24096792979388387
1791059686.486632,-2.560678720179197,0.9549488068920226,-3.114141234732959,0.95599420660868,3.8144504588250863,0.3987130478605851,0.0,0.0,0.0,-2.132658981534318,-0.38449953014233,-0.1948156286942569,0.04187322200971374,0.5555543098695711,0.0,0.0,-0.20033417961360334,3.2255019600041694,-0.0011959926425999866,0.0006217885808521067,0.6104584700959658,0.0,0.0,-0.9817628421902305,2.5081291091867524,0.002951310994182996,0.0020726405765564377,nan,nan,nan,nan,nan,nan,nan,0.7951202504227656,0.0,0.0,1.4191524193623535,2.2364410799296444,-0.0013445275644033113,-0.0023727139043786516,0.8034286760139997,0.0,0.0,-2.8898628274769402,1.642582123850839,-0.0031719863625973826,-0.00967235244138179,nan,nan,nan,nan,nan,nan,nan,nan,nan,nan,nan,nan,nan,nan,nan,nan,nan,nan,nan,nan,nan,nan,nan,nan,nan,nan,nan,nan,nan,nan,nan,nan,nan,nan,nan,nan,nan,nan,nan,nan,nan,nan,nan,nan,nan,nan,nan,nan,nan,nan,nan,nan,nan,nan,nan,nan,nan,nan,nan,nan,nan,nan,nan,0.21424503672940598
1791059686.5866847,-2.5833274656387655,0.9544649711267668,-3.115141417895619,0.9562145014505177,3.815766836243435,0.39871474232826876,0.0,0.0,0.0,-2.155531179717792,-0.3837957580541191,-0.21092052924458315,0.023672777775530063,0.5555543098695711,0.0,0.0,-0.2003431450518419,3.225528715427814,-0.0042954878487828346,0.0021958785879566426,0.6104584700959658,0.0,0.0,-0.9817463968941228,2.5081123177207285,0.003461524258539169,0.0001212240312206864,nan,nan,nan,nan,nan,nan,nan,0.7951202504227656,0.0,0.0,1.419209590313737,2.236432867910761,0.001173989160519135,-0.001033768573507707,0.8243669902802834,0.0,0.0,-2.8897821484817725,1.6426881913664342,0.0003545073775042938,-0.0020425849926612246,nan,nan,nan,nan,nan,nan,nan,nan,nan,nan,nan,nan,nan,nan,nan,nan,nan,nan,nan,nan,nan,nan,nan,nan,nan,nan,nan,nan,nan,nan,nan,nan,nan,nan,nan,nan,nan,nan,nan,nan,nan,nan,nan,nan,nan,nan,nan,nan,nan,nan,nan,nan,nan,nan,nan,nan,nan,nan,nan,nan,nan,nan,nan,0.21382906426481077
1791059686.6880126,-2.6057944773888013,0.9540458678870083,-3.1163156357220636,0.9560473967672402,3.81696527874934,0.398713457193375,0.0,0.0,0.0,-2.1779304685096816,-0.3832480395346488,-0.22936998273186424,9.296188826940846e-05,0.5555543098695711,0.0,0.0,-0.20027783217004186,3.2254933850904317,0.0023922510698833454,-0.0003413748382566169,0.6104584700959658,0.0,0.0,-0.9817799425791628,2.5080958558746125,-0.0022786958369997055,-0.0008545614771153319,nan,nan,nan,nan,nan,nan,nan,0.7951202504227656,0.0,0.0,1.4190156367957267,2.236590257896049,-0.008480371336202665,0.008544349541068634,0.8080656771026756,0.0,0.0,-2.889824125422448,1.6426257473228394,0.0031251504546186658,-0.002233607151791481,nan,nan,nan,nan,nan,nan,nan,nan,nan,nan,nan,nan,nan,nan,nan,nan,nan,nan,nan,nan,nan,nan,nan,nan,nan,nan,nan,nan,nan,nan,nan,nan,nan,nan,nan,nan,nan,nan,nan,nan,nan,nan,nan,nan,nan,nan,nan,nan,nan,nan,nan,nan,nan,nan,nan,nan,nan,nan,nan,nan,nan,nan,nan,0.21380132118791356
1791059686.7869534,-2.6285299209696413,0.9541858319802291,-3.1195898891945193,0.9565108690090225,3.8181060567918466,0.3987170184255719,0.0,0.0,0.0,-2.1987227136952865,-0.38265740950523036,-0.21903808523237658,-0.007108663770229108,0.5555543098695711,0.0,0.0,-0.2003243479400467,3.2255083342110487,0.0024104511764688813,8.684473042434496e-05,0.6104584700959658,0.0,0.0,-0.9817575817279363,2.5081362352470524,0.002666514808118264,0.0022829377747273297,nan,nan,nan,nan,nan,nan,nan,0.7951202504227656,0.0,0.0,1.4192080054985738,2.236448021645602,0.011975242329737169,-0.009319630477233762,0.8354247473537797,0.0,0.0,-2.889832550368631,1.6426371051834605,0.0014612255477447736,-0.007206789604355594,nan,nan,nan,nan,nan,nan,nan,nan,nan,nan,nan,nan,nan,nan,nan,nan,nan,nan,nan,nan,nan,nan,nan,nan,nan,nan,nan,nan,nan,nan,nan,nan,nan,nan,nan,nan,nan,nan,nan,nan,nan,nan,nan,nan,nan,nan,nan,nan,nan,nan,nan,nan,nan,nan,nan,nan,nan,nan,nan,nan,nan,nan,nan,0.24593425465086952
1791059686.8866105,-2.650904348866283,0.9534124691358848,-3.116383732694781,0.9567508595108083,3.8192663085013074,0.39871885860371237,0.0,0.0,0.0,-2.220524670122057,-0.3820853168070851,-0.21336814130393725,-0.0043645350946120405,0.5555543098695711,0.0,0.0,-0.20029358404105407,3.225495539715819,0.004451364559177765,-0.00011704619151245293,0.6104584700959658,0.0,0.0,-0.9817612588794015,2.5081258134563833,-0.00020607489522279942,0.0002468472543832009,nan,nan,nan,nan,nan,nan,nan,0.7951202504227656,0.0,0.0,1.4191755425879766,2.236443395531114,-0.005202203195772312,-6.644496855516676e-06,0.8268650860930188,0.0,0.0,-2.889767879984516,1.6427200169025273,0.0026475784713101505,-0.009582115016506618,nan,nan,nan,nan,nan,nan,nan,nan,nan,nan,nan,nan,nan,nan,nan,nan,nan,nan,nan,nan,nan,nan,nan,nan,nan,nan,nan,nan,nan,nan,nan,nan,nan,nan,nan,nan,nan,nan,nan,nan,nan,nan,nan,nan,nan,nan,nan,nan,nan,nan,nan,nan,nan,nan,nan,nan,nan,nan,nan,nan,nan,nan,nan,0.25339114497543846
1791059686.9866028,-2.6730656898804446,0.9536755168890824,-3.1156872128220074,0.9571481543826019,3.820433071356888,0.3987218991655888,0.0,0.0,0.0,-2.241764624631201,-0.3818731178585384,-0.11721644963122749,-0.00415836641764983,0.5555543098695711,0.0,0.0,-0.20036686460789457,3.225501189155136,-0.0028919846630376797,0.0011472521932528908,0.6104584700959658,0.0,0.0,-0.9817520443133381,2.508124656543013,0.003852034660965883,0.0012155067308704593,nan,nan,nan,nan,nan,nan,nan,0.7951202504227656,0.0,0.0,1.4190262095876616,2.236593195818885,-0.013034532530787325,0.01133631682121393,0.8350279544338041,0.0,0.0,-2.8897973011811837,1.6427308105907763,0.0022658067207377993,0.003775295377136,nan,nan,nan,nan,nan,nan,nan,nan,nan,nan,nan,nan,nan,nan,nan,nan,nan,nan,nan,nan,nan,nan,nan,nan,nan,nan,nan,nan,nan,nan,nan,nan,nan,nan,nan,nan,nan,nan,nan,nan,nan,nan,nan,nan,nan,nan,nan,nan,nan,nan,nan,nan,nan,nan,nan,nan,nan,nan,nan,nan,nan,nan,nan,0.22407985322965504
1791059687.086613,-2.693987538828123,0.9528099212806636,-3.1055171622714792,0.9571122304740988,3.8215521398017005,0.3987216245301646,0.0,0.0,0.0,-2.241911985625778,-0.3813695060793952,0.026783791373437185,0.0016264335527309878,0.5555543098695711,0.0,0.0,-0.20029281011594383,3.2254914212653953,0.002778822335346956,-0.00037350595170119197,0.6104584700959658,0.0,0.0,-0.9817565162949405,2.508122604663446,0.00044704417184301005,0.0005629846019603972,nan,nan,nan,nan,nan,nan,nan,0.7951202504227656,0.0,0.0,1.4191730511440421,2.2364470734208615,0.0013221902085951386,-0.0020274778484180777,0.816786113591833,0.0,0.0,-2.889825255884454,1.6426820170020922,-0.0032259872491390536,-0.004574942820371201,nan,nan,nan,nan,nan,nan,nan,nan,nan,nan,nan,nan,nan,nan,nan,nan,nan,nan,nan,nan,nan,nan,nan,nan,nan,nan,nan,nan,nan,nan,nan,nan,nan,nan,nan,nan,nan,nan,nan,nan,nan,nan,nan,nan,nan,nan,nan,nan,nan,nan,nan,nan,nan,nan,nan,nan,nan,nan,nan,nan,nan,nan,nan,0.2039275123340434
1791059687.1866329,-2.7163569855699725,0.9523008578911653,-3.1031321333535007,0.9573797826578452,3.822608730347302,0.39872366853378843,0.0,0.0,0.0,-2.2421586178886606,-0.3813520174784374,0.003908531534457686,0.0003412015503700377,0.5555543098695711,0.0,0.0,-0.20034075472211935,3.2254946696642213,-0.0015230106133132376,-0.0004095453863030673,0.6104584700959658,0.0,0.0,-0.9818262711991453,2.5081036149751155,-0.000804008179390654,0.0007776681277645258,nan,nan,nan,nan,nan,nan,nan,0.7951202504227656,0.0,0.0,1.4192061374302032,2.2364442868721914,0.00142106553598428,-0.00018771378477061256,0.8301710916978885,0.0,0.0,-2.8898516503706153,1.6425577923058028,-0.0022186402553189422,-0.01062421782812469,nan,nan,nan,nan,nan,nan,nan,nan,nan,nan,nan,nan,nan,nan,nan,nan,nan,nan,nan,nan,nan,nan,nan,nan,nan,nan,nan,nan,nan,nan,nan,nan,nan,nan,nan,nan,nan,nan,nan,nan,nan,nan,nan,nan,nan,nan,nan,nan,nan,nan,nan,nan,nan,nan,nan,nan,nan,nan,nan,nan,nan,nan,nan,0.2180959852241815
1791059687.2868502,-2.738573437010245,0.9518830709257863,-3.099214590955196,0.9572950276990577,3.8235959797706527,0.3987230213887967,0.0,0.0,0.0,-2.2422532447497687,-0.3813720863675406,0.0009848767902457087,-0.0009394271780547517,0.5555543098695711,0.0,0.0,-0.20035303579046268,3.2255029155160213,-0.001999585804728085,0.00019916386329786899,0.6104584700959658,0.0,0.0,-0.9818103169088244,2.5080883748687257,-0.0012564811256119386,-0.0008471178104923131,nan,nan,nan,nan,nan,nan,nan,0.7951202504227656,0.0,0.0,1.4191945705447166,2.236443251450459,0.0019973426122724776,-0.00030465228542258995,0.815232740807761,0.0,0.0,-2.8897944534066875,1.6426600611637863,0.0007292271035465514,0.00046756217025361625,nan,nan,nan,nan,nan,nan,nan,nan,nan,nan,nan,nan,nan,nan,nan,nan,nan,nan,nan,nan,nan,nan,nan,nan,nan,nan,nan,nan,nan,nan,nan,nan,nan,nan,nan,nan,nan,nan,nan,nan,nan,nan,nan,nan,nan,nan,nan,nan,nan,nan,nan,nan,nan,nan,nan,nan,nan,nan,nan,nan,nan,nan,nan,0.22223395522498066
1791059687.3867924,-2.7609134620305382,0.95124823050722,-3.0955506237123958,0.9563678427356341,3.824299350686219,0.39871592048852755,0.296830429761127,0.0,0.0,-2.242260945309199,-0.3813880678895638,0.000782885615869755,-0.0021199970033760813,0.5555543098695711,0.0,0.0,-0.20031135478989226,3.225504064134349,0.001263263478493469,0.0008902891666037071,0.6104584700959658,0.0,0.0,-0.9818096609826467,2.5080992832661715,0.0007926957792598892,-0.0005084466119444763,nan,nan,nan,nan,nan,nan,nan,0.7951202504227656,0.0,0.0,1.4190156824092635,2.2365781741089052,-0.011698857813049019,0.01097280671879512,0.8180026464379473,0.0,0.0,-2.8898481320941363,1.6427740620241138,-0.005598684530538096,0.0016904914906218696,nan,nan,nan,nan,nan,nan,nan,nan,nan,nan,nan,nan,nan,nan,nan,nan,nan,nan,nan,nan,nan,nan,nan,nan,nan,nan,nan,nan,nan,nan,nan,nan,nan,nan,nan,nan,nan,nan,nan,nan,nan,nan,nan,nan,nan,nan,nan,nan,nan,nan,nan,nan,nan,nan,nan,nan,nan,nan,nan,nan,nan,nan,nan,0.24698313807917807
1791059687.4866135,-2.783068823687998,0.9507252813375799,-3.0964547194277823,0.9565497212408888,3.8248073472566686,0.3987173165119492,0.296830429761127,0.0,0.0,-2.2422694102563496,-0.38137218660919114,0.000727135658268746,0.0004533793181031572,0.5555543098695711,0.0,0.0,-0.20032299333400064,3.2254814248283106,-0.0007863892515898803,0.00015243013903048244,0.6104584700959658,0.0,0.0,-0.9817672505219946,2.508107389193945,0.0009049539745368445,0.0004778192882719976,nan,nan,nan,nan,nan,nan,nan,0.7951202504227656,0.0,0.0,1.4191836669811038,2.2364446453951516,-0.0010984462320571078,0.004482674823618401,0.8225689181397342,0.0,0.0,-2.889811289817275,1.6426537614684389,0.0025919108135794297,0.0011309566708959558,nan,nan,nan,nan,nan,nan,nan,nan,nan,nan,nan,nan,nan,nan,nan,nan,nan,nan,nan,nan,nan,nan,nan,nan,nan,nan,nan,nan,nan,nan,nan,nan,nan,nan,nan,nan,nan,nan,nan,nan,nan,nan,nan,nan,nan,nan,nan,nan,nan,nan,nan,nan,nan,nan,nan,nan,nan,nan,nan,nan,nan,nan,nan,0.22137282494328062
1791059687.5866392,-2.805168010802114,0.9500626644350387,-3.0939569135603344,0.9567778705505379,3.825341933109041,0.3987190655518089,0.296830429761127,0.0,0.0,-2.2422674062703916,-0.38137298044541695,0.0005563618681134071,-0.0012117193477648308,0.5555543098695711,0.0,0.0,-0.20029760999324323,3.225484277728548,0.0029639640817134168,-0.0008207310951739787,0.6104584700959658,0.0,0.0,-0.9818125770896394,2.5081034961677617,-0.0022736476276082832,-0.0012548653254080397,nan,nan,nan,nan,nan,nan,nan,0.7951202504227656,0.0,0.0,1.4191993237480545,2.2364316107303943,0.001876730680326705,-0.0005295199725745931,0.8253653873710581,0.0,0.0,-2.8897836537269534,1.6426305632014742,0.0027113981564829267,-0.006331443232138434,nan,nan,nan,nan,nan,nan,nan,nan,nan,nan,nan,nan,nan,nan,nan,nan,nan,nan,nan,nan,nan,nan,nan,nan,nan,nan,nan,nan,nan,nan,nan,nan,nan,nan,nan,nan,nan,nan,nan,nan,nan,nan,nan,nan,nan,nan,nan,nan,nan,nan,nan,nan,nan,nan,nan,nan,nan,nan,nan,nan,nan,nan,nan,0.20717200221511348
1791059687.686789,-2.827903579821639,0.9495031580742194,-3.0930210754614254,0.9560311132312228,3.825725351624111,0.3987133318947825,0.29254526000501574,0.0,0.0,-2.2422591398295664,-0.3813730760452281,0.00019772482229408081,4.806835282963333e-05,0.5555543098695711,0.0,0.0,-0.200323580720728,3.225491679718911,0.00016977781109425602,0.0002079038262200875,0.6104584700959658,0.0,0.0,-0.9817606598867091,2.5081287841600153,-0.0009488935755087948,0.0008742295914920958,nan,nan,nan,nan,nan,nan,nan,0.7951202504227656,0.0,0.0,1.4191758299596087,2.2364506295090285,-0.00036807586088178317,0.0007084474825051737,0.8211925040760715,0.0,0.0,-2.889837282122686,1.6426446218471087,-0.0007163774626991451,-0.0032195818140801466,nan,nan,nan,nan,nan,nan,nan,nan,nan,nan,nan,nan,nan,nan,nan,nan,nan,nan,nan,nan,nan,nan,nan,nan,nan,nan,nan,nan,nan,nan,nan,nan,nan,nan,nan,nan,nan,nan,nan,nan,nan,nan,nan,nan,nan,nan,nan,nan,nan,nan,nan,nan,nan,nan,nan,nan,nan,nan,nan,nan,nan,nan,nan,0.2104999881074637
1791059687.7861128,-2.8503375531749757,0.948571249231129,-3.0901861230196994,0.8650527240865344,3.4616594493917248,0.0,0.0,0.0,0.0,-2.2422637579660476,-0.3813680798487988,8.156712865547946e-05,0.0008610670578812359,0.0,0.0,0.0,-0.20031857782984594,3.225491544168984,0.0018047743932133645,-5.4264093370760065e-05,0.0,0.0,0.0,-0.9817641840956777,2.5081216793610404,0.0031159655034983793,0.0005943694496981543,nan,nan,nan,nan,nan,nan,nan,0.0,0.0,0.0,1.4190145651111319,2.2365930220241097,-0.009475902922008651,0.00853581757066038,0.0,0.0,0.0,-2.889798284057687,1.6427408309749558,0.000658181608145041,0.003917727379682864,nan,nan,nan,nan,nan,nan,nan,nan,nan,nan,nan,nan,nan,nan,nan,nan,nan,nan,nan,nan,nan,nan,nan,nan,nan,nan,nan,nan,nan,nan,nan,nan,nan,nan,nan,nan,nan,nan,nan,nan,nan,nan,nan,nan,nan,nan,nan,nan,nan,nan,nan,nan,nan,nan,nan,nan,nan,nan,nan,nan,nan,nan,nan,0.21562905550355413
1791059687.886098,-2.86648454048174,0.9481068269200547,-3.0917066645946214,0.7827395641381649,3.1322689740938725,0.0,0.0,0.0,0.0,-2.242261200233166,-0.3813619835618995,-2.9734284114955138e-05,0.0007469464085603633,0.0,0.0,0.0,-0.20030669079329733,3.225494776836329,0.0010133762481578925,-0.0007406251617505657,0.0,0.0,0.0,-0.9817573588335758,2.508130279974608,0.0003875859144676125,0.0002507548766967559,nan,nan,nan,nan,nan,nan,nan,0.0,0.0,0.0,1.4191789456259252,2.2364448477013346,0.0021421595696232447,-0.0020378244223470013,0.0,0.0,0.0,-2.8898297727223685,1.6426373507213057,0.00023788866551255355,-0.006032299621894823,nan,nan,nan,nan,nan,nan,nan,nan,nan,nan,nan,nan,nan,nan,nan,nan,nan,nan,nan,nan,nan,nan,nan,nan,nan,nan,nan,nan,nan,nan,nan,nan,nan,nan,nan,nan,nan,nan,nan,nan,nan,nan,nan,nan,nan,nan,nan,nan,nan,nan,nan,nan,nan,nan,nan,nan,nan,nan,nan,nan,nan,nan,nan,0.019822517904049868
1791059687.9861486,-2.8647775517575838,0.9449140820046231,-3.057833960471339,0.708255594586204,2.83420837056243,0.0,0.0,0.0,0.0,-2.2422644649463703,-0.3813648126023897,2.0593485585977126e-05,0.0001732306466775029,0.0,0.0,0.0,-0.2003477109606391,3.225496916176204,-0.0007562167911513287,-0.00038521998570116903,0.0,0.0,0.0,-0.9817476524930846,2.5081159309493373,0.002630124705355862,0.0008368230129238661,nan,nan,nan,nan,nan,nan,nan,0.0,0.0,0.0,1.4191900709246834,2.236445868227002,0.014082482089752638,-0.010349941681750494,0.0,0.0,0.0,-2.8897831514603274,1.642693434160535,0.0016101019621278195,0.002168593800831935,nan,nan,nan,nan,nan,nan,nan,nan,nan,nan,nan,nan,nan,nan,nan,nan,nan,nan,nan,nan,nan,nan,nan,nan,nan,nan,nan,nan,nan,nan,nan,nan,nan,nan,nan,nan,nan,nan,nan,nan,nan,nan,nan,nan,nan,nan,nan,nan,nan,nan,nan,nan,nan,nan,nan,nan,nan,nan,nan,nan,nan,nan,nan,0.07164620489241945
1791059688.086136,-2.8647308061736902,0.9449056411768668,-3.057846927785019,0.6408561635384119,2.5644977842896837,0.0,0.0,0.0,0.0,-2.2422657620384716,-0.381374803498955,0.0021944657841094163,0.0038670137733868466,0.0,0.0,0.0,-0.2003382663989864,3.2254886744641857,0.0007499628654625048,-0.000825670274989798,0.0,0.0,0.0,-0.981763923991797,2.508114837545386,-0.0002444687934734309,-0.0011162013706878058,nan,nan,nan,nan,nan,nan,nan,0.0,0.0,0.0,1.4191856478130378,2.2364296318283943,0.00021017157721895372,-0.0007060011206944763,0.0,0.0,0.0,-2.889818752118142,1.6427441516137185,-9.987038466466032e-05,0.0022902042303933686,nan,nan,nan,nan,nan,nan,nan,nan,nan,nan,nan,nan,nan,nan,nan,nan,nan,nan,nan,nan,nan,nan,nan,nan,nan,nan,nan,nan,nan,nan,nan,nan,nan,nan,nan,nan,nan,nan,nan,nan,nan,nan,nan,nan,nan,nan,nan,nan,nan,nan,nan,nan,nan,nan,nan,nan,nan,nan,nan,nan,nan,nan,nan,0.008507993064072903
1791059688.1861842,-2.8648209748883238,0.9449033680506497,-3.0576382411582177,0.5798706363707028,2.3204535537843562,0.0,0.0,0.0,0.0,-2.2422670298491045,-0.3813739184666837,0.012011253525986778,0.0175592725295416,0.0,0.0,0.0,-0.20033509403002592,3.2255000007216026,-0.000645061363014029,0.0005066710808751131,0.0,0.0,0.0,-0.9817787625109325,2.5080871201884327,0.00026138208444543307,-0.0028468644855154795,nan,nan,nan,nan,nan,nan,nan,0.0,0.0,0.0,1.4190358224318738,2.2365932085998845,-0.006439708569167394,0.005164248007983472,0.0,0.0,0.0,-2.8898038854921557,1.6426707451441696,0.0017588144696121205,0.004007898641952563,nan,nan,nan,nan,nan,nan,nan,nan,nan,nan,nan,nan,nan,nan,nan,nan,nan,nan,nan,nan,nan,nan,nan,nan,nan,nan,nan,nan,nan,nan,nan,nan,nan,nan,nan,nan,nan,nan,nan,nan,nan,nan,nan,nan,nan,nan,nan,nan,nan,nan,nan,nan,nan,nan,nan,nan,nan,nan,nan,nan,nan,nan,nan,0.0010318064394134628
1791059688.2862678,-2.864775986864356,0.9448909664630776,-3.0581588668840056,0.5246886494294998,2.099633202362496,0.0,0.0,0.0,0.0,-2.2422666242365836,-0.3813707228463347,-0.00010741779721836289,0.0004597488757963182,0.0,0.0,0.0,-0.2003107130200878,3.2254921693969028,0.0007956767069549911,9.848277329062421e-05,0.0,0.0,0.0,-0.981769190981835,2.508133840751825,0.0006434931832986193,-0.00011793140845604605,nan,nan,nan,nan,nan,nan,nan,0.0,0.0,0.0,1.4191785782653565,2.236449090080964,-9.225350138051446e-05,0.0008793089488473142,0.0,0.0,0.0,-2.889808858158024,1.6426485230273558,-0.0006179404212926099,-0.0017965834622777153,nan,nan,nan,nan,nan,nan,nan,nan,nan,nan,nan,nan,nan,nan,nan,nan,nan,nan,nan,nan,nan,nan,nan,nan,nan,nan,nan,nan,nan,nan,nan,nan,nan,nan,nan,nan,nan,nan,nan,nan,nan,nan,nan,nan,nan,nan,nan,nan,nan,nan,nan,nan,nan,nan,nan,nan,nan,nan,nan,nan,nan,nan,nan,0.0005685404380992217
1791059688.3863802,-2.864818720597078,0.9449106565556992,-3.057817098480256,0.47475792284242707,1.8998266857277426,0.0,0.0,0.0,0.0,-2.2422658583499224,-0.38135876074089275,3.41842830654935e-05,-0.0005559099168293419,0.0,0.0,0.0,-0.20031708743606325,3.2254991529966075,0.001079716324459541,0.00019681011274721674,0.0,0.0,0.0,-0.981738350420049,2.5081122374149625,0.00437692472878178,0.0008920345237058421,nan,nan,nan,nan,nan,nan,nan,0.0,0.0,0.0,1.4191681356534418,2.236445346166836,-0.002620863348871964,7.182433091550573e-05,0.0,0.0,0.0,-2.8898082296647987,1.6427557027567194,0.0001886734467551131,0.010571914711881795,nan,nan,nan,nan,nan,nan,nan,nan,nan,nan,nan,nan,nan,nan,nan,nan,nan,nan,nan,nan,nan,nan,nan,nan,nan,nan,nan,nan,nan,nan,nan,nan,nan,nan,nan,nan,nan,nan,nan,nan,nan,nan,nan,nan,nan,nan,nan,nan,nan,nan,nan,nan,nan,nan,nan,nan,nan,nan,nan,nan,nan,nan,nan,0.0030766211932903914
1791059688.4864156,-2.8647696554182773,0.9449305261952142,-3.0579975185783477,0.4295821959632088,1.719048130293771,0.0,0.0,0.0,0.0,-2.242261324883241,-0.3813709750680464,-0.00021452630368486137,-0.0009426239748377655,0.0,0.0,0.0,-0.20031589844806272,3.225494409410886,-0.0006306397385658568,-0.00025575299459971545,0.0,0.0,0.0,-0.9818199768813003,2.508113866214618,-0.00231410310565548,0.0011423249168163927,nan,nan,nan,nan,nan,nan,nan,0.0,0.0,0.0,1.4191702569210471,2.236440536722235,-0.0010325736793549327,-0.0007639373066081474,0.0,0.0,0.0,-2.8898171160277615,1.6428352848167158,-0.0025011915517511047,0.009412651062253315,nan,nan,nan,nan,nan,nan,nan,nan,nan,nan,nan,nan,nan,nan,nan,nan,nan,nan,nan,nan,nan,nan,nan,nan,nan,nan,nan,nan,nan,nan,nan,nan,nan,nan,nan,nan,nan,nan,nan,nan,nan,nan,nan,nan,nan,nan,nan,nan,nan,nan,nan,nan,nan,nan,nan,nan,nan,nan,nan,nan,nan,nan,nan,0.0036048805746604355
1791059688.586089,-2.8647948398442016,0.9449167659835586,-3.057748837697224,0.3887140922758911,1.555507280853278,0.0,0.0,0.0,0.0,-2.2422574005915226,-0.3813614576449363,-7.798504361794895e-05,-0.0003276870052026725,0.0,0.0,0.0,-0.20032550103196423,3.2254929631803964,-0.002359366816189938,-0.0002888120645229305,0.0,0.0,0.0,-0.9817534468951039,2.5081278635301874,0.005295348676196487,0.0011975552668504464,nan,nan,nan,nan,nan,nan,nan,0.0,0.0,0.0,1.4191827028752855,2.236440239305839,0.0027926449913231563,-0.0023421712665129355,0.0,0.0,0.0,-2.8898139761998305,1.6428460695242588,8.432088634604954e-05,0.011010613164732352,nan,nan,nan,nan,nan,nan,nan,nan,nan,nan,nan,nan,nan,nan,nan,nan,nan,nan,nan,nan,nan,nan,nan,nan,nan,nan,nan,nan,nan,nan,nan,nan,nan,nan,nan,nan,nan,nan,nan,nan,nan,nan,nan,nan,nan,nan,nan,nan,nan,nan,nan,nan,nan,nan,nan,nan,nan,nan,nan,nan,nan,nan,nan,0.0018894018979065783
1791059688.6862626,-2.8673729426062784,0.9478268943541883,-3.0885865024666628,0.3517230556262477,1.4074811918119996,0.0,0.0,0.0,0.0,-2.2422666275352077,-0.3813495523135671,-0.0006489781250985861,0.0014369974932386025,0.0,0.0,0.0,-0.20033714989562976,3.2255145475243965,-0.002201655895917754,0.0008911411440294851,0.0,0.0,0.0,-0.9818129600719525,2.5081093187344314,-0.0003482292847257801,0.00014766038114852987,nan,nan,nan,nan,nan,nan,nan,0.0,0.0,0.0,1.4191810258069628,2.2364537656693235,0.0009005350709864067,0.000700207619076464,0.0,0.0,0.0,-2.889781006104744,1.6427700257076436,0.002208830126839604,0.002585764786087804,nan,nan,nan,nan,nan,nan,nan,nan,nan,nan,nan,nan,nan,nan,nan,nan,nan,nan,nan,nan,nan,nan,nan,nan,nan,nan,nan,nan,nan,nan,nan,nan,nan,nan,nan,nan,nan,nan,nan,nan,nan,nan,nan,nan,nan,nan,nan,nan,nan,nan,nan,nan,nan,nan,nan,nan,nan,nan,nan,nan,nan,nan,nan,0.0036087581249071125
1791059688.786199,-2.8647662728094283,0.9448688325838807,-3.0574673691747964,0.3182621130683273,1.2735813903710043,0.0,0.0,0.0,0.0,-2.2422629247679176,-0.3813570029365675,-4.3613825280019566e-05,0.0002366441230048821,0.0,0.0,0.0,-0.20032822800318675,3.225517719307127,0.0004776482037242627,0.00025973634904344,0.0,0.0,0.0,-0.9818073713566723,2.50809650649304,-0.0012479941501095685,-0.0005772181082675244,nan,nan,nan,nan,nan,nan,nan,0.0,0.0,0.0,1.419187239364136,2.236451315994481,-0.0008199535307538751,9.71499988485391e-05,0.0,0.0,0.0,-2.8897966840265514,1.6429051413329225,-0.0019379391068102964,0.013168726496203449,nan,nan,nan,nan,nan,nan,nan,nan,nan,nan,nan,nan,nan,nan,nan,nan,nan,nan,nan,nan,nan,nan,nan,nan,nan,nan,nan,nan,nan,nan,nan,nan,nan,nan,nan,nan,nan,nan,nan,nan,nan,nan,nan,nan,nan,nan,nan,nan,nan,nan,nan,nan,nan,nan,nan,nan,nan,nan,nan,nan,nan,nan,nan,0.0069857846185455595
1791059688.886288,-2.867356455257499,0.9478280017523331,-3.0886230968675763,0.2879783778036992,1.1523957384185453,0.0,0.0,0.0,0.0,-2.242271856453914,-0.3813685661427997,-0.00021676655363128515,-0.0002862078754869177,0.0,0.0,0.0,-0.20030576477501658,3.2255184823385226,0.0021438869745071918,-0.0008065947066921823,0.0,0.0,0.0,-0.9817815763837409,2.50808987908163,0.001710775345772114,-0.001824304525525862,nan,nan,nan,nan,nan,nan,nan,0.0,0.0,0.0,1.4195639433142975,2.2363443580567606,0.028456701643365664,-0.008931691007789353,0.0,0.0,0.0,-2.8898647223280496,1.642732656423999,-0.0036783657183615554,-0.0029775222347362585,nan,nan,nan,nan,nan,nan,nan,nan,nan,nan,nan,nan,nan,nan,nan,nan,nan,nan,nan,nan,nan,nan,nan,nan,nan,nan,nan,nan,nan,nan,nan,nan,nan,nan,nan,nan,nan,nan,nan,nan,nan,nan,nan,nan,nan,nan,nan,nan,nan,nan,nan,nan,nan,nan,nan,nan,nan,nan,nan,nan,nan,nan,nan,0.0013821691928322184
1791059688.9863753,-2.867362870506928,0.9477941097569135,-3.0886380806368425,0.26057361183720995,1.0427307845668115,0.0,0.0,0.0,0.0,-2.2422669825507517,-0.381361241072168,1.2018706415717977e-05,0.0006466686303136681,0.0,0.0,0.0,-0.2003255921790108,3.2255360264499724,0.003807135427730275,0.00023343803379614962,0.0,0.0,0.0,-0.9817670489684975,2.5081219611234014,0.0036809672677747336,0.0015847258996595363,nan,nan,nan,nan,nan,nan,nan,0.0,0.0,0.0,1.4192006494752745,2.236464283927126,0.013173613501851823,-0.011243547340397122,0.0,0.0,0.0,-2.8898400320503552,1.6428048712807155,-0.0021095504996693415,0.0018361194866689193,nan,nan,nan,nan,nan,nan,nan,nan,nan,nan,nan,nan,nan,nan,nan,nan,nan,nan,nan,nan,nan,nan,nan,nan,nan,nan,nan,nan,nan,nan,nan,nan,nan,nan,nan,nan,nan,nan,nan,nan,nan,nan,nan,nan,nan,nan,nan,nan,nan,nan,nan,nan,nan,nan,nan,nan,nan,nan,nan,nan,nan,nan,nan,0.0043164877753137385
1791059689.086064,-2.8647732605589185,0.9448551730768909,-3.057578164027441,0.23578755321899394,0.9435450452010087,0.0,0.0,0.0,0.0,-2.2422566251438227,-0.3813639631802306,0.0008423770950301003,-0.00016061901548605035,0.0,0.0,0.0,-0.20033206097877124,3.2255249771938312,9.546434589028502e-05,0.0012570400599653919,0.0,0.0,0.0,-0.9817696789042502,2.5081250503144457,0.0007674962519827024,-6.143329832086417e-05,nan,nan,nan,nan,nan,nan,nan,0.0,0.0,0.0,1.419213912559749,2.23648107473923,0.0015235434734831856,0.0012549901541330194,0.0,0.0,0.0,-2.8897962205830625,1.6428546832065143,0.0017123217600177583,6.040066607562993e-05,nan,nan,nan,nan,nan,nan,nan,nan,nan,nan,nan,nan,nan,nan,nan,nan,nan,nan,nan,nan,nan,nan,nan,nan,nan,nan,nan,nan,nan,nan,nan,nan,nan,nan,nan,nan,nan,nan,nan,nan,nan,nan,nan,nan,nan,nan,nan,nan,nan,nan,nan,nan,nan,nan,nan,nan,nan,nan,nan,nan,nan,nan,nan,0.015691533485073402
1791059689.1861587,-2.8673676606119147,0.9478047022327781,-3.0884570794569126,0.2133494008737952,0.8537548625567444,0.0,0.0,0.0,0.0,-2.2422676675244233,-0.3813615439271389,-0.0008060309983832756,-0.0002808520161415103,0.0,0.0,0.0,-0.20031168634484317,3.22550290190696,-0.0018890179677390484,-0.00017882368257830355,0.0,0.0,0.0,-0.9817681763595358,2.508120552634546,0.00045703711252809034,0.0005664517697408771,nan,nan,nan,nan,nan,nan,nan,0.0,0.0,0.0,1.4192111806606065,2.2364613449189195,0.010712519475001884,-0.008263548974062155,0.0,0.0,0.0,-2.8897908749897807,1.6427779765753168,0.0006068977997658406,-0.0004769300931201628,nan,nan,nan,nan,nan,nan,nan,nan,nan,nan,nan,nan,nan,nan,nan,nan,nan,nan,nan,nan,nan,nan,nan,nan,nan,nan,nan,nan,nan,nan,nan,nan,nan,nan,nan,nan,nan,nan,nan,nan,nan,nan,nan,nan,nan,nan,nan,nan,nan,nan,nan,nan,nan,nan,nan,nan,nan,nan,nan,nan,nan,nan,nan,0.010999711910987591
1791059689.286115,-2.8673741383664124,0.9478106362193858,-3.0887792517699326,0.19305225730957964,0.772532300210708,0.0,0.0,0.0,0.0,-2.242275938051486,-0.3813643941779316,-0.0013240832936643658,-0.00010303147767505984,0.0,0.0,0.0,-0.20036222121124583,3.225507198247823,-0.003173957887504378,0.0007381472384293931,0.0,0.0,0.0,-0.9818066400234652,2.5080853610816995,-0.00422435526692048,-0.00037051476735653824,nan,nan,nan,nan,nan,nan,nan,0.0,0.0,0.0,1.4191812510986084,2.2364636099114583,-0.020685968568260587,0.00805333943993751,0.0,0.0,0.0,-2.8897716906493063,1.6428365250039996,0.002797350044899446,0.002541998638245087,nan,nan,nan,nan,nan,nan,nan,nan,nan,nan,nan,nan,nan,nan,nan,nan,nan,nan,nan,nan,nan,nan,nan,nan,nan,nan,nan,nan,nan,nan,nan,nan,nan,nan,nan,nan,nan,nan,nan,nan,nan,nan,nan,nan,nan,nan,nan,nan,nan,nan,nan,nan,nan,nan,nan,nan,nan,nan,nan,nan,nan,nan,nan,0.0007746660864551341
1791059689.3861573,-2.8675014190974677,0.9477941211217363,-3.0893273778105677,0.17468090606330802,0.699016131925237,0.0,0.0,0.0,0.0,-2.2422677808306144,-0.38134882850866586,-0.0006365893210199413,0.0011302943061176328,0.0,0.0,0.0,-0.2003225865396429,3.2255078478416945,0.0014740938304537913,-0.00014535654689687216,0.0,0.0,0.0,-0.9817659496257831,2.5081156869827788,0.0021564288145433774,0.0021611258503379956,nan,nan,nan,nan,nan,nan,nan,0.0,0.0,0.0,1.4191897105478402,2.2364517120685607,-0.00014238698720955693,0.00013343589377071206,0.0,0.0,0.0,-2.8898169244639194,1.6427024575478808,0.0004887726965524798,-0.0032425946226158466,nan,nan,nan,nan,nan,nan,nan,nan,nan,nan,nan,nan,nan,nan,nan,nan,nan,nan,nan,nan,nan,nan,nan,nan,nan,nan,nan,nan,nan,nan,nan,nan,nan,nan,nan,nan,nan,nan,nan,nan,nan,nan,nan,nan,nan,nan,nan,nan,nan,nan,nan,nan,nan,nan,nan,nan,nan,nan,nan,nan,nan,nan,nan,0.07937983095748516
1791060987.0231428,2.2583425545416533,0.6513580770418519,-3.129922055144657,0.00010618842045436774,0.19032516409175237,0.20006371305011733,0.0,0.0,0.0,2.288541491871048,-0.5054120130879438,-0.023185473898608526,-0.0018397518870510736,0.0010891438516842072,0.0,0.0,0.2402765959371644,-1.287669295942806,-0.004241503324054771,0.018078123078463786,0.0,0.0,0.0,-0.8880626575518108,-1.1521865983112207,-0.007041843088882744,0.0012290896187808233,nan,nan,nan,nan,nan,nan,nan,0.028830363595349406,0.0,0.0,1.5006159444372311,-1.346516517534312,0.0007788531507091395,0.021364066975679205,0.0,0.0,0.0,2.107679031199603,1.8824150571883886,-0.009475248367972951,-0.0011604948663034428,nan,nan,nan,nan,nan,nan,nan,nan,nan,nan,nan,nan,nan,nan,nan,nan,nan,nan,nan,nan,nan,nan,nan,nan,nan,nan,nan,nan,nan,nan,nan,nan,nan,nan,nan,nan,nan,nan,nan,nan,nan,nan,nan,nan,nan,nan,nan,nan,nan,nan,nan,nan,nan,nan,nan,nan,nan,nan,nan,nan,nan,nan,nan,0.0012597853709743288
1791060987.1189156,2.2576889621952074,0.6516933567759171,-3.135489916947652,0.0002971952679073681,0.36201180609575634,0.20017831711349487,0.0,0.0,0.0,2.2851004397572545,-0.5054790334694027,-0.06007919925306504,0.032245361364166135,0.014237535484298767,0.0,0.0,0.24071509848133602,-1.2840949410325808,0.0026725304758480756,0.050419104611899274,4.315922559250474e-05,0.0,0.0,-0.8880989674951462,-1.149847034191987,-0.0014780019261826617,0.03540536224372938,nan,nan,nan,nan,nan,nan,nan,0.16059818696597755,0.0,0.0,1.5004205786103473,-1.341740188133039,-0.0038737697242852065,0.05689609090557389,0.0,0.0,0.0,2.1044578056241803,1.8826897565795155,-0.053434047039947676,-0.0012612882879111296,nan,nan,nan,nan,nan,nan,nan,nan,nan,nan,nan,nan,nan,nan,nan,nan,nan,nan,nan,nan,nan,nan,nan,nan,nan,nan,nan,nan,nan,nan,nan,nan,nan,nan,nan,nan,nan,nan,nan,nan,nan,nan,nan,nan,nan,nan,nan,nan,nan,nan,nan,nan,nan,nan,nan,nan,nan,nan,nan,nan,nan,nan,nan,0.02662284445282631
1791060987.2224436,2.2532340618983855,0.6514181354634445,-3.1358380678278923,0.0005946633916745351,0.5178870302184749,0.20035679765648756,0.0,0.0,0.0,2.2797896998217375,-0.505323609614485,-0.067400359751672,0.007957204794846729,0.17220277772064188,0.0,0.0,0.24069502559299746,-1.2786436070891125,0.002601866703892884,0.07162014823530555,0.0012373847111012192,0.0,0.0,-0.8878430458591497,-1.1460219209284441,0.00012911852466558556,0.040742461007758995,nan,nan,nan,nan,nan,nan,nan,0.7115624775467106,0.0,0.0,1.5004524048934031,-1.3350427409655035,0.002313177439458398,0.07617006060770161,0.0,0.0,0.0,2.09933564356206,1.883089609488034,-0.06576667982058552,0.003863212747534864,nan,nan,nan,nan,nan,nan,nan,nan,nan,nan,nan,nan,nan,nan,nan,nan,nan,nan,nan,nan,nan,nan,nan,nan,nan,nan,nan,nan,nan,nan,nan,nan,nan,nan,nan,nan,nan,nan,nan,nan,nan,nan,nan,nan,nan,nan,nan,nan,nan,nan,nan,nan,nan,nan,nan,nan,nan,nan,nan,nan,nan,nan,nan,0.062011629477079985
1791060987.3229535,2.2472228334534754,0.6515993962011379,-3.136581008692177,0.015047256961149093,0.6589095235467186,0.20902222657303438,0.0,0.0,0.0,2.2724666818319563,-0.5053431873476248,-0.07765655196267776,-0.0031284351436021056,0.9623559605426565,0.0,0.0,0.24077661528369457,-1.2710893879566343,0.0041395822124392955,0.08365936821945283,0.18060601692816997,0.0,0.0,-0.8879003427775474,-1.1401939856041186,0.0005906188699038382,0.06674192563581588,nan,nan,nan,nan,nan,nan,nan,0.7700158169591453,0.0,0.0,1.5003468205917263,-1.3276699990367953,-0.005241961296230846,0.09939037384882808,0.0,0.0,0.0,2.0924620191308563,1.8829773942171406,-0.07182044488604716,0.00065793569580725,nan,nan,nan,nan,nan,nan,nan,nan,nan,nan,nan,nan,nan,nan,nan,nan,nan,nan,nan,nan,nan,nan,nan,nan,nan,nan,nan,nan,nan,nan,nan,nan,nan,nan,nan,nan,nan,nan,nan,nan,nan,nan,nan,nan,nan,nan,nan,nan,nan,nan,nan,nan,nan,nan,nan,nan,nan,nan,nan,nan,nan,nan,nan,0.08362844098727124
1791060987.4236424,2.238639807907987,0.6514509617785516,-3.1343936205599103,-0.02041291458984055,0.7865526054102789,0.18776753875019536,0.0,0.0,0.0,2.264363827550452,-0.5050925277596074,-0.10304187334731646,-0.012253411882431956,1.0333341350296865,0.0,0.0,0.2407367108224525,-1.2627000439553746,0.002609723316904432,0.10606578028996722,0.9734686087705198,0.0,0.0,-0.8877656083856794,-1.1332835093600602,0.002041131597055148,0.0762484189142833,nan,nan,nan,nan,nan,nan,nan,0.8958550917537276,0.0,0.0,1.5006243394423298,-1.3164381367515454,-0.008864616303913346,0.10762602465008117,0.0,0.0,0.0,2.081247390721702,1.8831686356936117,-0.12649204753141896,-0.009076979700855296,nan,nan,nan,nan,nan,nan,nan,nan,nan,nan,nan,nan,nan,nan,nan,nan,nan,nan,nan,nan,nan,nan,nan,nan,nan,nan,nan,nan,nan,nan,nan,nan,nan,nan,nan,nan,nan,nan,nan,nan,nan,nan,nan,nan,nan,nan,nan,nan,nan,nan,nan,nan,nan,nan,nan,nan,nan,nan,nan,nan,nan,nan,nan,0.09754712970160188
1791060987.5237658,2.228220707661839,0.6514365712875677,-3.135625970710822,-0.05900807806499213,0.9022709904269534,0.16496040941197837,0.0,0.0,0.0,2.2558617871845894,-0.5048990638161466,-0.09493453208188554,0.008230708545733325,1.0335257746094073,0.0,0.0,0.24079893814304285,-1.2509855492341029,0.005521384765636194,0.11805467924216506,0.6482098846668889,0.0,0.0,-0.8878764812408444,-1.124011564763627,0.007375890236958218,0.09317123728874774,nan,nan,nan,nan,nan,nan,nan,0.7973130810879006,0.0,0.0,1.5008795661073489,-1.304216494413159,-0.001332714599647017,0.13284742803960456,0.0,0.0,0.0,2.0705320872951902,1.8833195437337151,-0.13301619437462486,0.007149191726953167,nan,nan,nan,nan,nan,nan,nan,nan,nan,nan,nan,nan,nan,nan,nan,nan,nan,nan,nan,nan,nan,nan,nan,nan,nan,nan,nan,nan,nan,nan,nan,nan,nan,nan,nan,nan,nan,nan,nan,nan,nan,nan,nan,nan,nan,nan,nan,nan,nan,nan,nan,nan,nan,nan,nan,nan,nan,nan,nan,nan,nan,nan,nan,0.11454074441830565
1791060987.6221783,2.218227560508274,0.6518875368134806,-3.139188311353448,-0.09790041122777149,1.0079376591930727,0.14289242824049672,0.0,0.0,0.0,2.245224516060754,-0.5047395860237177,-0.09754107788576007,0.0005824515320940289,1.0263250603158347,0.0,0.0,0.24090990696903142,-1.2392225967992176,0.001068004525300628,0.1422607323759621,0.6648197962285222,0.0,0.0,-0.8878352571323358,-1.1148797934069592,0.0004275846763335138,0.11679378776574752,nan,nan,nan,nan,nan,nan,nan,0.7441581994825819,0.0,0.0,1.5011593265293497,-1.2922585017368777,0.0039479891530386346,0.13308997776821777,0.0,0.0,0.0,2.0584722851472734,1.8836150475126765,-0.1173445513232586,0.03063704168424906,nan,nan,nan,nan,nan,nan,nan,nan,nan,nan,nan,nan,nan,nan,nan,nan,nan,nan,nan,nan,nan,nan,nan,nan,nan,nan,nan,nan,nan,nan,nan,nan,nan,nan,nan,nan,nan,nan,nan,nan,nan,nan,nan,nan,nan,nan,nan,nan,nan,nan,nan,nan,nan,nan,nan,nan,nan,nan,nan,nan,nan,nan,nan,0.13388525045236752
1791060987.7230992,2.205054290680623,0.6520943681288424,-3.140526491490116,-0.12975554317137455,1.104780529948672,0.12585443535277274,0.0,0.0,0.0,2.235087434603804,-0.5045323482605006,-0.10909525528289218,-0.0002597875304101325,0.9864354882069303,0.0,0.0,0.24122703978947324,-1.2233824478393995,0.0015916902726693684,0.16609082667267006,0.5931540694748536,0.0,0.0,-0.8878083856277379,-1.1023964716299495,-0.001776716491563314,0.12825739806042363,nan,nan,nan,nan,nan,nan,nan,0.888280704740222,0.0,0.0,1.5010914189433273,-1.2777869356383817,-0.007381637677417233,0.1544271405727986,0.0,0.0,0.0,2.041512094857371,1.8834940867354266,-0.1778476076089019,-0.009453211279317156,nan,nan,nan,nan,nan,nan,nan,nan,nan,nan,nan,nan,nan,nan,nan,nan,nan,nan,nan,nan,nan,nan,nan,nan,nan,nan,nan,nan,nan,nan,nan,nan,nan,nan,nan,nan,nan,nan,nan,nan,nan,nan,nan,nan,nan,nan,nan,nan,nan,nan,nan,nan,nan,nan,nan,nan,nan,nan,nan,nan,nan,nan,nan,0.12494070726676763
1791060987.8240376,2.1925590890730478,0.652482824870386,-3.1402207020949042,-0.15348010801155532,1.1937911329226247,0.1139113960685118,0.0,0.0,0.0,2.2250847336837496,-0.5041764047115262,-0.11837173442777407,0.0001247389409398962,0.9416296560745819,0.0,0.0,0.2411417746564005,-1.2070866089087908,-0.003796479516659649,0.16165544526295245,0.26407655689741916,0.0,0.0,-0.8878037444936877,-1.088980688724812,0.008642824934950662,0.14632527636883164,nan,nan,nan,nan,nan,nan,nan,0.9565621108929778,0.0,0.0,1.5006254934382082,-1.2601593252919796,-0.007454265349217849,0.16426908276900393,0.0,0.0,0.0,2.023529982077303,1.883586410093048,-0.17462050305532162,0.023266351302091176,nan,nan,nan,nan,nan,nan,nan,nan,nan,nan,nan,nan,nan,nan,nan,nan,nan,nan,nan,nan,nan,nan,nan,nan,nan,nan,nan,nan,nan,nan,nan,nan,nan,nan,nan,nan,nan,nan,nan,nan,nan,nan,nan,nan,nan,nan,nan,nan,nan,nan,nan,nan,nan,nan,nan,nan,nan,nan,nan,nan,nan,nan,nan,0.1270466522709917
1791060987.9241328,2.180241893749614,0.652779439449466,-3.1384812194811063,-0.12460083079365313,1.274183479172193,0.12853735458039822,0.0,0.0,0.0,2.213936293894255,-0.5035590250226722,-0.10938588403410573,0.01138954933393288,0.7482854886336108,0.0,0.0,0.2411964414548401,-1.1878492385070503,-0.004038073135212341,0.2129321611663107,0.4160077761940452,0.0,0.0,-0.8877756491304015,-1.074363419826605,0.012316212930363198,0.15695193742810276,nan,nan,nan,nan,nan,nan,nan,0.9744510662800767,0.0,0.0,1.5006423238631899,-1.241443841362057,0.004597469047934569,0.19993236217096466,0.0,0.0,0.0,2.000905610647846,1.8835023146887813,-0.2347117155885523,-0.011301238032153901,nan,nan,nan,nan,nan,nan,nan,nan,nan,nan,nan,nan,nan,nan,nan,nan,nan,nan,nan,nan,nan,nan,nan,nan,nan,nan,nan,nan,nan,nan,nan,nan,nan,nan,nan,nan,nan,nan,nan,nan,nan,nan,nan,nan,nan,nan,nan,nan,nan,nan,nan,nan,nan,nan,nan,nan,nan,nan,nan,nan,nan,nan,nan,0.12793605457408289
1791060988.023134,2.1678569658678315,0.6528120790276947,-3.134231841370542,-0.11472828026727301,1.345973058639438,0.13375833750835253,0.0,0.0,0.0,2.202924716955333,-0.503292068933305,-0.09647692788407884,0.007197578049969374,0.8741834937718497,0.0,0.0,0.24131104468295933,-1.1672217750214249,-0.00815115082081235,0.18841382994162567,0.35723415713402495,0.0,0.0,-0.887918859128199,-1.0581156311244837,-0.000820261028352681,0.13967628554301673,nan,nan,nan,nan,nan,nan,nan,0.9959958089636993,0.0,0.0,1.500340050319384,-1.2211730859758945,-0.0042036075738793675,0.20211241826492,0.0,0.0,0.0,1.978389493530503,1.8836019858783482,-0.22161210269763854,0.00954954380338253,nan,nan,nan,nan,nan,nan,nan,nan,nan,nan,nan,nan,nan,nan,nan,nan,nan,nan,nan,nan,nan,nan,nan,nan,nan,nan,nan,nan,nan,nan,nan,nan,nan,nan,nan,nan,nan,nan,nan,nan,nan,nan,nan,nan,nan,nan,nan,nan,nan,nan,nan,nan,nan,nan,nan,nan,nan,nan,nan,nan,nan,nan,nan,0.12255535171003623
1791060988.122307,2.156461695438656,0.6534178672588772,-3.1368425459993827,-0.10436533790878987,1.4104375870894514,0.1393497938599924,0.0,0.0,0.0,2.194946727756795,-0.5032232073140873,-0.07867853430908278,0.018178491930059847,0.8822570582227561,0.0,0.0,0.24129212611479545,-1.1475003554321521,0.001030610966421072,0.21414269039279868,0.7088940125064519,0.0,0.0,-0.8876821707356253,-1.044539827973672,-0.006048106113264638,0.1342012330113601,nan,nan,nan,nan,nan,nan,nan,0.9583625517150917,0.0,0.0,1.5004296117302836,-1.2020797656920013,0.0040459863675613265,0.22475917736186607,0.0,0.0,0.0,1.9583723927691383,1.8837116123135846,-0.24610506171035884,0.012231129646834144,nan,nan,nan,nan,nan,nan,nan,nan,nan,nan,nan,nan,nan,nan,nan,nan,nan,nan,nan,nan,nan,nan,nan,nan,nan,nan,nan,nan,nan,nan,nan,nan,nan,nan,nan,nan,nan,nan,nan,nan,nan,nan,nan,nan,nan,nan,nan,nan,nan,nan,nan,nan,nan,nan,nan,nan,nan,nan,nan,nan,nan,nan,nan,0.130058414718596
1791060988.2239347,2.142847535799545,0.6535884167940538,-3.1365004049331047,-0.05956618155397504,1.467832577820216,0.16463592117096904,0.0,0.0,0.0,2.1856873500461043,-0.5032674661164784,-0.08887999280578643,-0.004239187742055795,0.69053239618856,0.0,0.0,0.2413494053205321,-1.122886001052011,-0.01089447531459851,0.24151538485328836,0.47748180078366087,0.0,0.0,-0.8877362570730655,-1.0293772163497277,-0.003824896004666501,0.1319419557461497,nan,nan,nan,nan,nan,nan,nan,1.0132756320316139,0.0,0.0,1.5002167314405657,-1.177286039523034,-0.0010928485886448156,0.22530017717633552,0.0,0.0,0.0,1.9340785552251938,1.8835776946349385,-0.21019535085069257,0.011020830341160234,nan,nan,nan,nan,nan,nan,nan,nan,nan,nan,nan,nan,nan,nan,nan,nan,nan,nan,nan,nan,nan,nan,nan,nan,nan,nan,nan,nan,nan,nan,nan,nan,nan,nan,nan,nan,nan,nan,nan,nan,nan,nan,nan,nan,nan,nan,nan,nan,nan,nan,nan,nan,nan,nan,nan,nan,nan,nan,nan,nan,nan,nan,nan,0.13067805665611365
1791060988.3230693,2.130031993985268,0.6539577230693068,-3.136089699516255,-0.041003664257925995,1.5189565377552534,0.17552114599858484,0.0,0.0,0.0,2.178236735310699,-0.5027966368550301,-0.08468311083219948,-0.0008977423336765152,0.824239688058542,0.0,0.0,0.24169625123246335,-1.1016401611569706,-0.007831598070966578,0.21717328756873971,0.6359438668112254,0.0,0.0,-0.887915239173602,-1.0155672249007905,-0.0019376095539517962,0.13372519776758596,nan,nan,nan,nan,nan,nan,nan,0.9992309305340223,0.0,0.0,1.500093559431591,-1.1570100808414112,0.00039171097216092845,0.2291743795236858,0.0,0.0,0.0,1.9142033359303934,1.8834614156227485,-0.20650709051317703,-0.006417125311225773,nan,nan,nan,nan,nan,nan,nan,nan,nan,nan,nan,nan,nan,nan,nan,nan,nan,nan,nan,nan,nan,nan,nan,nan,nan,nan,nan,nan,nan,nan,nan,nan,nan,nan,nan,nan,nan,nan,nan,nan,nan,nan,nan,nan,nan,nan,nan,nan,nan,nan,nan,nan,nan,nan,nan,nan,nan,nan,nan,nan,nan,nan,nan,0.1312615929471139
1791060988.4246104,2.116689058662203,0.654266309580256,-3.1352079496490615,-0.03472325486167448,1.564975157524568,0.17924108018381152,0.0,0.0,0.0,2.1698908667358676,-0.5027528912560405,-0.0687331269517694,-0.006982742336373079,0.8395775142794588,0.0,0.0,0.2417554717655393,-1.079662885097139,0.002336623859742663,0.24167114316760485,0.737671996281158,0.0,0.0,-0.8880175822905516,-1.0025307134553745,-0.006460743837158153,0.13547062447026173,nan,nan,nan,nan,nan,nan,nan,0.967632202791946,0.0,0.0,1.500174282661664,-1.1322584403788778,0.002383136378566471,0.22743676209765937,0.0,0.0,0.0,1.8940300384199653,1.8828072647133105,-0.19177753382464377,-0.0020279839838997058,nan,nan,nan,nan,nan,nan,nan,nan,nan,nan,nan,nan,nan,nan,nan,nan,nan,nan,nan,nan,nan,nan,nan,nan,nan,nan,nan,nan,nan,nan,nan,nan,nan,nan,nan,nan,nan,nan,nan,nan,nan,nan,nan,nan,nan,nan,nan,nan,nan,nan,nan,nan,nan,nan,nan,nan,nan,nan,nan,nan,nan,nan,nan,0.13369092938397834
1791060988.5240068,2.1029858190722184,0.6544943463876292,-3.13504612968498,-0.004634497226702962,1.6064580095265357,0.197219480826351,0.0,0.0,0.0,2.1621293935855515,-0.502329497617296,-0.08514592337325083,0.02115966188767776,0.7704241833399342,0.0,0.0,0.2414340854593675,-1.0576276367214088,0.0022043100044595713,0.205962992952953,0.4221202443865366,0.0,0.0,-0.8881664380832295,-0.9884506011077778,0.00748675513590921,0.1350467373968413,nan,nan,nan,nan,nan,nan,nan,0.9839739242194805,0.0,0.0,1.5001725652202076,-1.1097049596904842,0.0020280821271942704,0.22328092320099208,0.0,0.0,0.0,1.8748700333680348,1.8831281249556557,-0.19858770501386452,-0.00047438757704835414,nan,nan,nan,nan,nan,nan,nan,nan,nan,nan,nan,nan,nan,nan,nan,nan,nan,nan,nan,nan,nan,nan,nan,nan,nan,nan,nan,nan,nan,nan,nan,nan,nan,nan,nan,nan,nan,nan,nan,nan,nan,nan,nan,nan,nan,nan,nan,nan,nan,nan,nan,nan,nan,nan,nan,nan,nan,nan,nan,nan,nan,nan,nan,0.14226689780567067
1791060988.6232302,2.0888995093520437,0.6547108229016583,-3.135177900841314,-0.022128108761984056,1.6439487265366495,0.1867426036033395,0.0,0.0,0.0,2.1557732258905635,-0.5023831074679292,-0.0625254338481063,0.00693733891984041,0.8915440438712129,0.0,0.0,0.24094826347074141,-1.0363996648961138,-0.014483437830725306,0.21425367766041395,0.7100313353954236,0.0,0.0,-0.8882945443113308,-0.9744977890396332,-0.0018486545939943612,0.1409857189758824,nan,nan,nan,nan,nan,nan,nan,0.9407604577677972,0.0,0.0,1.5002480093038655,-1.0894945962808429,0.0038194294791545147,0.22367889541505873,0.0,0.0,0.0,1.8535921641949566,1.88328754431643,-0.23145754382392103,-0.000888300301104207,nan,nan,nan,nan,nan,nan,nan,nan,nan,nan,nan,nan,nan,nan,nan,nan,nan,nan,nan,nan,nan,nan,nan,nan,nan,nan,nan,nan,nan,nan,nan,nan,nan,nan,nan,nan,nan,nan,nan,nan,nan,nan,nan,nan,nan,nan,nan,nan,nan,nan,nan,nan,nan,nan,nan,nan,nan,nan,nan,nan,nan,nan,nan,0.16106257748125163
1791060988.7240825,2.0738450671526834,0.6550463681562847,-3.1355305344575957,-0.07600940280084247,1.6783512066632449,0.15516870693175178,0.0,0.0,0.0,2.1489384528699165,-0.5025004475159167,-0.06060769095374265,-0.002208199344353265,0.9690122800552067,0.0,0.0,0.24069158605443902,-1.014244961925609,-0.006637785537290766,0.20992958100831938,0.6994662259010458,0.0,0.0,-0.888712864312366,-0.9608150319829655,0.005372931819399724,0.16483446102478203,nan,nan,nan,nan,nan,nan,nan,0.9018783467441676,0.0,0.0,1.500138088166261,-1.0647939409982656,0.0001578743105217175,0.21173144639003552,0.0,0.0,0.0,1.8310821074793409,1.8829913284411872,-0.22864784727470994,0.002226849019277697,nan,nan,nan,nan,nan,nan,nan,nan,nan,nan,nan,nan,nan,nan,nan,nan,nan,nan,nan,nan,nan,nan,nan,nan,nan,nan,nan,nan,nan,nan,nan,nan,nan,nan,nan,nan,nan,nan,nan,nan,nan,nan,nan,nan,nan,nan,nan,nan,nan,nan,nan,nan,nan,nan,nan,nan,nan,nan,nan,nan,nan,nan,nan,0.16060183970391892
1791060988.8225262,2.0581172665399903,0.655174193921724,-3.1341535986268694,-0.13064391161820527,1.7110584439822136,0.125395127127805,0.0,0.0,0.0,2.1444680893927743,-0.5025046806990687,-0.05018989811661676,0.0006047040630943227,0.9346507753866637,0.0,0.0,0.24039017438716384,-0.9939513264872877,-0.0034910252200215063,0.24382491009875806,0.9970154564764623,0.0,0.0,-0.8882141925278041,-0.9507479539534069,0.0015087338227844484,0.130639885716213,nan,nan,nan,nan,nan,nan,nan,0.893442968638763,0.0,0.0,1.4998776379522254,-1.0454514692170074,-0.0013995156870029999,0.23701759107393686,0.0,0.0,0.0,1.8107859966405289,1.8833721451897005,-0.24747974706287532,-0.0028038685948454886,nan,nan,nan,nan,nan,nan,nan,nan,nan,nan,nan,nan,nan,nan,nan,nan,nan,nan,nan,nan,nan,nan,nan,nan,nan,nan,nan,nan,nan,nan,nan,nan,nan,nan,nan,nan,nan,nan,nan,nan,nan,nan,nan,nan,nan,nan,nan,nan,nan,nan,nan,nan,nan,nan,nan,nan,nan,nan,nan,nan,nan,nan,nan,0.1353841299274638
1791060988.924008,2.042704691224706,0.6554659110621261,-3.13710784996344,-0.16275231848777935,1.7426936028053737,0.10943361892309161,0.0,0.0,0.0,2.1389805593301983,-0.5024241591309762,-0.04419840660338328,-0.006095077819262492,0.7983606429626394,0.0,0.0,0.2400756138513228,-0.9695907010763889,0.009259717771463885,0.23469621729792073,0.9402498811298978,0.0,0.0,-0.8882148050017482,-0.935867846944753,0.009593970390861958,0.12948541221775042,nan,nan,nan,nan,nan,nan,nan,0.9460530333394632,0.0,0.0,1.4996145189937886,-1.0223696878233122,-0.0028106034075462655,0.2095332021755925,0.0,0.0,0.0,1.786086893186591,1.8835161644018747,-0.21733650901253393,0.01907305200980363,nan,nan,nan,nan,nan,nan,nan,nan,nan,nan,nan,nan,nan,nan,nan,nan,nan,nan,nan,nan,nan,nan,nan,nan,nan,nan,nan,nan,nan,nan,nan,nan,nan,nan,nan,nan,nan,nan,nan,nan,nan,nan,nan,nan,nan,nan,nan,nan,nan,nan,nan,nan,nan,nan,nan,nan,nan,nan,nan,nan,nan,nan,nan,0.14348719050376813
1791060989.0235307,2.0292229237487,0.6555618198021436,-3.1393188407768724,-0.1057236360509731,1.7706017717362674,0.13861067882802316,0.0,0.0,0.0,2.1336166819171396,-0.5023252215833499,-0.04898190984620236,-0.0005937114593044881,0.6329524495483164,0.0,0.0,0.23956262397996225,-0.9475847996127849,-0.000998315865412611,0.23320008023985228,0.42415782154208287,0.0,0.0,-0.8881192806047975,-0.9224241936675236,0.0008009556594115746,0.13540948633750619,nan,nan,nan,nan,nan,nan,nan,0.982867911627304,0.0,0.0,1.4995483244410621,-1.0015751614522925,0.005897997396268351,0.20006533431012924,0.0,0.0,0.0,1.7639754867755764,1.8838027908528903,-0.22907870350527632,-0.0016150161876153032,nan,nan,nan,nan,nan,nan,nan,nan,nan,nan,nan,nan,nan,nan,nan,nan,nan,nan,nan,nan,nan,nan,nan,nan,nan,nan,nan,nan,nan,nan,nan,nan,nan,nan,nan,nan,nan,nan,nan,nan,nan,nan,nan,nan,nan,nan,nan,nan,nan,nan,nan,nan,nan,nan,nan,nan,nan,nan,nan,nan,nan,nan,nan,0.1319506915985713
1791060989.1225762,2.016037984145166,0.6557717604375575,-3.140084592436535,-0.10489892290548204,1.7945417219110482,0.13905922562686998,0.0,0.0,0.0,2.128754636314472,-0.5022673726653099,-0.04156008519362336,-0.009175598526808016,0.8174776647373972,0.0,0.0,0.23933215585805898,-0.9250813418270086,-0.01865687602496175,0.23786344726784836,0.4776111913765298,0.0,0.0,-0.8880513144714436,-0.9093746818507608,0.002611427906941809,0.13604229526147693,nan,nan,nan,nan,nan,nan,nan,0.9590423457117245,0.0,0.0,1.4994298546932723,-0.9837173826579755,-0.00401768726256123,0.20230254954322993,0.0,0.0,0.0,1.7446492853048465,1.883858601936344,-0.21382255713227147,0.0051793666209139205,nan,nan,nan,nan,nan,nan,nan,nan,nan,nan,nan,nan,nan,nan,nan,nan,nan,nan,nan,nan,nan,nan,nan,nan,nan,nan,nan,nan,nan,nan,nan,nan,nan,nan,nan,nan,nan,nan,nan,nan,nan,nan,nan,nan,nan,nan,nan,nan,nan,nan,nan,nan,nan,nan,nan,nan,nan,nan,nan,nan,nan,nan,nan,0.12585691012175446
1791060989.2225592,2.0030780477659973,0.6559920215128235,-3.140578203124042,-0.05859125405455633,1.815373258334365,0.1652028803340062,0.0,0.0,0.0,2.1247819161717794,-0.5020152890965175,-0.04519655714130122,-0.002631151421709267,0.7054939434172116,0.0,0.0,0.23914684215999807,-0.9048483407271246,-0.0037711903104190735,0.2108804232931697,0.4630716222978257,0.0,0.0,-0.8880424062251678,-0.898103847841756,-0.0017725435295768593,0.12541179850510437,nan,nan,nan,nan,nan,nan,nan,0.9895450812630021,0.0,0.0,1.4992522436710447,-0.96421205407962,-0.002164715150537008,0.18919652236374088,0.0,0.0,0.0,1.7223885307560238,1.8845688837357395,-0.1945980839305229,0.02841002612518244,nan,nan,nan,nan,nan,nan,nan,nan,nan,nan,nan,nan,nan,nan,nan,nan,nan,nan,nan,nan,nan,nan,nan,nan,nan,nan,nan,nan,nan,nan,nan,nan,nan,nan,nan,nan,nan,nan,nan,nan,nan,nan,nan,nan,nan,nan,nan,nan,nan,nan,nan,nan,nan,nan,nan,nan,nan,nan,nan,nan,nan,nan,nan,0.13006307594296448
1791060989.3236558,1.9900270025889868,0.6561613105226165,-3.1410148782870215,-0.04448453292209968,1.833447044146034,0.17346661220507298,0.0,0.0,0.0,2.1197580541591226,-0.5019711372926856,-0.03793161744006883,-0.004543679390271714,0.7645592331324897,0.0,0.0,0.23870121587880513,-0.8801098730400125,-0.0015229392599257023,0.23273351943505888,0.5347297008895557,0.0,0.0,-0.8879940774858185,-0.8838576012843994,0.005039519389077586,0.13258136970011675,nan,nan,nan,nan,nan,nan,nan,0.9721640976392755,0.0,0.0,1.499090712358976,-0.9411167450856539,-0.003250447655276705,0.21715417290619177,0.0,0.0,0.0,1.7001422551608811,1.8849276597039895,-0.2362563065700966,-0.00129239131232811,nan,nan,nan,nan,nan,nan,nan,nan,nan,nan,nan,nan,nan,nan,nan,nan,nan,nan,nan,nan,nan,nan,nan,nan,nan,nan,nan,nan,nan,nan,nan,nan,nan,nan,nan,nan,nan,nan,nan,nan,nan,nan,nan,nan,nan,nan,nan,nan,nan,nan,nan,nan,nan,nan,nan,nan,nan,nan,nan,nan,nan,nan,nan,0.13719332792001615
1791060989.4232757,1.9764747489562369,0.6566807665693603,3.1413496249987327,-0.0382399577907282,1.8496163593243347,0.17715615080713668,0.0,0.0,0.0,2.1150835273321706,-0.5018877385247823,-0.04086664649572533,0.001460275739204916,0.8650888888929463,0.0,0.0,0.23860578694534254,-0.858179629979731,-0.004634125029965358,0.22127120080974194,0.8506484217626038,0.0,0.0,-0.8883077392106857,-0.8712480144732826,-0.019301518852743997,0.11190469534145803,nan,nan,nan,nan,nan,nan,nan,0.9807119153684438,0.0,0.0,1.4988861228510146,-0.9188343834317738,-0.0016186003840593065,0.2176354131669993,0.0,0.0,0.0,1.6757794766676923,1.8855738071992036,-0.23744851013200716,0.0021216267237205316,nan,nan,nan,nan,nan,nan,nan,nan,nan,nan,nan,nan,nan,nan,nan,nan,nan,nan,nan,nan,nan,nan,nan,nan,nan,nan,nan,nan,nan,nan,nan,nan,nan,nan,nan,nan,nan,nan,nan,nan,nan,nan,nan,nan,nan,nan,nan,nan,nan,nan,nan,nan,nan,nan,nan,nan,nan,nan,nan,nan,nan,nan,nan,0.13678223256751526
1791060989.524148,1.9620942773372083,0.6568041299791856,-3.1396403851203822,-0.08838559655565108,1.8647495528023141,0.1481775014406158,0.0,0.0,0.0,2.1115214444659265,-0.5020613743797251,-0.03531905457560584,-0.0014282364662758578,0.9201412976368478,0.0,0.0,0.2384663566035217,-0.8359541272444335,0.0005466464001012878,0.22732341274317336,0.8729338212210801,0.0,0.0,-0.8879645737601883,-0.8587534356460952,0.0042183684372947405,0.12585835003083112,nan,nan,nan,nan,nan,nan,nan,0.8860074631747604,0.0,0.0,1.498970826044072,-0.8986055198661173,0.005266460789315356,0.19293891451747375,0.0,0.0,0.0,1.6537600152879022,1.8860600924930422,-0.22783973279742714,0.009262371635919735,nan,nan,nan,nan,nan,nan,nan,nan,nan,nan,nan,nan,nan,nan,nan,nan,nan,nan,nan,nan,nan,nan,nan,nan,nan,nan,nan,nan,nan,nan,nan,nan,nan,nan,nan,nan,nan,nan,nan,nan,nan,nan,nan,nan,nan,nan,nan,nan,nan,nan,nan,nan,nan,nan,nan,nan,nan,nan,nan,nan,nan,nan,nan,0.15252931406693226
1791060989.6226442,1.9477087369263004,0.6572315763939321,-3.1384554845415074,-0.1312152369311137,1.8799651510653725,0.1251002197617406,0.0,0.0,0.0,2.108504064177736,-0.5020379110890573,-0.031869364286007985,-0.0005125460120354001,0.9226046621121193,0.0,0.0,0.23820227861318502,-0.8159627588347685,-0.0014772349951099484,0.2117022063322932,0.8162555547877758,0.0,0.0,-0.8880935252490267,-0.8474151184174683,-0.003394786532525091,0.1315260169869597,nan,nan,nan,nan,nan,nan,nan,0.8853570447763355,0.0,0.0,1.4990206591657067,-0.8815213000011256,-0.006217899206835667,0.18934526571920424,0.0,0.0,0.0,1.6335054768317452,1.8860485757857042,-0.2151200873059121,-0.01496902849336472,nan,nan,nan,nan,nan,nan,nan,nan,nan,nan,nan,nan,nan,nan,nan,nan,nan,nan,nan,nan,nan,nan,nan,nan,nan,nan,nan,nan,nan,nan,nan,nan,nan,nan,nan,nan,nan,nan,nan,nan,nan,nan,nan,nan,nan,nan,nan,nan,nan,nan,nan,nan,nan,nan,nan,nan,nan,nan,nan,nan,nan,nan,nan,0.1521347829404788
1791060989.7226183,1.932900793930041,0.6575265091736575,-3.1379790213544916,-0.16125768580960673,1.8954988347739568,0.11014795346696771,0.0,0.0,0.0,2.105247719291571,-0.5019784514857724,-0.0276546936545786,0.006673529006675222,0.8682870881802561,0.0,0.0,0.23795773592599673,-0.7915720871170099,-0.005182944972919679,0.2225318077461588,0.8135251252717107,0.0,0.0,-0.8880630632766399,-0.8330117950406221,-0.0009143334228112502,0.13520047899497006,nan,nan,nan,nan,nan,nan,nan,0.856484454881783,0.0,0.0,1.4989403438850089,-0.8609171923578639,0.0004738711045618446,0.1860849954255697,0.0,0.0,0.0,1.6090987376895487,1.8867077986853862,-0.2152051791970632,0.0022346268196660234,nan,nan,nan,nan,nan,nan,nan,nan,nan,nan,nan,nan,nan,nan,nan,nan,nan,nan,nan,nan,nan,nan,nan,nan,nan,nan,nan,nan,nan,nan,nan,nan,nan,nan,nan,nan,nan,nan,nan,nan,nan,nan,nan,nan,nan,nan,nan,nan,nan,nan,nan,nan,nan,nan,nan,nan,nan,nan,nan,nan,nan,nan,nan,0.15000516185575913
1791060989.8228962,1.9201611845087787,0.6579703420622348,-3.1366096969489834,-0.16697942439798932,1.9105594553236216,0.10742905198804845,0.0,0.0,0.0,2.1025149558957845,-0.5019676409125082,-0.031439396446274186,-0.0039792898311767095,0.7888697615110164,0.0,0.0,0.23767211283188966,-0.7693769274376462,-0.006058994081332456,0.2364859323171642,0.7155837657898305,0.0,0.0,-0.888204134589869,-0.8189825269542845,-0.0016189134445070562,0.1315452226046887,nan,nan,nan,nan,nan,nan,nan,0.8989841365792061,0.0,0.0,1.4986842940725436,-0.8439840632930679,-0.0119561532193941,0.17564561415249702,0.0,0.0,0.0,1.5866299528408756,1.8870106852909754,-0.23307748428609001,0.0011791828550190176,nan,nan,nan,nan,nan,nan,nan,nan,nan,nan,nan,nan,nan,nan,nan,nan,nan,nan,nan,nan,nan,nan,nan,nan,nan,nan,nan,nan,nan,nan,nan,nan,nan,nan,nan,nan,nan,nan,nan,nan,nan,nan,nan,nan,nan,nan,nan,nan,nan,nan,nan,nan,nan,nan,nan,nan,nan,nan,nan,nan,nan,nan,nan,0.13634813383853958
1791060989.9220636,1.9054692257781967,0.6583218406081941,-3.1372922810241417,-0.1574008327086512,1.9240686519294465,0.11200456529603096,0.0,0.0,0.0,2.0996272719656797,-0.5018079161319172,-0.032517591963997367,0.012892667259224106,0.8075447840705039,0.0,0.0,0.23738527415514432,-0.7499060793750211,0.0029044101119372356,0.2189540941193437,0.4803584560144528,0.0,0.0,-0.8881663896053162,-0.8056807099754317,0.0005885998422385221,0.14665791088172714,nan,nan,nan,nan,nan,nan,nan,0.9228014835293126,0.0,0.0,1.4986035599434948,-0.8251465512423187,0.0001229029823706573,0.18004694391431975,0.0,0.0,0.0,1.5668940441883852,1.8873846382543085,-0.22285966258484036,0.009501525876945992,nan,nan,nan,nan,nan,nan,nan,nan,nan,nan,nan,nan,nan,nan,nan,nan,nan,nan,nan,nan,nan,nan,nan,nan,nan,nan,nan,nan,nan,nan,nan,nan,nan,nan,nan,nan,nan,nan,nan,nan,nan,nan,nan,nan,nan,nan,nan,nan,nan,nan,nan,nan,nan,nan,nan,nan,nan,nan,nan,nan,nan,nan,nan,0.11323723438890916
1791060990.023015,1.8934942431717516,0.6585425503942615,-3.134871565379098,-0.08488688118155693,1.9341163883591221,0.15014105806168632,0.0,0.0,0.0,2.0970654869993424,-0.5019053548513072,-0.01999331552561287,0.0016292585041956852,0.6610354394554748,0.0,0.0,0.2368186893407163,-0.7256724011447704,-0.00022769461169237846,0.20445561764616968,0.15122836932878464,0.0,0.0,-0.88849618182306,-0.7882397366261007,-0.006959170128104217,0.16071748899165056,nan,nan,nan,nan,nan,nan,nan,1.0076876399052164,0.0,0.0,1.4984564759932528,-0.8020746370823378,-0.0033907358670453355,0.20351463209196707,0.0,0.0,0.0,1.542433853766471,1.8877753994254654,-0.2155608185126536,0.012053800233197829,nan,nan,nan,nan,nan,nan,nan,nan,nan,nan,nan,nan,nan,nan,nan,nan,nan,nan,nan,nan,nan,nan,nan,nan,nan,nan,nan,nan,nan,nan,nan,nan,nan,nan,nan,nan,nan,nan,nan,nan,nan,nan,nan,nan,nan,nan,nan,nan,nan,nan,nan,nan,nan,nan,nan,nan,nan,nan,nan,nan,nan,nan,nan,0.09930458009224145
1791060990.1237812,1.8823809861455634,0.6587480450051516,-3.135092951278152,-0.028583951236243757,1.9409666072276475,0.18289154371084126,0.0,0.0,0.0,2.094998475928757,-0.5018651162641881,-0.0188842084447891,0.002265792365764407,0.6644525660129521,0.0,0.0,0.23633953038484468,-0.7033397509863828,-0.007964423723852223,0.20908531423170898,0.2120054560554379,0.0,0.0,-0.8885509506508997,-0.7715868998028449,0.006702559101886934,0.1786931807821057,nan,nan,nan,nan,nan,nan,nan,0.9857222138653644,0.0,0.0,1.4984181769249127,-0.7814504711940183,-0.002724823489132611,0.2089426799063177,0.0,0.0,0.0,1.520051210010967,1.8879965688903135,-0.2167903469859524,-0.01000136705903686,nan,nan,nan,nan,nan,nan,nan,nan,nan,nan,nan,nan,nan,nan,nan,nan,nan,nan,nan,nan,nan,nan,nan,nan,nan,nan,nan,nan,nan,nan,nan,nan,nan,nan,nan,nan,nan,nan,nan,nan,nan,nan,nan,nan,nan,nan,nan,nan,nan,nan,nan,nan,nan,nan,nan,nan,nan,nan,nan,nan,nan,nan,nan,0.10503468035844209
1791060990.2236636,1.8712884061847688,0.6588147100062284,-3.135219708293908,-0.026896758266883182,1.9467305832731856,0.18389687859352827,0.0,0.0,0.0,2.0929491670812443,-0.5016713888195095,-0.012371504420648162,0.0009649500401838088,0.7843470417091258,0.0,0.0,0.23586415635763974,-0.6810637573642433,-0.008625039134478355,0.21875998812284264,0.391594958881928,0.0,0.0,-0.8886298475097129,-0.7537637230320723,0.0008609638320751535,0.16134599791849166,nan,nan,nan,nan,nan,nan,nan,0.8939394534566047,0.0,0.0,1.4984987585498089,-0.7612954028789195,0.0007163991339605444,0.18142335156486314,0.0,0.0,0.0,1.497619946104212,1.8887183393942402,-0.2106502691481556,-0.0008116629481453811,nan,nan,nan,nan,nan,nan,nan,nan,nan,nan,nan,nan,nan,nan,nan,nan,nan,nan,nan,nan,nan,nan,nan,nan,nan,nan,nan,nan,nan,nan,nan,nan,nan,nan,nan,nan,nan,nan,nan,nan,nan,nan,nan,nan,nan,nan,nan,nan,nan,nan,nan,nan,nan,nan,nan,nan,nan,nan,nan,nan,nan,nan,nan,0.11640607374700139
1791060990.322218,1.8593708105698101,0.6589389472408487,-3.13508216352457,-0.031447027694796056,1.9519627124601608,0.18118756203267594,0.0,0.0,0.0,2.0908576186639065,-0.5018547485517201,-0.021937476669463836,-0.010279855844673655,0.85870122515972,0.0,0.0,0.23568185564233424,-0.6611592643851226,0.006543659749402325,0.216517875703032,0.35610387254740467,0.0,0.0,-0.8887988187853298,-0.7365433378207692,-0.0004237500046821003,0.16688423903948127,nan,nan,nan,nan,nan,nan,nan,0.9252122315873029,0.0,0.0,1.4982526532178115,-0.7430892992393506,-0.0164656438533086,0.16679377779347437,0.0,0.0,0.0,1.4752297221749233,1.8892585780166984,-0.23499833198044895,0.0013686890788012938,nan,nan,nan,nan,nan,nan,nan,nan,nan,nan,nan,nan,nan,nan,nan,nan,nan,nan,nan,nan,nan,nan,nan,nan,nan,nan,nan,nan,nan,nan,nan,nan,nan,nan,nan,nan,nan,nan,nan,nan,nan,nan,nan,nan,nan,nan,nan,nan,nan,nan,nan,nan,nan,nan,nan,nan,nan,nan,nan,nan,nan,nan,nan,0.13912835708268276
1791060990.4236293,1.8464152974937011,0.6592095357091284,-3.135977370832636,-0.07537988687154097,1.9571197698449063,0.1555275895484006,0.0,0.0,0.0,2.0888791049732647,-0.501715495259911,-0.020202608402407736,0.0017230168796501018,0.911418897747242,0.0,0.0,0.2356989873012689,-0.6363218722829054,0.0033744841147847456,0.22168849501026236,0.517851996268401,0.0,0.0,-0.8889722340894807,-0.7204709738887886,0.002211623116364928,0.16592704877759012,nan,nan,nan,nan,nan,nan,nan,0.8512484208510738,0.0,0.0,1.4980527012275004,-0.7267882073114246,-0.004334884552856973,0.15738941051224692,0.0,0.0,0.0,1.4530478535134201,1.8897132918966475,-0.2275320962249558,0.0046202166361907476,nan,nan,nan,nan,nan,nan,nan,nan,nan,nan,nan,nan,nan,nan,nan,nan,nan,nan,nan,nan,nan,nan,nan,nan,nan,nan,nan,nan,nan,nan,nan,nan,nan,nan,nan,nan,nan,nan,nan,nan,nan,nan,nan,nan,nan,nan,nan,nan,nan,nan,nan,nan,nan,nan,nan,nan,nan,nan,nan,nan,nan,nan,nan,0.15133712326455326
1791060990.5239222,1.831999006025969,0.6594221474810781,-3.136297189282344,-0.10606476086868434,1.9627991638752451,0.13842534591340283,0.0,0.0,0.0,2.087187677392204,-0.5018668930149826,-0.018530128707722818,-0.003755417474309554,0.8311678629731086,0.0,0.0,0.23501369812272183,-0.6140184816770486,-0.0014073069344758922,0.21326378420483794,0.5528670577225624,0.0,0.0,-0.8891262229512835,-0.7047225913725637,-0.007096813765040713,0.1524035388595989,nan,nan,nan,nan,nan,nan,nan,0.7275841045870168,0.0,0.0,1.4983314747926437,-0.7120481654150873,0.02063158565941661,0.16667312600506443,0.0,0.0,0.0,1.4309546357670657,1.8894481845187385,-0.19519970761312483,-0.04150156093426737,nan,nan,nan,nan,nan,nan,nan,nan,nan,nan,nan,nan,nan,nan,nan,nan,nan,nan,nan,nan,nan,nan,nan,nan,nan,nan,nan,nan,nan,nan,nan,nan,nan,nan,nan,nan,nan,nan,nan,nan,nan,nan,nan,nan,nan,nan,nan,nan,nan,nan,nan,nan,nan,nan,nan,nan,nan,nan,nan,nan,nan,nan,nan,0.1496988661132217
1791060990.6231637,1.8175672560930736,0.6595685333664562,-3.1375755605222517,-0.11307052230262007,1.9686248158274218,0.13464533344375249,0.0,0.0,0.0,2.0855758807118363,-0.5015980138976511,-0.01957091060027612,0.009604717260905324,0.7660776598580451,0.0,0.0,0.2344946944075924,-0.5916292852452815,-0.009304131781977098,0.2243045279018164,0.721683053911228,0.0,0.0,-0.8891559538958168,-0.6913117961154835,0.009427563476234314,0.14076961036760127,nan,nan,nan,nan,nan,nan,nan,0.7938945851681977,0.0,0.0,1.498406361774489,-0.6970790966640581,0.00856787467594643,0.1515534173591057,0.0,0.0,0.0,1.4085454783591334,1.8901426302051565,-0.21048730503546423,0.00123441579944489,nan,nan,nan,nan,nan,nan,nan,nan,nan,nan,nan,nan,nan,nan,nan,nan,nan,nan,nan,nan,nan,nan,nan,nan,nan,nan,nan,nan,nan,nan,nan,nan,nan,nan,nan,nan,nan,nan,nan,nan,nan,nan,nan,nan,nan,nan,nan,nan,nan,nan,nan,nan,nan,nan,nan,nan,nan,nan,nan,nan,nan,nan,nan,0.14385195805109963
1791060990.720388,1.803480126780678,0.6597559818719035,-3.1374121977596046,-0.09138321677982995,1.9735899165213873,0.1465036296672386,0.0,0.0,0.0,2.0854057286937944,-0.502458134481132,-0.010903807807663535,0.0005182764983771098,0.7302572376762033,0.0,0.0,0.2338750815709196,-0.5695542727100159,-0.0076470919129762675,0.22753285714979982,0.46259340601408705,0.0,0.0,-0.8895509128117661,-0.6753946160945588,-0.005331844938903856,0.1388572762595796,nan,nan,nan,nan,nan,nan,nan,0.9458892836273457,0.0,0.0,1.4982859921816867,-0.6806746396753623,0.0070130111044420015,0.15957336284281196,0.0,0.0,0.0,1.3859422875366547,1.8907534393866465,-0.22640886887859102,0.0057370584656257165,nan,nan,nan,nan,nan,nan,nan,nan,nan,nan,nan,nan,nan,nan,nan,nan,nan,nan,nan,nan,nan,nan,nan,nan,nan,nan,nan,nan,nan,nan,nan,nan,nan,nan,nan,nan,nan,nan,nan,nan,nan,nan,nan,nan,nan,nan,nan,nan,nan,nan,nan,nan,nan,nan,nan,nan,nan,nan,nan,nan,nan,nan,nan,0.1264214260957118
1791060990.8237975,1.7899217080591612,0.6600138609018543,-3.1363292854977587,-0.11520549004645718,1.978158270974905,0.13350354227649003,0.0,0.0,0.0,2.0845484767789424,-0.5025105383753776,-0.009664417754302011,-0.0005254571061322049,0.8176672418673399,0.0,0.0,0.23337980620792867,-0.5473712037549793,0.002035270968473183,0.22653284804369422,0.4995396505153012,0.0,0.0,-0.8898202804642712,-0.6611854437401148,0.0036182751451169426,0.14310749995432986,nan,nan,nan,nan,nan,nan,nan,0.8282872240116328,0.0,0.0,1.497988640144551,-0.6659723076294307,0.0006917798438985309,0.14319957091296487,0.0,0.0,0.0,1.3636061897000922,1.8912944353200607,-0.2527505275158366,-0.00239049351691746,nan,nan,nan,nan,nan,nan,nan,nan,nan,nan,nan,nan,nan,nan,nan,nan,nan,nan,nan,nan,nan,nan,nan,nan,nan,nan,nan,nan,nan,nan,nan,nan,nan,nan,nan,nan,nan,nan,nan,nan,nan,nan,nan,nan,nan,nan,nan,nan,nan,nan,nan,nan,nan,nan,nan,nan,nan,nan,nan,nan,nan,nan,nan,0.1189669554603122
1791060990.9226582,1.7774632828311234,0.6601481282646805,-3.1364408574934193,-0.07203985293483145,1.9819086393266723,0.15743671116201266,0.0,0.0,0.0,2.0836289384440887,-0.5025022200625601,-0.008205064631838505,-0.00027885142983969405,0.7416644321916438,0.0,0.0,0.2324897979869887,-0.5251425165858833,-0.002514356836521162,0.21633880322995186,0.47132485208899827,0.0,0.0,-0.8900341786897118,-0.648265102147872,-0.0048073404373441524,0.13011725139365526,nan,nan,nan,nan,nan,nan,nan,0.9637402649346573,0.0,0.0,1.4980738920517471,-0.6499025391843158,0.0028291480475116943,0.17838488610135184,0.0,0.0,0.0,1.3416116583824167,1.892493995794724,-0.22141117283949843,0.007546452752099071,nan,nan,nan,nan,nan,nan,nan,nan,nan,nan,nan,nan,nan,nan,nan,nan,nan,nan,nan,nan,nan,nan,nan,nan,nan,nan,nan,nan,nan,nan,nan,nan,nan,nan,nan,nan,nan,nan,nan,nan,nan,nan,nan,nan,nan,nan,nan,nan,nan,nan,nan,nan,nan,nan,nan,nan,nan,nan,nan,nan,nan,nan,nan,0.1203025477204179
1791060991.0235653,1.7650717829931462,0.6603998197666049,-3.1357206210225708,-0.049824671052963856,1.9843361833267503,0.17032586680615602,0.0,0.0,0.0,2.0829381825037143,-0.5020868128533003,-0.008322792052418506,0.0006557316432070112,0.6868781321689156,0.0,0.0,0.23174750260999954,-0.5048784444192427,-0.017004311378103265,0.22486732400139303,0.4881341298748832,0.0,0.0,-0.8902402967796182,-0.6348319839107055,-0.004863521060760273,0.14026705976887968,nan,nan,nan,nan,nan,nan,nan,0.9600405257369684,0.0,0.0,1.497451240820515,-0.6311892877762548,-0.01579706856596545,0.20436931807270445,0.0,0.0,0.0,1.3198614300796492,1.8931613008843202,-0.20386202707384127,0.005241318089738623,nan,nan,nan,nan,nan,nan,nan,nan,nan,nan,nan,nan,nan,nan,nan,nan,nan,nan,nan,nan,nan,nan,nan,nan,nan,nan,nan,nan,nan,nan,nan,nan,nan,nan,nan,nan,nan,nan,nan,nan,nan,nan,nan,nan,nan,nan,nan,nan,nan,nan,nan,nan,nan,nan,nan,nan,nan,nan,nan,nan,nan,nan,nan,0.12523255036538214
1791060991.1221466,1.752586925580195,0.6605448203268639,-3.132303915918494,-0.03072670255887202,1.9861359245803551,0.18161601960767995,0.0,0.0,0.0,2.0819985329918342,-0.5025005782668844,-0.01652593144797414,-0.030280498683093397,0.7478285782545752,0.0,0.0,0.23089899691142088,-0.4800528531365726,-0.017809509951328864,0.22900746588179055,0.49844156000976414,0.0,0.0,-0.8905556839262286,-0.621692027048716,-0.006542130754401224,0.14092228783124985,nan,nan,nan,nan,nan,nan,nan,0.9540695790773038,0.0,0.0,1.4972208843383716,-0.6110197298345214,-0.0007866043860149901,0.1958339717075955,0.0,0.0,0.0,1.2972314570668804,1.8943910296803652,-0.24086733161114465,0.034901631468338065,nan,nan,nan,nan,nan,nan,nan,nan,nan,nan,nan,nan,nan,nan,nan,nan,nan,nan,nan,nan,nan,nan,nan,nan,nan,nan,nan,nan,nan,nan,nan,nan,nan,nan,nan,nan,nan,nan,nan,nan,nan,nan,nan,nan,nan,nan,nan,nan,nan,nan,nan,nan,nan,nan,nan,nan,nan,nan,nan,nan,nan,nan,nan,0.0985436207901425
1791060991.223727,1.7399148685459351,0.6608978163751232,-3.1333626226855955,0.020590565195612486,1.9875003444474038,0.21233864940566038,0.0,0.0,0.0,2.0810705267463288,-0.5025003310909104,-0.01099758664489662,-6.501080771079086e-05,0.7175949447958413,0.0,0.0,0.23037884890000718,-0.45749928239332355,-0.003500874333280623,0.22371839874248384,0.3492061815467748,0.0,0.0,-0.8908517894536714,-0.6080796438221858,-0.0036068234136751387,0.1440833444408146,nan,nan,nan,nan,nan,nan,nan,0.9945551193316514,0.0,0.0,1.4968492466139867,-0.5914781103226506,-0.007528463044798317,0.19138219158482678,0.0,0.0,0.0,1.2739980213002546,1.89509554196844,-0.2640489737416149,0.005204687861404186,nan,nan,nan,nan,nan,nan,nan,nan,nan,nan,nan,nan,nan,nan,nan,nan,nan,nan,nan,nan,nan,nan,nan,nan,nan,nan,nan,nan,nan,nan,nan,nan,nan,nan,nan,nan,nan,nan,nan,nan,nan,nan,nan,nan,nan,nan,nan,nan,nan,nan,nan,nan,nan,nan,nan,nan,nan,nan,nan,nan,nan,nan,nan,0.10881515958372026
1791060991.3240352,1.728503355997176,0.6613356341897236,-3.133116525166077,0.06033380225293859,1.9890367046013366,0.23581006885124217,0.0,0.0,0.0,2.079929088395961,-0.5023259496262131,-0.009154192092490337,0.007751347387002505,0.6990280311173148,0.0,0.0,0.2295293233371469,-0.4349650450379369,0.0034292670637274805,0.21842499236261703,0.294957339835604,0.0,0.0,-0.8913065224543418,-0.5945425467484583,-0.006693656320008449,0.13325199768893314,nan,nan,nan,nan,nan,nan,nan,0.9794965235518567,0.0,0.0,1.4966126245169333,-0.5721359724852589,-0.003632981812158909,0.18968270447709212,0.0,0.0,0.0,1.25263111413953,1.895585408705411,-0.21332729238125694,0.012337179112282314,nan,nan,nan,nan,nan,nan,nan,nan,nan,nan,nan,nan,nan,nan,nan,nan,nan,nan,nan,nan,nan,nan,nan,nan,nan,nan,nan,nan,nan,nan,nan,nan,nan,nan,nan,nan,nan,nan,nan,nan,nan,nan,nan,nan,nan,nan,nan,nan,nan,nan,nan,nan,nan,nan,nan,nan,nan,nan,nan,nan,nan,nan,nan,0.09963266053954899
1791060991.4224374,1.7159379662215355,0.6612137146433972,-3.1322171703821904,0.06566813471725404,1.9908379801682985,0.2388989458605825,0.0,0.0,0.0,2.078940644142415,-0.5023856751197612,-0.010479002731612504,-0.0003054843127322142,0.6879525616535279,0.0,0.0,0.22876147150480167,-0.4146604612731681,-0.013716864188366321,0.22217250430383095,0.39779981740580644,0.0,0.0,-0.8915607316371617,-0.5830093809660855,-0.0072524119348865166,0.13395791024536724,nan,nan,nan,nan,nan,nan,nan,0.9572442697235402,0.0,0.0,1.4960284336070888,-0.555899840068469,-0.008557395556106675,0.179321207870138,0.0,0.0,0.0,1.2319462089807043,1.896851345838051,-0.18725594876305662,0.002479208506980161,nan,nan,nan,nan,nan,nan,nan,nan,nan,nan,nan,nan,nan,nan,nan,nan,nan,nan,nan,nan,nan,nan,nan,nan,nan,nan,nan,nan,nan,nan,nan,nan,nan,nan,nan,nan,nan,nan,nan,nan,nan,nan,nan,nan,nan,nan,nan,nan,nan,nan,nan,nan,nan,nan,nan,nan,nan,nan,nan,nan,nan,nan,nan,0.12530930989603495
1791060991.5226715,1.7035863211568165,0.6614557490275893,-3.131483513793787,0.04824396911635324,1.9923247194247793,0.22874594433107812,0.0,0.0,0.0,2.077089557248672,-0.5017457312482199,0.010602006220723326,0.01548648360300044,0.7262385270593772,0.0,0.0,0.2278613328381253,-0.390143173924966,-0.021114219277947252,0.219938858697642,0.39779384785978955,0.0,0.0,-0.8919486930835384,-0.5692354256314882,-0.004619964513651952,0.12634829270706052,nan,nan,nan,nan,nan,nan,nan,0.9091797942705582,0.0,0.0,1.495511264600136,-0.5369541238146278,-0.004153186018462615,0.16450470452407145,0.0,0.0,0.0,1.20724851110141,1.8978401482821172,-0.21368436313547234,0.00867121404338781,nan,nan,nan,nan,nan,nan,nan,nan,nan,nan,nan,nan,nan,nan,nan,nan,nan,nan,nan,nan,nan,nan,nan,nan,nan,nan,nan,nan,nan,nan,nan,nan,nan,nan,nan,nan,nan,nan,nan,nan,nan,nan,nan,nan,nan,nan,nan,nan,nan,nan,nan,nan,nan,nan,nan,nan,nan,nan,nan,nan,nan,nan,nan,0.12516043780622932
1791060991.6221592,1.6912107449297415,0.6617311321318555,-3.129700108703579,0.05115567638778544,1.9935262809166583,0.23045468947382286,0.0,0.0,0.0,2.0759048527465556,-0.5019554629238127,-0.011765757987835324,-0.0016424857683784368,0.6575402598400928,0.0,0.0,0.22691651638868007,-0.36781310147738666,-0.019353536734289748,0.21929758689661888,0.5669451237501405,0.0,0.0,-0.892162834368931,-0.5583457316118532,-0.008008791720819176,0.12353670068888745,nan,nan,nan,nan,nan,nan,nan,0.9098529757727518,0.0,0.0,1.495189928888905,-0.5221786402448726,-0.005700782388478493,0.15887317332982956,0.0,0.0,0.0,1.1875517616824653,1.8983409483458402,-0.23503725111549423,0.014512465761338664,nan,nan,nan,nan,nan,nan,nan,nan,nan,nan,nan,nan,nan,nan,nan,nan,nan,nan,nan,nan,nan,nan,nan,nan,nan,nan,nan,nan,nan,nan,nan,nan,nan,nan,nan,nan,nan,nan,nan,nan,nan,nan,nan,nan,nan,nan,nan,nan,nan,nan,nan,nan,nan,nan,nan,nan,nan,nan,nan,nan,nan,nan,nan,0.11786967122403344
1791060991.7235956,1.6755470200250997,0.6618851344409278,-3.1296042146841914,0.012750865139461285,1.994352331231158,0.20764678969760936,0.0,0.0,0.0,2.074739998357956,-0.5017113690521762,-0.008365028657624068,-0.0008063643995636948,0.7577063464664712,0.0,0.0,0.22624591647429082,-0.3454751396536553,0.004142764598975354,0.22349582311193406,0.7307205084644028,0.0,0.0,-0.8925274513189823,-0.5453706121355758,-0.017098807056559716,0.11949763973649388,nan,nan,nan,nan,nan,nan,nan,0.9316396680101893,0.0,0.0,1.4945886176052063,-0.5032913335911943,-0.010421256377560122,0.16218318657196037,0.0,0.0,0.0,1.162783502905126,1.8996794009871938,-0.20738763163213048,0.005829161216470572,nan,nan,nan,nan,nan,nan,nan,nan,nan,nan,nan,nan,nan,nan,nan,nan,nan,nan,nan,nan,nan,nan,nan,nan,nan,nan,nan,nan,nan,nan,nan,nan,nan,nan,nan,nan,nan,nan,nan,nan,nan,nan,nan,nan,nan,nan,nan,nan,nan,nan,nan,nan,nan,nan,nan,nan,nan,nan,nan,nan,nan,nan,nan,0.15781366980609898
1791060991.8232703,1.6603419078306771,0.6618719987684393,-3.1281995617806624,-0.0386404228257779,1.994967855812798,0.17691903912602353,0.0,0.0,0.0,2.073922925441455,-0.5015977410293229,-0.006321583139048754,0.005055987373206832,0.8548783823862511,0.0,0.0,0.2252902621046508,-0.3254621676917736,-0.012659388822455415,0.22454530931237307,0.8031893403715751,0.0,0.0,-0.8926579605974085,-0.5338801111791309,-0.011470614419500594,0.11794189582264107,nan,nan,nan,nan,nan,nan,nan,0.833045289286643,0.0,0.0,1.494574016522501,-0.4863216837453013,0.004381900648678313,0.1691671048461263,0.0,0.0,0.0,1.1407852677858776,1.900594821815789,-0.21654045374027073,0.006316110941321958,nan,nan,nan,nan,nan,nan,nan,nan,nan,nan,nan,nan,nan,nan,nan,nan,nan,nan,nan,nan,nan,nan,nan,nan,nan,nan,nan,nan,nan,nan,nan,nan,nan,nan,nan,nan,nan,nan,nan,nan,nan,nan,nan,nan,nan,nan,nan,nan,nan,nan,nan,nan,nan,nan,nan,nan,nan,nan,nan,nan,nan,nan,nan,0.15898307231375125
1791060991.9239202,1.6435695322642423,0.6622459380910787,-3.129385628446868,-0.07727750320713289,1.9961227692430392,0.15444669614795023,0.0,0.0,0.0,2.072851132266747,-0.501669426876997,-0.009347987627732427,0.0005814223213741798,0.8483428237070487,0.0,0.0,0.2244531815335625,-0.30102209757480286,-0.015493806493583482,0.2179265510630431,0.772208997403839,0.0,0.0,-0.8927124386226895,-0.5219059039477884,0.007527099270169311,0.13207405487469165,nan,nan,nan,nan,nan,nan,nan,0.8295709865315247,0.0,0.0,1.494383708614977,-0.46994926422390043,-0.002460459464876295,0.17090074490974938,0.0,0.0,0.0,1.1184321584760368,1.901517301224008,-0.2046687051717126,0.010152723616220407,nan,nan,nan,nan,nan,nan,nan,nan,nan,nan,nan,nan,nan,nan,nan,nan,nan,nan,nan,nan,nan,nan,nan,nan,nan,nan,nan,nan,nan,nan,nan,nan,nan,nan,nan,nan,nan,nan,nan,nan,nan,nan,nan,nan,nan,nan,nan,nan,nan,nan,nan,nan,nan,nan,nan,nan,nan,nan,nan,nan,nan,nan,nan,0.18214099674601633
1791060992.0238142,1.6279577806004466,0.6624237831564261,-3.1287646388418877,-0.12109138269339331,1.9984219823122824,0.1303810546471422,0.0,0.0,0.0,2.0719701682421667,-0.5014745679963132,-0.01048611858766997,-0.0009358994939820675,0.8525968586002817,0.0,0.0,0.2236984233652205,-0.278687143074696,-0.0121491478849284,0.21244473806035452,0.7672117351714443,0.0,0.0,-0.8929225753930841,-0.5084730089194097,0.010444836150790001,0.14823843294742828,nan,nan,nan,nan,nan,nan,nan,0.8730837220512803,0.0,0.0,1.4939448887655666,-0.4530200748472135,-0.005938398361110622,0.16629824884005454,0.0,0.0,0.0,1.0960406123866528,1.902569315451987,-0.20137680159482776,0.004464429007219487,nan,nan,nan,nan,nan,nan,nan,nan,nan,nan,nan,nan,nan,nan,nan,nan,nan,nan,nan,nan,nan,nan,nan,nan,nan,nan,nan,nan,nan,nan,nan,nan,nan,nan,nan,nan,nan,nan,nan,nan,nan,nan,nan,nan,nan,nan,nan,nan,nan,nan,nan,nan,nan,nan,nan,nan,nan,nan,nan,nan,nan,nan,nan,0.1571663845250085
1791060992.1238337,1.6116635390788592,0.6623500165966548,-3.130757729897271,-0.14179343830028585,2.0018825752027265,0.11970932896498243,0.0,0.0,0.0,2.07055969363683,-0.501587746566874,-0.013423906575871966,0.0028446533816656734,0.8456244409414675,0.0,0.0,0.22315368686019507,-0.25639497878025264,-0.001406932011263781,0.21961482596955323,0.563877531006816,0.0,0.0,-0.8933440345860805,-0.4942340743294969,-0.014634885336262192,0.15582378778532657,nan,nan,nan,nan,nan,nan,nan,0.909740002504391,0.0,0.0,1.4937220984003243,-0.4351947108558149,0.001476933700797254,0.1736571892576132,0.0,0.0,0.0,1.0738524300662045,1.9035639450464084,-0.24252668621574955,0.00873295962681316,nan,nan,nan,nan,nan,nan,nan,nan,nan,nan,nan,nan,nan,nan,nan,nan,nan,nan,nan,nan,nan,nan,nan,nan,nan,nan,nan,nan,nan,nan,nan,nan,nan,nan,nan,nan,nan,nan,nan,nan,nan,nan,nan,nan,nan,nan,nan,nan,nan,nan,nan,nan,nan,nan,nan,nan,nan,nan,nan,nan,nan,nan,nan,0.15875136890752883
1791060992.2199736,1.5967187206817575,0.662583277877935,-3.129513925575044,-0.15241651166116102,2.005833518041588,0.11443202853551884,0.0,0.0,0.0,2.068777993000635,-0.5014470191730795,-0.015426210921495459,0.007563379471562026,0.8352943568320117,0.0,0.0,0.22215834541541632,-0.23403093479763382,-0.0015578022091546166,0.24544199397511277,0.5790198898845077,0.0,0.0,-0.8934589612226248,-0.4790493426534606,-0.0014340580389607617,0.16331944788466168,nan,nan,nan,nan,nan,nan,nan,0.9000588105553482,0.0,0.0,1.4934597330475652,-0.415920487031668,0.0017325376862104783,0.2114943893486578,0.0,0.0,0.0,1.0518408751448103,1.9046590940860133,-0.23222733390435174,0.018218255926236784,nan,nan,nan,nan,nan,nan,nan,nan,nan,nan,nan,nan,nan,nan,nan,nan,nan,nan,nan,nan,nan,nan,nan,nan,nan,nan,nan,nan,nan,nan,nan,nan,nan,nan,nan,nan,nan,nan,nan,nan,nan,nan,nan,nan,nan,nan,nan,nan,nan,nan,nan,nan,nan,nan,nan,nan,nan,nan,nan,nan,nan,nan,nan,0.16054507542396498
1791060992.3213878,1.583455334603032,0.662675391392634,-3.1322972968434937,-0.16337032315519287,2.010022599319858,0.10913909933740627,0.0,0.0,0.0,2.067190650601261,-0.501527645998865,-0.01819670370354738,-0.0018540884530510527,0.823027609971633,0.0,0.0,0.22130462523164368,-0.21440118915096112,-0.015283689805863431,0.21279324331104735,0.6403160658211886,0.0,0.0,-0.8936912903004639,-0.4652092404701757,4.910757042418689e-05,0.14593980826589,nan,nan,nan,nan,nan,nan,nan,0.9111473154598535,0.0,0.0,1.4932231284199702,-0.39730884617175805,0.0021908894247695335,0.20726173085434996,0.0,0.0,0.0,1.0313380247951263,1.9055033443991458,-0.23656931162725084,0.010913062690373251,nan,nan,nan,nan,nan,nan,nan,nan,nan,nan,nan,nan,nan,nan,nan,nan,nan,nan,nan,nan,nan,nan,nan,nan,nan,nan,nan,nan,nan,nan,nan,nan,nan,nan,nan,nan,nan,nan,nan,nan,nan,nan,nan,nan,nan,nan,nan,nan,nan,nan,nan,nan,nan,nan,nan,nan,nan,nan,nan,nan,nan,nan,nan,0.14729482742007616
1791060992.423952,1.5667358999452596,0.6631175389378176,-3.1273908651499664,-0.18640175076772802,2.0149234302656893,0.09852249505618545,0.0,0.0,0.0,2.065324754548524,-0.5015324617688592,-0.016406431283405208,0.0007752334037538965,0.8829143590432926,0.0,0.0,0.22040982545995366,-0.19049116766473317,-0.014255662386666071,0.2023017262507376,0.8866768423475275,0.0,0.0,-0.8942741185352356,-0.44954170795261733,-0.005966503444192671,0.12871526741805922,nan,nan,nan,nan,nan,nan,nan,0.8895378902265652,0.0,0.0,1.4928172429761466,-0.3744161815808708,0.003947340992705932,0.20602075860830735,0.0,0.0,0.0,1.0069304849207978,1.906528226490687,-0.20985353451944408,0.008275976341091866,nan,nan,nan,nan,nan,nan,nan,nan,nan,nan,nan,nan,nan,nan,nan,nan,nan,nan,nan,nan,nan,nan,nan,nan,nan,nan,nan,nan,nan,nan,nan,nan,nan,nan,nan,nan,nan,nan,nan,nan,nan,nan,nan,nan,nan,nan,nan,nan,nan,nan,nan,nan,nan,nan,nan,nan,nan,nan,nan,nan,nan,nan,nan,0.14424504399408483
1791060992.5233,1.5519006689706818,0.6630439151825999,-3.1288172554223936,-0.18580051098122977,2.020093063930334,0.09879061335505344,0.0,0.0,0.0,2.063848625062424,-0.5015121866802188,-0.014183906195235765,0.0001146098822191321,0.7676885218664293,0.0,0.0,0.2195303913958369,-0.16815024342362547,-0.0171019020981787,0.21597795659332564,0.7281083712056107,0.0,0.0,-0.8944063933420449,-0.4365336589090827,-0.0013938825122037251,0.1330957251289002,nan,nan,nan,nan,nan,nan,nan,0.9387023829011344,0.0,0.0,1.4924908641909809,-0.3526229284497498,0.0050330975545642385,0.22366562743692553,0.0,0.0,0.0,0.9844769364614212,1.9075001150797966,-0.23558264843417973,0.008399876801047576,nan,nan,nan,nan,nan,nan,nan,nan,nan,nan,nan,nan,nan,nan,nan,nan,nan,nan,nan,nan,nan,nan,nan,nan,nan,nan,nan,nan,nan,nan,nan,nan,nan,nan,nan,nan,nan,nan,nan,nan,nan,nan,nan,nan,nan,nan,nan,nan,nan,nan,nan,nan,nan,nan,nan,nan,nan,nan,nan,nan,nan,nan,nan,0.13155098166670978
1791060992.621206,1.5399247536921437,0.6633217650739985,-3.1276418886713637,-0.15026248964812505,2.023536832324641,0.11549078188521339,0.0,0.0,0.0,2.0625379528827237,-0.5014910160874099,-0.016312194131971346,0.0003349649697824388,0.7451012060997517,0.0,0.0,0.21839374027061775,-0.14843759272664125,-0.008812829083088978,0.22966410168776064,0.4338119423568689,0.0,0.0,-0.8946891690701986,-0.423274431677532,-0.004286205444847726,0.15156124124851417,nan,nan,nan,nan,nan,nan,nan,0.9704598373666415,0.0,0.0,1.4921460355431988,-0.33284625036477616,-0.008934651685794192,0.2223937508541633,0.0,0.0,0.0,0.9648904994967235,1.9083450487246254,-0.22106366154336654,0.014804154361464624,nan,nan,nan,nan,nan,nan,nan,nan,nan,nan,nan,nan,nan,nan,nan,nan,nan,nan,nan,nan,nan,nan,nan,nan,nan,nan,nan,nan,nan,nan,nan,nan,nan,nan,nan,nan,nan,nan,nan,nan,nan,nan,nan,nan,nan,nan,nan,nan,nan,nan,nan,nan,nan,nan,nan,nan,nan,nan,nan,nan,nan,nan,nan,0.12394001064462647
1791060992.7241995,1.52637253479477,0.663323544881437,-3.1275104263101228,-0.12515818203859488,2.024894481887398,0.12824581342259805,0.0,0.0,0.0,2.060803530518817,-0.501555722398597,-0.01717695759032896,0.00011768690609475517,0.7372549625127518,0.0,0.0,0.21705745901678797,-0.12443814227079092,-0.01105846932235482,0.2268168335431184,0.3222915936365911,0.0,0.0,-0.894740838319815,-0.4059160237725037,0.025343220287587592,0.16678816568618965,nan,nan,nan,nan,nan,nan,nan,0.9692860324168556,0.0,0.0,1.4912191271986557,-0.30852717186300516,-7.212218091315207e-05,0.2201182832858738,0.0,0.0,0.0,0.9404223551052284,1.9095502736530803,-0.2382423438070929,0.021473063914765292,nan,nan,nan,nan,nan,nan,nan,nan,nan,nan,nan,nan,nan,nan,nan,nan,nan,nan,nan,nan,nan,nan,nan,nan,nan,nan,nan,nan,nan,nan,nan,nan,nan,nan,nan,nan,nan,nan,nan,nan,nan,nan,nan,nan,nan,nan,nan,nan,nan,nan,nan,nan,nan,nan,nan,nan,nan,nan,nan,nan,nan,nan,nan,0.12023947573385965
1791060992.8250337,1.5146606416299375,0.6637250564766559,-3.127948908860635,-0.0909762963176444,2.024743456893625,0.14673038762461546,0.0,0.0,0.0,2.0596055166738574,-0.5014337948398114,-0.006406031280801069,-0.002100288159204099,0.6718543777910035,0.0,0.0,0.21566726999322683,-0.1026344549426096,-0.01771987581415161,0.2142128336831151,0.3159003690884068,0.0,0.0,-0.8954042394776311,-0.38998297012806865,-0.0024242091215167312,0.16089928667533257,nan,nan,nan,nan,nan,nan,nan,1.0160878742031456,0.0,0.0,1.4905340398800753,-0.28654661961428407,-0.030103132767241837,0.20523562798457984,0.0,0.0,0.0,0.9186558248622114,1.9103001758250384,-0.20287448163562377,0.005371688685647941,nan,nan,nan,nan,nan,nan,nan,nan,nan,nan,nan,nan,nan,nan,nan,nan,nan,nan,nan,nan,nan,nan,nan,nan,nan,nan,nan,nan,nan,nan,nan,nan,nan,nan,nan,nan,nan,nan,nan,nan,nan,nan,nan,nan,nan,nan,nan,nan,nan,nan,nan,nan,nan,nan,nan,nan,nan,nan,nan,nan,nan,nan,nan,0.1066133830901782
1791060992.9240227,1.502849394709445,0.6636384400953098,-3.1261721929741397,-0.04729301576179783,2.023309604779641,0.17181306837357896,0.0,0.0,0.0,2.0582651030710206,-0.5014599229250926,-0.011005572438180912,0.0013638076223114757,0.7057816082501885,0.0,0.0,0.2142287664619401,-0.0803529434138935,-0.018181488024504897,0.21183898388472922,0.346503625029734,0.0,0.0,-0.8959499717728872,-0.37379595950644073,-0.00763540062133379,0.15102438597778078,nan,nan,nan,nan,nan,nan,nan,0.9746797081716403,0.0,0.0,1.4902255444634016,-0.2640346315255799,-0.03192004646370439,0.22922881881869747,0.0,0.0,0.0,0.8965039650833364,1.911143664171898,-0.21976513357399843,0.005171183540169683,nan,nan,nan,nan,nan,nan,nan,nan,nan,nan,nan,nan,nan,nan,nan,nan,nan,nan,nan,nan,nan,nan,nan,nan,nan,nan,nan,nan,nan,nan,nan,nan,nan,nan,nan,nan,nan,nan,nan,nan,nan,nan,nan,nan,nan,nan,nan,nan,nan,nan,nan,nan,nan,nan,nan,nan,nan,nan,nan,nan,nan,nan,nan,0.1126446429554314
1791060993.0234942,1.4913964377331659,0.6635505475695945,-3.1268811175098072,-0.011985037654322352,2.0212731169397937,0.1928120745856215,0.0,0.0,0.0,2.057244798833378,-0.5014882467201512,-0.010481218372323275,0.0017142106000157579,0.7518028907913887,0.0,0.0,0.21305324493735317,-0.057945165283692264,-0.02107576243294757,0.22367927785395367,0.6106369449372133,0.0,0.0,-0.8958896965239728,-0.3585644938006167,-0.002565238384322778,0.15050100756542245,nan,nan,nan,nan,nan,nan,nan,0.9618632694730141,0.0,0.0,1.4894585945701546,-0.24191656721082846,-0.0030045445783866646,0.2154897770636269,0.0,0.0,0.0,0.8743306063661428,1.9120728202771098,-0.21223795425886177,0.005132373346222849,nan,nan,nan,nan,nan,nan,nan,nan,nan,nan,nan,nan,nan,nan,nan,nan,nan,nan,nan,nan,nan,nan,nan,nan,nan,nan,nan,nan,nan,nan,nan,nan,nan,nan,nan,nan,nan,nan,nan,nan,nan,nan,nan,nan,nan,nan,nan,nan,nan,nan,nan,nan,nan,nan,nan,nan,nan,nan,nan,nan,nan,nan,nan,0.13417169047432026
1791060993.1241457,1.4790920225663902,0.663619065280066,-3.1275373352675606,0.005720975723652866,2.019255208160212,0.2034322484328333,0.0,0.0,0.0,2.056327906574641,-0.5014686453239079,-0.008304439657844609,0.00016596678428799927,0.7658907080798554,0.0,0.0,0.21180620893546567,-0.03573677119203643,-0.01531236417238771,0.23643634034619812,0.5979389118622018,0.0,0.0,-0.8959750126959068,-0.3438071327190382,-0.00047259426404875065,0.14804258725539735,nan,nan,nan,nan,nan,nan,nan,0.9671355399607201,0.0,0.0,1.4883161601530106,-0.22020802981680107,-0.00844500836331941,0.2142739581183142,0.0,0.0,0.0,0.8522849927672239,1.9131109774363497,-0.25316498355355255,0.017430271926093203,nan,nan,nan,nan,nan,nan,nan,nan,nan,nan,nan,nan,nan,nan,nan,nan,nan,nan,nan,nan,nan,nan,nan,nan,nan,nan,nan,nan,nan,nan,nan,nan,nan,nan,nan,nan,nan,nan,nan,nan,nan,nan,nan,nan,nan,nan,nan,nan,nan,nan,nan,nan,nan,nan,nan,nan,nan,nan,nan,nan,nan,nan,nan,0.14397877753673438
1791060993.2240837,1.46470684856916,0.6640395273641981,-3.125101352744893,-0.016229794411652006,2.017436835373603,0.19026981111510458,0.0,0.0,0.0,2.0554582406894863,-0.5014672364290865,-0.00834457907827306,0.0003387945533073133,0.8473836464585828,0.0,0.0,0.21032332448579455,-0.013917157752225346,-0.009456726404928915,0.2254595051920597,0.7624864080232505,0.0,0.0,-0.8961251938453806,-0.3299144169041458,-0.000206271140323091,0.13997143267516193,nan,nan,nan,nan,nan,nan,nan,0.9080483694576572,0.0,0.0,1.4874474332445873,-0.20011676927363675,-0.00745742147464112,0.19171420360588076,0.0,0.0,0.0,0.8306928220355677,1.9138560036412176,-0.20258476161341665,0.00856062719817426,nan,nan,nan,nan,nan,nan,nan,nan,nan,nan,nan,nan,nan,nan,nan,nan,nan,nan,nan,nan,nan,nan,nan,nan,nan,nan,nan,nan,nan,nan,nan,nan,nan,nan,nan,nan,nan,nan,nan,nan,nan,nan,nan,nan,nan,nan,nan,nan,nan,nan,nan,nan,nan,nan,nan,nan,nan,nan,nan,nan,nan,nan,nan,0.15293280320636915
1791060993.323744,1.449453007155691,0.6640767928131752,-3.127323287866263,-0.03826578319933952,2.015931381942381,0.1771408578488607,0.0,0.0,0.0,2.054641448585022,-0.5014952702321861,-0.00696457385749936,-0.000759560343519207,0.8479253384776997,0.0,0.0,0.2088160744552847,0.008097260416598329,-0.01154298223655789,0.20536813041703567,0.7297720737936139,0.0,0.0,-0.8962802504121046,-0.31667868195186416,-0.0018740092207139873,0.1353914312850596,nan,nan,nan,nan,nan,nan,nan,0.9044011683750414,0.0,0.0,1.4866513129906294,-0.18054377461491516,-0.008351681198388142,0.19260377358276953,0.0,0.0,0.0,0.8085761902287992,1.9148395843224526,-0.18412016700843706,0.0022110654576838083,nan,nan,nan,nan,nan,nan,nan,nan,nan,nan,nan,nan,nan,nan,nan,nan,nan,nan,nan,nan,nan,nan,nan,nan,nan,nan,nan,nan,nan,nan,nan,nan,nan,nan,nan,nan,nan,nan,nan,nan,nan,nan,nan,nan,nan,nan,nan,nan,nan,nan,nan,nan,nan,nan,nan,nan,nan,nan,nan,nan,nan,nan,nan,0.14745722137343503
1791060993.4224176,1.4342496811705154,0.6641829473801462,-3.127165357656511,-0.04451999782795627,2.014743679657159,0.17344570807710155,0.0,0.0,0.0,2.0539772394695532,-0.5014728474664978,-0.006855099109864579,0.0005158465338929862,0.7857253555399294,0.0,0.0,0.20758497121733252,0.028077997149463782,-0.015933172776670196,0.224185926014305,0.6389057125307431,0.0,0.0,-0.8964227202658668,-0.3041643615352703,-0.0013094403690317863,0.1302327933428698,nan,nan,nan,nan,nan,nan,nan,0.9443610176408218,0.0,0.0,1.4856000910725415,-0.16134447873548446,-0.012953799443461332,0.18724860534709545,0.0,0.0,0.0,0.7883662018373246,1.915714033775859,-0.2335789201208793,0.011197639525284686,nan,nan,nan,nan,nan,nan,nan,nan,nan,nan,nan,nan,nan,nan,nan,nan,nan,nan,nan,nan,nan,nan,nan,nan,nan,nan,nan,nan,nan,nan,nan,nan,nan,nan,nan,nan,nan,nan,nan,nan,nan,nan,nan,nan,nan,nan,nan,nan,nan,nan,nan,nan,nan,nan,nan,nan,nan,nan,nan,nan,nan,nan,nan,0.14679869592107253
1791060993.522327,1.4191239868134105,0.6638780432713869,-3.130435854052274,-0.05785288909747566,2.013847429802589,0.16563265361540247,0.0,0.0,0.0,2.0530823065038075,-0.5013583068415344,-0.009210112290987577,0.0006023959336715722,0.7801827350642258,0.0,0.0,0.20599852571136631,0.05248479317244821,-0.016789804457376132,0.2275055359880058,0.6680429612119598,0.0,0.0,-0.8966116355892889,-0.2919012049214472,-0.002810556172727315,0.12440569032721596,nan,nan,nan,nan,nan,nan,nan,0.9348216123564375,0.0,0.0,1.4844245952639123,-0.1414046448417119,-0.01847961631765052,0.19018132600892818,0.0,0.0,0.0,0.764372862263298,1.9165161400826394,-0.21484252587224026,0.007441845784062592,nan,nan,nan,nan,nan,nan,nan,nan,nan,nan,nan,nan,nan,nan,nan,nan,nan,nan,nan,nan,nan,nan,nan,nan,nan,nan,nan,nan,nan,nan,nan,nan,nan,nan,nan,nan,nan,nan,nan,nan,nan,nan,nan,nan,nan,nan,nan,nan,nan,nan,nan,nan,nan,nan,nan,nan,nan,nan,nan,nan,nan,nan,nan,0.15094781225274842
1791060993.621206,1.405904135076861,0.6641730508417649,-3.1297526949660095,-0.08568796975681717,2.0135350305883852,0.14969054725520858,0.0,0.0,0.0,2.0522724778182275,-0.5013961763458129,-0.011125949550569322,-0.0045027674999268685,0.8618027522214363,0.0,0.0,0.20451768455799427,0.07234522837802686,-0.006878937648349848,0.21852407085974238,0.8393316882472333,0.0,0.0,-0.8968200460668243,-0.2812214625007377,-0.005594278600111292,0.1248103423823142,nan,nan,nan,nan,nan,nan,nan,0.9080393463784239,0.0,0.0,1.483474528212084,-0.12409469715823845,-0.016401825289266384,0.1832872612974529,0.0,0.0,0.0,0.7446375549382777,1.917073219301499,-0.19142462677112154,0.025806658251817393,nan,nan,nan,nan,nan,nan,nan,nan,nan,nan,nan,nan,nan,nan,nan,nan,nan,nan,nan,nan,nan,nan,nan,nan,nan,nan,nan,nan,nan,nan,nan,nan,nan,nan,nan,nan,nan,nan,nan,nan,nan,nan,nan,nan,nan,nan,nan,nan,nan,nan,nan,nan,nan,nan,nan,nan,nan,nan,nan,nan,nan,nan,nan,0.15969518639952396
1791060993.7231145,1.388945065565344,0.6644651783107475,-3.130273023281509,-0.13158983922893713,2.014558330932529,0.12490706241199528,0.0,0.0,0.0,2.0511198991037123,-0.5013832951698964,-0.00957135020325459,-0.0012484063160485696,0.8738950380503827,0.0,0.0,0.20265794351234273,0.09775075439984612,-0.011796874545407798,0.21490768028280488,0.9234170584831083,0.0,0.0,-0.8971377636375661,-0.26850483110948364,-0.007573830744723021,0.11458795498565251,nan,nan,nan,nan,nan,nan,nan,0.8982729610146014,0.0,0.0,1.4824581520725888,-0.10239383090228694,-0.00467195012662663,0.20603657816816245,0.0,0.0,0.0,0.7201142216440466,1.91753013201412,-0.21787769432610693,0.006565027818855563,nan,nan,nan,nan,nan,nan,nan,nan,nan,nan,nan,nan,nan,nan,nan,nan,nan,nan,nan,nan,nan,nan,nan,nan,nan,nan,nan,nan,nan,nan,nan,nan,nan,nan,nan,nan,nan,nan,nan,nan,nan,nan,nan,nan,nan,nan,nan,nan,nan,nan,nan,nan,nan,nan,nan,nan,nan,nan,nan,nan,nan,nan,nan,0.16779255653619515
1791060993.8212554,1.3746841897294844,0.6643594710500937,-3.131818780449641,-0.15718560175311289,2.0171521721125214,0.11210873481459145,0.0,0.0,0.0,2.050054287815951,-0.5014027810403424,-0.012877573320834033,0.00018847004774657928,0.7458814315220272,0.0,0.0,0.20104241274412568,0.1180968022408348,-0.03463050080095847,0.2582495646941411,0.8609421135223688,0.0,0.0,-0.8971759978788881,-0.25863961968111704,-0.0049734049240535375,0.12226731129537,nan,nan,nan,nan,nan,nan,nan,0.905751610632555,0.0,0.0,1.4817539169422889,-0.08654823042580087,-0.007375960914440107,0.19361081458053103,0.0,0.0,0.0,0.7001324553396796,1.9180947047948393,-0.2533393212154377,-0.0013209413417339514,nan,nan,nan,nan,nan,nan,nan,nan,nan,nan,nan,nan,nan,nan,nan,nan,nan,nan,nan,nan,nan,nan,nan,nan,nan,nan,nan,nan,nan,nan,nan,nan,nan,nan,nan,nan,nan,nan,nan,nan,nan,nan,nan,nan,nan,nan,nan,nan,nan,nan,nan,nan,nan,nan,nan,nan,nan,nan,nan,nan,nan,nan,nan,0.1641177160505646
1791060993.922356,1.3580102964181207,0.6646240612788065,-3.1284555931566946,-0.1822475927299292,2.0210385742859316,0.10038499752319563,0.0,0.0,0.0,2.0485756805917776,-0.5012644391269354,-0.017353679356080447,0.00018456343079230905,0.7676655611363868,0.0,0.0,0.19932060061467108,0.14273319728527636,-0.027946147028807183,0.23270475569441032,0.7916801629666329,0.0,0.0,-0.8972723807760671,-0.24668196693464284,-0.002737700959181063,0.10673194518385201,nan,nan,nan,nan,nan,nan,nan,0.9185989002923185,0.0,0.0,1.4809655670366402,-0.06750504225559757,-0.00683563847696351,0.16036677918555264,0.0,0.0,0.0,0.6757989383384474,1.918760009669001,-0.2270724502140857,0.004247056633563893,nan,nan,nan,nan,nan,nan,nan,nan,nan,nan,nan,nan,nan,nan,nan,nan,nan,nan,nan,nan,nan,nan,nan,nan,nan,nan,nan,nan,nan,nan,nan,nan,nan,nan,nan,nan,nan,nan,nan,nan,nan,nan,nan,nan,nan,nan,nan,nan,nan,nan,nan,nan,nan,nan,nan,nan,nan,nan,nan,nan,nan,nan,nan,0.14725944982327072
1791060994.0221217,1.3458379153285172,0.6644122578804642,-3.138933136549012,-0.17789494650639234,2.0252006751207996,0.10236144809132336,0.0,0.0,0.0,2.0470750499116486,-0.5013331085742307,-0.01675294515745922,0.0013713120285997506,0.6777907756041927,0.0,0.0,0.19859478914769654,0.16200851543593667,-0.005025433247633813,0.22057218278887986,0.4570021928151068,0.0,0.0,-0.8973522379878651,-0.2376924390867879,-0.0008550702813872927,0.09194963318436133,nan,nan,nan,nan,nan,nan,nan,0.9707052387824423,0.0,0.0,1.4802090371723398,-0.05388633429756789,-0.015394492636291543,0.1546093309971408,0.0,0.0,0.0,0.6557828614607455,1.9191590542484689,-0.21268903922236806,0.009512111182394038,nan,nan,nan,nan,nan,nan,nan,nan,nan,nan,nan,nan,nan,nan,nan,nan,nan,nan,nan,nan,nan,nan,nan,nan,nan,nan,nan,nan,nan,nan,nan,nan,nan,nan,nan,nan,nan,nan,nan,nan,nan,nan,nan,nan,nan,nan,nan,nan,nan,nan,nan,nan,nan,nan,nan,nan,nan,nan,nan,nan,nan,nan,nan,0.15618053605721177
1791060994.124191,1.3318404941819388,0.6645384513787445,-3.136887824463347,-0.19857719657174974,2.0295773037078915,0.09319893977410257,0.0,0.0,0.0,2.044646224888067,-0.5013354422059229,-0.021311329333882464,-0.003532328655053345,0.7672611519896974,0.0,0.0,0.19648372994678107,0.1850621279942103,-0.007475442274706818,0.21644304516881932,0.7191779903025425,0.0,0.0,-0.8976070523818915,-0.22637898647624335,0.002499114769677661,0.09778105491678467,nan,nan,nan,nan,nan,nan,nan,0.9231085836949741,0.0,0.0,1.479274709262642,-0.03703373225670373,-0.01330201161996078,0.14041097052413312,0.0,0.0,0.0,0.631066469210548,1.9194252864890433,-0.22115450646246249,0.0041112779876979946,nan,nan,nan,nan,nan,nan,nan,nan,nan,nan,nan,nan,nan,nan,nan,nan,nan,nan,nan,nan,nan,nan,nan,nan,nan,nan,nan,nan,nan,nan,nan,nan,nan,nan,nan,nan,nan,nan,nan,nan,nan,nan,nan,nan,nan,nan,nan,nan,nan,nan,nan,nan,nan,nan,nan,nan,nan,nan,nan,nan,nan,nan,nan,0.16181012386645233
1791060994.2194927,1.315926506967931,0.66481746748119,-3.1233702513479997,-0.24737753448737954,2.036321855527686,0.0739136196736965,0.0,0.0,0.0,2.0422076525361823,-0.5011611431609003,-0.0246031575342123,0.007767742249955678,0.7949520093053118,0.0,0.0,0.19470619372669964,0.20744999222161709,-0.019760527269837597,0.21973597045090335,0.9797527220085662,0.0,0.0,-0.8979432920010448,-0.2178480520584596,-0.0030243158039461805,0.09812812305310312,nan,nan,nan,nan,nan,nan,nan,0.8754646804911738,0.0,0.0,1.4784877636139973,-0.02427760471735231,-0.007263019815725981,0.14241117176844934,0.0,0.0,0.0,0.6085221638713836,1.9196413810164925,-0.22658331300998313,-0.00023556984194203837,nan,nan,nan,nan,nan,nan,nan,nan,nan,nan,nan,nan,nan,nan,nan,nan,nan,nan,nan,nan,nan,nan,nan,nan,nan,nan,nan,nan,nan,nan,nan,nan,nan,nan,nan,nan,nan,nan,nan,nan,nan,nan,nan,nan,nan,nan,nan,nan,nan,nan,nan,nan,nan,nan,nan,nan,nan,nan,nan,nan,nan,nan,nan,0.1657293144608272
1791060994.3221474,1.303211122759616,0.6651251107827264,-3.1235600700000323,-0.29267048348522096,2.0468507788010926,0.05891565736182985,0.0,0.0,0.0,2.0397722944596657,-0.501481820533935,-0.031040904627554298,-0.0007951533357734278,0.7973248583622102,0.0,0.0,0.19341561441336638,0.2273794843011345,-0.020065678872087357,0.22297273552661775,0.9925969264534519,0.0,0.0,-0.8982032915273466,-0.20846697961041769,-0.007080715280249524,0.09672721985280963,nan,nan,nan,nan,nan,nan,nan,0.8642504295242084,0.0,0.0,1.4777799692658773,-0.010756711815858381,0.004316977587710657,0.1405639144182222,0.0,0.0,0.0,0.5884309889350313,1.9201412994114575,-0.2267450743817089,0.003968515490455253,nan,nan,nan,nan,nan,nan,nan,nan,nan,nan,nan,nan,nan,nan,nan,nan,nan,nan,nan,nan,nan,nan,nan,nan,nan,nan,nan,nan,nan,nan,nan,nan,nan,nan,nan,nan,nan,nan,nan,nan,nan,nan,nan,nan,nan,nan,nan,nan,nan,nan,nan,nan,nan,nan,nan,nan,nan,nan,nan,nan,nan,nan,nan,0.1438264868677452
1791060994.4233146,1.2867808851029383,0.6650597123363642,-3.1207696058975083,-0.34650254418803983,2.061983924034203,0.04446128779150685,0.0,0.0,0.0,2.0355823323444637,-0.5012173943918352,-0.04197465774867637,-0.0029628661279702193,0.8640003846731789,0.0,0.0,0.19191930664736956,0.2516921136442426,-0.0165244309698697,0.22597127426847774,1.058189923974949,0.0,0.0,-0.8983179250203978,-0.19807519505566154,-0.005490395957685512,0.0892355783197059,nan,nan,nan,nan,nan,nan,nan,0.8537666244986867,0.0,0.0,1.477048932099234,0.003692498854288905,-0.005387534333935804,0.12537526244461206,0.0,0.0,0.0,0.5662583887539613,1.9203637213414815,-0.22305808370129518,0.013014923910180826,nan,nan,nan,nan,nan,nan,nan,nan,nan,nan,nan,nan,nan,nan,nan,nan,nan,nan,nan,nan,nan,nan,nan,nan,nan,nan,nan,nan,nan,nan,nan,nan,nan,nan,nan,nan,nan,nan,nan,nan,nan,nan,nan,nan,nan,nan,nan,nan,nan,nan,nan,nan,nan,nan,nan,nan,nan,nan,nan,nan,nan,nan,nan,0.15801524775395395
1791060994.5224988,1.272312241746303,0.6650121267376801,-3.1203848808466215,-0.3690703515340185,2.0804925006681163,0.03938513368008796,0.0,0.0,0.0,2.0314634938059197,-0.5011848889219567,-0.0370921564010898,-0.003456278690841752,0.756404466381241,0.0,0.0,0.19016447040179224,0.273941130188225,-0.007463874829621541,0.21925856984388356,0.8892911159306941,0.0,0.0,-0.8984297739298682,-0.1886482941479876,0.0013712440453893331,0.09465237509587268,nan,nan,nan,nan,nan,nan,nan,0.8733187343741017,0.0,0.0,1.476485539237258,0.015380117112812211,0.0013458155620678946,0.11509241395339669,0.0,0.0,0.0,0.5418696449976849,1.9205658098673688,-0.21452783592338975,0.015487814134003176,nan,nan,nan,nan,nan,nan,nan,nan,nan,nan,nan,nan,nan,nan,nan,nan,nan,nan,nan,nan,nan,nan,nan,nan,nan,nan,nan,nan,nan,nan,nan,nan,nan,nan,nan,nan,nan,nan,nan,nan,nan,nan,nan,nan,nan,nan,nan,nan,nan,nan,nan,nan,nan,nan,nan,nan,nan,nan,nan,nan,nan,nan,nan,0.12450667005609002
1791060994.6238785,1.2614558696716924,0.664544312398956,-3.1310796552108227,-0.32532915685003966,2.0957106901498466,0.04973526823813075,0.0,0.0,0.0,2.0267485416211386,-0.501153437289949,-0.05532311506121061,-0.000738796071884392,0.6184614363694101,0.0,0.0,0.18831887853333323,0.29627253449527535,-0.014204242718826737,0.21935262602386177,0.30960329567210915,0.0,0.0,-0.8988061560564137,-0.17863839399502218,0.0032995205808346254,0.10597281923862317,nan,nan,nan,nan,nan,nan,nan,0.9411124858268849,0.0,0.0,1.4760155924109124,0.026949714325097716,0.0053445101438673965,0.13141655099586663,0.0,0.0,0.0,0.521846200729498,1.92036508328395,-0.21911073021712474,-0.012777039119331507,nan,nan,nan,nan,nan,nan,nan,nan,nan,nan,nan,nan,nan,nan,nan,nan,nan,nan,nan,nan,nan,nan,nan,nan,nan,nan,nan,nan,nan,nan,nan,nan,nan,nan,nan,nan,nan,nan,nan,nan,nan,nan,nan,nan,nan,nan,nan,nan,nan,nan,nan,nan,nan,nan,nan,nan,nan,nan,nan,nan,nan,nan,nan,0.10787646904109544
1791060994.722393,1.251802016006977,0.6648753538627817,-3.1314964033619384,-0.3026920411830279,2.1053318473325127,0.05595848546260538,0.0,0.0,0.0,2.0202957818501375,-0.5009968445317208,-0.06466992455291648,0.0017009759710897362,0.6534106749223193,0.0,0.0,0.18681879718034797,0.3164053672780716,-0.02382315003744327,0.225039298025836,0.6750692807156558,0.0,0.0,-0.8990258236049099,-0.16947639929134387,-0.005144766624583275,0.10493359279588066,nan,nan,nan,nan,nan,nan,nan,0.8904304575533272,0.0,0.0,1.4757436486642874,0.03724147993839143,-0.0016522137022846367,0.11369041480443276,0.0,0.0,0.0,0.4997489008653112,1.9206544475262286,-0.23057685292594965,-0.024937337471979328,nan,nan,nan,nan,nan,nan,nan,nan,nan,nan,nan,nan,nan,nan,nan,nan,nan,nan,nan,nan,nan,nan,nan,nan,nan,nan,nan,nan,nan,nan,nan,nan,nan,nan,nan,nan,nan,nan,nan,nan,nan,nan,nan,nan,nan,nan,nan,nan,nan,nan,nan,nan,nan,nan,nan,nan,nan,nan,nan,nan,nan,nan,nan,0.08777431733460642
1791060994.8217876,1.2424043729581393,0.6646753096682941,-3.132279760645938,-0.2752511651336386,2.1111628612816657,0.06436215178751102,0.0,0.0,0.0,2.0138136855931648,-0.5008750348845645,-0.07214873044767386,0.0023955610027737817,0.6812091950707218,0.0,0.0,0.18523193877319352,0.338972561261231,-0.012813832321338006,0.22908242128729414,0.5244535369060652,0.0,0.0,-0.8991404048082096,-0.158887694295923,-0.005760615593033688,0.1121379137309498,nan,nan,nan,nan,nan,nan,nan,0.8811461648641087,0.0,0.0,1.4751650105237781,0.04574856922665415,-0.009090951989587927,0.09693818189879023,0.0,0.0,0.0,0.47790972861295056,1.9212036608678416,-0.22438249357796572,0.006389018346693543,nan,nan,nan,nan,nan,nan,nan,nan,nan,nan,nan,nan,nan,nan,nan,nan,nan,nan,nan,nan,nan,nan,nan,nan,nan,nan,nan,nan,nan,nan,nan,nan,nan,nan,nan,nan,nan,nan,nan,nan,nan,nan,nan,nan,nan,nan,nan,nan,nan,nan,nan,nan,nan,nan,nan,nan,nan,nan,nan,nan,nan,nan,nan,0.09072319985872208
1791060994.9234073,1.2325624134735136,0.6646676779165066,-3.1330203660836657,-0.2627577161638872,2.114337874950391,0.06851406674470487,0.0,0.0,0.0,2.006237233673892,-0.50084118739374,-0.07807045450697031,-0.00017433557477424932,0.7036165391667669,0.0,0.0,0.18368107640040357,0.3614168264278398,-0.003816738342303987,0.22161435014953193,0.574125654091728,0.0,0.0,-0.8993080932722647,-0.14684199950172044,-0.005170966486729102,0.10288212240234723,nan,nan,nan,nan,nan,nan,nan,0.8854438786302135,0.0,0.0,1.4748294936039477,0.056298231440058945,-0.00856254679327097,0.09561671485719424,0.0,0.0,0.0,0.45503078449400824,1.919464445566176,-0.22596094835030486,0.003191164938231679,nan,nan,nan,nan,nan,nan,nan,nan,nan,nan,nan,nan,nan,nan,nan,nan,nan,nan,nan,nan,nan,nan,nan,nan,nan,nan,nan,nan,nan,nan,nan,nan,nan,nan,nan,nan,nan,nan,nan,nan,nan,nan,nan,nan,nan,nan,nan,nan,nan,nan,nan,nan,nan,nan,nan,nan,nan,nan,nan,nan,nan,nan,nan,0.09118975502471696
1791060995.022536,1.22326389139148,0.6643185561792722,-3.1328303955821055,-0.2483499278866407,2.115865408636273,0.07356271335207357,0.0,0.0,0.0,1.997264459742969,-0.5006906342096191,-0.09784110506428854,-0.004984845485356782,0.6497510593751533,0.0,0.0,0.1821464836707789,0.38365496042008074,-0.017323358548200433,0.2177416319601555,0.47528828724515904,0.0,0.0,-0.8993648475639537,-0.1372432451416536,0.001280641029073873,0.09765142491947046,nan,nan,nan,nan,nan,nan,nan,0.8920653302934602,0.0,0.0,1.4744693174308727,0.06666084005876854,0.0036361086041823863,0.09367314784637601,0.0,0.0,0.0,0.432880041265911,1.9194313443724644,-0.21955660137919958,0.003984150298927603,nan,nan,nan,nan,nan,nan,nan,nan,nan,nan,nan,nan,nan,nan,nan,nan,nan,nan,nan,nan,nan,nan,nan,nan,nan,nan,nan,nan,nan,nan,nan,nan,nan,nan,nan,nan,nan,nan,nan,nan,nan,nan,nan,nan,nan,nan,nan,nan,nan,nan,nan,nan,nan,nan,nan,nan,nan,nan,nan,nan,nan,nan,nan,0.08966048796303333
1791060995.1233041,1.2146869875784723,0.6644722582065266,-3.1338282973382294,-0.23531822209223757,2.115952989174434,0.07837323166182136,0.0,0.0,0.0,1.9898122895521904,-0.5013430711044697,-0.0959238867783855,-0.004283173538634859,0.6490083997418614,0.0,0.0,0.18044183072157474,0.4081421338495938,-0.021553872194918836,0.22003055808914168,0.5488667315725877,0.0,0.0,-0.8996255088224745,-0.12549986596738283,0.0025388305294251476,0.09926275384224822,nan,nan,nan,nan,nan,nan,nan,0.8888618603992557,0.0,0.0,1.4737329370857069,0.07742356044668498,0.002436556136511718,0.08710823780826074,0.0,0.0,0.0,0.40854271721434926,1.919347145104155,-0.2185203608299855,-0.002958237308731171,nan,nan,nan,nan,nan,nan,nan,nan,nan,nan,nan,nan,nan,nan,nan,nan,nan,nan,nan,nan,nan,nan,nan,nan,nan,nan,nan,nan,nan,nan,nan,nan,nan,nan,nan,nan,nan,nan,nan,nan,nan,nan,nan,nan,nan,nan,nan,nan,nan,nan,nan,nan,nan,nan,nan,nan,nan,nan,nan,nan,nan,nan,nan,0.08087025622619406
1791060995.2237227,1.206479043619553,0.6641266975803917,-3.132643193632584,-0.20832189912520319,2.114256965475107,0.08908480597928602,0.0,0.0,0.0,1.9798021941751855,-0.500908440275321,-0.08760213612262785,0.01105417040504775,0.6639734208662262,0.0,0.0,0.1790186567714895,0.4302949452775282,-0.021662291733102332,0.21649413263146008,0.5317421480458415,0.0,0.0,-0.8999283218132951,-0.11636915816196218,0.001558951811955491,0.0828687705303413,nan,nan,nan,nan,nan,nan,nan,0.8750179961722133,0.0,0.0,1.4732165785039286,0.08505406509165582,0.002067252977091601,0.08272238732004818,0.0,0.0,0.0,0.3886289520873811,1.919300591640066,-0.2129519478997674,-0.0009057485662305126,nan,nan,nan,nan,nan,nan,nan,nan,nan,nan,nan,nan,nan,nan,nan,nan,nan,nan,nan,nan,nan,nan,nan,nan,nan,nan,nan,nan,nan,nan,nan,nan,nan,nan,nan,nan,nan,nan,nan,nan,nan,nan,nan,nan,nan,nan,nan,nan,nan,nan,nan,nan,nan,nan,nan,nan,nan,nan,nan,nan,nan,nan,nan,0.09030847183153809
1791060995.3232021,1.1984230105556208,0.6644910074725836,-3.13363562636276,-0.17762352663932984,2.11045431136743,0.10248553645958838,0.0,0.0,0.0,1.96947105859426,-0.5008549834404374,-0.09413048718426653,0.008610210099401163,0.6603529947770614,0.0,0.0,0.1774279257300246,0.4524360442616963,-0.013058285097250065,0.21591270835099877,0.5871005450937518,0.0,0.0,-0.9000549161027871,-0.10946794871698791,-0.0022177148090567578,0.07744299576444932,nan,nan,nan,nan,nan,nan,nan,0.8716353950015154,0.0,0.0,1.4729492556068744,0.09159878987661077,-0.005834529217942039,0.06424347981014342,0.0,0.0,0.0,0.36431412658493023,1.9187577026905716,-0.21097346622368174,-0.0025828211617386944,nan,nan,nan,nan,nan,nan,nan,nan,nan,nan,nan,nan,nan,nan,nan,nan,nan,nan,nan,nan,nan,nan,nan,nan,nan,nan,nan,nan,nan,nan,nan,nan,nan,nan,nan,nan,nan,nan,nan,nan,nan,nan,nan,nan,nan,nan,nan,nan,nan,nan,nan,nan,nan,nan,nan,nan,nan,nan,nan,nan,nan,nan,nan,0.08510069561297516
1791060995.4231734,1.189501108260371,0.6641368157839292,-3.13196222991668,-0.1875050993546208,2.10629997657937,0.09803174093258848,0.0,0.0,0.0,1.9576818279032415,-0.500132121246439,-0.11610754024369344,-0.0004937189188441377,0.6536705159518889,0.0,0.0,0.1755349176754604,0.4746275070157725,-0.012039784150948822,0.2260632444514069,0.7028980491520619,0.0,0.0,-0.9000988643995526,-0.10086074248144727,0.0015601254104078434,0.08689816814365287,nan,nan,nan,nan,nan,nan,nan,0.8741469479820374,0.0,0.0,1.4726582410714575,0.09945231060232262,-0.0031633768432048305,0.06821953014455817,0.0,0.0,0.0,0.341902250132521,1.9181179719017658,-0.2329065815711289,-0.002770925583727861,nan,nan,nan,nan,nan,nan,nan,nan,nan,nan,nan,nan,nan,nan,nan,nan,nan,nan,nan,nan,nan,nan,nan,nan,nan,nan,nan,nan,nan,nan,nan,nan,nan,nan,nan,nan,nan,nan,nan,nan,nan,nan,nan,nan,nan,nan,nan,nan,nan,nan,nan,nan,nan,nan,nan,nan,nan,nan,nan,nan,nan,nan,nan,0.08237883841923191
1791060995.523605,1.1810749805948564,0.6640492868895879,-3.1316292340432343,-0.18478466514969896,2.102776275319501,0.09924473498033781,0.0,0.0,0.0,1.9474407479137041,-0.49988217519698747,-0.11601219767750368,-0.0022328376472917854,0.6473492842052492,0.0,0.0,0.17360119907558186,0.4964381622185849,-0.01941293043198617,0.22795083351549858,0.6431170627993406,0.0,0.0,-0.9004036427601365,-0.09183170735306248,-0.0006842408880220435,0.08910479698198324,nan,nan,nan,nan,nan,nan,nan,0.8681551755317924,0.0,0.0,1.4725821160290709,0.10578414922049187,0.0010125393806392506,0.07114423771685173,0.0,0.0,0.0,0.32000388832801463,1.917501202108987,-0.23402280573967527,-0.005129612585356,nan,nan,nan,nan,nan,nan,nan,nan,nan,nan,nan,nan,nan,nan,nan,nan,nan,nan,nan,nan,nan,nan,nan,nan,nan,nan,nan,nan,nan,nan,nan,nan,nan,nan,nan,nan,nan,nan,nan,nan,nan,nan,nan,nan,nan,nan,nan,nan,nan,nan,nan,nan,nan,nan,nan,nan,nan,nan,nan,nan,nan,nan,nan,0.08605139521959786
1791060995.6225216,1.1727973612252518,0.6644038485316706,-3.1324302702373483,-0.186240508004917,2.0995477672610683,0.09859435193935145,0.0,0.0,0.0,1.9373097683521547,-0.4997968703130262,-0.11282607788357787,0.0045041567698709505,0.6467284954359459,0.0,0.0,0.1720512724677534,0.5164021198303378,-0.018998514366784333,0.2148873232761102,0.7108202132994235,0.0,0.0,-0.8999504473389601,-0.0840516684832364,-0.0010005511809951953,0.06295139299145894,nan,nan,nan,nan,nan,nan,nan,0.8659619295171489,0.0,0.0,1.472351905931906,0.11113295049184875,-0.000545772197165681,0.05375111201224699,0.0,0.0,0.0,0.30060179871774967,1.9174044503954353,-0.2050523245408441,-0.007543371418433175,nan,nan,nan,nan,nan,nan,nan,nan,nan,nan,nan,nan,nan,nan,nan,nan,nan,nan,nan,nan,nan,nan,nan,nan,nan,nan,nan,nan,nan,nan,nan,nan,nan,nan,nan,nan,nan,nan,nan,nan,nan,nan,nan,nan,nan,nan,nan,nan,nan,nan,nan,nan,nan,nan,nan,nan,nan,nan,nan,nan,nan,nan,nan,0.07423691243627122
1791060995.72198,1.165004363671786,0.6642961599920767,-3.131419580598343,-0.16047426187011832,2.0957800387940493,0.11052353039656074,0.0,0.0,0.0,1.9234063347738852,-0.49954720808606173,-0.14095171733256862,-0.0012686682288344168,0.6492740234571409,0.0,0.0,0.1701806288693621,0.5387340418189188,-0.015827013972572343,0.22028298675184949,0.6468273125041476,0.0,0.0,-0.9001655273315361,-0.07557584822947193,-0.0037660611003912147,0.07212694230347781,nan,nan,nan,nan,nan,nan,nan,0.8720924115338358,0.0,0.0,1.472252111354665,0.11642970602391367,-0.005442866888851022,0.04808483768844317,0.0,0.0,0.0,0.2785745632715635,1.9166496019963264,-0.21805900980859227,-0.004434671470484146,nan,nan,nan,nan,nan,nan,nan,nan,nan,nan,nan,nan,nan,nan,nan,nan,nan,nan,nan,nan,nan,nan,nan,nan,nan,nan,nan,nan,nan,nan,nan,nan,nan,nan,nan,nan,nan,nan,nan,nan,nan,nan,nan,nan,nan,nan,nan,nan,nan,nan,nan,nan,nan,nan,nan,nan,nan,nan,nan,nan,nan,nan,nan,0.07463476247040988
1791060995.8228216,1.1562873902262714,0.6640888091146071,-3.1289680840080223,-0.15769348587279378,2.091479541223553,0.11186301917512256,0.0,0.0,0.0,1.9118463398686867,-0.4993377801256619,-0.1315015973169585,-0.006542056844189404,0.6545454821847785,0.0,0.0,0.16833316641741944,0.560794073190881,-0.014736908340144236,0.2358324848127846,0.480430557126526,0.0,0.0,-0.9003341551320376,-0.06786737803406358,-0.001923241869182085,0.09010801092187586,nan,nan,nan,nan,nan,nan,nan,0.8700958885240612,0.0,0.0,1.4720270479514799,0.12117824363511447,-0.002758409310176419,0.05387552042462265,0.0,0.0,0.0,0.25403739868475217,1.9156925663137911,-0.22065620006592895,-0.005129670903648876,nan,nan,nan,nan,nan,nan,nan,nan,nan,nan,nan,nan,nan,nan,nan,nan,nan,nan,nan,nan,nan,nan,nan,nan,nan,nan,nan,nan,nan,nan,nan,nan,nan,nan,nan,nan,nan,nan,nan,nan,nan,nan,nan,nan,nan,nan,nan,nan,nan,nan,nan,nan,nan,nan,nan,nan,nan,nan,nan,nan,nan,nan,nan,0.08882086980756417
1791060995.9225695,1.1476026872076173,0.6641907645674994,-3.12834888035439,-0.18102109737631517,2.0882669962611873,0.10093934773219862,0.0,0.0,0.0,1.8967947727903987,-0.49908557706250084,-0.15438765536268015,-0.0016232940100628455,0.6684786156283824,0.0,0.0,0.16642000410707947,0.5849584974294458,-0.012519615655346227,0.2244249402922313,0.7770295531880733,0.0,0.0,-0.9004623279365593,-0.059080464879296114,-0.002614699576406536,0.06995013549212667,nan,nan,nan,nan,nan,nan,nan,0.8662526534368105,0.0,0.0,1.4719029123777427,0.12642992128319022,0.0014010364084675456,0.04239827913520535,0.0,0.0,0.0,0.23157771295562546,1.9148859769464999,-0.2346416468437705,-0.010225832550155009,nan,nan,nan,nan,nan,nan,nan,nan,nan,nan,nan,nan,nan,nan,nan,nan,nan,nan,nan,nan,nan,nan,nan,nan,nan,nan,nan,nan,nan,nan,nan,nan,nan,nan,nan,nan,nan,nan,nan,nan,nan,nan,nan,nan,nan,nan,nan,nan,nan,nan,nan,nan,nan,nan,nan,nan,nan,nan,nan,nan,nan,nan,nan,0.09232051476523229
1791060996.023373,1.1382894718580563,0.664239953686171,-3.126332729086225,-0.20125700057728374,2.0868520958045016,0.09205450161878848,0.0,0.0,0.0,1.8817414978623919,-0.498854509374411,-0.17315151009440077,0.003526978180795228,0.6702889880014999,0.0,0.0,0.16455917252021657,0.6066600417127329,-0.019870349077710524,0.2219419855171205,0.7984711790612364,0.0,0.0,-0.9005574651538207,-0.052193820528174395,0.0021943766985980974,0.08236008550319354,nan,nan,nan,nan,nan,nan,nan,0.8736466344097188,0.0,0.0,1.4717094810483895,0.13055796764679423,-0.004846208459954747,0.041143412307874855,0.0,0.0,0.0,0.20929672732364019,1.9139550656322428,-0.22741244433228286,-0.009113216126355716,nan,nan,nan,nan,nan,nan,nan,nan,nan,nan,nan,nan,nan,nan,nan,nan,nan,nan,nan,nan,nan,nan,nan,nan,nan,nan,nan,nan,nan,nan,nan,nan,nan,nan,nan,nan,nan,nan,nan,nan,nan,nan,nan,nan,nan,nan,nan,nan,nan,nan,nan,nan,nan,nan,nan,nan,nan,nan,nan,nan,nan,nan,nan,0.09448375637773217
1791060996.1235225,1.1292889696038653,0.6641051976482845,-3.125764904964832,-0.21611764160152094,2.086898892638566,0.08588797563104511,0.0,0.0,0.0,1.865194036538478,-0.49848845568529515,-0.16468576131180693,0.0025979308619642864,0.6649636995935028,0.0,0.0,0.16257397430666506,0.6286226357241235,-0.015800476141159356,0.20315925318893446,0.7665217164957712,0.0,0.0,-0.9006009065521992,-0.04388781904663526,-0.0031058489731865847,0.08199622431168434,nan,nan,nan,nan,nan,nan,nan,0.8683158394267774,0.0,0.0,1.4715884962056363,0.13469374648514515,-0.0027953500998688092,0.03972506714189644,0.0,0.0,0.0,0.18695989701898252,1.9129722993391387,-0.21074758927551235,-0.009419017706828257,nan,nan,nan,nan,nan,nan,nan,nan,nan,nan,nan,nan,nan,nan,nan,nan,nan,nan,nan,nan,nan,nan,nan,nan,nan,nan,nan,nan,nan,nan,nan,nan,nan,nan,nan,nan,nan,nan,nan,nan,nan,nan,nan,nan,nan,nan,nan,nan,nan,nan,nan,nan,nan,nan,nan,nan,nan,nan,nan,nan,nan,nan,nan,0.09128992531407783
1791060996.222966,1.1202922586114992,0.664111328525524,-3.1256303489705317,-0.21719525135124496,2.0875646868815334,0.08545269648510703,0.0,0.0,0.0,1.848379233629287,-0.49813068763488594,-0.16648978447875634,-0.0014050397695727509,0.6545277333421011,0.0,0.0,0.16032710184318893,0.6507644511307604,-0.024091340794820643,0.22294574453292915,0.6434625526435117,0.0,0.0,-0.9005899783582977,-0.03587919576350111,-0.0007566331313576849,0.07446921003562407,nan,nan,nan,nan,nan,nan,nan,0.8629934408035537,0.0,0.0,1.4714353648760317,0.13852686324289618,-0.0027321502123456476,0.03844378559275047,0.0,0.0,0.0,0.16449817619974566,1.9120517806096635,-0.2178319453107655,-0.010171536762571601,nan,nan,nan,nan,nan,nan,nan,nan,nan,nan,nan,nan,nan,nan,nan,nan,nan,nan,nan,nan,nan,nan,nan,nan,nan,nan,nan,nan,nan,nan,nan,nan,nan,nan,nan,nan,nan,nan,nan,nan,nan,nan,nan,nan,nan,nan,nan,nan,nan,nan,nan,nan,nan,nan,nan,nan,nan,nan,nan,nan,nan,nan,nan,0.09750107084156756
1791060996.3239636,1.111400882806888,0.6641067714977855,-3.124738091392938,-0.1972143859665384,2.087383406296375,0.09378472899230197,0.0,0.0,0.0,1.8322808837253313,-0.49782237017968445,-0.2627064907939836,0.03724480403301314,0.6456403783883374,0.0,0.0,0.15806325114705755,0.6727451408938188,-0.025384195443563497,0.2376110878912825,0.6001676569488189,0.0,0.0,-0.90094223486807,-0.029024377779752315,-0.00125494705137211,0.06966693696835806,nan,nan,nan,nan,nan,nan,nan,0.8709117000833392,0.0,0.0,1.4712880262010135,0.14176715251111172,-0.0028252082892088175,0.029811981054876837,0.0,0.0,0.0,0.14218486450695275,1.911117750765195,-0.23614146563507676,-0.004761246012423453,nan,nan,nan,nan,nan,nan,nan,nan,nan,nan,nan,nan,nan,nan,nan,nan,nan,nan,nan,nan,nan,nan,nan,nan,nan,nan,nan,nan,nan,nan,nan,nan,nan,nan,nan,nan,nan,nan,nan,nan,nan,nan,nan,nan,nan,nan,nan,nan,nan,nan,nan,nan,nan,nan,nan,nan,nan,nan,nan,nan,nan,nan,nan,0.08155668796746905
1791060996.424197,1.1024253885194393,0.6638700277671918,-3.124421604820905,-0.22360242114933318,2.0875400508223265,0.08289787023298714,0.0,0.0,0.0,1.81476702974684,-0.4973852601399517,-0.17524083635386595,0.014199423262838162,0.6613341018394646,0.0,0.0,0.15589048677203693,0.6944187332398993,-0.023139721194304966,0.22290028431916045,0.8024809986236472,0.0,0.0,-0.9009624713259641,-0.022108904497648615,-0.004829565828207405,0.07443706127220061,nan,nan,nan,nan,nan,nan,nan,0.8695642525244426,0.0,0.0,1.4711378490701434,0.14506237854486337,-0.0023321231776034785,0.02775233679647391,0.0,0.0,0.0,0.12024014631156058,1.9102339684643594,-0.2359819333381445,-0.006498533579963602,nan,nan,nan,nan,nan,nan,nan,nan,nan,nan,nan,nan,nan,nan,nan,nan,nan,nan,nan,nan,nan,nan,nan,nan,nan,nan,nan,nan,nan,nan,nan,nan,nan,nan,nan,nan,nan,nan,nan,nan,nan,nan,nan,nan,nan,nan,nan,nan,nan,nan,nan,nan,nan,nan,nan,nan,nan,nan,nan,nan,nan,nan,nan,0.08676388556671445
1791060996.5229895,1.094604915904262,0.6642107125128403,-3.12438189814014,-0.2365883015208432,2.0893074290354945,0.07789412210784091,0.0,0.0,0.0,1.797377727405464,-0.49709091715025777,-0.19383650167642508,-0.003432108461247261,0.6485108193426703,0.0,0.0,0.15354610160086807,0.7163698034395684,-0.017565366306796736,0.20582674352982167,0.5057819548731464,0.0,0.0,-0.9011676327997156,-0.01439927230175568,0.00427251340450851,0.09909581038616769,nan,nan,nan,nan,nan,nan,nan,0.8695642525244426,0.0,0.0,1.4708729078058373,0.14846809308229655,-0.002231169936092409,0.03277014190169088,0.0,0.0,0.0,0.09816107030685405,1.909353947331379,-0.20926294782068994,-0.013802530909005108,nan,nan,nan,nan,nan,nan,nan,nan,nan,nan,nan,nan,nan,nan,nan,nan,nan,nan,nan,nan,nan,nan,nan,nan,nan,nan,nan,nan,nan,nan,nan,nan,nan,nan,nan,nan,nan,nan,nan,nan,nan,nan,nan,nan,nan,nan,nan,nan,nan,nan,nan,nan,nan,nan,nan,nan,nan,nan,nan,nan,nan,nan,nan,0.07538442502690283
1791060996.6231713,1.0862094007894705,0.6641760859390182,-3.1249970109239373,-0.2447412370714056,2.0918448994484202,0.0748714851267597,0.0,0.0,0.0,1.7771140865319315,-0.49673937221354963,-0.18328395490366994,0.0021579147788038365,0.6486589233878322,0.0,0.0,0.1514389384386275,0.738628481447925,-0.02217160291549523,0.21368022636414924,0.5450375179027701,0.0,0.0,-0.9015402137005598,-0.005662995439275846,-0.00511783866065499,0.08300033561495346,nan,nan,nan,nan,nan,nan,nan,0.8695642525244426,0.0,0.0,1.4708361191326493,0.1517877650239092,0.0007477560377058459,0.03115489335490223,0.0,0.0,0.0,0.07587059368703464,1.908509181687976,-0.20447731122104087,-0.014073823816805556,nan,nan,nan,nan,nan,nan,nan,nan,nan,nan,nan,nan,nan,nan,nan,nan,nan,nan,nan,nan,nan,nan,nan,nan,nan,nan,nan,nan,nan,nan,nan,nan,nan,nan,nan,nan,nan,nan,nan,nan,nan,nan,nan,nan,nan,nan,nan,nan,nan,nan,nan,nan,nan,nan,nan,nan,nan,nan,nan,nan,nan,nan,nan,0.06871897258259733
1791060996.7234223,1.0787797057601167,0.6636906933896423,-3.124240077699363,-0.2558489380703001,2.095047178619725,0.0708998596503535,0.0,0.0,0.0,1.7585513858160267,-0.49638835805176884,-0.18341009971660405,-4.066308972388959e-06,0.646922739173266,0.0,0.0,0.14938926000989933,0.7608806706536755,-0.026233762590356154,0.23528660171263557,0.4807336547237883,0.0,0.0,-0.9015082024930425,0.003347618377904441,-0.007080963668290105,0.07603260378341065,nan,nan,nan,nan,nan,nan,nan,0.8695642525244426,0.0,0.0,1.470726732628221,0.154708451216108,-0.0016187277238791972,0.028219357304643644,0.0,0.0,0.0,0.05355625425726822,1.9078075494091153,-0.22739912256124986,-0.004967880284710527,nan,nan,nan,nan,nan,nan,nan,nan,nan,nan,nan,nan,nan,nan,nan,nan,nan,nan,nan,nan,nan,nan,nan,nan,nan,nan,nan,nan,nan,nan,nan,nan,nan,nan,nan,nan,nan,nan,nan,nan,nan,nan,nan,nan,nan,nan,nan,nan,nan,nan,nan,nan,nan,nan,nan,nan,nan,nan,nan,nan,nan,nan,nan,0.07275826555596775
1791060996.8202052,1.0718792709451908,0.663807850421551,-3.1242537597823987,-0.2637256793345586,2.09886067918009,0.0681849383120156,0.0,0.0,0.0,1.7405069969985394,-0.4959937297894479,-0.18946368691733387,0.012855115274783255,0.6452637548526255,0.0,0.0,0.14739862528996064,0.7826954871128153,-0.02038333151842243,0.224698542967074,0.4404278256310867,0.0,0.0,-0.9017002617688272,0.012947565226869637,0.005050039445188095,0.0922202626479783,nan,nan,nan,nan,nan,nan,nan,0.8695642525244426,0.0,0.0,1.4704955893597627,0.15746237930370316,-0.0029485707875815466,0.033073568409827475,0.729176088121574,0.0,0.0,0.030663145269835556,1.9082409710838042,-0.2951874038685196,0.07943833315571479,nan,nan,nan,nan,nan,nan,nan,nan,nan,nan,nan,nan,nan,nan,nan,nan,nan,nan,nan,nan,nan,nan,nan,nan,nan,nan,nan,nan,nan,nan,nan,nan,nan,nan,nan,nan,nan,nan,nan,nan,nan,nan,nan,nan,nan,nan,nan,nan,nan,nan,nan,nan,nan,nan,nan,nan,nan,nan,nan,nan,nan,nan,nan,0.06651516882923429
1791060996.923657,1.0646954210966473,0.6636413635557011,-3.1242593130219887,-0.26967896778265227,2.1029813429264976,0.06618827485009555,0.0,0.0,0.0,1.7225351454747169,-0.4960846714195942,-0.1735384338830275,-0.011479508791887312,0.6509291612927954,0.0,0.0,0.14546993820820892,0.8045305657362082,-0.014271393536861094,0.20860374238097545,0.4576254688122586,0.0,0.0,-0.9022250082254069,0.02147882207461286,-0.008801494328890266,0.08085136924547473,nan,nan,nan,nan,nan,nan,nan,0.8695642525244426,0.0,0.0,1.470370490740082,0.16138258742575798,-0.0019539282085078258,0.03894125785424127,0.371152022140436,0.0,0.0,0.0086014819155377,1.9073430103959712,-0.22014666069918798,-0.011046979059815998,nan,nan,nan,nan,nan,nan,nan,nan,nan,nan,nan,nan,nan,nan,nan,nan,nan,nan,nan,nan,nan,nan,nan,nan,nan,nan,nan,nan,nan,nan,nan,nan,nan,nan,nan,nan,nan,nan,nan,nan,nan,nan,nan,nan,nan,nan,nan,nan,nan,nan,nan,nan,nan,nan,nan,nan,nan,nan,nan,nan,nan,nan,nan,0.07310137160491646
1791060997.0237217,1.0583006930234686,0.6636093480655646,-3.1244020051559596,-0.2741915218147507,2.107263273532751,0.06470625465662497,0.0,0.0,0.0,1.7061662064400338,-0.49591826371005127,-0.16969556131349323,0.0025167027185417023,0.6467379106014824,0.0,0.0,0.14339915052995544,0.8265968125334513,-0.018342715821568486,0.2098248374077914,0.36347620671913927,0.0,0.0,-0.9022756671873974,0.030420238834985337,-0.005563575543735403,0.0895622366920755,nan,nan,nan,nan,nan,nan,nan,0.8695642525244426,0.0,0.0,1.4702956710303148,0.165261292870039,-0.0010938152451910538,0.03953446481156768,0.4014882435924806,0.0,0.0,-0.013330794223503485,1.9065657170711892,-0.19374762781151825,-0.012357242287747754,nan,nan,nan,nan,nan,nan,nan,nan,nan,nan,nan,nan,nan,nan,nan,nan,nan,nan,nan,nan,nan,nan,nan,nan,nan,nan,nan,nan,nan,nan,nan,nan,nan,nan,nan,nan,nan,nan,nan,nan,nan,nan,nan,nan,nan,nan,nan,nan,nan,nan,nan,nan,nan,nan,nan,nan,nan,nan,nan,nan,nan,nan,nan,0.06921829127012506
1791060997.1234016,1.0510776406606182,0.6634975712854726,-3.1250315092265444,-0.27888484058500096,2.111612909343416,0.06319339837953844,0.0,0.0,0.0,1.6890795039971007,-0.4958224636685956,-0.16120095466200635,8.342889903429924e-05,0.6475434713573875,0.0,0.0,0.1413311429066921,0.8489446674273051,-0.028179351644205087,0.2300758768429115,0.47146428503629634,0.0,0.0,-0.9023817388742138,0.03958632428963294,-0.0038742781806384956,0.08303712675912417,nan,nan,nan,nan,nan,nan,nan,0.8695642525244426,0.0,0.0,1.469996122049188,0.16967068045407907,-0.005943799519968729,0.047747020231132295,0.3417229561400115,0.0,0.0,-0.03562853615211836,1.9057572777982357,-0.19385883919252883,-0.011563776484429219,nan,nan,nan,nan,nan,nan,nan,nan,nan,nan,nan,nan,nan,nan,nan,nan,nan,nan,nan,nan,nan,nan,nan,nan,nan,nan,nan,nan,nan,nan,nan,nan,nan,nan,nan,nan,nan,nan,nan,nan,nan,nan,nan,nan,nan,nan,nan,nan,nan,nan,nan,nan,nan,nan,nan,nan,nan,nan,nan,nan,nan,nan,nan,0.07348960509656648
1791060997.2220485,1.0452338429258679,0.6634799082640733,-3.125263201944081,-0.2817537666089203,2.1159517850365184,0.062282850219325385,0.0,0.0,0.0,1.6732637512035347,-0.4955577765000713,-0.22267339610592868,0.00760968771954154,0.6462142929041097,0.0,0.0,0.13945216955533551,0.8685152937141324,-0.012887618308393998,0.2187854304728945,0.37779927989104906,0.0,0.0,-0.9028185838144561,0.048128165824738466,-0.0033036360815582957,0.09159495330228537,nan,nan,nan,nan,nan,nan,nan,0.8695642525244426,0.0,0.0,1.4697486450393518,0.17436977239185228,-0.002767679079606544,0.05570348833679542,0.3555147000907047,0.0,0.0,-0.05549875503178755,1.9050100052922745,-0.24737777203573583,-0.010724973669271982,nan,nan,nan,nan,nan,nan,nan,nan,nan,nan,nan,nan,nan,nan,nan,nan,nan,nan,nan,nan,nan,nan,nan,nan,nan,nan,nan,nan,nan,nan,nan,nan,nan,nan,nan,nan,nan,nan,nan,nan,nan,nan,nan,nan,nan,nan,nan,nan,nan,nan,nan,nan,nan,nan,nan,nan,nan,nan,nan,nan,nan,nan,nan,0.06860623178672051
1791060997.3217962,1.0380150867624534,0.6633204431220839,-3.1265022027335276,-0.2832714722350745,2.120110272415255,0.061805499116243515,0.0,0.0,0.0,1.6551442220859927,-0.4956080556370727,-0.18295207499748187,-0.00028794413369228667,0.6456156200935871,0.0,0.0,0.13704732123980085,0.8906334611761257,-0.017503864509424163,0.20721175599528907,0.311872926916812,0.0,0.0,-0.9029848695649313,0.058313319265233254,-0.005701138252332462,0.10190213148152416,nan,nan,nan,nan,nan,nan,nan,0.8695642525244426,0.0,0.0,1.4697832143484553,0.17987362972834134,-0.0005537980955754771,0.05543438689160369,0.3594623280315198,0.0,0.0,-0.07651225626243831,1.9039406105742853,-0.19311945098551858,-0.008241812797037009,nan,nan,nan,nan,nan,nan,nan,nan,nan,nan,nan,nan,nan,nan,nan,nan,nan,nan,nan,nan,nan,nan,nan,nan,nan,nan,nan,nan,nan,nan,nan,nan,nan,nan,nan,nan,nan,nan,nan,nan,nan,nan,nan,nan,nan,nan,nan,nan,nan,nan,nan,nan,nan,nan,nan,nan,nan,nan,nan,nan,nan,nan,nan,0.06984229970648094
1791060997.4222932,1.0311983100000708,0.6632054609467573,-3.127006780005703,-0.2827492958022085,2.1239229823625765,0.061969396559019986,0.0,0.0,0.0,1.6368751311919687,-0.4953874599091494,-0.17901737172613968,0.002245154437517929,0.6510080158642444,0.0,0.0,0.13447955829446148,0.9151780351746521,-0.02099031354115339,0.21680610665200606,0.3261453294770654,0.0,0.0,-0.9032007036821106,0.06779402797261729,-0.006414073511107841,0.0936589814518618,nan,nan,nan,nan,nan,nan,nan,0.8695642525244426,0.0,0.0,1.4692544250679596,0.18675075667102758,-0.004465572484833862,0.07747368757568326,0.2822523294225701,0.0,0.0,-0.09740031062414337,1.9028687537623794,-0.21039007531839454,-0.012887156030717092,nan,nan,nan,nan,nan,nan,nan,nan,nan,nan,nan,nan,nan,nan,nan,nan,nan,nan,nan,nan,nan,nan,nan,nan,nan,nan,nan,nan,nan,nan,nan,nan,nan,nan,nan,nan,nan,nan,nan,nan,nan,nan,nan,nan,nan,nan,nan,nan,nan,nan,nan,nan,nan,nan,nan,nan,nan,nan,nan,nan,nan,nan,nan,0.06997999740575042
1791060997.5215204,1.0252282904533168,0.6633932003297899,-3.1288008341512246,-0.2806489410651045,2.127229261833083,0.06263222961519475,0.0,0.0,0.0,1.618476276007845,-0.4953860875248736,-0.18449463283564244,-0.0008923860892644104,0.6525477327441185,0.0,0.0,0.13237572435622127,0.935373772677882,-0.032232256124997916,0.230300893909254,0.42591994858883725,0.0,0.0,-0.9032440112181245,0.07725237359866505,-2.7380132989399304e-05,0.09743176383621285,nan,nan,nan,nan,nan,nan,nan,0.8695642525244426,0.0,0.0,1.4690801608042134,0.19408557103459848,-0.008313259690234765,0.0735695566941551,0.263215851107587,0.0,0.0,-0.11963423104198259,1.901858339527967,-0.24033816829341176,-0.013458843255574565,nan,nan,nan,nan,nan,nan,nan,nan,nan,nan,nan,nan,nan,nan,nan,nan,nan,nan,nan,nan,nan,nan,nan,nan,nan,nan,nan,nan,nan,nan,nan,nan,nan,nan,nan,nan,nan,nan,nan,nan,nan,nan,nan,nan,nan,nan,nan,nan,nan,nan,nan,nan,nan,nan,nan,nan,nan,nan,nan,nan,nan,nan,nan,0.06274376458042823
1791060997.622229,1.0179311756434541,0.6629857189334037,-3.1288184415334075,-0.28136460462837226,2.130150826931083,0.06240573336959141,0.0,0.0,0.0,1.6004072143942827,-0.49528815775947005,-0.1764160376686343,0.004516444889681635,0.643406509551045,0.0,0.0,0.13025124201509491,0.9576543800636155,-0.016505388812045427,0.22678058197046339,0.4245756187000473,0.0,0.0,-0.9035437196731902,0.08611632205617106,0.0011848686331010058,0.09203505258218148,nan,nan,nan,nan,nan,nan,nan,0.8695642525244426,0.0,0.0,1.4687597287056136,0.20246169967942543,-0.0003078525269396451,0.083060783805884,0.32701438908079145,0.0,0.0,-0.14347553859246062,1.900529946240889,-0.23419922369004764,-0.017409550261487942,nan,nan,nan,nan,nan,nan,nan,nan,nan,nan,nan,nan,nan,nan,nan,nan,nan,nan,nan,nan,nan,nan,nan,nan,nan,nan,nan,nan,nan,nan,nan,nan,nan,nan,nan,nan,nan,nan,nan,nan,nan,nan,nan,nan,nan,nan,nan,nan,nan,nan,nan,nan,nan,nan,nan,nan,nan,nan,nan,nan,nan,nan,nan,0.07181063532838006
1791060997.7220721,1.010880759645086,0.6630945392932258,-3.129465772939293,-0.2828778163058828,2.1329161901147304,0.06192902445389688,0.0,0.0,0.0,1.5824235792133925,-0.4952314201272394,-0.1676406378240023,-0.0001541792456219883,0.6420382233116904,0.0,0.0,0.12785836412702692,0.9798363481013307,-0.01259384542480559,0.21400302585237932,0.46496496610501786,0.0,0.0,-0.9037460669191701,0.09453040611540327,-0.004024855337904667,0.08433473867545678,nan,nan,nan,nan,nan,nan,nan,0.8695642525244426,0.0,0.0,1.4684817924327167,0.21039111882462605,-0.0026506771378233098,0.08641144320745091,0.3058917699501837,0.0,0.0,-0.16300587535897343,1.899327059150811,-0.2052786822165606,-0.010223611265215418,nan,nan,nan,nan,nan,nan,nan,nan,nan,nan,nan,nan,nan,nan,nan,nan,nan,nan,nan,nan,nan,nan,nan,nan,nan,nan,nan,nan,nan,nan,nan,nan,nan,nan,nan,nan,nan,nan,nan,nan,nan,nan,nan,nan,nan,nan,nan,nan,nan,nan,nan,nan,nan,nan,nan,nan,nan,nan,nan,nan,nan,nan,nan,0.06575302789706555
1791060997.8225386,1.0043541936662468,0.6628802210198304,-3.130203642290355,-0.28159508011032713,2.135424034799431,0.06233293377873164,0.0,0.0,0.0,1.5651431772095235,-0.49539896446748755,-0.13663846501077492,0.010105587155399373,0.6487015734496125,0.0,0.0,0.1253728497785907,1.002047147559404,-0.024732515375803482,0.2214106067044335,0.40414758531509437,0.0,0.0,-0.9039865405803982,0.10461231021280433,-0.0026412791463474093,0.08743251986346837,nan,nan,nan,nan,nan,nan,nan,0.8695642525244426,0.0,0.0,1.4681214664308841,0.21955482008627758,-0.005518473603834308,0.08162418068006778,0.3065026787289758,0.0,0.0,-0.18555598269980506,1.897875211348977,-0.21592518725859364,-0.01731455019113795,nan,nan,nan,nan,nan,nan,nan,nan,nan,nan,nan,nan,nan,nan,nan,nan,nan,nan,nan,nan,nan,nan,nan,nan,nan,nan,nan,nan,nan,nan,nan,nan,nan,nan,nan,nan,nan,nan,nan,nan,nan,nan,nan,nan,nan,nan,nan,nan,nan,nan,nan,nan,nan,nan,nan,nan,nan,nan,nan,nan,nan,nan,nan,0.06712385712943766
1791060997.9228995,0.9979495455410088,0.6630958166203593,-3.1299706525423927,-0.273040593469479,2.137159709952768,0.06508168130692767,0.0,0.0,0.0,1.5526971876793607,-0.49577279005767644,-0.10725814990859273,0.008110500719491497,0.6487015734496125,0.0,0.0,0.12310858268950335,1.0241474642728974,-0.03473264589280825,0.22347383696804685,0.27669552286241667,0.0,0.0,-0.9042357201756451,0.11418399791931436,-0.0001857843814986935,0.08918785090129085,nan,nan,nan,nan,nan,nan,nan,0.8695642525244426,0.0,0.0,1.4676949301215876,0.2294617692286444,-0.001979632765975291,0.08870136320193023,0.23383834700677053,0.0,0.0,-0.2099569755057869,1.8964336168636229,-0.21558716657124677,-0.017027554288144696,nan,nan,nan,nan,nan,nan,nan,nan,nan,nan,nan,nan,nan,nan,nan,nan,nan,nan,nan,nan,nan,nan,nan,nan,nan,nan,nan,nan,nan,nan,nan,nan,nan,nan,nan,nan,nan,nan,nan,nan,nan,nan,nan,nan,nan,nan,nan,nan,nan,nan,nan,nan,nan,nan,nan,nan,nan,nan,nan,nan,nan,nan,nan,0.06851632168078461
1791060998.021841,0.9922522439581497,0.6628527954971288,-3.1305558494391272,-0.2650130279315545,2.1378693781697997,0.06774915983447331,0.0,0.0,0.0,1.5416671631868033,-0.49508242445722245,-0.09567736563560011,0.006064208305795987,0.6487015734496125,0.0,0.0,0.12090520280149024,1.0462855960312822,-0.023864906170434172,0.22240288787104998,0.2654573679020497,0.0,0.0,-0.9046274024103809,0.12193424560582358,-0.015522743545479665,0.07667674962314089,nan,nan,nan,nan,nan,nan,nan,0.8695642525244426,0.0,0.0,1.4672406281760404,0.2380038338824321,-0.001431312846378464,0.11264174011253662,0.33686780342636397,0.0,0.0,-0.22978903705006815,1.8953685171221628,-0.2332511623726625,-0.012778628803465523,nan,nan,nan,nan,nan,nan,nan,nan,nan,nan,nan,nan,nan,nan,nan,nan,nan,nan,nan,nan,nan,nan,nan,nan,nan,nan,nan,nan,nan,nan,nan,nan,nan,nan,nan,nan,nan,nan,nan,nan,nan,nan,nan,nan,nan,nan,nan,nan,nan,nan,nan,nan,nan,nan,nan,nan,nan,nan,nan,nan,nan,nan,nan,0.06572201709615608
1791060998.1211333,0.9858698005243298,0.6632568847239912,-3.1316743473658786,-0.2574513488119932,2.1377259990722997,0.07034075944188178,0.0,0.0,0.0,1.5314754501245824,-0.49501233366912245,-0.07064766342019327,0.0023048148875399175,0.6487015734496125,0.0,0.0,0.11848145329348059,1.0684055068354734,-0.016121643611871284,0.22493347476527734,0.13602413061230276,0.0,0.0,-0.9048068858588856,0.13032682235795048,-0.014041420137559772,0.08290367217894908,nan,nan,nan,nan,nan,nan,nan,0.8695642525244426,0.0,0.0,1.466834216402583,0.24705632854734158,-0.007941035921847759,0.0966162418552081,0.25562599856122187,0.0,0.0,-0.2513044080072537,1.893937324354639,-0.2085322615498763,-0.009346893072418221,nan,nan,nan,nan,nan,nan,nan,nan,nan,nan,nan,nan,nan,nan,nan,nan,nan,nan,nan,nan,nan,nan,nan,nan,nan,nan,nan,nan,nan,nan,nan,nan,nan,nan,nan,nan,nan,nan,nan,nan,nan,nan,nan,nan,nan,nan,nan,nan,nan,nan,nan,nan,nan,nan,nan,nan,nan,nan,nan,nan,nan,nan,nan,0.05513620725530564
1791060998.221478,0.9799999795501935,0.6627946873693108,-3.131641198112447,-0.26147723939732437,2.137439597932376,0.06895139129222734,0.0,0.0,0.0,1.5208989173117935,-0.4958327688893126,-0.10521701449314375,-0.00025285291281608273,0.6487015734496125,0.0,0.0,0.11570979931285853,1.0904490327646224,-0.022567913538987426,0.22921655383436618,0.4583857567011455,0.0,0.0,-0.9047805404684309,0.13903255477973853,0.009950734885657939,0.08528999171969417,nan,nan,nan,nan,nan,nan,nan,0.8695642525244426,0.0,0.0,1.4663727690549826,0.2576495308246172,-0.01031072021804124,0.10655186269003201,0.33447140708074663,0.0,0.0,-0.27359496336219746,1.8924974969790276,-0.20933981448535616,-0.013800150788556334,nan,nan,nan,nan,nan,nan,nan,nan,nan,nan,nan,nan,nan,nan,nan,nan,nan,nan,nan,nan,nan,nan,nan,nan,nan,nan,nan,nan,nan,nan,nan,nan,nan,nan,nan,nan,nan,nan,nan,nan,nan,nan,nan,nan,nan,nan,nan,nan,nan,nan,nan,nan,nan,nan,nan,nan,nan,nan,nan,nan,nan,nan,nan,0.060015669428071836
1791060998.3207793,0.9735697118512683,0.6630146408602291,-3.1308414053085234,-0.25358250914459624,2.1369712949152775,0.07169658818917357,0.0,0.0,0.0,1.5103900449901009,-0.49577769772361024,-0.036533174246004455,-0.03492959510782617,0.6487015734496125,0.0,0.0,0.11289301798164339,1.1144890363372904,-0.02761504137280254,0.2309333330783674,0.11245560395233686,0.0,0.0,-0.9051726453815868,0.1467938857460722,-0.01671407146843721,0.08004159849505099,nan,nan,nan,nan,nan,nan,nan,0.8695642525244426,0.0,0.0,1.4658684929014874,0.26937060833527726,-0.005618764712229977,0.10562845644169885,0.23175655419431437,0.0,0.0,-0.29616527392250497,1.890864748245591,-0.2283944392347878,-0.01811196600468565,nan,nan,nan,nan,nan,nan,nan,nan,nan,nan,nan,nan,nan,nan,nan,nan,nan,nan,nan,nan,nan,nan,nan,nan,nan,nan,nan,nan,nan,nan,nan,nan,nan,nan,nan,nan,nan,nan,nan,nan,nan,nan,nan,nan,nan,nan,nan,nan,nan,nan,nan,nan,nan,nan,nan,nan,nan,nan,nan,nan,nan,nan,nan,0.06787119842979952
1791060998.4206426,0.9680988416220616,0.6627913569346097,-3.1311381684753794,-0.24610796215273698,2.135806917974089,0.07437371496579237,0.0,0.0,0.0,1.4990209866420423,-0.49540061264249413,-0.08610406987095756,-0.0005528762751566654,0.6487015734496125,0.0,0.0,0.11063621072457208,1.1342005870448966,-0.027438254613282812,0.20885213903754488,0.44383220459261646,0.0,0.0,-0.905014130742559,0.15436084132982347,-0.003804463728828063,0.07155193873520992,nan,nan,nan,nan,nan,nan,nan,0.8695642525244426,0.0,0.0,1.465417662241198,0.2813867246389723,-0.0046119643713291945,0.10965998308903381,0.3309628191413566,0.0,0.0,-0.31878186574956857,1.8895166843664037,-0.23420252669459254,-0.016802738680653236,nan,nan,nan,nan,nan,nan,nan,nan,nan,nan,nan,nan,nan,nan,nan,nan,nan,nan,nan,nan,nan,nan,nan,nan,nan,nan,nan,nan,nan,nan,nan,nan,nan,nan,nan,nan,nan,nan,nan,nan,nan,nan,nan,nan,nan,nan,nan,nan,nan,nan,nan,nan,nan,nan,nan,nan,nan,nan,nan,nan,nan,nan,nan,0.06590983487961849
1791060998.5215724,0.9611445735656436,0.6628885700127004,-3.130270761097214,-0.2518481400052942,2.1346911568301095,0.07231099326960487,0.0,0.0,0.0,1.489134179710756,-0.49533086334961157,-0.08146431803049722,0.012587784301962168,0.6487015734496125,0.0,0.0,0.10793617564397508,1.1564240076882029,-0.020824686293082605,0.2173469695957373,0.474418571592882,0.0,0.0,-0.905193697112539,0.16232272954242088,-0.00010812059555903171,0.08306325652547698,nan,nan,nan,nan,nan,nan,nan,0.8695642525244426,0.0,0.0,1.4649482862058256,0.29369786747456605,-0.0035000626356784074,0.11228735374433368,0.30560889192205715,0.0,0.0,-0.3411329962351595,1.8879396167427538,-0.222910842764876,-0.011992316284328992,nan,nan,nan,nan,nan,nan,nan,nan,nan,nan,nan,nan,nan,nan,nan,nan,nan,nan,nan,nan,nan,nan,nan,nan,nan,nan,nan,nan,nan,nan,nan,nan,nan,nan,nan,nan,nan,nan,nan,nan,nan,nan,nan,nan,nan,nan,nan,nan,nan,nan,nan,nan,nan,nan,nan,nan,nan,nan,nan,nan,nan,nan,nan,0.06361053585339065
1791060998.6223936,0.9536808178054204,0.66268478303002,-3.1302137886257255,-0.24397296737094742,2.1335595881273055,0.07515241789671193,0.0,0.0,0.0,1.480404671394653,-0.4957505638294386,-0.10675692617962564,0.011991202836567915,0.6487015734496125,0.0,0.0,0.10477259843728576,1.1806358030693072,-0.02403197843839166,0.21602546842422263,0.4690086848692069,0.0,0.0,-0.9053251385417623,0.16924677447799844,-0.004573858603433216,0.07047558449634907,nan,nan,nan,nan,nan,nan,nan,0.8695642525244426,0.0,0.0,1.4645072049125145,0.3055104280603238,-0.0025686732025034897,0.11013950408837433,0.31159605982927596,0.0,0.0,-0.36582031838780493,1.8854985138643565,-0.2164661354467696,-0.013868446919590875,nan,nan,nan,nan,nan,nan,nan,nan,nan,nan,nan,nan,nan,nan,nan,nan,nan,nan,nan,nan,nan,nan,nan,nan,nan,nan,nan,nan,nan,nan,nan,nan,nan,nan,nan,nan,nan,nan,nan,nan,nan,nan,nan,nan,nan,nan,nan,nan,nan,nan,nan,nan,nan,nan,nan,nan,nan,nan,nan,nan,nan,nan,nan,0.0678154700163993
1791060998.7231622,0.9469418839337879,0.6629512332959119,-3.129467406423374,-0.2365656413912009,2.1318267825454904,0.07790265065413114,0.0,0.0,0.0,1.4686677904380385,-0.49601666511620957,-0.10729473881486709,0.008046409055470353,0.6487015734496125,0.0,0.0,0.10189262831886765,1.2025600246184536,-0.023321089081043182,0.22911505354524372,0.4169875308548682,0.0,0.0,-0.9054586307898823,0.17767977411779887,-0.0005674624985072142,0.06654880181193096,nan,nan,nan,nan,nan,nan,nan,0.8695642525244426,0.0,0.0,1.463988410562381,0.31796783952375657,-0.0017096571941547958,0.10283796465072384,0.2960908526261823,0.0,0.0,-0.3883854087729786,1.883967019841511,-0.21281219792881043,-0.013176798274089931,nan,nan,nan,nan,nan,nan,nan,nan,nan,nan,nan,nan,nan,nan,nan,nan,nan,nan,nan,nan,nan,nan,nan,nan,nan,nan,nan,nan,nan,nan,nan,nan,nan,nan,nan,nan,nan,nan,nan,nan,nan,nan,nan,nan,nan,nan,nan,nan,nan,nan,nan,nan,nan,nan,nan,nan,nan,nan,nan,nan,nan,nan,nan,0.06050019630004681
1791060998.822013,0.9409062539264414,0.6627696494778023,-3.1300454268286573,-0.24327182929293273,2.130248192530845,0.07540950919930066,0.0,0.0,0.0,1.456565528948166,-0.49555630776508564,-0.18311375706967764,-0.007370389930398949,0.6487015734496125,0.0,0.0,0.09934309869701709,1.2218520473229395,-0.03180019817345499,0.20397880314740457,0.4746490357579367,0.0,0.0,-0.9057108552636569,0.18417200777463788,-0.0012567202928471613,0.07751466426484978,nan,nan,nan,nan,nan,nan,nan,0.8695642525244426,0.0,0.0,1.4635350876606126,0.32813675947024024,-0.0036726435742897136,0.11845417004718369,0.3367070983858383,0.0,0.0,-0.408844822127199,1.8827292149417267,-0.23309658138287798,-0.014907205397271972,nan,nan,nan,nan,nan,nan,nan,nan,nan,nan,nan,nan,nan,nan,nan,nan,nan,nan,nan,nan,nan,nan,nan,nan,nan,nan,nan,nan,nan,nan,nan,nan,nan,nan,nan,nan,nan,nan,nan,nan,nan,nan,nan,nan,nan,nan,nan,nan,nan,nan,nan,nan,nan,nan,nan,nan,nan,nan,nan,nan,nan,nan,nan,0.06655020202857714
1791060998.921897,0.933812368064946,0.6629131790056004,-3.1302722623728547,-0.2288775382415539,2.1284436240239097,0.08083712468687745,0.0,0.0,0.0,1.4441866333541584,-0.49625896625198634,-0.1689966671043894,-0.025358500931924134,0.6487015734496125,0.0,0.0,0.09632824230836155,1.243745860240784,-0.030046120710748064,0.20514034613813412,0.39646852884839445,0.0,0.0,-0.905849347972705,0.19244948849071639,0.02545240145077496,0.12259439519809305,nan,nan,nan,nan,nan,nan,nan,0.8695642525244426,0.0,0.0,1.4628212351847474,0.33916005140915295,-0.007308386830197239,0.12199741192628274,0.3367070983858383,0.0,0.0,-0.43098608737111893,1.8813094313313545,-0.2335183045770151,-0.011121147320435077,nan,nan,nan,nan,nan,nan,nan,nan,nan,nan,nan,nan,nan,nan,nan,nan,nan,nan,nan,nan,nan,nan,nan,nan,nan,nan,nan,nan,nan,nan,nan,nan,nan,nan,nan,nan,nan,nan,nan,nan,nan,nan,nan,nan,nan,nan,nan,nan,nan,nan,nan,nan,nan,nan,nan,nan,nan,nan,nan,nan,nan,nan,nan,0.060795057642042696
1791060999.022387,0.9274355657980567,0.6626722556723902,-3.130291810083412,-0.22881891188172093,2.126188327173445,0.08085981564963698,0.0,0.0,0.0,1.4307668768809247,-0.49655488843929746,-0.1492318934781338,-0.019902220211702952,0.6487015734496125,0.0,0.0,0.09321193893739947,1.2655702501406503,-0.029008150077272414,0.22407201903008978,0.2824709112475606,0.0,0.0,-0.9059904999614158,0.20077686703465178,0.006193670264243521,0.07296661696138079,nan,nan,nan,nan,nan,nan,nan,0.8695642525244426,0.0,0.0,1.462068205099704,0.351428223964215,-0.004056121637521757,0.12492919457114596,0.3367070983858383,0.0,0.0,-0.45254871985038325,1.8801455536270137,-0.20697588672116224,-0.006962928898190228,nan,nan,nan,nan,nan,nan,nan,nan,nan,nan,nan,nan,nan,nan,nan,nan,nan,nan,nan,nan,nan,nan,nan,nan,nan,nan,nan,nan,nan,nan,nan,nan,nan,nan,nan,nan,nan,nan,nan,nan,nan,nan,nan,nan,nan,nan,nan,nan,nan,nan,nan,nan,nan,nan,nan,nan,nan,nan,nan,nan,nan,nan,nan,0.06443362046583453
1791060999.122602,0.9211182234250525,0.6628116319052123,-3.1297867344076056,-0.21596580504124696,2.1235776685834074,0.08594943631655186,0.0,0.0,0.0,1.4162575054780704,-0.4961354563052155,-0.1491239390547802,0.013939617651173452,0.6487015734496125,0.0,0.0,0.08988403918282122,1.28944734722753,-0.02926937315768786,0.23535475366099345,0.27911349098918825,0.0,0.0,-0.9061754414140171,0.20835562961532042,-0.0024586191559667825,0.05026915438716366,nan,nan,nan,nan,nan,nan,nan,0.8695642525244426,0.0,0.0,1.4612425677717709,0.3631657654656497,-0.00691586861392432,0.1375337360528514,0.3367070983858383,0.0,0.0,-0.4748466237434361,1.8790624371222397,-0.20787448629567662,-0.010340834654326937,nan,nan,nan,nan,nan,nan,nan,nan,nan,nan,nan,nan,nan,nan,nan,nan,nan,nan,nan,nan,nan,nan,nan,nan,nan,nan,nan,nan,nan,nan,nan,nan,nan,nan,nan,nan,nan,nan,nan,nan,nan,nan,nan,nan,nan,nan,nan,nan,nan,nan,nan,nan,nan,nan,nan,nan,nan,nan,nan,nan,nan,nan,nan,0.05563616579502195
1791060999.223104,0.9147136892024661,0.6626165797529551,-3.13012803369701,-0.2157014903780224,2.1206847102583186,0.08605650228704367,0.0,0.0,0.0,1.3973943137111697,-0.49598337474644816,-0.1547138259388114,0.004234375361048437,0.6487015734496125,0.0,0.0,0.08672302136116329,1.3109731090271497,-0.032623434702630016,0.21820098651049896,0.2712148638501194,0.0,0.0,-0.9064106976134444,0.21667515601871098,-0.00807676945239464,0.08659809953376169,nan,nan,nan,nan,nan,nan,nan,0.8695642525244426,0.0,0.0,1.4606171260321719,0.37597788695372086,-0.0008470751134134996,0.14455648519639347,0.3367070983858383,0.0,0.0,-0.4994333437909297,1.8778664770530527,-0.21144095150753908,-0.011058786177550347,nan,nan,nan,nan,nan,nan,nan,nan,nan,nan,nan,nan,nan,nan,nan,nan,nan,nan,nan,nan,nan,nan,nan,nan,nan,nan,nan,nan,nan,nan,nan,nan,nan,nan,nan,nan,nan,nan,nan,nan,nan,nan,nan,nan,nan,nan,nan,nan,nan,nan,nan,nan,nan,nan,nan,nan,nan,nan,nan,nan,nan,nan,nan,0.06434352583359332
1791060999.3223717,0.9085201666430548,0.6627418608715908,-3.1296348240975993,-0.21565013304125633,2.1180533242690416,0.08607731683847962,0.0,0.0,0.0,1.3787515005616855,-0.49640699306978814,-0.21307222063357195,-0.015454659985657707,0.6487015734496125,0.0,0.0,0.08369297406478952,1.3327487419446264,-0.03036896810221471,0.2051113046608432,0.2579257519817192,0.0,0.0,-0.9068210367105345,0.2239623893672184,-0.0052697753680352125,0.07861353206215649,nan,nan,nan,nan,nan,nan,nan,0.8695642525244426,0.0,0.0,1.4598028336688407,0.3884421876169278,-0.009218927042455083,0.144074962778188,0.3367070983858383,0.0,0.0,-0.5215903817956431,1.8770346129021438,-0.22431050983328554,-0.007962079475007927,nan,nan,nan,nan,nan,nan,nan,nan,nan,nan,nan,nan,nan,nan,nan,nan,nan,nan,nan,nan,nan,nan,nan,nan,nan,nan,nan,nan,nan,nan,nan,nan,nan,nan,nan,nan,nan,nan,nan,nan,nan,nan,nan,nan,nan,nan,nan,nan,nan,nan,nan,nan,nan,nan,nan,nan,nan,nan,nan,nan,nan,nan,nan,0.06014468039253262
1791060999.4223993,0.9018698762870415,0.6625641094460993,-3.1298970015653795,-0.20447347411462002,2.115204528730992,0.09069393202072258,0.0,0.0,0.0,1.3563760957664457,-0.49671333698186926,-0.20142747445189546,0.012459084112691738,0.6487015734496125,0.0,0.0,0.08062463649085704,1.3548921084840018,-0.029860571057368845,0.21038541664454824,0.5614851415882582,0.0,0.0,-0.906644188667405,0.23110917314604912,0.0006761716894810371,0.053370030819377426,nan,nan,nan,nan,nan,nan,nan,0.8695642525244426,0.0,0.0,1.4591319103056886,0.40476133019880595,-0.00027856309761182065,0.150665492342931,0.3367070983858383,0.0,0.0,-0.5391249419861047,1.8761778935164106,-0.1614093042062904,-0.011292202097524486,nan,nan,nan,nan,nan,nan,nan,nan,nan,nan,nan,nan,nan,nan,nan,nan,nan,nan,nan,nan,nan,nan,nan,nan,nan,nan,nan,nan,nan,nan,nan,nan,nan,nan,nan,nan,nan,nan,nan,nan,nan,nan,nan,nan,nan,nan,nan,nan,nan,nan,nan,nan,nan,nan,nan,nan,nan,nan,nan,nan,nan,nan,nan,0.06932791274067861
1791060999.520999,0.8960604091922905,0.6627363886409975,-3.1296889406471693,-0.2045671469651573,2.112203103041725,0.09065452215464309,0.0,0.0,0.0,1.3369698240634549,-0.4973393813786687,-0.22143552087059307,-0.010012078997694926,0.6487015734496125,0.0,0.0,0.07801923404946699,1.374574422831392,-0.02894815010441866,0.22918206805138278,0.3457526585106334,0.0,0.0,-0.9069267793098104,0.2407289600051878,0.0037014037416841688,0.10740660629239343,nan,nan,nan,nan,nan,nan,nan,0.8695642525244426,0.0,0.0,1.458531629211439,0.41789233777356743,-0.0003126504979289494,0.1415048507029203,0.3367070983858383,0.0,0.0,-0.5543075079587094,1.8756245588460632,-0.165301485399056,-0.01641757515270112,nan,nan,nan,nan,nan,nan,nan,nan,nan,nan,nan,nan,nan,nan,nan,nan,nan,nan,nan,nan,nan,nan,nan,nan,nan,nan,nan,nan,nan,nan,nan,nan,nan,nan,nan,nan,nan,nan,nan,nan,nan,nan,nan,nan,nan,nan,nan,nan,nan,nan,nan,nan,nan,nan,nan,nan,nan,nan,nan,nan,nan,nan,nan,0.06386641847126753
1791060999.6227088,0.8882457473789744,0.6624831586058538,-3.130689016002641,-0.20073818350584888,2.109337312027187,0.09227529652171731,0.0,0.0,0.0,1.316128385068117,-0.4979339405124505,-0.2256226964091556,-0.022440556890320297,0.6487015734496125,0.0,0.0,0.07509306261630438,1.396171840118259,-0.030361950967668885,0.22131256788852513,0.3695838250169713,0.0,0.0,-0.9072213994269243,0.25241767421710026,0.004566453286769428,0.11064423099079906,nan,nan,nan,nan,nan,nan,nan,0.8695642525244426,0.0,0.0,1.4575409597609401,0.4336063266559351,-0.015101203854149254,0.14346453963267197,0.3367070983858383,0.0,0.0,-0.5747896055421361,1.8747714577982457,-0.19453650150953836,-0.008347982972249542,nan,nan,nan,nan,nan,nan,nan,nan,nan,nan,nan,nan,nan,nan,nan,nan,nan,nan,nan,nan,nan,nan,nan,nan,nan,nan,nan,nan,nan,nan,nan,nan,nan,nan,nan,nan,nan,nan,nan,nan,nan,nan,nan,nan,nan,nan,nan,nan,nan,nan,nan,nan,nan,nan,nan,nan,nan,nan,nan,nan,nan,nan,nan,0.07477583984799427
1791060999.721355,0.8821560361546597,0.6626938703029336,-3.130774993929203,-0.19752187342854374,2.1064794382748846,0.09365233605644102,0.0,0.0,0.0,1.2929059400385376,-0.49840843786148226,-0.2096033626279224,0.008290691866522452,0.6487015734496125,0.0,0.0,0.0724655090662286,1.4180219617415193,-0.022834150160409857,0.20114847255662743,0.3593875524898739,0.0,0.0,-0.9072697782883526,0.2614204112868762,0.005060062770693,0.11352420050331771,nan,nan,nan,nan,nan,nan,nan,0.8695642525244426,0.0,0.0,1.4565880081808218,0.4482098587211002,-0.007792876859291654,0.1532089341725642,0.3367070983858383,0.0,0.0,-0.5948384817978384,1.8740555277326147,-0.2288379869956732,-0.009450944992287347,nan,nan,nan,nan,nan,nan,nan,nan,nan,nan,nan,nan,nan,nan,nan,nan,nan,nan,nan,nan,nan,nan,nan,nan,nan,nan,nan,nan,nan,nan,nan,nan,nan,nan,nan,nan,nan,nan,nan,nan,nan,nan,nan,nan,nan,nan,nan,nan,nan,nan,nan,nan,nan,nan,nan,nan,nan,nan,nan,nan,nan,nan,nan,0.06953843388973363
1791060999.8212745,0.8747622985420921,0.6627718711267018,-3.130335776530729,-0.19131098093609913,2.103533510141056,0.09635164144568042,0.0,0.0,0.0,1.272481362696449,-0.4991964293839672,-0.21528246848768087,-0.00423058148143855,0.6487015734496125,0.0,0.0,0.06993968301268384,1.4399817135604416,-0.027301134141505565,0.2231424419105664,0.2135953550400482,0.0,0.0,-0.9074972129993926,0.2745133536323479,-0.004076287482232771,0.1304278129908593,nan,nan,nan,nan,nan,nan,nan,0.8695642525244426,0.0,0.0,1.4557473264177165,0.4624023186743286,-0.011677555017354112,0.16081512823204758,0.3367070983858383,0.0,0.0,-0.6170713567804551,1.8731261866967133,-0.2365796258035543,-0.008519240970766152,nan,nan,nan,nan,nan,nan,nan,nan,nan,nan,nan,nan,nan,nan,nan,nan,nan,nan,nan,nan,nan,nan,nan,nan,nan,nan,nan,nan,nan,nan,nan,nan,nan,nan,nan,nan,nan,nan,nan,nan,nan,nan,nan,nan,nan,nan,nan,nan,nan,nan,nan,nan,nan,nan,nan,nan,nan,nan,nan,nan,nan,nan,nan,0.05364503343972076
1791060999.924506,0.8669738121558948,0.6631395665317971,-3.132084044049147,-0.18316160552528202,2.1003456799192546,0.09997320155808537,0.0,0.0,0.0,1.2486319211375385,-0.5001139387815933,-0.19407134818562607,0.0020536143510749977,0.6487015734496125,0.0,0.0,0.06702358920839731,1.4642295125538083,-0.03082900814252398,0.2311781189359963,0.20864004599170127,0.0,0.0,-0.9077968851077631,0.2911859800684235,-0.005278148487686852,0.1472920827091871,nan,nan,nan,nan,nan,nan,nan,0.8695642525244426,0.0,0.0,1.4547825608418665,0.48022176807395656,-0.0014941701069678824,0.1613175254538094,0.3367070983858383,0.0,0.0,-0.6413866862167051,1.872388437297577,-0.23229699721576316,0.01113913840476825,nan,nan,nan,nan,nan,nan,nan,nan,nan,nan,nan,nan,nan,nan,nan,nan,nan,nan,nan,nan,nan,nan,nan,nan,nan,nan,nan,nan,nan,nan,nan,nan,nan,nan,nan,nan,nan,nan,nan,nan,nan,nan,nan,nan,nan,nan,nan,nan,nan,nan,nan,nan,nan,nan,nan,nan,nan,nan,nan,nan,nan,nan,nan,0.06925668774806723
1791061000.0216143,0.8596346046327639,0.6628624982195197,-3.132976082584977,-0.17243228817226172,2.0968028360436217,0.10487779349550924,0.0,0.0,0.0,1.231019672186636,-0.5003177162689978,-0.1888054757520734,-0.019366356526861438,0.6487015734496125,0.0,0.0,0.0646233996010706,1.4836695573567116,-0.022719434829344475,0.21735770018391537,0.2648186961817676,0.0,0.0,-0.9080723313740215,0.3039983070476386,-0.0023246613558682164,0.13832493318514127,nan,nan,nan,nan,nan,nan,nan,0.8695642525244426,0.0,0.0,1.4537573456850919,0.495036124323363,-0.010579413693343415,0.15794080255901594,0.3367070983858383,0.0,0.0,-0.6619205093477639,1.8710736311108216,-0.24582511972584958,-0.043787938255172666,nan,nan,nan,nan,nan,nan,nan,nan,nan,nan,nan,nan,nan,nan,nan,nan,nan,nan,nan,nan,nan,nan,nan,nan,nan,nan,nan,nan,nan,nan,nan,nan,nan,nan,nan,nan,nan,nan,nan,nan,nan,nan,nan,nan,nan,nan,nan,nan,nan,nan,nan,nan,nan,nan,nan,nan,nan,nan,nan,nan,nan,nan,nan,0.06504095257751143
1791061000.1216552,0.8513608980436748,0.6623653727641006,-3.132997517429237,-0.168891490428399,2.0931306335586695,0.1065299875884165,0.0,0.0,0.0,1.2118703969332438,-0.5005316786291297,-0.17584728646510844,0.018132749783058,0.6487015734496125,0.0,0.0,0.06170520909641324,1.5057722632742616,-0.02305993603970382,0.2025835030238793,0.3412825967591301,0.0,0.0,-0.9084914530715671,0.3170555930306062,-0.0022664617490395778,0.1169239423864584,nan,nan,nan,nan,nan,nan,nan,0.8695642525244426,0.0,0.0,1.4526799209903356,0.51106742512053,-0.013271299453131605,0.1583988838957343,0.3367070983858383,0.0,0.0,-0.6841099764045125,1.8703346825540916,-0.2208614917301047,-0.0099501339666822,nan,nan,nan,nan,nan,nan,nan,nan,nan,nan,nan,nan,nan,nan,nan,nan,nan,nan,nan,nan,nan,nan,nan,nan,nan,nan,nan,nan,nan,nan,nan,nan,nan,nan,nan,nan,nan,nan,nan,nan,nan,nan,nan,nan,nan,nan,nan,nan,nan,nan,nan,nan,nan,nan,nan,nan,nan,nan,nan,nan,nan,nan,nan,0.0833384647592378
1791061000.222525,0.8431622454384412,0.6625008643052539,-3.133443644044478,-0.16699127982242348,2.0896342357368596,0.10742346273003026,0.0,0.0,0.0,1.1931181432629465,-0.5007298274238247,-0.17577894925544674,-0.005322966080144029,0.6487015734496125,0.0,0.0,0.058431628003952435,1.530254638666972,-0.025850659398594523,0.21475347647876217,0.39831746450332284,0.0,0.0,-0.9088556316033974,0.32956406882570444,-0.00021158465882434925,0.10067095678875736,nan,nan,nan,nan,nan,nan,nan,0.8695642525244426,0.0,0.0,1.451513612351814,0.5286958163220482,-0.008491434117351645,0.1568869290043635,0.3367070983858383,0.0,0.0,-0.7081118317517687,1.8696430049377222,-0.223458936587795,-0.018883230417987767,nan,nan,nan,nan,nan,nan,nan,nan,nan,nan,nan,nan,nan,nan,nan,nan,nan,nan,nan,nan,nan,nan,nan,nan,nan,nan,nan,nan,nan,nan,nan,nan,nan,nan,nan,nan,nan,nan,nan,nan,nan,nan,nan,nan,nan,nan,nan,nan,nan,nan,nan,nan,nan,nan,nan,nan,nan,nan,nan,nan,nan,nan,nan,0.07607248954697556
1791061000.3230572,0.83447701099579,0.6623823634922476,-3.1346350908066296,-0.16365955214583217,2.0863036015919194,0.10900143307565308,0.0,0.0,0.0,1.1727923266011202,-0.5013480600919356,-0.17084740863755898,0.00949268147443886,0.6487015734496125,0.0,0.0,0.055088449735102824,1.5527248765809123,-0.03791980355112505,0.21975119183680464,0.4549351460882643,0.0,0.0,-0.9092488979050286,0.33975360083443773,-0.0017065397830867655,0.10297967863355599,nan,nan,nan,nan,nan,nan,nan,0.8695642525244426,0.0,0.0,1.4503516925727014,0.5447271706333542,-0.011710789005260562,0.15039384791505972,0.3367070983858383,0.0,0.0,-0.7288136388659489,1.8688681106127372,-0.21191179853778352,-0.007343648133187991,nan,nan,nan,nan,nan,nan,nan,nan,nan,nan,nan,nan,nan,nan,nan,nan,nan,nan,nan,nan,nan,nan,nan,nan,nan,nan,nan,nan,nan,nan,nan,nan,nan,nan,nan,nan,nan,nan,nan,nan,nan,nan,nan,nan,nan,nan,nan,nan,nan,nan,nan,nan,nan,nan,nan,nan,nan,nan,nan,nan,nan,nan,nan,0.08432307318933216
1791061000.4211795,0.82721628046058,0.6622903589420637,-3.1356769307485,-0.17095976370315896,2.083427171387701,0.10556288694047256,0.0,0.0,0.0,1.1553209033277332,-0.5012433306861055,-0.17873228151660808,0.0012016940837853262,0.6487015734496125,0.0,0.0,0.052391040975593495,1.5722502438922472,-0.030780867773550474,0.22295692784528479,0.5010017004460827,0.0,0.0,-0.909582448339217,0.3480669972677009,-0.004471875325305656,0.09453507040136008,nan,nan,nan,nan,nan,nan,nan,0.8695642525244426,0.0,0.0,1.449331922384428,0.558989942535103,-0.012829804530541711,0.15332387107592077,0.3367070983858383,0.0,0.0,-0.7478635869034286,1.8682170041592168,-0.23329046923673857,-0.033970419298759116,nan,nan,nan,nan,nan,nan,nan,nan,nan,nan,nan,nan,nan,nan,nan,nan,nan,nan,nan,nan,nan,nan,nan,nan,nan,nan,nan,nan,nan,nan,nan,nan,nan,nan,nan,nan,nan,nan,nan,nan,nan,nan,nan,nan,nan,nan,nan,nan,nan,nan,nan,nan,nan,nan,nan,nan,nan,nan,nan,nan,nan,nan,nan,0.0922975941626784
1791061000.5230825,0.8184929262514777,0.6621377203099884,-3.131128951947064,-0.16165304719612503,2.080746925925505,0.1099587161624136,0.0,0.0,0.0,1.1357332834124265,-0.5015109759710337,-0.17584157985841825,0.0074056194233379224,0.6487015734496125,0.0,0.0,0.04857433056457102,1.596369669045385,-0.028199341167393883,0.2237614755471562,0.39199981914650506,0.0,0.0,-0.9098180355181918,0.3584600843927459,-0.004999855488588107,0.09278744726040247,nan,nan,nan,nan,nan,nan,nan,0.8695642525244426,0.0,0.0,1.44789768644347,0.5769043626325555,-0.01261680919266476,0.16822455031777842,0.3367070983858383,0.0,0.0,-0.7691680487489942,1.867441478485025,-0.20987303773164845,-0.008971363944915997,nan,nan,nan,nan,nan,nan,nan,nan,nan,nan,nan,nan,nan,nan,nan,nan,nan,nan,nan,nan,nan,nan,nan,nan,nan,nan,nan,nan,nan,nan,nan,nan,nan,nan,nan,nan,nan,nan,nan,nan,nan,nan,nan,nan,nan,nan,nan,nan,nan,nan,nan,nan,nan,nan,nan,nan,nan,nan,nan,nan,nan,nan,nan,0.09076093352419436
1791061000.6204696,0.8093297777734304,0.6622455745232142,-3.138492783420789,-0.16737881970762056,2.0782207151893144,0.10724085781735715,0.0,0.0,0.0,1.1192963559757285,-0.501700335057304,-0.1703932044738014,0.00544647154476839,0.6487015734496125,0.0,0.0,0.045514563541296925,1.6160963917546194,-0.03438287074317643,0.20565371014272482,0.648284671366517,0.0,0.0,-0.9099389716363826,0.366859547141705,0.00036951987612265886,0.08893347370141921,nan,nan,nan,nan,nan,nan,nan,0.8695642525244426,0.0,0.0,1.4468507645552249,0.5916694720066062,-0.009329882674862525,0.15811031587872815,0.3367070983858383,0.0,0.0,-0.786937481220082,1.8668739838595345,-0.19500998440811468,-0.008832067238055663,nan,nan,nan,nan,nan,nan,nan,nan,nan,nan,nan,nan,nan,nan,nan,nan,nan,nan,nan,nan,nan,nan,nan,nan,nan,nan,nan,nan,nan,nan,nan,nan,nan,nan,nan,nan,nan,nan,nan,nan,nan,nan,nan,nan,nan,nan,nan,nan,nan,nan,nan,nan,nan,nan,nan,nan,nan,nan,nan,nan,nan,nan,nan,0.0876039424351898
1791061000.7226493,0.7993325856746024,0.662089738972939,-3.1393911553272047,-0.17835952768231791,2.0764787374300813,0.10214927867052236,0.0,0.0,0.0,1.0993165240262461,-0.5022314502762355,-0.18914385483341745,-0.016938498058956718,0.6487015734496125,0.0,0.0,0.042232926170633074,1.6380320906143306,-0.04180491586710851,0.21807537384937964,0.6208183403965966,0.0,0.0,-0.9104239314913601,0.37576146238826474,-0.002252893495827035,0.08769879556734334,nan,nan,nan,nan,nan,nan,nan,0.8695642525244426,0.0,0.0,1.445883904330168,0.6092460081075184,-0.01432552379527458,0.15958968033244325,0.3367070983858383,0.0,0.0,-0.8087557142325257,1.8663162712135566,-0.21377046875426348,-0.011161836150958747,nan,nan,nan,nan,nan,nan,nan,nan,nan,nan,nan,nan,nan,nan,nan,nan,nan,nan,nan,nan,nan,nan,nan,nan,nan,nan,nan,nan,nan,nan,nan,nan,nan,nan,nan,nan,nan,nan,nan,nan,nan,nan,nan,nan,nan,nan,nan,nan,nan,nan,nan,nan,nan,nan,nan,nan,nan,nan,nan,nan,nan,nan,nan,0.09938292239003417
1791061000.8223226,0.7909087018265454,0.6619385687744163,-3.1334868737898263,-0.19015106623781888,2.075679286604322,0.0968615936832461,0.0,0.0,0.0,1.0831929935244848,-0.5022617635435837,-0.17325167023258953,0.0020571081195571916,0.6487015734496125,0.0,0.0,0.038750561925327304,1.6622831871876311,-0.04276655624973583,0.225634420254808,0.5137731617162602,0.0,0.0,-0.9105358513347964,0.38504732695088884,-0.0020673709220124783,0.08477006378411268,nan,nan,nan,nan,nan,nan,nan,0.8695642525244426,0.0,0.0,1.444781932604064,0.6248060294269446,-0.015247925034901973,0.16094308341193236,0.3367070983858383,0.0,0.0,-0.82667965493221,1.86561355692477,-0.19811560230766656,-0.005323868705378951,nan,nan,nan,nan,nan,nan,nan,nan,nan,nan,nan,nan,nan,nan,nan,nan,nan,nan,nan,nan,nan,nan,nan,nan,nan,nan,nan,nan,nan,nan,nan,nan,nan,nan,nan,nan,nan,nan,nan,nan,nan,nan,nan,nan,nan,nan,nan,nan,nan,nan,nan,nan,nan,nan,nan,nan,nan,nan,nan,nan,nan,nan,nan,0.09558310826840982
1791061000.920833,0.7812637529347832,0.6622960398472698,-3.140540178595174,-0.2073567539628995,2.0760222443360137,0.08948643602078293,0.0,0.0,0.0,1.06552969877564,-0.5025199821458946,-0.16950727428341944,-0.0020223026335559778,0.6487015734496125,0.0,0.0,0.035867265004065264,1.6819817321540826,-0.024395147594890084,0.21199775323080733,0.6596509579798553,0.0,0.0,-0.9107345411093902,0.3929377246437997,-0.002636586866392428,0.07960459445932555,nan,nan,nan,nan,nan,nan,nan,0.8695642525244426,0.0,0.0,1.4436310959379082,0.6393310548041234,-0.015489898950093405,0.16672361747409065,0.3367070983858383,0.0,0.0,-0.8468170831437672,1.8647791689010664,-0.1953170886237206,-0.008895862635706357,nan,nan,nan,nan,nan,nan,nan,nan,nan,nan,nan,nan,nan,nan,nan,nan,nan,nan,nan,nan,nan,nan,nan,nan,nan,nan,nan,nan,nan,nan,nan,nan,nan,nan,nan,nan,nan,nan,nan,nan,nan,nan,nan,nan,nan,nan,nan,nan,nan,nan,nan,nan,nan,nan,nan,nan,nan,nan,nan,nan,nan,nan,nan,0.08999079102277506
1791061001.0229363,0.7709682029988012,0.6621614338145067,-3.1407504674265816,-0.20660877218370918,2.0769406268117785,0.08979858230198956,0.0,0.0,0.0,1.0481760622189302,-0.5027734898263515,-0.17806414977641266,-0.003373362725485071,0.6487015734496125,0.0,0.0,0.03225917766860398,1.7064184156302658,-0.0269046180949605,0.21965247181236985,0.6649501543470742,0.0,0.0,-0.9110798194730648,0.4029224937342084,0.003393008360834485,0.09396021957840052,nan,nan,nan,nan,nan,nan,nan,0.8695642525244426,0.0,0.0,1.4423191357395917,0.6573971561169544,-0.011136834843200463,0.15583423152164835,0.2955832053643522,0.0,0.0,-0.8700893451586607,1.8638202813492235,-0.21924144290580344,-0.011153930492030954,nan,nan,nan,nan,nan,nan,nan,nan,nan,nan,nan,nan,nan,nan,nan,nan,nan,nan,nan,nan,nan,nan,nan,nan,nan,nan,nan,nan,nan,nan,nan,nan,nan,nan,nan,nan,nan,nan,nan,nan,nan,nan,nan,nan,nan,nan,nan,nan,nan,nan,nan,nan,nan,nan,nan,nan,nan,nan,nan,nan,nan,nan,nan,0.0893430079482932
1791061001.1228423,0.7628521713609148,0.6622620960493592,-3.139130124211997,-0.20686366995185737,2.0777535130941467,0.0896921220441088,0.0,0.0,0.0,1.0286280171100095,-0.5030144602481731,-0.16818755798021873,-0.008905335474687501,0.6487015734496125,0.0,0.0,0.02899039284281162,1.7287923442507014,-0.03939272800674422,0.21612752885081674,0.508527302211682,0.0,0.0,-0.9115504907335792,0.41210314275684723,-0.00570294818721826,0.09577069412997587,nan,nan,nan,nan,nan,nan,nan,0.8695642525244426,0.0,0.0,1.4411340472475702,0.6718599920975051,-0.015787046063775383,0.15717466784809891,0.2955832053643522,0.0,0.0,-0.8880664269710934,1.8628154721250711,-0.19160926452773247,-0.006132098116239616,nan,nan,nan,nan,nan,nan,nan,nan,nan,nan,nan,nan,nan,nan,nan,nan,nan,nan,nan,nan,nan,nan,nan,nan,nan,nan,nan,nan,nan,nan,nan,nan,nan,nan,nan,nan,nan,nan,nan,nan,nan,nan,nan,nan,nan,nan,nan,nan,nan,nan,nan,nan,nan,nan,nan,nan,nan,nan,nan,nan,nan,nan,nan,0.05906562944854024
1791061001.222325,0.7548444303934099,0.6624735677845897,-3.1386267286573895,-0.20435110750907393,2.078396892165188,0.09074543210803394,0.0,0.0,0.0,1.0108152503882402,-0.5032466856176899,-0.17577968945710104,-3.693679422218444e-05,0.6487015734496125,0.0,0.0,0.025652775512586507,1.7511005033346916,-0.044301392649623086,0.21565855013665433,0.29882674730950537,0.0,0.0,-0.9117652078053744,0.421887132016807,-0.005904184974806699,0.09515589537368054,nan,nan,nan,nan,nan,nan,nan,0.8695642525244426,0.0,0.0,1.4396125314355654,0.6899889812253006,-0.012554073694099922,0.1649372285541163,0.37382613850173935,0.0,0.0,-0.9105749709932283,1.8620494984903073,-0.18455095552448791,-0.00784133344144717,nan,nan,nan,nan,nan,nan,nan,nan,nan,nan,nan,nan,nan,nan,nan,nan,nan,nan,nan,nan,nan,nan,nan,nan,nan,nan,nan,nan,nan,nan,nan,nan,nan,nan,nan,nan,nan,nan,nan,nan,nan,nan,nan,nan,nan,nan,nan,nan,nan,nan,nan,nan,nan,nan,nan,nan,nan,nan,nan,nan,nan,nan,nan,0.0591917329092555
1791061001.322079,0.7480273546724548,0.6624589053737002,-3.138197794458202,-0.20041064233994144,2.0787264718984657,0.0924148802321013,0.0,0.0,0.0,0.9943903793684294,-0.5034662820116416,-0.1787686687660348,0.002620269507010249,0.6487015734496125,0.0,0.0,0.02292347478353147,1.7710579685357961,-0.022377359174190814,0.22180028928474999,0.39057879200970785,0.0,0.0,-0.9119774817006163,0.4321224720881586,-0.0037437403179387324,0.0962397074930875,nan,nan,nan,nan,nan,nan,nan,0.8695642525244426,0.0,0.0,1.4385914808393294,0.7049765686060433,-0.005840440370355766,0.15960368045970072,0.37382613850173935,0.0,0.0,-0.9323064196007806,1.8610942322751898,-0.22275579149005245,-0.011737448003582387,nan,nan,nan,nan,nan,nan,nan,nan,nan,nan,nan,nan,nan,nan,nan,nan,nan,nan,nan,nan,nan,nan,nan,nan,nan,nan,nan,nan,nan,nan,nan,nan,nan,nan,nan,nan,nan,nan,nan,nan,nan,nan,nan,nan,nan,nan,nan,nan,nan,nan,nan,nan,nan,nan,nan,nan,nan,nan,nan,nan,nan,nan,nan,0.10593745590678591
1791061001.4205706,0.7411291248081143,0.6625346490665469,-3.1381553956034614,-0.19420326869520133,2.078636874743995,0.09508805940694938,0.0,0.0,0.0,0.9760261122653491,-0.5037217081808083,-0.17895891071108622,-0.008987311396118785,0.6487015734496125,0.0,0.0,0.019566672502873417,1.7930908017160947,-0.019256901110288296,0.2078694067529555,0.5719746798480003,0.0,0.0,-0.9123722951153339,0.44133684574213283,0.002617781892842102,0.09530593889673745,nan,nan,nan,nan,nan,nan,nan,0.8695642525244426,0.0,0.0,1.4375239079969795,0.72100925348237,-0.01061879222113275,0.1494661896629047,0.2866209173693476,0.0,0.0,-0.9509384990325999,1.859996636443472,-0.19037226262444437,-0.009078109380566314,nan,nan,nan,nan,nan,nan,nan,nan,nan,nan,nan,nan,nan,nan,nan,nan,nan,nan,nan,nan,nan,nan,nan,nan,nan,nan,nan,nan,nan,nan,nan,nan,nan,nan,nan,nan,nan,nan,nan,nan,nan,nan,nan,nan,nan,nan,nan,nan,nan,nan,nan,nan,nan,nan,nan,nan,nan,nan,nan,nan,nan,nan,nan,0.09465917187674625
1791061001.5219915,0.7296796996139499,0.6625543276250532,-3.1404154275150926,-0.18718959592755036,2.078067105057852,0.09817190375973855,0.0,0.0,0.0,0.9578667766899376,-0.5033772484995739,-0.16656988124274336,0.024678095038420302,0.6487015734496125,0.0,0.0,0.016197931433575945,1.8148634681316862,-0.03287713903576321,0.21383307716224773,0.504477290600696,0.0,0.0,-0.9128471666051264,0.45141699803291324,-0.00522068868646859,0.10174536466527415,nan,nan,nan,nan,nan,nan,nan,0.8695642525244426,0.0,0.0,1.4362432372959386,0.7366742937115223,-0.016119311024473674,0.15484482927534018,0.2904898316709094,0.0,0.0,-0.9719632983503576,1.8588718188611901,-0.2050174696337152,-0.014254061566820766,nan,nan,nan,nan,nan,nan,nan,nan,nan,nan,nan,nan,nan,nan,nan,nan,nan,nan,nan,nan,nan,nan,nan,nan,nan,nan,nan,nan,nan,nan,nan,nan,nan,nan,nan,nan,nan,nan,nan,nan,nan,nan,nan,nan,nan,nan,nan,nan,nan,nan,nan,nan,nan,nan,nan,nan,nan,nan,nan,nan,nan,nan,nan,0.08783433411846572
1791061001.621081,0.721714066194035,0.6624640740167914,-3.138931777201299,-0.17972892279064678,2.0770361040431986,0.10152557324548694,0.0,0.0,0.0,0.9421616066330065,-0.5039346886797089,-0.16628430884943401,-0.01524909204823518,0.6487015734496125,0.0,0.0,0.012762915803353281,1.8367637778404278,-0.04260656843299612,0.21011621439106837,0.455098799487705,0.0,0.0,-0.913027804068892,0.4617757457703265,-0.007210319952952985,0.10665545705913518,nan,nan,nan,nan,nan,nan,nan,0.8695642525244426,0.0,0.0,1.4347686257658896,0.753083280324405,-0.01283967450736669,0.16537427315443073,0.3657924206671897,0.0,0.0,-0.9940888022103063,1.8579405525235608,-0.23182445065031204,-0.005953419621360702,nan,nan,nan,nan,nan,nan,nan,nan,nan,nan,nan,nan,nan,nan,nan,nan,nan,nan,nan,nan,nan,nan,nan,nan,nan,nan,nan,nan,nan,nan,nan,nan,nan,nan,nan,nan,nan,nan,nan,nan,nan,nan,nan,nan,nan,nan,nan,nan,nan,nan,nan,nan,nan,nan,nan,nan,nan,nan,nan,nan,nan,nan,nan,0.09089999659637271
1791061001.7221763,0.7120924463262438,0.662588547558465,-3.1387631164341654,-0.17243378648866586,2.075599001470599,0.10487709786391917,0.0,0.0,0.0,0.925474183122204,-0.5041073099614423,-0.16636859248003488,-0.0015705519207265956,0.6487015734496125,0.0,0.0,0.009069458373430435,1.8607139556403063,-0.03644987556511604,0.2083640424130296,0.43598620207400196,0.0,0.0,-0.9131977253215554,0.4726938444595189,-0.006200833504190347,0.11052343310396372,nan,nan,nan,nan,nan,nan,nan,0.8695642525244426,0.0,0.0,1.433555854839794,0.7692756436067762,-0.009401648508504015,0.1511710882876039,0.33137201828784824,0.0,0.0,-1.0150265801852363,1.857037806322194,-0.20868697871528077,-0.009360393170120909,nan,nan,nan,nan,nan,nan,nan,nan,nan,nan,nan,nan,nan,nan,nan,nan,nan,nan,nan,nan,nan,nan,nan,nan,nan,nan,nan,nan,nan,nan,nan,nan,nan,nan,nan,nan,nan,nan,nan,nan,nan,nan,nan,nan,nan,nan,nan,nan,nan,nan,nan,nan,nan,nan,nan,nan,nan,nan,nan,nan,nan,nan,nan,0.09628610279602522
1791061001.8214266,0.7038810141394135,0.6628907072868142,-3.1379515728355196,-0.16625493835687064,2.0738577483539364,0.10777096108592935,0.0,0.0,0.0,0.9081928881534747,-0.5039776015242132,-0.15762463127101345,0.014272287896984334,0.6487015734496125,0.0,0.0,0.005913806251531639,1.8804341980845263,-0.028564036804583793,0.22767277063957003,0.4226188844183028,0.0,0.0,-0.9134857356644036,0.4838452693287235,-0.005534989659686368,0.10677013338014116,nan,nan,nan,nan,nan,nan,nan,0.8695642525244426,0.0,0.0,1.4322052575748871,0.7852806737962433,-0.01722763342717623,0.1616375559045114,0.2990743986392025,0.0,0.0,-1.0357217377382975,1.8558274751223256,-0.19692697970266543,-0.010160398787791385,nan,nan,nan,nan,nan,nan,nan,nan,nan,nan,nan,nan,nan,nan,nan,nan,nan,nan,nan,nan,nan,nan,nan,nan,nan,nan,nan,nan,nan,nan,nan,nan,nan,nan,nan,nan,nan,nan,nan,nan,nan,nan,nan,nan,nan,nan,nan,nan,nan,nan,nan,nan,nan,nan,nan,nan,nan,nan,nan,nan,nan,nan,nan,0.08248449786876719
1791061001.9208093,0.6947109378751423,0.6624842957260092,-3.1331186223374283,-0.1587557011302737,2.071848565540747,0.111350183286919,0.0,0.0,0.0,0.8910248736296924,-0.5043147307923865,-0.16611020589903291,-0.009397423172039917,0.6487015734496125,0.0,0.0,0.002066499868164981,1.9021164509198667,-0.04206180312904988,0.22349811996365998,0.4838010325825982,0.0,0.0,-0.9138881232181545,0.49521407565038883,-0.002066007264787355,0.10650084639316255,nan,nan,nan,nan,nan,nan,nan,0.8695642525244426,0.0,0.0,1.430935715270293,0.8018953164706207,-0.01670412726603709,0.17519008474499498,0.27198800996021666,0.0,0.0,-1.0577740370205229,1.8547588005907338,-0.23139425546699594,-0.009347033927710349,nan,nan,nan,nan,nan,nan,nan,nan,nan,nan,nan,nan,nan,nan,nan,nan,nan,nan,nan,nan,nan,nan,nan,nan,nan,nan,nan,nan,nan,nan,nan,nan,nan,nan,nan,nan,nan,nan,nan,nan,nan,nan,nan,nan,nan,nan,nan,nan,nan,nan,nan,nan,nan,nan,nan,nan,nan,nan,nan,nan,nan,nan,nan,0.08402351293921977
1791061002.0214255,0.6867472339977673,0.6627082218263137,-3.1385264610755654,-0.15368832187256848,2.069651658936287,0.11380964199158417,0.0,0.0,0.0,0.8760534827120176,-0.5043778302962597,-0.15602501079843162,-0.005273366369974827,0.6487015734496125,0.0,0.0,-0.0017618452645066617,1.9238387148499387,-0.040802826576084486,0.20605216549183342,0.44228973158710716,0.0,0.0,-0.9143198538629245,0.5065048817401283,-0.002789954308030399,0.10382679954461094,nan,nan,nan,nan,nan,nan,nan,0.8695642525244426,0.0,0.0,1.4298807797809616,0.8182779707162046,-0.007668784685154381,0.15407412279529212,0.3155262638525614,0.0,0.0,-1.0787097237958496,1.8535427411868082,-0.21821095491426695,-0.014387685736585751,nan,nan,nan,nan,nan,nan,nan,nan,nan,nan,nan,nan,nan,nan,nan,nan,nan,nan,nan,nan,nan,nan,nan,nan,nan,nan,nan,nan,nan,nan,nan,nan,nan,nan,nan,nan,nan,nan,nan,nan,nan,nan,nan,nan,nan,nan,nan,nan,nan,nan,nan,nan,nan,nan,nan,nan,nan,nan,nan,nan,nan,nan,nan,0.08448875472561349
1791061002.1226668,0.6774815161695124,0.6629163152934683,-3.138854255094241,-0.14796612600462644,2.0673482804232197,0.1166258835261715,0.0,0.0,0.0,0.8580955061091701,-0.5047886256622257,-0.16416059992288048,0.0002393151931144831,0.6487015734496125,0.0,0.0,-0.006100751809875096,1.9479434309820907,-0.04157310386721316,0.202508140397022,0.435317739740626,0.0,0.0,-0.9147260036726937,0.5188719125754513,0.0009503449390507164,0.10410283344539631,nan,nan,nan,nan,nan,nan,nan,0.8695642525244426,0.0,0.0,1.4286581049334839,0.8343750000841045,-0.017309257893952313,0.1610017830831577,0.3521521058867026,0.0,0.0,-1.0988505685615015,1.8525339213678167,-0.18918905532007732,-0.008970977544161289,nan,nan,nan,nan,nan,nan,nan,nan,nan,nan,nan,nan,nan,nan,nan,nan,nan,nan,nan,nan,nan,nan,nan,nan,nan,nan,nan,nan,nan,nan,nan,nan,nan,nan,nan,nan,nan,nan,nan,nan,nan,nan,nan,nan,nan,nan,nan,nan,nan,nan,nan,nan,nan,nan,nan,nan,nan,nan,nan,nan,nan,nan,nan,0.08458575540049669
1791061002.2210383,0.6694560335745338,0.6626341635836607,-3.1340692504848926,-0.141169921946015,2.064911567673109,0.12002338091309848,0.0,0.0,0.0,0.8445368703198793,-0.5049062997614612,-0.13408797589730448,-0.011866784578941511,0.6487015734496125,0.0,0.0,-0.009608755218395482,1.967824004937119,-0.03971382161917682,0.22421288496974853,0.4102874277917416,0.0,0.0,-0.9151886135709918,0.5283073047671369,-0.005177324796611175,0.10826845862096451,nan,nan,nan,nan,nan,nan,nan,0.8695642525244426,0.0,0.0,1.4273331663312816,0.850863992413983,-0.018426342735717846,0.17432719388849613,0.3521521058867026,0.0,0.0,-1.1194683068992335,1.8517655523835503,-0.2071432949271424,-0.00702533565282599,nan,nan,nan,nan,nan,nan,nan,nan,nan,nan,nan,nan,nan,nan,nan,nan,nan,nan,nan,nan,nan,nan,nan,nan,nan,nan,nan,nan,nan,nan,nan,nan,nan,nan,nan,nan,nan,nan,nan,nan,nan,nan,nan,nan,nan,nan,nan,nan,nan,nan,nan,nan,nan,nan,nan,nan,nan,nan,nan,nan,nan,nan,nan,0.08242449916493633
1791061002.323001,0.6591034619584883,0.6630322524806366,-3.1393915113912496,-0.1361289273939155,2.0623891803780583,0.12257958860375735,0.0,0.0,0.0,0.8311639830159713,-0.5050617184198491,-0.11580557397098487,-0.007394146758837839,0.6487015734496125,0.0,0.0,-0.013933757820731479,1.9914398604726253,-0.03887045060562613,0.21735921453102214,0.578157984341316,0.0,0.0,-0.9156619430235621,0.5393375608776977,-0.005522701744468247,0.10302884893978155,nan,nan,nan,nan,nan,nan,nan,0.8695642525244426,0.0,0.0,1.4258059095463498,0.8692843703548057,-0.011223333721483958,0.1540567069508152,0.37787028177816695,0.0,0.0,-1.1429040102302896,1.850576117148298,-0.22677286551293485,-0.01311481434837349,nan,nan,nan,nan,nan,nan,nan,nan,nan,nan,nan,nan,nan,nan,nan,nan,nan,nan,nan,nan,nan,nan,nan,nan,nan,nan,nan,nan,nan,nan,nan,nan,nan,nan,nan,nan,nan,nan,nan,nan,nan,nan,nan,nan,nan,nan,nan,nan,nan,nan,nan,nan,nan,nan,nan,nan,nan,nan,nan,nan,nan,nan,nan,0.07273160330357403
1791061002.4219818,0.6494761701814066,0.6630366382861123,-3.1402208926186996,-0.1322376710703953,2.0598776613531,0.12457340356612392,0.0,0.0,0.0,0.8180154812383776,-0.5054789581942092,-0.12783480085924606,-0.0024246043073560485,0.6487015734496125,0.0,0.0,-0.01789529868681695,2.0103247232711734,-0.041512767486918824,0.20485536690049577,0.41048929333354567,0.0,0.0,-0.9160298768902573,0.5495730680209666,-0.0059550146270595525,0.10577897800760686,nan,nan,nan,nan,nan,nan,nan,0.8695642525244426,0.0,0.0,1.424610141320192,0.8844233654257544,-0.013132800043700033,0.1632375176024678,0.37787028177816695,0.0,0.0,-1.1607081975843263,1.84966517209531,-0.18510384292239404,-0.009259969655526418,nan,nan,nan,nan,nan,nan,nan,nan,nan,nan,nan,nan,nan,nan,nan,nan,nan,nan,nan,nan,nan,nan,nan,nan,nan,nan,nan,nan,nan,nan,nan,nan,nan,nan,nan,nan,nan,nan,nan,nan,nan,nan,nan,nan,nan,nan,nan,nan,nan,nan,nan,nan,nan,nan,nan,nan,nan,nan,nan,nan,nan,nan,nan,0.08839927241055155
1791061002.5208097,0.641598361298064,0.6631715093945435,-3.140880031726292,-0.12865172867615254,2.0574153713825982,0.12642639975304532,0.0,0.0,0.0,0.8060370194413506,-0.5049775054247546,-0.11143607055716634,0.00011793376185468153,0.6487015734496125,0.0,0.0,-0.021744771993038026,2.0321999614773234,-0.03873129420313695,0.2059091544257152,0.4632190049046333,0.0,0.0,-0.9162652324239803,0.5591260321373941,-0.004311630072411706,0.09958084192988906,nan,nan,nan,nan,nan,nan,nan,0.8695642525244426,0.0,0.0,1.42326892758765,0.9016966331275648,-0.01652575746066457,0.18194570360330478,0.370600576022166,0.0,0.0,-1.1820301274496041,1.8483745026000695,-0.21312872732673727,-0.008045826848530321,nan,nan,nan,nan,nan,nan,nan,nan,nan,nan,nan,nan,nan,nan,nan,nan,nan,nan,nan,nan,nan,nan,nan,nan,nan,nan,nan,nan,nan,nan,nan,nan,nan,nan,nan,nan,nan,nan,nan,nan,nan,nan,nan,nan,nan,nan,nan,nan,nan,nan,nan,nan,nan,nan,nan,nan,nan,nan,nan,nan,nan,nan,nan,0.08614565290082907
1791061002.6220653,0.6315571471348282,0.6631691888651587,3.140594250477381,-0.12362282514896471,2.054977395481041,0.1290497749018039,0.0,0.0,0.0,0.7924613559618564,-0.50463325065737,-0.15450901089384103,0.029307529906687717,0.6487015734496125,0.0,0.0,-0.025563325626616912,2.053956608752398,-0.038033687855837175,0.22265302384034366,0.5504281603993664,0.0,0.0,-0.9164996325251754,0.569902443305281,0.0018929638878722606,0.09964133423042432,nan,nan,nan,nan,nan,nan,nan,0.8695642525244426,0.0,0.0,1.4221196950833683,0.9187733254547588,-0.007947743590044583,0.16325208212961406,0.28558283345847296,0.0,0.0,-1.2024915744309814,1.847485495822168,-0.2022689379339075,-0.0062025803047885434,nan,nan,nan,nan,nan,nan,nan,nan,nan,nan,nan,nan,nan,nan,nan,nan,nan,nan,nan,nan,nan,nan,nan,nan,nan,nan,nan,nan,nan,nan,nan,nan,nan,nan,nan,nan,nan,nan,nan,nan,nan,nan,nan,nan,nan,nan,nan,nan,nan,nan,nan,nan,nan,nan,nan,nan,nan,nan,nan,nan,nan,nan,nan,0.08594907309255019
1791061002.7220373,0.6227233412384313,0.6629188783733881,3.1388028370893144,-0.11920919218956677,2.0525482950074503,0.13137547400874108,0.0,0.0,0.0,0.7777331730450606,-0.5054070442148243,-0.16418274187317394,-0.01849025061663723,0.6487015734496125,0.0,0.0,-0.02947554728614261,2.075440412152145,-0.04143681907686424,0.23277225208906174,0.47682345060459375,0.0,0.0,-0.9169417734124058,0.5805984038609853,0.0010591146297006789,0.11042419081845421,nan,nan,nan,nan,nan,nan,nan,0.8695642525244426,0.0,0.0,1.4208023088579573,0.9353765089996172,-0.01592261871148313,0.16823060315114252,0.3398719704667285,0.0,0.0,-1.2224895257658064,1.8463172538444834,-0.1927582305251357,-0.009716814535229368,nan,nan,nan,nan,nan,nan,nan,nan,nan,nan,nan,nan,nan,nan,nan,nan,nan,nan,nan,nan,nan,nan,nan,nan,nan,nan,nan,nan,nan,nan,nan,nan,nan,nan,nan,nan,nan,nan,nan,nan,nan,nan,nan,nan,nan,nan,nan,nan,nan,nan,nan,nan,nan,nan,nan,nan,nan,nan,nan,nan,nan,nan,nan,0.09339470335600052
1791061002.8225653,0.6134272400502596,0.6631155798343495,3.13788567955276,-0.11549616484556864,2.0501662972463097,0.1333484618945585,0.0,0.0,0.0,0.7635013392577711,-0.5052206440410207,-0.1480296493268204,0.02756609629335905,0.6487015734496125,0.0,0.0,-0.033172777125074646,2.0969367627731414,-0.03447155895584079,0.2082144436695234,0.45549354012470783,0.0,0.0,-0.9174337334439667,0.5920737538237809,-0.003394198157433666,0.10487713904535795,nan,nan,nan,nan,nan,nan,nan,0.8695642525244426,0.0,0.0,1.4194202069611517,0.9523073923503842,-0.015488248932331491,0.17496030860638867,0.31625133852287185,0.0,0.0,-1.245559738323565,1.8450692417300574,-0.2068573017213276,-0.013327746336614973,nan,nan,nan,nan,nan,nan,nan,nan,nan,nan,nan,nan,nan,nan,nan,nan,nan,nan,nan,nan,nan,nan,nan,nan,nan,nan,nan,nan,nan,nan,nan,nan,nan,nan,nan,nan,nan,nan,nan,nan,nan,nan,nan,nan,nan,nan,nan,nan,nan,nan,nan,nan,nan,nan,nan,nan,nan,nan,nan,nan,nan,nan,nan,0.09278271748863257
1791061002.9210718,0.6045408024368716,0.6630696244765172,3.136276781101362,-0.1112993106326474,2.0478370337759966,0.1355962237275772,0.0,0.0,0.0,0.7467876798934368,-0.5057924350106796,-0.16477786857378499,-0.014649750242506476,0.6487015734496125,0.0,0.0,-0.03674475033500633,2.118918584281038,-0.03185301523149872,0.202427336367727,0.5262050359102707,0.0,0.0,-0.9178713211932756,0.6020540270130059,-0.006059216225672817,0.1017042457607849,nan,nan,nan,nan,nan,nan,nan,0.8695642525244426,0.0,0.0,1.4179061668630837,0.9706836096150144,-0.01021664914233843,0.15519568634192019,0.23294074332476736,0.0,0.0,-1.2655993020978633,1.8441011787090165,-0.2013673801341265,-0.009160222935575748,nan,nan,nan,nan,nan,nan,nan,nan,nan,nan,nan,nan,nan,nan,nan,nan,nan,nan,nan,nan,nan,nan,nan,nan,nan,nan,nan,nan,nan,nan,nan,nan,nan,nan,nan,nan,nan,nan,nan,nan,nan,nan,nan,nan,nan,nan,nan,nan,nan,nan,nan,nan,nan,nan,nan,nan,nan,nan,nan,nan,nan,nan,nan,0.09543259934535853
1791061003.0219448,0.5948345578132516,0.6629466343006276,3.1352494438589544,-0.10731185881086838,2.045558453363912,0.13774879400562146,0.0,0.0,0.0,0.7328986608828997,-0.5058912402895354,-0.15451055962317145,-0.015971663819079274,0.6487015734496125,0.0,0.0,-0.04041749127365698,2.14125171671956,-0.039805965682848665,0.23131496985583017,0.49053602528695356,0.0,0.0,-0.9180813109060637,0.6116884795866446,-0.006401941147276491,0.11108905452776932,nan,nan,nan,nan,nan,nan,nan,0.8695642525244426,0.0,0.0,1.416666058829138,0.985588218685138,-0.01602674799763164,0.17021198743090438,0.20662907368813915,0.0,0.0,-1.2828568981038446,1.8428977950612453,-0.1958256981774593,-0.013533624069343138,nan,nan,nan,nan,nan,nan,nan,nan,nan,nan,nan,nan,nan,nan,nan,nan,nan,nan,nan,nan,nan,nan,nan,nan,nan,nan,nan,nan,nan,nan,nan,nan,nan,nan,nan,nan,nan,nan,nan,nan,nan,nan,nan,nan,nan,nan,nan,nan,nan,nan,nan,nan,nan,nan,nan,nan,nan,nan,nan,nan,nan,nan,nan,0.09943964398673905
1791061003.1209605,0.5851867759257665,0.663072294635198,3.134974855237232,-0.10395128505215377,2.043344601156806,0.13957546438934587,0.0,0.0,0.0,0.7177150653441944,-0.5062393844049047,-0.14433250199937697,-0.001452418418165811,0.6487015734496125,0.0,0.0,-0.0441292315791518,2.1632749652536947,-0.04113271039410086,0.236506237586156,0.5335176144457134,0.0,0.0,-0.9184639629277229,0.6225072883636971,-0.006181246479015627,0.10009832953887518,nan,nan,nan,nan,nan,nan,nan,0.8695642525244426,0.0,0.0,1.4153352412810338,1.0021576491899873,-0.01268217044258905,0.1737778579730039,0.3944044577200543,0.0,0.0,-1.3017107560298047,1.841575762622642,-0.2178674738739444,-0.005827998895412704,nan,nan,nan,nan,nan,nan,nan,nan,nan,nan,nan,nan,nan,nan,nan,nan,nan,nan,nan,nan,nan,nan,nan,nan,nan,nan,nan,nan,nan,nan,nan,nan,nan,nan,nan,nan,nan,nan,nan,nan,nan,nan,nan,nan,nan,nan,nan,nan,nan,nan,nan,nan,nan,nan,nan,nan,nan,nan,nan,nan,nan,nan,nan,0.10305139669239678
1791061003.221748,0.5750687280856985,0.6632329764531326,3.1341880768008368,-0.10041893879830295,2.0412050854371557,0.1415075299931856,0.0,0.0,0.0,0.7016840342542782,-0.5068242023723643,-0.1434673521156603,-0.011740690463230612,0.6487015734496125,0.0,0.0,-0.04764278651132366,2.185452149178312,-0.03634049769369638,0.220154651767159,0.5315990198760616,0.0,0.0,-0.9188291845081682,0.6337731895315704,0.0006240190680566573,0.10951982210778112,nan,nan,nan,nan,nan,nan,nan,0.8695642525244426,0.0,0.0,1.414164659005013,1.0208772958352526,-0.006491278146141832,0.1626331873901375,0.6794113336903905,0.0,0.0,-1.3238858183985953,1.841305356148104,-0.2607621409092859,0.017827569981261622,nan,nan,nan,nan,nan,nan,nan,nan,nan,nan,nan,nan,nan,nan,nan,nan,nan,nan,nan,nan,nan,nan,nan,nan,nan,nan,nan,nan,nan,nan,nan,nan,nan,nan,nan,nan,nan,nan,nan,nan,nan,nan,nan,nan,nan,nan,nan,nan,nan,nan,nan,nan,nan,nan,nan,nan,nan,nan,nan,nan,nan,nan,nan,0.1073210171458768
1791061003.3217878,0.5626964130938904,0.6633523314660015,3.1338454399408606,-0.09279771882912038,2.0390565001582552,0.14571654818476873,0.0,0.0,0.0,0.6885658894841304,-0.5069109825225983,-0.14920845262893456,-0.005072610918829853,0.6487015734496125,0.0,0.0,-0.05136373420903151,2.2073631355647727,-0.03567596388363432,0.20378481959140654,0.5917644114656098,0.0,0.0,-0.9193175062137505,0.6448387808121441,0.0045741994230218755,0.1099276452442985,nan,nan,nan,nan,nan,nan,nan,0.8695642525244426,0.0,0.0,1.4131688269468605,1.035850356217128,-0.012731453810890173,0.16763810030230603,0.6794113336903905,0.0,0.0,-1.343596728360584,1.8390004545306535,-0.01026493985681004,-0.1069005441780805,nan,nan,nan,nan,nan,nan,nan,nan,nan,nan,nan,nan,nan,nan,nan,nan,nan,nan,nan,nan,nan,nan,nan,nan,nan,nan,nan,nan,nan,nan,nan,nan,nan,nan,nan,nan,nan,nan,nan,nan,nan,nan,nan,nan,nan,nan,nan,nan,nan,nan,nan,nan,nan,nan,nan,nan,nan,nan,nan,nan,nan,nan,nan,0.11191693752335027
1791061003.420797,0.5514811539263157,0.6634911473308668,3.1314589659150984,-0.08970198617533585,2.0369234833508996,0.1474414535514493,0.0,0.0,0.0,0.6738884739519173,-0.5075254667207089,-0.15988404895334382,-0.019494859328577113,0.6487015734496125,0.0,0.0,-0.05508173236967837,2.229454176470812,-0.036103269708457265,0.2129224403281739,0.6926019402578282,0.0,0.0,-0.9197852807389013,0.6556060343551174,-0.0025495588958099093,0.10969068983629854,nan,nan,nan,nan,nan,nan,nan,0.8695642525244426,0.0,0.0,1.4119922748285139,1.052768603833561,-0.010057507117533001,0.1759383273113111,0.028231902179420194,0.0,0.0,-1.3657822292570443,1.8380941620734486,-0.21238038053044303,-0.0328699406396827,nan,nan,nan,nan,nan,nan,nan,nan,nan,nan,nan,nan,nan,nan,nan,nan,nan,nan,nan,nan,nan,nan,nan,nan,nan,nan,nan,nan,nan,nan,nan,nan,nan,nan,nan,nan,nan,nan,nan,nan,nan,nan,nan,nan,nan,nan,nan,nan,nan,nan,nan,nan,nan,nan,nan,nan,nan,nan,nan,nan,nan,nan,nan,0.14792660213541248
1791061003.5208771,0.5405916532590996,0.6636391626859232,3.13551427206132,-0.09485178386145418,2.0350338463736506,0.1445768203062497,0.0,0.0,0.0,0.6579414159142369,-0.5076485345919659,-0.17824030296772805,0.008103773851805494,0.6487015734496125,0.0,0.0,-0.05879671015351643,2.2513024458873288,-0.04505941988928652,0.2290775717856044,0.3398938822677382,0.0,0.0,-0.9201275501858954,0.6658327947251302,-0.005052264543198537,0.10884757346936955,nan,nan,nan,nan,nan,nan,nan,0.8695642525244426,0.0,0.0,1.4107611525131971,1.0699083660122504,-0.011426056320171988,0.16504370477800628,0.028231902179420194,0.0,0.0,-1.3874045728642288,1.837272254228984,-0.11074758287024163,-0.05704368858924063,nan,nan,nan,nan,nan,nan,nan,nan,nan,nan,nan,nan,nan,nan,nan,nan,nan,nan,nan,nan,nan,nan,nan,nan,nan,nan,nan,nan,nan,nan,nan,nan,nan,nan,nan,nan,nan,nan,nan,nan,nan,nan,nan,nan,nan,nan,nan,nan,nan,nan,nan,nan,nan,nan,nan,nan,nan,nan,nan,nan,nan,nan,nan,0.061901324910816874
1791061003.620512,0.5309755830417884,0.6638059597402154,3.136273411895462,-0.08844167436857638,2.0332954335951823,0.14814611513585152,0.0,0.0,0.0,0.6423838962450742,-0.5078360177958728,-0.16039963678829983,0.016198188431998113,0.6487015734496125,0.0,0.0,-0.06245501706557291,2.2728243376602437,-0.040198589254972036,0.22640099857945006,0.48816282950176887,0.0,0.0,-0.9203120546756814,0.6764553159979984,-0.007813292126446766,0.1104857205156421,nan,nan,nan,nan,nan,nan,nan,0.8695642525244426,0.0,0.0,1.4095518244528251,1.0866771103772281,-0.018004375280774747,0.17211347893194628,0.028231902179420194,0.0,0.0,-1.409194746025947,1.8363315639980675,-0.1558409527311575,-0.032436419733793215,nan,nan,nan,nan,nan,nan,nan,nan,nan,nan,nan,nan,nan,nan,nan,nan,nan,nan,nan,nan,nan,nan,nan,nan,nan,nan,nan,nan,nan,nan,nan,nan,nan,nan,nan,nan,nan,nan,nan,nan,nan,nan,nan,nan,nan,nan,nan,nan,nan,nan,nan,nan,nan,nan,nan,nan,nan,nan,nan,nan,nan,nan,nan,0.0981343603600487
1791061003.7234645,0.5204629897589272,0.6639601499968921,3.137356232983136,-0.08548933751042623,2.0315649068534984,0.14980220213096934,0.0,0.0,0.0,0.6253925047580222,-0.5083174908070741,-0.15053894109333038,0.0030837832874583884,0.6487015734496125,0.0,0.0,-0.06677689301738568,2.296785816328073,-0.03380985954572982,0.2180817526389607,0.5217880608283146,0.0,0.0,-0.920804591236222,0.6886028871578459,-0.008159033368382636,0.11465022047339542,nan,nan,nan,nan,nan,nan,nan,0.8695642525244426,0.0,0.0,1.4083723614044923,1.1052666672842006,-0.007052128414373596,0.1614856561208316,0.38269866208810843,0.0,0.0,-1.434632070157357,1.8357104492450707,-0.23231701166910512,0.0038782566084849743,nan,nan,nan,nan,nan,nan,nan,nan,nan,nan,nan,nan,nan,nan,nan,nan,nan,nan,nan,nan,nan,nan,nan,nan,nan,nan,nan,nan,nan,nan,nan,nan,nan,nan,nan,nan,nan,nan,nan,nan,nan,nan,nan,nan,nan,nan,nan,nan,nan,nan,nan,nan,nan,nan,nan,nan,nan,nan,nan,nan,nan,nan,nan,0.11295469503225224
1791061003.822203,0.5097232846708498,0.6641422702547498,3.137808583447641,-0.07878366781809301,2.029842697513261,0.1535907658087823,0.0,0.0,0.0,0.6090618477575614,-0.5088642896686046,-0.177262130019613,-0.010120456321737794,0.6487015734496125,0.0,0.0,-0.07043287997300857,2.3164531165638764,-0.0372484056152398,0.211367067596964,0.6012769608238309,0.0,0.0,-0.921065185440354,0.6999991260986592,-0.006389252406303039,0.11078519069996862,nan,nan,nan,nan,nan,nan,nan,0.8695642525244426,0.0,0.0,1.4072684295996987,1.1216174832008252,-0.011030888465296693,0.15858487367768176,0.38269866208810843,0.0,0.0,-1.4563803748795665,1.834871889762011,-0.21941803518231223,-0.003102815646037196,nan,nan,nan,nan,nan,nan,nan,nan,nan,nan,nan,nan,nan,nan,nan,nan,nan,nan,nan,nan,nan,nan,nan,nan,nan,nan,nan,nan,nan,nan,nan,nan,nan,nan,nan,nan,nan,nan,nan,nan,nan,nan,nan,nan,nan,nan,nan,nan,nan,nan,nan,nan,nan,nan,nan,nan,nan,nan,nan,nan,nan,nan,nan,0.11639700580657335
1791061003.9226441,0.4979862880268565,0.6642387776878761,3.1383247042769913,-0.07286014968898116,2.028095460836022,0.15696707117333594,0.0,0.0,0.0,0.5918434934594746,-0.5092565888827556,-0.16201443523680711,0.007697975408237138,0.6487015734496125,0.0,0.0,-0.07487713989089258,2.3405824971099847,-0.04430128091338341,0.2157872344781267,0.5660456995637305,0.0,0.0,-0.9213900281942062,0.7114336396587081,-0.004354611303208438,0.10775769611185237,nan,nan,nan,nan,nan,nan,nan,0.8695642525244426,0.0,0.0,1.4060482973554584,1.1381625212899031,-0.01552018010362492,0.1829367916914187,0.38269866208810843,0.0,0.0,-1.4786237899269083,1.8340918964037436,-0.22632224677771873,-0.013620111773838223,nan,nan,nan,nan,nan,nan,nan,nan,nan,nan,nan,nan,nan,nan,nan,nan,nan,nan,nan,nan,nan,nan,nan,nan,nan,nan,nan,nan,nan,nan,nan,nan,nan,nan,nan,nan,nan,nan,nan,nan,nan,nan,nan,nan,nan,nan,nan,nan,nan,nan,nan,nan,nan,nan,nan,nan,nan,nan,nan,nan,nan,nan,nan,0.12305001769348155
1791061004.0204384,0.4869965137923734,0.6644164193399337,3.139946482538617,-0.06727369781281042,2.026354405100694,0.160175032296744,0.0,0.0,0.0,0.5759658677898877,-0.5096367704730743,-0.1540290104289167,-0.0014567583203917473,0.6487015734496125,0.0,0.0,-0.07825900242876123,2.3602082701372566,-0.041043521287121784,0.22671599108878224,0.5866090744433106,0.0,0.0,-0.9218630190313647,0.7223351033328661,-0.002463503252909005,0.1062646920420845,nan,nan,nan,nan,nan,nan,nan,0.8695642525244426,0.0,0.0,1.4049303671805664,1.1534857564346588,-0.01311448614606584,0.17033219742719505,0.38269866208810843,0.0,0.0,-1.4983782484010464,1.8336540531611285,-0.19931909360603944,-0.00881009768130913,nan,nan,nan,nan,nan,nan,nan,nan,nan,nan,nan,nan,nan,nan,nan,nan,nan,nan,nan,nan,nan,nan,nan,nan,nan,nan,nan,nan,nan,nan,nan,nan,nan,nan,nan,nan,nan,nan,nan,nan,nan,nan,nan,nan,nan,nan,nan,nan,nan,nan,nan,nan,nan,nan,nan,nan,nan,nan,nan,nan,nan,nan,nan,0.11944943150362114
1791061004.1213636,0.4744839920210322,0.6646575300493064,3.140548145984196,-0.06204176292621953,2.024640421157945,0.16319892593132873,0.0,0.0,0.0,0.558435075283763,-0.5098816531418107,-0.17639826856978646,0.007064954255193427,0.6487015734496125,0.0,0.0,-0.08235263389493767,2.3817694533788223,-0.033059260009421394,0.2128393803474239,0.5827560141195729,0.0,0.0,-0.9223010475795714,0.7335826935562423,0.0006826022295716521,0.10939052491986086,nan,nan,nan,nan,nan,nan,nan,0.8695642525244426,0.0,0.0,1.4036069314230253,1.1702410427324288,-0.01521871385373975,0.15897024756272177,0.38269866208810843,0.0,0.0,-1.5204992639739443,1.83308782741562,-0.20456370552329733,-0.0033684509331336878,nan,nan,nan,nan,nan,nan,nan,nan,nan,nan,nan,nan,nan,nan,nan,nan,nan,nan,nan,nan,nan,nan,nan,nan,nan,nan,nan,nan,nan,nan,nan,nan,nan,nan,nan,nan,nan,nan,nan,nan,nan,nan,nan,nan,nan,nan,nan,nan,nan,nan,nan,nan,nan,nan,nan,nan,nan,nan,nan,nan,nan,nan,nan,0.11717279396478096
1791061004.222937,0.4608789743956089,0.6648322346612086,3.141566804050201,-0.05736347184391178,2.022972548992906,0.16591770481380252,0.0,0.0,0.0,0.5386777852272678,-0.5102956146434308,-0.16900408305445563,0.007472564486047958,0.6487015734496125,0.0,0.0,-0.08676349313133543,2.405572498119814,-0.03315383621957635,0.21641081053499372,0.556607787231345,0.0,0.0,-0.9228044052994735,0.7454548276712852,0.0009865096750219435,0.10535707552495399,nan,nan,nan,nan,nan,nan,nan,0.8695642525244426,0.0,0.0,1.401888708539843,1.188716530417538,-0.018526032823787814,0.17260222310897483,0.38269866208810843,0.0,0.0,-1.5441095243057603,1.8323823540571804,-0.20397094854302675,-0.013323001979140199,nan,nan,nan,nan,nan,nan,nan,nan,nan,nan,nan,nan,nan,nan,nan,nan,nan,nan,nan,nan,nan,nan,nan,nan,nan,nan,nan,nan,nan,nan,nan,nan,nan,nan,nan,nan,nan,nan,nan,nan,nan,nan,nan,nan,nan,nan,nan,nan,nan,nan,nan,nan,nan,nan,nan,nan,nan,nan,nan,nan,nan,nan,nan,0.12043049310522824
1791061004.3190567,0.44833832246650857,0.6650086703674297,-3.14070045940118,-0.05288389246468229,2.021365282940067,0.16853323246610183,0.0,0.0,0.0,0.5201479675289302,-0.5105748343826524,-0.18927348631822422,0.00811229659921936,0.6487015734496125,0.0,0.0,-0.09082702323729086,2.4272211530946843,-0.03876528016266513,0.2155414176942223,0.5895017317908345,0.0,0.0,-0.9233232155309982,0.7559459762572753,-0.00490290153286068,0.11375867790479638,nan,nan,nan,nan,nan,nan,nan,0.8695642525244426,0.0,0.0,1.4007879077845757,1.205502554264615,-0.009838685032772009,0.16882402723592782,0.38269866208810843,0.0,0.0,-1.5664062284993006,1.8320085158640214,-0.20820467507031465,-0.0035781528584657605,nan,nan,nan,nan,nan,nan,nan,nan,nan,nan,nan,nan,nan,nan,nan,nan,nan,nan,nan,nan,nan,nan,nan,nan,nan,nan,nan,nan,nan,nan,nan,nan,nan,nan,nan,nan,nan,nan,nan,nan,nan,nan,nan,nan,nan,nan,nan,nan,nan,nan,nan,nan,nan,nan,nan,nan,nan,nan,nan,nan,nan,nan,nan,0.12400712509621256
1791061004.4190485,0.43679358982768635,0.6650535013583802,-3.141134875965168,-0.048830561619773845,2.0198244636156395,0.17090945846109024,0.0,0.0,0.0,0.5036807795625896,-0.5109316422455609,-0.19771792746093886,-0.005195295635695928,0.6487015734496125,0.0,0.0,-0.09418943201947486,2.446964671783929,-0.0440750597981634,0.23324943587173308,0.5869522773816259,0.0,0.0,-0.9235882097299479,0.7652433563895458,-0.007345383787933113,0.10772768475678357,nan,nan,nan,nan,nan,nan,nan,0.8695642525244426,0.0,0.0,1.4000441829905512,1.220346521991925,0.01818972709218092,0.14559699497090806,0.38269866208810843,0.0,0.0,-1.5863048816684469,1.8316162548982866,-0.2460324767316288,-0.0014061837679169046,nan,nan,nan,nan,nan,nan,nan,nan,nan,nan,nan,nan,nan,nan,nan,nan,nan,nan,nan,nan,nan,nan,nan,nan,nan,nan,nan,nan,nan,nan,nan,nan,nan,nan,nan,nan,nan,nan,nan,nan,nan,nan,nan,nan,nan,nan,nan,nan,nan,nan,nan,nan,nan,nan,nan,nan,nan,nan,nan,nan,nan,nan,nan,0.12425399235520675
1791061004.5219202,0.422644329243319,0.6651664829298828,-3.1408185447330834,-0.04525976528314649,2.018358291603238,0.17300980125199672,0.0,0.0,0.0,0.4831531753336629,-0.5110486355227685,-0.19626617291895093,-0.013491874378900415,0.6487015734496125,0.0,0.0,-0.09800896785532968,2.4686907012684705,-0.02907632627348792,0.21724743446158246,0.576555235072981,0.0,0.0,-0.9238792067801063,0.7758314225942168,-0.004457319853973986,0.10834144859317454,nan,nan,nan,nan,nan,nan,nan,0.8695642525244426,0.0,0.0,1.3983546262834257,1.2376273876135022,-0.012990323508280919,0.18247228004127075,0.38269866208810843,0.0,0.0,-1.6101896721894957,1.8310279460874557,-0.2046436713294817,-0.0097079699687884,nan,nan,nan,nan,nan,nan,nan,nan,nan,nan,nan,nan,nan,nan,nan,nan,nan,nan,nan,nan,nan,nan,nan,nan,nan,nan,nan,nan,nan,nan,nan,nan,nan,nan,nan,nan,nan,nan,nan,nan,nan,nan,nan,nan,nan,nan,nan,nan,nan,nan,nan,nan,nan,nan,nan,nan,nan,nan,nan,nan,nan,nan,nan,0.12312988223063281
1791061004.620923,0.4109952672526558,0.665241345176114,-3.141467287894416,-0.042106392256374595,2.0169737353766717,0.17486968690931415,0.0,0.0,0.0,0.4640319008709238,-0.5114096942544247,-0.17868757652201156,-0.0005791405355424702,0.6487015734496125,0.0,0.0,-0.10203586581338699,2.490646335595786,-0.031327625501131946,0.219804170196008,0.5812134932149735,0.0,0.0,-0.9242357780549892,0.7868099972993412,-0.003747820721606971,0.10634683749042895,nan,nan,nan,nan,nan,nan,nan,0.8695642525244426,0.0,0.0,1.396474606200778,1.2560512968020041,-0.010969488953854443,0.17355177654980586,0.38269866208810843,0.0,0.0,-1.6307313826007388,1.8306092053022356,-0.22907204562326017,-0.0007955668961753825,nan,nan,nan,nan,nan,nan,nan,nan,nan,nan,nan,nan,nan,nan,nan,nan,nan,nan,nan,nan,nan,nan,nan,nan,nan,nan,nan,nan,nan,nan,nan,nan,nan,nan,nan,nan,nan,nan,nan,nan,nan,nan,nan,nan,nan,nan,nan,nan,nan,nan,nan,nan,nan,nan,nan,nan,nan,nan,nan,nan,nan,nan,nan,0.12408525179387399
1791061004.7221181,0.3966854756618757,0.6652113747082082,3.140798211533023,-0.03880492417637011,2.015669295292989,0.1768216583936033,0.0,0.0,0.0,0.44480341796465844,-0.5116557408889613,-0.14876253848533255,0.006320127914312374,0.6487015734496125,0.0,0.0,-0.10603878451831657,2.512755413858487,-0.044908533049961466,0.22010678222193678,0.656273929131292,0.0,0.0,-0.9246851856312296,0.7977581492676861,-0.003089500517783487,0.09750210247837685,nan,nan,nan,nan,nan,nan,nan,0.8695642525244426,0.0,0.0,1.3949625626101945,1.2740992780173093,-0.0029289522246501677,0.17603728629609858,0.38269866208810843,0.0,0.0,-1.651915752849204,1.8304169164552726,-0.22054658502104585,0.0006479335232065166,nan,nan,nan,nan,nan,nan,nan,nan,nan,nan,nan,nan,nan,nan,nan,nan,nan,nan,nan,nan,nan,nan,nan,nan,nan,nan,nan,nan,nan,nan,nan,nan,nan,nan,nan,nan,nan,nan,nan,nan,nan,nan,nan,nan,nan,nan,nan,nan,nan,nan,nan,nan,nan,nan,nan,nan,nan,nan,nan,nan,nan,nan,nan,0.12952309270463094
1791061004.8205898,0.38476819455817113,0.6652764018642726,3.1407924018292928,-0.03582242682845325,2.0144433343151205,0.1785889076209859,0.0,0.0,0.0,0.4276660679965933,-0.5118426626179834,-0.1699202025957484,0.0018813964656879852,0.6487015734496125,0.0,0.0,-0.10982713277036651,2.5350083007186366,-0.04458196384913873,0.21725902781211223,0.6323217689558899,0.0,0.0,-0.9251830317730271,0.8089101120220821,0.0021927198402190142,0.10805836956220602,nan,nan,nan,nan,nan,nan,nan,0.8695642525244426,0.0,0.0,1.393347992451414,1.2925700119603771,-0.012043466023503369,0.17921205351732913,0.38269866208810843,0.0,0.0,-1.672260515139718,1.8299609465658464,-0.1871920486587017,-0.007625438328301924,nan,nan,nan,nan,nan,nan,nan,nan,nan,nan,nan,nan,nan,nan,nan,nan,nan,nan,nan,nan,nan,nan,nan,nan,nan,nan,nan,nan,nan,nan,nan,nan,nan,nan,nan,nan,nan,nan,nan,nan,nan,nan,nan,nan,nan,nan,nan,nan,nan,nan,nan,nan,nan,nan,nan,nan,nan,nan,nan,nan,nan,nan,nan,0.13053405115613878
1791061004.9209523,0.3712422341692667,0.665358796913098,-3.141571204702661,-0.033017832973936206,2.013293869349236,0.1802538384634577,0.0,0.0,0.0,0.410047363631311,-0.5121192875281255,-0.14780292717494348,0.008626188805348354,0.6487015734496125,0.0,0.0,-0.11374806051940066,2.557239688847503,-0.08076220182221994,0.19630327715082221,0.6413055896609162,0.0,0.0,-0.9257289740079688,0.8195565095772415,-0.0017882294256551363,0.11013519777461979,nan,nan,nan,nan,nan,nan,nan,0.8695642525244426,0.0,0.0,1.3917682996429706,1.3121102331322017,-0.009301037256720294,0.19351215662030852,0.38269866208810843,0.0,0.0,-1.6925569175680082,1.8296003690889224,-0.18548886074443394,-0.008734708188666377,nan,nan,nan,nan,nan,nan,nan,nan,nan,nan,nan,nan,nan,nan,nan,nan,nan,nan,nan,nan,nan,nan,nan,nan,nan,nan,nan,nan,nan,nan,nan,nan,nan,nan,nan,nan,nan,nan,nan,nan,nan,nan,nan,nan,nan,nan,nan,nan,nan,nan,nan,nan,nan,nan,nan,nan,nan,nan,nan,nan,nan,nan,nan,0.13782521653784158
1791061005.0225036,0.3553968806907328,0.6654545698865326,-3.1401776567959816,-0.0304156233458288,2.01221983265963,0.18180110592399915,0.0,0.0,0.0,0.39102375071290985,-0.512409494958833,-0.19453034438058486,0.0017952482018416096,0.6487015734496125,0.0,0.0,-0.11769536892171165,2.5792955276863285,-0.027336863580610226,0.22080952007224464,0.6750967713403007,0.0,0.0,-0.9262959941050143,0.8308953740656139,-0.004993756267230264,0.10606272270187295,nan,nan,nan,nan,nan,nan,nan,0.8695642525244426,0.0,0.0,1.3903320187402168,1.3302690480508812,-0.01598868000828066,0.17796522214365507,0.38269866208810843,0.0,0.0,-1.712079802822218,1.8292996063191993,-0.19340804843136156,-0.006934297319953674,nan,nan,nan,nan,nan,nan,nan,nan,nan,nan,nan,nan,nan,nan,nan,nan,nan,nan,nan,nan,nan,nan,nan,nan,nan,nan,nan,nan,nan,nan,nan,nan,nan,nan,nan,nan,nan,nan,nan,nan,nan,nan,nan,nan,nan,nan,nan,nan,nan,nan,nan,nan,nan,nan,nan,nan,nan,nan,nan,nan,nan,nan,nan,0.15200689983647309
1791061005.1205716,0.34181016889808213,0.6655926669223662,-3.1386244405859474,-0.027962731314527582,2.0112189149107986,0.18326160677219325,0.0,0.0,0.0,0.37258259919781317,-0.5127383044028356,-0.1786619855589185,-0.002235387899205303,0.6487015734496125,0.0,0.0,-0.12190317717476172,2.601329416718461,-0.044037477486333965,0.2228534910353493,0.6993776084325176,0.0,0.0,-0.926584278417425,0.8404469907823628,-0.009862111694680459,0.11016496536632686,nan,nan,nan,nan,nan,nan,nan,0.8695642525244426,0.0,0.0,1.3890956773461676,1.3476354986730765,-0.01044802122790103,0.17492689387390037,0.38269866208810843,0.0,0.0,-1.7305388132723476,1.829169282174506,-0.1725076355719361,0.009781076011047602,nan,nan,nan,nan,nan,nan,nan,nan,nan,nan,nan,nan,nan,nan,nan,nan,nan,nan,nan,nan,nan,nan,nan,nan,nan,nan,nan,nan,nan,nan,nan,nan,nan,nan,nan,nan,nan,nan,nan,nan,nan,nan,nan,nan,nan,nan,nan,nan,nan,nan,nan,nan,nan,nan,nan,nan,nan,nan,nan,nan,nan,nan,nan,0.16544357681205685
1791061005.2225263,0.3244188624291571,0.6658796391228072,-3.1363710109312817,-0.025633923988389318,2.0102876922696007,0.18464989325961223,0.0,0.0,0.0,0.3520588336426649,-0.5129342680971207,-0.18697488605688894,-0.002594918606221341,0.6487015734496125,0.0,0.0,-0.1263472659121528,2.625384944898642,-0.045617894234600706,0.21800181344809164,0.7182414097944038,0.0,0.0,-0.9269877191806559,0.8528611344490264,-0.008829013510552321,0.11717796733825614,nan,nan,nan,nan,nan,nan,nan,0.8695642525244426,0.0,0.0,1.3873361126431354,1.3669493998468445,-0.013270275422874192,0.17270241520428295,0.38269866208810843,0.0,0.0,-1.7493922262915678,1.8287860442977415,-0.17853931710091694,-0.002632113344348479,nan,nan,nan,nan,nan,nan,nan,nan,nan,nan,nan,nan,nan,nan,nan,nan,nan,nan,nan,nan,nan,nan,nan,nan,nan,nan,nan,nan,nan,nan,nan,nan,nan,nan,nan,nan,nan,nan,nan,nan,nan,nan,nan,nan,nan,nan,nan,nan,nan,nan,nan,nan,nan,nan,nan,nan,nan,nan,nan,nan,nan,nan,nan,0.1563987118122593
1791061005.322232,0.3085924754183501,0.6659049141449149,-3.134907929711307,-0.02367743602904398,2.0094241431351163,0.18581738357967711,0.0,0.0,0.0,0.3357134580650868,-0.5131429662140641,-0.17229986896725763,-0.0016108166443153911,0.6487015734496125,0.0,0.0,-0.13075712089429478,2.6468355884420554,-0.045324957235958405,0.2084207957177257,0.6432099856190919,0.0,0.0,-0.9272315544076698,0.8632410306796996,-0.0037633859040242124,0.11322666824713076,nan,nan,nan,nan,nan,nan,nan,0.8695642525244426,0.0,0.0,1.3860307083129786,1.3831939284840533,-0.03325410113563583,0.19139661901722244,0.38269866208810843,0.0,0.0,-1.769085456868312,1.828669491799374,-0.19059661256626229,0.0050037654331914925,nan,nan,nan,nan,nan,nan,nan,nan,nan,nan,nan,nan,nan,nan,nan,nan,nan,nan,nan,nan,nan,nan,nan,nan,nan,nan,nan,nan,nan,nan,nan,nan,nan,nan,nan,nan,nan,nan,nan,nan,nan,nan,nan,nan,nan,nan,nan,nan,nan,nan,nan,nan,nan,nan,nan,nan,nan,nan,nan,nan,nan,nan,nan,0.149360677981412
1791061005.420952,0.29460165511507985,0.6658638032613199,-3.133730593710489,-0.02191203235235075,2.0086261912953898,0.1868716853183956,0.0,0.0,0.0,0.3179018153297601,-0.5132477838360602,-0.17934246694717382,0.0037849127892777092,0.6487015734496125,0.0,0.0,-0.13442198998267382,2.6665522418520946,-0.03164216383350087,0.22691501774750336,0.657756296456122,0.0,0.0,-0.9276791632959908,0.8748247576065251,-0.0021540995075400096,0.11034677212358143,nan,nan,nan,nan,nan,nan,nan,0.8695642525244426,0.0,0.0,1.3846034126128697,1.400831383568063,-0.014851285221078377,0.1855650465420785,0.38269866208810843,0.0,0.0,-1.7881822364012885,1.8283638802666708,-0.1989017816933814,-0.010854995587660798,nan,nan,nan,nan,nan,nan,nan,nan,nan,nan,nan,nan,nan,nan,nan,nan,nan,nan,nan,nan,nan,nan,nan,nan,nan,nan,nan,nan,nan,nan,nan,nan,nan,nan,nan,nan,nan,nan,nan,nan,nan,nan,nan,nan,nan,nan,nan,nan,nan,nan,nan,nan,nan,nan,nan,nan,nan,nan,nan,nan,nan,nan,nan,0.15118423895637234
1791061005.522588,0.277522231205636,0.6660490848903282,-3.1326480095051643,-0.02018724933421964,2.0078895848748304,0.18790243696373402,0.0,0.0,0.0,0.30060956671473166,-0.513541601659839,-0.1695421071100661,-0.011048238379149733,0.6487015734496125,0.0,0.0,-0.13905204789460204,2.69054013023882,-0.061252216230475526,0.23594121229603832,0.7052605413963396,0.0,0.0,-0.9280985182472444,0.8876115335736722,-0.00040865234288387214,0.10754697001058755,nan,nan,nan,nan,nan,nan,nan,0.8695642525244426,0.0,0.0,1.3837716991648121,1.4192190596625955,-0.006895544895395057,0.15553726377837399,0.38269866208810843,0.0,0.0,-1.8085537684746646,1.82822950921857,-0.18488634155225514,-0.005542396646732657,nan,nan,nan,nan,nan,nan,nan,nan,nan,nan,nan,nan,nan,nan,nan,nan,nan,nan,nan,nan,nan,nan,nan,nan,nan,nan,nan,nan,nan,nan,nan,nan,nan,nan,nan,nan,nan,nan,nan,nan,nan,nan,nan,nan,nan,nan,nan,nan,nan,nan,nan,nan,nan,nan,nan,nan,nan,nan,nan,nan,nan,nan,nan,0.1634368467345201
1791061005.622266,0.2618187528384707,0.6661527806116697,-3.131630801756236,-0.018570949375579196,2.0072101110608727,0.18886894463273207,0.0,0.0,0.0,0.28514871475052905,-0.513619238254461,-0.16737485650680284,-0.0021668896339035572,0.6487015734496125,0.0,0.0,-0.14270166424704275,2.712502517772778,-0.03915373726369803,0.20708857747066575,0.7033742871410816,0.0,0.0,-0.9285541129856779,0.8982142927507616,-0.0021833584228538034,0.11552534750366293,nan,nan,nan,nan,nan,nan,nan,0.8695642525244426,0.0,0.0,1.3826428721663615,1.433414108505839,-0.010179534160558326,0.15169306285603784,0.38269866208810843,0.0,0.0,-1.8250442132306135,1.827993955651173,-0.16897450572335493,-0.001989479491063098,nan,nan,nan,nan,nan,nan,nan,nan,nan,nan,nan,nan,nan,nan,nan,nan,nan,nan,nan,nan,nan,nan,nan,nan,nan,nan,nan,nan,nan,nan,nan,nan,nan,nan,nan,nan,nan,nan,nan,nan,nan,nan,nan,nan,nan,nan,nan,nan,nan,nan,nan,nan,nan,nan,nan,nan,nan,nan,nan,nan,nan,nan,nan,0.14790847859198175
1791061005.72106,0.2476161230101824,0.6661704865267524,-3.1310135878677987,-0.01726206540119031,2.006584951475384,0.18965200955433512,0.0,0.0,0.0,0.26718360781490724,-0.5139823555344737,-0.20858582858054384,-0.017881960526835942,0.6487015734496125,0.0,0.0,-0.14649784535699242,2.732358288022988,-0.04554892381897749,0.21366536704928438,0.6324832667761949,0.0,0.0,-0.929028218878674,0.9096689789969935,-0.001635379225263263,0.11694778141315676,nan,nan,nan,nan,nan,nan,nan,0.8695642525244426,0.0,0.0,1.3805144999586152,1.448141140926323,-0.015996666947555187,0.1432562897767423,0.38269866208810843,0.0,0.0,-1.8438525302975048,1.827813544872807,-0.18564653267854322,0.0001170314369271432,nan,nan,nan,nan,nan,nan,nan,nan,nan,nan,nan,nan,nan,nan,nan,nan,nan,nan,nan,nan,nan,nan,nan,nan,nan,nan,nan,nan,nan,nan,nan,nan,nan,nan,nan,nan,nan,nan,nan,nan,nan,nan,nan,nan,nan,nan,nan,nan,nan,nan,nan,nan,nan,nan,nan,nan,nan,nan,nan,nan,nan,nan,nan,0.14423115351333712
1791061005.8205154,0.23253509253510868,0.6660591028002996,-3.131889584901364,-0.01607034304269915,2.0060111014990123,0.19036525770582127,0.0,0.0,0.0,0.24929899454871568,-0.5140343300826656,-0.1726172002482588,-0.0060708320863087015,0.6487015734496125,0.0,0.0,-0.15078584808921888,2.754276039879882,-0.04376049591991915,0.2747153888786467,0.6330628336928384,0.0,0.0,-0.9294362737404422,0.9206008441000784,0.00030173882156305475,0.11558512040859634,nan,nan,nan,nan,nan,nan,nan,0.8695642525244426,0.0,0.0,1.3793941627989004,1.4635181061241822,0.00366614872315414,0.15429828395096717,0.38269866208810843,0.0,0.0,-1.8630141062105674,1.8274982522648486,-0.19414802215243795,-0.003583066911532613,nan,nan,nan,nan,nan,nan,nan,nan,nan,nan,nan,nan,nan,nan,nan,nan,nan,nan,nan,nan,nan,nan,nan,nan,nan,nan,nan,nan,nan,nan,nan,nan,nan,nan,nan,nan,nan,nan,nan,nan,nan,nan,nan,nan,nan,nan,nan,nan,nan,nan,nan,nan,nan,nan,nan,nan,nan,nan,nan,nan,nan,nan,nan,0.14132450418401152
1791061005.9214768,0.21729943692138648,0.6659565794563744,-3.1323446218782416,-0.01483486631653379,2.0054844191913435,0.19110495212129022,0.0,0.0,0.0,0.2314826115789646,-0.5141893122896539,-0.17100733334526447,-0.0021362546735353895,0.6487015734496125,0.0,0.0,-0.15497523492101242,2.775898107448134,-0.025901643675430498,0.23207687116524406,0.6844138117190284,0.0,0.0,-0.9298952101943581,0.9311598141602377,-0.006176719467286039,0.10679668457988385,nan,nan,nan,nan,nan,nan,nan,0.8695642525244426,0.0,0.0,1.37786418453203,1.4810176792150518,0.007266490694513832,0.15890678914209333,0.38269866208810843,0.0,0.0,-1.881786780172561,1.8272161219774663,-0.1890343123946018,-0.00031094591383946046,nan,nan,nan,nan,nan,nan,nan,nan,nan,nan,nan,nan,nan,nan,nan,nan,nan,nan,nan,nan,nan,nan,nan,nan,nan,nan,nan,nan,nan,nan,nan,nan,nan,nan,nan,nan,nan,nan,nan,nan,nan,nan,nan,nan,nan,nan,nan,nan,nan,nan,nan,nan,nan,nan,nan,nan,nan,nan,nan,nan,nan,nan,nan,0.1584723259286636
1791061006.0214858,0.20163245276018574,0.6659137403518388,-3.133271117153383,-0.013694744812183749,2.005001722864835,0.19178777310462797,0.0,0.0,0.0,0.21382244741666506,-0.5143421049499637,-0.1973553653863564,-0.0028918089979540922,0.6487015734496125,0.0,0.0,-0.15985193247233268,2.7984958158629167,-0.038857764929632964,0.19062390863030876,0.6981657461992908,0.0,0.0,-0.9302961579278123,0.9418241050235227,-0.009265838121206913,0.11087847323444003,nan,nan,nan,nan,nan,nan,nan,0.8695642525244426,0.0,0.0,1.3765633253137695,1.498131646927986,-0.008874978804194057,0.1721096103549618,0.38269866208810843,0.0,0.0,-1.900766874558136,1.8269090729046267,-0.202619746312024,-0.006903171759531505,nan,nan,nan,nan,nan,nan,nan,nan,nan,nan,nan,nan,nan,nan,nan,nan,nan,nan,nan,nan,nan,nan,nan,nan,nan,nan,nan,nan,nan,nan,nan,nan,nan,nan,nan,nan,nan,nan,nan,nan,nan,nan,nan,nan,nan,nan,nan,nan,nan,nan,nan,nan,nan,nan,nan,nan,nan,nan,nan,nan,nan,nan,nan,0.16923636020191019
1791061006.123701,0.18424553692423534,0.666040584011692,-3.1339622543436536,-0.012843548573908903,2.004559196530465,0.19229768212619383,0.0,0.0,0.0,0.1935532665848936,-0.5143990982834251,-0.18356907745563256,0.0031853267639866626,0.6487015734496125,0.0,0.0,-0.1634628094658504,2.8188655754900043,-0.02927756362513169,0.19066294809279422,0.6805019859747912,0.0,0.0,-0.9306415102884534,0.9541760591671985,-0.0051287327835048396,0.11744117765620288,nan,nan,nan,nan,nan,nan,nan,0.8695642525244426,0.0,0.0,1.3746127685957068,1.5183860610904771,-0.019032253872055704,0.19020229629413882,0.38269866208810843,0.0,0.0,-1.9229050600512803,1.8265380378080358,-0.19118312875506088,-0.005898994474765319,nan,nan,nan,nan,nan,nan,nan,nan,nan,nan,nan,nan,nan,nan,nan,nan,nan,nan,nan,nan,nan,nan,nan,nan,nan,nan,nan,nan,nan,nan,nan,nan,nan,nan,nan,nan,nan,nan,nan,nan,nan,nan,nan,nan,nan,nan,nan,nan,nan,nan,nan,nan,nan,nan,nan,nan,nan,nan,nan,nan,nan,nan,nan,0.1542294179845328
1791061006.2229285,0.16807450652089165,0.6658041782496059,-3.133090764075844,-0.011837567984296048,2.0041543835524043,0.19290044349881824,0.0,0.0,0.0,0.1746463829231331,-0.5144953639233943,-0.19805793141236466,-0.00044518805237338943,0.6487015734496125,0.0,0.0,-0.16686669241752045,2.8404860814601376,-0.034318371530171074,0.21593483386464626,0.6976866737133104,0.0,0.0,-0.9309945186929726,0.9653194646525364,-0.006027768653005517,0.11142608582051824,nan,nan,nan,nan,nan,nan,nan,0.8695642525244426,0.0,0.0,1.373698976198536,1.5365090614144072,-0.01124349627736156,0.17717889824473024,0.38269866208810843,0.0,0.0,-1.9436245677428996,1.8263972336165835,-0.2061844243653731,0.006079419747497241,nan,nan,nan,nan,nan,nan,nan,nan,nan,nan,nan,nan,nan,nan,nan,nan,nan,nan,nan,nan,nan,nan,nan,nan,nan,nan,nan,nan,nan,nan,nan,nan,nan,nan,nan,nan,nan,nan,nan,nan,nan,nan,nan,nan,nan,nan,nan,nan,nan,nan,nan,nan,nan,nan,nan,nan,nan,nan,nan,nan,nan,nan,nan,0.1581688229207242
1791061006.3212335,0.15372168881791654,0.6658028047067435,-3.131238283512554,-0.010995746494254579,2.0037837990113516,0.1934049440841454,0.0,0.0,0.0,0.1568838655452025,-0.5145930845193386,-0.19078068293195227,-0.00074960785797359,0.6487015734496125,0.0,0.0,-0.17044454192405226,2.859831682652351,-0.03658638563010657,0.2239237058752683,0.6934560680466024,0.0,0.0,-0.931432388595067,0.9761589571683748,-0.003256733119922974,0.11446163096734342,nan,nan,nan,nan,nan,nan,nan,0.8695642525244426,0.0,0.0,1.3723040956124182,1.5522362232241962,-0.01593132171904967,0.18654391646688856,0.38269866208810843,0.0,0.0,-1.9627000899919058,1.8260905117837134,-0.20204242146380144,-0.002462753685442385,nan,nan,nan,nan,nan,nan,nan,nan,nan,nan,nan,nan,nan,nan,nan,nan,nan,nan,nan,nan,nan,nan,nan,nan,nan,nan,nan,nan,nan,nan,nan,nan,nan,nan,nan,nan,nan,nan,nan,nan,nan,nan,nan,nan,nan,nan,nan,nan,nan,nan,nan,nan,nan,nan,nan,nan,nan,nan,nan,nan,nan,nan,nan,0.17307223217405202
1791061006.4204779,0.13706326707352276,0.6660041006876352,-3.128127835084014,-0.010111805969057374,2.003445120973364,0.19393477678654647,0.0,0.0,0.0,0.13771819560918555,-0.5145859523525415,-0.19359680828949816,-0.0005008790629494272,0.6487015734496125,0.0,0.0,-0.174098370331731,2.8814958002197906,-0.009396156394114993,0.2005033555266117,0.73118550363932,0.0,0.0,-0.931949333584775,0.9882727500138917,-0.001366933217434422,0.10791541068321026,nan,nan,nan,nan,nan,nan,nan,0.8695642525244426,0.0,0.0,1.3705289853001241,1.5707984386605733,-0.03987781555978744,0.20001296132482152,0.38269866208810843,0.0,0.0,-1.9839304647906235,1.825223357332518,-0.20949267753017817,-0.0033039355779065443,nan,nan,nan,nan,nan,nan,nan,nan,nan,nan,nan,nan,nan,nan,nan,nan,nan,nan,nan,nan,nan,nan,nan,nan,nan,nan,nan,nan,nan,nan,nan,nan,nan,nan,nan,nan,nan,nan,nan,nan,nan,nan,nan,nan,nan,nan,nan,nan,nan,nan,nan,nan,nan,nan,nan,nan,nan,nan,nan,nan,nan,nan,nan,0.17416161337275185
1791061006.5204961,0.11991219698333454,0.6660868046331189,-3.1272652272267183,-0.00943056437321695,2.003135411036935,0.1943431705751522,0.0,0.0,0.0,0.11919246553990899,-0.5148557842596587,-0.17745379920263044,-0.013744641515509776,0.6487015734496125,0.0,0.0,-0.17802880784038905,2.903606784977837,-0.04361018265491276,0.2094354995113799,0.6601899860645022,0.0,0.0,-0.9325656590426517,1.0005220142558915,-0.00521822704882619,0.11342202040543742,nan,nan,nan,nan,nan,nan,nan,0.8695642525244426,0.0,0.0,1.369509163863591,1.589503452608921,-0.01676463438950122,0.1914243324996222,0.38269866208810843,0.0,0.0,-2.0039145195615373,1.8255903583430915,-0.18629688159753713,2.3328490160660735e-05,nan,nan,nan,nan,nan,nan,nan,nan,nan,nan,nan,nan,nan,nan,nan,nan,nan,nan,nan,nan,nan,nan,nan,nan,nan,nan,nan,nan,nan,nan,nan,nan,nan,nan,nan,nan,nan,nan,nan,nan,nan,nan,nan,nan,nan,nan,nan,nan,nan,nan,nan,nan,nan,nan,nan,nan,nan,nan,nan,nan,nan,nan,nan,0.1562981471756671
1791061006.6203442,0.10285747797800202,0.6659660665306822,-3.12568461168428,-0.008533127518501516,1.8125118733878445,0.19488124159594802,0.0,0.0,0.0,0.10141842232678099,-0.5149078033631657,-0.18216362555407803,0.005759486609384915,0.6487015734496125,0.0,0.0,-0.18189091080607403,2.925762913013799,-0.038733557603508176,0.23511623369072754,0.6601899860645022,0.0,0.0,-0.933035068516193,1.012967580914682,-0.0012173635361870784,0.11739148698597512,nan,nan,nan,nan,nan,nan,nan,0.8695642525244426,0.0,0.0,1.3678144090003435,1.6099711013880826,-0.03327861138143849,0.21821126025046017,0.38269866208810843,0.0,0.0,-2.021813955293842,1.8250745488029292,-0.15167521033197032,0.020014815544512198,nan,nan,nan,nan,nan,nan,nan,nan,nan,nan,nan,nan,nan,nan,nan,nan,nan,nan,nan,nan,nan,nan,nan,nan,nan,nan,nan,nan,nan,nan,nan,nan,nan,nan,nan,nan,nan,nan,nan,nan,nan,nan,nan,nan,nan,nan,nan,nan,nan,nan,nan,nan,nan,nan,nan,nan,nan,nan,nan,nan,nan,nan,nan,0.180151881131569
1791061006.7231243,0.08423842717777973,0.6660346625341126,-3.1215838529477273,-0.007721247364184639,1.6400613367848582,0.19536807998456704,0.0,0.0,0.0,0.08182177285817595,-0.5152062220662146,-0.16918550491764153,-0.00046320097951311513,0.6487015734496125,0.0,0.0,-0.18646335118838195,2.949549856749703,-0.035505696695370875,0.2220955795951459,0.6601899860645022,0.0,0.0,-0.9337269735929765,1.0263615144402711,-0.004743216453103503,0.11359269539440824,nan,nan,nan,nan,nan,nan,nan,0.8695642525244426,0.0,0.0,1.3664778654449206,1.6318996705620334,-0.03615241386956331,0.2118281765957323,0.38269866208810843,0.0,0.0,-2.0470545018436304,1.824333016042364,-0.22585952002501547,-0.014842421206117968,nan,nan,nan,nan,nan,nan,nan,nan,nan,nan,nan,nan,nan,nan,nan,nan,nan,nan,nan,nan,nan,nan,nan,nan,nan,nan,nan,nan,nan,nan,nan,nan,nan,nan,nan,nan,nan,nan,nan,nan,nan,nan,nan,nan,nan,nan,nan,nan,nan,nan,nan,nan,nan,nan,nan,nan,nan,nan,nan,nan,nan,nan,nan,0.15826622481604213
1791061006.8217554,0.06761267063123451,0.6658598749620853,-3.120427558753155,-0.0069864735293989405,1.4839888654762765,0.19580872960232618,0.0,0.0,0.0,0.06559843684848596,-0.5154667092659869,-0.17998123890109288,-0.004088544319594517,0.6487015734496125,0.0,0.0,-0.1899502380697119,2.9686912077349423,-0.010599068110286158,0.20919957646005086,0.6601899860645022,0.0,0.0,-0.9342760153526122,1.0375212210803333,0.0014719313140759472,0.11515497403812336,nan,nan,nan,nan,nan,nan,nan,0.8695642525244426,0.0,0.0,1.365530796565515,1.649067468421617,-0.012910225020209403,0.18934258261953246,0.38269866208810843,0.0,0.0,-2.0661383671840343,1.8247775726827162,-0.26338925118035994,0.013160611426786276,nan,nan,nan,nan,nan,nan,nan,nan,nan,nan,nan,nan,nan,nan,nan,nan,nan,nan,nan,nan,nan,nan,nan,nan,nan,nan,nan,nan,nan,nan,nan,nan,nan,nan,nan,nan,nan,nan,nan,nan,nan,nan,nan,nan,nan,nan,nan,nan,nan,nan,nan,nan,nan,nan,nan,nan,nan,nan,nan,nan,nan,nan,nan,0.16082958812035852
1791061006.9217608,0.0529600467334549,0.6657441794410408,-3.1204269896523216,-0.006321702386036341,1.3427855859263285,0.19620743325498968,0.0,0.0,0.0,0.047927020738646665,-0.5156328476292824,-0.17625618170968235,-0.0010203998920703832,0.6487015734496125,0.0,0.0,-0.19389058569330367,2.990566143597034,-0.054712515153866076,0.20844693762779895,0.6601899860645022,0.0,0.0,-0.9348309350662896,1.050643253887165,-0.0007477208036741681,0.11083558772537377,nan,nan,nan,nan,nan,nan,nan,0.8695642525244426,0.0,0.0,1.3641789202637822,1.669782293343262,-0.007300733723361739,0.19455679336696285,0.38269866208810843,0.0,0.0,-2.084899265859352,1.8250825072401378,-0.17594631756151402,0.022193971235419375,nan,nan,nan,nan,nan,nan,nan,nan,nan,nan,nan,nan,nan,nan,nan,nan,nan,nan,nan,nan,nan,nan,nan,nan,nan,nan,nan,nan,nan,nan,nan,nan,nan,nan,nan,nan,nan,nan,nan,nan,nan,nan,nan,nan,nan,nan,nan,nan,nan,nan,nan,nan,nan,nan,nan,nan,nan,nan,nan,nan,nan,nan,nan,0.16787958725790023
1791061007.0217676,0.03444273361069525,0.6655248461314553,-3.120524349337213,-0.0057201128649099165,1.2150026426170701,0.19656826912996406,0.0,0.0,0.0,0.030206598086386576,-0.515716686727725,-0.17109758037340173,0.0008091068707245512,0.6487015734496125,0.0,0.0,-0.1974993901284482,3.012267545835559,-0.03734137349176113,0.22308659124462585,0.6601899860645022,0.0,0.0,-0.935316619330877,1.0612064347222934,0.0013723658578183326,0.11259700074776491,nan,nan,nan,nan,nan,nan,nan,0.8695642525244426,0.0,0.0,1.3626694408221567,1.6884946814989943,-0.03254256987908589,0.21540956965047103,0.38269866208810843,0.0,0.0,-2.1086144472409365,1.8243428003687259,-0.21016733916195607,-0.023681463253998617,nan,nan,nan,nan,nan,nan,nan,nan,nan,nan,nan,nan,nan,nan,nan,nan,nan,nan,nan,nan,nan,nan,nan,nan,nan,nan,nan,nan,nan,nan,nan,nan,nan,nan,nan,nan,nan,nan,nan,nan,nan,nan,nan,nan,nan,nan,nan,nan,nan,nan,nan,nan,nan,nan,nan,nan,nan,nan,nan,nan,nan,nan,nan,0.16512227741064905
1791061007.1201987,0.019312859952796003,0.66510380694659,-3.121994186323483,-0.005176163997317968,1.0994630847130518,0.19689455120742552,0.0,0.0,0.0,0.013130136597493715,-0.5158950936034565,-0.1759723949848089,-0.0010836916980203498,0.6487015734496125,0.0,0.0,-0.2013512562595123,3.033769500447942,-0.0431201999216447,0.22987943947206924,0.6601899860645022,0.0,0.0,-0.9358232215843146,1.0723698315184054,-0.00040607165682601007,0.11010650073009441,nan,nan,nan,nan,nan,nan,nan,0.8695642525244426,0.0,0.0,1.3615354226508467,1.7087075279698174,-0.03309930276945889,0.217630557422757,0.38269866208810843,0.0,0.0,-2.12891104982917,1.8252719891561964,-0.1639648983677257,0.005479302837759747,nan,nan,nan,nan,nan,nan,nan,nan,nan,nan,nan,nan,nan,nan,nan,nan,nan,nan,nan,nan,nan,nan,nan,nan,nan,nan,nan,nan,nan,nan,nan,nan,nan,nan,nan,nan,nan,nan,nan,nan,nan,nan,nan,nan,nan,nan,nan,nan,nan,nan,nan,nan,nan,nan,nan,nan,nan,nan,nan,nan,nan,nan,nan,0.1505710558408516
1791061007.2231448,0.0012927691074558116,0.6647062904321642,-3.123050261960677,-0.004683586866972,0.9948353388630563,0.1971900327955863,0.0,0.0,0.0,-0.0059925314296971005,-0.5160918011454257,-0.15583876654480416,-0.0033539533881345603,0.6487015734496125,0.0,0.0,-0.2050055917882381,3.0561130352747368,-0.01819891736307812,0.1980801269211614,0.6601899860645022,0.0,0.0,-0.9363281372192772,1.0841225194519974,-0.003953469156281119,0.11094547443643876,nan,nan,nan,nan,nan,nan,nan,0.8695642525244426,0.0,0.0,1.3601183251721465,1.7323791852063235,-0.03721534808224828,0.22538948044805845,0.38269866208810843,0.0,0.0,-2.1453131748172645,1.8246182237885633,-0.18470736155443584,0.0020593852515953617,nan,nan,nan,nan,nan,nan,nan,nan,nan,nan,nan,nan,nan,nan,nan,nan,nan,nan,nan,nan,nan,nan,nan,nan,nan,nan,nan,nan,nan,nan,nan,nan,nan,nan,nan,nan,nan,nan,nan,nan,nan,nan,nan,nan,nan,nan,nan,nan,nan,nan,nan,nan,nan,nan,nan,nan,nan,nan,nan,nan,nan,nan,nan,0.1644600862535137
1791061007.3203838,-0.012636387802744911,0.6645358196873653,-3.1240134039204817,-0.004237887851976041,0.9001649199708159,0.19745740428005726,0.0,0.0,0.0,-0.02161679734049685,-0.5162028215314924,-0.16930707046239124,-0.005655153843192189,0.6487015734496125,0.0,0.0,-0.20802008419654697,3.07518456988275,-0.041926182697905226,0.19600255084358328,0.6601899860645022,0.0,0.0,-0.9367666285362397,1.09344835615062,-0.009687566251088641,0.10426715793544199,nan,nan,nan,nan,nan,nan,nan,0.8695642525244426,0.0,0.0,1.3592366903011193,1.7498676922014684,-0.011114412934479604,0.1921623613040528,0.38269866208810843,0.0,0.0,-2.1624188840319336,1.8249574651782305,-0.1645246229286953,0.021070522897926883,nan,nan,nan,nan,nan,nan,nan,nan,nan,nan,nan,nan,nan,nan,nan,nan,nan,nan,nan,nan,nan,nan,nan,nan,nan,nan,nan,nan,nan,nan,nan,nan,nan,nan,nan,nan,nan,nan,nan,nan,nan,nan,nan,nan,nan,nan,nan,nan,nan,nan,nan,nan,nan,nan,nan,nan,nan,nan,nan,nan,nan,nan,nan,0.16132580957052914
1791061007.4202812,-0.028874347540176194,0.6646296997981036,-3.1257936415027734,-0.0038345995021931405,0.8145029020535142,0.1976993417854823,0.0,0.0,0.0,-0.03930956232220959,-0.5164000717804718,-0.19689925256029805,-0.005768263754185076,0.6487015734496125,0.0,0.0,-0.21193425328070992,3.0970108021886342,-0.036826923641624466,0.22796501381570383,0.6601899860645022,0.0,0.0,-0.937161559813758,1.1045100564906603,-0.00825409717973384,0.1139347413858515,nan,nan,nan,nan,nan,nan,nan,0.8695642525244426,0.0,0.0,1.3578178903037665,1.7687631636883103,-0.019179024370212662,0.19007905549081233,0.38269866208810843,0.0,0.0,-2.1813173482740043,1.8250699023786598,-0.144813951600206,0.028184178044055944,nan,nan,nan,nan,nan,nan,nan,nan,nan,nan,nan,nan,nan,nan,nan,nan,nan,nan,nan,nan,nan,nan,nan,nan,nan,nan,nan,nan,nan,nan,nan,nan,nan,nan,nan,nan,nan,nan,nan,nan,nan,nan,nan,nan,nan,nan,nan,nan,nan,nan,nan,nan,nan,nan,nan,nan,nan,nan,nan,nan,nan,nan,nan,0.15383476365962806
1791061007.5189688,-0.04464855536577662,0.6643367346648599,-3.1254854952030806,-0.0034700069268601675,0.7370602094056826,0.19791807104853576,0.0,0.0,0.0,-0.05730612936086456,-0.5164269096209461,-0.1800518471200958,-0.0024473561966109215,0.6487015734496125,0.0,0.0,-0.21702772390097827,3.1179949650702063,-0.09735837897187818,0.19930294093531198,0.6601899860645022,0.0,0.0,-0.937641467588618,1.1160907048408388,-0.009799480409755468,0.11997128649889342,nan,nan,nan,nan,nan,nan,nan,0.8695642525244426,0.0,0.0,1.3565596412707286,1.7877541102826935,0.006895406218432893,0.18239944302475664,0.38269866208810843,0.0,0.0,-2.201615042100333,1.8248204983152319,-0.24133353030002386,-0.025283064406215864,nan,nan,nan,nan,nan,nan,nan,nan,nan,nan,nan,nan,nan,nan,nan,nan,nan,nan,nan,nan,nan,nan,nan,nan,nan,nan,nan,nan,nan,nan,nan,nan,nan,nan,nan,nan,nan,nan,nan,nan,nan,nan,nan,nan,nan,nan,nan,nan,nan,nan,nan,nan,nan,nan,nan,nan,nan,nan,nan,nan,nan,nan,nan,0.15477891998867152
1791061007.6203015,-0.060331028201148246,0.6640454738310136,-3.1228600972407836,-0.003139792108534288,0.6669196568724456,0.1981161804482936,0.0,0.0,0.0,-0.07504084912871357,-0.516671159551044,-0.1733434829782012,-0.0036318534912026354,0.6487015734496125,0.0,0.0,-0.22047223188310625,3.1378400258140604,-0.03713750412340392,0.1805770010726765,0.6601899860645022,0.0,0.0,-0.938772547858778,1.1273552696105609,-0.004228146139330504,0.10671413592407553,nan,nan,nan,nan,nan,nan,nan,0.8695642525244426,0.0,0.0,1.3553321803516,1.8062631370288753,0.0026195708964755525,0.15704518775600776,0.38269866208810843,0.0,0.0,-2.219170625108225,1.8253126840041793,-0.16033319523617862,0.0005248998855979993,nan,nan,nan,nan,nan,nan,nan,nan,nan,nan,nan,nan,nan,nan,nan,nan,nan,nan,nan,nan,nan,nan,nan,nan,nan,nan,nan,nan,nan,nan,nan,nan,nan,nan,nan,nan,nan,nan,nan,nan,nan,nan,nan,nan,nan,nan,nan,nan,nan,nan,nan,nan,nan,nan,nan,nan,nan,nan,nan,nan,nan,nan,nan,0.1607329555385564
1791061007.7202566,-0.07693747844768105,0.6640634176978042,-3.1232245868476465,-0.0028410013849157227,0.6034538604170917,0.19829544044282843,0.0,0.0,0.0,-0.09282967286799045,-0.5169450422827608,-0.1699638110430619,-0.0032908900463399365,0.6487015734496125,0.0,0.0,-0.22411216955335944,3.1586608613164633,-0.02247759273503149,0.2167712089175624,0.6601899860645022,0.0,0.0,-0.9393071456644717,1.138811520025541,-0.005867523033971767,0.09491871105246691,nan,nan,nan,nan,nan,nan,nan,0.8695642525244426,0.0,0.0,1.3544515991302266,1.8240502049373213,0.01138278284670928,0.16065322746097818,0.38269866208810843,0.0,0.0,-2.2348436461910635,1.8250113606403702,-0.12294698118532171,-0.014555828176986007,nan,nan,nan,nan,nan,nan,nan,nan,nan,nan,nan,nan,nan,nan,nan,nan,nan,nan,nan,nan,nan,nan,nan,nan,nan,nan,nan,nan,nan,nan,nan,nan,nan,nan,nan,nan,nan,nan,nan,nan,nan,nan,nan,nan,nan,nan,nan,nan,nan,nan,nan,nan,nan,nan,nan,nan,nan,nan,nan,nan,nan,nan,nan,0.176698227742174
1791061007.821918,-0.09533769280593501,0.6637655285744832,-3.1225599067941228,-0.002570644358017197,0.5460276330174727,0.19845764396171742,0.0,0.0,0.0,-0.11062873675978929,-0.5172013029769126,-0.18372835351244615,-0.005291760717869654,0.6487015734496125,0.0,0.0,-0.22809216059972937,3.1777660487362667,-0.03994309949797491,0.19387976261827408,0.6601899860645022,0.0,0.0,-0.9399146080575266,1.150338648617965,-0.0030233073716865555,0.10860944970333633,nan,nan,nan,nan,nan,nan,nan,0.8695642525244426,0.0,0.0,1.3532718867358637,1.8427414641346207,-0.0045398223851465325,0.21016502738535484,0.38269866208810843,0.0,0.0,-2.252687455647794,1.8250331509470663,-0.1832635115384891,0.005331930002939702,nan,nan,nan,nan,nan,nan,nan,nan,nan,nan,nan,nan,nan,nan,nan,nan,nan,nan,nan,nan,nan,nan,nan,nan,nan,nan,nan,nan,nan,nan,nan,nan,nan,nan,nan,nan,nan,nan,nan,nan,nan,nan,nan,nan,nan,nan,nan,nan,nan,nan,nan,nan,nan,nan,nan,nan,nan,nan,nan,nan,nan,nan,nan,0.15246638765624193
1791061007.9228196,-0.11219156872289272,0.6633867997505216,-3.1214949893886828,-0.0023260717708844876,0.4940782490287679,0.19860437959086852,0.0,0.0,0.0,-0.13026975185740636,-0.517578843547009,-0.17266518160169259,-0.0026846243436279603,0.6487015734496125,0.0,0.0,-0.23083567675048092,3.199736695277338,-0.019824168439653882,0.1979858907877718,0.6601899860645022,0.0,0.0,-0.9404288878525235,1.162839777267706,-0.0003925045717860318,0.10851393643357235,nan,nan,nan,nan,nan,nan,nan,0.8695642525244426,0.0,0.0,1.3522222658379333,1.86296159972832,0.013151301984597748,0.16466705358410408,0.38269866208810843,0.0,0.0,-2.270447835704972,1.8255192917339973,-0.1666431399880212,-0.01014037189955381,nan,nan,nan,nan,nan,nan,nan,nan,nan,nan,nan,nan,nan,nan,nan,nan,nan,nan,nan,nan,nan,nan,nan,nan,nan,nan,nan,nan,nan,nan,nan,nan,nan,nan,nan,nan,nan,nan,nan,nan,nan,nan,nan,nan,nan,nan,nan,nan,nan,nan,nan,nan,nan,nan,nan,nan,nan,nan,nan,nan,nan,nan,nan,0.17386617557361278
1791061008.0203137,-0.12652069334127117,0.6632311246929369,-3.12263824736832,-0.002104716775576676,0.4470604872105811,0.19873718671676416,0.0,0.0,0.0,-0.14615932947393745,-0.5178455784532231,-0.1712097521817772,-0.0020528802073599937,0.6487015734496125,0.0,0.0,-0.23360317615129356,3.218370705117604,0.017285591065413813,0.18301317317325877,0.6601899860645022,0.0,0.0,-0.9411452792215709,1.1733760257392252,-0.0023387504881805226,0.1188379108019004,nan,nan,nan,nan,nan,nan,nan,0.8695642525244426,0.0,0.0,1.351334142134526,1.879182350818025,-0.009370998886085547,0.18842523056898414,0.38269866208810843,0.0,0.0,-2.284612029150952,1.8254346515259239,-0.09421062313310115,0.008328954489647388,nan,nan,nan,nan,nan,nan,nan,nan,nan,nan,nan,nan,nan,nan,nan,nan,nan,nan,nan,nan,nan,nan,nan,nan,nan,nan,nan,nan,nan,nan,nan,nan,nan,nan,nan,nan,nan,nan,nan,nan,nan,nan,nan,nan,nan,nan,nan,nan,nan,nan,nan,nan,nan,nan,nan,nan,nan,nan,nan,nan,nan,nan,nan,0.17820156754792696
1791061008.1208959,-0.14337144942047647,0.663101388430109,-3.1228593348246996,-0.0019044610530972574,0.404524397843485,0.19885733580134743,0.0,0.0,0.0,-0.1632026944950932,-0.5180866217062979,-0.17633096148970054,-0.007606947080044547,0.6487015734496125,0.0,0.0,-0.23437332768921437,3.220540060417687,0.007683977702136186,0.004876410604369713,0.6601899860645022,0.0,0.0,-0.9416820497573042,1.1842087524245417,-0.007152932111119438,0.11583211906635112,nan,nan,nan,nan,nan,nan,nan,0.8695642525244426,0.0,0.0,1.3502597470875006,1.8972237725921424,-0.03368939806718998,0.18453690271679832,0.38269866208810843,0.0,0.0,-2.2847960727316674,1.825309247455009,-0.011517627090418382,0.004529981389877237,nan,nan,nan,nan,nan,nan,nan,nan,nan,nan,nan,nan,nan,nan,nan,nan,nan,nan,nan,nan,nan,nan,nan,nan,nan,nan,nan,nan,nan,nan,nan,nan,nan,nan,nan,nan,nan,nan,nan,nan,nan,nan,nan,nan,nan,nan,nan,nan,nan,nan,nan,nan,nan,nan,nan,nan,nan,nan,nan,nan,nan,nan,nan,0.16073758291241141
1791061008.2214048,-0.16141379875401768,0.6622657750974399,-3.1102694030572624,-0.001723364958635532,0.3660579831878553,0.19896599023778827,0.0,0.0,0.0,-0.18243480082691918,-0.5182662266424596,-0.16591255978650254,-4.50498210854931e-05,0.6487015734496125,0.0,0.0,-0.2345939380051903,3.2208019118426487,0.002752755279056537,0.002986398117597578,0.6601899860645022,0.0,0.0,-0.9423831309533434,1.1974159665137665,-0.010558649871950094,0.1435285014241297,nan,nan,nan,nan,nan,nan,nan,0.8695642525244426,0.0,0.0,1.3502281595328014,1.9139157910867133,-0.002020489456166145,0.1554177484349122,0.38269866208810843,0.0,0.0,-2.284925400437852,1.82527469813863,0.008699546844107994,8.919964554910038e-05,nan,nan,nan,nan,nan,nan,nan,nan,nan,nan,nan,nan,nan,nan,nan,nan,nan,nan,nan,nan,nan,nan,nan,nan,nan,nan,nan,nan,nan,nan,nan,nan,nan,nan,nan,nan,nan,nan,nan,nan,nan,nan,nan,nan,nan,nan,nan,nan,nan,nan,nan,nan,nan,nan,nan,nan,nan,nan,nan,nan,nan,nan,nan,0.17253149591970823
1791061008.322598,-0.18084472670436377,0.6627358764349097,-3.1179804600223515,-0.0015593650997387536,0.3312229604087112,0.1990643877653057,0.0,0.0,0.0,-0.20019319409528202,-0.5183206841970324,-0.18837887569621797,-0.0005855267618570867,0.6487015734496125,0.0,0.0,-0.23435451632431334,3.2206533447055,0.0009756137442762931,0.002550563783498713,0.6601899860645022,0.0,0.0,-0.9430103418137997,1.212075483062301,-0.0020942045390745286,0.16549741729055484,nan,nan,nan,nan,nan,nan,nan,0.8695642525244426,0.0,0.0,1.3490917497247954,1.9319994351120013,0.003462969792655495,0.17027407289533797,0.38269866208810843,0.0,0.0,-2.2851100432916236,1.8252646236483485,0.0038339928916672765,0.002517634138760219,nan,nan,nan,nan,nan,nan,nan,nan,nan,nan,nan,nan,nan,nan,nan,nan,nan,nan,nan,nan,nan,nan,nan,nan,nan,nan,nan,nan,nan,nan,nan,nan,nan,nan,nan,nan,nan,nan,nan,nan,nan,nan,nan,nan,nan,nan,nan,nan,nan,nan,nan,nan,nan,nan,nan,nan,nan,nan,nan,nan,nan,nan,nan,0.18011868781193116
1791061008.420247,-0.19667150682512574,0.6622111158953086,-3.120821625882766,-0.0014110021480628185,0.29970935523869,0.1991534037676903,0.0,0.0,0.0,-0.2165943383470485,-0.5184862474741494,-0.18717815300206292,-0.0032530878232287378,0.6487015734496125,0.0,0.0,-0.2344870337633994,3.220692929926648,0.009551320399625356,0.0025810006453863064,0.6601899860645022,0.0,0.0,-0.9436896869525017,1.2265447595759236,-0.011287490187512902,0.15820626411267502,nan,nan,nan,nan,nan,nan,nan,0.8695642525244426,0.0,0.0,1.3484698417214784,1.949395521069356,-0.0028951167363354823,0.1817613275053631,0.38269866208810843,0.0,0.0,-2.2851651555224644,1.825228107429441,0.0012385316317849125,5.879400980069051e-05,nan,nan,nan,nan,nan,nan,nan,nan,nan,nan,nan,nan,nan,nan,nan,nan,nan,nan,nan,nan,nan,nan,nan,nan,nan,nan,nan,nan,nan,nan,nan,nan,nan,nan,nan,nan,nan,nan,nan,nan,nan,nan,nan,nan,nan,nan,nan,nan,nan,nan,nan,nan,nan,nan,nan,nan,nan,nan,nan,nan,nan,nan,nan,0.16756549771315923
1791061008.5225587,-0.21664350669915555,0.6618600391440843,-3.121647189978274,-0.0012767287804289623,0.27118850252806825,0.1992339664777265,0.0,0.0,0.0,-0.23672560531037534,-0.5186597385813112,-0.18106221752450322,-0.0014990595012963426,0.6487015734496125,0.0,0.0,-0.23450735727724176,3.220715334176992,0.0004667364801761398,0.0009345944930980604,0.6601899860645022,0.0,0.0,-0.9446582647220368,1.245833459870568,-0.019196036745021784,0.18336033036680222,nan,nan,nan,nan,nan,nan,nan,0.8695642525244426,0.0,0.0,1.3473366037254706,1.9689076842794901,0.007562093301597638,0.17858831827886154,0.38269866208810843,0.0,0.0,-2.285166929280406,1.825296925299194,-0.00014142066040898798,-0.000955370958451559,nan,nan,nan,nan,nan,nan,nan,nan,nan,nan,nan,nan,nan,nan,nan,nan,nan,nan,nan,nan,nan,nan,nan,nan,nan,nan,nan,nan,nan,nan,nan,nan,nan,nan,nan,nan,nan,nan,nan,nan,nan,nan,nan,nan,nan,nan,nan,nan,nan,nan,nan,nan,nan,nan,nan,nan,nan,nan,nan,nan,nan,nan,nan,0.18499419916452725
1791061008.6225708,-0.23406379562050172,0.6614553883239984,-3.1189096983514393,-0.001155293842389782,0.24539464598919594,0.19930682647010808,0.0,0.0,0.0,-0.25463981376581973,-0.518739982421372,-0.17887539280737738,-0.002103106807859711,0.6487015734496125,0.0,0.0,-0.23449790001570434,3.2206857419859825,-0.007271598229173993,2.9428997776829275e-05,0.6601899860645022,0.0,0.0,-0.9449120131899149,1.2651583952003804,-0.004554977115164295,0.19635126705229444,nan,nan,nan,nan,nan,nan,nan,0.8695642525244426,0.0,0.0,1.3461317781612945,1.9852420052188071,-0.029986304381568716,0.18453869355880212,0.38269866208810843,0.0,0.0,-2.285152342581213,1.8253495171298737,0.00010742549000803466,0.001820178887338974,nan,nan,nan,nan,nan,nan,nan,nan,nan,nan,nan,nan,nan,nan,nan,nan,nan,nan,nan,nan,nan,nan,nan,nan,nan,nan,nan,nan,nan,nan,nan,nan,nan,nan,nan,nan,nan,nan,nan,nan,nan,nan,nan,nan,nan,nan,nan,nan,nan,nan,nan,nan,nan,nan,nan,nan,nan,nan,nan,nan,nan,nan,nan,0.164778217578817
1791061008.720778,-0.25084891671847,0.6617102391558524,-3.124453218458718,-0.0010453530976491246,0.22204225792520776,0.19937279019758436,0.0,0.0,0.0,-0.2703314976023551,-0.5188724006832546,-0.1652641006480095,0.00031983073962202173,0.6487015734496125,0.0,0.0,-0.23451917731097527,3.2206940581200323,-0.0010088457566073653,-0.0011877322329903474,0.6601899860645022,0.0,0.0,-0.9455786345859122,1.2831573157902134,-0.011120358127755626,0.19831274979128247,nan,nan,nan,nan,nan,nan,nan,0.8695642525244426,0.0,0.0,1.3454520502747673,2.0026409318375866,-0.0269263903773352,0.1855706116229601,0.38269866208810843,0.0,0.0,-2.2851564735820085,1.8253090961849978,0.0008172198748497458,-0.0018037128566419198,nan,nan,nan,nan,nan,nan,nan,nan,nan,nan,nan,nan,nan,nan,nan,nan,nan,nan,nan,nan,nan,nan,nan,nan,nan,nan,nan,nan,nan,nan,nan,nan,nan,nan,nan,nan,nan,nan,nan,nan,nan,nan,nan,nan,nan,nan,nan,nan,nan,nan,nan,nan,nan,nan,nan,nan,nan,nan,nan,nan,nan,nan,nan,0.17713914351466092
1791061008.8209736,-0.26967491894779894,0.6620511794762739,-3.126734902511402,-0.0009458921205205008,0.2009158653342712,0.1994324662510245,0.0,0.0,0.0,-0.2876082520908492,-0.5190094531033719,-0.18086005701700936,-0.0028110135514466048,0.6487015734496125,0.0,0.0,-0.23445922362096047,3.2206878747793852,-0.001474859773333863,0.0004478628345210698,0.6601899860645022,0.0,0.0,-0.9464285650775174,1.3048709463483366,-0.015855736144672034,0.20562940366255159,nan,nan,nan,nan,nan,nan,nan,0.8695642525244426,0.0,0.0,1.3448781656133122,2.020370621896603,0.008656131618465707,0.17812756767066268,0.38269866208810843,0.0,0.0,-2.2852026022615424,1.8253434213339688,-0.0016071333443125246,0.000570645816274844,nan,nan,nan,nan,nan,nan,nan,nan,nan,nan,nan,nan,nan,nan,nan,nan,nan,nan,nan,nan,nan,nan,nan,nan,nan,nan,nan,nan,nan,nan,nan,nan,nan,nan,nan,nan,nan,nan,nan,nan,nan,nan,nan,nan,nan,nan,nan,nan,nan,nan,nan,nan,nan,nan,nan,nan,nan,nan,nan,nan,nan,nan,nan,0.1960096785393668
1791061008.9212482,-0.2876449972867597,0.6619265135477822,-3.126206948338628,-0.0008559303836386928,0.18180719551827104,0.199486442898538,0.0,0.0,0.0,-0.30600010763142393,-0.5192247452151626,-0.17937191430870314,-0.002646145868749671,0.6487015734496125,0.0,0.0,-0.23446888878567893,3.22069819725799,-0.0009217961373799031,0.0012169321399509508,0.6601899860645022,0.0,0.0,-0.9473540170446691,1.3270762733667363,-0.008027842433342458,0.23716215239042926,nan,nan,nan,nan,nan,nan,nan,0.8695642525244426,0.0,0.0,1.3438954307765527,2.039500208708483,-0.010737312617941645,0.1932493472820284,0.38269866208810843,0.0,0.0,-2.285168200491009,1.8253254154834277,-0.00214090338422897,0.0011968925492155922,nan,nan,nan,nan,nan,nan,nan,nan,nan,nan,nan,nan,nan,nan,nan,nan,nan,nan,nan,nan,nan,nan,nan,nan,nan,nan,nan,nan,nan,nan,nan,nan,nan,nan,nan,nan,nan,nan,nan,nan,nan,nan,nan,nan,nan,nan,nan,nan,nan,nan,nan,nan,nan,nan,nan,nan,nan,nan,nan,nan,nan,nan,nan,0.16584959002859945
1791061009.0201669,-0.30591749972648374,0.6619824636816577,-3.1277738702112337,-0.0007745058643486704,0.1645119063434551,0.19953529731765923,0.0,0.0,0.0,-0.32426117098125656,-0.5194342731787542,-0.17942230924606106,-0.003983649711138922,0.6487015734496125,0.0,0.0,-0.23442203085716334,3.220682243907367,-0.0021526130118238026,1.0636309151948627e-05,0.6601899860645022,0.0,0.0,-0.9481158228273756,1.3490076702735292,-0.0010190750921818515,0.22655345212934636,nan,nan,nan,nan,nan,nan,nan,0.8695642525244426,0.0,0.0,1.3432469888992393,2.0616548851747836,-0.007461270741073753,0.21029569975130286,0.38269866208810843,0.0,0.0,-2.2851783990250363,1.8253075808610182,-0.0009121197392460647,-0.0003317346002524324,nan,nan,nan,nan,nan,nan,nan,nan,nan,nan,nan,nan,nan,nan,nan,nan,nan,nan,nan,nan,nan,nan,nan,nan,nan,nan,nan,nan,nan,nan,nan,nan,nan,nan,nan,nan,nan,nan,nan,nan,nan,nan,nan,nan,nan,nan,nan,nan,nan,nan,nan,nan,nan,nan,nan,nan,nan,nan,nan,nan,nan,nan,nan,0.18990034652584442
1791061009.1203063,-0.323473588287667,0.6617475288549299,-3.126880601443589,-0.0007008018867812778,0.14885652862090704,0.19957951948745437,0.0,0.0,0.0,-0.34295553662741846,-0.5197514486501839,-0.19128402470618022,-0.004582148137189705,0.6487015734496125,0.0,0.0,-0.2344522674110013,3.2206435326068887,0.0008156511368933825,-0.0032740336106200393,0.6601899860645022,0.0,0.0,-0.9489202398109907,1.3709825350086815,-0.004304149104153247,0.21639807638466493,nan,nan,nan,nan,nan,nan,nan,0.8695642525244426,0.0,0.0,1.3410392725007776,2.084846134613169,-0.07926375524454196,0.25157702322190306,0.38269866208810843,0.0,0.0,-2.285176889838134,1.825311774222962,-0.0013539127717569644,0.0010437553720027306,nan,nan,nan,nan,nan,nan,nan,nan,nan,nan,nan,nan,nan,nan,nan,nan,nan,nan,nan,nan,nan,nan,nan,nan,nan,nan,nan,nan,nan,nan,nan,nan,nan,nan,nan,nan,nan,nan,nan,nan,nan,nan,nan,nan,nan,nan,nan,nan,nan,nan,nan,nan,nan,nan,nan,nan,nan,nan,nan,nan,nan,nan,nan,0.16437792015736175
1791061009.2201293,-0.34112590230681317,0.6617541228095912,-3.128177890428614,-0.0006341117699983004,0.13469095705940345,0.1996195333969552,0.0,0.0,0.0,-0.36147033724679667,-0.5198077011466224,-0.1818740488088735,-0.0002836246210706091,0.6487015734496125,0.0,0.0,-0.23436581204138154,3.2206754942989715,0.003909489973019019,-6.320232521978892e-05,0.6601899860645022,0.0,0.0,-0.9499292018943284,1.3929371619062054,-0.022072364227958788,0.19739127105329593,nan,nan,nan,nan,nan,nan,nan,0.8695642525244426,0.0,0.0,1.3411655042618016,2.1064413421609283,0.07463774507583415,0.16634916060189225,0.38269866208810843,0.0,0.0,-2.2851447962321627,1.825310212137168,0.00272532328508435,-0.0007265131462624226,nan,nan,nan,nan,nan,nan,nan,nan,nan,nan,nan,nan,nan,nan,nan,nan,nan,nan,nan,nan,nan,nan,nan,nan,nan,nan,nan,nan,nan,nan,nan,nan,nan,nan,nan,nan,nan,nan,nan,nan,nan,nan,nan,nan,nan,nan,nan,nan,nan,nan,nan,nan,nan,nan,nan,nan,nan,nan,nan,nan,nan,nan,nan,0.17584438218391582
1791061009.3220289,-0.35973927935018774,0.6619816011642875,-3.1284792145055356,-0.0005738118898655635,0.1218827283686359,0.1996557132061603,0.0,0.0,0.0,-0.38211252135680995,-0.5199515907085823,-0.18519596157533574,-0.0015680412392060192,0.6487015734496125,0.0,0.0,-0.23444457007914635,3.220692426267051,0.0019027459640286021,-0.00014263186311183122,0.6601899860645022,0.0,0.0,-0.9508594357745164,1.417172023914731,-0.014358250012148157,0.20711632931020074,nan,nan,nan,nan,nan,nan,nan,0.8695642525244426,0.0,0.0,1.3405510727264767,2.1280191191915043,0.019225057009863,0.2201158910508246,0.38269866208810843,0.0,0.0,-2.285177715713107,1.8252967942358087,0.001436407405414348,-0.0011297993454833385,nan,nan,nan,nan,nan,nan,nan,nan,nan,nan,nan,nan,nan,nan,nan,nan,nan,nan,nan,nan,nan,nan,nan,nan,nan,nan,nan,nan,nan,nan,nan,nan,nan,nan,nan,nan,nan,nan,nan,nan,nan,nan,nan,nan,nan,nan,nan,nan,nan,nan,nan,nan,nan,nan,nan,nan,nan,nan,nan,nan,nan,nan,nan,0.16800762922234905
1791061009.4220421,-0.37670014971841903,0.6618107643481632,-3.1302873060406906,-0.0005192064690349276,0.11028405327649943,0.1996884763705163,0.0,0.0,0.0,-0.4029822085089388,-0.5201254206507359,-0.3222343902256821,-0.011260919707361207,0.6487015734496125,0.0,0.0,-0.2344907040678325,3.220690494499787,-0.0008538593715270123,0.0002840871245977713,0.6601899860645022,0.0,0.0,-0.9518389558612408,1.4394935804605884,-0.010914287209971264,0.28484754088515446,nan,nan,nan,nan,nan,nan,nan,0.8695642525244426,0.0,0.0,1.3394058961762607,2.1482925153354246,-0.03209715776191313,0.21833822322388302,0.38269866208810843,0.0,0.0,-2.2851848589180865,1.8252965537423822,-0.001694521703783541,0.0011768926957095658,nan,nan,nan,nan,nan,nan,nan,nan,nan,nan,nan,nan,nan,nan,nan,nan,nan,nan,nan,nan,nan,nan,nan,nan,nan,nan,nan,nan,nan,nan,nan,nan,nan,nan,nan,nan,nan,nan,nan,nan,nan,nan,nan,nan,nan,nan,nan,nan,nan,nan,nan,nan,nan,nan,nan,nan,nan,nan,nan,nan,nan,nan,nan,0.16669976938129819
1791061009.5202646,-0.39261318001566126,0.6617815913942415,-3.132432805939642,-0.0004698012435803909,0.0997899457468048,0.19971811944049603,0.0,0.0,0.0,-0.41993031276040654,-0.5200704260273648,-0.2013251816310862,0.0018524350106257142,0.6487015734496125,0.0,0.0,-0.23443420488574207,3.2206953358124437,0.005295509953716788,-0.0013176499386623286,0.6601899860645022,0.0,0.0,-0.9529212366342816,1.4588578949472777,-0.007067309999489447,0.21478937510272578,nan,nan,nan,nan,nan,nan,nan,0.8695642525244426,0.0,0.0,1.3386685227228652,2.1660033556139506,-0.015433604466423159,0.20171787884508982,0.38269866208810843,0.0,0.0,-2.2851802996709183,1.8252766447062287,-0.0021518960607351174,0.0002741930260320702,nan,nan,nan,nan,nan,nan,nan,nan,nan,nan,nan,nan,nan,nan,nan,nan,nan,nan,nan,nan,nan,nan,nan,nan,nan,nan,nan,nan,nan,nan,nan,nan,nan,nan,nan,nan,nan,nan,nan,nan,nan,nan,nan,nan,nan,nan,nan,nan,nan,nan,nan,nan,nan,nan,nan,nan,nan,nan,nan,nan,nan,nan,nan,0.172665822723477
1791061009.6199725,-0.4082563611808808,0.66234825872296,-3.1335395483532658,-0.0004251226143202188,0.0902998091180982,0.19974492656970555,0.0,0.0,0.0,-0.4398342002202708,-0.5202422627370203,-0.19529418400888188,-0.002517301098414157,0.6487015734496125,0.0,0.0,-0.2344598548566183,3.2206789891511733,0.0019513598297209627,-0.0009547864215750036,0.6601899860645022,0.0,0.0,-0.9537413839901312,1.480233631917344,0.0016954847753607727,0.21782020030779037,nan,nan,nan,nan,nan,nan,nan,0.8695642525244426,0.0,0.0,1.3378193087085313,2.1832999111124956,0.0024381127074794883,0.14534056235865306,0.38269866208810843,0.0,0.0,-2.285132410141919,1.8252438847064851,0.0011490064549212315,9.907466167544338e-05,nan,nan,nan,nan,nan,nan,nan,nan,nan,nan,nan,nan,nan,nan,nan,nan,nan,nan,nan,nan,nan,nan,nan,nan,nan,nan,nan,nan,nan,nan,nan,nan,nan,nan,nan,nan,nan,nan,nan,nan,nan,nan,nan,nan,nan,nan,nan,nan,nan,nan,nan,nan,nan,nan,nan,nan,nan,nan,nan,nan,nan,nan,nan,0.16980042118636277
1791061009.7200062,-0.4252926272971062,0.6627124376931318,-3.137118685258832,-0.00038466684881662417,0.08170664615841278,0.19976919999316348,0.0,0.0,0.0,-0.4588526941126267,-0.5201837552724581,-0.18349549794392533,0.0013593215675931157,0.6487015734496125,0.0,0.0,-0.23449857031785268,3.220706447196945,3.293171044245889e-05,0.00016114445680588923,0.6601899860645022,0.0,0.0,-0.9549490983268445,1.5015820969929081,-0.015551302131751706,0.22665163536018174,nan,nan,nan,nan,nan,nan,nan,0.8695642525244426,0.0,0.0,1.3371986718105158,2.2002480752453293,-0.027623057946170433,0.14084369105697642,0.38269866208810843,0.0,0.0,-2.2852070350966973,1.8252925592866704,-0.003715232093875349,-5.88429386670486e-05,nan,nan,nan,nan,nan,nan,nan,nan,nan,nan,nan,nan,nan,nan,nan,nan,nan,nan,nan,nan,nan,nan,nan,nan,nan,nan,nan,nan,nan,nan,nan,nan,nan,nan,nan,nan,nan,nan,nan,nan,nan,nan,nan,nan,nan,nan,nan,nan,nan,nan,nan,nan,nan,nan,nan,nan,nan,nan,nan,nan,nan,nan,nan,0.15543037988156727
1791061009.821684,-0.44423071889280186,0.6627703062968117,-3.1387672323219884,-0.0003480623175825412,0.07393151947271402,0.19979116268535077,0.0,0.0,0.0,-0.4800064905045221,-0.5203305064371286,-0.1945208337493099,-0.001074911512319162,0.6487015734496125,0.0,0.0,-0.2344673450505141,3.220689144695919,0.0013797480651068427,-0.00024268807822991562,0.6601899860645022,0.0,0.0,-0.9564457001132223,1.5219746335477495,-0.04418582919392989,0.15742730344268205,nan,nan,nan,nan,nan,nan,nan,0.8695642525244426,0.0,0.0,1.336620150808125,2.2160436829416734,-0.004888630202714874,0.1466056847700919,0.38269866208810843,0.0,0.0,-2.285185426202467,1.8253008565145843,-0.0006489014492618619,0.0008388154741342049,nan,nan,nan,nan,nan,nan,nan,nan,nan,nan,nan,nan,nan,nan,nan,nan,nan,nan,nan,nan,nan,nan,nan,nan,nan,nan,nan,nan,nan,nan,nan,nan,nan,nan,nan,nan,nan,nan,nan,nan,nan,nan,nan,nan,nan,nan,nan,nan,nan,nan,nan,nan,nan,nan,nan,nan,nan,nan,nan,nan,nan,nan,nan,0.1827606184001316
1791061009.921519,-0.4616978467837808,0.6629485864115378,-3.1374065936802107,-0.00031494705980344404,0.06689754537766228,0.19981103182035015,0.0,0.0,0.0,-0.49630397256377745,-0.5206130944417972,-0.1809046938966241,-0.0029327367833561478,0.6487015734496125,0.0,0.0,-0.2344215388776592,3.220681553564869,0.0016203804244506732,5.4612957359166116e-05,0.6601899860645022,0.0,0.0,-0.956113264190185,1.5433142957600903,0.010861615221945935,0.20509740909647234,nan,nan,nan,nan,nan,nan,nan,0.8695642525244426,0.0,0.0,1.3357013150283956,2.2315676100004924,-0.04428316165773989,0.17231363877526512,0.38269866208810843,0.0,0.0,-2.2851564422934296,1.8252648054218672,0.0014366659149757785,-0.00021223764577476338,nan,nan,nan,nan,nan,nan,nan,nan,nan,nan,nan,nan,nan,nan,nan,nan,nan,nan,nan,nan,nan,nan,nan,nan,nan,nan,nan,nan,nan,nan,nan,nan,nan,nan,nan,nan,nan,nan,nan,nan,nan,nan,nan,nan,nan,nan,nan,nan,nan,nan,nan,nan,nan,nan,nan,nan,nan,nan,nan,nan,nan,nan,nan,0.16331884753256884
1791061010.020007,-0.4775309542225357,0.6630169034477077,-3.1365515405959257,-0.00028497842992110845,0.06053194292145548,0.19982901298370628,0.0,0.0,0.0,-0.5148612406572969,-0.5209362943322545,-0.19060714157667985,-0.006790700681081051,0.6487015734496125,0.0,0.0,-0.23444496681097624,3.2206923080163588,0.00590892788764911,0.0001748598238338815,0.6601899860645022,0.0,0.0,-0.9574530039997544,1.5655136784957,-0.015556861589676091,0.21078435039764598,nan,nan,nan,nan,nan,nan,nan,0.8695642525244426,0.0,0.0,1.3354248868459961,2.2491205765376283,-0.012954430579783797,0.19319425625179243,0.38269866208810843,0.0,0.0,-2.285156461186108,1.8252894070767196,-0.0007959828100006242,0.005066661860087349,nan,nan,nan,nan,nan,nan,nan,nan,nan,nan,nan,nan,nan,nan,nan,nan,nan,nan,nan,nan,nan,nan,nan,nan,nan,nan,nan,nan,nan,nan,nan,nan,nan,nan,nan,nan,nan,nan,nan,nan,nan,nan,nan,nan,nan,nan,nan,nan,nan,nan,nan,nan,nan,nan,nan,nan,nan,nan,nan,nan,nan,nan,nan,0.17002209193697007
1791061010.1199732,-0.49461037560785076,0.6631776597025507,-3.1343570090746664,-0.00025785914681050254,0.05477156695975047,0.19984528454277542,0.0,0.0,0.0,-0.5328679944334306,-0.5211985200868345,-0.18225660317199616,-0.004285891019499885,0.6487015734496125,0.0,0.0,-0.23450023706080234,3.220697283691316,-0.0031485004025122434,0.0008842530671852155,0.6601899860645022,0.0,0.0,-0.9583998185378896,1.5877135724673106,-0.018957836408050675,0.22561004319390826,nan,nan,nan,nan,nan,nan,nan,0.8695642525244426,0.0,0.0,1.3350297170097407,2.26823058665402,0.010075957298364427,0.18712782733529737,0.38269866208810843,0.0,0.0,-2.2851866552407842,1.825297141332419,-0.000838169598244307,0.00014775383706231403,nan,nan,nan,nan,nan,nan,nan,nan,nan,nan,nan,nan,nan,nan,nan,nan,nan,nan,nan,nan,nan,nan,nan,nan,nan,nan,nan,nan,nan,nan,nan,nan,nan,nan,nan,nan,nan,nan,nan,nan,nan,nan,nan,nan,nan,nan,nan,nan,nan,nan,nan,nan,nan,nan,nan,nan,nan,nan,nan,nan,nan,nan,nan,0.1756700295771225
1791061010.219961,-0.5118829812495269,0.6632595120397851,-3.1329863276164653,-0.00023332238633884877,0.04955974168315413,0.19986000659106015,0.0,0.0,0.0,-0.5503456992711538,-0.5214586019962636,-0.16280007877282573,-0.0003152087445317022,0.6487015734496125,0.0,0.0,-0.2192905781360065,3.221970788432856,0.0004679570396761898,0.0006713875945503424,0.6601899860645022,0.0,0.0,-0.9595839523978305,1.6096822631213257,-0.017705434194196307,0.23211781055635716,nan,nan,nan,nan,nan,nan,nan,0.8695642525244426,0.0,0.0,1.3335921399735626,2.288295675184493,-0.01767785306487491,0.19619885586513536,0.38269866208810843,0.0,0.0,-2.285171045749696,1.8252981516212465,3.240202831379332e-05,0.001779711036093758,nan,nan,nan,nan,nan,nan,nan,nan,nan,nan,nan,nan,nan,nan,nan,nan,nan,nan,nan,nan,nan,nan,nan,nan,nan,nan,nan,nan,nan,nan,nan,nan,nan,nan,nan,nan,nan,nan,nan,nan,nan,nan,nan,nan,nan,nan,nan,nan,nan,nan,nan,nan,nan,nan,nan,nan,nan,nan,nan,nan,nan,nan,nan,0.14584263980477236
1791061010.3199804,-0.5286591230084395,0.6631204210012351,-3.1300271322347446,-0.00021111882569421653,0.04484350871785207,0.19987332872152114,0.0,0.0,0.0,-0.5673230025561901,-0.521788284735948,-0.1789574122287874,-0.004841581602299288,0.6487015734496125,0.0,0.0,-0.219221428546831,3.221938364807226,0.003831452599441363,-0.0039195922353220955,0.6601899860645022,0.0,0.0,-0.9608600672583522,1.6315553989600706,-0.002989589091485269,0.22106860974185122,nan,nan,nan,nan,nan,nan,nan,0.8695642525244426,0.0,0.0,1.3332054156822446,2.3071417623510886,-0.004764699672885954,0.2130122721221437,0.38269866208810843,0.0,0.0,-2.2851353376738293,1.825273113408794,-0.00030352839114071293,0.0005039432264124064,nan,nan,nan,nan,nan,nan,nan,nan,nan,nan,nan,nan,nan,nan,nan,nan,nan,nan,nan,nan,nan,nan,nan,nan,nan,nan,nan,nan,nan,nan,nan,nan,nan,nan,nan,nan,nan,nan,nan,nan,nan,nan,nan,nan,nan,nan,nan,nan,nan,nan,nan,nan,nan,nan,nan,nan,nan,nan,nan,nan,nan,nan,nan,0.14501847425083106
1791061010.420034,-0.544115325643198,0.6633711148345123,-3.128857230372601,-0.00019102957963011688,0.04057637489855285,0.19988538226476993,0.0,0.0,0.0,-0.5848278455392637,-0.5221178409174103,-0.17445491120323195,-0.0021417936490732196,0.6487015734496125,0.0,0.0,-0.21925007417792838,3.2219524527515935,0.0054010628701650866,-0.0013197730576506282,0.6601899860645022,0.0,0.0,-0.9625215130390444,1.6536429934451045,-0.027890477098537734,0.21574078410807357,nan,nan,nan,nan,nan,nan,nan,0.8695642525244426,0.0,0.0,1.3335878906349248,2.325439229350774,0.04621198271779606,0.15608317083307882,0.38269866208810843,0.0,0.0,-2.2851689094058476,1.8252459904579328,-0.0006811862814168953,-0.004926072690139973,nan,nan,nan,nan,nan,nan,nan,nan,nan,nan,nan,nan,nan,nan,nan,nan,nan,nan,nan,nan,nan,nan,nan,nan,nan,nan,nan,nan,nan,nan,nan,nan,nan,nan,nan,nan,nan,nan,nan,nan,nan,nan,nan,nan,nan,nan,nan,nan,nan,nan,nan,nan,nan,nan,nan,nan,nan,nan,nan,nan,nan,nan,nan,0.16439563772692203
1791061010.5189927,-0.5619197570732782,0.6636166307786715,-3.1295422942630697,-0.0001728717210370346,0.036719484886783914,0.19989627697667697,0.0,0.0,0.0,-0.6040610634299557,-0.522468816954201,-0.18050122965964743,-0.005718121577763242,0.6487015734496125,0.0,0.0,-0.219254383688865,3.2219395180514505,0.003612905470152872,-0.002140481238112941,0.6601899860645022,0.0,0.0,-0.9639790253496386,1.6779150055386245,-0.013204074736963004,0.2173694555493995,nan,nan,nan,nan,nan,nan,nan,0.8695642525244426,0.0,0.0,1.3327874479615276,2.34619203976476,0.03018229432534216,0.19027443162686616,0.38269866208810843,0.0,0.0,-2.2851467350567867,1.825274719234357,-0.0007629243085162563,0.0010018580360266279,nan,nan,nan,nan,nan,nan,nan,nan,nan,nan,nan,nan,nan,nan,nan,nan,nan,nan,nan,nan,nan,nan,nan,nan,nan,nan,nan,nan,nan,nan,nan,nan,nan,nan,nan,nan,nan,nan,nan,nan,nan,nan,nan,nan,nan,nan,nan,nan,nan,nan,nan,nan,nan,nan,nan,nan,nan,nan,nan,nan,nan,nan,nan,0.1615360239328675
1791061010.61989,-0.5766030295376702,0.6635687541136588,-3.1274542828760405,-0.0001564208017659906,0.03322516390748741,0.19990614752582941,0.0,0.0,0.0,-0.6195376551747467,-0.5227457241022055,-0.1863984375225513,-0.0035978024210151834,0.6487015734496125,0.0,0.0,-0.21929593505790937,3.221983470960585,4.195252562836445e-05,0.00178153124611645,0.6601899860645022,0.0,0.0,-0.9651251054726337,1.6980688360365483,-0.022773118191182974,0.2323221168567501,nan,nan,nan,nan,nan,nan,nan,0.8695642525244426,0.0,0.0,1.3323144271278693,2.362086138222226,0.006468071565559084,0.2063708320085148,0.38269866208810843,0.0,0.0,-2.2851468875700647,1.8252806015359135,-0.0002371430339831081,-6.924791469920243e-05,nan,nan,nan,nan,nan,nan,nan,nan,nan,nan,nan,nan,nan,nan,nan,nan,nan,nan,nan,nan,nan,nan,nan,nan,nan,nan,nan,nan,nan,nan,nan,nan,nan,nan,nan,nan,nan,nan,nan,nan,nan,nan,nan,nan,nan,nan,nan,nan,nan,nan,nan,nan,nan,nan,nan,nan,nan,nan,nan,nan,nan,nan,nan,0.16328673116224796
1791061010.7207022,-0.5931867193929646,0.6635498701538501,-3.1281978995697566,-0.00014153539444356904,0.03006337153375275,0.19991507876843737,0.0,0.0,0.0,-0.636624778952889,-0.5230978199058146,-0.15762522861499548,-0.00368250357829278,0.6487015734496125,0.0,0.0,-0.2192321739417322,3.2219502598823073,0.004161081121581452,-0.001981424909268419,0.6601899860645022,0.0,0.0,-0.9659843833480337,1.719641861337186,0.01680918512915765,0.19815688550563199,nan,nan,nan,nan,nan,nan,nan,0.8695642525244426,0.0,0.0,1.3313074225162898,2.3800322154843037,-0.02072244583411749,0.19763529530077947,0.38269866208810843,0.0,0.0,-2.2851629447610127,1.825284693059423,-0.00017616757386018937,-0.0008142541397930156,nan,nan,nan,nan,nan,nan,nan,nan,nan,nan,nan,nan,nan,nan,nan,nan,nan,nan,nan,nan,nan,nan,nan,nan,nan,nan,nan,nan,nan,nan,nan,nan,nan,nan,nan,nan,nan,nan,nan,nan,nan,nan,nan,nan,nan,nan,nan,nan,nan,nan,nan,nan,nan,nan,nan,nan,nan,nan,nan,nan,nan,nan,nan,0.1729885925455754
1791061010.8199759,-0.6096993869109181,0.6635519733847476,-3.1283322056873386,-0.00012806744606716548,0.0272026599963383,0.19992315953614057,0.0,0.0,0.0,-0.6536974050948489,-0.5234807383413288,-0.17129273425815128,-0.006381240508785248,0.6487015734496125,0.0,0.0,-0.21926948311958142,3.2219565940593413,-0.0006627273580334616,-0.0008294073864418903,0.6601899860645022,0.0,0.0,-0.9673154882981262,1.7421092089851629,0.012013573178071134,0.20952552632682095,nan,nan,nan,nan,nan,nan,nan,0.8695642525244426,0.0,0.0,1.3302842066852876,2.3985408209861934,-0.062183634244610625,0.2318704155754723,0.38269866208810843,0.0,0.0,-2.2851938243499674,1.825292418356956,-0.0007887209171123047,-0.00047100036326145223,nan,nan,nan,nan,nan,nan,nan,nan,nan,nan,nan,nan,nan,nan,nan,nan,nan,nan,nan,nan,nan,nan,nan,nan,nan,nan,nan,nan,nan,nan,nan,nan,nan,nan,nan,nan,nan,nan,nan,nan,nan,nan,nan,nan,nan,nan,nan,nan,nan,nan,nan,nan,nan,nan,nan,nan,nan,nan,nan,nan,nan,nan,nan,0.16165543181202705
1791061010.9199638,-0.6259441536052358,0.6635247212217469,-3.128239842254719,-0.00011588021727195742,0.02461398464288619,0.19993047187243776,0.0,0.0,0.0,-0.6707191659339024,-0.5238266693365997,-0.1728644690792387,-0.006430878780461459,0.6487015734496125,0.0,0.0,-0.21927313866075768,3.221956909980224,0.003968687404162619,-0.002274811495240592,0.6601899860645022,0.0,0.0,-0.9687731340546853,1.7643832709472103,-0.015131096675671508,0.21215413016258872,nan,nan,nan,nan,nan,nan,nan,0.8695642525244426,0.0,0.0,1.3309590190899574,2.4191449216750827,0.04384311215411694,0.19728235606734376,0.38269866208810843,0.0,0.0,-2.285143326795466,1.8252673618735031,-0.00039193796445248925,0.002221004185802603,nan,nan,nan,nan,nan,nan,nan,nan,nan,nan,nan,nan,nan,nan,nan,nan,nan,nan,nan,nan,nan,nan,nan,nan,nan,nan,nan,nan,nan,nan,nan,nan,nan,nan,nan,nan,nan,nan,nan,nan,nan,nan,nan,nan,nan,nan,nan,nan,nan,nan,nan,nan,nan,nan,nan,nan,nan,nan,nan,nan,nan,nan,nan,0.15225146698874056
1791061011.0225487,-0.6440134036872786,0.663501504661878,-3.1278762853097453,-0.0001048527566322637,0.022271654319165453,0.19993708834809562,0.0,0.0,0.0,-0.6878957212225998,-0.5240534999868866,-0.1593631987920136,0.001288161140079653,0.6487015734496125,0.0,0.0,-0.2192327580123227,3.2219233929758815,-0.00028094403722061416,-0.0023563959902995167,0.6601899860645022,0.0,0.0,-0.9697998595879359,1.7887557405605015,-0.0008732939264156359,0.21306988613000571,nan,nan,nan,nan,nan,nan,nan,0.8695642525244426,0.0,0.0,1.3298786009057593,2.443999332884365,-0.05110678382692012,0.23824259093619682,0.38269866208810843,0.0,0.0,-2.28513375751025,1.825260852732532,-0.0013543802437734351,0.0018221151334899938,nan,nan,nan,nan,nan,nan,nan,nan,nan,nan,nan,nan,nan,nan,nan,nan,nan,nan,nan,nan,nan,nan,nan,nan,nan,nan,nan,nan,nan,nan,nan,nan,nan,nan,nan,nan,nan,nan,nan,nan,nan,nan,nan,nan,nan,nan,nan,nan,nan,nan,nan,nan,nan,nan,nan,nan,nan,nan,nan,nan,nan,nan,nan,0.16657352074971082
1791061011.120091,-0.658993790090012,0.66365026030483,-3.125979544287724,-9.48837989076851e-05,0.020154159391083892,0.199943069722193,0.0,0.0,0.0,-0.7044923692417339,-0.5243921664395937,-0.16438045140330917,-0.003824816271882361,0.6487015734496125,0.0,0.0,-0.2192338719265128,3.2219530200101207,0.007542989257535294,-3.720867197016457e-05,0.6601899860645022,0.0,0.0,-0.9708936769635771,1.8084080988635514,-0.01753270758042228,0.2044889049769653,nan,nan,nan,nan,nan,nan,nan,0.8695642525244426,0.0,0.0,1.3294612658896074,2.4634090673738127,-0.010734657870259828,0.2171286901664408,0.38269866208810843,0.0,0.0,-2.285151747198361,1.8252645565675203,-0.003030951240175761,0.000754106357992473,nan,nan,nan,nan,nan,nan,nan,nan,nan,nan,nan,nan,nan,nan,nan,nan,nan,nan,nan,nan,nan,nan,nan,nan,nan,nan,nan,nan,nan,nan,nan,nan,nan,nan,nan,nan,nan,nan,nan,nan,nan,nan,nan,nan,nan,nan,nan,nan,nan,nan,nan,nan,nan,nan,nan,nan,nan,nan,nan,nan,nan,nan,nan,0.16751055543719054
1791061011.2199683,-0.6756668191916881,0.6638301905553313,-3.12352180375768,-8.585441164528894e-05,0.018236237552106856,0.19994848735415194,0.0,0.0,0.0,-0.7216389869272851,-0.5247079600765542,-0.18105988462379005,-0.004145312068947045,0.6487015734496125,0.0,0.0,-0.2193560753587829,3.221997837540571,-0.005830998697426546,0.002576334694989512,0.6601899860645022,0.0,0.0,-0.971804856121579,1.8302499637492178,0.00043801187527797193,0.23635937922013683,nan,nan,nan,nan,nan,nan,nan,0.8695642525244426,0.0,0.0,1.3286166709834648,2.4850975681717213,0.013133676119795875,0.21112451907289412,0.38269866208810843,0.0,0.0,-2.285165073463184,1.8252738121018273,0.00026336268189315046,0.0016802959430463787,nan,nan,nan,nan,nan,nan,nan,nan,nan,nan,nan,nan,nan,nan,nan,nan,nan,nan,nan,nan,nan,nan,nan,nan,nan,nan,nan,nan,nan,nan,nan,nan,nan,nan,nan,nan,nan,nan,nan,nan,nan,nan,nan,nan,nan,nan,nan,nan,nan,nan,nan,nan,nan,nan,nan,nan,nan,nan,nan,nan,nan,nan,nan,0.1547421096990928
1791061011.3199482,-0.6924918134274461,0.6637496265103335,-3.1220643669659363,-7.76846816191823e-05,0.016500914525164466,0.1999533891918724,0.0,0.0,0.0,-0.7386488597560037,-0.525081252676662,-0.15458808085520603,-0.0017610043661605039,0.6487015734496125,0.0,0.0,-0.21928742621415231,3.221975704210003,-0.0008739305013652624,0.0001340175617732724,0.6601899860645022,0.0,0.0,-0.9736379470670138,1.8520716294849198,-0.0229674208547355,0.20870277076361451,nan,nan,nan,nan,nan,nan,nan,0.8695642525244426,0.0,0.0,1.3267218732362454,2.507382969114698,-0.047545502935147,0.20572894848744075,0.38269866208810843,0.0,0.0,-2.2851549547985957,1.8252737033695825,0.0014850730278461858,-0.0013150020626270674,nan,nan,nan,nan,nan,nan,nan,nan,nan,nan,nan,nan,nan,nan,nan,nan,nan,nan,nan,nan,nan,nan,nan,nan,nan,nan,nan,nan,nan,nan,nan,nan,nan,nan,nan,nan,nan,nan,nan,nan,nan,nan,nan,nan,nan,nan,nan,nan,nan,nan,nan,nan,nan,nan,nan,nan,nan,nan,nan,nan,nan,nan,nan,0.17078277387507956
1791061011.4202414,-0.7095242489219958,0.6630022944862024,-3.1216430340364583,-7.029200676034787e-05,0.014930644899088815,0.19995782479656896,0.0,0.0,0.0,-0.7554727491008774,-0.5254434599210301,-0.17303899653163846,-0.00450397232040539,0.6487015734496125,0.0,0.0,-0.21924160853739658,3.2219673463135985,0.0008331595453904338,0.0010412666277743354,0.6601899860645022,0.0,0.0,-0.9755243322482446,1.8740675263336841,-0.027083033601004978,0.22632420942640202,nan,nan,nan,nan,nan,nan,nan,0.8695642525244426,0.0,0.0,1.3276495095928524,2.5298038189384915,0.010251893107991059,0.21605646986070742,0.38269866208810843,0.0,0.0,-2.2851539399856833,1.8252779672791144,0.0025950094069539355,-0.0016566602153988232,nan,nan,nan,nan,nan,nan,nan,nan,nan,nan,nan,nan,nan,nan,nan,nan,nan,nan,nan,nan,nan,nan,nan,nan,nan,nan,nan,nan,nan,nan,nan,nan,nan,nan,nan,nan,nan,nan,nan,nan,nan,nan,nan,nan,nan,nan,nan,nan,nan,nan,nan,nan,nan,nan,nan,nan,nan,nan,nan,nan,nan,nan,nan,0.17456078410798648
1791061011.519963,-0.7259818857045586,0.6630593550009505,-3.119705824540177,-6.360379445711558e-05,0.013510009360118693,0.1999618377237889,0.0,0.0,0.0,-0.7725552762341834,-0.525774897210145,-0.1761203189709207,-0.0029445988644682046,0.6487015734496125,0.0,0.0,1.361359024417969,2.5737504996371086,26.948273899842295,-10.920755959259147,0.6601899860645022,0.0,0.0,-0.9769406995784897,1.8961512173883475,-0.0025387045822528654,0.2140250820928476,nan,nan,nan,nan,nan,nan,nan,0.8695642525244426,0.0,0.0,1.3260251114658754,2.5475804124214143,-0.07127344179663797,0.2674918814874121,0.38269866208810843,0.0,0.0,-2.285145786920012,1.8252835053257823,0.0005755446469382647,-0.0006684216109208648,nan,nan,nan,nan,nan,nan,nan,nan,nan,nan,nan,nan,nan,nan,nan,nan,nan,nan,nan,nan,nan,nan,nan,nan,nan,nan,nan,nan,nan,nan,nan,nan,nan,nan,nan,nan,nan,nan,nan,nan,nan,nan,nan,nan,nan,nan,nan,nan,nan,nan,nan,nan,nan,nan,nan,nan,nan,nan,nan,nan,nan,nan,nan,0.15345833244877546
1791061011.6199613,-0.7423260224881674,0.6630061140416776,-3.1187036182585626,-5.7551093172780436e-05,0.012224361991068968,0.19996546934443946,0.0,0.0,0.0,-0.7895648326710484,-0.5261124000863496,-0.15791701574760622,0.0010684117126490492,0.6487015734496125,0.0,0.0,-0.21955575323328502,3.223784017315204,-0.03651717931263726,0.08072259595917416,0.6601899860645022,0.0,0.0,-0.9787518869280797,1.9183649794034003,-0.012768950142149344,0.2212711167538315,nan,nan,nan,nan,nan,nan,nan,0.8695642525244426,0.0,0.0,1.3263892319432804,2.5735093288470487,-0.04753819702918021,0.269174674239687,0.38269866208810843,0.0,0.0,-2.2851993525329015,1.8253256718675606,-0.0029363329625698435,0.002195737392641629,nan,nan,nan,nan,nan,nan,nan,nan,nan,nan,nan,nan,nan,nan,nan,nan,nan,nan,nan,nan,nan,nan,nan,nan,nan,nan,nan,nan,nan,nan,nan,nan,nan,nan,nan,nan,nan,nan,nan,nan,nan,nan,nan,nan,nan,nan,nan,nan,nan,nan,nan,nan,nan,nan,nan,nan,nan,nan,nan,nan,nan,nan,nan,0.16379615261645816
1791061011.7215023,-0.7608446623600772,0.6632353382202342,-3.1185070630586065,-5.2074382568719776e-05,0.01106106014477097,0.19996875537071296,0.0,0.0,0.0,-0.8078931082281281,-0.5264785170225452,-0.18107104969517843,-0.0024942821838289733,0.6487015734496125,0.0,0.0,-0.2215755633666877,3.239960257703082,-0.04034610916145561,0.1553470938093598,0.6601899860645022,0.0,0.0,-0.9807923093053142,1.9404715673601556,-0.021786417717174926,0.22293296178888716,nan,nan,nan,nan,nan,nan,nan,0.8695642525244426,0.0,0.0,1.325826548484226,2.595199907745111,-0.0014051819916947924,0.22570715384406237,0.38269866208810843,0.0,0.0,-2.2851506110325728,1.8253068490571902,0.0002875392331092253,0.0009992175055587849,nan,nan,nan,nan,nan,nan,nan,nan,nan,nan,nan,nan,nan,nan,nan,nan,nan,nan,nan,nan,nan,nan,nan,nan,nan,nan,nan,nan,nan,nan,nan,nan,nan,nan,nan,nan,nan,nan,nan,nan,nan,nan,nan,nan,nan,nan,nan,nan,nan,nan,nan,nan,nan,nan,nan,nan,nan,nan,nan,nan,nan,nan,nan,0.18897804837275214
1791061011.8199787,-0.7765895307070281,0.6631160297687163,-3.118569647974457,-4.7119983295416614e-05,0.010008701851882946,0.19997172801021107,0.0,0.0,0.0,-0.8233124986633175,-0.5267846974304289,-0.1808228405376649,-0.002404995932059464,0.6487015734496125,0.0,0.0,-0.23652291235060244,3.2373824541089298,0.0073705942154904305,0.011182497266537555,0.6601899860645022,0.0,0.0,-0.9824009224968066,1.9625558813986357,-0.020816815550883286,0.22489381957472324,nan,nan,nan,nan,nan,nan,nan,0.8695642525244426,0.0,0.0,1.3246075380886138,2.6180222503620407,-0.003870863935721376,0.2273316358313998,0.38269866208810843,0.0,0.0,-2.2851788777700173,1.8252999890679862,-0.0016256609762649473,0.0009978870153594286,nan,nan,nan,nan,nan,nan,nan,nan,nan,nan,nan,nan,nan,nan,nan,nan,nan,nan,nan,nan,nan,nan,nan,nan,nan,nan,nan,nan,nan,nan,nan,nan,nan,nan,nan,nan,nan,nan,nan,nan,nan,nan,nan,nan,nan,nan,nan,nan,nan,nan,nan,nan,nan,nan,nan,nan,nan,nan,nan,nan,nan,nan,nan,0.17026354477565445
1791061011.922104,-0.7966459428083629,0.6628406003367875,-3.1197953348488543,-4.263592403693456e-05,0.009056247944525817,0.19997441844571737,0.0,0.0,0.0,-0.8407421059407598,-0.5270921131541758,-0.1682431808343619,-0.0011292485419616132,0.6487015734496125,0.0,0.0,-0.2368848206670715,3.2408447413010273,-0.0075802736345564545,0.015900212132054076,0.6601899860645022,0.0,0.0,-0.9839173539809911,1.984444540977267,-0.032191348773933606,0.2118654239811685,nan,nan,nan,nan,nan,nan,nan,0.8695642525244426,0.0,0.0,1.3245210495313628,2.640922796976282,-0.012451366907056876,0.25171582223947997,0.38269866208810843,0.0,0.0,-2.285171863889109,1.8253220015770657,0.0005251161126883423,-0.0007748334035606738,nan,nan,nan,nan,nan,nan,nan,nan,nan,nan,nan,nan,nan,nan,nan,nan,nan,nan,nan,nan,nan,nan,nan,nan,nan,nan,nan,nan,nan,nan,nan,nan,nan,nan,nan,nan,nan,nan,nan,nan,nan,nan,nan,nan,nan,nan,nan,nan,nan,nan,nan,nan,nan,nan,nan,nan,nan,nan,nan,nan,nan,nan,nan,0.18861946117413533
1791061012.01996,-0.812300424456765,0.6627158049674123,-3.120706286916797,-3.858160901241136e-05,0.00819507551923743,0.19997685103469595,0.0,0.0,0.0,-0.8578411739526101,-0.5274734845623306,-0.17227939192901656,-0.001292360318129091,0.6487015734496125,0.0,0.0,-0.23642690027568514,3.240621074466084,-0.0052005281611958686,0.0029527580345287707,0.6601899860645022,0.0,0.0,-0.9852353151879303,2.0064499342410214,-0.0082440789536886,0.2033810876498245,nan,nan,nan,nan,nan,nan,nan,0.8695642525244426,0.0,0.0,1.3232674134372486,2.662448303046673,-0.06613623564032936,0.21950118399127622,0.38269866208810843,0.0,0.0,-2.28513431995683,1.825319484731825,0.0027792363665467825,-0.0006646466900643488,nan,nan,nan,nan,nan,nan,nan,nan,nan,nan,nan,nan,nan,nan,nan,nan,nan,nan,nan,nan,nan,nan,nan,nan,nan,nan,nan,nan,nan,nan,nan,nan,nan,nan,nan,nan,nan,nan,nan,nan,nan,nan,nan,nan,nan,nan,nan,nan,nan,nan,nan,nan,nan,nan,nan,nan,nan,nan,nan,nan,nan,nan,nan,0.17420168671605382
1791061012.1222472,-0.8311130402794408,0.6623233446843109,-3.119578249091847,-3.4910083493936363e-05,0.007415210975873498,0.19997905394998022,0.0,0.0,0.0,-0.8768126321792582,-0.5278310665014857,-0.16507690489554588,-0.0009027073816442394,0.6487015734496125,0.0,0.0,-0.23647748443188127,3.240637010376662,0.006939230876418791,-0.00012919370332888243,0.6601899860645022,0.0,0.0,-0.9877259452929567,2.030908674914846,-0.013350991536056386,0.22068517686378886,nan,nan,nan,nan,nan,nan,nan,0.8695642525244426,0.0,0.0,1.3232975234184132,2.6864126366114065,-0.046714095829704746,0.236615126441043,0.38269866208810843,0.0,0.0,-2.2851288984684754,1.825304166720645,0.0014976502121458756,5.307188990685065e-05,nan,nan,nan,nan,nan,nan,nan,nan,nan,nan,nan,nan,nan,nan,nan,nan,nan,nan,nan,nan,nan,nan,nan,nan,nan,nan,nan,nan,nan,nan,nan,nan,nan,nan,nan,nan,nan,nan,nan,nan,nan,nan,nan,nan,nan,nan,nan,nan,nan,nan,nan,nan,nan,nan,nan,nan,nan,nan,nan,nan,nan,nan,nan,0.1585119683541621
1791061012.2212389,-0.8484743693116267,0.6624028545979349,-3.1193721364973,-3.1588060317234405e-05,0.006709583825876416,0.19998104716386642,0.0,0.0,0.0,-0.8929546328478064,-0.5281905756564113,-0.17874380555296357,-0.0027977818516775055,0.6487015734496125,0.0,0.0,-0.23653456182612073,3.240663885545319,-0.00735334194559301,0.0010434465645872391,0.6601899860645022,0.0,0.0,-0.9896123618613178,2.0505829257529222,-0.02866502535905606,0.22092523855850776,nan,nan,nan,nan,nan,nan,nan,0.8695642525244426,0.0,0.0,1.323651055682823,2.7060809906527328,0.07187510705317188,0.21860301650754427,0.38269866208810843,0.0,0.0,-2.2851971243347995,1.8252738263847073,-0.004813971917116314,-0.0010080741899053465,nan,nan,nan,nan,nan,nan,nan,nan,nan,nan,nan,nan,nan,nan,nan,nan,nan,nan,nan,nan,nan,nan,nan,nan,nan,nan,nan,nan,nan,nan,nan,nan,nan,nan,nan,nan,nan,nan,nan,nan,nan,nan,nan,nan,nan,nan,nan,nan,nan,nan,nan,nan,nan,nan,nan,nan,nan,nan,nan,nan,nan,nan,nan,0.17744353793970244
1791061012.3206131,-0.8631677952559318,0.66234700348822,-3.1179764880543455,-2.8582058947603995e-05,0.006071082507097106,0.19998285076467348,0.0,0.0,0.0,-0.9109315819139946,-0.528659110474415,-0.18145335519648143,-0.005689155909895651,0.6487015734496125,0.0,0.0,-0.2363730874774317,3.240627552392981,0.002841846366354186,0.00012602528307732502,0.6601899860645022,0.0,0.0,-0.9912733806469485,2.0726314404899604,-0.023340359094579495,0.21149172446627862,nan,nan,nan,nan,nan,nan,nan,0.8695642525244426,0.0,0.0,1.321749036326171,2.7282951434612586,-0.0834660578788794,0.21226041647697097,0.38269866208810843,0.0,0.0,-2.285145579390273,1.8253086769091464,0.0008723894250682413,0.0001746662062760733,nan,nan,nan,nan,nan,nan,nan,nan,nan,nan,nan,nan,nan,nan,nan,nan,nan,nan,nan,nan,nan,nan,nan,nan,nan,nan,nan,nan,nan,nan,nan,nan,nan,nan,nan,nan,nan,nan,nan,nan,nan,nan,nan,nan,nan,nan,nan,nan,nan,nan,nan,nan,nan,nan,nan,nan,nan,nan,nan,nan,nan,nan,nan,0.1648773888791425
1791061012.4215612,-0.8818924859196695,0.6621826263304009,-3.116102160676073,-2.5862681755181443e-05,0.005493462702541375,0.19998448239097805,0.0,0.0,0.0,-0.9311304263390724,-0.5291892810036612,-0.18688743651188255,-0.006595797297589623,0.6487015734496125,0.0,0.0,-0.22137289945030358,3.2422434639631814,0.02547498819917759,0.0011721657482839031,0.6601899860645022,0.0,0.0,-0.9932017355717004,2.0968943150659474,-0.03845946800747653,0.21181503111265237,nan,nan,nan,nan,nan,nan,nan,0.8695642525244426,0.0,0.0,1.3233991703075751,2.751279964577704,0.05460979451624735,0.2804648263564601,0.38269866208810843,0.0,0.0,-2.285143387538381,1.825276518794764,-9.332951383442766e-05,-0.0017483345107856302,nan,nan,nan,nan,nan,nan,nan,nan,nan,nan,nan,nan,nan,nan,nan,nan,nan,nan,nan,nan,nan,nan,nan,nan,nan,nan,nan,nan,nan,nan,nan,nan,nan,nan,nan,nan,nan,nan,nan,nan,nan,nan,nan,nan,nan,nan,nan,nan,nan,nan,nan,nan,nan,nan,nan,nan,nan,nan,nan,nan,nan,nan,nan,0.16994065459465793
1791061012.5219152,-0.8986154576964588,0.6622282350691621,-3.1140693404191033,-2.340152219053498e-05,0.004970690609477994,0.19998595908670877,0.0,0.0,0.0,-0.9491664224269564,-0.5296602573102256,-0.182210018380705,-0.0022986305909714374,0.6487015734496125,0.0,0.0,-0.2213984923131418,3.24225374636007,0.0010258531151782944,0.00029283330193243337,0.6601899860645022,0.0,0.0,-0.9956668698961538,2.1203684694302427,-0.01885233774877104,0.21733810777876017,nan,nan,nan,nan,nan,nan,nan,0.8695642525244426,0.0,0.0,1.3225432688309622,2.7724612494161116,-0.032188384960952623,0.22045336935968501,0.38269866208810843,0.0,0.0,-2.2851314550317308,1.8253091502251007,0.001126207084272816,0.0009276072134787911,nan,nan,nan,nan,nan,nan,nan,nan,nan,nan,nan,nan,nan,nan,nan,nan,nan,nan,nan,nan,nan,nan,nan,nan,nan,nan,nan,nan,nan,nan,nan,nan,nan,nan,nan,nan,nan,nan,nan,nan,nan,nan,nan,nan,nan,nan,nan,nan,nan,nan,nan,nan,nan,nan,nan,nan,nan,nan,nan,nan,nan,nan,nan,0.18077142935005616
1791061012.6223104,-0.9152737853341713,0.6620996271877578,-3.1119212751724077,-2.117591901319368e-05,0.004497952779692321,0.1999872944486092,0.0,0.0,0.0,-0.9674200966347682,-0.5301203760871361,-0.17783660015571906,-0.002554148759947067,0.6487015734496125,0.0,0.0,-0.22146894938776873,3.2422498860061517,-0.0026876841513657317,-0.0005185692752369827,0.6601899860645022,0.0,0.0,-0.9976281267253392,2.1425235823293933,-0.036317624300994875,0.2428149690202564,nan,nan,nan,nan,nan,nan,nan,0.8695642525244426,0.0,0.0,1.3228258453336381,2.7938218137035578,0.05726977826437247,0.2197129110088788,0.38269866208810843,0.0,0.0,-2.285164366707934,1.8253092174284486,-0.00019034399976172278,0.00021919434029480522,nan,nan,nan,nan,nan,nan,nan,nan,nan,nan,nan,nan,nan,nan,nan,nan,nan,nan,nan,nan,nan,nan,nan,nan,nan,nan,nan,nan,nan,nan,nan,nan,nan,nan,nan,nan,nan,nan,nan,nan,nan,nan,nan,nan,nan,nan,nan,nan,nan,nan,nan,nan,nan,nan,nan,nan,nan,nan,nan,nan,nan,nan,nan,0.1636688133547565
1791061012.7216468,-0.9324818712357126,0.6618733432135075,-3.1109856216425937,-1.9160763890733918e-05,0.004069915980962039,0.19998850354167824,0.0,0.0,0.0,-0.9837101932176484,-0.5305277425479539,-0.187408956760118,-0.008418212921543673,0.6487015734496125,0.0,0.0,-0.2368459552504538,3.2374799347738357,-0.011342551404718829,-0.0006859835200898898,0.6601899860645022,0.0,0.0,-0.9999886231605979,2.162572134232903,-0.019623174501311232,0.21320212973447322,nan,nan,nan,nan,nan,nan,nan,0.8695642525244426,0.0,0.0,1.3217349707541766,2.816131761505293,-0.07190418479703302,0.22573282679198842,0.38269866208810843,0.0,0.0,-2.2851494136306743,1.8252796519299672,-0.00032717699705080453,-0.003394422057912446,nan,nan,nan,nan,nan,nan,nan,nan,nan,nan,nan,nan,nan,nan,nan,nan,nan,nan,nan,nan,nan,nan,nan,nan,nan,nan,nan,nan,nan,nan,nan,nan,nan,nan,nan,nan,nan,nan,nan,nan,nan,nan,nan,nan,nan,nan,nan,nan,nan,nan,nan,nan,nan,nan,nan,nan,nan,nan,nan,nan,nan,nan,nan,0.17061827659052653
1791061012.8204455,-0.9475684641302149,0.6615397982373661,-3.109987352199719,-1.7337942969623027e-05,0.0036827326703400224,0.1999895972342276,0.0,0.0,0.0,-1.0018925472165097,-0.5309026464467191,-0.17313571027738633,-0.0015926392877822766,0.6487015734496125,0.0,0.0,-0.23681070117158476,3.2374815477576893,-0.0018095023540537747,-0.0006400864163482886,0.6601899860645022,0.0,0.0,-1.0019561958909793,2.1844180768789,-0.020458117934571803,0.20161621812988842,nan,nan,nan,nan,nan,nan,nan,0.8695642525244426,0.0,0.0,1.3217935440659783,2.8348144732067784,-0.016035311212024166,0.18384559684312263,0.38269866208810843,0.0,0.0,-2.285125599502287,1.825312837629226,0.004083799842406032,0.00047744128310449666,nan,nan,nan,nan,nan,nan,nan,nan,nan,nan,nan,nan,nan,nan,nan,nan,nan,nan,nan,nan,nan,nan,nan,nan,nan,nan,nan,nan,nan,nan,nan,nan,nan,nan,nan,nan,nan,nan,nan,nan,nan,nan,nan,nan,nan,nan,nan,nan,nan,nan,nan,nan,nan,nan,nan,nan,nan,nan,nan,nan,nan,nan,nan,0.1765211620922799
1791061012.9221337,-0.9661451788779092,0.6615698698999148,-3.107023432609625,-1.5688410506209635e-05,0.0033323573631630233,0.19999058695370323,0.0,0.0,0.0,-1.02182308157746,-0.5314314656479375,-0.18601044134564512,-0.004329579681100499,0.6487015734496125,0.0,0.0,-0.2367123715243535,3.2374955330542177,-0.002034002366735394,0.0010030128276684513,0.6601899860645022,0.0,0.0,-1.004530364482733,2.2085312692071315,-0.021921633654141546,0.20817131784949178,nan,nan,nan,nan,nan,nan,nan,0.8695642525244426,0.0,0.0,1.321650699490873,2.856260471741841,-0.05081892223112507,0.15412259286123844,0.38269866208810843,0.0,0.0,-2.2851282327864797,1.8253179123432888,0.001390445630057129,0.0015378394523584212,nan,nan,nan,nan,nan,nan,nan,nan,nan,nan,nan,nan,nan,nan,nan,nan,nan,nan,nan,nan,nan,nan,nan,nan,nan,nan,nan,nan,nan,nan,nan,nan,nan,nan,nan,nan,nan,nan,nan,nan,nan,nan,nan,nan,nan,nan,nan,nan,nan,nan,nan,nan,nan,nan,nan,nan,nan,nan,nan,nan,nan,nan,nan,0.1632113158340065
1791061013.0200524,-0.9819628669002218,0.6612701386982641,-3.1061914307209553,-1.4195460860192269e-05,0.003015241633448504,0.19999148272348904,0.0,0.0,0.0,-1.0381300584843594,-0.5318021311220438,-0.18548636105158128,-0.0052734179889170705,0.6487015734496125,0.0,0.0,-0.2367614574711474,3.237489556799316,0.0019834645664240555,-0.00068700377350812,0.6601899860645022,0.0,0.0,-1.0068842022881705,2.2282173752712215,-0.03406516377766165,0.23103728247461616,nan,nan,nan,nan,nan,nan,nan,0.8695642525244426,0.0,0.0,1.320973859032473,2.8733630237420638,-0.03160541444174099,0.1971298912291755,0.38269866208810843,0.0,0.0,-2.2851488940852027,1.8253066928616957,-0.0006193288030089681,0.0005472617306422365,nan,nan,nan,nan,nan,nan,nan,nan,nan,nan,nan,nan,nan,nan,nan,nan,nan,nan,nan,nan,nan,nan,nan,nan,nan,nan,nan,nan,nan,nan,nan,nan,nan,nan,nan,nan,nan,nan,nan,nan,nan,nan,nan,nan,nan,nan,nan,nan,nan,nan,nan,nan,nan,nan,nan,nan,nan,nan,nan,nan,nan,nan,nan,0.17219876831243322
1791061013.1221912,-1.0006893016681757,0.6609188358899072,-3.1066084925020743,-1.2844584156788252e-05,0.002728303455260727,0.19999229324950973,0.0,0.0,0.0,-1.0585563969179677,-0.5321885865716811,-0.18989943511964358,-0.005306756553034435,0.6487015734496125,0.0,0.0,-0.23677945430374558,3.2374807213522145,0.0028607265798234385,-0.0005685382601876887,0.6601899860645022,0.0,0.0,-1.0097117438901562,2.252177278217743,-0.027118332981053036,0.22917718191576572,nan,nan,nan,nan,nan,nan,nan,0.8695642525244426,0.0,0.0,1.321739929570184,2.8925980590902873,-0.062207057797918866,0.14541185234503212,0.38269866208810843,0.0,0.0,-2.2851078629641584,1.825330736900183,0.002792165316121456,0.0008253710648535652,nan,nan,nan,nan,nan,nan,nan,nan,nan,nan,nan,nan,nan,nan,nan,nan,nan,nan,nan,nan,nan,nan,nan,nan,nan,nan,nan,nan,nan,nan,nan,nan,nan,nan,nan,nan,nan,nan,nan,nan,nan,nan,nan,nan,nan,nan,nan,nan,nan,nan,nan,nan,nan,nan,nan,nan,nan,nan,nan,nan,nan,nan,nan,0.1669494720078226
1791061013.2202294,-1.0154382163937457,0.660534948155948,-3.1066052888194515,-1.162232429051174e-05,0.002468684632597141,0.19999302660542853,0.0,0.0,0.0,-1.0748939850441939,-0.532525051729624,-0.1776168357449955,-0.0037744708874270817,0.6487015734496125,0.0,0.0,-0.2368124914523646,3.2374989351986247,-0.0029901091988339037,0.0011457412814878571,0.6601899860645022,0.0,0.0,-1.0121659915868306,2.2715586358277573,-0.02323349226925578,0.20100134442262996,nan,nan,nan,nan,nan,nan,nan,0.8695642525244426,0.0,0.0,1.322017502279781,2.9061522018977355,0.05068104242971352,0.17816038385187385,0.38269866208810843,0.0,0.0,-2.2851477329524914,1.8252914526908521,-0.0022143115916180033,0.000284090779858979,nan,nan,nan,nan,nan,nan,nan,nan,nan,nan,nan,nan,nan,nan,nan,nan,nan,nan,nan,nan,nan,nan,nan,nan,nan,nan,nan,nan,nan,nan,nan,nan,nan,nan,nan,nan,nan,nan,nan,nan,nan,nan,nan,nan,nan,nan,nan,nan,nan,nan,nan,nan,nan,nan,nan,nan,nan,nan,nan,nan,nan,nan,nan,0.14437096784200731
1791061013.3199227,-1.0316614463780887,0.6601257211362249,-3.106014461686635,-1.0516928550094198e-05,0.0022338887854760165,0.19999368984287205,0.0,0.0,0.0,-1.093051290340782,-0.532852929382699,-0.18000977980144633,-0.002871869574396366,0.6487015734496125,0.0,0.0,-0.23672719540061415,3.2374870633391724,0.0032770807919439353,-0.00046978190469186163,0.6601899860645022,0.0,0.0,-1.014934070828992,2.293273868105985,-0.03566143246782437,0.2164485033785754,nan,nan,nan,nan,nan,nan,nan,0.8695642525244426,0.0,0.0,1.3219985831912986,2.9233664844964293,0.07513409055148551,0.19497840250600285,0.38269866208810843,0.0,0.0,-2.285129357282697,1.8253040037443224,-0.001388495072543747,0.0005006719075072461,nan,nan,nan,nan,nan,nan,nan,nan,nan,nan,nan,nan,nan,nan,nan,nan,nan,nan,nan,nan,nan,nan,nan,nan,nan,nan,nan,nan,nan,nan,nan,nan,nan,nan,nan,nan,nan,nan,nan,nan,nan,nan,nan,nan,nan,nan,nan,nan,nan,nan,nan,nan,nan,nan,nan,nan,nan,nan,nan,nan,nan,nan,nan,0.1605707606802672
1791061013.4201646,-1.0476901635247233,0.6599279136349275,-3.1054146505961215,-9.51611047806336e-06,0.0020213061614939042,0.19999429033371474,0.0,0.0,0.0,-1.1118313603279613,-0.5332624291566744,-0.19733512542898965,-0.0069132233327753815,0.6487015734496125,0.0,0.0,-0.236805298435312,3.2375066118455447,-0.0005223959683564505,0.0006287165716187557,0.6601899860645022,0.0,0.0,-1.0175135213444053,2.3150442245920173,-0.036081463173103186,0.2281054439500847,nan,nan,nan,nan,nan,nan,nan,0.8695642525244426,0.0,0.0,1.319787555097299,2.943764948521711,-0.05065168997397773,0.18621350153190122,0.38269866208810843,0.0,0.0,-2.2851541969446183,1.8252964548718236,-0.0017359812698581225,0.0006044548853568132,nan,nan,nan,nan,nan,nan,nan,nan,nan,nan,nan,nan,nan,nan,nan,nan,nan,nan,nan,nan,nan,nan,nan,nan,nan,nan,nan,nan,nan,nan,nan,nan,nan,nan,nan,nan,nan,nan,nan,nan,nan,nan,nan,nan,nan,nan,nan,nan,nan,nan,nan,nan,nan,nan,nan,nan,nan,nan,nan,nan,nan,nan,nan,0.1772463404783722
1791061013.5224009,-1.0661673211654372,0.6597301231817936,-3.1028244855799305,-8.610532837545634e-06,0.001828953448827404,0.19999483368029863,0.0,0.0,0.0,-1.1327305676082724,-0.5337719319008962,-0.18650647195832973,-0.008552965931386595,0.6487015734496125,0.0,0.0,-0.23673320051178734,3.2374851819832093,0.007090679030703016,-0.0016880679094614841,0.6601899860645022,0.0,0.0,-1.0202017377621178,2.3388349344116754,-0.03253204819686811,0.23289104635966848,nan,nan,nan,nan,nan,nan,nan,0.8695642525244426,0.0,0.0,1.3209960763300927,2.965417414979697,0.015654441978312717,0.17374175972179315,0.38269866208810843,0.0,0.0,-2.285185453142589,1.825312738318933,-0.0017281417743005073,0.001695348175350183,nan,nan,nan,nan,nan,nan,nan,nan,nan,nan,nan,nan,nan,nan,nan,nan,nan,nan,nan,nan,nan,nan,nan,nan,nan,nan,nan,nan,nan,nan,nan,nan,nan,nan,nan,nan,nan,nan,nan,nan,nan,nan,nan,nan,nan,nan,nan,nan,nan,nan,nan,nan,nan,nan,nan,nan,nan,nan,nan,nan,nan,nan,nan,0.16933664102519938
1791061013.6199589,-1.0817845050159496,0.6592781826440729,-3.101298708438348,-7.791485724693912e-06,0.0016549805867450062,0.19999532510856605,0.0,0.0,0.0,-1.149456184278892,-0.5342671678547085,-0.19251154982705404,-0.006512700062551023,0.6487015734496125,0.0,0.0,-0.2367493441742432,3.2374892955364842,-0.0030685612543056785,0.000738725002527273,0.6601899860645022,0.0,0.0,-1.0219045107570006,2.3580143823080726,0.0003932309803086169,0.18979874417559672,nan,nan,nan,nan,nan,nan,nan,0.8695642525244426,0.0,0.0,1.321815632953751,2.9793523778522277,0.1007810112887518,0.18111864882148243,0.38269866208810843,0.0,0.0,-2.285138683657726,1.825308763700154,-0.0003897324993854526,0.00029882886465826134,nan,nan,nan,nan,nan,nan,nan,nan,nan,nan,nan,nan,nan,nan,nan,nan,nan,nan,nan,nan,nan,nan,nan,nan,nan,nan,nan,nan,nan,nan,nan,nan,nan,nan,nan,nan,nan,nan,nan,nan,nan,nan,nan,nan,nan,nan,nan,nan,nan,nan,nan,nan,nan,nan,nan,nan,nan,nan,nan,nan,nan,nan,nan,0.17841815209904904
1791061013.7199628,-1.0991261269052477,0.6590561205180402,-3.098308612355766,-7.05002782811306e-06,0.0014974883615021368,0.1999957699833038,0.0,0.0,0.0,-1.167858961253348,-0.5347009223605815,-0.17179247619940413,-0.005380917239900071,0.6487015734496125,0.0,0.0,-0.2367537840406859,3.237496302935435,0.007890822249488479,0.0007203851134324268,0.6601899860645022,0.0,0.0,-1.0249194197575446,2.3799502538864328,-0.04234732888314186,0.21587563560644427,nan,nan,nan,nan,nan,nan,nan,0.8695642525244426,0.0,0.0,1.3216300830458005,2.9988758738046615,0.09629675807875575,0.22312105403625962,0.38269866208810843,0.0,0.0,-2.2851442865464486,1.825298175573978,-0.00034882405582211176,-0.0006949170544704223,nan,nan,nan,nan,nan,nan,nan,nan,nan,nan,nan,nan,nan,nan,nan,nan,nan,nan,nan,nan,nan,nan,nan,nan,nan,nan,nan,nan,nan,nan,nan,nan,nan,nan,nan,nan,nan,nan,nan,nan,nan,nan,nan,nan,nan,nan,nan,nan,nan,nan,nan,nan,nan,nan,nan,nan,nan,nan,nan,nan,nan,nan,nan,0.1785795617996593
1791061013.8202538,-1.1158212383552404,0.6587323949378905,-3.0963389176110647,-6.379261411189125e-06,0.0013550116327402124,0.19999617244315376,0.0,0.0,0.0,-1.1862566460656079,-0.5351292912927039,-0.19169476196476404,-0.0043115155607050945,0.6487015734496125,0.0,0.0,-0.23676380407170636,3.2375000355148735,0.002428939115630601,-0.0007288769397102316,0.6601899860645022,0.0,0.0,-1.0271249538307832,2.4019240044640426,-0.029623443701459376,0.2334693692331815,nan,nan,nan,nan,nan,nan,nan,0.8695642525244426,0.0,0.0,1.320857874138454,3.019600246126518,-0.030128611108916598,0.21497615654765873,0.38269866208810843,0.0,0.0,-2.285138712368588,1.8253061121177132,-0.0007342035609060725,0.0012613659475598073,nan,nan,nan,nan,nan,nan,nan,nan,nan,nan,nan,nan,nan,nan,nan,nan,nan,nan,nan,nan,nan,nan,nan,nan,nan,nan,nan,nan,nan,nan,nan,nan,nan,nan,nan,nan,nan,nan,nan,nan,nan,nan,nan,nan,nan,nan,nan,nan,nan,nan,nan,nan,nan,nan,nan,nan,nan,nan,nan,nan,nan,nan,nan,0.1557091513439508
1791061013.9216921,-1.1339666581814216,0.6580918957756899,-3.095533607875077,-5.772236748090962e-06,0.0012260742171303863,0.1999965366579515,0.0,0.0,0.0,-1.2073354038911688,-0.5360611336588885,-0.17169136600333146,-0.004616214454961634,0.6487015734496125,0.0,0.0,-0.23682491394581826,3.237492469430023,-0.0035044928683274743,-0.0003433219701188244,0.6601899860645022,0.0,0.0,-1.0288627952122467,2.4238281373051143,-0.04295156340282569,0.23164365549396893,nan,nan,nan,nan,nan,nan,nan,0.8695642525244426,0.0,0.0,1.319482021430916,3.0414205662013636,-0.0008681721922441047,0.24233325798835859,0.38269866208810843,0.0,0.0,-2.2851617832210573,1.8253105213213396,-0.00291909764284561,0.002268842761148162,nan,nan,nan,nan,nan,nan,nan,nan,nan,nan,nan,nan,nan,nan,nan,nan,nan,nan,nan,nan,nan,nan,nan,nan,nan,nan,nan,nan,nan,nan,nan,nan,nan,nan,nan,nan,nan,nan,nan,nan,nan,nan,nan,nan,nan,nan,nan,nan,nan,nan,nan,nan,nan,nan,nan,nan,nan,nan,nan,nan,nan,nan,nan,0.16899031990804306
1791061014.0199916,-1.1486030552001925,0.6576809603245789,-3.0942523004561084,-5.222935797151421e-06,0.0011093978293133216,0.19999686623852198,0.0,0.0,0.0,-1.2235335642644363,-0.5365327609061978,-0.17975438309310773,-0.004836261475119055,0.6487015734496125,0.0,0.0,-0.23669522899121348,3.237466692968571,0.010910342467293626,-0.0006469245722027123,0.6601899860645022,0.0,0.0,-1.0307299405996206,2.445468442298048,0.0032956067851066893,0.20658194737257074,nan,nan,nan,nan,nan,nan,nan,0.8695642525244426,0.0,0.0,1.3198891873592702,3.0617248814449898,-0.06700954817747251,0.16880610183346947,0.38269866208810843,0.0,0.0,-2.2851574532267334,1.8252972428284242,-0.0007500368074752803,0.0008271603022538554,nan,nan,nan,nan,nan,nan,nan,nan,nan,nan,nan,nan,nan,nan,nan,nan,nan,nan,nan,nan,nan,nan,nan,nan,nan,nan,nan,nan,nan,nan,nan,nan,nan,nan,nan,nan,nan,nan,nan,nan,nan,nan,nan,nan,nan,nan,nan,nan,nan,nan,nan,nan,nan,nan,nan,nan,nan,nan,nan,nan,nan,nan,nan,0.17552654368456308
1791061014.1208775,-1.165409178071662,0.6577325546133459,-3.0955041452205014,-4.725907742815242e-06,0.00100382466778047,0.1999971644553545,0.0,0.0,0.0,-1.2414265279841252,-0.5370137023940403,-0.17996572763964958,-0.006500442532013817,0.6487015734496125,0.0,0.0,-0.23678790444211434,3.237481473334696,0.0011526170668111173,-0.0004133219724877298,0.6601899860645022,0.0,0.0,-1.033223882902981,2.467638609904341,-0.04156895027751471,0.21755252532346606,nan,nan,nan,nan,nan,nan,nan,0.8695642525244426,0.0,0.0,1.319518529010746,3.0819460696936503,0.06074900116564826,0.15485797968058695,0.38269866208810843,0.0,0.0,-2.2851273991879117,1.8252836680468194,0.0011174470199913711,-0.0018090344574044912,nan,nan,nan,nan,nan,nan,nan,nan,nan,nan,nan,nan,nan,nan,nan,nan,nan,nan,nan,nan,nan,nan,nan,nan,nan,nan,nan,nan,nan,nan,nan,nan,nan,nan,nan,nan,nan,nan,nan,nan,nan,nan,nan,nan,nan,nan,nan,nan,nan,nan,nan,nan,nan,nan,nan,nan,nan,nan,nan,nan,nan,nan,nan,0.1621098798446274
1791061014.2200348,-1.1821850626965522,0.6570884495180231,-3.094422605661799,-4.276201462258924e-06,0.0009083030701859049,0.19999743427912278,0.0,0.0,0.0,-1.258978537670792,-0.537560292309726,-0.17037063377154946,-0.006894809017640532,0.6487015734496125,0.0,0.0,-0.23675210583916803,3.237470052386443,0.0008975604970578445,-0.00120042837611236,0.6601899860645022,0.0,0.0,-1.0352245698316307,2.489558535996601,-0.04330173497187445,0.22891873735202323,nan,nan,nan,nan,nan,nan,nan,0.8695642525244426,0.0,0.0,1.319278152888584,3.1041279808507958,-0.03304123422506813,0.21605224964481964,0.38269866208810843,0.0,0.0,-2.2851305819624335,1.825282593482706,0.0006884192364906462,-0.0009578553459816629,nan,nan,nan,nan,nan,nan,nan,nan,nan,nan,nan,nan,nan,nan,nan,nan,nan,nan,nan,nan,nan,nan,nan,nan,nan,nan,nan,nan,nan,nan,nan,nan,nan,nan,nan,nan,nan,nan,nan,nan,nan,nan,nan,nan,nan,nan,nan,nan,nan,nan,nan,nan,nan,nan,nan,nan,nan,nan,nan,nan,nan,nan,nan,0.16853862560120902
1791061014.3200233,-1.199068249314294,0.6563720904934903,-3.0957248419783494,-3.869458535846395e-06,0.0008219072695910147,0.1999976783248786,0.0,0.0,0.0,-1.2759492819661566,-0.5379891958045658,-0.17885510224637113,-0.006728550299771798,0.6487015734496125,0.0,0.0,-0.23674408316609208,3.237477647597694,0.005322830925298255,-8.808851741468675e-05,0.6601899860645022,0.0,0.0,-1.0374388955495848,2.511486862571179,-0.02816300058256894,0.2283087982189131,nan,nan,nan,nan,nan,nan,nan,0.8695642525244426,0.0,0.0,1.3194416269279436,3.1250397461870114,-0.021693089728478825,0.15706807976154322,0.38269866208810843,0.0,0.0,-2.285133356227493,1.825277048985973,0.0014240194742097634,-0.001895712200950001,nan,nan,nan,nan,nan,nan,nan,nan,nan,nan,nan,nan,nan,nan,nan,nan,nan,nan,nan,nan,nan,nan,nan,nan,nan,nan,nan,nan,nan,nan,nan,nan,nan,nan,nan,nan,nan,nan,nan,nan,nan,nan,nan,nan,nan,nan,nan,nan,nan,nan,nan,nan,nan,nan,nan,nan,nan,nan,nan,nan,nan,nan,nan,0.17682748880568042
1791061014.4199,-1.2158144551123298,0.6558319303335101,-3.0954328462956227,-3.5012941992789462e-06,0.0007437059032174764,0.19999789922348052,0.0,0.0,0.0,-1.2928882528679722,-0.5382064006065587,-0.1586848170368389,-0.0013473782171773306,0.6487015734496125,0.0,0.0,-0.23682412406383957,3.237470900479934,-0.002120836377201665,-0.0014376253486619876,0.6601899860645022,0.0,0.0,-1.039762957157461,2.533448105148599,-0.034260339178325695,0.22124194339035047,nan,nan,nan,nan,nan,nan,nan,0.8695642525244426,0.0,0.0,1.3209005358389072,3.1471795018779116,0.02701048271551516,0.25405654860217275,0.38269866208810843,0.0,0.0,-2.2851518009342207,1.8253175003619893,0.0006679549403445288,0.00020931619355527562,nan,nan,nan,nan,nan,nan,nan,nan,nan,nan,nan,nan,nan,nan,nan,nan,nan,nan,nan,nan,nan,nan,nan,nan,nan,nan,nan,nan,nan,nan,nan,nan,nan,nan,nan,nan,nan,nan,nan,nan,nan,nan,nan,nan,nan,nan,nan,nan,nan,nan,nan,nan,nan,nan,nan,nan,nan,nan,nan,nan,nan,nan,nan,0.15555104764461467
1791061014.520097,-1.2323756853154628,0.6551850778243222,-3.094589024169547,-3.1681020041010373e-06,0.0006729329294665612,0.19999809913879762,0.0,0.0,0.0,-1.3095344551991128,-0.5385649297988686,-0.16144075849631884,-0.004960823604025853,0.6487015734496125,0.0,0.0,-0.23672410153365198,3.2375010719383646,0.004544784300019439,0.001774435884763966,0.6601899860645022,0.0,0.0,-1.0418756711118886,2.5553713934338362,-0.005788770189203657,0.2061250845154522,nan,nan,nan,nan,nan,nan,nan,0.8695642525244426,0.0,0.0,1.3202260910788877,3.1645022078743477,0.06395480804686145,0.23031669903054586,0.38269866208810843,0.0,0.0,-2.285162219429561,1.825293156954144,0.0008678342189643989,-0.0015828571267793277,nan,nan,nan,nan,nan,nan,nan,nan,nan,nan,nan,nan,nan,nan,nan,nan,nan,nan,nan,nan,nan,nan,nan,nan,nan,nan,nan,nan,nan,nan,nan,nan,nan,nan,nan,nan,nan,nan,nan,nan,nan,nan,nan,nan,nan,nan,nan,nan,nan,nan,nan,nan,nan,nan,nan,nan,nan,nan,nan,nan,nan,nan,nan,0.1625574308052453
1791061014.6200428,-1.2487990779275997,0.6546580092424855,-3.0934117957838865,-2.866703238225272e-06,0.0006089131617331241,0.1999982799780571,0.0,0.0,0.0,-1.325981030760498,-0.5390758550318528,-0.17537274038315592,-0.0046624027332318315,0.6487015734496125,0.0,0.0,-0.23676334822503053,3.2374883793784783,0.005028071917610412,0.0010617359790967334,0.6601899860645022,0.0,0.0,-1.0442204953750198,2.577100290841251,-0.03071744682221811,0.20121540201363322,nan,nan,nan,nan,nan,nan,nan,0.8695642525244426,0.0,0.0,1.3189359031665602,3.177861246597226,-0.0020713743119662956,0.13661491301673057,0.38269866208810843,0.0,0.0,-2.2851819894075267,1.8253054552815031,-0.0037073773637963077,0.0011639527188616338,nan,nan,nan,nan,nan,nan,nan,nan,nan,nan,nan,nan,nan,nan,nan,nan,nan,nan,nan,nan,nan,nan,nan,nan,nan,nan,nan,nan,nan,nan,nan,nan,nan,nan,nan,nan,nan,nan,nan,nan,nan,nan,nan,nan,nan,nan,nan,nan,nan,nan,nan,nan,nan,nan,nan,nan,nan,nan,nan,nan,nan,nan,nan,0.17519019039552805
1791061014.719987,-1.2656657202392276,0.6541406796711932,-3.0900709432435085,-2.5939003572035617e-06,0.0005509674132517875,0.19999844365978572,0.0,0.0,0.0,-1.343017810589814,-0.539703014472493,-0.16668429269763474,-0.00454193724886955,0.6487015734496125,0.0,0.0,-0.23677494985911335,3.2374820251093515,-0.00011429938386527496,0.0004840947064031038,0.6601899860645022,0.0,0.0,-1.044630416137344,2.5801267757862707,-0.0005046430339746248,0.01055025711217112,nan,nan,nan,nan,nan,nan,nan,0.8695642525244426,0.0,0.0,1.3182559746695377,3.1940225979882664,-0.02252880950127781,0.1692796173884118,0.38269866208810843,0.0,0.0,-2.2851494982448908,1.8253001142512413,-0.0017691130879951866,0.002949064077756653,nan,nan,nan,nan,nan,nan,nan,nan,nan,nan,nan,nan,nan,nan,nan,nan,nan,nan,nan,nan,nan,nan,nan,nan,nan,nan,nan,nan,nan,nan,nan,nan,nan,nan,nan,nan,nan,nan,nan,nan,nan,nan,nan,nan,nan,nan,nan,nan,nan,nan,nan,nan,nan,nan,nan,nan,nan,nan,nan,nan,nan,nan,nan,0.16455994787014194
1791061014.819924,-1.2823800555131504,0.6536447974868214,-3.087127683469507,-2.3470581026259817e-06,0.0004985359317925421,0.19999859176513846,0.0,0.0,0.0,-1.3575611488475394,-0.5395640378215342,-0.16378389411897884,-0.003936300621186658,0.6487015734496125,0.0,0.0,-0.23678043306401914,3.237466823380896,-0.001442079696768985,-0.0010758320783371027,0.6601899860645022,0.0,0.0,-1.0446396495086632,2.580234419756111,-0.018632040963333714,0.0075937323418474156,nan,nan,nan,nan,nan,nan,nan,0.8695642525244426,0.0,0.0,1.3195293282815597,3.2117550531598296,0.031758520856197354,0.1888244161040342,0.38269866208810843,0.0,0.0,-2.2851420162341154,1.82531170529244,-0.0023849946116393335,0.00012031596664342495,nan,nan,nan,nan,nan,nan,nan,nan,nan,nan,nan,nan,nan,nan,nan,nan,nan,nan,nan,nan,nan,nan,nan,nan,nan,nan,nan,nan,nan,nan,nan,nan,nan,nan,nan,nan,nan,nan,nan,nan,nan,nan,nan,nan,nan,nan,nan,nan,nan,nan,nan,nan,nan,nan,nan,nan,nan,nan,nan,nan,nan,nan,nan,0.1630719426200917
1791061014.9198868,-1.2988864636654684,0.6530733039779605,-3.08565475418223,-2.1238125814719813e-06,0.0004511166055379007,0.19999872571245114,0.0,0.0,0.0,-1.3740876128220032,-0.5400438477975331,-0.17423235505600046,-0.002668464455672497,0.6487015734496125,0.0,0.0,-0.23682412152038124,3.2374917801447274,-0.0076934456804468,0.00037456332688204293,0.6601899860645022,0.0,0.0,-1.0443949745819687,2.580206022707704,0.0014162966511881074,-0.001984802078373137,nan,nan,nan,nan,nan,nan,nan,0.8695642525244426,0.0,0.0,1.317994793032071,3.2252773505567456,0.026569721497539764,0.15125496926727428,0.38269866208810843,0.0,0.0,-2.2851425124561726,1.8253229613505892,-0.0003333089519854125,0.0008440941380678702,nan,nan,nan,nan,nan,nan,nan,nan,nan,nan,nan,nan,nan,nan,nan,nan,nan,nan,nan,nan,nan,nan,nan,nan,nan,nan,nan,nan,nan,nan,nan,nan,nan,nan,nan,nan,nan,nan,nan,nan,nan,nan,nan,nan,nan,nan,nan,nan,nan,nan,nan,nan,nan,nan,nan,nan,nan,nan,nan,nan,nan,nan,nan,0.17547005997847537
1791061015.0199556,-1.3152698474903735,0.6525786538697855,-3.082567524256018,-1.92170509324296e-06,0.00040818718472221074,0.1999988469769441,0.0,0.0,0.0,-1.391476085905453,-0.5404637441044856,-0.1653348696978204,-0.003916339361958888,0.6487015734496125,0.0,0.0,-0.23685729026008215,3.2374765123680738,-0.014199818285880789,-0.0007054030777139059,0.6601899860645022,0.0,0.0,-1.0443749253725605,2.5802408390192326,0.004384486869603553,-0.000917496521318903,nan,nan,nan,nan,nan,nan,nan,0.8695642525244426,0.0,0.0,1.317359798515797,3.2283145531260695,-0.006126622135729431,0.008343226564645586,0.38269866208810843,0.0,0.0,-2.285177144125238,1.8253060190751103,-0.003824176364456302,0.0002691839353591017,nan,nan,nan,nan,nan,nan,nan,nan,nan,nan,nan,nan,nan,nan,nan,nan,nan,nan,nan,nan,nan,nan,nan,nan,nan,nan,nan,nan,nan,nan,nan,nan,nan,nan,nan,nan,nan,nan,nan,nan,nan,nan,nan,nan,nan,nan,nan,nan,nan,nan,nan,nan,nan,nan,nan,nan,nan,nan,nan,nan,nan,nan,nan,0.15812857889482704
1791061015.1211987,-1.3299100219438837,0.6490254555704597,-3.0528017911822105,-1.738832739350573e-06,0.00036934347682898315,0.1999989567003564,0.0,0.0,0.0,-1.4088246235370443,-0.5409492525914168,-0.17751159362808952,-0.0046207616643031075,0.6487015734496125,0.0,0.0,-0.23679179693584515,3.2374832366082056,-0.002082691805875745,-0.00082395869212301,0.6601899860645022,0.0,0.0,-1.0443927127307244,2.5802625829450965,0.003756244489836175,-0.00033013830743245927,nan,nan,nan,nan,nan,nan,nan,0.8695642525244426,0.0,0.0,1.317849515361889,3.2283323214674264,0.00987562340573275,-0.002205540380400434,0.38269866208810843,0.0,0.0,-2.285098528844296,1.8252798661252394,0.0012374143111505403,0.00010715052079326027,nan,nan,nan,nan,nan,nan,nan,nan,nan,nan,nan,nan,nan,nan,nan,nan,nan,nan,nan,nan,nan,nan,nan,nan,nan,nan,nan,nan,nan,nan,nan,nan,nan,nan,nan,nan,nan,nan,nan,nan,nan,nan,nan,nan,nan,nan,nan,nan,nan,nan,nan,nan,nan,nan,nan,nan,nan,nan,nan,nan,nan,nan,nan,0.1356650374126839
1791061015.222249,-1.3460492841932268,0.6484782794105447,-3.050642393411855,-1.5733636974921968e-06,0.0003341963865744261,0.19999905598178153,0.0,0.0,0.0,-1.42818718844137,-0.5415504839156964,-0.16892541481340825,-0.0040596848435673644,0.6487015734496125,0.0,0.0,-0.23674415322707104,3.2374825054199414,0.0028916517192095425,-8.638767911801719e-05,0.6601899860645022,0.0,0.0,-1.0444147240439847,2.5802712472023743,-0.0010941903195378598,0.0007230232703082521,nan,nan,nan,nan,nan,nan,nan,0.8695642525244426,0.0,0.0,1.3172040294315437,3.2283127607465496,-0.038358079511409196,-0.0028243405835929884,0.38269866208810843,0.0,0.0,-2.2851633571836425,1.8253217337834262,-0.0014499180453007273,0.0013136836211979836,nan,nan,nan,nan,nan,nan,nan,nan,nan,nan,nan,nan,nan,nan,nan,nan,nan,nan,nan,nan,nan,nan,nan,nan,nan,nan,nan,nan,nan,nan,nan,nan,nan,nan,nan,nan,nan,nan,nan,nan,nan,nan,nan,nan,nan,nan,nan,nan,nan,nan,nan,nan,nan,nan,nan,nan,nan,nan,nan,nan,nan,nan,nan,0.1551399302915737
1791061015.3199947,-1.3595129679942992,0.6484163572112199,-3.0644098726637963,-1.423640226748517e-06,0.00030239379510261686,0.19999914581586398,0.0,0.0,0.0,-1.4441144329285267,-0.542018842663417,-0.16431467014728615,0.004239019962962262,0.6487015734496125,0.0,0.0,-0.23672338821831995,3.2374804279499902,0.004035288933519895,0.00024185112299763986,0.6601899860645022,0.0,0.0,-1.0443986072123999,2.5802464204861897,0.00022892914733852203,0.0015129888791047374,nan,nan,nan,nan,nan,nan,nan,0.8695642525244426,0.0,0.0,1.3173966829283648,3.228519530092537,-0.020285793424241,0.019652213384292086,0.38269866208810843,0.0,0.0,-2.2851542734870867,1.8253223556257008,-0.0005605070954144059,0.004466563067211162,nan,nan,nan,nan,nan,nan,nan,nan,nan,nan,nan,nan,nan,nan,nan,nan,nan,nan,nan,nan,nan,nan,nan,nan,nan,nan,nan,nan,nan,nan,nan,nan,nan,nan,nan,nan,nan,nan,nan,nan,nan,nan,nan,nan,nan,nan,nan,nan,nan,nan,nan,nan,nan,nan,nan,nan,nan,nan,nan,nan,nan,nan,nan,0.12146712946424011
1791061015.4219258,-1.375407240393738,0.6470725870102463,-3.05528023663573,-1.2881782161042445e-06,0.00027362046408730225,0.19999922709307036,0.0,0.0,0.0,-1.4630966383829735,-0.5426915621617195,-0.1724391133572259,-0.006694711966655973,0.6487015734496125,0.0,0.0,-0.2367320197222998,3.2374888827173556,-0.0012218004157634826,-0.0005150201554687366,0.6601899860645022,0.0,0.0,-1.0444152766557608,2.580258537386479,0.0006485875295388778,0.0002862567491797157,nan,nan,nan,nan,nan,nan,nan,0.8695642525244426,0.0,0.0,1.3178628370993033,3.2283913390421684,0.04445676436283956,-0.009227433108069416,0.38269866208810843,0.0,0.0,-2.2851797690503695,1.8253442950624759,-0.002069815080094032,0.0041568984443027595,nan,nan,nan,nan,nan,nan,nan,nan,nan,nan,nan,nan,nan,nan,nan,nan,nan,nan,nan,nan,nan,nan,nan,nan,nan,nan,nan,nan,nan,nan,nan,nan,nan,nan,nan,nan,nan,nan,nan,nan,nan,nan,nan,nan,nan,nan,nan,nan,nan,nan,nan,nan,nan,nan,nan,nan,nan,nan,nan,nan,nan,nan,nan,0.1382220950016913
1791061015.5216484,-1.3909578469141741,0.6467842350299807,-3.065329130006124,-1.1655918514130034e-06,0.0002475820343279231,0.19999930064488916,0.0,0.0,0.0,-1.4788664650042564,-0.5431447386100929,-0.16895926084626117,-0.006173722655412758,0.6487015734496125,0.0,0.0,-0.23677210025746304,3.2374900385714867,0.0003975246747269009,-0.00034953481225802894,0.6601899860645022,0.0,0.0,-1.0444175409762704,2.5802387162485285,-0.0013458409553876837,-8.501665255244588e-05,nan,nan,nan,nan,nan,nan,nan,0.8695642525244426,0.0,0.0,1.31628283384098,3.2283060783013195,-0.045138672051672254,-0.014130445144166564,0.38269866208810843,0.0,0.0,-2.2851752234194573,1.8253178327956134,-0.0016569308726210586,0.00029873527701601945,nan,nan,nan,nan,nan,nan,nan,nan,nan,nan,nan,nan,nan,nan,nan,nan,nan,nan,nan,nan,nan,nan,nan,nan,nan,nan,nan,nan,nan,nan,nan,nan,nan,nan,nan,nan,nan,nan,nan,nan,nan,nan,nan,nan,nan,nan,nan,nan,nan,nan,nan,nan,nan,nan,nan,nan,nan,nan,nan,nan,nan,nan,nan,0.14212943265169878
1791061015.6199667,-1.404006130673669,0.6460652551724728,-3.0656217124991025,-1.054704124943267e-06,0.00022402849895609083,0.19999936717752506,0.0,0.0,0.0,-1.4956851057138731,-0.54431371026126,-0.16632776963847865,-0.007525016148986945,0.6487015734496125,0.0,0.0,-0.23676954895217361,3.2374801575684886,-0.0019063595628022998,-0.0004653722073676094,0.6601899860645022,0.0,0.0,-1.0444002907002328,2.580212820248131,0.0028162751067230675,-0.003728380741930852,nan,nan,nan,nan,nan,nan,nan,0.8695642525244426,0.0,0.0,1.3167243283316665,3.228516367064744,-0.054721973611072824,0.0019873459382850492,0.38269866208810843,0.0,0.0,-2.2851760469110864,1.825319636051156,-0.0008235228940497925,0.0009327479642918092,nan,nan,nan,nan,nan,nan,nan,nan,nan,nan,nan,nan,nan,nan,nan,nan,nan,nan,nan,nan,nan,nan,nan,nan,nan,nan,nan,nan,nan,nan,nan,nan,nan,nan,nan,nan,nan,nan,nan,nan,nan,nan,nan,nan,nan,nan,nan,nan,nan,nan,nan,nan,nan,nan,nan,nan,nan,nan,nan,nan,nan,nan,nan,0.1457859742205155
1791061015.7187924,-1.4178573736304456,0.6449995291226831,-3.0586680898657823,-9.544444864144703e-07,0.0002027324636090263,0.19999942733330817,0.0,0.0,0.0,-1.5128914870461527,-0.5447428751755256,-0.17805413805245746,-0.002933258816455224,0.6487015734496125,0.0,0.0,-0.23675220667980776,3.2374906765140787,0.003410537765571469,0.00021520371792632653,0.6601899860645022,0.0,0.0,-1.0444541580068338,2.580213966943408,-0.003420066378941676,-0.00099079413720751,nan,nan,nan,nan,nan,nan,nan,0.8695642525244426,0.0,0.0,1.316660979968701,3.228489591126214,-0.0066634729756599315,-0.0008021455753981796,0.38269866208810843,0.0,0.0,-2.2851697099595665,1.8252769778966693,-0.0009365504230430433,0.0008523611984520524,nan,nan,nan,nan,nan,nan,nan,nan,nan,nan,nan,nan,nan,nan,nan,nan,nan,nan,nan,nan,nan,nan,nan,nan,nan,nan,nan,nan,nan,nan,nan,nan,nan,nan,nan,nan,nan,nan,nan,nan,nan,nan,nan,nan,nan,nan,nan,nan,nan,nan,nan,nan,nan,nan,nan,nan,nan,nan,nan,nan,nan,nan,nan,0.17111992754664185
1791061015.8199646,-1.4341215698949008,0.6438423685025814,-3.056333817601803,-8.636170850297535e-07,0.0001834399189843478,0.199999481829749,0.0,0.0,0.0,-1.530210889413107,-0.5453543472213146,-0.16660866046438433,-0.00680960254701189,0.6487015734496125,0.0,0.0,-0.2367937193635653,3.2374802374023344,-0.005917895436145928,-0.001514510980836826,0.6601899860645022,0.0,0.0,-1.0443825113806198,2.580244170995133,0.0017337192869248722,-0.0010692838947247377,nan,nan,nan,nan,nan,nan,nan,0.8695642525244426,0.0,0.0,1.3166281284460426,3.2284536209106744,-0.02031134918340595,0.0010348571425050222,0.38269866208810843,0.0,0.0,-2.285124367895106,1.8253216406572377,0.0001622842393437158,0.003033189259547037,nan,nan,nan,nan,nan,nan,nan,nan,nan,nan,nan,nan,nan,nan,nan,nan,nan,nan,nan,nan,nan,nan,nan,nan,nan,nan,nan,nan,nan,nan,nan,nan,nan,nan,nan,nan,nan,nan,nan,nan,nan,nan,nan,nan,nan,nan,nan,nan,nan,nan,nan,nan,nan,nan,nan,nan,nan,nan,nan,nan,nan,nan,nan,0.17371304919451896
1791061015.9203827,-1.4515689997373356,0.6435614300312843,-3.065571923858478,-7.81433053646881e-07,0.0001659833027130731,0.19999953114016783,0.0,0.0,0.0,-1.5471777843725367,-0.5459623639877169,-0.1679290625888771,-0.008594538324240387,0.6487015734496125,0.0,0.0,-0.23680408776957548,3.23748553838832,-0.0039555705114410165,0.0012536786199371561,0.6601899860645022,0.0,0.0,-1.0444023235343536,2.5802309556046654,-7.595119885213336e-05,-0.0019418110568117906,nan,nan,nan,nan,nan,nan,nan,0.8695642525244426,0.0,0.0,1.316632946231237,3.2284843334940776,-0.006959287548562959,0.0013258173566625085,0.38269866208810843,0.0,0.0,-2.2851399095505727,1.825284438624902,0.0008772230198113362,-0.002851556071361436,nan,nan,nan,nan,nan,nan,nan,nan,nan,nan,nan,nan,nan,nan,nan,nan,nan,nan,nan,nan,nan,nan,nan,nan,nan,nan,nan,nan,nan,nan,nan,nan,nan,nan,nan,nan,nan,nan,nan,nan,nan,nan,nan,nan,nan,nan,nan,nan,nan,nan,nan,nan,nan,nan,nan,nan,nan,nan,nan,nan,nan,nan,nan,0.12611024335364404
1791061016.0199058,-1.4666022445668774,0.6421877601264767,-3.0551280554010787,-7.071067259572231e-07,0.00015019573231163158,0.19999957573596444,0.0,0.0,0.0,-1.5642468741014264,-0.5465233542932412,-0.17097757811599726,-0.004108662353132987,0.6487015734496125,0.0,0.0,-0.2368613949715686,3.237492162936121,-0.00622649572528799,0.0005375726887671801,0.6601899860645022,0.0,0.0,-1.0444122115953185,2.5802510580873266,-0.001047492659617193,0.0004192186750176606,nan,nan,nan,nan,nan,nan,nan,0.8695642525244426,0.0,0.0,1.317409692898989,3.2285421034818595,-0.027980841019003035,0.014509269640547788,0.38269866208810843,0.0,0.0,-2.285136359956037,1.8253103816783214,-0.0019438488218834979,0.0010744252369458479,nan,nan,nan,nan,nan,nan,nan,nan,nan,nan,nan,nan,nan,nan,nan,nan,nan,nan,nan,nan,nan,nan,nan,nan,nan,nan,nan,nan,nan,nan,nan,nan,nan,nan,nan,nan,nan,nan,nan,nan,nan,nan,nan,nan,nan,nan,nan,nan,nan,nan,nan,nan,nan,nan,nan,nan,nan,nan,nan,nan,nan,nan,nan,0.14785401441782647
1791061016.119965,-1.4821077754739151,0.6414949731000291,-3.0520438748217913,-6.398166244012695e-07,0.00013590271866954114,0.19999961611002537,0.0,0.0,0.0,-1.5797235460214147,-0.5469634651796846,-0.14573906782552792,-0.00392701614400598,0.6487015734496125,0.0,0.0,-0.23685411553665534,3.237498668886494,-0.004891705224142979,0.0006182606770846567,0.6601899860645022,0.0,0.0,-1.0444053671748335,2.5802130184388483,0.001321404337209472,-0.0024801535956199758,nan,nan,nan,nan,nan,nan,nan,0.8695642525244426,0.0,0.0,1.318703895799497,3.2290185593844214,0.004896604103898184,2.3847841644162367e-05,0.38269866208810843,0.0,0.0,-2.2851577039188204,1.825291829848078,0.0008932398691174018,-0.0009408641694145567,nan,nan,nan,nan,nan,nan,nan,nan,nan,nan,nan,nan,nan,nan,nan,nan,nan,nan,nan,nan,nan,nan,nan,nan,nan,nan,nan,nan,nan,nan,nan,nan,nan,nan,nan,nan,nan,nan,nan,nan,nan,nan,nan,nan,nan,nan,nan,nan,nan,nan,nan,nan,nan,nan,nan,nan,nan,nan,nan,nan,nan,nan,nan,0.09992258746978208
1791061016.2199903,-1.497387717639829,0.6407043466590718,-3.051160393430411,-5.789300226299928e-07,0.0001229698651054289,0.19999965264198644,0.0,0.0,0.0,-1.5950804790318545,-0.5475247478508818,-0.1605094864463718,-0.011136116672565127,0.6487015734496125,0.0,0.0,-0.236740579932006,3.237453419045186,0.0036607668484185405,-0.0019185988104092918,0.6601899860645022,0.0,0.0,-1.0444160282787922,2.5802436799287576,0.002179587658863693,-0.00026010942838364194,nan,nan,nan,nan,nan,nan,nan,0.8695642525244426,0.0,0.0,1.3175932795366914,3.228209486692011,0.01578640573875472,-0.024375365329619203,0.38269866208810843,0.0,0.0,-2.285132063203752,1.8252721545696797,0.0019914458028989705,0.00163174720087147,nan,nan,nan,nan,nan,nan,nan,nan,nan,nan,nan,nan,nan,nan,nan,nan,nan,nan,nan,nan,nan,nan,nan,nan,nan,nan,nan,nan,nan,nan,nan,nan,nan,nan,nan,nan,nan,nan,nan,nan,nan,nan,nan,nan,nan,nan,nan,nan,nan,nan,nan,nan,nan,nan,nan,nan,nan,nan,nan,nan,nan,nan,nan,0.13768128093542417
1791061016.3200142,-1.511725021123626,0.6409763374789628,-3.057340932745021,-5.238530146561278e-07,0.00011127102072664039,0.1999996856881912,0.0,0.0,0.0,-1.6108551711183785,-0.548043937586504,-0.17849371861409366,-0.013854094022036485,0.6487015734496125,0.0,0.0,-0.2367562655105283,3.2374821795556064,0.002046629384905355,-0.0008480370171473144,0.6601899860645022,0.0,0.0,-1.0444164681519896,2.5802209102628098,-0.0004939682052457669,-0.0004393932871901103,nan,nan,nan,nan,nan,nan,nan,0.8695642525244426,0.0,0.0,1.3177809605621447,3.2283490053987216,0.006775832977907506,0.0014427331316867807,0.38269866208810843,0.0,0.0,-2.28513645468107,1.8252849503931559,0.001078242935808168,0.002491460687727173,nan,nan,nan,nan,nan,nan,nan,nan,nan,nan,nan,nan,nan,nan,nan,nan,nan,nan,nan,nan,nan,nan,nan,nan,nan,nan,nan,nan,nan,nan,nan,nan,nan,nan,nan,nan,nan,nan,nan,nan,nan,nan,nan,nan,nan,nan,nan,nan,nan,nan,nan,nan,nan,nan,nan,nan,nan,nan,nan,nan,nan,nan,nan,0.20853789196968908
1791061016.4199536,-1.5228059344923555,0.6394918835017763,-3.0479441572509227,-4.7400180936758454e-07,0.00010068218312960811,0.19999971559891438,0.0,0.0,0.0,-1.627042780340436,-0.5483463819344326,-0.1708095444902733,-0.0029450215393066713,0.6487015734496125,0.0,0.0,-0.2367416694798317,3.237467881106826,0.0034447634917324542,-0.0015593317304372144,0.6601899860645022,0.0,0.0,-1.044417745167814,2.58021986930821,0.0014486550485215746,-0.0012978980974348167,nan,nan,nan,nan,nan,nan,nan,0.8695642525244426,0.0,0.0,1.3165819676313966,3.2284192252701045,-0.0018594377287040988,-0.0023064148576941845,0.38269866208810843,0.0,0.0,-2.285184016966293,1.8253142528922635,-0.004251441086841577,0.004240847085946646,nan,nan,nan,nan,nan,nan,nan,nan,nan,nan,nan,nan,nan,nan,nan,nan,nan,nan,nan,nan,nan,nan,nan,nan,nan,nan,nan,nan,nan,nan,nan,nan,nan,nan,nan,nan,nan,nan,nan,nan,nan,nan,nan,nan,nan,nan,nan,nan,nan,nan,nan,nan,nan,nan,nan,nan,nan,nan,nan,nan,nan,nan,nan,0.04257094204930041
1791061016.5200105,-1.5307243603049003,0.6389999176749532,-3.047612638071317,-4.28894573473494e-07,9.110100665515849e-05,0.19999974266325593,0.0,0.0,0.0,-1.6434935336402199,-0.5490496958350396,-0.15066908929728556,-0.010401894192424236,0.6487015734496125,0.0,0.0,-0.23683982892059544,3.2374806469724944,-0.003352080435424689,-0.00033148615464259076,0.6601899860645022,0.0,0.0,-1.0444171035439018,2.5802278249944735,0.00031182845644407573,-0.0002036181655763604,nan,nan,nan,nan,nan,nan,nan,0.8695642525244426,0.0,0.0,1.317332114846167,3.228510371954833,-0.031060495419555918,0.013681712115339455,0.38269866208810843,0.0,0.0,-2.2851348696317983,1.8252579546209369,0.0014055614573315013,-0.0010925349161172975,nan,nan,nan,nan,nan,nan,nan,nan,nan,nan,nan,nan,nan,nan,nan,nan,nan,nan,nan,nan,nan,nan,nan,nan,nan,nan,nan,nan,nan,nan,nan,nan,nan,nan,nan,nan,nan,nan,nan,nan,nan,nan,nan,nan,nan,nan,nan,nan,nan,nan,nan,nan,nan,nan,nan,nan,nan,nan,nan,nan,nan,nan,nan,0.21279993755859677
1791061016.6192067,-1.5397271290268626,0.6386364043582823,-3.046878652953067,-3.881358381062318e-07,8.24434902126515e-05,0.19999976711849715,0.0,0.0,0.0,-1.6584986025919612,-0.5494218394117992,-0.1470682071818816,-0.0021609357797555424,0.6487015734496125,0.0,0.0,-0.23680473142427969,3.2374730456053897,-0.0013933198269518762,0.00032189394531304634,0.6601899860645022,0.0,0.0,-1.044428861514992,2.580221046531268,2.1160228673778556e-05,0.0005371151730547368,nan,nan,nan,nan,nan,nan,nan,0.8695642525244426,0.0,0.0,1.3163146269128836,3.228336781599629,-0.02410867398746769,-0.00994925382050772,0.38269866208810843,0.0,0.0,-2.285169625446746,1.8252732420754425,-0.001186343499623068,-0.00013893264228912358,nan,nan,nan,nan,nan,nan,nan,nan,nan,nan,nan,nan,nan,nan,nan,nan,nan,nan,nan,nan,nan,nan,nan,nan,nan,nan,nan,nan,nan,nan,nan,nan,nan,nan,nan,nan,nan,nan,nan,nan,nan,nan,nan,nan,nan,nan,nan,nan,nan,nan,nan,nan,nan,nan,nan,nan,nan,nan,nan,nan,nan,nan,nan,0.2583636105689716
1791061016.7199726,-1.550812438296243,0.6381431951131931,-3.03813748617943,-3.511998297146874e-07,7.459795484240502e-05,0.1999997892801022,0.0,0.0,0.0,-1.673008218084013,-0.54989965049125,-0.13822981015875496,0.004136533656325164,0.6487015734496125,0.0,0.0,-0.23681547761747795,3.237476508838826,-0.0036764458630488654,-2.774514943219478e-05,0.6601899860645022,0.0,0.0,-1.044424875813458,2.580205131506095,-0.002348327936786832,0.0017541201939559943,nan,nan,nan,nan,nan,nan,nan,0.8695642525244426,0.0,0.0,1.3166092526421553,3.2284510907534685,0.0009226051422420035,0.0003643125582216717,0.38269866208810843,0.0,0.0,-2.2851188839507866,1.8252275036355396,0.0010763435440174168,-0.002598370768438459,nan,nan,nan,nan,nan,nan,nan,nan,nan,nan,nan,nan,nan,nan,nan,nan,nan,nan,nan,nan,nan,nan,nan,nan,nan,nan,nan,nan,nan,nan,nan,nan,nan,nan,nan,nan,nan,nan,nan,nan,nan,nan,nan,nan,nan,nan,nan,nan,nan,nan,nan,nan,nan,nan,nan,nan,nan,nan,nan,nan,nan,nan,nan,0.16277913211972825
1791061016.8234155,-1.5733256632879895,0.6374551161338985,-3.0273634323896856,0.0025409027824485546,0.19039292264488866,0.2015245121419773,0.4650749388792441,0.0,0.0,-1.690305767551568,-0.5504879518468947,-0.1734067816492461,-0.009229065851513913,0.6487015734496125,0.0,0.0,-0.23681468423421498,3.2374753281018727,-0.0024263723368036258,-0.0008229360793233213,0.6601899860645022,0.0,0.0,-1.0444415000016298,2.580211683651643,-0.0007983366670284403,0.0005484891569072616,nan,nan,nan,nan,nan,nan,nan,0.8695642525244426,0.0,0.0,1.316649418218773,3.22850424741771,-0.05630314937101599,0.0010303716443614548,0.38269866208810843,0.0,0.0,-2.2851470911799274,1.825293404882458,0.0005861380296668517,0.0010335141308934952,nan,nan,nan,nan,nan,nan,nan,nan,nan,nan,nan,nan,nan,nan,nan,nan,nan,nan,nan,nan,nan,nan,nan,nan,nan,nan,nan,nan,nan,nan,nan,nan,nan,nan,nan,nan,nan,nan,nan,nan,nan,nan,nan,nan,nan,nan,nan,nan,nan,nan,nan,nan,nan,nan,nan,nan,nan,nan,nan,nan,nan,nan,nan,0.21346274457699949
1791061016.920165,-1.5903434333794968,0.6365573244972057,-3.039674970206068,0.00229931543880653,0.1722904904118477,0.20137956738264973,0.4650749388792441,0.0,0.0,-1.7051278747028498,-0.5511996772074079,-0.1924590540303711,-0.03143938765590103,0.6487015734496125,0.0,0.0,-0.23672835075097765,3.237497836700691,0.00031726256327643083,0.0011831541798633773,0.6601899860645022,0.0,0.0,-1.0444361878717052,2.5801918918306543,-0.0004005175459834751,-0.00025609596173936113,nan,nan,nan,nan,nan,nan,nan,0.8695642525244426,0.0,0.0,1.3177858779179155,3.2283243717741916,0.000716923722022569,-0.0011846911794361936,0.38269866208810843,0.0,0.0,-2.2851233691987995,1.825248155842487,0.002650560944492059,-0.0009439457599524622,nan,nan,nan,nan,nan,nan,nan,nan,nan,nan,nan,nan,nan,nan,nan,nan,nan,nan,nan,nan,nan,nan,nan,nan,nan,nan,nan,nan,nan,nan,nan,nan,nan,nan,nan,nan,nan,nan,nan,nan,nan,nan,nan,nan,nan,nan,nan,nan,nan,nan,nan,nan,nan,nan,nan,nan,nan,nan,nan,nan,nan,nan,nan,0.17694167819176185
1791061017.023483,-1.6110934902451275,0.6348690385064166,-3.038087993178375,0.008861003707609696,0.3462260797911322,0.20531535024131498,0.502463203021691,0.0,0.0,-1.7216394530441679,-0.5516760122903797,-0.1602456736429749,-0.024368358181388522,0.6487015734496125,0.0,0.0,-0.23674447984118696,3.2374840432115253,0.0033766520197543778,-3.2118828716584105e-06,0.6601899860645022,0.0,0.0,-1.0444305335391533,2.580207582809225,-0.0007925748665070333,-7.927499322931623e-05,nan,nan,nan,nan,nan,nan,nan,0.8695642525244426,0.0,0.0,1.3177711863450943,3.228322013360657,0.02438100250359694,-0.013849416377490863,0.38269866208810843,0.0,0.0,-2.285182800265484,1.825281716093268,-0.002747316163616322,0.00024278718304670627,nan,nan,nan,nan,nan,nan,nan,nan,nan,nan,nan,nan,nan,nan,nan,nan,nan,nan,nan,nan,nan,nan,nan,nan,nan,nan,nan,nan,nan,nan,nan,nan,nan,nan,nan,nan,nan,nan,nan,nan,nan,nan,nan,nan,nan,nan,nan,nan,nan,nan,nan,nan,nan,nan,nan,nan,nan,nan,nan,nan,nan,nan,nan,0.17795038439356156
1791061017.1234598,-1.6279021892346153,0.6335264549644304,-3.038655669249075,0.019044762748808862,0.503398930543489,0.21141444019663924,0.43116470905780413,0.0,0.0,-1.734572145595053,-0.5516960525587677,-0.10134169739059704,0.018298410324855553,0.6487015734496125,0.0,0.0,-0.23670220481675922,3.237473877764884,0.006776448493997044,-0.0014251184939662776,0.6601899860645022,0.0,0.0,-1.0444116980222256,2.580181978537978,0.0029263065237215584,-0.0013927181038562546,nan,nan,nan,nan,nan,nan,nan,0.8695642525244426,0.0,0.0,1.3165737794180485,3.2284486821564196,-0.003146046081163621,-0.0011924744141981233,0.38269866208810843,0.0,0.0,-2.2851496210383475,1.8252664270351497,0.0012602677442561333,-0.0005082682812894825,nan,nan,nan,nan,nan,nan,nan,nan,nan,nan,nan,nan,nan,nan,nan,nan,nan,nan,nan,nan,nan,nan,nan,nan,nan,nan,nan,nan,nan,nan,nan,nan,nan,nan,nan,nan,nan,nan,nan,nan,nan,nan,nan,nan,nan,nan,nan,nan,nan,nan,nan,nan,nan,nan,nan,nan,nan,nan,nan,nan,nan,nan,nan,0.09420023506707108
1791061017.2232513,-1.6458060053687047,0.632096705848429,-3.034814660869973,0.0172324139546971,0.45549418860677454,0.2103302471227087,0.43116470905780413,0.0,0.0,-1.747037480638529,-0.5522998953739964,-0.10208812447357264,-0.04111941189351558,0.6487015734496125,0.0,0.0,-0.23677210908955784,3.2375037850765236,0.005067607902132777,0.0007851826960823383,0.6601899860645022,0.0,0.0,-1.0444402904168208,2.5802060966313602,-0.0005405083483864072,-0.0003507358927263272,nan,nan,nan,nan,nan,nan,nan,0.8695642525244426,0.0,0.0,1.3166512245872015,3.2284689176900345,-0.08136537128026389,0.009982885548086132,0.38269866208810843,0.0,0.0,-2.2851323367172376,1.8252793598474186,0.0027606531497374087,0.0023124503163510597,nan,nan,nan,nan,nan,nan,nan,nan,nan,nan,nan,nan,nan,nan,nan,nan,nan,nan,nan,nan,nan,nan,nan,nan,nan,nan,nan,nan,nan,nan,nan,nan,nan,nan,nan,nan,nan,nan,nan,nan,nan,nan,nan,nan,nan,nan,nan,nan,nan,nan,nan,nan,nan,nan,nan,nan,nan,nan,nan,nan,nan,nan,nan,0.14206109497563257
1791061017.3220708,-1.6555803705104704,0.6309845131039065,-3.0221038710302275,0.0018426858760681548,0.6024726551255938,0.2011056002634958,0.4377617841464849,0.0,0.0,-1.7591234533924722,-0.5520028520644956,-0.1619924498119204,0.00504527300133099,0.6487015734496125,0.0,0.0,-0.23677078190162953,3.2374859954024475,0.0015899080015713985,-0.0006534301589435975,0.6601899860645022,0.0,0.0,-1.0444319713977455,2.580213731497003,3.7435011374767105e-05,-0.0009691415681937247,nan,nan,nan,nan,nan,nan,nan,0.8695642525244426,0.0,0.0,1.3165818408998358,3.2284618103891134,-0.011643790984500649,-0.0010352530109859444,0.38269866208810843,0.0,0.0,-2.2851933185661877,1.8253181701287948,-0.0006899077641697102,0.0019458780824815568,nan,nan,nan,nan,nan,nan,nan,nan,nan,nan,nan,nan,nan,nan,nan,nan,nan,nan,nan,nan,nan,nan,nan,nan,nan,nan,nan,nan,nan,nan,nan,nan,nan,nan,nan,nan,nan,nan,nan,nan,nan,nan,nan,nan,nan,nan,nan,nan,nan,nan,nan,nan,nan,nan,nan,nan,nan,nan,nan,nan,nan,nan,nan,0.1549274233481528
1791061017.4233136,-1.6743343467648042,0.6294611825760452,-3.0146996233391814,0.018969750896900183,0.7354239452379198,0.21136957910887633,0.43316377354125507,0.0,0.0,-1.774023135670388,-0.5531689150249015,-0.14607229864505977,-0.01122516000686531,0.6487015734496125,0.0,0.0,-0.23678409363377967,3.2374892437907747,-0.0004355593985491599,0.0005330056693062243,0.6601899860645022,0.0,0.0,-1.0444289084055813,2.5802214675907886,0.00124386146018181,5.585250715378257e-05,nan,nan,nan,nan,nan,nan,nan,0.8695642525244426,0.0,0.0,1.3165997288116664,3.2284745503602563,-0.003344274914332978,0.000890662881310558,0.38269866208810843,0.0,0.0,-2.285198874832143,1.8252635381797004,-0.003104752097496282,-0.0018249624147690321,nan,nan,nan,nan,nan,nan,nan,nan,nan,nan,nan,nan,nan,nan,nan,nan,nan,nan,nan,nan,nan,nan,nan,nan,nan,nan,nan,nan,nan,nan,nan,nan,nan,nan,nan,nan,nan,nan,nan,nan,nan,nan,nan,nan,nan,nan,nan,nan,nan,nan,nan,nan,nan,nan,nan,nan,nan,nan,nan,nan,nan,nan,nan,0.14729265831880436
1791061017.5231686,-1.6952748673024323,0.627902257124668,-3.0083113271128523,0.037712674734394325,0.8559195566642035,0.22253155056646148,0.5656325627228623,0.0,0.0,-1.788333510803615,-0.5535157527227637,-0.2025388563573136,-0.038105693983471425,0.6487015734496125,0.0,0.0,-0.23678910601571232,3.2375061900559445,-0.007064725088564378,0.0015814976716333113,0.6601899860645022,0.0,0.0,-1.0444459324746067,2.5802241662973686,-0.0007561080755969015,0.00045063372345508434,nan,nan,nan,nan,nan,nan,nan,0.8695642525244426,0.0,0.0,1.3178903115474645,3.228400185203813,0.03144588673888388,-0.007356039051128046,0.38269866208810843,0.0,0.0,-2.285163017816482,1.8252445013801428,0.0027715085128049363,-0.002024013060661586,nan,nan,nan,nan,nan,nan,nan,nan,nan,nan,nan,nan,nan,nan,nan,nan,nan,nan,nan,nan,nan,nan,nan,nan,nan,nan,nan,nan,nan,nan,nan,nan,nan,nan,nan,nan,nan,nan,nan,nan,nan,nan,nan,nan,nan,nan,nan,nan,nan,nan,nan,nan,nan,nan,nan,nan,nan,nan,nan,nan,nan,nan,nan,0.1680355661304029
1791061017.6232572,-1.7122331699727673,0.6269104857354366,-3.0151621859655253,0.010745123241299642,0.9649058983673311,0.20644484178009406,0.4385054456526702,0.0,0.0,-1.8014267557753043,-0.5539155135130763,-0.12184762350472526,0.024214320371409942,0.6487015734496125,0.0,0.0,-0.23676884721957664,3.2375150115962636,0.003196894294134486,0.002115473037430827,0.6601899860645022,0.0,0.0,-1.0444355260299423,2.5802217671442795,0.001699177532523885,-0.000746480405604027,nan,nan,nan,nan,nan,nan,nan,0.8695642525244426,0.0,0.0,1.3178370882418953,3.228370816750446,0.009314484903869394,-0.0016227684058339631,0.38269866208810843,0.0,0.0,-2.2851630659154893,1.8252973249695559,-0.0008239895392321394,0.00029268252471254555,nan,nan,nan,nan,nan,nan,nan,nan,nan,nan,nan,nan,nan,nan,nan,nan,nan,nan,nan,nan,nan,nan,nan,nan,nan,nan,nan,nan,nan,nan,nan,nan,nan,nan,nan,nan,nan,nan,nan,nan,nan,nan,nan,nan,nan,nan,nan,nan,nan,nan,nan,nan,nan,nan,nan,nan,nan,nan,nan,nan,nan,nan,nan,0.160704652068904
1791061017.7228816,-1.7287379845417805,0.6254488399383742,-3.012438106233234,-0.016224521551850005,1.0634213494797558,0.19027296734516985,0.4461533752621692,0.0,0.0,-1.8174756754737114,-0.5552820143832279,-0.21147470379903735,-0.03949536316904208,0.6487015734496125,0.0,0.0,-0.23675724138008253,3.2374895084209623,0.001226461479250442,0.00027201388600595766,0.6601899860645022,0.0,0.0,-1.0446843569582276,2.5803495607489597,-0.01979851635686915,0.008907853772154908,nan,nan,nan,nan,nan,nan,nan,0.8695642525244426,0.0,0.0,1.3173939231510552,3.2285339576982826,-0.034167142420080884,0.013600165003826008,0.38269866208810843,0.0,0.0,-2.28516783260162,1.825298109327844,-0.0009777675796257329,-0.001205932889317545,nan,nan,nan,nan,nan,nan,nan,nan,nan,nan,nan,nan,nan,nan,nan,nan,nan,nan,nan,nan,nan,nan,nan,nan,nan,nan,nan,nan,nan,nan,nan,nan,nan,nan,nan,nan,nan,nan,nan,nan,nan,nan,nan,nan,nan,nan,nan,nan,nan,nan,nan,nan,nan,nan,nan,nan,nan,nan,nan,nan,nan,nan,nan,0.188103417668301
1791061017.820658,-1.7438472060613657,0.623972169507288,-3.011754846035942,0.013589166388789386,1.1525626409366025,0.20814898582516297,0.5204830853645533,0.0,0.0,-1.8303944367507772,-0.5548243849349805,-0.11983171906839861,0.026730378369754965,0.6487015734496125,0.0,0.0,-0.23682651549313607,3.2374993808793393,-0.0056058212813573476,0.0009334927802489994,0.6601899860645022,0.0,0.0,-1.0444402649990376,2.5802268916222473,-0.0007896778881058497,0.0012387107450404337,nan,nan,nan,nan,nan,nan,nan,0.8695642525244426,0.0,0.0,1.3177923558696543,3.2283490009155233,0.08510484555352753,-0.009445040265410338,0.38269866208810843,0.0,0.0,-2.2851241978269234,1.8252659720175182,0.003548088336734018,-0.002413387283530366,nan,nan,nan,nan,nan,nan,nan,nan,nan,nan,nan,nan,nan,nan,nan,nan,nan,nan,nan,nan,nan,nan,nan,nan,nan,nan,nan,nan,nan,nan,nan,nan,nan,nan,nan,nan,nan,nan,nan,nan,nan,nan,nan,nan,nan,nan,nan,nan,nan,nan,nan,nan,nan,nan,nan,nan,nan,nan,nan,nan,nan,nan,nan,0.17622474672085117
1791061017.9225454,-1.7633003929645108,0.621906962111359,-3.0126310555603,0.04264512057464981,1.2333742276074287,0.22544838184480503,0.4605984666426379,0.0,0.0,-1.8456808791341341,-0.5558533167690506,-0.18006050060331855,-0.0356614645967715,0.6487015734496125,0.0,0.0,-0.23681626028381103,3.23749169099765,-0.0005686122130801259,-0.0011299578935732176,0.6601899860645022,0.0,0.0,-1.0446628955048223,2.580299602778693,-0.01631484522517145,0.006109909420637195,nan,nan,nan,nan,nan,nan,nan,0.8695642525244426,0.0,0.0,1.317362812681968,3.2285400492012846,-0.03126976794118766,0.013298614031094965,0.38269866208810843,0.0,0.0,-2.285150808719081,1.8252907100942874,0.0012131643313141249,0.0006791076096052731,nan,nan,nan,nan,nan,nan,nan,nan,nan,nan,nan,nan,nan,nan,nan,nan,nan,nan,nan,nan,nan,nan,nan,nan,nan,nan,nan,nan,nan,nan,nan,nan,nan,nan,nan,nan,nan,nan,nan,nan,nan,nan,nan,nan,nan,nan,nan,nan,nan,nan,nan,nan,nan,nan,nan,nan,nan,nan,nan,nan,nan,nan,nan,0.1937234912104232
1791061018.0232177,-1.7828880544945,0.6209116072511247,-3.0209476975647718,0.07097089418087607,1.3068869485841355,0.24195054592701493,0.4429799776670557,0.0,0.0,-1.8615184997627834,-0.5561075491194694,-0.1628096774331093,-0.01853543081185063,0.6487015734496125,0.0,0.0,-0.23675986270732355,3.237514991835536,0.003425983039364422,0.00041591438660610876,0.6601899860645022,0.0,0.0,-1.0444260987212655,2.5802550443019228,-0.00026433614921725417,0.000529004933347947,nan,nan,nan,nan,nan,nan,nan,0.8695642525244426,0.0,0.0,1.3177985420916123,3.228334780614659,0.0419486757702167,0.0057799094865414995,0.38269866208810843,0.0,0.0,-2.2851894578523133,1.8252929830932825,-0.001609925961896852,0.0014869794931419904,nan,nan,nan,nan,nan,nan,nan,nan,nan,nan,nan,nan,nan,nan,nan,nan,nan,nan,nan,nan,nan,nan,nan,nan,nan,nan,nan,nan,nan,nan,nan,nan,nan,nan,nan,nan,nan,nan,nan,nan,nan,nan,nan,nan,nan,nan,nan,nan,nan,nan,nan,nan,nan,nan,nan,nan,nan,nan,nan,nan,nan,nan,nan,0.2379672804178458
1791061018.121006,-1.8023055114625692,0.6180978289678625,-3.0173304567803916,0.0302674997387194,1.3733291716128762,0.2181107522310109,0.600354055184377,0.0,0.0,-1.8757488362613919,-0.5565475670716798,-0.17125314103605116,-0.020786082355247898,0.6487015734496125,0.0,0.0,-0.23679082311144903,3.2374755920075056,-0.0072365745177915795,-0.0022463055023266097,0.6601899860645022,0.0,0.0,-1.044432451849693,2.5802170763780357,-0.0008797329696140689,0.0005855694670259987,nan,nan,nan,nan,nan,nan,nan,0.8695642525244426,0.0,0.0,1.3171326077692496,3.228270280002454,-0.050099149810092294,-0.003914943365122798,0.38269866208810843,0.0,0.0,-2.2851689192228832,1.8252579663117006,-0.0009424197742654532,-0.0012621334311419471,nan,nan,nan,nan,nan,nan,nan,nan,nan,nan,nan,nan,nan,nan,nan,nan,nan,nan,nan,nan,nan,nan,nan,nan,nan,nan,nan,nan,nan,nan,nan,nan,nan,nan,nan,nan,nan,nan,nan,nan,nan,nan,nan,nan,nan,nan,nan,nan,nan,nan,nan,nan,nan,nan,nan,nan,nan,nan,nan,nan,nan,nan,nan,0.3768081211813981
1791061018.2224822,-1.8234953374735752,0.6153554369229919,-3.0158236137871977,0.06288524395533306,1.4334020675871815,0.2372897989488988,0.4466727660941995,0.0,0.0,-1.8909986038499536,-0.5573519844729867,-0.18454715984703485,-0.034199052026512196,0.6487015734496125,0.0,0.0,-0.23675375593391262,3.237506556313802,0.003637273655578328,0.00044801652400136154,0.6601899860645022,0.0,0.0,-1.0444547025074098,2.58025214013873,-0.0027123628957245504,0.0022158799837075915,nan,nan,nan,nan,nan,nan,nan,0.8695642525244426,0.0,0.0,1.3166188091418365,3.228477415934853,-0.003754468701088195,-0.002590541164524156,0.38269866208810843,0.0,0.0,-2.2851871726394277,1.8252896272724932,-0.00031020168220719435,0.0005026749488210464,nan,nan,nan,nan,nan,nan,nan,nan,nan,nan,nan,nan,nan,nan,nan,nan,nan,nan,nan,nan,nan,nan,nan,nan,nan,nan,nan,nan,nan,nan,nan,nan,nan,nan,nan,nan,nan,nan,nan,nan,nan,nan,nan,nan,nan,nan,nan,nan,nan,nan,nan,nan,nan,nan,nan,nan,nan,nan,nan,nan,nan,nan,nan,0.21722018408717184
1791061018.3233762,-1.8449080610727864,0.6131950471085649,-3.0177667573181286,0.09378098370537273,1.4884730296625568,0.25482951127023185,0.4649505614655637,0.0,0.0,-1.906180432535883,-0.5574266291853365,-0.15598806157878492,-0.003618823975201366,0.6487015734496125,0.0,0.0,-0.23669569186499248,3.2374772930991997,0.0064297870725121675,-0.00106040001773868,0.6601899860645022,0.0,0.0,-1.0444412641147232,2.580236225151497,-0.00011943043847358742,0.00043062574836195066,nan,nan,nan,nan,nan,nan,nan,0.8695642525244426,0.0,0.0,1.316562476564069,3.2284468676718103,0.0009753091098921953,-0.0011667505886125763,0.38269866208810843,0.0,0.0,-2.2851458997191925,1.8252838118269465,0.0020416655069314944,-2.5218131886429473e-07,nan,nan,nan,nan,nan,nan,nan,nan,nan,nan,nan,nan,nan,nan,nan,nan,nan,nan,nan,nan,nan,nan,nan,nan,nan,nan,nan,nan,nan,nan,nan,nan,nan,nan,nan,nan,nan,nan,nan,nan,nan,nan,nan,nan,nan,nan,nan,nan,nan,nan,nan,nan,nan,nan,nan,nan,nan,nan,nan,nan,nan,nan,nan,0.229041101797996
1791061018.4229844,-1.8665479579143074,0.6109302414843967,-3.0141528887820015,0.12700351088573428,1.53950692263329,0.2727169472089349,0.5121368302653807,0.0,0.0,-1.9196430664771729,-0.5579567255844808,-0.1326628907234157,-0.019490398251640662,0.6487015734496125,0.0,0.0,-0.23681332620129306,3.2374921777584347,0.0002529389338736817,0.00044449315408415886,0.6601899860645022,0.0,0.0,-1.0444226274840809,2.5802218915867643,0.00021672836229813498,0.0002557739902333471,nan,nan,nan,nan,nan,nan,nan,0.8695642525244426,0.0,0.0,1.317831238446734,3.228362319996642,0.012008979543146404,-0.0033665374074461846,0.38269866208810843,0.0,0.0,-2.285138080098781,1.8252326596600708,-0.0023111629420583587,0.0016718224031298974,nan,nan,nan,nan,nan,nan,nan,nan,nan,nan,nan,nan,nan,nan,nan,nan,nan,nan,nan,nan,nan,nan,nan,nan,nan,nan,nan,nan,nan,nan,nan,nan,nan,nan,nan,nan,nan,nan,nan,nan,nan,nan,nan,nan,nan,nan,nan,nan,nan,nan,nan,nan,nan,nan,nan,nan,nan,nan,nan,nan,nan,nan,nan,0.22483864372544693
1791061018.523625,-1.8887263548843394,0.6085491618068638,-3.00777569417598,0.15429990870979454,1.5870821153719947,0.28648892356102423,0.4482425789161734,0.0,0.0,-1.9327964723651092,-0.5587903676516754,-0.14600438267897575,-0.03670145415774578,0.6487015734496125,0.0,0.0,-0.23671757780625277,3.237489584974049,-0.0009251775289900216,0.0009408523373605356,0.6601899860645022,0.0,0.0,-1.0443823836989972,2.580189094696631,0.003263915415804545,-0.003401940918365839,nan,nan,nan,nan,nan,nan,nan,0.8695642525244426,0.0,0.0,1.3165943203913233,3.2284609127435964,-0.0910473592701255,0.009251559932098736,0.38269866208810843,0.0,0.0,-2.2851400824904937,1.825229295110586,0.0004056617265057501,0.0001655276165824153,nan,nan,nan,nan,nan,nan,nan,nan,nan,nan,nan,nan,nan,nan,nan,nan,nan,nan,nan,nan,nan,nan,nan,nan,nan,nan,nan,nan,nan,nan,nan,nan,nan,nan,nan,nan,nan,nan,nan,nan,nan,nan,nan,nan,nan,nan,nan,nan,nan,nan,nan,nan,nan,nan,nan,nan,nan,nan,nan,nan,nan,nan,nan,0.22041701819245496
1791061018.6227944,-1.909670922396256,0.6065136495887008,-3.007947094530882,0.18120490084646448,1.6317655252376297,0.2991438566299123,0.4668904630540667,0.0,0.0,-1.943076685854259,-0.5588043233552515,-0.10567787425074208,-0.0013134480368315114,0.6487015734496125,0.0,0.0,-0.23671126107134785,3.237472710254791,0.0010325112458165675,9.565191015998165e-05,0.6601899860645022,0.0,0.0,-1.0446627886473512,2.580310499145711,-0.019167237562450513,0.007378182065255356,nan,nan,nan,nan,nan,nan,nan,0.8695642525244426,0.0,0.0,1.3177889408489072,3.2283584226932347,0.0016098649621307313,0.000330822311178044,0.38269866208810843,0.0,0.0,-2.2851622085255534,1.8252404668222266,-0.0038549991915069136,0.0013708107948769835,nan,nan,nan,nan,nan,nan,nan,nan,nan,nan,nan,nan,nan,nan,nan,nan,nan,nan,nan,nan,nan,nan,nan,nan,nan,nan,nan,nan,nan,nan,nan,nan,nan,nan,nan,nan,nan,nan,nan,nan,nan,nan,nan,nan,nan,nan,nan,nan,nan,nan,nan,nan,nan,nan,nan,nan,nan,nan,nan,nan,nan,nan,nan,0.1417051086182509
1791061018.7232354,-1.9298947311558587,0.6043362075918274,-3.002588066294559,0.21046996191786305,1.6741505519307218,0.3118044535228106,0.5294909343982799,0.0,0.0,-1.9530707732692723,-0.5589580010225425,-0.0935936286561956,0.0038274155031849115,0.6487015734496125,0.0,0.0,-0.2367629835915736,3.237497614519428,0.005446413233223543,0.0005483494007187159,0.6601899860645022,0.0,0.0,-1.0444291358234647,2.580219842077548,0.0012854271016690191,-0.0008974356610941515,nan,nan,nan,nan,nan,nan,nan,0.8695642525244426,0.0,0.0,1.3178294047646286,3.2283366682344568,0.0017561921595270898,-0.002364121174989362,0.38269866208810843,0.0,0.0,-2.285151794656939,1.8252274505820303,-0.0007326782363676076,-0.00023394413932331082,nan,nan,nan,nan,nan,nan,nan,nan,nan,nan,nan,nan,nan,nan,nan,nan,nan,nan,nan,nan,nan,nan,nan,nan,nan,nan,nan,nan,nan,nan,nan,nan,nan,nan,nan,nan,nan,nan,nan,nan,nan,nan,nan,nan,nan,nan,nan,nan,nan,nan,nan,nan,nan,nan,nan,nan,nan,nan,nan,nan,nan,nan,nan,0.18091079940404683
1791061018.8230648,-1.9470380046207594,0.6024695947618792,-3.0006228944604785,0.2329856036719887,1.7145494862583606,0.3207410412557201,0.45267851486933763,0.0,0.0,-1.9631593719621545,-0.5600582644506173,-0.11190166279289965,-0.007806110139909972,0.6487015734496125,0.0,0.0,-0.23670866410463925,3.237489818642148,0.003921387317370442,0.0008185694672377151,0.6601899860645022,0.0,0.0,-1.0446668344114627,2.580316203696847,-0.016206793510146127,0.0050640844048495965,nan,nan,nan,nan,nan,nan,nan,0.8695642525244426,0.0,0.0,1.3178278575937057,3.2283552539052764,0.03705203043214326,-0.01024452430821932,0.38269866208810843,0.0,0.0,-2.2851508481680147,1.825283862808766,-0.00013873182543892198,0.0012383830276338004,nan,nan,nan,nan,nan,nan,nan,nan,nan,nan,nan,nan,nan,nan,nan,nan,nan,nan,nan,nan,nan,nan,nan,nan,nan,nan,nan,nan,nan,nan,nan,nan,nan,nan,nan,nan,nan,nan,nan,nan,nan,nan,nan,nan,nan,nan,nan,nan,nan,nan,nan,nan,nan,nan,nan,nan,nan,nan,nan,nan,nan,nan,nan,0.17401981370263558
1791061018.9229774,-1.9660862925828386,0.6003995192512996,-2.9963467788368696,0.2606640279603985,1.753356881435252,0.3307697247885107,0.552417455223502,0.0,0.0,-1.9725632029162417,-0.5606707564243952,-0.11610695573002539,-0.017060929214115693,0.6487015734496125,0.0,0.0,-0.23670672121433378,3.2374791266329215,0.006054687632384011,-0.00030229591556254164,0.6601899860645022,0.0,0.0,-1.0444192808478356,2.5802099526081395,0.002914858410199697,-0.0028849278455928495,nan,nan,nan,nan,nan,nan,nan,0.8695642525244426,0.0,0.0,1.3165850152894933,3.228471525163365,-0.02159578555692529,0.0029286665562174314,0.38269866208810843,0.0,0.0,-2.285130342140297,1.825230671112217,-0.000586377365230693,-0.0008946040291126853,nan,nan,nan,nan,nan,nan,nan,nan,nan,nan,nan,nan,nan,nan,nan,nan,nan,nan,nan,nan,nan,nan,nan,nan,nan,nan,nan,nan,nan,nan,nan,nan,nan,nan,nan,nan,nan,nan,nan,nan,nan,nan,nan,nan,nan,nan,nan,nan,nan,nan,nan,nan,nan,nan,nan,nan,nan,nan,nan,nan,nan,nan,nan,0.20377088977573637
1791061019.023312,-1.985926859619342,0.5979167446316432,-2.9970404449704104,0.28311458313373505,1.7908886334781307,0.33814529478597133,0.4993931440717888,0.0,0.0,-1.9834838062522786,-0.5613407820843659,-0.13511108006122655,-0.04997195610738,0.6487015734496125,0.0,0.0,-0.23684364323332047,3.237475165121897,-0.011121308921159558,-0.0007523312530143761,0.6601899860645022,0.0,0.0,-1.044655087736458,2.5803165282596923,-0.0175596208541887,0.006823541358829598,nan,nan,nan,nan,nan,nan,nan,0.8695642525244426,0.0,0.0,1.3178394287611714,3.22838116859856,0.020041323706072266,0.00805542980949225,0.38269866208810843,0.0,0.0,-2.2851544606159186,1.8252747026314395,-0.002042782773189216,-5.537026149037726e-06,nan,nan,nan,nan,nan,nan,nan,nan,nan,nan,nan,nan,nan,nan,nan,nan,nan,nan,nan,nan,nan,nan,nan,nan,nan,nan,nan,nan,nan,nan,nan,nan,nan,nan,nan,nan,nan,nan,nan,nan,nan,nan,nan,nan,nan,nan,nan,nan,nan,nan,nan,nan,nan,nan,nan,nan,nan,nan,nan,nan,nan,nan,nan,0.19982091127235066
1791061019.1229372,-2.007527731906467,0.5951786372706208,-2.997298055874678,0.30185173594017484,1.8271027052124869,0.34379840979708165,0.4629394057914577,0.0,0.0,-1.9924941904723217,-0.5609442315005673,-0.03918104481102678,0.05296893879287223,0.6487015734496125,0.0,0.0,-0.2366984886801494,3.2374945396282646,0.006402413576643762,0.00022832417971418073,0.6601899860645022,0.0,0.0,-1.0446355838406778,2.580288985144348,-0.015305983826132291,0.005435771355729798,nan,nan,nan,nan,nan,nan,nan,0.8695642525244426,0.0,0.0,1.3174160224948344,3.228525570643975,-0.03153637457477431,0.014604730873873992,0.38269866208810843,0.0,0.0,-2.2851547857173755,1.8252310407009162,-0.0018500182309427518,-0.0031389455455579245,nan,nan,nan,nan,nan,nan,nan,nan,nan,nan,nan,nan,nan,nan,nan,nan,nan,nan,nan,nan,nan,nan,nan,nan,nan,nan,nan,nan,nan,nan,nan,nan,nan,nan,nan,nan,nan,nan,nan,nan,nan,nan,nan,nan,nan,nan,nan,nan,nan,nan,nan,nan,nan,nan,nan,nan,nan,nan,nan,nan,nan,nan,nan,0.2170855903427208
1791061019.2229125,-2.029213427095145,0.5923133851562473,-2.998087609299583,0.32150259997457525,1.8620793957884487,0.3492561686537288,0.492082946347651,0.0,0.0,-2.0007953525508153,-0.5618806491794472,-0.11215725762432935,-0.006961308599318764,0.6487015734496125,0.0,0.0,-0.23685328877259265,3.2375173676562055,-0.01095273700607987,0.002577210866649682,0.6601899860645022,0.0,0.0,-1.0444217863573722,2.58022277961387,0.0009211409031232458,-0.0004447177826398562,nan,nan,nan,nan,nan,nan,nan,0.8695642525244426,0.0,0.0,1.3164930483325945,3.2283917091494105,-0.07529462042849336,-0.0093402011416023,0.38269866208810843,0.0,0.0,-2.2850726795828833,1.8252246099416065,0.005284553495715797,0.0007486268156725353,nan,nan,nan,nan,nan,nan,nan,nan,nan,nan,nan,nan,nan,nan,nan,nan,nan,nan,nan,nan,nan,nan,nan,nan,nan,nan,nan,nan,nan,nan,nan,nan,nan,nan,nan,nan,nan,nan,nan,nan,nan,nan,nan,nan,nan,nan,nan,nan,nan,nan,nan,nan,nan,nan,nan,nan,nan,nan,nan,nan,nan,nan,nan,0.22332474689621148
1791061019.3221276,-2.04873730852094,0.5896996947070101,-2.997874257128066,0.34058500589658147,1.896072910540069,0.354116079808358,0.5007420945892331,0.0,0.0,-2.0112511660285763,-0.5615407267550852,-0.10034667387887021,0.0019090605833576284,0.6487015734496125,0.0,0.0,-0.23681795208196035,3.2375117951912986,0.0018491377271114117,0.0013230558285716209,0.6601899860645022,0.0,0.0,-1.0444348928958247,2.580216043593786,-0.0011417608249502213,-0.00019627685521177523,nan,nan,nan,nan,nan,nan,nan,0.8695642525244426,0.0,0.0,1.317876245649605,3.228387382871112,0.00664732477353229,0.0032382355805233125,0.38269866208810843,0.0,0.0,-2.285126034890201,1.8252538911983025,0.0003786919412761606,-0.0009213634162966902,nan,nan,nan,nan,nan,nan,nan,nan,nan,nan,nan,nan,nan,nan,nan,nan,nan,nan,nan,nan,nan,nan,nan,nan,nan,nan,nan,nan,nan,nan,nan,nan,nan,nan,nan,nan,nan,nan,nan,nan,nan,nan,nan,nan,nan,nan,nan,nan,nan,nan,nan,nan,nan,nan,nan,nan,nan,nan,nan,nan,nan,nan,nan,0.20820971513185044
1791061019.4236715,-2.072910221073477,0.5866808146503547,-2.9972658737552513,0.2387552348115596,1.921915905372548,0.32291817287669317,0.798410454978327,0.0,0.0,-2.026078714849755,-0.563321446112078,-0.0859715214176593,0.05312706353440132,0.6487015734496125,0.0,0.0,-0.23672689928012602,3.237477979688245,-0.00212143449109329,0.00031821151598092844,0.6601899860645022,0.0,0.0,-1.0444234323617831,2.5802411188317564,0.003475291733787331,0.0007671292493425469,nan,nan,nan,nan,nan,nan,nan,0.8695642525244426,0.0,0.0,1.317351810534556,3.228515034531045,-0.031009563819840342,0.01357630493515257,0.38269866208810843,0.0,0.0,-2.285154934853735,1.8252557398524818,-0.0007057614793444444,-0.0018112749689316984,nan,nan,nan,nan,nan,nan,nan,nan,nan,nan,nan,nan,nan,nan,nan,nan,nan,nan,nan,nan,nan,nan,nan,nan,nan,nan,nan,nan,nan,nan,nan,nan,nan,nan,nan,nan,nan,nan,nan,nan,nan,nan,nan,nan,nan,nan,nan,nan,nan,nan,nan,nan,nan,nan,nan,nan,nan,nan,nan,nan,nan,nan,nan,0.23698474215537585
1791061019.5216024,-2.092451663511057,0.5843611755744882,-2.999654991012705,0.26431439435549153,1.9414311419335455,0.3320146224886765,0.484197697327296,0.0,0.0,-2.0344609203730366,-0.5631011561245421,-0.09956940530259936,-0.041153189916197846,0.6487015734496125,0.0,0.0,-0.23680249795293806,3.237491333922997,-0.0029093364452328265,-0.0009410365110301723,0.6601899860645022,0.0,0.0,-1.0444200414011453,2.5801980683814434,0.004101188651562084,-0.0025091446873507367,nan,nan,nan,nan,nan,nan,nan,0.8695642525244426,0.0,0.0,1.3178518580938359,3.2283335596351397,0.036595379953307396,-0.012405610620524272,0.38269866208810843,0.0,0.0,-2.2851185566519905,1.825249715198809,0.001170427915001277,-0.0005475880694217106,nan,nan,nan,nan,nan,nan,nan,nan,nan,nan,nan,nan,nan,nan,nan,nan,nan,nan,nan,nan,nan,nan,nan,nan,nan,nan,nan,nan,nan,nan,nan,nan,nan,nan,nan,nan,nan,nan,nan,nan,nan,nan,nan,nan,nan,nan,nan,nan,nan,nan,nan,nan,nan,nan,nan,nan,nan,nan,nan,nan,nan,nan,nan,0.2232533697649006
1791061019.6231089,-2.1160941237895057,0.5815227520557721,-2.996990107305846,0.29082861284698835,1.9617142132970433,0.3405269841795591,0.5075552138226973,0.0,0.0,-2.044325250878848,-0.5623892046326507,-0.024422117221845483,0.04353779752205373,0.6487015734496125,0.0,0.0,-0.2367318558219554,3.2375059033441698,0.0035749869252012815,0.0004313294609842588,0.6601899860645022,0.0,0.0,-1.0444347626773909,2.5802171934264564,0.0018598522971298563,-0.0016106105718194385,nan,nan,nan,nan,nan,nan,nan,0.8695642525244426,0.0,0.0,1.3177946676515762,3.228331098009657,0.08583761292950236,-0.010457953825707932,0.38269866208810843,0.0,0.0,-2.2851499156090602,1.8252406017631366,0.00013866963829502752,0.0006986891464414002,nan,nan,nan,nan,nan,nan,nan,nan,nan,nan,nan,nan,nan,nan,nan,nan,nan,nan,nan,nan,nan,nan,nan,nan,nan,nan,nan,nan,nan,nan,nan,nan,nan,nan,nan,nan,nan,nan,nan,nan,nan,nan,nan,nan,nan,nan,nan,nan,nan,nan,nan,nan,nan,nan,nan,nan,nan,nan,nan,nan,nan,nan,nan,0.21451889254654669
1791061019.723099,-2.137808527165437,0.5787784657938895,-3.0003309781190173,0.31310999234002224,1.9827493897278738,0.3469828520723722,0.4762306963318515,0.0,0.0,-2.0532854423607665,-0.563380354843428,-0.07652079992242777,-0.0027389005917718406,0.6487015734496125,0.0,0.0,-0.2368104006625709,3.2374988138005127,-5.905859583179326e-05,0.0006570200606475886,0.6601899860645022,0.0,0.0,-1.044458195377712,2.5802512767494665,-0.0010003022152346185,0.0016372585860628573,nan,nan,nan,nan,nan,nan,nan,0.8695642525244426,0.0,0.0,1.3178333680555556,3.228356211012592,0.0018546957078582752,-0.0016542582013950172,0.38269866208810843,0.0,0.0,-2.285141814423811,1.825297594516852,0.002095397916843276,1.8613256210546112e-05,nan,nan,nan,nan,nan,nan,nan,nan,nan,nan,nan,nan,nan,nan,nan,nan,nan,nan,nan,nan,nan,nan,nan,nan,nan,nan,nan,nan,nan,nan,nan,nan,nan,nan,nan,nan,nan,nan,nan,nan,nan,nan,nan,nan,nan,nan,nan,nan,nan,nan,nan,nan,nan,nan,nan,nan,nan,nan,nan,nan,nan,nan,nan,0.23636362125653554
1791061019.8230147,-2.1595892835372155,0.5760784364590132,-3.0023294921185646,0.3330553114997724,2.0043001181033677,0.3522487294555231,0.4667266399048683,0.0,0.0,-2.0619056602220285,-0.5651325487219075,-0.07550275131527741,-0.027639243263802713,0.6487015734496125,0.0,0.0,-0.23677412342978768,3.237500859251445,-0.0015165274511475485,-9.229055451887198e-06,0.6601899860645022,0.0,0.0,-1.0444319278230778,2.580224523193551,-0.0004960490685774249,-0.00019442305895378797,nan,nan,nan,nan,nan,nan,nan,0.8695642525244426,0.0,0.0,1.3171495193995157,3.228287560581001,-0.04723743091121474,-0.004197649282975845,0.38269866208810843,0.0,0.0,-2.2851307243842305,1.8252641068207733,0.0004379419974852315,-0.0013845464817472011,nan,nan,nan,nan,nan,nan,nan,nan,nan,nan,nan,nan,nan,nan,nan,nan,nan,nan,nan,nan,nan,nan,nan,nan,nan,nan,nan,nan,nan,nan,nan,nan,nan,nan,nan,nan,nan,nan,nan,nan,nan,nan,nan,nan,nan,nan,nan,nan,nan,nan,nan,nan,nan,nan,nan,nan,nan,nan,nan,nan,nan,nan,nan,0.2102258510307925
1791061019.9236555,-2.1814776631516333,0.5735332720177257,-3.005250551268422,0.3516356699753326,2.0262207425367307,0.3567413586358646,0.46832286537652823,0.0,0.0,-2.068215095513151,-0.5649896297962472,-0.059210327146259636,-0.00041970114915599314,0.6487015734496125,0.0,0.0,-0.23676524745383815,3.237507474647497,-0.0010682749631434857,0.001976184239348542,0.6601899860645022,0.0,0.0,-1.0446850017703369,2.5803075352304634,-0.019068445102230634,0.007049553765461744,nan,nan,nan,nan,nan,nan,nan,0.8695642525244426,0.0,0.0,1.317440534064609,3.228545913367138,-0.012974646463747148,0.016974985484946012,0.38269866208810843,0.0,0.0,-2.2851565458270615,1.8252967485155112,-0.00011259704700173647,0.00021834062801786858,nan,nan,nan,nan,nan,nan,nan,nan,nan,nan,nan,nan,nan,nan,nan,nan,nan,nan,nan,nan,nan,nan,nan,nan,nan,nan,nan,nan,nan,nan,nan,nan,nan,nan,nan,nan,nan,nan,nan,nan,nan,nan,nan,nan,nan,nan,nan,nan,nan,nan,nan,nan,nan,nan,nan,nan,nan,nan,nan,nan,nan,nan,nan,0.20544875058908113
1791061020.0234392,-2.2034744045025074,0.5706816507460202,-3.0099491182582816,0.3710020513221527,2.048617592981484,0.3610244904479949,0.4985464753191498,0.0,0.0,-2.0704753044301074,-0.5632337820148855,0.006050053186405953,0.03502217386625782,0.6487015734496125,0.0,0.0,-0.2367985070895424,3.2374861592279243,-0.000537156663505959,-0.0009134318133827486,0.6601899860645022,0.0,0.0,-1.0444495305325443,2.5802223917679123,-0.0002894086377388625,0.0009862513909044501,nan,nan,nan,nan,nan,nan,nan,0.8695642525244426,0.0,0.0,1.3178130857416845,3.228355466497991,0.023018374567613895,-0.011649488469955217,0.38269866208810843,0.0,0.0,-2.2851442761698837,1.825245526249574,4.637162780464241e-05,-0.00024904653157228895,nan,nan,nan,nan,nan,nan,nan,nan,nan,nan,nan,nan,nan,nan,nan,nan,nan,nan,nan,nan,nan,nan,nan,nan,nan,nan,nan,nan,nan,nan,nan,nan,nan,nan,nan,nan,nan,nan,nan,nan,nan,nan,nan,nan,nan,nan,nan,nan,nan,nan,nan,nan,nan,nan,nan,nan,nan,nan,nan,nan,nan,nan,nan,0.23425982885975563
1791061020.1227696,-2.224344110110509,0.5670739417189395,-3.004045069304504,0.3870591635166308,2.0713709438019197,0.36428464941252287,0.4709442294338843,0.0,0.0,-2.076042008521381,-0.5637518914469675,-0.05453558274145585,-0.005249550889657703,0.6487015734496125,0.0,0.0,-0.23674019754641396,3.237501275191433,0.003818354437705558,0.0006579363403314433,0.6601899860645022,0.0,0.0,-1.0444811692678073,2.5801831084204445,0.01171358135056418,-0.006956766810443509,nan,nan,nan,nan,nan,nan,nan,0.8695642525244426,0.0,0.0,1.317367540684372,3.2285247624530866,-0.025946917525326435,0.01345759956221436,0.38269866208810843,0.0,0.0,-2.285112781450937,1.8252261142583543,0.0009446019019995944,-0.0009604121291275481,nan,nan,nan,nan,nan,nan,nan,nan,nan,nan,nan,nan,nan,nan,nan,nan,nan,nan,nan,nan,nan,nan,nan,nan,nan,nan,nan,nan,nan,nan,nan,nan,nan,nan,nan,nan,nan,nan,nan,nan,nan,nan,nan,nan,nan,nan,nan,nan,nan,nan,nan,nan,nan,nan,nan,nan,nan,nan,nan,nan,nan,nan,nan,0.22339047598371214
1791061020.221913,-2.244160084884596,0.5651044880744234,-3.007665651567192,0.40338544020444106,2.0943448438355996,0.3673452748074735,0.49020721916713006,0.0,0.0,-2.080782364305492,-0.5639316965581325,-0.04276006970813984,-0.006204293463560787,0.6487015734496125,0.0,0.0,-0.23674356119426138,3.237474945210585,-9.528538938385856e-06,-0.0006613288421523536,0.6601899860645022,0.0,0.0,-1.044446446162704,2.5801907585070345,0.002181492666705937,-3.652956133223475e-05,nan,nan,nan,nan,nan,nan,nan,0.8695642525244426,0.0,0.0,1.317756096276062,3.2283103729285147,0.038454640403518425,0.0018510064854778258,0.38269866208810843,0.0,0.0,-2.2851389802559874,1.8252911073081943,0.0019081717401629463,0.00018645820490742425,nan,nan,nan,nan,nan,nan,nan,nan,nan,nan,nan,nan,nan,nan,nan,nan,nan,nan,nan,nan,nan,nan,nan,nan,nan,nan,nan,nan,nan,nan,nan,nan,nan,nan,nan,nan,nan,nan,nan,nan,nan,nan,nan,nan,nan,nan,nan,nan,nan,nan,nan,nan,nan,nan,nan,nan,nan,nan,nan,nan,nan,nan,nan,0.21190481944731077
1791061020.3224585,-2.2685160304526106,0.5622594918995307,-3.0117812509185904,0.4172301791764999,2.117440607192868,0.3697514025038446,0.4726193881254543,0.0,0.0,-2.0849095767951744,-0.5640139062687151,-0.05013229451152944,-0.023346185129708708,0.6487015734496125,0.0,0.0,-0.2367835415141086,3.2375034612615146,-0.0034329100058693544,0.0007379740944585992,0.6601899860645022,0.0,0.0,-1.0444951089506227,2.5802238455286024,0.010817361404425366,-0.0019898730870956992,nan,nan,nan,nan,nan,nan,nan,0.8695642525244426,0.0,0.0,1.3165988449146944,3.228466496598068,-0.003790638160529336,-0.00022498026281859865,0.38269866208810843,0.0,0.0,-2.2851504196684718,1.8252017136182122,-0.0017526034675984486,-0.006315172702314392,nan,nan,nan,nan,nan,nan,nan,nan,nan,nan,nan,nan,nan,nan,nan,nan,nan,nan,nan,nan,nan,nan,nan,nan,nan,nan,nan,nan,nan,nan,nan,nan,nan,nan,nan,nan,nan,nan,nan,nan,nan,nan,nan,nan,nan,nan,nan,nan,nan,nan,nan,nan,nan,nan,nan,nan,nan,nan,nan,nan,nan,nan,nan,0.22226035267624114
1791061020.4223526,-2.290515424401485,0.5597956967540115,-3.013886095224844,0.43007307636880443,2.140455202929147,0.37183678877063736,0.49815087951308656,0.0,0.0,-2.0907633110305013,-0.5657324007844675,-0.044179266021001355,-0.005566898527234857,0.6487015734496125,0.0,0.0,-0.23675279260445872,3.237482944116685,0.0025589308673127486,-0.00018388082491383064,0.6601899860645022,0.0,0.0,-1.0444766900598936,2.5802106174853305,0.014058130077214947,-0.0037408457864701824,nan,nan,nan,nan,nan,nan,nan,0.8695642525244426,0.0,0.0,1.3165932706394432,3.2284587241642733,0.00046975300584418,0.0021328261486986745,0.38269866208810843,0.0,0.0,-2.285139737814472,1.825224841436118,-5.810018965722954e-06,-0.0019587851407659273,nan,nan,nan,nan,nan,nan,nan,nan,nan,nan,nan,nan,nan,nan,nan,nan,nan,nan,nan,nan,nan,nan,nan,nan,nan,nan,nan,nan,nan,nan,nan,nan,nan,nan,nan,nan,nan,nan,nan,nan,nan,nan,nan,nan,nan,nan,nan,nan,nan,nan,nan,nan,nan,nan,nan,nan,nan,nan,nan,nan,nan,nan,nan,0.22732719563345608
1791061020.5210247,-2.3099851184321905,0.5576272812271672,-3.018151530068635,0.4420832754891881,2.1632911285368666,0.3736659552910858,0.4680633268298051,0.0,0.0,-2.091943429376578,-0.5651567605723659,0.1043850231840946,0.043004899462141866,0.6487015734496125,0.0,0.0,-0.23685459829282662,3.237492019896157,-0.008145217092691767,-0.0009993056853471497,0.6601899860645022,0.0,0.0,-1.0444862685606693,2.5801764455307596,-5.428986342753998e-05,-0.003075187186488946,nan,nan,nan,nan,nan,nan,nan,0.8695642525244426,0.0,0.0,1.317786923705474,3.2283254071359675,0.006879701889285609,-0.0003208417608173505,0.38269866208810843,0.0,0.0,-2.2851541393712718,1.8252762733463572,0.0014845460989369537,0.0015268602881486294,nan,nan,nan,nan,nan,nan,nan,nan,nan,nan,nan,nan,nan,nan,nan,nan,nan,nan,nan,nan,nan,nan,nan,nan,nan,nan,nan,nan,nan,nan,nan,nan,nan,nan,nan,nan,nan,nan,nan,nan,nan,nan,nan,nan,nan,nan,nan,nan,nan,nan,nan,nan,nan,nan,nan,nan,nan,nan,nan,nan,nan,nan,nan,0.212023817408803
1791061020.6210265,-2.3319855341173583,0.5552440968552833,-3.0212355297883975,0.454281030430012,2.1860125565402373,0.37541016793488535,0.48050002006399173,0.0,0.0,-2.0970876658965003,-0.5659983179295909,-0.006696020358125995,0.04796403715528431,0.6487015734496125,0.0,0.0,-0.2367874154580224,3.237494713093443,-0.002730180854029316,-0.0007759168905459882,0.6601899860645022,0.0,0.0,-1.0444495153666304,2.5801936641759737,-0.00034297759130452846,-0.0007835941158806367,nan,nan,nan,nan,nan,nan,nan,0.8695642525244426,0.0,0.0,1.3165166553490757,3.2283796258015034,-0.08717995026132695,0.005028111071994383,0.38269866208810843,0.0,0.0,-2.2851308287201655,1.8252489848116131,0.000233840151147099,0.00016559224522667468,nan,nan,nan,nan,nan,nan,nan,nan,nan,nan,nan,nan,nan,nan,nan,nan,nan,nan,nan,nan,nan,nan,nan,nan,nan,nan,nan,nan,nan,nan,nan,nan,nan,nan,nan,nan,nan,nan,nan,nan,nan,nan,nan,nan,nan,nan,nan,nan,nan,nan,nan,nan,nan,nan,nan,nan,nan,nan,nan,nan,nan,nan,nan,0.21656341250890354
1791061020.7203937,-2.3538440677169623,0.553253317142132,-3.0257576031001476,0.4646311980654321,2.2085141164347366,0.37680491509832814,0.4739361961806746,0.0,0.0,-2.100454033397314,-0.5661037936173079,-0.03241692923191179,0.0006936517181069417,0.6487015734496125,0.0,0.0,-0.23676905654708694,3.237483968507484,-0.0047191334255279535,0.0014122456003454447,0.6601899860645022,0.0,0.0,-1.0444602253597652,2.580207433002524,0.011983860047636508,-0.004466012210570102,nan,nan,nan,nan,nan,nan,nan,0.8695642525244426,0.0,0.0,1.3173384094829137,3.2285028992465423,0.008236942062524523,0.0175707846330588,0.38269866208810843,0.0,0.0,-2.285183372453415,1.8252883641929387,-0.0019550147443390554,0.0029198686035750406,nan,nan,nan,nan,nan,nan,nan,nan,nan,nan,nan,nan,nan,nan,nan,nan,nan,nan,nan,nan,nan,nan,nan,nan,nan,nan,nan,nan,nan,nan,nan,nan,nan,nan,nan,nan,nan,nan,nan,nan,nan,nan,nan,nan,nan,nan,nan,nan,nan,nan,nan,nan,nan,nan,nan,nan,nan,nan,nan,nan,nan,nan,nan,0.22350066483310596
1791061020.8219314,-2.38110944236048,0.5540692874687073,-3.0645114676744423,0.42041841539234454,1.9983591482213792,0.37028195977156547,0.4739361961806746,0.0,0.0,-2.102064258671987,-0.5654373792801041,-0.03428709740809413,-0.0025384496472249875,0.6487015734496125,0.0,0.0,-0.23676183450789676,3.237485484008935,0.0006789921043902892,-0.00016130023548980882,0.6601899860645022,0.0,0.0,-1.0444483281432344,2.5802262659110173,-0.0010916659195671715,0.002874848616285504,nan,nan,nan,nan,nan,nan,nan,0.8695642525244426,0.0,0.0,1.3178428587385675,3.2283511655144266,0.03808333905395572,0.0057615143482689785,0.38269866208810843,0.0,0.0,-2.285119254342099,1.8252947700308861,0.0005469930914410062,0.0019668567094107197,nan,nan,nan,nan,nan,nan,nan,nan,nan,nan,nan,nan,nan,nan,nan,nan,nan,nan,nan,nan,nan,nan,nan,nan,nan,nan,nan,nan,nan,nan,nan,nan,nan,nan,nan,nan,nan,nan,nan,nan,nan,nan,nan,nan,nan,nan,nan,nan,nan,nan,nan,nan,nan,nan,nan,nan,nan,nan,nan,nan,nan,nan,nan,0.21274083587023615
1791061020.920215,-2.4010719808240584,0.5517164532563763,-3.069423188195786,0.3804421753357996,1.808341579761781,0.36297205842809577,0.4739361961806746,0.0,0.0,-2.104940688165653,-0.5656143203693281,-0.060120570283240866,-0.04823411053074979,0.6487015734496125,0.0,0.0,-0.2368019721719163,3.237514811891211,-0.008247843268513556,0.0024745317203135305,0.6601899860645022,0.0,0.0,-1.0444485150934948,2.580209723099769,0.003271355776350373,-0.0006087787177196423,nan,nan,nan,nan,nan,nan,nan,0.8695642525244426,0.0,0.0,1.3163057331730301,3.2283148331077305,-0.022936872214086565,-0.009508473630551245,0.38269866208810843,0.0,0.0,-2.285094186453056,1.8252393962671887,0.004331879343585572,-0.0019904029275354712,nan,nan,nan,nan,nan,nan,nan,nan,nan,nan,nan,nan,nan,nan,nan,nan,nan,nan,nan,nan,nan,nan,nan,nan,nan,nan,nan,nan,nan,nan,nan,nan,nan,nan,nan,nan,nan,nan,nan,nan,nan,nan,nan,nan,nan,nan,nan,nan,nan,nan,nan,nan,nan,nan,nan,nan,nan,nan,nan,nan,nan,nan,nan,0.21246241476187666
1791061021.0216904,-2.424660393567121,0.5494870842422128,-3.0752280987290983,0.3442383156587218,1.6362551260342622,0.35499898534776003,0.4739361961806746,0.0,0.0,-2.1073593900898864,-0.5652320546347224,-0.030011774019400958,-0.0011011470794127305,0.6487015734496125,0.0,0.0,-0.23679244135851882,3.2374967995662023,0.0011190286328119177,-0.0003303272121355813,0.6601899860645022,0.0,0.0,-1.0444211207324217,2.580209970154845,0.0005644954259891828,-0.0002183555996343469,nan,nan,nan,nan,nan,nan,nan,0.8695642525244426,0.0,0.0,1.3171261407689128,3.2282434789828383,-0.017311193276949615,-0.019798481626990883,0.38269866208810843,0.0,0.0,-2.2851428319511795,1.8252700806841695,-0.0010018934018053696,-4.118110272512425e-05,nan,nan,nan,nan,nan,nan,nan,nan,nan,nan,nan,nan,nan,nan,nan,nan,nan,nan,nan,nan,nan,nan,nan,nan,nan,nan,nan,nan,nan,nan,nan,nan,nan,nan,nan,nan,nan,nan,nan,nan,nan,nan,nan,nan,nan,nan,nan,nan,nan,nan,nan,nan,nan,nan,nan,nan,nan,nan,nan,nan,nan,nan,nan,0.20689546325481867
1791061021.1231995,-2.4463546470692314,0.5477878668738702,-3.0813712911216307,0.31147986074467054,1.480545586056095,0.34653141367243673,0.4739361961806746,0.0,0.0,-2.1127583213503724,-0.5658973548275539,-0.038482607522810755,-0.0011185039739587742,0.6487015734496125,0.0,0.0,-0.23673080582676473,3.237497182445699,0.000753949453116607,0.0008418413897237931,0.6601899860645022,0.0,0.0,-1.044412779045488,2.5802006330577614,0.0009248994004922381,-0.001403876633164977,nan,nan,nan,nan,nan,nan,nan,0.8695642525244426,0.0,0.0,1.317348533455913,3.2285095582228784,-0.029084983404695213,0.013110993568174944,0.38269866208810843,0.0,0.0,-2.285146332283166,1.8252697146144605,0.002000890944936172,-0.001093252537774599,nan,nan,nan,nan,nan,nan,nan,nan,nan,nan,nan,nan,nan,nan,nan,nan,nan,nan,nan,nan,nan,nan,nan,nan,nan,nan,nan,nan,nan,nan,nan,nan,nan,nan,nan,nan,nan,nan,nan,nan,nan,nan,nan,nan,nan,nan,nan,nan,nan,nan,nan,nan,nan,nan,nan,nan,nan,nan,nan,nan,nan,nan,nan,0.1992243054639786
1791061021.2223492,-2.4682083460567847,0.5456911092650917,-3.086212159976795,0.2818386329808613,1.3396530454402342,0.33774392125872404,0.4739361961806746,0.0,0.0,-2.115410165435578,-0.5651241133182373,-0.05560392991284098,-0.023698199636452963,0.6487015734496125,0.0,0.0,-0.2368248614317904,3.237499529007553,-0.003253064758610435,0.0015095788078712288,0.6601899860645022,0.0,0.0,-1.0444645418756586,2.5802565453715403,-0.0008464342761097896,0.003285939021641726,nan,nan,nan,nan,nan,nan,nan,0.8695642525244426,0.0,0.0,1.3173825567486332,3.228514332847022,-0.030805270461593603,0.012269850798947024,0.38269866208810843,0.0,0.0,-2.2851657571280692,1.8252929007266507,-0.002463996671030851,0.0013872079708252172,nan,nan,nan,nan,nan,nan,nan,nan,nan,nan,nan,nan,nan,nan,nan,nan,nan,nan,nan,nan,nan,nan,nan,nan,nan,nan,nan,nan,nan,nan,nan,nan,nan,nan,nan,nan,nan,nan,nan,nan,nan,nan,nan,nan,nan,nan,nan,nan,nan,nan,nan,nan,nan,nan,nan,nan,nan,nan,nan,nan,nan,nan,nan,0.24095289954556995
1791061021.3225288,-2.489726376234225,0.5444176301848418,-3.0897142507730586,0.2550405511768125,1.2122747243028749,0.3288167640605203,0.4739361961806746,0.0,0.0,-2.1193666951623853,-0.5649626390618648,-0.02999480580792757,0.021261350732117688,0.6487015734496125,0.0,0.0,-0.23676886407599218,3.2374664587546937,-0.0024349668560048844,-0.0002532665816573195,0.6601899860645022,0.0,0.0,-1.0444217996762766,2.580209101949267,-0.00029469707682831586,-0.00039249200990754455,nan,nan,nan,nan,nan,nan,nan,0.8695642525244426,0.0,0.0,1.3178061775892573,3.2283242558161946,0.08891204643111908,-0.010939860669334264,0.38269866208810843,0.0,0.0,-2.28513865715654,1.8252822281042904,0.0009614118018299678,0.0002858699945875396,nan,nan,nan,nan,nan,nan,nan,nan,nan,nan,nan,nan,nan,nan,nan,nan,nan,nan,nan,nan,nan,nan,nan,nan,nan,nan,nan,nan,nan,nan,nan,nan,nan,nan,nan,nan,nan,nan,nan,nan,nan,nan,nan,nan,nan,nan,nan,nan,nan,nan,nan,nan,nan,nan,nan,nan,nan,nan,nan,nan,nan,nan,nan,0.2086238098800264
1791061021.4203162,-2.504770344572876,0.53932410827982,-3.0464941718843366,0.23077023383457343,1.0969115315515836,0.31989287694207114,0.4739361961806746,0.0,0.0,-2.12486265225748,-0.5663650173717382,-0.05198173753979125,-0.0019957645588927963,0.6487015734496125,0.0,0.0,-0.23680576956717383,3.2374765426764602,-0.007935530552729081,0.000194385340673371,0.6601899860645022,0.0,0.0,-1.0444389458806713,2.5802315034162695,0.004199651947763394,-0.0017993081376848844,nan,nan,nan,nan,nan,nan,nan,0.8695642525244426,0.0,0.0,1.3165946485534339,3.228463045770936,-0.08464629616395428,0.00911359379281349,0.38269866208810843,0.0,0.0,-2.285134540686677,1.8252377588297386,-0.00019991340677094432,-0.003135311876972506,nan,nan,nan,nan,nan,nan,nan,nan,nan,nan,nan,nan,nan,nan,nan,nan,nan,nan,nan,nan,nan,nan,nan,nan,nan,nan,nan,nan,nan,nan,nan,nan,nan,nan,nan,nan,nan,nan,nan,nan,nan,nan,nan,nan,nan,nan,nan,nan,nan,nan,nan,nan,nan,nan,nan,nan,nan,nan,nan,nan,nan,nan,nan,0.16985596198038042
1791061021.5201848,-2.5299527145503538,0.5425410273223386,-3.091011722987746,0.20881290901038516,0.992542599729374,0.3111190259109413,0.4739361961806746,0.0,0.0,-2.1301660829944025,-0.566534198619475,-0.05235684195485178,-0.0005861088230847941,0.6487015734496125,0.0,0.0,-0.2367573010160752,3.2374732538172264,0.002970529659174325,0.0018109965269379464,0.6601899860645022,0.0,0.0,-1.0444230930549985,2.580232518103261,-0.001036799691351252,0.0007288430173710649,nan,nan,nan,nan,nan,nan,nan,0.8695642525244426,0.0,0.0,1.317158515780392,3.22838566706578,-0.00011230894998672317,-0.008152785733902943,0.38269866208810843,0.0,0.0,-2.2851498371832726,1.8252990961259707,-0.0017780395828830371,0.0030474939683700886,nan,nan,nan,nan,nan,nan,nan,nan,nan,nan,nan,nan,nan,nan,nan,nan,nan,nan,nan,nan,nan,nan,nan,nan,nan,nan,nan,nan,nan,nan,nan,nan,nan,nan,nan,nan,nan,nan,nan,nan,nan,nan,nan,nan,nan,nan,nan,nan,nan,nan,nan,nan,nan,nan,nan,nan,nan,nan,nan,nan,nan,nan,nan,0.12860284553152956
1791061021.6203809,-2.5517372363146786,0.5411992922806568,-3.092613427793956,0.18894198606819387,0.8980908840306874,0.30260488700029387,0.4739361961806746,0.0,0.0,-2.1352640349479044,-0.5667511792463105,-0.053380586731168064,-0.0031430259785220037,0.6487015734496125,0.0,0.0,-0.23679199184370417,3.2374702168939957,0.003076652342625953,-0.0004495440138140719,0.6601899860645022,0.0,0.0,-1.0444006461557325,2.5802281361636856,0.0018911252129606812,-0.00010575092859492389,nan,nan,nan,nan,nan,nan,nan,0.8695642525244426,0.0,0.0,1.3178168555461112,3.228355696484863,0.02434383718848692,-0.009689892329046575,0.38269866208810843,0.0,0.0,-2.2851199643885973,1.8252842252427213,0.001427895950627864,0.00026399227758439156,nan,nan,nan,nan,nan,nan,nan,nan,nan,nan,nan,nan,nan,nan,nan,nan,nan,nan,nan,nan,nan,nan,nan,nan,nan,nan,nan,nan,nan,nan,nan,nan,nan,nan,nan,nan,nan,nan,nan,nan,nan,nan,nan,nan,nan,nan,nan,nan,nan,nan,nan,nan,nan,nan,nan,nan,nan,nan,nan,nan,nan,nan,nan,0.10518358555574871
1791061021.720156,-2.575146752505765,0.5395260518024122,-3.094737092985235,0.1709617788444588,0.8126262367246565,0.29443805256504046,0.4739361961806746,0.0,0.0,-2.1410189774711337,-0.5670196898384752,-0.062071715303710216,-0.0043082716761552705,0.6487015734496125,0.0,0.0,-0.23681148553300158,3.2374646440319887,-0.0016875093422638395,0.0006523706163746553,0.6601899860645022,0.0,0.0,-1.044438681177483,2.5802203450089873,-0.00048632354450346736,0.0005130915024726615,nan,nan,nan,nan,nan,nan,nan,0.8695642525244426,0.0,0.0,1.3174233130565356,3.228531289221726,-0.027712614674769303,0.013832432301967833,0.38269866208810843,0.0,0.0,-2.285159017026188,1.8252861506576286,0.0010598845538265403,-0.0019302061418729022,nan,nan,nan,nan,nan,nan,nan,nan,nan,nan,nan,nan,nan,nan,nan,nan,nan,nan,nan,nan,nan,nan,nan,nan,nan,nan,nan,nan,nan,nan,nan,nan,nan,nan,nan,nan,nan,nan,nan,nan,nan,nan,nan,nan,nan,nan,nan,nan,nan,nan,nan,nan,nan,nan,nan,nan,nan,nan,nan,nan,nan,nan,nan,0.21695564453262972
1791061021.8220372,-2.5939039857539203,0.5343399200506183,-3.0490949839658263,0.17703443476222708,0.9313723062674987,0.2972448020781732,0.44415941651830415,0.0,0.0,-2.1491031269122316,-0.5676440366013233,-0.09643409411024485,-0.004610265587311808,0.6487015734496125,0.0,0.0,-0.23691661094289265,3.2374727988050416,-0.006825476130909088,-0.0010653913988620813,0.6601899860645022,0.0,0.0,-1.0444403530162072,2.5802180314910608,0.00027486683745405903,-0.000636640761050153,nan,nan,nan,nan,nan,nan,nan,0.8695642525244426,0.0,0.0,1.3178069101000054,3.2283282031747143,0.01734109512193313,0.0021879154637200237,0.38269866208810843,0.0,0.0,-2.2851221052161867,1.8252607260097622,0.003113634220176327,-0.0030440314461175834,nan,nan,nan,nan,nan,nan,nan,nan,nan,nan,nan,nan,nan,nan,nan,nan,nan,nan,nan,nan,nan,nan,nan,nan,nan,nan,nan,nan,nan,nan,nan,nan,nan,nan,nan,nan,nan,nan,nan,nan,nan,nan,nan,nan,nan,nan,nan,nan,nan,nan,nan,nan,nan,nan,nan,nan,nan,nan,nan,nan,nan,nan,nan,0.20647858459686028
1791061021.9201844,-2.616947935944305,0.5374707942747493,-3.095076488267723,0.16019167906925866,0.8427631256031329,0.2893408040340834,0.44415941651830415,0.0,0.0,-2.1638066006401657,-0.5682630433746957,-0.14028555010993432,-0.008597986996402313,0.6487015734496125,0.0,0.0,-0.2367975419575205,3.2374646093612243,0.0046957271925069715,-0.00158522886426383,0.6601899860645022,0.0,0.0,-1.0444519685697213,2.580169726522685,0.0006305796943918086,-0.003922305445895578,nan,nan,nan,nan,nan,nan,nan,0.8695642525244426,0.0,0.0,1.3165679686837493,3.228425645631194,-0.003919951416079205,-0.002331786599051651,0.38269866208810843,0.0,0.0,-2.2851174420925844,1.8252605641152841,0.002625601967805246,-0.00035857330718304305,nan,nan,nan,nan,nan,nan,nan,nan,nan,nan,nan,nan,nan,nan,nan,nan,nan,nan,nan,nan,nan,nan,nan,nan,nan,nan,nan,nan,nan,nan,nan,nan,nan,nan,nan,nan,nan,nan,nan,nan,nan,nan,nan,nan,nan,nan,nan,nan,nan,nan,nan,nan,nan,nan,nan,nan,nan,nan,nan,nan,nan,nan,nan,0.30678615818200455
1791061022.022548,-2.6398343140558755,0.5358833578322998,-3.089825842228002,0.14494742529054316,0.7625636106427889,0.2818720222153484,0.44415941651830415,0.0,0.0,-2.177689092896282,-0.5687584517356238,-0.12436640972754895,-0.006772966126097185,0.6487015734496125,0.0,0.0,-0.23672548063576776,3.2374645988000617,0.0045498040812016055,-0.0008544418449564693,0.6601899860645022,0.0,0.0,-1.0444220514352796,2.580212997804395,0.002013643548026592,-0.0002819271028880773,nan,nan,nan,nan,nan,nan,nan,0.8695642525244426,0.0,0.0,1.3178070461270195,3.2283261021978222,0.003949617809459056,-0.004453760464852337,0.38269866208810843,0.0,0.0,-2.285126496950386,1.8252473325316945,0.003622186550659596,-0.00260164490556403,nan,nan,nan,nan,nan,nan,nan,nan,nan,nan,nan,nan,nan,nan,nan,nan,nan,nan,nan,nan,nan,nan,nan,nan,nan,nan,nan,nan,nan,nan,nan,nan,nan,nan,nan,nan,nan,nan,nan,nan,nan,nan,nan,nan,nan,nan,nan,nan,nan,nan,nan,nan,nan,nan,nan,nan,nan,nan,nan,nan,nan,nan,nan,0.23348897061218804
1791061022.1200778,-2.6589070767419716,0.5352315386013705,-3.0912322206179508,0.13116743377766793,0.6900675310358425,0.2748751196408496,0.44415941651830415,0.0,0.0,-2.1887688563576257,-0.569128758407339,-0.12209614256319645,-0.007492764417620726,0.6487015734496125,0.0,0.0,-0.23672224916382817,3.237480828676728,0.003223012873481399,0.0010670320787420438,0.6601899860645022,0.0,0.0,-1.0444454063314357,2.580239693981811,-0.000996521369133268,0.0022146325075245417,nan,nan,nan,nan,nan,nan,nan,0.8695642525244426,0.0,0.0,1.3178086502321351,3.2283309124048385,0.009281696498960441,-0.0021925461733794125,0.38269866208810843,0.0,0.0,-2.285114135973451,1.825252434293772,0.0016666252475639124,0.00023105116278096212,nan,nan,nan,nan,nan,nan,nan,nan,nan,nan,nan,nan,nan,nan,nan,nan,nan,nan,nan,nan,nan,nan,nan,nan,nan,nan,nan,nan,nan,nan,nan,nan,nan,nan,nan,nan,nan,nan,nan,nan,nan,nan,nan,nan,nan,nan,nan,nan,nan,nan,nan,nan,nan,nan,nan,nan,nan,nan,nan,nan,nan,nan,nan,0.23041063926014035
1791061022.222171,-2.6835605516084575,0.5332513342755248,-3.081883310578039,0.11868520211988584,0.6243989231060468,0.26834699708239307,0.44415941651830415,0.0,0.0,-2.2018639185811386,-0.5696646353927747,-0.11859780606950386,-0.007262649585293605,0.6487015734496125,0.0,0.0,-0.23676156859207664,3.2374714247955896,-0.0004884307916812173,-0.0005954457156032442,0.6601899860645022,0.0,0.0,-1.0444592016962153,2.580233191876216,0.012016717911859806,-0.004213134091770921,nan,nan,nan,nan,nan,nan,nan,0.8695642525244426,0.0,0.0,1.3178296755586565,3.2283712133605316,0.059236040016615754,-0.003027590018407281,0.38269866208810843,0.0,0.0,-2.2851781871608963,1.8252769217892237,-0.0019274646345988715,0.001265235417785032,nan,nan,nan,nan,nan,nan,nan,nan,nan,nan,nan,nan,nan,nan,nan,nan,nan,nan,nan,nan,nan,nan,nan,nan,nan,nan,nan,nan,nan,nan,nan,nan,nan,nan,nan,nan,nan,nan,nan,nan,nan,nan,nan,nan,nan,nan,nan,nan,nan,nan,nan,nan,nan,nan,nan,nan,nan,nan,nan,nan,nan,nan,nan,0.24348970558357014
1791061022.3222718,-2.704623486970257,0.5325010462669202,-3.0786043159249044,0.10739256405884326,0.5649887277455594,0.2622949345969568,0.44415941651830415,0.0,0.0,-2.2136787267166573,-0.5700326516744963,-0.1177631644472252,-0.00477193187740111,0.6487015734496125,0.0,0.0,-0.2368071260280735,3.237469478426358,0.001315082568912036,-0.001551578833141676,0.6601899860645022,0.0,0.0,-1.0444382435846722,2.5802361033537773,0.0023304222859773364,0.0002480099796857149,nan,nan,nan,nan,nan,nan,nan,0.8695642525244426,0.0,0.0,1.3174141430928916,3.2285354115069294,0.0015718401248573136,-0.0001569087260662517,0.38269866208810843,0.0,0.0,-2.28517752272798,1.825278331374201,-0.002022712349275231,-0.0002684839076113428,nan,nan,nan,nan,nan,nan,nan,nan,nan,nan,nan,nan,nan,nan,nan,nan,nan,nan,nan,nan,nan,nan,nan,nan,nan,nan,nan,nan,nan,nan,nan,nan,nan,nan,nan,nan,nan,nan,nan,nan,nan,nan,nan,nan,nan,nan,nan,nan,nan,nan,nan,nan,nan,nan,nan,nan,nan,nan,nan,nan,nan,nan,nan,0.21876203192507165
1791061022.422688,-2.725902291758035,0.53101230707721,-3.0719102884035188,0.09717281038892646,0.5112229416835415,0.2567063554198792,0.44415941651830415,0.0,0.0,-2.225324871665374,-0.570444583736585,-0.11429227696357926,-0.00448308984061904,0.6487015734496125,0.0,0.0,-0.23670911050521448,3.237473979815959,0.005220762778637514,-0.0005323107988791686,0.6601899860645022,0.0,0.0,-1.0446565216855015,2.5802983161816018,-0.018280992117962563,0.006080249511373563,nan,nan,nan,nan,nan,nan,nan,0.8695642525244426,0.0,0.0,1.3166634105313335,3.2284919065138546,-0.07906615108592689,0.010308669964116172,0.38269866208810843,0.0,0.0,-2.285155553346326,1.8252841989315032,0.0020215629002399388,0.0005171028170896003,nan,nan,nan,nan,nan,nan,nan,nan,nan,nan,nan,nan,nan,nan,nan,nan,nan,nan,nan,nan,nan,nan,nan,nan,nan,nan,nan,nan,nan,nan,nan,nan,nan,nan,nan,nan,nan,nan,nan,nan,nan,nan,nan,nan,nan,nan,nan,nan,nan,nan,nan,nan,nan,nan,nan,nan,nan,nan,nan,nan,nan,nan,nan,0.21661899517382133
1791061022.5222716,-2.7473151494783505,0.5294001493766368,-3.075296285832929,0.08793324797879339,0.4626139094216201,0.2515692227257166,0.44415941651830415,0.0,0.0,-2.2368517327718838,-0.5707749188924192,-0.10835527816070448,-0.003468968903608605,0.6487015734496125,0.0,0.0,-0.2367576660509032,3.2374910535685397,0.004318690976636024,0.0005855585560675457,0.6601899860645022,0.0,0.0,-1.0444321127339893,2.5802109350303906,-9.122423442274716e-05,-0.0007101938973026129,nan,nan,nan,nan,nan,nan,nan,0.8695642525244426,0.0,0.0,1.317771276756356,3.2283165865361427,-0.003732284303163885,-0.0038664998061543757,0.38269866208810843,0.0,0.0,-2.2851678393366917,1.8252273690739311,0.0010287646050900295,-0.003558599260020633,nan,nan,nan,nan,nan,nan,nan,nan,nan,nan,nan,nan,nan,nan,nan,nan,nan,nan,nan,nan,nan,nan,nan,nan,nan,nan,nan,nan,nan,nan,nan,nan,nan,nan,nan,nan,nan,nan,nan,nan,nan,nan,nan,nan,nan,nan,nan,nan,nan,nan,nan,nan,nan,nan,nan,nan,nan,nan,nan,nan,nan,nan,nan,0.23685243119861704
1791061022.6202965,-2.7664589267357815,0.528456695166228,-3.0753514266021327,0.07956529306998879,0.4185903753977259,0.24685271505643624,0.44415941651830415,0.0,0.0,-2.247119133427965,-0.5711183903366577,-0.11312448198930171,-0.003217160495990145,0.6487015734496125,0.0,0.0,-0.23678711339906008,3.237464587274995,0.0033274703881024824,-0.0012019357519234344,0.6601899860645022,0.0,0.0,-1.0444542188575119,2.5802308463053474,-0.0005234040401516571,7.722026944007878e-05,nan,nan,nan,nan,nan,nan,nan,0.8695642525244426,0.0,0.0,1.3177804886614302,3.2283573637388354,0.019156549048277675,-0.011213158420620253,0.38269866208810843,0.0,0.0,-2.2851666289110377,1.8252743738809794,0.0003155988037115095,0.0004334872046483656,nan,nan,nan,nan,nan,nan,nan,nan,nan,nan,nan,nan,nan,nan,nan,nan,nan,nan,nan,nan,nan,nan,nan,nan,nan,nan,nan,nan,nan,nan,nan,nan,nan,nan,nan,nan,nan,nan,nan,nan,nan,nan,nan,nan,nan,nan,nan,nan,nan,nan,nan,nan,nan,nan,nan,nan,nan,nan,nan,nan,nan,nan,nan,0.23846673992480596
1791061022.7194142,-2.7902949800502745,0.5265820923148027,-3.07590099607185,0.07199567647079921,0.3787668728174687,0.24253798271944127,0.44415941651830415,0.0,0.0,-2.2590032962786277,-0.5715239560809813,-0.10695257403989011,-0.002089468511108178,0.6487015734496125,0.0,0.0,-0.23676998817597525,3.2374942311964663,-0.0009204514838838252,0.0024666244062788896,0.6601899860645022,0.0,0.0,-1.0444302094981464,2.580202920849325,0.0015128950576954762,-0.0015312221570202924,nan,nan,nan,nan,nan,nan,nan,0.8695642525244426,0.0,0.0,1.3173380616136126,3.2284968282726267,-0.02607408506019778,0.013810577927327213,0.38269866208810843,0.0,0.0,-2.2851420037132484,1.8252628632131254,-0.00020765716973039422,-0.0011181553238461617,nan,nan,nan,nan,nan,nan,nan,nan,nan,nan,nan,nan,nan,nan,nan,nan,nan,nan,nan,nan,nan,nan,nan,nan,nan,nan,nan,nan,nan,nan,nan,nan,nan,nan,nan,nan,nan,nan,nan,nan,nan,nan,nan,nan,nan,nan,nan,nan,nan,nan,nan,nan,nan,nan,nan,nan,nan,nan,nan,nan,nan,nan,nan,0.20500655126676492
1791061022.8229434,-2.8065398120021365,0.5201007704818561,-3.0214507986868524,0.08412070018777629,0.5341438115673774,0.24942755681371334,0.732266289815386,0.0,0.0,-2.2693144373471696,-0.5718672265074448,-0.11505124952023547,-0.004611481350497788,0.6487015734496125,0.0,0.0,-0.23670912010033565,3.237486616670929,0.008549640812362015,3.347681142561198e-05,0.6601899860645022,0.0,0.0,-1.0446790961899635,2.5803111779357404,-0.013688713229273366,0.00534489186385282,nan,nan,nan,nan,nan,nan,nan,0.8695642525244426,0.0,0.0,1.3177936572241755,3.2283302709090207,0.09047919989143577,-0.00951092879307947,0.38269866208810843,0.0,0.0,-2.2851215788777526,1.8252819770500737,0.0018482316187471205,0.00016226156564716075,nan,nan,nan,nan,nan,nan,nan,nan,nan,nan,nan,nan,nan,nan,nan,nan,nan,nan,nan,nan,nan,nan,nan,nan,nan,nan,nan,nan,nan,nan,nan,nan,nan,nan,nan,nan,nan,nan,nan,nan,nan,nan,nan,nan,nan,nan,nan,nan,nan,nan,nan,nan,nan,nan,nan,nan,nan,nan,nan,nan,nan,nan,nan,0.10594237081817807
1791061022.92256,-2.8308481558793317,0.5231476530446995,-3.0769018330017404,0.0761155571692999,0.48331330736940714,0.24489178106216586,0.732266289815386,0.0,0.0,-2.2796773614204913,-0.5721860927336168,-0.10482098452077003,-0.0024968241966309944,0.6487015734496125,0.0,0.0,-0.23681348784304418,3.2374808407371516,-0.005027920616401937,-0.0015133797500250523,0.6601899860645022,0.0,0.0,-1.044430046593419,2.5802159320193216,0.0019593686986340885,-0.0012757846920762954,nan,nan,nan,nan,nan,nan,nan,0.8695642525244426,0.0,0.0,1.3166274147269315,3.2284802661630403,-0.0006154269315846714,-6.128272858935141e-05,0.38269866208810843,0.0,0.0,-2.285127281087232,1.8252810295259254,0.00211410219853364,-0.0011490762520324509,nan,nan,nan,nan,nan,nan,nan,nan,nan,nan,nan,nan,nan,nan,nan,nan,nan,nan,nan,nan,nan,nan,nan,nan,nan,nan,nan,nan,nan,nan,nan,nan,nan,nan,nan,nan,nan,nan,nan,nan,nan,nan,nan,nan,nan,nan,nan,nan,nan,nan,nan,nan,nan,nan,nan,nan,nan,nan,nan,nan,nan,nan,nan,0.19789047678151375
1791061023.020318,-2.842683139170271,0.5229948209928067,-3.0750444334642233,0.06887526628609475,0.43733940842920666,0.24074691764199954,0.732266289815386,0.0,0.0,-2.2830510821870966,-0.5722599461014956,-0.0013168962925148913,0.0026191709748239487,0.6487015734496125,0.0,0.0,-0.23692876895250325,3.237488465246754,-0.009628220467502464,0.0005510345713773012,0.6601899860645022,0.0,0.0,-1.0444442814515178,2.5802540133633878,-0.0012106082677451951,0.0012513146219813981,nan,nan,nan,nan,nan,nan,nan,0.8695642525244426,0.0,0.0,1.3174205872175342,3.228535020925059,-0.02307371421980154,0.012315668910390598,0.38269866208810843,0.0,0.0,-2.285186924159749,1.8253027282962502,-0.00482350479512079,0.0018753521749246117,nan,nan,nan,nan,nan,nan,nan,nan,nan,nan,nan,nan,nan,nan,nan,nan,nan,nan,nan,nan,nan,nan,nan,nan,nan,nan,nan,nan,nan,nan,nan,nan,nan,nan,nan,nan,nan,nan,nan,nan,nan,nan,nan,nan,nan,nan,nan,nan,nan,nan,nan,nan,nan,nan,nan,nan,nan,nan,nan,nan,nan,nan,nan,0.09725627023751168
1791061023.122473,-2.863140074341501,0.5209772094288188,-3.0680871841970534,0.062320918120614625,0.395721061177766,0.0,0.0,0.0,0.0,-2.283294403838787,-0.572292894867582,3.504434002145881e-05,0.0007126834640923223,0.0,0.0,0.0,-0.23678186863923747,3.237473482120667,0.006052087953090953,-0.0007257516645534194,0.0,0.0,0.0,-1.0446690778966354,2.580302650109683,-0.018422290336312465,0.004490891720659007,nan,nan,nan,nan,nan,nan,nan,0.0,0.0,0.0,1.3177710750624207,3.2283117880927428,0.0034117400937579926,-0.003409208136397792,0.0,0.0,0.0,-2.2851483697187582,1.8252127716578062,-0.001540742264063413,-0.003861453185333013,nan,nan,nan,nan,nan,nan,nan,nan,nan,nan,nan,nan,nan,nan,nan,nan,nan,nan,nan,nan,nan,nan,nan,nan,nan,nan,nan,nan,nan,nan,nan,nan,nan,nan,nan,nan,nan,nan,nan,nan,nan,nan,nan,nan,nan,nan,nan,nan,nan,nan,nan,nan,nan,nan,nan,nan,nan,nan,nan,nan,nan,nan,nan,0.19632767073288127
1791061023.2210052,-2.87718324660013,0.5205451371345062,-3.068268029378126,0.05639059672983225,0.35806511603678226,0.0,0.0,0.0,0.0,-2.2833238300494973,-0.5723191689475922,-0.00023930373449089867,0.00022919189589610948,0.0,0.0,0.0,-0.23687278301416828,3.2374711172244317,-0.003161393379917325,-0.0015431594484451377,0.0,0.0,0.0,-1.0444567781846925,2.58025060663895,-0.0004485904676163968,0.0014514812879761426,nan,nan,nan,nan,nan,nan,nan,0.0,0.0,0.0,1.317767576328578,3.22830366301909,0.0292042493135801,-0.013480491241927904,0.0,0.0,0.0,-2.2851406196847184,1.8252883261068855,-0.00023146154753869198,-0.0008060133091984939,nan,nan,nan,nan,nan,nan,nan,nan,nan,nan,nan,nan,nan,nan,nan,nan,nan,nan,nan,nan,nan,nan,nan,nan,nan,nan,nan,nan,nan,nan,nan,nan,nan,nan,nan,nan,nan,nan,nan,nan,nan,nan,nan,nan,nan,nan,nan,nan,nan,nan,nan,nan,nan,nan,nan,nan,nan,nan,nan,nan,nan,nan,nan,0.1430427845439071
1791061023.3217542,-2.879965473906394,0.5193434478019917,-3.066030473569627,0.05102583898067354,0.32400034784209647,0.0,0.0,0.0,0.0,-2.2833397646515836,-0.5723108260409743,-0.0017451281555285981,-0.0009132944444877133,0.0,0.0,0.0,-0.23672967772979323,3.2374632733258073,0.005003392781895944,-0.0018892126845255243,0.0,0.0,0.0,-1.0444351076870741,2.5802314670378617,-0.0017192303372170034,0.0019167949498940342,nan,nan,nan,nan,nan,nan,nan,0.0,0.0,0.0,1.317791675569059,3.2283448360964804,0.02866197826914356,-0.012834436406399186,0.0,0.0,0.0,-2.2851148849532557,1.8252462938539493,0.0009272559076172593,-0.0032712838289428287,nan,nan,nan,nan,nan,nan,nan,nan,nan,nan,nan,nan,nan,nan,nan,nan,nan,nan,nan,nan,nan,nan,nan,nan,nan,nan,nan,nan,nan,nan,nan,nan,nan,nan,nan,nan,nan,nan,nan,nan,nan,nan,nan,nan,nan,nan,nan,nan,nan,nan,nan,nan,nan,nan,nan,nan,nan,nan,nan,nan,nan,nan,nan,0.004635716003176688
1791061023.4201293,-2.8799677486822137,0.519406390603,-3.0658569901269113,0.04617008840393445,0.2931676382320926,0.0,0.0,0.0,0.0,-2.2833100390264987,-0.5722687438748973,-0.0009685258488283498,-0.0009311655798447862,0.0,0.0,0.0,-0.23685258621169233,3.2374625418086054,0.0003829747392895184,0.000276311918954621,0.0,0.0,0.0,-1.0444318084232735,2.5802119180292222,0.0009484367800805083,-0.0005700290175521571,nan,nan,nan,nan,nan,nan,nan,0.0,0.0,0.0,1.3166363336846814,3.228472579178154,-0.0014373113024969244,0.0016494254110863426,0.0,0.0,0.0,-2.2851550367179585,1.8252926260143305,0.0009005938165208571,0.00019554048780028152,nan,nan,nan,nan,nan,nan,nan,nan,nan,nan,nan,nan,nan,nan,nan,nan,nan,nan,nan,nan,nan,nan,nan,nan,nan,nan,nan,nan,nan,nan,nan,nan,nan,nan,nan,nan,nan,nan,nan,nan,nan,nan,nan,nan,nan,nan,nan,nan,nan,nan,nan,nan,nan,nan,nan,nan,nan,nan,nan,nan,nan,nan,nan,0.0015489500768490576
1791061023.5200412,-2.8800176125262005,0.5193952153790538,-3.0662978267347585,0.041776423589412616,0.2652690488772789,0.0,0.0,0.0,0.0,-2.2833137206209075,-0.5722639973060353,-0.0006917865330884258,0.00019348352886572662,0.0,0.0,0.0,-0.23679376960384332,3.237484090896975,0.001738145647325863,0.0005890290983701012,0.0,0.0,0.0,-1.0446555520601193,2.5803244038947333,-0.01595906752903339,0.005201835623492421,nan,nan,nan,nan,nan,nan,nan,0.0,0.0,0.0,1.3175962851740515,3.2282061592437072,0.007644806704146551,-0.020665843402272725,0.0,0.0,0.0,-2.2851250215982324,1.8253092795685544,0.002939263260099231,-0.0003077933707099337,nan,nan,nan,nan,nan,nan,nan,nan,nan,nan,nan,nan,nan,nan,nan,nan,nan,nan,nan,nan,nan,nan,nan,nan,nan,nan,nan,nan,nan,nan,nan,nan,nan,nan,nan,nan,nan,nan,nan,nan,nan,nan,nan,nan,nan,nan,nan,nan,nan,nan,nan,nan,nan,nan,nan,nan,nan,nan,nan,nan,nan,nan,nan,0.0015291697542617305
1791061023.622486,-2.880019681085798,0.5193839768738724,-3.0659242666124626,0.03780087126290253,0.24002536131847968,0.0,0.0,0.0,0.0,-2.2832941783363334,-0.5722740006456699,4.6046726962738405e-05,-0.0010748224897127534,0.0,0.0,0.0,-0.23681579559851754,3.2374941491063334,0.001460069195795389,0.00010517652721523448,0.0,0.0,0.0,-1.0444612419118546,2.580248313199457,-0.0023731446666412984,0.0013170008758988257,nan,nan,nan,nan,nan,nan,nan,0.0,0.0,0.0,1.3166796111304835,3.2284918774869222,-0.016133503158281142,0.0030978821836044317,0.0,0.0,0.0,-2.285177519416745,1.8253169401945755,0.000985303794191767,-0.0009093431452077102,nan,nan,nan,nan,nan,nan,nan,nan,nan,nan,nan,nan,nan,nan,nan,nan,nan,nan,nan,nan,nan,nan,nan,nan,nan,nan,nan,nan,nan,nan,nan,nan,nan,nan,nan,nan,nan,nan,nan,nan,nan,nan,nan,nan,nan,nan,nan,nan,nan,nan,nan,nan,nan,nan,nan,nan,nan,nan,nan,nan,nan,nan,nan,0.002008861724727489
1791061023.7220724,-2.8800021580869304,0.5193645998336811,-3.066060707214303,0.03420900709904175,0.21721799035230618,0.0,0.0,0.0,0.0,-2.2833097795184134,-0.5722619206693784,-0.0006604043506806935,0.0006763748532403927,0.0,0.0,0.0,-0.23674991554003438,3.237467875795909,0.000824859241758454,-0.0010385180834542663,0.0,0.0,0.0,-1.0444253126819554,2.580239016791278,-0.001183850154640261,0.003522681952763997,nan,nan,nan,nan,nan,nan,nan,0.0,0.0,0.0,1.317839088661958,3.228347285198327,0.005103776340502756,0.001314260502619806,0.0,0.0,0.0,-2.285144161518838,1.8252681173621272,0.0015492022004166234,-0.0006728854213616309,nan,nan,nan,nan,nan,nan,nan,nan,nan,nan,nan,nan,nan,nan,nan,nan,nan,nan,nan,nan,nan,nan,nan,nan,nan,nan,nan,nan,nan,nan,nan,nan,nan,nan,nan,nan,nan,nan,nan,nan,nan,nan,nan,nan,nan,nan,nan,nan,nan,nan,nan,nan,nan,nan,nan,nan,nan,nan,nan,nan,nan,nan,nan,0.0012409226983998798
1791061023.820141,-2.879997736279052,0.5193549943338189,-3.065771218713472,0.030953870105407462,0.1965487463128177,0.0,0.0,0.0,0.0,-2.2832986824219,-0.5722688503028606,-0.0001616716566638209,-0.00024558935304264297,0.0,0.0,0.0,-0.23675991082403838,3.2374995444197774,0.0020595958852600055,0.0007880132467876118,0.0,0.0,0.0,-1.0444224600203902,2.58022721038816,0.001681193491150079,-0.0011755635955739805,nan,nan,nan,nan,nan,nan,nan,0.0,0.0,0.0,1.3173295854779903,3.2284844500895478,-0.03523228678086776,0.010677148462998004,0.0,0.0,0.0,-2.2851518927103287,1.8252706742680183,-0.0011011327026697415,-0.0010190744405523728,nan,nan,nan,nan,nan,nan,nan,nan,nan,nan,nan,nan,nan,nan,nan,nan,nan,nan,nan,nan,nan,nan,nan,nan,nan,nan,nan,nan,nan,nan,nan,nan,nan,nan,nan,nan,nan,nan,nan,nan,nan,nan,nan,nan,nan,nan,nan,nan,nan,nan,nan,nan,nan,nan,nan,nan,nan,nan,nan,nan,nan,nan,nan,0.002001496759161676
1791061023.922177,-2.880009119636756,0.5193717681735821,-3.065860377710134,0.02800821991189768,0.1778446601795198,0.0,0.0,0.0,0.0,-2.283290948995495,-0.5722463368105755,-0.0004148844224966036,-1.7625500204558717e-06,0.0,0.0,0.0,-0.23680141227362325,3.237503159798954,-0.0038428970102472714,0.0020601659869855624,0.0,0.0,0.0,-1.044460798695364,2.580242246407265,-0.0017656494024960684,0.0015627962064250814,nan,nan,nan,nan,nan,nan,nan,0.0,0.0,0.0,1.3173829744935555,3.2285414088522435,-0.018297338058518298,0.017223902903125834,0.0,0.0,0.0,-2.285123591846985,1.8252380948555083,0.00019823464961161904,-0.0015432655795960645,nan,nan,nan,nan,nan,nan,nan,nan,nan,nan,nan,nan,nan,nan,nan,nan,nan,nan,nan,nan,nan,nan,nan,nan,nan,nan,nan,nan,nan,nan,nan,nan,nan,nan,nan,nan,nan,nan,nan,nan,nan,nan,nan,nan,nan,nan,nan,nan,nan,nan,nan,nan,nan,nan,nan,nan,nan,nan,nan,nan,nan,nan,nan,5.953070286283812e-05
1791061024.0211933,-2.879985620393093,0.5193534315910489,-3.0657772838988078,0.025343190577504872,0.16092244099406539,0.0,0.0,0.0,0.0,-2.283281865527144,-0.5722598608575425,6.390658752813145e-05,-0.00044900464455348727,0.0,0.0,0.0,-0.23684773395004555,3.237479922053614,-0.007088581376819768,-0.0006940889219150542,0.0,0.0,0.0,-1.0444303592935884,2.5802273792286115,-0.0004583440067761098,0.0013395057187842575,nan,nan,nan,nan,nan,nan,nan,0.0,0.0,0.0,1.317283724704068,3.2284725771291978,-0.03223214942738152,0.011537717338671264,0.0,0.0,0.0,-2.2851221597818294,1.8252659032131573,-0.00040799015950822705,0.0038968269822403133,nan,nan,nan,nan,nan,nan,nan,nan,nan,nan,nan,nan,nan,nan,nan,nan,nan,nan,nan,nan,nan,nan,nan,nan,nan,nan,nan,nan,nan,nan,nan,nan,nan,nan,nan,nan,nan,nan,nan,nan,nan,nan,nan,nan,nan,nan,nan,nan,nan,nan,nan,nan,nan,nan,nan,nan,nan,nan,nan,nan,nan,nan,nan,0.002477766274973971
1791061024.1196573,-2.8800066397782222,0.519303167387467,-3.0653592436752817,0.022935193479404946,0.14563230734858748,0.0,0.0,0.0,0.0,-2.2832823849668435,-0.572257511510018,0.00023422210467802246,-0.0008392706680252274,0.0,0.0,0.0,-0.23684762473225074,3.237514694570819,-0.005779061937548463,0.003929468135563292,0.0,0.0,0.0,-1.0444323995641942,2.5802281320566745,2.268906562794763e-06,0.0001585421981878488,nan,nan,nan,nan,nan,nan,nan,0.0,0.0,0.0,1.3177509128330034,3.228287668052555,-0.0010515866246596868,-0.0024262147669036936,0.0,0.0,0.0,-2.285121786743682,1.8252712917658211,0.002289911166634299,-3.353298974429369e-05,nan,nan,nan,nan,nan,nan,nan,nan,nan,nan,nan,nan,nan,nan,nan,nan,nan,nan,nan,nan,nan,nan,nan,nan,nan,nan,nan,nan,nan,nan,nan,nan,nan,nan,nan,nan,nan,nan,nan,nan,nan,nan,nan,nan,nan,nan,nan,nan,nan,nan,nan,nan,nan,nan,nan,nan,nan,nan,nan,nan,nan,nan,nan,0.0025131448458043538
1791061024.2191179,-2.8800024248279907,0.5193390435239364,-3.0658051596033045,0.020752621256880273,0.13177356100722243,0.0,0.0,0.0,0.0,-2.283284843841256,-0.5722728928685474,0.00042955195099115195,9.149335522654921e-05,0.0,0.0,0.0,-0.23680060752063958,3.2374849632414557,-0.002652330444333409,0.0008406032479135739,0.0,0.0,0.0,-1.044690265291287,2.580327101534408,-0.019219621714371766,0.0075599527587420865,nan,nan,nan,nan,nan,nan,nan,0.0,0.0,0.0,1.3166005438221693,3.2284487135430844,-0.003830422767953737,-0.00047972161103446024,0.0,0.0,0.0,-2.2851029969448042,1.8252764077918957,0.00254652430887534,-0.0009710713398237861,nan,nan,nan,nan,nan,nan,nan,nan,nan,nan,nan,nan,nan,nan,nan,nan,nan,nan,nan,nan,nan,nan,nan,nan,nan,nan,nan,nan,nan,nan,nan,nan,nan,nan,nan,nan,nan,nan,nan,nan,nan,nan,nan,nan,nan,nan,nan,nan,nan,nan,nan,nan,nan,nan,nan,nan,nan,nan,nan,nan,nan,nan,nan,0.0008853205572673858
1791061024.3197742,-2.8800004264461054,0.5193514565219444,-3.0661043587641896,0.018777748241725,0.11923364874636513,0.0,0.0,0.0,0.0,-2.283289266137002,-0.5723170937654469,0.0005447138459376829,-0.0018799965980299234,0.0,0.0,0.0,-0.23676665394780452,3.2374698645917515,-0.00012217201887092656,0.00020189555035579206,0.0,0.0,0.0,-1.044412950143931,2.580245443741274,0.0021899754316314175,-0.0008042927891725447,nan,nan,nan,nan,nan,nan,nan,0.0,0.0,0.0,1.3177629835366533,3.228300606435227,0.017005578281620557,-0.0037806293630994704,0.0,0.0,0.0,-2.2851365614894292,1.8252921277347207,6.939650038357924e-05,0.0007524706702291791,nan,nan,nan,nan,nan,nan,nan,nan,nan,nan,nan,nan,nan,nan,nan,nan,nan,nan,nan,nan,nan,nan,nan,nan,nan,nan,nan,nan,nan,nan,nan,nan,nan,nan,nan,nan,nan,nan,nan,nan,nan,nan,nan,nan,nan,nan,nan,nan,nan,nan,nan,nan,nan,nan,nan,nan,nan,nan,nan,nan,nan,nan,nan,0.0011225321180688688
1791061024.4197102,-2.8800005647121742,0.5193505190987182,-3.065946293358857,0.01699080924115574,0.10788706691012451,0.0,0.0,0.0,0.0,-2.2832817776250423,-0.5722750743661317,0.0013019561991179222,0.0008927376504957692,0.0,0.0,0.0,-0.2368067738455442,3.237478875401806,0.002103667331541465,0.00043596177006277777,0.0,0.0,0.0,-1.044426988744912,2.5802469062822575,0.0025067979797626324,-0.0007438512946525149,nan,nan,nan,nan,nan,nan,nan,0.0,0.0,0.0,1.3166145623027103,3.22844749523147,-0.013586514016698324,0.002265161653627248,0.0,0.0,0.0,-2.2851013718321154,1.825293086534266,0.001964452597974678,-0.0008215606199400392,nan,nan,nan,nan,nan,nan,nan,nan,nan,nan,nan,nan,nan,nan,nan,nan,nan,nan,nan,nan,nan,nan,nan,nan,nan,nan,nan,nan,nan,nan,nan,nan,nan,nan,nan,nan,nan,nan,nan,nan,nan,nan,nan,nan,nan,nan,nan,nan,nan,nan,nan,nan,nan,nan,nan,nan,nan,nan,nan,nan,nan,nan,nan,0.0023498756231873077
1791061024.519724,-2.8800142220111478,0.5193914129961227,-3.0658606685674585,0.015374513029502766,0.09762402086810304,0.0,0.0,0.0,0.0,-2.283298039334644,-0.5722813841450932,-0.0004886822816351965,0.00017598695325519577,0.0,0.0,0.0,-0.23680762483019985,3.2374866745158597,0.0008141981755799466,0.0009749424254250449,0.0,0.0,0.0,-1.0444378200173996,2.580222201877508,0.00010433633105132878,-0.0008518932410738738,nan,nan,nan,nan,nan,nan,nan,0.0,0.0,0.0,1.3177309332796507,3.2282937710629063,-0.002999741345467939,-0.0017404339787972093,0.0,0.0,0.0,-2.2851227910559686,1.8252799397735955,0.0009400300475471949,-0.002155253021331736,nan,nan,nan,nan,nan,nan,nan,nan,nan,nan,nan,nan,nan,nan,nan,nan,nan,nan,nan,nan,nan,nan,nan,nan,nan,nan,nan,nan,nan,nan,nan,nan,nan,nan,nan,nan,nan,nan,nan,nan,nan,nan,nan,nan,nan,nan,nan,nan,nan,nan,nan,nan,nan,nan,nan,nan,nan,nan,nan,nan,nan,nan,nan,0.00023050233187931052
1791061024.6197972,-2.880023335508041,0.5194111086167517,-3.0658780338504705,0.013911434677747478,0.08833386700961382,0.0,0.0,0.0,0.0,-2.28330184601686,-0.5722488068764073,-0.00033009895988591584,0.0012061702036097392,0.0,0.0,0.0,-0.2368492249001531,3.2374691216404674,0.0007089059370844332,-0.0007070727254575921,0.0,0.0,0.0,-1.0444395448481607,2.58021951511534,0.0029269783412891014,0.00018124190852668223,nan,nan,nan,nan,nan,nan,nan,0.0,0.0,0.0,1.3173105362952175,3.2284799590549955,-0.027565035843908528,0.008817646134953897,0.0,0.0,0.0,-2.285184157361121,1.825280925896612,-0.0007908830687330907,-0.0003336522793034179,nan,nan,nan,nan,nan,nan,nan,nan,nan,nan,nan,nan,nan,nan,nan,nan,nan,nan,nan,nan,nan,nan,nan,nan,nan,nan,nan,nan,nan,nan,nan,nan,nan,nan,nan,nan,nan,nan,nan,nan,nan,nan,nan,nan,nan,nan,nan,nan,nan,nan,nan,nan,nan,nan,nan,nan,nan,nan,nan,nan,nan,nan,nan,0.0008708317335715606
1791061024.7197838,-2.880007962189409,0.5193676358136077,-3.06593963163713,0.012587784177641758,0.07992904249280276,0.0,0.0,0.0,0.0,-2.283293665061271,-0.5722672613590928,-0.0005969685999391865,-7.956268401116542e-05,0.0,0.0,0.0,-0.23677163145932095,3.2374848604135584,-0.002053871798912043,0.0005766802453589718,0.0,0.0,0.0,-1.0444276531055514,2.580239752439706,0.0004069492539014254,-8.945994386070612e-05,nan,nan,nan,nan,nan,nan,nan,0.0,0.0,0.0,1.317758460726236,3.228313884414297,0.029654089731145198,-0.015321068837389581,0.0,0.0,0.0,-2.285121284760827,1.8252981450789176,-0.0003944175824403516,0.002526274056676849,nan,nan,nan,nan,nan,nan,nan,nan,nan,nan,nan,nan,nan,nan,nan,nan,nan,nan,nan,nan,nan,nan,nan,nan,nan,nan,nan,nan,nan,nan,nan,nan,nan,nan,nan,nan,nan,nan,nan,nan,nan,nan,nan,nan,nan,nan,nan,nan,nan,nan,nan,nan,nan,nan,nan,nan,nan,nan,nan,nan,nan,nan,nan,0.0021709733983239945
1791061024.8205843,-2.8800290257114263,0.5193366563156226,-3.0657503998545277,0.01138989813783455,0.07232278845904294,0.0,0.0,0.0,0.0,-2.2832844846721465,-0.5722846715008327,-0.0005204832418881782,-0.001030536292158173,0.0,0.0,0.0,-0.23673726703783096,3.2374693119038134,0.01117254292871182,6.012861584851336e-05,0.0,0.0,0.0,-1.0444650432263436,2.5802358551770985,0.012249969491930218,-0.0045594783231486915,nan,nan,nan,nan,nan,nan,nan,0.0,0.0,0.0,1.3178570674094132,3.2283061029729256,0.08044128152851955,-0.005627445996899629,0.0,0.0,0.0,-2.2851470033526295,1.8253282289727975,-0.001022867829394971,0.004513189787287975,nan,nan,nan,nan,nan,nan,nan,nan,nan,nan,nan,nan,nan,nan,nan,nan,nan,nan,nan,nan,nan,nan,nan,nan,nan,nan,nan,nan,nan,nan,nan,nan,nan,nan,nan,nan,nan,nan,nan,nan,nan,nan,nan,nan,nan,nan,nan,nan,nan,nan,nan,nan,nan,nan,nan,nan,nan,nan,nan,nan,nan,nan,nan,0.0011768866897820156
1791061024.9201412,-2.88002028068148,0.5193693651018136,-3.0660085751209576,0.01030683585792086,0.0654456344046118,0.0,0.0,0.0,0.0,-2.2832752898217126,-0.5722662472108904,0.0008835430563051768,0.000279347017902606,0.0,0.0,0.0,-0.23683971413045732,3.237486917829921,-0.00736091692265149,0.00036902818610027075,0.0,0.0,0.0,-1.0443729594315245,2.580197522155155,0.003775325685465273,-0.0010053547301491599,nan,nan,nan,nan,nan,nan,nan,0.0,0.0,0.0,1.3173579595579947,3.2285116924448882,-0.0088851977073435,0.011067885638903378,0.0,0.0,0.0,-2.2851441709815874,1.8252559017643417,-0.0011307518571202222,-0.0034266648513344837,nan,nan,nan,nan,nan,nan,nan,nan,nan,nan,nan,nan,nan,nan,nan,nan,nan,nan,nan,nan,nan,nan,nan,nan,nan,nan,nan,nan,nan,nan,nan,nan,nan,nan,nan,nan,nan,nan,nan,nan,nan,nan,nan,nan,nan,nan,nan,nan,nan,nan,nan,nan,nan,nan,nan,nan,nan,nan,nan,nan,nan,nan,nan,0.002093486099749953
1791061025.0197468,-2.8799930750176364,0.5193329930122836,-3.065952850258888,0.009326010748866537,0.05921765887585612,0.0,0.0,0.0,0.0,-2.2832817084077726,-0.5722860573582234,0.0004973024457769158,-3.447464133794233e-06,0.0,0.0,0.0,-0.23678342472194547,3.237488538375024,-0.0015585498846329548,0.000853896475403587,0.0,0.0,0.0,-1.0444579583358173,2.580242816123021,-0.0026303320464085935,0.001056067302763459,nan,nan,nan,nan,nan,nan,nan,0.0,0.0,0.0,1.3165068492556504,3.2284227596608313,-0.0960490112332735,0.006948660029430938,0.0,0.0,0.0,-2.2851014534196628,1.825258199821587,0.0018859761192075563,-0.0018578840954704713,nan,nan,nan,nan,nan,nan,nan,nan,nan,nan,nan,nan,nan,nan,nan,nan,nan,nan,nan,nan,nan,nan,nan,nan,nan,nan,nan,nan,nan,nan,nan,nan,nan,nan,nan,nan,nan,nan,nan,nan,nan,nan,nan,nan,nan,nan,nan,nan,nan,nan,nan,nan,nan,nan,nan,nan,nan,nan,nan,nan,nan,nan,nan,0.0010767919867371804
1791061025.1196914,-2.880015219057266,0.5193716097934041,-3.065850121785401,0.008438603858269392,0.05358286389796563,0.0,0.0,0.0,0.0,-2.283289051759085,-0.5722875742918979,-0.0007970793582970935,-0.0006949219692136087,0.0,0.0,0.0,-0.23680088673467484,3.2374622910643427,-0.004525397609248266,-7.135804817873245e-05,0.0,0.0,0.0,-1.0446736056938903,2.58029799183496,-0.016678796356825093,0.00424679849615668,nan,nan,nan,nan,nan,nan,nan,0.0,0.0,0.0,1.3173427716365984,3.2284889097461216,-0.022273473292259163,0.01332103492696219,0.0,0.0,0.0,-2.2851142949584533,1.825298688610461,0.0018631505521904757,0.0013624285749565222,nan,nan,nan,nan,nan,nan,nan,nan,nan,nan,nan,nan,nan,nan,nan,nan,nan,nan,nan,nan,nan,nan,nan,nan,nan,nan,nan,nan,nan,nan,nan,nan,nan,nan,nan,nan,nan,nan,nan,nan,nan,nan,nan,nan,nan,nan,nan,nan,nan,nan,nan,nan,nan,nan,nan,nan,nan,nan,nan,nan,nan,nan,nan,0.0002658708740699877
1791061025.2198,-2.8800176736373624,0.5193402798197504,-3.065852741751748,0.007635564529454183,0.04848378023634159,0.0,0.0,0.0,0.0,-2.283297167996876,-0.5722795821492218,0.00010345490391290744,-0.00012261149298158,0.0,0.0,0.0,-0.23679003552600847,3.237481180143032,-0.0005895509320352647,0.000205625663807438,0.0,0.0,0.0,-1.0444604171587826,2.5802491273129298,-0.001966702005252675,0.0005877669893098798,nan,nan,nan,nan,nan,nan,nan,0.0,0.0,0.0,1.3173394917136805,3.228526426110088,-0.030205191544341838,0.009624776356996606,0.0,0.0,0.0,-2.2851497317529468,1.8252785515658,-0.0016278747263887472,0.0009775055639563383,nan,nan,nan,nan,nan,nan,nan,nan,nan,nan,nan,nan,nan,nan,nan,nan,nan,nan,nan,nan,nan,nan,nan,nan,nan,nan,nan,nan,nan,nan,nan,nan,nan,nan,nan,nan,nan,nan,nan,nan,nan,nan,nan,nan,nan,nan,nan,nan,nan,nan,nan,nan,nan,nan,nan,nan,nan,nan,nan,nan,nan,nan,nan,0.0006621455795791521
1791061025.3195233,-2.88004465142247,0.519351255997693,-3.0657286920599347,0.0069099967188404835,0.04387661986978873,0.0,0.0,0.0,0.0,-2.283308170649005,-0.572281717683307,-0.00021001691474494162,0.0005880552201403097,0.0,0.0,0.0,-0.23679811592147415,3.2374706935966513,0.010025629283063608,0.0018338231802448436,0.0,0.0,0.0,-1.0444090664412162,2.58021810523997,0.0014595848923922203,-0.0006645347109944308,nan,nan,nan,nan,nan,nan,nan,0.0,0.0,0.0,1.3162314120234482,3.2282851137447,-0.02570786627940179,-0.011413681526392156,0.0,0.0,0.0,-2.2851654268536423,1.8252626827991647,-0.0002876829696072812,-0.002049342424318523,nan,nan,nan,nan,nan,nan,nan,nan,nan,nan,nan,nan,nan,nan,nan,nan,nan,nan,nan,nan,nan,nan,nan,nan,nan,nan,nan,nan,nan,nan,nan,nan,nan,nan,nan,nan,nan,nan,nan,nan,nan,nan,nan,nan,nan,nan,nan,nan,nan,nan,nan,nan,nan,nan,nan,nan,nan,nan,nan,nan,nan,nan,nan,0.0005195359919562531
1791061025.4206955,-2.8800437055571915,0.5193837359006893,-3.0660437288823403,0.006252423591767427,0.039701207448172675,0.0,0.0,0.0,0.0,-2.28329992645289,-0.5722707870810911,0.0010340088872452433,0.0008682583923056448,0.0,0.0,0.0,-0.23669956240710513,3.2374787483025464,0.008240945319795858,-0.00014249186076443788,0.0,0.0,0.0,-1.0444463401692878,2.580215047022428,-0.0015976661062252974,-0.00043205635998674473,nan,nan,nan,nan,nan,nan,nan,0.0,0.0,0.0,1.316296468538345,3.228266067528337,-0.09143813668277315,-0.017278743619202435,0.0,0.0,0.0,-2.285159252601375,1.8252559077372554,-0.00047523396550379663,-0.003061817357096176,nan,nan,nan,nan,nan,nan,nan,nan,nan,nan,nan,nan,nan,nan,nan,nan,nan,nan,nan,nan,nan,nan,nan,nan,nan,nan,nan,nan,nan,nan,nan,nan,nan,nan,nan,nan,nan,nan,nan,nan,nan,nan,nan,nan,nan,nan,nan,nan,nan,nan,nan,nan,nan,nan,nan,nan,nan,nan,nan,nan,nan,nan,nan,0.0003377675923185135
1791061025.5188136,-2.8800369806063832,0.5193730356767193,-3.0661537709485707,0.005658315684001138,0.035928782092365684,0.0,0.0,0.0,0.0,-2.2832954121328686,-0.5722782244466275,0.0009075103868333411,0.0007310194173397384,0.0,0.0,0.0,-0.23679819657738982,3.2374939117822823,-0.0005688003587972567,-9.479476088525236e-05,0.0,0.0,0.0,-1.044460521316626,2.5802414436783145,-0.0016887992703803734,0.001613514127412022,nan,nan,nan,nan,nan,nan,nan,0.0,0.0,0.0,1.317805546206444,3.228334778246996,-0.0013027872389330493,-0.0017232530828784809,0.0,0.0,0.0,-2.2851053988050625,1.8252652795387423,0.0030055925755225472,-0.0016190726678274796,nan,nan,nan,nan,nan,nan,nan,nan,nan,nan,nan,nan,nan,nan,nan,nan,nan,nan,nan,nan,nan,nan,nan,nan,nan,nan,nan,nan,nan,nan,nan,nan,nan,nan,nan,nan,nan,nan,nan,nan,nan,nan,nan,nan,nan,nan,nan,nan,nan,nan,nan,nan,nan,nan,nan,nan,nan,nan,nan,nan,nan,nan,nan,0.0014047853231271288
1791061025.6201324,-2.8800304922470823,0.5193789188027359,-3.0660195315694656,0.005119855755626599,0.03250970643231706,0.0,0.0,0.0,0.0,-2.2832961919850034,-0.572269197272654,0.0009148346370800087,0.00037042661131387195,0.0,0.0,0.0,-0.2366639236565099,3.2374948291701333,0.01236148987677429,-0.0006258203589678045,0.0,0.0,0.0,-1.0446771608173622,2.5803080658380675,-0.017324906616569307,0.006964602474115792,nan,nan,nan,nan,nan,nan,nan,0.0,0.0,0.0,1.3165902784084085,3.22847418290004,-0.08207497648089636,0.008397197939546656,0.0,0.0,0.0,-2.2851430527351595,1.8252787403163009,0.0001512682902635849,-0.001767470357347608,nan,nan,nan,nan,nan,nan,nan,nan,nan,nan,nan,nan,nan,nan,nan,nan,nan,nan,nan,nan,nan,nan,nan,nan,nan,nan,nan,nan,nan,nan,nan,nan,nan,nan,nan,nan,nan,nan,nan,nan,nan,nan,nan,nan,nan,nan,nan,nan,nan,nan,nan,nan,nan,nan,nan,nan,nan,nan,nan,nan,nan,nan,nan,0.001574867708143318
1791061025.719772,-2.8800375349975753,0.5193803522148684,-3.066015753454454,0.004632637064160229,0.029415998838992333,0.0,0.0,0.0,0.0,-2.283288451777223,-0.5722856227162726,0.0008092010558060276,-6.397493887051434e-05,0.0,0.0,0.0,-0.2368083185365013,3.237497108855035,0.003144838994020339,-0.00015494103078071296,0.0,0.0,0.0,-1.0444392664725213,2.580229529394395,0.0028043063634179987,-0.00034080384719225893,nan,nan,nan,nan,nan,nan,nan,0.0,0.0,0.0,1.316581128095445,3.228458510235433,-0.0012910957499852947,-0.00019313494179945296,0.0,0.0,0.0,-2.2851476582767996,1.825278395155062,0.0021834732108538066,-0.00010125783322113706,nan,nan,nan,nan,nan,nan,nan,nan,nan,nan,nan,nan,nan,nan,nan,nan,nan,nan,nan,nan,nan,nan,nan,nan,nan,nan,nan,nan,nan,nan,nan,nan,nan,nan,nan,nan,nan,nan,nan,nan,nan,nan,nan,nan,nan,nan,nan,nan,nan,nan,nan,nan,nan,nan,nan,nan,nan,nan,nan,nan,nan,nan,nan,0.0022498916906860686
1791061025.819745,-2.8800349507450447,0.5193647503795896,-3.0661832021418935,0.004192054544838255,0.02661841839024098,0.0,0.0,0.0,0.0,-2.2832940821340326,-0.5723016530779009,4.9742775015419705e-05,-0.0014374767243759226,0.0,0.0,0.0,-0.2367706561913698,3.2374953115605685,0.0008218600319120678,-0.00012298884204306883,0.0,0.0,0.0,-1.0444505402964335,2.580227945850821,-0.001000986298865851,-0.00019966579595982747,nan,nan,nan,nan,nan,nan,nan,0.0,0.0,0.0,1.3166036234805365,3.2284657454992245,0.00493268428981971,0.008339495143710924,0.0,0.0,0.0,-2.285178789763708,1.8253094004518426,-0.00031996776688477605,0.0008387072533224748,nan,nan,nan,nan,nan,nan,nan,nan,nan,nan,nan,nan,nan,nan,nan,nan,nan,nan,nan,nan,nan,nan,nan,nan,nan,nan,nan,nan,nan,nan,nan,nan,nan,nan,nan,nan,nan,nan,nan,nan,nan,nan,nan,nan,nan,nan,nan,nan,nan,nan,nan,nan,nan,nan,nan,nan,nan,nan,nan,nan,nan,nan,nan,0.0015379706510332228
1791061025.9196782,-2.880018715291714,0.5193557075148368,-3.0657530922139586,0.0037931278118639635,0.02408534097634217,0.0,0.0,0.0,0.0,-2.2833058839954554,-0.5722771318044447,-0.0002102812835316395,0.0013425297641319323,0.0,0.0,0.0,-0.23679680315090176,3.237489636610863,-0.004231193743979794,1.9718958521487825e-05,0.0,0.0,0.0,-1.0444238617518649,2.5802167887291407,0.0036256821190228444,-0.0007728120042916854,nan,nan,nan,nan,nan,nan,nan,0.0,0.0,0.0,1.3174164863518663,3.22854173336776,-0.025220481404385226,0.011581722498738352,0.0,0.0,0.0,-2.285165684181507,1.8252685439197827,-0.00034197998930515783,-0.0008658206013434397,nan,nan,nan,nan,nan,nan,nan,nan,nan,nan,nan,nan,nan,nan,nan,nan,nan,nan,nan,nan,nan,nan,nan,nan,nan,nan,nan,nan,nan,nan,nan,nan,nan,nan,nan,nan,nan,nan,nan,nan,nan,nan,nan,nan,nan,nan,nan,nan,nan,nan,nan,nan,nan,nan,nan,nan,nan,nan,nan,nan,nan,nan,nan,0.0017138040606026277
