t,x,y,heading,opinion,attention,target_speed,p_att_tb1,p_coop_tb1,p_coop_att_tb1,x_tb1,y_tb1,vx_tb1,vy_tb1,p_att_tb2,p_coop_tb2,p_coop_att_tb2,x_tb2,y_tb2,vx_tb2,vy_tb2,p_att_tb3,p_coop_tb3,p_coop_att_tb3,x_tb3,y_tb3,vx_tb3,vy_tb3,p_att_tb4,p_coop_tb4,p_coop_att_tb4,x_tb4,y_tb4,vx_tb4,vy_tb4,p_att_tb5,p_coop_tb5,p_coop_att_tb5,x_tb5,y_tb5,vx_tb5,vy_tb5,p_att_tb6,p_coop_tb6,p_coop_att_tb6,x_tb6,y_tb6,vx_tb6,vy_tb6,p_att_tb7,p_coop_tb7,p_coop_att_tb7,x_tb7,y_tb7,vx_tb7,vy_tb7,p_att_tb8,p_coop_tb8,p_coop_att_tb8,x_tb8,y_tb8,vx_tb8,vy_tb8,p_att_tb10,p_coop_tb10,p_coop_att_tb10,x_tb10,y_tb10,vx_tb10,vy_tb10,p_att_tb11,p_coop_tb11,p_coop_att_tb11,x_tb11,y_tb11,vx_tb11,vy_tb11,p_att_tb12,p_coop_tb12,p_coop_att_tb12,x_tb12,y_tb12,vx_tb12,vy_tb12,p_att_crnr_x0_y0,p_coop_crnr_x0_y0,p_coop_att_crnr_x0_y0,x_crnr_x0_y0,y_crnr_x0_y0,vx_crnr_x0_y0,vy_crnr_x0_y0,p_att_crnr_x0_y1,p_coop_crnr_x0_y1,p_coop_att_crnr_x0_y1,x_crnr_x0_y1,y_crnr_x0_y1,vx_crnr_x0_y1,vy_crnr_x0_y1,p_att_crnr_x1_y0,p_coop_crnr_x1_y0,p_coop_att_crnr_x1_y0,x_crnr_x1_y0,y_crnr_x1_y0,vx_crnr_x1_y0,vy_crnr_x1_y0,p_att_hat2,p_coop_hat2,p_coop_att_hat2,x_hat2,y_hat2,vx_hat2,vy_hat2,current_speed
1791059543.6432147,-1.8105099025002407,0.7100261120700915,-0.008083038106366005,0.0003245511556910355,0.1903251678614329,0.2001947306318797,0.0,0.0,0.0,-1.6887479367988132,-0.4948218409700188,-0.001817735501830771,0.00019861576932603766,0.0,0.0,0.0,0.01330071280992782,2.521728237994948,0.001360206015629748,-0.000781743214679238,0.0386098940412882,0.0,0.0,-1.196469076689568,2.627212293338378,-0.005331572546468148,0.002462198508533025,nan,nan,nan,nan,nan,nan,nan,0.0,0.0,0.0,1.2762669410340735,2.4527884204394845,0.00978063346331517,-0.00128140241807053,0.0,0.0,0.0,-1.978808104969739,1.9769053405674146,0.0012356659681591092,0.0016410249849180304,nan,nan,nan,nan,nan,nan,nan,nan,nan,nan,nan,nan,nan,nan,nan,nan,nan,nan,nan,nan,nan,nan,nan,nan,nan,nan,nan,nan,nan,nan,nan,nan,nan,nan,nan,nan,nan,nan,nan,nan,nan,nan,nan,nan,nan,nan,nan,nan,nan,nan,nan,nan,nan,nan,nan,nan,nan,nan,nan,nan,nan,nan,nan,0.0008301369315201767
1791059543.738592,-1.8095175993329753,0.7101781825358497,-0.006334211059021609,0.0005376016866943541,0.36172534500507236,0.20032256073234145,0.0,0.0,0.0,-1.6887158412497745,-0.4948270810389842,0.001327534352048142,-0.0006166243653115686,0.007636053991044907,0.0,0.0,0.013264811981471256,2.5208780200138245,0.005289818141035861,-0.031212395231230945,0.06720102261951282,0.0,0.0,-1.1965257284832251,2.6262245220505904,-0.006077713766607953,-0.030713167671643695,nan,nan,nan,nan,nan,nan,nan,9.789993328244036e-05,0.0,0.0,1.2755587395581953,2.451781617666668,-0.002981735638366311,-0.035999940843818135,0.0,0.0,0.0,-1.9787295479172315,1.976874352493097,0.005916255564132811,-0.0022202331302361303,nan,nan,nan,nan,nan,nan,nan,nan,nan,nan,nan,nan,nan,nan,nan,nan,nan,nan,nan,nan,nan,nan,nan,nan,nan,nan,nan,nan,nan,nan,nan,nan,nan,nan,nan,nan,nan,nan,nan,nan,nan,nan,nan,nan,nan,nan,nan,nan,nan,nan,nan,nan,nan,nan,nan,nan,nan,nan,nan,nan,nan,nan,nan,0.029754162852131127
1791059543.8424137,-1.8057986796115748,0.7099792860697147,-0.006977214703161829,0.0004367061002661074,0.5176278364067126,0.20026202351024647,0.0,0.0,0.0,-1.6863385935550013,-0.49504577057054966,0.03568727617173045,-0.0035393010527851017,0.024561325081764205,0.0,0.0,0.013827344582776116,2.51643590363149,-0.0016038229796674814,-0.05442712578330164,0.11178800400626997,0.0,0.0,-1.1966119319136286,2.6212985012586034,-0.0011037054655458254,-0.060800610664939476,nan,nan,nan,nan,nan,nan,nan,0.08031818196800207,0.0,0.0,1.275270920418427,2.445448191503584,-0.03810920638308621,-0.1443991334979538,0.0,0.0,0.0,-1.975669000354595,1.976667229933048,0.06788508921549168,0.0036843059448435416,nan,nan,nan,nan,nan,nan,nan,nan,nan,nan,nan,nan,nan,nan,nan,nan,nan,nan,nan,nan,nan,nan,nan,nan,nan,nan,nan,nan,nan,nan,nan,nan,nan,nan,nan,nan,nan,nan,nan,nan,nan,nan,nan,nan,nan,nan,nan,nan,nan,nan,nan,nan,nan,nan,nan,nan,nan,nan,nan,nan,nan,nan,nan,0.03902868180005518
1791059543.941863,-1.800165269144941,0.7098452079689768,-0.007799733937523676,-0.034040441284013394,0.6587663047075479,0.17964644024889398,0.0,0.0,0.0,-1.6815379910599957,-0.495110250561814,0.06397427439312027,-0.0024092815348766526,1.0607746626146426,0.0,0.0,0.013304724150198396,2.5101279882822896,-0.02698427191830617,-0.06594495239019871,0.9957790538563134,0.0,0.0,-1.1967609398761703,2.615351240400231,0.005174563865109437,-0.07658240160664556,nan,nan,nan,nan,nan,nan,nan,0.42351938960898416,0.0,0.0,1.2742586069308515,2.437895952818014,-0.05079024598523388,-0.1053555587566126,0.0,0.0,0.0,-1.9701362191245704,1.9763910787193142,0.12894564503629607,-0.012613922963813537,nan,nan,nan,nan,nan,nan,nan,nan,nan,nan,nan,nan,nan,nan,nan,nan,nan,nan,nan,nan,nan,nan,nan,nan,nan,nan,nan,nan,nan,nan,nan,nan,nan,nan,nan,nan,nan,nan,nan,nan,nan,nan,nan,nan,nan,nan,nan,nan,nan,nan,nan,nan,nan,nan,nan,nan,nan,nan,nan,nan,nan,nan,nan,0.05785911842722307
1791059544.0405293,-1.7926619011894738,0.7096199531743544,-0.00598338502631343,-0.0362753517799209,0.786222626300613,0.17832030643619912,0.0,0.0,0.0,-1.6753416261399297,-0.49555450622438213,0.07196394719276739,-0.010050711283447228,0.6446954516382216,0.0,0.0,0.014239012333918548,2.501705337076904,0.027682576228179864,-0.10706753435130095,0.6250421348456785,0.0,0.0,-1.1961812784831942,2.6079719820723843,-0.009969740766224408,-0.08216483780106577,nan,nan,nan,nan,nan,nan,nan,0.016896683922000444,0.0,0.0,1.2743188477964467,2.4229454680297606,0.005358776998234926,-0.17365139231169635,0.0,0.0,0.0,-1.961983945715367,1.976642452836287,0.13464791645305554,0.005143565127933382,nan,nan,nan,nan,nan,nan,nan,nan,nan,nan,nan,nan,nan,nan,nan,nan,nan,nan,nan,nan,nan,nan,nan,nan,nan,nan,nan,nan,nan,nan,nan,nan,nan,nan,nan,nan,nan,nan,nan,nan,nan,nan,nan,nan,nan,nan,nan,nan,nan,nan,nan,nan,nan,nan,nan,nan,nan,nan,nan,nan,nan,nan,nan,0.07450185364137983
1791059544.1388054,-1.784488225154123,0.7092842964718469,-0.005271353012434664,-0.06410516790735224,0.9016492182028267,0.16200417669179834,0.0,0.0,0.0,-1.6653168623133148,-0.4958165162177639,0.09935504199316911,-0.005974764777277403,0.9570749219299063,0.0,0.0,0.01663294622941933,2.4911006571503385,0.008947082459451413,-0.12204627131670591,0.7399358647271133,0.0,0.0,-1.1968106382618566,2.5963792772922085,-0.008798663423638007,-0.11770069609852106,nan,nan,nan,nan,nan,nan,nan,0.0016063605103988526,0.0,0.0,1.2739770667440964,2.4079959746782134,0.03848716777578833,-0.28132027423141726,0.0,0.0,0.0,-1.9419131867967625,1.9788346136116453,0.13467776447395008,-0.0108733776898772,nan,nan,nan,nan,nan,nan,nan,nan,nan,nan,nan,nan,nan,nan,nan,nan,nan,nan,nan,nan,nan,nan,nan,nan,nan,nan,nan,nan,nan,nan,nan,nan,nan,nan,nan,nan,nan,nan,nan,nan,nan,nan,nan,nan,nan,nan,nan,nan,nan,nan,nan,nan,nan,nan,nan,nan,nan,nan,nan,nan,nan,nan,nan,0.09044965428747576
1791059544.2425478,-1.775167969838796,0.7094623269323144,-0.0038194378518287293,-0.11057494916609349,1.0076697218423318,0.13598604467904046,0.0,0.0,0.0,-1.6551124505937604,-0.49610548668061305,0.11515340703093621,-0.011290116342132402,1.0605358092389456,0.0,0.0,0.01669782054590418,2.4788772951106757,0.0109883863496082,-0.13167330997467114,0.6489304351195331,0.0,0.0,-1.196960126798881,2.58707791207547,-0.0007811546872491821,-0.10065793285775088,nan,nan,nan,nan,nan,nan,nan,0.016470240556703836,0.0,0.0,1.2731549495656098,2.38869981907911,-0.04728398108404874,-0.2082148217661362,0.0,0.0,0.0,-1.929014442564342,1.9788633172868855,0.12839562851219366,-0.010579521844985226,nan,nan,nan,nan,nan,nan,nan,nan,nan,nan,nan,nan,nan,nan,nan,nan,nan,nan,nan,nan,nan,nan,nan,nan,nan,nan,nan,nan,nan,nan,nan,nan,nan,nan,nan,nan,nan,nan,nan,nan,nan,nan,nan,nan,nan,nan,nan,nan,nan,nan,nan,nan,nan,nan,nan,nan,nan,nan,nan,nan,nan,nan,nan,0.11258371281968284
1791059544.3430746,-1.7650096064504646,0.7091786412245461,-0.004851212129731634,-0.1097537376748943,1.1043897594518302,0.13642864244197403,0.0,0.0,0.0,-1.6433099895866057,-0.4964622621811754,0.12638574436536323,0.011091597292799267,0.7380207157015329,0.0,0.0,0.017116223354593445,2.4656875100002558,0.0050211656870885486,-0.13533802780579623,0.8011180373475016,0.0,0.0,-1.1970413102355928,2.5734065012336065,0.00848816005787598,-0.11763829826307415,nan,nan,nan,nan,nan,nan,nan,0.5423736847579431,0.0,0.0,1.2732346156480177,2.368954217469302,-0.01112488054504516,-0.12168374123574371,0.0,0.0,0.0,-1.91662044311789,1.9789280348576808,0.14277568320411302,0.0011508138093134978,nan,nan,nan,nan,nan,nan,nan,nan,nan,nan,nan,nan,nan,nan,nan,nan,nan,nan,nan,nan,nan,nan,nan,nan,nan,nan,nan,nan,nan,nan,nan,nan,nan,nan,nan,nan,nan,nan,nan,nan,nan,nan,nan,nan,nan,nan,nan,nan,nan,nan,nan,nan,nan,nan,nan,nan,nan,nan,nan,nan,nan,nan,nan,0.10724374914687107
1791059544.4442706,-1.7537375062152227,0.7089733968747691,-0.004812209469457954,-0.13778968299833827,1.1925577073193634,0.12173408945135766,0.0,0.0,0.0,-1.6301590218062538,-0.49672086943550137,0.15218226286988873,0.01072944467332533,0.9489830911614854,0.0,0.0,0.01808954751801978,2.4516372834198714,0.0007559646888515813,-0.13581045109414278,0.8493697081177191,0.0,0.0,-1.1973520976551602,2.560775773757183,-0.0050175629717389755,-0.12324611825878237,nan,nan,nan,nan,nan,nan,nan,0.23773917267944933,0.0,0.0,1.273000343015211,2.3441477944823212,-0.00933307047420796,-0.15042578485567065,0.0,0.0,0.0,-1.9030054974617772,1.9787157099544022,0.14957024192366328,0.00757109474471249,nan,nan,nan,nan,nan,nan,nan,nan,nan,nan,nan,nan,nan,nan,nan,nan,nan,nan,nan,nan,nan,nan,nan,nan,nan,nan,nan,nan,nan,nan,nan,nan,nan,nan,nan,nan,nan,nan,nan,nan,nan,nan,nan,nan,nan,nan,nan,nan,nan,nan,nan,nan,nan,nan,nan,nan,nan,nan,nan,nan,nan,nan,nan,0.10445570142774449
1791059544.5423756,-1.7429671393210595,0.7086558124054657,-0.004112038854435427,-0.1840876374553961,1.2743918371727625,0.09955714080170153,0.0,0.0,0.0,-1.6176242128632206,-0.49720955745613415,0.15942000177231627,0.014052111395276365,1.0498008078966978,0.0,0.0,0.01760858481274386,2.438068058476616,-0.007680414026020454,-0.13632300932663266,0.7497186137889698,0.0,0.0,-1.1974623272040188,2.5490346390185885,-0.009496789886630483,-0.13184220066210123,nan,nan,nan,nan,nan,nan,nan,0.06581582908229146,0.0,0.0,1.2726867774403239,2.321882738684842,0.007291211537849637,-0.17750015091883964,0.0,0.0,0.0,-1.8868323875383413,1.9786798412631579,0.1527809790110492,0.0008184957403805027,nan,nan,nan,nan,nan,nan,nan,nan,nan,nan,nan,nan,nan,nan,nan,nan,nan,nan,nan,nan,nan,nan,nan,nan,nan,nan,nan,nan,nan,nan,nan,nan,nan,nan,nan,nan,nan,nan,nan,nan,nan,nan,nan,nan,nan,nan,nan,nan,nan,nan,nan,nan,nan,nan,nan,nan,nan,nan,nan,nan,nan,nan,nan,0.10304188906885488
1791059544.6432636,-1.7326864170269862,0.7084852784495554,-0.0008657515345036681,-0.21587931842117974,1.351095160651249,0.08598445880868087,0.0,0.0,0.0,-1.5997876014805976,-0.49765730255548835,0.16827613780691347,0.0032856292659176195,0.9894729501895327,0.0,0.0,0.01615311763271268,2.4241577989655627,-0.005428229538168345,-0.14291326913046398,0.91348557053493,0.0,0.0,-1.1975890340742825,2.5333204867551697,-0.007369379328790635,-0.1682219781672129,nan,nan,nan,nan,nan,nan,nan,0.32333978475836167,0.0,0.0,1.271926962251079,2.304476114339953,-0.047460398859804305,-0.17451915747767788,0.0,0.0,0.0,-1.8724534629805774,1.9783319320796087,0.14099907974388656,-0.003806277506712916,nan,nan,nan,nan,nan,nan,nan,nan,nan,nan,nan,nan,nan,nan,nan,nan,nan,nan,nan,nan,nan,nan,nan,nan,nan,nan,nan,nan,nan,nan,nan,nan,nan,nan,nan,nan,nan,nan,nan,nan,nan,nan,nan,nan,nan,nan,nan,nan,nan,nan,nan,nan,nan,nan,nan,nan,nan,nan,nan,nan,nan,nan,nan,0.10471785385124537
1791059544.7418075,-1.722847198978233,0.7083528153264799,-0.004830441422249728,-0.24005512434626258,1.4224657201121287,0.07659765434481376,0.0,0.0,0.0,-1.5848137108853413,-0.4982716318685413,0.1591239115789207,-0.00863608099813741,0.9620095136206961,0.0,0.0,0.016288830942898996,2.4093316203879858,-0.026505629950181266,-0.1417757952341216,0.9002267378413965,0.0,0.0,-1.197521518722843,2.517452050788796,0.0013658536151085472,-0.1691816057500618,nan,nan,nan,nan,nan,nan,nan,0.006749523798090843,0.0,0.0,1.2724027773437676,2.285461911350722,0.04245258073192159,-0.1979245849595601,0.0,0.0,0.0,-1.860766544628467,1.9773861371765704,0.11403938167857298,-0.005963462756624346,nan,nan,nan,nan,nan,nan,nan,nan,nan,nan,nan,nan,nan,nan,nan,nan,nan,nan,nan,nan,nan,nan,nan,nan,nan,nan,nan,nan,nan,nan,nan,nan,nan,nan,nan,nan,nan,nan,nan,nan,nan,nan,nan,nan,nan,nan,nan,nan,nan,nan,nan,nan,nan,nan,nan,nan,nan,nan,nan,nan,nan,nan,nan,0.10028543564098068
1791059544.842063,-1.713076959278273,0.7082850990020338,-0.004818080825824077,-0.15807147364935162,1.4849825968280876,0.11168036172315272,0.0,0.0,0.0,-1.5690213327176967,-0.49872183876421095,0.14822763430802008,-0.011854983840160966,0.3217341534070942,0.0,0.0,0.016963790979609795,2.4074111377378697,0.04599939646730005,-0.18518161911002645,1.0281149717537859,0.0,0.0,-1.1976337669284842,2.5012556765516805,0.006817188379145814,-0.17691802254347413,nan,nan,nan,nan,nan,nan,nan,0.028416241899340878,0.0,0.0,1.2715873151259176,2.267408464940018,-0.008795075563961573,-0.210915685255841,0.0,0.0,0.0,-1.8500368941780612,1.9761464800419684,0.15657282726295707,0.008737406749621587,nan,nan,nan,nan,nan,nan,nan,nan,nan,nan,nan,nan,nan,nan,nan,nan,nan,nan,nan,nan,nan,nan,nan,nan,nan,nan,nan,nan,nan,nan,nan,nan,nan,nan,nan,nan,nan,nan,nan,nan,nan,nan,nan,nan,nan,nan,nan,nan,nan,nan,nan,nan,nan,nan,nan,nan,nan,nan,nan,nan,nan,nan,nan,0.09113728513944959
1791059544.9437342,-1.7033774086770554,0.7081389405624935,-0.005403712134379483,-0.08680996371543105,1.5368491365646906,0.1490604839276489,0.0,0.0,0.0,-1.5521699983390964,-0.49893244158446687,0.1639578105963851,-0.003511971811752275,0.3402188905207319,0.0,0.0,0.016963790979609795,2.4074111377378697,0.04599939646730005,-0.18518161911002645,1.0077973228504986,0.0,0.0,-1.1977035130506803,2.480828616152722,-0.00905584016005584,-0.19220495343975097,nan,nan,nan,nan,nan,nan,nan,0.11275655019672387,0.0,0.0,1.2713313391788537,2.2441286678845986,-0.011685483208885877,-0.22828828507830023,0.0,0.0,0.0,-1.8369470974689621,1.9760811013550625,0.1308261045949291,0.019099016233334116,nan,nan,nan,nan,nan,nan,nan,nan,nan,nan,nan,nan,nan,nan,nan,nan,nan,nan,nan,nan,nan,nan,nan,nan,nan,nan,nan,nan,nan,nan,nan,nan,nan,nan,nan,nan,nan,nan,nan,nan,nan,nan,nan,nan,nan,nan,nan,nan,nan,nan,nan,nan,nan,nan,nan,nan,nan,nan,nan,nan,nan,nan,nan,0.08870663969857065
1791059545.0406454,-1.6939377718960822,0.7077557636826981,-0.005319357021129296,-0.02395974036092248,1.5815504647528476,0.18564886291010646,0.0,0.0,0.0,-1.5383262277893228,-0.4992244397758616,0.15957370799981385,0.004318921387421739,0.4501556855346496,0.0,0.0,0.016963790979609795,2.4074111377378697,0.04599939646730005,-0.18518161911002645,1.0091951186029893,0.0,0.0,-1.197955993128799,2.4636815012695013,0.006913264638106636,-0.19322647877618215,nan,nan,nan,nan,nan,nan,nan,0.0201828687096392,0.0,0.0,1.270952277793623,2.22441175201043,-0.014251191931841541,-0.2807855745314938,0.0,0.0,0.0,-1.8272929441843753,1.9757196581983656,0.1456204019806609,0.003678706838925667,nan,nan,nan,nan,nan,nan,nan,nan,nan,nan,nan,nan,nan,nan,nan,nan,nan,nan,nan,nan,nan,nan,nan,nan,nan,nan,nan,nan,nan,nan,nan,nan,nan,nan,nan,nan,nan,nan,nan,nan,nan,nan,nan,nan,nan,nan,nan,nan,nan,nan,nan,nan,nan,nan,nan,nan,nan,nan,nan,nan,nan,nan,nan,0.09874456315351185
1791059545.141934,-1.6837736972433166,0.707721006721449,-0.005212653577110734,-0.010794400897551085,1.6214301317277502,0.19352562246901295,0.0,0.0,0.0,-1.5228912680166247,-0.49996310180489745,0.11164167879507171,-0.009713920053985201,0.6298860017437758,0.0,0.0,0.016963790979609795,2.4074111377378697,0.04599939646730005,-0.18518161911002645,0.957878252519478,0.0,0.0,-1.1981339214296138,2.4428562687675393,-0.008296939158456647,-0.18559300663136263,nan,nan,nan,nan,nan,nan,nan,0.04301444552239744,0.0,0.0,1.2705734923643366,2.199096274462103,-0.004746503700367309,-0.25289124321786804,0.0,0.0,0.0,-1.8171438374463234,1.9758797562187038,0.12608186861273102,0.004339441403875613,nan,nan,nan,nan,nan,nan,nan,nan,nan,nan,nan,nan,nan,nan,nan,nan,nan,nan,nan,nan,nan,nan,nan,nan,nan,nan,nan,nan,nan,nan,nan,nan,nan,nan,nan,nan,nan,nan,nan,nan,nan,nan,nan,nan,nan,nan,nan,nan,nan,nan,nan,nan,nan,nan,nan,nan,nan,nan,nan,nan,nan,nan,nan,0.11782375989738521
1791059545.24328,-1.6722677541562523,0.7075501150491366,-0.005381936224316829,-0.02041894976551054,1.6575044781643677,0.18776393119472007,0.0,0.0,0.0,-1.510423927584936,-0.5004071873762401,0.12489779476800386,-0.01009155319273558,0.7036351741498017,0.0,0.0,0.016963790979609795,2.4074111377378697,0.04599939646730005,-0.18518161911002645,0.8786577050403939,0.0,0.0,-1.1984209532937289,2.424226761191822,0.006772301423456098,-0.18203550156389606,nan,nan,nan,nan,nan,nan,nan,0.12597630874434168,0.0,0.0,1.2700627174367742,2.1760466876022915,-0.014850155185920332,-0.22300125634212675,0.0,0.0,0.0,-1.8050302206406867,1.9756373223659083,0.1099016166633535,0.00703012118286161,nan,nan,nan,nan,nan,nan,nan,nan,nan,nan,nan,nan,nan,nan,nan,nan,nan,nan,nan,nan,nan,nan,nan,nan,nan,nan,nan,nan,nan,nan,nan,nan,nan,nan,nan,nan,nan,nan,nan,nan,nan,nan,nan,nan,nan,nan,nan,nan,nan,nan,nan,nan,nan,nan,nan,nan,nan,nan,nan,nan,nan,nan,nan,0.12662733921711147
1791059545.3405504,-1.6593291744545762,0.7073190762647686,-0.0046547851662620664,-0.04994139843811452,1.6901509442426024,0.17025737570824592,0.0,0.0,0.0,-1.5003833490950744,-0.5005197767049812,0.10948789094429148,-0.015973124038262287,0.7638403976387123,0.0,0.0,0.016963790979609795,2.4074111377378697,0.04599939646730005,-0.18518161911002645,0.8919112768540465,0.0,0.0,-1.1979340689617792,2.4075120403038395,0.004528326992975883,-0.18990006028928227,nan,nan,nan,nan,nan,nan,nan,0.1965343365103365,0.0,0.0,1.269455778488941,2.1530082488057882,-0.022256661098916646,-0.2576750345172338,0.0,0.0,0.0,-1.7961979769430239,1.9755751419656702,0.08646868783697037,-0.0016065776362418317,nan,nan,nan,nan,nan,nan,nan,nan,nan,nan,nan,nan,nan,nan,nan,nan,nan,nan,nan,nan,nan,nan,nan,nan,nan,nan,nan,nan,nan,nan,nan,nan,nan,nan,nan,nan,nan,nan,nan,nan,nan,nan,nan,nan,nan,nan,nan,nan,nan,nan,nan,nan,nan,nan,nan,nan,nan,nan,nan,nan,nan,nan,nan,0.13403285927917288
1791059545.4422362,-1.6456741902177279,0.7070249230204902,-0.004358686298779697,-0.09000795492358757,1.7206106064695128,0.14727059169037374,0.0,0.0,0.0,-1.4873428226823286,-0.5010246229838967,0.1586303380944922,-0.03425061798894444,0.8411269156902745,0.0,0.0,0.016963790979609795,2.4074111377378697,0.04599939646730005,-0.18518161911002645,0.806290616207352,0.0,0.0,-1.1984480785573823,2.389322099258546,-0.0017551546423981218,-0.18174761662511024,nan,nan,nan,nan,nan,nan,nan,0.2746347611243885,0.0,0.0,1.2715503474813712,2.136700977124671,-0.009927693885318365,-0.197610064893526,0.0,0.0,0.0,-1.7868493517434743,1.9754044097605556,0.08726303502345079,0.000872000025008551,nan,nan,nan,nan,nan,nan,nan,nan,nan,nan,nan,nan,nan,nan,nan,nan,nan,nan,nan,nan,nan,nan,nan,nan,nan,nan,nan,nan,nan,nan,nan,nan,nan,nan,nan,nan,nan,nan,nan,nan,nan,nan,nan,nan,nan,nan,nan,nan,nan,nan,nan,nan,nan,nan,nan,nan,nan,nan,nan,nan,nan,nan,nan,0.14173997811996458
1791059545.5430217,-1.6318520146093827,0.7068229696949268,-0.004086022082750324,-0.129286231026725,1.7493115779603519,0.12609744821367982,0.0,0.0,0.0,-1.471829299358225,-0.5013870191137371,0.13793670924633997,-0.014340113409361095,0.8657327208497229,0.0,0.0,0.016963790979609795,2.4074111377378697,0.04599939646730005,-0.18518161911002645,0.8048118684965974,0.0,0.0,-1.1984625455273608,2.3709129421207606,-0.009331280616666682,-0.19208994105145885,nan,nan,nan,nan,nan,nan,nan,0.15363170779257315,0.0,0.0,1.2711117506314187,2.1134550501520577,-0.010867301831383699,-0.23448549159514942,0.0,0.0,0.0,-1.7799539393863173,1.9752631078709642,0.08041584083673345,0.0009214789932833628,nan,nan,nan,nan,nan,nan,nan,nan,nan,nan,nan,nan,nan,nan,nan,nan,nan,nan,nan,nan,nan,nan,nan,nan,nan,nan,nan,nan,nan,nan,nan,nan,nan,nan,nan,nan,nan,nan,nan,nan,nan,nan,nan,nan,nan,nan,nan,nan,nan,nan,nan,nan,nan,nan,nan,nan,nan,nan,nan,nan,nan,nan,nan,0.14686149495326034
1791059545.642928,-1.6179551474509943,0.7064923686359745,-0.0034527893583017853,-0.16820113965400754,1.7774361731332677,0.10685404101694305,0.0,0.0,0.0,-1.4576785950407283,-0.5018284304707703,0.14491247030778842,-0.004577002658328891,0.8923161111266619,0.0,0.0,0.016963790979609795,2.4074111377378697,0.04599939646730005,-0.18518161911002645,0.7490968029488776,0.0,0.0,-1.198812220231141,2.3508090014181535,-0.014246446096115384,-0.17191750491535307,nan,nan,nan,nan,nan,nan,nan,0.1592484956442882,0.0,0.0,1.2710492656591417,2.0912823853931437,-0.0025752815936474632,-0.22550155448128154,0.0,0.0,0.0,-1.7732986363381646,1.9750695293215461,0.06719939030684174,-0.0033720196920180314,nan,nan,nan,nan,nan,nan,nan,nan,nan,nan,nan,nan,nan,nan,nan,nan,nan,nan,nan,nan,nan,nan,nan,nan,nan,nan,nan,nan,nan,nan,nan,nan,nan,nan,nan,nan,nan,nan,nan,nan,nan,nan,nan,nan,nan,nan,nan,nan,nan,nan,nan,nan,nan,nan,nan,nan,nan,nan,nan,nan,nan,nan,nan,0.14879850320414925
1791059545.7420096,-1.6040548592863972,0.7063028574923819,-0.003155110006371492,-0.20168814766280008,1.805140278076023,0.09187129874371347,0.0,0.0,0.0,-1.4445884593085303,-0.502130839061012,0.1455722626740368,-0.0014008868441559392,0.8598162313280562,0.0,0.0,0.016963790979609795,2.4074111377378697,0.04599939646730005,-0.18518161911002645,0.8844661713154258,0.0,0.0,-1.198472828408674,2.3333689880702626,0.008404970966525573,-0.1945192888139659,nan,nan,nan,nan,nan,nan,nan,0.005287434722931506,0.0,0.0,1.2703433503478985,2.0640035904243215,-0.03996749452880635,-0.7419930321648271,0.0,0.0,0.0,-1.765938563840409,1.9749894438737536,0.06588597084619804,-0.0003551434243053901,nan,nan,nan,nan,nan,nan,nan,nan,nan,nan,nan,nan,nan,nan,nan,nan,nan,nan,nan,nan,nan,nan,nan,nan,nan,nan,nan,nan,nan,nan,nan,nan,nan,nan,nan,nan,nan,nan,nan,nan,nan,nan,nan,nan,nan,nan,nan,nan,nan,nan,nan,nan,nan,nan,nan,nan,nan,nan,nan,nan,nan,nan,nan,0.14573803925938394
1791059545.8419747,-1.5904246781896865,0.706143305402181,-0.003840235105087664,-0.21803779119695307,1.8320886995205883,0.08511348990657984,0.0,0.0,0.0,-1.4294319927498709,-0.5023800542171468,0.133857139476146,0.006035672896251611,0.8079608813218843,0.0,0.0,0.016963790979609795,2.4074111377378697,0.04599939646730005,-0.18518161911002645,0.8956958877779159,0.0,0.0,-1.1987429683106585,2.3139965826826074,-0.004908110512144947,-0.20562144375246771,nan,nan,nan,nan,nan,nan,nan,0.03444107610857348,0.0,0.0,1.2709057671502053,2.041763034053095,0.052467947088154006,-0.17877896284585315,0.0,0.0,0.0,-1.7610043533187643,1.975059554982282,0.04279272444106849,0.0016330917234284913,nan,nan,nan,nan,nan,nan,nan,nan,nan,nan,nan,nan,nan,nan,nan,nan,nan,nan,nan,nan,nan,nan,nan,nan,nan,nan,nan,nan,nan,nan,nan,nan,nan,nan,nan,nan,nan,nan,nan,nan,nan,nan,nan,nan,nan,nan,nan,nan,nan,nan,nan,nan,nan,nan,nan,nan,nan,nan,nan,nan,nan,nan,nan,0.13601337041382394
1791059545.9422936,-1.5771873743315874,0.7058650906009946,-0.0028156093434237284,-0.22226425054940957,1.8571294129550517,0.08342675975651091,0.0,0.0,0.0,-1.4132353315086745,-0.5028128422515458,0.16627669090353933,0.0001440224127985286,0.8245389993552275,0.0,0.0,0.016963790979609795,2.4074111377378697,0.04599939646730005,-0.18518161911002645,0.9614544026389252,0.0,0.0,-1.1984970103556287,2.2928940191185636,0.0033492471178575914,-0.21956617914863835,nan,nan,nan,nan,nan,nan,nan,0.13325727772919876,0.0,0.0,1.268963434412749,2.0149188058903666,0.018641538714859955,-0.25877568940440704,0.0,0.0,0.0,-1.7554447572133003,1.9748892586218678,0.055923530560598414,-0.003532645748863702,nan,nan,nan,nan,nan,nan,nan,nan,nan,nan,nan,nan,nan,nan,nan,nan,nan,nan,nan,nan,nan,nan,nan,nan,nan,nan,nan,nan,nan,nan,nan,nan,nan,nan,nan,nan,nan,nan,nan,nan,nan,nan,nan,nan,nan,nan,nan,nan,nan,nan,nan,nan,nan,nan,nan,nan,nan,nan,nan,nan,nan,nan,nan,0.12736001313003442
1791059546.0413704,-1.5650401898605548,0.7056482073832946,-0.0028042187030496457,-0.16086284288078184,1.8776974143703744,0.11033714399985556,0.0,0.0,0.0,-1.3961186361088687,-0.5031728758066478,0.16433691909003706,-0.005360619011758062,0.6762997251727355,0.0,0.0,0.016963790979609795,2.4074111377378697,0.04599939646730005,-0.18518161911002645,0.994851437817402,0.0,0.0,-1.1986025990773408,2.2685325468307425,-0.0019340402273246684,-0.2351938132681362,nan,nan,nan,nan,nan,nan,nan,0.03762812945700705,0.0,0.0,1.268397341335827,1.9923474395163303,-0.0011766154498658932,-0.2465892474678811,0.0,0.0,0.0,-1.749778871644211,1.9748063096895714,0.03923465087363609,-0.0033194058041801115,nan,nan,nan,nan,nan,nan,nan,nan,nan,nan,nan,nan,nan,nan,nan,nan,nan,nan,nan,nan,nan,nan,nan,nan,nan,nan,nan,nan,nan,nan,nan,nan,nan,nan,nan,nan,nan,nan,nan,nan,nan,nan,nan,nan,nan,nan,nan,nan,nan,nan,nan,nan,nan,nan,nan,nan,nan,nan,nan,nan,nan,nan,nan,0.11574442203932374
1791059546.1418512,-1.5535861679765064,0.7053941948431748,-0.0024184062046186043,-0.11608557481372322,1.8929759627640015,0.13303427754852543,0.0,0.0,0.0,-1.3785266617941743,-0.5033344937386643,0.17987546639200264,0.0018194988245030996,0.6970557810664969,0.0,0.0,0.016963790979609795,2.4074111377378697,0.04599939646730005,-0.18518161911002645,0.9692263870595936,0.0,0.0,-1.1988243015987239,2.2456086202848056,-0.008610212005497107,-0.22810496847093265,nan,nan,nan,nan,nan,nan,nan,0.12325254003073943,0.0,0.0,1.2681018616114756,1.9699444426546642,-0.023208742240578173,-0.21674868347219967,0.0,0.0,0.0,-1.7465622084619954,1.9748507818886336,0.034132372295215936,-0.0009148036516176894,nan,nan,nan,nan,nan,nan,nan,nan,nan,nan,nan,nan,nan,nan,nan,nan,nan,nan,nan,nan,nan,nan,nan,nan,nan,nan,nan,nan,nan,nan,nan,nan,nan,nan,nan,nan,nan,nan,nan,nan,nan,nan,nan,nan,nan,nan,nan,nan,nan,nan,nan,nan,nan,nan,nan,nan,nan,nan,nan,nan,nan,nan,nan,0.11590926645259451
1791059546.243294,-1.5423465640001404,0.7052027687013815,-0.0027536726117528983,-0.10418358035844472,1.9054597267419997,0.13944883597332888,0.0,0.0,0.0,-1.3596394332825228,-0.5035577180372435,0.168481085454742,-0.008463230363981295,0.7535044983810801,0.0,0.0,0.016963790979609795,2.4074111377378697,0.04599939646730005,-0.18518161911002645,0.9293474260342326,0.0,0.0,-1.1985580261092388,2.2224760891081643,0.015893856857456458,-0.23149021638212786,nan,nan,nan,nan,nan,nan,nan,0.1484973518450806,0.0,0.0,1.2676818491757578,1.946895535805789,-0.005292368378991529,-0.24508715000954234,0.0,0.0,0.0,-1.7432375265153957,1.9748126761174192,0.031444029556796926,-0.0011840061897341607,nan,nan,nan,nan,nan,nan,nan,nan,nan,nan,nan,nan,nan,nan,nan,nan,nan,nan,nan,nan,nan,nan,nan,nan,nan,nan,nan,nan,nan,nan,nan,nan,nan,nan,nan,nan,nan,nan,nan,nan,nan,nan,nan,nan,nan,nan,nan,nan,nan,nan,nan,nan,nan,nan,nan,nan,nan,nan,nan,nan,nan,nan,nan,0.1217217938597451
1791059546.3401728,-1.5307730232335304,0.7050605219195029,-0.0030107457832443296,-0.09144337917966781,1.9162720829248603,0.1464701164925799,0.0,0.0,0.0,-1.344372272139021,-0.5038685226653047,0.16808049689068438,-0.008640661006443352,0.7748608879871285,0.0,0.0,0.016963790979609795,2.4074111377378697,0.04599939646730005,-0.18518161911002645,0.9784222092136212,0.0,0.0,-1.1983539274630024,2.199351284828849,0.002532178908798332,-0.22957695074783618,nan,nan,nan,nan,nan,nan,nan,0.08849107375310039,0.0,0.0,1.267407607341026,1.9242971372386846,-0.007409000399146819,-0.22284758204282273,0.0,0.0,0.0,-1.7400134090337027,1.9747325666253546,0.030972566868015777,0.00016520460399491616,nan,nan,nan,nan,nan,nan,nan,nan,nan,nan,nan,nan,nan,nan,nan,nan,nan,nan,nan,nan,nan,nan,nan,nan,nan,nan,nan,nan,nan,nan,nan,nan,nan,nan,nan,nan,nan,nan,nan,nan,nan,nan,nan,nan,nan,nan,nan,nan,nan,nan,nan,nan,nan,nan,nan,nan,nan,nan,nan,nan,nan,nan,nan,0.1241907178698451
1791059546.441563,-1.5185011894715004,0.7049369073593863,-0.0034010612332924847,-0.11665163111628157,1.9263264555298414,0.13273289183430678,0.0,0.0,0.0,-1.3285090371876622,-0.5037815521002139,0.16744338737545605,0.010751449475061303,0.8454722882317481,0.0,0.0,0.016963790979609795,2.4074111377378697,0.04599939646730005,-0.18518161911002645,0.9610339738090512,0.0,0.0,-1.1978777313990583,2.178980415896808,0.0053230560372077235,-0.22714112548954327,nan,nan,nan,nan,nan,nan,nan,0.10432578767454737,0.0,0.0,1.2668231267256636,1.9008466014049963,-0.014859480011707924,-0.24072901127336754,0.0,0.0,0.0,-1.7374715501670308,1.975022458547318,0.022022317290822765,0.0038102059769213117,nan,nan,nan,nan,nan,nan,nan,nan,nan,nan,nan,nan,nan,nan,nan,nan,nan,nan,nan,nan,nan,nan,nan,nan,nan,nan,nan,nan,nan,nan,nan,nan,nan,nan,nan,nan,nan,nan,nan,nan,nan,nan,nan,nan,nan,nan,nan,nan,nan,nan,nan,nan,nan,nan,nan,nan,nan,nan,nan,nan,nan,nan,nan,0.1321818152463062
1791059546.541766,-1.5057742624736052,0.7047231948564066,-0.0039211474275129676,-0.16675603257826724,1.9372429274102088,0.10753440480163323,0.0,0.0,0.0,-1.3136048419014357,-0.504295738112694,0.15590258206840235,-0.003632746070208145,0.9408640168235988,0.0,0.0,0.016963790979609795,2.4074111377378697,0.04599939646730005,-0.18518161911002645,0.9152107558294343,0.0,0.0,-1.1976671865122053,2.1550736873421967,0.010523955806067332,-0.21366030714554768,nan,nan,nan,nan,nan,nan,nan,0.14642759340751343,0.0,0.0,1.2668842149260333,1.8781034136055528,-0.0022045551961350288,-0.2257812121700462,0.0,0.0,0.0,-1.73524547779541,1.9748787346781993,0.025955642912776,1.3677854902668674e-05,nan,nan,nan,nan,nan,nan,nan,nan,nan,nan,nan,nan,nan,nan,nan,nan,nan,nan,nan,nan,nan,nan,nan,nan,nan,nan,nan,nan,nan,nan,nan,nan,nan,nan,nan,nan,nan,nan,nan,nan,nan,nan,nan,nan,nan,nan,nan,nan,nan,nan,nan,nan,nan,nan,nan,nan,nan,nan,nan,nan,nan,nan,nan,0.14486438911032343
1791059546.6419337,-1.4924669133764905,0.7045873896699019,-0.00419181766492627,-0.21206577198577242,1.9501168495190202,0.08753904247338043,0.0,0.0,0.0,-1.2978970737649305,-0.5046013782872528,0.1291025336526233,-0.013369813782314662,0.9442397460666986,0.0,0.0,0.016963790979609795,2.4074111377378697,0.04599939646730005,-0.18518161911002645,0.823691318539753,0.0,0.0,-1.1976564229207403,2.1359161936517697,-0.0197526504327859,-0.20487772458139175,nan,nan,nan,nan,nan,nan,nan,0.06784814964458055,0.0,0.0,1.2671908475684872,1.8552446741159478,0.01563525150087814,-0.24378062848681928,0.0,0.0,0.0,-1.733024329564791,1.9748086011090649,0.017628142086867055,-0.001523860445231561,nan,nan,nan,nan,nan,nan,nan,nan,nan,nan,nan,nan,nan,nan,nan,nan,nan,nan,nan,nan,nan,nan,nan,nan,nan,nan,nan,nan,nan,nan,nan,nan,nan,nan,nan,nan,nan,nan,nan,nan,nan,nan,nan,nan,nan,nan,nan,nan,nan,nan,nan,nan,nan,nan,nan,nan,nan,nan,nan,nan,nan,nan,nan,0.14642373891073396
1791059546.7422585,-1.4786563346031094,0.7042221489767675,-0.0033304842532209064,-0.25366183566166206,1.9652373286356957,0.07166858437255477,0.0,0.0,0.0,-1.2857379744433777,-0.5045900687975576,0.12144461663892486,-0.009528253326955654,0.9476327192696564,0.0,0.0,0.016963790979609795,2.4074111377378697,0.04599939646730005,-0.18518161911002645,0.9923644435299683,0.0,0.0,-1.1965805577716415,2.1126704824412426,0.009709880966798149,-0.21706200677918225,nan,nan,nan,nan,nan,nan,nan,0.08199087305924083,0.0,0.0,1.2671349804076741,1.832599233552433,-0.006029483926195059,-0.212656207815196,0.0,0.0,0.0,-1.7311503063149805,1.974778703101599,0.01775361530094765,-0.0007292273524890079,nan,nan,nan,nan,nan,nan,nan,nan,nan,nan,nan,nan,nan,nan,nan,nan,nan,nan,nan,nan,nan,nan,nan,nan,nan,nan,nan,nan,nan,nan,nan,nan,nan,nan,nan,nan,nan,nan,nan,nan,nan,nan,nan,nan,nan,nan,nan,nan,nan,nan,nan,nan,nan,nan,nan,nan,nan,nan,nan,nan,nan,nan,nan,0.14986837534530784
1791059546.8412173,-1.4651062386546225,0.7038709497928604,-0.0013083493890946798,-0.2978187159459779,1.9831171259304516,0.057380680964127295,0.0,0.0,0.0,-1.2731010955955226,-0.504622998575469,0.1254857386279885,-0.0027161184512637135,0.9891510076222273,0.0,0.0,0.02884358859935249,2.0337394705447776,-0.0070075176933947735,-0.19934016573931862,0.970153063980573,0.0,0.0,-1.1964410964114243,2.094362688876682,0.027495775346938,-0.2188260088511001,nan,nan,nan,nan,nan,nan,nan,0.12612214138843103,0.0,0.0,1.2673452737544708,1.8094647997204696,0.00457538703554174,-0.21610645390528355,0.0,0.0,0.0,-1.7298155263278197,1.974828108407794,0.017634795993208843,0.0002110131853739466,nan,nan,nan,nan,nan,nan,nan,nan,nan,nan,nan,nan,nan,nan,nan,nan,nan,nan,nan,nan,nan,nan,nan,nan,nan,nan,nan,nan,nan,nan,nan,nan,nan,nan,nan,nan,nan,nan,nan,nan,nan,nan,nan,nan,nan,nan,nan,nan,nan,nan,nan,nan,nan,nan,nan,nan,nan,nan,nan,nan,nan,nan,nan,0.1463181738259695
1791059546.9423854,-1.4519058413675223,0.7035902209117877,-0.00024068826560123675,-0.31727082510478577,2.0027653991174255,0.05187950053284227,0.0,0.0,0.0,-1.2604069740517698,-0.5046770140410215,0.12154601466483206,-0.004644956617183555,0.9036625508051236,0.0,0.0,0.029205956356111604,2.015973593482776,0.01132396863550236,-0.19593319505292706,0.9758103608887504,0.0,0.0,-1.1960168461252096,2.069446423318153,-0.007816966018129763,-0.2207070570808036,nan,nan,nan,nan,nan,nan,nan,0.0651479611534071,0.0,0.0,1.2675790104755555,1.788663837958607,0.009351644824305205,-0.2293012170618676,0.0,0.0,0.0,-1.7277119963518488,1.9747107615507027,0.024917025533373997,0.00046387082332750764,nan,nan,nan,nan,nan,nan,nan,nan,nan,nan,nan,nan,nan,nan,nan,nan,nan,nan,nan,nan,nan,nan,nan,nan,nan,nan,nan,nan,nan,nan,nan,nan,nan,nan,nan,nan,nan,nan,nan,nan,nan,nan,nan,nan,nan,nan,nan,nan,nan,nan,nan,nan,nan,nan,nan,nan,nan,nan,nan,nan,nan,nan,nan,0.13345826042110798
1791059547.0403912,-1.4395487649760046,0.7033771421762586,0.0002892312265084627,-0.33611713295217954,2.0228104494563848,0.04698414370849011,0.0,0.0,0.0,-1.2451172118468252,-0.5045858266549876,0.1488777189686256,-0.0008667645996994149,0.9378018100284401,0.0,0.0,0.02959286664568529,1.9947751390792132,-0.0005919698296437204,-0.18572912537381325,0.9662158755026881,0.0,0.0,-1.19561624307367,2.0461753616768457,0.04775548994042286,-0.25350550756395773,nan,nan,nan,nan,nan,nan,nan,0.07581080229235337,0.0,0.0,1.2677131466893496,1.7630787758378947,-0.0012966229548784735,-0.2215669753903802,0.0,0.0,0.0,-1.7252660946316232,1.9747794933068195,0.019904622232852213,-0.0008920662109365762,nan,nan,nan,nan,nan,nan,nan,nan,nan,nan,nan,nan,nan,nan,nan,nan,nan,nan,nan,nan,nan,nan,nan,nan,nan,nan,nan,nan,nan,nan,nan,nan,nan,nan,nan,nan,nan,nan,nan,nan,nan,nan,nan,nan,nan,nan,nan,nan,nan,nan,nan,nan,nan,nan,nan,nan,nan,nan,nan,nan,nan,nan,nan,0.12361885302345803
1791059547.142712,-1.4282292083029322,0.7031355600130068,0.0005858533993133668,-0.3199857027768039,2.0410911574572532,0.05114845303231111,0.0,0.0,0.0,-1.2323506593078852,-0.5041323235587248,0.15927178837743025,0.005754354224313564,0.8714612472778974,0.0,0.0,0.029836353094944,1.976624774730271,0.010531616298943933,-0.17772142967071944,0.9773935698957887,0.0,0.0,-1.1944679320654166,2.022540226311787,-0.007535417078622911,-0.23055553451146635,nan,nan,nan,nan,nan,nan,nan,0.04808984104677509,0.0,0.0,1.2679228200211126,1.7394731596269029,-0.010993465735739233,-0.2528111359612382,0.0,0.0,0.0,-1.7236524296407079,1.9747688314779321,0.015821626673484215,0.000690355134303272,nan,nan,nan,nan,nan,nan,nan,nan,nan,nan,nan,nan,nan,nan,nan,nan,nan,nan,nan,nan,nan,nan,nan,nan,nan,nan,nan,nan,nan,nan,nan,nan,nan,nan,nan,nan,nan,nan,nan,nan,nan,nan,nan,nan,nan,nan,nan,nan,nan,nan,nan,nan,nan,nan,nan,nan,nan,nan,nan,nan,nan,nan,nan,0.11402275145592355
1791059547.2408578,-1.4178474984223737,0.7030109022620019,0.0010774761064612426,-0.31471186072952334,2.0562661580651027,0.05257668634658617,0.0,0.0,0.0,-1.2136667706276496,-0.503879571295027,0.1863108655367935,0.004827734844593306,0.9360823976860687,0.0,0.0,0.030034127617228134,1.9594004077675753,-0.006094699064943398,-0.16112450699579026,1.023922329702632,0.0,0.0,-1.1939415272765856,1.9994318965778592,0.004128816289739013,-0.23229140561203548,nan,nan,nan,nan,nan,nan,nan,0.061622104508037755,0.0,0.0,1.2679758105678298,1.7172528871676631,0.0027693802908411594,-0.18468944851317465,0.0,0.0,0.0,-1.7221245210094402,1.9747114079252626,0.008181543238679725,0.0006552850935771564,nan,nan,nan,nan,nan,nan,nan,nan,nan,nan,nan,nan,nan,nan,nan,nan,nan,nan,nan,nan,nan,nan,nan,nan,nan,nan,nan,nan,nan,nan,nan,nan,nan,nan,nan,nan,nan,nan,nan,nan,nan,nan,nan,nan,nan,nan,nan,nan,nan,nan,nan,nan,nan,nan,nan,nan,nan,nan,nan,nan,nan,nan,nan,0.09912717204736342
1791059547.3418782,-1.4082183890812037,0.7029849052260478,0.0006932757113639813,-0.2238329018116849,2.0646893470060146,0.08280702703214943,0.0,0.0,0.0,-1.1956031887747858,-0.503924470277264,0.1913436505114936,-0.004890735015909547,0.7814466339333344,0.0,0.0,0.03040952206274395,1.9429308086044554,0.0071774352971508675,-0.1638151608796611,1.0555001183221213,0.0,0.0,-1.1934517317885232,1.976831818676768,-0.0025116760251701776,-0.22576968381070803,nan,nan,nan,nan,nan,nan,nan,0.024495586583562188,0.0,0.0,1.2681263157603087,1.6948081416266274,0.005058841736868354,-0.20583156397801394,0.0,0.0,0.0,-1.7214498138134386,1.9747180961519297,0.010309507168635821,-0.010647928822110094,nan,nan,nan,nan,nan,nan,nan,nan,nan,nan,nan,nan,nan,nan,nan,nan,nan,nan,nan,nan,nan,nan,nan,nan,nan,nan,nan,nan,nan,nan,nan,nan,nan,nan,nan,nan,nan,nan,nan,nan,nan,nan,nan,nan,nan,nan,nan,nan,nan,nan,nan,nan,nan,nan,nan,nan,nan,nan,nan,nan,nan,nan,nan,0.08535511636646528
1791059547.4425085,-1.3992241489797865,0.7028898147917456,0.00021836429642566524,-0.16849670565239844,2.0658371034485192,0.10671522449147663,0.0,0.0,0.0,-1.1763827941523124,-0.5036782270098207,0.20322983933490985,-0.004066035488774629,0.8126905107922663,0.0,0.0,0.03063644653978697,1.927049941806876,0.0027166699794086632,-0.15729111892495468,1.0197892598687244,0.0,0.0,-1.1929150981522532,1.955761711933018,0.0033104482407743446,-0.19726831736696882,nan,nan,nan,nan,nan,nan,nan,0.03689249521650274,0.0,0.0,1.2682754306339803,1.6733075359168958,-0.012325358735594752,-0.2117362373438842,0.0,0.0,0.0,-1.7208695910481397,1.9747802023980905,0.007471817197221997,-0.0003210694584406723,nan,nan,nan,nan,nan,nan,nan,nan,nan,nan,nan,nan,nan,nan,nan,nan,nan,nan,nan,nan,nan,nan,nan,nan,nan,nan,nan,nan,nan,nan,nan,nan,nan,nan,nan,nan,nan,nan,nan,nan,nan,nan,nan,nan,nan,nan,nan,nan,nan,nan,nan,nan,nan,nan,nan,nan,nan,nan,nan,nan,nan,nan,nan,0.08645284931343407
1791059547.5420778,-1.3909399413622332,0.7026282468810771,0.00033118309541483687,-0.15209348405912895,2.0644497869455174,0.11459043319452951,0.0,0.0,0.0,-1.157264114116875,-0.5034238241626763,0.19069982314911296,0.005385398840437348,0.8806015511071154,0.0,0.0,0.03156767822300082,1.911025918857826,-0.006750315193644418,-0.16318345165101913,1.011224468942283,0.0,0.0,-1.192066858275025,1.9366474392503572,0.0028040779651596365,-0.1850659214390821,nan,nan,nan,nan,nan,nan,nan,0.011616591731182737,0.0,0.0,1.2687933594131169,1.6503119164443851,0.018095025977041886,-0.24053356608412915,0.0,0.0,0.0,-1.7200014634119254,1.974755215618741,0.0364204434760647,-0.01809246258679761,nan,nan,nan,nan,nan,nan,nan,nan,nan,nan,nan,nan,nan,nan,nan,nan,nan,nan,nan,nan,nan,nan,nan,nan,nan,nan,nan,nan,nan,nan,nan,nan,nan,nan,nan,nan,nan,nan,nan,nan,nan,nan,nan,nan,nan,nan,nan,nan,nan,nan,nan,nan,nan,nan,nan,nan,nan,nan,nan,nan,nan,nan,nan,0.08653869788582419
1791059547.6420135,-1.382289159288001,0.7027396447784355,0.0005823235751482905,-0.11303756201911935,2.061664850583044,0.13466299846909888,0.0,0.0,0.0,-1.1396832258763974,-0.50329788132265,0.19922666115298276,0.0012253944884028005,0.8280273521410791,0.0,0.0,0.03159088031938494,1.8944649774525484,-0.0012302958025758586,-0.1709794166913441,1.0189240197545073,0.0,0.0,-1.1917135777289793,1.9196527581048681,-0.013786127176417142,-0.15687781341802193,nan,nan,nan,nan,nan,nan,nan,0.027721405157678618,0.0,0.0,1.2685339000469458,1.6276740330073987,-0.007085546306656554,-0.23373515355034657,0.0,0.0,0.0,-1.7189314203809336,1.9751168286529972,-0.006753050699809348,0.02975362390654075,nan,nan,nan,nan,nan,nan,nan,nan,nan,nan,nan,nan,nan,nan,nan,nan,nan,nan,nan,nan,nan,nan,nan,nan,nan,nan,nan,nan,nan,nan,nan,nan,nan,nan,nan,nan,nan,nan,nan,nan,nan,nan,nan,nan,nan,nan,nan,nan,nan,nan,nan,nan,nan,nan,nan,nan,nan,nan,nan,nan,nan,nan,nan,0.0887643501608914
1791059547.7423012,-1.372892270061417,0.7026733781625848,0.0005646179885450505,-0.06744431223038183,2.0573627911816956,0.16007673266234013,0.0,0.0,0.0,-1.121156898529806,-0.5030806503200117,0.17508879975771907,0.0032174162859372624,0.7329546886798672,0.0,0.0,0.031766845231070255,1.8787151891318168,0.011479025647450857,-0.18194873736176606,0.9833134641339839,0.0,0.0,-1.1908030798084766,1.9034777425776626,0.009272950657696432,-0.15543370038890642,nan,nan,nan,nan,nan,nan,nan,0.024063756783365003,0.0,0.0,1.2685827641191043,1.6070337674437187,0.00037765479825468506,-0.2303691570166554,0.0,0.0,0.0,-1.7157961414829002,1.9749898100090384,0.02897026016041123,-0.001215750065627357,nan,nan,nan,nan,nan,nan,nan,nan,nan,nan,nan,nan,nan,nan,nan,nan,nan,nan,nan,nan,nan,nan,nan,nan,nan,nan,nan,nan,nan,nan,nan,nan,nan,nan,nan,nan,nan,nan,nan,nan,nan,nan,nan,nan,nan,nan,nan,nan,nan,nan,nan,nan,nan,nan,nan,nan,nan,nan,nan,nan,nan,nan,nan,0.0916514404044191
1791059547.8425288,-1.3632175606280632,0.7023102162439472,0.0013697630598321741,-0.06683524603226844,2.052761713680948,0.16042773845575095,0.0,0.0,0.0,-1.1011625831094758,-0.5029639420698936,0.17737516152857943,-0.003261925320277922,0.8158091101964499,0.0,0.0,0.03215401445026934,1.8580564222810643,-0.009986792667946151,-0.1895916355214513,0.9604937618189198,0.0,0.0,-1.1901118309865348,1.8895199301876462,0.015092098586498013,-0.14717029388226693,nan,nan,nan,nan,nan,nan,nan,0.04056927337573815,0.0,0.0,1.2684822919831011,1.5818439679909855,-0.002509493509895228,-0.2180920822584443,0.0,0.0,0.0,-1.713193107090921,1.975064611797398,0.024372302493842486,-0.00038984490726263435,nan,nan,nan,nan,nan,nan,nan,nan,nan,nan,nan,nan,nan,nan,nan,nan,nan,nan,nan,nan,nan,nan,nan,nan,nan,nan,nan,nan,nan,nan,nan,nan,nan,nan,nan,nan,nan,nan,nan,nan,nan,nan,nan,nan,nan,nan,nan,nan,nan,nan,nan,nan,nan,nan,nan,nan,nan,nan,nan,nan,nan,nan,nan,0.10135819218350328
1791059547.942449,-1.3528741907040605,0.7021706015728814,0.0014780734960134136,-0.08969830718685103,2.0489264348008254,0.14744350850788912,0.0,0.0,0.0,-1.0849163091987188,-0.5028256442702587,0.15430566993709824,0.00020784206898281015,0.8101035417301464,0.0,0.0,0.032596384138314456,1.8380481409353053,0.013478880000698747,-0.20423917215641862,0.885453156148137,0.0,0.0,-1.1898162166732045,1.8762160951253548,0.011128006854366889,-0.139859802503628,nan,nan,nan,nan,nan,nan,nan,0.05809311533846313,0.0,0.0,1.2684684474612002,1.558402981892773,-0.0026416711069987154,-0.22642442228104712,0.0,0.0,0.0,-1.7107636059153701,1.974975220063742,0.019527881486694838,-0.0002867787551441204,nan,nan,nan,nan,nan,nan,nan,nan,nan,nan,nan,nan,nan,nan,nan,nan,nan,nan,nan,nan,nan,nan,nan,nan,nan,nan,nan,nan,nan,nan,nan,nan,nan,nan,nan,nan,nan,nan,nan,nan,nan,nan,nan,nan,nan,nan,nan,nan,nan,nan,nan,nan,nan,nan,nan,nan,nan,nan,nan,nan,nan,nan,nan,0.11553092397904767
1791059548.040894,-1.3418669636226206,0.7021340294593054,0.0014585596918381446,-0.12864561770266106,2.046590097929634,0.12642957017118572,0.0,0.0,0.0,-1.0692457051622566,-0.50265260508114,0.1446415812411134,0.0070464800039836805,0.8950649294292314,0.0,0.0,0.03278270246888729,1.8174880170176115,-0.008286878060939036,-0.20969288674797254,0.8402215797234418,0.0,0.0,-1.189548254862707,1.864769438855128,0.007128923712823831,-0.1289620118226149,nan,nan,nan,nan,nan,nan,nan,0.0654265958927719,0.0,0.0,1.2680960587814503,1.5352028583390938,-0.004549528339968188,-0.22677083859690664,0.0,0.0,0.0,-1.7089423462211364,1.97513001862899,-0.0010188312964103672,0.008098036496215821,nan,nan,nan,nan,nan,nan,nan,nan,nan,nan,nan,nan,nan,nan,nan,nan,nan,nan,nan,nan,nan,nan,nan,nan,nan,nan,nan,nan,nan,nan,nan,nan,nan,nan,nan,nan,nan,nan,nan,nan,nan,nan,nan,nan,nan,nan,nan,nan,nan,nan,nan,nan,nan,nan,nan,nan,nan,nan,nan,nan,nan,nan,nan,0.11919417249683512
1791059548.1417246,-1.3300822787481432,0.7018499621984824,0.001760125717482919,-0.15370069516246435,2.0459841356965955,0.11380359689067401,0.0,0.0,0.0,-1.0546180323973133,-0.5024141614211387,0.14764099186730945,0.013012141151879625,0.8514236562951831,0.0,0.0,0.03307037988733979,1.7966381514615288,-0.0004971328915446389,-0.2060853219541036,0.8458569370895087,0.0,0.0,-1.1892220542245304,1.8508493621284707,0.006638472510307077,-0.1292337530750617,nan,nan,nan,nan,nan,nan,nan,0.04415193418787619,0.0,0.0,1.2677594640534842,1.512055868584817,-0.0012006318468019421,-0.23914221867783295,0.0,0.0,0.0,-1.7074064579611663,1.974985126408739,0.009488175657941808,0.00010439028849263672,nan,nan,nan,nan,nan,nan,nan,nan,nan,nan,nan,nan,nan,nan,nan,nan,nan,nan,nan,nan,nan,nan,nan,nan,nan,nan,nan,nan,nan,nan,nan,nan,nan,nan,nan,nan,nan,nan,nan,nan,nan,nan,nan,nan,nan,nan,nan,nan,nan,nan,nan,nan,nan,nan,nan,nan,nan,nan,nan,nan,nan,nan,nan,0.11530330961746103
1791059548.239348,-1.3185312290894782,0.7016970347236418,0.002042458850387792,-0.16404506739807975,2.046423929807704,0.10881810574537741,0.0,0.0,0.0,-1.03998819083701,-0.5021560048735435,0.15346124917025775,0.013930808333219146,0.7958059091125007,0.0,0.0,0.03310285422591,1.7762761009765606,0.011206021940548122,-0.1990457096731956,0.8773842232143881,0.0,0.0,-1.188465720610551,1.8383556928546623,0.007053070378679627,-0.12974479135852557,nan,nan,nan,nan,nan,nan,nan,0.04657231177690033,0.0,0.0,1.2679315808384444,1.4886913074595962,-0.010487580483420708,-0.24205089190358658,0.0,0.0,0.0,-1.7066141445379701,1.9750485566951979,0.014432008072953592,0.0014079931986583371,nan,nan,nan,nan,nan,nan,nan,nan,nan,nan,nan,nan,nan,nan,nan,nan,nan,nan,nan,nan,nan,nan,nan,nan,nan,nan,nan,nan,nan,nan,nan,nan,nan,nan,nan,nan,nan,nan,nan,nan,nan,nan,nan,nan,nan,nan,nan,nan,nan,nan,nan,nan,nan,nan,nan,nan,nan,nan,nan,nan,nan,nan,nan,0.10915415784001127
1791059548.3421383,-1.3074714405381862,0.7016869289626585,0.0018593401370926312,-0.18598689031690316,2.0478677483355345,0.09870744649779528,0.0,0.0,0.0,-1.0244278218647822,-0.5019787180993996,0.15803099070299212,0.003119271121101889,0.8742501573568091,0.0,0.0,0.033348043241121256,1.757011885657599,-0.007866142364188273,-0.18123614160523646,0.8496372252649668,0.0,0.0,-1.1880799108771816,1.8256347215969717,-0.01686773475775425,-0.13415990880194062,nan,nan,nan,nan,nan,nan,nan,0.036409564098524305,0.0,0.0,1.2674391614625855,1.4657165465134652,-0.002741051283061637,-0.22459482340308093,0.0,0.0,0.0,-1.7058398846065739,1.9750343621895663,0.009234141350748655,4.58530652337455e-05,nan,nan,nan,nan,nan,nan,nan,nan,nan,nan,nan,nan,nan,nan,nan,nan,nan,nan,nan,nan,nan,nan,nan,nan,nan,nan,nan,nan,nan,nan,nan,nan,nan,nan,nan,nan,nan,nan,nan,nan,nan,nan,nan,nan,nan,nan,nan,nan,nan,nan,nan,nan,nan,nan,nan,nan,nan,nan,nan,nan,nan,nan,nan,0.09778502965109803
1791059548.4401898,-1.29681751611645,0.7016267534289756,0.0013469442909677793,-0.17803950601604077,2.0496095548413913,0.10229539828267394,0.0,0.0,0.0,-1.0101270358604617,-0.5017441937154464,0.15745555761605406,-5.795207424443027e-06,0.7919074168436775,0.0,0.0,0.033902858370765905,1.7392203128176993,0.011134713420419353,-0.17518966497032212,0.9149802659028543,0.0,0.0,-1.1874590394856326,1.8141759712222474,0.0019926578878969037,-0.13220105213795164,nan,nan,nan,nan,nan,nan,nan,0.029751005325206952,0.0,0.0,1.267133897681136,1.4425530040227972,-0.0006302656077962097,-0.2237203871271054,0.0,0.0,0.0,-1.7050641899677508,1.9750487497781262,0.009658511711338124,-0.0005727733218011382,nan,nan,nan,nan,nan,nan,nan,nan,nan,nan,nan,nan,nan,nan,nan,nan,nan,nan,nan,nan,nan,nan,nan,nan,nan,nan,nan,nan,nan,nan,nan,nan,nan,nan,nan,nan,nan,nan,nan,nan,nan,nan,nan,nan,nan,nan,nan,nan,nan,nan,nan,nan,nan,nan,nan,nan,nan,nan,nan,nan,nan,nan,nan,0.09355036036996817
1791059548.5398104,-1.287141185502178,0.7013985559999222,0.001909318394420471,-0.18160035535283195,2.051038010464577,0.10067728276529345,0.0,0.0,0.0,-0.9928200586903956,-0.5015823395661807,0.15550083460241665,0.0012522740182027386,0.8157605390905631,0.0,0.0,0.0343633679766854,1.7221558910237977,-0.002177518288366947,-0.16725108556822615,0.8817700006451065,0.0,0.0,-1.1872333732927054,1.8007990964162375,-0.014894366550368193,-0.14236780130206456,nan,nan,nan,nan,nan,nan,nan,0.020891911569300287,0.0,0.0,1.2670342955947815,1.4216670339320503,0.00885580105154536,-0.24648472137467228,0.0,0.0,0.0,-1.703902641687518,1.974989790468173,0.009349982431966865,-0.0008641232637840984,nan,nan,nan,nan,nan,nan,nan,nan,nan,nan,nan,nan,nan,nan,nan,nan,nan,nan,nan,nan,nan,nan,nan,nan,nan,nan,nan,nan,nan,nan,nan,nan,nan,nan,nan,nan,nan,nan,nan,nan,nan,nan,nan,nan,nan,nan,nan,nan,nan,nan,nan,nan,nan,nan,nan,nan,nan,nan,nan,nan,nan,nan,nan,0.0973767686023063
1791059548.6425323,-1.2777442473171388,0.7012928821410915,0.0021553422089578517,-0.21885773515169316,2.0538795661699467,0.08478432480981675,0.0,0.0,0.0,-0.9768860745539816,-0.5011459984952249,0.1746352216527619,0.005219086184554302,0.915604028574107,0.0,0.0,0.03454005218522699,1.7056347728390138,-0.008666678866452452,-0.16867285635912163,0.9353713874172608,0.0,0.0,-1.1866375281378507,1.7858304025594245,-0.014963255674738461,-0.13243360455095202,nan,nan,nan,nan,nan,nan,nan,0.038004058139485236,0.0,0.0,1.266913804176038,1.3964668108626463,0.01082563858865342,-0.22869418076350057,0.0,0.0,0.0,-1.7031555149028335,1.9749918049699804,0.00711618519507763,0.0001193890521271665,nan,nan,nan,nan,nan,nan,nan,nan,nan,nan,nan,nan,nan,nan,nan,nan,nan,nan,nan,nan,nan,nan,nan,nan,nan,nan,nan,nan,nan,nan,nan,nan,nan,nan,nan,nan,nan,nan,nan,nan,nan,nan,nan,nan,nan,nan,nan,nan,nan,nan,nan,nan,nan,nan,nan,nan,nan,nan,nan,nan,nan,nan,nan,0.10358093734842098
1791059548.7396326,-1.2681100046389953,0.7012762837953028,0.0027556490954420503,-0.22431487857880952,2.0581050705582413,0.08261729528553466,0.0,0.0,0.0,-0.9606608469525382,-0.5008062729021343,0.18730384966427485,0.002078317311278478,0.8296279792848132,0.0,0.0,0.034690534499182475,1.689419986528393,0.01033284614125075,-0.16009872276742468,0.9093167402990906,0.0,0.0,-1.1860653915684507,1.7742416367147709,0.001225336985432306,-0.1343442219924572,nan,nan,nan,nan,nan,nan,nan,0.027120723238368522,0.0,0.0,1.2669054045773875,1.3733183859853968,0.002474702949178573,-0.23154154712463426,0.0,0.0,0.0,-1.7024160328768623,1.9749606165243203,0.008241484621029232,-0.000927691853271174,nan,nan,nan,nan,nan,nan,nan,nan,nan,nan,nan,nan,nan,nan,nan,nan,nan,nan,nan,nan,nan,nan,nan,nan,nan,nan,nan,nan,nan,nan,nan,nan,nan,nan,nan,nan,nan,nan,nan,nan,nan,nan,nan,nan,nan,nan,nan,nan,nan,nan,nan,nan,nan,nan,nan,nan,nan,nan,nan,nan,nan,nan,nan,0.09551658185055557
1791059548.843143,-1.2583848138333928,0.7011308437586278,0.0038574428218959233,-0.19431177834837696,2.0608887390568476,0.0950408763709903,0.0,0.0,0.0,-0.9436420992539948,-0.5006123659391538,0.16107010829392496,-0.003617873784349551,0.7833216911394307,0.0,0.0,0.03483332793940994,1.6725468573262403,0.002503684437647001,-0.17158758447447858,0.9577243360809379,0.0,0.0,-1.1855392209568865,1.7613678354263365,0.00822479986821969,-0.1376000432373864,nan,nan,nan,nan,nan,nan,nan,0.01836211554839753,0.0,0.0,1.2664379192795843,1.3501048723859288,-0.011055860044480425,-0.23873187556627515,0.0,0.0,0.0,-1.7017648662591536,1.9749783657528013,0.00443521517251412,-1.347281798493827e-05,nan,nan,nan,nan,nan,nan,nan,nan,nan,nan,nan,nan,nan,nan,nan,nan,nan,nan,nan,nan,nan,nan,nan,nan,nan,nan,nan,nan,nan,nan,nan,nan,nan,nan,nan,nan,nan,nan,nan,nan,nan,nan,nan,nan,nan,nan,nan,nan,nan,nan,nan,nan,nan,nan,nan,nan,nan,nan,nan,nan,nan,nan,nan,0.08398862715879411
1791059548.9409661,-1.2492755831411646,0.7007785029011363,0.0049619685725287984,-0.20567581898955842,2.0627131204850224,0.09018900361711837,0.0,0.0,0.0,-0.9255298789145838,-0.5003486759612368,0.18731011644511028,-0.006583412133186242,0.8485500035502143,0.0,0.0,0.03483893887606195,1.655684747279118,-0.0065022214326067,-0.17862807194672475,0.8686609582654624,0.0,0.0,-1.1852731616394356,1.749761417062834,-0.008661905080759948,-0.11866962231119277,nan,nan,nan,nan,nan,nan,nan,0.020184956397453015,0.0,0.0,1.2661533500301259,1.327178372022089,0.007058544162154342,-0.23704689867572482,0.0,0.0,0.0,-1.7013648150527962,1.9749907088049778,0.0028291207930052752,0.0004248988451416677,nan,nan,nan,nan,nan,nan,nan,nan,nan,nan,nan,nan,nan,nan,nan,nan,nan,nan,nan,nan,nan,nan,nan,nan,nan,nan,nan,nan,nan,nan,nan,nan,nan,nan,nan,nan,nan,nan,nan,nan,nan,nan,nan,nan,nan,nan,nan,nan,nan,nan,nan,nan,nan,nan,nan,nan,nan,nan,nan,nan,nan,nan,nan,0.08914103243542566
1791059549.0423346,-1.2410780055632114,0.7007011457536221,0.005305907324248289,-0.19265308937758563,2.064280920364321,0.09576387969357772,0.0,0.0,0.0,-0.909762950605296,-0.49994748193439664,0.15865374232296003,0.003783955344676749,0.7694094833930747,0.0,0.0,0.035248654000218246,1.6372769826159295,0.013173744323236779,-0.18945591633029368,0.9119367486239293,0.0,0.0,-1.1846585998068722,1.7388436230722877,0.016847727865149355,-0.11312929891252649,nan,nan,nan,nan,nan,nan,nan,0.026183232530478925,0.0,0.0,1.2658113552185541,1.3039392699766825,0.004259059815623521,-0.2248460093407775,0.0,0.0,0.0,-1.7009574794242643,1.9749929881271704,0.004004071329468155,7.287946592130439e-05,nan,nan,nan,nan,nan,nan,nan,nan,nan,nan,nan,nan,nan,nan,nan,nan,nan,nan,nan,nan,nan,nan,nan,nan,nan,nan,nan,nan,nan,nan,nan,nan,nan,nan,nan,nan,nan,nan,nan,nan,nan,nan,nan,nan,nan,nan,nan,nan,nan,nan,nan,nan,nan,nan,nan,nan,nan,nan,nan,nan,nan,nan,nan,0.09069197853112375
1791059549.1420753,-1.2321708695910696,0.7007185758935821,0.005866902192357016,-0.16392045537629688,2.0641946150938026,0.10887734242883151,0.0,0.0,0.0,-0.8946029672676149,-0.4997515559866217,0.15567413599384247,0.002512905551609101,0.7668793914127782,0.0,0.0,0.03535976958012366,1.6199650625352542,-0.0024602138021997183,-0.1963801287452472,0.949678980394217,0.0,0.0,-1.184357325966719,1.7279667439566426,0.018181815469810687,-0.12017190275225978,nan,nan,nan,nan,nan,nan,nan,0.017688701839474116,0.0,0.0,1.2658696703449928,1.2831614166701648,0.0150879068773168,-0.22124943392289403,0.0,0.0,0.0,-1.7006828073013256,1.9749948293730184,0.0037080234182522284,-0.0003530479772821409,nan,nan,nan,nan,nan,nan,nan,nan,nan,nan,nan,nan,nan,nan,nan,nan,nan,nan,nan,nan,nan,nan,nan,nan,nan,nan,nan,nan,nan,nan,nan,nan,nan,nan,nan,nan,nan,nan,nan,nan,nan,nan,nan,nan,nan,nan,nan,nan,nan,nan,nan,nan,nan,nan,nan,nan,nan,nan,nan,nan,nan,nan,nan,0.08448128909177803
1791059549.2426324,-1.2233477985822558,0.7004512678307717,0.006557481773407039,-0.14217521987140874,2.062530180498012,0.11951726626670015,0.0,0.0,0.0,-0.877460151080077,-0.4993340309476561,0.15863098328397354,0.010810583096470013,0.6962685705951684,0.0,0.0,0.03573837588739708,1.5979304683379831,0.014363023229999376,-0.20045291341477592,0.8685813761353214,0.0,0.0,-1.1840310248142132,1.7162841157578996,0.011237952927898845,-0.09972454880400622,nan,nan,nan,nan,nan,nan,nan,0.019458940323245928,0.0,0.0,1.2654617243826463,1.257888834105823,0.01178087741119081,-0.2238853390029913,0.0,0.0,0.0,-1.700232681983907,1.9749862535543312,0.0047921933752503275,-0.000148891046989963,nan,nan,nan,nan,nan,nan,nan,nan,nan,nan,nan,nan,nan,nan,nan,nan,nan,nan,nan,nan,nan,nan,nan,nan,nan,nan,nan,nan,nan,nan,nan,nan,nan,nan,nan,nan,nan,nan,nan,nan,nan,nan,nan,nan,nan,nan,nan,nan,nan,nan,nan,nan,nan,nan,nan,nan,nan,nan,nan,nan,nan,nan,nan,0.08945533066696482
1791059549.3428986,-1.2147588398191058,0.7002559563754611,0.007384477879255644,-0.14880273833470833,2.0606240509198197,0.11621158290913186,0.0,0.0,0.0,-0.863791913483818,-0.4990688854518856,0.15822374158505703,0.01394539938929909,0.8125102905165784,0.0,0.0,0.03602232873973196,1.5777268349038878,-0.006504634929100046,-0.1975752433715834,0.8168179914951168,0.0,0.0,-1.1838542399423597,1.707290906680991,0.005489471173438787,-0.08896518243599794,nan,nan,nan,nan,nan,nan,nan,0.02565632251965792,0.0,0.0,1.2651686714631978,1.2373454896121283,0.008225733843398133,-0.2221049129698057,0.0,0.0,0.0,-1.699732654637103,1.9748984184275975,0.01084249402364557,-0.004684357338651951,nan,nan,nan,nan,nan,nan,nan,nan,nan,nan,nan,nan,nan,nan,nan,nan,nan,nan,nan,nan,nan,nan,nan,nan,nan,nan,nan,nan,nan,nan,nan,nan,nan,nan,nan,nan,nan,nan,nan,nan,nan,nan,nan,nan,nan,nan,nan,nan,nan,nan,nan,nan,nan,nan,nan,nan,nan,nan,nan,nan,nan,nan,nan,0.09394431117102621
1791059549.4419577,-1.2056407965510536,0.7003092493470129,0.007505577009901927,-0.13954516509042292,2.0588039509399563,0.12084394241641838,0.0,0.0,0.0,-0.8481569321691125,-0.4988723031499207,0.15857451217099716,0.003134969349292336,0.7234090038576507,0.0,0.0,0.03675847442718027,1.5582079829803637,0.010719938117616888,-0.19393915686276747,0.8094589634518646,0.0,0.0,-1.1835500374991164,1.696921213853677,-0.003069217847804057,-0.08793733984212257,nan,nan,nan,nan,nan,nan,nan,0.030043727186770834,0.0,0.0,1.26473114741868,1.2121820517514341,-0.0018049173648791092,-0.22477963660878722,0.0,0.0,0.0,-1.6991763831070759,1.9748772061167736,0.009764781764682757,-0.0009426661431192173,nan,nan,nan,nan,nan,nan,nan,nan,nan,nan,nan,nan,nan,nan,nan,nan,nan,nan,nan,nan,nan,nan,nan,nan,nan,nan,nan,nan,nan,nan,nan,nan,nan,nan,nan,nan,nan,nan,nan,nan,nan,nan,nan,nan,nan,nan,nan,nan,nan,nan,nan,nan,nan,nan,nan,nan,nan,nan,nan,nan,nan,nan,nan,0.09214063982850015
1791059549.5411813,-1.1960222350514957,0.7002097308186653,0.007799570686580424,-0.16647189151161848,2.0577024227366114,0.10766850164941369,0.0,0.0,0.0,-0.8308394506770869,-0.49877100933142376,0.1523927974932304,0.002712186506337214,0.8546200636671925,0.0,0.0,0.03694108818192862,1.5393713372001705,0.0015626563134464764,-0.18148682747055328,0.8332503577604414,0.0,0.0,-1.1828308025978718,1.6889082601402678,0.007530092210616113,-0.0943041733899549,nan,nan,nan,nan,nan,nan,nan,0.03864097934785069,0.0,0.0,1.2642743460618604,1.1890112530841455,-0.012735116211506931,-0.2335232277097189,0.0,0.0,0.0,-1.6983833553445853,1.974911481662836,0.005413120988335584,-0.000682743673520969,nan,nan,nan,nan,nan,nan,nan,nan,nan,nan,nan,nan,nan,nan,nan,nan,nan,nan,nan,nan,nan,nan,nan,nan,nan,nan,nan,nan,nan,nan,nan,nan,nan,nan,nan,nan,nan,nan,nan,nan,nan,nan,nan,nan,nan,nan,nan,nan,nan,nan,nan,nan,nan,nan,nan,nan,nan,nan,nan,nan,nan,nan,nan,0.0973531901628115
1791059549.6440246,-1.1867057353429946,0.6997204296132139,0.0067709533460522985,-0.18405612212483732,2.0580797158339665,0.09957128140856418,0.0,0.0,0.0,-0.8147849798100028,-0.49815818022857156,0.16456207472885256,0.013338773866993983,0.7400784415321442,0.0,0.0,0.03765379711662725,1.5213702337564048,0.012110692697187469,-0.1730490153764343,0.869884865075257,0.0,0.0,-1.1826120562316556,1.6796048187074875,0.002669437655543491,-0.08532188442240335,nan,nan,nan,nan,nan,nan,nan,0.03313879424236835,0.0,0.0,1.263984469723211,1.1660905296997146,0.0007074857586060138,-0.2301171789504462,0.0,0.0,0.0,-1.6978690366695346,1.974906612497941,0.006043109691317196,-0.000920511909038676,nan,nan,nan,nan,nan,nan,nan,nan,nan,nan,nan,nan,nan,nan,nan,nan,nan,nan,nan,nan,nan,nan,nan,nan,nan,nan,nan,nan,nan,nan,nan,nan,nan,nan,nan,nan,nan,nan,nan,nan,nan,nan,nan,nan,nan,nan,nan,nan,nan,nan,nan,nan,nan,nan,nan,nan,nan,nan,nan,nan,nan,nan,nan,0.09260014740441658
1791059549.7422147,-1.177040024844965,0.6997710202186278,0.010427866770747432,-0.22333173851829874,2.060524432344418,0.08300465286581349,0.0,0.0,0.0,-0.8004729437678546,-0.49773095707790627,0.1660957150668956,0.0075431336014853585,0.9135405152942614,0.0,0.0,0.03767971091000924,1.504426190605786,-0.0069946354545720405,-0.16214063309093044,0.7899559392983989,0.0,0.0,-1.1825219868016272,1.670588296412037,0.00271574045853469,-0.08530418361758332,nan,nan,nan,nan,nan,nan,nan,0.03882368502744928,0.0,0.0,1.2636481337010972,1.1429840359742527,-0.0017991483823688106,-0.22773177530441654,0.0,0.0,0.0,-1.697311262746382,1.9749213742123224,0.005485274203989532,0.00021304945305973452,nan,nan,nan,nan,nan,nan,nan,nan,nan,nan,nan,nan,nan,nan,nan,nan,nan,nan,nan,nan,nan,nan,nan,nan,nan,nan,nan,nan,nan,nan,nan,nan,nan,nan,nan,nan,nan,nan,nan,nan,nan,nan,nan,nan,nan,nan,nan,nan,nan,nan,nan,nan,nan,nan,nan,nan,nan,nan,nan,nan,nan,nan,nan,0.10918940695746644
1791059549.8428247,-1.167784138210586,0.6998216379311777,0.011308736584441391,-0.25483246289232553,2.06570143821363,0.07125632378603242,0.0,0.0,0.0,-0.7840835150325401,-0.4971702236749204,0.15811251142363406,0.001091612263237588,0.9100726937779724,0.0,0.0,0.03785314596611353,1.487894638719809,0.006065709710203784,-0.16570176993518285,0.7752127491357148,0.0,0.0,-1.1822092779604734,1.6629666281020075,-0.013683767919670735,-0.08491595928855569,nan,nan,nan,nan,nan,nan,nan,0.03128651029636288,0.0,0.0,1.263237805111098,1.1222588069511714,-0.01253881171260933,-0.2479775986722635,0.0,0.0,0.0,-1.6968111259270935,1.9749370531907215,0.004944257664423795,0.00022723673300977058,nan,nan,nan,nan,nan,nan,nan,nan,nan,nan,nan,nan,nan,nan,nan,nan,nan,nan,nan,nan,nan,nan,nan,nan,nan,nan,nan,nan,nan,nan,nan,nan,nan,nan,nan,nan,nan,nan,nan,nan,nan,nan,nan,nan,nan,nan,nan,nan,nan,nan,nan,nan,nan,nan,nan,nan,nan,nan,nan,nan,nan,nan,nan,0.09535282232983645
1791059549.9427092,-1.157916633384035,0.6992096094953032,0.012326904778467321,-0.2564985906754824,2.0718918161519504,0.07067276896821588,0.3994825133085461,0.0,0.0,-0.7660016792958891,-0.4966968581509359,0.16755054229796756,0.009372400097710419,0.7642736165060394,0.0,0.0,0.03799759193915944,1.471444288130985,0.006835328080817582,-0.16813815362047646,0.8065945966238179,0.0,0.0,-1.181998628639257,1.6544428609876083,-0.006232075382759655,-0.07901465414994553,nan,nan,nan,nan,nan,nan,nan,0.021838293892034566,0.0,0.0,1.2629580328749077,1.0969164200830603,-0.006896349332950825,-0.2384240637520119,0.0,0.0,0.0,-1.696208851280547,1.9750386894623435,0.005066645256560932,0.008462691154179565,nan,nan,nan,nan,nan,nan,nan,nan,nan,nan,nan,nan,nan,nan,nan,nan,nan,nan,nan,nan,nan,nan,nan,nan,nan,nan,nan,nan,nan,nan,nan,nan,nan,nan,nan,nan,nan,nan,nan,nan,nan,nan,nan,nan,nan,nan,nan,nan,nan,nan,nan,nan,nan,nan,nan,nan,nan,nan,nan,nan,nan,nan,nan,0.08423873086201493
1791059550.0422072,-1.149172923349642,0.6988781173159905,0.013968324499956384,-0.2695057128232606,2.0782387091670333,0.06624571434303697,0.37993329758678707,0.0,0.0,-0.7510592235098303,-0.4960956047702562,0.16950360870397901,0.012194520598771876,0.8498391240532205,0.0,0.0,0.03783196688287392,1.4541208505290586,-0.008218606870241743,-0.17424230955305398,0.8171925772008487,0.0,0.0,-1.181812264180037,1.6450360237869788,0.00224684536363438,-0.08927247951817081,nan,nan,nan,nan,nan,nan,nan,0.02489310518896401,0.0,0.0,1.262912035255388,1.0737603311030137,0.0018241421481955927,-0.23441107279478474,0.0,0.0,0.0,-1.6953629917869486,1.9748741312009241,0.00903283428977282,-0.00035272380641128073,nan,nan,nan,nan,nan,nan,nan,nan,nan,nan,nan,nan,nan,nan,nan,nan,nan,nan,nan,nan,nan,nan,nan,nan,nan,nan,nan,nan,nan,nan,nan,nan,nan,nan,nan,nan,nan,nan,nan,nan,nan,nan,nan,nan,nan,nan,nan,nan,nan,nan,nan,nan,nan,nan,nan,nan,nan,nan,nan,nan,nan,nan,nan,0.08949293871416127
1791059550.1420333,-1.1413218941685246,0.6990054610647545,0.013661503420081536,-0.2629162437036226,2.0842252468190856,0.0684600777762273,0.3895482536053489,0.0,0.0,-0.7330055235800067,-0.4954318673373301,0.1614218109047451,0.002548526029978406,0.7461379434266789,0.0,0.0,0.03803527732353303,1.4362241309994714,0.00606838762268972,-0.18178227421937115,0.8302345834523248,0.0,0.0,-1.1815547024888886,1.6363743050800343,-0.004042943751890286,-0.09084236096996608,nan,nan,nan,nan,nan,nan,nan,0.022575770919196877,0.0,0.0,1.262885658047195,1.0508394549535411,-0.0011444214265556607,-0.22830515523896736,0.0,0.0,0.0,-1.6946860980716099,1.9748917255005258,0.006484675018675891,-0.0011409124923879841,nan,nan,nan,nan,nan,nan,nan,nan,nan,nan,nan,nan,nan,nan,nan,nan,nan,nan,nan,nan,nan,nan,nan,nan,nan,nan,nan,nan,nan,nan,nan,nan,nan,nan,nan,nan,nan,nan,nan,nan,nan,nan,nan,nan,nan,nan,nan,nan,nan,nan,nan,nan,nan,nan,nan,nan,nan,nan,nan,nan,nan,nan,nan,0.0813688437192489
1791059550.2442877,-1.133384238108644,0.6990753323749402,0.012321562338476671,-0.23700015723416695,2.088055681313498,0.077739236172167,0.38779681577695935,0.0,0.0,-0.7180507223081039,-0.49484224154750883,0.1591741482734618,0.006532020942646773,0.6623021334328716,0.0,0.0,0.03826178338089621,1.4194814140350143,0.008602116210942512,-0.18344300893416282,0.8834727492421686,0.0,0.0,-1.181271836916714,1.6276602511678124,-0.00012009880141320784,-0.09122496772148711,nan,nan,nan,nan,nan,nan,nan,0.01687826003351732,0.0,0.0,1.2629169113506198,1.030110617597461,-0.002482660214734562,-0.23352383857161052,0.0,0.0,0.0,-1.6940635639323525,1.9748500316005004,0.007239854847951111,-0.00029730255572247975,nan,nan,nan,nan,nan,nan,nan,nan,nan,nan,nan,nan,nan,nan,nan,nan,nan,nan,nan,nan,nan,nan,nan,nan,nan,nan,nan,nan,nan,nan,nan,nan,nan,nan,nan,nan,nan,nan,nan,nan,nan,nan,nan,nan,nan,nan,nan,nan,nan,nan,nan,nan,nan,nan,nan,nan,nan,nan,nan,nan,nan,nan,nan,0.06293201623989947
1791059550.3437424,-1.126061204079962,0.6990819230376966,0.01440510225944472,-0.2222775628942283,2.0896946398963707,0.0834214860581568,0.39713297180788665,0.0,0.0,-0.6996771206188734,-0.49385561000844763,0.17438523128752959,0.008716233811567789,0.7258812778824528,0.0,0.0,0.03811662412666938,1.3984377091865228,0.004359314140444618,-0.19862842861088698,0.8860794386651812,0.0,0.0,-1.1809719673652777,1.617453512827217,0.00816657382844351,-0.0873596776013611,nan,nan,nan,nan,nan,nan,nan,0.01770747551725617,0.0,0.0,1.2629539723791765,1.0048740958653497,0.002705591756072796,-0.2371771397531917,0.0,0.0,0.0,-1.6933186670914038,1.9748295968188077,0.006520165662023979,-0.0004062666992291136,nan,nan,nan,nan,nan,nan,nan,nan,nan,nan,nan,nan,nan,nan,nan,nan,nan,nan,nan,nan,nan,nan,nan,nan,nan,nan,nan,nan,nan,nan,nan,nan,nan,nan,nan,nan,nan,nan,nan,nan,nan,nan,nan,nan,nan,nan,nan,nan,nan,nan,nan,nan,nan,nan,nan,nan,nan,nan,nan,nan,nan,nan,nan,0.07461111252001609
1791059550.4434252,-1.1193104679914525,0.6991685083842049,0.013961102420104399,-0.2032073135658419,2.089752750487071,0.0912278163099167,0.44988116207292006,0.0,0.0,-0.6825985268821586,-0.4932092547120602,0.1615986846579304,0.002445859058022908,0.6882680348139574,0.0,0.0,0.03828504483541451,1.3808252741707074,0.0013137745312656907,-0.19737894960236763,0.8669010894613127,0.0,0.0,-1.1805851638701046,1.6087073028309098,0.009389429626656306,-0.08178911542576234,nan,nan,nan,nan,nan,nan,nan,0.017687913843925814,0.0,0.0,1.2629429729035682,0.9817260744403009,0.004877965070150418,-0.22639422215394556,0.0,0.0,0.0,-1.6927204373663103,1.9748413933350775,0.007679841503612495,-0.0006640665467403016,nan,nan,nan,nan,nan,nan,nan,nan,nan,nan,nan,nan,nan,nan,nan,nan,nan,nan,nan,nan,nan,nan,nan,nan,nan,nan,nan,nan,nan,nan,nan,nan,nan,nan,nan,nan,nan,nan,nan,nan,nan,nan,nan,nan,nan,nan,nan,nan,nan,nan,nan,nan,nan,nan,nan,nan,nan,nan,nan,nan,nan,nan,nan,0.07627919787088587
1791059550.5425277,-1.1117785103233708,0.6988447809275383,0.012029002136546424,-0.20312431974584552,2.089067509637192,0.09126288836912158,0.4038814101146829,0.0,0.0,-0.6647826507254028,-0.49240104215556607,0.18268054349175458,0.008250504857660403,0.7025245017227222,0.0,0.0,0.03846068990595068,1.3587361065379981,0.012134034441695106,-0.19286387668606544,0.8886113512168645,0.0,0.0,-1.1799118613515502,1.6004899368906689,0.015281111529400948,-0.08132534099638952,nan,nan,nan,nan,nan,nan,nan,0.021959077118623268,0.0,0.0,1.2628063716448437,0.9587407439664758,-0.0002182318372475336,-0.2304174044751215,0.0,0.0,0.0,-1.6920537201345975,1.974828121926697,0.007512241213541664,-0.0004623684648153231,nan,nan,nan,nan,nan,nan,nan,nan,nan,nan,nan,nan,nan,nan,nan,nan,nan,nan,nan,nan,nan,nan,nan,nan,nan,nan,nan,nan,nan,nan,nan,nan,nan,nan,nan,nan,nan,nan,nan,nan,nan,nan,nan,nan,nan,nan,nan,nan,nan,nan,nan,nan,nan,nan,nan,nan,nan,nan,nan,nan,nan,nan,nan,0.08177569513411544
1791059550.6421297,-1.1040624358002187,0.6989429574598267,0.012116923064896475,-0.20018368941534473,2.0883304085545538,0.0925116842296772,0.38959223387604014,0.0,0.0,-0.648306032791463,-0.4917932575239576,0.1875839564791033,0.008820570732276621,0.7422112176322329,0.0,0.0,0.038782848609509556,1.3409104981190316,-0.0001594930110023049,-0.20177035816675018,0.783060566038791,0.0,0.0,-1.1801801529408735,1.5935895264270579,-0.006995725742152891,-0.07372044411394743,nan,nan,nan,nan,nan,nan,nan,0.02355074397160249,0.0,0.0,1.2625166227249796,0.9380909028238484,-0.004352733937127182,-0.22984827999477986,0.0,0.0,0.0,-1.6908244692940178,1.9748232880517202,0.016228935646436526,-0.0008458817160199366,nan,nan,nan,nan,nan,nan,nan,nan,nan,nan,nan,nan,nan,nan,nan,nan,nan,nan,nan,nan,nan,nan,nan,nan,nan,nan,nan,nan,nan,nan,nan,nan,nan,nan,nan,nan,nan,nan,nan,nan,nan,nan,nan,nan,nan,nan,nan,nan,nan,nan,nan,nan,nan,nan,nan,nan,nan,nan,nan,nan,nan,nan,nan,0.0793874895965591
1791059550.7423518,-1.0956907872187578,0.6990096360923512,0.013056112808391739,-0.19345388670139363,2.0872897648031126,0.09541435158010232,0.41456645922971375,0.0,0.0,-0.6283483965564982,-0.4909353492830917,0.17931508374774496,0.008216088822234974,0.6754780191895421,0.0,0.0,0.03933579579418776,1.3192446431056042,0.012275893796193739,-0.20005319993305218,0.8057092986561987,0.0,0.0,-1.179564792614123,1.586423701282338,-0.00206368722903576,-0.06751470959857378,nan,nan,nan,nan,nan,nan,nan,0.021144756715445023,0.0,0.0,1.2622983090620936,0.9132324153105393,-0.0040777823711103615,-0.2325034896515612,0.0,0.0,0.0,-1.6889523882978688,1.9747881582243572,0.019649011760481404,0.0003714427702922724,nan,nan,nan,nan,nan,nan,nan,nan,nan,nan,nan,nan,nan,nan,nan,nan,nan,nan,nan,nan,nan,nan,nan,nan,nan,nan,nan,nan,nan,nan,nan,nan,nan,nan,nan,nan,nan,nan,nan,nan,nan,nan,nan,nan,nan,nan,nan,nan,nan,nan,nan,nan,nan,nan,nan,nan,nan,nan,nan,nan,nan,nan,nan,0.07734097227267703
1791059550.8410878,-1.0876316587001567,0.6987453651605278,0.010924124350091035,-0.2028102368766032,2.086471146078906,0.09139570148540965,0.39563312856066624,0.0,0.0,-0.6118386585821277,-0.49008678980621184,0.18692999323304915,0.009175230766100682,0.7920301744073981,0.0,0.0,0.03940982724810969,1.2994133558664627,-0.0023182948108076496,-0.19913676513555795,0.7477371567584289,0.0,0.0,-1.1796846351953276,1.5805851598127652,0.0063890017429843165,-0.05434994400170737,nan,nan,nan,nan,nan,nan,nan,0.03282516490179773,0.0,0.0,1.2623015091129377,0.8905217686815827,-0.005547736075268549,-0.22369114552271194,0.0,0.0,0.0,-1.687337996570205,1.9747066375836753,0.018255451457234565,0.0008928976581906294,nan,nan,nan,nan,nan,nan,nan,nan,nan,nan,nan,nan,nan,nan,nan,nan,nan,nan,nan,nan,nan,nan,nan,nan,nan,nan,nan,nan,nan,nan,nan,nan,nan,nan,nan,nan,nan,nan,nan,nan,nan,nan,nan,nan,nan,nan,nan,nan,nan,nan,nan,nan,nan,nan,nan,nan,nan,nan,nan,nan,nan,nan,nan,0.09903276329707512
1791059550.9401805,-1.0795758885114537,0.6987827520608619,0.010078421031295269,-0.2024425717440833,2.086056150721133,0.09155134515752711,0.38554114494118935,0.0,0.0,-0.5923145745121341,-0.48915560567480565,0.17638810505136315,0.0036835451039365654,0.7242953472137406,0.0,0.0,0.039772645549005343,1.2792297916646402,-0.0012762773959017855,-0.19814193111457945,0.7462283711506226,0.0,0.0,-1.1793384632856962,1.573835212968112,0.002007322402448515,-0.052964595610103284,nan,nan,nan,nan,nan,nan,nan,0.02558825937769833,0.0,0.0,1.2624480867454062,0.8676552452111727,0.004253517432850254,-0.2133312806768839,0.0,0.0,0.0,-1.6852462071046423,1.9747919861927343,0.01613644550698385,0.0013690449854439901,nan,nan,nan,nan,nan,nan,nan,nan,nan,nan,nan,nan,nan,nan,nan,nan,nan,nan,nan,nan,nan,nan,nan,nan,nan,nan,nan,nan,nan,nan,nan,nan,nan,nan,nan,nan,nan,nan,nan,nan,nan,nan,nan,nan,nan,nan,nan,nan,nan,nan,nan,nan,nan,nan,nan,nan,nan,nan,nan,nan,nan,nan,nan,0.08745191695465462
1791059551.042435,-1.0701241664935317,0.6989629583650933,0.012550043083363941,-0.21331656340789454,2.08610773065928,0.08702694069503987,0.46290684673392796,0.0,0.0,-0.576258602201661,-0.4883019600484139,0.1834580571982372,0.008924828428102126,0.7078503427897542,0.0,0.0,0.03980548347146983,1.2608416670431029,0.0027169360277490796,-0.20586205547701497,0.8022100455112156,0.0,0.0,-1.1789073914797223,1.5691996826804429,0.01236753275030287,-0.049942046167810686,nan,nan,nan,nan,nan,nan,nan,0.018992722864825288,0.0,0.0,1.2626123738404413,0.8448312738286557,0.008058728282882257,-0.2260310707960818,0.0,0.0,0.0,-1.6834977840510896,1.9747502296558699,0.0203624024901678,0.0005968544434834296,nan,nan,nan,nan,nan,nan,nan,nan,nan,nan,nan,nan,nan,nan,nan,nan,nan,nan,nan,nan,nan,nan,nan,nan,nan,nan,nan,nan,nan,nan,nan,nan,nan,nan,nan,nan,nan,nan,nan,nan,nan,nan,nan,nan,nan,nan,nan,nan,nan,nan,nan,nan,nan,nan,nan,nan,nan,nan,nan,nan,nan,nan,nan,0.08486424827237159
1791059551.1427853,-1.061615261507739,0.6987788673581624,0.012926897911372272,-0.21757329379226603,2.0867462822173994,0.08530037493077554,0.3741357543825915,0.0,0.0,-0.5585998057082757,-0.48742886650463535,0.17346830844350425,0.010031069685470254,0.7570497380802691,0.0,0.0,0.04008081966430281,1.238243968182255,-0.008049252165808195,-0.2074171141887397,0.7301032741802432,0.0,0.0,-1.178627989427223,1.5641584904373937,0.006630658293859353,-0.0486602723935649,nan,nan,nan,nan,nan,nan,nan,0.030696828200823232,0.0,0.0,1.2626143788223783,0.8226185768886665,0.004319667305015502,-0.1970213031872512,0.0,0.0,0.0,-1.6812472119195725,1.974627024215633,0.017731647307567558,-0.0003826982806482224,nan,nan,nan,nan,nan,nan,nan,nan,nan,nan,nan,nan,nan,nan,nan,nan,nan,nan,nan,nan,nan,nan,nan,nan,nan,nan,nan,nan,nan,nan,nan,nan,nan,nan,nan,nan,nan,nan,nan,nan,nan,nan,nan,nan,nan,nan,nan,nan,nan,nan,nan,nan,nan,nan,nan,nan,nan,nan,nan,nan,nan,nan,nan,0.10036425089752171
1791059551.24191,-1.053185623689029,0.6986757268719745,0.01246031283203296,-0.21369699192980515,2.08733543040972,0.08687161442087327,0.3852483198503936,0.0,0.0,-0.5408581038858407,-0.4867862050549991,0.17326051957372757,0.0032636467808201826,0.6689415696926052,0.0,0.0,0.040529292193735536,1.2194418015375912,0.019878182004860624,-0.20601338742508152,0.7326488631210153,0.0,0.0,-1.1786424036860423,1.5598582068605253,-0.010634078837656533,-0.04489359916800271,nan,nan,nan,nan,nan,nan,nan,0.02302159116833269,0.0,0.0,1.2630590083923547,0.8016297986762848,0.001848592209415091,-0.24770417351088217,0.0,0.0,0.0,-1.6778362451705429,1.9748324448490977,0.026817437795554677,0.016440295118854018,nan,nan,nan,nan,nan,nan,nan,nan,nan,nan,nan,nan,nan,nan,nan,nan,nan,nan,nan,nan,nan,nan,nan,nan,nan,nan,nan,nan,nan,nan,nan,nan,nan,nan,nan,nan,nan,nan,nan,nan,nan,nan,nan,nan,nan,nan,nan,nan,nan,nan,nan,nan,nan,nan,nan,nan,nan,nan,nan,nan,nan,nan,nan,0.09139417005739767
1791059551.3392153,-1.04376692112761,0.6986772543980795,0.012163750121971836,-0.2150650965066699,2.0877730753724313,0.08631468344190885,0.41504374190426124,0.0,0.0,-0.5223837892608175,-0.4858592225308193,0.1797483147249842,0.009278690086168146,0.6953411797631001,0.0,0.0,0.04049919323537688,1.1957862595081568,0.008458950353082608,-0.21365946599324867,0.7358580837812593,0.0,0.0,-1.178526603212986,1.5555178568880657,-0.007116704301148845,-0.04123460850895652,nan,nan,nan,nan,nan,nan,nan,0.02095988364620767,0.0,0.0,1.2635155499260338,0.776799043106872,-0.00041865270652922536,-0.24104744109947832,0.0,0.0,0.0,-1.6724259045163983,1.974848284427835,0.04775556144013372,0.008580475433827154,nan,nan,nan,nan,nan,nan,nan,nan,nan,nan,nan,nan,nan,nan,nan,nan,nan,nan,nan,nan,nan,nan,nan,nan,nan,nan,nan,nan,nan,nan,nan,nan,nan,nan,nan,nan,nan,nan,nan,nan,nan,nan,nan,nan,nan,nan,nan,nan,nan,nan,nan,nan,nan,nan,nan,nan,nan,nan,nan,nan,nan,nan,nan,0.08301378503072912
1791059551.442883,-1.0349849233610728,0.6984399641071977,0.01223952644123926,-0.1933686110877442,2.087337161856621,0.09545153054939948,0.41504374190426124,0.0,0.0,-0.5071259872599398,-0.48516391892696215,0.16759585827063825,0.0036504499347945595,0.7595236418160877,0.0,0.0,0.04058747060680579,1.1760526413812327,-0.00741261399604385,-0.22205788121982445,0.6989919690211247,0.0,0.0,-1.1783173129311406,1.5519556838550317,0.006555109248680227,-0.03292331474502158,nan,nan,nan,nan,nan,nan,nan,0.022353833736151008,0.0,0.0,1.2641719502726891,0.7540059828882701,0.00421313619596576,-0.2451644515348092,0.0,0.0,0.0,-1.6674013450606278,1.9747060134620793,0.05606873919809624,0.0010206243020510054,nan,nan,nan,nan,nan,nan,nan,nan,nan,nan,nan,nan,nan,nan,nan,nan,nan,nan,nan,nan,nan,nan,nan,nan,nan,nan,nan,nan,nan,nan,nan,nan,nan,nan,nan,nan,nan,nan,nan,nan,nan,nan,nan,nan,nan,nan,nan,nan,nan,nan,nan,nan,nan,nan,nan,nan,nan,nan,nan,nan,nan,nan,nan,0.0922862297608899
1791059551.5429516,-1.026689077956061,0.6985334006308971,0.01142260885386201,-0.19392385619048258,2.0861636631484126,0.09520962996653058,0.3783354945481149,0.0,0.0,-0.48805427295117226,-0.48405601519859204,0.12934068687898478,0.030350564964781317,0.7312649019826909,0.0,0.0,0.041004379220801065,1.1522989114085191,-0.001130105269542026,-0.22758293414325154,0.7074765606025104,0.0,0.0,-1.1782562721305456,1.5477376593206718,-0.0006740327883850445,-0.036909203460434324,nan,nan,nan,nan,nan,nan,nan,0.023704706914130267,0.0,0.0,1.2647220078274393,0.7310417533037514,0.009378720766819126,-0.2255455081246081,0.0,0.0,0.0,-1.6614144490871854,1.9745534243171312,0.0698192681348061,-0.0029789740249488612,nan,nan,nan,nan,nan,nan,nan,nan,nan,nan,nan,nan,nan,nan,nan,nan,nan,nan,nan,nan,nan,nan,nan,nan,nan,nan,nan,nan,nan,nan,nan,nan,nan,nan,nan,nan,nan,nan,nan,nan,nan,nan,nan,nan,nan,nan,nan,nan,nan,nan,nan,nan,nan,nan,nan,nan,nan,nan,nan,nan,nan,nan,nan,0.09316654775303568
1791059551.6412573,-1.017499698213592,0.6985712511523894,0.011034405840407465,-0.1933284635837261,2.085105954317295,0.0954690377403768,0.39121312864253477,0.0,0.0,-0.47203121013141325,-0.4833459436342162,0.1808808127850483,0.010973801816460647,0.7141642292804807,0.0,0.0,0.041384351713508516,1.1302533306757037,0.011479577510737703,-0.22149865663947063,0.7013834684327243,0.0,0.0,-1.178313444773725,1.5446596813321247,-0.011093973869951462,-0.024071111785669647,nan,nan,nan,nan,nan,nan,nan,0.02217338951736727,0.0,0.0,1.2652986210589259,0.7082895486501468,0.006316974110898608,-0.19111437315048013,0.0,0.0,0.0,-1.6553188685289144,1.9744857587381244,0.06782969735541561,-7.102665787176007e-05,nan,nan,nan,nan,nan,nan,nan,nan,nan,nan,nan,nan,nan,nan,nan,nan,nan,nan,nan,nan,nan,nan,nan,nan,nan,nan,nan,nan,nan,nan,nan,nan,nan,nan,nan,nan,nan,nan,nan,nan,nan,nan,nan,nan,nan,nan,nan,nan,nan,nan,nan,nan,nan,nan,nan,nan,nan,nan,nan,nan,nan,nan,nan,0.08751416393644192
1791059551.742448,-1.0085940888957778,0.6982176135158625,0.010902127763278962,-0.19247951694971016,2.08408844897096,0.09583975532930573,0.38073095167424076,0.0,0.0,-0.4540431249805765,-0.48268687333644983,0.17573808876619398,0.005333773639519487,0.6987817017502395,0.0,0.0,0.04140631468401327,1.1079117103366705,0.01025004600409261,-0.21504140940058142,0.7091533149539931,0.0,0.0,-1.177965662457601,1.5410042099173675,0.0016461451292863263,-0.03919752268013562,nan,nan,nan,nan,nan,nan,nan,0.021272940608346703,0.0,0.0,1.2658056496241863,0.6847967024004746,0.008463643615495292,-0.21981456400693933,0.0,0.0,0.0,-1.64872367704055,1.9745069780824627,0.07224373431290015,0.00891907197050367,nan,nan,nan,nan,nan,nan,nan,nan,nan,nan,nan,nan,nan,nan,nan,nan,nan,nan,nan,nan,nan,nan,nan,nan,nan,nan,nan,nan,nan,nan,nan,nan,nan,nan,nan,nan,nan,nan,nan,nan,nan,nan,nan,nan,nan,nan,nan,nan,nan,nan,nan,nan,nan,nan,nan,nan,nan,nan,nan,nan,nan,nan,nan,0.08198609934163015
1791059551.842003,-1.0000958588731343,0.6982443073631875,0.010746935276758239,-0.19060573135469683,2.083075692625691,0.09666148320839461,0.3906220570447439,0.0,0.0,-0.4373892983059981,-0.4821381446549787,0.18981923284625374,0.005449428188520799,0.7583160606373734,0.0,0.0,0.041318524772666565,1.0859233864214517,-0.012737509557382964,-0.22258787535335064,0.7053496227072995,0.0,0.0,-1.1777018094264304,1.537247135479246,0.003950810436621395,-0.036146825234470555,nan,nan,nan,nan,nan,nan,nan,0.0235808330814097,0.0,0.0,1.2664089644135799,0.6626285181856955,0.0016749796999357758,-0.23639467891500876,0.0,0.0,0.0,-1.6418861323290994,1.974272534839694,0.07751052240503337,-0.001756911225370606,nan,nan,nan,nan,nan,nan,nan,nan,nan,nan,nan,nan,nan,nan,nan,nan,nan,nan,nan,nan,nan,nan,nan,nan,nan,nan,nan,nan,nan,nan,nan,nan,nan,nan,nan,nan,nan,nan,nan,nan,nan,nan,nan,nan,nan,nan,nan,nan,nan,nan,nan,nan,nan,nan,nan,nan,nan,nan,nan,nan,nan,nan,nan,0.08842259876341663
1791059551.9420857,-0.9917289156419102,0.6984449828494127,0.009314008273498773,-0.1896865072176893,2.082053570137108,0.09706634970890411,0.407521470723297,0.0,0.0,-0.4162072599466457,-0.4813692355683287,0.18486458379568652,0.0059494376069847135,0.7061402164355264,0.0,0.0,0.04132078230751387,1.0664036445005862,0.002160722363529193,-0.2176497077939027,0.7126813412495471,0.0,0.0,-1.1777971738531539,1.5337020593794453,-0.0005804088270510092,-0.032860573196333454,nan,nan,nan,nan,nan,nan,nan,0.019808983837346028,0.0,0.0,1.2668706151368045,0.6397713137233456,-0.0013482812141273493,-0.22772103672570318,0.0,0.0,0.0,-1.6334214939960854,1.9742490596043187,0.07844097190526564,-0.0004598103418749333,nan,nan,nan,nan,nan,nan,nan,nan,nan,nan,nan,nan,nan,nan,nan,nan,nan,nan,nan,nan,nan,nan,nan,nan,nan,nan,nan,nan,nan,nan,nan,nan,nan,nan,nan,nan,nan,nan,nan,nan,nan,nan,nan,nan,nan,nan,nan,nan,nan,nan,nan,nan,nan,nan,nan,nan,nan,nan,nan,nan,nan,nan,nan,0.07798715460947185
1791059552.0435047,-0.9830375295802314,0.6981895376129027,0.009442977217718232,-0.18914849522630983,2.081073224293632,0.09730384771521028,0.4239853922459918,0.0,0.0,-0.3984908692511697,-0.4805851568454788,0.197112710430482,0.006895274413385965,0.7056073440037209,0.0,0.0,0.041200174831301645,1.0418139768192902,0.010033624501227491,-0.21789480488131613,0.7188226073189917,0.0,0.0,-1.177527527419509,1.530355016878631,0.0016824420644071638,-0.0331385601412548,nan,nan,nan,nan,nan,nan,nan,0.022048908473510587,0.0,0.0,1.2671957984739897,0.6193904580651391,0.004079371157493039,-0.2259918234960671,0.0,0.0,0.0,-1.6236317126643809,1.974070153991601,0.09077653130368094,0.0009881708044510854,nan,nan,nan,nan,nan,nan,nan,nan,nan,nan,nan,nan,nan,nan,nan,nan,nan,nan,nan,nan,nan,nan,nan,nan,nan,nan,nan,nan,nan,nan,nan,nan,nan,nan,nan,nan,nan,nan,nan,nan,nan,nan,nan,nan,nan,nan,nan,nan,nan,nan,nan,nan,nan,nan,nan,nan,nan,nan,nan,nan,nan,nan,nan,0.08457567006130794
1791059552.1428132,-0.9751701273542849,0.6980838719014123,0.008660061652864308,-0.18548099696803982,2.0800318915880283,0.09893329757089474,0.3928221402052752,0.0,0.0,-0.3775430701526602,-0.4797194914816551,0.190927561019686,0.007308258396317347,0.7042557325491748,0.0,0.0,0.04098671247116949,1.019921112205505,0.006723392373519913,-0.2226160573709428,0.7056962155240836,0.0,0.0,-1.1774559127785422,1.5274579178768326,0.003050373776919737,-0.028394503391906224,nan,nan,nan,nan,nan,nan,nan,0.02375234774517044,0.0,0.0,1.2674986289801735,0.5947852487011676,0.008356466807781905,-0.1969968160956474,0.0,0.0,0.0,-1.615566079880579,1.97381900550799,0.09847305136816698,0.007611993734722496,nan,nan,nan,nan,nan,nan,nan,nan,nan,nan,nan,nan,nan,nan,nan,nan,nan,nan,nan,nan,nan,nan,nan,nan,nan,nan,nan,nan,nan,nan,nan,nan,nan,nan,nan,nan,nan,nan,nan,nan,nan,nan,nan,nan,nan,nan,nan,nan,nan,nan,nan,nan,nan,nan,nan,nan,nan,nan,nan,nan,nan,nan,nan,0.08192386135778204
1791059552.2432384,-0.9668494706264263,0.6982690872264791,0.008241523947828537,-0.18658750257746118,2.079009791897187,0.0984397595735211,0.41471549877829683,0.0,0.0,-0.3577427509399753,-0.47880319947602534,0.20066994097978438,0.011630754130044416,0.7284190961022513,0.0,0.0,0.040837314627651,0.9972441863705893,-0.006535470031202011,-0.22792978437661393,0.7177386396576759,0.0,0.0,-1.1770623924106303,1.524364398760831,0.006174995359892753,-0.029052820846689927,nan,nan,nan,nan,nan,nan,nan,0.022149710675186642,0.0,0.0,1.267647205212451,0.5720325974745746,0.0052648382670267765,-0.23484527950591458,0.0,0.0,0.0,-1.6059531679913108,1.9736921996801668,0.09542944908541008,-0.004449512011339249,nan,nan,nan,nan,nan,nan,nan,nan,nan,nan,nan,nan,nan,nan,nan,nan,nan,nan,nan,nan,nan,nan,nan,nan,nan,nan,nan,nan,nan,nan,nan,nan,nan,nan,nan,nan,nan,nan,nan,nan,nan,nan,nan,nan,nan,nan,nan,nan,nan,nan,nan,nan,nan,nan,nan,nan,nan,nan,nan,nan,nan,nan,nan,0.08134055631529928
1791059552.3422,-0.958447318855862,0.6979468495347978,0.008379587678014236,-0.18216597436121842,2.0779581778100273,0.10042182436678525,0.3978113668395971,0.0,0.0,-0.33789375213363393,-0.47774782119388176,0.20084548344561848,0.013415633359397439,0.7176671796262433,0.0,0.0,0.04086039312590109,0.9764968945015455,0.0033782442212802076,-0.23041921028011794,0.7067646695320421,0.0,0.0,-1.1776478868886426,1.521980826463201,-0.0021185010155839244,-0.026208551647473995,nan,nan,nan,nan,nan,nan,nan,0.025487280235436522,0.0,0.0,1.2677034646164882,0.5516588966197975,-0.00597913573168918,-0.2329348538513126,0.0,0.0,0.0,-1.596632923156499,1.9735858822308185,0.0951539514616297,0.0007765636719163992,nan,nan,nan,nan,nan,nan,nan,nan,nan,nan,nan,nan,nan,nan,nan,nan,nan,nan,nan,nan,nan,nan,nan,nan,nan,nan,nan,nan,nan,nan,nan,nan,nan,nan,nan,nan,nan,nan,nan,nan,nan,nan,nan,nan,nan,nan,nan,nan,nan,nan,nan,nan,nan,nan,nan,nan,nan,nan,nan,nan,nan,nan,nan,0.08626361465161045
1791059552.4427848,-0.9503988964052454,0.697908258197595,0.00787341106565324,-0.177985068696931,2.076706737153222,0.10232026762382194,0.37313743258275617,0.0,0.0,-0.31986999704201685,-0.4768903958614717,0.19327897549333178,0.010783249064863696,0.7089265184490186,0.0,0.0,0.04098967476977882,0.9535004687060384,0.008495715425124905,-0.2222487723122518,0.7090376100919801,0.0,0.0,-1.1774232448772386,1.5193411640522672,0.0014832891810644014,-0.02315181666825008,nan,nan,nan,nan,nan,nan,nan,0.023239987706750467,0.0,0.0,1.2679746619807486,0.5285908268256676,0.005438207504657491,-0.21810465685743097,0.0,0.0,0.0,-1.5865865710230722,1.9732882444919055,0.10858078207485793,0.0005806347886669795,nan,nan,nan,nan,nan,nan,nan,nan,nan,nan,nan,nan,nan,nan,nan,nan,nan,nan,nan,nan,nan,nan,nan,nan,nan,nan,nan,nan,nan,nan,nan,nan,nan,nan,nan,nan,nan,nan,nan,nan,nan,nan,nan,nan,nan,nan,nan,nan,nan,nan,nan,nan,nan,nan,nan,nan,nan,nan,nan,nan,nan,nan,nan,0.08467189906502315
1791059552.5429566,-0.9416520092834443,0.6979786121552078,0.007420505903925609,-0.17573642480887405,2.075363323858401,0.10335100850250925,0.4004873958854742,0.0,0.0,-0.3003051473437319,-0.4759606609587576,0.1900997674335192,0.009972588564801675,0.6978534562351117,0.0,0.0,0.0414673181474739,0.928708174649648,0.01536381159620115,-0.22984947731569105,0.7072822946683543,0.0,0.0,-1.1769405050902675,1.5170408483358755,0.01573620137376143,-0.021591991758500004,nan,nan,nan,nan,nan,nan,nan,0.020778857952660046,0.0,0.0,1.2682604252828729,0.5036319922475895,0.006460403309317787,-0.22648231049589695,0.0,0.0,0.0,-1.5764874390512236,1.97299287704952,0.11189670031028276,-0.0072865488699211,nan,nan,nan,nan,nan,nan,nan,nan,nan,nan,nan,nan,nan,nan,nan,nan,nan,nan,nan,nan,nan,nan,nan,nan,nan,nan,nan,nan,nan,nan,nan,nan,nan,nan,nan,nan,nan,nan,nan,nan,nan,nan,nan,nan,nan,nan,nan,nan,nan,nan,nan,nan,nan,nan,nan,nan,nan,nan,nan,nan,nan,nan,nan,0.0793270040922227
1791059552.643508,-0.9330528328039899,0.6976459068944693,0.0075148628904029655,-0.1709615300939409,2.0739110325964463,0.10556206340791796,0.40095603743677033,0.0,0.0,-0.2795465265632665,-0.47495789777555525,0.18090632446425586,0.00865386770795345,0.7285675801165357,0.0,0.0,0.04155340326767568,0.90841165629192,-0.005289272268909389,-0.2336431540378862,0.7085054561272696,0.0,0.0,-1.1770321379317001,1.514635861003526,0.0009525235747985818,-0.022053058607871788,nan,nan,nan,nan,nan,nan,nan,0.023750136312702723,0.0,0.0,1.2684021029032573,0.48072592563432875,0.006957540662096508,-0.2292460591936026,0.0,0.0,0.0,-1.5642928899419575,1.9728940364208307,0.11420052462030134,-0.0036501109305001876,nan,nan,nan,nan,nan,nan,nan,nan,nan,nan,nan,nan,nan,nan,nan,nan,nan,nan,nan,nan,nan,nan,nan,nan,nan,nan,nan,nan,nan,nan,nan,nan,nan,nan,nan,nan,nan,nan,nan,nan,nan,nan,nan,nan,nan,nan,nan,nan,nan,nan,nan,nan,nan,nan,nan,nan,nan,nan,nan,nan,nan,nan,nan,0.0875653790787253
1791059552.7411783,-0.9248643206113716,0.6976142709750065,0.007101472178978947,-0.16645834540851445,2.0722902564003394,0.10767489720187047,0.38292225575927274,0.0,0.0,-0.2601299115095659,-0.47402886231639507,0.20182904360777446,0.010073777138307295,0.7317887982302291,0.0,0.0,0.04186865065743666,0.8835657115936283,-0.004266741363181795,-0.23086706967146584,0.7094728705274246,0.0,0.0,-1.177130763010439,1.512362902147086,0.0005211514340384149,-0.023249775768426552,nan,nan,nan,nan,nan,nan,nan,0.024062270317094424,0.0,0.0,1.268584416034648,0.45816601313051375,0.004374498094480127,-0.22299649510850367,0.0,0.0,0.0,-1.5525292511286646,1.9728280206372957,0.12527121588477613,-0.0023774910674463313,nan,nan,nan,nan,nan,nan,nan,nan,nan,nan,nan,nan,nan,nan,nan,nan,nan,nan,nan,nan,nan,nan,nan,nan,nan,nan,nan,nan,nan,nan,nan,nan,nan,nan,nan,nan,nan,nan,nan,nan,nan,nan,nan,nan,nan,nan,nan,nan,nan,nan,nan,nan,nan,nan,nan,nan,nan,nan,nan,nan,nan,nan,nan,0.09039530115556954
1791059552.8436668,-0.9159404103536762,0.697652340131086,0.006780822584718251,-0.1647941404458082,2.070648214599532,0.10846244534820865,0.3936983544077718,0.0,0.0,-0.24184246263263556,-0.47320464239457677,0.1695998381088804,0.008711704425859723,0.7040255258635166,0.0,0.0,0.04196787821538247,0.8612435075286221,-0.017769192697287068,-0.21928703697399524,0.7062483595697756,0.0,0.0,-1.1769530013252598,1.5102843079809276,0.0009387187718025949,-0.0205040734764248,nan,nan,nan,nan,nan,nan,nan,0.022970051078872834,0.0,0.0,1.2687641479653813,0.4378417616455431,0.0005991606581406206,-0.22525063168156736,0.0,0.0,0.0,-1.5405242727560344,1.9727876299018856,0.126364193085582,-0.004984699923101121,nan,nan,nan,nan,nan,nan,nan,nan,nan,nan,nan,nan,nan,nan,nan,nan,nan,nan,nan,nan,nan,nan,nan,nan,nan,nan,nan,nan,nan,nan,nan,nan,nan,nan,nan,nan,nan,nan,nan,nan,nan,nan,nan,nan,nan,nan,nan,nan,nan,nan,nan,nan,nan,nan,nan,nan,nan,nan,nan,nan,nan,nan,nan,0.08157815253261025
1791059552.9429388,-0.906794109078708,0.6973685594935985,0.006524786312247591,-0.164468044843458,2.0690833302588114,0.10861718601348623,0.4197773777618008,0.0,0.0,-0.22251711249575995,-0.4724269350230678,0.20218976024149354,0.009574813951000027,0.6803128933210312,0.0,0.0,0.042452952192458544,0.8384762399030129,-0.006215367747573284,-0.22714253531025352,0.707936036740535,0.0,0.0,-1.1766699740591635,1.508052572803289,0.001786366171229518,-0.020505631459593585,nan,nan,nan,nan,nan,nan,nan,0.023442961687312636,0.0,0.0,1.269024465755522,0.4133338798011593,0.002804819428020865,-0.2237079871267689,0.0,0.0,0.0,-1.5289722701720492,1.9727171790729123,0.1322405136188389,-0.002921701963288977,nan,nan,nan,nan,nan,nan,nan,nan,nan,nan,nan,nan,nan,nan,nan,nan,nan,nan,nan,nan,nan,nan,nan,nan,nan,nan,nan,nan,nan,nan,nan,nan,nan,nan,nan,nan,nan,nan,nan,nan,nan,nan,nan,nan,nan,nan,nan,nan,nan,nan,nan,nan,nan,nan,nan,nan,nan,nan,nan,nan,nan,nan,nan,0.0893691479938065
1791059553.0428636,-0.8984406355610681,0.6973296243820694,0.005857939589105415,-0.16346984892327335,2.067625262754628,0.10909171513353076,0.36902611366708926,0.0,0.0,-0.20472245447273762,-0.47165214502049135,0.18187515468935794,0.010894763261907981,0.7068393485710569,0.0,0.0,0.042977007615022225,0.8162361592515922,0.014210262070009015,-0.22740078181210258,0.7091594973322171,0.0,0.0,-1.1768267301827453,1.5062589141712364,0.00027693546234742496,-0.019631098236519172,nan,nan,nan,nan,nan,nan,nan,0.023375018592768308,0.0,0.0,1.2694310771541448,0.39087992572839414,0.002539483267217325,-0.23540673890393451,0.0,0.0,0.0,-1.5141601114353938,1.972615419909717,0.15175173064797476,0.00010123738200532887,nan,nan,nan,nan,nan,nan,nan,nan,nan,nan,nan,nan,nan,nan,nan,nan,nan,nan,nan,nan,nan,nan,nan,nan,nan,nan,nan,nan,nan,nan,nan,nan,nan,nan,nan,nan,nan,nan,nan,nan,nan,nan,nan,nan,nan,nan,nan,nan,nan,nan,nan,nan,nan,nan,nan,nan,nan,nan,nan,nan,nan,nan,nan,0.0916548664467694
1791059553.1436005,-0.8893658870722984,0.6973282328591259,0.00470365444287843,-0.16093711605610095,2.0662083213583227,0.11030154035921079,0.3917820009468905,0.0,0.0,-0.1856717865838391,-0.4708959184075085,0.18414773320250816,0.005243088006024367,0.7217724709858636,0.0,0.0,0.043379329986107364,0.7957476955271304,-0.006683829544273106,-0.23206342742205974,0.7073908779313859,0.0,0.0,-1.1769046711163822,1.5043564256446378,0.0008806970196072001,-0.018761884056003608,nan,nan,nan,nan,nan,nan,nan,0.025164085286660146,0.0,0.0,1.269787382205105,0.36914751517012984,0.002405752233420328,-0.21233936893365296,0.0,0.0,0.0,-1.5012862259183781,1.9725294100854658,0.15871838074758327,0.0002248764311694553,nan,nan,nan,nan,nan,nan,nan,nan,nan,nan,nan,nan,nan,nan,nan,nan,nan,nan,nan,nan,nan,nan,nan,nan,nan,nan,nan,nan,nan,nan,nan,nan,nan,nan,nan,nan,nan,nan,nan,nan,nan,nan,nan,nan,nan,nan,nan,nan,nan,nan,nan,nan,nan,nan,nan,nan,nan,nan,nan,nan,nan,nan,nan,0.08653481291611102
1791059553.240634,-0.879868606296363,0.697218112527318,0.004422465076808322,-0.1613741498234723,2.0648512318888295,0.11009218770589327,0.4150217337733655,0.0,0.0,-0.16954439205826408,-0.4701368528479517,0.18125309171821571,0.007436507933371544,0.723751043767187,0.0,0.0,0.043747394612638046,0.7707782181848699,0.0018731706667863318,-0.22295244169760262,0.7022965652021608,0.0,0.0,-1.1764867255017752,1.5026159496866214,0.015451005979852604,-0.02028061450809887,nan,nan,nan,nan,nan,nan,nan,0.025164085286660146,0.0,0.0,1.2703454362661335,0.346669426797352,0.006893685271459546,-0.1977385961627118,0.0,0.0,0.0,-1.4861569034241253,1.9724168979902548,0.14886778295101769,0.004189354024663033,nan,nan,nan,nan,nan,nan,nan,nan,nan,nan,nan,nan,nan,nan,nan,nan,nan,nan,nan,nan,nan,nan,nan,nan,nan,nan,nan,nan,nan,nan,nan,nan,nan,nan,nan,nan,nan,nan,nan,nan,nan,nan,nan,nan,nan,nan,nan,nan,nan,nan,nan,nan,nan,nan,nan,nan,nan,nan,nan,nan,nan,nan,nan,0.08691279140082861
1791059553.3416677,-0.8708688319630545,0.6969059323587623,0.0044582092457129555,-0.16229889733943653,2.0636690025669373,0.10965001853841914,0.33945806624260194,0.0,0.0,-0.1519274215894473,-0.46943701847527314,0.1728648911904081,0.004958313392876716,0.7333525773199591,0.0,0.0,0.044351812828327015,0.7484766706228355,-0.003060203809098512,-0.2248693962283722,0.7321893931025474,0.0,0.0,-1.1765377802895953,1.500539957947818,-0.010032312773635537,-0.011697801379250316,nan,nan,nan,nan,nan,nan,nan,0.025164085286660146,0.0,0.0,1.2708763601372621,0.3241602792936693,0.00895436509612223,-0.21714556126887713,0.0,0.0,0.0,-1.4685626655035187,1.9720959656485468,0.15654784566191163,-0.002358650030812373,nan,nan,nan,nan,nan,nan,nan,nan,nan,nan,nan,nan,nan,nan,nan,nan,nan,nan,nan,nan,nan,nan,nan,nan,nan,nan,nan,nan,nan,nan,nan,nan,nan,nan,nan,nan,nan,nan,nan,nan,nan,nan,nan,nan,nan,nan,nan,nan,nan,nan,nan,nan,nan,nan,nan,nan,nan,nan,nan,nan,nan,nan,nan,0.0990139033807815
1791059553.440268,-0.8618887751925892,0.6968581593914178,0.004682132288843397,-0.163421859671268,2.062659408916343,0.10911456120427432,0.373733031539934,0.0,0.0,-0.13265675880432057,-0.4686861807081237,0.17628298474513954,0.014126115966436068,0.7341501165222083,0.0,0.0,0.04500493932278342,0.7266022348302991,-0.00025559332810677453,-0.21231373100579676,0.7143810297888646,0.0,0.0,-1.176380498083744,1.4984582691113493,-0.00019285168840044425,-0.01743448080251747,nan,nan,nan,nan,nan,nan,nan,0.025164085286660146,0.0,0.0,1.2715970932769718,0.30223011383838594,0.00598533997742112,-0.199432948115615,0.0,0.0,0.0,-1.4534796601853635,1.9718659500431046,0.1550683672096436,-0.004312576902370961,nan,nan,nan,nan,nan,nan,nan,nan,nan,nan,nan,nan,nan,nan,nan,nan,nan,nan,nan,nan,nan,nan,nan,nan,nan,nan,nan,nan,nan,nan,nan,nan,nan,nan,nan,nan,nan,nan,nan,nan,nan,nan,nan,nan,nan,nan,nan,nan,nan,nan,nan,nan,nan,nan,nan,nan,nan,nan,nan,nan,nan,nan,nan,0.09136599787018869
1791059553.5431247,-0.8521448535307675,0.6968173289449265,0.004686491434314669,-0.16683398160773918,2.0618900140513094,0.10749763618990618,0.3743999152272514,0.0,0.0,-0.11592778883285178,-0.4678634751945951,0.1469315149624066,0.008609719822072103,0.7239924124894733,0.0,0.0,0.04549862963239017,0.7049849832800669,0.01363746307476281,-0.21038344870889514,0.7110896383714029,0.0,0.0,-1.1766094039621968,1.4970037446843536,0.00017618695361866545,-0.015329414106661284,nan,nan,nan,nan,nan,nan,nan,0.025164085286660146,0.0,0.0,1.272565509702241,0.27973914709350123,0.0090104923750291,-0.23168270297054855,0.0,0.0,0.0,-1.43765848889135,1.9717692705276457,0.15970632239456864,0.001145439336234981,nan,nan,nan,nan,nan,nan,nan,nan,nan,nan,nan,nan,nan,nan,nan,nan,nan,nan,nan,nan,nan,nan,nan,nan,nan,nan,nan,nan,nan,nan,nan,nan,nan,nan,nan,nan,nan,nan,nan,nan,nan,nan,nan,nan,nan,nan,nan,nan,nan,nan,nan,nan,nan,nan,nan,nan,nan,nan,nan,nan,nan,nan,nan,0.08579491606362069
1791059553.640212,-0.842770874134868,0.696608782016393,0.004293223825455414,-0.15327661488689565,2.060865258400475,0.11401089600783765,0.3743999152272514,0.0,0.0,-0.0984817657564795,-0.4672241729036483,0.1902099573232667,0.0044758498186244005,0.7461946388964396,0.0,0.0,0.04578274602676306,0.6840684065615557,-0.0006803610650418738,-0.2046653495900231,0.7046911022414237,0.0,0.0,-1.176476567057809,1.4952794932056777,0.01003839403667988,-0.011721420005780582,nan,nan,nan,nan,nan,nan,nan,0.025164085286660146,0.0,0.0,1.273760620922744,0.2576557138645497,0.013302023403772569,-0.21456159804189823,0.0,0.0,0.0,-1.4217317473895945,1.9715563966120613,0.16433272846302582,-0.002222768149334127,nan,nan,nan,nan,nan,nan,nan,nan,nan,nan,nan,nan,nan,nan,nan,nan,nan,nan,nan,nan,nan,nan,nan,nan,nan,nan,nan,nan,nan,nan,nan,nan,nan,nan,nan,nan,nan,nan,nan,nan,nan,nan,nan,nan,nan,nan,nan,nan,nan,nan,nan,nan,nan,nan,nan,nan,nan,nan,nan,nan,nan,nan,nan,0.08979824865809485
1791059553.7421427,-0.8341463916403011,0.6963921568490075,0.004069477455219708,-0.1489168320995744,2.0594185828636253,0.11615514967187475,0.3743999152272514,0.0,0.0,-0.08323344550322648,-0.4667096133996988,0.15628550103212327,0.019871638394843488,0.7271837934937863,0.0,0.0,0.046733238426678675,0.6635311622443544,0.0170569927591039,-0.19131252568171908,0.7138592518232166,0.0,0.0,-1.175909828003942,1.4936790097626442,0.004259531345351,-0.015249685821848933,nan,nan,nan,nan,nan,nan,nan,0.025164085286660146,0.0,0.0,1.274781426150997,0.23514098047931317,0.01064558225272891,-0.22560470732213309,0.0,0.0,0.0,-1.4042971718789319,1.9711053646157306,0.15154963935808563,-0.006353491595218011,nan,nan,nan,nan,nan,nan,nan,nan,nan,nan,nan,nan,nan,nan,nan,nan,nan,nan,nan,nan,nan,nan,nan,nan,nan,nan,nan,nan,nan,nan,nan,nan,nan,nan,nan,nan,nan,nan,nan,nan,nan,nan,nan,nan,nan,nan,nan,nan,nan,nan,nan,nan,nan,nan,nan,nan,nan,nan,nan,nan,nan,nan,nan,0.09358738583670963
1791059553.84173,-0.8250206753744018,0.6964638755216251,0.0033532479326093237,-0.15643353254196474,2.058208820366509,0.11247319248032953,0.4031313786856896,0.0,0.0,-0.06520106701448822,-0.4661941081867722,0.2012857965002637,0.005176994603352228,0.7454676194311751,0.0,0.0,0.04685004192069606,0.6437623160547599,0.004038614543692614,-0.1913583493018423,0.7162117885848505,0.0,0.0,-1.1762872362670882,1.4923581558449046,0.0009811245163508509,-0.016421909271051607,nan,nan,nan,nan,nan,nan,nan,0.025164085286660146,0.0,0.0,1.275839608297858,0.2127075903509893,0.011706881150809496,-0.21948822208099839,0.0,0.0,0.0,-1.388641494018479,1.9709605355861215,0.15935094564902347,-0.01665499093451477,nan,nan,nan,nan,nan,nan,nan,nan,nan,nan,nan,nan,nan,nan,nan,nan,nan,nan,nan,nan,nan,nan,nan,nan,nan,nan,nan,nan,nan,nan,nan,nan,nan,nan,nan,nan,nan,nan,nan,nan,nan,nan,nan,nan,nan,nan,nan,nan,nan,nan,nan,nan,nan,nan,nan,nan,nan,nan,nan,nan,nan,nan,nan,0.09262821935901157
1791059553.9411035,-0.815462351216409,0.6963418668725581,0.0028220609338065732,-0.1686060454277092,2.0577133714722358,0.10666390068226722,0.45028518832854963,0.0,0.0,-0.0500239291611076,-0.46562404152427395,0.1739730611617569,-0.0019892307613970936,0.7207618938781045,0.0,0.0,0.04755920025544159,0.6264111321137416,0.016477069809526,-0.1794340194273046,0.6994163382166038,0.0,0.0,-1.1763182187162784,1.4906521877121603,-0.005215937235961817,-0.019415324722645864,nan,nan,nan,nan,nan,nan,nan,0.025164085286660146,0.0,0.0,1.2769637889139778,0.19210987154655448,0.011896696713487934,-0.22783130825411058,0.0,0.0,0.0,-1.374746599443813,1.9708141264796821,0.15913956824734493,-0.0027196687113152725,nan,nan,nan,nan,nan,nan,nan,nan,nan,nan,nan,nan,nan,nan,nan,nan,nan,nan,nan,nan,nan,nan,nan,nan,nan,nan,nan,nan,nan,nan,nan,nan,nan,nan,nan,nan,nan,nan,nan,nan,nan,nan,nan,nan,nan,nan,nan,nan,nan,nan,nan,nan,nan,nan,nan,nan,nan,nan,nan,nan,nan,nan,nan,0.08731258430101008
1791059554.042225,-0.8060512846651405,0.6960096214138527,0.0026166311860205144,-0.17719213452332544,2.057921389313257,0.10268296412541758,0.416578211808073,0.0,0.0,-0.029871768549552962,-0.4649264531271524,0.1520731403804648,0.010669138222377842,0.7389604119327193,0.0,0.0,0.04820375312891654,0.6048168045179434,0.009209750909411925,-0.19415280086460804,0.7105081163949976,0.0,0.0,-1.176101437525394,1.488989067663704,0.0015859185057121115,-0.016830783642996616,nan,nan,nan,nan,nan,nan,nan,0.025164085286660146,0.0,0.0,1.2781350977347352,0.16718574443905176,0.010067679877742925,-0.2348458195124512,0.0,0.0,0.0,-1.3586023509129725,1.9708077969857967,0.1710524163879722,0.00028826970484621683,nan,nan,nan,nan,nan,nan,nan,nan,nan,nan,nan,nan,nan,nan,nan,nan,nan,nan,nan,nan,nan,nan,nan,nan,nan,nan,nan,nan,nan,nan,nan,nan,nan,nan,nan,nan,nan,nan,nan,nan,nan,nan,nan,nan,nan,nan,nan,nan,nan,nan,nan,nan,nan,nan,nan,nan,nan,nan,nan,nan,nan,nan,nan,0.09366131071070699
1791059554.1416733,-0.7973715856082172,0.6958884630383783,0.0013652206346794087,-0.1716004123271507,2.058192305109454,0.10526447205544281,0.416578211808073,0.0,0.0,-0.016060353493076485,-0.4645116784791512,0.14886142371353783,0.0014042533466335624,0.740918405839791,0.0,0.0,0.04829522961506719,0.5836529738300476,-0.005914628595004613,-0.21342927615102464,0.7151124753703574,0.0,0.0,-1.1758582019988277,1.486975010668089,0.0015738176204655055,-0.019553775234412395,nan,nan,nan,nan,nan,nan,nan,0.025164085286660146,0.0,0.0,1.2793721470437032,0.14679193246691627,0.01313211052568541,-0.22348410653545947,0.0,0.0,0.0,-1.342415327724819,1.9709384839646509,0.13922602849188043,0.009986847806514904,nan,nan,nan,nan,nan,nan,nan,nan,nan,nan,nan,nan,nan,nan,nan,nan,nan,nan,nan,nan,nan,nan,nan,nan,nan,nan,nan,nan,nan,nan,nan,nan,nan,nan,nan,nan,nan,nan,nan,nan,nan,nan,nan,nan,nan,nan,nan,nan,nan,nan,nan,nan,nan,nan,nan,nan,nan,nan,nan,nan,nan,nan,nan,0.09716095454543762
1791059554.241566,-0.788201909525878,0.6959466332157858,-0.0003611155622636149,-0.19114365553358997,2.058941974896767,0.09642509218147258,0.3619983939860229,0.0,0.0,0.0014714126070627283,-0.4640739505787373,0.1753308030512519,0.005526727744882042,0.728872876445559,0.0,0.0,0.04889480850692073,0.5639488374302514,0.011614208205037486,-0.20549810379395667,0.7151124753703574,0.0,0.0,-1.1760002224945993,1.4850523673617837,0.00043330839620142473,-0.0186083484237091,nan,nan,nan,nan,nan,nan,nan,0.025164085286660146,0.0,0.0,1.2807030742534808,0.121542695922165,0.01322864445201717,-0.22281776664321684,0.0,0.0,0.0,-1.3243898331521295,1.9707637639379454,0.1766247350936,-0.002222014875864188,nan,nan,nan,nan,nan,nan,nan,nan,nan,nan,nan,nan,nan,nan,nan,nan,nan,nan,nan,nan,nan,nan,nan,nan,nan,nan,nan,nan,nan,nan,nan,nan,nan,nan,nan,nan,nan,nan,nan,nan,nan,nan,nan,nan,nan,nan,nan,nan,nan,nan,nan,nan,nan,nan,nan,nan,nan,nan,nan,nan,nan,nan,nan,0.08762168138023117
1791059554.340511,-0.7784653811201573,0.6957688496538608,-0.0007628391860934496,-0.2090263735542814,2.060975035779783,0.08879246297009598,0.4152921203550392,0.0,0.0,0.01934176431744089,-0.4634382895656187,0.20849546243749575,0.007495244979480397,0.7266073566433244,0.0,0.0,0.049117023892783225,0.5432386250643924,0.0040429034139505046,-0.2001123633216347,0.7151124753703574,0.0,0.0,-1.1761672565391716,1.4832019080740293,-0.008398991079228752,-0.023922376214302016,nan,nan,nan,nan,nan,nan,nan,0.025164085286660146,0.0,0.0,1.2820215648992355,0.09873618841233449,0.013694902931201354,-0.22750185442364113,0.0,0.0,0.0,-1.3073888027929286,1.9711189217220355,0.18194589776004214,0.01840105138506087,nan,nan,nan,nan,nan,nan,nan,nan,nan,nan,nan,nan,nan,nan,nan,nan,nan,nan,nan,nan,nan,nan,nan,nan,nan,nan,nan,nan,nan,nan,nan,nan,nan,nan,nan,nan,nan,nan,nan,nan,nan,nan,nan,nan,nan,nan,nan,nan,nan,nan,nan,nan,nan,nan,nan,nan,nan,nan,nan,nan,nan,nan,nan,0.08387595812540125
1791059554.4419856,-0.7698651836506222,0.6954287707872474,-0.0007600358638932497,-0.2238586537104724,2.0640989183734515,0.08279688157536041,0.404182778562376,0.0,0.0,0.037163674154867585,-0.4629190646193479,0.16297151859476924,0.00567167255997359,0.7298378215288019,0.0,0.0,0.04970147299713782,0.525589834154423,0.0023579737956973654,-0.21313531274323694,0.7151124753703574,0.0,0.0,-1.1759294592894056,1.4810896343241682,0.010624341617638375,-0.016857841122304172,nan,nan,nan,nan,nan,nan,nan,0.025164085286660146,0.0,0.0,1.2830924713561376,0.07751108021032893,0.009209776918533624,-0.25058194047691784,0.0,0.0,0.0,-1.2900170288190846,1.970923622650499,0.17295297289965633,-0.006768798661211199,nan,nan,nan,nan,nan,nan,nan,nan,nan,nan,nan,nan,nan,nan,nan,nan,nan,nan,nan,nan,nan,nan,nan,nan,nan,nan,nan,nan,nan,nan,nan,nan,nan,nan,nan,nan,nan,nan,nan,nan,nan,nan,nan,nan,nan,nan,nan,nan,nan,nan,nan,nan,nan,nan,nan,nan,nan,nan,nan,nan,nan,nan,nan,0.08752543598031795
1791059554.54256,-0.7619460143482424,0.6953937440252813,-0.001419580725005846,-0.23750982942049564,2.0681493831745876,0.07754788822226817,0.4389233922352473,0.0,0.0,0.05653473675228003,-0.46222491254885273,0.1634516895097543,0.010787705921921081,0.7296048868500484,0.0,0.0,0.04992749148748767,0.5059464327115794,-0.0017332134894398634,-0.19245763102681823,0.7151124753703574,0.0,0.0,-1.1756212989987658,1.478628831107245,0.0022254247691855136,-0.024118111938654256,nan,nan,nan,nan,nan,nan,nan,0.025164085286660146,0.0,0.0,1.2844985314625572,0.05484727175100942,0.017126022564732807,-0.23551048830156712,0.0,0.0,0.0,-1.272048388457509,1.9704460809431723,0.21340694575525274,-0.04271589304972543,nan,nan,nan,nan,nan,nan,nan,nan,nan,nan,nan,nan,nan,nan,nan,nan,nan,nan,nan,nan,nan,nan,nan,nan,nan,nan,nan,nan,nan,nan,nan,nan,nan,nan,nan,nan,nan,nan,nan,nan,nan,nan,nan,nan,nan,nan,nan,nan,nan,nan,nan,nan,nan,nan,nan,nan,nan,nan,nan,nan,nan,nan,nan,0.07762849957675799
1791059554.641755,-0.7534735021588322,0.6953752403904616,-0.0015700849230913172,-0.2522296394923967,2.0731018853426644,0.07217549492038607,0.4265021748188539,0.0,0.0,0.0712020057343051,-0.4618160253714518,0.14872091368559942,-0.00669027173175029,0.7241824793877435,0.0,0.0,0.05041301521822,0.48409156012708887,-0.004645308474449928,-0.20450172257938248,0.7151124753703574,0.0,0.0,-1.175791398407223,1.4759527344350318,0.00046880682761047396,-0.029215960074438857,nan,nan,nan,nan,nan,nan,nan,0.025164085286660146,0.0,0.0,1.285968102066092,0.029535793779167107,0.012933950708160348,-0.2383407504140288,0.0,0.0,0.0,-1.256252151712259,1.9706219373419434,0.2656316407185845,-0.056578264418960515,nan,nan,nan,nan,nan,nan,nan,nan,nan,nan,nan,nan,nan,nan,nan,nan,nan,nan,nan,nan,nan,nan,nan,nan,nan,nan,nan,nan,nan,nan,nan,nan,nan,nan,nan,nan,nan,nan,nan,nan,nan,nan,nan,nan,nan,nan,nan,nan,nan,nan,nan,nan,nan,nan,nan,nan,nan,nan,nan,nan,nan,nan,nan,0.07442303438902982
1791059554.7399123,-0.7460005035723157,0.6950014223506725,-0.0018157393391610326,-0.2638793629080716,2.0788191602977912,0.06813279828181898,0.3607224578746331,0.0,0.0,0.08742182897399067,-0.4610803789716308,0.1553081539836051,-0.0035764537724480424,0.7266190952533755,0.0,0.0,0.050466661976882744,0.4662891634283532,0.006942911191376104,-0.19989537400432744,0.7151124753703574,0.0,0.0,-1.1757174759661908,1.4732720760663542,0.0004317944928318443,-0.027923170342836617,nan,nan,nan,nan,nan,nan,nan,0.025164085286660146,0.0,0.0,1.287266926171078,0.0068719652433361245,0.013796897625954667,-0.23176609374003537,0.0,0.0,0.0,-1.2363015247908655,1.9702356625234771,0.2245934057309124,-0.016015623799370892,nan,nan,nan,nan,nan,nan,nan,nan,nan,nan,nan,nan,nan,nan,nan,nan,nan,nan,nan,nan,nan,nan,nan,nan,nan,nan,nan,nan,nan,nan,nan,nan,nan,nan,nan,nan,nan,nan,nan,nan,nan,nan,nan,nan,nan,nan,nan,nan,nan,nan,nan,nan,nan,nan,nan,nan,nan,nan,nan,nan,nan,nan,nan,0.07752377118163004
1791059554.8424962,-0.7387412456125555,0.6949906446655246,-0.0020622505720419987,-0.27373674096899364,2.0850722230620455,0.06485439245288896,0.3001835444517191,0.0,0.0,0.10531349758748282,-0.4603067276956098,0.1498742831541183,0.009831737167573181,0.7261014455955369,0.0,0.0,0.05078529002529663,0.4442031393641113,-0.008677818608729716,-0.2008586105013031,0.7151124753703574,0.0,0.0,-1.175609127947171,1.4698523318168744,-0.015330492629231498,-0.03104021685745035,nan,nan,nan,nan,nan,nan,nan,0.025164085286660146,0.0,0.0,1.2881741014507995,-0.013339502409869688,0.013787329170137133,-0.21789135940882376,0.0,0.0,0.0,-1.2143478412663875,1.9700027187822904,0.32000926856707923,-0.05997483509279965,nan,nan,nan,nan,nan,nan,nan,nan,nan,nan,nan,nan,nan,nan,nan,nan,nan,nan,nan,nan,nan,nan,nan,nan,nan,nan,nan,nan,nan,nan,nan,nan,nan,nan,nan,nan,nan,nan,nan,nan,nan,nan,nan,nan,nan,nan,nan,nan,nan,nan,nan,nan,nan,nan,nan,nan,nan,nan,nan,nan,nan,nan,nan,0.07125236544186224
1791059554.9387095,-0.7314244896560286,0.6946882320471968,-0.0022512013337043038,-0.2828749301270099,2.0917278637875745,0.06192993085249241,0.41602962036766583,0.0,0.0,0.12154617727798597,-0.4598128693763963,0.1676190550864987,0.0008898845605223922,0.7257313927214599,0.0,0.0,0.05131998071645491,0.4248375274021786,0.005292764421866464,-0.20432918591778607,0.7151124753703574,0.0,0.0,-1.1753914169224324,1.4662592152782827,0.011043975456980411,-0.03789615684734837,nan,nan,nan,nan,nan,nan,nan,0.025164085286660146,0.0,0.0,1.2896212937486067,-0.03844944445588112,0.02130164163152721,-0.21597231178186074,0.0,0.0,0.0,-1.1946823419911798,1.970536992190868,0.23140671619092562,-0.0006427190655570268,nan,nan,nan,nan,nan,nan,nan,nan,nan,nan,nan,nan,nan,nan,nan,nan,nan,nan,nan,nan,nan,nan,nan,nan,nan,nan,nan,nan,nan,nan,nan,nan,nan,nan,nan,nan,nan,nan,nan,nan,nan,nan,nan,nan,nan,nan,nan,nan,nan,nan,nan,nan,nan,nan,nan,nan,nan,nan,nan,nan,nan,nan,nan,0.0729821608562732
1791059555.0419157,-0.7248213116779335,0.6946375998056709,-0.002700392378588233,-0.29038656449028033,2.098648945621401,0.059607427541185844,0.3744083870721815,0.0,0.0,0.13728900836280414,-0.45931607909254213,0.15608568944594178,0.0029261637117895187,0.7260207301913245,0.0,0.0,0.05125234922347321,0.4044203124960553,0.003105361728102516,-0.20389049539309273,0.7151124753703574,0.0,0.0,-1.175008720942885,1.4621886426003843,0.0018694711650071112,-0.0474155756540066,nan,nan,nan,nan,nan,nan,nan,0.025164085286660146,0.0,0.0,1.290907450827998,-0.0615064259197797,0.01339181145404864,-0.227564637490899,0.0,0.0,0.0,-1.1707324571568265,1.9697466908053465,0.24088260099768904,0.004101010281196825,nan,nan,nan,nan,nan,nan,nan,nan,nan,nan,nan,nan,nan,nan,nan,nan,nan,nan,nan,nan,nan,nan,nan,nan,nan,nan,nan,nan,nan,nan,nan,nan,nan,nan,nan,nan,nan,nan,nan,nan,nan,nan,nan,nan,nan,nan,nan,nan,nan,nan,nan,nan,nan,nan,nan,nan,nan,nan,nan,nan,nan,nan,nan,0.0665179877289457
1791059555.1424148,-0.7178415102442015,0.6943988321154273,-0.0029107233639391376,-0.29640311986486545,2.1056553165734515,0.057799400030971705,0.4110077962840203,0.0,0.0,0.15450188218177133,-0.45882644203665796,0.1840700612666744,0.0005640159654370573,0.7274531854162897,0.0,0.0,0.05142468272067596,0.3857689240977804,0.0022605158304702063,-0.2136076107164877,0.7151124753703574,0.0,0.0,-1.1753635584049624,1.456747814375968,0.003114427903372516,-0.048341761492038095,nan,nan,nan,nan,nan,nan,nan,0.025164085286660146,0.0,0.0,1.2922904820807788,-0.0844864651126384,0.0093878465332476,-0.23930371202679696,0.0,0.0,0.0,-1.1528434194804986,1.970177621327973,0.1313802606538273,0.01649843382666364,nan,nan,nan,nan,nan,nan,nan,nan,nan,nan,nan,nan,nan,nan,nan,nan,nan,nan,nan,nan,nan,nan,nan,nan,nan,nan,nan,nan,nan,nan,nan,nan,nan,nan,nan,nan,nan,nan,nan,nan,nan,nan,nan,nan,nan,nan,nan,nan,nan,nan,nan,nan,nan,nan,nan,nan,nan,nan,nan,nan,nan,nan,nan,0.06754776182897414
1791059555.240707,-0.7116775041844763,0.6943428620707217,-0.0033131618563997656,-0.3009776872484129,2.112553499846291,0.05645539387752228,0.4438545872896164,0.0,0.0,0.17098812229162147,-0.4579105287040043,0.15437250810509934,0.01894526379378223,0.7290528759603937,0.0,0.0,0.05130734829688063,0.36303081088536365,0.01543193533756778,-0.2163023911890971,0.7151124753703574,0.0,0.0,-1.175033991584327,1.4512358949136936,0.0023638567230224892,-0.058565590092111465,nan,nan,nan,nan,nan,nan,nan,0.025164085286660146,0.0,0.0,1.293859354555356,-0.10734926198063091,0.01627640287737827,-0.23542477606409834,0.0,0.0,0.0,-1.128301899046936,1.9703152426672397,0.1932686262671953,-0.0012704105876858878,nan,nan,nan,nan,nan,nan,nan,nan,nan,nan,nan,nan,nan,nan,nan,nan,nan,nan,nan,nan,nan,nan,nan,nan,nan,nan,nan,nan,nan,nan,nan,nan,nan,nan,nan,nan,nan,nan,nan,nan,nan,nan,nan,nan,nan,nan,nan,nan,nan,nan,nan,nan,nan,nan,nan,nan,nan,nan,nan,nan,nan,nan,nan,0.06143869197162733
1791059555.3419065,-0.7051431026883116,0.694162773576764,-0.0038646542994305857,-0.30419992123261,2.1192741936671586,0.055524455921287144,0.42463954813819893,0.0,0.0,0.18719934502847652,-0.4574298471522347,0.17763152167716648,0.0049169227959856,0.7254799898083878,0.0,0.0,0.05150233783817241,0.3422576363892167,-0.012894000252009104,-0.20265870451685578,0.7151124753703574,0.0,0.0,-1.1746986263486958,1.4449986247003976,-0.002963280466216548,-0.06300619756677556,nan,nan,nan,nan,nan,nan,nan,0.025164085286660146,0.0,0.0,1.2952927422459233,-0.1275207247558056,0.01779320892139379,-0.2040118906369917,0.0,0.0,0.0,-1.1103918250312548,1.9702142110450782,0.20187693965652703,0.004041178399182439,nan,nan,nan,nan,nan,nan,nan,nan,nan,nan,nan,nan,nan,nan,nan,nan,nan,nan,nan,nan,nan,nan,nan,nan,nan,nan,nan,nan,nan,nan,nan,nan,nan,nan,nan,nan,nan,nan,nan,nan,nan,nan,nan,nan,nan,nan,nan,nan,nan,nan,nan,nan,nan,nan,nan,nan,nan,nan,nan,nan,nan,nan,nan,0.06248600123530556
1791059555.4395554,-0.6993841838693766,0.6940911117224501,-0.0042813702024269325,-0.3096652465784269,2.1258481654774117,0.053974933273386275,0.3755089594904748,0.0,0.0,0.20433625240300382,-0.45669003298509864,0.16821407598260882,0.009296307222420478,0.7254799898083878,0.0,0.0,0.05175460496392676,0.32119077868133,0.0015360859534907724,-0.20746217653341842,0.7151124753703574,0.0,0.0,-1.174902822293936,1.4393023243646537,0.0033031241041250525,-0.07206788624663399,nan,nan,nan,nan,nan,nan,nan,0.025164085286660146,0.0,0.0,1.2968425027236707,-0.15062554264716915,0.005851797644960205,-0.24224833500870913,0.0,0.0,0.0,-1.091498688567606,1.9700471591179103,0.1783822253325989,-0.0025763478542536328,nan,nan,nan,nan,nan,nan,nan,nan,nan,nan,nan,nan,nan,nan,nan,nan,nan,nan,nan,nan,nan,nan,nan,nan,nan,nan,nan,nan,nan,nan,nan,nan,nan,nan,nan,nan,nan,nan,nan,nan,nan,nan,nan,nan,nan,nan,nan,nan,nan,nan,nan,nan,nan,nan,nan,nan,nan,nan,nan,nan,nan,nan,nan,0.06165395701826305
1791059555.5410318,-0.6937234056746445,0.6939085002729963,-0.0049601156360264765,-0.3143734342227401,2.1323940221068955,0.05266948310143454,0.4111672422967732,0.0,0.0,0.22163960653017592,-0.45597775581689814,0.17405430688011303,0.008157042930776688,0.7254799898083878,0.0,0.0,0.052060569861015156,0.303077690075966,0.0005100292599007029,-0.1991092766418881,0.7151124753703574,0.0,0.0,-1.1747953505350195,1.4315496673155468,0.004802944056229233,-0.07664702992908906,nan,nan,nan,nan,nan,nan,nan,0.025164085286660146,0.0,0.0,1.2983984274618958,-0.17348356452206284,0.0007526316291081303,-0.2465116916759943,0.0,0.0,0.0,-1.0721101649143614,1.969930440871151,0.19257127825721676,-0.0011776923988339057,nan,nan,nan,nan,nan,nan,nan,nan,nan,nan,nan,nan,nan,nan,nan,nan,nan,nan,nan,nan,nan,nan,nan,nan,nan,nan,nan,nan,nan,nan,nan,nan,nan,nan,nan,nan,nan,nan,nan,nan,nan,nan,nan,nan,nan,nan,nan,nan,nan,nan,nan,nan,nan,nan,nan,nan,nan,nan,nan,nan,nan,nan,nan,0.06485504603562244
1791059555.6412401,-0.6872228985174055,0.6938719209467623,-0.005175246668277509,-0.31840746429114264,2.138853385827067,0.0515723564118648,0.38560849689782595,0.0,0.0,0.23908014948235617,-0.45518904720225456,0.17063883470510216,0.004600698057431846,0.7254799898083878,0.0,0.0,0.05232903708274788,0.28123632891254097,-0.010522152700376462,-0.19794530922269316,0.7151124753703574,0.0,0.0,-1.174397579263288,1.4232443643420127,0.0127867584473928,-0.08793178385664768,nan,nan,nan,nan,nan,nan,nan,0.025164085286660146,0.0,0.0,1.3003370827837437,-0.1968235864559478,0.010412196616793323,-0.2528112373043946,0.0,0.0,0.0,-1.053699461319978,1.9697684827629736,0.17607470973266476,-0.004546391821411371,nan,nan,nan,nan,nan,nan,nan,nan,nan,nan,nan,nan,nan,nan,nan,nan,nan,nan,nan,nan,nan,nan,nan,nan,nan,nan,nan,nan,nan,nan,nan,nan,nan,nan,nan,nan,nan,nan,nan,nan,nan,nan,nan,nan,nan,nan,nan,nan,nan,nan,nan,nan,nan,nan,nan,nan,nan,nan,nan,nan,nan,nan,nan,0.051705318290237764
1791059555.7419767,-0.680928888803064,0.6936167015438774,-0.00560398631163007,-0.32184611403389557,2.1451506853011755,0.05065258214193707,0.38309256540915687,0.0,0.0,0.25866943137191234,-0.4541149020548564,0.18304239230050454,0.008425687243019515,0.7254799898083878,0.0,0.0,0.05228566792162711,0.26381410016209206,-0.0009340880044615052,-0.1994450670630019,0.7151124753703574,0.0,0.0,-1.1740909380694318,1.414152080377459,0.00967151979124901,-0.08448067909895736,nan,nan,nan,nan,nan,nan,nan,0.025164085286660146,0.0,0.0,1.3016074187799713,-0.2197609702641315,0.009643032588269006,-0.2351287883015083,0.0,0.0,0.0,-1.0331814654557085,1.9695628646116368,0.1861058975917918,4.417121915205693e-05,nan,nan,nan,nan,nan,nan,nan,nan,nan,nan,nan,nan,nan,nan,nan,nan,nan,nan,nan,nan,nan,nan,nan,nan,nan,nan,nan,nan,nan,nan,nan,nan,nan,nan,nan,nan,nan,nan,nan,nan,nan,nan,nan,nan,nan,nan,nan,nan,nan,nan,nan,nan,nan,nan,nan,nan,nan,nan,nan,nan,nan,nan,nan,0.06554498093991508
1791059555.840585,-0.6750829858938042,0.6934395129922512,-0.0067300337225724835,-0.3246895674509111,2.1512321740346074,0.04990263892355665,0.4125305042035889,0.0,0.0,0.2748668219752655,-0.45340617169491365,0.18094280793695802,0.0045155224512120895,0.7254799898083878,0.0,0.0,0.05248069343565554,0.24374203852835147,-0.005803636225415003,-0.17462152853437535,0.7151124753703574,0.0,0.0,-1.174028335457544,1.4052589853709219,0.0020172941218506396,-0.09423175607731604,nan,nan,nan,nan,nan,nan,nan,0.025164085286660146,0.0,0.0,1.3035706387164387,-0.2447539201220016,0.021508021284155143,-0.22309720545600414,0.0,0.0,0.0,-1.0154271997660431,1.9693588133233626,0.1717270516511033,-0.008199242788230133,nan,nan,nan,nan,nan,nan,nan,nan,nan,nan,nan,nan,nan,nan,nan,nan,nan,nan,nan,nan,nan,nan,nan,nan,nan,nan,nan,nan,nan,nan,nan,nan,nan,nan,nan,nan,nan,nan,nan,nan,nan,nan,nan,nan,nan,nan,nan,nan,nan,nan,nan,nan,nan,nan,nan,nan,nan,nan,nan,nan,nan,nan,nan,0.05159073273981795
1791059555.9423935,-0.6686785483742559,0.6930842167494433,-0.005723186558064511,-0.32699544002841113,2.157051944667762,0.04930148847007237,0.4167301024643532,0.0,0.0,0.2953888794820129,-0.4525103057402031,0.19003165397049773,0.008904603054845677,0.7254799898083878,0.0,0.0,0.05229553575448081,0.22652261268013837,0.004225317126871858,-0.17211251134103145,0.7151124753703574,0.0,0.0,-1.1737617793066493,1.39553035478401,-0.015322493156248576,-0.10169564512220838,nan,nan,nan,nan,nan,nan,nan,0.025164085286660146,0.0,0.0,1.3048268105385938,-0.2680479306937835,0.0013708663611354047,-0.24319899309612528,0.0,0.0,0.0,-0.9976851220752374,1.9692797947022447,0.17403450172811522,0.005046248764684437,nan,nan,nan,nan,nan,nan,nan,nan,nan,nan,nan,nan,nan,nan,nan,nan,nan,nan,nan,nan,nan,nan,nan,nan,nan,nan,nan,nan,nan,nan,nan,nan,nan,nan,nan,nan,nan,nan,nan,nan,nan,nan,nan,nan,nan,nan,nan,nan,nan,nan,nan,nan,nan,nan,nan,nan,nan,nan,nan,nan,nan,nan,nan,0.06524192596629437
1791059556.042548,-0.6632121497254014,0.6932035184206783,-0.006322837141012256,-0.3287609497735877,2.1625700917109882,0.04884542896384778,0.4137350813156299,0.0,0.0,0.31421880954030873,-0.4514193525765079,0.18738745265614043,0.010336394316484174,0.7254799898083878,0.0,0.0,0.05286446516208984,0.20943360761205723,0.00221774280190093,-0.17458207267942394,0.7151124753703574,0.0,0.0,-1.1728652207598007,1.3843976142862857,-0.0012454756430833897,-0.10606237606839583,nan,nan,nan,nan,nan,nan,nan,0.025164085286660146,0.0,0.0,1.3062909419571835,-0.29127051632383666,0.021490478251850315,-0.23195035564595384,0.0,0.0,0.0,-0.9823374480378222,1.9690409149584756,0.17487690211237336,-0.0015400651745236063,nan,nan,nan,nan,nan,nan,nan,nan,nan,nan,nan,nan,nan,nan,nan,nan,nan,nan,nan,nan,nan,nan,nan,nan,nan,nan,nan,nan,nan,nan,nan,nan,nan,nan,nan,nan,nan,nan,nan,nan,nan,nan,nan,nan,nan,nan,nan,nan,nan,nan,nan,nan,nan,nan,nan,nan,nan,nan,nan,nan,nan,nan,nan,0.057807641162594216
1791059556.1407738,-0.6573305780173712,0.6928612938208953,-0.0056450057724968675,-0.33002704773247715,2.167708467903253,0.04852061565258388,0.4062305918099333,0.0,0.0,0.33202875214692784,-0.45041333314511256,0.2087073080258425,0.011462306439084,0.7254799898083878,0.0,0.0,0.052735097198578565,0.19284108261284919,-0.005006489223115973,-0.16421099711340734,0.7151124753703574,0.0,0.0,-1.1726052648746286,1.3746173421703538,0.006795512374030364,-0.12065311297593351,nan,nan,nan,nan,nan,nan,nan,0.025164085286660146,0.0,0.0,1.3076850022139423,-0.31213296955155206,0.016336413575282135,-0.233899184222319,0.0,0.0,0.0,-0.9655142692626961,1.968806297090196,0.16164978719394724,-0.004026856181433659,nan,nan,nan,nan,nan,nan,nan,nan,nan,nan,nan,nan,nan,nan,nan,nan,nan,nan,nan,nan,nan,nan,nan,nan,nan,nan,nan,nan,nan,nan,nan,nan,nan,nan,nan,nan,nan,nan,nan,nan,nan,nan,nan,nan,nan,nan,nan,nan,nan,nan,nan,nan,nan,nan,nan,nan,nan,nan,nan,nan,nan,nan,nan,0.05822302248332667
1791059556.2402391,-0.6516803391349743,0.6928786420302616,-0.006064609016596683,-0.33083310218384293,2.172530339790814,0.048314796271644415,0.43063572923225396,0.0,0.0,0.3515326182126101,-0.44945238256958725,0.19363421702126088,0.007878509266689367,0.7254799898083878,0.0,0.0,0.05288164024459062,0.17629817178939886,0.007426429507391013,-0.1586755385061259,0.7151124753703574,0.0,0.0,-1.1725123090533152,1.3633256306527908,0.009583407165383176,-0.1163294860572582,nan,nan,nan,nan,nan,nan,nan,0.025164085286660146,0.0,0.0,1.309088961338155,-0.33522255957096964,0.01741272906221088,-0.2574098300739308,0.0,0.0,0.0,-0.9490168814233315,1.9686879672939785,0.16871398444228783,-0.0006667856548071455,nan,nan,nan,nan,nan,nan,nan,nan,nan,nan,nan,nan,nan,nan,nan,nan,nan,nan,nan,nan,nan,nan,nan,nan,nan,nan,nan,nan,nan,nan,nan,nan,nan,nan,nan,nan,nan,nan,nan,nan,nan,nan,nan,nan,nan,nan,nan,nan,nan,nan,nan,nan,nan,nan,nan,nan,nan,nan,nan,nan,nan,nan,nan,0.05344097287563669
1791059556.341014,-0.6467526122129958,0.6928663269909273,-0.003986907746962283,-0.33115504505514554,2.176962338105206,0.04823280149668992,0.4584036214571368,0.0,0.0,0.3717878492006428,-0.44856818513639374,0.205155924759585,0.008424369642639519,0.7254799898083878,0.0,0.0,0.05310451052043485,0.1622749747229185,0.01904378810988278,-0.14358610862925736,0.7151124753703574,0.0,0.0,-1.1719886170984182,1.3514298854475546,0.009884398888597358,-0.1176976361506825,nan,nan,nan,nan,nan,nan,nan,0.025164085286660146,0.0,0.0,1.3106976033002395,-0.36049276614694536,0.023515453817615918,-0.23874267326961057,0.0,0.0,0.0,-0.932528224428093,1.9686225946502318,0.17284219408744422,-0.0008263002478157486,nan,nan,nan,nan,nan,nan,nan,nan,nan,nan,nan,nan,nan,nan,nan,nan,nan,nan,nan,nan,nan,nan,nan,nan,nan,nan,nan,nan,nan,nan,nan,nan,nan,nan,nan,nan,nan,nan,nan,nan,nan,nan,nan,nan,nan,nan,nan,nan,nan,nan,nan,nan,nan,nan,nan,nan,nan,nan,nan,nan,nan,nan,nan,0.05011625498163446
1791059556.4408798,-0.6412771396043316,0.6926388752825231,-0.0039377141753656544,-0.3310810667547058,2.1809803569368027,0.048251632201525285,0.4208344891777004,0.0,0.0,0.3913916702832447,-0.4476341042536832,0.19615422023908685,0.010498773552927406,0.7254799898083878,0.0,0.0,0.05331847404809619,0.14648575775054556,0.010222899947243904,-0.13337197257427888,0.7151124753703574,0.0,0.0,-1.1715089843107684,1.3374868228323449,0.017560511467696424,-0.1326771390510898,nan,nan,nan,nan,nan,nan,nan,0.025164085286660146,0.0,0.0,1.3121043559634593,-0.38329417329795806,0.014435409975839487,-0.23005615311023134,0.0,0.0,0.0,-0.9155989835922133,1.9685631972615116,0.1563320572749643,-0.004974667522718151,nan,nan,nan,nan,nan,nan,nan,nan,nan,nan,nan,nan,nan,nan,nan,nan,nan,nan,nan,nan,nan,nan,nan,nan,nan,nan,nan,nan,nan,nan,nan,nan,nan,nan,nan,nan,nan,nan,nan,nan,nan,nan,nan,nan,nan,nan,nan,nan,nan,nan,nan,nan,nan,nan,nan,nan,nan,nan,nan,nan,nan,nan,nan,0.05212864229470384
1791059556.5402915,-0.6366414224276474,0.6925190276843439,-0.0035504620240542984,-0.330589539899755,2.184586586213476,0.04837690837120312,0.4168871106124514,0.0,0.0,0.4116814417634619,-0.44663909443107436,0.20022057618672054,0.0076350880050528635,0.7254799898083878,0.0,0.0,0.053549269594832215,0.13372437087850114,0.005909477635216038,-0.13464806414338204,0.7151124753703574,0.0,0.0,-1.1712742036762513,1.3255963208951016,0.004493199600972572,-0.1349398196620444,nan,nan,nan,nan,nan,nan,nan,0.025164085286660146,0.0,0.0,1.3134175397385686,-0.4061549946042412,0.008443474520904187,-0.22932821267605508,0.0,0.0,0.0,-0.8983722574229732,1.9686828916399222,0.17501206876183303,-1.11469540080431e-05,nan,nan,nan,nan,nan,nan,nan,nan,nan,nan,nan,nan,nan,nan,nan,nan,nan,nan,nan,nan,nan,nan,nan,nan,nan,nan,nan,nan,nan,nan,nan,nan,nan,nan,nan,nan,nan,nan,nan,nan,nan,nan,nan,nan,nan,nan,nan,nan,nan,nan,nan,nan,nan,nan,nan,nan,nan,nan,nan,nan,nan,nan,nan,0.04789427031524532
1791059556.6405418,-0.6316464476365301,0.6922799098702044,-0.0034836151293309754,-0.32972147024086357,2.1877645386859537,0.04859883970433898,0.37049135410610873,0.0,0.0,0.4322707012645402,-0.4455845815641361,0.21558114037568338,0.009606816249104384,0.7254799898083878,0.0,0.0,0.053615371606080334,0.12088201687010676,-0.010977779365468501,-0.13689895164664634,0.7151124753703574,0.0,0.0,-1.1705569251831807,1.3118491346961991,0.0064070729153331805,-0.1426794786615559,nan,nan,nan,nan,nan,nan,nan,0.025164085286660146,0.0,0.0,1.3146321123230233,-0.42710331883214836,-0.0012947328138305835,-0.25587728373800234,0.0,0.0,0.0,-0.8810843082219622,1.9686864324278261,0.18024281749504628,-0.005333907486511616,nan,nan,nan,nan,nan,nan,nan,nan,nan,nan,nan,nan,nan,nan,nan,nan,nan,nan,nan,nan,nan,nan,nan,nan,nan,nan,nan,nan,nan,nan,nan,nan,nan,nan,nan,nan,nan,nan,nan,nan,nan,nan,nan,nan,nan,nan,nan,nan,nan,nan,nan,nan,nan,nan,nan,nan,nan,nan,nan,nan,nan,nan,nan,0.054987269610714595
1791059556.7403562,-0.6268426486485993,0.6923891275389926,-0.004025943313223504,-0.32849137672058193,2.190507767416942,0.0489148283167431,0.40941495818660206,0.0,0.0,0.45266214896255813,-0.4446145336423934,0.19586762873390778,0.01343785864241709,0.7254799898083878,0.0,0.0,0.0539654550455174,0.1079543294725964,-0.0013189019793172227,-0.1380769385709358,0.7151124753703574,0.0,0.0,-1.169909907144289,1.2956499105653014,0.0060807965437134695,-0.1612090383780129,nan,nan,nan,nan,nan,nan,nan,0.025164085286660146,0.0,0.0,1.3159934426011393,-0.4520896535404863,0.02940492648856061,-0.2083064432106091,0.0,0.0,0.0,-0.863824517159474,1.968508839838539,0.1684910664551184,-0.002468748258447308,nan,nan,nan,nan,nan,nan,nan,nan,nan,nan,nan,nan,nan,nan,nan,nan,nan,nan,nan,nan,nan,nan,nan,nan,nan,nan,nan,nan,nan,nan,nan,nan,nan,nan,nan,nan,nan,nan,nan,nan,nan,nan,nan,nan,nan,nan,nan,nan,nan,nan,nan,nan,nan,nan,nan,nan,nan,nan,nan,nan,nan,nan,nan,0.04775777529311087
1791059556.8412304,-0.6220957132544759,0.6922422041353574,-0.003399854555455132,-0.32683265529679545,2.1928086023639177,0.04934372212659693,0.43164649924789844,0.0,0.0,0.47620441687688136,-0.4436070737389965,0.1966816865259479,0.0075864910447337695,0.7254799898083878,0.0,0.0,0.053989863739133476,0.09478143497957808,-0.005327168369806881,-0.13316141721984281,0.7151124753703574,0.0,0.0,-1.169483367058507,1.2820394645600586,-0.008343678685794408,-0.15464740843728197,nan,nan,nan,nan,nan,nan,nan,0.025164085286660146,0.0,0.0,1.3166069934166487,-0.4750928409691972,0.010989704214472882,-0.23019505318100392,0.0,0.0,0.0,-0.8466037407296029,1.968382490851132,0.17707279455580482,-0.0031424574095309443,nan,nan,nan,nan,nan,nan,nan,nan,nan,nan,nan,nan,nan,nan,nan,nan,nan,nan,nan,nan,nan,nan,nan,nan,nan,nan,nan,nan,nan,nan,nan,nan,nan,nan,nan,nan,nan,nan,nan,nan,nan,nan,nan,nan,nan,nan,nan,nan,nan,nan,nan,nan,nan,nan,nan,nan,nan,nan,nan,nan,nan,nan,nan,0.04187368664561979
1791059556.940648,-0.6173456197511905,0.6921228607229946,-0.0031948698216991184,-0.32493553564833033,2.1946570712738027,0.049838215759931775,0.4433117019940094,0.0,0.0,0.4951998615853523,-0.44276433115792846,0.21451457944140745,0.0055828428026406885,0.7254799898083878,0.0,0.0,0.053866722005924884,0.08178989663408467,-0.0005942501192377934,-0.1228223031038844,0.7151124753703574,0.0,0.0,-1.1688344851250159,1.264643232289649,0.008041007184256661,-0.15200758660646974,nan,nan,nan,nan,nan,nan,nan,0.025164085286660146,0.0,0.0,1.3173956673648108,-0.49774836136722517,0.011398632926399,-0.23110146135344833,0.0,0.0,0.0,-0.827642478532353,1.9682425257295413,0.1731769618532297,-0.0068036044772866195,nan,nan,nan,nan,nan,nan,nan,nan,nan,nan,nan,nan,nan,nan,nan,nan,nan,nan,nan,nan,nan,nan,nan,nan,nan,nan,nan,nan,nan,nan,nan,nan,nan,nan,nan,nan,nan,nan,nan,nan,nan,nan,nan,nan,nan,nan,nan,nan,nan,nan,nan,nan,nan,nan,nan,nan,nan,nan,nan,nan,nan,nan,nan,0.041478298490198115
1791059557.0409248,-0.6131454078151747,0.6921449520872985,-0.0035781875188261106,-0.32272528345422513,2.1960842623721395,0.050419683239324,0.3887407605791258,0.0,0.0,0.5153114392324646,-0.4417836015855694,0.20496672714172653,0.011120138162900091,0.7254799898083878,0.0,0.0,0.05390847129811699,0.06997952395853572,-0.0021681221273713285,-0.13286853787887218,0.7151124753703574,0.0,0.0,-1.1683204180430675,1.2488322760485364,0.008349033206537654,-0.15222044516065972,nan,nan,nan,nan,nan,nan,nan,0.025164085286660146,0.0,0.0,1.3183447890313424,-0.5184239352816844,0.009777982303143157,-0.22543521001396322,0.0,0.0,0.0,-0.8116652895910008,1.968212016192858,0.1802736987913974,-0.004731294120306184,nan,nan,nan,nan,nan,nan,nan,nan,nan,nan,nan,nan,nan,nan,nan,nan,nan,nan,nan,nan,nan,nan,nan,nan,nan,nan,nan,nan,nan,nan,nan,nan,nan,nan,nan,nan,nan,nan,nan,nan,nan,nan,nan,nan,nan,nan,nan,nan,nan,nan,nan,nan,nan,nan,nan,nan,nan,nan,nan,nan,nan,nan,nan,0.044375225709439296
1791059557.1420403,-0.6089057031474334,0.6918730460308138,-0.0033764595250486105,-0.3202252554726894,2.197088661066193,0.0510843714575429,0.44794512352480265,0.0,0.0,0.5389502762759218,-0.4407686128200858,0.20408675322234665,0.01240539658321849,0.7254799898083878,0.0,0.0,0.05374178997452266,0.056123892552698264,-0.008138193915133159,-0.12426210623509144,0.7151124753703574,0.0,0.0,-1.1680644587763558,1.2347579711602077,0.00434824785523802,-0.16149345047806832,nan,nan,nan,nan,nan,nan,nan,0.025164085286660146,0.0,0.0,1.3200375196515286,-0.5435507781725039,0.020713810240855522,-0.2271239799566589,0.0,0.0,0.0,-0.79434499317344,1.9682156088672262,0.17761602038404703,-0.0007463831739429377,nan,nan,nan,nan,nan,nan,nan,nan,nan,nan,nan,nan,nan,nan,nan,nan,nan,nan,nan,nan,nan,nan,nan,nan,nan,nan,nan,nan,nan,nan,nan,nan,nan,nan,nan,nan,nan,nan,nan,nan,nan,nan,nan,nan,nan,nan,nan,nan,nan,nan,nan,nan,nan,nan,nan,nan,nan,nan,nan,nan,nan,nan,nan,0.04892853420225782
1791059557.2424066,-0.6042038488378965,0.6917736229749966,-0.003192226285072513,-0.3175067828978196,2.1976760205458525,0.05181561194691418,0.4159427348065036,0.0,0.0,0.5596321809017655,-0.4399322223370848,0.21255358435398897,0.0036435728348044624,0.7254799898083878,0.0,0.0,0.053790483319526176,0.04318717491922798,0.004080157583811722,-0.1557649717925265,0.7151124753703574,0.0,0.0,-1.1676167630741583,1.218880062242045,-0.00013231000638571798,-0.1725418878862756,nan,nan,nan,nan,nan,nan,nan,0.025164085286660146,0.0,0.0,1.3208270284038561,-0.5663710216729227,0.007642348793179059,-0.2249461044615642,0.0,0.0,0.0,-0.7758354584946131,1.9680767942939053,0.16210646867851047,0.003515151371532951,nan,nan,nan,nan,nan,nan,nan,nan,nan,nan,nan,nan,nan,nan,nan,nan,nan,nan,nan,nan,nan,nan,nan,nan,nan,nan,nan,nan,nan,nan,nan,nan,nan,nan,nan,nan,nan,nan,nan,nan,nan,nan,nan,nan,nan,nan,nan,nan,nan,nan,nan,nan,nan,nan,nan,nan,nan,nan,nan,nan,nan,nan,nan,0.04463662471052055
1791059557.3401608,-0.5998915420696537,0.6919021059723126,-0.004045240367832597,-0.3144916438453453,2.1978629314021454,0.05263705417055795,0.5033598543227765,0.0,0.0,0.5797739001566167,-0.43917242116638033,0.18963305176160566,-0.0053572645647781735,0.7254799898083878,0.0,0.0,0.05321297481151881,0.02989998817962734,0.0018859326661132226,-0.14735619942802397,0.7151124753703574,0.0,0.0,-1.1671694304467823,1.2031779349962146,0.002369700454604403,-0.14847955127839105,nan,nan,nan,nan,nan,nan,nan,0.025164085286660146,0.0,0.0,1.3222413595047462,-0.5891773034639182,0.020941923956694062,-0.23891446674319483,0.0,0.0,0.0,-0.7606605851659389,1.9681602805007414,0.16494602276254106,0.007011299089157244,nan,nan,nan,nan,nan,nan,nan,nan,nan,nan,nan,nan,nan,nan,nan,nan,nan,nan,nan,nan,nan,nan,nan,nan,nan,nan,nan,nan,nan,nan,nan,nan,nan,nan,nan,nan,nan,nan,nan,nan,nan,nan,nan,nan,nan,nan,nan,nan,nan,nan,nan,nan,nan,nan,nan,nan,nan,nan,nan,nan,nan,nan,nan,0.03491271728576202
1791059557.4404514,-0.5953997414084746,0.691544726785704,-0.0031310841358756043,-0.31131696005778514,2.197662234365245,0.053513877230552766,0.38262906360346943,0.0,0.0,0.59885173562855,-0.4383937283449497,0.21424537536083826,0.013496886181434662,0.7254799898083878,0.0,0.0,0.05310267291517484,0.016150154946561728,-0.010209722384908856,-0.14198561097356738,0.7151124753703574,0.0,0.0,-1.166453047723575,1.1869673624896373,0.009269196458765082,-0.15427019835780384,nan,nan,nan,nan,nan,nan,nan,0.025164085286660146,0.0,0.0,1.3233081014216164,-0.6095137248233062,0.014542532222680619,-0.22392419620978446,0.0,0.0,0.0,-0.7439778143133945,1.968222585959087,0.16515909435650808,0.005040657821868881,nan,nan,nan,nan,nan,nan,nan,nan,nan,nan,nan,nan,nan,nan,nan,nan,nan,nan,nan,nan,nan,nan,nan,nan,nan,nan,nan,nan,nan,nan,nan,nan,nan,nan,nan,nan,nan,nan,nan,nan,nan,nan,nan,nan,nan,nan,nan,nan,nan,nan,nan,nan,nan,nan,nan,nan,nan,nan,nan,nan,nan,nan,nan,0.04147600751975354
1791059557.5411,-0.5912665820749229,0.691436619356421,-0.0035096862796289464,-0.30797944461494114,2.1970946343200746,0.054448957339253326,0.41428844190646585,0.0,0.0,0.618254579065393,-0.43763967916442476,0.18982745186705066,0.01136191368397212,0.7254799898083878,0.0,0.0,0.05318498183331062,-0.0001809743885765866,0.0037913495505378743,-0.14899663508535244,0.7151124753703574,0.0,0.0,-1.1658243417654646,1.1695511526618785,0.006063984214060646,-0.17189218287156843,nan,nan,nan,nan,nan,nan,nan,0.025164085286660146,0.0,0.0,1.3246611783193103,-0.6344403999090743,0.009971838894727322,-0.23472887154750616,0.0,0.0,0.0,-0.7273569993107972,1.9682091817965381,0.15787644628819045,-0.006000559960822023,nan,nan,nan,nan,nan,nan,nan,nan,nan,nan,nan,nan,nan,nan,nan,nan,nan,nan,nan,nan,nan,nan,nan,nan,nan,nan,nan,nan,nan,nan,nan,nan,nan,nan,nan,nan,nan,nan,nan,nan,nan,nan,nan,nan,nan,nan,nan,nan,nan,nan,nan,nan,nan,nan,nan,nan,nan,nan,nan,nan,nan,nan,nan,0.044612374599047024
1791059557.6408336,-0.587131496889745,0.6915008516899575,-0.004167773220290564,-0.3044909069158084,2.196184650855775,0.055441024105582895,0.3361532475773875,0.0,0.0,0.6383417771940353,-0.43656277518587394,0.2060226701786642,0.02643277447518912,0.7254799898083878,0.0,0.0,0.05317507537750811,-0.013933817018283019,0.0034853171845816424,-0.14900942062338746,0.7151124753703574,0.0,0.0,-1.1656252146840045,1.1552787537950953,0.003134622312632733,-0.16365290334310423,nan,nan,nan,nan,nan,nan,nan,0.025164085286660146,0.0,0.0,1.325717068297494,-0.6573070070495429,0.0068553824840665,-0.22601665161592258,0.0,0.0,0.0,-0.709290456715483,1.9684270862003874,0.1617783757371708,0.007181967962686373,nan,nan,nan,nan,nan,nan,nan,nan,nan,nan,nan,nan,nan,nan,nan,nan,nan,nan,nan,nan,nan,nan,nan,nan,nan,nan,nan,nan,nan,nan,nan,nan,nan,nan,nan,nan,nan,nan,nan,nan,nan,nan,nan,nan,nan,nan,nan,nan,nan,nan,nan,nan,nan,nan,nan,nan,nan,nan,nan,nan,nan,nan,nan,0.041039737410053026
1791059557.7400424,-0.5827380328739223,0.6913112164910946,-0.0040380265848138286,-0.3008565534255103,2.194944536240204,0.05649064382932563,0.44563329085228165,0.0,0.0,0.6579981895364554,-0.4357783826283985,0.1956103571162276,0.0042664664793520615,0.7254799898083878,0.0,0.0,0.05361621301653227,-0.03087562815226189,-0.002621550722112442,-0.17074047315223387,0.7151124753703574,0.0,0.0,-1.1650531212049497,1.1386597330353923,0.0048490494584564016,-0.15870351212534786,nan,nan,nan,nan,nan,nan,nan,0.025164085286660146,0.0,0.0,1.3268674785444143,-0.6801658987571758,0.014031354754114711,-0.2300691856904818,0.0,0.0,0.0,-0.6928145595425518,1.9683931377575852,0.1656976943655642,-0.004015373782237353,nan,nan,nan,nan,nan,nan,nan,nan,nan,nan,nan,nan,nan,nan,nan,nan,nan,nan,nan,nan,nan,nan,nan,nan,nan,nan,nan,nan,nan,nan,nan,nan,nan,nan,nan,nan,nan,nan,nan,nan,nan,nan,nan,nan,nan,nan,nan,nan,nan,nan,nan,nan,nan,nan,nan,nan,nan,nan,nan,nan,nan,nan,nan,0.04343845665966125
1791059557.8409028,-0.5781954951521938,0.6912174673617968,-0.003729150159822433,-0.29711937934358235,2.1934034947312258,0.05758722119257849,0.4342491869356464,0.0,0.0,0.6774989558310486,-0.43498933648944227,0.18879112429080824,0.007138837748807027,0.7254799898083878,0.0,0.0,0.0536189719794003,-0.04698749807152376,-0.008318161270495325,-0.16920698972762604,0.7151124753703574,0.0,0.0,-1.164402306483558,1.1223027364289477,0.011411731382723986,-0.16732987448310044,nan,nan,nan,nan,nan,nan,nan,0.025164085286660146,0.0,0.0,1.3281380698206988,-0.7032431815624188,0.006608713611593968,-0.23410980730911957,0.0,0.0,0.0,-0.6764732361483288,1.9683651650787402,0.15796537331488336,-0.00013856480356186276,nan,nan,nan,nan,nan,nan,nan,nan,nan,nan,nan,nan,nan,nan,nan,nan,nan,nan,nan,nan,nan,nan,nan,nan,nan,nan,nan,nan,nan,nan,nan,nan,nan,nan,nan,nan,nan,nan,nan,nan,nan,nan,nan,nan,nan,nan,nan,nan,nan,nan,nan,nan,nan,nan,nan,nan,nan,nan,nan,nan,nan,nan,nan,0.045873066263358096
1791059557.9414124,-0.573919218439923,0.6911053814414256,-0.003280802603460141,-0.2932491916821018,2.191578619538481,0.05874143198460047,0.41096780033972513,0.0,0.0,0.6992438852397622,-0.4341707531414855,0.20290896697834607,0.01015025835113963,0.7254799898083878,0.0,0.0,0.05420837157283624,-0.06359188455795405,0.034068581198395065,-0.1751432132577192,0.7151124753703574,0.0,0.0,-1.1637615940401718,1.1044328557344618,0.0035670822176385618,-0.1725155267697015,nan,nan,nan,nan,nan,nan,nan,0.025164085286660146,0.0,0.0,1.3292429313288563,-0.726023207478737,0.014000175934472482,-0.22694463667906686,0.0,0.0,0.0,-0.6596422222808063,1.9682883311637112,0.16874938424006802,-0.0002765025775136993,nan,nan,nan,nan,nan,nan,nan,nan,nan,nan,nan,nan,nan,nan,nan,nan,nan,nan,nan,nan,nan,nan,nan,nan,nan,nan,nan,nan,nan,nan,nan,nan,nan,nan,nan,nan,nan,nan,nan,nan,nan,nan,nan,nan,nan,nan,nan,nan,nan,nan,nan,nan,nan,nan,nan,nan,nan,nan,nan,nan,nan,nan,nan,0.04557538227311143
1791059558.0391374,-0.5692796996091256,0.6907891128661588,-0.004077553944559362,-0.28928813330045067,2.189489191600484,0.05994250773375254,0.43460033528993663,0.0,0.0,0.7171360556562658,-0.4339575160022483,0.1928815960957368,0.00341941306839591,0.7254799898083878,0.0,0.0,0.054526454702062896,-0.08030012173357612,0.006612130609413002,-0.1843722595198926,0.7151124753703574,0.0,0.0,-1.1629780130650804,1.0878691366561308,0.008751796691260782,-0.16205256162315218,nan,nan,nan,nan,nan,nan,nan,0.025164085286660146,0.0,0.0,1.3304080577756503,-0.7489439652376724,0.012054607580475284,-0.23522963938751829,0.0,0.0,0.0,-0.6431083050424682,1.9681893102995287,0.1687890301789281,-0.002289988785196173,nan,nan,nan,nan,nan,nan,nan,nan,nan,nan,nan,nan,nan,nan,nan,nan,nan,nan,nan,nan,nan,nan,nan,nan,nan,nan,nan,nan,nan,nan,nan,nan,nan,nan,nan,nan,nan,nan,nan,nan,nan,nan,nan,nan,nan,nan,nan,nan,nan,nan,nan,nan,nan,nan,nan,nan,nan,nan,nan,nan,nan,nan,nan,0.04434285124051997
1791059558.1420774,-0.5645807171647932,0.6907708570394971,-0.004358187171502542,-0.28523588849765624,2.1871555494647015,0.061192092375300926,0.4512111412369324,0.0,0.0,0.7388937393423266,-0.43331064708964345,0.21480067557229565,0.007014883081259647,0.7254799898083878,0.0,0.0,0.05468363673249096,-0.09798465668514371,-0.009234692253727327,-0.17938325209083472,0.7151124753703574,0.0,0.0,-1.1621996677853872,1.0727508529222411,0.01648723848039365,-0.16601278910811917,nan,nan,nan,nan,nan,nan,nan,0.025164085286660146,0.0,0.0,1.331886300442157,-0.7717200736758815,0.035115698983846796,-0.22671308133502627,0.0,0.0,0.0,-0.6264011799640301,1.9679925976022394,0.1625487830860165,-0.0012689432769105171,nan,nan,nan,nan,nan,nan,nan,nan,nan,nan,nan,nan,nan,nan,nan,nan,nan,nan,nan,nan,nan,nan,nan,nan,nan,nan,nan,nan,nan,nan,nan,nan,nan,nan,nan,nan,nan,nan,nan,nan,nan,nan,nan,nan,nan,nan,nan,nan,nan,nan,nan,nan,nan,nan,nan,nan,nan,nan,nan,nan,nan,nan,nan,0.04397327941872537
1791059558.240371,-0.5602590217824227,0.690711738296062,-0.003983677402547947,-0.28112675574581725,2.184600967736791,0.06248093462688849,0.6199551149673423,0.0,0.0,0.7555460980016103,-0.4329964944136433,0.19706207025163225,-0.004904571107594667,0.7254799898083878,0.0,0.0,0.055180968055428804,-0.11558281394538289,0.008538869913084675,-0.17398133908500382,0.7151124753703574,0.0,0.0,-1.161634628985266,1.0562785059133744,0.007138871202949304,-0.175909739570665,nan,nan,nan,nan,nan,nan,nan,0.025164085286660146,0.0,0.0,1.3324735120519504,-0.7922043577535324,-0.0249457191408891,-0.22563558202355005,0.0,0.0,0.0,-0.6097629352575145,1.967581714305444,0.17261685740239402,0.002008684068968161,nan,nan,nan,nan,nan,nan,nan,nan,nan,nan,nan,nan,nan,nan,nan,nan,nan,nan,nan,nan,nan,nan,nan,nan,nan,nan,nan,nan,nan,nan,nan,nan,nan,nan,nan,nan,nan,nan,nan,nan,nan,nan,nan,nan,nan,nan,nan,nan,nan,nan,nan,nan,nan,nan,nan,nan,nan,nan,nan,nan,nan,nan,nan,0.023666950362618306
1791059558.3419464,-0.5562651234215163,0.6905410935479147,-0.0037433027872636228,-0.27690191615637855,2.1818435488756007,0.06382904450306848,0.34871675923254425,0.0,0.0,0.7766781747494504,-0.4320373830670875,0.21941265615799882,0.0234818442971001,0.7254799898083878,0.0,0.0,0.055408488624539544,-0.13298569867951093,-0.0009487614544829897,-0.17041425605042299,0.7151124753703574,0.0,0.0,-1.161152629004374,1.0382111060632855,0.012597537954672701,-0.16081175232028763,nan,nan,nan,nan,nan,nan,nan,0.025164085286660146,0.0,0.0,1.3333641158370027,-0.8149588302720686,0.01623122459060529,-0.2177143116312644,0.0,0.0,0.0,-0.5930400334449265,1.9676220205530033,0.16893380667063873,0.0003130750572707435,nan,nan,nan,nan,nan,nan,nan,nan,nan,nan,nan,nan,nan,nan,nan,nan,nan,nan,nan,nan,nan,nan,nan,nan,nan,nan,nan,nan,nan,nan,nan,nan,nan,nan,nan,nan,nan,nan,nan,nan,nan,nan,nan,nan,nan,nan,nan,nan,nan,nan,nan,nan,nan,nan,nan,nan,nan,nan,nan,nan,nan,nan,nan,0.03297055702305181
1791059558.441269,-0.5528501156995204,0.6904408076770894,-0.0025907106364068547,-0.27255217520933794,2.178907429459349,0.06524153033370868,0.708018596166828,0.0,0.0,0.798278874318386,-0.43141066894599905,0.16350073200753212,-0.014999132567659805,0.7254799898083878,0.0,0.0,0.05518225348030466,-0.1481384975874169,-0.014141048728124408,-0.1582358544507408,0.7151124753703574,0.0,0.0,-1.1605221669489874,1.021487532169632,0.009801194254459678,-0.1711745231438405,nan,nan,nan,nan,nan,nan,nan,0.025164085286660146,0.0,0.0,1.3342871597742743,-0.8376054702745338,0.00800991400295066,-0.2215674990501093,0.0,0.0,0.0,-0.5781009676701503,1.9676360302099587,0.16160782706893256,-0.003244165660841994,nan,nan,nan,nan,nan,nan,nan,nan,nan,nan,nan,nan,nan,nan,nan,nan,nan,nan,nan,nan,nan,nan,nan,nan,nan,nan,nan,nan,nan,nan,nan,nan,nan,nan,nan,nan,nan,nan,nan,nan,nan,nan,nan,nan,nan,nan,nan,nan,nan,nan,nan,nan,nan,nan,nan,nan,nan,nan,nan,nan,nan,nan,nan,0.0358963939907736
1791059558.541056,-0.5489086752978141,0.6897870868715346,-0.008451375587985708,-0.26810447791682596,2.175796702742639,0.06671173690069912,0.3206089762766506,0.0,0.0,0.8205813540939384,-0.43016657835781313,0.16487157835221808,0.019484148179779625,0.7254799898083878,0.0,0.0,0.0554853952147977,-0.16516380512181797,0.005150107976624161,-0.20049868031253848,0.7151124753703574,0.0,0.0,-1.1598632788840733,1.006478123633908,0.005193416672003384,-0.17254358389175628,nan,nan,nan,nan,nan,nan,nan,0.025164085286660146,0.0,0.0,1.3352974727523195,-0.8624545340498577,0.01401967385307882,-0.22112081076738221,0.0,0.0,0.0,-0.5615194937326243,1.9675717992209474,0.16525238628611205,1.508115243541489e-05,nan,nan,nan,nan,nan,nan,nan,nan,nan,nan,nan,nan,nan,nan,nan,nan,nan,nan,nan,nan,nan,nan,nan,nan,nan,nan,nan,nan,nan,nan,nan,nan,nan,nan,nan,nan,nan,nan,nan,nan,nan,nan,nan,nan,nan,nan,nan,nan,nan,nan,nan,nan,nan,nan,nan,nan,nan,nan,nan,nan,nan,nan,nan,0.03622576726596188
1791059558.641203,-0.5445070467801584,0.6896284285883137,-0.007954435523600159,-0.2635731251975642,2.1725107233184655,0.06823672650806097,0.40856983130614394,0.0,0.0,0.8420632996294252,-0.42906308696535506,0.20327264661786376,0.011211304827754478,0.7254799898083878,0.0,0.0,0.05565896265652471,-0.18266673770468642,0.0016199762681997638,-0.1301372854716368,0.7151124753703574,0.0,0.0,-1.1593412719797804,0.9896283282446854,0.007522936340714902,-0.17115472243572757,nan,nan,nan,nan,nan,nan,nan,0.025164085286660146,0.0,0.0,1.336084680823963,-0.8828399298838562,0.005675966559455178,-0.2251725723911234,0.0,0.0,0.0,-0.5449641928894792,1.9679080444264971,0.17030659065201242,0.002272520589077445,nan,nan,nan,nan,nan,nan,nan,nan,nan,nan,nan,nan,nan,nan,nan,nan,nan,nan,nan,nan,nan,nan,nan,nan,nan,nan,nan,nan,nan,nan,nan,nan,nan,nan,nan,nan,nan,nan,nan,nan,nan,nan,nan,nan,nan,nan,nan,nan,nan,nan,nan,nan,nan,nan,nan,nan,nan,nan,nan,nan,nan,nan,nan,0.04321925654143293
1791059558.7410686,-0.5406114061135433,0.6898052921073009,-0.0038868722537511013,-0.25896270176174596,2.169097773253734,0.0698166140185041,0.38736852935461374,0.0,0.0,0.8645083185611214,-0.4281462523422688,0.23894075828100744,0.01841403162868767,0.7254799898083878,0.0,0.0,0.05575620761074947,-0.19937282176563476,0.0018128017005872223,-0.14423665592834112,0.7151124753703574,0.0,0.0,-1.1587314071038695,0.9731098401499515,0.012571448454660154,-0.1651562117273657,nan,nan,nan,nan,nan,nan,nan,0.025164085286660146,0.0,0.0,1.3372656769278495,-0.9049577438091478,0.007754265866689791,-0.2193906798090886,0.0,0.0,0.0,-0.5278838990611049,1.9679649135788013,0.20209777691557573,-0.010847325819755275,nan,nan,nan,nan,nan,nan,nan,nan,nan,nan,nan,nan,nan,nan,nan,nan,nan,nan,nan,nan,nan,nan,nan,nan,nan,nan,nan,nan,nan,nan,nan,nan,nan,nan,nan,nan,nan,nan,nan,nan,nan,nan,nan,nan,nan,nan,nan,nan,nan,nan,nan,nan,nan,nan,nan,nan,nan,nan,nan,nan,nan,nan,nan,0.045961623552857614
1791059558.8411474,-0.5362546027438324,0.6897498819841069,-0.004759224483740738,-0.25431358099386087,2.1655344538595105,0.0714388291560463,0.5017678809760812,0.0,0.0,0.8848271451118598,-0.42721298335933316,0.1955444854977277,-0.0038606391916852765,0.7254799898083878,0.0,0.0,0.055775439374647955,-0.21420472563751627,0.004640248009866776,-0.14917367049995062,0.7151124753703574,0.0,0.0,-1.1583182630658788,0.9565154656859408,0.001217042265701583,-0.1685712570390909,nan,nan,nan,nan,nan,nan,nan,0.025164085286660146,0.0,0.0,1.3385701503410126,-0.9292583939774258,0.013623893002821186,-0.2145689404335444,0.0,0.0,0.0,-0.5095683994779927,1.9680455134883774,0.2060655488301638,-0.00283714582116178,nan,nan,nan,nan,nan,nan,nan,nan,nan,nan,nan,nan,nan,nan,nan,nan,nan,nan,nan,nan,nan,nan,nan,nan,nan,nan,nan,nan,nan,nan,nan,nan,nan,nan,nan,nan,nan,nan,nan,nan,nan,nan,nan,nan,nan,nan,nan,nan,nan,nan,nan,nan,nan,nan,nan,nan,nan,nan,nan,nan,nan,nan,nan,0.04403964389206331
1791059558.941696,-0.5313877496380545,0.6894831151282681,-0.004550730417984624,-0.2496399830825428,2.161885508479887,0.07309916652623227,0.3616645993707821,0.0,0.0,0.9078326886454393,-0.4255188584712731,0.23514348493281345,0.02038176902640114,0.7254799898083878,0.0,0.0,0.055886451225892496,-0.2285512555866177,0.006939569021236367,-0.14704953780973967,0.7151124753703574,0.0,0.0,-1.157828319094718,0.939860506697077,0.0037890647026692626,-0.1685787233419403,nan,nan,nan,nan,nan,nan,nan,0.025164085286660146,0.0,0.0,1.3399685771698582,-0.9493977583176001,0.019695979375098427,-0.24572396378568293,0.0,0.0,0.0,-0.4918426107119862,1.968092986382903,0.18494475971440738,-0.001862111024739876,nan,nan,nan,nan,nan,nan,nan,nan,nan,nan,nan,nan,nan,nan,nan,nan,nan,nan,nan,nan,nan,nan,nan,nan,nan,nan,nan,nan,nan,nan,nan,nan,nan,nan,nan,nan,nan,nan,nan,nan,nan,nan,nan,nan,nan,nan,nan,nan,nan,nan,nan,nan,nan,nan,nan,nan,nan,nan,nan,nan,nan,nan,nan,0.04795262377098719
1791059559.042175,-0.5265942478978198,0.689588138968763,-0.005888301055487945,-0.24492047710622397,2.158111194971208,0.07480605893174819,0.3247898532198719,0.0,0.0,0.9301676950962013,-0.4238887312371278,0.2518988300565922,0.03690994457739933,0.7254799898083878,0.0,0.0,0.05602327114426107,-0.24388015044846142,0.004165901975832843,-0.1537788018163593,0.7151124753703574,0.0,0.0,-1.157447785810298,0.9236949906263688,0.002473855832813748,-0.1618371323549627,nan,nan,nan,nan,nan,nan,nan,0.025164085286660146,0.0,0.0,1.341521821119182,-0.9732137626790061,0.011965269861143603,-0.2233664970986631,0.0,0.0,0.0,-0.47437256233095715,1.9679812710728457,0.1889746042389278,-0.012906056061383658,nan,nan,nan,nan,nan,nan,nan,nan,nan,nan,nan,nan,nan,nan,nan,nan,nan,nan,nan,nan,nan,nan,nan,nan,nan,nan,nan,nan,nan,nan,nan,nan,nan,nan,nan,nan,nan,nan,nan,nan,nan,nan,nan,nan,nan,nan,nan,nan,nan,nan,nan,nan,nan,nan,nan,nan,nan,nan,nan,nan,nan,nan,nan,0.047638427388793286
1791059559.1408687,-0.52171064420103,0.6894499568742469,-0.005720311883670855,-0.24019914216443913,2.1542736975641734,0.07654415476938073,0.44518854356864973,0.0,0.0,0.9525686221070322,-0.42287467709947624,0.214071094110025,0.002681768832386271,0.7254799898083878,0.0,0.0,0.05601322665919827,-0.2596879460212563,-0.007773564400056119,-0.17231879472750092,0.7151124753703574,0.0,0.0,-1.156941157732911,0.9077515551967263,0.0009499633570364777,-0.15550446235708054,nan,nan,nan,nan,nan,nan,nan,0.025164085286660146,0.0,0.0,1.3429122115742593,-0.9957800361940907,0.006565930975366198,-0.23052717342288306,0.0,0.0,0.0,-0.4568286770100814,1.9679660555585352,0.18409218884364892,0.0008830818075676185,nan,nan,nan,nan,nan,nan,nan,nan,nan,nan,nan,nan,nan,nan,nan,nan,nan,nan,nan,nan,nan,nan,nan,nan,nan,nan,nan,nan,nan,nan,nan,nan,nan,nan,nan,nan,nan,nan,nan,nan,nan,nan,nan,nan,nan,nan,nan,nan,nan,nan,nan,nan,nan,nan,nan,nan,nan,nan,nan,nan,nan,nan,nan,0.048866239372088
1791059559.2415318,-0.5162905668751632,0.6892922615153072,-0.004682590794690914,-0.23551138192213206,2.1503538177939374,0.07830022290594346,0.3502775944754233,0.0,0.0,0.9730370467574991,-0.4214894595609104,0.2264992968422629,0.01467721276782388,0.7254799898083878,0.0,0.0,0.056203172250850746,-0.27568356177153813,0.0016371249868865692,-0.17473448213488288,0.7151124753703574,0.0,0.0,-1.1565075176802144,0.8911102340122321,0.001589455757266461,-0.16316550723890078,nan,nan,nan,nan,nan,nan,nan,0.025164085286660146,0.0,0.0,1.3449481407066648,-1.018307347286766,0.024574271248142033,-0.22781574471009802,0.0,0.0,0.0,-0.4375902927046667,1.9677663274398853,0.16976837062027944,-0.0017262698425081523,nan,nan,nan,nan,nan,nan,nan,nan,nan,nan,nan,nan,nan,nan,nan,nan,nan,nan,nan,nan,nan,nan,nan,nan,nan,nan,nan,nan,nan,nan,nan,nan,nan,nan,nan,nan,nan,nan,nan,nan,nan,nan,nan,nan,nan,nan,nan,nan,nan,nan,nan,nan,nan,nan,nan,nan,nan,nan,nan,nan,nan,nan,nan,0.0667971319190762
1791059559.3407776,-0.5107068047256135,0.6891854998814444,-0.0036923482989418195,-0.23083948079269265,2.1463875746838843,0.08008050884806239,0.5595578199064875,0.0,0.0,0.9953763383482829,-0.41992176621238647,0.18800070769248653,-0.0010402130943593744,0.7254799898083878,0.0,0.0,0.056560705926931756,-0.2909507793328533,0.00578541078506898,-0.18668039680277365,0.7151124753703574,0.0,0.0,-1.1561660987186249,0.8740270199165078,-0.0029242762919780615,-0.1607921783910079,nan,nan,nan,nan,nan,nan,nan,0.025164085286660146,0.0,0.0,1.3467316701996728,-1.0383472314704139,0.02596974328589649,-0.21090571078585552,0.0,0.0,0.0,-0.4215881889911991,1.9676663931267315,0.18614839715167547,-0.007858673501815945,nan,nan,nan,nan,nan,nan,nan,nan,nan,nan,nan,nan,nan,nan,nan,nan,nan,nan,nan,nan,nan,nan,nan,nan,nan,nan,nan,nan,nan,nan,nan,nan,nan,nan,nan,nan,nan,nan,nan,nan,nan,nan,nan,nan,nan,nan,nan,nan,nan,nan,nan,nan,nan,nan,nan,nan,nan,nan,nan,nan,nan,nan,nan,0.06460827013128835
1791059559.441615,-0.5047498596691242,0.6888119194652838,-0.004600251791636754,-0.22623600084399084,2.1424106042692497,0.0818642360530289,0.4076668723024219,0.0,0.0,1.0173765960207208,-0.41820304090210186,0.21343899217168233,0.009463851918429095,0.7254799898083878,0.0,0.0,0.05677407982458089,-0.30772229915887106,-3.10119142504856e-05,-0.15472258561670002,0.7151124753703574,0.0,0.0,-1.155528251939955,0.8568387370280075,0.017682407835712607,-0.18306231475230603,nan,nan,nan,nan,nan,nan,nan,0.025164085286660146,0.0,0.0,1.3486136711062662,-1.0614437629327962,0.02657970232835889,-0.23040023075818442,0.0,0.0,0.0,-0.40442383767058804,1.967806914717073,0.16276262279851705,0.009082098765006269,nan,nan,nan,nan,nan,nan,nan,nan,nan,nan,nan,nan,nan,nan,nan,nan,nan,nan,nan,nan,nan,nan,nan,nan,nan,nan,nan,nan,nan,nan,nan,nan,nan,nan,nan,nan,nan,nan,nan,nan,nan,nan,nan,nan,nan,nan,nan,nan,nan,nan,nan,nan,nan,nan,nan,nan,nan,nan,nan,nan,nan,nan,nan,0.07088578557484934
1791059559.5391457,-0.4975513552300369,0.6888788702099815,-0.005174770421688558,-0.22169479393226074,2.1384036263688766,0.0836525804424365,0.33916857687571167,0.0,0.0,1.039030754238014,-0.4163257712356009,0.2105863178471172,0.02078491832176392,0.7254799898083878,0.0,0.0,0.056843601128115526,-0.32465139197984366,0.024342114995758116,-0.16652050585511102,0.7151124753703574,0.0,0.0,-1.1554988145445042,0.8400703024716389,-0.004916377484789995,-0.1660248288384834,nan,nan,nan,nan,nan,nan,nan,0.025164085286660146,0.0,0.0,1.3498590663738315,-1.08546604731754,0.013947361929839652,-0.2277537471313907,0.0,0.0,0.0,-0.3873779618324952,1.967706525212808,0.16041560570408706,-0.003840391453811047,nan,nan,nan,nan,nan,nan,nan,nan,nan,nan,nan,nan,nan,nan,nan,nan,nan,nan,nan,nan,nan,nan,nan,nan,nan,nan,nan,nan,nan,nan,nan,nan,nan,nan,nan,nan,nan,nan,nan,nan,nan,nan,nan,nan,nan,nan,nan,nan,nan,nan,nan,nan,nan,nan,nan,nan,nan,nan,nan,nan,nan,nan,nan,0.06435301400378564
1791059559.641407,-0.4902845578772018,0.6884766388318825,-0.0049859156305209346,-0.21720076506562033,2.1343926208391877,0.08545047346624575,0.26120803252722163,0.0,0.0,1.062266140509048,-0.4143172028088554,0.2190723284676539,0.02629561288297865,0.7254799898083878,0.0,0.0,0.056610783237121313,-0.3393822055245049,0.008836297376468388,-0.13491689655637315,0.7151124753703574,0.0,0.0,-1.1550794789253305,0.8230371320807042,0.008819815022652078,-0.16614051898890586,nan,nan,nan,nan,nan,nan,nan,0.025164085286660146,0.0,0.0,1.3513077266611184,-1.10539903299403,0.013757462706824385,-0.21917149189293336,0.0,0.0,0.0,-0.3707756555444593,1.9677150639237917,0.16550272786174347,0.005585298669623156,nan,nan,nan,nan,nan,nan,nan,nan,nan,nan,nan,nan,nan,nan,nan,nan,nan,nan,nan,nan,nan,nan,nan,nan,nan,nan,nan,nan,nan,nan,nan,nan,nan,nan,nan,nan,nan,nan,nan,nan,nan,nan,nan,nan,nan,nan,nan,nan,nan,nan,nan,nan,nan,nan,nan,nan,nan,nan,nan,nan,nan,nan,nan,0.07860161985896652
1791059559.741615,-0.4836402224290555,0.6884928891129417,-0.004427321000882158,-0.21274640811467593,2.1304162661861223,0.0872601062955712,0.3742056767501261,0.0,0.0,1.0851722038451774,-0.4126733813050175,0.24094157771043723,0.014746470957389181,0.7254799898083878,0.0,0.0,0.056528748407113076,-0.3544347883028474,0.008544684594804898,-0.14598800367136439,0.7151124753703574,0.0,0.0,-1.1545725035042325,0.8054672651806545,0.0014323737947464533,-0.18766425571874756,nan,nan,nan,nan,nan,nan,nan,0.025164085286660146,0.0,0.0,1.3529835879952385,-1.1269915601552714,0.018276609782270498,-0.20455606236498264,0.0,0.0,0.0,-0.35382778926563546,1.9677915367464367,0.159455360839366,0.006766281420940359,nan,nan,nan,nan,nan,nan,nan,nan,nan,nan,nan,nan,nan,nan,nan,nan,nan,nan,nan,nan,nan,nan,nan,nan,nan,nan,nan,nan,nan,nan,nan,nan,nan,nan,nan,nan,nan,nan,nan,nan,nan,nan,nan,nan,nan,nan,nan,nan,nan,nan,nan,nan,nan,nan,nan,nan,nan,nan,nan,nan,nan,nan,nan,0.07679294900089566
1791059559.8409805,-0.47574799259865785,0.6885023247593864,-0.005239223090352057,-0.20835755216139096,2.1264376881951668,0.08906999418739264,0.48937968433520773,0.0,0.0,1.107996428126965,-0.41072958458149256,0.22471195012928089,0.019067018067042037,0.7254799898083878,0.0,0.0,0.05639467173020345,-0.36848240561896883,0.0030598517051035044,-0.14797263795512886,0.7151124753703574,0.0,0.0,-1.1542587439578536,0.7880012882533596,-0.0002501458929032715,-0.17067805572040684,nan,nan,nan,nan,nan,nan,nan,0.025164085286660146,0.0,0.0,1.3549457093306727,-1.149139003836219,0.018710745049358962,-0.20836854232535396,0.0,0.0,0.0,-0.33552326666014914,1.9678305306495114,0.16817560245996116,0.003431958215153653,nan,nan,nan,nan,nan,nan,nan,nan,nan,nan,nan,nan,nan,nan,nan,nan,nan,nan,nan,nan,nan,nan,nan,nan,nan,nan,nan,nan,nan,nan,nan,nan,nan,nan,nan,nan,nan,nan,nan,nan,nan,nan,nan,nan,nan,nan,nan,nan,nan,nan,nan,nan,nan,nan,nan,nan,nan,nan,nan,nan,nan,nan,nan,0.08330107625546727
1791059559.9422374,-0.46796927249294745,0.6879094035638745,-0.005090150107642376,-0.20404885414956717,2.12251000878392,0.0908727291608099,0.3310820942154804,0.0,0.0,1.130518862732916,-0.4089696563143905,0.21139838361972443,0.009982666555101381,0.7254799898083878,0.0,0.0,0.05576959174799296,-0.38601157683658677,-0.003260150697066393,-0.16581678870271743,0.7151124753703574,0.0,0.0,-1.153708949520952,0.7705316791920367,0.006911754597204703,-0.17396401762670016,nan,nan,nan,nan,nan,nan,nan,0.025164085286660146,0.0,0.0,1.3567303504492136,-1.1691080719725173,0.013234234433337006,-0.2056210358047108,0.0,0.0,0.0,-0.3205899055052452,1.9678834512449064,0.17128505759804524,-0.0006131112622091458,nan,nan,nan,nan,nan,nan,nan,nan,nan,nan,nan,nan,nan,nan,nan,nan,nan,nan,nan,nan,nan,nan,nan,nan,nan,nan,nan,nan,nan,nan,nan,nan,nan,nan,nan,nan,nan,nan,nan,nan,nan,nan,nan,nan,nan,nan,nan,nan,nan,nan,nan,nan,nan,nan,nan,nan,nan,nan,nan,nan,nan,nan,nan,0.08764766871504662
1791059560.0410469,-0.45973896050953744,0.6879985401271992,-0.004748868414261849,-0.19981771715615418,2.118607589664402,0.09266793450628619,0.3898253008416462,0.0,0.0,1.1530817797045465,-0.40742429294878213,0.22736894508450622,0.021396667360091003,0.7254799898083878,0.0,0.0,0.05576938616125737,-0.4008827961572753,0.0014469722208937544,-0.16739301179024996,0.7151124753703574,0.0,0.0,-1.1532788504219122,0.7527371617264009,-9.031717387182278e-05,-0.1840586742392664,nan,nan,nan,nan,nan,nan,nan,0.025164085286660146,0.0,0.0,1.35796908242926,-1.1894239158776625,0.009961718448681111,-0.19629496578034655,0.0,0.0,0.0,-0.3032477980365548,1.9679500617218533,0.172211422776829,0.0008323232074187866,nan,nan,nan,nan,nan,nan,nan,nan,nan,nan,nan,nan,nan,nan,nan,nan,nan,nan,nan,nan,nan,nan,nan,nan,nan,nan,nan,nan,nan,nan,nan,nan,nan,nan,nan,nan,nan,nan,nan,nan,nan,nan,nan,nan,nan,nan,nan,nan,nan,nan,nan,nan,nan,nan,nan,nan,nan,nan,nan,nan,nan,nan,nan,0.07242031690342636
1791059560.1407108,-0.45129339763538967,0.687602936258011,-0.005358191764160526,-0.19566591939633624,2.114765256759766,0.0944534141589539,0.3236477747331755,0.0,0.0,1.1763453510489437,-0.40577905357062355,0.23600660573800225,0.02447274705818229,0.7254799898083878,0.0,0.0,0.0566507931675992,-0.4184365018269487,0.013888564474410952,-0.15974872972717055,0.7151124753703574,0.0,0.0,-1.152872792388526,0.735306096108186,0.005189733578561513,-0.16709559995633133,nan,nan,nan,nan,nan,nan,nan,0.025164085286660146,0.0,0.0,1.3595236577555168,-1.211983311249728,0.0135472113093578,-0.20619030312793166,0.0,0.0,0.0,-0.2844070579307376,1.9678625356084822,0.15371435587197346,-0.0023728059425896257,nan,nan,nan,nan,nan,nan,nan,nan,nan,nan,nan,nan,nan,nan,nan,nan,nan,nan,nan,nan,nan,nan,nan,nan,nan,nan,nan,nan,nan,nan,nan,nan,nan,nan,nan,nan,nan,nan,nan,nan,nan,nan,nan,nan,nan,nan,nan,nan,nan,nan,nan,nan,nan,nan,nan,nan,nan,nan,nan,nan,nan,nan,nan,0.07346076047476217
1791059560.2427962,-0.44404247195084223,0.6873534351855575,-0.004957251132776258,-0.19156967102508698,2.1109898760207715,0.09623815960200546,0.3109848031341315,0.0,0.0,1.1990522025226198,-0.40458810478110324,0.21789638985255178,0.0007287145311244561,0.7254799898083878,0.0,0.0,0.056770828544017785,-0.4350982112487382,-0.006981097496480329,-0.16979992196467858,0.7151124753703574,0.0,0.0,-1.1522361190406318,0.716663067252016,0.0037759068381047686,-0.17291488243478617,nan,nan,nan,nan,nan,nan,nan,0.025164085286660146,0.0,0.0,1.3610721687766583,-1.2316691196529617,0.020417606167062508,-0.20839431736349,0.0,0.0,0.0,-0.270292440092379,1.967757481355217,0.16663135809605262,0.000490405502567395,nan,nan,nan,nan,nan,nan,nan,nan,nan,nan,nan,nan,nan,nan,nan,nan,nan,nan,nan,nan,nan,nan,nan,nan,nan,nan,nan,nan,nan,nan,nan,nan,nan,nan,nan,nan,nan,nan,nan,nan,nan,nan,nan,nan,nan,nan,nan,nan,nan,nan,nan,nan,nan,nan,nan,nan,nan,nan,nan,nan,nan,nan,nan,0.07933979145747867
1791059560.3419218,-0.4362654113304618,0.6873285650874683,-0.005153438281432457,-0.18751147211478877,2.1072608832074424,0.09802891121814955,0.28601670413186986,0.0,0.0,1.2241990206325817,-0.4030547749344681,0.22798856462114606,0.013205937764084012,0.7254799898083878,0.0,0.0,0.05682577403299587,-0.4516673779441974,0.004052409395890597,-0.16791876745016399,0.7151124753703574,0.0,0.0,-1.1518138382106915,0.6998188422405175,0.00833656573364055,-0.16355487556610757,nan,nan,nan,nan,nan,nan,nan,0.025164085286660146,0.0,0.0,1.3626250304808043,-1.2524735708538464,0.022735124115695934,-0.19754164164934418,0.0,0.0,0.0,-0.2529562107151391,1.9676491748101204,0.15695991616571214,-0.003965010321700983,nan,nan,nan,nan,nan,nan,nan,nan,nan,nan,nan,nan,nan,nan,nan,nan,nan,nan,nan,nan,nan,nan,nan,nan,nan,nan,nan,nan,nan,nan,nan,nan,nan,nan,nan,nan,nan,nan,nan,nan,nan,nan,nan,nan,nan,nan,nan,nan,nan,nan,nan,nan,nan,nan,nan,nan,nan,nan,nan,nan,nan,nan,nan,0.07830419427965128
1791059560.4404566,-0.4282128710362224,0.6868058951486374,-0.0041052986146145306,-0.18353371879219002,2.103629700508859,0.09980587399989674,0.23130184987084285,0.0,0.0,1.245854814332984,-0.4018074559523636,0.2267008315706211,0.020097213081552504,0.7254799898083878,0.0,0.0,0.057112332322516494,-0.46681220322806766,0.00763914353343576,-0.1655254275822982,0.7151124753703574,0.0,0.0,-1.151179158277652,0.6846649093052206,0.009201675200197358,-0.1610774999704798,nan,nan,nan,nan,nan,nan,nan,0.025164085286660146,0.0,0.0,1.3639688178296203,-1.270857241964038,0.013283342753182402,-0.1939651349476624,0.0,0.0,0.0,-0.23821621033761523,1.9675994609347627,0.15528367771375584,-0.006412621904497356,nan,nan,nan,nan,nan,nan,nan,nan,nan,nan,nan,nan,nan,nan,nan,nan,nan,nan,nan,nan,nan,nan,nan,nan,nan,nan,nan,nan,nan,nan,nan,nan,nan,nan,nan,nan,nan,nan,nan,nan,nan,nan,nan,nan,nan,nan,nan,nan,nan,nan,nan,nan,nan,nan,nan,nan,nan,nan,nan,nan,nan,nan,nan,0.0968324328667259
1791059560.541173,-0.4201264866745137,0.6868273609703713,-0.00425549155771007,-0.17959502716175632,2.1000469274149687,0.10158644644306979,0.33493908786717086,0.0,0.0,1.2685792952931747,-0.4006895333157808,0.23066744363125338,0.019627303123716862,0.7254799898083878,0.0,0.0,0.057519635121714985,-0.4835979951631598,0.00492315228175009,-0.16688004843272042,0.7151124753703574,0.0,0.0,-1.1507417048887718,0.6681321362533168,0.007215091212791529,-0.16898877391606748,nan,nan,nan,nan,nan,nan,nan,0.025164085286660146,0.0,0.0,1.3652308635012738,-1.2917079015173933,0.011084256343145787,-0.16445838236871752,0.0,0.0,0.0,-0.22236676401836272,1.9675884935657415,0.16498655666214737,0.0008887755660450011,nan,nan,nan,nan,nan,nan,nan,nan,nan,nan,nan,nan,nan,nan,nan,nan,nan,nan,nan,nan,nan,nan,nan,nan,nan,nan,nan,nan,nan,nan,nan,nan,nan,nan,nan,nan,nan,nan,nan,nan,nan,nan,nan,nan,nan,nan,nan,nan,nan,nan,nan,nan,nan,nan,nan,nan,nan,nan,nan,nan,nan,nan,nan,0.09083358116751507
1791059560.642714,-0.4107050152862737,0.6866995609388584,-0.00589111270625902,-0.17574310855029465,2.0965300893471897,0.10334793478263254,0.36365150990753253,0.0,0.0,1.293285472829822,-0.39947329821123834,0.21513069654313172,0.006252220643082307,0.7254799898083878,0.0,0.0,0.057238324379103124,-0.5014818193694563,-0.013818539823541422,-0.14780041397836535,0.7151124753703574,0.0,0.0,-1.1503842503134178,0.6493525573471411,-0.0008540525823073032,-0.17003286355844113,nan,nan,nan,nan,nan,nan,nan,0.025164085286660146,0.0,0.0,1.3666121392916024,-1.3087905028839986,0.012047994178077746,-0.17616820413838336,0.0,0.0,0.0,-0.2050917037579266,1.967547033864956,0.15865394395347907,-0.002018983519912006,nan,nan,nan,nan,nan,nan,nan,nan,nan,nan,nan,nan,nan,nan,nan,nan,nan,nan,nan,nan,nan,nan,nan,nan,nan,nan,nan,nan,nan,nan,nan,nan,nan,nan,nan,nan,nan,nan,nan,nan,nan,nan,nan,nan,nan,nan,nan,nan,nan,nan,nan,nan,nan,nan,nan,nan,nan,nan,nan,nan,nan,nan,nan,0.0805616771886163
1791059560.741105,-0.4019350825596848,0.6863697233284188,-0.005284835201853529,-0.17202428831766367,2.0931369038542953,0.10506732847758138,0.38795363001867855,0.0,0.0,1.3137399490816861,-0.3980779927280193,0.22999189889736615,0.012201712669341495,0.7254799898083878,0.0,0.0,0.05753249418170039,-0.5174312887493253,0.009873408213703078,-0.15296626726468102,0.7151124753703574,0.0,0.0,-1.149989716693616,0.6341419073989724,0.005808943565115207,-0.1651867458476049,nan,nan,nan,nan,nan,nan,nan,0.025164085286660146,0.0,0.0,1.3680062546304523,-1.3258040522653198,0.01059606426298184,-0.1773453833361528,0.0,0.0,0.0,-0.18925757572058496,1.9675797162050306,0.15131102200406277,-0.0007741444069571499,nan,nan,nan,nan,nan,nan,nan,nan,nan,nan,nan,nan,nan,nan,nan,nan,nan,nan,nan,nan,nan,nan,nan,nan,nan,nan,nan,nan,nan,nan,nan,nan,nan,nan,nan,nan,nan,nan,nan,nan,nan,nan,nan,nan,nan,nan,nan,nan,nan,nan,nan,nan,nan,nan,nan,nan,nan,nan,nan,nan,nan,nan,nan,0.08895985847816008
1791059560.8407233,-0.39367296558275283,0.6860175613932312,-0.005246955402301152,-0.16833098008195416,2.089781998203988,0.10679304559229452,0.16802951182051717,0.0,0.0,1.3362122298999661,-0.3966100151307266,0.23318710380949528,0.02050810075128937,0.7254799898083878,0.0,0.0,0.05749054977309403,-0.5327949060007706,0.004713057371481655,-0.15381160885375955,0.7151124753703574,0.0,0.0,-1.1494741957691768,0.6166699571371421,0.006036628432523213,-0.18177865232803417,nan,nan,nan,nan,nan,nan,nan,0.025164085286660146,0.0,0.0,1.369493268582869,-1.3436064597796573,0.0286251211918089,-0.1804386213515174,0.0,0.0,0.0,-0.1738163355580445,1.9676645061112652,0.14846453965027898,0.003976505203465637,nan,nan,nan,nan,nan,nan,nan,nan,nan,nan,nan,nan,nan,nan,nan,nan,nan,nan,nan,nan,nan,nan,nan,nan,nan,nan,nan,nan,nan,nan,nan,nan,nan,nan,nan,nan,nan,nan,nan,nan,nan,nan,nan,nan,nan,nan,nan,nan,nan,nan,nan,nan,nan,nan,nan,nan,nan,nan,nan,nan,nan,nan,nan,0.0965708654806018
1791059560.9406052,-0.38446052157521315,0.6860110424259268,-0.005782694484099591,-0.1647305455949182,2.086517678791761,0.1084926118554725,0.30403941778491583,0.0,0.0,1.3587168072425124,-0.3951763406348181,0.21881222138586873,0.016475019623318026,0.7254799898083878,0.0,0.0,0.057232195572556495,-0.5485351470964476,-0.00978388104633006,-0.1626386035556483,0.7151124753703574,0.0,0.0,-1.1490996579093753,0.5978863915505096,0.011017274611213393,-0.12472440466909113,nan,nan,nan,nan,nan,nan,nan,0.025164085286660146,0.0,0.0,1.3708626262593437,-1.3615778052374687,0.0029538048555020125,-0.18629374774869747,0.0,0.0,0.0,-0.16000189834119347,1.967710781802049,0.1516138171977845,0.0013814589877893678,nan,nan,nan,nan,nan,nan,nan,nan,nan,nan,nan,nan,nan,nan,nan,nan,nan,nan,nan,nan,nan,nan,nan,nan,nan,nan,nan,nan,nan,nan,nan,nan,nan,nan,nan,nan,nan,nan,nan,nan,nan,nan,nan,nan,nan,nan,nan,nan,nan,nan,nan,nan,nan,nan,nan,nan,nan,nan,nan,nan,nan,nan,nan,0.09328520722208501
1791059561.0405576,-0.3747472317721607,0.6856245512993491,-0.0057045135429782115,-0.16122167650410169,2.0833378330841392,0.11016519912953293,0.2797139237908622,0.0,0.0,1.381262165269905,-0.39386853658052634,0.22726264082585296,0.01993839505623946,0.7254799898083878,0.0,0.0,0.05716268138000722,-0.5643255887941693,-0.004080595231263879,-0.16065664493607332,0.7151124753703574,0.0,0.0,-1.148584824587559,0.5831088594031202,0.006539496397219041,-0.1400233482165509,nan,nan,nan,nan,nan,nan,nan,0.025164085286660146,0.0,0.0,1.3720434433292743,-1.3778310266359695,0.015051192039863737,-0.1739817630861527,0.0,0.0,0.0,-0.1445956332210045,1.967856051716701,0.16302735196219925,0.004137918180527118,nan,nan,nan,nan,nan,nan,nan,nan,nan,nan,nan,nan,nan,nan,nan,nan,nan,nan,nan,nan,nan,nan,nan,nan,nan,nan,nan,nan,nan,nan,nan,nan,nan,nan,nan,nan,nan,nan,nan,nan,nan,nan,nan,nan,nan,nan,nan,nan,nan,nan,nan,nan,nan,nan,nan,nan,nan,nan,nan,nan,nan,nan,nan,0.09731396208730664
1791059561.1420915,-0.3649016591394985,0.6852628946159139,-0.006396490332781402,-0.1578043860004722,2.0802467222506613,0.11180940925535628,0.2338671209929437,0.0,0.0,1.4060351910094708,-0.39235566384437637,0.21282641343364261,0.008434593985201065,0.7254799898083878,0.0,0.0,0.05682870879130138,-0.5809640578560004,0.009521537787404262,-0.16425760801838915,0.7151124753703574,0.0,0.0,-1.148217752327139,0.5675128474239791,0.006095885351845464,-0.14692141215426535,nan,nan,nan,nan,nan,nan,nan,0.025164085286660146,0.0,0.0,1.3733172580694337,-1.3980187749220478,0.016552611764495483,-0.1771756792979111,0.0,0.0,0.0,-0.12750559232407002,1.9680467760043725,0.14481514278230434,-0.0009062690940365759,nan,nan,nan,nan,nan,nan,nan,nan,nan,nan,nan,nan,nan,nan,nan,nan,nan,nan,nan,nan,nan,nan,nan,nan,nan,nan,nan,nan,nan,nan,nan,nan,nan,nan,nan,nan,nan,nan,nan,nan,nan,nan,nan,nan,nan,nan,nan,nan,nan,nan,nan,nan,nan,nan,nan,nan,nan,nan,nan,nan,nan,nan,nan,0.10730476470663823
1791059561.2408707,-0.3554201669159197,0.6852828196333989,-0.0058745435104018,-0.15446663483453824,2.077267851127542,0.11342976586458338,0.4436030464271973,0.0,0.0,1.426621286568039,-0.390879521599996,0.21996223678292734,0.002290863406137547,0.7254799898083878,0.0,0.0,0.05690021343744239,-0.5958961552273171,0.0070258818480725925,-0.166613908204149,0.7151124753703574,0.0,0.0,-1.1479066265410436,0.5538471509489126,0.002047662163710499,-0.15965760804583345,nan,nan,nan,nan,nan,nan,nan,0.025164085286660146,0.0,0.0,1.3741890801132617,-1.4145645314892457,0.004565159045301313,-0.1825072981287182,0.0,0.0,0.0,-0.11319377922373705,1.9682444469607934,0.14405377964325441,0.0016117115986804284,nan,nan,nan,nan,nan,nan,nan,nan,nan,nan,nan,nan,nan,nan,nan,nan,nan,nan,nan,nan,nan,nan,nan,nan,nan,nan,nan,nan,nan,nan,nan,nan,nan,nan,nan,nan,nan,nan,nan,nan,nan,nan,nan,nan,nan,nan,nan,nan,nan,nan,nan,nan,nan,nan,nan,nan,nan,nan,nan,nan,nan,nan,nan,0.10299583920101317
1791059561.344297,-0.3450224863731052,0.6850971377164243,-0.006829325738533515,-0.15120625339973054,2.0743577338316594,0.1150261833904973,0.413114437838754,0.0,0.0,1.4514029548965934,-0.3887672756270912,0.2197468942431039,0.014785645558864335,0.7254799898083878,0.0,0.0,0.05667429306563265,-0.6146500301905872,-0.00620046112939494,-0.16921740255931553,0.7151124753703574,0.0,0.0,-1.1475361155042667,0.5369771651021564,-0.0006735828244149529,-0.15328901332922487,nan,nan,nan,nan,nan,nan,nan,0.025164085286660146,0.0,0.0,1.3757155540064254,-1.4343780208941372,0.014079016874173785,-0.1771840414663391,0.0,0.0,0.0,-0.09807579067341758,1.9685046482947324,0.15204692206948886,0.01734387398585913,nan,nan,nan,nan,nan,nan,nan,nan,nan,nan,nan,nan,nan,nan,nan,nan,nan,nan,nan,nan,nan,nan,nan,nan,nan,nan,nan,nan,nan,nan,nan,nan,nan,nan,nan,nan,nan,nan,nan,nan,nan,nan,nan,nan,nan,nan,nan,nan,nan,nan,nan,nan,nan,nan,nan,nan,nan,nan,nan,nan,nan,nan,nan,0.09884204324098303
1791059561.4428446,-0.3348250755526441,0.6847466885275597,-0.006814661941102602,-0.14806817449495854,2.071540540846026,0.11657530134727107,0.28581210814600566,0.0,0.0,1.4733843110707947,-0.387177371523905,0.21925837719929153,0.003243525285942893,0.7254799898083878,0.0,0.0,0.05670495112667917,-0.631954284005808,0.004726329854566513,-0.16939931155142168,0.7151124753703574,0.0,0.0,-1.1469045661444641,0.5212918909621235,0.008960395304540543,-0.15678436789323041,nan,nan,nan,nan,nan,nan,nan,0.025164085286660146,0.0,0.0,1.3769488718785627,-1.4523362026566267,0.0113490719161925,-0.18146072296568388,0.0,0.0,0.0,-0.08262896509957521,1.9685131649123089,0.15729724655454036,-0.010179018780357757,nan,nan,nan,nan,nan,nan,nan,nan,nan,nan,nan,nan,nan,nan,nan,nan,nan,nan,nan,nan,nan,nan,nan,nan,nan,nan,nan,nan,nan,nan,nan,nan,nan,nan,nan,nan,nan,nan,nan,nan,nan,nan,nan,nan,nan,nan,nan,nan,nan,nan,nan,nan,nan,nan,nan,nan,nan,nan,nan,nan,nan,nan,nan,0.09576298624309804
1791059561.5423994,-0.32494572373040065,0.6843051939473918,-0.006133623835730949,-0.14501978198947668,2.0688410287154375,0.11809184211157674,0.19139390592945854,0.0,0.0,1.4958302933503154,-0.38517082464800123,0.21770996100053738,0.02727014388713187,0.7254799898083878,0.0,0.0,0.05661787244472439,-0.6493689900376738,-0.0047921597606333495,-0.17970821902744105,0.7151124753703574,0.0,0.0,-1.1463668313757918,0.5054693745240934,0.009383537186784346,-0.16215212235939858,nan,nan,nan,nan,nan,nan,nan,0.025164085286660146,0.0,0.0,1.3785578151579794,-1.4711057354230397,0.008320177429727621,-0.14893073092625972,0.0,0.0,0.0,-0.06500237029131446,1.9687014264261862,0.15471493517192647,0.001560284263756767,nan,nan,nan,nan,nan,nan,nan,nan,nan,nan,nan,nan,nan,nan,nan,nan,nan,nan,nan,nan,nan,nan,nan,nan,nan,nan,nan,nan,nan,nan,nan,nan,nan,nan,nan,nan,nan,nan,nan,nan,nan,nan,nan,nan,nan,nan,nan,nan,nan,nan,nan,nan,nan,nan,nan,nan,nan,nan,nan,nan,nan,nan,nan,0.1053016526202946
1791059561.642007,-0.31524063881039555,0.6839547933588286,-0.007759414671391285,-0.14201750568864074,2.0662077058402994,0.11959658603852237,0.17346433596536484,0.0,0.0,1.518279083073141,-0.38351349112152594,0.2214393520089958,0.02182048608198187,0.7254799898083878,0.0,0.0,0.05659692163817171,-0.6661183953575157,0.000881827650178225,-0.16231867490074753,0.7151124753703574,0.0,0.0,-1.1459501060855162,0.48907603444323583,-0.0004221780817529027,-0.16482036467408812,nan,nan,nan,nan,nan,nan,nan,0.025164085286660146,0.0,0.0,1.3795571642627917,-1.4891176831286879,0.009314099402517583,-0.1669217082431979,0.0,0.0,0.0,-0.050415193245014124,1.9689244606788314,0.1551800793088048,-0.006088548699173352,nan,nan,nan,nan,nan,nan,nan,nan,nan,nan,nan,nan,nan,nan,nan,nan,nan,nan,nan,nan,nan,nan,nan,nan,nan,nan,nan,nan,nan,nan,nan,nan,nan,nan,nan,nan,nan,nan,nan,nan,nan,nan,nan,nan,nan,nan,nan,nan,nan,nan,nan,nan,nan,nan,nan,nan,nan,nan,nan,nan,nan,nan,nan,0.10973286310387845
1791059561.740937,-0.3049017806111444,0.6839438999191794,-0.008768934411403187,-0.1391220972377159,2.0636656225772545,0.12105812847824171,0.2939424963673522,0.0,0.0,1.5380539663058201,-0.38198756363107234,0.22611793688222456,0.01774493021716329,0.7254799898083878,0.0,0.0,0.05689175341103827,-0.6819365531132475,0.006935987794835511,-0.16977472752115255,0.7151124753703574,0.0,0.0,-1.1456206215653693,0.4744078706612266,-0.002385258170396631,-0.16072391101888883,nan,nan,nan,nan,nan,nan,nan,0.025164085286660146,0.0,0.0,1.381205798845998,-1.5044040343011873,0.004862913050872698,-0.15797448935369313,0.0,0.0,0.0,-0.03527531203252051,1.9695936390230606,0.1259436193845716,0.030216287692875207,nan,nan,nan,nan,nan,nan,nan,nan,nan,nan,nan,nan,nan,nan,nan,nan,nan,nan,nan,nan,nan,nan,nan,nan,nan,nan,nan,nan,nan,nan,nan,nan,nan,nan,nan,nan,nan,nan,nan,nan,nan,nan,nan,nan,nan,nan,nan,nan,nan,nan,nan,nan,nan,nan,nan,nan,nan,nan,nan,nan,nan,nan,nan,0.1079582546048939
1791059561.8410933,-0.29393651780373176,0.6834796621694575,-0.008982090412376841,-0.1363182836049907,2.061221016450222,0.12248302091278332,0.3208462971344401,0.0,0.0,1.562922981518077,-0.38031012041764717,0.2253752139323576,0.008082981888377961,0.7254799898083878,0.0,0.0,0.056966884143705064,-0.6999542442792882,-0.006967144042042653,-0.16116653648665885,0.7151124753703574,0.0,0.0,-1.1450076696235794,0.4582653672981729,0.013267055705204261,-0.15164326263754002,nan,nan,nan,nan,nan,nan,nan,0.025164085286660146,0.0,0.0,1.3814312320335829,-1.5187803413569718,0.008887996091441728,-0.1282007355905576,0.0,0.0,0.0,-0.015554209064666811,1.9693611274268656,0.24768500288242595,-0.014643511033849903,nan,nan,nan,nan,nan,nan,nan,nan,nan,nan,nan,nan,nan,nan,nan,nan,nan,nan,nan,nan,nan,nan,nan,nan,nan,nan,nan,nan,nan,nan,nan,nan,nan,nan,nan,nan,nan,nan,nan,nan,nan,nan,nan,nan,nan,nan,nan,nan,nan,nan,nan,nan,nan,nan,nan,nan,nan,nan,nan,nan,nan,nan,nan,0.10225711865511157
1791059561.9406977,-0.2830551024621836,0.6832319133592802,-0.009454984335399819,-0.13359064108930968,2.0588637992176064,0.12387814880929958,0.4427015786019787,0.0,0.0,1.5830078668147995,-0.37888070398507856,0.22204842678494235,0.010901200055701072,0.7254799898083878,0.0,0.0,0.05686638896470961,-0.7166202178564056,-0.0008549046266446642,-0.16413792564889054,0.7151124753703574,0.0,0.0,-1.1445609170630044,0.4421330353663593,0.007760340759889678,-0.1690012106659312,nan,nan,nan,nan,nan,nan,nan,0.025164085286660146,0.0,0.0,1.3826611079820486,-1.531454279709529,0.02437665294107526,-0.1324062566490439,0.0,0.0,0.0,0.006310063077176743,1.9693730452306526,0.29834410554219837,-0.011859138589747702,nan,nan,nan,nan,nan,nan,nan,nan,nan,nan,nan,nan,nan,nan,nan,nan,nan,nan,nan,nan,nan,nan,nan,nan,nan,nan,nan,nan,nan,nan,nan,nan,nan,nan,nan,nan,nan,nan,nan,nan,nan,nan,nan,nan,nan,nan,nan,nan,nan,nan,nan,nan,nan,nan,nan,nan,nan,nan,nan,nan,nan,nan,nan,0.09695262699475972
1791059562.040351,-0.2734019494559014,0.6828449288661504,-0.009868927096071319,-0.1309184033798742,2.056597401940303,0.12525339249251807,0.2245846873106859,0.0,0.0,1.6056339777685311,-0.37736538984645523,0.21799014340312017,0.019747216452698235,0.7254799898083878,0.0,0.0,0.05693423006301334,-0.7329406408810093,0.0050905033269766625,-0.16004262352248894,0.7151124753703574,0.0,0.0,-1.1440704968905693,0.42552976671387577,6.991498700038368e-05,-0.17576482725379575,nan,nan,nan,nan,nan,nan,nan,0.025164085286660146,0.0,0.0,1.3834794700541588,-1.5437598767551153,0.021762107481896067,-0.12922684303966464,0.0,0.0,0.0,0.026513958042540205,1.9696339413428285,0.24334842053667904,-0.016971700821351368,nan,nan,nan,nan,nan,nan,nan,nan,nan,nan,nan,nan,nan,nan,nan,nan,nan,nan,nan,nan,nan,nan,nan,nan,nan,nan,nan,nan,nan,nan,nan,nan,nan,nan,nan,nan,nan,nan,nan,nan,nan,nan,nan,nan,nan,nan,nan,nan,nan,nan,nan,nan,nan,nan,nan,nan,nan,nan,nan,nan,nan,nan,nan,0.10564237635359983
1791059562.1417818,-0.2622324332880979,0.6824453627662079,-0.009899376205305035,-0.12830884071455306,2.0544068590758156,0.1266043586370992,0.3866991426338087,0.0,0.0,1.6283564826929482,-0.37586318775244953,0.22794270545284917,0.008018493896076445,0.7254799898083878,0.0,0.0,0.056748436135459664,-0.7494883222669774,-0.005212560364364036,-0.16481621719521633,0.7151124753703574,0.0,0.0,-1.143332655748041,0.4068772251802466,0.011929870494949273,-0.16237153300237006,nan,nan,nan,nan,nan,nan,nan,0.025164085286660146,0.0,0.0,1.3848863540258467,-1.5595560627349383,0.021446829563933546,-0.14781957403143417,0.0,0.0,0.0,0.04929973939030041,1.9701579900303114,0.2630458789711645,-0.0037676590602464875,nan,nan,nan,nan,nan,nan,nan,nan,nan,nan,nan,nan,nan,nan,nan,nan,nan,nan,nan,nan,nan,nan,nan,nan,nan,nan,nan,nan,nan,nan,nan,nan,nan,nan,nan,nan,nan,nan,nan,nan,nan,nan,nan,nan,nan,nan,nan,nan,nan,nan,nan,nan,nan,nan,nan,nan,nan,nan,nan,nan,nan,nan,nan,0.10915528998583998
1791059562.241756,-0.25164192851948497,0.6822508275736187,-0.009154086761948347,-0.12578107099578326,2.0523125664586512,0.1279204042715747,0.3235040583439518,0.0,0.0,1.6507575100705467,-0.3740984755111525,0.22784628467749632,0.014588008069175403,0.7254799898083878,0.0,0.0,0.05655429629046109,-0.765755878537848,-0.005862932090616306,-0.16039429674863243,0.7151124753703574,0.0,0.0,-1.1426687607939192,0.3914163183584367,0.009439667930889553,-0.16716056883191754,nan,nan,nan,nan,nan,nan,nan,0.025164085286660146,0.0,0.0,1.3860073219467053,-1.5743450911833206,0.009992952141793913,-0.1479856297601629,0.0,0.0,0.0,0.07095721510312664,1.9710076370951943,0.2114078415672524,0.010315300453567213,nan,nan,nan,nan,nan,nan,nan,nan,nan,nan,nan,nan,nan,nan,nan,nan,nan,nan,nan,nan,nan,nan,nan,nan,nan,nan,nan,nan,nan,nan,nan,nan,nan,nan,nan,nan,nan,nan,nan,nan,nan,nan,nan,nan,nan,nan,nan,nan,nan,nan,nan,nan,nan,nan,nan,nan,nan,nan,nan,nan,nan,nan,nan,0.11211029994142573
1791059562.3419762,-0.24048968148793415,0.6819023825754774,-0.009217746969074984,-0.12331103476270013,2.050284822693497,0.12921336038197917,0.17584151313397833,0.0,0.0,1.6753483960645366,-0.37219051106642814,0.23069885071880847,0.011375090255407179,0.7254799898083878,0.0,0.0,0.05678629699541117,-0.7823266476415377,0.007510180715718802,-0.1623762333565147,0.7151124753703574,0.0,0.0,-1.1421258027641832,0.3729380680974368,0.00256931624619452,-0.16422798279346568,nan,nan,nan,nan,nan,nan,nan,0.025164085286660146,0.0,0.0,1.3874004911006057,-1.5908171693576674,-0.03045142749009803,-0.11014148649973071,0.0,0.0,0.0,0.09182954400606874,1.9715160398885643,0.19336437104780774,0.018899242915414723,nan,nan,nan,nan,nan,nan,nan,nan,nan,nan,nan,nan,nan,nan,nan,nan,nan,nan,nan,nan,nan,nan,nan,nan,nan,nan,nan,nan,nan,nan,nan,nan,nan,nan,nan,nan,nan,nan,nan,nan,nan,nan,nan,nan,nan,nan,nan,nan,nan,nan,nan,nan,nan,nan,nan,nan,nan,nan,nan,nan,nan,nan,nan,0.11328040048316233
1791059562.442003,-0.22861670550526886,0.6813726878640112,-0.012360113998320727,-0.12091588251871772,2.0483359323871895,0.130473612499408,0.244801866255937,0.0,0.0,1.6980870474830043,-0.37028342747349674,0.2176901689784652,0.01626764204308407,0.7254799898083878,0.0,0.0,0.05692086737300124,-0.7988093748702958,0.002441561542579692,-0.16520582339104062,0.7151124753703574,0.0,0.0,-1.141401731718302,0.3557983140740432,0.010397953395541022,-0.16335194835381397,nan,nan,nan,nan,nan,nan,nan,0.025164085286660146,0.0,0.0,1.3882572069196795,-1.6055461265350723,0.0038780898716353554,-0.12715424248543647,0.0,0.0,0.0,0.11166758396198144,1.9721447856025964,0.16269357552251562,0.015782047457146547,nan,nan,nan,nan,nan,nan,nan,nan,nan,nan,nan,nan,nan,nan,nan,nan,nan,nan,nan,nan,nan,nan,nan,nan,nan,nan,nan,nan,nan,nan,nan,nan,nan,nan,nan,nan,nan,nan,nan,nan,nan,nan,nan,nan,nan,nan,nan,nan,nan,nan,nan,nan,nan,nan,nan,nan,nan,nan,nan,nan,nan,nan,nan,0.10891432508857028
1791059562.5406892,-0.21794305305409706,0.6813388292717977,-0.008328995684141409,-0.11858523752975554,2.046476094202393,0.13170598261282115,0.34054112271316794,0.0,0.0,1.718583841775831,-0.36874508547380996,0.2242521687873199,0.02550806778159005,0.7254799898083878,0.0,0.0,0.05668393370209633,-0.8155570855040454,-0.010803150029426539,-0.16889428766942682,0.7151124753703574,0.0,0.0,-1.1409424524616565,0.3409419976414731,0.008533234653250368,-0.16191813798700766,nan,nan,nan,nan,nan,nan,nan,0.025164085286660146,0.0,0.0,1.3894286155277036,-1.618531439206314,-0.0021018827166160324,-0.08347458503638108,0.0,0.0,0.0,0.1317389279188439,1.9723945977341706,0.18750438941307312,0.006316125326228146,nan,nan,nan,nan,nan,nan,nan,nan,nan,nan,nan,nan,nan,nan,nan,nan,nan,nan,nan,nan,nan,nan,nan,nan,nan,nan,nan,nan,nan,nan,nan,nan,nan,nan,nan,nan,nan,nan,nan,nan,nan,nan,nan,nan,nan,nan,nan,nan,nan,nan,nan,nan,nan,nan,nan,nan,nan,nan,nan,nan,nan,nan,nan,0.10264063232554893
1791059562.6384466,-0.20627902774226384,0.6807106974299916,-0.012526067422600049,-0.1162779220107074,2.0446792358819694,0.13293182748567256,0.23099445165258986,0.0,0.0,1.7434326759441858,-0.3668506677591401,0.23147960972569548,0.020512892576459496,0.7254799898083878,0.0,0.0,0.056679701102274736,-0.832421029054316,0.003306494926822112,-0.17338661537940991,0.7151124753703574,0.0,0.0,-1.1405084834377117,0.32275201553736305,0.0012239982117732242,-0.1667081301913815,nan,nan,nan,nan,nan,nan,nan,0.025164085286660146,0.0,0.0,1.390375171832653,-1.6315452042938272,0.017886649057163875,-0.10454168471672592,0.0,0.0,0.0,0.1499258285786222,1.9726498210881076,0.16413305817540863,0.002880310928194721,nan,nan,nan,nan,nan,nan,nan,nan,nan,nan,nan,nan,nan,nan,nan,nan,nan,nan,nan,nan,nan,nan,nan,nan,nan,nan,nan,nan,nan,nan,nan,nan,nan,nan,nan,nan,nan,nan,nan,nan,nan,nan,nan,nan,nan,nan,nan,nan,nan,nan,nan,nan,nan,nan,nan,nan,nan,nan,nan,nan,nan,nan,nan,0.10011133074561021
1791059562.7413158,-0.19563462666870118,0.680392714815385,-0.012311780987592707,-0.11404698710798515,2.0429500893522787,0.13412251714317636,0.5174141538308169,0.0,0.0,1.763975525554577,-0.3652152975706395,0.22979678467309295,0.012464782004847956,0.7254799898083878,0.0,0.0,0.056895378042668504,-0.8479936839324262,0.007458220534524702,-0.17360153875225448,0.7151124753703574,0.0,0.0,-1.1399497738604762,0.30786009977246664,0.0072375889772647245,-0.15700870658187804,nan,nan,nan,nan,nan,nan,nan,0.025164085286660146,0.0,0.0,1.3911417497954273,-1.642027510517417,0.010805458124539436,-0.1185675792980889,0.0,0.0,0.0,0.1662186527087577,1.9728532739994689,0.1698727977400201,0.004243454873886028,nan,nan,nan,nan,nan,nan,nan,nan,nan,nan,nan,nan,nan,nan,nan,nan,nan,nan,nan,nan,nan,nan,nan,nan,nan,nan,nan,nan,nan,nan,nan,nan,nan,nan,nan,nan,nan,nan,nan,nan,nan,nan,nan,nan,nan,nan,nan,nan,nan,nan,nan,nan,nan,nan,nan,nan,nan,nan,nan,nan,nan,nan,nan,0.10046771928891926
1791059562.8407192,-0.18513588677220078,0.6799821324799445,-0.012317369605529857,-0.11185793474629815,2.0412895999506455,0.1352959678825778,0.19216542102075393,0.0,0.0,1.7891867985953605,-0.3631817263675611,0.24130423155282424,0.025072543471894145,0.7254799898083878,0.0,0.0,0.056846398385574905,-0.8672273720292308,-0.007513349366964184,-0.1731218417658714,0.7151124753703574,0.0,0.0,-1.13913736764581,0.2896453835509973,0.0040237376729605435,-0.17016346302885862,nan,nan,nan,nan,nan,nan,nan,0.025164085286660146,0.0,0.0,1.3909271999400665,-1.6531084368386977,0.0036646746425483294,-0.11042239607220461,0.0,0.0,0.0,0.1836662745872905,1.9732462111959455,0.18530226853855056,0.0038686901725196164,nan,nan,nan,nan,nan,nan,nan,nan,nan,nan,nan,nan,nan,nan,nan,nan,nan,nan,nan,nan,nan,nan,nan,nan,nan,nan,nan,nan,nan,nan,nan,nan,nan,nan,nan,nan,nan,nan,nan,nan,nan,nan,nan,nan,nan,nan,nan,nan,nan,nan,nan,nan,nan,nan,nan,nan,nan,nan,nan,nan,nan,nan,nan,0.11636264306281617
1791059562.941706,-0.17447057731263205,0.6796322809794438,-0.012609096534671288,-0.10971061179292192,2.0397161952156355,0.1364519046469285,0.16875337925064962,0.0,0.0,1.8103945510127495,-0.3614616387808213,0.22840122309603306,0.03071968395415831,0.7254799898083878,0.0,0.0,0.057169364930458204,-0.8828573158598589,0.005801342896279212,-0.17450720231076428,0.7151124753703574,0.0,0.0,-1.138755328793366,0.2747425773619555,-0.0004308492132005045,-0.17132345996312903,nan,nan,nan,nan,nan,nan,nan,0.025164085286660146,0.0,0.0,1.3916012011111636,-1.6624613077880606,-0.003283882658256722,-0.12276712669470843,0.0,0.0,0.0,0.20183097208544662,1.9735298308596911,0.17859103545270327,-0.00244973895834085,nan,nan,nan,nan,nan,nan,nan,nan,nan,nan,nan,nan,nan,nan,nan,nan,nan,nan,nan,nan,nan,nan,nan,nan,nan,nan,nan,nan,nan,nan,nan,nan,nan,nan,nan,nan,nan,nan,nan,nan,nan,nan,nan,nan,nan,nan,nan,nan,nan,nan,nan,nan,nan,nan,nan,nan,nan,nan,nan,nan,nan,nan,nan,0.1240917730636011
1791059563.0408318,-0.1627578854174688,0.6794043042757675,-0.012316339339290421,-0.10762904667015145,2.0381829313638886,0.1375769697888521,0.033936783145774044,0.0,0.0,1.8315825843431612,-0.36008383942181676,0.18554073157868478,0.016320224406232053,0.7254799898083878,0.0,0.0,0.05767371997232914,-0.9001674421414327,0.007201901645063853,-0.17289173489284432,0.7151124753703574,0.0,0.0,-1.13832483372744,0.2580975988451803,0.00655833535575806,-0.1619423123663416,nan,nan,nan,nan,nan,nan,nan,0.025164085286660146,0.0,0.0,1.3923341751807095,-1.6741058451977842,-0.0031929331569081412,-0.09702086623676047,0.0,0.0,0.0,0.22061227763602484,1.9738986991743825,0.19186697958149285,0.002677805141779883,nan,nan,nan,nan,nan,nan,nan,nan,nan,nan,nan,nan,nan,nan,nan,nan,nan,nan,nan,nan,nan,nan,nan,nan,nan,nan,nan,nan,nan,nan,nan,nan,nan,nan,nan,nan,nan,nan,nan,nan,nan,nan,nan,nan,nan,nan,nan,nan,nan,nan,nan,nan,nan,nan,nan,nan,nan,nan,nan,nan,nan,nan,nan,0.12789445343251252
1791059563.1406748,-0.15038328290650718,0.6790437388718635,-0.01220435428752395,-0.10571157833717325,2.036718900954498,0.13861723190973924,0.028185806969172382,0.0,0.0,1.8490002310987914,-0.3587456470833434,0.17726667527174936,0.012436575920024917,0.7254799898083878,0.0,0.0,0.057106146394627647,-0.9191782612149105,-0.0036286060874003733,-0.1738447308729728,0.7151124753703574,0.0,0.0,-1.1377507858729528,0.24181168051400256,0.010487480258162298,-0.16355649310826254,nan,nan,nan,nan,nan,nan,nan,0.025164085286660146,0.0,0.0,1.3929700261708082,-1.6843629679549086,0.006666928502384097,-0.10960383167130235,0.0,0.0,0.0,0.23873684357650465,1.9741091047634964,0.16814289978854555,-0.003004925431108675,nan,nan,nan,nan,nan,nan,nan,nan,nan,nan,nan,nan,nan,nan,nan,nan,nan,nan,nan,nan,nan,nan,nan,nan,nan,nan,nan,nan,nan,nan,nan,nan,nan,nan,nan,nan,nan,nan,nan,nan,nan,nan,nan,nan,nan,nan,nan,nan,nan,nan,nan,nan,nan,nan,nan,nan,nan,nan,nan,nan,nan,nan,nan,0.12655214164007306
1791059563.241889,-0.13769695740990684,0.678536924208726,-0.01273818287095329,-0.1039002187413224,2.0353149057934647,0.13960330872251636,0.0289159696109176,0.0,0.0,1.8673534684782769,-0.3571904297432824,0.17640215414743765,0.015246336688823326,0.7254799898083878,0.0,0.0,0.057208699303879076,-0.936546255765462,0.006254867607225946,-0.1759150815558215,0.7151124753703574,0.0,0.0,-1.1374681091696401,0.2236225114050654,0.0014076426940834406,-0.16816475493500538,nan,nan,nan,nan,nan,nan,nan,0.025164085286660146,0.0,0.0,1.3936440987727732,-1.695588307179513,0.013631230386555528,-0.11196418204074024,0.0,0.0,0.0,0.2590384105525475,1.9745124416095061,0.18984189244249955,0.0060772364690569285,nan,nan,nan,nan,nan,nan,nan,nan,nan,nan,nan,nan,nan,nan,nan,nan,nan,nan,nan,nan,nan,nan,nan,nan,nan,nan,nan,nan,nan,nan,nan,nan,nan,nan,nan,nan,nan,nan,nan,nan,nan,nan,nan,nan,nan,nan,nan,nan,nan,nan,nan,nan,nan,nan,nan,nan,nan,nan,nan,nan,nan,nan,nan,0.12735511516313133
1791059563.3420994,-0.12496484370609943,0.6780381978472171,-0.011809722325481647,-0.10217921759151956,2.0339780632698923,0.14054319948829516,0.03332582505104127,0.0,0.0,1.88574520973303,-0.3556769349307825,0.17435925120434137,0.009749483480796626,0.7254799898083878,0.0,0.0,0.05692311963309084,-0.9540606116982565,-0.012033596825639018,-0.17074353603489462,0.7151124753703574,0.0,0.0,-1.137121462167442,0.20821356231131677,0.0020871131073183623,-0.16907482122482942,nan,nan,nan,nan,nan,nan,nan,0.025164085286660146,0.0,0.0,1.3939615015685802,-1.70681591556806,0.018392159754601806,-0.1259800431395958,0.0,0.0,0.0,0.2754028969389416,1.9747829206581349,0.17511211930535553,-0.0020352388479311593,nan,nan,nan,nan,nan,nan,nan,nan,nan,nan,nan,nan,nan,nan,nan,nan,nan,nan,nan,nan,nan,nan,nan,nan,nan,nan,nan,nan,nan,nan,nan,nan,nan,nan,nan,nan,nan,nan,nan,nan,nan,nan,nan,nan,nan,nan,nan,nan,nan,nan,nan,nan,nan,nan,nan,nan,nan,nan,nan,nan,nan,nan,nan,0.11854425537145682
1791059563.441449,-0.11275759813958075,0.6777685406438553,-0.011230846512828135,-0.10054275480323992,2.032699447081379,0.14143960207636996,0.044853356769204746,0.0,0.0,1.9020825782811277,-0.3543323992639666,0.17152525379648192,-0.002223206485507028,0.7254799898083878,0.0,0.0,0.05703574753698371,-0.9714737579234308,0.0029218162295121227,-0.16686071407705147,0.7151124753703574,0.0,0.0,-1.136454238272392,0.19114395122231254,0.005279847779886614,-0.17098834601241555,nan,nan,nan,nan,nan,nan,nan,0.025164085286660146,0.0,0.0,1.3951330398956896,-1.71998847830595,0.012530834469928823,-0.10629986577298718,0.0,0.0,0.0,0.2937502662873341,1.975216230139801,0.18251890001784168,0.0017479738142404614,nan,nan,nan,nan,nan,nan,nan,nan,nan,nan,nan,nan,nan,nan,nan,nan,nan,nan,nan,nan,nan,nan,nan,nan,nan,nan,nan,nan,nan,nan,nan,nan,nan,nan,nan,nan,nan,nan,nan,nan,nan,nan,nan,nan,nan,nan,nan,nan,nan,nan,nan,nan,nan,nan,nan,nan,nan,nan,nan,nan,nan,nan,nan,0.11631194691613679
1791059563.541464,-0.1008767263903003,0.6772050702903749,-0.011426919659488537,-0.09900092123889417,2.0314813378984162,0.14228653160389354,0.02890101977270055,0.0,0.0,1.9204835724141724,-0.35253693183441415,0.18163177025433408,0.01781243290725392,0.7254799898083878,0.0,0.0,0.0571609416574707,-0.9886854303362774,0.0015279587276843358,-0.17645314088007732,0.7151124753703574,0.0,0.0,-1.1361164219275368,0.17417549065349397,-0.000276630490262984,-0.17342575856728737,nan,nan,nan,nan,nan,nan,nan,0.025164085286660146,0.0,0.0,1.3970910685194105,-1.7364678785673522,0.023761785034086387,-0.16428224046990295,0.0,0.0,0.0,0.3116078824080086,1.9755040488016724,0.1812161728899353,0.00048279114883316177,nan,nan,nan,nan,nan,nan,nan,nan,nan,nan,nan,nan,nan,nan,nan,nan,nan,nan,nan,nan,nan,nan,nan,nan,nan,nan,nan,nan,nan,nan,nan,nan,nan,nan,nan,nan,nan,nan,nan,nan,nan,nan,nan,nan,nan,nan,nan,nan,nan,nan,nan,nan,nan,nan,nan,nan,nan,nan,nan,nan,nan,nan,nan,0.11909954635311161
1791059563.640973,-0.08906037044578011,0.677032549206865,-0.011322837295033427,-0.09751542820344677,2.0303224476399113,0.1431046549179401,0.08419299335162685,0.0,0.0,1.9412883999413502,-0.35082124910095364,0.18007515538989105,0.012364721272929776,0.7254799898083878,0.0,0.0,0.05549156012013676,-1.0076151291343767,-0.01465123804584519,-0.1760834205012714,0.7151124753703574,0.0,0.0,-1.1356352992149394,0.15577369786088818,0.010718248523915057,-0.1627804308507159,nan,nan,nan,nan,nan,nan,nan,0.025164085286660146,0.0,0.0,1.3979748186569203,-1.752394504749578,0.005938563434647816,-0.1331086084161302,0.0,0.0,0.0,0.33022878447251136,1.9756615354525853,0.18635950722814096,-0.004086514860599515,nan,nan,nan,nan,nan,nan,nan,nan,nan,nan,nan,nan,nan,nan,nan,nan,nan,nan,nan,nan,nan,nan,nan,nan,nan,nan,nan,nan,nan,nan,nan,nan,nan,nan,nan,nan,nan,nan,nan,nan,nan,nan,nan,nan,nan,nan,nan,nan,nan,nan,nan,nan,nan,nan,nan,nan,nan,nan,nan,nan,nan,nan,nan,0.11489819978631878
1791059563.741941,-0.0769370186387291,0.6767539252231165,-0.011452175952780466,-0.09609154084991887,2.029219577834435,0.14389079929665033,0.05764558095199951,0.0,0.0,1.9603224206446945,-0.3489130645714155,0.2001864146765499,0.024216881639624446,0.7254799898083878,0.0,0.0,0.05567954723763279,-1.0251890341466436,0.010282537986475097,-0.1744965342029723,0.7151124753703574,0.0,0.0,-1.1352884993556875,0.14064982785874505,0.006552936862985874,-0.16791285283323765,nan,nan,nan,nan,nan,nan,nan,0.025164085286660146,0.0,0.0,1.3990623030842793,-1.7716955731643658,0.004032901966128929,-0.17735534658089322,0.0,0.0,0.0,0.3501620612425302,1.9759876408556767,0.17546198125022178,0.0024082727672323024,nan,nan,nan,nan,nan,nan,nan,nan,nan,nan,nan,nan,nan,nan,nan,nan,nan,nan,nan,nan,nan,nan,nan,nan,nan,nan,nan,nan,nan,nan,nan,nan,nan,nan,nan,nan,nan,nan,nan,nan,nan,nan,nan,nan,nan,nan,nan,nan,nan,nan,nan,nan,nan,nan,nan,nan,nan,nan,nan,nan,nan,nan,nan,0.11031882156524735
1791059563.8424332,-0.06509345406484227,0.6765050043390634,-0.011450916715892975,-0.09471299032161945,2.028178456556446,0.14465371025590476,0.19646753429875752,0.0,0.0,1.9792961665074802,-0.3472693449652073,0.19582379850580814,0.02303907489567943,0.7254799898083878,0.0,0.0,0.05545263095243543,-1.0353225193560152,0.0027057182011986304,-0.008236812559566369,0.7151124753703574,0.0,0.0,-1.1350107484589824,0.12244107532366709,0.00261428796236771,-0.16729349036173585,nan,nan,nan,nan,nan,nan,nan,0.025164085286660146,0.0,0.0,1.3989931045065984,-1.7847964074091216,-0.03934322189379185,-0.055099278412396244,0.0,0.0,0.0,0.36829959470494744,1.9760498192518143,0.1733452581400654,0.0038400757482176685,nan,nan,nan,nan,nan,nan,nan,nan,nan,nan,nan,nan,nan,nan,nan,nan,nan,nan,nan,nan,nan,nan,nan,nan,nan,nan,nan,nan,nan,nan,nan,nan,nan,nan,nan,nan,nan,nan,nan,nan,nan,nan,nan,nan,nan,nan,nan,nan,nan,nan,nan,nan,nan,nan,nan,nan,nan,nan,nan,nan,nan,nan,nan,0.10189518889581801
1791059563.9416485,-0.053477743624526584,0.6760084918916984,-0.011068303747462198,-0.09337222337660332,2.027179400577551,0.14539738840162858,0.2280738762260183,0.0,0.0,1.9972327881711176,-0.34540790589081244,0.1983581028866933,0.021473384440011782,0.7254799898083878,0.0,0.0,0.05550241412405884,-1.0357295602375103,-0.0014569268756143353,-0.006933479600952755,0.7151124753703574,0.0,0.0,-1.134667544875376,0.10754726704823755,0.0062551402474216875,-0.15619883677812607,nan,nan,nan,nan,nan,nan,nan,0.025164085286660146,0.0,0.0,1.399806344604898,-1.804330677427583,-0.003120357688322881,-0.16763353629160227,0.0,0.0,0.0,0.3840698559919511,1.9764155142446023,0.17716674038597563,0.004700500820017961,nan,nan,nan,nan,nan,nan,nan,nan,nan,nan,nan,nan,nan,nan,nan,nan,nan,nan,nan,nan,nan,nan,nan,nan,nan,nan,nan,nan,nan,nan,nan,nan,nan,nan,nan,nan,nan,nan,nan,nan,nan,nan,nan,nan,nan,nan,nan,nan,nan,nan,nan,nan,nan,nan,nan,nan,nan,nan,nan,nan,nan,nan,nan,0.10006588624994865
1791059564.0412045,-0.043504091182957894,0.6756007158700914,-0.010750426473437982,-0.09204513706006764,2.0262316206366515,0.1461350885998068,0.08854540213534946,0.0,0.0,2.0172483176714335,-0.34339486270830427,0.19227864051686688,0.018548486730471398,0.7254799898083878,0.0,0.0,0.05554013988979957,-1.0358826013772877,8.070949712761922e-05,0.0012755191412902216,0.7151124753703574,0.0,0.0,-1.134108803697121,0.09087599130515497,0.007340954678185696,-0.16700935073436118,nan,nan,nan,nan,nan,nan,nan,0.025164085286660146,0.0,0.0,1.4002933875934218,-1.8122986969951027,-0.006858902293508863,-0.000624842915732211,0.0,0.0,0.0,0.40127929452605055,1.9766195048892312,0.17176564116026477,-0.0063179472907429375,nan,nan,nan,nan,nan,nan,nan,nan,nan,nan,nan,nan,nan,nan,nan,nan,nan,nan,nan,nan,nan,nan,nan,nan,nan,nan,nan,nan,nan,nan,nan,nan,nan,nan,nan,nan,nan,nan,nan,nan,nan,nan,nan,nan,nan,nan,nan,nan,nan,nan,nan,nan,nan,nan,nan,nan,nan,nan,nan,nan,nan,nan,nan,0.11179074703734286
1791059564.141215,-0.03165523025156824,0.6750007933990342,-0.01009361233083833,-0.09074680596706008,2.025324464890381,0.14685833707229867,0.08875612342761195,0.0,0.0,2.03934908789654,-0.34080462114882815,0.19027640282734923,0.01892373519623141,0.7254799898083878,0.0,0.0,0.055539363636584904,-1.0358793269896391,-7.649975482284204e-05,-5.4044772995921605e-05,0.7151124753703574,0.0,0.0,-1.1337642905753045,0.07382924780874797,-0.0022411586939461593,-0.1786949987291303,nan,nan,nan,nan,nan,nan,nan,0.025164085286660146,0.0,0.0,1.4006199899880516,-1.8133606728176173,0.02339577566302527,-0.05140081288882302,0.0,0.0,0.0,0.41838478672376783,1.9769026520220239,0.17040039030956738,0.0029078584303861487,nan,nan,nan,nan,nan,nan,nan,nan,nan,nan,nan,nan,nan,nan,nan,nan,nan,nan,nan,nan,nan,nan,nan,nan,nan,nan,nan,nan,nan,nan,nan,nan,nan,nan,nan,nan,nan,nan,nan,nan,nan,nan,nan,nan,nan,nan,nan,nan,nan,nan,nan,nan,nan,nan,nan,nan,nan,nan,nan,nan,nan,nan,nan,0.11483435244365274
1791059564.2405083,-0.021610272102275646,0.6749649291951327,-0.010398632882099792,-0.08945750224136315,2.0244665841312894,0.14757803977452247,0.05497958947266559,0.0,0.0,2.0584476482245355,-0.33843341375004643,0.20684314003732956,0.03273575555811627,0.7254799898083878,0.0,0.0,0.05551244856173025,-1.0358566926429515,-0.0007040882502266636,-0.0007925291907927783,0.7151124753703574,0.0,0.0,-1.133521992804372,0.05692313120621834,0.0024360401240105045,-0.1613882524382509,nan,nan,nan,nan,nan,nan,nan,0.025164085286660146,0.0,0.0,1.4002980711832493,-1.8127009906762082,-0.019136105601759552,0.04084085089915068,0.0,0.0,0.0,0.4355288844435622,1.9772903854761372,0.16999900063195011,0.007809679569103896,nan,nan,nan,nan,nan,nan,nan,nan,nan,nan,nan,nan,nan,nan,nan,nan,nan,nan,nan,nan,nan,nan,nan,nan,nan,nan,nan,nan,nan,nan,nan,nan,nan,nan,nan,nan,nan,nan,nan,nan,nan,nan,nan,nan,nan,nan,nan,nan,nan,nan,nan,nan,nan,nan,nan,nan,nan,nan,nan,nan,nan,nan,nan,0.12949866909424318
1791059564.3427243,-0.008338775436811158,0.6744011379513404,-0.010511306004546105,-0.07367063764207507,2.023400240520639,0.15650353514542847,0.03686211989121472,0.0,0.0,2.0787891495069726,-0.33604500735005377,0.18571981198350632,0.04653904753496481,0.7254799898083878,0.0,0.0,0.055535354348186246,-1.0358756557985696,0.00022241696023122404,-0.00023909357539835338,0.7151124753703574,0.0,0.0,-1.133324239399856,0.03997914125611917,0.0011962479937079429,-0.1735465126463166,nan,nan,nan,nan,nan,nan,nan,0.025164085286660146,0.0,0.0,1.4006699746538318,-1.8134758247176388,0.00043974487452213233,0.011992440040992394,0.0,0.0,0.0,0.45243546288289677,1.9775983771849004,0.15995180153517147,0.0014310798809763197,nan,nan,nan,nan,nan,nan,nan,nan,nan,nan,nan,nan,nan,nan,nan,nan,nan,nan,nan,nan,nan,nan,nan,nan,nan,nan,nan,nan,nan,nan,nan,nan,nan,nan,nan,nan,nan,nan,nan,nan,nan,nan,nan,nan,nan,nan,nan,nan,nan,nan,nan,nan,nan,nan,nan,nan,nan,nan,nan,nan,nan,nan,nan,0.12916393239763285
1791059564.4414523,0.004331976922822486,0.6742781999380265,-0.010449392488333509,-0.07385124435200138,2.0222223775106265,0.15640030875592204,0.03766140914189434,0.0,0.0,2.0960658130084755,-0.3343706222741406,0.18603911696571981,0.0030801029899288537,0.7254799898083878,0.0,0.0,0.05552602929490375,-1.0358643260532747,-0.000498959827384652,0.00029490132325652244,0.7151124753703574,0.0,0.0,-1.1330400364444453,0.02301325630661868,-0.0018064595118226622,-0.17779761563601634,nan,nan,nan,nan,nan,nan,nan,0.025164085286660146,0.0,0.0,1.4006008946830717,-1.8133600429698233,0.015667769646841162,-0.041299836306102886,0.0,0.0,0.0,0.46879924952965657,1.9780227189002528,0.1721877015716019,0.008434230783812656,nan,nan,nan,nan,nan,nan,nan,nan,nan,nan,nan,nan,nan,nan,nan,nan,nan,nan,nan,nan,nan,nan,nan,nan,nan,nan,nan,nan,nan,nan,nan,nan,nan,nan,nan,nan,nan,nan,nan,nan,nan,nan,nan,nan,nan,nan,nan,nan,nan,nan,nan,nan,nan,nan,nan,nan,nan,nan,nan,nan,nan,nan,nan,0.13140530938948505
1791059564.5425603,0.017416834924741793,0.6737321297421851,-0.010583106910805443,-0.07396854801092297,2.0211473873004,0.15633327650186468,0.021010431772413584,0.0,0.0,2.1173507400811338,-0.3316801537984355,0.18757269454590675,0.02261857581499969,0.7254799898083878,0.0,0.0,0.055522906134444716,-1.035860065979528,-0.0006643328656778666,5.160830189407682e-06,0.7151124753703574,0.0,0.0,-1.1326663469388023,0.005503905612533237,0.004598624814352768,-0.168493905418531,nan,nan,nan,nan,nan,nan,nan,0.025164085286660146,0.0,0.0,1.4006241777808484,-1.8134277660802613,-0.002308165206641499,0.012858775875574272,0.0,0.0,0.0,0.4857200433627128,1.9785656008250603,0.1713121588258105,0.005217562637187354,nan,nan,nan,nan,nan,nan,nan,nan,nan,nan,nan,nan,nan,nan,nan,nan,nan,nan,nan,nan,nan,nan,nan,nan,nan,nan,nan,nan,nan,nan,nan,nan,nan,nan,nan,nan,nan,nan,nan,nan,nan,nan,nan,nan,nan,nan,nan,nan,nan,nan,nan,nan,nan,nan,nan,nan,nan,nan,nan,nan,nan,nan,nan,0.14625556276162918
1791059564.6407928,0.030945772738464414,0.673339930457658,-0.011170427979893307,-0.07401884269321868,2.020179198512874,0.156304539154884,0.018039374692917564,0.0,0.0,2.134481999682777,-0.3297293173462311,0.18418274423077458,-0.004176041520432735,0.7254799898083878,0.0,0.0,0.05553456748706598,-1.0358595548312526,4.7850182559740265e-05,0.0002535741506219353,0.7151124753703574,0.0,0.0,-1.132198571218769,-0.01180963137660289,0.005885730231257429,-0.17568030526183204,nan,nan,nan,nan,nan,nan,nan,0.025164085286660146,0.0,0.0,1.4003118929482237,-1.8126381699816583,-0.022164824741595642,0.06017959199352344,0.0,0.0,0.0,0.5024978678960629,1.9789111474531236,0.15929836817679593,0.0035248619304428293,nan,nan,nan,nan,nan,nan,nan,nan,nan,nan,nan,nan,nan,nan,nan,nan,nan,nan,nan,nan,nan,nan,nan,nan,nan,nan,nan,nan,nan,nan,nan,nan,nan,nan,nan,nan,nan,nan,nan,nan,nan,nan,nan,nan,nan,nan,nan,nan,nan,nan,nan,nan,nan,nan,nan,nan,nan,nan,nan,nan,nan,nan,nan,0.14845517216983378
1791059564.7419,0.04586684392890586,0.6727765226418796,-0.013298335970698873,-0.07402329221448707,2.0193023593068276,0.15630199688115437,0.01533234384057388,0.0,0.0,2.1539917246577813,-0.32715878249460023,0.20221399487029076,0.023798636703360215,0.7254799898083878,0.0,0.0,0.05552911543693109,-1.035856879080408,-1.894012319453673e-05,0.00022637688921210928,0.7151124753703574,0.0,0.0,-1.131934376311329,-0.030994043145818193,0.006671127088870675,-0.16974372762183682,nan,nan,nan,nan,nan,nan,nan,0.025164085286660146,0.0,0.0,1.4006521800961438,-1.8136351525499217,-0.0024283568721949573,0.00016454059506963606,0.0,0.0,0.0,0.5192577106170303,1.9794178636771091,0.17280533063493436,0.0070931147346649775,nan,nan,nan,nan,nan,nan,nan,nan,nan,nan,nan,nan,nan,nan,nan,nan,nan,nan,nan,nan,nan,nan,nan,nan,nan,nan,nan,nan,nan,nan,nan,nan,nan,nan,nan,nan,nan,nan,nan,nan,nan,nan,nan,nan,nan,nan,nan,nan,nan,nan,nan,nan,nan,nan,nan,nan,nan,nan,nan,nan,nan,nan,nan,0.15751618227362998
1791059564.8418286,0.060304744038448314,0.6726844741428899,-0.014938223474324615,-0.07396978411530987,2.018507601737639,0.15633257019454205,0.01927690699132961,0.0,0.0,2.1740052894748794,-0.3249482549980504,0.0994669741827843,0.011536294680845317,0.7254799898083878,0.0,0.0,0.05553541427953525,-1.035865315217101,7.503124642146523e-05,0.0002327598291151973,0.7151124753703574,0.0,0.0,-1.1315722604626046,-0.046638512955318845,0.008563919079135607,-0.1729759775528088,nan,nan,nan,nan,nan,nan,nan,0.025164085286660146,0.0,0.0,1.4003223552837207,-1.8126712503625397,-0.005938210095968893,0.01446479002395641,0.0,0.0,0.0,0.5364069939949057,1.9798211578970615,0.17089915642283948,0.003441968470109126,nan,nan,nan,nan,nan,nan,nan,nan,nan,nan,nan,nan,nan,nan,nan,nan,nan,nan,nan,nan,nan,nan,nan,nan,nan,nan,nan,nan,nan,nan,nan,nan,nan,nan,nan,nan,nan,nan,nan,nan,nan,nan,nan,nan,nan,nan,nan,nan,nan,nan,nan,nan,nan,nan,nan,nan,nan,nan,nan,nan,nan,nan,nan,0.13934323665555898
1791059564.941313,0.07480002500823829,0.6720036633189156,-0.012905084175059572,-0.0738382809979401,2.017786106772677,0.15640771719413585,0.10629724755389909,0.0,0.0,2.1969094948134584,-0.321926723224167,0.21501366281113302,0.025721246493277,0.7254799898083878,0.0,0.0,0.05552982982563714,-1.0358582491297268,-0.00023090691308238096,0.0007062535537458328,0.7151124753703574,0.0,0.0,-1.1313962410682705,-0.06365904312748465,-0.0021568767161689985,-0.172886721597785,nan,nan,nan,nan,nan,nan,nan,0.025164085286660146,0.0,0.0,1.4006742206084213,-1.8136278139346533,-0.0033462548973344584,-0.009326881284111698,0.0,0.0,0.0,0.553700386259317,1.9800709015590567,0.16765866493798032,0.0006007243831134229,nan,nan,nan,nan,nan,nan,nan,nan,nan,nan,nan,nan,nan,nan,nan,nan,nan,nan,nan,nan,nan,nan,nan,nan,nan,nan,nan,nan,nan,nan,nan,nan,nan,nan,nan,nan,nan,nan,nan,nan,nan,nan,nan,nan,nan,nan,nan,nan,nan,nan,nan,nan,nan,nan,nan,nan,nan,nan,nan,nan,nan,nan,nan,0.12636678513294758
1791059565.0418315,0.08797454380935749,0.6715081480367849,-0.013085149836976126,-0.07362044319354334,2.017134815939564,0.15653222827888563,0.16005158872163344,0.0,0.0,2.2187562063608235,-0.31888538298359576,0.2382224581297971,0.02976513113355396,0.7254799898083878,0.0,0.0,0.055532287219622736,-1.0358676368642168,0.0002529292674316497,-0.00036732759826236904,0.7151124753703574,0.0,0.0,-1.1310197868197636,-0.0820318929083424,0.0016629108294332227,-0.1523835736903959,nan,nan,nan,nan,nan,nan,nan,0.025164085286660146,0.0,0.0,1.4003582828843315,-1.812519196701718,-0.023804614659890148,0.06825685202526892,0.0,0.0,0.0,0.5709848191271327,1.9806006078718081,0.1823610663307978,0.0033370777998803646,nan,nan,nan,nan,nan,nan,nan,nan,nan,nan,nan,nan,nan,nan,nan,nan,nan,nan,nan,nan,nan,nan,nan,nan,nan,nan,nan,nan,nan,nan,nan,nan,nan,nan,nan,nan,nan,nan,nan,nan,nan,nan,nan,nan,nan,nan,nan,nan,nan,nan,nan,nan,nan,nan,nan,nan,nan,nan,nan,nan,nan,nan,nan,0.11811796288830081
1791059565.1421223,0.10042959988155796,0.6712631863314457,-0.0137136676275421,-0.07334165632965979,2.016531752833683,0.15669162803892622,0.1832005389315953,0.0,0.0,2.242471019447786,-0.31561458810762905,0.19968380072430902,0.021518250693309503,0.7254799898083878,0.0,0.0,0.055514688286168894,-1.0358570812777828,-0.0006646529179069558,0.0008495761560786517,0.7151124753703574,0.0,0.0,-1.13042984999805,-0.09861791448713952,0.004877197574842795,-0.16474123223590748,nan,nan,nan,nan,nan,nan,nan,0.025164085286660146,0.0,0.0,1.4006419551604108,-1.8136025576864896,-0.00422821905167984,-0.0007616327558909836,0.0,0.0,0.0,0.5881786931218381,1.9810946696185459,0.16746980470812178,-9.34849131562982e-05,nan,nan,nan,nan,nan,nan,nan,nan,nan,nan,nan,nan,nan,nan,nan,nan,nan,nan,nan,nan,nan,nan,nan,nan,nan,nan,nan,nan,nan,nan,nan,nan,nan,nan,nan,nan,nan,nan,nan,nan,nan,nan,nan,nan,nan,nan,nan,nan,nan,nan,nan,nan,nan,nan,nan,nan,nan,nan,nan,nan,nan,nan,nan,0.11123262820097196
1791059565.2409272,0.11248441066985104,0.6708769977911403,-0.013183703870650113,-0.07301634170316912,2.0159834770452285,0.15687770360429865,0.11405427719222568,0.0,0.0,2.2604733828344923,-0.31294713090092874,0.2209998608716491,0.03164072019136629,0.7254799898083878,0.0,0.0,0.05552276545069347,-1.035861296986744,0.00014168225950699466,-7.241278861692992e-05,0.7151124753703574,0.0,0.0,-1.130032050359025,-0.11306457214711008,0.0024894725924978905,-0.16855774589680284,nan,nan,nan,nan,nan,nan,nan,0.025164085286660146,0.0,0.0,1.400339357947271,-1.81261857611537,-0.023114362085644536,0.06853982719248053,0.0,0.0,0.0,0.6051949586125395,1.981593677520194,0.1663910492278652,0.0025763750402539405,nan,nan,nan,nan,nan,nan,nan,nan,nan,nan,nan,nan,nan,nan,nan,nan,nan,nan,nan,nan,nan,nan,nan,nan,nan,nan,nan,nan,nan,nan,nan,nan,nan,nan,nan,nan,nan,nan,nan,nan,nan,nan,nan,nan,nan,nan,nan,nan,nan,nan,nan,nan,nan,nan,nan,nan,nan,nan,nan,nan,nan,nan,nan,0.1150582108162967
1791059565.3414304,0.12437274756385684,0.6706590144795554,-0.015384564350957192,-0.07263110323191914,2.0154736882750566,0.15709815607090488,0.061586883396799616,0.0,0.0,2.282600413319699,-0.30982199639177355,0.21608981968725158,0.045620312063183066,0.7254799898083878,0.0,0.0,0.055521896743376355,-1.0358632778039787,0.00012254506022913288,-5.81713583850033e-05,0.7151124753703574,0.0,0.0,-1.1296454410921666,-0.13129835757933156,0.004930801105405701,-0.1589482506666514,nan,nan,nan,nan,nan,nan,nan,0.025164085286660146,0.0,0.0,1.4006928731918902,-1.81362110282061,0.0016986495037078935,-0.0032167602958312804,0.0,0.0,0.0,0.6217171178006549,1.9821485005454578,0.1756165986012384,0.008375664965441674,nan,nan,nan,nan,nan,nan,nan,nan,nan,nan,nan,nan,nan,nan,nan,nan,nan,nan,nan,nan,nan,nan,nan,nan,nan,nan,nan,nan,nan,nan,nan,nan,nan,nan,nan,nan,nan,nan,nan,nan,nan,nan,nan,nan,nan,nan,nan,nan,nan,nan,nan,nan,nan,nan,nan,nan,nan,nan,nan,nan,nan,nan,nan,0.0945700734813862
1791059565.441477,0.1361646649911772,0.6703775884793738,-0.01471901836979159,-0.07220223422716507,2.014999080031789,0.1573437046671327,0.1950888632568681,0.0,0.0,2.3011620934485038,-0.30745895339848994,0.19369544558835292,0.01387030861889392,0.7254799898083878,0.0,0.0,0.055525640016029894,-1.0358594859661807,2.1042308998120188e-05,0.0004235641967573489,0.7151124753703574,0.0,0.0,-1.1291677233331425,-0.14620027515008926,0.0065395826030380565,-0.15979857730486083,nan,nan,nan,nan,nan,nan,nan,0.025164085286660146,0.0,0.0,1.4006722555239661,-1.8132481703572125,0.020406003760425166,-0.02654788508529135,0.0,0.0,0.0,0.6384622833004943,1.9825013644673095,0.16463334957485382,0.0007568130615012281,nan,nan,nan,nan,nan,nan,nan,nan,nan,nan,nan,nan,nan,nan,nan,nan,nan,nan,nan,nan,nan,nan,nan,nan,nan,nan,nan,nan,nan,nan,nan,nan,nan,nan,nan,nan,nan,nan,nan,nan,nan,nan,nan,nan,nan,nan,nan,nan,nan,nan,nan,nan,nan,nan,nan,nan,nan,nan,nan,nan,nan,nan,nan,0.10385192675146791
1791059565.5407765,0.14678270001209323,0.6698862719986053,-0.015618076795941705,-0.07170105247630218,2.014560308872698,0.1576308266246088,0.18954089128199225,0.0,0.0,2.3249261920040785,-0.30394776053318606,0.1363050455175957,0.002827182006599189,0.7254799898083878,0.0,0.0,0.05553307940410898,-1.035866160240693,-3.812957306751239e-05,-0.0005687723193668481,0.7151124753703574,0.0,0.0,-1.128772286514125,-0.1625393077558113,0.0038491404431314005,-0.1693244937872329,nan,nan,nan,nan,nan,nan,nan,0.025164085286660146,0.0,0.0,1.4006814457365877,-1.8137241910514776,0.0018340854328311661,-0.005129583268095224,0.0,0.0,0.0,0.6570678622890763,1.9832464132073848,0.17679833568607722,0.007801460246944166,nan,nan,nan,nan,nan,nan,nan,nan,nan,nan,nan,nan,nan,nan,nan,nan,nan,nan,nan,nan,nan,nan,nan,nan,nan,nan,nan,nan,nan,nan,nan,nan,nan,nan,nan,nan,nan,nan,nan,nan,nan,nan,nan,nan,nan,nan,nan,nan,nan,nan,nan,nan,nan,nan,nan,nan,nan,nan,nan,nan,nan,nan,nan,0.0986164813132708
1791059565.640516,0.15798456698597244,0.6695116259484364,-0.01338073522631618,-0.07116449909114862,2.014145637926623,0.15793841539596298,0.021666875267463963,0.0,0.0,2.343389391536187,-0.30121119734999185,0.17997140268285594,0.04401702603696829,0.7254799898083878,0.0,0.0,0.0555239567684627,-1.0358533762801598,-4.066552664488193e-05,0.0003319879091772958,0.7151124753703574,0.0,0.0,-1.1285260077306583,-0.17946480246986732,0.00042281092705446274,-0.168700402359152,nan,nan,nan,nan,nan,nan,nan,0.025164085286660146,0.0,0.0,1.4003199509244715,-1.8126871532239575,-0.026676609113376108,0.060311384426046874,0.0,0.0,0.0,0.6729493241060639,1.983888113743443,0.17735528749708326,0.01753480338019376,nan,nan,nan,nan,nan,nan,nan,nan,nan,nan,nan,nan,nan,nan,nan,nan,nan,nan,nan,nan,nan,nan,nan,nan,nan,nan,nan,nan,nan,nan,nan,nan,nan,nan,nan,nan,nan,nan,nan,nan,nan,nan,nan,nan,nan,nan,nan,nan,nan,nan,nan,nan,nan,nan,nan,nan,nan,nan,nan,nan,nan,nan,nan,0.11447401220102713
1791059565.739101,0.16800874678379266,0.6691511083984314,-0.013581558027269042,-0.07063284915256288,2.0137564958069194,0.15824339865936754,0.00744347784790992,0.0,0.0,2.35859311515534,-0.29920721144663903,0.15324388030087246,0.027298889411118646,0.7254799898083878,0.0,0.0,0.0555281201251717,-1.0358686137515238,-0.0001758609173494332,-0.0004978434236301805,0.7151124753703574,0.0,0.0,-1.1282865441242158,-0.19605768104720608,0.01755521585781854,-0.16490332048791467,nan,nan,nan,nan,nan,nan,nan,0.025164085286660146,0.0,0.0,1.4006922355202314,-1.8136176583420285,-0.000613972968394004,0.002755916613530455,0.0,0.0,0.0,0.6904145094141129,1.9845881759353736,0.17600946996038608,0.005471666889060025,nan,nan,nan,nan,nan,nan,nan,nan,nan,nan,nan,nan,nan,nan,nan,nan,nan,nan,nan,nan,nan,nan,nan,nan,nan,nan,nan,nan,nan,nan,nan,nan,nan,nan,nan,nan,nan,nan,nan,nan,nan,nan,nan,nan,nan,nan,nan,nan,nan,nan,nan,nan,nan,nan,nan,nan,nan,nan,nan,nan,nan,nan,nan,0.1302121314044913
1791059565.8418288,0.18114152110426976,0.6687289010892279,-0.01341553104301993,-0.07011796129878804,2.0133897921879633,0.15853895997177453,0.008832793585924063,0.0,0.0,2.3773189642923978,-0.2967523894617637,0.1450794445789044,0.0008057026810378825,0.7254799898083878,0.0,0.0,0.05552958612776277,-1.0358777337643996,-4.173950466260232e-05,-0.0010865163792362963,0.7151124753703574,0.0,0.0,-1.1278857149266348,-0.2132245429256207,0.0006463797655638808,-0.1793071214387238,nan,nan,nan,nan,nan,nan,nan,0.025164085286660146,0.0,0.0,1.4006319222108252,-1.8112529800914654,0.016838772947209295,0.12322030872943485,0.0,0.0,0.0,0.7078788106486493,1.9852282000755952,0.16455565663924093,0.011735370592445747,nan,nan,nan,nan,nan,nan,nan,nan,nan,nan,nan,nan,nan,nan,nan,nan,nan,nan,nan,nan,nan,nan,nan,nan,nan,nan,nan,nan,nan,nan,nan,nan,nan,nan,nan,nan,nan,nan,nan,nan,nan,nan,nan,nan,nan,nan,nan,nan,nan,nan,nan,nan,nan,nan,nan,nan,nan,nan,nan,nan,nan,nan,nan,0.1313037845455017
1791059565.9401877,0.19366007143176317,0.6684416434013187,-0.013683211636844817,-0.06962455910238961,2.013046099745399,0.15882236553924206,0.007102973625182116,0.0,0.0,2.3920623556699825,-0.29471130345309055,0.16200628523513816,0.027743161456171683,0.7254799898083878,0.0,0.0,0.05552117110476489,-1.0358662273865777,-0.0002066266312951866,-6.067057795075789e-05,0.7151124753703574,0.0,0.0,-1.1273088971138951,-0.23047891488883848,0.003151066092093653,-0.17412485680947032,nan,nan,nan,nan,nan,nan,nan,0.025164085286660146,0.0,0.0,1.4006525795547007,-1.813651612093558,-0.00017967677048626965,0.0013359306087404373,0.0,0.0,0.0,0.7260816716166101,1.9857119891543298,0.1956138281169182,0.00046342986974082494,nan,nan,nan,nan,nan,nan,nan,nan,nan,nan,nan,nan,nan,nan,nan,nan,nan,nan,nan,nan,nan,nan,nan,nan,nan,nan,nan,nan,nan,nan,nan,nan,nan,nan,nan,nan,nan,nan,nan,nan,nan,nan,nan,nan,nan,nan,nan,nan,nan,nan,nan,nan,nan,nan,nan,nan,nan,nan,nan,nan,nan,nan,nan,0.14387227957829274
1791059566.0408444,0.2069562237794315,0.6681293574691952,-0.015084883588926134,-0.06914544155071463,2.012721735962769,0.15909773151232692,0.008371473294781958,0.0,0.0,2.4077966730612155,-0.292338311708052,0.15993023331649037,0.0114478565882489,0.7254799898083878,0.0,0.0,0.055517916409839024,-1.0358572980564988,0.00040163753641761263,0.0005562259517597134,0.7151124753703574,0.0,0.0,-1.1266050734001027,-0.24836307924877676,0.00678931875924578,-0.18204037782382448,nan,nan,nan,nan,nan,nan,nan,0.025164085286660146,0.0,0.0,1.400352303603982,-1.8125722309747254,-0.023173032267821754,0.07503188078153927,0.0,0.0,0.0,0.7471426234221333,1.986316263166105,0.22792591115093114,0.010639329624210594,nan,nan,nan,nan,nan,nan,nan,nan,nan,nan,nan,nan,nan,nan,nan,nan,nan,nan,nan,nan,nan,nan,nan,nan,nan,nan,nan,nan,nan,nan,nan,nan,nan,nan,nan,nan,nan,nan,nan,nan,nan,nan,nan,nan,nan,nan,nan,nan,nan,nan,nan,nan,nan,nan,nan,nan,nan,nan,nan,nan,nan,nan,nan,0.14717658383265192
1791059566.1413891,0.22144575980799702,0.6676738647444996,-0.014569902378661003,-0.06871747514966642,2.01241525944515,0.1593438360494985,0.007134359739146487,0.0,0.0,2.4244449627682765,-0.289754600275845,0.1729606769388689,0.018380881945743284,0.7254799898083878,0.0,0.0,0.055517968718177615,-1.035860034197167,-0.00021308632771347276,0.00029503980393019214,0.7151124753703574,0.0,0.0,-1.1260747741259012,-0.26594635033935077,0.003194262758618883,-0.18066131079807513,nan,nan,nan,nan,nan,nan,nan,0.025164085286660146,0.0,0.0,1.4006570378570997,-1.813690547206224,-0.0006873792688404331,-0.0012656469851838052,0.0,0.0,0.0,0.7691196320226372,1.986796530161192,0.18579226314815872,0.008886523530818796,nan,nan,nan,nan,nan,nan,nan,nan,nan,nan,nan,nan,nan,nan,nan,nan,nan,nan,nan,nan,nan,nan,nan,nan,nan,nan,nan,nan,nan,nan,nan,nan,nan,nan,nan,nan,nan,nan,nan,nan,nan,nan,nan,nan,nan,nan,nan,nan,nan,nan,nan,nan,nan,nan,nan,nan,nan,nan,nan,nan,nan,nan,nan,0.15674121885720843
1791059566.2404,0.23604424118166636,0.6674508649235571,-0.016884128394586043,-0.06831905784701277,2.012128413413726,0.15957306371695204,0.00799155269869158,0.0,0.0,2.4412713770670407,-0.28738881137022976,0.1649653814648419,0.02122078466161868,0.7254799898083878,0.0,0.0,0.05553108648240139,-1.0358577401604065,0.0005420705565167654,0.0003024219793715047,0.7151124753703574,0.0,0.0,-1.1254825854994777,-0.2836861830148283,0.014311430200298967,-0.17812436319315772,nan,nan,nan,nan,nan,nan,nan,0.025164085286660146,0.0,0.0,1.4003452872267008,-1.812570465284319,0.0026227514757081703,0.004261149944211733,0.0,0.0,0.0,0.7915875891747559,1.9870213201627456,0.21790939441562593,0.0007188783724132058,nan,nan,nan,nan,nan,nan,nan,nan,nan,nan,nan,nan,nan,nan,nan,nan,nan,nan,nan,nan,nan,nan,nan,nan,nan,nan,nan,nan,nan,nan,nan,nan,nan,nan,nan,nan,nan,nan,nan,nan,nan,nan,nan,nan,nan,nan,nan,nan,nan,nan,nan,nan,nan,nan,nan,nan,nan,nan,nan,nan,nan,nan,nan,0.1413577836042588
1791059566.3416862,0.2510635922438502,0.6669328210523223,-0.016019236030203794,-0.06793102109913211,2.0118582941385057,0.15979642548013442,0.007502685931604927,0.0,0.0,2.4585014113900816,-0.2848601926832303,0.1710931362096003,0.027443325862900974,0.7254799898083878,0.0,0.0,0.055524242149710565,-1.0358594677211521,-0.0002090670561311527,0.00016741851688680795,0.7151124753703574,0.0,0.0,-1.1248255756156325,-0.30202619454588925,0.0035855396408775815,-0.19431841425162957,nan,nan,nan,nan,nan,nan,nan,0.025164085286660146,0.0,0.0,1.4008930185422344,-1.8129799959943174,0.0148974975054234,0.041551382238483946,0.0,0.0,0.0,0.8147127242484276,1.9877660894686104,0.22789309819355758,0.0085449523726524,nan,nan,nan,nan,nan,nan,nan,nan,nan,nan,nan,nan,nan,nan,nan,nan,nan,nan,nan,nan,nan,nan,nan,nan,nan,nan,nan,nan,nan,nan,nan,nan,nan,nan,nan,nan,nan,nan,nan,nan,nan,nan,nan,nan,nan,nan,nan,nan,nan,nan,nan,nan,nan,nan,nan,nan,nan,nan,nan,nan,nan,nan,nan,0.1412489707926089
1791059566.439758,0.2649715683952505,0.6666424999079549,-0.016441821096995088,-0.06757264531044532,2.0116033297184024,0.16000280668777278,0.8244387520172232,0.0,0.0,2.4772113065243717,-0.2821110350189805,0.17758351308283074,0.012169891801713767,0.7254799898083878,0.0,0.0,0.05553042977230344,-1.035863471327173,0.00033154169397791195,-8.162386501579244e-06,0.7151124753703574,0.0,0.0,-1.1240786226558448,-0.3207584879409279,0.011712163147348955,-0.19063589512154896,nan,nan,nan,nan,nan,nan,nan,0.025164085286660146,0.0,0.0,1.4003152013109366,-1.8125798904782284,-0.021292366029470648,0.047755243347633314,0.0,0.0,0.0,0.8358846799002004,1.9881939069252421,0.2239891535369699,0.008108135207984606,nan,nan,nan,nan,nan,nan,nan,nan,nan,nan,nan,nan,nan,nan,nan,nan,nan,nan,nan,nan,nan,nan,nan,nan,nan,nan,nan,nan,nan,nan,nan,nan,nan,nan,nan,nan,nan,nan,nan,nan,nan,nan,nan,nan,nan,nan,nan,nan,nan,nan,nan,nan,nan,nan,nan,nan,nan,nan,nan,nan,nan,nan,nan,0.13276400188441762
1791059566.5404625,0.27871900682377015,0.6661385605758521,-0.016765370108122804,-0.06724745236784065,2.011364294129454,0.16019015541062065,0.009332347645098845,0.0,0.0,2.4908149417160472,-0.27962670160194636,0.15821580575586236,0.008828403270065132,0.7254799898083878,0.0,0.0,0.05552327112135586,-1.0358574351279017,0.00037771237989530374,0.000257312528767263,0.7151124753703574,0.0,0.0,-1.1234685494188181,-0.3407657330059487,0.0015325953237778321,-0.20473158180954634,nan,nan,nan,nan,nan,nan,nan,0.025164085286660146,0.0,0.0,1.4006477605326242,-1.8135823400537163,-0.0011551728027057258,0.003128537618682354,0.0,0.0,0.0,0.8553081009564654,1.9887140375666654,0.1957014999234123,-0.0014992620237194562,nan,nan,nan,nan,nan,nan,nan,nan,nan,nan,nan,nan,nan,nan,nan,nan,nan,nan,nan,nan,nan,nan,nan,nan,nan,nan,nan,nan,nan,nan,nan,nan,nan,nan,nan,nan,nan,nan,nan,nan,nan,nan,nan,nan,nan,nan,nan,nan,nan,nan,nan,nan,nan,nan,nan,nan,nan,nan,nan,nan,nan,nan,nan,0.12948572775686565
1791059566.6413422,0.29192071927056795,0.6657314934866075,-0.01838903192715758,-0.06691336504882685,2.0111391245133308,0.16038270410827016,0.012635469917649687,0.0,0.0,2.510644048720162,-0.2767126812562206,0.17153681126118192,0.014366315044996112,0.7254799898083878,0.0,0.0,0.05552302636949136,-1.0358596014522397,-0.00019780765383332194,-0.0001384849467738867,0.7151124753703574,0.0,0.0,-1.122580418145041,-0.36483224164856415,0.001926046505809638,-0.22650375458452351,nan,nan,nan,nan,nan,nan,nan,0.025164085286660146,0.0,0.0,1.4003022541448558,-1.8125781675895816,-0.01622694984026713,0.04796733086308916,0.0,0.0,0.0,0.8748903461467167,1.9894022131685298,0.19881118134894077,0.0093041153317442,nan,nan,nan,nan,nan,nan,nan,nan,nan,nan,nan,nan,nan,nan,nan,nan,nan,nan,nan,nan,nan,nan,nan,nan,nan,nan,nan,nan,nan,nan,nan,nan,nan,nan,nan,nan,nan,nan,nan,nan,nan,nan,nan,nan,nan,nan,nan,nan,nan,nan,nan,nan,nan,nan,nan,nan,nan,nan,nan,nan,nan,nan,nan,0.1299006470361517
1791059566.740509,0.30490683976572286,0.6654601079882865,-0.018982038052287695,-0.06656990128916764,2.0109268393707045,0.16058073656289917,0.011831604659756977,0.0,0.0,2.5269823425616673,-0.27411673152537663,0.1777012954033222,0.03187195602568653,0.7254799898083878,0.0,0.0,0.05552762066465519,-1.0358630918736877,0.0003971270642392885,-0.0003333489328658254,0.7151124753703574,0.0,0.0,-1.1216809246579584,-0.3837762839645692,0.014475108509333697,-0.20678334770484508,nan,nan,nan,nan,nan,nan,nan,0.025164085286660146,0.0,0.0,1.4006577616306248,-1.8135461003746611,0.0001421770795729678,0.002056522092026559,0.0,0.0,0.0,0.8941761245827129,1.9899868473273792,0.19173647945840844,0.0025116834931479693,nan,nan,nan,nan,nan,nan,nan,nan,nan,nan,nan,nan,nan,nan,nan,nan,nan,nan,nan,nan,nan,nan,nan,nan,nan,nan,nan,nan,nan,nan,nan,nan,nan,nan,nan,nan,nan,nan,nan,nan,nan,nan,nan,nan,nan,nan,nan,nan,nan,nan,nan,nan,nan,nan,nan,nan,nan,nan,nan,nan,nan,nan,nan,0.12958169028598776
1791059566.8405988,0.3182812051526733,0.6649848478218959,-0.020250413077109633,-0.06622430622938681,2.0107262552119307,0.160780079072179,0.012489874726395886,0.0,0.0,2.5448885089173467,-0.2715207464465626,0.19394820058050896,0.04019041180470056,0.7254799898083878,0.0,0.0,0.05552840267384895,-1.035860423916981,0.00013408495775390637,-0.00021859962248339235,0.7151124753703574,0.0,0.0,-1.1208814546264874,-0.40657893827244423,0.010965316818872903,-0.2171100901564204,nan,nan,nan,nan,nan,nan,nan,0.025164085286660146,0.0,0.0,1.400633183812585,-1.8134178650669854,-0.002180492794710457,0.00880037402725986,0.0,0.0,0.0,0.913924820877612,1.9905540785489384,0.20000818890763628,0.00258628541538865,nan,nan,nan,nan,nan,nan,nan,nan,nan,nan,nan,nan,nan,nan,nan,nan,nan,nan,nan,nan,nan,nan,nan,nan,nan,nan,nan,nan,nan,nan,nan,nan,nan,nan,nan,nan,nan,nan,nan,nan,nan,nan,nan,nan,nan,nan,nan,nan,nan,nan,nan,nan,nan,nan,nan,nan,nan,nan,nan,nan,nan,nan,nan,0.13594645180456683
1791059566.9403298,0.33180518417132554,0.6645083238913901,-0.02139558656759171,-0.06588293641610266,2.010535781241752,0.16097706401431366,0.007535470896232073,0.0,0.0,2.5620751618426088,-0.26943166636170973,0.17134897476248323,0.023512134912433067,0.7254799898083878,0.0,0.0,0.05552576041587406,-1.0358553208036338,-0.0003873580057808616,0.0008109694267947348,0.7151124753703574,0.0,0.0,-1.1200523893120156,-0.4292984734995067,0.007923921008716599,-0.23675679482021011,nan,nan,nan,nan,nan,nan,nan,0.025164085286660146,0.0,0.0,1.4003161903527586,-1.8125905513066,0.0009580996916983491,0.004378553878933668,0.0,0.0,0.0,0.9337945397796233,1.990958398524441,0.2009817083312166,0.0030114408636551186,nan,nan,nan,nan,nan,nan,nan,nan,nan,nan,nan,nan,nan,nan,nan,nan,nan,nan,nan,nan,nan,nan,nan,nan,nan,nan,nan,nan,nan,nan,nan,nan,nan,nan,nan,nan,nan,nan,nan,nan,nan,nan,nan,nan,nan,nan,nan,nan,nan,nan,nan,nan,nan,nan,nan,nan,nan,nan,nan,nan,nan,nan,nan,0.1421568111902343
1791059567.0412598,0.34564247448688634,0.6642703385665711,-0.02170915731596512,-0.0655466029306483,2.010354937964275,0.1611712197866315,0.007381124128914366,0.0,0.0,2.5825850887471504,-0.26728034547337925,0.27459858100442414,-0.00858767400830794,0.7254799898083878,0.0,0.0,0.05552299669300617,-1.0358680567909673,-0.0003870164292754625,-0.0006869002723381682,0.7151124753703574,0.0,0.0,-1.1189452318629778,-0.45432180012104073,0.008114816805706122,-0.23047147003249407,nan,nan,nan,nan,nan,nan,nan,0.025164085286660146,0.0,0.0,1.400293919764942,-1.8126160371895037,-0.016612210550602663,0.040835077686479884,0.0,0.0,0.0,0.9547068715291226,1.991509514146319,0.18588364217049005,-0.0013908647121105495,nan,nan,nan,nan,nan,nan,nan,nan,nan,nan,nan,nan,nan,nan,nan,nan,nan,nan,nan,nan,nan,nan,nan,nan,nan,nan,nan,nan,nan,nan,nan,nan,nan,nan,nan,nan,nan,nan,nan,nan,nan,nan,nan,nan,nan,nan,nan,nan,nan,nan,nan,nan,nan,nan,nan,nan,nan,nan,nan,nan,nan,nan,nan,0.14720100081734472
1791059567.1416445,0.3602367686742173,0.6637633899262284,-0.021872434978274163,-0.06520203607079075,2.0101828074529986,0.16137020734748897,0.03379113669438883,0.0,0.0,2.5993073174034604,-0.26417439203092297,0.23320358170565786,0.05636507669507036,0.7254799898083878,0.0,0.0,0.05551443018443495,-1.0358486106641223,-0.0006284396707862466,0.0012410539611985353,0.7151124753703574,0.0,0.0,-1.1178315651042885,-0.47447693840984023,0.01322005814546145,-0.23239455257067052,nan,nan,nan,nan,nan,nan,nan,0.025164085286660146,0.0,0.0,1.4006594466287376,-1.813623238664643,-0.011862263141671932,-0.031073137089635716,0.0,0.0,0.0,0.972715547196295,1.9918542329608817,0.1890196642140921,0.009454241577554638,nan,nan,nan,nan,nan,nan,nan,nan,nan,nan,nan,nan,nan,nan,nan,nan,nan,nan,nan,nan,nan,nan,nan,nan,nan,nan,nan,nan,nan,nan,nan,nan,nan,nan,nan,nan,nan,nan,nan,nan,nan,nan,nan,nan,nan,nan,nan,nan,nan,nan,nan,nan,nan,nan,nan,nan,nan,nan,nan,nan,nan,nan,nan,0.15281217124929328
1791059567.2386634,0.37503307862991936,0.6633422342206612,-0.021810025845749682,-0.06482728969883605,2.0100195999264807,0.16158671380261103,0.01665656273980874,0.0,0.0,2.6219980802032876,-0.260707982439573,0.2452113766426814,0.082922538587236,0.7254799898083878,0.0,0.0,0.05552354987723732,-1.035860973686969,-0.0003840849595065211,0.00027448194254602433,0.7151124753703574,0.0,0.0,-1.1167033270806035,-0.4967741184983783,0.010452763942034005,-0.22035880081141582,nan,nan,nan,nan,nan,nan,nan,0.025164085286660146,0.0,0.0,1.400325518340257,-1.8125980904931176,-0.0002956645631850003,0.0007839006043138888,0.0,0.0,0.0,0.9911367329650109,1.9923351420715634,0.18042240288305234,0.0024717065451228763,nan,nan,nan,nan,nan,nan,nan,nan,nan,nan,nan,nan,nan,nan,nan,nan,nan,nan,nan,nan,nan,nan,nan,nan,nan,nan,nan,nan,nan,nan,nan,nan,nan,nan,nan,nan,nan,nan,nan,nan,nan,nan,nan,nan,nan,nan,nan,nan,nan,nan,nan,nan,nan,nan,nan,nan,nan,nan,nan,nan,nan,nan,nan,0.15298601332945816
1791059567.3402789,0.388400436422957,0.6630522529088478,-0.021877169580289214,-0.06442140321667326,2.0098608023224527,0.16182131666986774,0.011359777877573215,0.0,0.0,2.642749521454566,-0.2577874735562997,0.19825192935160482,0.04950787815975938,0.7254799898083878,0.0,0.0,0.055532614603065085,-1.0358671284728491,0.0011486227190616591,-0.0004266211616366406,0.7151124753703574,0.0,0.0,-1.115337445330236,-0.5191794741769851,0.013306710891776138,-0.20865893651977718,nan,nan,nan,nan,nan,nan,nan,0.025164085286660146,0.0,0.0,1.4006783500091875,-1.8136188868818657,0.009126844407068093,-0.02552431074492904,0.0,0.0,0.0,1.0093876064910554,1.9927729328040733,0.17983970494069793,0.006539549924156487,nan,nan,nan,nan,nan,nan,nan,nan,nan,nan,nan,nan,nan,nan,nan,nan,nan,nan,nan,nan,nan,nan,nan,nan,nan,nan,nan,nan,nan,nan,nan,nan,nan,nan,nan,nan,nan,nan,nan,nan,nan,nan,nan,nan,nan,nan,nan,nan,nan,nan,nan,nan,nan,nan,nan,nan,nan,nan,nan,nan,nan,nan,nan,0.14540535146151468
1791059567.4413388,0.4046032332431205,0.6623106649018464,-0.02217375432976563,-0.06401950218234786,2.0097072144293313,0.16205372343305025,0.008294423846081563,0.0,0.0,2.6637449695486346,-0.2549141991397251,0.18952706735384245,0.04799854181266377,0.7254799898083878,0.0,0.0,0.0555239424644097,-1.0358587087513351,-8.559214645325277e-05,0.0002644428951450639,0.7151124753703574,0.0,0.0,-1.1140149913913728,-0.541652663689134,0.012962879566234174,-0.2176440366038855,nan,nan,nan,nan,nan,nan,nan,0.025164085286660146,0.0,0.0,1.4006693307539513,-1.8132265354640833,0.011050189338385055,-0.001186351276292798,0.0,0.0,0.0,1.0274889137757488,1.9931402229051027,0.1805966626265192,0.002720017449467232,nan,nan,nan,nan,nan,nan,nan,nan,nan,nan,nan,nan,nan,nan,nan,nan,nan,nan,nan,nan,nan,nan,nan,nan,nan,nan,nan,nan,nan,nan,nan,nan,nan,nan,nan,nan,nan,nan,nan,nan,nan,nan,nan,nan,nan,nan,nan,nan,nan,nan,nan,nan,nan,nan,nan,nan,nan,nan,nan,nan,nan,nan,nan,0.14154143221128884
1791059567.5419867,0.4188096843366179,0.6617581475378931,-0.022424998128033318,-0.06358301754841932,2.0095591521287943,0.16230624926403706,0.016939241543549963,0.0,0.0,2.6875479838475322,-0.251429675146419,0.21536512416866582,0.04217978099725987,0.7254799898083878,0.0,0.0,0.05551592448809562,-1.0358550796248551,-0.0005303258546110461,-0.00014685889439176045,0.7151124753703574,0.0,0.0,-1.1125306777937323,-0.5662608624292137,0.015829176748318432,-0.2176613210204086,nan,nan,nan,nan,nan,nan,nan,0.025164085286660146,0.0,0.0,1.4003031191033124,-1.8126651346836766,-0.005058001374037115,-0.019749206631565173,0.0,0.0,0.0,1.0453985539375477,1.9934800554639924,0.17866177364257607,0.004519136894058243,nan,nan,nan,nan,nan,nan,nan,nan,nan,nan,nan,nan,nan,nan,nan,nan,nan,nan,nan,nan,nan,nan,nan,nan,nan,nan,nan,nan,nan,nan,nan,nan,nan,nan,nan,nan,nan,nan,nan,nan,nan,nan,nan,nan,nan,nan,nan,nan,nan,nan,nan,nan,nan,nan,nan,nan,nan,nan,nan,nan,nan,nan,nan,0.14347944976698085
1791059567.6403515,0.43302929467901874,0.6614248014774546,-0.022776637799198717,-0.06313076752978038,2.0094132843629544,0.16256802757238217,0.7766799645483022,0.0,0.0,2.707545559010162,-0.2492016041931333,0.30402882239042645,-0.007961931752583203,0.7254799898083878,0.0,0.0,0.05553178797217327,-1.0358652123995449,0.00034082768320145264,-0.0002467213296301486,0.7151124753703574,0.0,0.0,-1.1114655231504806,-0.5863685408935426,0.01073884235272269,-0.23572741341141806,nan,nan,nan,nan,nan,nan,nan,0.025164085286660146,0.0,0.0,1.4006209003351877,-1.8112684029591402,0.0018627442726490001,0.0005886542996148521,0.0,0.0,0.0,1.0628283964906986,1.9940017837092308,0.17143742968365344,0.009351081023758936,nan,nan,nan,nan,nan,nan,nan,nan,nan,nan,nan,nan,nan,nan,nan,nan,nan,nan,nan,nan,nan,nan,nan,nan,nan,nan,nan,nan,nan,nan,nan,nan,nan,nan,nan,nan,nan,nan,nan,nan,nan,nan,nan,nan,nan,nan,nan,nan,nan,nan,nan,nan,nan,nan,nan,nan,nan,nan,nan,nan,nan,nan,nan,0.15418088280056336
1791059567.740345,0.4477274775013465,0.660810287018395,-0.0225659137548021,-0.06266459894661647,2.00927025915283,0.16283800161084308,0.020438094041006424,0.0,0.0,2.7298352147498726,-0.2449268313492541,0.2261736883398086,0.04239607054192318,0.7254799898083878,0.0,0.0,0.05553396141376019,-1.0358612189008478,-0.0002969505444285576,8.151625737631615e-05,0.7151124753703574,0.0,0.0,-1.1099092806977455,-0.611014513036442,0.014841928946974756,-0.23727513319721721,nan,nan,nan,nan,nan,nan,nan,0.025164085286660146,0.0,0.0,1.4006938735692982,-1.8136584186873004,0.0004731669150238431,-0.005391694535540283,0.0,0.0,0.0,1.0802823474482806,1.9943999719672691,0.15462926614724837,0.004573436642185479,nan,nan,nan,nan,nan,nan,nan,nan,nan,nan,nan,nan,nan,nan,nan,nan,nan,nan,nan,nan,nan,nan,nan,nan,nan,nan,nan,nan,nan,nan,nan,nan,nan,nan,nan,nan,nan,nan,nan,nan,nan,nan,nan,nan,nan,nan,nan,nan,nan,nan,nan,nan,nan,nan,nan,nan,nan,nan,nan,nan,nan,nan,nan,0.1565764871141252
1791059567.841227,0.46300970047929096,0.6602616523568228,-0.021991902159504695,-0.06220960998484657,2.009129863376445,0.1631016364956992,0.014795671153829428,0.0,0.0,2.7519693413226856,-0.24123412000052233,0.21145166047566655,0.041933961473821266,0.7254799898083878,0.0,0.0,0.055525916496332255,-1.0358623943897816,-0.000760058534789903,-0.0005446917312776791,0.7151124753703574,0.0,0.0,-1.1085050869017803,-0.6331777851865783,0.01245066034444333,-0.22201777059194405,nan,nan,nan,nan,nan,nan,nan,0.025164085286660146,0.0,0.0,1.4005945847484034,-1.813205103940148,-0.0030087299686719464,0.0278884244346059,0.0,0.0,0.0,1.100778065709015,1.9948753893817857,0.193188130727028,0.008554027221241814,nan,nan,nan,nan,nan,nan,nan,nan,nan,nan,nan,nan,nan,nan,nan,nan,nan,nan,nan,nan,nan,nan,nan,nan,nan,nan,nan,nan,nan,nan,nan,nan,nan,nan,nan,nan,nan,nan,nan,nan,nan,nan,nan,nan,nan,nan,nan,nan,nan,nan,nan,nan,nan,nan,nan,nan,nan,nan,nan,nan,nan,nan,nan,0.1604557056826881
1791059567.9410079,0.4781833302024526,0.659777849277611,-0.022225606562804853,-0.06174501368428455,2.008991938169257,0.16337097521721056,0.02416739111260923,0.0,0.0,2.771960695816287,-0.2381873848558671,0.21360054179150081,0.039144851639060604,0.7254799898083878,0.0,0.0,0.055523544665277466,-1.0358633299285824,-0.0004095161711279449,-8.74993179875635e-05,0.7151124753703574,0.0,0.0,-1.1072144863301343,-0.6535018288920282,0.015656903122477476,-0.2127552293338113,nan,nan,nan,nan,nan,nan,nan,0.025164085286660146,0.0,0.0,1.4006661277271617,-1.813574559206559,0.000688910207540081,0.006830870670830988,0.0,0.0,0.0,1.1175333985964924,1.995173396027068,0.17956860718200315,0.0017235521737005816,nan,nan,nan,nan,nan,nan,nan,nan,nan,nan,nan,nan,nan,nan,nan,nan,nan,nan,nan,nan,nan,nan,nan,nan,nan,nan,nan,nan,nan,nan,nan,nan,nan,nan,nan,nan,nan,nan,nan,nan,nan,nan,nan,nan,nan,nan,nan,nan,nan,nan,nan,nan,nan,nan,nan,nan,nan,nan,nan,nan,nan,nan,nan,0.14251685769249126
1791059568.0411942,0.4930924471289273,0.6590680415410554,-0.022103018810833108,-0.06127112889672143,2.008857393406185,0.16364584040605054,0.09243136851538947,0.0,0.0,2.792745486443254,-0.2348324347062984,0.21057936457521229,0.02705631310405709,0.7254799898083878,0.0,0.0,0.05554087515817611,-1.03586513228578,0.0008046870774977636,-3.794068199499206e-05,0.7151124753703574,0.0,0.0,-1.1059278652916436,-0.6760456225711043,0.013993325098636569,-0.23158676516438603,nan,nan,nan,nan,nan,nan,nan,0.025164085286660146,0.0,0.0,1.4006254955514192,-1.8135824920829773,2.4284837523000022e-05,-0.0016717458245581428,0.0,0.0,0.0,1.1380056818519422,1.995521986110091,0.19435055094870607,-0.0011161259535048377,nan,nan,nan,nan,nan,nan,nan,nan,nan,nan,nan,nan,nan,nan,nan,nan,nan,nan,nan,nan,nan,nan,nan,nan,nan,nan,nan,nan,nan,nan,nan,nan,nan,nan,nan,nan,nan,nan,nan,nan,nan,nan,nan,nan,nan,nan,nan,nan,nan,nan,nan,nan,nan,nan,nan,nan,nan,nan,nan,nan,nan,nan,nan,0.14222111398733567
1791059568.1415062,0.5071134761743777,0.6588408295465692,-0.02190796011287366,-0.060805971975975426,2.008723420422836,0.1639157814107156,0.035693013768191596,0.0,0.0,2.814944191294295,-0.23100362428442192,0.18952520427944328,0.02322891763316575,0.7254799898083878,0.0,0.0,0.05552954336331621,-1.0358592596363212,-0.00016522412049650194,0.0004889941321219402,0.7151124753703574,0.0,0.0,-1.1045871513035102,-0.6983545688021359,0.017316381185040797,-0.24025242417838574,nan,nan,nan,nan,nan,nan,nan,0.025164085286660146,0.0,0.0,1.4006350334134776,-1.8135624934577388,-0.001979171866517183,-0.008256971882981707,0.0,0.0,0.0,1.154322325373857,1.995732736663546,0.19178856574178488,-0.001371263540528014,nan,nan,nan,nan,nan,nan,nan,nan,nan,nan,nan,nan,nan,nan,nan,nan,nan,nan,nan,nan,nan,nan,nan,nan,nan,nan,nan,nan,nan,nan,nan,nan,nan,nan,nan,nan,nan,nan,nan,nan,nan,nan,nan,nan,nan,nan,nan,nan,nan,nan,nan,nan,nan,nan,nan,nan,nan,nan,nan,nan,nan,nan,nan,0.12502364637996838
1791059568.2412283,0.5212679728793,0.658087200189993,-0.022815864697374785,-0.060344122232207864,2.0085919620696266,0.16418393770351106,0.006602183403528991,0.0,0.0,2.8331712933851363,-0.22791011824750426,0.18348314562826362,0.055887734276208065,0.7254799898083878,0.0,0.0,0.055528885656645134,-1.0358702066268877,-0.0005841579804562888,-0.00043189852536264223,0.7151124753703574,0.0,0.0,-1.1029418830417825,-0.7224675636927061,0.0025544739367263257,-0.23245971862146603,nan,nan,nan,nan,nan,nan,nan,0.025164085286660146,0.0,0.0,1.400341115144391,-1.8125402186689819,-0.02309609339669009,0.07911533634289995,0.0,0.0,0.0,1.1747633282076944,1.9959557880891976,0.1789959693340077,0.006163253831571635,nan,nan,nan,nan,nan,nan,nan,nan,nan,nan,nan,nan,nan,nan,nan,nan,nan,nan,nan,nan,nan,nan,nan,nan,nan,nan,nan,nan,nan,nan,nan,nan,nan,nan,nan,nan,nan,nan,nan,nan,nan,nan,nan,nan,nan,nan,nan,nan,nan,nan,nan,nan,nan,nan,nan,nan,nan,nan,nan,nan,nan,nan,nan,0.1360854549105133
1791059568.3422322,0.5343774868514727,0.657866027246925,-0.022808038327588407,-0.05986106664403125,2.0084616647851132,0.16446454879792027,0.02517614054906638,0.0,0.0,2.855691749083881,-0.2254576255807522,0.19564997410297522,0.03554839592185207,0.7254799898083878,0.0,0.0,0.05553739285937855,-1.0358586338357638,0.00048131711714412213,0.00019093631269535196,0.7151124753703574,0.0,0.0,-1.1017115478461272,-0.7425396771119687,0.0069424848367129885,-0.213465452094184,nan,nan,nan,nan,nan,nan,nan,0.025164085286660146,0.0,0.0,1.4006936737291855,-1.8136572146482863,0.0004170128136665093,-0.001699713042893561,0.0,0.0,0.0,1.1925370088329033,1.9960844148603494,0.1714990917639142,7.644860248604132e-05,nan,nan,nan,nan,nan,nan,nan,nan,nan,nan,nan,nan,nan,nan,nan,nan,nan,nan,nan,nan,nan,nan,nan,nan,nan,nan,nan,nan,nan,nan,nan,nan,nan,nan,nan,nan,nan,nan,nan,nan,nan,nan,nan,nan,nan,nan,nan,nan,nan,nan,nan,nan,nan,nan,nan,nan,nan,nan,nan,nan,nan,nan,nan,0.13090402855633948
1791059568.4418864,0.5485629126757169,0.657084142386118,-0.023454984083116137,0.027692429310847113,2.007821726454289,0.21657733710373872,0.9876759310995065,0.0,0.0,2.8700901622761044,-0.22267147640201052,0.013574103950795294,0.004802983517449402,0.7254799898083878,0.0,0.0,0.055530889589314444,-1.035857841577917,-0.0008470186249912465,0.0005590044478691445,0.7151124753703574,0.0,0.0,-1.1005002009231353,-0.76523757468819,0.014400612771998698,-0.21299748418874617,nan,nan,nan,nan,nan,nan,nan,0.025164085286660146,0.0,0.0,1.400353207078007,-1.81266840102847,-0.02557631963747015,0.06235065781305078,0.0,0.0,0.0,1.2079899206238418,1.9961929626236472,0.16336042344756543,0.00012457657926515705,nan,nan,nan,nan,nan,nan,nan,nan,nan,nan,nan,nan,nan,nan,nan,nan,nan,nan,nan,nan,nan,nan,nan,nan,nan,nan,nan,nan,nan,nan,nan,nan,nan,nan,nan,nan,nan,nan,nan,nan,nan,nan,nan,nan,nan,nan,nan,nan,nan,nan,nan,nan,nan,nan,nan,nan,nan,nan,nan,nan,nan,nan,nan,0.15555961361088835
1791059568.5419776,0.5630518089607275,0.6566582291229098,-0.023410495452526332,0.06741669877776406,2.007544865641639,0.239907359185741,0.3595684974864337,0.0,0.0,2.8692089282608904,-0.2219433232177946,0.01379391423207968,-0.035800770180496086,0.7254799898083878,0.0,0.0,0.055373882118130005,-1.0358342012868909,-0.01097884014045759,0.0020581221336635857,0.7151124753703574,0.0,0.0,-1.0993204544205013,-0.7901602522064628,0.01541286247011299,-0.21445602059543034,nan,nan,nan,nan,nan,nan,nan,0.025164085286660146,0.0,0.0,1.400316526253961,-1.8127155014492313,-0.002153438502293439,-0.006850746119526983,0.0,0.0,0.0,1.2248338637755694,1.9964818039514634,0.1778707059520436,0.0018718177837645342,nan,nan,nan,nan,nan,nan,nan,nan,nan,nan,nan,nan,nan,nan,nan,nan,nan,nan,nan,nan,nan,nan,nan,nan,nan,nan,nan,nan,nan,nan,nan,nan,nan,nan,nan,nan,nan,nan,nan,nan,nan,nan,nan,nan,nan,nan,nan,nan,nan,nan,nan,nan,nan,nan,nan,nan,nan,nan,nan,nan,nan,nan,nan,0.16909222438918114
1791059568.6419978,0.5791748229421033,0.6562133454537272,-0.022380407922655023,0.12169364680202781,2.0086005386850174,0.26993631808279295,0.6310542303496973,0.0,0.0,2.8693326678117193,-0.22139132696677344,0.0082241215697461,0.006490556219077523,0.7254799898083878,0.0,0.0,0.055522579945830416,-1.0358563939047964,-0.000744759618013981,0.00018691007458584386,0.7151124753703574,0.0,0.0,-1.098188648894481,-0.8131315623657801,0.012621559737102947,-0.23204686847049502,nan,nan,nan,nan,nan,nan,nan,0.025164085286660146,0.0,0.0,1.4003592185629474,-1.8125692388676558,-0.02300346088786294,0.07734503246762926,0.0,0.0,0.0,1.2429420725534075,1.9966927711985742,0.15049476832438957,0.005194306170430426,nan,nan,nan,nan,nan,nan,nan,nan,nan,nan,nan,nan,nan,nan,nan,nan,nan,nan,nan,nan,nan,nan,nan,nan,nan,nan,nan,nan,nan,nan,nan,nan,nan,nan,nan,nan,nan,nan,nan,nan,nan,nan,nan,nan,nan,nan,nan,nan,nan,nan,nan,nan,nan,nan,nan,nan,nan,nan,nan,nan,nan,nan,nan,0.14736617403002658
1791059568.7418482,0.5962739234203667,0.6554200064041841,-0.0238629230758471,0.18239475128134214,2.0122986312074573,0.2996813788651062,0.8115680062657209,0.0,0.0,2.8693057873597594,-0.22146251235010844,0.001130193773241398,0.00036942575974778253,0.7254799898083878,0.0,0.0,0.055516191817683844,-1.035871199501783,-0.00022014405306469616,-0.0006361759127629831,0.7151124753703574,0.0,0.0,-1.0973518645798463,-0.8359597448193715,0.009746992769133883,-0.24010149820953713,nan,nan,nan,nan,nan,nan,nan,0.025164085286660146,0.0,0.0,1.400688978130855,-1.8135707422555851,-0.001395433910146444,-0.0035680137978323406,0.0,0.0,0.0,1.259508834437204,1.9967956996769871,0.1590473772774856,0.0006466769491725978,nan,nan,nan,nan,nan,nan,nan,nan,nan,nan,nan,nan,nan,nan,nan,nan,nan,nan,nan,nan,nan,nan,nan,nan,nan,nan,nan,nan,nan,nan,nan,nan,nan,nan,nan,nan,nan,nan,nan,nan,nan,nan,nan,nan,nan,nan,nan,nan,nan,nan,nan,nan,nan,nan,nan,nan,nan,nan,nan,nan,nan,nan,nan,0.1652956870398186
1791059568.8418324,0.6136916940687411,0.6549193858860337,-0.02502764080685542,0.2324407466625277,2.01938551600791,0.3205330691521766,0.7329768097785032,0.0,0.0,2.8693048599373303,-0.22144908274796568,6.0937810773212175e-05,-0.0005017716817368182,0.7254799898083878,0.0,0.0,0.05551404860643204,-1.035867260743775,0.00017932765191092808,-0.0004541430743230328,0.7151124753703574,0.0,0.0,-1.095992712924394,-0.8562427277576387,0.008805229478494797,-0.22301992907400836,nan,nan,nan,nan,nan,nan,nan,0.025164085286660146,0.0,0.0,1.4006729691510975,-1.8136344509044218,0.0021297994378005228,-0.006475154199889763,0.0,0.0,0.0,1.2735293082745063,1.9970037030119723,0.1532269468240097,0.0007190732022481906,nan,nan,nan,nan,nan,nan,nan,nan,nan,nan,nan,nan,nan,nan,nan,nan,nan,nan,nan,nan,nan,nan,nan,nan,nan,nan,nan,nan,nan,nan,nan,nan,nan,nan,nan,nan,nan,nan,nan,nan,nan,nan,nan,nan,nan,nan,nan,nan,nan,nan,nan,nan,nan,nan,nan,nan,nan,nan,nan,nan,nan,nan,nan,0.18939948296475415
1791059568.9413726,0.6323227861572339,0.6541618529410833,-0.026028724828191106,0.2583051661631878,2.029049156571557,0.32995572848359545,0.43307648399271137,0.0,0.0,2.8693236431480504,-0.22143639706659354,-0.008958935303599319,0.027857493842489277,0.7254799898083878,0.0,0.0,0.05552737975643846,-1.0358655624952757,0.000536367292611872,0.0002732395698913697,0.7151124753703574,0.0,0.0,-1.0947885653100462,-0.8812743149093636,-0.012770581020597237,-0.22260693437529394,nan,nan,nan,nan,nan,nan,nan,0.025164085286660146,0.0,0.0,1.4006554945526966,-1.8135938045480369,-0.001865251386529902,0.004069243878670809,0.0,0.0,0.0,1.2923961739819767,1.9971991682774912,0.1628395303802458,0.006226711667163743,nan,nan,nan,nan,nan,nan,nan,nan,nan,nan,nan,nan,nan,nan,nan,nan,nan,nan,nan,nan,nan,nan,nan,nan,nan,nan,nan,nan,nan,nan,nan,nan,nan,nan,nan,nan,nan,nan,nan,nan,nan,nan,nan,nan,nan,nan,nan,nan,nan,nan,nan,nan,nan,nan,nan,nan,nan,nan,nan,nan,nan,nan,nan,0.18669700858889124
1791059569.0421777,0.653157263961682,0.6534916780702373,-0.029118825737457048,0.3023568373331437,2.0412931055176196,0.34394464403227726,0.7057451177285772,0.0,0.0,2.869346975674981,-0.22145986639180404,0.002336703764107843,-0.0012622121469449427,0.7254799898083878,0.0,0.0,0.055517185853573535,-1.0358636990511754,-0.00044753860661655905,0.0002444306433972787,0.7151124753703574,0.0,0.0,-1.0933459676209665,-0.903778136410186,0.02759352422168331,-0.20092316465908502,nan,nan,nan,nan,nan,nan,nan,0.025164085286660146,0.0,0.0,1.4006833228912388,-1.8137967905955494,-0.000851087778466858,-0.025197369501986283,0.0,0.0,0.0,1.3080648733893472,1.9972812350474458,0.16001695210999348,-0.0009984000341260947,nan,nan,nan,nan,nan,nan,nan,nan,nan,nan,nan,nan,nan,nan,nan,nan,nan,nan,nan,nan,nan,nan,nan,nan,nan,nan,nan,nan,nan,nan,nan,nan,nan,nan,nan,nan,nan,nan,nan,nan,nan,nan,nan,nan,nan,nan,nan,nan,nan,nan,nan,nan,nan,nan,nan,nan,nan,nan,nan,nan,nan,nan,nan,0.22198891000771748
1791059569.1425648,0.6739654006857038,0.6524668441450799,-0.030630193363236313,0.3419034251808915,2.0572153375220177,0.35443643153022225,0.732652729458525,0.0,0.0,2.8705049660157913,-0.22205158035278028,0.009471626935394651,0.009502021662530773,0.7254799898083878,0.0,0.0,0.0555286009629512,-1.0358537582572271,-0.00013661580552634894,0.0007906872374801277,0.7151124753703574,0.0,0.0,-1.0926746926547866,-0.9183508224350689,-0.0030477451148845096,-0.013041639362047178,nan,nan,nan,nan,nan,nan,nan,0.025164085286660146,0.0,0.0,1.4003479403019279,-1.812641083058983,-0.0009357390925313472,-0.007358114340431498,0.0,0.0,0.0,1.3269628804215854,1.9975952563423112,0.18276741849665462,0.003295340269845283,nan,nan,nan,nan,nan,nan,nan,nan,nan,nan,nan,nan,nan,nan,nan,nan,nan,nan,nan,nan,nan,nan,nan,nan,nan,nan,nan,nan,nan,nan,nan,nan,nan,nan,nan,nan,nan,nan,nan,nan,nan,nan,nan,nan,nan,nan,nan,nan,nan,nan,nan,nan,nan,nan,nan,nan,nan,nan,nan,nan,nan,nan,nan,0.24001408344817116
1791059569.242523,0.6965388886369521,0.6517022720646883,-0.031845801618414354,0.3826586250324285,2.076766349402246,0.3634164837081049,0.8134873962063052,0.0,0.0,2.870690250319759,-0.22274451867479805,0.0008461888275211654,0.0034478829177724065,0.7254799898083878,0.0,0.0,0.0555187862122224,-1.035861136273198,-0.0005777507353384629,5.756742426935616e-05,0.7151124753703574,0.0,0.0,-1.0926714517022764,-0.9189769612168142,0.0025991473061702736,0.0037417927153748694,nan,nan,nan,nan,nan,nan,nan,0.025164085286660146,0.0,0.0,1.4006094663268296,-1.8131690246697265,-0.003226019943467705,0.03336757441882879,0.0,0.0,0.0,1.3443911391203052,1.9975637449639025,0.17587756998232817,-0.012842988916699693,nan,nan,nan,nan,nan,nan,nan,nan,nan,nan,nan,nan,nan,nan,nan,nan,nan,nan,nan,nan,nan,nan,nan,nan,nan,nan,nan,nan,nan,nan,nan,nan,nan,nan,nan,nan,nan,nan,nan,nan,nan,nan,nan,nan,nan,nan,nan,nan,nan,nan,nan,nan,nan,nan,nan,nan,nan,nan,nan,nan,nan,nan,nan,0.21127899221813767
1791059569.3402827,0.7198342123138555,0.6506978602716824,-0.034848116996006755,0.4138802515562663,2.099641801508866,0.36918457964757434,0.7108598815746288,0.0,0.0,2.8707103680766943,-0.2227469644929577,5.665048074036006e-05,0.0015462378406159425,0.7254799898083878,0.0,0.0,0.055523753428045795,-1.0358661896134282,-5.003593087357369e-05,-0.0003299652292104825,0.7151124753703574,0.0,0.0,-1.0926600378795153,-0.9190931868577918,-0.0006786632270306144,-0.0010216868342269709,nan,nan,nan,nan,nan,nan,nan,0.025164085286660146,0.0,0.0,1.4007079185698732,-1.8135507638784818,0.0025834013613438944,0.010502792662783774,0.0,0.0,0.0,1.3626965298496552,1.9977610537994597,0.1867496197047998,0.0015540099841909903,nan,nan,nan,nan,nan,nan,nan,nan,nan,nan,nan,nan,nan,nan,nan,nan,nan,nan,nan,nan,nan,nan,nan,nan,nan,nan,nan,nan,nan,nan,nan,nan,nan,nan,nan,nan,nan,nan,nan,nan,nan,nan,nan,nan,nan,nan,nan,nan,nan,nan,nan,nan,nan,nan,nan,nan,nan,nan,nan,nan,nan,nan,nan,0.21659175824835492
1791059569.4422896,0.7428841973601388,0.6496199217088154,-0.03633917256509447,0.44557034544362506,2.125399923902253,0.3741760021690726,0.7574990549219194,0.0,0.0,2.8706947151496105,-0.22276177573118433,-0.00021013246889236106,-0.0006357570991182892,0.7254799898083878,0.0,0.0,0.05553535752419686,-1.0358711024805927,0.0004846837345656294,-5.589909779735588e-05,0.7151124753703574,0.0,0.0,-1.0926696352047827,-0.9190931290351615,8.706357889828868e-05,-7.163235075428415e-05,nan,nan,nan,nan,nan,nan,nan,0.025164085286660146,0.0,0.0,1.4005922358737015,-1.8130543528419512,0.018221927182122608,-0.035356825063867225,0.0,0.0,0.0,1.37959969543702,1.9978359291443835,0.22015326137440958,-0.009244332457168356,nan,nan,nan,nan,nan,nan,nan,nan,nan,nan,nan,nan,nan,nan,nan,nan,nan,nan,nan,nan,nan,nan,nan,nan,nan,nan,nan,nan,nan,nan,nan,nan,nan,nan,nan,nan,nan,nan,nan,nan,nan,nan,nan,nan,nan,nan,nan,nan,nan,nan,nan,nan,nan,nan,nan,nan,nan,nan,nan,nan,nan,nan,nan,0.22281941728763532
1791059569.5430486,0.7656640447476698,0.6485838778505051,-0.03616477692976769,0.48071583220342073,2.1544067970315375,0.3788258397823784,0.6507124080177367,0.0,0.0,2.8706838827522247,-0.22277478125027533,-0.0004101509690153586,-0.0010474972287249594,0.7254799898083878,0.0,0.0,0.05551645707692928,-1.0358704428113028,-0.0009641043473515593,-0.0006361164394041566,0.7151124753703574,0.0,0.0,-1.0926652573663513,-0.9191028860637166,0.000271723630687475,-0.0006319044902946264,nan,nan,nan,nan,nan,nan,nan,0.025164085286660146,0.0,0.0,1.400667120230214,-1.8136136841371542,-0.0014905383741863774,-0.0015638853075930468,0.0,0.0,0.0,1.398771597365744,1.997982352445767,0.16857004813586818,-0.001884069562076083,nan,nan,nan,nan,nan,nan,nan,nan,nan,nan,nan,nan,nan,nan,nan,nan,nan,nan,nan,nan,nan,nan,nan,nan,nan,nan,nan,nan,nan,nan,nan,nan,nan,nan,nan,nan,nan,nan,nan,nan,nan,nan,nan,nan,nan,nan,nan,nan,nan,nan,nan,nan,nan,nan,nan,nan,nan,nan,nan,nan,nan,nan,nan,0.22265200818078562
1791059569.6392384,0.7890275626265806,0.6472382822157698,-0.03364679418967011,0.5023352464102326,2.185760000857173,0.3812812478945799,0.6783702301977851,0.0,0.0,2.870575478790229,-0.22293175310234406,-0.00830199720220011,-0.014092662307064583,0.7254799898083878,0.0,0.0,0.055534631677249896,-1.0358686061588627,-0.0001174601289883588,-0.0003326903454896534,0.7151124753703574,0.0,0.0,-1.0926516723117201,-0.9191098364959654,0.0010035966760567467,-0.0009995284979428616,nan,nan,nan,nan,nan,nan,nan,0.025164085286660146,0.0,0.0,1.4003237190482474,-1.8126953981033227,-0.0022894921967134938,-0.01272765390281767,0.0,0.0,0.0,1.4133079613510393,1.9981165713580789,0.15769939245625075,0.009304079095409184,nan,nan,nan,nan,nan,nan,nan,nan,nan,nan,nan,nan,nan,nan,nan,nan,nan,nan,nan,nan,nan,nan,nan,nan,nan,nan,nan,nan,nan,nan,nan,nan,nan,nan,nan,nan,nan,nan,nan,nan,nan,nan,nan,nan,nan,nan,nan,nan,nan,nan,nan,nan,nan,nan,nan,nan,nan,nan,nan,nan,nan,nan,nan,0.23514406510527358
1791059569.7421927,0.8118261942473849,0.6458584594350251,-0.03287555328633764,0.5287611633394994,2.2187565813666135,0.38391550893988663,0.7830215444224856,0.0,0.0,2.870725569123844,-0.2226638451236177,0.011106520653702085,0.019441563184885706,0.7254799898083878,0.0,0.0,0.055522518533930566,-1.0358672158550148,0.0005265774592924853,-0.0006345289156607289,0.7151124753703574,0.0,0.0,-1.0926640563492827,-0.9190965656290406,0.00023703542449932948,0.00016992565528163188,nan,nan,nan,nan,nan,nan,nan,0.025164085286660146,0.0,0.0,1.400704173728003,-1.8136644143257168,0.0019491222118761856,-0.005876012026169037,0.0,0.0,0.0,1.43222697515781,1.9984204065498778,0.16847791370178267,-0.0015705585601802322,nan,nan,nan,nan,nan,nan,nan,nan,nan,nan,nan,nan,nan,nan,nan,nan,nan,nan,nan,nan,nan,nan,nan,nan,nan,nan,nan,nan,nan,nan,nan,nan,nan,nan,nan,nan,nan,nan,nan,nan,nan,nan,nan,nan,nan,nan,nan,nan,nan,nan,nan,nan,nan,nan,nan,nan,nan,nan,nan,nan,nan,nan,nan,0.22440219834742875
1791059569.8391051,0.8342579593530515,0.6447774308140649,-0.02926806858791592,0.5523345726247064,2.253348780978439,0.3859624937873241,0.770067396532273,0.0,0.0,2.8706864143995015,-0.2227906093045177,0.0005205963667619402,0.00028024144814384026,0.7254799898083878,0.0,0.0,0.055528012400163175,-1.0358699985589699,-0.0004573105989950523,-0.0006012789271894609,0.7151124753703574,0.0,0.0,-1.0926666318246772,-0.919095418283997,-0.0007162445087515533,0.000377401308837193,nan,nan,nan,nan,nan,nan,nan,0.025164085286660146,0.0,0.0,1.4003159326765637,-1.8126631869362742,-0.0032480829232932377,-0.009141071286545809,0.0,0.0,0.0,1.4498322758582218,1.9985079566776842,0.15934214154288728,0.013657934321093482,nan,nan,nan,nan,nan,nan,nan,nan,nan,nan,nan,nan,nan,nan,nan,nan,nan,nan,nan,nan,nan,nan,nan,nan,nan,nan,nan,nan,nan,nan,nan,nan,nan,nan,nan,nan,nan,nan,nan,nan,nan,nan,nan,nan,nan,nan,nan,nan,nan,nan,nan,nan,nan,nan,nan,nan,nan,nan,nan,nan,nan,nan,nan,0.19954328941008362
1791059569.9430442,0.8567267155341711,0.6436138878415758,-0.03192097499515328,0.573238516622524,2.289590653143513,0.38756575421334755,0.748631589829114,0.0,0.0,2.870367196286839,-0.22223599904137575,-0.009523668170115305,-0.011849463122661948,0.7254799898083878,0.0,0.0,0.0555302415328565,-1.0358736543871025,0.0004955427896972289,-0.0003007124981319856,0.7151124753703574,0.0,0.0,-1.0926690858013353,-0.9191069077558341,-0.0003805423046253986,-0.00023087531212255395,nan,nan,nan,nan,nan,nan,nan,0.025164085286660146,0.0,0.0,1.4007086813453602,-1.8135492840511598,0.0040019291555102,0.0035387353612868055,0.0,0.0,0.0,1.467198356479588,1.9987884806735619,0.16733693915599807,0.005045414467561339,nan,nan,nan,nan,nan,nan,nan,nan,nan,nan,nan,nan,nan,nan,nan,nan,nan,nan,nan,nan,nan,nan,nan,nan,nan,nan,nan,nan,nan,nan,nan,nan,nan,nan,nan,nan,nan,nan,nan,nan,nan,nan,nan,nan,nan,nan,nan,nan,nan,nan,nan,nan,nan,nan,nan,nan,nan,nan,nan,nan,nan,nan,nan,0.21119196215678762
1791059570.0414174,0.879647207927605,0.6423434949446406,-0.031056406095324136,0.5985656014414549,2.327460834120556,0.3892717121219931,0.8550261124145483,0.0,0.0,2.8704860291737546,-0.22206981702991085,0.0025223434896245057,0.0009992757383006008,0.7254799898083878,0.0,0.0,0.0555312289536794,-1.035874712935568,0.0006489640845208476,-0.0009687500175379366,0.7151124753703574,0.0,0.0,-1.0926659547802287,-0.9191075425863658,-0.0006679434847015772,-0.00027961263699011787,nan,nan,nan,nan,nan,nan,nan,0.025164085286660146,0.0,0.0,1.4003721356059862,-1.812618427127021,0.0014393599914280899,0.00017764670701102964,0.0,0.0,0.0,1.4839310479665198,1.9988374526968804,0.1568305548557184,-0.0040305954711850524,nan,nan,nan,nan,nan,nan,nan,nan,nan,nan,nan,nan,nan,nan,nan,nan,nan,nan,nan,nan,nan,nan,nan,nan,nan,nan,nan,nan,nan,nan,nan,nan,nan,nan,nan,nan,nan,nan,nan,nan,nan,nan,nan,nan,nan,nan,nan,nan,nan,nan,nan,nan,nan,nan,nan,nan,nan,nan,nan,nan,nan,nan,nan,0.2465098301197474
1791059570.140317,0.9022864809181872,0.641418581359567,-0.028939730400006188,0.6120955032263451,2.366080006759965,0.39008748582244107,0.6763980698624595,0.0,0.0,2.87047360179927,-0.22205413659957515,-0.0035148420988067464,-0.0008644154060958421,0.7254799898083878,0.0,0.0,0.0555231753802594,-1.0358621543601696,-4.9371060247870005e-05,0.00041123329098079,0.7151124753703574,0.0,0.0,-1.0926585568129235,-0.9190956714312788,3.173202467631511e-05,0.0003077409665791539,nan,nan,nan,nan,nan,nan,nan,0.025164085286660146,0.0,0.0,1.400321418774678,-1.812624080762665,-0.002317240614195372,-0.005082575676560422,0.0,0.0,0.0,1.5014988145970842,1.9993507212757302,0.17408603111586962,0.008835698017808027,nan,nan,nan,nan,nan,nan,nan,nan,nan,nan,nan,nan,nan,nan,nan,nan,nan,nan,nan,nan,nan,nan,nan,nan,nan,nan,nan,nan,nan,nan,nan,nan,nan,nan,nan,nan,nan,nan,nan,nan,nan,nan,nan,nan,nan,nan,nan,nan,nan,nan,nan,nan,nan,nan,nan,nan,nan,nan,nan,nan,nan,nan,nan,0.22863558565364087
1791059570.239149,0.9250619951486163,0.6402962134636888,-0.02768956724854903,0.6295392381773754,2.4043837639852623,0.3910504683819612,0.7567497472232038,0.0,0.0,2.8704963681822386,-0.22202016338196312,0.010241641232206646,0.014163878882167193,0.7254799898083878,0.0,0.0,0.055532898280611497,-1.0358612848619433,0.000598635323002068,0.00045196358011168677,0.7151124753703574,0.0,0.0,-1.0926579538028764,-0.9191040117438052,-0.00011634691847646098,9.46940134963373e-05,nan,nan,nan,nan,nan,nan,nan,0.025164085286660146,0.0,0.0,1.4006006020122734,-1.813430896467463,0.023428062599537287,-0.06395906541402263,0.0,0.0,0.0,1.519105188602463,1.9994025685176697,0.15894250688877298,0.009778565904585628,nan,nan,nan,nan,nan,nan,nan,nan,nan,nan,nan,nan,nan,nan,nan,nan,nan,nan,nan,nan,nan,nan,nan,nan,nan,nan,nan,nan,nan,nan,nan,nan,nan,nan,nan,nan,nan,nan,nan,nan,nan,nan,nan,nan,nan,nan,nan,nan,nan,nan,nan,nan,nan,nan,nan,nan,nan,nan,nan,nan,nan,nan,nan,0.24801740077496132
1791059570.3396232,0.9478154907837062,0.6392510973217869,-0.025786959491347006,0.6438220299469989,2.4430998973572513,0.391770348709108,0.7170772240619038,0.0,0.0,2.8705125457306426,-0.22205098297352974,0.0002873043169895586,0.0006075453728994361,0.7254799898083878,0.0,0.0,0.05553251378661106,-1.0358619028326108,-0.00032978951169147525,0.0007124322673796179,0.7151124753703574,0.0,0.0,-1.0926630797972179,-0.9191075914104785,0.00037236814517746595,-0.0006168255041986106,nan,nan,nan,nan,nan,nan,nan,0.025164085286660146,0.0,0.0,1.4006830027076578,-1.8136679808461522,0.009948314656774353,-0.027376323696536232,0.0,0.0,0.0,1.5350199518311605,1.9995621359842861,0.17170552824138852,-0.008248282888877743,nan,nan,nan,nan,nan,nan,nan,nan,nan,nan,nan,nan,nan,nan,nan,nan,nan,nan,nan,nan,nan,nan,nan,nan,nan,nan,nan,nan,nan,nan,nan,nan,nan,nan,nan,nan,nan,nan,nan,nan,nan,nan,nan,nan,nan,nan,nan,nan,nan,nan,nan,nan,nan,nan,nan,nan,nan,nan,nan,nan,nan,nan,nan,0.21307366712911893
1791059570.4425123,0.9708099443021428,0.6383085140687513,-0.023930583131157524,0.6584725485778802,2.4816809263855397,0.3924498052853079,0.7833960827465763,0.0,0.0,2.8704965908459106,-0.22205251779612525,0.0007292346494991652,-0.0010673651881963778,0.7254799898083878,0.0,0.0,0.05553728433288846,-1.0358621310737073,0.0010912960859592498,0.0008072388413299964,0.7151124753703574,0.0,0.0,-1.0926565275707916,-0.9191105441591924,0.00034447676767739726,-0.00013938662408658384,nan,nan,nan,nan,nan,nan,nan,0.025164085286660146,0.0,0.0,1.4007119282383238,-1.8136278395270513,0.005356504581381358,-0.011206428046921665,0.0,0.0,0.0,1.5532128609251405,1.9998121993248605,0.1882687046024316,0.0106475717448971,nan,nan,nan,nan,nan,nan,nan,nan,nan,nan,nan,nan,nan,nan,nan,nan,nan,nan,nan,nan,nan,nan,nan,nan,nan,nan,nan,nan,nan,nan,nan,nan,nan,nan,nan,nan,nan,nan,nan,nan,nan,nan,nan,nan,nan,nan,nan,nan,nan,nan,nan,nan,nan,nan,nan,nan,nan,nan,nan,nan,nan,nan,nan,0.2083241893072141
1791059570.5405936,0.9937368185500615,0.6375344264328474,-0.02244926047378049,0.6705814271593845,2.519930068174945,0.392969599385131,0.7059867448280548,0.0,0.0,2.8704928373490346,-0.22204538517823486,-0.0010050235567550568,0.000926139719541469,0.7254799898083878,0.0,0.0,0.055533877804293634,-1.035867639117839,0.008790570775084362,-0.0016488424703487523,0.7151124753703574,0.0,0.0,-1.0926538436831656,-0.9191028844065334,5.051729069912545e-05,0.0001175090260277949,nan,nan,nan,nan,nan,nan,nan,0.025164085286660146,0.0,0.0,1.4006973468016575,-1.8136298675177864,0.001166928110526351,-0.007728365171286633,0.0,0.0,0.0,1.572536137937774,1.9997491682044575,0.2137771655154019,-0.009175425271203248,nan,nan,nan,nan,nan,nan,nan,nan,nan,nan,nan,nan,nan,nan,nan,nan,nan,nan,nan,nan,nan,nan,nan,nan,nan,nan,nan,nan,nan,nan,nan,nan,nan,nan,nan,nan,nan,nan,nan,nan,nan,nan,nan,nan,nan,nan,nan,nan,nan,nan,nan,nan,nan,nan,nan,nan,nan,nan,nan,nan,nan,nan,nan,0.22669119708497648
1791059570.641537,1.016459777921637,0.6365455806153281,-0.020606874584401993,0.6812096253951933,2.5574189220184396,0.39339675688282705,0.6901781680792701,0.0,0.0,2.8704973407571397,-0.2220387890949267,0.0010449387861841029,0.0010454710945466206,0.7254799898083878,0.0,0.0,0.05552817325898089,-1.035871280382893,0.008782200789746886,-0.0013987337260416416,0.7151124753703574,0.0,0.0,-1.09266117768168,-0.919097185221371,-0.00011622311985442347,0.0005986289418543955,nan,nan,nan,nan,nan,nan,nan,0.025164085286660146,0.0,0.0,1.4006692818385034,-1.8135169327724714,-0.0004240695132607434,0.0009526059782229545,0.0,0.0,0.0,1.5913880160738771,2.000299287947804,0.17289775721919032,0.02703968701998612,nan,nan,nan,nan,nan,nan,nan,nan,nan,nan,nan,nan,nan,nan,nan,nan,nan,nan,nan,nan,nan,nan,nan,nan,nan,nan,nan,nan,nan,nan,nan,nan,nan,nan,nan,nan,nan,nan,nan,nan,nan,nan,nan,nan,nan,nan,nan,nan,nan,nan,nan,nan,nan,nan,nan,nan,nan,nan,nan,nan,nan,nan,nan,0.23382487850844483
1791059570.7398922,1.0389283459303924,0.6354751710491497,-0.019332234088045762,0.6928406063989873,2.594056979035317,0.3938349983923757,0.7171440216192494,0.0,0.0,2.870482154030448,-0.22205679899292735,0.00721278274299844,0.009565529969502749,0.7254799898083878,0.0,0.0,0.05552782384062074,-1.0358641348270796,-0.00024277199043598358,0.00030821499772632437,0.7151124753703574,0.0,0.0,-1.0926672323035829,-0.9190977821272692,-0.0003664933339778729,0.0004525692395577375,nan,nan,nan,nan,nan,nan,nan,0.025164085286660146,0.0,0.0,1.4003475489734196,-1.8126519886838806,-0.0010234799768912622,-0.0017983976616491046,0.0,0.0,0.0,1.609216517973198,1.999746156331298,0.1626076025552422,-0.018850137224207322,nan,nan,nan,nan,nan,nan,nan,nan,nan,nan,nan,nan,nan,nan,nan,nan,nan,nan,nan,nan,nan,nan,nan,nan,nan,nan,nan,nan,nan,nan,nan,nan,nan,nan,nan,nan,nan,nan,nan,nan,nan,nan,nan,nan,nan,nan,nan,nan,nan,nan,nan,nan,nan,nan,nan,nan,nan,nan,nan,nan,nan,nan,nan,0.23308397846177467
1791059570.8413227,1.0613459012800477,0.6347401123969085,-0.018021201711514143,0.7067324142993004,2.6307809017740644,0.394321024343272,0.7702434685694158,0.0,0.0,2.870505458502145,-0.2220717542459334,0.008517526719467348,0.007892757753233922,0.7254799898083878,0.0,0.0,0.055529499870847106,-1.0358694171863942,0.0008384875915003985,-0.00011332644460220053,0.7151124753703574,0.0,0.0,-1.092667720053766,-0.9191073117918483,-0.0005121454964216186,-4.0254544583686724e-07,nan,nan,nan,nan,nan,nan,nan,0.025164085286660146,0.0,0.0,1.4007043450394783,-1.813638917121162,0.009658149915931133,-0.02803594236725625,0.0,0.0,0.0,1.6283494855969263,2.000661257722077,0.19661185491119354,0.015236183944210037,nan,nan,nan,nan,nan,nan,nan,nan,nan,nan,nan,nan,nan,nan,nan,nan,nan,nan,nan,nan,nan,nan,nan,nan,nan,nan,nan,nan,nan,nan,nan,nan,nan,nan,nan,nan,nan,nan,nan,nan,nan,nan,nan,nan,nan,nan,nan,nan,nan,nan,nan,nan,nan,nan,nan,nan,nan,nan,nan,nan,nan,nan,nan,0.20947719241209997
1791059570.941222,1.0842421051560076,0.6339371262148481,-0.018770592500875625,0.7088175088889909,2.665758199844135,0.39439063886161047,0.7456529015669711,0.0,0.0,2.8703530763172465,-0.2222102457470375,-0.010871259675118605,-0.011984570344192648,0.7254799898083878,0.0,0.0,0.05553516511478466,-1.0358732045183188,-9.53361580063333e-05,-0.00036677835181610327,0.7151124753703574,0.0,0.0,-1.092672262824221,-0.9190961133635419,-0.0005649267901229077,-0.00024727752394670423,nan,nan,nan,nan,nan,nan,nan,0.025164085286660146,0.0,0.0,1.4006817179144642,-1.8134226208916209,0.00024465066458730686,0.015210866609959467,0.0,0.0,0.0,1.646718245220314,2.00035013681955,0.1807706311492674,-0.014677944282983848,nan,nan,nan,nan,nan,nan,nan,nan,nan,nan,nan,nan,nan,nan,nan,nan,nan,nan,nan,nan,nan,nan,nan,nan,nan,nan,nan,nan,nan,nan,nan,nan,nan,nan,nan,nan,nan,nan,nan,nan,nan,nan,nan,nan,nan,nan,nan,nan,nan,nan,nan,nan,nan,nan,nan,nan,nan,nan,nan,nan,nan,nan,nan,0.21684950205012118
1791059571.04191,1.1071089121329045,0.6333807085505478,-0.019037061770919506,0.7211806177459937,2.6997349834960676,0.3947864485920032,0.7520917347365069,0.0,0.0,2.870491267060922,-0.22207370272746382,6.979579345829179e-05,-0.0011554686750767907,0.7254799898083878,0.0,0.0,0.05552686913494302,-1.035863314515333,-0.00038459808111376267,0.0003490233007191609,0.7151124753703574,0.0,0.0,-1.0926663660177987,-0.9190914183700618,-0.0001538740853627209,-9.154172455213121e-05,nan,nan,nan,nan,nan,nan,nan,0.025164085286660146,0.0,0.0,1.4006539067314816,-1.813621090420939,0.0013209810060017502,-0.0054617249210913415,0.0,0.0,0.0,1.666500350035797,2.000740118836035,0.20880954295666876,0.0036480019885474476,nan,nan,nan,nan,nan,nan,nan,nan,nan,nan,nan,nan,nan,nan,nan,nan,nan,nan,nan,nan,nan,nan,nan,nan,nan,nan,nan,nan,nan,nan,nan,nan,nan,nan,nan,nan,nan,nan,nan,nan,nan,nan,nan,nan,nan,nan,nan,nan,nan,nan,nan,nan,nan,nan,nan,nan,nan,nan,nan,nan,nan,nan,nan,0.21642164157005606
1791059571.1409295,1.1301754667011756,0.6327069560157971,-0.018080302103415737,0.7335296411354005,2.7338863766326638,0.3951542676351335,0.7668830798774432,0.0,0.0,2.8704841407907398,-0.22204862363316483,-0.0001515580737163727,0.0003930265910952941,0.7254799898083878,0.0,0.0,0.05553562173805117,-1.0358673337153832,0.0009170924669529107,-0.0005261324411112837,0.7151124753703574,0.0,0.0,-1.0926608906072408,-0.9190987017157621,0.0003182818495939141,9.284204137174525e-05,nan,nan,nan,nan,nan,nan,nan,0.025164085286660146,0.0,0.0,1.4006945753126823,-1.8135779487234627,0.0038987957497406637,0.004650080175603838,0.0,0.0,0.0,1.6892233073810063,2.0013538822864096,0.21991065741750426,0.015088675155640842,nan,nan,nan,nan,nan,nan,nan,nan,nan,nan,nan,nan,nan,nan,nan,nan,nan,nan,nan,nan,nan,nan,nan,nan,nan,nan,nan,nan,nan,nan,nan,nan,nan,nan,nan,nan,nan,nan,nan,nan,nan,nan,nan,nan,nan,nan,nan,nan,nan,nan,nan,nan,nan,nan,nan,nan,nan,nan,nan,nan,nan,nan,nan,0.2489657158833723
1791059571.2410007,1.1530075306216225,0.6319360247442757,-0.01680811666406382,0.7458614328089083,2.7679945177171663,0.39549597245329565,0.7846073575990453,0.0,0.0,2.8707102424559263,-0.22277025695950797,0.001170068294939322,-0.00024669820356722693,0.7254799898083878,0.0,0.0,0.055538735434812914,-1.0358716702721282,-3.445131220797246e-05,-0.0006288449623179078,0.7151124753703574,0.0,0.0,-1.0926603604296596,-0.9191002379373158,-4.5398842766570846e-05,-0.00022173973607211335,nan,nan,nan,nan,nan,nan,nan,0.025164085286660146,0.0,0.0,1.400673805903529,-1.8136265410259031,0.010691001726064318,-0.030673670065523947,0.0,0.0,0.0,1.7083908736620892,2.0016992219199286,0.2065987875326317,0.01427915020301767,nan,nan,nan,nan,nan,nan,nan,nan,nan,nan,nan,nan,nan,nan,nan,nan,nan,nan,nan,nan,nan,nan,nan,nan,nan,nan,nan,nan,nan,nan,nan,nan,nan,nan,nan,nan,nan,nan,nan,nan,nan,nan,nan,nan,nan,nan,nan,nan,nan,nan,nan,nan,nan,nan,nan,nan,nan,nan,nan,nan,nan,nan,nan,0.23880143330111087
1791059571.3409896,1.1755574316578854,0.6314384364735282,-0.014938103881168285,0.7538938149670441,2.801961662003204,0.3957056180030944,0.7107926202945738,0.0,0.0,2.8707050739693685,-0.2227745994583923,-0.0003176013936578211,-0.000718186084421701,0.7254799898083878,0.0,0.0,0.055384600094419555,-1.0358450979821465,-0.011213199300894523,0.0017617489247548238,0.7151124753703574,0.0,0.0,-1.0926686844381974,-0.9190837179064648,-0.00043636627472486166,0.0013191009982872416,nan,nan,nan,nan,nan,nan,nan,0.025164085286660146,0.0,0.0,1.400663775655315,-1.8134610867175491,-0.0012969789357796882,0.009306986269322866,0.0,0.0,0.0,1.7301367348543373,2.0024194296665274,0.20685683202772492,0.029584481927241887,nan,nan,nan,nan,nan,nan,nan,nan,nan,nan,nan,nan,nan,nan,nan,nan,nan,nan,nan,nan,nan,nan,nan,nan,nan,nan,nan,nan,nan,nan,nan,nan,nan,nan,nan,nan,nan,nan,nan,nan,nan,nan,nan,nan,nan,nan,nan,nan,nan,nan,nan,nan,nan,nan,nan,nan,nan,nan,nan,nan,nan,nan,nan,0.22454997842836713
1791059571.4401374,1.1960784448374315,0.6309119260861237,-0.01295811638512967,0.7609001334094329,2.8346807126219957,0.39588058235279777,0.6984130830419026,0.0,0.0,2.8705556466902156,-0.2229430118963168,-0.010265991799995973,-0.01323086253198119,0.7254799898083878,0.0,0.0,0.055381847391238706,-1.0358474626090046,-0.01094108841464613,0.001529356315339874,0.7151124753703574,0.0,0.0,-1.0926581572805567,-0.9191059911312383,0.0001767564119099261,-0.00029746129557685927,nan,nan,nan,nan,nan,nan,nan,0.025164085286660146,0.0,0.0,1.4007001770896956,-1.8136596544744688,0.009693782971823852,-0.032105528829712994,0.0,0.0,0.0,1.7513220062870276,2.0025978371717255,0.2208528833230374,0.003145508846254287,nan,nan,nan,nan,nan,nan,nan,nan,nan,nan,nan,nan,nan,nan,nan,nan,nan,nan,nan,nan,nan,nan,nan,nan,nan,nan,nan,nan,nan,nan,nan,nan,nan,nan,nan,nan,nan,nan,nan,nan,nan,nan,nan,nan,nan,nan,nan,nan,nan,nan,nan,nan,nan,nan,nan,nan,nan,nan,nan,nan,nan,nan,nan,0.21418635219457316
1791059571.5416634,1.220869814408291,0.6300454933952195,-0.008180637006038273,0.7734258576281094,2.8673194442770202,0.3961759756996734,0.8223643776452506,0.0,0.0,2.87071720815064,-0.22277380502702682,-0.0008665864081281795,-0.007368928575530337,0.7254799898083878,0.0,0.0,0.055532594049092436,-1.0358622984891372,9.004663587796862e-05,0.0005160531376310343,0.7151124753703574,0.0,0.0,-1.092665398590367,-0.9190889065799642,0.0002694403595558677,0.00025079591319058316,nan,nan,nan,nan,nan,nan,nan,0.025164085286660146,0.0,0.0,1.4006317791811609,-1.8135397218839306,-0.0031328693811994656,0.009629589821626846,0.0,0.0,0.0,1.7738928701811312,2.003127216150058,0.21409212938773903,-0.008800549105603515,nan,nan,nan,nan,nan,nan,nan,nan,nan,nan,nan,nan,nan,nan,nan,nan,nan,nan,nan,nan,nan,nan,nan,nan,nan,nan,nan,nan,nan,nan,nan,nan,nan,nan,nan,nan,nan,nan,nan,nan,nan,nan,nan,nan,nan,nan,nan,nan,nan,nan,nan,nan,nan,nan,nan,nan,nan,nan,nan,nan,nan,nan,nan,0.21760344032633328
1791059571.6405277,1.2416319161251732,0.6293240772731723,-0.0056309270200611055,0.7815759784476627,2.8997636167975704,0.39635681253151905,0.7429985970931366,0.0,0.0,2.8707185455824464,-0.22277208141615845,-0.0002193017330451362,-0.00017332922174186302,0.7254799898083878,0.0,0.0,0.055390399768161604,-1.0358464926324025,-0.011363507045399908,0.0017846748616368213,0.7151124753703574,0.0,0.0,-1.0926599073654997,-0.9191050578240773,-0.0005219034230590988,0.00010245174600835052,nan,nan,nan,nan,nan,nan,nan,0.025164085286660146,0.0,0.0,1.4006654351313408,-1.8135893370468923,0.010424107138127317,-0.03389040355624541,0.0,0.0,0.0,1.7969649863073855,2.0036892662596624,0.21050951035470844,0.00515863903384373,nan,nan,nan,nan,nan,nan,nan,nan,nan,nan,nan,nan,nan,nan,nan,nan,nan,nan,nan,nan,nan,nan,nan,nan,nan,nan,nan,nan,nan,nan,nan,nan,nan,nan,nan,nan,nan,nan,nan,nan,nan,nan,nan,nan,nan,nan,nan,nan,nan,nan,nan,nan,nan,nan,nan,nan,nan,nan,nan,nan,nan,nan,nan,0.25205046190287805
1791059571.740854,1.2663080611243995,0.6286731626073856,-0.0013383836812376534,0.7893958940529824,2.9315990556274776,0.3965223490861955,0.7444088930046043,0.0,0.0,2.8706990535455046,-0.22276273211810224,0.0014704673975943616,0.003825909595728795,0.7254799898083878,0.0,0.0,0.05552415338052289,-1.0358718953062276,-0.0002756712787969627,-0.00019435616000055804,0.7151124753703574,0.0,0.0,-1.0926598538424606,-0.9190951606696923,0.0001299257394862593,0.00011572529517827089,nan,nan,nan,nan,nan,nan,nan,0.025164085286660146,0.0,0.0,1.400885810693627,-1.8129997646979261,0.012289522403543694,0.03914008153994267,0.0,0.0,0.0,1.819289356906798,2.0038957130032617,0.20493805701921208,-0.0027619532071898687,nan,nan,nan,nan,nan,nan,nan,nan,nan,nan,nan,nan,nan,nan,nan,nan,nan,nan,nan,nan,nan,nan,nan,nan,nan,nan,nan,nan,nan,nan,nan,nan,nan,nan,nan,nan,nan,nan,nan,nan,nan,nan,nan,nan,nan,nan,nan,nan,nan,nan,nan,nan,nan,nan,nan,nan,nan,nan,nan,nan,nan,nan,nan,0.24469618307946236
1791059571.838806,1.2889430593550264,0.6278961639541941,0.0024777749272472376,0.7915365387630161,2.9616067102212686,0.3965663489842235,0.6406904000851013,0.0,0.0,2.8707114681168324,-0.2227539402838368,0.007036295716275023,0.010470961517302757,0.7254799898083878,0.0,0.0,0.05552643641078933,-1.0358687463223917,-0.00022049164662758016,8.986990247343846e-05,0.7151124753703574,0.0,0.0,-1.0926654383752366,-0.9190885818217932,0.0005322905764404531,0.0006804428054580356,nan,nan,nan,nan,nan,nan,nan,0.025164085286660146,0.0,0.0,1.4008750492282471,-1.8130210140392846,0.01707976590076227,0.036299972094846714,0.0,0.0,0.0,1.8403212086107088,2.0039968410815026,0.2234644151383519,-0.014446469058981148,nan,nan,nan,nan,nan,nan,nan,nan,nan,nan,nan,nan,nan,nan,nan,nan,nan,nan,nan,nan,nan,nan,nan,nan,nan,nan,nan,nan,nan,nan,nan,nan,nan,nan,nan,nan,nan,nan,nan,nan,nan,nan,nan,nan,nan,nan,nan,nan,nan,nan,nan,nan,nan,nan,nan,nan,nan,nan,nan,nan,nan,nan,nan,0.24266250479981827
1791059571.9393125,1.3091162591638785,0.6277535123127888,0.004732128046984832,0.8000270589268489,2.9906610735204397,0.3967354972588639,0.7665564516718639,0.0,0.0,2.8706991354447022,-0.2227561702539768,0.0006776895727746192,0.0012568183248503457,0.7254799898083878,0.0,0.0,0.05553134773426898,-1.035870166403912,0.0003428315068711625,-0.00013888232260111,0.7151124753703574,0.0,0.0,-1.0926635612543756,-0.9190936721890428,1.3554142599104534e-05,0.00025544765977850766,nan,nan,nan,nan,nan,nan,nan,0.025164085286660146,0.0,0.0,1.4006193021791338,-1.8112472772931016,0.0008774923129126765,0.0008608120732445084,0.0,0.0,0.0,1.8598601730987223,2.004532922961797,0.20856537094374364,0.005708908742205766,nan,nan,nan,nan,nan,nan,nan,nan,nan,nan,nan,nan,nan,nan,nan,nan,nan,nan,nan,nan,nan,nan,nan,nan,nan,nan,nan,nan,nan,nan,nan,nan,nan,nan,nan,nan,nan,nan,nan,nan,nan,nan,nan,nan,nan,nan,nan,nan,nan,nan,nan,nan,nan,nan,nan,nan,nan,nan,nan,nan,nan,nan,nan,0.2133479279924672
1791059572.0414872,1.3347129341034156,0.6273961468630935,0.005568282366116665,0.8042856562364125,3.018866346455479,0.3968171985118638,0.6865684433647405,0.0,0.0,2.870698200801831,-0.22277844151780368,0.008335731006842742,0.00906294867694645,0.7254799898083878,0.0,0.0,0.0555288111914634,-1.0358690182333894,-0.0002030914777500926,-0.0003039293452970852,0.7151124753703574,0.0,0.0,-1.0926750248935315,-0.9190872642796533,0.0004753345779065362,0.00022633302683632735,nan,nan,nan,nan,nan,nan,nan,0.025164085286660146,0.0,0.0,1.4006290638101533,-1.811244126110612,0.0005054338630754852,0.0005374381705836011,0.0,0.0,0.0,1.8810357979179795,2.0046268745730407,0.19568461786893543,0.013154773265794333,nan,nan,nan,nan,nan,nan,nan,nan,nan,nan,nan,nan,nan,nan,nan,nan,nan,nan,nan,nan,nan,nan,nan,nan,nan,nan,nan,nan,nan,nan,nan,nan,nan,nan,nan,nan,nan,nan,nan,nan,nan,nan,nan,nan,nan,nan,nan,nan,nan,nan,nan,nan,nan,nan,nan,nan,nan,nan,nan,nan,nan,nan,nan,0.2220817701101468
1791059572.140615,1.3554943304834817,0.6271941418763642,0.00679022320478337,0.8101683993609579,3.0457670209823573,0.39692673254041994,0.723457592092335,0.0,0.0,2.870679647648239,-0.22275137186610558,0.005543975667147838,0.0109053659229941,0.7254799898083878,0.0,0.0,0.05553841321984097,-1.035867450264152,0.0006770846468571682,-0.00030395810009203254,0.7151124753703574,0.0,0.0,-1.0926601479860698,-0.9190917908676762,0.0004581446120210404,0.00010385248036302406,nan,nan,nan,nan,nan,nan,nan,0.025164085286660146,0.0,0.0,1.400695472662365,-1.813569189545481,0.003146278176701933,0.0015059386421456826,0.0,0.0,0.0,1.8999004845414231,2.0051425504902234,0.21410641552392962,0.01042092487336721,nan,nan,nan,nan,nan,nan,nan,nan,nan,nan,nan,nan,nan,nan,nan,nan,nan,nan,nan,nan,nan,nan,nan,nan,nan,nan,nan,nan,nan,nan,nan,nan,nan,nan,nan,nan,nan,nan,nan,nan,nan,nan,nan,nan,nan,nan,nan,nan,nan,nan,nan,nan,nan,nan,nan,nan,nan,nan,nan,nan,nan,nan,nan,0.2373216056515229
1791059572.2420013,1.3807312998679133,0.6270550611390376,0.009196030705815365,0.8197578872277252,3.0726956207726057,0.39709732110179313,0.6743973943323167,0.0,0.0,2.870667225976596,-0.22278522769397996,-0.00079407428438705,-0.00010670280402566568,0.7254799898083878,0.0,0.0,0.05552277975156057,-1.0358764175436825,-0.00046557907109136964,-1.2870863984290948e-05,0.7151124753703574,0.0,0.0,-1.0926610053950332,-0.9191012857431812,0.00020760849472131678,-0.0010095601778413903,nan,nan,nan,nan,nan,nan,nan,0.025164085286660146,0.0,0.0,1.400640355559641,-1.8135107543154172,-6.598766082061523e-06,-0.004266711641279423,0.0,0.0,0.0,1.9194649976922544,2.0053457944497817,0.15414081005961447,0.02443111927718995,nan,nan,nan,nan,nan,nan,nan,nan,nan,nan,nan,nan,nan,nan,nan,nan,nan,nan,nan,nan,nan,nan,nan,nan,nan,nan,nan,nan,nan,nan,nan,nan,nan,nan,nan,nan,nan,nan,nan,nan,nan,nan,nan,nan,nan,nan,nan,nan,nan,nan,nan,nan,nan,nan,nan,nan,nan,nan,nan,nan,nan,nan,nan,0.22581336512972
1791059572.3404825,1.4015338979264562,0.6266913491374394,0.007292999728001192,0.8264631225743176,3.0995915105710505,0.3972109839876321,0.7631481300455699,0.0,0.0,2.869336506505423,-0.22143019630060143,0.008583744416126459,0.009722282033858321,0.7254799898083878,0.0,0.0,0.05553195419450483,-1.0358706713329506,0.00040617685241263045,0.0002218763851502529,0.7151124753703574,0.0,0.0,-1.0926567752262604,-0.9190929350514401,0.000193329252521524,-7.5912779876803084e-06,nan,nan,nan,nan,nan,nan,nan,0.025164085286660146,0.0,0.0,1.4006990270002684,-1.8136523355590592,0.0017858218372715105,-0.003973966479687327,0.0,0.0,0.0,1.9373750118832094,2.005269513320169,0.15856062102584764,-0.0065776840982576,nan,nan,nan,nan,nan,nan,nan,nan,nan,nan,nan,nan,nan,nan,nan,nan,nan,nan,nan,nan,nan,nan,nan,nan,nan,nan,nan,nan,nan,nan,nan,nan,nan,nan,nan,nan,nan,nan,nan,nan,nan,nan,nan,nan,nan,nan,nan,nan,nan,nan,nan,nan,nan,nan,nan,nan,nan,nan,nan,nan,nan,nan,nan,0.24616061779836995
1791059572.4407554,1.4240297480462747,0.62649250872854,0.008965898829594766,0.8363069194639995,3.1265528192825474,0.39736988902655734,0.8605683938152785,0.0,0.0,2.8693538457629444,-0.22145162049116746,0.010151227701164731,0.009764403584203043,0.7254799898083878,0.0,0.0,0.055531614513770006,-1.035866641367945,0.0032832620690365563,-0.00041596017502650126,0.7151124753703574,0.0,0.0,-1.0926485246660285,-0.9191033697514742,0.0005144724018414483,-0.0004394272390084821,nan,nan,nan,nan,nan,nan,nan,0.025164085286660146,0.0,0.0,1.4006530427630752,-1.8137095201044877,0.007762012772696191,-0.050187152587579824,0.0,0.0,0.0,1.9577122352319563,2.0054072330505543,0.23487545011098326,-0.004876193015583273,nan,nan,nan,nan,nan,nan,nan,nan,nan,nan,nan,nan,nan,nan,nan,nan,nan,nan,nan,nan,nan,nan,nan,nan,nan,nan,nan,nan,nan,nan,nan,nan,nan,nan,nan,nan,nan,nan,nan,nan,nan,nan,nan,nan,nan,nan,nan,nan,nan,nan,nan,nan,nan,nan,nan,nan,nan,nan,nan,nan,nan,nan,nan,0.24169957403950418
1791059572.5408924,1.4491392660122555,0.6263533672916074,0.008458726130397927,0.8421907108751073,3.1533975019808342,0.3974605401678705,0.77018257824034,0.0,0.0,2.86932354384185,-0.2214486359252514,-0.0013415770273272952,-0.0013111506995935255,0.7254799898083878,0.0,0.0,0.05552736417473243,-1.0358619096321298,0.0005924227440074254,0.00022850740033442403,0.7151124753703574,0.0,0.0,-1.0926722535732962,-0.9191046871602611,-0.000779432909233477,-0.0010284629698130334,nan,nan,nan,nan,nan,nan,nan,0.025164085286660146,0.0,0.0,1.4006052374160118,-1.8112675042824948,0.021558564187943618,0.10263902700980645,0.0,0.0,0.0,1.9776314610152919,2.005356862880523,0.21042006794244072,-0.003367693834148576,nan,nan,nan,nan,nan,nan,nan,nan,nan,nan,nan,nan,nan,nan,nan,nan,nan,nan,nan,nan,nan,nan,nan,nan,nan,nan,nan,nan,nan,nan,nan,nan,nan,nan,nan,nan,nan,nan,nan,nan,nan,nan,nan,nan,nan,nan,nan,nan,nan,nan,nan,nan,nan,nan,nan,nan,nan,nan,nan,nan,nan,nan,nan,0.2175889580978319
1791059572.641427,1.4721663972064665,0.6265736021602604,0.007902266468009098,0.8457065291552189,3.1792083964028786,0.39751321922016214,0.7208398265847362,0.0,0.0,2.869334511540311,-0.22145092111216413,0.0005652574379636529,-0.0004275436702175679,0.7254799898083878,0.0,0.0,0.055517972366624126,-1.035858810156045,-0.0001836846498349816,0.0003948338485857826,0.7151124753703574,0.0,0.0,-1.0926713308300375,-0.9191000720127662,-2.908596508404972e-05,-0.0010854031171977905,nan,nan,nan,nan,nan,nan,nan,0.025164085286660146,0.0,0.0,1.4003221056191282,-1.812601334300502,0.0004108247633240157,0.004366477465352182,0.0,0.0,0.0,1.9975442579457376,2.0054512509899474,0.19786375845798895,0.013462226859480371,nan,nan,nan,nan,nan,nan,nan,nan,nan,nan,nan,nan,nan,nan,nan,nan,nan,nan,nan,nan,nan,nan,nan,nan,nan,nan,nan,nan,nan,nan,nan,nan,nan,nan,nan,nan,nan,nan,nan,nan,nan,nan,nan,nan,nan,nan,nan,nan,nan,nan,nan,nan,nan,nan,nan,nan,nan,nan,nan,nan,nan,nan,nan,0.24609464787192895
1791059572.7420201,1.4951863233283154,0.6265204177855664,0.007110985361499692,0.8459051001589329,3.2031353584284163,0.3975161618842794,0.7133935360847444,0.0,0.0,2.869325852168239,-0.22143607485123076,-0.00032014221979293265,0.0018105157108383968,0.7254799898083878,0.0,0.0,0.05552784115262168,-1.0358660851178625,4.271794997141095e-05,0.0005467578570724251,0.7151124753703574,0.0,0.0,-1.0926760360479684,-0.9190856177751885,-0.0006732543199349655,0.0003916482038343957,nan,nan,nan,nan,nan,nan,nan,0.025164085286660146,0.0,0.0,1.4006535577753905,-1.8136067422538427,-0.002827472666812072,0.001616855279850984,0.0,0.0,0.0,2.0173223305891526,2.0060660142133253,0.19309444325467698,0.014328407698989973,nan,nan,nan,nan,nan,nan,nan,nan,nan,nan,nan,nan,nan,nan,nan,nan,nan,nan,nan,nan,nan,nan,nan,nan,nan,nan,nan,nan,nan,nan,nan,nan,nan,nan,nan,nan,nan,nan,nan,nan,nan,nan,nan,nan,nan,nan,nan,nan,nan,nan,nan,nan,nan,nan,nan,nan,nan,nan,nan,nan,nan,nan,nan,0.2335289127150669
1791059572.8418047,1.518291528271535,0.6264392858221931,0.006000822876739025,0.8493853518063008,3.2253937366559082,0.39756717821806414,0.7180197494501516,0.0,0.0,2.869319729217657,-0.22143502777015545,0.011858472708789092,0.013557279414755395,0.7254799898083878,0.0,0.0,0.05554717782361131,-1.0358713244673339,0.0005192952944958529,-0.0007102817798436185,0.7151124753703574,0.0,0.0,-1.0926568640174292,-0.9190979029066306,0.00021913385018497796,3.5923469837415353e-05,nan,nan,nan,nan,nan,nan,nan,0.025164085286660146,0.0,0.0,1.4006484076163321,-1.8112795951435239,0.019923493654176,0.09646628396070009,0.0,0.0,0.0,2.036760982089832,2.005445643860209,0.19909745471194498,-0.035247412143261256,nan,nan,nan,nan,nan,nan,nan,nan,nan,nan,nan,nan,nan,nan,nan,nan,nan,nan,nan,nan,nan,nan,nan,nan,nan,nan,nan,nan,nan,nan,nan,nan,nan,nan,nan,nan,nan,nan,nan,nan,nan,nan,nan,nan,nan,nan,nan,nan,nan,nan,nan,nan,nan,nan,nan,nan,nan,nan,nan,nan,nan,nan,nan,0.23633874489675083
1791059572.9412582,1.5411889394479832,0.6262949896319648,0.0038310405657713655,0.8525165377331139,3.2466115112081106,0.39761218696423994,0.7129986413915028,0.0,0.0,2.8692996158510886,-0.22145540063439284,0.0010515624129063352,0.0020936656092280194,0.7254799898083878,0.0,0.0,0.05553231006277944,-1.0358734479504947,0.00024263949646741352,-0.0006917848102793154,0.7151124753703574,0.0,0.0,-1.0926702773544286,-0.9190921064828209,-0.0002608282665819879,0.00042762403685074775,nan,nan,nan,nan,nan,nan,nan,0.025164085286660146,0.0,0.0,1.4007135788222898,-1.8136841633326073,-0.00021967360080827713,-0.0057000406473338115,0.0,0.0,0.0,2.0565040547245172,2.006023640621304,0.19557714217049615,-0.0025475925050699715,nan,nan,nan,nan,nan,nan,nan,nan,nan,nan,nan,nan,nan,nan,nan,nan,nan,nan,nan,nan,nan,nan,nan,nan,nan,nan,nan,nan,nan,nan,nan,nan,nan,nan,nan,nan,nan,nan,nan,nan,nan,nan,nan,nan,nan,nan,nan,nan,nan,nan,nan,nan,nan,nan,nan,nan,nan,nan,nan,nan,nan,nan,nan,0.2405217146386343
1791059573.0416374,1.5642515703989746,0.626312964199206,0.0034547114384234816,0.8548010623256511,3.266600133282084,0.3976445023488004,0.6963885763344415,0.0,0.0,2.8693191911025373,-0.2214501305681455,-0.00011606606769669391,0.002852446686194735,0.7254799898083878,0.0,0.0,0.055522263510304926,-1.0358756253241264,-0.00045047348272219583,-0.0005152737265595143,0.7151124753703574,0.0,0.0,-1.0926731961397853,-0.9190994404338586,-0.0003717882655186565,-0.00037518313886105944,nan,nan,nan,nan,nan,nan,nan,0.025164085286660146,0.0,0.0,1.4002890602184717,-1.8126806233975756,-0.0023356318864451832,-0.0017499201740609077,0.0,0.0,0.0,2.076690539244042,2.0060782156495502,0.17102739173559678,-0.010852720872208588,nan,nan,nan,nan,nan,nan,nan,nan,nan,nan,nan,nan,nan,nan,nan,nan,nan,nan,nan,nan,nan,nan,nan,nan,nan,nan,nan,nan,nan,nan,nan,nan,nan,nan,nan,nan,nan,nan,nan,nan,nan,nan,nan,nan,nan,nan,nan,nan,nan,nan,nan,nan,nan,nan,nan,nan,nan,nan,nan,nan,nan,nan,nan,0.23364833830138415
1791059573.1396785,1.5851144309959138,0.6262947046862706,0.002552282737718495,0.8578200767971611,3.2855432324086236,0.3976865413642767,0.7144709344964905,0.0,0.0,2.8693979541176518,-0.22136007732144203,0.017515493230958946,0.019588222907186762,0.7254799898083878,0.0,0.0,0.055535771997592714,-1.0358723905366987,0.0014102712137702479,-0.00021958722460944886,0.7151124753703574,0.0,0.0,-1.0926574613848985,-0.9191019139442447,0.0012738405902102787,-0.00018348289446225568,nan,nan,nan,nan,nan,nan,nan,0.025164085286660146,0.0,0.0,1.4008754289465972,-1.8129756667063284,0.01338963141843868,0.041480377039550494,0.0,0.0,0.0,2.097181364923248,2.0065274996655527,0.21530100629757418,0.012819879431448768,nan,nan,nan,nan,nan,nan,nan,nan,nan,nan,nan,nan,nan,nan,nan,nan,nan,nan,nan,nan,nan,nan,nan,nan,nan,nan,nan,nan,nan,nan,nan,nan,nan,nan,nan,nan,nan,nan,nan,nan,nan,nan,nan,nan,nan,nan,nan,nan,nan,nan,nan,nan,nan,nan,nan,nan,nan,nan,nan,nan,nan,nan,nan,0.21316692141865462
1791059573.2406776,1.6104190714409368,0.6259035771476612,0.0011700976550897432,0.8664581329828906,3.304718756065238,0.3978027480266555,0.8838766386999433,0.0,0.0,2.869345721321394,-0.2214543102848314,-0.0013509592155488029,0.03738899372773764,0.7254799898083878,0.0,0.0,0.05553030379465675,-1.0358701566485065,-0.00034766142619590537,-0.00026841047332874096,0.7151124753703574,0.0,0.0,-1.0926835870292753,-0.9190949634853912,-0.0009717287615142449,-0.00012314710963066044,nan,nan,nan,nan,nan,nan,nan,0.025164085286660146,0.0,0.0,1.4003081928378742,-1.8127006226702929,-0.0022479862013338402,-0.00144444638931166,0.0,0.0,0.0,2.119643748108916,2.0064060297104196,0.1984877978405281,-0.02916729466971761,nan,nan,nan,nan,nan,nan,nan,nan,nan,nan,nan,nan,nan,nan,nan,nan,nan,nan,nan,nan,nan,nan,nan,nan,nan,nan,nan,nan,nan,nan,nan,nan,nan,nan,nan,nan,nan,nan,nan,nan,nan,nan,nan,nan,nan,nan,nan,nan,nan,nan,nan,nan,nan,nan,nan,nan,nan,nan,nan,nan,nan,nan,nan,0.2216842432572146
1791059573.341153,1.6333308436938425,0.6255342572746728,0.0012258068672676874,0.863450013308544,3.3228204865526965,0.39776295420136165,0.603123421954287,0.0,0.0,2.869199312737973,-0.2216132553405728,-0.008501971537783194,-0.00898130778334964,0.7254799898083878,0.0,0.0,0.055524887748992585,-1.035874309245349,0.000373304919468036,-0.0006597533346656455,0.7151124753703574,0.0,0.0,-1.0926694056347168,-0.9190954314834925,-0.0003708735121559721,0.0002429322758377362,nan,nan,nan,nan,nan,nan,nan,0.025164085286660146,0.0,0.0,1.400691348250017,-1.81367454693656,0.000822532594881368,-0.008573145656643072,0.0,0.0,0.0,2.1372943765193577,2.0069447860752807,0.07086902860051911,0.002817773605268345,nan,nan,nan,nan,nan,nan,nan,nan,nan,nan,nan,nan,nan,nan,nan,nan,nan,nan,nan,nan,nan,nan,nan,nan,nan,nan,nan,nan,nan,nan,nan,nan,nan,nan,nan,nan,nan,nan,nan,nan,nan,nan,nan,nan,nan,nan,nan,nan,nan,nan,nan,nan,nan,nan,nan,nan,nan,nan,nan,nan,nan,nan,nan,0.22317842542742639
1791059573.440395,1.6562690240854046,0.6251540283585378,0.0018817873081585408,0.8632866256557746,3.3388014877589023,0.3977607723748684,0.6505784131381823,0.0,0.0,2.8691784709139165,-0.22162972883541276,-0.011269117191442645,-0.012622884326315944,0.7254799898083878,0.0,0.0,0.05553332612593304,-1.0358700928455709,0.00046986869663862615,-0.0002728373113768566,0.7151124753703574,0.0,0.0,-1.0926578099912327,-0.9191009604013806,0.000526575894198901,-0.00010582983689970976,nan,nan,nan,nan,nan,nan,nan,0.025164085286660146,0.0,0.0,1.4003433927251896,-1.8126687697763952,-0.0008572044849466159,-0.0022836302267225856,0.0,0.0,0.0,2.1374481802266008,2.006913779815284,0.004609282668354119,0.0007566881662774915,nan,nan,nan,nan,nan,nan,nan,nan,nan,nan,nan,nan,nan,nan,nan,nan,nan,nan,nan,nan,nan,nan,nan,nan,nan,nan,nan,nan,nan,nan,nan,nan,nan,nan,nan,nan,nan,nan,nan,nan,nan,nan,nan,nan,nan,nan,nan,nan,nan,nan,nan,nan,nan,nan,nan,nan,nan,nan,nan,nan,nan,nan,nan,0.23133996412929453
1791059573.541684,1.6789577739453434,0.6248098983444306,0.0019597536917936873,0.8652414653694872,3.353568597965375,0.3977867384624311,0.6937762682540057,0.0,0.0,2.8693612166452582,-0.22143942046160692,0.008787079331301996,0.009193398869919874,0.7254799898083878,0.0,0.0,0.055532438417665704,-1.0358760105571891,0.00010335151378456166,-0.0001327100312775274,0.7151124753703574,0.0,0.0,-1.0926675431047879,-0.9191007134297249,-0.0005283916769010182,0.0006533768480712399,nan,nan,nan,nan,nan,nan,nan,0.025164085286660146,0.0,0.0,1.4003361138287824,-1.8126309071582751,-0.001432057661979221,-0.009400462621765185,0.0,0.0,0.0,2.1376900647056702,2.006911013878883,-0.0074667574271816434,-0.0009368998835610157,nan,nan,nan,nan,nan,nan,nan,nan,nan,nan,nan,nan,nan,nan,nan,nan,nan,nan,nan,nan,nan,nan,nan,nan,nan,nan,nan,nan,nan,nan,nan,nan,nan,nan,nan,nan,nan,nan,nan,nan,nan,nan,nan,nan,nan,nan,nan,nan,nan,nan,nan,nan,nan,nan,nan,nan,nan,nan,nan,nan,nan,nan,nan,0.2375206031106618
1791059573.6409721,1.7017214758647863,0.624586526843028,0.0005349745472346145,0.8683923452148646,3.367688554783195,0.39782796267626513,0.7248558206949697,0.0,0.0,2.8693572168809136,-0.22143267580782927,-0.0011641680581789566,0.0002883814254515637,0.7254799898083878,0.0,0.0,0.05553392830593631,-1.0358656133130835,-0.0004961903918447353,-0.00016891831801753158,0.7151124753703574,0.0,0.0,-1.0926558407629348,-0.919090723351741,-0.0002111946821723771,0.0002920300377671984,nan,nan,nan,nan,nan,nan,nan,0.025164085286660146,0.0,0.0,1.4003397261701789,-1.812635909297563,-4.1877340594166645e-06,0.004404356717443624,0.0,0.0,0.0,2.1377577029857595,2.0068888119553048,-0.0034590963505399365,-0.0012042914858901984,nan,nan,nan,nan,nan,nan,nan,nan,nan,nan,nan,nan,nan,nan,nan,nan,nan,nan,nan,nan,nan,nan,nan,nan,nan,nan,nan,nan,nan,nan,nan,nan,nan,nan,nan,nan,nan,nan,nan,nan,nan,nan,nan,nan,nan,nan,nan,nan,nan,nan,nan,nan,nan,nan,nan,nan,nan,nan,nan,nan,nan,nan,nan,0.22257920753020122
1791059573.7402108,1.7224575539033002,0.6245846793910558,-0.0012393442197761366,0.8661793064419996,3.380679618376682,0.3977990892799294,0.6103414282522706,0.0,0.0,2.8691810484077824,-0.22162892837059708,-0.011048922607622759,-0.013395746300217483,0.7254799898083878,0.0,0.0,0.055511338570190485,-1.0358703419330022,-0.0013122145493441259,-0.00010359797807548153,0.7151124753703574,0.0,0.0,-1.0926603999241304,-0.919099094775047,0.0002977881889454044,8.745398580861328e-05,nan,nan,nan,nan,nan,nan,nan,0.025164085286660146,0.0,0.0,1.400682078381734,-1.8136100282171015,0.0038359172184977354,-0.0029217240796010338,0.0,0.0,0.0,2.1377669354354034,2.0068797128656364,-0.0029771341449915355,-0.0032845335066396344,nan,nan,nan,nan,nan,nan,nan,nan,nan,nan,nan,nan,nan,nan,nan,nan,nan,nan,nan,nan,nan,nan,nan,nan,nan,nan,nan,nan,nan,nan,nan,nan,nan,nan,nan,nan,nan,nan,nan,nan,nan,nan,nan,nan,nan,nan,nan,nan,nan,nan,nan,nan,nan,nan,nan,nan,nan,nan,nan,nan,nan,nan,nan,0.20971899101868868
1791059573.8392801,1.7454330207272895,0.6241978096674068,-0.002935102175306093,0.8685350735655202,3.3924755932160613,0.39782981186044486,0.7017462344830375,0.0,0.0,2.8695235724378945,-0.22190976761715403,0.0038665921481209585,-0.0075774235976219005,0.7254799898083878,0.0,0.0,0.05553094319930688,-1.0358739571136062,-0.0007142006444870732,0.00023608301648442515,0.7151124753703574,0.0,0.0,-1.0926562745323085,-0.9190958304770387,-3.955111376103624e-06,3.289743929094105e-05,nan,nan,nan,nan,nan,nan,nan,0.025164085286660146,0.0,0.0,1.400614151313433,-1.8135290232495838,0.019274852332060746,-0.07470034183491416,0.0,0.0,0.0,2.137782072464543,2.0068833098539804,-0.0053841203282419085,-0.0075674400291420975,nan,nan,nan,nan,nan,nan,nan,nan,nan,nan,nan,nan,nan,nan,nan,nan,nan,nan,nan,nan,nan,nan,nan,nan,nan,nan,nan,nan,nan,nan,nan,nan,nan,nan,nan,nan,nan,nan,nan,nan,nan,nan,nan,nan,nan,nan,nan,nan,nan,nan,nan,nan,nan,nan,nan,nan,nan,nan,nan,nan,nan,nan,nan,0.23224323111031986
1791059573.9413667,1.7708227188674788,0.6239537783125835,-0.0034506948758186323,0.8704345168889416,3.4038583502801165,0.39785427243237287,0.6938327874695622,0.0,0.0,2.869345996782055,-0.22147279928747177,-0.0006313630595945902,-0.0022738800927836478,0.7254799898083878,0.0,0.0,0.055381028934736995,-1.035848181363978,-0.0007888619272810708,-6.8099642130006e-05,0.7151124753703574,0.0,0.0,-1.0926705667441994,-0.9190929395333671,-0.0007572999646344531,0.000508209337141361,nan,nan,nan,nan,nan,nan,nan,0.025164085286660146,0.0,0.0,1.4006750225086344,-1.8134876204134076,-4.6746891036420004e-05,0.00992435680713269,0.0,0.0,0.0,2.1379268879428177,2.0068502940568704,0.01075921631473471,-0.002519382056578723,nan,nan,nan,nan,nan,nan,nan,nan,nan,nan,nan,nan,nan,nan,nan,nan,nan,nan,nan,nan,nan,nan,nan,nan,nan,nan,nan,nan,nan,nan,nan,nan,nan,nan,nan,nan,nan,nan,nan,nan,nan,nan,nan,nan,nan,nan,nan,nan,nan,nan,nan,nan,nan,nan,nan,nan,nan,nan,nan,nan,nan,nan,nan,0.2363626048753317
1791059574.041554,1.793546025759375,0.6235300547416296,-0.003699626480329283,0.8740819000185162,3.4150874698156874,0.3979004762898184,0.7404165755401952,0.0,0.0,2.869308292359435,-0.2214708897448709,0.006099995312048896,0.008743097738249165,0.7254799898083878,0.0,0.0,0.055542634304845406,-1.0358690935097488,0.002963298836043707,-0.0008881189493748353,0.7151124753703574,0.0,0.0,-1.09266162467142,-0.919102561269224,-0.00024155076518798607,-0.00022822867893701275,nan,nan,nan,nan,nan,nan,nan,0.025164085286660146,0.0,0.0,1.4006771308901154,-1.8135465317811643,0.008180390971156045,-0.023996454730077405,0.0,0.0,0.0,2.137876285103849,2.0070183672103985,0.0030960949398385696,0.0022201326804140954,nan,nan,nan,nan,nan,nan,nan,nan,nan,nan,nan,nan,nan,nan,nan,nan,nan,nan,nan,nan,nan,nan,nan,nan,nan,nan,nan,nan,nan,nan,nan,nan,nan,nan,nan,nan,nan,nan,nan,nan,nan,nan,nan,nan,nan,nan,nan,nan,nan,nan,nan,nan,nan,nan,nan,nan,nan,nan,nan,nan,nan,nan,nan,0.24115741336632485
1791059574.1416945,1.8162629431321624,0.6228985326898819,-0.001812656741064384,0.8779219953330673,3.42644675761682,0.3979480521708725,0.7534966621744514,0.0,0.0,2.869342226156283,-0.22145784033605842,0.0006273505434836394,0.0008289339781168066,0.7254799898083878,0.0,0.0,0.05553791425009603,-1.0358576741666692,0.0002315444685524389,0.0006683791579683927,0.7151124753703574,0.0,0.0,-1.0926566965000752,-0.9191000139458925,-0.000851863421152884,0.00047515769073078987,nan,nan,nan,nan,nan,nan,nan,0.025164085286660146,0.0,0.0,1.4006601759395205,-1.813520447537503,-0.0010203366458359467,0.0061270932144337695,0.0,0.0,0.0,2.1379235054644163,2.0068545916312,0.011167505034608914,-0.002126568043269827,nan,nan,nan,nan,nan,nan,nan,nan,nan,nan,nan,nan,nan,nan,nan,nan,nan,nan,nan,nan,nan,nan,nan,nan,nan,nan,nan,nan,nan,nan,nan,nan,nan,nan,nan,nan,nan,nan,nan,nan,nan,nan,nan,nan,nan,nan,nan,nan,nan,nan,nan,nan,nan,nan,nan,nan,nan,nan,nan,nan,nan,nan,nan,0.23689560447957558
1791059574.240918,1.839025085846312,0.6227089346337316,-0.00041444971531338736,0.8792325766768048,3.4376186971722835,0.3979640425578152,0.6944446667526561,0.0,0.0,2.8693522597832435,-0.22144585510603376,0.0035192457792990253,0.003078632895574571,0.7254799898083878,0.0,0.0,0.055539764307676445,-1.0358687949364198,0.00010883369622468822,0.0003832206918454354,0.7151124753703574,0.0,0.0,-1.0926500033980244,-0.9191003637479749,0.0004223357314907621,0.0004083775819937519,nan,nan,nan,nan,nan,nan,nan,0.025164085286660146,0.0,0.0,1.4006324359361375,-1.813417783565975,0.002769506836142046,-0.030821612244355544,0.0,0.0,0.0,2.1379060264358913,2.0068363462433125,0.003116929546880171,-0.0009443455153269396,nan,nan,nan,nan,nan,nan,nan,nan,nan,nan,nan,nan,nan,nan,nan,nan,nan,nan,nan,nan,nan,nan,nan,nan,nan,nan,nan,nan,nan,nan,nan,nan,nan,nan,nan,nan,nan,nan,nan,nan,nan,nan,nan,nan,nan,nan,nan,nan,nan,nan,nan,nan,nan,nan,nan,nan,nan,nan,nan,nan,nan,nan,nan,0.2260444505707913
1791059574.341582,1.8617920478437915,0.6222981061434985,-0.0001281294893599868,0.8818082929580314,3.4483855197279745,0.3979951084747081,0.7274823502106649,0.0,0.0,2.869338973944172,-0.22145602311563078,-0.00019950185384201292,0.00018091217381114037,0.7254799898083878,0.0,0.0,0.05553328928694729,-1.0358677606073925,-0.0003892642255165356,0.0001649248011858205,0.7151124753703574,0.0,0.0,-1.09265494777163,-0.9191021274402276,1.9380530694244267e-05,-0.00024351977533519994,nan,nan,nan,nan,nan,nan,nan,0.025164085286660146,0.0,0.0,1.4006796045373924,-1.8133391958986345,-0.0003008852527363831,0.02118366004216079,0.0,0.0,0.0,2.137794606107539,2.0068846889530616,0.0003568528557455278,-4.427395998815464e-05,nan,nan,nan,nan,nan,nan,nan,nan,nan,nan,nan,nan,nan,nan,nan,nan,nan,nan,nan,nan,nan,nan,nan,nan,nan,nan,nan,nan,nan,nan,nan,nan,nan,nan,nan,nan,nan,nan,nan,nan,nan,nan,nan,nan,nan,nan,nan,nan,nan,nan,nan,nan,nan,nan,nan,nan,nan,nan,nan,nan,nan,nan,nan,0.2215146964142648
1791059574.4420307,1.8847615449520525,0.6222310829605052,-0.0009907934579055126,0.8825155434533872,3.458667787483944,0.3980035558387859,0.6846313368731346,0.0,0.0,2.8693624267361004,-0.2214252134122082,0.002192284552947553,0.0018866869821024092,0.7254799898083878,0.0,0.0,0.05554143409249901,-1.0358661219171075,0.00227105674776619,2.8620010214666712e-05,0.7151124753703574,0.0,0.0,-1.092650949536019,-0.9190982035466069,9.803493108913777e-05,-0.0004153625381527324,nan,nan,nan,nan,nan,nan,nan,0.025164085286660146,0.0,0.0,1.400649668847328,-1.8135879937274066,0.008903838614279617,-0.022595517302922943,0.0,0.0,0.0,2.137917223711581,2.0068527084917434,0.0031552922625632737,-0.0006503171531373487,nan,nan,nan,nan,nan,nan,nan,nan,nan,nan,nan,nan,nan,nan,nan,nan,nan,nan,nan,nan,nan,nan,nan,nan,nan,nan,nan,nan,nan,nan,nan,nan,nan,nan,nan,nan,nan,nan,nan,nan,nan,nan,nan,nan,nan,nan,nan,nan,nan,nan,nan,nan,nan,nan,nan,nan,nan,nan,nan,nan,nan,nan,nan,0.23041331420231648
1791059574.5398953,1.9051677199638186,0.6217187505474665,-0.0007741723906429834,0.8842851000464664,3.4683275764671317,0.3980245365034609,0.7108955720775119,0.0,0.0,2.868375634928142,-0.22133343476480688,0.0010870395252470786,-0.001315615022613566,0.7254799898083878,0.0,0.0,0.05553970775094026,-1.035879087210559,-0.00024252733322310918,-0.0006618314886759401,0.7151124753703574,0.0,0.0,-1.092664119403213,-0.9190878965721514,-0.0007558463206396647,0.000776361176830901,nan,nan,nan,nan,nan,nan,nan,0.025164085286660146,0.0,0.0,1.4007504832402002,-1.8135838340049357,0.007279155840214896,0.0019380407117845673,0.0,0.0,0.0,2.1379827317002262,2.0069839862013286,0.015253925219228543,0.00785248280738456,nan,nan,nan,nan,nan,nan,nan,nan,nan,nan,nan,nan,nan,nan,nan,nan,nan,nan,nan,nan,nan,nan,nan,nan,nan,nan,nan,nan,nan,nan,nan,nan,nan,nan,nan,nan,nan,nan,nan,nan,nan,nan,nan,nan,nan,nan,nan,nan,nan,nan,nan,nan,nan,nan,nan,nan,nan,nan,nan,nan,nan,nan,nan,0.2345729405423085
1791059574.64194,1.9304590698571353,0.6216011203207813,-0.002062634787041673,0.8878237439865673,3.4780359559468104,0.39806583647544913,0.7620488905718829,0.0,0.0,2.8684188234379784,-0.22129212989520677,-0.000555689899109907,0.0004972823916560153,0.7254799898083878,0.0,0.0,0.055393112371845514,-1.0358415587291032,-0.0008438199996117535,0.0004387796093872027,0.7151124753703574,0.0,0.0,-1.0926476733147885,-0.9190992327795875,0.00041899521521209567,0.00028471936096842573,nan,nan,nan,nan,nan,nan,nan,0.025164085286660146,0.0,0.0,1.4005906756608837,-1.813479763064024,0.017047129533192283,-0.0602121567738833,0.0,0.0,0.0,2.1379069053430806,2.0068532838137574,0.0019240183525222807,-0.0002794781105582479,nan,nan,nan,nan,nan,nan,nan,nan,nan,nan,nan,nan,nan,nan,nan,nan,nan,nan,nan,nan,nan,nan,nan,nan,nan,nan,nan,nan,nan,nan,nan,nan,nan,nan,nan,nan,nan,nan,nan,nan,nan,nan,nan,nan,nan,nan,nan,nan,nan,nan,nan,nan,nan,nan,nan,nan,nan,nan,nan,nan,nan,nan,nan,0.2404714904553869
1791059574.740444,1.9509276059440568,0.6212453136446853,-0.0024672623173686552,0.8933815073119419,3.488373334253885,0.39812897396147506,0.8384577341435921,0.0,0.0,2.869366024592774,-0.22144292770112062,0.010976105213107759,0.02291984390601247,0.7254799898083878,0.0,0.0,0.05553108680931383,-1.0358638702638303,-0.00011285549286456565,3.9044266142836706e-05,0.7151124753703574,0.0,0.0,-1.09265442755076,-0.9190939771240866,0.0007328486836562436,0.00027132583289816634,nan,nan,nan,nan,nan,nan,nan,0.025164085286660146,0.0,0.0,1.4007004221912382,-1.813636925951874,-0.00023083789037258665,-0.010021644102481433,0.0,0.0,0.0,2.137763517301622,2.0068862377097543,-0.0034522167958079605,-0.001350504411903136,nan,nan,nan,nan,nan,nan,nan,nan,nan,nan,nan,nan,nan,nan,nan,nan,nan,nan,nan,nan,nan,nan,nan,nan,nan,nan,nan,nan,nan,nan,nan,nan,nan,nan,nan,nan,nan,nan,nan,nan,nan,nan,nan,nan,nan,nan,nan,nan,nan,nan,nan,nan,nan,nan,nan,nan,nan,nan,nan,nan,nan,nan,nan,0.2144821692767069
1791059574.8406885,1.9762234214985606,0.6209995327395611,-0.0026949641513132018,0.8957255131912141,3.4990502633993907,0.3981549834346656,0.7483641123315495,0.0,0.0,2.8693563409703424,-0.22144748534516526,0.0038314537824151998,0.002343085848092805,0.7254799898083878,0.0,0.0,0.055529352490771774,-1.0358625144471383,-0.0007455184910307872,0.0007013130357673346,0.7151124753703574,0.0,0.0,-1.0926564125438243,-0.919095376335331,0.00012081648871697946,0.000129215239958486,nan,nan,nan,nan,nan,nan,nan,0.025164085286660146,0.0,0.0,1.4003311926500774,-1.8126260608762585,-0.001855439720340241,-0.0012301537118103746,0.0,0.0,0.0,2.137765587850491,2.0068824484677483,-0.0002168049653844155,1.9996461872494613e-05,nan,nan,nan,nan,nan,nan,nan,nan,nan,nan,nan,nan,nan,nan,nan,nan,nan,nan,nan,nan,nan,nan,nan,nan,nan,nan,nan,nan,nan,nan,nan,nan,nan,nan,nan,nan,nan,nan,nan,nan,nan,nan,nan,nan,nan,nan,nan,nan,nan,nan,nan,nan,nan,nan,nan,nan,nan,nan,nan,nan,nan,nan,nan,0.21899443153975562
1791059574.938808,1.9990150198849077,0.6206450842352728,-0.002012657492755241,0.8970707733970235,3.5092881870591746,0.39816974779194597,0.724779891911993,0.0,0.0,2.8693590095121375,-0.22145200868746037,0.00016725593901429793,3.8589101569899036e-05,0.7254799898083878,0.0,0.0,0.05553706387123069,-1.03586304214286,0.0005091326809541763,-5.303949246042746e-05,0.7151124753703574,0.0,0.0,-1.092655990618716,-0.9190834581481029,0.000549796967405314,0.0005040083828875558,nan,nan,nan,nan,nan,nan,nan,0.025164085286660146,0.0,0.0,1.4006864939273518,-1.8135256005797233,0.001391503237060542,0.009735458169482411,0.0,0.0,0.0,2.1377729960835277,2.0068979473930755,-0.001012399581783886,0.001166800573147835,nan,nan,nan,nan,nan,nan,nan,nan,nan,nan,nan,nan,nan,nan,nan,nan,nan,nan,nan,nan,nan,nan,nan,nan,nan,nan,nan,nan,nan,nan,nan,nan,nan,nan,nan,nan,nan,nan,nan,nan,nan,nan,nan,nan,nan,nan,nan,nan,nan,nan,nan,nan,nan,nan,nan,nan,nan,nan,nan,nan,nan,nan,nan,0.21219062027853164
1791059575.041346,2.021223613086519,0.6205586739400272,0.004747568901786518,0.8950654149874184,3.518466063503155,0.39814769549781165,0.6441769981459748,0.0,0.0,2.8692074864517836,-0.22160105370784894,-0.014797226443699468,-0.01743310672039374,0.7254799898083878,0.0,0.0,0.055532402104557406,-1.0358606465692701,0.0001186665969043974,1.6358707785507376e-05,0.7151124753703574,0.0,0.0,-1.092658743789688,-0.919088270668316,0.0004837742862573091,-0.0002356700183148729,nan,nan,nan,nan,nan,nan,nan,0.025164085286660146,0.0,0.0,1.4003433768176592,-1.8126449602677703,-0.0012025773283801697,-0.005464973713422341,0.0,0.0,0.0,2.137761551173168,2.0068911537101446,-0.001541756000400909,-0.00028152402040841466,nan,nan,nan,nan,nan,nan,nan,nan,nan,nan,nan,nan,nan,nan,nan,nan,nan,nan,nan,nan,nan,nan,nan,nan,nan,nan,nan,nan,nan,nan,nan,nan,nan,nan,nan,nan,nan,nan,nan,nan,nan,nan,nan,nan,nan,nan,nan,nan,nan,nan,nan,nan,nan,nan,nan,nan,nan,nan,nan,nan,nan,nan,nan,0.1786726528113711
1791059575.1406693,2.044249349635355,0.6197812054658567,-0.0017444550545263422,0.8965452490350689,3.5266689937817977,0.39816399416216836,0.7231793683597422,0.0,0.0,2.870512083569235,-0.22204226878405225,8.374902716603671e-05,0.00024544429144995644,0.7254799898083878,0.0,0.0,0.05553253559948894,-1.0358588685004555,-0.0001502092550757874,0.00011302346116080538,0.7151124753703574,0.0,0.0,-1.0926708205008082,-0.9190893120135419,-0.0009715564630267001,-0.0007562407300809607,nan,nan,nan,nan,nan,nan,nan,0.025164085286660146,0.0,0.0,1.4003177061156398,-1.8126494904876096,-0.002487401418441681,-0.0010290043909358694,0.0,0.0,0.0,2.1379338169341886,2.00686091477473,0.009319243620129774,-0.0032725512523175803,nan,nan,nan,nan,nan,nan,nan,nan,nan,nan,nan,nan,nan,nan,nan,nan,nan,nan,nan,nan,nan,nan,nan,nan,nan,nan,nan,nan,nan,nan,nan,nan,nan,nan,nan,nan,nan,nan,nan,nan,nan,nan,nan,nan,nan,nan,nan,nan,nan,nan,nan,nan,nan,nan,nan,nan,nan,nan,nan,nan,nan,nan,nan,0.229421818437311
1791059575.241463,2.0659776438630875,0.6193066652804687,-0.0018695082542321704,0.8969025726497123,3.5344306056452637,0.3981679082252536,0.6956491981374555,0.0,0.0,2.8703595440102383,-0.22218068228744214,-0.003251557806534397,-0.0012368066807067748,0.7254799898083878,0.0,0.0,0.0555277130792359,-1.0358495055017871,-0.000296678941496203,0.0005091447943938524,0.7151124753703574,0.0,0.0,-1.0926655352502188,-0.9190929613024956,-0.00047502301723566795,0.0005410089841996889,nan,nan,nan,nan,nan,nan,nan,0.025164085286660146,0.0,0.0,1.400320585877676,-1.8125664398054109,0.0007725218451457873,0.006801451237871956,0.0,0.0,0.0,2.1377667575497874,2.006897731694921,-0.0032236682946020527,0.0003648929773203077,nan,nan,nan,nan,nan,nan,nan,nan,nan,nan,nan,nan,nan,nan,nan,nan,nan,nan,nan,nan,nan,nan,nan,nan,nan,nan,nan,nan,nan,nan,nan,nan,nan,nan,nan,nan,nan,nan,nan,nan,nan,nan,nan,nan,nan,nan,nan,nan,nan,nan,nan,nan,nan,nan,nan,nan,nan,nan,nan,nan,nan,nan,nan,0.23166345066411376
1791059575.341254,2.0887351707476154,0.6190331024790066,-0.0027894118369522726,0.8996348350167738,3.5419681068690894,0.3981975636758095,0.761593373146009,0.0,0.0,2.8704765713510967,-0.22204677185664515,0.00013593601364045562,0.00015903069005790567,0.7254799898083878,0.0,0.0,0.05553050539692363,-1.0358720245725472,0.00038571501086467197,-0.000322977873608203,0.7151124753703574,0.0,0.0,-1.092670572674701,-0.919089824697526,-0.00023208624114674117,0.0004785427694957284,nan,nan,nan,nan,nan,nan,nan,0.025164085286660146,0.0,0.0,1.400694403376798,-1.8136933906058383,0.0017155286323848082,-0.006995700929762421,0.0,0.0,0.0,2.1377575344946096,2.00688988772147,-0.00184485429572209,0.0002107513060019232,nan,nan,nan,nan,nan,nan,nan,nan,nan,nan,nan,nan,nan,nan,nan,nan,nan,nan,nan,nan,nan,nan,nan,nan,nan,nan,nan,nan,nan,nan,nan,nan,nan,nan,nan,nan,nan,nan,nan,nan,nan,nan,nan,nan,nan,nan,nan,nan,nan,nan,nan,nan,nan,nan,nan,nan,nan,nan,nan,nan,nan,nan,nan,0.2171941248004907
1791059575.4410632,2.111658008265881,0.6188088207513146,-0.003098403771420906,0.901915712041739,3.549655886690757,0.39822195357085416,0.7541311662417797,0.0,0.0,2.8707239196681837,-0.22275786152090607,0.0010145251160853833,-0.0013993377471002324,0.7254799898083878,0.0,0.0,0.055534312245719177,-1.0358681752735277,0.008896860816728861,-0.0016682982737519793,0.7151124753703574,0.0,0.0,-1.0926563189591714,-0.9190903074650439,0.0008227372412305392,-9.631713534806122e-05,nan,nan,nan,nan,nan,nan,nan,0.025164085286660146,0.0,0.0,1.4003631675646606,-1.8126582094043784,0.0005077504257433557,-0.0016601849938912075,0.0,0.0,0.0,2.137909383044674,2.0068512772113793,0.0074376296703943775,-0.0042515159625340715,nan,nan,nan,nan,nan,nan,nan,nan,nan,nan,nan,nan,nan,nan,nan,nan,nan,nan,nan,nan,nan,nan,nan,nan,nan,nan,nan,nan,nan,nan,nan,nan,nan,nan,nan,nan,nan,nan,nan,nan,nan,nan,nan,nan,nan,nan,nan,nan,nan,nan,nan,nan,nan,nan,nan,nan,nan,nan,nan,nan,nan,nan,nan,0.21444634602752172
1791059575.539396,2.134636810885221,0.6184039510328002,-0.0017145628482823291,0.8161182911542495,3.211984288280829,0.0,0.0,0.0,0.0,2.8707096882576857,-0.22274077210815238,0.006992822657309694,0.011048708110785892,0.0,0.0,0.0,0.05552329703658076,-1.0358641469685517,0.00017510130069314393,-3.752714598467623e-05,0.0,0.0,0.0,-1.092656881526917,-0.9190894669709827,-0.00012190404153879006,0.0003822136759157045,nan,nan,nan,nan,nan,nan,nan,0.0,0.0,0.0,1.4007350253339323,-1.8135876560469335,0.003391314913383417,0.0033904667167716255,0.0,0.0,0.0,2.1377686695866958,2.006889186452856,0.0004989151744230069,-3.664492527008627e-05,nan,nan,nan,nan,nan,nan,nan,nan,nan,nan,nan,nan,nan,nan,nan,nan,nan,nan,nan,nan,nan,nan,nan,nan,nan,nan,nan,nan,nan,nan,nan,nan,nan,nan,nan,nan,nan,nan,nan,nan,nan,nan,nan,nan,nan,nan,nan,nan,nan,nan,nan,nan,nan,nan,nan,nan,nan,nan,nan,nan,nan,nan,nan,0.22652649519401197
1791059575.6402552,2.1478427135467206,0.6182496845023342,-0.001520265406468231,0.7385586031624152,2.9067338093565054,0.0,0.0,0.0,0.0,2.870581462774743,-0.22293898004017235,-0.00197842445073785,-0.002894129171278159,0.0,0.0,0.0,0.05552681991571938,-1.0358718174771284,-0.0004184188064214546,-0.000485696014965536,0.0,0.0,0.0,-1.0926651404060244,-0.9190854362678614,0.0004975152142936755,0.00039806774422730375,nan,nan,nan,nan,nan,nan,nan,0.0,0.0,0.0,1.4003298158843929,-1.8126745196637164,-0.005195958096993121,0.007293961413087088,0.0,0.0,0.0,2.137863770221429,2.0070011081577577,-0.000775933961407794,0.009944547709440131,nan,nan,nan,nan,nan,nan,nan,nan,nan,nan,nan,nan,nan,nan,nan,nan,nan,nan,nan,nan,nan,nan,nan,nan,nan,nan,nan,nan,nan,nan,nan,nan,nan,nan,nan,nan,nan,nan,nan,nan,nan,nan,nan,nan,nan,nan,nan,nan,nan,nan,nan,nan,nan,nan,nan,nan,nan,nan,nan,nan,nan,nan,nan,0.01652347443766287
1791059575.7390053,2.1481743502370176,0.618607569375335,0.0053404915452933245,0.6682754595779216,2.630121515071201,0.0,0.0,0.0,0.0,2.8693295304537347,-0.2214421091755953,-0.029891398748250975,0.02212143562595069,0.0,0.0,0.0,0.05553055639952958,-1.0358644285772605,0.00024251828300877077,-0.00019492887426442407,0.0,0.0,0.0,-1.0926687884512223,-0.9190913653057102,-0.0009382973998890935,0.0011578699848961657,nan,nan,nan,nan,nan,nan,nan,0.0,0.0,0.0,1.4006845779836825,-1.8136313188573379,0.0002122351050786118,-0.0027371680713107792,0.0,0.0,0.0,2.137752206858764,2.0068923761424893,-0.009478895710616327,0.0014049026289346556,nan,nan,nan,nan,nan,nan,nan,nan,nan,nan,nan,nan,nan,nan,nan,nan,nan,nan,nan,nan,nan,nan,nan,nan,nan,nan,nan,nan,nan,nan,nan,nan,nan,nan,nan,nan,nan,nan,nan,nan,nan,nan,nan,nan,nan,nan,nan,nan,nan,nan,nan,nan,nan,nan,nan,nan,nan,nan,nan,nan,nan,nan,nan,0.0501995709726226
1791059575.8412056,2.1489284850714947,0.618181780535186,-0.0015939125649944113,0.6046806414040947,2.37983236090764,0.0,0.0,0.0,0.0,2.8704807385171645,-0.22203415190590456,0.0012732042490249448,0.0012403038117005851,0.0,0.0,0.0,0.05551944545220935,-1.0358684945586853,-0.00040504406632776996,0.00016711656069085123,0.0,0.0,0.0,-1.0926685694343612,-0.9190991015154454,1.6490026328882216e-06,-0.0007510530080344893,nan,nan,nan,nan,nan,nan,nan,0.0,0.0,0.0,1.4006067868406245,-1.8112842123027681,-8.024332995108449e-05,0.00686234304072652,0.0,0.0,0.0,2.1377640807426808,2.006883177691243,-0.0013040188126766758,0.00024084189318744238,nan,nan,nan,nan,nan,nan,nan,nan,nan,nan,nan,nan,nan,nan,nan,nan,nan,nan,nan,nan,nan,nan,nan,nan,nan,nan,nan,nan,nan,nan,nan,nan,nan,nan,nan,nan,nan,nan,nan,nan,nan,nan,nan,nan,nan,nan,nan,nan,nan,nan,nan,nan,nan,nan,nan,nan,nan,nan,nan,nan,nan,nan,nan,0.007888797102647895
1791059575.9415333,2.148256512875271,0.6186243695761784,0.004500396267208061,0.547322412448842,2.1540884556370927,0.0,0.0,0.0,0.0,2.870386227489487,-0.22213128773055177,-0.0004227020889155202,0.003795288291306368,0.0,0.0,0.0,0.05552522523453244,-1.0358718618021878,-0.00012062952563466077,-0.0004384899123473167,0.0,0.0,0.0,-1.092655740594416,-0.9191002922416988,0.00047426594099911655,-0.000731999022204541,nan,nan,nan,nan,nan,nan,nan,0.0,0.0,0.0,1.4006812027385045,-1.8136447397373108,0.0017118835507672185,0.000768990238280285,0.0,0.0,0.0,2.137773039626683,2.0068741996444937,0.00010233094985714344,-0.0010782020466719377,nan,nan,nan,nan,nan,nan,nan,nan,nan,nan,nan,nan,nan,nan,nan,nan,nan,nan,nan,nan,nan,nan,nan,nan,nan,nan,nan,nan,nan,nan,nan,nan,nan,nan,nan,nan,nan,nan,nan,nan,nan,nan,nan,nan,nan,nan,nan,nan,nan,nan,nan,nan,nan,nan,nan,nan,nan,nan,nan,nan,nan,nan,nan,0.0021706283642708565
1791059576.0413704,2.149010447682246,0.6181530405729659,-0.001813668111247404,0.4952377985338402,1.9490998365000909,0.0,0.0,0.0,0.0,2.8703537080817583,-0.22222445739747373,-0.011118733745073767,-0.012406344059300318,0.0,0.0,0.0,0.05553818417013592,-1.0358768984735833,0.0003965063396019784,-0.0005866158257997321,0.0,0.0,0.0,-1.0926653659494696,-0.9190937478953868,-0.0006656982657340968,9.082049735777244e-05,nan,nan,nan,nan,nan,nan,nan,0.0,0.0,0.0,1.4003550498273423,-1.8125248376481244,0.00022618793450187398,0.012772251748474623,0.0,0.0,0.0,2.137907453560632,2.006852262273533,0.008351677952252768,-0.0021319179078240543,nan,nan,nan,nan,nan,nan,nan,nan,nan,nan,nan,nan,nan,nan,nan,nan,nan,nan,nan,nan,nan,nan,nan,nan,nan,nan,nan,nan,nan,nan,nan,nan,nan,nan,nan,nan,nan,nan,nan,nan,nan,nan,nan,nan,nan,nan,nan,nan,nan,nan,nan,nan,nan,nan,nan,nan,nan,nan,nan,nan,nan,nan,nan,0.003803090695019245
1791059576.1411831,2.149018342176559,0.6181340113064053,-0.0013825847689780217,0.44810969095855235,1.7636184636293255,0.0,0.0,0.0,0.0,2.8704991671084894,-0.2220415366945302,-0.0006056360319611211,0.0005238350906998118,0.0,0.0,0.0,0.05553110617880718,-1.0358616851277194,-0.0003956682077156941,0.00045708958356250684,0.0,0.0,0.0,-1.0926635270262777,-0.9190862597138421,-0.00046830171329902923,0.0008394324510577972,nan,nan,nan,nan,nan,nan,nan,0.0,0.0,0.0,1.4006618416428576,-1.8136786608660695,-0.0015532395897693185,-0.009419932615029216,0.0,0.0,0.0,2.1378640699367053,2.007023612691809,0.0053422474645138055,0.008089473050889404,nan,nan,nan,nan,nan,nan,nan,nan,nan,nan,nan,nan,nan,nan,nan,nan,nan,nan,nan,nan,nan,nan,nan,nan,nan,nan,nan,nan,nan,nan,nan,nan,nan,nan,nan,nan,nan,nan,nan,nan,nan,nan,nan,nan,nan,nan,nan,nan,nan,nan,nan,nan,nan,nan,nan,nan,nan,nan,nan,nan,nan,nan,nan,0.0011902471936380454
1791059576.2409458,2.149011379102674,0.6181151878843443,-0.0014182340008071584,0.4055263181395222,1.5960237338956205,0.0,0.0,0.0,0.0,2.870508151579337,-0.22205870836379188,0.002750468958384813,0.0020475230988989137,0.0,0.0,0.0,0.05553243454210364,-1.0358615178563313,0.00019188705761788728,0.00016208986986663635,0.0,0.0,0.0,-1.092663567647024,-0.9190955261203698,-0.0002731277256029727,-0.00022193577744911491,nan,nan,nan,nan,nan,nan,nan,0.0,0.0,0.0,1.4003619576012991,-1.8125230789895417,-0.00122783305919165,0.0014256212379652258,0.0,0.0,0.0,2.1377724351190928,2.0068879354168354,-0.0023850143611809644,-0.00036399776865572974,nan,nan,nan,nan,nan,nan,nan,nan,nan,nan,nan,nan,nan,nan,nan,nan,nan,nan,nan,nan,nan,nan,nan,nan,nan,nan,nan,nan,nan,nan,nan,nan,nan,nan,nan,nan,nan,nan,nan,nan,nan,nan,nan,nan,nan,nan,nan,nan,nan,nan,nan,nan,nan,nan,nan,nan,nan,nan,nan,nan,nan,nan,nan,7.697166429404943e-05
1791059576.3393807,2.1490557152206495,0.6181611480259611,-0.0017940999209962625,0.3671801657477498,1.445105367853122,0.0,0.0,0.0,0.0,2.870520585901217,-0.22207812748999564,0.0008011802571551135,-0.002150889795181281,0.0,0.0,0.0,0.05552840257611368,-1.0358577246180405,0.00017498919904340504,-7.465219627198882e-05,0.0,0.0,0.0,-1.0926674503367737,-0.9190939090313209,7.129241649824848e-05,-0.0005399800514325303,nan,nan,nan,nan,nan,nan,nan,0.0,0.0,0.0,1.4006962306457238,-1.8136819012856886,0.002435048969357756,-0.01276228181369083,0.0,0.0,0.0,2.1377818879432513,2.0068909243405946,-0.004939164504158483,-0.008401888292698232,nan,nan,nan,nan,nan,nan,nan,nan,nan,nan,nan,nan,nan,nan,nan,nan,nan,nan,nan,nan,nan,nan,nan,nan,nan,nan,nan,nan,nan,nan,nan,nan,nan,nan,nan,nan,nan,nan,nan,nan,nan,nan,nan,nan,nan,nan,nan,nan,nan,nan,nan,nan,nan,nan,nan,nan,nan,nan,nan,nan,nan,nan,nan,0.0007836911514595823
1791059576.4397898,2.1490227474184183,0.6181128118317675,-0.0014332535760589835,0.3322383531460309,1.3075854099043276,0.0,0.0,0.0,0.0,2.8703642778760754,-0.22220492162290717,-0.010384298726744663,-0.01182727015465603,0.0,0.0,0.0,0.055533532540898836,-1.0358534944055386,-6.717124120989166e-05,-0.00010967839985083873,0.0,0.0,0.0,-1.0926555102899844,-0.919084543172987,0.0003122445423304669,0.0009852219013226676,nan,nan,nan,nan,nan,nan,nan,0.0,0.0,0.0,1.4003555948424187,-1.8126339831433953,0.0016376747581091518,0.004538878642304526,0.0,0.0,0.0,2.137770905856456,2.006895942572767,-0.0023555705424361823,0.00021674080715362317,nan,nan,nan,nan,nan,nan,nan,nan,nan,nan,nan,nan,nan,nan,nan,nan,nan,nan,nan,nan,nan,nan,nan,nan,nan,nan,nan,nan,nan,nan,nan,nan,nan,nan,nan,nan,nan,nan,nan,nan,nan,nan,nan,nan,nan,nan,nan,nan,nan,nan,nan,nan,nan,nan,nan,nan,nan,nan,nan,nan,nan,nan,nan,0.0009223821537054495
1791059576.5409484,2.1490185487520166,0.6180959292957485,-0.00158436139854592,0.30062169364929897,1.1831522062227868,0.0,0.0,0.0,0.0,2.870721714850909,-0.22277982923268286,4.0910149544112295e-05,-0.0026877398445882715,0.0,0.0,0.0,0.05553714560231776,-1.0358480044493386,0.0005692625820876546,0.0003203141253369646,0.0,0.0,0.0,-1.0926604211352158,-0.9190858793758987,0.0002927903268309227,-8.862840377254695e-05,nan,nan,nan,nan,nan,nan,nan,0.0,0.0,0.0,1.4006770242662687,-1.8136012030522086,0.0005418494455356251,0.0013273221210870353,0.0,0.0,0.0,2.1378986372482913,2.00686158805263,0.003498097685893083,-0.008832479256702792,nan,nan,nan,nan,nan,nan,nan,nan,nan,nan,nan,nan,nan,nan,nan,nan,nan,nan,nan,nan,nan,nan,nan,nan,nan,nan,nan,nan,nan,nan,nan,nan,nan,nan,nan,nan,nan,nan,nan,nan,nan,nan,nan,nan,nan,nan,nan,nan,nan,nan,nan,nan,nan,nan,nan,nan,nan,nan,nan,nan,nan,nan,nan,0.0008986857905818082
1791059576.6410847,2.1490470557147785,0.6180277846568265,-0.0018248436474501248,0.27213388857588444,1.0710331870864787,0.0,0.0,0.0,0.0,2.870734334059153,-0.22275467177776812,0.0013026542483467085,0.0018482691133720195,0.0,0.0,0.0,0.05554326406277872,-1.0358553548457012,0.0005551766181675097,-0.0003154905817791099,0.0,0.0,0.0,-1.0926526187040835,-0.9190971461502753,0.0010892389990631295,-0.0006928164922923245,nan,nan,nan,nan,nan,nan,nan,0.0,0.0,0.0,1.400353494461554,-1.8126351394061015,0.0010901168951413637,0.002128597695124518,0.0,0.0,0.0,2.1377865967711465,2.006895624669991,-0.005592972473518495,0.0015029401364589224,nan,nan,nan,nan,nan,nan,nan,nan,nan,nan,nan,nan,nan,nan,nan,nan,nan,nan,nan,nan,nan,nan,nan,nan,nan,nan,nan,nan,nan,nan,nan,nan,nan,nan,nan,nan,nan,nan,nan,nan,nan,nan,nan,nan,nan,nan,nan,nan,nan,nan,nan,nan,nan,nan,nan,nan,nan,nan,nan,nan,nan,nan,nan,0.0007552128579006443
1791059576.7399669,2.1490361534907465,0.6180901436372738,-0.0017062740217819524,0.24646693034195757,0.9700161317540531,0.0,0.0,0.0,0.0,2.8707095496874446,-0.22277425985001809,0.0016141493630829166,0.0028824368944041193,0.0,0.0,0.0,0.055527316830175755,-1.0358602439269309,-0.0006072390747746556,-6.406021020852888e-05,0.0,0.0,0.0,-1.0926663051871661,-0.9190765711746783,-0.000572375467524811,0.0004487625222362366,nan,nan,nan,nan,nan,nan,nan,0.0,0.0,0.0,1.4007497895086776,-1.8135351632021544,0.0030011022299056963,-0.007742151310762829,0.0,0.0,0.0,2.1378708391737935,2.007016916137278,0.008789903957715945,0.009441890364582583,nan,nan,nan,nan,nan,nan,nan,nan,nan,nan,nan,nan,nan,nan,nan,nan,nan,nan,nan,nan,nan,nan,nan,nan,nan,nan,nan,nan,nan,nan,nan,nan,nan,nan,nan,nan,nan,nan,nan,nan,nan,nan,nan,nan,nan,nan,nan,nan,nan,nan,nan,nan,nan,nan,nan,nan,nan,nan,nan,nan,nan,nan,nan,0.0003318379404130792
1791059576.841367,2.1490340854667074,0.6180567819288756,-0.0016847394938583162,0.22301250089630423,0.8777068921663925,0.0,0.0,0.0,0.0,2.870601351397642,-0.22291465249689615,-0.008448336198782611,-0.011019887725808536,0.0,0.0,0.0,0.05553295742184765,-1.035857692665904,-0.0003679996899576556,0.0002817104927491638,0.0,0.0,0.0,-1.0926520975712701,-0.9190858144057598,0.0008727020452046434,-0.0006051718363806368,nan,nan,nan,nan,nan,nan,nan,0.0,0.0,0.0,1.4003296357141122,-1.8126590487022782,-0.0008135309296839774,-0.0004831798008994398,0.0,0.0,0.0,2.137803116924834,2.0068991375861414,-0.0007418656116899578,0.0005409402656723845,nan,nan,nan,nan,nan,nan,nan,nan,nan,nan,nan,nan,nan,nan,nan,nan,nan,nan,nan,nan,nan,nan,nan,nan,nan,nan,nan,nan,nan,nan,nan,nan,nan,nan,nan,nan,nan,nan,nan,nan,nan,nan,nan,nan,nan,nan,nan,nan,nan,nan,nan,nan,nan,nan,nan,nan,nan,nan,nan,nan,nan,nan,nan,0.0009302982512481437
1791059576.9400673,2.1490435381322963,0.6180747440313403,-0.0016647314669286514,0.20207159206685893,0.7952900772615704,0.0,0.0,0.0,0.0,2.8706897698780414,-0.2228058024413001,-0.0005393114475065182,-0.001895540104603374,0.0,0.0,0.0,0.0555417396631142,-1.0358691131148503,-0.00033611151754893843,-2.704127632747292e-05,0.0,0.0,0.0,-1.0926634673735474,-0.9190931981066041,3.4523209701988e-05,0.00013788673186744253,nan,nan,nan,nan,nan,nan,nan,0.0,0.0,0.0,1.4006803848605494,-1.81356305786427,0.0012771874134798107,0.001950894246868914,0.0,0.0,0.0,2.137768247684286,2.006882142285474,-0.0017713560460275429,-0.0008273161410567225,nan,nan,nan,nan,nan,nan,nan,nan,nan,nan,nan,nan,nan,nan,nan,nan,nan,nan,nan,nan,nan,nan,nan,nan,nan,nan,nan,nan,nan,nan,nan,nan,nan,nan,nan,nan,nan,nan,nan,nan,nan,nan,nan,nan,nan,nan,nan,nan,nan,nan,nan,nan,nan,nan,nan,nan,nan,nan,nan,nan,nan,nan,nan,0.0007715349273561244
1791059577.0408762,2.1490701475354133,0.6180597142008387,-0.0017029267389283905,0.1828419376377882,0.7196082201524873,0.0,0.0,0.0,0.0,2.8705715851168314,-0.22292702510624668,-0.0101976270039675,-0.013184023133406117,0.0,0.0,0.0,0.055543194468170486,-1.035863161855903,0.0008146244476998075,-5.898870938445242e-05,0.0,0.0,0.0,-1.0926707921685772,-0.9191016132513423,-0.0003803828202235077,-0.0008606483275991965,nan,nan,nan,nan,nan,nan,nan,0.0,0.0,0.0,1.4006117881926412,-1.813536898415816,0.0034258331422190123,-0.03537101981355219,0.0,0.0,0.0,2.13777659446635,2.0069221341237435,-0.007000676328553899,-0.006946435218296326,nan,nan,nan,nan,nan,nan,nan,nan,nan,nan,nan,nan,nan,nan,nan,nan,nan,nan,nan,nan,nan,nan,nan,nan,nan,nan,nan,nan,nan,nan,nan,nan,nan,nan,nan,nan,nan,nan,nan,nan,nan,nan,nan,nan,nan,nan,nan,nan,nan,nan,nan,nan,nan,nan,nan,nan,nan,nan,nan,nan,nan,nan,nan,0.0010508742596223779
1791059577.1417418,2.149048387365566,0.6180728199234586,-0.0016990075430688683,0.16553399588670023,0.651489618266542,0.0,0.0,0.0,0.0,2.8703554460116374,-0.22219629942946506,-0.01378714229311066,0.0014177678808979365,0.0,0.0,0.0,0.05553419201529142,-1.035869594954398,-0.0003740860257539891,-0.0007582258359381562,0.0,0.0,0.0,-1.0926644987236218,-0.9190884666639595,-0.00047628311685812873,0.0003076244342548081,nan,nan,nan,nan,nan,nan,nan,0.0,0.0,0.0,1.4006867540381225,-1.813591144461927,0.0017602806016974502,-0.0007594491418708195,0.0,0.0,0.0,2.1377483854357306,2.0068911193515517,-0.010153436103193322,-0.002010879233734428,nan,nan,nan,nan,nan,nan,nan,nan,nan,nan,nan,nan,nan,nan,nan,nan,nan,nan,nan,nan,nan,nan,nan,nan,nan,nan,nan,nan,nan,nan,nan,nan,nan,nan,nan,nan,nan,nan,nan,nan,nan,nan,nan,nan,nan,nan,nan,nan,nan,nan,nan,nan,nan,nan,nan,nan,nan,nan,nan,nan,nan,nan,nan,0.001495811682714413
1791059577.2401128,2.149058443692357,0.6180709203487836,-0.001695997109310831,0.14981746663892326,0.5896343142532361,0.0,0.0,0.0,0.0,2.870482990806576,-0.22204892102691645,0.00227673664091968,0.0016794779265899545,0.0,0.0,0.0,0.0555169814986071,-1.0358678981498706,-0.0009859200137463087,0.000164987554400823,0.0,0.0,0.0,-1.092670299133065,-0.9190929526148198,-0.00019061506007484488,-0.0007862147151307093,nan,nan,nan,nan,nan,nan,nan,0.0,0.0,0.0,1.4003245922156433,-1.8126079231479588,-0.0004234769851537976,0.0036540217841638566,0.0,0.0,0.0,2.1377679201992534,2.0068883269800413,-0.001875529349544366,0.00033205522507789273,nan,nan,nan,nan,nan,nan,nan,nan,nan,nan,nan,nan,nan,nan,nan,nan,nan,nan,nan,nan,nan,nan,nan,nan,nan,nan,nan,nan,nan,nan,nan,nan,nan,nan,nan,nan,nan,nan,nan,nan,nan,nan,nan,nan,nan,nan,nan,nan,nan,nan,nan,nan,nan,nan,nan,nan,nan,nan,nan,nan,nan,nan,nan,0.001065485927798776
1791059577.340465,2.1490619219554032,0.6180533371905814,-0.0016513746443110211,0.1355941913738979,0.5336559871230576,0.0,0.0,0.0,0.0,2.8705000054082968,-0.22208580097048164,0.0007559976556031773,-0.0010478900050777623,0.0,0.0,0.0,0.05551552435080491,-1.0358726832867746,-0.0005326780371902276,-0.00033297330766220265,0.0,0.0,0.0,-1.0926686904474816,-0.9190924397653906,0.00017989781150551168,-0.0005839061592252826,nan,nan,nan,nan,nan,nan,nan,0.0,0.0,0.0,1.4006955113470916,-1.8136752880034979,0.0013912950473552305,-0.011027639837891531,0.0,0.0,0.0,2.137878798495391,2.0068742895769605,0.006972720953073917,-0.0011785925458099667,nan,nan,nan,nan,nan,nan,nan,nan,nan,nan,nan,nan,nan,nan,nan,nan,nan,nan,nan,nan,nan,nan,nan,nan,nan,nan,nan,nan,nan,nan,nan,nan,nan,nan,nan,nan,nan,nan,nan,nan,nan,nan,nan,nan,nan,nan,nan,nan,nan,nan,nan,nan,nan,nan,nan,nan,nan,nan,nan,nan,nan,nan,nan,0.0009068176894693725
1791059577.4392688,2.1490530592086734,0.6180566121137628,-0.0016669929817558246,0.12269236344967961,0.4828784601004957,0.0,0.0,0.0,0.0,2.8705153234466056,-0.22205392211134656,0.0011400084944877984,-0.0003369180129474019,0.0,0.0,0.0,0.05552076672345111,-1.0358780742442957,-0.0003563006337448149,-0.000648965032090613,0.0,0.0,0.0,-1.0926682053203243,-0.9191014952857908,0.0002536878365730885,-0.0007488048387074507,nan,nan,nan,nan,nan,nan,nan,0.0,0.0,0.0,1.400318048676737,-1.8126600937972592,-0.0034905771422125953,0.0016397809626368946,0.0,0.0,0.0,2.1379174082376933,2.006865837424872,0.009199769073996987,-0.001718483430788226,nan,nan,nan,nan,nan,nan,nan,nan,nan,nan,nan,nan,nan,nan,nan,nan,nan,nan,nan,nan,nan,nan,nan,nan,nan,nan,nan,nan,nan,nan,nan,nan,nan,nan,nan,nan,nan,nan,nan,nan,nan,nan,nan,nan,nan,nan,nan,nan,nan,nan,nan,nan,nan,nan,nan,nan,nan,nan,nan,nan,nan,nan,nan,0.0007432598681624819
1791059577.5405626,2.149042866157082,0.6180679856075455,-0.00162338735007359,0.11101664136878316,0.43692649911070713,0.0,0.0,0.0,0.0,2.870492078070607,-0.22205989908554438,0.00048026042273827254,-0.0016894756112581582,0.0,0.0,0.0,0.05552248868304013,-1.035870945097529,-0.00030844798198165896,0.00018600451956885368,0.0,0.0,0.0,-1.0926644292986596,-0.9190988417934747,0.0005941183076209806,-0.00026023894460803674,nan,nan,nan,nan,nan,nan,nan,0.0,0.0,0.0,1.4006455810222518,-1.813562872511826,0.0021803561798596294,-0.013292224163921593,0.0,0.0,0.0,2.137878023647564,2.006865678470567,0.007816674116228115,-0.0025872556006090288,nan,nan,nan,nan,nan,nan,nan,nan,nan,nan,nan,nan,nan,nan,nan,nan,nan,nan,nan,nan,nan,nan,nan,nan,nan,nan,nan,nan,nan,nan,nan,nan,nan,nan,nan,nan,nan,nan,nan,nan,nan,nan,nan,nan,nan,nan,nan,nan,nan,nan,nan,nan,nan,nan,nan,nan,nan,nan,nan,nan,nan,nan,nan,0.0004430145406938259
1791059577.6397161,2.14904289060479,0.6180595098650006,-0.0016747884276930739,0.10056398337688653,0.3957881327676847,0.0,0.0,0.0,0.0,2.870472048494807,-0.2220495979847157,0.010414556655154958,0.011066490990104816,0.0,0.0,0.0,0.055524486899347636,-1.0358671447074232,-0.00023486539111855002,-0.0001976120209291755,0.0,0.0,0.0,-1.0926608572682424,-0.9190844197631984,-1.4796095426168348e-05,0.0006806517358684662,nan,nan,nan,nan,nan,nan,nan,0.0,0.0,0.0,1.400607680227298,-1.8112514516467504,-0.004041995335663599,0.02781229616286505,0.0,0.0,0.0,2.1379009757320406,2.006859859008457,0.010668130603075131,-0.002796306397626786,nan,nan,nan,nan,nan,nan,nan,nan,nan,nan,nan,nan,nan,nan,nan,nan,nan,nan,nan,nan,nan,nan,nan,nan,nan,nan,nan,nan,nan,nan,nan,nan,nan,nan,nan,nan,nan,nan,nan,nan,nan,nan,nan,nan,nan,nan,nan,nan,nan,nan,nan,nan,nan,nan,nan,nan,nan,nan,nan,nan,nan,nan,nan,0.0014049724027050167
1791059577.7410078,2.1490548365759157,0.6180614812787116,-0.0017234951373204569,0.09099405507810691,0.3581239121898316,0.0,0.0,0.0,0.0,2.8705046574831945,-0.22207712702565532,0.0072439550885457305,0.008904414438386231,0.0,0.0,0.0,0.05552309007926801,-1.0358675233307726,-0.00020509449294043645,0.00028606491202254423,0.0,0.0,0.0,-1.0926656558762835,-0.9190903808692017,0.000276009655769472,-0.0002521390431896512,nan,nan,nan,nan,nan,nan,nan,0.0,0.0,0.0,1.4007135135735926,-1.8136398290513036,0.009864930851461761,-0.02986930227677675,0.0,0.0,0.0,2.1377644596883822,2.0068897957381635,-0.009454567766451129,0.0008317034192928158,nan,nan,nan,nan,nan,nan,nan,nan,nan,nan,nan,nan,nan,nan,nan,nan,nan,nan,nan,nan,nan,nan,nan,nan,nan,nan,nan,nan,nan,nan,nan,nan,nan,nan,nan,nan,nan,nan,nan,nan,nan,nan,nan,nan,nan,nan,nan,nan,nan,nan,nan,nan,nan,nan,nan,nan,nan,nan,nan,nan,nan,nan,nan,0.0007623957413961118
1791059577.8401477,2.1490498766557353,0.618057804299772,-0.0017359671975164808,0.08233482586534724,0.32404391608942607,0.0,0.0,0.0,0.0,2.870717425231994,-0.22277230911741963,0.004908379109097899,-0.011429684703372908,0.0,0.0,0.0,0.05552630715471358,-1.0358720912779307,-0.0005210200720348605,-0.000319153548667905,0.0,0.0,0.0,-1.0926695728926106,-0.9190860371044329,-0.0001633011403116735,0.00018414726493920752,nan,nan,nan,nan,nan,nan,nan,0.0,0.0,0.0,1.4003451415434236,-1.8126713062672235,-0.021993879218245846,0.04406467730822995,0.0,0.0,0.0,2.137750795106327,2.0069089589621707,-0.0023652513880600243,0.0013450688856153233,nan,nan,nan,nan,nan,nan,nan,nan,nan,nan,nan,nan,nan,nan,nan,nan,nan,nan,nan,nan,nan,nan,nan,nan,nan,nan,nan,nan,nan,nan,nan,nan,nan,nan,nan,nan,nan,nan,nan,nan,nan,nan,nan,nan,nan,nan,nan,nan,nan,nan,nan,nan,nan,nan,nan,nan,nan,nan,nan,nan,nan,nan,nan,0.0018004904861464207
1791059577.9415338,2.149043179289025,0.618068336421581,-0.0016691768099179756,0.07449963126221659,0.2932070604109619,0.0,0.0,0.0,0.0,2.8705624516438992,-0.22293571771977858,-0.0029001899250568784,-0.0044764153327163545,0.0,0.0,0.0,0.05551521149119601,-1.0358653335092718,-0.0006147951251029314,-0.00042002363689671733,0.0,0.0,0.0,-1.0926712061176485,-0.9190904418976913,0.00020736665948168948,-7.494241149406495e-05,nan,nan,nan,nan,nan,nan,nan,0.0,0.0,0.0,1.4006800645466537,-1.8135716227644705,-0.0011804635099910603,-0.008000971807526566,0.0,0.0,0.0,2.13788251168108,2.006883466354474,0.00990152096140425,-0.0009988493083347206,nan,nan,nan,nan,nan,nan,nan,nan,nan,nan,nan,nan,nan,nan,nan,nan,nan,nan,nan,nan,nan,nan,nan,nan,nan,nan,nan,nan,nan,nan,nan,nan,nan,nan,nan,nan,nan,nan,nan,nan,nan,nan,nan,nan,nan,nan,nan,nan,nan,nan,nan,nan,nan,nan,nan,nan,nan,nan,nan,nan,nan,nan,nan,0.0008212900851065372
1791059578.0405302,2.149048581702432,0.6180649087667826,-0.0017215181416621852,0.06749104625787399,0.2656234794999266,0.0,0.0,0.0,0.0,2.8705580424880797,-0.2229223070348601,-0.002281291667421602,-0.003969432366983831,0.0,0.0,0.0,0.05553040361450683,-1.0358548707778967,0.0007228217319526555,0.0002182466186471035,0.0,0.0,0.0,-1.0926749046634547,-0.9190830650638804,-0.0004671188438491781,6.55216298160747e-05,nan,nan,nan,nan,nan,nan,nan,0.0,0.0,0.0,1.4003513089443527,-1.812625631278383,-0.0015243965296292733,0.003934868073738821,0.0,0.0,0.0,2.1378913857762116,2.0068621198652226,0.009044508296859079,-0.0020953861558766873,nan,nan,nan,nan,nan,nan,nan,nan,nan,nan,nan,nan,nan,nan,nan,nan,nan,nan,nan,nan,nan,nan,nan,nan,nan,nan,nan,nan,nan,nan,nan,nan,nan,nan,nan,nan,nan,nan,nan,nan,nan,nan,nan,nan,nan,nan,nan,nan,nan,nan,nan,nan,nan,nan,nan,nan,nan,nan,nan,nan,nan,nan,nan,0.0008324584753928209
1791059578.1398754,2.149056835153112,0.6180610347311278,-0.001742950398547209,0.06106905134552422,0.24034853225090305,0.0,0.0,0.0,0.0,2.8707008119102677,-0.2227848493134405,-0.0013912785310166546,-0.0035600915398758936,0.0,0.0,0.0,0.05552383574399126,-1.0358586563786112,0.00014367752784045587,9.973297937215737e-05,0.0,0.0,0.0,-1.0926732888408153,-0.9190944437202327,-0.00014780076034845652,-0.00027475492466214513,nan,nan,nan,nan,nan,nan,nan,0.0,0.0,0.0,1.4003936996732151,-1.812510900726043,-0.01850028946963871,-0.09454748542921106,0.0,0.0,0.0,2.1378804694836453,2.0070363749901485,0.008480596905258661,0.011034357785173544,nan,nan,nan,nan,nan,nan,nan,nan,nan,nan,nan,nan,nan,nan,nan,nan,nan,nan,nan,nan,nan,nan,nan,nan,nan,nan,nan,nan,nan,nan,nan,nan,nan,nan,nan,nan,nan,nan,nan,nan,nan,nan,nan,nan,nan,nan,nan,nan,nan,nan,nan,nan,nan,nan,nan,nan,nan,nan,nan,nan,nan,nan,nan,0.0002143252074602625
1791059578.2392583,2.149050085429187,0.6180675157290172,-0.0016825630773023349,0.055273954577628154,0.21754085845005805,0.0,0.0,0.0,0.0,2.8705673188180616,-0.22292695495478634,-0.0099286689077908,-0.014542777594069294,0.0,0.0,0.0,0.0555324943317103,-1.0358596066447243,0.00010870940655400295,0.0003666131411533072,0.0,0.0,0.0,-1.0926667822043685,-0.9190879096228352,-0.00010578636980417656,-0.00028490505388400117,nan,nan,nan,nan,nan,nan,nan,0.0,0.0,0.0,1.4003249473545603,-1.8126569422267886,-0.0204731467112302,0.03244143323833129,0.0,0.0,0.0,2.137765866357516,2.006892669316066,-0.015004222878758734,-0.006320693375665942,nan,nan,nan,nan,nan,nan,nan,nan,nan,nan,nan,nan,nan,nan,nan,nan,nan,nan,nan,nan,nan,nan,nan,nan,nan,nan,nan,nan,nan,nan,nan,nan,nan,nan,nan,nan,nan,nan,nan,nan,nan,nan,nan,nan,nan,nan,nan,nan,nan,nan,nan,nan,nan,nan,nan,nan,nan,nan,nan,nan,nan,nan,nan,0.0004177932731926524
1791059578.3413315,2.1490585940843445,0.6180664455684277,-0.001750572459284218,0.05001394235637043,0.19683910872337324,0.0,0.0,0.0,0.0,2.870583747236428,-0.2229371731071978,-0.008406727425262025,-0.013154705647232853,0.0,0.0,0.0,0.05552110813810402,-1.035852574009037,-0.00024727401447174977,0.0002274931220290687,0.0,0.0,0.0,-1.0926679916837312,-0.9190937141618916,-0.00041597826671295,-5.392169118301469e-05,nan,nan,nan,nan,nan,nan,nan,0.0,0.0,0.0,1.4003707586187355,-1.8125533927228277,-0.0038512555910724332,0.018977584213721907,0.0,0.0,0.0,2.1378587558698885,2.0070369753011303,0.001373711528956787,0.0028840055276164803,nan,nan,nan,nan,nan,nan,nan,nan,nan,nan,nan,nan,nan,nan,nan,nan,nan,nan,nan,nan,nan,nan,nan,nan,nan,nan,nan,nan,nan,nan,nan,nan,nan,nan,nan,nan,nan,nan,nan,nan,nan,nan,nan,nan,nan,nan,nan,nan,nan,nan,nan,nan,nan,nan,nan,nan,nan,nan,nan,nan,nan,nan,nan,0.0010258692603341696
1791059578.4396636,2.1490446166343484,0.6180768897695549,-0.0016389870337546438,0.0453176525651423,0.17835599275092728,0.0,0.0,0.0,0.0,2.8707178366407535,-0.2227623528757108,-0.00030727864006220465,0.0006881653207261023,0.0,0.0,0.0,0.05552332449434552,-1.0358500345564217,-0.0006942131198883548,-1.679558184960981e-05,0.0,0.0,0.0,-1.0926708456872012,-0.919076357633263,-0.00034808256623038825,0.0008646578495040227,nan,nan,nan,nan,nan,nan,nan,0.0,0.0,0.0,1.4003205139172588,-1.8126246511303301,-0.023070672005686892,0.05207010127395117,0.0,0.0,0.0,2.137789146889408,2.0069067812035923,-0.009733912450867997,-1.1417074838154448e-05,nan,nan,nan,nan,nan,nan,nan,nan,nan,nan,nan,nan,nan,nan,nan,nan,nan,nan,nan,nan,nan,nan,nan,nan,nan,nan,nan,nan,nan,nan,nan,nan,nan,nan,nan,nan,nan,nan,nan,nan,nan,nan,nan,nan,nan,nan,nan,nan,nan,nan,nan,nan,nan,nan,nan,nan,nan,nan,nan,nan,nan,nan,nan,0.0011090910112969202
1791059578.5407994,2.149041407512664,0.6180539249426369,-0.0017209900590919947,0.04100569088803689,0.1613854710647347,0.0,0.0,0.0,0.0,2.8706931677386027,-0.22274128001571447,0.0061113882939008,0.010311389218918547,0.0,0.0,0.0,0.05551632912652378,-1.035852200309855,-0.000465753543827585,-0.00063243842032234,0.0,0.0,0.0,-1.0926689228071749,-0.9190833835983765,-0.0006615099049039038,0.0007943966749149579,nan,nan,nan,nan,nan,nan,nan,0.0,0.0,0.0,1.4006226780112698,-1.811253089890209,-0.0008667242285403929,0.00284740642437365,0.0,0.0,0.0,2.137761371807779,2.0069042864987234,-0.0014767958634032223,0.0010672407170111478,nan,nan,nan,nan,nan,nan,nan,nan,nan,nan,nan,nan,nan,nan,nan,nan,nan,nan,nan,nan,nan,nan,nan,nan,nan,nan,nan,nan,nan,nan,nan,nan,nan,nan,nan,nan,nan,nan,nan,nan,nan,nan,nan,nan,nan,nan,nan,nan,nan,nan,nan,nan,nan,nan,nan,nan,nan,nan,nan,nan,nan,nan,nan,0.0011481849131677621
1791059578.6395524,2.149030349642551,0.6180815832765147,-0.0017002182637370735,0.03711379667605485,0.1460682024824346,0.0,0.0,0.0,0.0,2.8705852189395675,-0.22290193579830206,-0.0019188511875794533,-0.0005023649138905253,0.0,0.0,0.0,0.055518446166789796,-1.0358436588657485,-2.147501822285429e-05,0.0006425207996408006,0.0,0.0,0.0,-1.0926798715098087,-0.9190697396698031,-0.0010720480531679084,0.00045925875477078264,nan,nan,nan,nan,nan,nan,nan,0.0,0.0,0.0,1.4003199738971672,-1.8126354376448106,-0.027914865059734693,0.031095231506546438,0.0,0.0,0.0,2.1377278176943326,2.0069122771192616,-0.0011282644098856555,0.0014557165906570312,nan,nan,nan,nan,nan,nan,nan,nan,nan,nan,nan,nan,nan,nan,nan,nan,nan,nan,nan,nan,nan,nan,nan,nan,nan,nan,nan,nan,nan,nan,nan,nan,nan,nan,nan,nan,nan,nan,nan,nan,nan,nan,nan,nan,nan,nan,nan,nan,nan,nan,nan,nan,nan,nan,nan,nan,nan,nan,nan,nan,nan,nan,nan,0.0018655622338870888
1791059578.7399025,2.1490553766670195,0.6180599446231035,-0.0017519253067678786,0.033581951968909715,0.1321679752347967,0.0,0.0,0.0,0.0,2.8707081737763427,-0.22278721794635772,0.0010671133913091253,-0.0011132804877684488,0.0,0.0,0.0,0.05552816065987704,-1.0358536252087278,-0.00047450032684032443,0.0005184573186743399,0.0,0.0,0.0,-1.0926667168034694,-0.9190787249537237,0.00042663210022413317,-5.420288340949952e-05,nan,nan,nan,nan,nan,nan,nan,0.0,0.0,0.0,1.4006305841919642,-1.811260498533871,0.0013171669172421002,0.0021055020626390545,0.0,0.0,0.0,2.137978237101963,2.006986620680367,0.008525546018997642,0.008782805061002742,nan,nan,nan,nan,nan,nan,nan,nan,nan,nan,nan,nan,nan,nan,nan,nan,nan,nan,nan,nan,nan,nan,nan,nan,nan,nan,nan,nan,nan,nan,nan,nan,nan,nan,nan,nan,nan,nan,nan,nan,nan,nan,nan,nan,nan,nan,nan,nan,nan,nan,nan,nan,nan,nan,nan,nan,nan,nan,nan,nan,nan,nan,nan,0.001207485402108862
1791059578.8397145,2.1490757700082264,0.6180699444197147,-0.0016447077433468635,0.03040533797237616,0.11966582406701912,0.0,0.0,0.0,0.0,2.8706018428075315,-0.2229362243049014,-0.0004229629260916929,-0.0021736618724533096,0.0,0.0,0.0,0.055528255072964196,-1.035852645042887,0.0006230698708840187,0.00026237083677851513,0.0,0.0,0.0,-1.092671061958777,-0.919075680793202,-3.296748750865985e-05,2.7674068436449643e-06,nan,nan,nan,nan,nan,nan,nan,0.0,0.0,0.0,1.4003380243798913,-1.8126947968159712,-0.007040386308393589,0.0015429780724755659,0.0,0.0,0.0,2.137757263718995,2.006887750460282,-0.0008701577974830622,-0.00011124264689295191,nan,nan,nan,nan,nan,nan,nan,nan,nan,nan,nan,nan,nan,nan,nan,nan,nan,nan,nan,nan,nan,nan,nan,nan,nan,nan,nan,nan,nan,nan,nan,nan,nan,nan,nan,nan,nan,nan,nan,nan,nan,nan,nan,nan,nan,nan,nan,nan,nan,nan,nan,nan,nan,nan,nan,nan,nan,nan,nan,nan,nan,nan,nan,0.0005268410454839512
1791059578.9405863,2.149066689603884,0.6180592357397968,-0.001688764397051703,0.027511887514477314,0.10827811531153245,0.0,0.0,0.0,0.0,2.8707165419481573,-0.222755150863675,-0.0005806797590230204,-0.00011240290018873909,0.0,0.0,0.0,0.055525032522392735,-1.035853801753593,0.0005971153506389285,-0.0008707829311084927,0.0,0.0,0.0,-1.0926570406219127,-0.9190943345719588,-0.000604688713914365,3.824104922318613e-05,nan,nan,nan,nan,nan,nan,nan,0.0,0.0,0.0,1.400313593678312,-1.8127004666661835,-0.00320184067395297,-0.0024694732177283733,0.0,0.0,0.0,2.137756206060087,2.0069067264690617,-0.007272467642210063,0.002213339143133536,nan,nan,nan,nan,nan,nan,nan,nan,nan,nan,nan,nan,nan,nan,nan,nan,nan,nan,nan,nan,nan,nan,nan,nan,nan,nan,nan,nan,nan,nan,nan,nan,nan,nan,nan,nan,nan,nan,nan,nan,nan,nan,nan,nan,nan,nan,nan,nan,nan,nan,nan,nan,nan,nan,nan,nan,nan,nan,nan,nan,nan,nan,nan,0.0003368946662246934
1791059579.0394576,2.1490710390443577,0.6180486128212889,-0.0017675955631474677,0.02491954683192679,0.09807547969795355,0.0,0.0,0.0,0.0,2.870720703781413,-0.2227611639792037,0.0005966199226456472,0.00020381455512382156,0.0,0.0,0.0,0.055523201109277526,-1.0358476886001013,0.0007439626340070867,0.0005761006243036538,0.0,0.0,0.0,-1.0926540344049547,-0.9190846941220434,0.0004843064149752864,0.00013932208863103718,nan,nan,nan,nan,nan,nan,nan,0.0,0.0,0.0,1.4003274250626407,-1.8126830273776076,-0.001584349091089556,-0.002386786307255304,0.0,0.0,0.0,2.1377520429029566,2.0068866540947603,-0.0011351461960460605,-0.0005690478534487693,nan,nan,nan,nan,nan,nan,nan,nan,nan,nan,nan,nan,nan,nan,nan,nan,nan,nan,nan,nan,nan,nan,nan,nan,nan,nan,nan,nan,nan,nan,nan,nan,nan,nan,nan,nan,nan,nan,nan,nan,nan,nan,nan,nan,nan,nan,nan,nan,nan,nan,nan,nan,nan,nan,nan,nan,nan,nan,nan,nan,nan,nan,nan,0.0013009868021831331
1791059579.139351,2.149072081762381,0.6180422232203749,-0.001763849846996695,0.02254813842143723,0.08874236385169954,0.0,0.0,0.0,0.0,2.8707174533978983,-0.22275169380548196,0.007694555206329364,0.010059731243307255,0.0,0.0,0.0,0.05553599243574703,-1.0358532455570588,0.0007300148146390786,0.0004590536093170666,0.0,0.0,0.0,-1.0926640604222493,-0.9190784350657398,0.0007455472048112731,-3.576550679328038e-05,nan,nan,nan,nan,nan,nan,nan,0.0,0.0,0.0,1.4003440113840873,-1.8125911771028977,0.0012847517382981598,0.0038367120103813377,0.0,0.0,0.0,2.137725512177639,2.0068986894417336,-0.015264685591420373,-0.005613383588760244,nan,nan,nan,nan,nan,nan,nan,nan,nan,nan,nan,nan,nan,nan,nan,nan,nan,nan,nan,nan,nan,nan,nan,nan,nan,nan,nan,nan,nan,nan,nan,nan,nan,nan,nan,nan,nan,nan,nan,nan,nan,nan,nan,nan,nan,nan,nan,nan,nan,nan,nan,nan,nan,nan,nan,nan,nan,nan,nan,nan,nan,nan,nan,0.001709263898780464
1791059579.239123,2.1490721614296446,0.6180497051395134,-0.0017653015057435292,0.0204107565855004,0.08033030281900742,0.0,0.0,0.0,0.0,2.8707225970999533,-0.2227581792184618,-0.0005187021074178207,0.0018488886399090554,0.0,0.0,0.0,0.05553056698706908,-1.0358612655798833,0.0001324744356010776,0.00025046196809150496,0.0,0.0,0.0,-1.0926648426194272,-0.9190806555696819,-0.0003654851337632209,0.0007228713304147767,nan,nan,nan,nan,nan,nan,nan,0.0,0.0,0.0,1.4003641706119734,-1.812562612951454,-0.014696623054725797,0.036585405959795314,0.0,0.0,0.0,2.137745569852408,2.006903215884438,-0.002490964835562646,-0.0012950091148415154,nan,nan,nan,nan,nan,nan,nan,nan,nan,nan,nan,nan,nan,nan,nan,nan,nan,nan,nan,nan,nan,nan,nan,nan,nan,nan,nan,nan,nan,nan,nan,nan,nan,nan,nan,nan,nan,nan,nan,nan,nan,nan,nan,nan,nan,nan,nan,nan,nan,nan,nan,nan,nan,nan,nan,nan,nan,nan,nan,nan,nan,nan,nan,0.0006971675533968915
1791059579.3408282,2.1490599420601786,0.6180723861094051,-0.0017191009213772704,0.018468416295054264,0.07268586381668557,0.0,0.0,0.0,0.0,2.8707531583472887,-0.22277718525289053,0.0014433354198765277,0.0003326109447977161,0.0,0.0,0.0,0.055519137225501836,-1.035864190870183,-0.0006037332806315282,0.00014584877531783193,0.0,0.0,0.0,-1.092662507138848,-0.9190859959275239,-0.0007248165485367293,0.0008178762479514257,nan,nan,nan,nan,nan,nan,nan,0.0,0.0,0.0,1.4007068922761914,-1.813529366175883,0.009383188696323316,-0.026111645928549813,0.0,0.0,0.0,2.137752100830955,2.006899164869535,-0.007566309570043997,-0.007392124755446183,nan,nan,nan,nan,nan,nan,nan,nan,nan,nan,nan,nan,nan,nan,nan,nan,nan,nan,nan,nan,nan,nan,nan,nan,nan,nan,nan,nan,nan,nan,nan,nan,nan,nan,nan,nan,nan,nan,nan,nan,nan,nan,nan,nan,nan,nan,nan,nan,nan,nan,nan,nan,nan,nan,nan,nan,nan,nan,nan,nan,nan,nan,nan,0.000737462217845903
1791059579.4405084,2.149061474514003,0.6180583822308228,-0.0016768433047645139,0.016722045490610755,0.06581269892602792,0.0,0.0,0.0,0.0,2.8707451174764547,-0.22264572247590633,0.002278313026215242,0.009466050032295843,0.0,0.0,0.0,0.05552986108472674,-1.0358661709842318,0.00041935715777312023,-0.0006856332456198918,0.0,0.0,0.0,-1.0926693893523298,-0.9190806926813717,0.0002991240347176352,0.00047377537735058845,nan,nan,nan,nan,nan,nan,nan,0.0,0.0,0.0,1.4003541043434913,-1.812457367477412,0.00040542529447238685,0.01733263130157344,0.0,0.0,0.0,2.1377575701885445,2.0069090584350073,-0.0015975505515929606,-2.1070553303007076e-05,nan,nan,nan,nan,nan,nan,nan,nan,nan,nan,nan,nan,nan,nan,nan,nan,nan,nan,nan,nan,nan,nan,nan,nan,nan,nan,nan,nan,nan,nan,nan,nan,nan,nan,nan,nan,nan,nan,nan,nan,nan,nan,nan,nan,nan,nan,nan,nan,nan,nan,nan,nan,nan,nan,nan,nan,nan,nan,nan,nan,nan,nan,nan,0.0013206673152735358
1791059579.5385823,2.1490659178767926,0.6180475359235568,-0.0016877406022014123,0.015142597042102945,0.059596487801067646,0.0,0.0,0.0,0.0,2.8707383139711036,-0.22274612843519168,0.0021615773776806186,0.0005914541712034334,0.0,0.0,0.0,0.05553602874016907,-1.0358568725535773,-7.956987601414687e-06,0.0005124861890641369,0.0,0.0,0.0,-1.0926669392827617,-0.9190923338629262,-0.00035225421247013505,-0.0010777088941769067,nan,nan,nan,nan,nan,nan,nan,0.0,0.0,0.0,1.4006516389382133,-1.813582130392973,0.003166043095640653,-0.005225847937752066,0.0,0.0,0.0,2.1377692139407665,2.0069005619123654,-0.00030922493148367153,-2.8546461461738587e-06,nan,nan,nan,nan,nan,nan,nan,nan,nan,nan,nan,nan,nan,nan,nan,nan,nan,nan,nan,nan,nan,nan,nan,nan,nan,nan,nan,nan,nan,nan,nan,nan,nan,nan,nan,nan,nan,nan,nan,nan,nan,nan,nan,nan,nan,nan,nan,nan,nan,nan,nan,nan,nan,nan,nan,nan,nan,nan,nan,nan,nan,nan,nan,0.0014684993819132595
1791059579.639758,2.14904440246792,0.6180693565247426,-0.0017018565901849652,0.013701588414438397,0.053925132163652044,0.0,0.0,0.0,0.0,2.8707188541902893,-0.22274503522617423,0.0010946256041516015,0.0016246540493767125,0.0,0.0,0.0,0.05552998316292753,-1.035860060024358,0.0004203609256245292,5.9222954179439735e-05,0.0,0.0,0.0,-1.0926729624932852,-0.9190942891667462,-3.754107476564891e-05,-0.0005013911533856963,nan,nan,nan,nan,nan,nan,nan,0.0,0.0,0.0,1.400633025045757,-1.8112539438799609,0.0014690067513912623,0.0036765874074908503,0.0,0.0,0.0,2.1377736232400246,2.006894648740146,-0.0001485662464501025,-0.0005387084532931215,nan,nan,nan,nan,nan,nan,nan,nan,nan,nan,nan,nan,nan,nan,nan,nan,nan,nan,nan,nan,nan,nan,nan,nan,nan,nan,nan,nan,nan,nan,nan,nan,nan,nan,nan,nan,nan,nan,nan,nan,nan,nan,nan,nan,nan,nan,nan,nan,nan,nan,nan,nan,nan,nan,nan,nan,nan,nan,nan,nan,nan,nan,nan,0.00011319673734745042
