t,x,y,heading,opinion,attention,target_speed,p_att_tb1,p_coop_tb1,p_coop_att_tb1,x_tb1,y_tb1,vx_tb1,vy_tb1,p_att_tb2,p_coop_tb2,p_coop_att_tb2,x_tb2,y_tb2,vx_tb2,vy_tb2,p_att_tb3,p_coop_tb3,p_coop_att_tb3,x_tb3,y_tb3,vx_tb3,vy_tb3,p_att_tb4,p_coop_tb4,p_coop_att_tb4,x_tb4,y_tb4,vx_tb4,vy_tb4,p_att_tb6,p_coop_tb6,p_coop_att_tb6,x_tb6,y_tb6,vx_tb6,vy_tb6,p_att_tb7,p_coop_tb7,p_coop_att_tb7,x_tb7,y_tb7,vx_tb7,vy_tb7,p_att_tb8,p_coop_tb8,p_coop_att_tb8,x_tb8,y_tb8,vx_tb8,vy_tb8,p_att_tb9,p_coop_tb9,p_coop_att_tb9,x_tb9,y_tb9,vx_tb9,vy_tb9,p_att_tb10,p_coop_tb10,p_coop_att_tb10,x_tb10,y_tb10,vx_tb10,vy_tb10,p_att_tb11,p_coop_tb11,p_coop_att_tb11,x_tb11,y_tb11,vx_tb11,vy_tb11,p_att_tb12,p_coop_tb12,p_coop_att_tb12,x_tb12,y_tb12,vx_tb12,vy_tb12,p_att_crnr_x0_y0,p_coop_crnr_x0_y0,p_coop_att_crnr_x0_y0,x_crnr_x0_y0,y_crnr_x0_y0,vx_crnr_x0_y0,vy_crnr_x0_y0,p_att_crnr_x0_y1,p_coop_crnr_x0_y1,p_coop_att_crnr_x0_y1,x_crnr_x0_y1,y_crnr_x0_y1,vx_crnr_x0_y1,vy_crnr_x0_y1,p_att_crnr_x1_y0,p_coop_crnr_x1_y0,p_coop_att_crnr_x1_y0,x_crnr_x1_y0,y_crnr_x1_y0,vx_crnr_x1_y0,vy_crnr_x1_y0,p_att_hat2,p_coop_hat2,p_coop_att_hat2,x_hat2,y_hat2,vx_hat2,vy_hat2,current_speed
1791062701.4962053,2.319588457451093,-1.342779410142156,2.4347787222040074,-1.0504312551642343e-06,0.19032516363987445,0.1999993697412469,0.0,0.0,0.0,2.269482438573541,0.6885407004707262,-0.003067596650964918,0.00034402784223340347,0.0,0.0,0.0,-0.3566254120941463,-1.1244106768947968,0.0006490619701900643,4.9013358586817805e-05,0.0,0.0,0.0,-2.354769209252942,-0.15170073640086437,0.004040805045385928,0.004428856516340108,nan,nan,nan,nan,nan,nan,nan,2.1642885924866452e-11,0.0,0.0,-1.0442621813963764,2.684487038261203,0.020728936119386213,-0.020306878676127134,nan,nan,nan,nan,nan,nan,nan,nan,nan,nan,nan,nan,nan,nan,0.0,0.0,0.0,0.9959641394780612,2.405249274519292,0.0020251336448173043,-0.001929921767319495,nan,nan,nan,nan,nan,nan,nan,nan,nan,nan,nan,nan,nan,nan,nan,nan,nan,nan,nan,nan,nan,nan,nan,nan,nan,nan,nan,nan,nan,nan,nan,nan,nan,nan,nan,nan,nan,nan,nan,nan,nan,nan,nan,nan,nan,nan,nan,nan,nan,0.001152461132669043
1791062701.5956564,2.3190381180969553,-1.342544269198265,2.434012284349704,-0.000433069890174249,0.3625098107379928,0.19974015821209506,0.03718891076340426,0.0,0.0,2.266695574395721,0.6889300614058791,-0.032731549915243865,0.011272330375854745,0.003259901467043203,0.0,0.0,-0.3560926836675718,-1.122616495461959,0.009650455641007201,0.032543271276405016,8.663441123320683e-08,0.0,0.0,-2.351862822727529,-0.15027177091578398,0.11452459212031504,0.13795184798877205,nan,nan,nan,nan,nan,nan,nan,2.439059504644882e-07,0.0,0.0,-1.041942807766163,2.680622813564295,0.022205083452125584,-0.044449030191326754,nan,nan,nan,nan,nan,nan,nan,nan,nan,nan,nan,nan,nan,nan,3.567061669856994e-07,0.0,0.0,0.9941609434248768,2.4033383286218775,-0.034414576640779834,-0.011795939367572863,nan,nan,nan,nan,nan,nan,nan,nan,nan,nan,nan,nan,nan,nan,nan,nan,nan,nan,nan,nan,nan,nan,nan,nan,nan,nan,nan,nan,nan,nan,nan,nan,nan,nan,nan,nan,nan,nan,nan,nan,nan,nan,nan,nan,nan,nan,nan,nan,nan,0.023423805018700405
1791062701.6990294,2.316406387420676,-1.339942583966218,2.437635819978494,-0.0010796590503763415,0.5183377176294184,0.19935220683509947,0.04416679374277171,0.0,0.0,2.261399486959806,0.6891821343450613,-0.04970126551978424,0.0055437057851836415,0.0027274411841188184,0.0,0.0,-0.35552085991488064,-1.1182014203796435,0.008203711526459666,0.054235934388816714,2.3443546403820365e-05,0.0,0.0,-2.3476204637775893,-0.14936620365472858,0.05496864785174942,0.017068359595895484,nan,nan,nan,nan,nan,nan,nan,0.00252546309734231,0.0,0.0,-1.0392787174158735,2.675746843544304,0.059455475589067566,-0.06699881017425392,nan,nan,nan,nan,nan,nan,nan,nan,nan,nan,nan,nan,nan,nan,0.00048066608226027914,0.0,0.0,0.991824693255114,2.398662572133983,-0.031595780294639,-0.04842197074739783,nan,nan,nan,nan,nan,nan,nan,nan,nan,nan,nan,nan,nan,nan,nan,nan,nan,nan,nan,nan,nan,nan,nan,nan,nan,nan,nan,nan,nan,nan,nan,nan,nan,nan,nan,nan,nan,nan,nan,nan,nan,nan,nan,nan,nan,nan,nan,nan,nan,0.04223915429536081
1791062701.795772,2.312412461694077,-1.3353880753960583,2.441822637544237,-0.01381589803505237,0.6593234564219632,0.19171520481693513,0.5821494542058014,0.0,0.0,2.254344359735649,0.6893244271014545,-0.07585803487966443,-0.0036284867036268124,0.007606114103349763,0.0,0.0,-0.35434944299380355,-1.1118801705561476,0.01659354190729613,0.07252354101625413,0.031292580700226835,0.0,0.0,-2.3411092545889525,-0.1468767719694259,0.05678782211353823,0.015940337389197416,nan,nan,nan,nan,nan,nan,nan,0.18865052899714296,0.0,0.0,-1.0347467007018465,2.6680541700609437,0.04544091347740378,-0.08870241559873412,nan,nan,nan,nan,nan,nan,nan,nan,nan,nan,nan,nan,nan,nan,0.14546597792437893,0.0,0.0,0.9878886627548544,2.392482917672853,-0.040581788524062835,-0.0659422714603436,nan,nan,nan,nan,nan,nan,nan,nan,nan,nan,nan,nan,nan,nan,nan,nan,nan,nan,nan,nan,nan,nan,nan,nan,nan,nan,nan,nan,nan,nan,nan,nan,nan,nan,nan,nan,nan,nan,nan,nan,nan,nan,nan,nan,nan,nan,nan,nan,nan,0.09067845906862464
1791062701.8957558,2.3062317825396144,-1.3312120671967462,2.4381417333319058,-0.04695672494199153,0.7870333326438027,0.1720108631602708,0.13659661276518542,0.0,0.0,2.2456734668374954,0.6899950816118454,-0.09295116405458781,0.008554113189849812,0.02450329716954364,0.0,0.0,-0.35269619014891307,-1.103585420437827,0.011952940030689682,0.08286736275054997,1.0120405150236058,0.0,0.0,-2.3332875289039157,-0.14256805014027404,0.08274483438806286,0.023898358490109135,nan,nan,nan,nan,nan,nan,nan,0.7993565567302606,0.0,0.0,-1.029566627492091,2.659596983618304,0.04500689074845019,-0.08573588209147358,nan,nan,nan,nan,nan,nan,nan,nan,nan,nan,nan,nan,nan,nan,0.18557781779202648,0.0,0.0,0.9827559660667842,2.383816198500844,-0.059848273308461555,-0.09001017388607152,nan,nan,nan,nan,nan,nan,nan,nan,nan,nan,nan,nan,nan,nan,nan,nan,nan,nan,nan,nan,nan,nan,nan,nan,nan,nan,nan,nan,nan,nan,nan,nan,nan,nan,nan,nan,nan,nan,nan,nan,nan,nan,nan,nan,nan,nan,nan,nan,nan,0.08398996726500747
1791062701.9958456,2.2981878438933534,-1.3247342663138375,2.4372929629012603,-0.07815433931097744,0.9032257671450528,0.15394818719788977,0.08747457522356897,0.0,0.0,2.2356249239993575,0.690019780907093,-0.10190852081812203,0.012856738510231717,0.4805698886782477,0.0,0.0,-0.3508941778779823,-1.095010949042677,0.022525307402677816,0.09765005776515961,1.024345686260765,0.0,0.0,-2.3233090428948695,-0.13911687197292094,0.09888188376927445,0.0019455891202500714,nan,nan,nan,nan,nan,nan,nan,0.9286633306792925,0.0,0.0,-1.0250096492014216,2.651965994928183,0.062435350654450314,-0.0817650825205756,nan,nan,nan,nan,nan,nan,nan,nan,nan,nan,nan,nan,nan,nan,0.9785403545757133,0.0,0.0,0.977353490699317,2.3745171346521916,-0.04592176649448357,-0.08716481100455363,nan,nan,nan,nan,nan,nan,nan,nan,nan,nan,nan,nan,nan,nan,nan,nan,nan,nan,nan,nan,nan,nan,nan,nan,nan,nan,nan,nan,nan,nan,nan,nan,nan,nan,nan,nan,nan,nan,nan,nan,nan,nan,nan,nan,nan,nan,nan,nan,nan,0.10098544005452954
1791062702.0956905,2.290542554546428,-1.3182014087720757,2.4346743482870408,-0.0218093120225601,1.0080516930965746,0.1869330531938772,0.23080867841333336,0.0,0.0,2.2251474509491174,0.690074891489936,-0.11383083400277133,-0.00877139698528069,0.4148546969948421,0.0,0.0,-0.3491528242618648,-1.0849890518719976,0.02299097313724336,0.10314141013229039,1.456300142321011e-08,0.0,0.0,-2.312569954462543,-0.1351123392776026,0.4580875480477197,0.7422772505736321,nan,nan,nan,nan,nan,nan,nan,1.0241160487431153,0.0,0.0,-1.0207084053316446,2.6438528113189865,0.03947558395028822,-0.07011088368968142,nan,nan,nan,nan,nan,nan,nan,nan,nan,nan,nan,nan,nan,nan,0.8498274097099928,0.0,0.0,0.9708101649629507,2.363883406876935,-0.023866548700067318,-0.04294242217739601,nan,nan,nan,nan,nan,nan,nan,nan,nan,nan,nan,nan,nan,nan,nan,nan,nan,nan,nan,nan,nan,nan,nan,nan,nan,nan,nan,nan,nan,nan,nan,nan,nan,nan,nan,nan,nan,nan,nan,nan,nan,nan,nan,nan,nan,nan,nan,nan,nan,0.1018723803520633
1791062702.1959448,2.2823156809797185,-1.3106617835391319,2.4380836217121185,-0.0696935714476674,1.1028912378345772,0.15878271508028574,0.1315420996890329,0.0,0.0,2.215290755510334,0.6905667518185912,-0.09297472283900475,0.010164958848634869,0.5589148236810145,0.0,0.0,-0.3472616681677929,-1.0746205856272997,0.02271436147320296,0.10190266172322457,1.0463861412208444,0.0,0.0,-2.3019115317712293,-0.1313382364952578,0.08822268182086732,0.013306468745329519,nan,nan,nan,nan,nan,nan,nan,0.940912051973705,0.0,0.0,-1.0154832448851876,2.634787706346942,0.06660541846001297,-0.08767868977945106,nan,nan,nan,nan,nan,nan,nan,nan,nan,nan,nan,nan,nan,nan,0.7384239294553347,0.0,0.0,0.9646367160958749,2.353795333658938,-0.06552693803251833,-0.10547692718993999,nan,nan,nan,nan,nan,nan,nan,nan,nan,nan,nan,nan,nan,nan,nan,nan,nan,nan,nan,nan,nan,nan,nan,nan,nan,nan,nan,nan,nan,nan,nan,nan,nan,nan,nan,nan,nan,nan,nan,nan,nan,nan,nan,nan,nan,nan,nan,nan,nan,0.1105590242958527
1791062702.2957718,2.2733237510941486,-1.30312917152844,2.4387593911336367,-0.10728470714746528,1.1897750389884303,0.1377635070996157,0.7559539302980798,0.0,0.0,2.205912651780808,0.6910040022458043,-0.09095644390431917,-0.009775930440090648,0.6528780553853688,0.0,0.0,-0.3451657810485217,-1.063684571158911,0.020261824259382052,0.11361921410650092,0.8706363614602086,0.0,0.0,-2.2911995904548332,-0.12738875170885525,0.10856184020045906,0.05726932674187459,nan,nan,nan,nan,nan,nan,nan,0.9711780648627691,0.0,0.0,-1.010545602726411,2.6262255802765178,0.08055555345722742,-0.09643891331845021,nan,nan,nan,nan,nan,nan,nan,nan,nan,nan,nan,nan,nan,nan,1.034500120224488,0.0,0.0,0.9580144038888406,2.343071331804955,-0.04565716770722584,-0.08770542557495606,nan,nan,nan,nan,nan,nan,nan,nan,nan,nan,nan,nan,nan,nan,nan,nan,nan,nan,nan,nan,nan,nan,nan,nan,nan,nan,nan,nan,nan,nan,nan,nan,nan,nan,nan,nan,nan,nan,nan,nan,nan,nan,nan,nan,nan,nan,nan,nan,nan,0.1259858300674865
1791062702.3956833,2.264020488350602,-1.2956914006215012,2.4337564001131806,-0.12649335976265033,1.2694911563854798,0.12754882784002383,0.514721423638798,0.0,0.0,2.196599839454427,0.6913152978793435,-0.09108854085152096,0.011395032377289028,0.8775688650617803,0.0,0.0,-0.3429914212090063,-1.0521832595565024,0.020631395832826915,0.11114680189936267,0.9663973025390609,0.0,0.0,-2.2811336962447504,-0.12374403986703271,0.10574957844130617,0.06326147431368409,nan,nan,nan,nan,nan,nan,nan,1.0521038206075046,0.0,0.0,-1.0061796908227065,2.6189446715767306,0.06226774167053675,-0.08037179520347794,nan,nan,nan,nan,nan,nan,nan,nan,nan,nan,nan,nan,nan,nan,0.8383582101192719,0.0,0.0,0.9520383917063998,2.333540699892612,-0.059138049904856216,-0.09582675426873033,nan,nan,nan,nan,nan,nan,nan,nan,nan,nan,nan,nan,nan,nan,nan,nan,nan,nan,nan,nan,nan,nan,nan,nan,nan,nan,nan,nan,nan,nan,nan,nan,nan,nan,nan,nan,nan,nan,nan,nan,nan,nan,nan,nan,nan,nan,nan,nan,nan,0.1326061165449615
1791062702.4962494,2.252318495580842,-1.28537869767137,2.443056035261377,-0.1775481875619615,1.3434851491937845,0.10251999763395121,0.8858201734288579,0.0,0.0,2.1874880416359685,0.6913453531007984,-0.09291151811796435,-0.005359470424579154,0.5925238488052136,0.0,0.0,-0.34039494435242174,-1.0391276778825522,0.028535945764372336,0.12604229188092886,1.0565165824574256,0.0,0.0,-2.2719440360372727,-0.12090866173229578,0.1040290305998902,0.044893177218753924,nan,nan,nan,nan,nan,nan,nan,1.0011744516684713,0.0,0.0,-1.0023939426861572,2.6115968510736334,0.027246255714346794,-0.06941501831711248,nan,nan,nan,nan,nan,nan,nan,nan,nan,nan,nan,nan,nan,nan,0.6840221058032752,0.0,0.0,0.9460434982301931,2.3238777713454843,-0.06643170873492138,-0.10028004944826763,nan,nan,nan,nan,nan,nan,nan,nan,nan,nan,nan,nan,nan,nan,nan,nan,nan,nan,nan,nan,nan,nan,nan,nan,nan,nan,nan,nan,nan,nan,nan,nan,nan,nan,nan,nan,nan,nan,nan,nan,nan,nan,nan,nan,nan,nan,nan,nan,nan,0.1264207535351959
1791062702.5958714,2.242588450692023,-1.27700573227092,2.4423419083850066,-0.10120248187267925,1.409678258503294,0.1410779121397893,0.6314603096174548,0.0,0.0,2.1794352215018655,0.6916732454116443,-0.08073975015391681,-0.004597371963565895,0.2638309101289288,0.0,0.0,-0.3377000449550571,-1.0248176062732617,0.03479615129057002,0.14778937677126405,0.7600789627385142,0.0,0.0,-2.264256401122233,-0.11771258728593294,0.07085748449304916,0.011007181035622747,nan,nan,nan,nan,nan,nan,nan,1.0580385798804968,0.0,0.0,-0.9970682673077897,2.6026297840933057,0.04539075862579124,-0.08423536107385436,nan,nan,nan,nan,nan,nan,nan,nan,nan,nan,nan,nan,nan,nan,0.6423237320197875,0.0,0.0,0.9402852029584479,2.315073034985974,-0.07337306935102043,-0.07856591589459354,nan,nan,nan,nan,nan,nan,nan,nan,nan,nan,nan,nan,nan,nan,nan,nan,nan,nan,nan,nan,nan,nan,nan,nan,nan,nan,nan,nan,nan,nan,nan,nan,nan,nan,nan,nan,nan,nan,nan,nan,nan,nan,nan,nan,nan,nan,nan,nan,nan,0.12214241807176493
1791062702.6957111,2.234932675083723,-1.2697856546494493,2.44161211543809,-0.07108796759410752,1.4672637755788598,0.1579823054463216,0.3762442707695741,0.0,0.0,2.171680612785887,0.6920094295725412,-0.07819344738042001,0.010483154660453374,0.16006844353251104,0.0,0.0,-0.3343355727177572,-1.0089636988645374,0.04025013458373276,0.16669800732887274,0.8098172690124485,0.0,0.0,-2.257069968570918,-0.1152769019986889,0.07186972357726117,0.01978640921702985,nan,nan,nan,nan,nan,nan,nan,0.9929770207146683,0.0,0.0,-0.9920367127376496,2.5941711553456512,0.03968696834408334,-0.08628646490197683,nan,nan,nan,nan,nan,nan,nan,nan,nan,nan,nan,nan,nan,nan,0.9027644890091554,0.0,0.0,0.9353245072720466,2.3063737774925186,-0.05118447399824186,-0.07819512664085156,nan,nan,nan,nan,nan,nan,nan,nan,nan,nan,nan,nan,nan,nan,nan,nan,nan,nan,nan,nan,nan,nan,nan,nan,nan,nan,nan,nan,nan,nan,nan,nan,nan,nan,nan,nan,nan,nan,nan,nan,nan,nan,nan,nan,nan,nan,nan,nan,nan,0.12142374253699154
1791062702.7957065,2.2242092417376518,-1.2609630858714056,2.4466277049213474,-0.09778567905445029,1.519337011649518,0.14295566115949365,0.8298979241511972,0.0,0.0,2.1645768676098016,0.6920397492723985,-0.07247145681285405,0.001714384782326768,0.09345266649955243,0.0,0.0,-0.3310978987074972,-0.9917175540489113,0.02558698397883495,0.1800302526594563,0.8468104608824216,0.0,0.0,-2.2506044578365443,-0.11449902557302973,0.07541697639940842,0.028552203728217058,nan,nan,nan,nan,nan,nan,nan,1.0608681177346142,0.0,0.0,-0.9886803419496804,2.5889056373830006,0.039971698446154974,-0.052990442770329764,nan,nan,nan,nan,nan,nan,nan,nan,nan,nan,nan,nan,nan,nan,0.9863524161597572,0.0,0.0,0.9309916032353456,2.2991619532336753,-0.04198508540180171,-0.07556463241677122,nan,nan,nan,nan,nan,nan,nan,nan,nan,nan,nan,nan,nan,nan,nan,nan,nan,nan,nan,nan,nan,nan,nan,nan,nan,nan,nan,nan,nan,nan,nan,nan,nan,nan,nan,nan,nan,nan,nan,nan,nan,nan,nan,nan,nan,nan,nan,nan,nan,0.12742958432543938
1791062702.895685,2.216619900382344,-1.2552979101102486,2.436333447859934,-0.04538593297745196,1.5660751702459437,0.17293548307735976,0.3460044758103568,0.0,0.0,2.15733626262243,0.692519466278214,-0.06955026002786323,0.005674454422745122,0.07378945675473973,0.0,0.0,-0.3277027593626061,-0.9744034262421182,0.040090162197461615,0.17835263227345802,0.4765215296191234,0.0,0.0,-2.245245535274662,-0.11119497542258833,0.04287744879222527,0.01366668934485266,nan,nan,nan,nan,nan,nan,nan,1.058167279705063,0.0,0.0,-0.985538625833579,2.5835523208581277,0.03177281713539271,-0.048252712909245224,nan,nan,nan,nan,nan,nan,nan,nan,nan,nan,nan,nan,nan,nan,1.0583431059725787,0.0,0.0,0.9268895756569218,2.292951366424324,-0.023720147181585126,-0.06214528645631605,nan,nan,nan,nan,nan,nan,nan,nan,nan,nan,nan,nan,nan,nan,nan,nan,nan,nan,nan,nan,nan,nan,nan,nan,nan,nan,nan,nan,nan,nan,nan,nan,nan,nan,nan,nan,nan,nan,nan,nan,nan,nan,nan,nan,nan,nan,nan,nan,nan,0.11215142443804527
1791062702.9961457,2.207334539156262,-1.2472992528998568,2.4357617726205296,-0.05295465604601252,1.6078314931535018,0.16849182670721768,0.6783008610879909,0.0,0.0,2.1507907886531834,0.6924621549336547,-0.06710840838178182,-0.0008265212765467203,0.028233014549699616,0.0,0.0,-0.3240219576527753,-0.954935994808401,0.03140608590647109,0.20833814149587923,0.967184303116937,0.0,0.0,-2.2389350362125837,-0.10885212547315186,0.0802023962396619,0.06345408013006867,nan,nan,nan,nan,nan,nan,nan,1.0259429890272267,0.0,0.0,-0.9829437512849696,2.5789940978851655,0.04697489381382344,-0.04357625149775165,nan,nan,nan,nan,nan,nan,nan,nan,nan,nan,nan,nan,nan,nan,1.0258099874070867,0.0,0.0,0.9238547669480976,2.2874747424914,-0.036171904855234895,-0.04876383639820652,nan,nan,nan,nan,nan,nan,nan,nan,nan,nan,nan,nan,nan,nan,nan,nan,nan,nan,nan,nan,nan,nan,nan,nan,nan,nan,nan,nan,nan,nan,nan,nan,nan,nan,nan,nan,nan,nan,nan,nan,nan,nan,nan,nan,nan,nan,nan,nan,nan,0.11558908259420494
1791062703.09577,2.1984554397628653,-1.2392279731517282,2.4410970338990365,0.023359252505632474,1.6452328408130423,0.2139926535284098,1.0601612446080184,0.0,0.0,2.144997318822187,0.6928364872635181,-0.05677618218580664,0.0024716253909702252,0.06885417430594452,0.0,0.0,-0.3198607678322017,-0.9344022818603839,0.06884629162261616,0.22183998599031807,0.31513816927647315,0.0,0.0,-2.2341252409223555,-0.10703366473546133,0.05881460982244749,0.03702910991760786,nan,nan,nan,nan,nan,nan,nan,0.8496247744553787,0.0,0.0,-0.9809734711021232,2.57578829111493,0.02896408467874088,-0.03370914775264112,nan,nan,nan,nan,nan,nan,nan,nan,nan,nan,nan,nan,nan,nan,0.9596948767311866,0.0,0.0,0.9208829262470759,2.283027718886147,-0.026551355844911362,-0.04365357988912807,nan,nan,nan,nan,nan,nan,nan,nan,nan,nan,nan,nan,nan,nan,nan,nan,nan,nan,nan,nan,nan,nan,nan,nan,nan,nan,nan,nan,nan,nan,nan,nan,nan,nan,nan,nan,nan,nan,nan,nan,nan,nan,nan,nan,nan,nan,nan,nan,nan,0.1272013977347688
1791062703.1959298,2.18718444739894,-1.2300762726287815,2.436812470292729,0.0939083757938295,1.6797495188487903,0.2549001944788489,0.21276342205885845,0.0,0.0,2.139343389437891,0.6927542163181173,-0.05935225401762338,0.0017757407935612415,0.02241811393014212,0.0,0.0,-0.31536594844640653,-0.9112860508263729,0.04015947762003174,0.2219877781331031,1.002501489211568,0.0,0.0,-2.229628026015026,-0.10692928820332691,0.059185775214047054,0.037813824908042123,nan,nan,nan,nan,nan,nan,nan,1.0222588893101796,0.0,0.0,-0.9802839593762046,2.5737307029555385,-0.013460770511770772,-0.016316358687129412,nan,nan,nan,nan,nan,nan,nan,nan,nan,nan,nan,nan,nan,nan,0.6604410071770869,0.0,0.0,0.91833774471584,2.278935963059727,-0.017029286734645436,-0.041652438030705397,nan,nan,nan,nan,nan,nan,nan,nan,nan,nan,nan,nan,nan,nan,nan,nan,nan,nan,nan,nan,nan,nan,nan,nan,nan,nan,nan,nan,nan,nan,nan,nan,nan,nan,nan,nan,nan,nan,nan,nan,nan,nan,nan,nan,nan,nan,nan,nan,nan,0.10868298355108343
1791062703.2957458,2.1768123504159944,-1.2211752080221054,2.4367692826619085,0.1443487823607943,1.7130016244124475,0.28157280760710945,0.15539997078854081,0.0,0.0,2.134006254648344,0.6930241378535184,-0.050825541103409214,0.0052875676596247844,0.012719722310324791,0.0,0.0,-0.3109301304540261,-0.8882264886180407,0.03879206783508923,0.22931708146027974,0.9408430944416221,0.0,0.0,-2.2256346752875515,-0.10633717979103853,0.050514731284688565,0.013894435408582866,nan,nan,nan,nan,nan,nan,nan,0.7635119186674781,0.0,0.0,-0.9784757026750909,2.571271713579131,0.02366144799249322,-0.023332090764814267,nan,nan,nan,nan,nan,nan,nan,nan,nan,nan,nan,nan,nan,nan,0.8980504038985107,0.0,0.0,0.916150385367597,2.2751714208416693,-0.021419044643200606,-0.030553270309023085,nan,nan,nan,nan,nan,nan,nan,nan,nan,nan,nan,nan,nan,nan,nan,nan,nan,nan,nan,nan,nan,nan,nan,nan,nan,nan,nan,nan,nan,nan,nan,nan,nan,nan,nan,nan,nan,nan,nan,nan,nan,nan,nan,nan,nan,nan,nan,nan,nan,0.09172812873981943
1791062703.395673,2.1676857383918153,-1.2127959771966181,2.440758495537673,0.20519073028888968,1.746245536366402,0.3096075220293035,0.8425527452798681,0.0,0.0,2.1293663317191656,0.6930641244640736,-0.045043581524680486,-0.0018799452808182734,0.0211545812878657,0.0,0.0,-0.30634824849867404,-0.8648852890897982,0.04138677473554976,0.2442293892459227,0.8019411806737314,0.0,0.0,-2.2208300465054864,-0.10378588128378952,0.06005457031934319,0.03102164287267662,nan,nan,nan,nan,nan,nan,nan,1.0610590430066527,0.0,0.0,-0.9772228378335801,2.5691647513101272,0.014115880710177643,-0.020225431668258107,nan,nan,nan,nan,nan,nan,nan,nan,nan,nan,nan,nan,nan,nan,1.0323857533685918,0.0,0.0,0.9134948114276491,2.270875435526822,-0.019002873112880125,-0.04693918685305161,nan,nan,nan,nan,nan,nan,nan,nan,nan,nan,nan,nan,nan,nan,nan,nan,nan,nan,nan,nan,nan,nan,nan,nan,nan,nan,nan,nan,nan,nan,nan,nan,nan,nan,nan,nan,nan,nan,nan,nan,nan,nan,nan,nan,nan,nan,nan,nan,nan,0.12074355421342631
1791062703.4954138,2.1573351100585194,-1.2043637902082052,2.4372141527915434,0.21269885305815955,1.778710237474523,0.31272042567887426,0.4525815147652551,0.0,0.0,2.1247968558797248,0.6931015815658912,-0.046695232763426006,0.000629743898621752,0.14200264692985812,0.0,0.0,-0.30190211352105684,-0.8416225288078499,0.038372841643627274,0.2356155239090591,0.5133071017795348,0.0,0.0,-2.215954197466065,-0.1021535205834248,0.04945408689397755,0.016810430621896112,nan,nan,nan,nan,nan,nan,nan,0.8913337493637865,0.0,0.0,-0.9766028385387943,2.567325540308666,0.006828275562004613,-0.02170932573638848,nan,nan,nan,nan,nan,nan,nan,nan,nan,nan,nan,nan,nan,nan,0.506062135975253,0.0,0.0,0.9111502049562499,2.266989514227966,-0.02359293477391804,-0.03744122283867779,nan,nan,nan,nan,nan,nan,nan,nan,nan,nan,nan,nan,nan,nan,nan,nan,nan,nan,nan,nan,nan,nan,nan,nan,nan,nan,nan,nan,nan,nan,nan,nan,nan,nan,nan,nan,nan,nan,nan,nan,nan,nan,nan,nan,nan,nan,nan,nan,nan,0.1850441697240114
1791062703.5957854,2.14644410805695,-1.194395063634928,2.4402542450905043,0.20592136970543848,1.8080972427761361,0.30991387075137916,0.41006564332051765,0.0,0.0,2.120345882986435,0.693385140390726,-0.04505401424802362,0.0021099620494830166,0.007280950063799427,0.0,0.0,-0.29731445534670226,-0.8183438504243608,0.048993961428274405,0.2403128252474743,0.005742968306345518,0.0,0.0,-2.211260904922026,-0.10002500979346914,0.058452984972662235,0.046989580776395284,nan,nan,nan,nan,nan,nan,nan,0.0003817874102960486,0.0,0.0,-0.9756158872266084,2.5658613834416384,-0.009517007706285666,-0.015976023823208424,nan,nan,nan,nan,nan,nan,nan,nan,nan,nan,nan,nan,nan,nan,0.42450495632446206,0.0,0.0,0.9090642315391542,2.263626296602677,-0.018779039561226684,-0.029813806849091015,nan,nan,nan,nan,nan,nan,nan,nan,nan,nan,nan,nan,nan,nan,nan,nan,nan,nan,nan,nan,nan,nan,nan,nan,nan,nan,nan,nan,nan,nan,nan,nan,nan,nan,nan,nan,nan,nan,nan,nan,nan,nan,nan,nan,nan,nan,nan,nan,nan,0.0814787123336343
1791062703.6956751,2.130257342207585,-1.1813002049042023,2.4381682857966953,0.2304367825144508,1.8354576658411363,0.31976462623320595,0.3630877403045149,0.0,0.0,2.1166174042214023,0.6933606508062147,-0.03895188241719548,-0.00015770897809457598,0.06741382552070939,0.0,0.0,-0.2926804872519858,-0.795067366174695,0.053486607607853315,0.2304511231641097,0.17748288801430295,0.0,0.0,-2.206872817855848,-0.09913914344220787,0.03285826249881199,-0.01991119777638252,nan,nan,nan,nan,nan,nan,nan,0.6294824550665719,0.0,0.0,-0.9746100029502722,2.56412047183455,0.002975343839259464,-0.014514702600147754,nan,nan,nan,nan,nan,nan,nan,nan,nan,nan,nan,nan,nan,nan,0.2720876625141343,0.0,0.0,0.9071222041981104,2.2607468459761955,-0.016576702035391935,-0.02832386063736226,nan,nan,nan,nan,nan,nan,nan,nan,nan,nan,nan,nan,nan,nan,nan,nan,nan,nan,nan,nan,nan,nan,nan,nan,nan,nan,nan,nan,nan,nan,nan,nan,nan,nan,nan,nan,nan,nan,nan,nan,nan,nan,nan,nan,nan,nan,nan,nan,nan,0.14520229894454928
1791062703.7953877,2.1195529106144266,-1.1722531445469224,2.4371072597710115,0.23560760519780424,1.861455741731075,0.32173612746635377,0.46713030855588933,0.0,0.0,2.113317957727804,0.6933138249132083,-0.041533864354778426,-0.011896511183448219,0.14472941126103112,0.0,0.0,-0.28804102157661066,-0.7718444520440415,0.05687329638273002,0.22897967907222688,0.5049134450411348,0.0,0.0,-2.202284618415413,-0.09713469632619101,0.0346290720539949,0.015833609164849397,nan,nan,nan,nan,nan,nan,nan,0.7616528618864171,0.0,0.0,-0.9736478901555147,2.5626031055151595,0.004608147450217691,-0.014595718759640141,nan,nan,nan,nan,nan,nan,nan,nan,nan,nan,nan,nan,nan,nan,0.335185671206114,0.0,0.0,0.9054381723931958,2.2577554750510282,-0.017472786546133982,-0.029415326672136963,nan,nan,nan,nan,nan,nan,nan,nan,nan,nan,nan,nan,nan,nan,nan,nan,nan,nan,nan,nan,nan,nan,nan,nan,nan,nan,nan,nan,nan,nan,nan,nan,nan,nan,nan,nan,nan,nan,nan,nan,nan,nan,nan,nan,nan,nan,nan,nan,nan,0.17148378315983062
1791062703.8956842,2.1060666195551785,-1.1604953957288366,2.4369105776660023,0.25067695841353993,1.8859127284034691,0.32727179624888364,0.4729614075577267,0.0,0.0,2.1100173045750656,0.6934417567533039,-0.03017221683115827,0.0019409339713721515,0.1565553746615691,0.0,0.0,-0.283646486413383,-0.7486711658061628,0.04885123305731241,0.22757949683369424,0.7000154370702172,0.0,0.0,-2.197357852797874,-0.09485696599815562,0.05919896691295535,0.036160750157490436,nan,nan,nan,nan,nan,nan,nan,0.9918867020306655,0.0,0.0,-0.9725866099511218,2.5609204029744155,0.010737140885155124,-0.016597842320645893,nan,nan,nan,nan,nan,nan,nan,nan,nan,nan,nan,nan,nan,nan,0.5578016387817599,0.0,0.0,0.9039226161126045,2.255020948536238,-0.015173932103946255,-0.026437858977761422,nan,nan,nan,nan,nan,nan,nan,nan,nan,nan,nan,nan,nan,nan,nan,nan,nan,nan,nan,nan,nan,nan,nan,nan,nan,nan,nan,nan,nan,nan,nan,nan,nan,nan,nan,nan,nan,nan,nan,nan,nan,nan,nan,nan,nan,nan,nan,nan,nan,0.17247935085826077
1791062703.99537,2.0900121773365856,-1.1461556472350558,2.456100163736619,0.24507226170297788,1.9084531661170838,0.325249311049695,0.34438702616786343,0.0,0.0,2.1065858936429116,0.693664349239227,-0.03280789629493223,-0.0011886192335129797,0.35348873151426463,0.0,0.0,-0.2795168733457999,-0.7255466481434777,0.0427895279279011,0.23412729939032004,0.595828863795422,0.0,0.0,-2.192397809589693,-0.09313294870029726,0.0588973818525669,0.025924136373138337,nan,nan,nan,nan,nan,nan,nan,0.7560536415291647,0.0,0.0,-0.9718018308851435,2.5593254351630916,0.0022902028789952723,-0.010422136945652832,nan,nan,nan,nan,nan,nan,nan,nan,nan,nan,nan,nan,nan,nan,0.23922391642730415,0.0,0.0,0.9022576069906395,2.25264766793677,-0.018028844177025938,-0.02415009476232092,nan,nan,nan,nan,nan,nan,nan,nan,nan,nan,nan,nan,nan,nan,nan,nan,nan,nan,nan,nan,nan,nan,nan,nan,nan,nan,nan,nan,nan,nan,nan,nan,nan,nan,nan,nan,nan,nan,nan,nan,nan,nan,nan,nan,nan,nan,nan,nan,nan,0.22751171564182415
1791062704.0957081,2.0749318500837783,-1.1341138014260674,2.43534301256639,0.2892793210203738,1.9308525648448216,0.340054797786977,0.2679050259619865,0.0,0.0,2.1031281680180585,0.6935836869686386,-0.03433397982210899,0.00011124834717747491,0.04552076191435338,0.0,0.0,-0.2752438215536631,-0.7024524881900402,0.0366207981533279,0.22942679809543542,1.0030514742300085,0.0,0.0,-2.188314456521418,-0.09180147150272547,0.030803500959845263,0.023156757375126128,nan,nan,nan,nan,nan,nan,nan,0.3221202378126244,0.0,0.0,-0.9703184462703248,2.5572679032065206,0.023887957418216758,-0.0253284677481053,nan,nan,nan,nan,nan,nan,nan,nan,nan,nan,nan,nan,nan,nan,0.08090030964021983,0.0,0.0,0.9008811096409335,2.250489841667668,-0.011994032378898747,-0.019105704982148662,nan,nan,nan,nan,nan,nan,nan,nan,nan,nan,nan,nan,nan,nan,nan,nan,nan,nan,nan,nan,nan,nan,nan,nan,nan,nan,nan,nan,nan,nan,nan,nan,nan,nan,nan,nan,nan,nan,nan,nan,nan,nan,nan,nan,nan,nan,nan,nan,nan,0.13979403596464057
1791062704.1953428,2.0588039120528316,-1.1198945905022077,2.4366137303316138,0.29258890774874946,1.9535447993334558,0.341059749171743,0.28576795522346377,0.0,0.0,2.0995863758847206,0.6935474386068554,-0.03477737714258903,-0.0006248103042936592,0.1005800143210871,0.0,0.0,-0.27130770981899427,-0.6790849873480718,0.036375016716175226,0.2347069038071082,0.7027592403116245,0.0,0.0,-2.18437796438904,-0.09023810039921626,0.04041189039790905,0.011291067037995156,nan,nan,nan,nan,nan,nan,nan,0.7287265600099965,0.0,0.0,-0.9688163056718994,2.5546789101414116,-0.006381852726859283,-0.021375630427993994,nan,nan,nan,nan,nan,nan,nan,nan,nan,nan,nan,nan,nan,nan,0.1069178924636433,0.0,0.0,0.8996943725357487,2.2483235811382585,-0.012337657125335712,-0.022007826975676357,nan,nan,nan,nan,nan,nan,nan,nan,nan,nan,nan,nan,nan,nan,nan,nan,nan,nan,nan,nan,nan,nan,nan,nan,nan,nan,nan,nan,nan,nan,nan,nan,nan,nan,nan,nan,nan,nan,nan,nan,nan,nan,nan,nan,nan,nan,nan,nan,nan,0.17593428688159696
1791062704.2953718,2.04548277356035,-1.1081551905820441,2.437258975781941,0.2979857837914394,1.974568179196703,0.3426685690600635,0.5287643761813475,0.0,0.0,2.0960792981709777,0.6938066900713021,-0.033151463152968984,0.001749192492544584,0.2869013801144639,0.0,0.0,-0.2671357222147969,-0.6556165019705351,0.03331156129009284,0.23592411562279236,0.015478755345242847,0.0,0.0,-2.1794767080848025,-0.0889344296560682,0.031185397044659453,-0.012434245051748376,nan,nan,nan,nan,nan,nan,nan,1.0424474549264646,0.0,0.0,-0.9673300749841037,2.552096109420561,-0.00120556943277525,-0.02801690352930106,nan,nan,nan,nan,nan,nan,nan,nan,nan,nan,nan,nan,nan,nan,0.5352045461711449,0.0,0.0,0.8984226525987711,2.2461763630418443,-0.00892534884751425,-0.022897833816517707,nan,nan,nan,nan,nan,nan,nan,nan,nan,nan,nan,nan,nan,nan,nan,nan,nan,nan,nan,nan,nan,nan,nan,nan,nan,nan,nan,nan,nan,nan,nan,nan,nan,nan,nan,nan,nan,nan,nan,nan,nan,nan,nan,nan,nan,nan,nan,nan,nan,0.20947318716805377
1791062704.3956835,2.0296823704116043,-1.0949971801396439,2.430738910045942,0.28830281625903925,1.9933254702952798,0.33975559917839276,0.37119149840703053,0.0,0.0,2.092823395179718,0.6938440614608864,-0.033457079593460184,-0.0020988570556754018,0.3107166929180581,0.0,0.0,-0.26296313795285914,-0.6321642728852404,0.03979011865208199,0.2299458333487192,0.5693398225468297,0.0,0.0,-2.1736612789446443,-0.08674939019635883,0.0586629830690886,0.02460918438420673,nan,nan,nan,nan,nan,nan,nan,0.983379864394398,0.0,0.0,-0.9664881545724541,2.550217382921406,-0.018955784422911872,-0.010955277951383721,nan,nan,nan,nan,nan,nan,nan,nan,nan,nan,nan,nan,nan,nan,0.27429123464918787,0.0,0.0,0.8974454294704386,2.243837718679842,-0.016351304041405397,-0.025174337637990204,nan,nan,nan,nan,nan,nan,nan,nan,nan,nan,nan,nan,nan,nan,nan,nan,nan,nan,nan,nan,nan,nan,nan,nan,nan,nan,nan,nan,nan,nan,nan,nan,nan,nan,nan,nan,nan,nan,nan,nan,nan,nan,nan,nan,nan,nan,nan,nan,nan,0.21645199169603732
1791062704.495361,2.011824070107506,-1.0784962505863538,2.445313040878166,0.2947614418909086,2.010145911832564,0.3417118314253726,0.5691468679188394,0.0,0.0,2.089381084452219,0.6938398431365309,-0.037338688902425934,-0.0006308523330422778,1.0264884203251472,0.0,0.0,-0.2589218066150155,-0.608542204802093,0.04241666572359234,0.2296682260895434,0.03211571110066039,0.0,0.0,-2.167621390206865,-0.08428429754550655,0.060254815817889155,0.01794713264686198,nan,nan,nan,nan,nan,nan,nan,1.036911170651576,0.0,0.0,-0.9650967454594516,2.547946123156445,0.0034070160294094338,-0.02018077591906608,nan,nan,nan,nan,nan,nan,nan,nan,nan,nan,nan,nan,nan,nan,0.6024267788975562,0.0,0.0,0.8959793021953922,2.2416059443051948,-0.010073799153499137,-0.01977319279699738,nan,nan,nan,nan,nan,nan,nan,nan,nan,nan,nan,nan,nan,nan,nan,nan,nan,nan,nan,nan,nan,nan,nan,nan,nan,nan,nan,nan,nan,nan,nan,nan,nan,nan,nan,nan,nan,nan,nan,nan,nan,nan,nan,nan,nan,nan,nan,nan,nan,0.32069726886994376
1791062704.5957036,1.9939759345798134,-1.064235807629822,2.4269088295593577,0.2815896480579287,2.0249636352449785,0.3376653512124648,0.37495909939740657,0.0,0.0,2.0860355779894557,0.6938630298278968,-0.03659124574720534,0.003945193225162518,0.499814156450257,0.0,0.0,-0.2549812216344831,-0.585332555906254,0.04585403856352017,0.23202799957812917,0.26460108831772905,0.0,0.0,-2.1612106523625196,-0.08167810310173142,0.06070763147172468,0.006494002993594706,nan,nan,nan,nan,nan,nan,nan,0.8744759394501219,0.0,0.0,-0.9632333792515084,2.545790906482131,0.013837075486466614,-0.021899864666179505,nan,nan,nan,nan,nan,nan,nan,nan,nan,nan,nan,nan,nan,nan,0.12047761427572477,0.0,0.0,0.8943770642303206,2.2391852541413777,0.014469617135247165,-0.018227244426015518,nan,nan,nan,nan,nan,nan,nan,nan,nan,nan,nan,nan,nan,nan,nan,nan,nan,nan,nan,nan,nan,nan,nan,nan,nan,nan,nan,nan,nan,nan,nan,nan,nan,nan,nan,nan,nan,nan,nan,nan,nan,nan,nan,nan,nan,nan,nan,nan,nan,0.2456380010945781
1791062704.6953533,1.9752224745701787,-1.0481788244996488,2.423194756625819,0.2718377513430257,2.037144795304066,0.33452408462699257,0.3484780061983506,0.0,0.0,2.082829189188188,0.6940920779760247,-0.02913793823589708,0.0019663950973336794,0.45735084441909735,0.0,0.0,-0.2511618506136139,-0.5621564574793032,0.042116821853608884,0.23586555739947734,0.2581966567573693,0.0,0.0,-2.1564748257446893,-0.07981908445332511,0.04572038497302809,0.01244749050098952,nan,nan,nan,nan,nan,nan,nan,0.7595755513958811,0.0,0.0,-0.9615276940906053,2.543214955244015,0.03311391861567447,-0.028450165652476808,nan,nan,nan,nan,nan,nan,nan,nan,nan,nan,nan,nan,nan,nan,0.354142115939577,0.0,0.0,0.8927257925392238,2.236384154264317,-0.015428876716692064,-0.040105782870098056,nan,nan,nan,nan,nan,nan,nan,nan,nan,nan,nan,nan,nan,nan,nan,nan,nan,nan,nan,nan,nan,nan,nan,nan,nan,nan,nan,nan,nan,nan,nan,nan,nan,nan,nan,nan,nan,nan,nan,nan,nan,nan,nan,nan,nan,nan,nan,nan,nan,0.24539224260009138
1791062704.7957203,1.9565959334749616,-1.032208552523987,2.4202091371054015,0.30523662873233287,2.0495311950874044,0.34477231010459275,0.14011630764564414,0.0,0.0,2.079550945409231,0.6940803591715464,-0.03381925596986479,-0.0012612013438361616,0.07982658455809008,0.0,0.0,-0.2474411611232704,-0.5391574739969682,0.042854350835691724,0.23982117087323832,1.0188225985045325,0.0,0.0,-2.155869368717185,-0.09119033424409347,0.046985987502454855,0.0201355650459556,nan,nan,nan,nan,nan,nan,nan,0.02659105865264051,0.0,0.0,-0.9606266171382496,2.540432544302186,0.022056377032130252,-0.029959894771413326,nan,nan,nan,nan,nan,nan,nan,nan,nan,nan,nan,nan,nan,nan,0.008213896295519637,0.0,0.0,0.8911372374934312,2.2334612380047805,-0.013742664012980337,-0.030268647674133183,nan,nan,nan,nan,nan,nan,nan,nan,nan,nan,nan,nan,nan,nan,nan,nan,nan,nan,nan,nan,nan,nan,nan,nan,nan,nan,nan,nan,nan,nan,nan,nan,nan,nan,nan,nan,nan,nan,nan,nan,nan,nan,nan,nan,nan,nan,nan,nan,nan,0.17918409833566087
1791062704.89564,1.940525646923956,-1.016980224417097,2.418916461734898,0.36035497107902004,2.0660583570876057,0.35871873418951844,1.0609597038468614,0.0,0.0,2.0759232356239536,0.6940924894099381,-0.0354984349214449,0.0024683528631722603,0.021221430258679203,0.0,0.0,-0.2438506308328248,-0.516238920416637,0.032772194242089235,0.23474219798483317,0.00029180958771538577,0.0,0.0,-2.1473483862945058,-0.07632928306350512,0.042043159030522706,0.011115253678545215,nan,nan,nan,nan,nan,nan,nan,0.05473806062931956,0.0,0.0,-0.9582842827414118,2.5370948875378287,0.01202884714353202,-0.028804369592322368,nan,nan,nan,nan,nan,nan,nan,nan,nan,nan,nan,nan,nan,nan,0.5070982901887877,0.0,0.0,0.8888059176596247,2.230526021290024,-0.02947123516879665,-0.029883099844450513,nan,nan,nan,nan,nan,nan,nan,nan,nan,nan,nan,nan,nan,nan,nan,nan,nan,nan,nan,nan,nan,nan,nan,nan,nan,nan,nan,nan,nan,nan,nan,nan,nan,nan,nan,nan,nan,nan,nan,nan,nan,nan,nan,nan,nan,nan,nan,nan,nan,0.12718443192939655
1791062704.9956665,1.9237366810475063,-1.0028596045296807,2.4195623765987686,0.3941843239743624,2.086954527024332,0.36565098503632476,0.4258985767797613,0.0,0.0,2.072279187735293,0.6941471763681134,-0.032394236784236474,0.0004603666010319766,0.25329587711131035,0.0,0.0,-0.24025657844209847,-0.4933500312099252,0.032311216572095444,0.22027080147354386,0.3682175948159159,0.0,0.0,-2.1425533538852233,-0.07489955917922693,0.04958003442129254,0.01945387071294014,nan,nan,nan,nan,nan,nan,nan,1.019359242158501,0.0,0.0,-0.9562855595209947,2.5340930001909565,0.017839935574088847,-0.039689307709219766,nan,nan,nan,nan,nan,nan,nan,nan,nan,nan,nan,nan,nan,nan,0.8641679909671797,0.0,0.0,0.8867607389775379,2.227107043250454,-0.046844293966551355,-0.04186968562215736,nan,nan,nan,nan,nan,nan,nan,nan,nan,nan,nan,nan,nan,nan,nan,nan,nan,nan,nan,nan,nan,nan,nan,nan,nan,nan,nan,nan,nan,nan,nan,nan,nan,nan,nan,nan,nan,nan,nan,nan,nan,nan,nan,nan,nan,nan,nan,nan,nan,0.1935475595645146
1791062705.0954964,1.9102713263653137,-0.9906887736938303,2.4207795430063626,0.386986999147401,2.107694543525757,0.3642705634314923,0.42139626370823174,0.0,0.0,2.0688997514510503,0.6942413335138164,-0.03857869676710208,0.0019854358716935474,0.3465858894842411,0.0,0.0,-0.23649294193178677,-0.4700686918536325,0.03165076645353827,0.2166523199028149,0.21636316892171956,0.0,0.0,-2.138189940143117,-0.07313545164760367,0.035207371032802526,0.013329961340565254,nan,nan,nan,nan,nan,nan,nan,1.0214851413917654,0.0,0.0,-0.9542851229973253,2.530310123675723,0.0013754182668522033,-0.028124595558283935,nan,nan,nan,nan,nan,nan,nan,nan,nan,nan,nan,nan,nan,nan,0.659803116997443,0.0,0.0,0.8847174461752051,2.223005402462916,-0.030768084765519628,-0.04674586573310887,nan,nan,nan,nan,nan,nan,nan,nan,nan,nan,nan,nan,nan,nan,nan,nan,nan,nan,nan,nan,nan,nan,nan,nan,nan,nan,nan,nan,nan,nan,nan,nan,nan,nan,nan,nan,nan,nan,nan,nan,nan,nan,nan,nan,nan,nan,nan,nan,nan,0.20832312950133158
1791062705.1957161,1.893913155313571,-0.9749815322588965,2.4327616343207965,0.41163981173039044,2.1278573357332387,0.36880007115405744,0.5902719998334169,0.0,0.0,2.0656538189854006,0.6944025043078671,-0.03434846220556216,0.0012995305085120603,0.5944961265220243,0.0,0.0,-0.2330379253096522,-0.44678741753191825,0.032765094581891016,0.2198849366947016,0.10362511413152649,0.0,0.0,-2.1337068129448187,-0.07153143011545612,0.054997042599968654,0.03014172995720036,nan,nan,nan,nan,nan,nan,nan,1.0262981151013613,0.0,0.0,-0.9519815354196247,2.5267056560709893,0.012666556545977311,-0.031869354938606875,nan,nan,nan,nan,nan,nan,nan,nan,nan,nan,nan,nan,nan,nan,1.035382598448369,0.0,0.0,0.8819824245568217,2.2191364213317004,-0.05129081658760044,-0.045220329926006,nan,nan,nan,nan,nan,nan,nan,nan,nan,nan,nan,nan,nan,nan,nan,nan,nan,nan,nan,nan,nan,nan,nan,nan,nan,nan,nan,nan,nan,nan,nan,nan,nan,nan,nan,nan,nan,nan,nan,nan,nan,nan,nan,nan,nan,nan,nan,nan,nan,0.22813164483773435
1791062705.2957187,1.8774358005747676,-0.9624210137304398,2.4037046835985163,0.43593386280507773,2.1499363326239993,0.37274361902232356,0.3680864683418661,0.0,0.0,2.0622806406768244,0.6943190039981328,-0.03617659566065158,-0.0003351603884429919,0.39433548844783006,0.0,0.0,-0.2295837614959396,-0.4233620250947824,0.03372332528584443,0.22937828563120316,0.6810695472048376,0.0,0.0,-2.129150522543032,-0.07003501195340242,0.0559093742278509,0.041676125565882176,nan,nan,nan,nan,nan,nan,nan,0.8248599779015641,0.0,0.0,-0.9491909038214913,2.5224022679689075,0.04533368137296238,-0.05124788409580756,nan,nan,nan,nan,nan,nan,nan,nan,nan,nan,nan,nan,nan,nan,0.48386631173614525,0.0,0.0,0.8792395546814737,2.2138929894920745,-0.021651851347507536,-0.055700414950211344,nan,nan,nan,nan,nan,nan,nan,nan,nan,nan,nan,nan,nan,nan,nan,nan,nan,nan,nan,nan,nan,nan,nan,nan,nan,nan,nan,nan,nan,nan,nan,nan,nan,nan,nan,nan,nan,nan,nan,nan,nan,nan,nan,nan,nan,nan,nan,nan,nan,0.23380051727237422
1791062705.397565,1.8581520164835257,-0.94318818535879,2.430849263540297,0.4206357389747318,2.170537735766633,0.37031781147252735,0.39443994875771937,0.0,0.0,2.058969506077614,0.6944999316948044,-0.03265598516154407,0.002644839762280569,0.5527957142559503,0.0,0.0,-0.22615840622871627,-0.40032247087775685,0.03478388891500526,0.236380485211709,0.3068548082063194,0.0,0.0,-2.1253326065294895,-0.0686127148150025,0.05230606894402623,0.029982637026768906,nan,nan,nan,nan,nan,nan,nan,1.0130218941004119,0.0,0.0,-0.9462112628298925,2.5170687662400444,0.02875030626467583,-0.05393209603612921,nan,nan,nan,nan,nan,nan,nan,nan,nan,nan,nan,nan,nan,nan,0.5548403207500746,0.0,0.0,0.8761486711359007,2.2086848116044138,-0.016355164910378462,-0.05197827974057692,nan,nan,nan,nan,nan,nan,nan,nan,nan,nan,nan,nan,nan,nan,nan,nan,nan,nan,nan,nan,nan,nan,nan,nan,nan,nan,nan,nan,nan,nan,nan,nan,nan,nan,nan,nan,nan,nan,nan,nan,nan,nan,nan,nan,nan,nan,nan,nan,nan,0.26041841812998584
1791062705.4959385,1.8398863587610061,-0.9284084904748209,2.413606511898401,0.41063128100707635,2.187060068792963,0.3686255556177525,0.37656089966851103,0.0,0.0,2.0557321565996625,0.6947242330810011,-0.029509739672613826,0.001066252403093781,0.37326977272771134,0.0,0.0,-0.22287820035009176,-0.378034604155392,0.03594699805091979,0.24225938501099703,0.30184663571447173,0.0,0.0,-2.120241176359419,-0.06700519004805508,0.052812427701690354,0.017599465250342627,nan,nan,nan,nan,nan,nan,nan,1.0036748676800145,0.0,0.0,-0.9435908733753536,2.5128137216173743,0.013964628227822943,-0.04104296718840133,nan,nan,nan,nan,nan,nan,nan,nan,nan,nan,nan,nan,nan,nan,0.5615964412705983,0.0,0.0,0.8727443696089788,2.203033286769004,-0.016350990950412515,-0.06361292984761509,nan,nan,nan,nan,nan,nan,nan,nan,nan,nan,nan,nan,nan,nan,nan,nan,nan,nan,nan,nan,nan,nan,nan,nan,nan,nan,nan,nan,nan,nan,nan,nan,nan,nan,nan,nan,nan,nan,nan,nan,nan,nan,nan,nan,nan,nan,nan,nan,nan,0.23735899937571014
1791062705.595742,1.821605418050919,-0.9122890118106952,2.415413285685103,0.396429656284099,2.2002158488446844,0.36607164399227315,0.3883548490997826,0.0,0.0,2.0525574298385583,0.6946510047476073,-0.028991885716856024,-0.0034818021860838445,0.5871826241217606,0.0,0.0,-0.21982867343945245,-0.3564622487981279,0.03263049561665729,0.21639585469562037,0.13764808381534907,0.0,0.0,-2.115879006387996,-0.06537445898842661,0.036310514399437416,0.0068072294926203435,nan,nan,nan,nan,nan,nan,nan,1.0465512531778003,0.0,0.0,-0.9411361840192047,2.508789039604525,0.0033939584868126127,-0.04443649136867238,nan,nan,nan,nan,nan,nan,nan,nan,nan,nan,nan,nan,nan,nan,0.6588787750146335,0.0,0.0,0.8690964716276177,2.1971868808837547,-0.03672666654408216,-0.053007042138738296,nan,nan,nan,nan,nan,nan,nan,nan,nan,nan,nan,nan,nan,nan,nan,nan,nan,nan,nan,nan,nan,nan,nan,nan,nan,nan,nan,nan,nan,nan,nan,nan,nan,nan,nan,nan,nan,nan,nan,nan,nan,nan,nan,nan,nan,nan,nan,nan,nan,0.24662696147183183
1791062705.6954446,1.803783647747945,-0.8961919212081702,2.4145746503270398,0.38644641519547085,2.210300368180929,0.3641648857805618,0.2993071442572251,0.0,0.0,2.049214286978049,0.6947760760703209,-0.03583967302545659,0.004191231356720456,0.3655117338927229,0.0,0.0,-0.21658744254149265,-0.3338341093550117,0.02939436293038839,0.21559436707548651,0.4422790766891476,0.0,0.0,-2.1110999869959164,-0.06415686318577095,0.04656788279427622,0.0036265320956681973,nan,nan,nan,nan,nan,nan,nan,0.6041245023574264,0.0,0.0,-0.9391040887555927,2.5048472385188187,0.030924220581156327,-0.03662412108880941,nan,nan,nan,nan,nan,nan,nan,nan,nan,nan,nan,nan,nan,nan,0.5521529035757244,0.0,0.0,0.8654068869392141,2.1907077243351805,-0.03780558230802916,-0.06973652350791046,nan,nan,nan,nan,nan,nan,nan,nan,nan,nan,nan,nan,nan,nan,nan,nan,nan,nan,nan,nan,nan,nan,nan,nan,nan,nan,nan,nan,nan,nan,nan,nan,nan,nan,nan,nan,nan,nan,nan,nan,nan,nan,nan,nan,nan,nan,nan,nan,nan,0.22437948643782205
1791062705.7953656,1.786016170402936,-0.8784691657089594,2.436044592709119,0.3942567399856639,2.2193066240638757,0.365664625487917,0.40381762164736384,0.0,0.0,2.046056086415923,0.6949038874011426,-0.030726366941105344,0.002877709178071303,0.5693279171870073,0.0,0.0,-0.2130653400318959,-0.3105611659917712,0.03354273997476969,0.21251160829726073,0.4832325129583873,0.0,0.0,-2.104062104224395,-0.060866288983616325,0.06877162118266678,0.035432827453709084,nan,nan,nan,nan,nan,nan,nan,1.0377463221677306,0.0,0.0,-0.9360899619111228,2.5002709201162774,0.03077412961468496,-0.060536040089522014,nan,nan,nan,nan,nan,nan,nan,nan,nan,nan,nan,nan,nan,nan,0.8368451499940313,0.0,0.0,0.8612991803716532,2.1843995630935873,-0.041606289722727875,-0.06700364891601339,nan,nan,nan,nan,nan,nan,nan,nan,nan,nan,nan,nan,nan,nan,nan,nan,nan,nan,nan,nan,nan,nan,nan,nan,nan,nan,nan,nan,nan,nan,nan,nan,nan,nan,nan,nan,nan,nan,nan,nan,nan,nan,nan,nan,nan,nan,nan,nan,nan,0.23518785625368308
1791062705.8956618,1.767531981199916,-0.8635303389778952,2.4229229787376556,0.413309147629716,2.2295181714375025,0.3690869801636672,0.3824796001381407,0.0,0.0,2.042924500164687,0.6950406582452795,-0.04649488044166263,0.0023810786596080006,0.5555242431909364,0.0,0.0,-0.2096137458968713,-0.28736192349905243,0.03348900540283805,0.22624121270637182,0.1816423395318935,0.0,0.0,-2.098253204732705,-0.058940069047461276,0.04539278315237459,-0.001178692102671697,nan,nan,nan,nan,nan,nan,nan,0.8595847916351095,0.0,0.0,-0.9321501566178026,2.4934450617088704,0.06221289463826876,-0.0707174624701292,nan,nan,nan,nan,nan,nan,nan,nan,nan,nan,nan,nan,nan,nan,0.8353930125114754,0.0,0.0,0.8566793531347277,2.1763490662513405,-0.05806740665760838,-0.08287365519974427,nan,nan,nan,nan,nan,nan,nan,nan,nan,nan,nan,nan,nan,nan,nan,nan,nan,nan,nan,nan,nan,nan,nan,nan,nan,nan,nan,nan,nan,nan,nan,nan,nan,nan,nan,nan,nan,nan,nan,nan,nan,nan,nan,nan,nan,nan,nan,nan,nan,0.25942665354925626
1791062705.995672,1.7495076123811686,-0.8472905560643331,2.42693692579013,0.44138151747093557,2.2425196131232505,0.37356218482971065,0.3566000614701682,0.0,0.0,2.039911491791586,0.6949906600618458,-0.029171404690943353,-0.0008156877768544172,0.40416762535099393,0.0,0.0,-0.20621773946633068,-0.2641104021968632,0.03506114965643232,0.24004893344830125,0.30886333515942255,0.0,0.0,-2.092267683734693,-0.056788437149652295,0.05262944320050848,0.011877259429609535,nan,nan,nan,nan,nan,nan,nan,1.0276838896186298,0.0,0.0,-0.9284852713042366,2.486682232684645,0.03588772296743372,-0.08423488137829822,nan,nan,nan,nan,nan,nan,nan,nan,nan,nan,nan,nan,nan,nan,0.9207832563704937,0.0,0.0,0.8508211290773293,2.166540860485375,-0.05213275856358446,-0.10974229024792596,nan,nan,nan,nan,nan,nan,nan,nan,nan,nan,nan,nan,nan,nan,nan,nan,nan,nan,nan,nan,nan,nan,nan,nan,nan,nan,nan,nan,nan,nan,nan,nan,nan,nan,nan,nan,nan,nan,nan,nan,nan,nan,nan,nan,nan,nan,nan,nan,nan,0.243965290264035
1791062706.0954435,1.731733822643454,-0.831343574428297,2.426916611421106,0.445430297409343,2.2568684429385537,0.37415569606567256,0.250929115515086,0.0,0.0,2.0370016258317283,0.6949759166390383,-0.027620999745651503,-0.0006437641354171111,0.23114118435347078,0.0,0.0,-0.20281628717473527,-0.24046582161603677,0.03469534471608664,0.24665734793624788,0.9583203199646618,0.0,0.0,-2.0858462480529663,-0.05431243101800761,0.0638889074231007,0.028095344879509907,nan,nan,nan,nan,nan,nan,nan,0.5066475278838772,0.0,0.0,-0.9240439769938026,2.4800020778666543,0.040908919047395756,-0.061459047874232384,nan,nan,nan,nan,nan,nan,nan,nan,nan,nan,nan,nan,nan,nan,0.881620650775557,0.0,0.0,0.8439823743313,2.1557550428810766,-0.08129530349328642,-0.10922059569033453,nan,nan,nan,nan,nan,nan,nan,nan,nan,nan,nan,nan,nan,nan,nan,nan,nan,nan,nan,nan,nan,nan,nan,nan,nan,nan,nan,nan,nan,nan,nan,nan,nan,nan,nan,nan,nan,nan,nan,nan,nan,nan,nan,nan,nan,nan,nan,nan,nan,0.22901855730103735
1791062706.195702,1.7139698825708942,-0.8144614579764922,2.4385035935875514,0.4809372093699162,2.2733757499755285,0.378852460024013,0.46313067121473656,0.0,0.0,2.0348664882120824,0.6950133695407364,-0.030684657258537116,0.0027474904142509725,0.5129884632308026,0.0,0.0,-0.1993056508237108,-0.2171493469932647,0.03616566415318523,0.24051694941748084,0.18795946708112074,0.0,0.0,-2.0791668147305904,-0.05191920397671662,0.06466198187175398,0.025382994358327478,nan,nan,nan,nan,nan,nan,nan,1.0611691512861028,0.0,0.0,-0.9204161317390145,2.4733178272842653,0.03376471964189147,-0.0613435737162267,nan,nan,nan,nan,nan,nan,nan,nan,nan,nan,nan,nan,nan,nan,1.0571272362924822,0.0,0.0,0.8373349268908327,2.1450006337092034,-0.08764020077068121,-0.10262874657659936,nan,nan,nan,nan,nan,nan,nan,nan,nan,nan,nan,nan,nan,nan,nan,nan,nan,nan,nan,nan,nan,nan,nan,nan,nan,nan,nan,nan,nan,nan,nan,nan,nan,nan,nan,nan,nan,nan,nan,nan,nan,nan,nan,nan,nan,nan,nan,nan,nan,0.24686298971392634
1791062706.2957096,1.6962435080077065,-0.7997985807194787,2.420490155109799,0.5098137169868009,2.294163953704188,0.382065782207088,0.49146483911991046,0.0,0.0,2.0307377594958056,0.6955740045987219,-0.08529843606883489,0.017974085111359235,0.352857294342392,0.0,0.0,-0.1958175768561253,-0.19405702769753738,0.029494111276805075,0.24828136713123844,0.41798484225448806,0.0,0.0,-2.0735985113318374,-0.049957025701332425,0.05606932799440114,0.025415762799445244,nan,nan,nan,nan,nan,nan,nan,1.0191618275966638,0.0,0.0,-0.9168206016374083,2.4672531286191375,0.03983492366559676,-0.08041462728980743,nan,nan,nan,nan,nan,nan,nan,nan,nan,nan,nan,nan,nan,nan,0.984997639800155,0.0,0.0,0.8313095670777911,2.134553129424651,-0.06267178439408118,-0.10983314401959385,nan,nan,nan,nan,nan,nan,nan,nan,nan,nan,nan,nan,nan,nan,nan,nan,nan,nan,nan,nan,nan,nan,nan,nan,nan,nan,nan,nan,nan,nan,nan,nan,nan,nan,nan,nan,nan,nan,nan,nan,nan,nan,nan,nan,nan,nan,nan,nan,nan,0.24185571407577888
1791062706.3957276,1.6767314062574696,-0.7830397742836914,2.4295425867790676,0.413009239591406,2.3065574827538144,0.3690356136747442,0.3514121186413443,0.0,0.0,2.027462184981999,0.6952162995448283,-0.029135190442191483,-0.003210076317190119,0.9514127244018176,0.0,0.0,-0.19220732191984305,-0.17126488300132087,0.04676111447351043,0.1977724588254645,0.10223915558395363,0.0,0.0,-2.070367540246233,-0.04912195817668627,0.02114161423767006,0.005082457377943764,nan,nan,nan,nan,nan,nan,nan,0.9285563705441299,0.0,0.0,-0.9130710421400494,2.4609963565600306,0.03266481194710419,-0.056869720168407856,nan,nan,nan,nan,nan,nan,nan,nan,nan,nan,nan,nan,nan,nan,0.7813952023971386,0.0,0.0,0.8255216401279353,2.1249532893229506,-0.06264417709638155,-0.09812938103026227,nan,nan,nan,nan,nan,nan,nan,nan,nan,nan,nan,nan,nan,nan,nan,nan,nan,nan,nan,nan,nan,nan,nan,nan,nan,nan,nan,nan,nan,nan,nan,nan,nan,nan,nan,nan,nan,nan,nan,nan,nan,nan,nan,nan,nan,nan,nan,nan,nan,0.3346339234561266
1791062706.4956453,1.6583800587969015,-0.7667400935432628,2.4325349356833734,0.4489387967955838,2.3128526236792744,0.37465995271171776,0.7403943492743542,0.0,0.0,2.0228037894795032,0.695375533684818,-0.08907813204006149,0.0025062883685691884,0.6274727228874616,0.0,0.0,-0.18883526138758167,-0.1478411545609663,0.03233386457863968,0.21503270225733578,0.007787652650685986,0.0,0.0,-2.068190955261144,-0.048091281931330075,0.009897963738568716,-0.006492742411293492,nan,nan,nan,nan,nan,nan,nan,1.003603805174332,0.0,0.0,-0.9086054608422339,2.4533151692930018,0.0076528569723467825,-0.052312915834001814,nan,nan,nan,nan,nan,nan,nan,nan,nan,nan,nan,nan,nan,nan,1.0343775317018942,0.0,0.0,0.8201357384037335,2.1162374846711165,-0.04820991102442122,-0.08570585039146278,nan,nan,nan,nan,nan,nan,nan,nan,nan,nan,nan,nan,nan,nan,nan,nan,nan,nan,nan,nan,nan,nan,nan,nan,nan,nan,nan,nan,nan,nan,nan,nan,nan,nan,nan,nan,nan,nan,nan,nan,nan,nan,nan,nan,nan,nan,nan,nan,nan,0.23403697840548132
1791062706.5953958,1.6391897481359592,-0.7510581712283745,2.427757445523263,0.45142374818843806,2.3216576867568435,0.37501153551595967,0.38967451094472677,0.0,0.0,2.019220674351085,0.695567903370177,-0.0368012637318261,0.001551651572788494,0.6627939334709404,0.0,0.0,-0.18526445581603718,-0.12527149829294296,0.0251836489528934,0.21195811377864016,0.0800831999074177,0.0,0.0,-2.0665233442939948,-0.04753768770895162,0.016271847181789457,0.005596296831204484,nan,nan,nan,nan,nan,nan,nan,0.9875942670460158,0.0,0.0,-0.9044776694586756,2.4469039843323537,0.043240096413689776,-0.06691990081639246,nan,nan,nan,nan,nan,nan,nan,nan,nan,nan,nan,nan,nan,nan,0.8422992271367878,0.0,0.0,0.8149372215541264,2.107762421933976,-0.048688496821809986,-0.08077543022015754,nan,nan,nan,nan,nan,nan,nan,nan,nan,nan,nan,nan,nan,nan,nan,nan,nan,nan,nan,nan,nan,nan,nan,nan,nan,nan,nan,nan,nan,nan,nan,nan,nan,nan,nan,nan,nan,nan,nan,nan,nan,nan,nan,nan,nan,nan,nan,nan,nan,0.260781708108837
1791062706.6956627,1.6214181493528745,-0.7344976945751849,2.432822551185317,0.4829344623249556,2.3326937531215703,0.37909120173495775,0.578628493652462,0.0,0.0,2.0144706221422797,0.6956872074607617,-0.047597008752743926,0.00046842005446258786,0.7322416158118432,0.0,0.0,-0.18177216360776208,-0.10268289298206092,0.03296308348540407,0.2193477071289674,0.030555686177582343,0.0,0.0,-2.064339833621924,-0.0464502168867186,0.027708623377650208,0.02585851440279925,nan,nan,nan,nan,nan,nan,nan,1.0401956109183355,0.0,0.0,-0.901031927370827,2.440816980833708,0.038543269704134936,-0.06633916885135058,nan,nan,nan,nan,nan,nan,nan,nan,nan,nan,nan,nan,nan,nan,1.049698215728074,0.0,0.0,0.8098110957026862,2.0990681079809237,-0.05434319144469399,-0.08399423516823289,nan,nan,nan,nan,nan,nan,nan,nan,nan,nan,nan,nan,nan,nan,nan,nan,nan,nan,nan,nan,nan,nan,nan,nan,nan,nan,nan,nan,nan,nan,nan,nan,nan,nan,nan,nan,nan,nan,nan,nan,nan,nan,nan,nan,nan,nan,nan,nan,nan,0.2507292882136886
1791062706.7956536,1.6030587694588885,-0.7185918301362173,2.4326973033616643,0.5101266826265632,2.3480494011826196,0.3820979215756004,0.6008568508229208,0.0,0.0,2.0106323321136377,0.695644947631612,-0.05632697726319394,0.0034631650462367504,0.5326076981757003,0.0,0.0,-0.1781481096416699,-0.08095998462030238,0.0361809827014883,0.2406638766369757,0.012830922785550232,0.0,0.0,-2.062574055076709,-0.04593827815868135,0.01977650244278542,0.006440179255492959,nan,nan,nan,nan,nan,nan,nan,1.051151589637236,0.0,0.0,-0.8974027790104111,2.435184588345813,0.047003582126586965,-0.07200494543542395,nan,nan,nan,nan,nan,nan,nan,nan,nan,nan,nan,nan,nan,nan,1.0313728975741954,0.0,0.0,0.8054066871113985,2.091332950062178,-0.044975574702102415,-0.08091896088642322,nan,nan,nan,nan,nan,nan,nan,nan,nan,nan,nan,nan,nan,nan,nan,nan,nan,nan,nan,nan,nan,nan,nan,nan,nan,nan,nan,nan,nan,nan,nan,nan,nan,nan,nan,nan,nan,nan,nan,nan,nan,nan,nan,nan,nan,nan,nan,nan,nan,0.24301993668732896
1791062706.8969266,1.5846530748281544,-0.7025438648660867,2.4316454553634874,0.5293976252600338,2.366408759424507,0.3839743586407344,0.5591994082956558,0.0,0.0,2.0059953617976394,0.6960113517933774,-0.03342743271917406,0.0012915465890106957,0.5703361349444668,0.0,0.0,-0.17427047470724508,-0.05825412963105973,0.041308053010000303,0.23392404017053198,0.008567235084502462,0.0,0.0,-2.0611729942398296,-0.04595604514066306,0.013865312489748798,0.0022915730725637643,nan,nan,nan,nan,nan,nan,nan,1.0518071208232118,0.0,0.0,-0.8927545654557012,2.4271139402554156,0.03821567152367296,-0.05845773018153978,nan,nan,nan,nan,nan,nan,nan,nan,nan,nan,nan,nan,nan,nan,0.997313901202,0.0,0.0,0.8009341571418147,2.084355111426256,-0.0338301756892229,-0.07512553029835535,nan,nan,nan,nan,nan,nan,nan,nan,nan,nan,nan,nan,nan,nan,nan,nan,nan,nan,nan,nan,nan,nan,nan,nan,nan,nan,nan,nan,nan,nan,nan,nan,nan,nan,nan,nan,nan,nan,nan,nan,nan,nan,nan,nan,nan,nan,nan,nan,nan,0.24034386215566805
1791062706.9959977,1.5655137937097894,-0.6868446615889795,2.425115505865444,0.49939195724369284,2.3817723998886535,0.38096361535308837,0.2895127676386024,0.0,0.0,2.004905489826734,0.6961943690660685,-0.01870359837943671,0.0033116879424591244,0.4806316838885264,0.0,0.0,-0.17056762918376803,-0.03513617631056286,0.03969693096552912,0.22358946103161043,0.37665657910775086,0.0,0.0,-2.058637669093702,-0.04473016387187923,0.02421835236686617,0.007175742436357387,nan,nan,nan,nan,nan,nan,nan,0.6933702459609995,0.0,0.0,-0.8895607307186819,2.4219042102886053,0.042045935347046454,-0.06296965270994459,nan,nan,nan,nan,nan,nan,nan,nan,nan,nan,nan,nan,nan,nan,0.44455214524684805,0.0,0.0,0.7967283592660994,2.0774637182791804,-0.04273915467716495,-0.06272163089260865,nan,nan,nan,nan,nan,nan,nan,nan,nan,nan,nan,nan,nan,nan,nan,nan,nan,nan,nan,nan,nan,nan,nan,nan,nan,nan,nan,nan,nan,nan,nan,nan,nan,nan,nan,nan,nan,nan,nan,nan,nan,nan,nan,nan,nan,nan,nan,nan,nan,0.26046934666829125
1791062707.0953562,1.5471854865456438,-0.6709059333966132,2.424635908198311,0.5150394138728022,2.3944556907258776,0.3825952832754365,0.41327116232431116,0.0,0.0,2.0038871340581323,0.6960581884681131,-0.011261153973980514,0.001994001214738336,0.5626841956236555,0.0,0.0,-0.16693586556787254,-0.0117538777696493,0.03766664110955095,0.2197336097408513,0.09241657669656775,0.0,0.0,-2.0546166030009787,-0.0429595281518946,0.04183332091375169,0.020372277708650705,nan,nan,nan,nan,nan,nan,nan,1.0600855796082658,0.0,0.0,-0.8874549504893748,2.4177403621399494,0.024835627458639056,-0.04148006844838156,nan,nan,nan,nan,nan,nan,nan,nan,nan,nan,nan,nan,nan,nan,0.971656784239559,0.0,0.0,0.7930718089107083,2.0711012497931214,-0.04239983501237332,-0.06821566620611819,nan,nan,nan,nan,nan,nan,nan,nan,nan,nan,nan,nan,nan,nan,nan,nan,nan,nan,nan,nan,nan,nan,nan,nan,nan,nan,nan,nan,nan,nan,nan,nan,nan,nan,nan,nan,nan,nan,nan,nan,nan,nan,nan,nan,nan,nan,nan,nan,nan,0.23175571492706157
1791062707.195725,1.5283095752251934,-0.6554224728089373,2.418596642344937,0.4855926933835708,2.404478759435302,0.37940500492413237,0.2711060526662171,0.0,0.0,2.003265601739934,0.6959397714528844,-0.011588601232858606,0.0003886606714743728,0.38213717082597876,0.0,0.0,-0.163220411161413,0.01136917400054119,0.033591886139764965,0.22077201328845886,0.5971294229010675,0.0,0.0,-2.052273211855911,-0.042513840513372744,0.02361688290440253,0.0064290935853477645,nan,nan,nan,nan,nan,nan,nan,0.3627511794322434,0.0,0.0,-0.8846742340765085,2.4136358191602114,0.06098199374919187,-0.05724672426005692,nan,nan,nan,nan,nan,nan,nan,nan,nan,nan,nan,nan,nan,nan,0.2389689399055531,0.0,0.0,0.7893289938045946,2.0652552110258813,-0.03252646052833627,-0.05432939305118566,nan,nan,nan,nan,nan,nan,nan,nan,nan,nan,nan,nan,nan,nan,nan,nan,nan,nan,nan,nan,nan,nan,nan,nan,nan,nan,nan,nan,nan,nan,nan,nan,nan,nan,nan,nan,nan,nan,nan,nan,nan,nan,nan,nan,nan,nan,nan,nan,nan,0.24663898203986342
1791062707.295368,1.510338640136753,-0.6387694561652386,2.427809647949197,0.49097012696617404,2.411379265853191,0.3800262375512402,0.453796036458987,0.0,0.0,2.0007571361479672,0.6959617647656507,-0.01974818631223995,-0.00035220916349997525,0.6619361730104208,0.0,0.0,-0.1595792859205531,0.03442290151189241,0.03320768246628441,0.22523740310108592,0.02293403445561785,0.0,0.0,-2.0494414297273984,-0.041277981268758174,0.02651787999451386,0.009111342256584387,nan,nan,nan,nan,nan,nan,nan,1.059447819618997,0.0,0.0,-0.8831501116856558,2.411069616100875,0.01594560319494448,-0.02872036342052377,nan,nan,nan,nan,nan,nan,nan,nan,nan,nan,nan,nan,nan,nan,0.9324349387458329,0.0,0.0,0.7861101799379722,2.059520504128369,-0.03440888427492134,-0.05763118697396072,nan,nan,nan,nan,nan,nan,nan,nan,nan,nan,nan,nan,nan,nan,nan,nan,nan,nan,nan,nan,nan,nan,nan,nan,nan,nan,nan,nan,nan,nan,nan,nan,nan,nan,nan,nan,nan,nan,nan,nan,nan,nan,nan,nan,nan,nan,nan,nan,nan,0.2516248322086164
1791062707.3956804,1.492243066093563,-0.6228248535671684,2.4310716809562436,0.4709197362354537,2.416199519150835,0.3776157259048525,0.35273696951909844,0.0,0.0,1.9979435577392106,0.6959414740128018,-0.0350933134765225,0.001245811056943479,0.37590701708730695,0.0,0.0,-0.15595268515752278,0.05710358863911039,0.03436555093785947,0.23235662977911997,0.42800873639512893,0.0,0.0,-2.0456857585890798,-0.039817189178217235,0.03956458684997499,0.02472333799967824,nan,nan,nan,nan,nan,nan,nan,0.8364447134237033,0.0,0.0,-0.8814998917643024,2.4079772477293777,0.016544568621944172,-0.030069022572077247,nan,nan,nan,nan,nan,nan,nan,nan,nan,nan,nan,nan,nan,nan,0.5608781604113424,0.0,0.0,0.7828439634705044,2.0545447847428693,-0.034604639630600134,-0.048006713961707685,nan,nan,nan,nan,nan,nan,nan,nan,nan,nan,nan,nan,nan,nan,nan,nan,nan,nan,nan,nan,nan,nan,nan,nan,nan,nan,nan,nan,nan,nan,nan,nan,nan,nan,nan,nan,nan,nan,nan,nan,nan,nan,nan,nan,nan,nan,nan,nan,nan,0.22916087238952554
1791062707.4958534,1.4743846782181491,-0.6066086502732837,2.435043532080373,0.46485447249951833,2.4182406508531944,0.37683416912344647,0.3982415282593222,0.0,0.0,1.995021972961453,0.6963628377854876,-0.02472909094924693,0.012763331577048571,0.5254270314075786,0.0,0.0,-0.15239912090104113,0.08000177361288846,0.031107757502519172,0.23942798214536218,0.031235904766027528,0.0,0.0,-2.044081300025906,-0.03913991943585837,0.015706497619893324,0.0056680122204179955,nan,nan,nan,nan,nan,nan,nan,1.0173093920926957,0.0,0.0,-0.8801252989346264,2.4053118127881983,0.02455270858439858,-0.02377850601914687,nan,nan,nan,nan,nan,nan,nan,nan,nan,nan,nan,nan,nan,nan,0.7969068419193823,0.0,0.0,0.7801388573522501,2.0496671008115044,-0.029843670919718856,-0.0522482744203237,nan,nan,nan,nan,nan,nan,nan,nan,nan,nan,nan,nan,nan,nan,nan,nan,nan,nan,nan,nan,nan,nan,nan,nan,nan,nan,nan,nan,nan,nan,nan,nan,nan,nan,nan,nan,nan,nan,nan,nan,nan,nan,nan,nan,nan,nan,nan,nan,nan,0.2521414206922435
1791062707.5972548,1.4565061947218183,-0.5909102028032267,2.4385353533751335,0.4518710273328333,2.4183913357111377,0.37507433328297496,0.37014937953359495,0.0,0.0,1.991796645478289,0.6963674468655955,-0.03465114775892676,0.0012539051449486675,0.38667145913602385,0.0,0.0,-0.14858081810260707,0.10284920815128396,0.03736988303965366,0.24306917895008232,0.2697636024741264,0.0,0.0,-2.042057016314755,-0.03834739734991198,0.027196457095911227,0.026046924867040813,nan,nan,nan,nan,nan,nan,nan,0.9457359550797184,0.0,0.0,-0.8775497914739158,2.4018409487104857,0.03594921614448192,-0.055921499393380036,nan,nan,nan,nan,nan,nan,nan,nan,nan,nan,nan,nan,nan,nan,0.6247343790091442,0.0,0.0,0.7770089762869222,2.0448432360074453,-0.03436843577821463,-0.04872894720031461,nan,nan,nan,nan,nan,nan,nan,nan,nan,nan,nan,nan,nan,nan,nan,nan,nan,nan,nan,nan,nan,nan,nan,nan,nan,nan,nan,nan,nan,nan,nan,nan,nan,nan,nan,nan,nan,nan,nan,nan,nan,nan,nan,nan,nan,nan,nan,nan,nan,0.23644767384396723
1791062707.695733,1.4386096766467569,-0.5751838994791895,2.439971044064173,0.46754312248094076,2.4188465226778897,0.3771837342305749,0.340357198620691,0.0,0.0,1.9885133798741965,0.6962346141583469,-0.0343239926934296,-0.0011375033892489612,0.36546453527888606,0.0,0.0,-0.14483352258603213,0.12585700510765635,0.04443459647965777,0.23204120030420725,0.32069864789740227,0.0,0.0,-2.0397999689924378,-0.037538976617238554,0.022426510828032077,0.012145967280923244,nan,nan,nan,nan,nan,nan,nan,0.668130767761852,0.0,0.0,-0.873588835900106,2.39541080273111,0.10427821767013916,-0.09023759845639348,nan,nan,nan,nan,nan,nan,nan,nan,nan,nan,nan,nan,nan,nan,0.4730127039683221,0.0,0.0,0.7743014619416099,2.0401047922040974,-0.03038539830212958,-0.0499423570100929,nan,nan,nan,nan,nan,nan,nan,nan,nan,nan,nan,nan,nan,nan,nan,nan,nan,nan,nan,nan,nan,nan,nan,nan,nan,nan,nan,nan,nan,nan,nan,nan,nan,nan,nan,nan,nan,nan,nan,nan,nan,nan,nan,nan,nan,nan,nan,nan,nan,0.22524226401414493
1791062707.7954457,1.420705850633765,-0.5591833497460417,2.4467765710359806,0.4546100938636046,2.4194141260334296,0.3754556936190004,0.3965657789389971,0.0,0.0,1.9847816099484061,0.6962891889766625,-0.04181401410458353,0.0006637980172667267,0.5084454845083155,0.0,0.0,-0.14103267962265423,0.14882005923622812,0.042599654080165694,0.22299756827384987,0.2648928326046441,0.0,0.0,-2.0371695501375875,-0.03673901959758955,0.037151148548040906,0.02816202644127551,nan,nan,nan,nan,nan,nan,nan,1.0206597219778648,0.0,0.0,-0.8704553331013872,2.3892415252729506,0.03291102062240111,-0.06619244140725822,nan,nan,nan,nan,nan,nan,nan,nan,nan,nan,nan,nan,nan,nan,0.5989434248751025,0.0,0.0,0.7716362140894317,2.0354560940811295,-0.0278896847750812,-0.042121883816033545,nan,nan,nan,nan,nan,nan,nan,nan,nan,nan,nan,nan,nan,nan,nan,nan,nan,nan,nan,nan,nan,nan,nan,nan,nan,nan,nan,nan,nan,nan,nan,nan,nan,nan,nan,nan,nan,nan,nan,nan,nan,nan,nan,nan,nan,nan,nan,nan,nan,0.23973033487205858
1791062707.8957055,1.4025374621964013,-0.5437156499839711,2.4497615255331615,0.4292805392274969,2.4166145884710177,0.37171204103308875,0.30723343373984324,0.0,0.0,1.9807540943568664,0.6966157697071703,-0.0415147198067655,0.003072419365746106,0.30931792861923607,0.0,0.0,-0.136948805025091,0.1721788918237947,0.03976084481455627,0.2254311757851696,0.9545455345642495,0.0,0.0,-2.033596458312132,-0.035586729976040454,0.056282981186941,0.032302295684258804,nan,nan,nan,nan,nan,nan,nan,0.5058553135719434,0.0,0.0,-0.8663019242718657,2.3830183141088055,0.03935349199614864,-0.05805385470898007,nan,nan,nan,nan,nan,nan,nan,nan,nan,nan,nan,nan,nan,nan,0.18373927034138288,0.0,0.0,0.7688785318202737,2.0314225021066012,-0.021992937034854727,-0.04049859118437346,nan,nan,nan,nan,nan,nan,nan,nan,nan,nan,nan,nan,nan,nan,nan,nan,nan,nan,nan,nan,nan,nan,nan,nan,nan,nan,nan,nan,nan,nan,nan,nan,nan,nan,nan,nan,nan,nan,nan,nan,nan,nan,nan,nan,nan,nan,nan,nan,nan,0.21824320294389601
1791062707.9957223,1.3853370524748332,-0.5288385102053497,2.4397038715470147,0.46728171015149433,2.415346767994309,0.37714996535502066,0.4220360812365505,0.0,0.0,1.976982242562309,0.6966411075166835,-0.038712839229865445,-0.0036937395674143123,0.18819133746311037,0.0,0.0,-0.13293658742359823,0.19574246845807505,0.02994539705435839,0.24495291184505935,0.662685279841169,0.0,0.0,-2.0288702599509914,-0.03361798829142336,0.06105634474125546,0.03140058929525408,nan,nan,nan,nan,nan,nan,nan,1.0087373121608416,0.0,0.0,-0.8632296515871174,2.377684440804423,0.028255035888878996,-0.05177183230650359,nan,nan,nan,nan,nan,nan,nan,nan,nan,nan,nan,nan,nan,nan,0.6748841187834581,0.0,0.0,0.7669651723735452,2.0273222914651012,-0.021744330308243322,-0.04153340277930218,nan,nan,nan,nan,nan,nan,nan,nan,nan,nan,nan,nan,nan,nan,nan,nan,nan,nan,nan,nan,nan,nan,nan,nan,nan,nan,nan,nan,nan,nan,nan,nan,nan,nan,nan,nan,nan,nan,nan,nan,nan,nan,nan,nan,nan,nan,nan,nan,nan,0.16574216309089834
1791062708.0957227,1.3670800194380726,-0.5138256733950752,2.4477076835408464,0.45226545565262594,2.416014149686873,0.3751295885472353,0.3873097105244928,0.0,0.0,1.9730780804010966,0.6965919543673088,-0.04226411119313969,3.2963187168317624e-05,0.36291517451880606,0.0,0.0,-0.12862737448489203,0.21885191348656483,0.035788558157228305,0.23166048588023466,0.11665786047964417,0.0,0.0,-2.0246166924089164,-0.03246070471212929,0.04160996367953691,-0.016473233742835092,nan,nan,nan,nan,nan,nan,nan,0.9514938308940439,0.0,0.0,-0.8604310991684342,2.372729455684929,0.03316531067598131,-0.05312490866293924,nan,nan,nan,nan,nan,nan,nan,nan,nan,nan,nan,nan,nan,nan,0.5494994948938837,0.0,0.0,0.7643440356192606,2.023571207636553,-0.034099205051150536,-0.028476945698407134,nan,nan,nan,nan,nan,nan,nan,nan,nan,nan,nan,nan,nan,nan,nan,nan,nan,nan,nan,nan,nan,nan,nan,nan,nan,nan,nan,nan,nan,nan,nan,nan,nan,nan,nan,nan,nan,nan,nan,nan,nan,nan,nan,nan,nan,nan,nan,nan,nan,0.2173616298904357
1791062708.1957476,1.3511020233040685,-0.5000967086740462,2.451035858215979,0.4338664661287227,2.41374145570493,0.37242686610200604,0.3308007975555286,0.0,0.0,1.9696427129289746,0.6969713312502195,-0.0286560558038416,0.015454176278385398,0.3556181900194684,0.0,0.0,-0.12467799585187368,0.24175792751846475,0.033433325457433015,0.2390841764813576,0.42642527361302046,0.0,0.0,-2.019831539070201,-0.030280175062265907,0.04803194951452487,0.015149294997476366,nan,nan,nan,nan,nan,nan,nan,0.8750188641370907,0.0,0.0,-0.8563561357354277,2.3662650664039258,0.03692022397039624,-0.06225367393737076,nan,nan,nan,nan,nan,nan,nan,nan,nan,nan,nan,nan,nan,nan,0.41204167594883884,0.0,0.0,0.7620245658868416,2.019297605478647,-0.023394780375672282,-0.04239713539064867,nan,nan,nan,nan,nan,nan,nan,nan,nan,nan,nan,nan,nan,nan,nan,nan,nan,nan,nan,nan,nan,nan,nan,nan,nan,nan,nan,nan,nan,nan,nan,nan,nan,nan,nan,nan,nan,nan,nan,nan,nan,nan,nan,nan,nan,nan,nan,nan,nan,0.23094102659971197
1791062708.295408,1.332443508208955,-0.4846314959001878,2.4475722420973165,0.4186196804299047,2.4089108101541497,0.3699836916544341,0.3437560631577886,0.0,0.0,1.966127904496992,0.6968843172835882,-0.03491448671853836,-0.0019131552887728107,0.3593344714758671,0.0,0.0,-0.12052027319307834,0.26464961004328547,0.0430695095317597,0.24122793550905314,0.5395129601933512,0.0,0.0,-2.0156863607175572,-0.028492048815469934,0.046898185133590134,0.02176379026337893,nan,nan,nan,nan,nan,nan,nan,0.8415867840727461,0.0,0.0,-0.8524861289811306,2.3601425520661095,0.04354422650751184,-0.07088325344296631,nan,nan,nan,nan,nan,nan,nan,nan,nan,nan,nan,nan,nan,nan,0.31346934190444203,0.0,0.0,0.7595383896686083,2.0147783107415047,-0.020242678874839014,-0.03463718588746649,nan,nan,nan,nan,nan,nan,nan,nan,nan,nan,nan,nan,nan,nan,nan,nan,nan,nan,nan,nan,nan,nan,nan,nan,nan,nan,nan,nan,nan,nan,nan,nan,nan,nan,nan,nan,nan,nan,nan,nan,nan,nan,nan,nan,nan,nan,nan,nan,nan,0.23282171780014946
1791062708.3954053,1.313930369123323,-0.468965918036413,2.4475717809998954,0.41865263893076055,2.4033550444314185,0.3699891815245729,0.32143340270742343,0.0,0.0,1.9630240422809722,0.696834891191425,-0.03203794340943554,-0.0003569996552551292,0.31176260208455164,0.0,0.0,-0.11648006394454286,0.2876800136180821,0.04518358633934279,0.23594570295216832,0.7795769657422799,0.0,0.0,-2.01154482821191,-0.027185478804071714,0.039374012120663424,0.014916753659947884,nan,nan,nan,nan,nan,nan,nan,0.519957671346797,0.0,0.0,-0.8484933611848879,2.3531605811704184,0.08548722037542317,-0.09338948692453836,nan,nan,nan,nan,nan,nan,nan,nan,nan,nan,nan,nan,nan,nan,0.20334797613068803,0.0,0.0,0.7564345404017406,2.0102382540830175,-0.027007082722430936,-0.04308498643814692,nan,nan,nan,nan,nan,nan,nan,nan,nan,nan,nan,nan,nan,nan,nan,nan,nan,nan,nan,nan,nan,nan,nan,nan,nan,nan,nan,nan,nan,nan,nan,nan,nan,nan,nan,nan,nan,nan,nan,nan,nan,nan,nan,nan,nan,nan,nan,nan,nan,0.22411444951036724
1791062708.4953597,1.2953869004452943,-0.4534342808847898,2.447631497949305,0.4310656634460276,2.3993622953088463,0.37199230775959014,0.3595703465169758,0.0,0.0,1.9597246811024918,0.6968322653842198,-0.0315733113075171,0.0005100761651571657,0.4724111623031613,0.0,0.0,-0.11243218282398704,0.31071155153539387,0.048723573798751266,0.22877313903087262,0.757383476395337,0.0,0.0,-2.0084850398217777,-0.025788066528918567,0.06269505120576385,0.06189810051832786,nan,nan,nan,nan,nan,nan,nan,0.985421300364424,0.0,0.0,-0.8434233949302716,2.34478410148771,0.05984661649280449,-0.09985861961015992,nan,nan,nan,nan,nan,nan,nan,nan,nan,nan,nan,nan,nan,nan,0.5106563868870593,0.0,0.0,0.7541028251835241,2.0057809657368253,-0.027218519863815134,-0.04547446316986488,nan,nan,nan,nan,nan,nan,nan,nan,nan,nan,nan,nan,nan,nan,nan,nan,nan,nan,nan,nan,nan,nan,nan,nan,nan,nan,nan,nan,nan,nan,nan,nan,nan,nan,nan,nan,nan,nan,nan,nan,nan,nan,nan,nan,nan,nan,nan,nan,nan,0.24434713575127642
1791062708.59536,1.2769508711027746,-0.43792922344886015,2.443517024281047,0.44338151011895993,2.3977783120830405,0.37385693054788754,0.34479145647208176,0.0,0.0,1.956685928117894,0.6970270457561499,-0.02990833282414216,0.002030807033023852,0.4774009147089243,0.0,0.0,-0.10817880638860512,0.33401052896175515,0.04426192774660227,0.2205097949606909,0.5668646422796241,0.0,0.0,-2.005908172486967,-0.02474993383558639,0.03216433878296743,0.041733200618554976,nan,nan,nan,nan,nan,nan,nan,0.9496330642029494,0.0,0.0,-0.8380548615035665,2.33569094600988,0.05804491908866307,-0.10417604273315041,nan,nan,nan,nan,nan,nan,nan,nan,nan,nan,nan,nan,nan,nan,0.3888654878453855,0.0,0.0,0.7513939473643912,2.001803591521607,-0.02721035137372693,-0.03855385155048281,nan,nan,nan,nan,nan,nan,nan,nan,nan,nan,nan,nan,nan,nan,nan,nan,nan,nan,nan,nan,nan,nan,nan,nan,nan,nan,nan,nan,nan,nan,nan,nan,nan,nan,nan,nan,nan,nan,nan,nan,nan,nan,nan,nan,nan,nan,nan,nan,nan,0.2469347163405956
1791062708.6957412,1.2583335682611387,-0.42248632410496406,2.4405257805232146,0.4616551665303355,2.3989555565022718,0.3764116630279471,0.3588428496872286,0.0,0.0,1.9538434990435842,0.6971695915219025,-0.02529744468706238,-0.0009301054955263927,0.461422656749949,0.0,0.0,-0.1038555260664547,0.35763160500418106,0.032808089718386425,0.23616559499966072,0.21067505472717926,0.0,0.0,-2.0026046550301784,-0.023693386865346194,0.03638419913371933,0.011944732475242843,nan,nan,nan,nan,nan,nan,nan,0.9841777676225418,0.0,0.0,-0.8301469378508346,2.3244351778833945,0.07014115197417227,-0.10574038456339416,nan,nan,nan,nan,nan,nan,nan,nan,nan,nan,nan,nan,nan,nan,0.48223723343560915,0.0,0.0,0.7490146726170492,1.9977426672856289,-0.02352500652666986,-0.04007503917818472,nan,nan,nan,nan,nan,nan,nan,nan,nan,nan,nan,nan,nan,nan,nan,nan,nan,nan,nan,nan,nan,nan,nan,nan,nan,nan,nan,nan,nan,nan,nan,nan,nan,nan,nan,nan,nan,nan,nan,nan,nan,nan,nan,nan,nan,nan,nan,nan,nan,0.25274797518910597
1791062708.795717,1.2397875654792996,-0.4066798084570914,2.4391368250223744,0.4985294987907669,2.404990055237128,0.380869574975915,0.36316883334853306,0.0,0.0,1.9510323196635915,0.69716816140764,-0.028145510468800726,0.0002948016522046166,0.5043554443225903,0.0,0.0,-0.09898301032497273,0.38069631403034554,0.03754931327033441,0.22920019885567716,0.3483720823748697,0.0,0.0,-1.9989047871104848,-0.02243561496644479,0.04369569261063945,0.03445772326793043,nan,nan,nan,nan,nan,nan,nan,1.032038842082379,0.0,0.0,-0.8225272181200147,2.3114416469236514,0.08067964262482266,-0.13799983296529447,nan,nan,nan,nan,nan,nan,nan,nan,nan,nan,nan,nan,nan,nan,0.5269165018218313,0.0,0.0,0.7465100306521485,1.9933959208092857,-0.027655128475407763,-0.040252417092447354,nan,nan,nan,nan,nan,nan,nan,nan,nan,nan,nan,nan,nan,nan,nan,nan,nan,nan,nan,nan,nan,nan,nan,nan,nan,nan,nan,nan,nan,nan,nan,nan,nan,nan,nan,nan,nan,nan,nan,nan,nan,nan,nan,nan,nan,nan,nan,nan,nan,0.25452043155114107
1791062708.8957305,1.2213053042631998,-0.3908937702395757,2.4346281912119023,0.5304918039678324,2.4169508269743467,0.38407504861377295,0.3655682066442245,0.0,0.0,1.9481534390033706,0.6971074619215366,-0.02897289933693127,0.000700300714287736,0.5304872842305205,0.0,0.0,-0.09461859481536349,0.4040164183510084,0.034732667562398706,0.24101726641826238,0.1610504452604744,0.0,0.0,-1.995545099696664,-0.02117852344498533,0.035444132474180934,0.013617102295960226,nan,nan,nan,nan,nan,nan,nan,1.040928835928335,0.0,0.0,-0.8141677803005205,2.2971199882725624,0.08109962811423291,-0.14353878481940918,nan,nan,nan,nan,nan,nan,nan,nan,nan,nan,nan,nan,nan,nan,0.5084526969126675,0.0,0.0,0.7438497094392794,1.9895284680991208,-0.025467479240028616,-0.03751264678682065,nan,nan,nan,nan,nan,nan,nan,nan,nan,nan,nan,nan,nan,nan,nan,nan,nan,nan,nan,nan,nan,nan,nan,nan,nan,nan,nan,nan,nan,nan,nan,nan,nan,nan,nan,nan,nan,nan,nan,nan,nan,nan,nan,nan,nan,nan,nan,nan,nan,0.27502284336037003
1791062708.9956763,1.2028331786025055,-0.37517010595863187,2.4354992464045764,0.509508777878634,2.4286710892807926,0.38203441421847484,0.3778828088469286,0.0,0.0,1.9452746311856433,0.6971472975330946,-0.028264097084641816,0.002021586692621381,0.4769459101283243,0.0,0.0,-0.09047156014482935,0.4271868210101665,0.022351306725345223,0.23671501688672023,0.24153120125835753,0.0,0.0,-1.9910036869069476,-0.019589006902887344,0.04922890607821242,0.03172130211087982,nan,nan,nan,nan,nan,nan,nan,0.9133987830972765,0.0,0.0,-0.8094103283902152,2.2871112659632042,-0.0939616064198552,0.023445381696554274,nan,nan,nan,nan,nan,nan,nan,nan,nan,nan,nan,nan,nan,nan,0.6214128349705308,0.0,0.0,0.74165085535052,1.9854329684509857,-0.023476652845231087,-0.04201393902489254,nan,nan,nan,nan,nan,nan,nan,nan,nan,nan,nan,nan,nan,nan,nan,nan,nan,nan,nan,nan,nan,nan,nan,nan,nan,nan,nan,nan,nan,nan,nan,nan,nan,nan,nan,nan,nan,nan,nan,nan,nan,nan,nan,nan,nan,nan,nan,nan,nan,0.2506313799341293
1791062709.0956912,1.1842909485146484,-0.35972820353368334,2.4308292102794007,0.5469613560068177,2.4411291788163307,0.38551921078675405,0.37942540172680383,0.0,0.0,1.9424805884547025,0.6974087457967948,-0.032317715357677114,-0.008641579499111332,0.4527530780515201,0.0,0.0,-0.08573873988117044,0.4501891392860609,0.0472262186377174,0.2373680815342414,0.24132374170762505,0.0,0.0,-1.9858312169157488,-0.017835227887190948,0.059454253319779944,0.012831737509892662,nan,nan,nan,nan,nan,nan,nan,1.0204514494998813,0.0,0.0,-0.8013285869939528,2.27601079364437,0.10228997456523128,-0.14127236170747567,nan,nan,nan,nan,nan,nan,nan,nan,nan,nan,nan,nan,nan,nan,0.5712378018704461,0.0,0.0,0.7391940564062914,1.9815005454464096,-0.02483507762492428,-0.03851178958211061,nan,nan,nan,nan,nan,nan,nan,nan,nan,nan,nan,nan,nan,nan,nan,nan,nan,nan,nan,nan,nan,nan,nan,nan,nan,nan,nan,nan,nan,nan,nan,nan,nan,nan,nan,nan,nan,nan,nan,nan,nan,nan,nan,nan,nan,nan,nan,nan,nan,0.24000531394141272
1791062709.1956947,1.1660672958597764,-0.3433639667883482,2.433851028931734,0.5833939279514094,2.4600935099808057,0.38827924483171367,0.37881361458321494,0.0,0.0,1.9397904576131797,0.6974590379982464,-0.02839258402234637,-0.000260728818786231,0.5142661178493445,0.0,0.0,-0.08139899285879684,0.47312489293459836,0.04853092766472084,0.2326996663642421,0.012136970255721123,0.0,0.0,-1.9811972355608392,-0.016613133080266133,0.012563165925029549,-0.059669469257213045,nan,nan,nan,nan,nan,nan,nan,1.0607757916059848,0.0,0.0,-0.792284176767008,2.2604768492335365,0.08535844866059641,-0.1581831938664198,nan,nan,nan,nan,nan,nan,nan,nan,nan,nan,nan,nan,nan,nan,0.6101540190223176,0.0,0.0,0.7368079944612796,1.977857370343482,-0.022420310616937673,-0.037380359573286455,nan,nan,nan,nan,nan,nan,nan,nan,nan,nan,nan,nan,nan,nan,nan,nan,nan,nan,nan,nan,nan,nan,nan,nan,nan,nan,nan,nan,nan,nan,nan,nan,nan,nan,nan,nan,nan,nan,nan,nan,nan,nan,nan,nan,nan,nan,nan,nan,nan,0.24875724008440925
1791062709.2957072,1.1478393397211502,-0.3279068017010459,2.4299284819657605,0.6148483707174682,2.484756613746422,0.39024590837895246,0.36489854335286026,0.0,0.0,1.9370753555975935,0.6973970647792621,-0.026484228673379098,-2.0461057887285913e-05,0.489578308904616,0.0,0.0,-0.07751714346007467,0.49586454441858613,0.053435183996019514,0.22336719255422294,0.9536813452637619,0.0,0.0,-1.9740114651331935,-0.013700441668947027,0.09420214883761845,0.09348414890719149,nan,nan,nan,nan,nan,nan,nan,1.0481806565366418,0.0,0.0,-0.7846533597613788,2.2474917353918267,0.0702604803805043,-0.1313370633035707,nan,nan,nan,nan,nan,nan,nan,nan,nan,nan,nan,nan,nan,nan,0.5618380438045112,0.0,0.0,0.7345967330612828,1.9738349267555533,-0.02389791183853312,-0.04172176240990612,nan,nan,nan,nan,nan,nan,nan,nan,nan,nan,nan,nan,nan,nan,nan,nan,nan,nan,nan,nan,nan,nan,nan,nan,nan,nan,nan,nan,nan,nan,nan,nan,nan,nan,nan,nan,nan,nan,nan,nan,nan,nan,nan,nan,nan,nan,nan,nan,nan,0.23681618620997386
1791062709.3957067,1.129887388712841,-0.3118646223803269,2.4301064288957512,0.6433040088389315,2.514064413102931,0.39174525880542677,0.36631824529061113,0.0,0.0,1.9340744774402079,0.6974044595744925,-0.028589247936521536,-0.0016961202157386493,0.4397465584306857,0.0,0.0,-0.0732999116525281,0.5189494431668551,0.0499032415027164,0.23264623283844518,0.2396305734454594,0.0,0.0,-1.967506260220174,-0.010950021191090852,0.06282551049831575,0.0032205962898892203,nan,nan,nan,nan,nan,nan,nan,1.0263443175597,0.0,0.0,-0.7777104785173294,2.2356484991329943,0.08832725407912084,-0.13408000641380108,nan,nan,nan,nan,nan,nan,nan,nan,nan,nan,nan,nan,nan,nan,0.6085008974903361,0.0,0.0,0.7318473869144855,1.9694340875049219,-0.03069046910788417,-0.04347121425540733,nan,nan,nan,nan,nan,nan,nan,nan,nan,nan,nan,nan,nan,nan,nan,nan,nan,nan,nan,nan,nan,nan,nan,nan,nan,nan,nan,nan,nan,nan,nan,nan,nan,nan,nan,nan,nan,nan,nan,nan,nan,nan,nan,nan,nan,nan,nan,nan,nan,0.23097024213279566
1791062709.4960613,1.1115492201956372,-0.29613717822866026,2.4291755786702596,0.6674554644286618,2.5469956295072156,0.3928388773741934,0.35851209539178774,0.0,0.0,1.9313410525101815,0.6976436889491672,-0.029230356074125757,0.0032178935033039583,0.4088334693399701,0.0,0.0,-0.06930636358674756,0.5422656514790439,0.0268949223432644,0.23423538033544047,0.6501818545739652,0.0,0.0,-1.9618030005558917,-0.008731744375644467,0.06307718828720484,0.05133033169690326,nan,nan,nan,nan,nan,nan,nan,0.9934880982630868,0.0,0.0,-0.7705443252941165,2.2234285893585235,0.08976228565663016,-0.12975677200507735,nan,nan,nan,nan,nan,nan,nan,nan,nan,nan,nan,nan,nan,nan,0.5583260589881089,0.0,0.0,0.7291563304857409,1.9648247566600776,-0.028365112251471494,-0.05008634119774324,nan,nan,nan,nan,nan,nan,nan,nan,nan,nan,nan,nan,nan,nan,nan,nan,nan,nan,nan,nan,nan,nan,nan,nan,nan,nan,nan,nan,nan,nan,nan,nan,nan,nan,nan,nan,nan,nan,nan,nan,nan,nan,nan,nan,nan,nan,nan,nan,nan,0.2341012303801447
1791062709.5956583,1.0934498728178397,-0.28014695011333907,2.429919443894064,0.6917482571733874,2.582952307212657,0.3937950885295879,0.3593632037207653,0.0,0.0,1.9289633203889613,0.6977547014877429,-0.0188556421412591,-0.00032159286593879186,0.445179697561426,0.0,0.0,-0.06495417071175184,0.5655946966322073,0.03593600202600686,0.23989782089956949,0.4175849085113932,0.0,0.0,-1.9525808533107865,-0.005737978083824434,0.10386030611953702,0.012152409224798186,nan,nan,nan,nan,nan,nan,nan,1.0178037464009153,0.0,0.0,-0.7604442717994513,2.2061742874542145,0.12579908476970122,-0.17320025385845025,nan,nan,nan,nan,nan,nan,nan,nan,nan,nan,nan,nan,nan,nan,0.5886512974139408,0.0,0.0,0.7262724663290655,1.9599534374297596,-0.029120088587219147,-0.048327719412695785,nan,nan,nan,nan,nan,nan,nan,nan,nan,nan,nan,nan,nan,nan,nan,nan,nan,nan,nan,nan,nan,nan,nan,nan,nan,nan,nan,nan,nan,nan,nan,nan,nan,nan,nan,nan,nan,nan,nan,nan,nan,nan,nan,nan,nan,nan,nan,nan,nan,0.2464299423182862
1791062709.695664,1.0751635184222068,-0.2645203155628135,2.4260114439760523,0.7116968346772753,2.621280662303621,0.39448538911166475,0.35987175582042186,0.0,0.0,1.9265803150003207,0.6977379236511337,-0.02474798718574479,-0.0010824117804278232,0.46737714332385244,0.0,0.0,-0.06083130217449284,0.5888341423268086,0.03594663139275257,0.23054743625687435,0.4884139952856991,0.0,0.0,-1.9441719358307397,-0.002160217778525791,0.08101007126226654,0.03217761664701651,nan,nan,nan,nan,nan,nan,nan,0.9713029003854415,0.0,0.0,-0.7520308503988894,2.1917038331064216,0.12075932900323913,-0.1433749594000312,nan,nan,nan,nan,nan,nan,nan,nan,nan,nan,nan,nan,nan,nan,0.5455367788186736,0.0,0.0,0.7231966329374355,1.9552349930366992,-0.023893366443258676,-0.04761009075269466,nan,nan,nan,nan,nan,nan,nan,nan,nan,nan,nan,nan,nan,nan,nan,nan,nan,nan,nan,nan,nan,nan,nan,nan,nan,nan,nan,nan,nan,nan,nan,nan,nan,nan,nan,nan,nan,nan,nan,nan,nan,nan,nan,nan,nan,nan,nan,nan,nan,0.24619360009594624
1791062709.795755,1.0570958831082022,-0.24842662383429673,2.4270348412605838,0.729207267628494,2.6610215086806868,0.3950285358260884,0.3658152514427743,0.0,0.0,1.9242247324361652,0.6976789849683146,-0.031330089350932296,-0.013007408745939425,0.4394018980138846,0.0,0.0,-0.05686694953499752,0.6121745118657036,0.021417889049268096,0.23452608961058324,0.4505038560802738,0.0,0.0,-1.9367242069751742,0.0002543714505157828,0.07114866266422909,0.033019765519128594,nan,nan,nan,nan,nan,nan,nan,0.9686740304341922,0.0,0.0,-0.7440783801625943,2.1781628732579206,0.10485648232319547,-0.12312854943089802,nan,nan,nan,nan,nan,nan,nan,nan,nan,nan,nan,nan,nan,nan,0.6587773530749007,0.0,0.0,0.7197534526029153,1.9492156922239374,-0.03463961278504747,-0.06024952128442421,nan,nan,nan,nan,nan,nan,nan,nan,nan,nan,nan,nan,nan,nan,nan,nan,nan,nan,nan,nan,nan,nan,nan,nan,nan,nan,nan,nan,nan,nan,nan,nan,nan,nan,nan,nan,nan,nan,nan,nan,nan,nan,nan,nan,nan,nan,nan,nan,nan,0.243947976639442
1791062709.8953993,1.0387256039291044,-0.23245327313466582,2.4251899686010137,0.7407210142529032,2.70096553006206,0.39535653023726125,0.35828153511652916,0.0,0.0,1.9218104975601515,0.6976528777783345,-0.02187981934384723,-0.0006079038336438561,0.48261185718367955,0.0,0.0,-0.052902888453221164,0.6355062620344323,0.04146696872414311,0.22731935314651647,0.36407973847815883,0.0,0.0,-1.930287887896146,0.0022504082304026485,0.06028766231579842,0.01957287547125431,nan,nan,nan,nan,nan,nan,nan,0.9708108010413984,0.0,0.0,-0.7369100366461315,2.1655651679067285,0.07088217093807776,-0.10047234767001406,nan,nan,nan,nan,nan,nan,nan,nan,nan,nan,nan,nan,nan,nan,0.6519329661068424,0.0,0.0,0.7162222381330541,1.9409383017189457,-0.038461896537947945,-0.06852554477690076,nan,nan,nan,nan,nan,nan,nan,nan,nan,nan,nan,nan,nan,nan,nan,nan,nan,nan,nan,nan,nan,nan,nan,nan,nan,nan,nan,nan,nan,nan,nan,nan,nan,nan,nan,nan,nan,nan,nan,nan,nan,nan,nan,nan,nan,nan,nan,nan,nan,0.25114819867473814
1791062709.995362,1.020677030310225,-0.2162224891306939,2.4262297176800023,0.7464915493097045,2.739513817960632,0.3955127780121431,0.3590475404277865,0.0,0.0,1.9195631637962232,0.6977566894095232,-0.021353031825232044,0.0006927668226320711,0.49668625719073195,0.0,0.0,-0.04919759408407756,0.6587175198733835,0.03993191814109259,0.22910441915806706,0.15361879461843994,0.0,0.0,-1.9249993187048848,0.00461992847040547,0.03491950947139473,0.0028884246133275807,nan,nan,nan,nan,nan,nan,nan,1.0376145720360153,0.0,0.0,-0.7313267094986691,2.156047038332896,0.0444019217362414,-0.09625805573212617,nan,nan,nan,nan,nan,nan,nan,nan,nan,nan,nan,nan,nan,nan,0.7503439362890838,0.0,0.0,0.7123512489903879,1.933485061565297,-0.048162289007693586,-0.07055692913877148,nan,nan,nan,nan,nan,nan,nan,nan,nan,nan,nan,nan,nan,nan,nan,nan,nan,nan,nan,nan,nan,nan,nan,nan,nan,nan,nan,nan,nan,nan,nan,nan,nan,nan,nan,nan,nan,nan,nan,nan,nan,nan,nan,nan,nan,nan,nan,nan,nan,0.2538310536357256
1791062710.096336,1.0025421341929943,-0.2003315609060513,2.425168481377214,0.7190411271307044,2.7712081936171127,0.39471998024103894,0.36009562982460547,0.0,0.0,1.917573811271177,0.6979422458180309,-0.0180158413053962,0.0025836887759184742,0.4362283040105784,0.0,0.0,-0.04547295501985505,0.6819801595169508,0.04280217047099976,0.23497085431542641,0.2085264248951634,0.0,0.0,-1.9191184653276234,0.0064257802044288105,0.04862191223594678,-0.009943462423180274,nan,nan,nan,nan,nan,nan,nan,1.0144878880927903,0.0,0.0,-0.7263734935930501,2.1478554804368857,0.012454020649067211,-0.06254226467107485,nan,nan,nan,nan,nan,nan,nan,nan,nan,nan,nan,nan,nan,nan,0.8757695316887563,0.0,0.0,0.7067592732502371,1.9250205529120805,-0.07468119972934946,-0.08888950779270467,nan,nan,nan,nan,nan,nan,nan,nan,nan,nan,nan,nan,nan,nan,nan,nan,nan,nan,nan,nan,nan,nan,nan,nan,nan,nan,nan,nan,nan,nan,nan,nan,nan,nan,nan,nan,nan,nan,nan,nan,nan,nan,nan,nan,nan,nan,nan,nan,nan,0.24057941848429826
1791062710.1956959,0.9845800028037358,-0.1841588765711227,2.42731568162778,0.7056585950833438,2.7943300027122455,0.3942848415300211,0.35855174606734586,0.0,0.0,1.915702363068884,0.6979837439059853,-0.0175921797759316,-0.0005849170086652127,0.43563015405640276,0.0,0.0,-0.04150169241372953,0.7050222075686277,0.04461998585610052,0.23769375736156684,0.3752779647837651,0.0,0.0,-1.912807541919218,0.009215563950409986,0.05455687284442039,0.02691515203153196,nan,nan,nan,nan,nan,nan,nan,0.9554477366130766,0.0,0.0,-0.7235202654150334,2.142476908171076,0.031296173409045044,-0.046884053993941445,nan,nan,nan,nan,nan,nan,nan,nan,nan,nan,nan,nan,nan,nan,0.9290645946681312,0.0,0.0,0.7009691540823262,1.9153379168237064,-0.07388069922905348,-0.10040659091081125,nan,nan,nan,nan,nan,nan,nan,nan,nan,nan,nan,nan,nan,nan,nan,nan,nan,nan,nan,nan,nan,nan,nan,nan,nan,nan,nan,nan,nan,nan,nan,nan,nan,nan,nan,nan,nan,nan,nan,nan,nan,nan,nan,nan,nan,nan,nan,nan,nan,0.23734139512553365
1791062710.2957065,0.966414865017715,-0.16773538188562334,2.4307552021977825,0.6932292330066012,2.8117920012481425,0.3938491361536907,0.358124845216193,0.0,0.0,1.913426078549874,0.6979314851788015,-0.0255440723950702,-0.001202509468180667,0.43967895919239564,0.0,0.0,-0.03776670337581623,0.7283949142232086,0.056216389554303824,0.2481153102046047,0.30055239610853934,0.0,0.0,-1.9071916773703013,0.011200214137256442,0.05385503987472362,0.016293777118263814,nan,nan,nan,nan,nan,nan,nan,0.9636295732867801,0.0,0.0,-0.7210235014821075,2.1375567226693053,0.02061792286551332,-0.040099633325098465,nan,nan,nan,nan,nan,nan,nan,nan,nan,nan,nan,nan,nan,nan,0.9159574322603193,0.0,0.0,0.692447979998308,1.9064059859433085,-0.06807710846300666,-0.11633993821006276,nan,nan,nan,nan,nan,nan,nan,nan,nan,nan,nan,nan,nan,nan,nan,nan,nan,nan,nan,nan,nan,nan,nan,nan,nan,nan,nan,nan,nan,nan,nan,nan,nan,nan,nan,nan,nan,nan,nan,nan,nan,nan,nan,nan,nan,nan,nan,nan,nan,0.2461441262024323
1791062710.3953764,0.9480901667432043,-0.1518101433024657,2.4279725311194564,0.6841346793781848,2.824763588872418,0.39350977095443435,0.3630711104197906,0.0,0.0,1.9112677852534259,0.6978838974833418,-0.02103852775304814,0.0003098461593700651,0.4356912513320754,0.0,0.0,-0.034025413730047964,0.7517380367103125,0.0348598366038273,0.232497292516063,0.3323421850663795,0.0,0.0,-1.9022481756940206,0.012847105663190273,0.03724535808274514,0.01705534987880894,nan,nan,nan,nan,nan,nan,nan,0.7989206994475563,0.0,0.0,-0.717428936593109,2.1321237426646626,0.027808156160573024,-0.023493713747971483,nan,nan,nan,nan,nan,nan,nan,nan,nan,nan,nan,nan,nan,nan,0.9297608472281422,0.0,0.0,0.6853551822826068,1.8947375127753678,-0.07831154195676203,-0.12564400136474912,nan,nan,nan,nan,nan,nan,nan,nan,nan,nan,nan,nan,nan,nan,nan,nan,nan,nan,nan,nan,nan,nan,nan,nan,nan,nan,nan,nan,nan,nan,nan,nan,nan,nan,nan,nan,nan,nan,nan,nan,nan,nan,nan,nan,nan,nan,nan,nan,nan,0.24215269195365255
1791062710.4953442,0.9298204666038742,-0.13563599313677993,2.4252763475943544,0.6809191137824625,2.8349213662619435,0.3933854274317253,0.3610012935768587,0.0,0.0,1.909086724574079,0.6978341452007312,-0.022094093653936907,-0.0009057828015321414,0.4618840381331255,0.0,0.0,-0.030321539963830683,0.7750948182207084,0.04341563005110863,0.22402732697466224,0.23539990334790933,0.0,0.0,-1.8981575767100272,0.014499501121215999,0.03482365582711749,0.005247556516282571,nan,nan,nan,nan,nan,nan,nan,0.9002816966535618,0.0,0.0,-0.7154741914883652,2.1281887604065357,0.01910925028826033,-0.03147591814177801,nan,nan,nan,nan,nan,nan,nan,nan,nan,nan,nan,nan,nan,nan,0.9625803067909646,0.0,0.0,0.6779092380997013,1.88259343276022,-0.08367894751561569,-0.12866644945420225,nan,nan,nan,nan,nan,nan,nan,nan,nan,nan,nan,nan,nan,nan,nan,nan,nan,nan,nan,nan,nan,nan,nan,nan,nan,nan,nan,nan,nan,nan,nan,nan,nan,nan,nan,nan,nan,nan,nan,nan,nan,nan,nan,nan,nan,nan,nan,nan,nan,0.24101365504337616
1791062710.5953557,0.9109828989433852,-0.11997792592641682,2.4151340293050323,0.6760270312682701,2.8430562380945976,0.3931917492862347,0.35989282731141753,0.0,0.0,1.9068506651756918,0.697996407839994,-0.02365615486818551,-1.8955367767852166e-05,0.45958224808647685,0.0,0.0,-0.026866347120610985,0.7982373168844864,0.03468627839135365,0.22023582950761555,0.24216581443621563,0.0,0.0,-1.8947457369713296,0.015517037035557256,0.03406046274145749,0.008217973999096328,nan,nan,nan,nan,nan,nan,nan,0.9300417819912625,0.0,0.0,-0.7134497483808722,2.1252521135997453,0.01618866218556629,-0.03463363351600157,nan,nan,nan,nan,nan,nan,nan,nan,nan,nan,nan,nan,nan,nan,0.9552028170500051,0.0,0.0,0.6704740118526221,1.8707658054239538,-0.08127499438445362,-0.12127074578429364,nan,nan,nan,nan,nan,nan,nan,nan,nan,nan,nan,nan,nan,nan,nan,nan,nan,nan,nan,nan,nan,nan,nan,nan,nan,nan,nan,nan,nan,nan,nan,nan,nan,nan,nan,nan,nan,nan,nan,nan,nan,nan,nan,nan,nan,nan,nan,nan,nan,0.23802118155887347
1791062710.6954377,0.8927577910519239,-0.10372672715247551,2.4137791039792633,0.6724805829054692,2.8493370388747308,0.3930478711873388,0.35968001969953955,0.0,0.0,1.904221892486731,0.6981820711383271,-0.026677139953659827,0.001348496749679592,0.43979536589434526,0.0,0.0,-0.02354086407296782,0.8213300719124443,0.021954492241947766,0.22383133313305908,0.27039433861608486,0.0,0.0,-1.8915839040355158,0.016787670128568574,0.031007511192069424,0.015675384478444247,nan,nan,nan,nan,nan,nan,nan,0.8921198802365404,0.0,0.0,-0.7131013258504664,2.1239916854760508,0.017903643918093026,-0.026535939724578992,nan,nan,nan,nan,nan,nan,nan,nan,nan,nan,nan,nan,nan,nan,0.9295610007863638,0.0,0.0,0.6634930672052208,1.858996303944034,-0.0700588870210528,-0.12524146668448397,nan,nan,nan,nan,nan,nan,nan,nan,nan,nan,nan,nan,nan,nan,nan,nan,nan,nan,nan,nan,nan,nan,nan,nan,nan,nan,nan,nan,nan,nan,nan,nan,nan,nan,nan,nan,nan,nan,nan,nan,nan,nan,nan,nan,nan,nan,nan,nan,nan,0.2358922575322676
1791062710.7963808,0.8746975730574182,-0.08749278583729733,2.4138061157260484,0.6534678487138579,2.852091471341257,0.3922241224103039,0.38043795807609354,0.0,0.0,1.9015953696696133,0.698173452968543,-0.02778132847542183,-8.260024770999575e-05,0.4055348101108998,0.0,0.0,-0.02014900613411249,0.8442430971378103,0.04279354106254246,0.23680972405630396,0.43780375583586284,0.0,0.0,-1.8890058037126813,0.01764979051729871,0.03070205615652564,0.01386511183956139,nan,nan,nan,nan,nan,nan,nan,0.40080403485049765,0.0,0.0,-0.7101803300256836,2.119900702973313,0.038807157410428464,0.009563567290026652,nan,nan,nan,nan,nan,nan,nan,nan,nan,nan,nan,nan,nan,nan,0.8328588189856494,0.0,0.0,0.656577847508482,1.8475065230764176,-0.07114160536386463,-0.10752322354726038,nan,nan,nan,nan,nan,nan,nan,nan,nan,nan,nan,nan,nan,nan,nan,nan,nan,nan,nan,nan,nan,nan,nan,nan,nan,nan,nan,nan,nan,nan,nan,nan,nan,nan,nan,nan,nan,nan,nan,nan,nan,nan,nan,nan,nan,nan,nan,nan,nan,0.2300848349377102
1791062710.8967311,0.8567075007129641,-0.07112467949603694,2.414437511952336,0.6414676327925696,2.850744738415182,0.3916557108685934,0.35595351069520315,0.0,0.0,1.8987900183829673,0.698035491730284,-0.028156795261411037,-0.0015812696262753256,0.42696317485731333,0.0,0.0,-0.016921554804213357,0.867097460291392,0.021736198020765304,0.23917461895526682,0.18019269099674692,0.0,0.0,-1.8865184871513858,0.01880155477612653,0.024589011014216816,0.007337057729751113,nan,nan,nan,nan,nan,nan,nan,0.9580721698606844,0.0,0.0,-0.7086284698599421,2.117362384691962,-0.01725007828253437,-0.0022627287956020446,nan,nan,nan,nan,nan,nan,nan,nan,nan,nan,nan,nan,nan,nan,0.9055271089052487,0.0,0.0,0.650128322329821,1.8362316644376966,-0.06661031872840753,-0.10716761427219092,nan,nan,nan,nan,nan,nan,nan,nan,nan,nan,nan,nan,nan,nan,nan,nan,nan,nan,nan,nan,nan,nan,nan,nan,nan,nan,nan,nan,nan,nan,nan,nan,nan,nan,nan,nan,nan,nan,nan,nan,nan,nan,nan,nan,nan,nan,nan,nan,nan,0.24031124551019267
1791062710.99551,0.8390395974100827,-0.054255223159615305,2.418621912764013,0.6367182332616474,2.847529861140617,0.391419682297816,0.34838512866619425,0.0,0.0,1.895443524217194,0.6980978693618198,-0.03254733977599963,0.0018612332927681208,0.5285138028536058,0.0,0.0,-0.013569915043093654,0.8899463646318473,0.03825047304854111,0.23749739409327467,0.050920601962698195,0.0,0.0,-1.8843584948114311,0.01926355241759838,0.021873133548266133,0.005530399931769305,nan,nan,nan,nan,nan,nan,nan,1.0567980586532317,0.0,0.0,-0.7074073425358564,2.114848272539894,0.011640893600517892,-0.024032994180757244,nan,nan,nan,nan,nan,nan,nan,nan,nan,nan,nan,nan,nan,nan,0.984786407867543,0.0,0.0,0.6436282551783551,1.8255324572445932,-0.06346158427789224,-0.10586270850079355,nan,nan,nan,nan,nan,nan,nan,nan,nan,nan,nan,nan,nan,nan,nan,nan,nan,nan,nan,nan,nan,nan,nan,nan,nan,nan,nan,nan,nan,nan,nan,nan,nan,nan,nan,nan,nan,nan,nan,nan,nan,nan,nan,nan,nan,nan,nan,nan,nan,0.2614951904391263
1791062711.0965824,0.8208340472730142,-0.03851936533382909,2.414454148240105,0.6120814037213965,2.840993422067298,0.39008666800113134,0.3805266401059834,0.0,0.0,1.8922787624647819,0.6985606514853943,-0.031231768495329326,0.005438863902342815,0.4341080118635895,0.0,0.0,-0.010576392900394676,0.9130231777270947,0.02730148518074252,0.23505559379801608,0.28305939516102807,0.0,0.0,-1.8821069596904527,0.020067723849856403,0.02243033012220398,0.007606479750061795,nan,nan,nan,nan,nan,nan,nan,0.7803835242020757,0.0,0.0,-0.7085253222111503,2.1149160787023766,0.011473897957916842,-0.01827700948002853,nan,nan,nan,nan,nan,nan,nan,nan,nan,nan,nan,nan,nan,nan,0.798706600863983,0.0,0.0,0.6373132791646987,1.8151985149040355,-0.06662024793319063,-0.09786572262920441,nan,nan,nan,nan,nan,nan,nan,nan,nan,nan,nan,nan,nan,nan,nan,nan,nan,nan,nan,nan,nan,nan,nan,nan,nan,nan,nan,nan,nan,nan,nan,nan,nan,nan,nan,nan,nan,nan,nan,nan,nan,nan,nan,nan,nan,nan,nan,nan,nan,0.24955904245629013
1791062711.1954246,0.8039994983011274,-0.022715339182890603,2.4162156715342236,0.6184595251829291,2.8330779103303185,0.3904499849494574,0.34591958272613527,0.0,0.0,1.8889833643025762,0.6983689614338144,-0.033439063660998275,-0.0036956004939776915,0.41523800048959475,0.0,0.0,-0.007411487153027642,0.9362531235820616,0.033459690248304315,0.2261268627986238,0.16422132219096428,0.0,0.0,-1.8794111383494203,0.02090367242171496,0.02747136555643068,0.009338726737239532,nan,nan,nan,nan,nan,nan,nan,0.9706228155699492,0.0,0.0,-0.7063466900894313,2.112246103432259,0.015041266536210003,-0.021955855780352994,nan,nan,nan,nan,nan,nan,nan,nan,nan,nan,nan,nan,nan,nan,0.9610947396353166,0.0,0.0,0.6314685512417499,1.80521302774153,-0.06285742539136119,-0.09773102076406148,nan,nan,nan,nan,nan,nan,nan,nan,nan,nan,nan,nan,nan,nan,nan,nan,nan,nan,nan,nan,nan,nan,nan,nan,nan,nan,nan,nan,nan,nan,nan,nan,nan,nan,nan,nan,nan,nan,nan,nan,nan,nan,nan,nan,nan,nan,nan,nan,nan,0.20621470093114969
1791062711.2958565,0.7859776215541195,-0.006714885292464556,2.4148444153959985,0.6049094269476276,2.8249643121830434,0.38966203315080605,0.3539172896327003,0.0,0.0,1.8857220231135217,0.698234310379686,-0.03285512583900553,-0.0013888370917067168,0.4683768540905689,0.0,0.0,-0.0045611417463406615,0.9597871836889613,0.035088092777201506,0.22554115338212927,0.24614440889972136,0.0,0.0,-1.8754799887558742,0.02252199918372785,0.04232269236934976,0.015281442629888363,nan,nan,nan,nan,nan,nan,nan,0.932223676892129,0.0,0.0,-0.7049379219011729,2.109929917305892,0.014182014196473653,-0.022959882644318422,nan,nan,nan,nan,nan,nan,nan,nan,nan,nan,nan,nan,nan,nan,0.8787975703102421,0.0,0.0,0.6256877376483356,1.7954542999805916,-0.060600781137977996,-0.10322050972648958,nan,nan,nan,nan,nan,nan,nan,nan,nan,nan,nan,nan,nan,nan,nan,nan,nan,nan,nan,nan,nan,nan,nan,nan,nan,nan,nan,nan,nan,nan,nan,nan,nan,nan,nan,nan,nan,nan,nan,nan,nan,nan,nan,nan,nan,nan,nan,nan,nan,0.2463907259799182
1791062711.395616,0.7685059424856194,0.00889001171531288,2.413882829171127,0.6032671290724928,2.815933037141862,0.38956233278247243,0.3401963698716998,0.0,0.0,1.8823467054275906,0.6982838057848596,-0.03561951546080029,0.0025596470028969166,0.46463457601952746,0.0,0.0,-0.00187362050674687,0.9832942750795611,0.019496078308023974,0.22846426500098693,0.2854582769842657,0.0,0.0,-1.8719158263028648,0.02391624926655335,0.05433656644407981,0.04257538012286315,nan,nan,nan,nan,nan,nan,nan,1.0052505843584145,0.0,0.0,-0.7017342374743945,2.1055997327234994,0.0277310494020361,-0.029000719239599636,nan,nan,nan,nan,nan,nan,nan,nan,nan,nan,nan,nan,nan,nan,0.9545739487143783,0.0,0.0,0.6199973195956294,1.7859327624331784,-0.06026003218435797,-0.1039759694257264,nan,nan,nan,nan,nan,nan,nan,nan,nan,nan,nan,nan,nan,nan,nan,nan,nan,nan,nan,nan,nan,nan,nan,nan,nan,nan,nan,nan,nan,nan,nan,nan,nan,nan,nan,nan,nan,nan,nan,nan,nan,nan,nan,nan,nan,nan,nan,nan,nan,0.23955472217934157
1791062711.496633,0.749301210023483,0.02608526680452951,2.4136918359974477,0.5797314620957403,2.804799010291682,0.38802662789081216,0.37297154756787115,0.0,0.0,1.8792540996427485,0.6985032658912531,-0.030762700431738302,0.0013231419686621302,0.4814358423564565,0.0,0.0,0.001057331438449124,1.0066673071499703,0.023239464138820172,0.22298806335383525,0.34914225736602056,0.0,0.0,-1.8686049973305705,0.024902083635157498,0.05651925492565149,0.016478800309490543,nan,nan,nan,nan,nan,nan,nan,0.8769742897428715,0.0,0.0,-0.701020376973163,2.1034052541722925,0.01269481296411108,-0.02668221505674244,nan,nan,nan,nan,nan,nan,nan,nan,nan,nan,nan,nan,nan,nan,0.7658720652904134,0.0,0.0,0.6142757278618012,1.7766913414770238,-0.05541172013423966,-0.09275584736550341,nan,nan,nan,nan,nan,nan,nan,nan,nan,nan,nan,nan,nan,nan,nan,nan,nan,nan,nan,nan,nan,nan,nan,nan,nan,nan,nan,nan,nan,nan,nan,nan,nan,nan,nan,nan,nan,nan,nan,nan,nan,nan,nan,nan,nan,nan,nan,nan,nan,0.2680059025358623
1791062711.5953681,0.7325054356146997,0.04095997595675532,2.4074706867839804,0.5622375572574606,2.7902390365024345,0.3867454437022617,0.3720764977740364,0.0,0.0,1.8761375398897537,0.6984286500402729,-0.031077627566319568,-0.0018005240116507565,0.42851258319095065,0.0,0.0,0.0037938992326150113,1.0298726149057051,0.01711819994851543,0.23344842682835432,0.17689517533711646,0.0,0.0,-1.8659751383829604,0.025644053805342015,0.022313801375803494,-0.009599401361122365,nan,nan,nan,nan,nan,nan,nan,0.8420663115664355,0.0,0.0,-0.6999054871375661,2.101427778189768,0.01464423590648379,-0.02177009278838217,nan,nan,nan,nan,nan,nan,nan,nan,nan,nan,nan,nan,nan,nan,0.7781526571094861,0.0,0.0,0.6087092844345289,1.767578898947826,-0.05168710132182632,-0.0891186838267368,nan,nan,nan,nan,nan,nan,nan,nan,nan,nan,nan,nan,nan,nan,nan,nan,nan,nan,nan,nan,nan,nan,nan,nan,nan,nan,nan,nan,nan,nan,nan,nan,nan,nan,nan,nan,nan,nan,nan,nan,nan,nan,nan,nan,nan,nan,nan,nan,nan,0.24008345724632663
1791062711.6965802,0.7145748897206111,0.058864737509629686,2.422754297459452,0.5524764691415304,2.774132780426789,0.38597402104943035,0.34015859576455926,0.0,0.0,1.8727185790146608,0.6984092332928442,-0.04002496602478314,-0.011858909520519588,0.4371450246286387,0.0,0.0,0.00662497814303082,1.0529234963784189,0.023859266500102096,0.23481279184407017,0.16853139125603028,0.0,0.0,-1.862021094462095,0.026736885938323397,0.03745199800921861,-0.0007479205366068796,nan,nan,nan,nan,nan,nan,nan,0.9146293846039485,0.0,0.0,-0.6986477776648476,2.0991548213967217,0.008260621836977407,-0.008121708804910796,nan,nan,nan,nan,nan,nan,nan,nan,nan,nan,nan,nan,nan,nan,0.8739315452655333,0.0,0.0,0.6029225591305478,1.7579863160169844,-0.055876286778452744,-0.09390351559513006,nan,nan,nan,nan,nan,nan,nan,nan,nan,nan,nan,nan,nan,nan,nan,nan,nan,nan,nan,nan,nan,nan,nan,nan,nan,nan,nan,nan,nan,nan,nan,nan,nan,nan,nan,nan,nan,nan,nan,nan,nan,nan,nan,nan,nan,nan,nan,nan,nan,0.23521754600341233
1791062711.7953968,0.6962378204403001,0.07544952356993488,2.4210331839422548,0.5420747666360085,2.757442736375205,0.38510440001125024,0.34611276242510786,0.0,0.0,1.8692188706925057,0.698538707101,-0.03169839036861127,0.0023903397605718173,0.4650148980893481,0.0,0.0,0.009098839924015297,1.0760384711907298,0.021286521223320535,0.2323278419555143,0.29534015963015503,0.0,0.0,-1.8565045850588753,0.02910054989998332,0.055816984593020175,0.0339483845427697,nan,nan,nan,nan,nan,nan,nan,0.9851245468871982,0.0,0.0,-0.6969039212298428,2.0966365900113533,0.016708368290200053,-0.02721521707010265,nan,nan,nan,nan,nan,nan,nan,nan,nan,nan,nan,nan,nan,nan,0.9060624808836059,0.0,0.0,0.5968171022765443,1.74775663103886,-0.06228785308150269,-0.09919171533108667,nan,nan,nan,nan,nan,nan,nan,nan,nan,nan,nan,nan,nan,nan,nan,nan,nan,nan,nan,nan,nan,nan,nan,nan,nan,nan,nan,nan,nan,nan,nan,nan,nan,nan,nan,nan,nan,nan,nan,nan,nan,nan,nan,nan,nan,nan,nan,nan,nan,0.2515438337129658
1791062711.8953753,0.6784509914076694,0.09159233244509152,2.421153084297768,0.53732982127068,2.7407907239274385,0.3846906967566407,0.3495993972419741,0.0,0.0,1.865718234813457,0.6987098107897008,-0.03555850799789137,-0.0015123225288326825,0.41926128556386055,0.0,0.0,0.011228048450345918,1.0994829358178098,-0.020567197059294884,0.23844665851313407,0.3686183543193795,0.0,0.0,-1.8507721125561551,0.031192059857370783,0.06802602630591587,0.023995305206168164,nan,nan,nan,nan,nan,nan,nan,0.9366684629415372,0.0,0.0,-0.6951486794705628,2.0937461412053984,0.021459420489894333,-0.029472168363113845,nan,nan,nan,nan,nan,nan,nan,nan,nan,nan,nan,nan,nan,nan,0.918529738227833,0.0,0.0,0.5901247496369716,1.736721088778675,-0.06641727011400578,-0.10711679957856851,nan,nan,nan,nan,nan,nan,nan,nan,nan,nan,nan,nan,nan,nan,nan,nan,nan,nan,nan,nan,nan,nan,nan,nan,nan,nan,nan,nan,nan,nan,nan,nan,nan,nan,nan,nan,nan,nan,nan,nan,nan,nan,nan,nan,nan,nan,nan,nan,nan,0.2327821299072159
1791062711.9953756,0.6620723926741928,0.10605529926848757,2.4093015663425326,0.5350828389656931,2.7250143281517105,0.38449095755364016,0.3625810028036952,0.0,0.0,1.8622690789244998,0.6986363956421195,-0.035036674658214965,-0.0007026612987925037,0.4377764794352252,0.0,0.0,0.014039600196533948,1.1228807941748777,0.045613870459767655,0.23960081394524232,0.25482239025441283,0.0,0.0,-1.8457815823764108,0.03254084971713255,0.046618204865188556,0.0038810695303531898,nan,nan,nan,nan,nan,nan,nan,0.8998658092581457,0.0,0.0,-0.6943381469687853,2.0916328957892985,0.01350522324457153,-0.02309276702662612,nan,nan,nan,nan,nan,nan,nan,nan,nan,nan,nan,nan,nan,nan,0.9320029157446494,0.0,0.0,0.5828635757796538,1.7247668680821024,-0.07651688556804608,-0.12066614024975018,nan,nan,nan,nan,nan,nan,nan,nan,nan,nan,nan,nan,nan,nan,nan,nan,nan,nan,nan,nan,nan,nan,nan,nan,nan,nan,nan,nan,nan,nan,nan,nan,nan,nan,nan,nan,nan,nan,nan,nan,nan,nan,nan,nan,nan,nan,nan,nan,nan,0.23766870211221394
1791062712.0953205,0.6441038133093909,0.12223997721179021,2.4067380873737,0.5355164484414935,2.7105622863821797,0.3845296958103068,0.346600549359551,0.0,0.0,1.8585049716299533,0.6985820739434383,-0.038443627121525464,0.0013356157602238848,0.44942203901009076,0.0,0.0,0.01658961839263224,1.1464340395240435,0.02888672088548737,0.23159863375566767,0.29151734333071533,0.0,0.0,-1.841119363996831,0.0344072533921475,0.05376434755051965,0.022923345424734246,nan,nan,nan,nan,nan,nan,nan,0.9453487285607947,0.0,0.0,-0.6931195854170705,2.089696753408478,0.012294536295113888,-0.019436737523045963,nan,nan,nan,nan,nan,nan,nan,nan,nan,nan,nan,nan,nan,nan,0.9369301927288942,0.0,0.0,0.5753509336801632,1.7122748881177714,-0.06902186593717563,-0.12323181193117971,nan,nan,nan,nan,nan,nan,nan,nan,nan,nan,nan,nan,nan,nan,nan,nan,nan,nan,nan,nan,nan,nan,nan,nan,nan,nan,nan,nan,nan,nan,nan,nan,nan,nan,nan,nan,nan,nan,nan,nan,nan,nan,nan,nan,nan,nan,nan,nan,nan,0.24321893217542634
1791062712.1953704,0.6260463338977992,0.13817468436415087,2.404793885624253,0.5356328531519348,2.6975401384244124,0.38454007947429186,0.3658226208202197,0.0,0.0,1.8549028025633791,0.6987625582642374,-0.0361896579427081,0.002044244134546281,0.44942203901009076,0.0,0.0,0.019286508810323684,1.1698180015559616,0.028075019243949992,0.23107126894205418,0.1912589413419429,0.0,0.0,-1.8381554886330946,0.03542904183988455,0.027852633268032907,0.0031530751297892423,nan,nan,nan,nan,nan,nan,nan,0.9077308208211189,0.0,0.0,-0.6917282201956567,2.087440160008636,0.011411850204682612,-0.02177989566543418,nan,nan,nan,nan,nan,nan,nan,nan,nan,nan,nan,nan,nan,nan,0.9656521977329563,0.0,0.0,0.5676383512802188,1.6993723859655352,-0.0943176591338632,-0.14065540016583336,nan,nan,nan,nan,nan,nan,nan,nan,nan,nan,nan,nan,nan,nan,nan,nan,nan,nan,nan,nan,nan,nan,nan,nan,nan,nan,nan,nan,nan,nan,nan,nan,nan,nan,nan,nan,nan,nan,nan,nan,nan,nan,nan,nan,nan,nan,nan,nan,nan,0.2587384517339344
1791062712.29523,0.6075349782352024,0.1545761487684294,2.4007955371494103,0.5306674143293857,2.6852468905993323,0.3840911522901657,0.3477446147174046,0.0,0.0,1.851037489455997,0.6988156409426262,-0.038585434061768724,0.0003225381935615511,0.44942203901009076,0.0,0.0,0.021810017460287986,1.1931109712235317,0.029214454631682568,0.2338841007505677,0.1975333392805409,0.0,0.0,-1.834757449442421,0.03703072726630408,0.03352877560360272,0.014118009246082338,nan,nan,nan,nan,nan,nan,nan,0.9490507409407513,0.0,0.0,-0.6903002182347341,2.0850187674840384,0.01499166643842456,-0.024674553414095014,nan,nan,nan,nan,nan,nan,nan,nan,nan,nan,nan,nan,nan,nan,0.8780609851079145,0.0,0.0,0.5609269685968495,1.6875980488380824,-0.05347493133670584,-0.11848931793623999,nan,nan,nan,nan,nan,nan,nan,nan,nan,nan,nan,nan,nan,nan,nan,nan,nan,nan,nan,nan,nan,nan,nan,nan,nan,nan,nan,nan,nan,nan,nan,nan,nan,nan,nan,nan,nan,nan,nan,nan,nan,nan,nan,nan,nan,nan,nan,nan,nan,0.2607370109216463
1791062712.395237,0.5895226065054229,0.1707602360742306,2.3990669215445415,0.5380070067417797,2.6744067287489917,0.38475040735314,0.3507506675932486,0.0,0.0,1.8470292429355375,0.6987272582251528,-0.0440658305507048,0.001722234107526132,0.44942203901009076,0.0,0.0,0.024571447855883496,1.2162221061562013,0.02688671871687141,0.23103557784033565,0.21157445114773638,0.0,0.0,-1.83208041311217,0.03836680686201722,0.02632176001284314,0.016152083349363522,nan,nan,nan,nan,nan,nan,nan,0.9239440475537269,0.0,0.0,-0.6885101985544899,2.0820307489621395,0.049807882975414,-0.05616636210502718,nan,nan,nan,nan,nan,nan,nan,nan,nan,nan,nan,nan,nan,nan,0.8721869442682513,0.0,0.0,0.5540943355278233,1.6760701086568968,-0.05547624570956507,-0.11733415890110417,nan,nan,nan,nan,nan,nan,nan,nan,nan,nan,nan,nan,nan,nan,nan,nan,nan,nan,nan,nan,nan,nan,nan,nan,nan,nan,nan,nan,nan,nan,nan,nan,nan,nan,nan,nan,nan,nan,nan,nan,nan,nan,nan,nan,nan,nan,nan,nan,nan,0.2571929709952959
1791062712.4951913,0.5716685267191319,0.18719724957882164,2.398804055176488,0.5340960878144893,2.6649082800987256,0.3844024548997377,0.34229491375277654,0.0,0.0,1.8431928655991394,0.6988627558975058,-0.03878719145057212,0.0014919102796328006,0.44942203901009076,0.0,0.0,0.02700009610688565,1.2391990032374034,0.01831327012832453,0.2299687809972115,0.2413550062170162,0.0,0.0,-1.829272199871004,0.03931680279818808,0.033977597738037775,0.02866255257152349,nan,nan,nan,nan,nan,nan,nan,0.960121507306476,0.0,0.0,-0.6876558437132645,2.079900657772252,0.012094756742598526,-0.021116577728786116,nan,nan,nan,nan,nan,nan,nan,nan,nan,nan,nan,nan,nan,nan,0.9039677573477559,0.0,0.0,0.5473788054050148,1.6647642717018443,-0.058699961228148356,-0.11230205195564553,nan,nan,nan,nan,nan,nan,nan,nan,nan,nan,nan,nan,nan,nan,nan,nan,nan,nan,nan,nan,nan,nan,nan,nan,nan,nan,nan,nan,nan,nan,nan,nan,nan,nan,nan,nan,nan,nan,nan,nan,nan,nan,nan,nan,nan,nan,nan,nan,nan,0.24896217515612548
1791062712.5955272,0.5520945257612007,0.20491326004878885,2.4089481261921586,0.5139874880666134,2.65384297441875,0.3824899090082875,0.42100858851359846,0.0,0.0,1.839399393475581,0.6991587061321771,-0.03374735298344028,0.0071673351514237585,0.44942203901009076,0.0,0.0,0.029790017986899682,1.262416655807093,0.03296203133462684,0.2290775898101628,0.27245627150537693,0.0,0.0,-1.825986279719061,0.040679823157130715,0.029185730521474895,0.011867457001510394,nan,nan,nan,nan,nan,nan,nan,0.826678276353352,0.0,0.0,-0.6862688038200118,2.0776699237753427,0.013880063147507914,-0.02494282718911739,nan,nan,nan,nan,nan,nan,nan,nan,nan,nan,nan,nan,nan,nan,0.8452987561541507,0.0,0.0,0.540194875533174,1.653200484421567,-0.09190315760897881,-0.12123585240507624,nan,nan,nan,nan,nan,nan,nan,nan,nan,nan,nan,nan,nan,nan,nan,nan,nan,nan,nan,nan,nan,nan,nan,nan,nan,nan,nan,nan,nan,nan,nan,nan,nan,nan,nan,nan,nan,nan,nan,nan,nan,nan,nan,nan,nan,nan,nan,nan,nan,0.31697854042682383
1791062712.6974633,0.5347295983208221,0.22126203895590288,2.4102107923709375,0.5086589104029168,2.641368529733048,0.38194671527148943,0.36108756837956313,0.0,0.0,1.8353056300406276,0.698879150882398,-0.04407084970734361,-0.0009956760177547647,0.44942203901009076,0.0,0.0,0.032418055479668376,1.285770164954709,0.037284305026541634,0.2301772702637891,0.27584733124748634,0.0,0.0,-1.8235425569253803,0.04138386538422947,0.022943973567999876,0.00906223704648091,nan,nan,nan,nan,nan,nan,nan,0.9048890778498795,0.0,0.0,-0.6846341670064049,2.0750356044373284,0.018587524958321895,-0.02893358414012991,nan,nan,nan,nan,nan,nan,nan,nan,nan,nan,nan,nan,nan,nan,0.9112791301437075,0.0,0.0,0.5331374756132523,1.6416365529816173,-0.07482612291307511,-0.11484366226014409,nan,nan,nan,nan,nan,nan,nan,nan,nan,nan,nan,nan,nan,nan,nan,nan,nan,nan,nan,nan,nan,nan,nan,nan,nan,nan,nan,nan,nan,nan,nan,nan,nan,nan,nan,nan,nan,nan,nan,nan,nan,nan,nan,nan,nan,nan,nan,nan,nan,0.2475194482023541
1791062712.795215,0.5170524048848898,0.23768844973441258,2.412113995977784,0.503516224777605,2.6291197024881323,0.3814072742269435,0.3514249097114161,0.0,0.0,1.8311514490548084,0.6990173142538755,-0.04069933259765726,0.0062558611517775035,0.44942203901009076,0.0,0.0,0.035160922596327436,1.3090798433567616,0.03395770781250256,0.23600264960397205,0.16144715979003596,0.0,0.0,-1.821701687710761,0.042054602669493395,0.018336906068527357,0.007789132853041712,nan,nan,nan,nan,nan,nan,nan,0.9635706948209135,0.0,0.0,-0.6830726073191855,2.0721273131083886,0.014085175664481083,-0.03096506496090839,nan,nan,nan,nan,nan,nan,nan,nan,nan,nan,nan,nan,nan,nan,0.8428971007452981,0.0,0.0,0.5271308668470509,1.6311259503175932,-0.041231101751851476,-0.0939194425404474,nan,nan,nan,nan,nan,nan,nan,nan,nan,nan,nan,nan,nan,nan,nan,nan,nan,nan,nan,nan,nan,nan,nan,nan,nan,nan,nan,nan,nan,nan,nan,nan,nan,nan,nan,nan,nan,nan,nan,nan,nan,nan,nan,nan,nan,nan,nan,nan,nan,0.2390148202609628
1791062712.8952503,0.49936881942553146,0.2537814986963116,2.412798894801788,0.5041554986828432,2.6175702423263503,0.38147515627338535,0.32410695492609165,0.0,0.0,1.8264736655791696,0.6991880698083125,-0.04597738444679024,-0.0007864204360161313,0.44942203901009076,0.0,0.0,0.03789202574339164,1.3324687143470282,0.02931533851525977,0.23317153429144727,0.188751632956083,0.0,0.0,-1.8190272408856518,0.043099676641421614,0.03102101655827276,0.013278067202437066,nan,nan,nan,nan,nan,nan,nan,0.971950447762601,0.0,0.0,-0.6815454621235116,2.069178218025536,0.008553756582187131,-0.020207656575088908,nan,nan,nan,nan,nan,nan,nan,nan,nan,nan,nan,nan,nan,nan,0.9775778374070879,0.0,0.0,0.5209979456174754,1.6214011921201679,-0.08613687263085704,-0.10782209154414807,nan,nan,nan,nan,nan,nan,nan,nan,nan,nan,nan,nan,nan,nan,nan,nan,nan,nan,nan,nan,nan,nan,nan,nan,nan,nan,nan,nan,nan,nan,nan,nan,nan,nan,nan,nan,nan,nan,nan,nan,nan,nan,nan,nan,nan,nan,nan,nan,nan,0.22771496577815595
1791062712.9953554,0.48150736018911394,0.27000950651565975,2.4140618597823704,0.49545497034646685,2.6063212035225702,0.38053073390777703,0.32451435165023407,0.0,0.0,1.8211088995112785,0.6990055430560036,-0.056991995199311245,-0.002915980925976577,0.44942203901009076,0.0,0.0,0.04062402218276217,1.355918088522743,0.018556857301170435,0.2318960266805526,0.1977468141828168,0.0,0.0,-1.8169278242311269,0.0439938212862113,0.023252137071951205,0.010841652120949948,nan,nan,nan,nan,nan,nan,nan,0.9441395544501698,0.0,0.0,-0.6797211327871536,2.0661751467576615,0.008866793591434552,-0.024037076763951996,nan,nan,nan,nan,nan,nan,nan,nan,nan,nan,nan,nan,nan,nan,0.921621515853554,0.0,0.0,0.5157104941812292,1.6126890363101356,-0.07593918946469125,-0.09471625223254601,nan,nan,nan,nan,nan,nan,nan,nan,nan,nan,nan,nan,nan,nan,nan,nan,nan,nan,nan,nan,nan,nan,nan,nan,nan,nan,nan,nan,nan,nan,nan,nan,nan,nan,nan,nan,nan,nan,nan,nan,nan,nan,nan,nan,nan,nan,nan,nan,nan,0.23279758160308067
1791062713.0968995,0.4637968217761692,0.2862000790313649,2.4157863973606966,0.49002533635604284,2.5948178288050867,0.37991839042974046,0.35320561074004986,0.0,0.0,1.8159446113144275,0.6993956064737513,-0.05520852110831864,-0.006738703139485767,0.44942203901009076,0.0,0.0,0.04344345036347649,1.3794994829966354,0.021861940772523895,0.23164095775554727,0.16557544374620325,0.0,0.0,-1.8147919939982569,0.044639636370834505,0.03066989414076846,-0.00044558920415470934,nan,nan,nan,nan,nan,nan,nan,0.9607603027314505,0.0,0.0,-0.6777432219116408,2.062837058172834,0.022172196394318305,-0.03656970079073861,nan,nan,nan,nan,nan,nan,nan,nan,nan,nan,nan,nan,nan,nan,0.798936090185637,0.0,0.0,0.5108381929099153,1.60441356934217,-0.05916470872789776,-0.08585045623622743,nan,nan,nan,nan,nan,nan,nan,nan,nan,nan,nan,nan,nan,nan,nan,nan,nan,nan,nan,nan,nan,nan,nan,nan,nan,nan,nan,nan,nan,nan,nan,nan,nan,nan,nan,nan,nan,nan,nan,nan,nan,nan,nan,nan,nan,nan,nan,nan,nan,0.2301627925921356
1791062713.1952689,0.44589599561493504,0.3023865696743529,2.417574025293903,0.4777341184165446,2.582746241553509,0.37846419781203955,0.3256184219908197,0.0,0.0,1.8109370986474875,0.6992123195577583,-0.05205181929605761,-0.0004476891200170506,0.44942203901009076,0.0,0.0,0.04638332804861044,1.4026437723492768,0.04594622857626467,0.2287580374963862,0.09568818041829665,0.0,0.0,-1.8127808569750739,0.04525708289149143,0.002272839137871451,-0.012324519286261635,nan,nan,nan,nan,nan,nan,nan,0.969305636828017,0.0,0.0,-0.6759713808844298,2.059269375277265,0.018234561482884507,-0.035750451919920385,nan,nan,nan,nan,nan,nan,nan,nan,nan,nan,nan,nan,nan,nan,0.890782573871507,0.0,0.0,0.5055066295520806,1.59567307339021,-0.06628038777685333,-0.08130613999466926,nan,nan,nan,nan,nan,nan,nan,nan,nan,nan,nan,nan,nan,nan,nan,nan,nan,nan,nan,nan,nan,nan,nan,nan,nan,nan,nan,nan,nan,nan,nan,nan,nan,nan,nan,nan,nan,nan,nan,nan,nan,nan,nan,nan,nan,nan,nan,nan,nan,0.2389942495562782
1791062713.2951872,0.42803697586239725,0.31858843967778955,2.4202715972835462,0.4719091833880683,2.5701917190885433,0.3777408475168762,0.34454208249966917,0.0,0.0,1.8057123845570477,0.699306782195485,-0.04519765777692683,0.004229833935491923,0.44942203901009076,0.0,0.0,0.04893431816760208,1.4255221215377114,0.026791148740304756,0.21916995568109676,0.17662183475709484,0.0,0.0,-1.8101268740600143,0.046098364499286566,0.026301434284883126,0.008136360086655067,nan,nan,nan,nan,nan,nan,nan,0.9543659193670484,0.0,0.0,-0.6739056274086657,2.055839068387286,0.02273432818570958,-0.03532952712149376,nan,nan,nan,nan,nan,nan,nan,nan,nan,nan,nan,nan,nan,nan,0.894080072967968,0.0,0.0,0.5005453529245504,1.5851296011250582,-0.060370586973051095,-0.10229941946362789,nan,nan,nan,nan,nan,nan,nan,nan,nan,nan,nan,nan,nan,nan,nan,nan,nan,nan,nan,nan,nan,nan,nan,nan,nan,nan,nan,nan,nan,nan,nan,nan,nan,nan,nan,nan,nan,nan,nan,nan,nan,nan,nan,nan,nan,nan,nan,nan,nan,0.24045151754810531
1791062713.3951905,0.4101780507337694,0.33489804818404495,2.423289862592314,0.47376313809106585,2.5584909713700412,0.3779735211285763,0.32945554566152463,0.0,0.0,1.8006434408160283,0.6994128281548445,-0.04872459599682981,-0.0026392708600105662,0.44942203901009076,0.0,0.0,0.05132913099350383,1.4477331004713347,0.03436897468932333,0.2234476918287967,0.16271891319157097,0.0,0.0,-1.8077948643755843,0.04678287790219633,0.02474595697935225,0.006250383438289616,nan,nan,nan,nan,nan,nan,nan,0.9538541011968542,0.0,0.0,-0.6710646961963761,2.0515079764464246,0.06378059424099287,-0.0736991023585684,nan,nan,nan,nan,nan,nan,nan,nan,nan,nan,nan,nan,nan,nan,0.8986344133960127,0.0,0.0,0.49439939961839185,1.574928938853739,-0.06419685251849691,-0.10225207007235618,nan,nan,nan,nan,nan,nan,nan,nan,nan,nan,nan,nan,nan,nan,nan,nan,nan,nan,nan,nan,nan,nan,nan,nan,nan,nan,nan,nan,nan,nan,nan,nan,nan,nan,nan,nan,nan,nan,nan,nan,nan,nan,nan,nan,nan,nan,nan,nan,nan,0.24737642132016768
1791062713.4951794,0.3923569646066736,0.3510345331645832,2.42602588748012,0.4651940814353622,2.547271523735471,0.376878599227543,0.31738635588622977,0.0,0.0,1.795052518970255,0.6993192957123462,-0.060943172505962685,-0.0021985774861595915,0.44942203901009076,0.0,0.0,0.05369622574494549,1.46971798647208,0.02419713370748213,0.2238933885230785,0.1421927900350645,0.0,0.0,-1.8044053004084237,0.048231594206480544,0.026473226883655564,-0.0077791288672009705,nan,nan,nan,nan,nan,nan,nan,0.9540835451828207,0.0,0.0,-0.6694535951349118,2.047669840519918,0.014980440492759966,-0.02855449227291299,nan,nan,nan,nan,nan,nan,nan,nan,nan,nan,nan,nan,nan,nan,0.9152004135470004,0.0,0.0,0.48768125286362285,1.5638890546737194,-0.07314770431668352,-0.1133476632009491,nan,nan,nan,nan,nan,nan,nan,nan,nan,nan,nan,nan,nan,nan,nan,nan,nan,nan,nan,nan,nan,nan,nan,nan,nan,nan,nan,nan,nan,nan,nan,nan,nan,nan,nan,nan,nan,nan,nan,nan,nan,nan,nan,nan,nan,nan,nan,nan,nan,0.2536846791500408
1791062713.5951912,0.37447875666846026,0.3671402059472306,2.427714162648159,0.45816769216715086,2.535741952742924,0.3759428786135517,0.3257823140893365,0.0,0.0,1.7895853143273932,0.6996765648093212,-0.05676356611816406,0.0003968921956434207,0.44942203901009076,0.0,0.0,0.05607245766174259,1.4910520263961635,0.014266773651020997,0.21210458618623207,0.14738862965841282,0.0,0.0,-1.8024655087945727,0.04851064909201816,0.016115898464889873,0.0035171541156248914,nan,nan,nan,nan,nan,nan,nan,0.9475882958606408,0.0,0.0,-0.6679437044172482,2.045271714133457,0.01784652544973674,-0.028398971808957202,nan,nan,nan,nan,nan,nan,nan,nan,nan,nan,nan,nan,nan,nan,0.9234917186383417,0.0,0.0,0.48068844331317023,1.5520323062411763,-0.0748132761765459,-0.11945465034112095,nan,nan,nan,nan,nan,nan,nan,nan,nan,nan,nan,nan,nan,nan,nan,nan,nan,nan,nan,nan,nan,nan,nan,nan,nan,nan,nan,nan,nan,nan,nan,nan,nan,nan,nan,nan,nan,nan,nan,nan,nan,nan,nan,nan,nan,nan,nan,nan,nan,0.2523542938611349
1791062713.6954207,0.3565073652494064,0.38313191608208474,2.428606075587281,0.4536169992219741,2.524305674967824,0.3753180593272927,0.3350096290440902,0.0,0.0,1.784227812860478,0.69948842460797,-0.055419096925537904,0.0011260029781736268,0.44942203901009076,0.0,0.0,0.05846313787513862,1.5122639628237438,0.02651123034960782,0.20839000274796815,0.12388904786358475,0.0,0.0,-1.800102960336105,0.0497889225596258,0.010087937330000869,-0.010059414808027016,nan,nan,nan,nan,nan,nan,nan,0.9480214517025934,0.0,0.0,-0.6660159414557915,2.042087827619956,0.013811965485531406,-0.029340124292462015,nan,nan,nan,nan,nan,nan,nan,nan,nan,nan,nan,nan,nan,nan,0.9103467020189934,0.0,0.0,0.47309879731863264,1.5395887422402155,-0.06701041379318776,-0.12288991574842913,nan,nan,nan,nan,nan,nan,nan,nan,nan,nan,nan,nan,nan,nan,nan,nan,nan,nan,nan,nan,nan,nan,nan,nan,nan,nan,nan,nan,nan,nan,nan,nan,nan,nan,nan,nan,nan,nan,nan,nan,nan,nan,nan,nan,nan,nan,nan,nan,nan,0.24899399325529098
1791062713.7952738,0.33836629515146355,0.39909432416442814,2.427667005589588,0.45302025261989665,2.513547126132199,0.3752350089534185,0.33695720196115275,0.0,0.0,1.7790677311446113,0.6998391832142247,-0.05162846994795722,0.0026546519265276906,0.44942203901009076,0.0,0.0,0.06047836414520041,1.5331727043060668,0.028437841854966173,0.2113716704126748,0.24847102941364502,0.0,0.0,-1.7958178157425355,0.05129209651679784,0.04486688534957485,0.01783979089201851,nan,nan,nan,nan,nan,nan,nan,0.9662030610799968,0.0,0.0,-0.664020161729634,2.0384628997455874,0.013761551123451218,-0.034911817950947104,nan,nan,nan,nan,nan,nan,nan,nan,nan,nan,nan,nan,nan,nan,0.9312879022761414,0.0,0.0,0.4657151812485541,1.5266921118719443,-0.07044686413965043,-0.131975960599425,nan,nan,nan,nan,nan,nan,nan,nan,nan,nan,nan,nan,nan,nan,nan,nan,nan,nan,nan,nan,nan,nan,nan,nan,nan,nan,nan,nan,nan,nan,nan,nan,nan,nan,nan,nan,nan,nan,nan,nan,nan,nan,nan,nan,nan,nan,nan,nan,nan,0.239654709667832
1791062713.8956378,0.3203462795196303,0.414952779765806,2.4305305368390693,0.44896048299264685,2.5033780824997605,0.37466304083535296,0.3075042043984577,0.0,0.0,1.7738587995957864,0.6994396125551748,-0.058390440338226934,-0.026890661455956304,0.44942203901009076,0.0,0.0,0.06210492089853333,1.5535409651065333,0.008465654136914191,0.19734653454032836,0.21525365684683828,0.0,0.0,-1.7930590057012066,0.05232840056292356,0.025491392912428367,0.008689954388031416,nan,nan,nan,nan,nan,nan,nan,0.9217723484163923,0.0,0.0,-0.661988757629196,2.034851608620134,0.020202470316753037,-0.03531296780462294,nan,nan,nan,nan,nan,nan,nan,nan,nan,nan,nan,nan,nan,nan,0.9309682188097583,0.0,0.0,0.45811821734905894,1.5141429328414313,-0.08057515356504569,-0.13042698679988557,nan,nan,nan,nan,nan,nan,nan,nan,nan,nan,nan,nan,nan,nan,nan,nan,nan,nan,nan,nan,nan,nan,nan,nan,nan,nan,nan,nan,nan,nan,nan,nan,nan,nan,nan,nan,nan,nan,nan,nan,nan,nan,nan,nan,nan,nan,nan,nan,nan,0.24124751546165626
1791062713.9952397,0.3025106070185301,0.43102403394506567,2.4317145136649043,0.4441188295674265,2.493430531409398,0.37396481875732335,0.3380336827697494,0.0,0.0,1.7685463867623403,0.6997173295233645,-0.05090517071103964,0.0025319057671660456,0.44942203901009076,0.0,0.0,0.0642402239594213,1.574477797219363,0.02428321755909539,0.20425664287801457,0.251314852677553,0.0,0.0,-1.790116347896912,0.053725463648034905,0.042833844711701374,0.02296298966987033,nan,nan,nan,nan,nan,nan,nan,0.9565343797334845,0.0,0.0,-0.6595897090296359,2.0310183811713776,0.02434641874536419,-0.03989297562851961,nan,nan,nan,nan,nan,nan,nan,nan,nan,nan,nan,nan,nan,nan,0.9470052972095646,0.0,0.0,0.4507832102624216,1.5018309513243782,-0.08450464917047003,-0.1284383595077564,nan,nan,nan,nan,nan,nan,nan,nan,nan,nan,nan,nan,nan,nan,nan,nan,nan,nan,nan,nan,nan,nan,nan,nan,nan,nan,nan,nan,nan,nan,nan,nan,nan,nan,nan,nan,nan,nan,nan,nan,nan,nan,nan,nan,nan,nan,nan,nan,nan,0.24542522988326096
1791062714.0955455,0.28438156182116553,0.44678733940672083,2.4365371656261714,0.4470061531071296,2.4842692573679677,0.3743833302647767,0.31762562067606576,0.0,0.0,1.7628600120830031,0.6999168138839155,-0.05485101510142883,-0.003164509030175365,0.44942203901009076,0.0,0.0,0.06591952564922347,1.594849000734905,0.0170983176664846,0.20088121570396122,0.19823140286033994,0.0,0.0,-1.7872775372190384,0.054106232469210896,0.033246663828033776,0.008642364103915529,nan,nan,nan,nan,nan,nan,nan,0.9599244600858938,0.0,0.0,-0.6573672045334291,2.026863199206622,0.017859337046034526,-0.03487787216638899,nan,nan,nan,nan,nan,nan,nan,nan,nan,nan,nan,nan,nan,nan,0.9080594540968332,0.0,0.0,0.4458242757932959,1.4882378886920455,-0.048458350126459174,-0.14002059260822763,nan,nan,nan,nan,nan,nan,nan,nan,nan,nan,nan,nan,nan,nan,nan,nan,nan,nan,nan,nan,nan,nan,nan,nan,nan,nan,nan,nan,nan,nan,nan,nan,nan,nan,nan,nan,nan,nan,nan,nan,nan,nan,nan,nan,nan,nan,nan,nan,nan,0.2345815745059333
1791062714.195521,0.266139170516656,0.462932061164024,2.439149149120878,0.43993481553139724,2.4755980108042954,0.37334705785716155,0.32073222798147344,0.0,0.0,1.7569460105250208,0.6998467849423856,-0.06240950353710295,0.002884744064501253,0.44942203901009076,0.0,0.0,0.06778715179796138,1.6141076824561789,0.013199685837711257,0.18474315660210922,0.3118363028490276,0.0,0.0,-1.783199486794911,0.05597997405759631,0.05490143781976211,0.029666621382653125,nan,nan,nan,nan,nan,nan,nan,0.9485307365072974,0.0,0.0,-0.6548364188749037,2.0225175065220693,0.02425188982923054,-0.03977330278969443,nan,nan,nan,nan,nan,nan,nan,nan,nan,nan,nan,nan,nan,nan,0.9147070619876355,0.0,0.0,0.436750829931942,1.4780547147519496,-0.06965822576577332,-0.11135192697855761,nan,nan,nan,nan,nan,nan,nan,nan,nan,nan,nan,nan,nan,nan,nan,nan,nan,nan,nan,nan,nan,nan,nan,nan,nan,nan,nan,nan,nan,nan,nan,nan,nan,nan,nan,nan,nan,nan,nan,nan,nan,nan,nan,nan,nan,nan,nan,nan,nan,0.24050743102266395
1791062714.2954316,0.24825688078160082,0.47872385359747033,2.442770670101352,0.4343858546213085,2.4667046267638555,0.3725067625269254,0.33678862858199654,0.0,0.0,1.7515145148181064,0.7000890198334397,-0.05270071649927923,-0.0005604735483058701,0.44942203901009076,0.0,0.0,0.06966427005999397,1.6338565884069585,0.02612470694788409,0.20214156753414547,0.35407563413758936,0.0,0.0,-1.7789874871676967,0.05772288733144081,0.06402983283761007,0.027884735868599256,nan,nan,nan,nan,nan,nan,nan,0.9500196078047382,0.0,0.0,-0.652199385752749,2.0181592279940928,0.026250430632186298,-0.04600654237227442,nan,nan,nan,nan,nan,nan,nan,nan,nan,nan,nan,nan,nan,nan,0.9255380044901367,0.0,0.0,0.4299017642218687,1.4667149450845152,-0.07347151500826396,-0.1079012125728478,nan,nan,nan,nan,nan,nan,nan,nan,nan,nan,nan,nan,nan,nan,nan,nan,nan,nan,nan,nan,nan,nan,nan,nan,nan,nan,nan,nan,nan,nan,nan,nan,nan,nan,nan,nan,nan,nan,nan,nan,nan,nan,nan,nan,nan,nan,nan,nan,nan,0.22399749836903904
1791062714.3952198,0.23009418332280834,0.494660256386694,2.4451592798980477,0.4252737947432681,2.457433165598143,0.3710735199181614,0.3415276008065285,0.0,0.0,1.7464032803384426,0.6999660480064922,-0.05190189866354586,-0.0005284638170644515,0.44942203901009076,0.0,0.0,0.07156994337633968,1.6532825963445688,0.01045452504497788,0.1895174132986739,0.24869708356289946,0.0,0.0,-1.774707808032661,0.058922542268575025,0.0462052303062719,0.014577621091284156,nan,nan,nan,nan,nan,nan,nan,0.9457015872673775,0.0,0.0,-0.650014007997412,2.013952571589348,0.022032546162618655,-0.03818385448545056,nan,nan,nan,nan,nan,nan,nan,nan,nan,nan,nan,nan,nan,nan,0.9053080455651933,0.0,0.0,0.42353943436625335,1.4560411474656647,-0.0692810673244908,-0.10174952144620972,nan,nan,nan,nan,nan,nan,nan,nan,nan,nan,nan,nan,nan,nan,nan,nan,nan,nan,nan,nan,nan,nan,nan,nan,nan,nan,nan,nan,nan,nan,nan,nan,nan,nan,nan,nan,nan,nan,nan,nan,nan,nan,nan,nan,nan,nan,nan,nan,nan,0.2416220194133599
1791062714.49524,0.21178539386834733,0.510410968010548,2.4462026102503254,0.4177338215377643,2.447699285169186,0.3698357887497089,0.38010536261842903,0.0,0.0,1.74165445636721,0.7002614454867274,-0.04807340643350712,0.004535457303242435,0.44942203901009076,0.0,0.0,0.07373844530996201,1.673220643203561,0.030575682305190685,0.20436448642619687,0.2803629842440675,0.0,0.0,-1.7702588307785627,0.0606610819343051,0.042929788431721294,0.01951508153989709,nan,nan,nan,nan,nan,nan,nan,0.9298507266844511,0.0,0.0,-0.6474449135751267,2.0097322173425156,0.026325460761731048,-0.04326818589942458,nan,nan,nan,nan,nan,nan,nan,nan,nan,nan,nan,nan,nan,nan,0.8988610311165357,0.0,0.0,0.4172241705172086,1.4452779665683233,-0.06790519752192711,-0.1078796576884293,nan,nan,nan,nan,nan,nan,nan,nan,nan,nan,nan,nan,nan,nan,nan,nan,nan,nan,nan,nan,nan,nan,nan,nan,nan,nan,nan,nan,nan,nan,nan,nan,nan,nan,nan,nan,nan,nan,nan,nan,nan,nan,nan,nan,nan,nan,nan,nan,nan,0.24072442523945226
1791062714.596933,0.19332261908951723,0.5260441639823147,2.445239657020789,0.4247132235718577,2.438885699584228,0.3709831336746669,0.3807529600841088,0.0,0.0,1.7377285099396047,0.7002164488581419,-0.04736514737939029,-0.002939203573597317,0.44942203901009076,0.0,0.0,0.07547596401467074,1.6927551705722168,0.008513315933871902,0.19267035741457209,0.2862196269957552,0.0,0.0,-1.7655746883587469,0.062140265551919996,0.04268227683965761,-0.0053407403640285305,nan,nan,nan,nan,nan,nan,nan,0.9051062038381402,0.0,0.0,-0.6444133802785486,2.0047591560168447,0.02591755887415708,-0.04014219428660938,nan,nan,nan,nan,nan,nan,nan,nan,nan,nan,nan,nan,nan,nan,0.7914005726012513,0.0,0.0,0.4132223168339852,1.4335085782813788,-0.023940492856385658,-0.1116050469596969,nan,nan,nan,nan,nan,nan,nan,nan,nan,nan,nan,nan,nan,nan,nan,nan,nan,nan,nan,nan,nan,nan,nan,nan,nan,nan,nan,nan,nan,nan,nan,nan,nan,nan,nan,nan,nan,nan,nan,nan,nan,nan,nan,nan,nan,nan,nan,nan,nan,0.2449606275144826
1791062714.6952772,0.1747443513618985,0.5416460971938797,2.4426177060192953,0.416406747154167,2.430774455267074,0.3696129678777747,0.3871522275533306,0.0,0.0,1.7328960653511662,0.7001317774427191,-0.044702843913354925,-0.00021360039064847645,0.44942203901009076,0.0,0.0,0.07767941833567421,1.7124434751910906,0.02749060176632371,0.19864073175039978,0.2748313665470734,0.0,0.0,-1.7608503835576406,0.06380496746077631,0.045169977422613916,0.015513132923162625,nan,nan,nan,nan,nan,nan,nan,0.9020726475595031,0.0,0.0,-0.6435033672313264,2.0027454464939978,0.014605555203681585,-0.023187842790359077,nan,nan,nan,nan,nan,nan,nan,nan,nan,nan,nan,nan,nan,nan,0.8739271003865333,0.0,0.0,0.40697739160681573,1.422868082937369,-0.05676772004506872,-0.10220339636671907,nan,nan,nan,nan,nan,nan,nan,nan,nan,nan,nan,nan,nan,nan,nan,nan,nan,nan,nan,nan,nan,nan,nan,nan,nan,nan,nan,nan,nan,nan,nan,nan,nan,nan,nan,nan,nan,nan,nan,nan,nan,nan,nan,nan,nan,nan,nan,nan,nan,0.24699711264046345
1791062714.7954876,0.15614571998685217,0.5573460522285165,2.4403167543648383,0.4076999815505241,2.4220756500413385,0.3681132446274236,0.38697392546470916,0.0,0.0,1.728607836423849,0.7003399152654802,-0.044563754557990394,0.002742463300492584,0.44942203901009076,0.0,0.0,0.07954866603255645,1.731576809121444,0.012457501880984743,0.19794643197680267,0.22550720882875752,0.0,0.0,-1.756581465477434,0.06500711188757875,0.04183798523566448,0.0014342464023059665,nan,nan,nan,nan,nan,nan,nan,0.9144148683004945,0.0,0.0,-0.6420573093003801,2.000401785198083,0.008626990103657561,-0.0200078110115223,nan,nan,nan,nan,nan,nan,nan,nan,nan,nan,nan,nan,nan,nan,0.9144120890442363,0.0,0.0,0.4005999835265453,1.4112874127774615,-0.07788729734708517,-0.12478076431960769,nan,nan,nan,nan,nan,nan,nan,nan,nan,nan,nan,nan,nan,nan,nan,nan,nan,nan,nan,nan,nan,nan,nan,nan,nan,nan,nan,nan,nan,nan,nan,nan,nan,nan,nan,nan,nan,nan,nan,nan,nan,nan,nan,nan,nan,nan,nan,nan,nan,0.24731030549186095
1791062714.8952186,0.13768515775290888,0.5732584135727952,2.4397856059043335,0.398732880102047,2.4128336805477875,0.36649828715628047,0.31604523767636067,0.0,0.0,1.7243686183853633,0.7002866080388268,-0.050649621113372054,-0.01390524137544833,0.44942203901009076,0.0,0.0,0.08190028413607477,1.7509424589383735,0.021656216856813335,0.19025024076382302,0.24762967934197957,0.0,0.0,-1.7516915935008432,0.06648055194757505,0.0509724476369081,0.013918564559515933,nan,nan,nan,nan,nan,nan,nan,0.9477294730205857,0.0,0.0,-0.6398270121848463,1.997054432870525,0.018199358482972886,-0.03468238053057848,nan,nan,nan,nan,nan,nan,nan,nan,nan,nan,nan,nan,nan,nan,0.899724207851425,0.0,0.0,0.39423779362161626,1.400835948898655,-0.06694603273128853,-0.10636522206740835,nan,nan,nan,nan,nan,nan,nan,nan,nan,nan,nan,nan,nan,nan,nan,nan,nan,nan,nan,nan,nan,nan,nan,nan,nan,nan,nan,nan,nan,nan,nan,nan,nan,nan,nan,nan,nan,nan,nan,nan,nan,nan,nan,nan,nan,nan,nan,nan,nan,0.24952104840008632
1791062714.9952307,0.1192809586071783,0.5891019243661825,2.440544878948701,0.39581995061293956,2.403580517475788,0.36595788125522805,0.35987739138366975,0.0,0.0,1.719818938395061,0.7002042499257425,-0.044429815327659036,0.0007148482353806217,0.44942203901009076,0.0,0.0,0.0836446670700277,1.7704142634012214,0.017848110451576908,0.20297951033670458,0.34398172016186296,0.0,0.0,-1.7461166219610194,0.06939995027412627,0.05719722773781037,0.03894118564346091,nan,nan,nan,nan,nan,nan,nan,0.9382864507832606,0.0,0.0,-0.6386392108218657,1.9942723567572336,0.014466248642154848,-0.02792029243923327,nan,nan,nan,nan,nan,nan,nan,nan,nan,nan,nan,nan,nan,nan,0.8841413586040626,0.0,0.0,0.38745618826793465,1.389502419408847,-0.044838241041912724,-0.11790591456589691,nan,nan,nan,nan,nan,nan,nan,nan,nan,nan,nan,nan,nan,nan,nan,nan,nan,nan,nan,nan,nan,nan,nan,nan,nan,nan,nan,nan,nan,nan,nan,nan,nan,nan,nan,nan,nan,nan,nan,nan,nan,nan,nan,nan,nan,nan,nan,nan,nan,0.24213685613869387
1791062715.0952115,0.10105856903661747,0.6049962328868388,2.4413648020621124,0.3834688679086089,2.3940435934220754,0.36357774643362717,0.34836773851267505,0.0,0.0,1.7154572110562718,0.7004758928362709,-0.04631576957913885,0.0013637072659009534,0.44942203901009076,0.0,0.0,0.08562503605120474,1.789162320386032,0.018745745543766575,0.1756928676281081,0.32488314028512594,0.0,0.0,-1.739753584657264,0.07150904969919229,0.07138156416669067,0.030005272149294496,nan,nan,nan,nan,nan,nan,nan,0.9397855019865349,0.0,0.0,-0.6366804057157655,1.9914593369521798,0.01600539976680048,-0.02663587805739808,nan,nan,nan,nan,nan,nan,nan,nan,nan,nan,nan,nan,nan,nan,0.9153729325939263,0.0,0.0,0.3808141636156684,1.3782781385962786,-0.08277920254854824,-0.09494679257055383,nan,nan,nan,nan,nan,nan,nan,nan,nan,nan,nan,nan,nan,nan,nan,nan,nan,nan,nan,nan,nan,nan,nan,nan,nan,nan,nan,nan,nan,nan,nan,nan,nan,nan,nan,nan,nan,nan,nan,nan,nan,nan,nan,nan,nan,nan,nan,nan,nan,0.24543570473612003
1791062715.1951983,0.08288540712467743,0.6208381885705674,2.442265012205142,0.3765122316880213,2.3840136357124915,0.3621721274866069,0.3584949530991073,0.0,0.0,1.7113038478811244,0.7003085214460819,-0.04279075124886696,-0.00015147566245086747,0.44942203901009076,0.0,0.0,0.08733045885842734,1.808029199764306,0.014846855908015887,0.1934804156838612,0.3571335307075269,0.0,0.0,-1.7327801746938991,0.07432419580661116,0.07715254034342814,0.03272781876585378,nan,nan,nan,nan,nan,nan,nan,0.9336180719573193,0.0,0.0,-0.6347764138426736,1.9885066483564542,0.01504930686067288,-0.025403279693459353,nan,nan,nan,nan,nan,nan,nan,nan,nan,nan,nan,nan,nan,nan,0.9016414040336023,0.0,0.0,0.3746161305125089,1.3675931073818288,-0.06540933160621093,-0.104177975507633,nan,nan,nan,nan,nan,nan,nan,nan,nan,nan,nan,nan,nan,nan,nan,nan,nan,nan,nan,nan,nan,nan,nan,nan,nan,nan,nan,nan,nan,nan,nan,nan,nan,nan,nan,nan,nan,nan,nan,nan,nan,nan,nan,nan,nan,nan,nan,nan,nan,0.23817695809682385
1791062715.2952435,0.06461841628045081,0.6365916649376064,2.4416478781097473,0.3692636377931208,2.373918854668204,0.36065602542759506,0.3615745713678113,0.0,0.0,1.7073826187360057,0.7002668449902228,-0.038937180081299975,-0.004022921657272543,0.44942203901009076,0.0,0.0,0.08927357293902932,1.8261538079509376,0.018999921420168757,0.1745637309756983,0.39335686717479834,0.0,0.0,-1.724317184937466,0.07673800580422772,0.09196928250797365,0.039012902906218914,nan,nan,nan,nan,nan,nan,nan,0.9453604923849167,0.0,0.0,-0.6329124167541273,1.985262317636739,0.012349764509913718,-0.029059259899161683,nan,nan,nan,nan,nan,nan,nan,nan,nan,nan,nan,nan,nan,nan,0.9067347903411687,0.0,0.0,0.36811791716992986,1.3565209926768271,-0.0702237119626308,-0.11160222724719839,nan,nan,nan,nan,nan,nan,nan,nan,nan,nan,nan,nan,nan,nan,nan,nan,nan,nan,nan,nan,nan,nan,nan,nan,nan,nan,nan,nan,nan,nan,nan,nan,nan,nan,nan,nan,nan,nan,nan,nan,nan,nan,nan,nan,nan,nan,nan,nan,nan,0.24417345269414414
1791062715.3952265,0.04622188339986961,0.6521985964842862,2.4390132153689743,0.37708833780461876,2.364862619216274,0.36229035322883674,0.3927193424701516,0.0,0.0,1.7037364024076125,0.7004246636571204,-0.033836472912796435,0.0012114947245037296,0.44942203901009076,0.0,0.0,0.09076851675509934,1.8440099871552662,0.010873529878669692,0.18396200697948017,0.36631095626400473,0.0,0.0,-1.7134871550619426,0.0807498668831943,0.10853493177023375,0.019165260527011053,nan,nan,nan,nan,nan,nan,nan,0.936658834837794,0.0,0.0,-0.6312049789556665,1.981961246185832,0.0013807395729942221,-0.015925502317339867,nan,nan,nan,nan,nan,nan,nan,nan,nan,nan,nan,nan,nan,nan,0.8732959478208462,0.0,0.0,0.3606499837344911,1.3439923829070424,0.011376854668299723,-0.1832874221131995,nan,nan,nan,nan,nan,nan,nan,nan,nan,nan,nan,nan,nan,nan,nan,nan,nan,nan,nan,nan,nan,nan,nan,nan,nan,nan,nan,nan,nan,nan,nan,nan,nan,nan,nan,nan,nan,nan,nan,nan,nan,nan,nan,nan,nan,nan,nan,nan,nan,0.2394940637638269
1791062715.4952273,0.027747673260813628,0.6678323034076574,2.4360684784953155,0.3625172837441398,2.3561400470061225,0.3591965722565131,0.4037700262328801,0.0,0.0,1.7005531754526095,0.7004386320146687,-0.028769045897190502,-0.0019231314518192181,0.44942203901009076,0.0,0.0,0.09344175301679696,1.8613320535164333,0.025926359869645095,0.17447614645305826,0.5072076065064394,0.0,0.0,-1.700811484523422,0.08549055847467306,0.1362007678329269,0.05002052814394299,nan,nan,nan,nan,nan,nan,nan,0.9302329243812971,0.0,0.0,-0.6288592200781491,1.9784313670645395,0.04386873684209548,-0.05420900912509148,nan,nan,nan,nan,nan,nan,nan,nan,nan,nan,nan,nan,nan,nan,0.9399309542343935,0.0,0.0,0.351835436337745,1.3321683542718203,-0.11120199162765766,-0.09178193738763718,nan,nan,nan,nan,nan,nan,nan,nan,nan,nan,nan,nan,nan,nan,nan,nan,nan,nan,nan,nan,nan,nan,nan,nan,nan,nan,nan,nan,nan,nan,nan,nan,nan,nan,nan,nan,nan,nan,nan,nan,nan,nan,nan,nan,nan,nan,nan,nan,nan,0.23842634004533178
1791062715.5971234,0.009240564513532203,0.6835590709530731,2.4327480238706385,0.361880333218953,2.3472171726018214,0.3590563275982913,0.41876325895445093,0.0,0.0,1.697590110923445,0.7004012189390959,-0.028860195667261078,-0.0006599517982828276,0.44942203901009076,0.0,0.0,0.09384927429071169,1.879461871738455,0.005708276046907031,0.18676383412524963,0.45802917250972164,0.0,0.0,-1.688742116998532,0.08986470374904368,0.1229519159532434,0.03819783098641534,nan,nan,nan,nan,nan,nan,nan,0.919365401764455,0.0,0.0,-0.6271738309253014,1.9754231759552705,0.018740390908579364,-0.028663470504475375,nan,nan,nan,nan,nan,nan,nan,nan,nan,nan,nan,nan,nan,nan,0.9187218753238986,0.0,0.0,0.34378772139801717,1.3174656677193481,-0.06562065054276808,-0.16501638832722704,nan,nan,nan,nan,nan,nan,nan,nan,nan,nan,nan,nan,nan,nan,nan,nan,nan,nan,nan,nan,nan,nan,nan,nan,nan,nan,nan,nan,nan,nan,nan,nan,nan,nan,nan,nan,nan,nan,nan,nan,nan,nan,nan,nan,nan,nan,nan,nan,nan,0.2403211233931942
1791062715.6951694,-0.00931257366454772,0.6996940314883822,2.4292048776061597,0.36694551862391966,2.339463427264298,0.3601598625134735,0.3948918720804677,0.0,0.0,1.694846806081228,0.7003084632041578,-0.026018671634942182,-0.0008144345336996857,0.44942203901009076,0.0,0.0,0.09608975928786784,1.8992816834398083,0.0335040740021173,0.19614770084418462,0.4026882402557547,0.0,0.0,-1.6756472718289905,0.09403062319970917,0.127582845054672,0.03096626324553785,nan,nan,nan,nan,nan,nan,nan,0.9396475923404437,0.0,0.0,-0.6259674905196863,1.973341123707761,0.014232490519946187,-0.02426744778077286,nan,nan,nan,nan,nan,nan,nan,nan,nan,nan,nan,nan,nan,nan,0.9052967880990926,0.0,0.0,0.3355892539991456,1.3007204360135922,-0.012331189609821148,-0.22717281086452704,nan,nan,nan,nan,nan,nan,nan,nan,nan,nan,nan,nan,nan,nan,nan,nan,nan,nan,nan,nan,nan,nan,nan,nan,nan,nan,nan,nan,nan,nan,nan,nan,nan,nan,nan,nan,nan,nan,nan,nan,nan,nan,nan,nan,nan,nan,nan,nan,nan,0.2537201403734393
1791062715.7950215,-0.027636813346375935,0.7157153439966757,2.4283474233888187,0.364054460975202,2.3325792874364466,0.35953327737643614,0.4338995210277471,0.0,0.0,1.6924241733941578,0.7005367832920372,-0.021203883211827673,0.0013670758273620052,0.44942203901009076,0.0,0.0,0.09770758662557835,1.919540670491227,0.016058169724848158,0.18788083368800942,0.5686572266083378,0.0,0.0,-1.6609672691593678,0.09991819631229186,0.1522487755514521,0.06849979640094114,nan,nan,nan,nan,nan,nan,nan,0.9396475923404437,0.0,0.0,-0.6251429190539655,1.9713522006054751,0.01145287455506109,-0.021592784437167972,nan,nan,nan,nan,nan,nan,nan,nan,nan,nan,nan,nan,nan,nan,0.934368203926137,0.0,0.0,0.32491057393379297,1.285939693266315,-0.08809425058123144,-0.15719806657519278,nan,nan,nan,nan,nan,nan,nan,nan,nan,nan,nan,nan,nan,nan,nan,nan,nan,nan,nan,nan,nan,nan,nan,nan,nan,nan,nan,nan,nan,nan,nan,nan,nan,nan,nan,nan,nan,nan,nan,nan,nan,nan,nan,nan,nan,nan,nan,nan,nan,0.244860737261561
1791062715.8950732,-0.04589247208972286,0.7320761425055129,2.4302086911459715,0.3592545258950566,2.325814241653814,0.3584736561120861,0.43079792153948043,0.0,0.0,1.6903027602665335,0.7004487030359763,-0.019093461865263915,0.0007343689450118593,0.44942203901009076,0.0,0.0,0.09996026399667265,1.9385418807957946,0.012857094574512012,0.18110186823558777,0.5282537983677073,0.0,0.0,-1.6440912154485348,0.10510732957404738,0.17634015428107813,0.05138892434172447,nan,nan,nan,nan,nan,nan,nan,0.9396475923404437,0.0,0.0,-0.6239606049971927,1.9694462747749744,0.01242671702964953,-0.02065595688519865,nan,nan,nan,nan,nan,nan,nan,nan,nan,nan,nan,nan,nan,nan,0.9437777515672344,0.0,0.0,0.3150355400211176,1.2699131853021137,-0.1015534980349772,-0.16019977318508807,nan,nan,nan,nan,nan,nan,nan,nan,nan,nan,nan,nan,nan,nan,nan,nan,nan,nan,nan,nan,nan,nan,nan,nan,nan,nan,nan,nan,nan,nan,nan,nan,nan,nan,nan,nan,nan,nan,nan,nan,nan,nan,nan,nan,nan,nan,nan,nan,nan,0.2474145397957561
1791062715.996282,-0.06397180801924625,0.7482209107678798,2.431698512311524,0.3556602710068873,2.319120898731673,0.3576642050144154,0.4148895958926276,0.0,0.0,1.6884439714863246,0.7004338988711265,-0.01969267607774096,-0.0004814527438816692,0.44942203901009076,0.0,0.0,0.10150900518951055,1.9572179130123881,0.01601430160809201,0.18108922601268726,0.765298635568356,0.0,0.0,-1.6249908240700335,0.11215966340971623,0.17848419258156656,0.04138142335870969,nan,nan,nan,nan,nan,nan,nan,0.9396475923404437,0.0,0.0,-0.6227641300821075,1.967451539585621,0.012522425749665743,-0.022204676874355372,nan,nan,nan,nan,nan,nan,nan,nan,nan,nan,nan,nan,nan,nan,0.9422632357521783,0.0,0.0,0.30541611408053804,1.2536974114101358,-0.09026342827566675,-0.16289463782535663,nan,nan,nan,nan,nan,nan,nan,nan,nan,nan,nan,nan,nan,nan,nan,nan,nan,nan,nan,nan,nan,nan,nan,nan,nan,nan,nan,nan,nan,nan,nan,nan,nan,nan,nan,nan,nan,nan,nan,nan,nan,nan,nan,nan,nan,nan,nan,nan,nan,0.24246767952113546
1791062716.09508,-0.08206284277716897,0.7643853783371058,2.434325939023785,0.3505228162188225,2.3124720882959005,0.35648307798329987,0.4226592391800083,0.0,0.0,1.6869503359436355,0.7003886274012177,-0.01300174729514635,-0.000686829662413218,0.44942203901009076,0.0,0.0,0.10323438399693863,1.9749860712130223,0.015891511891848696,0.16949502682082773,0.6019549101117749,0.0,0.0,-1.6044255535137584,0.11947926865343275,0.2009026470630364,0.07645590722245205,nan,nan,nan,nan,nan,nan,nan,0.9396475923404437,0.0,0.0,-0.6211720414674652,1.9647431606449253,0.014429472267412955,-0.02586264912370903,nan,nan,nan,nan,nan,nan,nan,nan,nan,nan,nan,nan,nan,nan,0.9476298196340399,0.0,0.0,0.29564265234216874,1.2374115242423724,-0.10453284568999306,-0.1660884117455463,nan,nan,nan,nan,nan,nan,nan,nan,nan,nan,nan,nan,nan,nan,nan,nan,nan,nan,nan,nan,nan,nan,nan,nan,nan,nan,nan,nan,nan,nan,nan,nan,nan,nan,nan,nan,nan,nan,nan,nan,nan,nan,nan,nan,nan,nan,nan,nan,nan,0.24981553909711338
1791062716.195306,-0.10030578290127738,0.7804298268706418,2.435331739749857,0.34767191528179714,2.3059283521790124,0.35581523282983274,0.40596619520919225,0.0,0.0,1.6855307090095695,0.7003437697862399,-0.016102527459462345,-0.003366520690677397,0.44942203901009076,0.0,0.0,0.10494761117629901,1.9925373958072123,0.02816557675829188,0.17366086754203774,0.6174478101383293,0.0,0.0,-1.5838516677974723,0.1268608781226887,0.21716491989186104,0.07616466903433407,nan,nan,nan,nan,nan,nan,nan,0.9396475923404437,0.0,0.0,-0.6197281051618188,1.961952722488386,-0.006787863608567483,-0.009091991866543673,nan,nan,nan,nan,nan,nan,nan,nan,nan,nan,nan,nan,nan,nan,0.9437778635201288,0.0,0.0,0.2857969527240418,1.2203880553535105,-0.09227984259470554,-0.17627766639674874,nan,nan,nan,nan,nan,nan,nan,nan,nan,nan,nan,nan,nan,nan,nan,nan,nan,nan,nan,nan,nan,nan,nan,nan,nan,nan,nan,nan,nan,nan,nan,nan,nan,nan,nan,nan,nan,nan,nan,nan,nan,nan,nan,nan,nan,nan,nan,nan,nan,0.2461961609973517
1791062716.2950473,-0.11864081432472191,0.7963699710616406,2.4365407048895094,0.3422069684435068,2.2994502821614855,0.3545099104132601,0.43654860190414224,0.0,0.0,1.6841236436010911,0.7002918781659538,-0.013514744015834551,0.00027142768089562035,0.44942203901009076,0.0,0.0,0.10634376132130278,2.01186289276894,0.027396714647982122,0.20093745935400212,0.586386817786621,0.0,0.0,-1.565444894892477,0.13431695259234946,0.1729802384310064,0.07070680924193136,nan,nan,nan,nan,nan,nan,nan,0.9396475923404437,0.0,0.0,-0.6179153591400716,1.9588670293122372,0.03275992307133942,-0.04245808382522441,nan,nan,nan,nan,nan,nan,nan,nan,nan,nan,nan,nan,nan,nan,0.9506466548489356,0.0,0.0,0.2752151358518455,1.2028677291729175,-0.1097626760229598,-0.1689126180705249,nan,nan,nan,nan,nan,nan,nan,nan,nan,nan,nan,nan,nan,nan,nan,nan,nan,nan,nan,nan,nan,nan,nan,nan,nan,nan,nan,nan,nan,nan,nan,nan,nan,nan,nan,nan,nan,nan,nan,nan,nan,nan,nan,nan,nan,nan,nan,nan,nan,0.24241019000402442
1791062716.3978868,-0.13695655990361058,0.8122589545361127,2.437831599300661,0.33907453170205837,2.2930326752266765,0.35374665429633234,0.41578092227438973,0.0,0.0,1.6825737064128685,0.7002545656385232,-0.01698165536793564,-0.0004106420831183875,0.44942203901009076,0.0,0.0,0.1083144998702101,2.0281251516518597,0.00712813866368152,0.17496574802339293,0.5094899049172776,0.0,0.0,-1.5510119797121686,0.139494949307533,0.14403415356472798,0.04855858332386277,nan,nan,nan,nan,nan,nan,nan,0.9396475923404437,0.0,0.0,-0.6165969756128019,1.9564678008235106,0.015046405702142055,-0.025075894178754436,nan,nan,nan,nan,nan,nan,nan,nan,nan,nan,nan,nan,nan,nan,0.9443977490444116,0.0,0.0,0.2650639330569841,1.185381209771216,-0.10627697799041873,-0.17988622394204762,nan,nan,nan,nan,nan,nan,nan,nan,nan,nan,nan,nan,nan,nan,nan,nan,nan,nan,nan,nan,nan,nan,nan,nan,nan,nan,nan,nan,nan,nan,nan,nan,nan,nan,nan,nan,nan,nan,nan,nan,nan,nan,nan,nan,nan,nan,nan,nan,nan,0.2392752641286297
1791062716.4952464,-0.15541249161328455,0.8281709798829321,2.4389424357560308,0.3355656440146129,2.2868006323267513,0.3528784763667913,0.4413925176670702,0.0,0.0,1.681067204739722,0.7002750130042069,-0.015761332107860977,0.0016168090644703096,0.44942203901009076,0.0,0.0,0.10842386745921903,2.04540059686675,0.0019266271863273617,0.15676817747213043,0.5678768748512383,0.0,0.0,-1.534775487432872,0.14550460716092425,0.17025367461801488,0.0656934528576443,nan,nan,nan,nan,nan,nan,nan,0.9396475923404437,0.0,0.0,-0.6150909582934939,1.9539159525093512,0.017657977426534445,-0.02764073670479892,nan,nan,nan,nan,nan,nan,nan,nan,nan,nan,nan,nan,nan,nan,0.9458902225340854,0.0,0.0,0.25427040818153135,1.167117745904277,-0.09797754440763146,-0.17900235317392602,nan,nan,nan,nan,nan,nan,nan,nan,nan,nan,nan,nan,nan,nan,nan,nan,nan,nan,nan,nan,nan,nan,nan,nan,nan,nan,nan,nan,nan,nan,nan,nan,nan,nan,nan,nan,nan,nan,nan,nan,nan,nan,nan,nan,nan,nan,nan,nan,nan,0.24649507070807178
1791062716.5949924,-0.17372625066483863,0.8440755169318047,2.44133509234995,0.3296402276078563,2.280551418002483,0.3513803449096754,0.4507126941208086,0.0,0.0,1.6796673119625052,0.700358070194759,-0.012719233532010989,0.0001719405582235778,0.44942203901009076,0.0,0.0,0.10998173825807717,2.061198884049114,0.025073578999675605,0.16538477964984752,0.5837166131707984,0.0,0.0,-1.5170060881736604,0.15226619656692192,0.1892998303735055,0.06449691780910403,nan,nan,nan,nan,nan,nan,nan,0.9396475923404437,0.0,0.0,-0.6134037535004275,1.9509350513401027,0.031397119903399606,-0.045911569725220126,nan,nan,nan,nan,nan,nan,nan,nan,nan,nan,nan,nan,nan,nan,0.951906686086213,0.0,0.0,0.2435570459945044,1.1487710227759589,-0.11604157964852928,-0.1837744036114617,nan,nan,nan,nan,nan,nan,nan,nan,nan,nan,nan,nan,nan,nan,nan,nan,nan,nan,nan,nan,nan,nan,nan,nan,nan,nan,nan,nan,nan,nan,nan,nan,nan,nan,nan,nan,nan,nan,nan,nan,nan,nan,nan,nan,nan,nan,nan,nan,nan,0.24305458368355104
1791062716.695002,-0.19204965146570607,0.8599903904259641,2.445063110406418,0.32403393066360975,2.274174339806421,0.34992528998459593,0.44723094307707584,0.0,0.0,1.678252441625049,0.7004221807188578,-0.014198874948794812,0.0003690075883259354,0.44942203901009076,0.0,0.0,0.11156141347130215,2.077285638280763,0.01621540415385611,0.1535680053003484,0.6114882506876896,0.0,0.0,-1.4983222335597828,0.1589804588511349,0.18441086187320582,0.07653175865799045,nan,nan,nan,nan,nan,nan,nan,0.9396475923404437,0.0,0.0,-0.6118984294277958,1.948182995739852,0.04031367136178224,-0.04855660475213588,nan,nan,nan,nan,nan,nan,nan,nan,nan,nan,nan,nan,nan,nan,0.9507041836444916,0.0,0.0,0.23293708497669702,1.1301468187050998,-0.11088924911553026,-0.19050058704986855,nan,nan,nan,nan,nan,nan,nan,nan,nan,nan,nan,nan,nan,nan,nan,nan,nan,nan,nan,nan,nan,nan,nan,nan,nan,nan,nan,nan,nan,nan,nan,nan,nan,nan,nan,nan,nan,nan,nan,nan,nan,nan,nan,nan,nan,nan,nan,nan,nan,0.24165793332448596
1791062716.7950351,-0.21002505557293777,0.8758526595689774,2.449689281712157,0.3182410374913471,2.2677007625885026,0.34838276853089584,0.43916174237404865,0.0,0.0,1.6768477520792093,0.7004704477821551,-0.016045475022165665,5.0709008646740854e-05,0.44942203901009076,0.0,0.0,0.11281610193553698,2.093188854316714,0.007978519166791286,0.15930735463987772,0.5842264635878285,0.0,0.0,-1.4790122540006132,0.166089522405933,0.19836769339985671,0.059820853474550004,nan,nan,nan,nan,nan,nan,nan,0.9396475923404437,0.0,0.0,-0.6105602924225694,1.9457704549718924,0.017036499573394693,-0.02789620471731802,nan,nan,nan,nan,nan,nan,nan,nan,nan,nan,nan,nan,nan,nan,0.9499579713692423,0.0,0.0,0.22181443611659726,1.1111588727324955,-0.10452604099369966,-0.19115884449806317,nan,nan,nan,nan,nan,nan,nan,nan,nan,nan,nan,nan,nan,nan,nan,nan,nan,nan,nan,nan,nan,nan,nan,nan,nan,nan,nan,nan,nan,nan,nan,nan,nan,nan,nan,nan,nan,nan,nan,nan,nan,nan,nan,nan,nan,nan,nan,nan,nan,0.23904712820241902
1791062716.8948436,-0.22830516868380935,0.891519575948638,2.4533849110381336,0.3143896089032193,2.261261984092081,0.34733495516575774,0.43916174237404865,0.0,0.0,1.6754540611013045,0.7004656768255622,-0.014940747909722015,-0.0009732476819865654,0.44942203901009076,0.0,0.0,0.11439205596929658,2.1095621319384383,0.018267224981137524,0.16820400101734584,0.6391261576915653,0.0,0.0,-1.460019465622204,0.17314310592415877,0.19332803834455492,0.08148406143281653,nan,nan,nan,nan,nan,nan,nan,0.9396475923404437,0.0,0.0,-0.608955726000763,1.9430955510705301,0.01658472182368078,-0.02813453464206932,nan,nan,nan,nan,nan,nan,nan,nan,nan,nan,nan,nan,nan,nan,0.9492158820000848,0.0,0.0,0.21074375301465711,1.0922279186294312,-0.10648254941060079,-0.18697545962039597,nan,nan,nan,nan,nan,nan,nan,nan,nan,nan,nan,nan,nan,nan,nan,nan,nan,nan,nan,nan,nan,nan,nan,nan,nan,nan,nan,nan,nan,nan,nan,nan,nan,nan,nan,nan,nan,nan,nan,nan,nan,nan,nan,nan,nan,nan,nan,nan,nan,0.24260208429473096
1791062716.9948297,-0.24649903788477495,0.9070928542904503,2.4566068876264153,0.3055030732464976,2.2546679511801626,0.34484836654451334,0.43916174237404865,0.0,0.0,1.67390240805033,0.7003896883869533,-0.015608044870985407,-0.0005883576875122169,0.44942203901009076,0.0,0.0,0.1160446849616146,2.1259193394726204,0.022218007321161873,0.16745916620126733,0.6527619199750226,0.0,0.0,-1.4413433553599453,0.1803383973720719,0.19708175878959283,0.08457365247132964,nan,nan,nan,nan,nan,nan,nan,0.9396475923404437,0.0,0.0,-0.6072681065060208,1.9402000634314425,0.013952960176553286,-0.029833956934728345,nan,nan,nan,nan,nan,nan,nan,nan,nan,nan,nan,nan,nan,nan,0.9502524901514354,0.0,0.0,0.19996108897906203,1.0736622251767725,-0.11314807813462031,-0.18981245154600002,nan,nan,nan,nan,nan,nan,nan,nan,nan,nan,nan,nan,nan,nan,nan,nan,nan,nan,nan,nan,nan,nan,nan,nan,nan,nan,nan,nan,nan,nan,nan,nan,nan,nan,nan,nan,nan,nan,nan,nan,nan,nan,nan,nan,nan,nan,nan,nan,nan,0.23885809925864754
1791062717.0947952,-0.26484844661048235,0.922679297841343,2.4585585588920185,0.29019069875285114,2.2472928926501097,0.340332936348891,0.43916174237404865,0.0,0.0,1.672316673245646,0.7003391366741956,-0.016864380576212278,-0.0003247639627464334,0.44942203901009076,0.0,0.0,0.11734366268157465,2.1426418507991696,0.01051654721930938,0.17189675537407964,0.63893176082932,0.0,0.0,-1.4224125742454892,0.18805740956485822,0.201398272438228,0.0803697432149065,nan,nan,nan,nan,nan,nan,nan,0.9396475923404437,0.0,0.0,-0.6053781568809088,1.9369788011542723,0.03454596646486493,-0.0456999732921649,nan,nan,nan,nan,nan,nan,nan,nan,nan,nan,nan,nan,nan,nan,0.9506198081438455,0.0,0.0,0.18903170554457335,1.054820359806965,-0.11924996054861912,-0.1959753059781909,nan,nan,nan,nan,nan,nan,nan,nan,nan,nan,nan,nan,nan,nan,nan,nan,nan,nan,nan,nan,nan,nan,nan,nan,nan,nan,nan,nan,nan,nan,nan,nan,nan,nan,nan,nan,nan,nan,nan,nan,nan,nan,nan,nan,nan,nan,nan,nan,nan,0.24036791879974465
1791062717.195471,-0.28338253718874645,0.9383288052854395,2.4612989278018618,0.26333850654445135,2.2383028665211184,0.3316835655399104,0.43916174237404865,0.0,0.0,1.6704776305299212,0.700264407377952,-0.0190017235013448,-0.0008767417681262165,0.44942203901009076,0.0,0.0,0.11903043240759557,2.160082198487222,0.01961408041574439,0.18058327314734274,0.6057479265638768,0.0,0.0,-1.4029436068743815,0.19517819365969669,0.18209394028538378,0.06532199277471486,nan,nan,nan,nan,nan,nan,nan,0.9396475923404437,0.0,0.0,-0.6035787067681749,1.9339318756771917,0.02463219164192503,-0.04027628129703592,nan,nan,nan,nan,nan,nan,nan,nan,nan,nan,nan,nan,nan,nan,0.9506198081438455,0.0,0.0,0.1778948512349405,1.0357698887758793,-0.10514316638708236,-0.18876919251799776,nan,nan,nan,nan,nan,nan,nan,nan,nan,nan,nan,nan,nan,nan,nan,nan,nan,nan,nan,nan,nan,nan,nan,nan,nan,nan,nan,nan,nan,nan,nan,nan,nan,nan,nan,nan,nan,nan,nan,nan,nan,nan,nan,nan,nan,nan,nan,nan,nan,0.23507254998564536
1791062717.2950478,-0.30207034345256,0.9538125351128959,2.4619629302503028,0.23926353855324484,2.227672355631846,0.3231077787943541,0.43916174237404865,0.0,0.0,1.668413377121197,0.7002514868379573,-0.022912197244993437,0.0011539021633523573,0.44942203901009076,0.0,0.0,0.1207685817901757,2.177827103153962,0.020285624384437862,0.17112620158477418,0.6147889612591274,0.0,0.0,-1.3829866818509655,0.20277949101686793,0.2013914513884081,0.06682893788039285,nan,nan,nan,nan,nan,nan,nan,0.9396475923404437,0.0,0.0,-0.6007899608171786,1.9289200413747714,0.04052030234185411,-0.06517426881218828,nan,nan,nan,nan,nan,nan,nan,nan,nan,nan,nan,nan,nan,nan,0.9506198081438455,0.0,0.0,0.1666285541697656,1.0169055587338796,-0.10475135108068172,-0.17650628852606237,nan,nan,nan,nan,nan,nan,nan,nan,nan,nan,nan,nan,nan,nan,nan,nan,nan,nan,nan,nan,nan,nan,nan,nan,nan,nan,nan,nan,nan,nan,nan,nan,nan,nan,nan,nan,nan,nan,nan,nan,nan,nan,nan,nan,nan,nan,nan,nan,nan,0.23672095222694536
1791062717.3943079,-0.32077154693923055,0.9691895463583781,2.462778336591586,0.2164946024643865,2.015681302590513,0.3142644732120541,0.43916174237404865,0.0,0.0,1.666114721725235,0.7003930186836665,-0.02419365955590083,0.002022082889816237,0.44942203901009076,0.0,0.0,0.12220586032136828,2.1951768127519857,0.01427460936477397,0.18272471286661102,0.6147889612591274,0.0,0.0,-1.363133614927963,0.21053169951638925,0.21417265951847975,0.09748323508594701,nan,nan,nan,nan,nan,nan,nan,0.9396475923404437,0.0,0.0,-0.5983091197340232,1.924572330196918,0.03032133031667035,-0.04380157877174057,nan,nan,nan,nan,nan,nan,nan,nan,nan,nan,nan,nan,nan,nan,0.9506198081438455,0.0,0.0,0.15572747563049563,0.9979520968142833,-0.1146279819966709,-0.19540014822239146,nan,nan,nan,nan,nan,nan,nan,nan,nan,nan,nan,nan,nan,nan,nan,nan,nan,nan,nan,nan,nan,nan,nan,nan,nan,nan,nan,nan,nan,nan,nan,nan,nan,nan,nan,nan,nan,nan,nan,nan,nan,nan,nan,nan,nan,nan,nan,nan,nan,0.24119258275688607
1791062717.4942904,-0.33927388541671366,0.9845397625552553,2.4643103115714253,0.19589350471683384,1.8238739916003355,0.30564507174606564,0.43916174237404865,0.0,0.0,1.6637877261117033,0.7005396311599087,-0.02355484838491174,0.0033254439105031676,0.44942203901009076,0.0,0.0,0.12398795461569335,2.2125738982267955,0.023337784145299842,0.1772717739750418,0.6147889612591274,0.0,0.0,-1.344212648029247,0.21747698238809177,0.18214708280568914,0.07493602982653011,nan,nan,nan,nan,nan,nan,nan,0.9396475923404437,0.0,0.0,-0.5962354708372368,1.9209411389214013,0.024000629362271146,-0.03945743288753594,nan,nan,nan,nan,nan,nan,nan,nan,nan,nan,nan,nan,nan,nan,0.9506198081438455,0.0,0.0,0.14453865589980672,0.9785551036331721,-0.11548772898754685,-0.20201721349024535,nan,nan,nan,nan,nan,nan,nan,nan,nan,nan,nan,nan,nan,nan,nan,nan,nan,nan,nan,nan,nan,nan,nan,nan,nan,nan,nan,nan,nan,nan,nan,nan,nan,nan,nan,nan,nan,nan,nan,nan,nan,nan,nan,nan,nan,nan,nan,nan,nan,0.23678406022018925
1791062717.5943096,-0.3576863307169122,0.999700131193032,2.467116456347857,0.1772517730266894,1.6503094334635364,0.2973443444078491,0.43916174237404865,0.0,0.0,1.6611952891130155,0.7004525690857055,-0.028797597067769617,-0.0021185873614081364,0.44942203901009076,0.0,0.0,0.12554321254869094,2.2287309387736034,0.01423427162959651,0.1573689601225778,0.6147889612591274,0.0,0.0,-1.325481233109247,0.2246834268722232,0.1935959482511575,0.06159685772359739,nan,nan,nan,nan,nan,nan,nan,0.9396475923404437,0.0,0.0,-0.5945502355962081,1.917534613368073,0.016404313119782573,-0.03572474553994205,nan,nan,nan,nan,nan,nan,nan,nan,nan,nan,nan,nan,nan,nan,0.9506198081438455,0.0,0.0,0.1330831430544369,0.9584670874397823,-0.11153327769683923,-0.20509387675971236,nan,nan,nan,nan,nan,nan,nan,nan,nan,nan,nan,nan,nan,nan,nan,nan,nan,nan,nan,nan,nan,nan,nan,nan,nan,nan,nan,nan,nan,nan,nan,nan,nan,nan,nan,nan,nan,nan,nan,nan,nan,nan,nan,nan,nan,nan,nan,nan,nan,0.24155694774869768
1791062717.6943552,-0.3760403454690086,1.014879642889002,2.469348264789615,0.1603840366560178,1.493261726812366,0.2894331644301937,0.43916174237404865,0.0,0.0,1.6582841256047929,0.7002966732691844,-0.028867795340121127,3.1922538593894944e-05,0.44942203901009076,0.0,0.0,0.1269071702407804,2.245068472801391,0.004568340877319502,0.1676578767426334,0.6147889612591274,0.0,0.0,-1.3070259653834915,0.2318865831472863,0.1818507873731171,0.07327029214433992,nan,nan,nan,nan,nan,nan,nan,0.9396475923404437,0.0,0.0,-0.5926830237229618,1.9143718349751158,0.01979454724912827,-0.03126220567753725,nan,nan,nan,nan,nan,nan,nan,nan,nan,nan,nan,nan,nan,nan,0.9506198081438455,0.0,0.0,0.12132698656653054,0.9383301693558812,-0.11170769559508328,-0.19704734778763167,nan,nan,nan,nan,nan,nan,nan,nan,nan,nan,nan,nan,nan,nan,nan,nan,nan,nan,nan,nan,nan,nan,nan,nan,nan,nan,nan,nan,nan,nan,nan,nan,nan,nan,nan,nan,nan,nan,nan,nan,nan,nan,nan,nan,nan,nan,nan,nan,nan,0.2481478712064602
1791062717.7943366,-0.3944302202449853,1.0298935744803395,2.470294465488341,0.14512302260145019,1.35117346993112,0.28195970617951177,0.43916174237404865,0.0,0.0,1.6551041313741444,0.7003958648996268,-0.03873702277104359,0.005031114708195786,0.44942203901009076,0.0,0.0,0.12873092647471263,2.2617373686782165,0.0303680883139491,0.20656085962260723,0.6147889612591274,0.0,0.0,-1.2882649917447841,0.2384752455386372,0.221292846334561,0.07565908545421561,nan,nan,nan,nan,nan,nan,nan,0.9396475923404437,0.0,0.0,-0.5903176212439237,1.9106244135969563,0.046073595316747123,-0.06968757312980728,nan,nan,nan,nan,nan,nan,nan,nan,nan,nan,nan,nan,nan,nan,0.9506198081438455,0.0,0.0,0.10949094953597784,0.9184547170342515,-0.14168511441032608,-0.2306417961290616,nan,nan,nan,nan,nan,nan,nan,nan,nan,nan,nan,nan,nan,nan,nan,nan,nan,nan,nan,nan,nan,nan,nan,nan,nan,nan,nan,nan,nan,nan,nan,nan,nan,nan,nan,nan,nan,nan,nan,nan,nan,nan,nan,nan,nan,nan,nan,nan,nan,0.29631925309140705
1791062717.8943021,-0.41297063504012776,1.0449379118619015,2.4702707716538774,0.13131378803682614,1.2226020616920705,0.2749506122303305,0.43916174237404865,0.0,0.0,1.6515255402495455,0.7006451376236575,-0.03631695293165766,0.001771971710958641,0.44942203901009076,0.0,0.0,0.13049142231685237,2.278436473003797,0.01473855754369396,0.17576547345743093,0.6147889612591274,0.0,0.0,-1.2700382922219997,0.24575947975219306,0.19045422637324405,0.0727056711872478,nan,nan,nan,nan,nan,nan,nan,0.9396475923404437,0.0,0.0,-0.588402626630299,1.9070383665526227,0.03468492411221551,-0.05507007681275934,nan,nan,nan,nan,nan,nan,nan,nan,nan,nan,nan,nan,nan,nan,0.9506198081438455,0.0,0.0,0.09763804834269818,0.8982805623085662,-0.12463533843378721,-0.20484644051786563,nan,nan,nan,nan,nan,nan,nan,nan,nan,nan,nan,nan,nan,nan,nan,nan,nan,nan,nan,nan,nan,nan,nan,nan,nan,nan,nan,nan,nan,nan,nan,nan,nan,nan,nan,nan,nan,nan,nan,nan,nan,nan,nan,nan,nan,nan,nan,nan,nan,0.2383692728400355
1791062717.994309,-0.4316270940440155,1.060114724042172,2.469579263461612,0.11881819770735709,1.1062613885056114,0.2684174658646018,0.43916174237404865,0.0,0.0,1.6478728210653872,0.7004930149221262,-0.03773085209939165,-0.0009949761062374436,0.44942203901009076,0.0,0.0,0.13219012842373726,2.2946782377302295,0.013155766055351516,0.1535033727757112,0.6147889612591274,0.0,0.0,-1.2508518000013036,0.25304519904641315,0.19187193873512176,0.07916959864130131,nan,nan,nan,nan,nan,nan,nan,0.9396475923404437,0.0,0.0,-0.5867809921181141,1.9038469721041178,0.021477326342485024,-0.035677736432971285,nan,nan,nan,nan,nan,nan,nan,nan,nan,nan,nan,nan,nan,nan,0.9506198081438455,0.0,0.0,0.085659695859711,0.8779154316455718,-0.13150271630026455,-0.20734783328099804,nan,nan,nan,nan,nan,nan,nan,nan,nan,nan,nan,nan,nan,nan,nan,nan,nan,nan,nan,nan,nan,nan,nan,nan,nan,nan,nan,nan,nan,nan,nan,nan,nan,nan,nan,nan,nan,nan,nan,nan,nan,nan,nan,nan,nan,nan,nan,nan,nan,0.23198851635403958
1791062718.0942867,-0.4499524989356547,1.0751324113792615,2.4705396449429484,0.10751115123608866,1.0009866985123261,0.2623591768361357,0.43916174237404865,0.0,0.0,1.643590750489422,0.7004105957690389,-0.04880620102105194,-0.009274291774019616,0.44942203901009076,0.0,0.0,0.1338975983385331,2.3109629452182876,0.023519916696006393,0.15500264805198338,0.6147889612591274,0.0,0.0,-1.2319674024410665,0.26028561010842083,0.19151742357915552,0.057009953234870556,nan,nan,nan,nan,nan,nan,nan,0.9396475923404437,0.0,0.0,-0.5844674307590215,1.900362287551769,0.022287632794129153,-0.03675841213464641,nan,nan,nan,nan,nan,nan,nan,nan,nan,nan,nan,nan,nan,nan,0.9506198081438455,0.0,0.0,0.07390585057787788,0.8574800791990091,-0.1241156628813905,-0.21016797603879267,nan,nan,nan,nan,nan,nan,nan,nan,nan,nan,nan,nan,nan,nan,nan,nan,nan,nan,nan,nan,nan,nan,nan,nan,nan,nan,nan,nan,nan,nan,nan,nan,nan,nan,nan,nan,nan,nan,nan,nan,nan,nan,nan,nan,nan,nan,nan,nan,nan,0.22465729189660222
1791062718.1944036,-0.4678175539082952,1.0898075100477123,2.471890957707813,0.0972804371250145,0.9057332422547577,0.25676573473814684,0.43916174237404865,0.0,0.0,1.6394928029134481,0.7006328633293513,-0.04200027994497186,0.002494616817677369,0.44942203901009076,0.0,0.0,0.1357073923446364,2.3266032292969263,0.022318566047169763,0.15738500581895937,0.6147889612591274,0.0,0.0,-1.2131679773727033,0.26775884169050784,0.187701851864915,0.08147117708466799,nan,nan,nan,nan,nan,nan,nan,0.9396475923404437,0.0,0.0,-0.5824234847689043,1.8965539285780961,0.019537620099455127,-0.04445389403898088,nan,nan,nan,nan,nan,nan,nan,nan,nan,nan,nan,nan,nan,nan,0.9506198081438455,0.0,0.0,0.06202077492370663,0.8368997227318987,-0.11900212043463884,-0.21210126822430808,nan,nan,nan,nan,nan,nan,nan,nan,nan,nan,nan,nan,nan,nan,nan,nan,nan,nan,nan,nan,nan,nan,nan,nan,nan,nan,nan,nan,nan,nan,nan,nan,nan,nan,nan,nan,nan,nan,nan,nan,nan,nan,nan,nan,nan,nan,nan,nan,nan,0.22412600641075836
1791062718.294292,-0.4856125671501855,1.1041228818125821,2.470096706441013,0.08802297955999328,0.819541328410587,0.2516194787229566,0.43916174237404865,0.0,0.0,1.6352972035862121,0.7006223379992665,-0.041700125333455566,-0.0020975874800653474,0.44942203901009076,0.0,0.0,0.1373762431188478,2.3424314248646563,0.01800415796315303,0.15404853273837904,0.6147889612591274,0.0,0.0,-1.1941954880132772,0.27481526205371554,0.18717478883131275,0.05604653653765923,nan,nan,nan,nan,nan,nan,nan,0.9396475923404437,0.0,0.0,-0.5798023802641887,1.8917691120649027,0.03170374698624603,-0.05022233757672949,nan,nan,nan,nan,nan,nan,nan,nan,nan,nan,nan,nan,nan,nan,0.9506198081438455,0.0,0.0,0.05010712639686303,0.816410926683673,-0.11649909389492566,-0.20806265566849674,nan,nan,nan,nan,nan,nan,nan,nan,nan,nan,nan,nan,nan,nan,nan,nan,nan,nan,nan,nan,nan,nan,nan,nan,nan,nan,nan,nan,nan,nan,nan,nan,nan,nan,nan,nan,nan,nan,nan,nan,nan,nan,nan,nan,nan,nan,nan,nan,nan,0.2284697326265273
1791062718.394311,-0.5035449730039013,1.1185659826999337,2.4701898513495775,0.07964671876429512,0.7415538308964719,0.24689888667286253,0.43916174237404865,0.0,0.0,1.6306613810808586,0.7004780825969866,-0.052541308244909345,-0.010230060659379342,0.44942203901009076,0.0,0.0,0.1389685895092675,2.35926257627619,0.014807290274643566,0.17430993933342318,0.6147889612591274,0.0,0.0,-1.1752738221572392,0.2824464647006388,0.1914667597820292,0.07187860814248516,nan,nan,nan,nan,nan,nan,nan,0.9396475923404437,0.0,0.0,-0.5780907342561383,1.8891535780404136,0.011939098327476071,-0.022095796894094057,nan,nan,nan,nan,nan,nan,nan,nan,nan,nan,nan,nan,nan,nan,0.9506198081438455,0.0,0.0,0.03829975978490265,0.7961285414054639,-0.11026851461032249,-0.2042078450333975,nan,nan,nan,nan,nan,nan,nan,nan,nan,nan,nan,nan,nan,nan,nan,nan,nan,nan,nan,nan,nan,nan,nan,nan,nan,nan,nan,nan,nan,nan,nan,nan,nan,nan,nan,nan,nan,nan,nan,nan,nan,nan,nan,nan,nan,nan,nan,nan,nan,0.2432542322837313
1791062718.4943042,-0.5210888218563409,1.1327647057541053,2.4698703376176385,0.07206733136771928,0.6709856537388854,0.2425790289087805,0.43916174237404865,0.0,0.0,1.6258751734465542,0.7008164310763517,-0.048200593278354395,0.0022914241675722957,0.44942203901009076,0.0,0.0,0.14081889190178243,2.37654624158669,0.024848570719365026,0.17577026366093246,0.6147889612591274,0.0,0.0,-1.1566803598821445,0.28974648173174006,0.17782621245206331,0.06614142864570269,nan,nan,nan,nan,nan,nan,nan,0.9396475923404437,0.0,0.0,-0.5769882831306621,1.8872549026802479,0.014305365674910683,-0.02091838758611703,nan,nan,nan,nan,nan,nan,nan,nan,nan,nan,nan,nan,nan,nan,0.9506198081438455,0.0,0.0,0.026494536894062552,0.7756299003206133,-0.11175590006420612,-0.2025179331211514,nan,nan,nan,nan,nan,nan,nan,nan,nan,nan,nan,nan,nan,nan,nan,nan,nan,nan,nan,nan,nan,nan,nan,nan,nan,nan,nan,nan,nan,nan,nan,nan,nan,nan,nan,nan,nan,nan,nan,nan,nan,nan,nan,nan,nan,nan,nan,nan,nan,0.2305753219226933
1791062718.594279,-0.5387608318891435,1.1473491748485944,2.47025621192092,0.06520926284439917,0.6071333436259121,0.2386339669357223,0.43916174237404865,0.0,0.0,1.6212631923719576,0.7008542810586463,-0.05258749829818088,0.0016501843514985222,0.44942203901009076,0.0,0.0,0.14244991519665387,2.3931622054979083,0.012795333608883613,0.1561747688341057,0.6147889612591274,0.0,0.0,-1.1377210525009098,0.29711122028109116,0.1910658963501461,0.06413210156620233,nan,nan,nan,nan,nan,nan,nan,0.9396475923404437,0.0,0.0,-0.5760603311943833,1.88494150176666,-0.002391248273396389,-0.02556907287128944,nan,nan,nan,nan,nan,nan,nan,nan,nan,nan,nan,nan,nan,nan,0.9506198081438455,0.0,0.0,0.014578794679866879,0.7551053108571135,-0.11669008873722046,-0.19910157920747418,nan,nan,nan,nan,nan,nan,nan,nan,nan,nan,nan,nan,nan,nan,nan,nan,nan,nan,nan,nan,nan,nan,nan,nan,nan,nan,nan,nan,nan,nan,nan,nan,nan,nan,nan,nan,nan,nan,nan,nan,nan,nan,nan,nan,nan,nan,nan,nan,nan,0.21651636115746628
1791062718.6942642,-0.5559001615831847,1.161452412675353,2.4710972673907796,0.059004416622347206,0.54936288481137,0.2350374611496381,0.43916174237404865,0.0,0.0,1.6161029065899233,0.7006441877294429,-0.04831527777030173,0.003933596697095761,0.44942203901009076,0.0,0.0,0.14397282407042686,2.4103466514369325,0.014025456593466138,0.18063624487334126,0.6147889612591274,0.0,0.0,-1.1229954372875606,0.3056107624985184,0.18062114858337394,0.07000643500363303,nan,nan,nan,nan,nan,nan,nan,0.9396475923404437,0.0,0.0,-0.574402887047768,1.8825584709000016,0.016000735337242507,-0.024803471603797225,nan,nan,nan,nan,nan,nan,nan,nan,nan,nan,nan,nan,nan,nan,0.9506198081438455,0.0,0.0,0.0027908586448391432,0.7347492111656652,-0.11745221756958056,-0.2000131142050601,nan,nan,nan,nan,nan,nan,nan,nan,nan,nan,nan,nan,nan,nan,nan,nan,nan,nan,nan,nan,nan,nan,nan,nan,nan,nan,nan,nan,nan,nan,nan,nan,nan,nan,nan,nan,nan,nan,nan,nan,nan,nan,nan,nan,nan,nan,nan,nan,nan,0.21674617995427742
1791062718.7942758,-0.5726829067405584,1.1750527597368827,2.467546917801029,0.05338940399486237,0.49708409430945605,0.23176249562373508,0.43916174237404865,0.0,0.0,1.6106868766968543,0.7008737643778438,-0.05818267831471843,-0.004683902589162194,0.44942203901009076,0.0,0.0,0.14644686302008675,2.4271321775897268,0.026313006424472856,0.16708039679836373,0.6147889612591274,0.0,0.0,-1.1044501102285778,0.3129590007681799,0.18633403680052252,0.0732941494610627,nan,nan,nan,nan,nan,nan,nan,0.9396475923404437,0.0,0.0,-0.5726344268872987,1.8795446955642077,0.018632727141278477,-0.0321410699833648,nan,nan,nan,nan,nan,nan,nan,nan,nan,nan,nan,nan,nan,nan,0.9506198081438455,0.0,0.0,-0.008983863890920476,0.7143055823027487,-0.1224938568868693,-0.2005134022537109,nan,nan,nan,nan,nan,nan,nan,nan,nan,nan,nan,nan,nan,nan,nan,nan,nan,nan,nan,nan,nan,nan,nan,nan,nan,nan,nan,nan,nan,nan,nan,nan,nan,nan,nan,nan,nan,nan,nan,nan,nan,nan,nan,nan,nan,nan,nan,nan,nan,0.22254846961627095
1791062718.8946426,-0.5895843587105297,1.1887654225493045,2.465471404696351,0.04830873046666709,0.4497802884927062,0.22878399736514565,0.43916174237404865,0.0,0.0,1.604801543285669,0.7006744012161569,-0.06638649869368346,-0.012328968148438934,0.44942203901009076,0.0,0.0,0.14792984011621352,2.4424995911560554,-0.002869582691274585,0.14822624822815977,0.6147889612591274,0.0,0.0,-1.0865189264576027,0.320104542407354,0.18253647871771694,0.07566608312985394,nan,nan,nan,nan,nan,nan,nan,0.9396475923404437,0.0,0.0,-0.5708694013246776,1.8761414812212656,0.002849581494562441,-0.034985876438815566,nan,nan,nan,nan,nan,nan,nan,nan,nan,nan,nan,nan,nan,nan,0.9506198081438455,0.0,0.0,-0.02063615020457235,0.6941541920259462,-0.11376278972339876,-0.19765660978893923,nan,nan,nan,nan,nan,nan,nan,nan,nan,nan,nan,nan,nan,nan,nan,nan,nan,nan,nan,nan,nan,nan,nan,nan,nan,nan,nan,nan,nan,nan,nan,nan,nan,nan,nan,nan,nan,nan,nan,nan,nan,nan,nan,nan,nan,nan,nan,nan,nan,0.22292940530861233
1791062718.994297,-0.6062289365059177,1.2025396075132913,2.464989517839672,0.04371931456923592,0.40705035569548814,0.22608220110653257,0.43916174237404865,0.0,0.0,1.5994556716092891,0.7009392780402312,-0.05196930148207482,-0.0032043908167051407,0.44942203901009076,0.0,0.0,0.1500718711985067,2.4574277733393908,0.019824163767294865,0.1588903905011498,0.6147889612591274,0.0,0.0,-1.0681740706988407,0.327469350178834,0.17662414683868471,0.0699914852032515,nan,nan,nan,nan,nan,nan,nan,0.9396475923404437,0.0,0.0,-0.568826493652949,1.8726159690376976,0.02253839651818256,-0.03803142842885078,nan,nan,nan,nan,nan,nan,nan,nan,nan,nan,nan,nan,nan,nan,0.9506198081438455,0.0,0.0,-0.03236881793655286,0.6736693402910247,-0.12315374011509811,-0.2110289775079714,nan,nan,nan,nan,nan,nan,nan,nan,nan,nan,nan,nan,nan,nan,nan,nan,nan,nan,nan,nan,nan,nan,nan,nan,nan,nan,nan,nan,nan,nan,nan,nan,nan,nan,nan,nan,nan,nan,nan,nan,nan,nan,nan,nan,nan,nan,nan,nan,nan,0.21099373525435283
1791062719.0944467,-0.6231531342326548,1.216286984015154,2.464063702002644,0.039558871718448865,0.3683143929076521,0.22362451670443861,0.43916174237404865,0.0,0.0,1.594402239106791,0.7007605767349451,-0.05118088941791276,-0.002101402424526017,0.44942203901009076,0.0,0.0,0.1517457127864601,2.473755320823153,0.05015529009439381,0.15739184793876515,0.6147889612591274,0.0,0.0,-1.0494838646973728,0.33537351325973047,0.19742692184806582,0.07578366484006915,nan,nan,nan,nan,nan,nan,nan,0.9396475923404437,0.0,0.0,-0.5670524427734529,1.8694074625803376,0.025726852054934655,-0.05154939628683909,nan,nan,nan,nan,nan,nan,nan,nan,nan,nan,nan,nan,nan,nan,0.9506198081438455,0.0,0.0,-0.04472923175084507,0.653434476868449,-0.1157085880115518,-0.2089505575296646,nan,nan,nan,nan,nan,nan,nan,nan,nan,nan,nan,nan,nan,nan,nan,nan,nan,nan,nan,nan,nan,nan,nan,nan,nan,nan,nan,nan,nan,nan,nan,nan,nan,nan,nan,nan,nan,nan,nan,nan,nan,nan,nan,nan,nan,nan,nan,nan,nan,0.20770385138145267
1791062719.1942725,-0.639425035994817,1.2295658867241634,2.462787544039349,0.03579461230215619,0.3332671111872242,0.22139459478313372,0.43916174237404865,0.0,0.0,1.5895266729363207,0.701140416181566,-0.03940989011993472,0.015182332615273875,0.44942203901009076,0.0,0.0,0.15354198959377496,2.4901741859845647,0.02464160603075041,0.16294191069797156,0.6147889612591274,0.0,0.0,-1.029354565158981,0.34378036249679406,0.20189393703677386,0.10230497380039925,nan,nan,nan,nan,nan,nan,nan,0.9396475923404437,0.0,0.0,-0.5653589051018982,1.8668747495758606,0.015526266460927562,-0.03040672563357159,nan,nan,nan,nan,nan,nan,nan,nan,nan,nan,nan,nan,nan,nan,0.9506198081438455,0.0,0.0,-0.05644297627186397,0.6326905428289077,-0.1108421580173991,-0.21005416794884102,nan,nan,nan,nan,nan,nan,nan,nan,nan,nan,nan,nan,nan,nan,nan,nan,nan,nan,nan,nan,nan,nan,nan,nan,nan,nan,nan,nan,nan,nan,nan,nan,nan,nan,nan,nan,nan,nan,nan,nan,nan,nan,nan,nan,nan,nan,nan,nan,nan,0.22073548892924746
1791062719.2943022,-0.6558757124449242,1.2432286312084457,2.462517665880769,0.03238842179416904,0.30155364377576566,0.21937212675724807,0.43916174237404865,0.0,0.0,1.5845456319229503,0.7009749767197463,-0.050076986805094634,-0.0011078687221872294,0.44942203901009076,0.0,0.0,0.15451502936945238,2.5066892132579777,0.005519591920766283,0.16311128938614922,0.6147889612591274,0.0,0.0,-1.0082411667236115,0.35224399137633355,0.20569163987615557,0.0804594894877709,nan,nan,nan,nan,nan,nan,nan,0.9396475923404437,0.0,0.0,-0.5637365143373526,1.8634797765707314,0.015548016838336749,-0.0340213490019051,nan,nan,nan,nan,nan,nan,nan,nan,nan,nan,nan,nan,nan,nan,0.9506198081438455,0.0,0.0,-0.06809359936994455,0.6119307889365424,-0.10561944117491319,-0.20044030538525187,nan,nan,nan,nan,nan,nan,nan,nan,nan,nan,nan,nan,nan,nan,nan,nan,nan,nan,nan,nan,nan,nan,nan,nan,nan,nan,nan,nan,nan,nan,nan,nan,nan,nan,nan,nan,nan,nan,nan,nan,nan,nan,nan,nan,nan,nan,nan,nan,nan,0.21514357630421838
1791062719.394313,-0.6724262517787579,1.256958426127849,2.4625580932320013,0.02930630425238937,0.2728574701500353,0.21753861620143378,0.43916174237404865,0.0,0.0,1.5790801663796652,0.7008342237109609,-0.05262501016705425,0.00027824091618071313,0.44942203901009076,0.0,0.0,0.15617441664722598,2.5236623875895847,-0.008696293324274311,0.180822473414873,0.6147889612591274,0.0,0.0,-0.9871625232953725,0.36088351973492033,0.2158223848851435,0.07657169883520498,nan,nan,nan,nan,nan,nan,nan,0.9396475923404437,0.0,0.0,-0.5617592275812128,1.8603441413222541,0.018829019676519752,-0.03133286903637858,nan,nan,nan,nan,nan,nan,nan,nan,nan,nan,nan,nan,nan,nan,0.9506198081438455,0.0,0.0,-0.07973404200723441,0.5909173378768429,-0.11032685190231878,-0.2035142523315862,nan,nan,nan,nan,nan,nan,nan,nan,nan,nan,nan,nan,nan,nan,nan,nan,nan,nan,nan,nan,nan,nan,nan,nan,nan,nan,nan,nan,nan,nan,nan,nan,nan,nan,nan,nan,nan,nan,nan,nan,nan,nan,nan,nan,nan,nan,nan,nan,nan,0.2022636526978719
1791062719.4948769,-0.688107372577608,1.269917026844476,2.4624332040389234,0.02651744067707351,0.24689164883047313,0.21587698564658556,0.43916174237404865,0.0,0.0,1.5740233144523943,0.7011370291881572,-0.050957277465198375,-0.00020108405304051862,0.44942203901009076,0.0,0.0,0.15862964675541508,2.540534058728739,0.06032361247959982,0.15549915488595406,0.6147889612591274,0.0,0.0,-0.965582909618124,0.3698737895110517,0.2218772249902507,0.08279806255448834,nan,nan,nan,nan,nan,nan,nan,0.9396475923404437,0.0,0.0,-0.5597418687753799,1.8571085583120592,0.018200913403413836,-0.030474415620516587,nan,nan,nan,nan,nan,nan,nan,nan,nan,nan,nan,nan,nan,nan,0.9506198081438455,0.0,0.0,-0.09139374137289143,0.5700236144770654,-0.11362099560192515,-0.20403862478280826,nan,nan,nan,nan,nan,nan,nan,nan,nan,nan,nan,nan,nan,nan,nan,nan,nan,nan,nan,nan,nan,nan,nan,nan,nan,nan,nan,nan,nan,nan,nan,nan,nan,nan,nan,nan,nan,nan,nan,nan,nan,nan,nan,nan,nan,nan,nan,nan,nan,0.20638438627251335
1791062719.5953884,-0.7032452250122377,1.282407145508189,2.4623549644575284,0.023993972560320244,0.22339680211040494,0.21437157050442612,0.43916174237404865,0.0,0.0,1.568796940987672,0.700855322511569,-0.05245432208826237,-0.00015585237423923216,0.44942203901009076,0.0,0.0,0.15931821536296262,2.557852105764762,0.008234143191924084,0.16753635387656102,0.6147889612591274,0.0,0.0,-0.9436897178741259,0.37890884794376967,0.22712004247880807,0.0935435917907317,nan,nan,nan,nan,nan,nan,nan,0.9396475923404437,0.0,0.0,-0.5577788802091276,1.8536832722634033,0.00023574058904113956,-0.014496069836428533,nan,nan,nan,nan,nan,nan,nan,nan,nan,nan,nan,nan,nan,nan,0.9506198081438455,0.0,0.0,-0.10307293677699694,0.549106088227476,-0.11818550849246148,-0.2064268219660303,nan,nan,nan,nan,nan,nan,nan,nan,nan,nan,nan,nan,nan,nan,nan,nan,nan,nan,nan,nan,nan,nan,nan,nan,nan,nan,nan,nan,nan,nan,nan,nan,nan,nan,nan,nan,nan,nan,nan,nan,nan,nan,nan,nan,nan,nan,nan,nan,nan,0.18731678551175757
1791062719.69429,-0.7188777859616251,1.2952751621625076,2.4614959740393596,0.02172501978195039,0.2022716302134601,0.21301658651810054,0.43916174237404865,0.0,0.0,1.5636410254477089,0.7010860048438531,-0.050132187494727004,0.0030253624381418737,0.44942203901009076,0.0,0.0,0.16188140068585835,2.5755039045639476,0.024086065575192703,0.18887552548385173,0.6147889612591274,0.0,0.0,-0.9217742734730873,0.38786360700708095,0.22249966063284995,0.1010486650043489,nan,nan,nan,nan,nan,nan,nan,0.9396475923404437,0.0,0.0,-0.5559562213038678,1.8503444235615656,0.005407540421248022,-0.008816336942120244,nan,nan,nan,nan,nan,nan,nan,nan,nan,nan,nan,nan,nan,nan,0.9506198081438455,0.0,0.0,-0.11465392279438939,0.5286432341317047,-0.12619735378792843,-0.20424176223555418,nan,nan,nan,nan,nan,nan,nan,nan,nan,nan,nan,nan,nan,nan,nan,nan,nan,nan,nan,nan,nan,nan,nan,nan,nan,nan,nan,nan,nan,nan,nan,nan,nan,nan,nan,nan,nan,nan,nan,nan,nan,nan,nan,nan,nan,nan,nan,nan,nan,0.20360953854438477
1791062719.7947092,-0.7335500271612962,1.3073021378205847,2.4604219281254975,0.019657610811445184,0.18302293967236097,0.21178091245294273,0.43916174237404865,0.0,0.0,1.5582666517102155,0.7009063233967134,-0.05559119605848783,-0.0032639071456403777,0.44942203901009076,0.0,0.0,0.16330963755322572,2.5941020222069193,0.01709876559351395,0.18064316087926108,0.6147889612591274,0.0,0.0,-0.8998306468196586,0.39666147343081704,0.21077200132559998,0.09277099604173716,nan,nan,nan,nan,nan,nan,nan,0.9396475923404437,0.0,0.0,-0.5542177266575709,1.847206884375844,0.017532361453556626,-0.03232938443384327,nan,nan,nan,nan,nan,nan,nan,nan,nan,nan,nan,nan,nan,nan,0.9506198081438455,0.0,0.0,-0.1262497501019465,0.508258003207221,-0.12369149720192546,-0.20720409908127457,nan,nan,nan,nan,nan,nan,nan,nan,nan,nan,nan,nan,nan,nan,nan,nan,nan,nan,nan,nan,nan,nan,nan,nan,nan,nan,nan,nan,nan,nan,nan,nan,nan,nan,nan,nan,nan,nan,nan,nan,nan,nan,nan,nan,nan,nan,nan,nan,nan,0.19640675776395092
1791062719.8943481,-0.7489985204840729,1.3200096996988513,2.4597039587526783,0.01778958426312284,0.1656306068227905,0.21066362834647998,0.43916174237404865,0.0,0.0,1.5526952927638262,0.7011696459667422,-0.04868586614823529,0.02008323984716238,0.44942203901009076,0.0,0.0,0.16543047661416208,2.612922124952469,-0.005280919844582431,0.2033224982764773,0.6147889612591274,0.0,0.0,-0.8782432999149539,0.4055660364856602,0.21637275266463546,0.10039368877459326,nan,nan,nan,nan,nan,nan,nan,0.9396475923404437,0.0,0.0,-0.55219017247445,1.8441344006130755,0.021624859174534786,-0.03433439544007748,nan,nan,nan,nan,nan,nan,nan,nan,nan,nan,nan,nan,nan,nan,0.9506198081438455,0.0,0.0,-0.13783050687426834,0.48789065329564363,-0.12003313972015935,-0.20631550711621782,nan,nan,nan,nan,nan,nan,nan,nan,nan,nan,nan,nan,nan,nan,nan,nan,nan,nan,nan,nan,nan,nan,nan,nan,nan,nan,nan,nan,nan,nan,nan,nan,nan,nan,nan,nan,nan,nan,nan,nan,nan,nan,nan,nan,nan,nan,nan,nan,nan,0.1956333890238743
1791062719.9942992,-0.763472595789038,1.3321603979016476,2.460106301151548,0.016096880824069713,0.14987062650877175,0.20965062795020106,0.43916174237404865,0.0,0.0,1.5468876462879448,0.7009532708383928,-0.0591387108936941,-0.002634077896214872,0.44942203901009076,0.0,0.0,0.16811865507187665,2.628570901032945,0.08377162028525376,0.15796559330435223,0.6147889612591274,0.0,0.0,-0.8563990780511017,0.4141579859892564,0.21515077211907757,0.08581478808349585,nan,nan,nan,nan,nan,nan,nan,0.9396475923404437,0.0,0.0,-0.5504041548286414,1.8406623711226482,0.018862722069160877,-0.033267103971416204,nan,nan,nan,nan,nan,nan,nan,nan,nan,nan,nan,nan,nan,nan,0.9506198081438455,0.0,0.0,-0.14950083349324508,0.4674980557445766,-0.10880844184141931,-0.19883861260974944,nan,nan,nan,nan,nan,nan,nan,nan,nan,nan,nan,nan,nan,nan,nan,nan,nan,nan,nan,nan,nan,nan,nan,nan,nan,nan,nan,nan,nan,nan,nan,nan,nan,nan,nan,nan,nan,nan,nan,nan,nan,nan,nan,nan,nan,nan,nan,nan,nan,0.18747402954403158
1791062720.0940225,-0.7781204075587803,1.344414487723909,2.460440583423708,0.014565141769107129,0.13560931126862097,0.20873352748936558,0.43916174237404865,0.0,0.0,1.5407576687046078,0.7009048747837823,-0.06217432339168258,-0.003533305417983536,0.44942203901009076,0.0,0.0,0.16811865507187665,2.628570901032945,0.08377162028525376,0.15796559330435223,0.6147889612591274,0.0,0.0,-0.8346416237049457,0.42305181285377064,0.21795621547180521,0.0842309823692845,nan,nan,nan,nan,nan,nan,nan,0.9396475923404437,0.0,0.0,-0.5484067464390271,1.8373465256322516,0.021414686979278296,-0.03392090322001474,nan,nan,nan,nan,nan,nan,nan,nan,nan,nan,nan,nan,nan,nan,0.9506198081438455,0.0,0.0,-0.16136242645598195,0.4469501880187161,-0.11315728846967132,-0.2041670951260727,nan,nan,nan,nan,nan,nan,nan,nan,nan,nan,nan,nan,nan,nan,nan,nan,nan,nan,nan,nan,nan,nan,nan,nan,nan,nan,nan,nan,nan,nan,nan,nan,nan,nan,nan,nan,nan,nan,nan,nan,nan,nan,nan,nan,nan,nan,nan,nan,nan,0.18204951008936973
1791062720.1942437,-0.7924820173868216,1.3562775859543406,2.4606247960799763,0.013179085276017894,0.1227043791102604,0.20790333344532771,0.43916174237404865,0.0,0.0,1.534901462742038,0.7012095629523368,-0.05916425859510869,-0.000834057737192162,0.44942203901009076,0.0,0.0,0.16811865507187665,2.628570901032945,0.08377162028525376,0.15796559330435223,0.6147889612591274,0.0,0.0,-0.812808388590658,0.4318105564183822,0.21916683411605076,0.07858489431141116,nan,nan,nan,nan,nan,nan,nan,0.9396475923404437,0.0,0.0,-0.5462546112487845,1.8339054261894767,0.0352581113568202,-0.032703211988557475,nan,nan,nan,nan,nan,nan,nan,nan,nan,nan,nan,nan,nan,nan,0.9506198081438455,0.0,0.0,-0.17344114761267676,0.4264280115538222,-0.11710362939880312,-0.20336658380379108,nan,nan,nan,nan,nan,nan,nan,nan,nan,nan,nan,nan,nan,nan,nan,nan,nan,nan,nan,nan,nan,nan,nan,nan,nan,nan,nan,nan,nan,nan,nan,nan,nan,nan,nan,nan,nan,nan,nan,nan,nan,nan,nan,nan,nan,nan,nan,nan,nan,0.18348676344552275
1791062720.2940178,-0.8072245476129845,1.3683726955030466,2.4640852931822534,0.011924929497146877,0.11102751361232262,0.2071519068705006,0.43916174237404865,0.0,0.0,1.5287241253892463,0.7010173712134397,-0.05968650412121009,0.010667514858572851,0.44942203901009076,0.0,0.0,0.17865394847837163,2.6575520419839105,0.019726349876891987,0.17384588561513922,0.6147889612591274,0.0,0.0,-0.7909797397273576,0.4405415919899959,0.23875124457233624,0.09141334728621354,nan,nan,nan,nan,nan,nan,nan,0.9396475923404437,0.0,0.0,-0.5444578405728635,1.8304407211447753,0.01493057507964385,-0.03370835721879664,nan,nan,nan,nan,nan,nan,nan,nan,nan,nan,nan,nan,nan,nan,0.9506198081438455,0.0,0.0,-0.18558984247887753,0.40585836250954493,-0.12425787642251099,-0.2067496479759209,nan,nan,nan,nan,nan,nan,nan,nan,nan,nan,nan,nan,nan,nan,nan,nan,nan,nan,nan,nan,nan,nan,nan,nan,nan,nan,nan,nan,nan,nan,nan,nan,nan,nan,nan,nan,nan,nan,nan,nan,nan,nan,nan,nan,nan,nan,nan,nan,nan,0.18721724123518674
1791062720.3940794,-0.8213202236276457,1.3800945765474217,2.464275772404677,0.010790122420005394,0.10046184878094302,0.20647181313354468,0.43916174237404865,0.0,0.0,1.522763864590542,0.7010443235367894,-0.06217692821272006,-0.0060482750247795895,0.44942203901009076,0.0,0.0,0.1816719988273592,2.677349016575717,0.033173914929069265,0.18875194664245676,0.6147889612591274,0.0,0.0,-0.7695103008697112,0.4492659673762152,0.22069202676316782,0.09123773966202756,nan,nan,nan,nan,nan,nan,nan,0.9396475923404437,0.0,0.0,-0.5423790391700265,1.8270222904366817,0.020259551830203115,-0.032705264050988704,nan,nan,nan,nan,nan,nan,nan,nan,nan,nan,nan,nan,nan,nan,0.9506198081438455,0.0,0.0,-0.19764060337588743,0.3855671549869739,-0.12646557342868203,-0.2008846388073514,nan,nan,nan,nan,nan,nan,nan,nan,nan,nan,nan,nan,nan,nan,nan,nan,nan,nan,nan,nan,nan,nan,nan,nan,nan,nan,nan,nan,nan,nan,nan,nan,nan,nan,nan,nan,nan,nan,nan,nan,nan,nan,nan,nan,nan,nan,nan,nan,nan,0.18173998104148117
1791062720.4950447,-0.8353564192919901,1.391904138241346,2.4656413333140903,0.0097633065140183,0.09090163989194222,0.2058563092961339,0.43916174237404865,0.0,0.0,1.517098891106126,0.7007947464302786,-0.059058211420878276,-0.002063614794904508,0.44942203901009076,0.0,0.0,0.18390793904817115,2.6960829378467523,0.10358214708909139,0.3174083026202419,0.6147889612591274,0.0,0.0,-0.7478704668519023,0.4582014015732933,0.21537692986668994,0.09525974939808125,nan,nan,nan,nan,nan,nan,nan,0.9396475923404437,0.0,0.0,-0.5402171541908759,1.8235327729486333,0.023859149896714754,-0.036065563229959186,nan,nan,nan,nan,nan,nan,nan,nan,nan,nan,nan,nan,nan,nan,0.9506198081438455,0.0,0.0,-0.21001697722617912,0.3651029564291275,-0.13113319957401093,-0.19903728379307445,nan,nan,nan,nan,nan,nan,nan,nan,nan,nan,nan,nan,nan,nan,nan,nan,nan,nan,nan,nan,nan,nan,nan,nan,nan,nan,nan,nan,nan,nan,nan,nan,nan,nan,nan,nan,nan,nan,nan,nan,nan,nan,nan,nan,nan,nan,nan,nan,nan,0.1837849084193672
1791062720.5940037,-0.8487712382582862,1.4031105128881336,2.4661174217317594,0.00884093635478423,0.08231387713540242,0.20530331831481163,0.43916174237404865,0.0,0.0,1.5113781720433315,0.7010462458655266,-0.05539398024305564,-0.00025724180641841627,0.44942203901009076,0.0,0.0,0.18426015322995182,2.7110237430868165,0.010082483581076388,0.16462534378190896,0.6147889612591274,0.0,0.0,-0.7264036887373148,0.4670687761697497,0.21108646033448578,0.09819480639221523,nan,nan,nan,nan,nan,nan,nan,0.9396475923404437,0.0,0.0,-0.5381882810494467,1.8198538959323998,0.014147064535329452,-0.032302744743155455,nan,nan,nan,nan,nan,nan,nan,nan,nan,nan,nan,nan,nan,nan,0.9506198081438455,0.0,0.0,-0.22229422134469684,0.3447585290040239,-0.1296272759725331,-0.19660340379008776,nan,nan,nan,nan,nan,nan,nan,nan,nan,nan,nan,nan,nan,nan,nan,nan,nan,nan,nan,nan,nan,nan,nan,nan,nan,nan,nan,nan,nan,nan,nan,nan,nan,nan,nan,nan,nan,nan,nan,nan,nan,nan,nan,nan,nan,nan,nan,nan,nan,0.17118763294945635
1791062720.6940885,-0.8626415927530998,1.4146082507753408,2.466464748446125,0.007999610026912274,0.07448067608020473,0.2047988447631509,0.43916174237404865,0.0,0.0,1.5058435174851927,0.7008380591073445,-0.05856397449178265,-0.003643414415633685,0.44942203901009076,0.0,0.0,0.1866820986209178,2.7285979764349486,0.019216361933046433,0.1598102600403342,0.6147889612591274,0.0,0.0,-0.7076505711821807,0.4747923538912662,0.20091789261027,0.08542578426692066,nan,nan,nan,nan,nan,nan,nan,0.9396475923404437,0.0,0.0,-0.5360506945921253,1.816153940284057,0.023042402306241327,-0.03550735477418218,nan,nan,nan,nan,nan,nan,nan,nan,nan,nan,nan,nan,nan,nan,0.9506198081438455,0.0,0.0,-0.23456043446859073,0.3243278695408459,-0.12450257094550665,-0.19750762753795884,nan,nan,nan,nan,nan,nan,nan,nan,nan,nan,nan,nan,nan,nan,nan,nan,nan,nan,nan,nan,nan,nan,nan,nan,nan,nan,nan,nan,nan,nan,nan,nan,nan,nan,nan,nan,nan,nan,nan,nan,nan,nan,nan,nan,nan,nan,nan,nan,nan,0.1836494264364312
1791062720.7942097,-0.8762265538868218,1.425827225498928,2.4659473736128152,0.007238346484424748,0.0673929026601337,0.20434232538115343,0.43916174237404865,0.0,0.0,1.5000707675485954,0.7009438438698,-0.05588530536554541,0.003831872065245501,0.44942203901009076,0.0,0.0,0.18824972161358286,2.7447014685755957,-0.0049107642489440665,0.15114038006279723,0.6147889612591274,0.0,0.0,-0.6867095387893652,0.4839191558827642,0.210002106545126,0.0821606683497825,nan,nan,nan,nan,nan,nan,nan,0.9396475923404437,0.0,0.0,-0.5336662944310149,1.8126483897876766,0.02268962758186788,-0.03667361818863301,nan,nan,nan,nan,nan,nan,nan,nan,nan,nan,nan,nan,nan,nan,0.9506198081438455,0.0,0.0,-0.2471114032066045,0.30403803331082785,-0.12199593225633387,-0.19906518129009276,nan,nan,nan,nan,nan,nan,nan,nan,nan,nan,nan,nan,nan,nan,nan,nan,nan,nan,nan,nan,nan,nan,nan,nan,nan,nan,nan,nan,nan,nan,nan,nan,nan,nan,nan,nan,nan,nan,nan,nan,nan,nan,nan,nan,nan,nan,nan,nan,nan,0.1765416453927206
1791062720.89477,-0.8903074415981007,1.4372946375870974,2.464937212235623,0.006549526745969049,0.06097962005698501,0.20392921041482195,0.43916174237404865,0.0,0.0,1.4940613178993911,0.7007842881495234,-0.06689118055061596,-0.001793338579521418,0.44942203901009076,0.0,0.0,0.19058521358075856,2.7646034177213834,0.028577870299917228,0.1602855108523319,0.6147889612591274,0.0,0.0,-0.6631991106693726,0.49402343249368114,0.22757343866114998,0.0834088401063412,nan,nan,nan,nan,nan,nan,nan,0.9396475923404437,0.0,0.0,-0.5316423598094919,1.8087626331747981,0.014253142183495812,-0.0340186543789206,nan,nan,nan,nan,nan,nan,nan,nan,nan,nan,nan,nan,nan,nan,0.9506198081438455,0.0,0.0,-0.2595434451551131,0.28397069491743093,-0.1197944224622889,-0.20133066405466718,nan,nan,nan,nan,nan,nan,nan,nan,nan,nan,nan,nan,nan,nan,nan,nan,nan,nan,nan,nan,nan,nan,nan,nan,nan,nan,nan,nan,nan,nan,nan,nan,nan,nan,nan,nan,nan,nan,nan,nan,nan,nan,nan,nan,nan,nan,nan,nan,nan,0.18197470174128935
1791062720.9942572,-0.9042839731163379,1.4487620646287402,2.4639761948554835,0.005930708919423013,0.05521809294046611,0.20355804991441737,0.43916174237404865,0.0,0.0,1.4877445973269123,0.70080885135272,-0.06581013721804749,-0.006826770856720478,0.44942203901009076,0.0,0.0,0.19238085868655186,2.781535814009173,0.014482165957311229,0.16802058622727917,0.6147889612591274,0.0,0.0,-0.6422009507252624,0.5031537954276759,0.2192532641719967,0.0871043614936678,nan,nan,nan,nan,nan,nan,nan,0.9396475923404437,0.0,0.0,-0.5301680503211581,1.8062289773116564,0.01646501060172555,-0.025339731744647476,nan,nan,nan,nan,nan,nan,nan,nan,nan,nan,nan,nan,nan,nan,0.9506198081438455,0.0,0.0,-0.27200542202346223,0.26360122031737754,-0.12397900123305705,-0.20767941104458448,nan,nan,nan,nan,nan,nan,nan,nan,nan,nan,nan,nan,nan,nan,nan,nan,nan,nan,nan,nan,nan,nan,nan,nan,nan,nan,nan,nan,nan,nan,nan,nan,nan,nan,nan,nan,nan,nan,nan,nan,nan,nan,nan,nan,nan,nan,nan,nan,nan,0.17928701710615338
1791062721.094013,-0.9183371784372792,1.4593652477321337,2.4565963925789567,0.0053664826459019,0.049964842572924426,0.2032196114262657,0.43916174237404865,0.0,0.0,1.4804816972350523,0.7005798704528686,-0.08587093527316855,-0.0035938138346112403,0.44942203901009076,0.0,0.0,0.18907181395577438,2.8300248112896798,0.017292001742203883,0.3766518233983863,0.6147889612591274,0.0,0.0,-0.6207791171868939,0.5125136242752146,0.20888378339746067,0.10981283557856014,nan,nan,nan,nan,nan,nan,nan,0.9396475923404437,0.0,0.0,-0.5283118027876086,1.803236186152412,0.004929525803190417,-0.015402516771786601,nan,nan,nan,nan,nan,nan,nan,nan,nan,nan,nan,nan,nan,nan,0.9506198081438455,0.0,0.0,-0.28450389473133836,0.2433428610730049,-0.12467726722275244,-0.21381238566273708,nan,nan,nan,nan,nan,nan,nan,nan,nan,nan,nan,nan,nan,nan,nan,nan,nan,nan,nan,nan,nan,nan,nan,nan,nan,nan,nan,nan,nan,nan,nan,nan,nan,nan,nan,nan,nan,nan,nan,nan,nan,nan,nan,nan,nan,nan,nan,nan,nan,0.17862146502331525
1791062721.1939995,-0.9324013388735312,1.470913408438772,2.4564075692016143,0.004855803281240612,0.0452101427547805,0.20291327589678765,0.43916174237404865,0.0,0.0,1.4720452460694804,0.7007447393430593,-0.0806404221009902,0.002302764318493457,0.44942203901009076,0.0,0.0,0.19151675228878057,2.8524966640580023,0.014684434055284103,0.21959806373830232,0.6147889612591274,0.0,0.0,-0.5992026040685778,0.5217085656015723,0.20853201812924113,0.0980181572101434,nan,nan,nan,nan,nan,nan,nan,0.9396475923404437,0.0,0.0,-0.5260690354168115,1.7994074318805906,0.004036493552412671,-0.018449706985093937,nan,nan,nan,nan,nan,nan,nan,nan,nan,nan,nan,nan,nan,nan,0.9506198081438455,0.0,0.0,-0.29704095405366104,0.22322410736359863,-0.13210352447042834,-0.21207316725491812,nan,nan,nan,nan,nan,nan,nan,nan,nan,nan,nan,nan,nan,nan,nan,nan,nan,nan,nan,nan,nan,nan,nan,nan,nan,nan,nan,nan,nan,nan,nan,nan,nan,nan,nan,nan,nan,nan,nan,nan,nan,nan,nan,nan,nan,nan,nan,nan,nan,0.19278150139326453
1791062721.294016,-0.9462730778498315,1.4822607440001372,2.4549392390035796,0.0043937125049322845,0.04090782885271704,0.2026360748387501,0.43916174237404865,0.0,0.0,1.462702676681316,0.7000326759396465,-0.10616263786781256,0.004912630694297436,0.44942203901009076,0.0,0.0,0.1943830342774333,2.87468415089711,0.009584789184723129,0.22726391957719305,0.6147889612591274,0.0,0.0,-0.5777698174632874,0.5309089891775307,0.20755234868045752,0.09887152308383847,nan,nan,nan,nan,nan,nan,nan,0.9396475923404437,0.0,0.0,-0.5244420358491684,1.7963919154593333,0.02627135130621508,-0.04158394605081022,nan,nan,nan,nan,nan,nan,nan,nan,nan,nan,nan,nan,nan,nan,0.9506198081438455,0.0,0.0,-0.3094884920141955,0.2033750687001768,-0.1276355388945327,-0.1972927832544625,nan,nan,nan,nan,nan,nan,nan,nan,nan,nan,nan,nan,nan,nan,nan,nan,nan,nan,nan,nan,nan,nan,nan,nan,nan,nan,nan,nan,nan,nan,nan,nan,nan,nan,nan,nan,nan,nan,nan,nan,nan,nan,nan,nan,nan,nan,nan,nan,nan,0.17408153903271295
1791062721.39404,-0.9610072698241736,1.4944131884622827,2.453585169973022,0.003975595479861811,0.03701493424871433,0.20238524419006443,0.43916174237404865,0.0,0.0,1.4514644488820456,0.6998592051636295,-0.11708245164834288,0.005341887190231499,0.44942203901009076,0.0,0.0,0.1969872920448506,2.8971583309540514,0.01816897131547939,0.21166365312849716,0.6147889612591274,0.0,0.0,-0.556318911608984,0.5401007727850436,0.20430801330279427,0.09534195490266122,nan,nan,nan,nan,nan,nan,nan,0.9396475923404437,0.0,0.0,-0.5217155890277293,1.7919753245868526,0.009672006073987773,-0.0204927192683945,nan,nan,nan,nan,nan,nan,nan,nan,nan,nan,nan,nan,nan,nan,0.9506198081438455,0.0,0.0,-0.3213474267900896,0.18432266094891492,-0.12005488178442633,-0.1788160822402833,nan,nan,nan,nan,nan,nan,nan,nan,nan,nan,nan,nan,nan,nan,nan,nan,nan,nan,nan,nan,nan,nan,nan,nan,nan,nan,nan,nan,nan,nan,nan,nan,nan,nan,nan,nan,nan,nan,nan,nan,nan,nan,nan,nan,nan,nan,nan,nan,nan,0.18819797272668057
1791062721.4951897,-0.9745527097410179,1.5054598669626076,2.447765604020114,0.0035972675503358306,0.03349249754538476,0.20215827674438736,0.43916174237404865,0.0,0.0,1.43861737138768,0.699695337233288,-0.11993700954669055,0.0030234309413707163,0.44942203901009076,0.0,0.0,0.19950206122030906,2.918403171903536,0.02991724225129489,0.1932382010614776,0.6147889612591274,0.0,0.0,-0.5347261912241987,0.5493971934562167,0.1921058532608077,0.07903856975812502,nan,nan,nan,nan,nan,nan,nan,0.9396475923404437,0.0,0.0,-0.5194745572204659,1.787839527650253,0.0122846921989366,-0.032960515944571375,nan,nan,nan,nan,nan,nan,nan,nan,nan,nan,nan,nan,nan,nan,0.9506198081438455,0.0,0.0,-0.3329671362729953,0.1654351071786267,-0.09805780377425119,-0.16249651747471888,nan,nan,nan,nan,nan,nan,nan,nan,nan,nan,nan,nan,nan,nan,nan,nan,nan,nan,nan,nan,nan,nan,nan,nan,nan,nan,nan,nan,nan,nan,nan,nan,nan,nan,nan,nan,nan,nan,nan,nan,nan,nan,nan,nan,nan,nan,nan,nan,nan,0.13397646006616104
1791062721.5940297,-0.9873628456736706,1.5162108111558914,2.4516900550756766,0.003255057526546992,0.030306337989172788,0.2019529724387532,0.43916174237404865,0.0,0.0,1.4243144926306932,0.6997814319087908,-0.1514072638310116,0.012401901627186834,0.44942203901009076,0.0,0.0,0.20118820905253162,2.9384160679501,0.017427887013157083,0.20179962134216534,0.6147889612591274,0.0,0.0,-0.5130978272007014,0.5590328809750907,0.2258305678188738,0.09689249787213113,nan,nan,nan,nan,nan,nan,nan,0.9396475923404437,0.0,0.0,-0.5170917288999365,1.783485714084097,0.031043885394843783,-0.047858038155774676,nan,nan,nan,nan,nan,nan,nan,nan,nan,nan,nan,nan,nan,nan,0.9506198081438455,0.0,0.0,-0.3439579358817396,0.14814334771723864,-0.12922060507278915,-0.18647817636875402,nan,nan,nan,nan,nan,nan,nan,nan,nan,nan,nan,nan,nan,nan,nan,nan,nan,nan,nan,nan,nan,nan,nan,nan,nan,nan,nan,nan,nan,nan,nan,nan,nan,nan,nan,nan,nan,nan,nan,nan,nan,nan,nan,nan,nan,nan,nan,nan,nan,0.14538044285086668
1791062721.6941993,-0.9982119910509606,1.525146926534285,2.4502505577684985,0.002945297848847266,0.02742230862526053,0.20176713272108807,0.43916174237404865,0.0,0.0,1.408703490777156,0.6998219722081261,-0.163959874601767,0.013181045301082283,0.44942203901009076,0.0,0.0,0.2057954613753499,2.9588985557889362,0.12421290120024561,0.14598828301426803,0.6147889612591274,0.0,0.0,-0.4915709088562929,0.5686990194571357,0.22301056198227992,0.09673164629446958,nan,nan,nan,nan,nan,nan,nan,0.9396475923404437,0.0,0.0,-0.5134884639025711,1.7775985296218184,0.05887449171364854,-0.07118951662088219,nan,nan,nan,nan,nan,nan,nan,nan,nan,nan,nan,nan,nan,nan,0.9506198081438455,0.0,0.0,-0.35444498706292804,0.130642798978201,-0.10288950978498523,-0.16698101806641102,nan,nan,nan,nan,nan,nan,nan,nan,nan,nan,nan,nan,nan,nan,nan,nan,nan,nan,nan,nan,nan,nan,nan,nan,nan,nan,nan,nan,nan,nan,nan,nan,nan,nan,nan,nan,nan,nan,nan,nan,nan,nan,nan,nan,nan,nan,nan,nan,nan,0.14085964944876894
1791062721.7940168,-1.009661584397977,1.5345542712005238,2.449079456323511,0.002665336381106405,0.02481571663845162,0.2015991677472596,0.43916174237404865,0.0,0.0,1.3915623576960459,0.6997550664386007,-0.18091640843372173,0.002830124974177838,0.44942203901009076,0.0,0.0,0.20597808737692172,2.9811079608536346,0.033542960572172625,0.22631080364148418,0.6147889612591274,0.0,0.0,-0.47020870089058553,0.5784370387084437,0.22488554616104695,0.10345709058803579,nan,nan,nan,nan,nan,nan,nan,0.9396475923404437,0.0,0.0,-0.5113095534642749,1.773149099485092,0.02951927050586503,-0.04687391597623989,nan,nan,nan,nan,nan,nan,nan,nan,nan,nan,nan,nan,nan,nan,0.9506198081438455,0.0,0.0,-0.365635271996771,0.11234531232428319,-0.1088559417157797,-0.1875748965889714,nan,nan,nan,nan,nan,nan,nan,nan,nan,nan,nan,nan,nan,nan,nan,nan,nan,nan,nan,nan,nan,nan,nan,nan,nan,nan,nan,nan,nan,nan,nan,nan,nan,nan,nan,nan,nan,nan,nan,nan,nan,nan,nan,nan,nan,nan,nan,nan,nan,0.15053020130813885
1791062721.8940177,-1.0212420187555065,1.5442317684927187,2.450074026583119,0.002411696090070229,0.022454188977228107,0.20144699240579983,0.43916174237404865,0.0,0.0,1.3723350270662198,0.6997174056971119,-0.19415129156487265,-0.003456864819955478,0.44942203901009076,0.0,0.0,0.20760808041106835,2.9994079195162553,0.008515327519162076,0.18539189205715462,0.6147889612591274,0.0,0.0,-0.44900206273378757,0.5882516203128081,0.21508205200595878,0.10008940304326289,nan,nan,nan,nan,nan,nan,nan,0.9396475923404437,0.0,0.0,-0.5089327229041205,1.7692990357982998,0.02218258671485599,-0.03981763235760053,nan,nan,nan,nan,nan,nan,nan,nan,nan,nan,nan,nan,nan,nan,0.9506198081438455,0.0,0.0,-0.376737930828294,0.09477809445567804,-0.1150864227638553,-0.18766911100923653,nan,nan,nan,nan,nan,nan,nan,nan,nan,nan,nan,nan,nan,nan,nan,nan,nan,nan,nan,nan,nan,nan,nan,nan,nan,nan,nan,nan,nan,nan,nan,nan,nan,nan,nan,nan,nan,nan,nan,nan,nan,nan,nan,nan,nan,nan,nan,nan,nan,0.16692303078603282
1791062721.9949663,-1.0332803089970979,1.5544604884531381,2.4495528125852597,0.0021821928639437402,0.02031739038492387,0.2013092970139373,0.43916174237404865,0.0,0.0,1.3520281101137321,0.6994527518296509,-0.21093558194417797,-0.0023269381639996725,0.44942203901009076,0.0,0.0,0.20994015589263548,3.019327764018016,0.029975049410738114,0.19991653300675438,0.6147889612591274,0.0,0.0,-0.42787136204916226,0.5980590842759415,0.20341065969329908,0.092912861788928,nan,nan,nan,nan,nan,nan,nan,0.9396475923404437,0.0,0.0,-0.5068144732540765,1.7652184524119068,0.030706064349308664,-0.05152013023438087,nan,nan,nan,nan,nan,nan,nan,nan,nan,nan,nan,nan,nan,nan,0.9506198081438455,0.0,0.0,-0.38775491301309406,0.07718145952673104,-0.10995661915504061,-0.16692108822960738,nan,nan,nan,nan,nan,nan,nan,nan,nan,nan,nan,nan,nan,nan,nan,nan,nan,nan,nan,nan,nan,nan,nan,nan,nan,nan,nan,nan,nan,nan,nan,nan,nan,nan,nan,nan,nan,nan,nan,nan,nan,nan,nan,nan,nan,nan,nan,nan,nan,0.16670629319213917
1791062722.0947711,-1.0461485252442044,1.5652538104276679,2.447889303154981,0.0019749192934388764,0.018387561854179977,0.20118493771123602,0.43916174237404865,0.0,0.0,1.3316122813767386,0.6992859600677661,-0.20566806273014876,-0.01111800023199743,0.44942203901009076,0.0,0.0,0.21163601779374244,3.0389162563710492,0.01954154197306053,0.20940846415562822,0.6147889612591274,0.0,0.0,-0.40683651450706143,0.6079184694837357,0.19676355144025712,0.09247146099430494,nan,nan,nan,nan,nan,nan,nan,0.9396475923404437,0.0,0.0,-0.5057341189785624,1.7634103505257035,0.007320408963761639,-0.011790239071442398,nan,nan,nan,nan,nan,nan,nan,nan,nan,nan,nan,nan,nan,nan,0.9506198081438455,0.0,0.0,-0.39916717002159857,0.058839060181065696,-0.1092895710736941,-0.1825456445241411,nan,nan,nan,nan,nan,nan,nan,nan,nan,nan,nan,nan,nan,nan,nan,nan,nan,nan,nan,nan,nan,nan,nan,nan,nan,nan,nan,nan,nan,nan,nan,nan,nan,nan,nan,nan,nan,nan,nan,nan,nan,nan,nan,nan,nan,nan,nan,nan,nan,0.18085827874515134
1791062722.1947908,-1.059936427100066,1.5765823833792545,2.447006167559366,0.0017870304571500867,0.01663821563509766,0.20107220800209225,0.43916174237404865,0.0,0.0,1.3118876507201351,0.6989710646235435,-0.1965402651114437,-0.002523122406180937,0.44942203901009076,0.0,0.0,0.2141157608594243,3.056881884553885,0.05124290286085261,0.17990229561619744,0.6147889612591274,0.0,0.0,-0.38570965267599844,0.6177774682434231,0.19724454920664236,0.09386744173595707,nan,nan,nan,nan,nan,nan,nan,0.9396475923404437,0.0,0.0,-0.505386730772504,1.7628353072696257,0.004126409339409288,-0.00567782878245513,nan,nan,nan,nan,nan,nan,nan,nan,nan,nan,nan,nan,nan,nan,0.9506198081438455,0.0,0.0,-0.41008177597639506,0.041702584283277756,-0.10842247610978031,-0.1798369106064283,nan,nan,nan,nan,nan,nan,nan,nan,nan,nan,nan,nan,nan,nan,nan,nan,nan,nan,nan,nan,nan,nan,nan,nan,nan,nan,nan,nan,nan,nan,nan,nan,nan,nan,nan,nan,nan,nan,nan,nan,nan,nan,nan,nan,nan,nan,nan,nan,nan,0.10779103418580446
1791062722.2940109,-1.0717802963346534,1.58697755411541,2.452049738889924,0.0016176281769011047,0.01506098920530599,0.20097056928702575,0.43916174237404865,0.0,0.0,1.2927035642681055,0.6988143409128275,-0.18749398631333197,-0.00683671710237597,0.44942203901009076,0.0,0.0,0.21551249631943564,3.075074096580957,0.013797011698598649,0.18746780592902554,0.6147889612591274,0.0,0.0,-0.3646561717629487,0.6276980822503587,0.21077147949526412,0.10087855927002473,nan,nan,nan,nan,nan,nan,nan,0.9396475923404437,0.0,0.0,-0.5048643497079464,1.7619712185039462,0.01586468142468271,-0.006973834965645326,nan,nan,nan,nan,nan,nan,nan,nan,nan,nan,nan,nan,nan,nan,0.9506198081438455,0.0,0.0,-0.4204781850018601,0.025228050853760713,-0.10486352971995977,-0.1513841523846453,nan,nan,nan,nan,nan,nan,nan,nan,nan,nan,nan,nan,nan,nan,nan,nan,nan,nan,nan,nan,nan,nan,nan,nan,nan,nan,nan,nan,nan,nan,nan,nan,nan,nan,nan,nan,nan,nan,nan,nan,nan,nan,nan,nan,nan,nan,nan,nan,nan,0.13299217954692422
1791062722.3940165,-1.0813284535756322,1.5949995014738652,2.4501868263094626,0.0014636905034104523,0.013627746590075273,0.2008782086576575,0.43916174237404865,0.0,0.0,1.274409043209859,0.698317485806446,-0.18712061291170223,-0.009598790693169462,0.44942203901009076,0.0,0.0,0.21790280754757768,3.092194192260835,0.048220929958711904,0.17841633604859428,0.6147889612591274,0.0,0.0,-0.3434722121162405,0.6377324386023185,0.2182087793754236,0.10630506945024179,nan,nan,nan,nan,nan,nan,nan,0.9396475923404437,0.0,0.0,-0.504264170661891,1.7609860363417909,0.010524140447567488,-0.015745358238149567,nan,nan,nan,nan,nan,nan,nan,nan,nan,nan,nan,nan,nan,nan,0.9506198081438455,0.0,0.0,-0.4306902810816019,0.008797836332107078,-0.09511578462994767,-0.17159574532798988,nan,nan,nan,nan,nan,nan,nan,nan,nan,nan,nan,nan,nan,nan,nan,nan,nan,nan,nan,nan,nan,nan,nan,nan,nan,nan,nan,nan,nan,nan,nan,nan,nan,nan,nan,nan,nan,nan,nan,nan,nan,nan,nan,nan,nan,nan,nan,nan,nan,0.1413054090226488
1791062722.4941835,-1.0928053742792583,1.603939955367237,2.4477194856941384,0.0013244036858843088,0.012330911331418101,0.2007946380300421,0.43916174237404865,0.0,0.0,1.2566647095821475,0.6979382122477831,-0.16992844744693314,-0.0021520504624940764,0.44942203901009076,0.0,0.0,0.21967650305882813,3.1089381784453978,0.0169578284688069,0.15847244764864288,0.6147889612591274,0.0,0.0,-0.3224162243528876,0.6477610149991978,0.22324872440103494,0.10885596725670588,nan,nan,nan,nan,nan,nan,nan,0.9396475923404437,0.0,0.0,-0.5036232738132207,1.759965804395497,0.010323315807504011,-0.011033865232927832,nan,nan,nan,nan,nan,nan,nan,nan,nan,nan,nan,nan,nan,nan,0.9506198081438455,0.0,0.0,-0.44072562610870153,-0.007100998470409371,-0.10038977872168647,-0.15221001839267906,nan,nan,nan,nan,nan,nan,nan,nan,nan,nan,nan,nan,nan,nan,nan,nan,nan,nan,nan,nan,nan,nan,nan,nan,nan,nan,nan,nan,nan,nan,nan,nan,nan,nan,nan,nan,nan,nan,nan,nan,nan,nan,nan,nan,nan,nan,nan,nan,nan,0.14843331058400244
1791062722.5940366,-1.1043226260778958,1.6137891979643015,2.447325315659384,0.001198370011966709,0.011157469974817601,0.20071901890945362,0.43916174237404865,0.0,0.0,1.2398610703256734,0.6975782264982274,-0.16365447098312413,-0.00542050167653686,0.44942203901009076,0.0,0.0,0.221018977491785,3.126292523077335,-0.007352791828201759,0.19070629783047052,0.6147889612591274,0.0,0.0,-0.3014908616301554,0.657870034608822,0.21647320174496515,0.10600191964023736,nan,nan,nan,nan,nan,nan,nan,0.9396475923404437,0.0,0.0,-0.5030725559009691,1.7590433999800459,0.004687192995942798,-0.008995250686258437,nan,nan,nan,nan,nan,nan,nan,nan,nan,nan,nan,nan,nan,nan,0.9506198081438455,0.0,0.0,-0.45096594550023483,-0.023348366599228128,-0.09794299488027147,-0.17002894383734507,nan,nan,nan,nan,nan,nan,nan,nan,nan,nan,nan,nan,nan,nan,nan,nan,nan,nan,nan,nan,nan,nan,nan,nan,nan,nan,nan,nan,nan,nan,nan,nan,nan,nan,nan,nan,nan,nan,nan,nan,nan,nan,nan,nan,nan,nan,nan,nan,nan,0.16029251110891812
1791062722.694026,-1.115769699152169,1.6244469919896127,2.4544412094157306,0.001084334262153667,0.010095735750922341,0.200650598262411,0.43916174237404865,0.0,0.0,1.2229921337283036,0.6972344374514847,-0.1666862578403769,-0.0016602599437053585,0.44942203901009076,0.0,0.0,0.22320272263294821,3.143638840141183,0.029110506433725453,0.17092150094654518,0.6147889612591274,0.0,0.0,-0.28056301285315166,0.6678669115621022,0.2110762398248991,0.09675549704581655,nan,nan,nan,nan,nan,nan,nan,0.9396475923404437,0.0,0.0,-0.5020613609042374,1.757273442511275,0.02763569920371299,-0.025016189794636892,nan,nan,nan,nan,nan,nan,nan,nan,nan,nan,nan,nan,nan,nan,0.9506198081438455,0.0,0.0,-0.4611585350012992,-0.03945803251113675,-0.10506888438042239,-0.15047966356095627,nan,nan,nan,nan,nan,nan,nan,nan,nan,nan,nan,nan,nan,nan,nan,nan,nan,nan,nan,nan,nan,nan,nan,nan,nan,nan,nan,nan,nan,nan,nan,nan,nan,nan,nan,nan,nan,nan,nan,nan,nan,nan,nan,nan,nan,nan,nan,nan,nan,0.1794793386350588
1791062722.7940047,-1.1284838962534167,1.6352504898975986,2.4534587336685965,0.000981157723277556,0.00913510662709561,0.20058869293381562,0.43916174237404865,0.0,0.0,1.2072988258702488,0.6967068524943786,-0.14880745910771304,0.002386534487982283,0.44942203901009076,0.0,0.0,0.22502586118689874,3.161316218387632,0.01497272552690742,0.17563659913090512,0.6147889612591274,0.0,0.0,-0.25948202095415973,0.6778354826956751,0.20642867047245617,0.09326853387094101,nan,nan,nan,nan,nan,nan,nan,0.9396475923404437,0.0,0.0,-0.5005172248045288,1.7538071393365622,-0.005704452561223696,-0.00970528845731174,nan,nan,nan,nan,nan,nan,nan,nan,nan,nan,nan,nan,nan,nan,0.9506198081438455,0.0,0.0,-0.47109205699456,-0.05577783248570016,-0.09330705891865035,-0.17205805052032921,nan,nan,nan,nan,nan,nan,nan,nan,nan,nan,nan,nan,nan,nan,nan,nan,nan,nan,nan,nan,nan,nan,nan,nan,nan,nan,nan,nan,nan,nan,nan,nan,nan,nan,nan,nan,nan,nan,nan,nan,nan,nan,nan,nan,nan,nan,nan,nan,nan,0.16453485282979854
1791062722.8942685,-1.1416364680367614,1.646386947308384,2.4542452059688658,0.0008877882213082748,0.008265786296660917,0.20053267167328137,0.43916174237404865,0.0,0.0,1.1916288350572628,0.6966123210828734,-0.15258484420753335,0.0033442501883644625,0.44942203901009076,0.0,0.0,0.22655073180417531,3.178088816792615,0.018000202927748767,0.1976884477367149,0.6147889612591274,0.0,0.0,-0.23848013950997135,0.6877124530526686,0.19786859368259582,0.08852267779168528,nan,nan,nan,nan,nan,nan,nan,0.9396475923404437,0.0,0.0,-0.49890361024301233,1.7512797062539252,0.011517746570038873,-0.02001196667185749,nan,nan,nan,nan,nan,nan,nan,nan,nan,nan,nan,nan,nan,nan,0.9506198081438455,0.0,0.0,-0.4809271866637348,-0.07146068407640979,-0.09883144496436509,-0.14908767543142376,nan,nan,nan,nan,nan,nan,nan,nan,nan,nan,nan,nan,nan,nan,nan,nan,nan,nan,nan,nan,nan,nan,nan,nan,nan,nan,nan,nan,nan,nan,nan,nan,nan,nan,nan,nan,nan,nan,nan,nan,nan,nan,nan,nan,nan,nan,nan,nan,nan,0.15957415660914567
1791062722.994089,-1.15415180963639,1.6569961066296004,2.4559738158831848,0.0008033662044371182,0.007479771869524499,0.20048201878938185,0.43916174237404865,0.0,0.0,1.1750554383477119,0.6962716566093983,-0.16823955288726697,-0.005771032165447004,0.44942203901009076,0.0,0.0,0.22856262929351195,3.198175512233821,0.01737690653401764,0.15122044777140026,0.6147889612591274,0.0,0.0,-0.21723822274417495,0.6975691111393976,0.20352210377520846,0.0955647715930866,nan,nan,nan,nan,nan,nan,nan,0.9396475923404437,0.0,0.0,-0.49707483148315534,1.748422755516871,0.022171144169084347,-0.010653052899015216,nan,nan,nan,nan,nan,nan,nan,nan,nan,nan,nan,nan,nan,nan,0.9506198081438455,0.0,0.0,-0.49094088185248047,-0.08762476540115652,-0.0985261617275767,-0.1712587942201083,nan,nan,nan,nan,nan,nan,nan,nan,nan,nan,nan,nan,nan,nan,nan,nan,nan,nan,nan,nan,nan,nan,nan,nan,nan,nan,nan,nan,nan,nan,nan,nan,nan,nan,nan,nan,nan,nan,nan,nan,nan,nan,nan,nan,nan,nan,nan,nan,nan,0.17656455195331683
1791062723.0940728,-1.1664390246936567,1.6675247491978265,2.4553762097282568,0.0007269168317107209,0.006767987051587889,0.20043614940763207,0.43916174237404865,0.0,0.0,1.158416829709903,0.6960781045203223,-0.16150215356642483,0.008289477249360808,0.44942203901009076,0.0,0.0,0.2301124489782632,3.2167976519128803,0.015285516050360735,0.19861085957515237,0.6147889612591274,0.0,0.0,-0.19577592129536028,0.7074803479880142,0.21374729339412127,0.10248296313539698,nan,nan,nan,nan,nan,nan,nan,0.9396475923404437,0.0,0.0,-0.49657621869067553,1.7475365371775213,0.002399242177810848,0.008860181745286074,nan,nan,nan,nan,nan,nan,nan,nan,nan,nan,nan,nan,nan,nan,0.9506198081438455,0.0,0.0,-0.5009848434783125,-0.10324607404109719,-0.10182082646259084,-0.14396659654232422,nan,nan,nan,nan,nan,nan,nan,nan,nan,nan,nan,nan,nan,nan,nan,nan,nan,nan,nan,nan,nan,nan,nan,nan,nan,nan,nan,nan,nan,nan,nan,nan,nan,nan,nan,nan,nan,nan,nan,nan,nan,nan,nan,nan,nan,nan,nan,nan,nan,0.1624625675065561
1791062723.194015,-1.1795838475181968,1.6785927691279758,2.4547806518878708,0.000657772472476368,0.0061242158420436975,0.20039466297121586,0.43916174237404865,0.0,0.0,1.1417969332293012,0.6955937464924381,-0.16035988112867183,-0.0027130052303128535,0.44942203901009076,0.0,0.0,0.2309728212468284,3.220550851973198,-0.005428196010043312,0.007812364743122503,0.6147889612591274,0.0,0.0,-0.1745639835090466,0.7174988027113021,0.21709275856120414,0.11000193226620693,nan,nan,nan,nan,nan,nan,nan,0.9396475923404437,0.0,0.0,-0.49530959508769845,1.7454564909755206,0.00943938789618217,-0.017169698127814728,nan,nan,nan,nan,nan,nan,nan,nan,nan,nan,nan,nan,nan,nan,0.9506198081438455,0.0,0.0,-0.5110194046886776,-0.11931952178496533,-0.0869418054797774,-0.18073893718927736,nan,nan,nan,nan,nan,nan,nan,nan,nan,nan,nan,nan,nan,nan,nan,nan,nan,nan,nan,nan,nan,nan,nan,nan,nan,nan,nan,nan,nan,nan,nan,nan,nan,nan,nan,nan,nan,nan,nan,nan,nan,nan,nan,nan,nan,nan,nan,nan,nan,0.1600520562057847
1791062723.2940679,-1.1924720019260773,1.689266214257592,2.4534162489267612,0.0005951771458462503,0.0055414196518309205,0.2003571059080087,0.43916174237404865,0.0,0.0,1.1252808143163384,0.6952941112061491,-0.16910493528765094,-0.007379669783697345,0.44942203901009076,0.0,0.0,0.23096052721218546,3.2206433908201015,0.010609663064651172,-0.0033465815388845415,0.6147889612591274,0.0,0.0,-0.15331077717038602,0.7274139845358197,0.22176099310717723,0.10678853577027492,nan,nan,nan,nan,nan,nan,nan,0.9396475923404437,0.0,0.0,-0.49471691191014283,1.744040212169046,0.006788896115079001,-0.014271844477451699,nan,nan,nan,nan,nan,nan,nan,nan,nan,nan,nan,nan,nan,nan,0.9506198081438455,0.0,0.0,-0.5208126529826252,-0.13459609593762745,-0.09745578834087182,-0.14317167723490157,nan,nan,nan,nan,nan,nan,nan,nan,nan,nan,nan,nan,nan,nan,nan,nan,nan,nan,nan,nan,nan,nan,nan,nan,nan,nan,nan,nan,nan,nan,nan,nan,nan,nan,nan,nan,nan,nan,nan,nan,nan,nan,nan,nan,nan,nan,nan,nan,nan,0.1712385736903457
1791062723.3939915,-1.2052954280492536,1.7001530567891003,2.4549171419255793,0.0005385748696671146,0.005014421987780074,0.20032314464060352,0.43916174237404865,0.0,0.0,1.108393851079749,0.6946320975764688,-0.16807015394522554,-0.005193285646054407,0.44942203901009076,0.0,0.0,0.23101352950154277,3.220573559833199,0.004903607992567802,-0.008965264150492164,0.6147889612591274,0.0,0.0,-0.13206210057167553,0.7372405323947169,0.22103178067752327,0.10587581891456668,nan,nan,nan,nan,nan,nan,nan,0.9396475923404437,0.0,0.0,-0.49411571239487434,1.7427354072671923,0.0028376236488445216,-0.007837053237662324,nan,nan,nan,nan,nan,nan,nan,nan,nan,nan,nan,nan,nan,nan,0.9506198081438455,0.0,0.0,-0.529795233361128,-0.14904098172867308,-0.07610445522075548,-0.14941111964080067,nan,nan,nan,nan,nan,nan,nan,nan,nan,nan,nan,nan,nan,nan,nan,nan,nan,nan,nan,nan,nan,nan,nan,nan,nan,nan,nan,nan,nan,nan,nan,nan,nan,nan,nan,nan,nan,nan,nan,nan,nan,nan,nan,nan,nan,nan,nan,nan,nan,0.16111993416689152
1791062723.494,-1.2178620595682652,1.7108146128448873,2.4569700308540527,0.00048733223700435705,0.004537325490324321,0.20029239913387467,0.43916174237404865,0.0,0.0,1.091629872243158,0.6940146903632856,-0.1597657023367804,-0.006315907224365107,0.44942203901009076,0.0,0.0,0.23076948934820435,3.2209239057387804,-0.001960472972977849,5.838630592572454e-05,0.6147889612591274,0.0,0.0,-0.11117621363042528,0.7468214603964216,0.21548079431358058,0.09184367539130342,nan,nan,nan,nan,nan,nan,nan,0.9396475923404437,0.0,0.0,-0.493108504668081,1.7410246239648222,0.029068541928105162,-0.03871326728976854,nan,nan,nan,nan,nan,nan,nan,nan,nan,nan,nan,nan,nan,nan,0.9506198081438455,0.0,0.0,-0.5391396374236737,-0.16364518163206407,-0.08664183133104489,-0.1397208060877137,nan,nan,nan,nan,nan,nan,nan,nan,nan,nan,nan,nan,nan,nan,nan,nan,nan,nan,nan,nan,nan,nan,nan,nan,nan,nan,nan,nan,nan,nan,nan,nan,nan,nan,nan,nan,nan,nan,nan,nan,nan,nan,nan,nan,nan,nan,nan,nan,nan,0.14263001884922086
1791062723.5940018,-1.2309816573638679,1.721629351431617,2.457383337758016,0.00044095644320163056,0.004105541882803085,0.2002645737115878,0.43916174237404865,0.0,0.0,1.0747527635898155,0.6932672308430466,-0.1742793868745334,-0.012275210351069038,0.44942203901009076,0.0,0.0,0.2309019855702803,3.220973092404292,-0.011292455308150963,-0.0022245582121980714,0.6147889612591274,0.0,0.0,-0.08940737657890839,0.7567021420366133,0.21420546678396163,0.0903994785234879,nan,nan,nan,nan,nan,nan,nan,0.9396475923404437,0.0,0.0,-0.49248858024190495,1.7399945948092441,0.008700138366759189,-0.0141097290665455,nan,nan,nan,nan,nan,nan,nan,nan,nan,nan,nan,nan,nan,nan,0.9506198081438455,0.0,0.0,-0.5483024494228484,-0.17784261177441338,-0.09837882174051671,-0.138701838221028,nan,nan,nan,nan,nan,nan,nan,nan,nan,nan,nan,nan,nan,nan,nan,nan,nan,nan,nan,nan,nan,nan,nan,nan,nan,nan,nan,nan,nan,nan,nan,nan,nan,nan,nan,nan,nan,nan,nan,nan,nan,nan,nan,nan,nan,nan,nan,nan,nan,0.2042628055070222
1791062723.6957242,-1.2427517667698826,1.7319999162819006,2.4594782935536683,0.00039899388966401254,0.003714847918094916,0.20023939621946557,0.43916174237404865,0.0,0.0,1.057451639997947,0.6923686642887821,-0.1732807051580607,-0.01544419892914317,0.44942203901009076,0.0,0.0,0.2308979547806443,3.2206416659087753,-0.011987864958878856,-0.0028758209286639178,0.6147889612591274,0.0,0.0,-0.06821261808039329,0.7664830869236399,0.20233256120965976,0.08710868849672135,nan,nan,nan,nan,nan,nan,nan,0.9396475923404437,0.0,0.0,-0.4913587275099235,1.738292058741923,0.028774830917314413,-0.03949900343917237,nan,nan,nan,nan,nan,nan,nan,nan,nan,nan,nan,nan,nan,nan,0.9506198081438455,0.0,0.0,-0.5570322124849847,-0.19158045696990417,-0.10078269015280653,-0.15728376980781847,nan,nan,nan,nan,nan,nan,nan,nan,nan,nan,nan,nan,nan,nan,nan,nan,nan,nan,nan,nan,nan,nan,nan,nan,nan,nan,nan,nan,nan,nan,nan,nan,nan,nan,nan,nan,nan,nan,nan,nan,nan,nan,nan,nan,nan,nan,nan,nan,nan,0.16214568125443776
1791062723.7940266,-1.2578976749639206,1.744557419713393,2.4599199754177627,0.00036132875115866257,0.003364165200925535,0.20021679716578109,0.43916174237404865,0.0,0.0,1.0411999673715893,0.6919362312921347,-0.15805288200118722,0.00029363313575053875,0.44942203901009076,0.0,0.0,0.23092293146293852,3.221030481622944,0.008259087577621501,0.004109918955411172,0.6147889612591274,0.0,0.0,-0.04696720866798993,0.7762510404986138,0.19997205852908162,0.09498835113213375,nan,nan,nan,nan,nan,nan,nan,0.9396475923404437,0.0,0.0,-0.4891717955673598,1.7345743784632437,0.019056407647526814,-0.040971238831695844,nan,nan,nan,nan,nan,nan,nan,nan,nan,nan,nan,nan,nan,nan,0.9506198081438455,0.0,0.0,-0.5673420771114317,-0.20822816932346644,-0.09107388634102029,-0.140900134095808,nan,nan,nan,nan,nan,nan,nan,nan,nan,nan,nan,nan,nan,nan,nan,nan,nan,nan,nan,nan,nan,nan,nan,nan,nan,nan,nan,nan,nan,nan,nan,nan,nan,nan,nan,nan,nan,nan,nan,nan,nan,nan,nan,nan,nan,nan,nan,nan,nan,0.17747086212222962
1791062723.8940108,-1.2685625081661136,1.7537213117179267,2.4549198487116155,0.0003269461568148478,0.003044044737114977,0.20019616763118162,0.43916174237404865,0.0,0.0,1.025342594342923,0.6911630891927322,-0.15940793531871122,-0.014555798856697836,0.44942203901009076,0.0,0.0,0.23101834687655368,3.2211012373500676,0.005641988772552925,0.006277992380525196,0.6147889612591274,0.0,0.0,-0.025900981034328297,0.7858604228559172,0.20838679730402143,0.09792218345078199,nan,nan,nan,nan,nan,nan,nan,0.9396475923404437,0.0,0.0,-0.4879972379254264,1.732190657882809,0.014100877219713827,-0.02957002585847962,nan,nan,nan,nan,nan,nan,nan,nan,nan,nan,nan,nan,nan,nan,0.9506198081438455,0.0,0.0,-0.5765983366334958,-0.222650414171455,-0.09390212299222979,-0.14670755837809807,nan,nan,nan,nan,nan,nan,nan,nan,nan,nan,nan,nan,nan,nan,nan,nan,nan,nan,nan,nan,nan,nan,nan,nan,nan,nan,nan,nan,nan,nan,nan,nan,nan,nan,nan,nan,nan,nan,nan,nan,nan,nan,nan,nan,nan,nan,nan,nan,nan,0.19185808539200866
1791062723.9941733,-1.2822148371400353,1.765246320190507,2.4542908256555647,0.00029583311646635204,0.002754365581222286,0.20017749982327696,0.43916174237404865,0.0,0.0,1.0096092895579842,0.6902995638101865,-0.16246316235938058,-0.023836824263140093,0.44942203901009076,0.0,0.0,0.23094414985717246,3.220658883705219,-0.002968148425540302,-0.031233620324395302,0.6147889612591274,0.0,0.0,-0.00475674235406281,0.7955162755642482,0.2134464643013418,0.10011264428878852,nan,nan,nan,nan,nan,nan,nan,0.9396475923404437,0.0,0.0,-0.48623690409461917,1.7291989225877555,0.015820464541621566,-0.02399052414035162,nan,nan,nan,nan,nan,nan,nan,nan,nan,nan,nan,nan,nan,nan,0.9506198081438455,0.0,0.0,-0.5860808194088684,-0.23815599531149512,-0.10251283423032242,-0.16060138972905713,nan,nan,nan,nan,nan,nan,nan,nan,nan,nan,nan,nan,nan,nan,nan,nan,nan,nan,nan,nan,nan,nan,nan,nan,nan,nan,nan,nan,nan,nan,nan,nan,nan,nan,nan,nan,nan,nan,nan,nan,nan,nan,nan,nan,nan,nan,nan,nan,nan,0.2033863863034258
1791062724.094105,-1.2965297619431007,1.7774376538874521,2.4570864985914396,0.00026768087336091827,0.002492253041659364,0.2001606084894923,0.43916174237404865,0.0,0.0,0.9940900813237493,0.6899873905061448,-0.15518133670645778,0.002032772364319965,0.44942203901009076,0.0,0.0,0.2306334512169433,3.2207831583368423,-0.06123728923245505,-0.0462756980783697,0.6147889612591274,0.0,0.0,0.016405283475015776,0.8048862359857255,0.21898821323359063,0.10426131353451953,nan,nan,nan,nan,nan,nan,nan,0.9396475923404437,0.0,0.0,-0.48515772848317024,1.727012458847068,-0.013492203897166712,-0.00823123215825919,nan,nan,nan,nan,nan,nan,nan,nan,nan,nan,nan,nan,nan,nan,0.9506198081438455,0.0,0.0,-0.5957414272038849,-0.25324883723045183,-0.11443481804508607,-0.1503753257062691,nan,nan,nan,nan,nan,nan,nan,nan,nan,nan,nan,nan,nan,nan,nan,nan,nan,nan,nan,nan,nan,nan,nan,nan,nan,nan,nan,nan,nan,nan,nan,nan,nan,nan,nan,nan,nan,nan,nan,nan,nan,nan,nan,nan,nan,nan,nan,nan,nan,0.22936619572460887
1791062724.1940258,-1.3112074112360215,1.7899914212190429,2.46068908755362,0.0002422216844460292,0.0022552142864631307,0.200145332985087,0.43916174237404865,0.0,0.0,0.9786047352505426,0.689654159522367,-0.15660698342159424,-0.006342042588212779,0.44942203901009076,0.0,0.0,0.23151436286662547,3.2213451065062966,0.05327856150061978,0.04149457418039261,0.6147889612591274,0.0,0.0,0.03721384616891994,0.8141177911849014,0.21549640402268896,0.09606602344129798,nan,nan,nan,nan,nan,nan,nan,0.9396475923404437,0.0,0.0,-0.4834886755574356,1.7248626403857912,0.034512505404224694,-0.04729820236848706,nan,nan,nan,nan,nan,nan,nan,nan,nan,nan,nan,nan,nan,nan,0.9506198081438455,0.0,0.0,-0.6057166346466983,-0.26960644627259706,-0.09958314112758823,-0.17451842838321957,nan,nan,nan,nan,nan,nan,nan,nan,nan,nan,nan,nan,nan,nan,nan,nan,nan,nan,nan,nan,nan,nan,nan,nan,nan,nan,nan,nan,nan,nan,nan,nan,nan,nan,nan,nan,nan,nan,nan,nan,nan,nan,nan,nan,nan,nan,nan,nan,nan,0.19507853789235038
1791062724.2940228,-1.3270615503188192,1.8033157243274933,2.462164917288824,0.00021917210167509446,0.002040610261720628,0.20013150324205423,0.43916174237404865,0.0,0.0,0.9629371354576769,0.6890834523850926,-0.16089692968148261,-0.0037035742196156285,0.44942203901009076,0.0,0.0,0.2307322212000263,3.2208881561787206,-0.013846747493085568,0.019015094699871032,0.6147889612591274,0.0,0.0,0.05851388252528974,0.8236258265427668,0.21903425796171094,0.09193006379999397,nan,nan,nan,nan,nan,nan,nan,0.9396475923404437,0.0,0.0,-0.48238701717030724,1.722782206484522,-0.01044353099108287,0.0036381434376377446,nan,nan,nan,nan,nan,nan,nan,nan,nan,nan,nan,nan,nan,nan,0.9506198081438455,0.0,0.0,-0.6156422508075999,-0.2849141836133367,-0.10303310526075556,-0.1415178740667445,nan,nan,nan,nan,nan,nan,nan,nan,nan,nan,nan,nan,nan,nan,nan,nan,nan,nan,nan,nan,nan,nan,nan,nan,nan,nan,nan,nan,nan,nan,nan,nan,nan,nan,nan,nan,nan,nan,nan,nan,nan,nan,nan,nan,nan,nan,nan,nan,nan,0.1729715739179681
1791062724.3941984,-1.3416352459890488,1.8154569457822454,2.4622245468995154,0.00019831565886075652,0.0018464255506892068,0.20011898938127726,0.43916174237404865,0.0,0.0,0.9465761178948939,0.6882878942469445,-0.16276476203832552,-0.01095965657756184,0.44942203901009076,0.0,0.0,0.23070523728900474,3.2208577565549463,-0.021972963328213177,0.01046287034876488,0.6147889612591274,0.0,0.0,0.07976823619853286,0.8331172314741316,0.2126579730215024,0.09001514073797842,nan,nan,nan,nan,nan,nan,nan,0.9396475923404437,0.0,0.0,-0.48119821720761974,1.7206170259580496,0.006736210382258259,-0.017928435192173516,nan,nan,nan,nan,nan,nan,nan,nan,nan,nan,nan,nan,nan,nan,0.9506198081438455,0.0,0.0,-0.6256208813452193,-0.30108669437320684,-0.09082014851075823,-0.17212800245054544,nan,nan,nan,nan,nan,nan,nan,nan,nan,nan,nan,nan,nan,nan,nan,nan,nan,nan,nan,nan,nan,nan,nan,nan,nan,nan,nan,nan,nan,nan,nan,nan,nan,nan,nan,nan,nan,nan,nan,nan,nan,nan,nan,nan,nan,nan,nan,nan,nan,0.18800102740046365
1791062724.494081,-1.3553837197559853,1.8270690648980226,2.4616613502416955,0.00017944342877864098,0.001670714928430325,0.2001076660468667,0.43916174237404865,0.0,0.0,0.9312801990288957,0.6878942039872262,-0.15194748983733658,-0.002956674990476015,0.44942203901009076,0.0,0.0,0.23088286070242736,3.2209955288790004,-0.013507014055061828,-0.004424186787053929,0.6147889612591274,0.0,0.0,0.10145482628041705,0.8425022988537909,0.2077336581387318,0.08046029983202677,nan,nan,nan,nan,nan,nan,nan,0.9396475923404437,0.0,0.0,-0.4807260051978758,1.719531136112506,0.00415631352644926,-0.00872657964725138,nan,nan,nan,nan,nan,nan,nan,nan,nan,nan,nan,nan,nan,nan,0.9506198081438455,0.0,0.0,-0.6354940047232033,-0.31628700948726135,-0.09751306680785551,-0.14344747905138217,nan,nan,nan,nan,nan,nan,nan,nan,nan,nan,nan,nan,nan,nan,nan,nan,nan,nan,nan,nan,nan,nan,nan,nan,nan,nan,nan,nan,nan,nan,nan,nan,nan,nan,nan,nan,nan,nan,nan,nan,nan,nan,nan,nan,nan,nan,nan,nan,nan,0.19886435492806911
1791062724.594009,-1.3694969914756103,1.8387999082277307,2.4632629528461933,0.0001623680593622686,0.0015117340463408069,0.20009742082791238,0.43916174237404865,0.0,0.0,0.9164771097686402,0.6877050385565722,-0.1371269975607085,0.014270540155886734,0.44942203901009076,0.0,0.0,0.23084891979684338,3.2209629019404984,-0.01266727145521197,0.01574561619127871,0.6147889612591274,0.0,0.0,0.12298448145261316,0.8517756047957435,0.20415076298369017,0.08689608165442145,nan,nan,nan,nan,nan,nan,nan,0.9396475923404437,0.0,0.0,-0.4793595987096809,1.7174951681191628,0.030899501836744062,-0.04095603009056244,nan,nan,nan,nan,nan,nan,nan,nan,nan,nan,nan,nan,nan,nan,0.9506198081438455,0.0,0.0,-0.6453618346147003,-0.33193714502077937,-0.09731643334783385,-0.16425727117687838,nan,nan,nan,nan,nan,nan,nan,nan,nan,nan,nan,nan,nan,nan,nan,nan,nan,nan,nan,nan,nan,nan,nan,nan,nan,nan,nan,nan,nan,nan,nan,nan,nan,nan,nan,nan,nan,nan,nan,nan,nan,nan,nan,nan,nan,nan,nan,nan,nan,0.2065416338918044
1791062724.6940637,-1.384232940913365,1.8510309702885033,2.4659912151704155,0.00014691669565314853,0.0013678735316976194,0.2000881500116839,0.43916174237404865,0.0,0.0,0.9022693463608932,0.6870634895119024,-0.1416308962915927,-0.0037378526217663782,0.44942203901009076,0.0,0.0,0.23099494537843895,3.2206555011951292,0.010887663836721156,-0.022703038814099876,0.6147889612591274,0.0,0.0,0.1444855160537498,0.8611592933650145,0.2100222246297335,0.09353007615665773,nan,nan,nan,nan,nan,nan,nan,0.9396475923404437,0.0,0.0,-0.4783587601658814,1.7158606303116606,0.040673446583297614,-0.03897625692483528,nan,nan,nan,nan,nan,nan,nan,nan,nan,nan,nan,nan,nan,nan,0.9506198081438455,0.0,0.0,-0.6549506078754909,-0.34693762093474884,-0.09440709399839667,-0.13770320556297108,nan,nan,nan,nan,nan,nan,nan,nan,nan,nan,nan,nan,nan,nan,nan,nan,nan,nan,nan,nan,nan,nan,nan,nan,nan,nan,nan,nan,nan,nan,nan,nan,nan,nan,nan,nan,nan,nan,nan,nan,nan,nan,nan,nan,nan,nan,nan,nan,nan,0.16807900168292433
1791062724.7940192,-1.398729049653034,1.8630074327335502,2.4668491999181077,0.00013294163857880577,0.0012377582266196471,0.2000797649789181,0.43916174237404865,0.0,0.0,0.8879827693582509,0.686315449147738,-0.1451958159672621,-0.017917380667344697,0.44942203901009076,0.0,0.0,0.23085078679360244,3.2209974967354182,-0.00496467760789892,0.022553636607397246,0.6147889612591274,0.0,0.0,0.16627173635399237,0.8704802828219035,0.2259461424681181,0.09834469909723491,nan,nan,nan,nan,nan,nan,nan,0.9396475923404437,0.0,0.0,-0.4772012422262359,1.7139613089332606,0.017749149915359575,-0.027935474837382738,nan,nan,nan,nan,nan,nan,nan,nan,nan,nan,nan,nan,nan,nan,0.9506198081438455,0.0,0.0,-0.664737197582727,-0.3615623265220057,-0.10102528778954764,-0.1574080070995163,nan,nan,nan,nan,nan,nan,nan,nan,nan,nan,nan,nan,nan,nan,nan,nan,nan,nan,nan,nan,nan,nan,nan,nan,nan,nan,nan,nan,nan,nan,nan,nan,nan,nan,nan,nan,nan,nan,nan,nan,nan,nan,nan,nan,nan,nan,nan,nan,nan,0.16351458493743815
1791062724.8942072,-1.4122512700268022,1.874113482867121,2.4661033918479607,0.00012029056904064969,0.0011199699582953664,0.20007217433829136,0.43916174237404865,0.0,0.0,0.8739447455946704,0.6855524614290737,-0.14218767377139585,-0.024585007400209705,0.44942203901009076,0.0,0.0,0.23079198347226607,3.221015103516909,-0.0049751536318811025,0.027493127174587344,0.6147889612591274,0.0,0.0,0.1878781337178275,0.8797917759330687,0.21903727079609336,0.09687561096266181,nan,nan,nan,nan,nan,nan,nan,0.9396475923404437,0.0,0.0,-0.4760363736896999,1.7119712915070708,0.011834832273443027,-0.0207177716813723,nan,nan,nan,nan,nan,nan,nan,nan,nan,nan,nan,nan,nan,nan,0.9506198081438455,0.0,0.0,-0.6741984507683421,-0.37675330071119445,-0.08722840314312919,-0.14634066268940443,nan,nan,nan,nan,nan,nan,nan,nan,nan,nan,nan,nan,nan,nan,nan,nan,nan,nan,nan,nan,nan,nan,nan,nan,nan,nan,nan,nan,nan,nan,nan,nan,nan,nan,nan,nan,nan,nan,nan,nan,nan,nan,nan,nan,nan,nan,nan,nan,nan,0.16772994044776482
1791062724.9941397,-1.4251522840282238,1.884904531526683,2.4646119895936294,0.00010885442834935625,0.0010134933316135223,0.2000653126546879,0.43916174237404865,0.0,0.0,0.8606984488516366,0.684890912644152,-0.13210431945385792,-0.021143816321142664,0.44942203901009076,0.0,0.0,0.23079198347226607,3.221015103516909,-0.0049751536318811025,0.027493127174587344,0.6147889612591274,0.0,0.0,0.20952702823591338,0.8891745409904552,0.22392216395587775,0.10214216707949075,nan,nan,nan,nan,nan,nan,nan,0.9396475923404437,0.0,0.0,-0.47504857341485407,1.7099016505096294,0.0302832967662001,-0.04593463015214048,nan,nan,nan,nan,nan,nan,nan,nan,nan,nan,nan,nan,nan,nan,0.9506198081438455,0.0,0.0,-0.6831041645098707,-0.39054302137867963,-0.09362851145399646,-0.13189765624156832,nan,nan,nan,nan,nan,nan,nan,nan,nan,nan,nan,nan,nan,nan,nan,nan,nan,nan,nan,nan,nan,nan,nan,nan,nan,nan,nan,nan,nan,nan,nan,nan,nan,nan,nan,nan,nan,nan,nan,nan,nan,nan,nan,nan,nan,nan,nan,nan,nan,0.08460375810308919
1791062725.0940251,-1.4367046306281555,1.8943949392537613,2.465308664660102,9.849590958085616e-05,0.000917049945189451,0.20005909754402854,0.43916174237404865,0.0,0.0,0.8475104278048109,0.6842970939258846,-0.1353667150795671,-0.015490475734815379,0.44942203901009076,0.0,0.0,-1.4273488084487267,1.9338766239114553,-122.54988640809829,-95.11404658752276,0.6147889612591274,0.0,0.0,0.2311002773402097,0.8986720604764473,0.22258993347914027,0.09832497122368822,nan,nan,nan,nan,nan,nan,nan,0.9396475923404437,0.0,0.0,-0.47430006259432705,1.7083168983934898,-0.010702606124410883,0.007095795137878306,nan,nan,nan,nan,nan,nan,nan,nan,nan,nan,nan,nan,nan,nan,0.9506198081438455,0.0,0.0,-0.6924549763826451,-0.40553670296323124,-0.09484642667872781,-0.16284822577678984,nan,nan,nan,nan,nan,nan,nan,nan,nan,nan,nan,nan,nan,nan,nan,nan,nan,nan,nan,nan,nan,nan,nan,nan,nan,nan,nan,nan,nan,nan,nan,nan,nan,nan,nan,nan,nan,nan,nan,nan,nan,nan,nan,nan,nan,nan,nan,nan,nan,0.01917114470598601
1791062725.1940215,-1.4445071014525028,1.9010262246671406,2.4763013951025896,8.912278454153533e-05,0.0008297811048879476,0.20005347366945073,0.43916174237404865,0.0,0.0,0.8341535422308329,0.6838956218774733,-0.13460617178886167,-0.010968055288917016,0.44942203901009076,0.0,0.0,0.2309372546035018,3.2209681059882183,-0.038245085275059015,-0.029151176573050296,0.6147889612591274,0.0,0.0,0.2526393386513527,0.9082215043906245,0.21734455643293293,0.08666856915416125,nan,nan,nan,nan,nan,nan,nan,0.9396475923404437,0.0,0.0,-0.4728847280498252,1.706144334666433,0.012778942911870778,-0.018919384091235242,nan,nan,nan,nan,nan,nan,nan,nan,nan,nan,nan,nan,nan,nan,0.9506198081438455,0.0,0.0,-0.7010956749669771,-0.4186649995732683,-0.08574280006155907,-0.13430332678104734,nan,nan,nan,nan,nan,nan,nan,nan,nan,nan,nan,nan,nan,nan,nan,nan,nan,nan,nan,nan,nan,nan,nan,nan,nan,nan,nan,nan,nan,nan,nan,nan,nan,nan,nan,nan,nan,nan,nan,nan,nan,nan,nan,nan,nan,nan,nan,nan,nan,0.05485400278176706
1791062725.294018,-1.4496676572868636,1.9051949088944768,2.476418954624945,8.064295837779002e-05,0.0007508293580410902,0.20004838577408268,0.43916174237404865,0.0,0.0,0.8209179995688252,0.6836820824803662,-0.1100419051428979,0.008942152431546136,0.44942203901009076,0.0,0.0,0.23087403616240618,3.2206448988491827,-0.0024266209703065166,-0.005449309344748543,0.6147889612591274,0.0,0.0,0.2742394473675358,0.9178136389821351,0.2111357121475708,0.08746732067800375,nan,nan,nan,nan,nan,nan,nan,0.9396475923404437,0.0,0.0,-0.4721914264435622,1.704881230512073,0.010650974436333716,-0.01637583256813848,nan,nan,nan,nan,nan,nan,nan,nan,nan,nan,nan,nan,nan,nan,0.9506198081438455,0.0,0.0,-0.7099275118507462,-0.43242118825511633,-0.09655856094649337,-0.13827312308081302,nan,nan,nan,nan,nan,nan,nan,nan,nan,nan,nan,nan,nan,nan,nan,nan,nan,nan,nan,nan,nan,nan,nan,nan,nan,nan,nan,nan,nan,nan,nan,nan,nan,nan,nan,nan,nan,nan,nan,nan,nan,nan,nan,nan,nan,nan,nan,nan,nan,0.09317766798504057
1791062725.3940005,-1.4561058718256015,1.9104126790283076,2.478502643238936,7.296876626532197e-05,0.000679378497938774,0.20004378125905986,0.43916174237404865,0.0,0.0,0.8074594307598609,0.6834462972854454,-0.11802692292862688,0.006778955218337364,0.44942203901009076,0.0,0.0,0.23095031491013096,3.221008407453076,0.005037324894290519,0.0001729435653605039,0.6147889612591274,0.0,0.0,0.29707842678503765,0.9272289775483101,0.20961627750320802,0.08694710810071411,nan,nan,nan,nan,nan,nan,nan,0.9396475923404437,0.0,0.0,-0.47062356117845444,1.7025252647590605,0.026254026387345697,-0.039048943219401305,nan,nan,nan,nan,nan,nan,nan,nan,nan,nan,nan,nan,nan,nan,0.9506198081438455,0.0,0.0,-0.7192659934598461,-0.4471700129765541,-0.0994906468735093,-0.16578855631912426,nan,nan,nan,nan,nan,nan,nan,nan,nan,nan,nan,nan,nan,nan,nan,nan,nan,nan,nan,nan,nan,nan,nan,nan,nan,nan,nan,nan,nan,nan,nan,nan,nan,nan,nan,nan,nan,nan,nan,nan,nan,nan,nan,nan,nan,nan,nan,nan,nan,0.09026964170340548
1791062725.4940486,-1.4638489034826394,1.9167399561263812,2.469361170043592,6.602487008648236e-05,0.0006147270861460981,0.20003961492153383,0.43916174237404865,0.0,0.0,0.7953970264823749,0.6828784503419428,-0.10927141766143297,-0.005439833662756133,0.44942203901009076,0.0,0.0,0.23100179975495053,3.2211428867177228,-0.0033212992011920975,0.0010476308931200889,0.6147889612591274,0.0,0.0,0.31852334347503425,0.9370162799385641,0.21469580912180755,0.09965159581646538,nan,nan,nan,nan,nan,nan,nan,0.9396475923404437,0.0,0.0,-0.4685446803401795,1.6985469809106846,0.037791684997860994,-0.06503881175901104,nan,nan,nan,nan,nan,nan,nan,nan,nan,nan,nan,nan,nan,nan,0.9506198081438455,0.0,0.0,-0.7281730739002102,-0.4608889914152166,-0.09500664224300592,-0.13627726916107022,nan,nan,nan,nan,nan,nan,nan,nan,nan,nan,nan,nan,nan,nan,nan,nan,nan,nan,nan,nan,nan,nan,nan,nan,nan,nan,nan,nan,nan,nan,nan,nan,nan,nan,nan,nan,nan,nan,nan,nan,nan,nan,nan,nan,nan,nan,nan,nan,nan,0.03336399331757768
1791062725.5940175,-1.4718532343151747,1.923913880331761,2.4793037057584235,5.97424091282816e-05,0.000556233992352763,0.20003584544509315,0.43916174237404865,0.0,0.0,0.7842238259766462,0.6826882814599794,-0.09376129660985835,0.01233296466492715,0.44942203901009076,0.0,0.0,0.23085948481870988,3.22098049512526,0.0039936399988040995,0.005788713017668165,0.6147889612591274,0.0,0.0,0.3400654292562082,0.9466378507587989,0.21288932922594817,0.09799085188131645,nan,nan,nan,nan,nan,nan,nan,0.9396475923404437,0.0,0.0,-0.46720818933084296,1.6959713636067741,0.011989379824198608,-0.02173621357167398,nan,nan,nan,nan,nan,nan,nan,nan,nan,nan,nan,nan,nan,nan,0.9506198081438455,0.0,0.0,-0.737180545972836,-0.4747828158899997,-0.10364957783703119,-0.13959290191791066,nan,nan,nan,nan,nan,nan,nan,nan,nan,nan,nan,nan,nan,nan,nan,nan,nan,nan,nan,nan,nan,nan,nan,nan,nan,nan,nan,nan,nan,nan,nan,nan,nan,nan,nan,nan,nan,nan,nan,nan,nan,nan,nan,nan,nan,nan,nan,nan,nan,0.05997879653348505
1791062725.6940143,-1.4777733745506207,1.9285446493466951,2.4778434130665046,5.40572159464532e-05,0.0005033017831069843,0.20003243432928355,0.43916174237404865,0.0,0.0,0.771061858636535,0.6822647391751054,-0.14773258562103547,-0.013369003134018871,0.44942203901009076,0.0,0.0,0.23101892286034784,3.221073897829513,-0.0024706895326461094,0.02734123401299799,0.6147889612591274,0.0,0.0,0.3616324286704626,0.9563169931190847,0.21858554087193224,0.10745927219570586,nan,nan,nan,nan,nan,nan,nan,0.9396475923404437,0.0,0.0,-0.46553709808209465,1.6932715858333633,0.02474060149201014,-0.025633738635019446,nan,nan,nan,nan,nan,nan,nan,nan,nan,nan,nan,nan,nan,nan,0.9506198081438455,0.0,0.0,-0.7462795918601204,-0.48954010134223513,-0.092891304133796,-0.15762498846327386,nan,nan,nan,nan,nan,nan,nan,nan,nan,nan,nan,nan,nan,nan,nan,nan,nan,nan,nan,nan,nan,nan,nan,nan,nan,nan,nan,nan,nan,nan,nan,nan,nan,nan,nan,nan,nan,nan,nan,nan,nan,nan,nan,nan,nan,nan,nan,nan,nan,0.08828070086518128
1791062725.794449,-1.4846668172969582,1.9340849492236802,2.477727515705868,4.891299171927621e-05,0.0004554062860690869,0.20002934779482093,0.43916174237404865,0.0,0.0,0.7574527991450686,0.6821811942972582,-0.13766129007045222,0.01721305411386425,0.44942203901009076,0.0,0.0,0.2311186352837203,3.2210936386284996,0.022260711033265157,0.011753193495923369,0.6147889612591274,0.0,0.0,0.38319092121760395,0.9659230316744832,0.21385724634336223,0.10107490593199207,nan,nan,nan,nan,nan,nan,nan,0.9396475923404437,0.0,0.0,-0.463365056094102,1.6898160126005304,0.01991764469208094,-0.03351679267140176,nan,nan,nan,nan,nan,nan,nan,nan,nan,nan,nan,nan,nan,nan,0.9506198081438455,0.0,0.0,-0.755237600922029,-0.5038321437590775,-0.08944298310593488,-0.1339013872972613,nan,nan,nan,nan,nan,nan,nan,nan,nan,nan,nan,nan,nan,nan,nan,nan,nan,nan,nan,nan,nan,nan,nan,nan,nan,nan,nan,nan,nan,nan,nan,nan,nan,nan,nan,nan,nan,nan,nan,nan,nan,nan,nan,nan,nan,nan,nan,nan,nan,0.11609337310651414
1791062725.894312,-1.4932733301711194,1.9412527969963551,2.478063731554245,4.4260716894933316e-05,0.00041209110282112055,0.2000265564299809,0.43916174237404865,0.0,0.0,0.7436553098354076,0.6821331180789435,-0.1047146200627541,0.03569797817079619,0.44942203901009076,0.0,0.0,0.23098162732081534,3.220649774630905,0.0033545353413704203,-0.026218702170959205,0.6147889612591274,0.0,0.0,0.40476249214127985,0.9756405328069838,0.21495014315234467,0.09975888803964905,nan,nan,nan,nan,nan,nan,nan,0.9396475923404437,0.0,0.0,-0.4620070645507631,1.687034320426734,0.02906387453889144,-0.04497510534295628,nan,nan,nan,nan,nan,nan,nan,nan,nan,nan,nan,nan,nan,nan,0.9506198081438455,0.0,0.0,-0.7644337805633437,-0.5182152181132061,-0.09555748482934141,-0.14399941005781192,nan,nan,nan,nan,nan,nan,nan,nan,nan,nan,nan,nan,nan,nan,nan,nan,nan,nan,nan,nan,nan,nan,nan,nan,nan,nan,nan,nan,nan,nan,nan,nan,nan,nan,nan,nan,nan,nan,nan,nan,nan,nan,nan,nan,nan,nan,nan,nan,nan,0.12533504529685374
1791062725.9940045,-1.503373146518923,1.9495914944473678,2.4765912896270756,4.0054691918524625e-05,0.0003729307459038143,0.20002403281503545,0.43916174237404865,0.0,0.0,0.7292779409386045,0.6820326474013456,-0.13474676540935776,0.010257749685050957,0.44942203901009076,0.0,0.0,0.23080314999039617,3.220838151434101,-0.016161539724435924,0.009007860985561516,0.6147889612591274,0.0,0.0,0.4263677583309869,0.9851907167484487,0.2194263306939063,0.0895909211715408,nan,nan,nan,nan,nan,nan,nan,0.9396475923404437,0.0,0.0,-0.46106228348531936,1.6852634788799676,0.009737829738746904,-0.02000287410222313,nan,nan,nan,nan,nan,nan,nan,nan,nan,nan,nan,nan,nan,nan,0.9506198081438455,0.0,0.0,-0.7738605763991238,-0.5336780251484391,-0.08632575380607997,-0.16007546242157095,nan,nan,nan,nan,nan,nan,nan,nan,nan,nan,nan,nan,nan,nan,nan,nan,nan,nan,nan,nan,nan,nan,nan,nan,nan,nan,nan,nan,nan,nan,nan,nan,nan,nan,nan,nan,nan,nan,nan,nan,nan,nan,nan,nan,nan,nan,nan,nan,nan,0.10348313650485733
1791062726.0941422,-1.513413836901819,1.9572173558742625,2.4661694839068953,3.6242984027694855e-05,0.0003374416933407317,0.20002174579033094,0.43916174237404865,0.0,0.0,0.7128522078679324,0.681266104382217,-0.1586566484249187,-0.0007013801749125572,0.44942203901009076,0.0,0.0,0.2309418816759616,3.220994540816749,0.005087764364392094,0.0010693674989131886,0.6147889612591274,0.0,0.0,0.44779808541597976,0.9949663043310014,0.2211405894440061,0.08960054610900585,nan,nan,nan,nan,nan,nan,nan,0.9396475923404437,0.0,0.0,-0.45944629099149364,1.6828070517729943,0.025246308332928517,-0.02077993580453063,nan,nan,nan,nan,nan,nan,nan,nan,nan,nan,nan,nan,nan,nan,0.9506198081438455,0.0,0.0,-0.7831924438424175,-0.5482862292967314,-0.09413370773899846,-0.14088142180982227,nan,nan,nan,nan,nan,nan,nan,nan,nan,nan,nan,nan,nan,nan,nan,nan,nan,nan,nan,nan,nan,nan,nan,nan,nan,nan,nan,nan,nan,nan,nan,nan,nan,nan,nan,nan,nan,nan,nan,nan,nan,nan,nan,nan,nan,nan,nan,nan,nan,0.11773001749553626
1791062726.1942203,-1.522425632299836,1.9646825231845624,2.4663616347421997,3.279400810031565e-05,0.000305329870640456,0.2000196764047967,0.43916174237404865,0.0,0.0,0.6965581264545394,0.6811823678495121,-0.1354867354227229,0.011456349770700463,0.44942203901009076,0.0,0.0,0.23136680700356207,3.220674562247048,0.012873627607713609,-0.010967141970368455,0.6147889612591274,0.0,0.0,0.4691665029305911,1.004464265455765,0.21391976434414411,0.08479835013953282,nan,nan,nan,nan,nan,nan,nan,0.9396475923404437,0.0,0.0,-0.4579157038789646,1.6802882677988509,0.014612469064913121,-0.02491269886347091,nan,nan,nan,nan,nan,nan,nan,nan,nan,nan,nan,nan,nan,nan,0.9506198081438455,0.0,0.0,-0.7922634282922132,-0.5628352572661239,-0.09659233558423072,-0.15278069930166027,nan,nan,nan,nan,nan,nan,nan,nan,nan,nan,nan,nan,nan,nan,nan,nan,nan,nan,nan,nan,nan,nan,nan,nan,nan,nan,nan,nan,nan,nan,nan,nan,nan,nan,nan,nan,nan,nan,nan,nan,nan,nan,nan,nan,nan,nan,nan,nan,nan,0.11111804479595791
1791062726.2949123,-1.5320702489830962,1.9726861686496602,2.465792435879833,2.9673844764677727e-05,0.00027627947019128824,0.20001780430681176,0.43916174237404865,0.0,0.0,0.6816792495776393,0.6803633354828748,-0.19304882611559934,-0.0172608303769586,0.44942203901009076,0.0,0.0,0.23081514165325184,3.2208818491492006,0.0011146817233529597,-0.00042094641577973877,0.6147889612591274,0.0,0.0,0.49066839936858475,1.0138622283143002,0.21268353832930473,0.08934293263197739,nan,nan,nan,nan,nan,nan,nan,0.9396475923404437,0.0,0.0,-0.4573320297442157,1.6792093350318706,0.003664973129001402,-0.009407687406715465,nan,nan,nan,nan,nan,nan,nan,nan,nan,nan,nan,nan,nan,nan,0.9506198081438455,0.0,0.0,-0.801297655506343,-0.5775110735786213,-0.08150130866597108,-0.1433119176618989,nan,nan,nan,nan,nan,nan,nan,nan,nan,nan,nan,nan,nan,nan,nan,nan,nan,nan,nan,nan,nan,nan,nan,nan,nan,nan,nan,nan,nan,nan,nan,nan,nan,nan,nan,nan,nan,nan,nan,nan,nan,nan,nan,nan,nan,nan,nan,nan,nan,0.12229057325182202
1791062726.3941667,-1.5417247668871275,1.9806411830062745,2.466206018523719,2.6851492110273973e-05,0.00025000184751598764,0.20001611089523133,0.43916174237404865,0.0,0.0,0.662776251121074,0.6802506988760402,-0.1625322499840034,-0.019505794445422584,0.44942203901009076,0.0,0.0,0.2310438593717598,3.2211594075778156,0.003540964275905865,0.011273421969555653,0.6147889612591274,0.0,0.0,0.5121552176733558,1.023308233427806,0.21226015018015187,0.09406090704462663,nan,nan,nan,nan,nan,nan,nan,0.9396475923404437,0.0,0.0,-0.456951550023514,1.6782738504514518,0.007763712349466733,-0.01517605105824907,nan,nan,nan,nan,nan,nan,nan,nan,nan,nan,nan,nan,nan,nan,0.9506198081438455,0.0,0.0,-0.809524091738972,-0.5904810223593101,-0.0815695911170708,-0.1256653808131526,nan,nan,nan,nan,nan,nan,nan,nan,nan,nan,nan,nan,nan,nan,nan,nan,nan,nan,nan,nan,nan,nan,nan,nan,nan,nan,nan,nan,nan,nan,nan,nan,nan,nan,nan,nan,nan,nan,nan,nan,nan,nan,nan,nan,nan,nan,nan,nan,nan,0.11344850936090632
1791062726.4940188,-1.55213425437307,1.9890881161264888,2.4648700765654956,2.429623479945817e-05,0.00022621102628492991,0.20001457774085388,0.43916174237404865,0.0,0.0,0.6454443341783171,0.6801126808812967,-0.184375924746072,0.011938125931670374,0.44942203901009076,0.0,0.0,0.2307875808486785,3.220906097641618,-0.006108561079751455,-0.006135205293859585,0.6147889612591274,0.0,0.0,0.5332156983495259,1.0325367276864552,0.2115089637672607,0.09773880662970923,nan,nan,nan,nan,nan,nan,nan,0.9396475923404437,0.0,0.0,-0.4554603866202831,1.6756529205729025,0.01777521251366941,-0.032175325273694204,nan,nan,nan,nan,nan,nan,nan,nan,nan,nan,nan,nan,nan,nan,0.9506198081438455,0.0,0.0,-0.8182733393021465,-0.6041904852148097,-0.09747012970503663,-0.14511479741219782,nan,nan,nan,nan,nan,nan,nan,nan,nan,nan,nan,nan,nan,nan,nan,nan,nan,nan,nan,nan,nan,nan,nan,nan,nan,nan,nan,nan,nan,nan,nan,nan,nan,nan,nan,nan,nan,nan,nan,nan,nan,nan,nan,nan,nan,nan,nan,nan,nan,0.1331328442107734
1791062726.5940146,-1.5624406306303846,1.997494915059066,2.4648439038264667,2.1984235254297544e-05,0.0002046850658141849,0.20001319054113345,0.43916174237404865,0.0,0.0,0.6263837640646754,0.6795472263664354,-0.18373866281339107,-0.0051825479856917765,0.44942203901009076,0.0,0.0,0.23105271820039397,3.221174220971447,0.017569097791670225,0.019304408990521417,0.6147889612591274,0.0,0.0,0.5552415550332093,1.0415173825333983,0.27666809487913546,0.08410249467721928,nan,nan,nan,nan,nan,nan,nan,0.9396475923404437,0.0,0.0,-0.4535145801470858,1.6720560061808638,0.006366896084475694,-0.03709824891637215,nan,nan,nan,nan,nan,nan,nan,nan,nan,nan,nan,nan,nan,nan,0.9506198081438455,0.0,0.0,-0.8273794243674919,-0.6183555365049653,-0.08506491518840825,-0.14265263877709655,nan,nan,nan,nan,nan,nan,nan,nan,nan,nan,nan,nan,nan,nan,nan,nan,nan,nan,nan,nan,nan,nan,nan,nan,nan,nan,nan,nan,nan,nan,nan,nan,nan,nan,nan,nan,nan,nan,nan,nan,nan,nan,nan,nan,nan,nan,nan,nan,nan,0.1348409101417726
1791062726.6944995,-1.5738199141045746,2.006674130537504,2.463827818617276,1.9892158671531242e-05,0.00018520670652269548,0.20001193529518876,0.43916174237404865,0.0,0.0,0.6065407097187017,0.679337176544123,-0.21643211145577365,0.0035271726263977846,0.44942203901009076,0.0,0.0,0.23088460008992734,3.220990436043959,-0.006512195545682055,-0.005000605550971968,0.6147889612591274,0.0,0.0,0.5761483502239368,1.0507906439190071,0.2092185798082219,0.08705199444502626,nan,nan,nan,nan,nan,nan,nan,0.9396475923404437,0.0,0.0,-0.4514747298852809,1.6688981347597986,0.017296935560029886,-0.031153983838539675,nan,nan,nan,nan,nan,nan,nan,nan,nan,nan,nan,nan,nan,nan,0.9506198081438455,0.0,0.0,-0.8354644287156928,-0.6309443995963573,-0.08481095750492605,-0.13666235633875767,nan,nan,nan,nan,nan,nan,nan,nan,nan,nan,nan,nan,nan,nan,nan,nan,nan,nan,nan,nan,nan,nan,nan,nan,nan,nan,nan,nan,nan,nan,nan,nan,nan,nan,nan,nan,nan,nan,nan,nan,nan,nan,nan,nan,nan,nan,nan,nan,nan,0.13990499483266686
1791062726.7940652,-1.5852025286494986,2.015988952519341,2.4627694290801836,1.8000089296368643e-05,0.00016759052201136693,0.20001080005356733,0.43916174237404865,0.0,0.0,0.5869612341465646,0.679504120425391,-0.21792560976387415,0.0014285680212586462,0.44942203901009076,0.0,0.0,-1.5774632982571384,2.056745694989184,-134.04608795626092,-86.30035558553756,0.6147889612591274,0.0,0.0,0.597201511452383,1.0600540697660585,0.21347665995399398,0.08209375984365523,nan,nan,nan,nan,nan,nan,nan,0.9396475923404437,0.0,0.0,-0.45012034102841963,1.6659166300849126,0.02033032501476906,-0.05860737174581088,nan,nan,nan,nan,nan,nan,nan,nan,nan,nan,nan,nan,nan,nan,0.9506198081438455,0.0,0.0,-0.8454271827338617,-0.6468768173827084,-0.0950891756194395,-0.1376543474347546,nan,nan,nan,nan,nan,nan,nan,nan,nan,nan,nan,nan,nan,nan,nan,nan,nan,nan,nan,nan,nan,nan,nan,nan,nan,nan,nan,nan,nan,nan,nan,nan,nan,nan,nan,nan,nan,nan,nan,nan,nan,nan,nan,nan,nan,nan,nan,nan,nan,0.14120499489154656
1791062726.8940158,-1.5963723013765485,2.025295594829271,2.4639602582816886,1.628726592883388e-05,0.00015164321433126953,0.20000977235954953,0.43916174237404865,0.0,0.0,0.5664391764424579,0.6793011400017882,-0.20068737931413583,0.0057474161358018454,0.44942203901009076,0.0,0.0,-1.5774632982571384,2.056745694989184,-134.04608795626092,-86.30035558553756,0.6147889612591274,0.0,0.0,0.6175856507899484,1.0694111331603773,0.1868457232615933,0.0902912296580592,nan,nan,nan,nan,nan,nan,nan,0.9396475923404437,0.0,0.0,-0.44844046416458583,1.6633210686410804,0.015046565229792008,-0.02527140334926792,nan,nan,nan,nan,nan,nan,nan,nan,nan,nan,nan,nan,nan,nan,0.9506198081438455,0.0,0.0,-0.854553124727243,-0.6614588285041095,-0.08486288801121541,-0.1500097333027182,nan,nan,nan,nan,nan,nan,nan,nan,nan,nan,nan,nan,nan,nan,nan,nan,nan,nan,nan,nan,nan,nan,nan,nan,nan,nan,nan,nan,nan,nan,nan,nan,nan,nan,nan,nan,nan,nan,nan,nan,nan,nan,nan,nan,nan,nan,nan,nan,nan,0.14279079133671974
1791062726.9941998,-1.6074974795452186,2.0347010115273534,2.464604892497297,1.4737327654754509e-05,0.00013721245456327426,0.2000088423965871,0.43916174237404865,0.0,0.0,0.5440620908831936,0.6789263580781494,-0.23665117593427373,-0.016971402620113978,0.44942203901009076,0.0,0.0,-1.5774632982571384,2.056745694989184,-134.04608795626092,-86.30035558553756,0.6147889612591274,0.0,0.0,0.6380420003146179,1.0782631656453527,0.18592572184375047,0.09980979313879507,nan,nan,nan,nan,nan,nan,nan,0.9396475923404437,0.0,0.0,-0.44704070521446077,1.6606550798727355,0.0029676663415804283,-0.027670773829588317,nan,nan,nan,nan,nan,nan,nan,nan,nan,nan,nan,nan,nan,nan,0.9506198081438455,0.0,0.0,-0.8636957655691494,-0.6758282901834848,-0.09253575965545924,-0.13721254694044566,nan,nan,nan,nan,nan,nan,nan,nan,nan,nan,nan,nan,nan,nan,nan,nan,nan,nan,nan,nan,nan,nan,nan,nan,nan,nan,nan,nan,nan,nan,nan,nan,nan,nan,nan,nan,nan,nan,nan,nan,nan,nan,nan,nan,nan,nan,nan,nan,nan,0.13707546924950714
1791062727.0940335,-1.618349770153366,2.0439400844997904,2.464991096548377,1.333526667808275e-05,0.00012415851204646737,0.2000080011600026,0.43916174237404865,0.0,0.0,0.5213413683720074,0.6787262094159556,-0.5128178550381122,-0.04100663891981622,0.44942203901009076,0.0,0.0,-1.5774632982571384,2.056745694989184,-134.04608795626092,-86.30035558553756,0.6147889612591274,0.0,0.0,0.6585029807726561,1.0866637135025305,0.46430605127630636,0.20157322751841922,nan,nan,nan,nan,nan,nan,nan,0.9396475923404437,0.0,0.0,-0.44681921041879913,1.6593783926187926,0.03263120807792509,-0.05632573774235331,nan,nan,nan,nan,nan,nan,nan,nan,nan,nan,nan,nan,nan,nan,0.9506198081438455,0.0,0.0,-0.8727921834829356,-0.6897021825975342,-0.23255448401859696,-0.3452935651575005,nan,nan,nan,nan,nan,nan,nan,nan,nan,nan,nan,nan,nan,nan,nan,nan,nan,nan,nan,nan,nan,nan,nan,nan,nan,nan,nan,nan,nan,nan,nan,nan,nan,nan,nan,nan,nan,nan,nan,nan,nan,nan,nan,nan,nan,nan,nan,nan,nan,0.31668738999214613
1791062727.1940293,-1.6320290237081014,2.055169280447156,2.4649212082671372,1.2066320936931733e-05,0.0001123439440372685,0.20000723979255902,0.43916174237404865,0.0,0.0,0.49835112629015077,0.6786214100908304,-0.2276186726486173,-0.006356224202996689,0.44942203901009076,0.0,0.0,0.2365397587633711,3.2742585642103106,0.03741789442141309,0.22752085154041257,0.6147889612591274,0.0,0.0,0.6779202860810933,1.0955249705068482,0.21061589874174946,0.08363035594156226,nan,nan,nan,nan,nan,nan,nan,0.9396475923404437,0.0,0.0,-0.44625048786943144,1.6583240773177226,0.005275020532998877,-0.010748008968397574,nan,nan,nan,nan,nan,nan,nan,nan,nan,nan,nan,nan,nan,nan,0.9506198081438455,0.0,0.0,-0.8816273176976975,-0.7044243613010795,-0.08687959733672321,-0.15489264769386504,nan,nan,nan,nan,nan,nan,nan,nan,nan,nan,nan,nan,nan,nan,nan,nan,nan,nan,nan,nan,nan,nan,nan,nan,nan,nan,nan,nan,nan,nan,nan,nan,nan,nan,nan,nan,nan,nan,nan,nan,nan,nan,nan,nan,nan,nan,nan,nan,nan,0.24350659105814956
1791062727.294022,-1.6502677633892822,2.0702057553257,2.463530425985274,1.0918126770570586e-05,0.00010165363819808072,0.20000655087606,0.43916174237404865,0.0,0.0,0.47530259826826826,0.6784675366844604,-0.23385216382146132,0.0065560566316143366,0.44942203901009076,0.0,0.0,0.2379606907439846,3.28672734797614,-0.006308913529482084,0.016169890203862038,0.6147889612591274,0.0,0.0,0.6998684161729305,1.1046749444838477,0.25685060193137876,0.0834384958733776,nan,nan,nan,nan,nan,nan,nan,0.9396475923404437,0.0,0.0,-0.44528102572359574,1.6563735061566522,0.021975071077878043,-0.019695691484658377,nan,nan,nan,nan,nan,nan,nan,nan,nan,nan,nan,nan,nan,nan,0.9506198081438455,0.0,0.0,-0.8905453320172877,-0.7183361132334598,-0.09253781017212054,-0.1365056766965323,nan,nan,nan,nan,nan,nan,nan,nan,nan,nan,nan,nan,nan,nan,nan,nan,nan,nan,nan,nan,nan,nan,nan,nan,nan,nan,nan,nan,nan,nan,nan,nan,nan,nan,nan,nan,nan,nan,nan,nan,nan,nan,nan,nan,nan,nan,nan,nan,nan,0.24581812367846217
1791062727.39402,-1.667917833971989,2.0848411050013707,2.4624410981381852,9.879129640119144e-06,9.198001555134208e-05,0.20000592747778234,0.43916174237404865,0.0,0.0,0.45241486309713475,0.678586751122652,-0.2273018102436099,0.025310719251100726,0.44942203901009076,0.0,0.0,0.2385660894561249,3.286889505025176,0.0018118270080690712,0.014836074274433526,0.6147889612591274,0.0,0.0,0.7214652720407101,1.1138622549688235,0.2165295479405858,0.08543690680232013,nan,nan,nan,nan,nan,nan,nan,0.9396475923404437,0.0,0.0,-0.44409092085324,1.6542831600395527,0.015296613770385974,-0.0225520749677285,nan,nan,nan,nan,nan,nan,nan,nan,nan,nan,nan,nan,nan,nan,0.9506198081438455,0.0,0.0,-0.9005404440960448,-0.7331792847179442,-0.09429965139296212,-0.1511494415317134,nan,nan,nan,nan,nan,nan,nan,nan,nan,nan,nan,nan,nan,nan,nan,nan,nan,nan,nan,nan,nan,nan,nan,nan,nan,nan,nan,nan,nan,nan,nan,nan,nan,nan,nan,nan,nan,nan,nan,nan,nan,nan,nan,nan,nan,nan,nan,nan,nan,0.21827114293574304
1791062727.4955792,-1.6844182533393721,2.098710476988766,2.4650092928673204,8.939006158945717e-06,8.322695980973623e-05,0.20000536340369413,0.43916174237404865,0.0,0.0,0.4302635473502379,0.6785412719402895,-0.22187904964769298,0.016641433358014466,0.44942203901009076,0.0,0.0,0.2386239625290707,3.28700306245994,0.005995148059181214,0.03287563202604104,0.6147889612591274,0.0,0.0,0.742691144509581,1.1228151811543476,0.20738800954216483,0.0904585830968612,nan,nan,nan,nan,nan,nan,nan,0.9396475923404437,0.0,0.0,-0.4426053554842084,1.6518514101435293,0.015290075344737614,-0.023596841740854937,nan,nan,nan,nan,nan,nan,nan,nan,nan,nan,nan,nan,nan,nan,0.9506198081438455,0.0,0.0,-0.9096251623945172,-0.7481760183012532,-0.08503205503223618,-0.14602664063149698,nan,nan,nan,nan,nan,nan,nan,nan,nan,nan,nan,nan,nan,nan,nan,nan,nan,nan,nan,nan,nan,nan,nan,nan,nan,nan,nan,nan,nan,nan,nan,nan,nan,nan,nan,nan,nan,nan,nan,nan,nan,nan,nan,nan,nan,nan,nan,nan,nan,0.20755036492023912
1791062727.5940628,-1.700036807796338,2.1116139823896076,2.4657765108711924,8.096053796987954e-06,7.537861950179583e-05,0.20000485763227724,0.43916174237404865,0.0,0.0,0.4081441812935032,0.67856070167453,-0.2204769438546535,-0.005219258229971687,0.44942203901009076,0.0,0.0,0.2386194194453792,3.2869890102614185,0.0007250120834650323,0.0038196319387568908,0.6147889612591274,0.0,0.0,0.7636534115385324,1.1316315459610589,0.21214105324778065,0.0916272571786915,nan,nan,nan,nan,nan,nan,nan,0.9396475923404437,0.0,0.0,-0.44085783562989106,1.6490453040101405,0.01875407562867773,-0.02950728127760885,nan,nan,nan,nan,nan,nan,nan,nan,nan,nan,nan,nan,nan,nan,0.9506198081438455,0.0,0.0,-0.918109181004781,-0.7625890334325169,-0.08915746474119529,-0.13481991484596767,nan,nan,nan,nan,nan,nan,nan,nan,nan,nan,nan,nan,nan,nan,nan,nan,nan,nan,nan,nan,nan,nan,nan,nan,nan,nan,nan,nan,nan,nan,nan,nan,nan,nan,nan,nan,nan,nan,nan,nan,nan,nan,nan,nan,nan,nan,nan,nan,nan,0.20928915065161316
1791062727.6941712,-1.7155103844556463,2.1241360159952585,2.466531438084183,7.32561241635436e-06,6.820539546753559e-05,0.20000439536744913,0.43916174237404865,0.0,0.0,0.38597432407600324,0.6784884567223094,-0.21838123359437772,-0.006016313698494262,0.44942203901009076,0.0,0.0,0.23860577533047703,3.2869444512341177,0.011458888594652215,0.03366356808504117,0.6147889612591274,0.0,0.0,0.7842135680299236,1.1403517148557683,0.20561263329201718,0.09033030380716336,nan,nan,nan,nan,nan,nan,nan,0.9396475923404437,0.0,0.0,-0.4391390378845633,1.645860087869726,0.017508523380108165,-0.032921222490931976,nan,nan,nan,nan,nan,nan,nan,nan,nan,nan,nan,nan,nan,nan,0.9506198081438455,0.0,0.0,-0.92750447504991,-0.7774602730385596,-0.0932716041631044,-0.1609495698689099,nan,nan,nan,nan,nan,nan,nan,nan,nan,nan,nan,nan,nan,nan,nan,nan,nan,nan,nan,nan,nan,nan,nan,nan,nan,nan,nan,nan,nan,nan,nan,nan,nan,nan,nan,nan,nan,nan,nan,nan,nan,nan,nan,nan,nan,nan,nan,nan,nan,0.19070820741513347
1791062727.7940068,-1.7308313104054187,2.1368190588814584,2.46726132768673,6.628613015686661e-06,6.17159558055293e-05,0.20000397716780888,0.43916174237404865,0.0,0.0,0.3631245980764602,0.6783985196016532,-0.23145749190812515,0.002865737799010326,0.44942203901009076,0.0,0.0,0.23861320040291137,3.2868937756737893,0.004377944232642915,0.026574913294930842,0.6147889612591274,0.0,0.0,0.8036274223925444,1.1487786783589324,0.16947289204734645,0.07822822993731102,nan,nan,nan,nan,nan,nan,nan,0.9396475923404437,0.0,0.0,-0.43733956281470043,1.6425409938331965,0.020646684308293018,-0.03254265044027378,nan,nan,nan,nan,nan,nan,nan,nan,nan,nan,nan,nan,nan,nan,0.9506198081438455,0.0,0.0,-0.9369380930582508,-0.7923416997912056,-0.10893665029906148,-0.1347113062713014,nan,nan,nan,nan,nan,nan,nan,nan,nan,nan,nan,nan,nan,nan,nan,nan,nan,nan,nan,nan,nan,nan,nan,nan,nan,nan,nan,nan,nan,nan,nan,nan,nan,nan,nan,nan,nan,nan,nan,nan,nan,nan,nan,nan,nan,nan,nan,nan,nan,0.19981232923472067
1791062727.8939993,-1.7454272431001474,2.1489115860922916,2.4675596299189433,5.99782400373538e-06,5.584297050799101e-05,0.20000359869440187,0.43916174237404865,0.0,0.0,0.3396778615553018,0.6781602645688237,-0.24149854619646155,0.0031174487325995176,0.44942203901009076,0.0,0.0,0.23812363120105018,3.287285648743379,0.01837411444107425,0.012967582153343484,0.6147889612591274,0.0,0.0,0.823178677297128,1.1568354433644776,0.20852133383195318,0.07914283024857477,nan,nan,nan,nan,nan,nan,nan,0.9396475923404437,0.0,0.0,-0.43522328332743415,1.6391263376615084,0.021335145598113663,-0.036738425323231835,nan,nan,nan,nan,nan,nan,nan,nan,nan,nan,nan,nan,nan,nan,0.9506198081438455,0.0,0.0,-0.9456447671620397,-0.8064088389496769,-0.09022766878618305,-0.1403358965686508,nan,nan,nan,nan,nan,nan,nan,nan,nan,nan,nan,nan,nan,nan,nan,nan,nan,nan,nan,nan,nan,nan,nan,nan,nan,nan,nan,nan,nan,nan,nan,nan,nan,nan,nan,nan,nan,nan,nan,nan,nan,nan,nan,nan,nan,nan,nan,nan,nan,0.19370401855548214
1791062727.994038,-1.7588046667481685,2.1605767161012346,2.4683286214629874,5.4270555871576185e-06,5.0528809266515055e-05,0.20000325623335202,0.43916174237404865,0.0,0.0,0.31595810130027807,0.6779602733242068,-0.24453158434088135,0.0021783512050854623,0.44942203901009076,0.0,0.0,0.23815885771552991,3.2872718369727814,0.014094890352307767,0.019990019908510803,0.6147889612591274,0.0,0.0,0.841890390869032,1.1643522038676692,0.19611864245317093,0.07326851447236309,nan,nan,nan,nan,nan,nan,nan,0.9396475923404437,0.0,0.0,-0.43306067361913875,1.6352840199299836,0.020186102871437652,-0.03912943016683036,nan,nan,nan,nan,nan,nan,nan,nan,nan,nan,nan,nan,nan,nan,0.9506198081438455,0.0,0.0,-0.9547602582353886,-0.8212597371252138,-0.0872164775059407,-0.1589543172050623,nan,nan,nan,nan,nan,nan,nan,nan,nan,nan,nan,nan,nan,nan,nan,nan,nan,nan,nan,nan,nan,nan,nan,nan,nan,nan,nan,nan,nan,nan,nan,nan,nan,nan,nan,nan,nan,nan,nan,nan,nan,nan,nan,nan,nan,nan,nan,nan,nan,0.21090299129842177
1791062728.095497,-1.774444973974815,2.1742278006497244,2.485540054460325,4.910602966635192e-06,4.5720357328170894e-05,0.20000294636177976,0.43916174237404865,0.0,0.0,0.29245400661057874,0.6775090469167583,-0.23705038437727682,-0.007365869863766608,0.44942203901009076,0.0,0.0,0.2383284761595195,3.2867605457288662,-0.01830433816350881,-0.012422334292193296,0.6147889612591274,0.0,0.0,0.8587034041279062,1.1718979006754218,0.16278583065637642,0.07792680777532815,nan,nan,nan,nan,nan,nan,nan,0.9396475923404437,0.0,0.0,-0.4309624128942926,1.6313120464964173,0.0269792501173507,-0.03789094930570308,nan,nan,nan,nan,nan,nan,nan,nan,nan,nan,nan,nan,nan,nan,0.9506198081438455,0.0,0.0,-0.9626366298331408,-0.8342179163789873,-0.0834250206109033,-0.13282919354958397,nan,nan,nan,nan,nan,nan,nan,nan,nan,nan,nan,nan,nan,nan,nan,nan,nan,nan,nan,nan,nan,nan,nan,nan,nan,nan,nan,nan,nan,nan,nan,nan,nan,nan,nan,nan,nan,nan,nan,nan,nan,nan,nan,nan,nan,nan,nan,nan,nan,0.21578748509140303
1791062728.1941366,-1.7884473135231702,2.1852667051705876,2.472486668341479,4.444890571719528e-06,4.138432420711156e-05,0.20000266693434288,0.43916174237404865,0.0,0.0,0.2688266914347175,0.6771635182526047,-0.2346852001550266,-0.0023371428587465807,0.44942203901009076,0.0,0.0,0.23835871223757213,3.286749804222459,0.0014366824411771407,0.0002889787087245988,0.6147889612591274,0.0,0.0,0.8765289021968146,1.1788903526360877,0.1804949127784874,0.06889852224547346,nan,nan,nan,nan,nan,nan,nan,0.9396475923404437,0.0,0.0,-0.42841373428358664,1.627141380667766,0.030526551942272134,-0.04286059733686164,nan,nan,nan,nan,nan,nan,nan,nan,nan,nan,nan,nan,nan,nan,0.9506198081438455,0.0,0.0,-0.9725472108069481,-0.8503638056652852,-0.09821004476718274,-0.15351614063883723,nan,nan,nan,nan,nan,nan,nan,nan,nan,nan,nan,nan,nan,nan,nan,nan,nan,nan,nan,nan,nan,nan,nan,nan,nan,nan,nan,nan,nan,nan,nan,nan,nan,nan,nan,nan,nan,nan,nan,nan,nan,nan,nan,nan,nan,nan,nan,nan,nan,0.05295801485525581
1791062728.2940135,-1.8011540128977823,2.1959043998981644,2.4784006996198444,4.02190548959868e-06,3.74461053711664e-05,0.20000241314329364,0.43916174237404865,0.0,0.0,0.2456423029495111,0.6765403342446855,-0.2198065072143258,-0.006644320580690455,0.44942203901009076,0.0,0.0,0.2383558071479717,3.2867187624753424,-0.0011993580351146844,-0.005327388105661492,0.6147889612591274,0.0,0.0,0.894813411093036,1.1867750335856022,0.17932357159826157,0.07378749888442943,nan,nan,nan,nan,nan,nan,nan,0.9396475923404437,0.0,0.0,-0.4260280364742983,1.6224674336259401,0.023177869070286086,-0.04658896744486936,nan,nan,nan,nan,nan,nan,nan,nan,nan,nan,nan,nan,nan,nan,0.9506198081438455,0.0,0.0,-0.982415090270626,-0.8657177377822287,-0.08385156832638865,-0.15138936463041813,nan,nan,nan,nan,nan,nan,nan,nan,nan,nan,nan,nan,nan,nan,nan,nan,nan,nan,nan,nan,nan,nan,nan,nan,nan,nan,nan,nan,nan,nan,nan,nan,nan,nan,nan,nan,nan,nan,nan,nan,nan,nan,nan,nan,nan,nan,nan,nan,nan,0.17657586022343078
1791062728.394001,-1.8065884067024605,2.200772402150803,2.4846629211481766,3.639212594414963e-06,3.3883028487607876e-05,0.20000218352755655,0.43916174237404865,0.0,0.0,0.22211931259701775,0.676134584610513,-0.2308711229372825,-0.0059042074222095935,0.44942203901009076,0.0,0.0,0.23809577272964919,3.2872978127269494,-0.008803173545342647,0.010331050856003532,0.6147889612591274,0.0,0.0,0.9113048705941221,1.1935247127257778,0.1645493466809459,0.07120807423845299,nan,nan,nan,nan,nan,nan,nan,0.9396475923404437,0.0,0.0,-0.42337501161808544,1.6179083548887143,0.02762042899280865,-0.0491601760092638,nan,nan,nan,nan,nan,nan,nan,nan,nan,nan,nan,nan,nan,nan,0.9506198081438455,0.0,0.0,-0.9911932307821517,-0.8801818351473331,-0.09506910377235941,-0.13976541001555975,nan,nan,nan,nan,nan,nan,nan,nan,nan,nan,nan,nan,nan,nan,nan,nan,nan,nan,nan,nan,nan,nan,nan,nan,nan,nan,nan,nan,nan,nan,nan,nan,nan,nan,nan,nan,nan,nan,nan,nan,nan,nan,nan,nan,nan,nan,nan,nan,nan,0.10393365496660403
1791062728.4939876,-1.8174012656027243,2.21035491305067,2.4890222976518643,3.292895728696587e-06,3.06586320220419e-05,0.20000197573743717,0.43916174237404865,0.0,0.0,0.19885678567175258,0.6757557563183291,-0.2306798901713475,-0.0010147343294629233,0.44942203901009076,0.0,0.0,0.23857701772064072,3.286989375214766,0.01071000673701122,0.0151115366910826,0.6147889612591274,0.0,0.0,0.9289696444870651,1.201149846673064,0.19516656653938416,0.07004040168870519,nan,nan,nan,nan,nan,nan,nan,0.9396475923404437,0.0,0.0,-0.4206444287174185,1.6127274530834756,0.012400157050417636,-0.054091384228806036,nan,nan,nan,nan,nan,nan,nan,nan,nan,nan,nan,nan,nan,nan,0.9506198081438455,0.0,0.0,-0.9944454171684974,-0.8847452144380938,-0.009314690540282129,-0.012519592764423052,nan,nan,nan,nan,nan,nan,nan,nan,nan,nan,nan,nan,nan,nan,nan,nan,nan,nan,nan,nan,nan,nan,nan,nan,nan,nan,nan,nan,nan,nan,nan,nan,nan,nan,nan,nan,nan,nan,nan,nan,nan,nan,nan,nan,nan,nan,nan,nan,nan,0.06821560622709734
1791062728.5940113,-1.825704730697862,2.217031206728248,2.4897646319495705,2.9795352699946805e-06,2.7741077448456052e-05,0.20000178772116195,0.43916174237404865,0.0,0.0,0.17515653304661866,0.6752058884838665,-0.24616826477239198,-0.00477486297339375,0.44942203901009076,0.0,0.0,0.23864451809521567,3.286925892077173,0.023112996086409647,0.013158405624366829,0.6147889612591274,0.0,0.0,0.9466957168602516,1.2085631354868995,0.18218109556574266,0.0815841762360253,nan,nan,nan,nan,nan,nan,nan,0.9396475923404437,0.0,0.0,-0.41756594477348014,1.6075574910682326,0.03413760441554887,-0.05286750613796886,nan,nan,nan,nan,nan,nan,nan,nan,nan,nan,nan,nan,nan,nan,0.9506198081438455,0.0,0.0,-0.9940675973537901,-0.8844865079308476,-0.0003821974514320141,0.0023937366175668245,nan,nan,nan,nan,nan,nan,nan,nan,nan,nan,nan,nan,nan,nan,nan,nan,nan,nan,nan,nan,nan,nan,nan,nan,nan,nan,nan,nan,nan,nan,nan,nan,nan,nan,nan,nan,nan,nan,nan,nan,nan,nan,nan,nan,nan,nan,nan,nan,nan,0.07753224303176415
1791062728.694019,-1.8326833281161117,2.222548111746275,2.493174437225344,2.695995001535098e-06,2.5101164900246028e-05,0.20000161759700089,0.43916174237404865,0.0,0.0,0.15016860112165628,0.6748266660899486,-0.248402333674662,0.0008220183850207982,0.44942203901009076,0.0,0.0,0.23836184845449926,3.286728329791532,-0.0018927043678758399,-0.004799884278937492,0.6147889612591274,0.0,0.0,0.9654046546960664,1.2167319237678738,0.21042557385953278,0.06736980852764946,nan,nan,nan,nan,nan,nan,nan,0.9396475923404437,0.0,0.0,-0.41427892815950274,1.6018105361741866,0.03245769803973356,-0.06280639459959478,nan,nan,nan,nan,nan,nan,nan,nan,nan,nan,nan,nan,nan,nan,0.9506198081438455,0.0,0.0,-0.991560325200612,-0.8847808570852993,-0.0004159078115536768,-0.0019687652579600864,nan,nan,nan,nan,nan,nan,nan,nan,nan,nan,nan,nan,nan,nan,nan,nan,nan,nan,nan,nan,nan,nan,nan,nan,nan,nan,nan,nan,nan,nan,nan,nan,nan,nan,nan,nan,nan,nan,nan,nan,nan,nan,nan,nan,nan,nan,nan,nan,nan,0.06447720274478268
1791062728.7940016,-1.8434590894000205,2.2304007999503375,2.4935387325657636,2.439437157028589e-06,2.27124732454979e-05,0.2000014636622942,0.43916174237404865,0.0,0.0,0.126691741111345,0.6743448712366917,-0.2258309499197627,5.707400357318152e-05,0.44942203901009076,0.0,0.0,0.23858664505329974,3.2869768127391477,-0.0016870424919977539,0.0002889726953751333,0.6147889612591274,0.0,0.0,0.983062021894538,1.2237983327728321,0.15604050085870555,0.08806639267681055,nan,nan,nan,nan,nan,nan,nan,0.9396475923404437,0.0,0.0,-0.41110320349168583,1.5962039234232703,0.03772848778783759,-0.05684291731774528,nan,nan,nan,nan,nan,nan,nan,nan,nan,nan,nan,nan,nan,nan,0.9506198081438455,0.0,0.0,-0.9915107408116492,-0.8847825701095756,0.0019511529566377003,-0.001042428140363198,nan,nan,nan,nan,nan,nan,nan,nan,nan,nan,nan,nan,nan,nan,nan,nan,nan,nan,nan,nan,nan,nan,nan,nan,nan,nan,nan,nan,nan,nan,nan,nan,nan,nan,nan,nan,nan,nan,nan,nan,nan,nan,nan,nan,nan,nan,nan,nan,nan,0.1552374503411844
1791062728.893991,-1.8498476075034824,2.2359682404974692,2.497205970673269,2.2073049477067946e-06,2.0551197404286392e-05,0.20000132438296864,0.43916174237404865,0.0,0.0,0.10312104244311669,0.6738411562042528,-0.20924661605853456,1.1650581011722443e-05,0.44942203901009076,0.0,0.0,0.23860162086180445,3.286968144971755,0.0018030788297915578,0.002463429891968262,0.6147889612591274,0.0,0.0,1.0017933461872828,1.2314027434328887,0.20382615564108447,0.058694269539843774,nan,nan,nan,nan,nan,nan,nan,0.9396475923404437,0.0,0.0,-0.4076152178436085,1.589674152104766,0.028900415759165594,-0.06531045756563718,nan,nan,nan,nan,nan,nan,nan,nan,nan,nan,nan,nan,nan,nan,0.9506198081438455,0.0,0.0,-0.9940874815030242,-0.8845041525339906,-0.0011945597593585604,-0.0006491461848821369,nan,nan,nan,nan,nan,nan,nan,nan,nan,nan,nan,nan,nan,nan,nan,nan,nan,nan,nan,nan,nan,nan,nan,nan,nan,nan,nan,nan,nan,nan,nan,nan,nan,nan,nan,nan,nan,nan,nan,nan,nan,nan,nan,nan,nan,nan,nan,nan,nan,0.124950358890812
1791062728.9939952,-1.8612306575942266,2.245035940781514,2.498491178682829,1.9972521103574094e-06,1.85954924029532e-05,0.20000119835126623,0.43916174237404865,0.0,0.0,0.07942165294855578,0.6731770590886916,-0.2237576413557632,-0.015893695056086343,0.44942203901009076,0.0,0.0,0.23862221777207196,3.2869660190312007,0.00037291510277473493,0.0015369371135074876,0.6147889612591274,0.0,0.0,1.0199979448439032,1.2394173625958045,0.1969850470031619,0.07187601250043948,nan,nan,nan,nan,nan,nan,nan,0.9396475923404437,0.0,0.0,-0.4042612488911579,1.58350186536443,0.016077832004627698,-0.06014803676667413,nan,nan,nan,nan,nan,nan,nan,nan,nan,nan,nan,nan,nan,nan,0.9506198081438455,0.0,0.0,-0.9941208705992027,-0.884521412342012,-0.0010881805561429388,-0.0006157833049500913,nan,nan,nan,nan,nan,nan,nan,nan,nan,nan,nan,nan,nan,nan,nan,nan,nan,nan,nan,nan,nan,nan,nan,nan,nan,nan,nan,nan,nan,nan,nan,nan,nan,nan,nan,nan,nan,nan,nan,nan,nan,nan,nan,nan,nan,nan,nan,nan,nan,0.1269828958454162
1791062729.094025,-1.8707779284927517,2.2526713126198485,2.495623975420781,1.8071884432966002e-06,1.6825897338525285e-05,0.20000108431306596,0.43916174237404865,0.0,0.0,0.05602354236213277,0.6725284159154745,-0.22999193387130776,-0.012007408330265971,0.44942203901009076,0.0,0.0,0.23814417239262547,3.2872494209928327,0.0018096574938364105,-0.005144862958958695,0.6147889612591274,0.0,0.0,1.0381544473185977,1.2455569972254743,0.21017858969145362,-0.014736338482253569,nan,nan,nan,nan,nan,nan,nan,0.9396475923404437,0.0,0.0,-0.40068958458939796,1.5765672488263855,0.03391677887488648,-0.06572860401585258,nan,nan,nan,nan,nan,nan,nan,nan,nan,nan,nan,nan,nan,nan,0.9506198081438455,0.0,0.0,-0.9940900093887698,-0.8845018267995068,0.0006092161786090308,7.663372357949081e-05,nan,nan,nan,nan,nan,nan,nan,nan,nan,nan,nan,nan,nan,nan,nan,nan,nan,nan,nan,nan,nan,nan,nan,nan,nan,nan,nan,nan,nan,nan,nan,nan,nan,nan,nan,nan,nan,nan,nan,nan,nan,nan,nan,nan,nan,nan,nan,nan,nan,0.22290000363829535
1791062729.194042,-1.8821253340016098,2.261742873161563,2.495121763333755,1.6352207682174623e-06,1.5224785701739793e-05,0.20000098113246093,0.43916174237404865,0.0,0.0,0.033151343996929886,0.6719501344240966,-0.20517229638986484,0.005945974353328245,0.44942203901009076,0.0,0.0,0.23786995437992137,3.287104628376849,-0.01901205092452509,-0.01487522988490744,0.6147889612591274,0.0,0.0,1.0555238382976122,1.254565089599634,0.19783595731959436,0.07311121271626017,nan,nan,nan,nan,nan,nan,nan,0.9396475923404437,0.0,0.0,-0.3963152623807586,1.5693950338836637,0.04546902092739328,-0.07770544615294311,nan,nan,nan,nan,nan,nan,nan,nan,nan,nan,nan,nan,nan,nan,0.9506198081438455,0.0,0.0,-0.9940789403826091,-0.8844747191468367,0.00010908837818472095,0.00102418430233687,nan,nan,nan,nan,nan,nan,nan,nan,nan,nan,nan,nan,nan,nan,nan,nan,nan,nan,nan,nan,nan,nan,nan,nan,nan,nan,nan,nan,nan,nan,nan,nan,nan,nan,nan,nan,nan,nan,nan,nan,nan,nan,nan,nan,nan,nan,nan,nan,nan,0.16241018379062808
1791062729.294049,-1.890500084432451,2.268313648620372,2.494781240701111,1.4796089383189386e-06,1.3775955789040481e-05,0.200000887765363,0.43916174237404865,0.0,0.0,0.009788245296018806,0.6710613785691696,-0.22432504414759546,0.0053073387859642294,0.44942203901009076,0.0,0.0,0.23861852232126385,3.286934333647762,0.02324224639660445,0.005753181910797083,0.6147889612591274,0.0,0.0,1.0752420610904834,1.26283298727665,0.19867031854743286,0.08659809801893426,nan,nan,nan,nan,nan,nan,nan,0.9396475923404437,0.0,0.0,-0.39314193620853605,1.5633641547340844,0.035864464744476146,-0.05896374919612352,nan,nan,nan,nan,nan,nan,nan,nan,nan,nan,nan,nan,nan,nan,0.9506198081438455,0.0,0.0,-0.9940840205662922,-0.884500830372237,8.53149468674323e-05,-0.00018157541314346842,nan,nan,nan,nan,nan,nan,nan,nan,nan,nan,nan,nan,nan,nan,nan,nan,nan,nan,nan,nan,nan,nan,nan,nan,nan,nan,nan,nan,nan,nan,nan,nan,nan,nan,nan,nan,nan,nan,nan,nan,nan,nan,nan,nan,nan,nan,nan,nan,nan,0.21177871122727335
1791062729.3940368,-1.9153256225601534,2.2870096853225155,2.4985607507137493,1.3388055318914328e-06,1.2465000271229526e-05,0.20000080328331915,0.43916174237404865,0.0,0.0,-0.013132577043011682,0.6704643696180711,-0.20389530144737397,0.007035788299877093,0.44942203901009076,0.0,0.0,0.23816120485234632,3.287286137800487,0.0036494053868874354,-0.00019624425052214436,0.6147889612591274,0.0,0.0,1.0942413419146362,1.2706120549103628,0.2113536461477391,0.06549947834357,nan,nan,nan,nan,nan,nan,nan,0.9396475923404437,0.0,0.0,-0.3889028820876102,1.5559834195465558,0.03536077645432711,-0.07213541782920913,nan,nan,nan,nan,nan,nan,nan,nan,nan,nan,nan,nan,nan,nan,0.9506198081438455,0.0,0.0,-0.9940886319292263,-0.8844955610880297,-6.338111699954454e-05,-0.00036675753403772105,nan,nan,nan,nan,nan,nan,nan,nan,nan,nan,nan,nan,nan,nan,nan,nan,nan,nan,nan,nan,nan,nan,nan,nan,nan,nan,nan,nan,nan,nan,nan,nan,nan,nan,nan,nan,nan,nan,nan,nan,nan,nan,nan,nan,nan,nan,nan,nan,nan,0.3885944168330125
1791062729.4939847,-1.9293967865995585,2.297795401472374,2.502665676473899,1.211441693591582e-06,1.1279174368113066e-05,0.20000072686501613,0.43916174237404865,0.0,0.0,-0.03460040762917053,0.6698172693637686,-0.2178219289435051,-0.008148056223867647,0.44942203901009076,0.0,0.0,0.2383181269250999,3.286689802251428,0.028532679043509004,-0.032807639771428664,0.6147889612591274,0.0,0.0,1.1128355431333685,1.2787232551488532,0.18602469515485773,0.08151577757757865,nan,nan,nan,nan,nan,nan,nan,0.9396475923404437,0.0,0.0,-0.3846588753792583,1.5491152296522708,0.052927849657818216,-0.07816421988314276,nan,nan,nan,nan,nan,nan,nan,nan,nan,nan,nan,nan,nan,nan,0.9506198081438455,0.0,0.0,-0.9940787573961584,-0.8844771858111905,-0.00011153566433917016,-5.99724239174012e-05,nan,nan,nan,nan,nan,nan,nan,nan,nan,nan,nan,nan,nan,nan,nan,nan,nan,nan,nan,nan,nan,nan,nan,nan,nan,nan,nan,nan,nan,nan,nan,nan,nan,nan,nan,nan,nan,nan,nan,nan,nan,nan,nan,nan,nan,nan,nan,nan,nan,0.2554329056915032
1791062729.594778,-1.9502017091567223,2.314273014685668,2.496726880568876,1.0961577744907683e-06,1.0205819016174933e-05,0.20000065769466469,0.43916174237404865,0.0,0.0,-0.05669084428363449,0.669202091813523,-0.21346032627770356,-0.010835867261041309,0.44942203901009076,0.0,0.0,0.23828964586303847,3.286765746693785,-0.020733004637337512,-0.013168684267246152,0.6147889612591274,0.0,0.0,1.1341042901244272,1.287646141383531,0.22661780499625755,0.09402796545330293,nan,nan,nan,nan,nan,nan,nan,0.9396475923404437,0.0,0.0,-0.3812137482712611,1.5425055723503596,0.03568353304104843,-0.061478623701037585,nan,nan,nan,nan,nan,nan,nan,nan,nan,nan,nan,nan,nan,nan,0.9506198081438455,0.0,0.0,-0.9940799273384482,-0.8844830869475997,0.00021497052973439452,6.309255578343064e-05,nan,nan,nan,nan,nan,nan,nan,nan,nan,nan,nan,nan,nan,nan,nan,nan,nan,nan,nan,nan,nan,nan,nan,nan,nan,nan,nan,nan,nan,nan,nan,nan,nan,nan,nan,nan,nan,nan,nan,nan,nan,nan,nan,nan,nan,nan,nan,nan,nan,0.3045606983910333
1791062729.693976,-1.9661730937735737,2.3271440007915953,2.4910344452839346,9.921215006649205e-07,9.237185297112841e-06,0.2000005952729004,0.43916174237404865,0.0,0.0,-0.07845654797141817,0.668702756669321,-0.21778043911095848,-0.0024787281480496415,0.44942203901009076,0.0,0.0,0.23786546366691136,3.2870713983723143,-0.01875719324307539,-0.013926942527410134,0.6147889612591274,0.0,0.0,1.1544608521964288,1.2962502632540591,0.18892132492045863,0.08498107700653626,nan,nan,nan,nan,nan,nan,nan,0.9396475923404437,0.0,0.0,-0.3766767712823819,1.5348645118810054,0.03644621800366213,-0.07214368260434001,nan,nan,nan,nan,nan,nan,nan,nan,nan,nan,nan,nan,nan,nan,0.9506198081438455,0.0,0.0,-0.9937283919924353,-0.8843232267398421,0.0004232941422262882,0.0002973057123975021,nan,nan,nan,nan,nan,nan,nan,nan,nan,nan,nan,nan,nan,nan,nan,nan,nan,nan,nan,nan,nan,nan,nan,nan,nan,nan,nan,nan,nan,nan,nan,nan,nan,nan,nan,nan,nan,nan,nan,nan,nan,nan,nan,nan,nan,nan,nan,nan,nan,0.24219341816144568
1791062729.7942176,-1.9851619758165315,2.342107810608934,2.490348170125474,8.977086573346391e-07,8.358150896906209e-06,0.2000005386251944,0.43916174237404865,0.0,0.0,-0.09992658449545913,0.6680005954236858,-0.22386549037933456,-0.004526907276199835,0.44942203901009076,0.0,0.0,0.2381250165400388,3.2872899099580932,-0.015352341339074817,0.0392284866372388,0.6147889612591274,0.0,0.0,1.1739120839935555,1.3043762410588093,0.21633909628481687,0.06216382898047275,nan,nan,nan,nan,nan,nan,nan,0.9396475923404437,0.0,0.0,-0.37272771010317507,1.527920218570549,0.04759203728576633,-0.07753013748619869,nan,nan,nan,nan,nan,nan,nan,nan,nan,nan,nan,nan,nan,nan,0.9506198081438455,0.0,0.0,-0.9937491817134759,-0.8843197954428778,-0.0010643133151008355,6.903560453202582e-05,nan,nan,nan,nan,nan,nan,nan,nan,nan,nan,nan,nan,nan,nan,nan,nan,nan,nan,nan,nan,nan,nan,nan,nan,nan,nan,nan,nan,nan,nan,nan,nan,nan,nan,nan,nan,nan,nan,nan,nan,nan,nan,nan,nan,nan,nan,nan,nan,nan,0.20276695040758205
1791062729.8940067,-2.0023686926877238,2.3556814614122157,2.48926423181383,8.124351096264671e-07,7.564208259240693e-06,0.2000004874610658,0.43916174237404865,0.0,0.0,-0.12327296524571164,0.6670400316784274,-0.23004515363052017,-0.01282392872569042,0.44942203901009076,0.0,0.0,0.23787519108959515,3.2871197739696862,-0.002015494819731631,0.002765171473390708,0.6147889612591274,0.0,0.0,1.1929075260431816,1.3127196232562166,0.18496408389366237,0.08994986206473234,nan,nan,nan,nan,nan,nan,nan,0.9396475923404437,0.0,0.0,-0.3688183236083785,1.5208914397082038,0.03712083272473746,-0.0597185349692799,nan,nan,nan,nan,nan,nan,nan,nan,nan,nan,nan,nan,nan,nan,0.9506198081438455,0.0,0.0,-0.9937392114647783,-0.884327699209932,0.0006276807814581605,-0.0005023122829983229,nan,nan,nan,nan,nan,nan,nan,nan,nan,nan,nan,nan,nan,nan,nan,nan,nan,nan,nan,nan,nan,nan,nan,nan,nan,nan,nan,nan,nan,nan,nan,nan,nan,nan,nan,nan,nan,nan,nan,nan,nan,nan,nan,nan,nan,nan,nan,nan,nan,0.2234082671273056
1791062729.994185,-2.0182710506434476,2.367131782644973,2.4778115571144816,7.351219701861034e-07,6.844381308173173e-06,0.20000044107318213,0.43916174237404865,0.0,0.0,-0.14545651645474697,0.6664857968700806,-0.21787765577823312,-0.007836361606541997,0.44942203901009076,0.0,0.0,0.23783605574656336,3.287064279885006,-0.006747765737479157,-0.004425062501571161,0.6147889612591274,0.0,0.0,1.2125705692882716,1.3211128625106316,0.18866213272333685,0.08669958685143236,nan,nan,nan,nan,nan,nan,nan,0.9396475923404437,0.0,0.0,-0.36427595176145217,1.5126205406661968,0.03822332820579742,-0.06971842154851046,nan,nan,nan,nan,nan,nan,nan,nan,nan,nan,nan,nan,nan,nan,0.9506198081438455,0.0,0.0,-0.9937539073659806,-0.8843174599183382,-0.0012031897535079886,0.00028768978422294596,nan,nan,nan,nan,nan,nan,nan,nan,nan,nan,nan,nan,nan,nan,nan,nan,nan,nan,nan,nan,nan,nan,nan,nan,nan,nan,nan,nan,nan,nan,nan,nan,nan,nan,nan,nan,nan,nan,nan,nan,nan,nan,nan,nan,nan,nan,nan,nan,nan,0.12510456036088782
1791062730.0940564,-2.033335745542863,2.378600837859735,2.490625013964972,6.651658656633074e-07,6.193052312976337e-06,0.2000003990995194,0.43916174237404865,0.0,0.0,-0.16819373212805092,0.6657683885946705,-0.22126195488047432,-0.003982651624764656,0.44942203901009076,0.0,0.0,0.2378277219816577,3.2871055123911113,-0.021734674445125814,-0.011854759799645608,0.6147889612591274,0.0,0.0,1.2320174977310467,1.3293106782929522,0.20444665921620475,0.06774910322125688,nan,nan,nan,nan,nan,nan,nan,0.9396475923404437,0.0,0.0,-0.3600323553785099,1.5053222628972545,0.04844066798073027,-0.08140051622902053,nan,nan,nan,nan,nan,nan,nan,nan,nan,nan,nan,nan,nan,nan,0.9506198081438455,0.0,0.0,-0.9937417038612179,-0.8843146902923972,-3.426489728523298e-05,-0.0003133193755723719,nan,nan,nan,nan,nan,nan,nan,nan,nan,nan,nan,nan,nan,nan,nan,nan,nan,nan,nan,nan,nan,nan,nan,nan,nan,nan,nan,nan,nan,nan,nan,nan,nan,nan,nan,nan,nan,nan,nan,nan,nan,nan,nan,nan,nan,nan,nan,nan,nan,0.10418508584291655
1791062730.1940525,-2.0441024498159077,2.3876922394549194,2.480898258312596,6.018719372892691e-07,5.603751764423219e-06,0.20000036112316236,0.43916174237404865,0.0,0.0,-0.19096094529147778,0.6651230923810281,-0.2313728475682606,-0.0012938750005426032,0.44942203901009076,0.0,0.0,0.237860941697322,3.287070809894587,-0.005979211073358149,-0.001822467743021288,0.6147889612591274,0.0,0.0,1.2516614225293985,1.3379088998338602,0.19732414318929287,0.09120505803566159,nan,nan,nan,nan,nan,nan,nan,0.9396475923404437,0.0,0.0,-0.35568349031726343,1.4975673030592775,0.04384463538348783,-0.0800534930324016,nan,nan,nan,nan,nan,nan,nan,nan,nan,nan,nan,nan,nan,nan,0.9506198081438455,0.0,0.0,-0.9937409663201119,-0.884324269194912,-0.00022182437822733972,-0.0008791224069993222,nan,nan,nan,nan,nan,nan,nan,nan,nan,nan,nan,nan,nan,nan,nan,nan,nan,nan,nan,nan,nan,nan,nan,nan,nan,nan,nan,nan,nan,nan,nan,nan,nan,nan,nan,nan,nan,nan,nan,nan,nan,nan,nan,nan,nan,nan,nan,nan,nan,0.1925293837986614
1791062730.294175,-2.0540832496420363,2.394790827709182,2.466545624343235,5.445962499041042e-07,5.0704842795015666e-06,0.20000032675774992,0.43916174237404865,0.0,0.0,-0.21390119665894541,0.6644775945064136,-0.22537518141572863,0.008640513931303322,0.44942203901009076,0.0,0.0,0.23785581450021548,3.2870797336549478,-0.01636111840805122,-0.012785386142970201,0.6147889612591274,0.0,0.0,1.270514515687117,1.345683915182093,0.17788628837316317,0.07388042291514416,nan,nan,nan,nan,nan,nan,nan,0.9396475923404437,0.0,0.0,-0.3508011619276029,1.4887878243051353,0.04846230358379992,-0.08324401485208764,nan,nan,nan,nan,nan,nan,nan,nan,nan,nan,nan,nan,nan,nan,0.9506198081438455,0.0,0.0,-0.9937413455000164,-0.8843168217961325,7.059262964433067e-05,-6.190285336835386e-05,nan,nan,nan,nan,nan,nan,nan,nan,nan,nan,nan,nan,nan,nan,nan,nan,nan,nan,nan,nan,nan,nan,nan,nan,nan,nan,nan,nan,nan,nan,nan,nan,nan,nan,nan,nan,nan,nan,nan,nan,nan,nan,nan,nan,nan,nan,nan,nan,nan,0.13161863745338823
1791062730.3940609,-2.068996083218572,2.4068142216273,2.4739863018958888,4.927710647972445e-07,4.587963905163949e-06,0.20000029566263888,0.43916174237404865,0.0,0.0,-0.23707588362182927,0.663982643107502,-0.2282524329985987,-0.008063510250787297,0.44942203901009076,0.0,0.0,0.23816721768798824,3.287321122592707,0.006774732124512893,0.0052232917989581545,0.6147889612591274,0.0,0.0,1.2863642240773097,1.35251056661441,0.13258811814093868,0.049054282162246894,nan,nan,nan,nan,nan,nan,nan,0.9396475923404437,0.0,0.0,-0.3455824582532101,1.4797676110058802,0.04041287258121745,-0.0872699151963074,nan,nan,nan,nan,nan,nan,nan,nan,nan,nan,nan,nan,nan,nan,0.9506198081438455,0.0,0.0,-0.9937379139129623,-0.8843060305811491,-0.0004422479863278316,0.0003250375189078727,nan,nan,nan,nan,nan,nan,nan,nan,nan,nan,nan,nan,nan,nan,nan,nan,nan,nan,nan,nan,nan,nan,nan,nan,nan,nan,nan,nan,nan,nan,nan,nan,nan,nan,nan,nan,nan,nan,nan,nan,nan,nan,nan,nan,nan,nan,nan,nan,nan,0.1401626872896297
1791062730.4940178,-2.08167447385346,2.4167293349964503,2.487891050385421,4.458926187536372e-07,4.151500334668507e-06,0.20000026753557126,0.43916174237404865,0.0,0.0,-0.26021296689332124,0.6635485687170923,-0.2212059061387966,-0.008338774568999306,0.44942203901009076,0.0,0.0,0.2378473411113798,3.2870849913632227,-0.0027658549365811354,0.0007625314014770259,0.6147889612591274,0.0,0.0,1.3018016480033017,1.3589206190148355,0.16185477502669404,0.05861315173794139,nan,nan,nan,nan,nan,nan,nan,0.9396475923404437,0.0,0.0,-0.340697578376197,1.4716006210920112,0.05451377897522376,-0.09491590797528161,nan,nan,nan,nan,nan,nan,nan,nan,nan,nan,nan,nan,nan,nan,0.9506198081438455,0.0,0.0,-0.9937213238982443,-0.884313832436576,0.0005507361406589038,-0.00022593019172552006,nan,nan,nan,nan,nan,nan,nan,nan,nan,nan,nan,nan,nan,nan,nan,nan,nan,nan,nan,nan,nan,nan,nan,nan,nan,nan,nan,nan,nan,nan,nan,nan,nan,nan,nan,nan,nan,nan,nan,nan,nan,nan,nan,nan,nan,nan,nan,nan,nan,0.0916765514292392
1791062730.5945091,-2.088908017322384,2.423188797714356,2.474595818866629,4.034603260069303e-07,3.7564328450314213e-06,0.20000024207619563,0.43916174237404865,0.0,0.0,-0.28291027946960073,0.6631715619467927,-0.21904961957833446,-0.0017866381188032365,0.44942203901009076,0.0,0.0,0.23712067263900402,3.2865525489322547,-0.00204926125554956,0.0003618041202371753,0.6147889612591274,0.0,0.0,1.3165541188043808,1.3655545677499927,0.1741399556909641,0.05745682580876225,nan,nan,nan,nan,nan,nan,nan,0.9396475923404437,0.0,0.0,-0.3355989517995041,1.462854184558189,0.05404328824109476,-0.08595169210625858,nan,nan,nan,nan,nan,nan,nan,nan,nan,nan,nan,nan,nan,nan,0.9506198081438455,0.0,0.0,-0.9937279374779502,-0.8843087471519118,2.9766721945030964e-05,0.0002782271040821324,nan,nan,nan,nan,nan,nan,nan,nan,nan,nan,nan,nan,nan,nan,nan,nan,nan,nan,nan,nan,nan,nan,nan,nan,nan,nan,nan,nan,nan,nan,nan,nan,nan,nan,nan,nan,nan,nan,nan,nan,nan,nan,nan,nan,nan,nan,nan,nan,nan,0.09579364881266195
1791062730.6940532,-2.1069756532362347,2.4304624000030537,2.4511959688496128,3.6510839334692724e-07,3.3993557045346026e-06,0.20000021906503604,0.43916174237404865,0.0,0.0,-0.3054994753729861,0.6627005333868058,-0.23627697099140446,0.0034480209239730417,0.44942203901009076,0.0,0.0,0.23709255819755126,3.2865540720835655,-0.0038830666558541016,5.577578221491978e-05,0.6147889612591274,0.0,0.0,1.332600385332127,1.3726074034387792,0.1708699192120543,0.06536537913181942,nan,nan,nan,nan,nan,nan,nan,0.9396475923404437,0.0,0.0,-0.3301754370225412,1.453293335813657,0.06142965086713547,-0.08878180548555895,nan,nan,nan,nan,nan,nan,nan,nan,nan,nan,nan,nan,nan,nan,0.9506198081438455,0.0,0.0,-0.9937261855527769,-0.8843123550437259,0.0008739127811705382,-0.0005544772161795562,nan,nan,nan,nan,nan,nan,nan,nan,nan,nan,nan,nan,nan,nan,nan,nan,nan,nan,nan,nan,nan,nan,nan,nan,nan,nan,nan,nan,nan,nan,nan,nan,nan,nan,nan,nan,nan,nan,nan,nan,nan,nan,nan,nan,nan,nan,nan,nan,nan,0.15181706576107026
1791062730.7940693,-2.1070353942939857,2.4380905255641094,2.479871850242034,3.3036373604786483e-07,3.0758642396877794e-06,0.20000019821824166,0.43916174237404865,0.0,0.0,-0.32950168469785096,0.6616160208102827,-0.2558655557047752,-0.00796190175029073,0.44942203901009076,0.0,0.0,0.2372496169474841,3.286688749811569,0.008376417999751844,0.011274996571335464,0.6147889612591274,0.0,0.0,1.3482510097962952,1.3792648725399965,0.19561217012973475,0.0523717284635292,nan,nan,nan,nan,nan,nan,nan,0.9396475923404437,0.0,0.0,-0.3245362085225656,1.4434312819502166,0.06492527994523581,-0.09551679476621099,nan,nan,nan,nan,nan,nan,nan,nan,nan,nan,nan,nan,nan,nan,0.9506198081438455,0.0,0.0,-0.9937486689330747,-0.8843074349195224,-0.00081460296745171,0.000616282750089089,nan,nan,nan,nan,nan,nan,nan,nan,nan,nan,nan,nan,nan,nan,nan,nan,nan,nan,nan,nan,nan,nan,nan,nan,nan,nan,nan,nan,nan,nan,nan,nan,nan,nan,nan,nan,nan,nan,nan,nan,nan,nan,nan,nan,nan,nan,nan,nan,nan,0.116637851679873
1791062730.8940725,-2.144492495398536,2.4589164587520784,2.488584442470968,2.9892547003650476e-07,2.7831570577829116e-06,0.20000017935528203,0.43916174237404865,0.0,0.0,-0.3524013909059844,0.6611366203613854,-0.22998422575606078,-0.008801759672179155,0.44942203901009076,0.0,0.0,0.23774167536596022,3.2863173631083913,0.006106145442005713,0.006621415212749015,0.6147889612591274,0.0,0.0,1.3640666449624859,1.3863558151423485,0.17717919912696384,0.07431600317468781,nan,nan,nan,nan,nan,nan,nan,0.9396475923404437,0.0,0.0,-0.3190135106988178,1.4338311604093343,0.05767843050485151,-0.08861384335771255,nan,nan,nan,nan,nan,nan,nan,nan,nan,nan,nan,nan,nan,nan,0.9506198081438455,0.0,0.0,-0.9937384286695582,-0.8842926900547037,-0.0003396573513144371,0.000154254494501873,nan,nan,nan,nan,nan,nan,nan,nan,nan,nan,nan,nan,nan,nan,nan,nan,nan,nan,nan,nan,nan,nan,nan,nan,nan,nan,nan,nan,nan,nan,nan,nan,nan,nan,nan,nan,nan,nan,nan,nan,nan,nan,nan,nan,nan,nan,nan,nan,nan,0.08767387859447902
1791062730.9940836,-2.127568578469873,2.454315526274705,2.48259989808342,2.7047998002780206e-07,2.5183142316759684e-06,0.20000016228798803,0.43916174237404865,0.0,0.0,-0.37494174693574656,0.6608142708795182,-0.218067996338344,-0.005054189945669743,0.44942203901009076,0.0,0.0,0.23733381639098589,3.2867087927789487,0.0038020185505969477,0.0036936405890075274,0.6147889612591274,0.0,0.0,1.3797789941638865,1.3930297848790991,0.17888509473120925,0.057847728670980335,nan,nan,nan,nan,nan,nan,nan,0.9396475923404437,0.0,0.0,-0.31333837038919726,1.423958393906193,0.05617857029484723,-0.09403907630488068,nan,nan,nan,nan,nan,nan,nan,nan,nan,nan,nan,nan,nan,nan,0.9506198081438455,0.0,0.0,-0.9937349607063772,-0.8843056844715277,-0.00025821191518983255,-0.0004833908281452865,nan,nan,nan,nan,nan,nan,nan,nan,nan,nan,nan,nan,nan,nan,nan,nan,nan,nan,nan,nan,nan,nan,nan,nan,nan,nan,nan,nan,nan,nan,nan,nan,nan,nan,nan,nan,nan,nan,nan,nan,nan,nan,nan,nan,nan,nan,nan,nan,nan,0.07571457133056132
1791062731.0940704,-2.136074212563987,2.4613376155576963,2.4798627040113166,2.4474040683920795e-07,2.278664947941775e-06,0.2000001468442441,0.43916174237404865,0.0,0.0,-0.39739855848131667,0.6605378450520645,-0.23189734248750746,-0.0062629406665088054,0.44942203901009076,0.0,0.0,0.23778732176987755,3.2863510044309474,-0.01571514257233388,0.001780827490058466,0.6147889612591274,0.0,0.0,1.396594365976955,1.400265073340469,0.17622453182927472,0.07526192713880128,nan,nan,nan,nan,nan,nan,nan,0.9396475923404437,0.0,0.0,-0.30756842732891093,1.4141593303147444,0.05338878553792961,-0.10725656455248726,nan,nan,nan,nan,nan,nan,nan,nan,nan,nan,nan,nan,nan,nan,0.9506198081438455,0.0,0.0,-0.9937404727185094,-0.8843101965475886,-0.0007881081092275177,3.974729832282301e-05,nan,nan,nan,nan,nan,nan,nan,nan,nan,nan,nan,nan,nan,nan,nan,nan,nan,nan,nan,nan,nan,nan,nan,nan,nan,nan,nan,nan,nan,nan,nan,nan,nan,nan,nan,nan,nan,nan,nan,nan,nan,nan,nan,nan,nan,nan,nan,nan,nan,0.11407960625029188
1791062731.1940393,-2.144328111867577,2.4679571924879076,2.480190357061573,2.2145166018195477e-07,2.0618341786595956e-06,0.20000013287099613,0.43916174237404865,0.0,0.0,-0.4189910495665409,0.6602444656806012,-0.21458668514240237,-0.0011518415002330022,0.44942203901009076,0.0,0.0,0.23730937325160628,3.2866266902528034,0.00017633563908439956,-0.004516294830665659,0.6147889612591274,0.0,0.0,1.414258984721923,1.408121376206631,0.18512263304251844,0.07496328914657459,nan,nan,nan,nan,nan,nan,nan,0.9396475923404437,0.0,0.0,-0.3017376325978212,1.4042050873309642,0.052162159284102005,-0.11218584211344791,nan,nan,nan,nan,nan,nan,nan,nan,nan,nan,nan,nan,nan,nan,0.9506198081438455,0.0,0.0,-0.9937414532955589,-0.8843037163450819,-0.00031738391682206246,0.00028942662681134845,nan,nan,nan,nan,nan,nan,nan,nan,nan,nan,nan,nan,nan,nan,nan,nan,nan,nan,nan,nan,nan,nan,nan,nan,nan,nan,nan,nan,nan,nan,nan,nan,nan,nan,nan,nan,nan,nan,nan,nan,nan,nan,nan,nan,nan,nan,nan,nan,nan,0.18999564956886628
1791062731.2941628,-2.154887297152904,2.476492243780364,2.4820699983435466,2.003777484846706e-07,1.8656247152497773e-06,0.2000001202266491,0.43916174237404865,0.0,0.0,-0.4405204339585007,0.65994900035057,-0.22199556295661688,-0.004837235925343,0.44942203901009076,0.0,0.0,0.23727431226744408,3.286676823522156,0.0005665041443560057,-0.0007817804274639069,0.6147889612591274,0.0,0.0,1.4322016930894768,1.4158922095681608,0.1755687191688019,0.08419903452259622,nan,nan,nan,nan,nan,nan,nan,0.9396475923404437,0.0,0.0,-0.2956209162310422,1.3941550523809756,0.05650639133276327,-0.11086873816796053,nan,nan,nan,nan,nan,nan,nan,nan,nan,nan,nan,nan,nan,nan,0.9506198081438455,0.0,0.0,-0.9937554205450375,-0.8843187518255705,-5.4940007017139087e-05,-0.0002760894507512201,nan,nan,nan,nan,nan,nan,nan,nan,nan,nan,nan,nan,nan,nan,nan,nan,nan,nan,nan,nan,nan,nan,nan,nan,nan,nan,nan,nan,nan,nan,nan,nan,nan,nan,nan,nan,nan,nan,nan,nan,nan,nan,nan,nan,nan,nan,nan,nan,nan,0.15120964408422358
1791062731.3939908,-2.1684041505208516,2.486829561295884,2.474710381277012,1.8130928463031533e-07,1.6880870509254686e-06,0.20000010878557078,0.43916174237404865,0.0,0.0,-0.46206338540662695,0.6598993792545207,-0.20156150461897845,0.011177504250053937,0.44942203901009076,0.0,0.0,0.23732691414430862,3.286713792492416,0.010205069779089098,0.011386444004064442,0.6147889612591274,0.0,0.0,1.449739392715893,1.4234819707602602,0.20223048507372784,0.055289468903514785,nan,nan,nan,nan,nan,nan,nan,0.9396475923404437,0.0,0.0,-0.28938132168263064,1.383885241686371,0.061429888394612636,-0.11102343661065153,nan,nan,nan,nan,nan,nan,nan,nan,nan,nan,nan,nan,nan,nan,0.9506198081438455,0.0,0.0,-0.9937186375251915,-0.8843319601905472,0.002269439701622088,1.1987980900921854e-05,nan,nan,nan,nan,nan,nan,nan,nan,nan,nan,nan,nan,nan,nan,nan,nan,nan,nan,nan,nan,nan,nan,nan,nan,nan,nan,nan,nan,nan,nan,nan,nan,nan,nan,nan,nan,nan,nan,nan,nan,nan,nan,nan,nan,nan,nan,nan,nan,nan,0.11636741058028865
1791062731.4939997,-2.1775230027744654,2.494423409635138,2.472500462455765,1.6405542502475803e-07,1.5274443290813312e-06,0.20000009843325503,0.43916174237404865,0.0,0.0,-0.48303244617126007,0.6595070242643799,-0.20527213270129863,0.0001472074980997974,0.44942203901009076,0.0,0.0,0.23727322566273254,3.286682554425476,0.011716514189578883,0.00783542913911851,0.6147889612591274,0.0,0.0,1.4651947810315784,1.430264185222653,0.15032889669363142,0.07385376388576229,nan,nan,nan,nan,nan,nan,nan,0.9396475923404437,0.0,0.0,-0.2831098803954506,1.3728856418365043,0.0629862552863967,-0.11672018583424737,nan,nan,nan,nan,nan,nan,nan,nan,nan,nan,nan,nan,nan,nan,0.9506198081438455,0.0,0.0,-0.9937421329275974,-0.8843088090575999,-0.00044988744790264385,0.00035127630672215514,nan,nan,nan,nan,nan,nan,nan,nan,nan,nan,nan,nan,nan,nan,nan,nan,nan,nan,nan,nan,nan,nan,nan,nan,nan,nan,nan,nan,nan,nan,nan,nan,nan,nan,nan,nan,nan,nan,nan,nan,nan,nan,nan,nan,nan,nan,nan,nan,nan,0.06957765424824094
1791062731.5940588,-2.1889510534997574,2.503154421615763,2.471825725091929,1.4844348724297979e-07,1.3820887833738422e-06,0.20000008906609235,0.43916174237404865,0.0,0.0,-0.5042360672498243,0.659286957992897,-0.22126924270386095,-0.011222641023629725,0.44942203901009076,0.0,0.0,0.23757886107811096,3.2862090399703976,-0.009724248863011004,-0.007514482526155141,0.6147889612591274,0.0,0.0,1.4814749158892424,1.4371814607370352,0.18560036634607494,0.06814307663815689,nan,nan,nan,nan,nan,nan,nan,0.9396475923404437,0.0,0.0,-0.27644921358811647,1.3615605899707248,0.06490874501293595,-0.11555956367888945,nan,nan,nan,nan,nan,nan,nan,nan,nan,nan,nan,nan,nan,nan,0.9506198081438455,0.0,0.0,-0.9937209206818797,-0.884322785489994,0.0005971853529437855,-0.00014122963227532377,nan,nan,nan,nan,nan,nan,nan,nan,nan,nan,nan,nan,nan,nan,nan,nan,nan,nan,nan,nan,nan,nan,nan,nan,nan,nan,nan,nan,nan,nan,nan,nan,nan,nan,nan,nan,nan,nan,nan,nan,nan,nan,nan,nan,nan,nan,nan,nan,nan,0.07571954737355083
1791062731.694022,-2.1969884108385447,2.5100707095169406,2.4807255143057074,1.3431775809453244e-07,1.2505706401690158e-06,0.20000008059065488,0.43916174237404865,0.0,0.0,-0.52545616222598,0.6591493235016905,-0.2055392061438146,-0.004093169792218628,0.44942203901009076,0.0,0.0,0.23756885898541089,3.2862114969540865,-0.0047244076394827896,-0.0015595366235599992,0.6147889612591274,0.0,0.0,1.4971476126691783,1.4442099817050678,0.14876009286518055,0.06796997903997684,nan,nan,nan,nan,nan,nan,nan,0.9396475923404437,0.0,0.0,-0.26962484798610886,1.3502212479735534,0.06550495105961102,-0.11854129257759267,nan,nan,nan,nan,nan,nan,nan,nan,nan,nan,nan,nan,nan,nan,0.9506198081438455,0.0,0.0,-0.9937412554445296,-0.8843156925566417,-0.0001995222780693833,-0.0005414195305809375,nan,nan,nan,nan,nan,nan,nan,nan,nan,nan,nan,nan,nan,nan,nan,nan,nan,nan,nan,nan,nan,nan,nan,nan,nan,nan,nan,nan,nan,nan,nan,nan,nan,nan,nan,nan,nan,nan,nan,nan,nan,nan,nan,nan,nan,nan,nan,nan,nan,0.02151254387826301
1791062731.7940037,-2.2131749543025845,2.501506761031141,2.4744250949966506,1.2153573347057794e-07,1.1315631094939962e-06,0.2000000729214401,0.43916174237404865,0.0,0.0,-0.5458010060406325,0.6589188388659986,-0.20184978437214,-0.0015949848233224304,0.44942203901009076,0.0,0.0,0.23712018482468347,3.286581971851281,-0.01051180544509806,0.005323287270639815,0.6147889612591274,0.0,0.0,1.5131522383521268,1.4511924665190656,0.13532983232122367,0.08683649682652646,nan,nan,nan,nan,nan,nan,nan,0.9396475923404437,0.0,0.0,-0.2626301552766037,1.3384983947919344,0.06577995417115831,-0.1194266960863167,nan,nan,nan,nan,nan,nan,nan,nan,nan,nan,nan,nan,nan,nan,0.9506198081438455,0.0,0.0,-0.993737079743089,-0.8843123892940065,-0.0004483929421819136,0.0002707633916780199,nan,nan,nan,nan,nan,nan,nan,nan,nan,nan,nan,nan,nan,nan,nan,nan,nan,nan,nan,nan,nan,nan,nan,nan,nan,nan,nan,nan,nan,nan,nan,nan,nan,nan,nan,nan,nan,nan,nan,nan,nan,nan,nan,nan,nan,nan,nan,nan,nan,1.2663249615104633
1791062731.8940704,-2.2195718416971113,2.5068989277656937,2.4795401580835823,1.0997007930876583e-07,1.0238806426757865e-06,0.20000006598204761,0.43916174237404865,0.0,0.0,-0.5656670749081788,0.6587131082975064,-0.2118528874930281,-0.01088401223961839,0.44942203901009076,0.0,0.0,0.23727222098556933,3.286667079920778,-0.0017868449105796714,0.0016068076172654647,0.6147889612591274,0.0,0.0,1.528428461993496,1.458057560572867,0.1427614888090197,0.06594682020047526,nan,nan,nan,nan,nan,nan,nan,0.9396475923404437,0.0,0.0,-0.2555725527261286,1.3267850397374086,0.06787033938147169,-0.11229732264857822,nan,nan,nan,nan,nan,nan,nan,nan,nan,nan,nan,nan,nan,nan,0.9506198081438455,0.0,0.0,-0.9937365244878414,-0.884315746493797,0.0006167849616756641,-2.547398431269665e-05,nan,nan,nan,nan,nan,nan,nan,nan,nan,nan,nan,nan,nan,nan,nan,nan,nan,nan,nan,nan,nan,nan,nan,nan,nan,nan,nan,nan,nan,nan,nan,nan,nan,nan,nan,nan,nan,nan,nan,nan,nan,nan,nan,nan,nan,nan,nan,nan,nan,0.10300325753356693
1791062731.9940062,-2.2274764603958923,2.5344044389206792,2.482408798826376,9.951139595704745e-08,9.265046700566018e-07,0.20000005970683757,0.43916174237404865,0.0,0.0,-0.5857409556221491,0.6584352224607218,-0.1907606636296561,-0.011595646232497276,0.44942203901009076,0.0,0.0,0.23728267570780806,3.28664548449335,-0.00035741738293865915,-0.00384735561926588,0.6147889612591274,0.0,0.0,1.5430965650601107,1.4641859857327681,0.14918259737143202,0.05701040993732921,nan,nan,nan,nan,nan,nan,nan,0.9396475923404437,0.0,0.0,-0.24845602270786807,1.314884194594023,0.06725147170525747,-0.11996705042481236,nan,nan,nan,nan,nan,nan,nan,nan,nan,nan,nan,nan,nan,nan,0.9506198081438455,0.0,0.0,-0.9937519798034469,-0.8843188701655105,0.0008689268899472744,-0.0003621747527051476,nan,nan,nan,nan,nan,nan,nan,nan,nan,nan,nan,nan,nan,nan,nan,nan,nan,nan,nan,nan,nan,nan,nan,nan,nan,nan,nan,nan,nan,nan,nan,nan,nan,nan,nan,nan,nan,nan,nan,nan,nan,nan,nan,nan,nan,nan,nan,nan,nan,0.135353562195673
1791062732.0940185,-2.236420345016216,2.541636575090963,2.481205511733488,9.004163461252092e-08,8.383360937277924e-07,0.20000005402498078,0.43916174237404865,0.0,0.0,-0.6059582775964607,0.6582952466381593,-0.20686010337705896,-0.002334861277098572,0.44942203901009076,0.0,0.0,0.23718561997550308,3.286559530280852,0.00032147101403109035,-0.0018111306272692719,0.6147889612591274,0.0,0.0,1.557528362026667,1.4704262119948306,0.15301327108869334,0.06336090334640876,nan,nan,nan,nan,nan,nan,nan,0.9396475923404437,0.0,0.0,-0.24110610611770258,1.3026737963879127,0.07231352199898208,-0.1211744200809374,nan,nan,nan,nan,nan,nan,nan,nan,nan,nan,nan,nan,nan,nan,0.9506198081438455,0.0,0.0,-0.9937229755869547,-0.8843043726697857,0.0004853716749115489,0.0007248326918901526,nan,nan,nan,nan,nan,nan,nan,nan,nan,nan,nan,nan,nan,nan,nan,nan,nan,nan,nan,nan,nan,nan,nan,nan,nan,nan,nan,nan,nan,nan,nan,nan,nan,nan,nan,nan,nan,nan,nan,nan,nan,nan,nan,nan,nan,nan,nan,nan,nan,0.29338255262502533
1791062732.1940124,-2.249408315651579,2.5523703309142185,2.4903345277087823,8.147337660803582e-08,7.585609988348231e-07,0.200000048884026,0.43916174237404865,0.0,0.0,-0.6258342512731468,0.6581830371950631,-0.1797529012729564,-0.006197160952212384,0.44942203901009076,0.0,0.0,0.23716047809357768,3.286563183008904,-0.006995559901501431,-0.0055289115106367265,0.6147889612591274,0.0,0.0,1.571923452543133,1.477178543769407,0.1481192309996892,0.06811644182798711,nan,nan,nan,nan,nan,nan,nan,0.9396475923404437,0.0,0.0,-0.23349423659358676,1.290102503791309,0.07960280538779993,-0.13007532013867532,nan,nan,nan,nan,nan,nan,nan,nan,nan,nan,nan,nan,nan,nan,0.9506198081438455,0.0,0.0,-0.9937451498375899,-0.8843084251938094,-0.00024338739879146236,7.197853311026507e-05,nan,nan,nan,nan,nan,nan,nan,nan,nan,nan,nan,nan,nan,nan,nan,nan,nan,nan,nan,nan,nan,nan,nan,nan,nan,nan,nan,nan,nan,nan,nan,nan,nan,nan,nan,nan,nan,nan,nan,nan,nan,nan,nan,nan,nan,nan,nan,nan,nan,0.15618378285235093
1791062732.2938037,-2.2666231050760244,2.5662868412072695,2.4886641315040055,7.372015975291452e-08,6.86374375834056e-07,0.0,0.0,0.0,0.0,-0.6457000674686157,0.6579393943707309,-0.2057632863899238,-0.0014109364646045265,0.0,0.0,0.0,0.23778490722511206,3.286332483753203,0.04972286241919373,-0.014239659926920417,0.0,0.0,0.0,1.5891207297726748,1.4843944900316692,0.20575135294612473,0.06200493417693513,nan,nan,nan,nan,nan,nan,nan,0.0,0.0,0.0,-0.22569496846129894,1.2770313340349522,0.08245454327462669,-0.13764165410237156,nan,nan,nan,nan,nan,nan,nan,nan,nan,nan,nan,nan,nan,nan,0.0,0.0,0.0,-0.9937356665876468,-0.8843047309924574,-0.000372546362737386,0.0006442399747356366,nan,nan,nan,nan,nan,nan,nan,nan,nan,nan,nan,nan,nan,nan,nan,nan,nan,nan,nan,nan,nan,nan,nan,nan,nan,nan,nan,nan,nan,nan,nan,nan,nan,nan,nan,nan,nan,nan,nan,nan,nan,nan,nan,nan,nan,nan,nan,nan,nan,0.12642913962446528
1791062732.3946137,-2.2855038882515144,2.560305522777367,2.4917725352059557,6.670475902994808e-08,6.210572182398402e-07,0.0,0.0,0.0,0.0,-0.666537027119382,0.6576422169135703,-0.21042529536490495,-0.006959791444624791,0.0,0.0,0.0,0.2377706238276672,3.2863561154943164,0.011871274260666656,0.011741656375097952,0.0,0.0,0.0,1.6047920661007038,1.4918086776958237,0.17447095986059227,0.08925781535968319,nan,nan,nan,nan,nan,nan,nan,0.0,0.0,0.0,-0.21766289722022658,1.2631142899988266,0.07658489888924204,-0.1431446913721053,nan,nan,nan,nan,nan,nan,nan,nan,nan,nan,nan,nan,nan,nan,0.0,0.0,0.0,-0.99374599998844,-0.8843193646068322,-0.0008922967313516605,-0.00022542064117449026,nan,nan,nan,nan,nan,nan,nan,nan,nan,nan,nan,nan,nan,nan,nan,nan,nan,nan,nan,nan,nan,nan,nan,nan,nan,nan,nan,nan,nan,nan,nan,nan,nan,nan,nan,nan,nan,nan,nan,nan,nan,nan,nan,nan,nan,nan,nan,nan,nan,0.04537502376446339
1791062732.4937236,-2.2762243033942102,2.574174636269948,2.488887988175367,6.040616259559243e-08,5.62413894476688e-07,0.0,0.0,0.0,0.0,-0.686837041169765,0.657456324144072,-0.19558211664380606,-0.0012304670911051755,0.0,0.0,0.0,0.23729514102736976,3.286651425067429,0.011071245489511189,0.008288238991586573,0.0,0.0,0.0,1.6229652749536285,1.499674611664142,0.1635174141572329,0.05894026861126288,nan,nan,nan,nan,nan,nan,nan,0.0,0.0,0.0,-0.20967095645566655,1.2492334423652942,0.08203990950352064,-0.14421646829271,nan,nan,nan,nan,nan,nan,nan,nan,nan,nan,nan,nan,nan,nan,0.0,0.0,0.0,-0.9940676347664346,-0.8844938651379369,0.00017446457398592312,-0.0005196213598960001,nan,nan,nan,nan,nan,nan,nan,nan,nan,nan,nan,nan,nan,nan,nan,nan,nan,nan,nan,nan,nan,nan,nan,nan,nan,nan,nan,nan,nan,nan,nan,nan,nan,nan,nan,nan,nan,nan,nan,nan,nan,nan,nan,nan,nan,nan,nan,nan,nan,0.005775270032237752
1791062732.5937817,-2.27622822005888,2.5742366466330746,2.4887455162032035,5.465775621441942e-08,5.088931363130821e-07,0.0,0.0,0.0,0.0,-0.7064584977017367,0.6571583453843779,-0.20028929473043272,-0.0021716254950861547,0.0,0.0,0.0,0.23726557094881234,3.2866476648614333,-0.0020271250234391047,0.001537447739399362,0.0,0.0,0.0,1.6379893743723108,1.5063806465904666,0.14583521671375066,0.0637515647347864,nan,nan,nan,nan,nan,nan,nan,0.0,0.0,0.0,-0.20157897842753422,1.2357597059243313,0.07606300818220393,-0.13520519331479955,nan,nan,nan,nan,nan,nan,nan,nan,nan,nan,nan,nan,nan,nan,0.0,0.0,0.0,-0.9940753615962286,-0.8844997739304838,6.268684082992102e-05,-0.0001559069802267062,nan,nan,nan,nan,nan,nan,nan,nan,nan,nan,nan,nan,nan,nan,nan,nan,nan,nan,nan,nan,nan,nan,nan,nan,nan,nan,nan,nan,nan,nan,nan,nan,nan,nan,nan,nan,nan,nan,nan,nan,nan,nan,nan,nan,nan,nan,nan,nan,nan,0.010585043007933158
1791062732.6940992,-2.2722650394625625,2.5713245104641294,2.4865833721826225,4.9456383024947975e-08,4.604655516690823e-07,0.0,0.0,0.0,0.0,-0.7261961032922813,0.6566101739857481,-0.19533239585834675,-0.006396437601557313,0.0,0.0,0.0,0.2377760824356407,3.2863497454262993,0.003848094251884098,0.0029984002385409405,0.0,0.0,0.0,1.6517948016140522,1.5127182911073778,0.13768972066922314,0.07067537832379742,nan,nan,nan,nan,nan,nan,nan,0.0,0.0,0.0,-0.19340479296902907,1.2219494432440148,0.08737052634473459,-0.14394706169096794,nan,nan,nan,nan,nan,nan,nan,nan,nan,nan,nan,nan,nan,nan,0.0,0.0,0.0,-0.9940589961021163,-0.8844898650058054,0.00019640175230892693,0.0004626192159906767,nan,nan,nan,nan,nan,nan,nan,nan,nan,nan,nan,nan,nan,nan,nan,nan,nan,nan,nan,nan,nan,nan,nan,nan,nan,nan,nan,nan,nan,nan,nan,nan,nan,nan,nan,nan,nan,nan,nan,nan,nan,nan,nan,nan,nan,nan,nan,nan,nan,0.03243924952136354
1791062732.7939792,-2.2763197068775134,2.57427630897291,2.488951684703712,4.475104070567209e-08,4.1665628147347785e-07,0.0,0.0,0.0,0.0,-0.7455340508621386,0.6561554688892093,-0.19705399862568085,-0.005426875228418631,0.0,0.0,0.0,0.23719156945392494,3.28652913475772,0.0032271087857827663,-0.0013699503288264762,0.0,0.0,0.0,1.6657647777909121,1.519313911915408,0.1494491325565519,0.06768312603153985,nan,nan,nan,nan,nan,nan,nan,0.0,0.0,0.0,-0.18493684930018642,1.2074789544374789,0.08101171074795195,-0.1366176576706669,nan,nan,nan,nan,nan,nan,nan,nan,nan,nan,nan,nan,nan,nan,0.0,0.0,0.0,-0.9937366969641561,-0.8843049575172929,-0.00010083513631050457,0.000127748382390992,nan,nan,nan,nan,nan,nan,nan,nan,nan,nan,nan,nan,nan,nan,nan,nan,nan,nan,nan,nan,nan,nan,nan,nan,nan,nan,nan,nan,nan,nan,nan,nan,nan,nan,nan,nan,nan,nan,nan,nan,nan,nan,nan,nan,nan,nan,nan,nan,nan,0.012336017920484044
1791062732.8939297,-2.276531733028998,2.574298559453263,2.4884568384174828,4.050115190380393e-08,3.7708752872628817e-07,0.0,0.0,0.0,0.0,-0.764800883961955,0.6557772823331902,-0.19411719299933033,-0.0028210690152472573,0.0,0.0,0.0,0.23727018987050133,3.286644476132416,0.008787428833115295,0.007752278947284225,0.0,0.0,0.0,1.6814431744609701,1.5264572471070001,0.12580677938036933,0.07497748729942191,nan,nan,nan,nan,nan,nan,nan,0.0,0.0,0.0,-0.1758550780847931,1.1925473110884108,0.09208782355130121,-0.14593479746142682,nan,nan,nan,nan,nan,nan,nan,nan,nan,nan,nan,nan,nan,nan,0.0,0.0,0.0,-0.9937267087210807,-0.8843140016449584,0.0005712259445503256,-0.00012761088913408394,nan,nan,nan,nan,nan,nan,nan,nan,nan,nan,nan,nan,nan,nan,nan,nan,nan,nan,nan,nan,nan,nan,nan,nan,nan,nan,nan,nan,nan,nan,nan,nan,nan,nan,nan,nan,nan,nan,nan,nan,nan,nan,nan,nan,nan,nan,nan,nan,nan,0.01517813325397448
1791062732.9937766,-2.28313341736225,2.5778178484923,2.491107351383768,3.6646957728164115e-08,3.4120290597839125e-07,0.0,0.0,0.0,0.0,-0.7836442275447041,0.6553841716763011,-0.1895580422874889,-0.002044747390887827,0.0,0.0,0.0,0.23726851838674584,3.2866443183273426,0.002060983481047071,0.0004161127874657963,0.0,0.0,0.0,1.6967387368370321,1.5333998167379848,0.14731278697416333,0.07218811017732216,nan,nan,nan,nan,nan,nan,nan,0.0,0.0,0.0,-0.16696284463300362,1.177831927376345,0.09104439989960592,-0.15389528826454457,nan,nan,nan,nan,nan,nan,nan,nan,nan,nan,nan,nan,nan,nan,0.0,0.0,0.0,-0.9937383951875998,-0.884320811688446,-4.358477945766761e-05,0.0003352685632769032,nan,nan,nan,nan,nan,nan,nan,nan,nan,nan,nan,nan,nan,nan,nan,nan,nan,nan,nan,nan,nan,nan,nan,nan,nan,nan,nan,nan,nan,nan,nan,nan,nan,nan,nan,nan,nan,nan,nan,nan,nan,nan,nan,nan,nan,nan,nan,nan,nan,0.14266459049599114
1791062733.093761,-2.2830999321754333,2.5779421816653056,2.4852612278651076,3.3159538620522816e-08,3.087331565733186e-07,0.0,0.0,0.0,0.0,-0.8022667962544674,0.6550961188180947,-0.18425043249181958,-0.004448723748265327,0.0,0.0,0.0,0.2371297040289556,3.286554878621866,-0.01282357417772546,-0.008223043343264416,0.0,0.0,0.0,1.7114473061675608,1.540702894406424,0.14422785745823624,0.0752567813021606,nan,nan,nan,nan,nan,nan,nan,0.0,0.0,0.0,-0.1578180321906909,1.162623304768419,0.08522296773108977,-0.14184683866063336,nan,nan,nan,nan,nan,nan,nan,nan,nan,nan,nan,nan,nan,nan,0.0,0.0,0.0,-0.9937429412985938,-0.8843357036221462,0.0002965129617588543,-0.00033017731246779986,nan,nan,nan,nan,nan,nan,nan,nan,nan,nan,nan,nan,nan,nan,nan,nan,nan,nan,nan,nan,nan,nan,nan,nan,nan,nan,nan,nan,nan,nan,nan,nan,nan,nan,nan,nan,nan,nan,nan,nan,nan,nan,nan,nan,nan,nan,nan,nan,nan,0.020133278304555302
1791062733.1938212,-2.283060189818468,2.5779445016556,2.485212951526767,3.0004018682361227e-08,2.793535671198116e-07,0.0,0.0,0.0,0.0,-0.8202592556572499,0.6547331010783061,-0.18204162885858505,-0.003779724604193252,0.0,0.0,0.0,0.23714305273734848,3.2865284128306,-0.0014248343670941915,8.001471780259275e-05,0.0,0.0,0.0,1.7277050609133753,1.5480629058293573,0.17049502332072522,0.07875825189518526,nan,nan,nan,nan,nan,nan,nan,0.0,0.0,0.0,-0.1491316782798224,1.1483421513704164,0.09203123011276232,-0.1468059914835598,nan,nan,nan,nan,nan,nan,nan,nan,nan,nan,nan,nan,nan,nan,0.0,0.0,0.0,-0.9937426013417944,-0.8843232676133619,-0.0005113628174412811,4.4942511373127645e-05,nan,nan,nan,nan,nan,nan,nan,nan,nan,nan,nan,nan,nan,nan,nan,nan,nan,nan,nan,nan,nan,nan,nan,nan,nan,nan,nan,nan,nan,nan,nan,nan,nan,nan,nan,nan,nan,nan,nan,nan,nan,nan,nan,nan,nan,nan,nan,nan,nan,0.005806346665770972
1791062733.2937841,-2.283184191662852,2.578022691713881,2.491095591294369,2.714913449108386e-08,2.5277305832229713e-07,0.0,0.0,0.0,0.0,-0.8382495780845057,0.6545232371794684,-0.17689940631021453,0.0026972477604593056,0.0,0.0,0.0,0.23775001811143143,3.286362347221259,0.03374550494856899,-0.02327319732949997,0.0,0.0,0.0,1.7455587269156994,1.5565732453287318,0.17558668074426204,0.09315812569181497,nan,nan,nan,nan,nan,nan,nan,0.0,0.0,0.0,-0.14035461348172604,1.1337651068893502,0.08591738055264667,-0.1431635328094962,nan,nan,nan,nan,nan,nan,nan,nan,nan,nan,nan,nan,nan,nan,0.0,0.0,0.0,-0.9940896904145324,-0.8844788627657086,-0.0004115014641662307,-5.5161393947166015e-05,nan,nan,nan,nan,nan,nan,nan,nan,nan,nan,nan,nan,nan,nan,nan,nan,nan,nan,nan,nan,nan,nan,nan,nan,nan,nan,nan,nan,nan,nan,nan,nan,nan,nan,nan,nan,nan,nan,nan,nan,nan,nan,nan,nan,nan,nan,nan,nan,nan,0.010179216442551703
1791062733.3938177,-2.283116036391221,2.577930426203826,2.4850748572948276,2.4565552762896773e-08,2.2871852151656842e-07,0.0,0.0,0.0,0.0,-0.8565087197826444,0.6540724956888166,-0.1839719792716687,-0.0027062831870958218,0.0,0.0,0.0,0.2375608457659448,3.286157259882306,-0.005100700027808938,-0.006434776160294205,0.0,0.0,0.0,1.7634568334777765,1.5641302136368584,0.20769038589726072,0.07009747459225116,nan,nan,nan,nan,nan,nan,nan,0.0,0.0,0.0,-0.13167067347280817,1.119595191084232,0.08530604572021219,-0.13862890410326,nan,nan,nan,nan,nan,nan,nan,nan,nan,nan,nan,nan,nan,nan,0.0,0.0,0.0,-0.9940792006542076,-0.884470246036307,-0.00032915969793967495,0.0008093010192743706,nan,nan,nan,nan,nan,nan,nan,nan,nan,nan,nan,nan,nan,nan,nan,nan,nan,nan,nan,nan,nan,nan,nan,nan,nan,nan,nan,nan,nan,nan,nan,nan,nan,nan,nan,nan,nan,nan,nan,nan,nan,nan,nan,nan,nan,nan,nan,nan,nan,0.012081468395399362
1791062733.49374,-2.2832388190421606,2.577893519099593,2.4910949982207518,2.222925448005929e-08,2.0696632671640243e-07,0.0,0.0,0.0,0.0,-0.874269952340937,0.6536706711002127,-0.17739020935440178,-0.0006749503500828012,0.0,0.0,0.0,0.23760721064216236,3.2862106462420804,-0.012618783582939575,-0.009354810694271938,0.0,0.0,0.0,1.7800560088573552,1.5721247578412503,0.17540574354619443,0.09718905424139243,nan,nan,nan,nan,nan,nan,nan,0.0,0.0,0.0,-0.12315769056057312,1.1055662476990702,0.09027631004717507,-0.14668880149365046,nan,nan,nan,nan,nan,nan,nan,nan,nan,nan,nan,nan,nan,nan,0.0,0.0,0.0,-0.9940869592682604,-0.8844711998894298,-0.0008422193124318435,-8.810863990798275e-05,nan,nan,nan,nan,nan,nan,nan,nan,nan,nan,nan,nan,nan,nan,nan,nan,nan,nan,nan,nan,nan,nan,nan,nan,nan,nan,nan,nan,nan,nan,nan,nan,nan,nan,nan,nan,nan,nan,nan,nan,nan,nan,nan,nan,nan,nan,nan,nan,nan,0.004153812565773342
1791062733.5938528,-2.2831127125941304,2.5778906425574837,2.485172976853731,2.0113861235211533e-08,1.8727087674800276e-07,0.0,0.0,0.0,0.0,-0.8919374762508503,0.653263957851607,-0.176143389708671,-0.0019513556668990452,0.0,0.0,0.0,0.23717690922616932,3.286564256787299,0.0012054132585705996,0.0019767901943960413,0.0,0.0,0.0,1.794207883095972,1.5785067236361336,0.14773699811141516,0.06271724781836716,nan,nan,nan,nan,nan,nan,nan,0.0,0.0,0.0,-0.1145769446657694,1.0909499219717527,0.08682254178925125,-0.15283372209433657,nan,nan,nan,nan,nan,nan,nan,nan,nan,nan,nan,nan,nan,nan,0.0,0.0,0.0,-0.9940842329182451,-0.8844690953663794,-0.0006449291812244034,0.000374212484254601,nan,nan,nan,nan,nan,nan,nan,nan,nan,nan,nan,nan,nan,nan,nan,nan,nan,nan,nan,nan,nan,nan,nan,nan,nan,nan,nan,nan,nan,nan,nan,nan,nan,nan,nan,nan,nan,nan,nan,nan,nan,nan,nan,nan,nan,nan,nan,nan,nan,0.004556461878403237
1791062733.6937792,-2.2832342153594523,2.578044144895275,2.4910282354266458,1.8199774272783713e-08,1.694496966456827e-07,0.0,0.0,0.0,0.0,-0.9097878795275857,0.6527055525603744,-0.17833352960419838,-0.008161845731297319,0.0,0.0,0.0,0.23762504355974864,3.286214100737863,-0.0008040954131857815,-0.001425565311025401,0.0,0.0,0.0,1.8085577823556152,1.5849390064070448,0.16345974294156165,0.057024898506431713,nan,nan,nan,nan,nan,nan,nan,0.0,0.0,0.0,-0.10576743377157607,1.0765521508134392,0.08567456316011365,-0.13542091163860337,nan,nan,nan,nan,nan,nan,nan,nan,nan,nan,nan,nan,nan,nan,0.0,0.0,0.0,-0.9940706550218609,-0.8844685896198897,-0.0003785907043279585,2.1507199546525106e-05,nan,nan,nan,nan,nan,nan,nan,nan,nan,nan,nan,nan,nan,nan,nan,nan,nan,nan,nan,nan,nan,nan,nan,nan,nan,nan,nan,nan,nan,nan,nan,nan,nan,nan,nan,nan,nan,nan,nan,nan,nan,nan,nan,nan,nan,nan,nan,nan,nan,0.024034236306363185
1791062733.7937367,-2.283156115827129,2.5780790923457597,2.491139815806834,1.6468162965418852e-08,1.5332746313095184e-07,0.0,0.0,0.0,0.0,-0.927500926641861,0.6520945676081031,-0.17420256486258298,-0.006439521450818518,0.0,0.0,0.0,0.2377459964388995,3.286306541497242,0.00961710386906528,0.006059374956319259,0.0,0.0,0.0,1.8226613059069199,1.591483479851274,0.14938000037751187,0.06924896244501767,nan,nan,nan,nan,nan,nan,nan,0.0,0.0,0.0,-0.09689406968492442,1.062216187627142,0.08890633012999782,-0.14380786288384004,nan,nan,nan,nan,nan,nan,nan,nan,nan,nan,nan,nan,nan,nan,0.0,0.0,0.0,-0.9940680818068477,-0.8844510731991906,-0.00030643607913592057,0.00038295411032158126,nan,nan,nan,nan,nan,nan,nan,nan,nan,nan,nan,nan,nan,nan,nan,nan,nan,nan,nan,nan,nan,nan,nan,nan,nan,nan,nan,nan,nan,nan,nan,nan,nan,nan,nan,nan,nan,nan,nan,nan,nan,nan,nan,nan,nan,nan,nan,nan,nan,0.04244082557555227
1791062733.8938625,-2.2828652597420027,2.5779865713856904,2.4877934935805768,1.4901010062322205e-08,1.387364258990098e-07,0.0,0.0,0.0,0.0,-0.9454587903576881,0.6515719324129671,-0.18528847879015686,-0.007697057815209117,0.0,0.0,0.0,0.2376119446233884,3.2862441342991193,-0.002133814255905638,0.0012986497698356638,0.0,0.0,0.0,1.8372354430663824,1.5981696384225472,0.19361756533812313,0.06191514528883194,nan,nan,nan,nan,nan,nan,nan,0.0,0.0,0.0,-0.08823862967489209,1.0478699846404549,0.08512414073223748,-0.1471579216713787,nan,nan,nan,nan,nan,nan,nan,nan,nan,nan,nan,nan,nan,nan,0.0,0.0,0.0,-0.9940803440726028,-0.8844502550936477,0.0002907507677512315,4.743278097842268e-05,nan,nan,nan,nan,nan,nan,nan,nan,nan,nan,nan,nan,nan,nan,nan,nan,nan,nan,nan,nan,nan,nan,nan,nan,nan,nan,nan,nan,nan,nan,nan,nan,nan,nan,nan,nan,nan,nan,nan,nan,nan,nan,nan,nan,nan,nan,nan,nan,nan,0.03635282738919737
1791062733.9942796,-2.2831595700885923,2.5779048644755855,2.485145307999425,1.3482991475350646e-08,1.2553390943925385e-07,0.0,0.0,0.0,0.0,-0.9636363292170029,0.6510031750030666,-0.1804680074838331,-0.004963363679408231,0.0,0.0,0.0,0.23777288097220373,3.286355646279982,0.0015247290061307333,0.0027248890015303005,0.0,0.0,0.0,1.851530562573156,1.604756141848338,0.1415648095656291,0.05766015965058029,nan,nan,nan,nan,nan,nan,nan,0.0,0.0,0.0,-0.07948925228862243,1.0336184275211646,0.08435987324104999,-0.1373856396461535,nan,nan,nan,nan,nan,nan,nan,nan,nan,nan,nan,nan,nan,nan,0.0,0.0,0.0,-0.9940879696750113,-0.8844544449119565,0.0005703264021824121,-0.0004234007312924425,nan,nan,nan,nan,nan,nan,nan,nan,nan,nan,nan,nan,nan,nan,nan,nan,nan,nan,nan,nan,nan,nan,nan,nan,nan,nan,nan,nan,nan,nan,nan,nan,nan,nan,nan,nan,nan,nan,nan,nan,nan,nan,nan,nan,nan,nan,nan,nan,nan,0.007670290598510546
1791062734.0937328,-2.2766101038532556,2.574395953370901,2.4886303731744457,1.220139822436792e-08,1.1360158630451416e-07,0.0,0.0,0.0,0.0,-0.9816110859548801,0.6504729984578675,-0.17153441744861497,-0.004509632668021055,0.0,0.0,0.0,0.23776534452140424,3.2863092105375715,-0.0015193632405945982,0.0017642597831584368,0.0,0.0,0.0,1.8644095998726786,1.6116159593717774,0.1252958180360852,0.06060659455430799,nan,nan,nan,nan,nan,nan,nan,0.0,0.0,0.0,-0.07088450500203136,1.019719591296869,0.09156105000712701,-0.13997028660321606,nan,nan,nan,nan,nan,nan,nan,nan,nan,nan,nan,nan,nan,nan,0.0,0.0,0.0,-0.9937395285058744,-0.8843049667789347,-0.0004032824149623305,-0.00021419721681712963,nan,nan,nan,nan,nan,nan,nan,nan,nan,nan,nan,nan,nan,nan,nan,nan,nan,nan,nan,nan,nan,nan,nan,nan,nan,nan,nan,nan,nan,nan,nan,nan,nan,nan,nan,nan,nan,nan,nan,nan,nan,nan,nan,nan,nan,nan,nan,nan,nan,0.009662316622529005
1791062734.1937544,-2.2762717959136913,2.574282161397472,2.488257158399808,1.1040336650229823e-08,1.0279147797152949e-07,0.0,0.0,0.0,0.0,-0.9996180699362721,0.649975323499887,-0.18790210374355482,-0.0058190940850128756,0.0,0.0,0.0,0.2380192267562362,3.2863249007579087,0.0660462161259086,-0.017095013843737468,0.0,0.0,0.0,1.8779953834055114,1.6182365298074262,0.14256510296291536,0.06972127632298153,nan,nan,nan,nan,nan,nan,nan,0.0,0.0,0.0,-0.06215425962556081,1.005480355517729,0.08517860300266726,-0.1481952182137734,nan,nan,nan,nan,nan,nan,nan,nan,nan,nan,nan,nan,nan,nan,0.0,0.0,0.0,-0.9937423898767626,-0.884326221241537,0.001039285496220405,-0.00017810273183887764,nan,nan,nan,nan,nan,nan,nan,nan,nan,nan,nan,nan,nan,nan,nan,nan,nan,nan,nan,nan,nan,nan,nan,nan,nan,nan,nan,nan,nan,nan,nan,nan,nan,nan,nan,nan,nan,nan,nan,nan,nan,nan,nan,nan,nan,nan,nan,nan,nan,0.008974056552476335
1791062734.2936904,-2.2764914551278337,2.5744284922657914,2.488796279105112,9.989709712124834e-09,9.300957555442644e-08,0.0,0.0,0.0,0.0,-1.0175380767686368,0.6493837099662295,-0.1708477842596703,-0.004375066275305605,0.0,0.0,0.0,0.23731666798177725,3.2866581117259415,0.0029418301801957024,0.0010704895258804108,0.0,0.0,0.0,1.8918276461894337,1.6249897269527547,0.13678673382695386,0.0695002735064993,nan,nan,nan,nan,nan,nan,nan,0.0,0.0,0.0,-0.053287862169942406,0.99135038284642,0.08431852626825379,-0.1347577046858922,nan,nan,nan,nan,nan,nan,nan,nan,nan,nan,nan,nan,nan,nan,0.0,0.0,0.0,-0.994081128000831,-0.8844766482132781,-0.0002954088692640691,3.983240691709726e-05,nan,nan,nan,nan,nan,nan,nan,nan,nan,nan,nan,nan,nan,nan,nan,nan,nan,nan,nan,nan,nan,nan,nan,nan,nan,nan,nan,nan,nan,nan,nan,nan,nan,nan,nan,nan,nan,nan,nan,nan,nan,nan,nan,nan,nan,nan,nan,nan,nan,0.0058723235565244945
1791062734.3951807,-2.2762191157448393,2.5742488526234992,2.487685858118516,9.039063145818462e-09,8.415854422494632e-08,0.0,0.0,0.0,0.0,-1.0353037015835513,0.6488077217464391,-0.17859892667829633,-0.003478565727468238,0.0,0.0,0.0,0.23765133629015553,3.286209241137204,-0.00839486251149342,-0.008486797139435091,0.0,0.0,0.0,1.9062349688611162,1.630508987409666,0.14628394171283138,-0.0002505638531482557,nan,nan,nan,nan,nan,nan,nan,0.0,0.0,0.0,-0.04461885681995493,0.9776495163528016,0.08600304240767126,-0.13766195137612333,nan,nan,nan,nan,nan,nan,nan,nan,nan,nan,nan,nan,nan,nan,0.0,0.0,0.0,-0.9940788849290353,-0.8844797538835069,-5.694871270801782e-05,0.0001856450783681914,nan,nan,nan,nan,nan,nan,nan,nan,nan,nan,nan,nan,nan,nan,nan,nan,nan,nan,nan,nan,nan,nan,nan,nan,nan,nan,nan,nan,nan,nan,nan,nan,nan,nan,nan,nan,nan,nan,nan,nan,nan,nan,nan,nan,nan,nan,nan,nan,nan,0.021921161655797383
1791062734.4941504,-2.276552302142066,2.574348479801075,2.488333523845163,8.180116552944202e-09,7.616128901640005e-08,0.0,0.0,0.0,0.0,-1.0534043315731778,0.6483307470072411,-0.18203015286079866,-0.00685354515209356,0.0,0.0,0.0,0.2377549512373266,3.286337323495071,0.0005939666767004292,0.0006894985364175794,0.0,0.0,0.0,1.919987933545101,1.637627785604568,0.11056347842386419,0.07215125985363903,nan,nan,nan,nan,nan,nan,nan,0.0,0.0,0.0,-0.03550448126580229,0.9631043377770381,0.09416625995332754,-0.15150202443016197,nan,nan,nan,nan,nan,nan,nan,nan,nan,nan,nan,nan,nan,nan,0.0,0.0,0.0,-0.9940786532798174,-0.8844931159552301,0.000496008542471973,1.5600216052523067e-05,nan,nan,nan,nan,nan,nan,nan,nan,nan,nan,nan,nan,nan,nan,nan,nan,nan,nan,nan,nan,nan,nan,nan,nan,nan,nan,nan,nan,nan,nan,nan,nan,nan,nan,nan,nan,nan,nan,nan,nan,nan,nan,nan,nan,nan,nan,nan,nan,nan,0.04226218383651227
1791062734.5936913,-2.2775360446167054,2.574883975811023,2.4886939010536646,7.40335269404021e-09,6.89291993056259e-08,0.0,0.0,0.0,0.0,-1.0712292798135938,0.6478867048217103,-0.18108544333826748,-0.005322528696630833,0.0,0.0,0.0,0.23714097991028416,3.286553984223195,-0.010597413878893297,0.0057626446340313725,0.0,0.0,0.0,1.933924022166306,1.6438668696566172,0.1383761641327526,0.06328253362617958,nan,nan,nan,nan,nan,nan,nan,0.0,0.0,0.0,-0.026294252476509176,0.9484593295398018,0.08822715701027994,-0.1381451807104376,nan,nan,nan,nan,nan,nan,nan,nan,nan,nan,nan,nan,nan,nan,0.0,0.0,0.0,-0.9940869458631406,-0.8844926343078447,-7.933263017796041e-05,0.00018267049637865908,nan,nan,nan,nan,nan,nan,nan,nan,nan,nan,nan,nan,nan,nan,nan,nan,nan,nan,nan,nan,nan,nan,nan,nan,nan,nan,nan,nan,nan,nan,nan,nan,nan,nan,nan,nan,nan,nan,nan,nan,nan,nan,nan,nan,nan,nan,nan,nan,nan,0.09938208318209628
1791062734.6940897,-2.276370566358592,2.5742986180458645,2.4888118418115663,6.698830538686472e-09,6.236971874748633e-08,0.0,0.0,0.0,0.0,-1.0889265481202115,0.647368764498282,-0.17326321329347105,-0.004590230478878512,0.0,0.0,0.0,0.2371436442878958,3.286538986294539,-0.0024769040579788134,0.001833254774880879,0.0,0.0,0.0,1.9469403546820114,1.6497814196028167,0.11046909681172459,0.05518884421331691,nan,nan,nan,nan,nan,nan,nan,0.0,0.0,0.0,-0.017226131701500124,0.9339988352921059,0.09482072201980384,-0.1484280441248672,nan,nan,nan,nan,nan,nan,nan,nan,nan,nan,nan,nan,nan,nan,0.0,0.0,0.0,-0.9940780152378373,-0.8844845741721338,0.000499529452955945,-0.00034444733585179955,nan,nan,nan,nan,nan,nan,nan,nan,nan,nan,nan,nan,nan,nan,nan,nan,nan,nan,nan,nan,nan,nan,nan,nan,nan,nan,nan,nan,nan,nan,nan,nan,nan,nan,nan,nan,nan,nan,nan,nan,nan,nan,nan,nan,nan,nan,nan,nan,nan,0.00601796485644979
1791062734.7938201,-2.283213284803492,2.577937547141976,2.4910490191879253,6.0630292899480934e-09,5.645006682703502e-08,0.0,0.0,0.0,0.0,-1.1065519159317956,0.6467738684975393,-0.16866710129777643,-0.002940672575275758,0.0,0.0,0.0,0.23729810912979177,3.2866421277231557,0.0005150668619009401,0.001153498559267181,0.0,0.0,0.0,1.9615427084167676,1.6568376277802082,0.1314299298932173,0.06670897174867084,nan,nan,nan,nan,nan,nan,nan,0.0,0.0,0.0,-0.008227921904828796,0.919241555521012,0.087357713324698,-0.15483734819750503,nan,nan,nan,nan,nan,nan,nan,nan,nan,nan,nan,nan,nan,nan,0.0,0.0,0.0,-0.9940881369234805,-0.8844791670981708,-0.00032820479273892666,-0.00016522802941003795,nan,nan,nan,nan,nan,nan,nan,nan,nan,nan,nan,nan,nan,nan,nan,nan,nan,nan,nan,nan,nan,nan,nan,nan,nan,nan,nan,nan,nan,nan,nan,nan,nan,nan,nan,nan,nan,nan,nan,nan,nan,nan,nan,nan,nan,nan,nan,nan,nan,0.006373475240171831
1791062734.8939023,-2.2828557567273178,2.5779610317171575,2.487855954588892,5.486055769996016e-09,5.107813273251851e-08,0.0,0.0,0.0,0.0,-1.1242661068674327,0.6460079940860677,-0.18697854728312618,-0.009385531085205137,0.0,0.0,0.0,0.23726254216820855,3.286652420939171,0.0017195957061816,0.0020417980254645576,0.0,0.0,0.0,1.976359242038072,1.6634225168316208,0.1739786416263654,0.06136493866508002,nan,nan,nan,nan,nan,nan,nan,0.0,0.0,0.0,0.0002656912391312167,0.9055413996717563,0.09744083422680881,-0.1470094349382647,nan,nan,nan,nan,nan,nan,nan,nan,nan,nan,nan,nan,nan,nan,0.0,0.0,0.0,-0.9940651487549267,-0.8844736850049459,1.0392825960924403e-05,0.00010277171955757559,nan,nan,nan,nan,nan,nan,nan,nan,nan,nan,nan,nan,nan,nan,nan,nan,nan,nan,nan,nan,nan,nan,nan,nan,nan,nan,nan,nan,nan,nan,nan,nan,nan,nan,nan,nan,nan,nan,nan,nan,nan,nan,nan,nan,nan,nan,nan,nan,nan,0.027447210140131677
1791062734.9937484,-2.2831226489806378,2.577942367944697,2.485040693974429,4.9645206978486045e-09,4.6222360433319217e-08,0.0,0.0,0.0,0.0,-1.141797646974031,0.645181223312735,-0.17034901352690895,-0.006936228879961078,0.0,0.0,0.0,0.23764416966338636,3.286195458925216,-0.005610467512933107,-0.0092096762723682,0.0,0.0,0.0,1.991362249095177,1.6705790231989108,0.14369499069868594,0.09875357602404486,nan,nan,nan,nan,nan,nan,nan,0.0,0.0,0.0,0.010373465384855372,0.8890281415487135,0.09153246594638877,-0.15901525780945738,nan,nan,nan,nan,nan,nan,nan,nan,nan,nan,nan,nan,nan,nan,0.0,0.0,0.0,-0.99409243329401,-0.8844700008369221,-0.000875505169880734,-5.724784358007045e-05,nan,nan,nan,nan,nan,nan,nan,nan,nan,nan,nan,nan,nan,nan,nan,nan,nan,nan,nan,nan,nan,nan,nan,nan,nan,nan,nan,nan,nan,nan,nan,nan,nan,nan,nan,nan,nan,nan,nan,nan,nan,nan,nan,nan,nan,nan,nan,nan,nan,0.0007268263885557954
1791062735.0941484,-2.2831496575162347,2.5779659118417415,2.4852582772550242,4.4920840915037294e-09,4.182372128375737e-08,0.0,0.0,0.0,0.0,-1.1604432291998121,0.6439239643179178,-0.17677064098247988,-0.007165224501508237,0.0,0.0,0.0,0.23726969056525143,3.286674574720917,0.00894526151007558,0.010929221441576988,0.0,0.0,0.0,2.0075334735979893,1.6779919862866117,0.18013910826549157,0.07100689069406514,nan,nan,nan,nan,nan,nan,nan,0.0,0.0,0.0,0.018688581040374064,0.8754486096370132,0.08978161383593158,-0.14998972803337043,nan,nan,nan,nan,nan,nan,nan,nan,nan,nan,nan,nan,nan,nan,0.0,0.0,0.0,-0.9940873688191594,-0.8844736200376065,0.0005749442166582789,-0.0003911337118120674,nan,nan,nan,nan,nan,nan,nan,nan,nan,nan,nan,nan,nan,nan,nan,nan,nan,nan,nan,nan,nan,nan,nan,nan,nan,nan,nan,nan,nan,nan,nan,nan,nan,nan,nan,nan,nan,nan,nan,nan,nan,nan,nan,nan,nan,nan,nan,nan,nan,0.016654500311485996
1791062735.1941109,-2.2825832575551823,2.5777391618791934,2.4849692462230086,4.0646057722924716e-09,3.7843667991487906e-08,0.0,0.0,0.0,0.0,-1.1774903787547368,0.6422765759634139,-0.21373821898324802,-0.016383067826700612,0.0,0.0,0.0,0.23726365035504446,3.286668148114201,-0.002312529595136316,-0.00013953353183134947,0.0,0.0,0.0,2.0231556800695043,1.6851782976938618,0.14035266704414845,0.07902028749008716,nan,nan,nan,nan,nan,nan,nan,0.0,0.0,0.0,0.029658150066946002,0.857763855862754,0.1085564803332141,-0.18237047855083888,nan,nan,nan,nan,nan,nan,nan,nan,nan,nan,nan,nan,nan,nan,0.0,0.0,0.0,-0.99373137625178,-0.8843020992039379,0.00014501400412945676,0.0004693965254817645,nan,nan,nan,nan,nan,nan,nan,nan,nan,nan,nan,nan,nan,nan,nan,nan,nan,nan,nan,nan,nan,nan,nan,nan,nan,nan,nan,nan,nan,nan,nan,nan,nan,nan,nan,nan,nan,nan,nan,nan,nan,nan,nan,nan,nan,nan,nan,nan,nan,0.04526701527811691
1791062735.2940714,-2.283151717416746,2.577941280975215,2.4852311316769757,3.6778073935438844e-09,3.424236684568172e-08,0.0,0.0,0.0,0.0,-1.1970006796354289,0.6422085557356801,-0.17488284809742427,0.0016080613310258448,0.0,0.0,0.0,0.2371562783426663,3.286558988140145,-0.0010007770820379864,-0.0013486713764349844,0.0,0.0,0.0,2.0393655767288448,1.692794862905589,0.18219288090188113,0.0781851003470887,nan,nan,nan,nan,nan,nan,nan,0.0,0.0,0.0,0.0392063053929404,0.8419610987337646,0.09205145491553288,-0.15375934046152356,nan,nan,nan,nan,nan,nan,nan,nan,nan,nan,nan,nan,nan,nan,0.0,0.0,0.0,-0.9937175044191672,-0.8843001167929072,0.0006715538381829883,0.0001599767062342055,nan,nan,nan,nan,nan,nan,nan,nan,nan,nan,nan,nan,nan,nan,nan,nan,nan,nan,nan,nan,nan,nan,nan,nan,nan,nan,nan,nan,nan,nan,nan,nan,nan,nan,nan,nan,nan,nan,nan,nan,nan,nan,nan,nan,nan,nan,nan,nan,nan,0.01715270012322546
1791062735.3937597,-2.283154693902546,2.577978246616432,2.485164991147413,3.328841088520155e-09,3.099330267381102e-08,0.0,0.0,0.0,0.0,-1.2178097653839797,0.6411552118643877,-0.20496584679176544,-0.01172458819014574,0.0,0.0,0.0,0.23724184548783656,3.2866800025839544,-0.004279298611655231,-0.000388594070319286,0.0,0.0,0.0,2.055107207486593,1.699912946056958,0.1285346409362025,0.04877024604962088,nan,nan,nan,nan,nan,nan,nan,0.0,0.0,0.0,0.0486745105066052,0.8265803487755049,0.09765945193231601,-0.1530474006106965,nan,nan,nan,nan,nan,nan,nan,nan,nan,nan,nan,nan,nan,nan,0.0,0.0,0.0,-0.993742916732921,-0.884319087424131,-0.0004513306397870983,-0.000274026012779077,nan,nan,nan,nan,nan,nan,nan,nan,nan,nan,nan,nan,nan,nan,nan,nan,nan,nan,nan,nan,nan,nan,nan,nan,nan,nan,nan,nan,nan,nan,nan,nan,nan,nan,nan,nan,nan,nan,nan,nan,nan,nan,nan,nan,nan,nan,nan,nan,nan,0.014994997884007719
1791062735.4937615,-2.282901557067152,2.578020135049485,2.487891363976056,3.0120811002247976e-09,2.8044096649514072e-08,0.0,0.0,0.0,0.0,-1.2380267938252518,0.6397584850018257,-0.19369221134171732,0.0026856621151915942,0.0,0.0,0.0,0.23731957503491752,3.2867017771670914,0.010635958283936247,0.008703538983091523,0.0,0.0,0.0,2.0713755892983285,1.7077821568404874,0.14854254326353733,0.10488077285392929,nan,nan,nan,nan,nan,nan,nan,0.0,0.0,0.0,0.0580005716356328,0.8115829340886654,0.09212740740622821,-0.15316449274823513,nan,nan,nan,nan,nan,nan,nan,nan,nan,nan,nan,nan,nan,nan,0.0,0.0,0.0,-0.9937390678441482,-0.8843234232521933,-4.944755624442299e-05,-0.0006936248939103396,nan,nan,nan,nan,nan,nan,nan,nan,nan,nan,nan,nan,nan,nan,nan,nan,nan,nan,nan,nan,nan,nan,nan,nan,nan,nan,nan,nan,nan,nan,nan,nan,nan,nan,nan,nan,nan,nan,nan,nan,nan,nan,nan,nan,nan,nan,nan,nan,nan,0.01297610097699176
1791062735.5937257,-2.283282095380572,2.578031560198972,2.491273371627646,2.7254571257281685e-09,2.5375473137932188e-08,0.0,0.0,0.0,0.0,-1.2586986982762094,0.6393835332145168,-0.19505832318451255,-0.00521333961249993,0.0,0.0,0.0,0.23728086558848976,3.286708163576028,0.007621313353741936,0.009884903848186532,0.0,0.0,0.0,2.0860705217955307,1.7142701557326112,0.12707365296715561,0.03587147896891482,nan,nan,nan,nan,nan,nan,nan,0.0,0.0,0.0,0.06740750203749236,0.7964578751945961,0.09737425397175038,-0.1501799352137328,nan,nan,nan,nan,nan,nan,nan,nan,nan,nan,nan,nan,nan,nan,0.0,0.0,0.0,-0.993731975388323,-0.8843256053202615,0.0004688110719513615,-0.0008046238296926927,nan,nan,nan,nan,nan,nan,nan,nan,nan,nan,nan,nan,nan,nan,nan,nan,nan,nan,nan,nan,nan,nan,nan,nan,nan,nan,nan,nan,nan,nan,nan,nan,nan,nan,nan,nan,nan,nan,nan,nan,nan,nan,nan,nan,nan,nan,nan,nan,nan,0.02070186823178761
1791062735.6937625,-2.2828758179311235,2.5779852880195326,2.487838987330145,2.466095589422063e-09,2.2960677603113408e-08,0.0,0.0,0.0,0.0,-1.2804938141624562,0.6378096432053434,-0.24486711139057457,-0.031429331371856564,0.0,0.0,0.0,0.23711590312875822,3.286515696626814,-0.011631816988306384,-0.010511352708880923,0.0,0.0,0.0,2.1019368453324514,1.7215506454625207,0.15636155475145042,0.09329697143691663,nan,nan,nan,nan,nan,nan,nan,0.0,0.0,0.0,0.07700161607837175,0.7810804226547298,0.097830365387271,-0.1631712093036592,nan,nan,nan,nan,nan,nan,nan,nan,nan,nan,nan,nan,nan,nan,0.0,0.0,0.0,-0.9940766445238143,-0.8844853862438917,0.00048580272326895945,-9.972552407164932e-06,nan,nan,nan,nan,nan,nan,nan,nan,nan,nan,nan,nan,nan,nan,nan,nan,nan,nan,nan,nan,nan,nan,nan,nan,nan,nan,nan,nan,nan,nan,nan,nan,nan,nan,nan,nan,nan,nan,nan,nan,nan,nan,nan,nan,nan,nan,nan,nan,nan,0.012608452789464151
1791062735.7937672,-2.2831651538726496,2.5779890481141097,2.4850907803462094,2.2314408552638173e-09,2.0775915697629275e-08,0.0,0.0,0.0,0.0,-1.303547107198021,0.636933382084493,-0.21541824880186627,-0.00798127262648764,0.0,0.0,0.0,0.2375937363757037,3.2861703739017445,0.03388027831466589,-0.027327215374894385,0.0,0.0,0.0,2.115903539222402,1.7276838266390009,0.13929994296057507,0.06831923820418852,nan,nan,nan,nan,nan,nan,nan,0.0,0.0,0.0,0.08652220957022032,0.7657631489417377,0.09493344610354383,-0.14871833894950787,nan,nan,nan,nan,nan,nan,nan,nan,nan,nan,nan,nan,nan,nan,0.0,0.0,0.0,-0.9940613111995384,-0.8844735100461729,0.0007481115962203618,-9.266701845849931e-05,nan,nan,nan,nan,nan,nan,nan,nan,nan,nan,nan,nan,nan,nan,nan,nan,nan,nan,nan,nan,nan,nan,nan,nan,nan,nan,nan,nan,nan,nan,nan,nan,nan,nan,nan,nan,nan,nan,nan,nan,nan,nan,nan,nan,nan,nan,nan,nan,nan,0.004936945187859927
1791062735.8937757,-2.2835086251987233,2.578036222571581,2.4886103612084165,2.0190911826404376e-09,1.8798825923353847e-08,0.0,0.0,0.0,0.0,-1.3257902258083325,0.6362738267416473,-0.21951741371338632,0.007487849925188641,0.0,0.0,0.0,0.2373328980885316,3.286674415557513,-0.004298193744356131,0.005586530960961473,0.0,0.0,0.0,2.130237451490977,1.7341522039054298,0.1495331870365471,0.06982496901759397,nan,nan,nan,nan,nan,nan,nan,0.0,0.0,0.0,0.09611699447448577,0.7507138502952815,0.09858449210152673,-0.15377050474702758,nan,nan,nan,nan,nan,nan,nan,nan,nan,nan,nan,nan,nan,nan,0.0,0.0,0.0,-0.9940802373474433,-0.8844743536197621,-8.9866618450535e-05,0.0003076298984746991,nan,nan,nan,nan,nan,nan,nan,nan,nan,nan,nan,nan,nan,nan,nan,nan,nan,nan,nan,nan,nan,nan,nan,nan,nan,nan,nan,nan,nan,nan,nan,nan,nan,nan,nan,nan,nan,nan,nan,nan,nan,nan,nan,nan,nan,nan,nan,nan,nan,0.02947611492189935
1791062735.9937801,-2.2832417720488944,2.578015904989054,2.4910870063182577,1.8269492530799704e-09,1.7009881116185236e-08,0.0,0.0,0.0,0.0,-1.3461089568404547,0.6348943172760951,-0.18304625428104204,-0.010279591059935289,0.0,0.0,0.0,0.23729311444646847,3.286648601896012,-0.0019879582202833286,0.0011270808024790057,0.0,0.0,0.0,2.1448887335466758,1.7407246933631515,0.14942860829692534,0.05850190274799492,nan,nan,nan,nan,nan,nan,nan,0.0,0.0,0.0,0.10553534493541203,0.7353078696942883,0.09109254936207233,-0.1525249346611509,nan,nan,nan,nan,nan,nan,nan,nan,nan,nan,nan,nan,nan,nan,0.0,0.0,0.0,-0.9940578603361638,-0.8844871967365462,0.0020759843835303155,-0.0011390233142508424,nan,nan,nan,nan,nan,nan,nan,nan,nan,nan,nan,nan,nan,nan,nan,nan,nan,nan,nan,nan,nan,nan,nan,nan,nan,nan,nan,nan,nan,nan,nan,nan,nan,nan,nan,nan,nan,nan,nan,nan,nan,nan,nan,nan,nan,nan,nan,nan,nan,0.007477638989048971
1791062736.0937243,-2.2767003561345494,2.574462082402219,2.488949422799644,1.6531173645363102e-09,1.539141264841319e-08,0.0,0.0,0.0,0.0,-1.3655640243076979,0.6332302114329145,-0.20479153722124524,-0.008611765765433797,0.0,0.0,0.0,0.23779934127790017,3.2863072566731875,0.00366288853969767,-0.0047233446465081005,0.0,0.0,0.0,2.1588432943299005,1.746929412090158,0.17352799546604003,0.07943809105313239,nan,nan,nan,nan,nan,nan,nan,0.0,0.0,0.0,0.11504031008545243,0.7202313220713231,0.09746813035352515,-0.1492445136370458,nan,nan,nan,nan,nan,nan,nan,nan,nan,nan,nan,nan,nan,nan,0.0,0.0,0.0,-0.9940718499583183,-0.8844915828517735,-0.00015989843911547307,-0.0009615388120195056,nan,nan,nan,nan,nan,nan,nan,nan,nan,nan,nan,nan,nan,nan,nan,nan,nan,nan,nan,nan,nan,nan,nan,nan,nan,nan,nan,nan,nan,nan,nan,nan,nan,nan,nan,nan,nan,nan,nan,nan,nan,nan,nan,nan,nan,nan,nan,nan,nan,0.010783940401914585
1791062736.1937752,-2.2763873575338764,2.5742918914335315,2.488118263267475,1.4958024483290388e-09,1.3926726085293205e-08,0.0,0.0,0.0,0.0,-1.3856620079043962,0.632139143296305,-0.20676859097546352,0.012657976492634662,0.0,0.0,0.0,0.2377827733239177,3.286347854629294,0.012154911336968827,0.008710999010491143,0.0,0.0,0.0,2.17306915212706,1.7534822767550788,0.14731218013638092,0.0778588018850944,nan,nan,nan,nan,nan,nan,nan,0.0,0.0,0.0,0.12425901930270401,0.7050255580513831,0.08717428574956797,-0.15755313538011462,nan,nan,nan,nan,nan,nan,nan,nan,nan,nan,nan,nan,nan,nan,0.0,0.0,0.0,-0.9940834242827783,-0.8844834990592282,-0.00047221219284413916,0.00036200048859653776,nan,nan,nan,nan,nan,nan,nan,nan,nan,nan,nan,nan,nan,nan,nan,nan,nan,nan,nan,nan,nan,nan,nan,nan,nan,nan,nan,nan,nan,nan,nan,nan,nan,nan,nan,nan,nan,nan,nan,nan,nan,nan,nan,nan,nan,nan,nan,nan,nan,0.00529912618350182
1791062736.293803,-2.2764765597008596,2.574340523680123,2.4883719080889457,1.3534580256827267e-09,1.2601422876852193e-08,0.0,0.0,0.0,0.0,-1.4037122024263404,0.6304845336401118,-0.16325301032363732,-0.03574772276103982,0.0,0.0,0.0,0.23769716006364222,3.286313865411875,0.002778806866994258,0.005043717352874901,0.0,0.0,0.0,2.1892187335303936,1.7602239176278733,0.14423158625717528,0.064489904652928,nan,nan,nan,nan,nan,nan,nan,0.0,0.0,0.0,0.13378494219532705,0.6898345676540677,0.09223094118171915,-0.14757951788924345,nan,nan,nan,nan,nan,nan,nan,nan,nan,nan,nan,nan,nan,nan,0.0,0.0,0.0,-0.9940782030744518,-0.8844920585154754,0.0002584269850506734,6.592715267491989e-05,nan,nan,nan,nan,nan,nan,nan,nan,nan,nan,nan,nan,nan,nan,nan,nan,nan,nan,nan,nan,nan,nan,nan,nan,nan,nan,nan,nan,nan,nan,nan,nan,nan,nan,nan,nan,nan,nan,nan,nan,nan,nan,nan,nan,nan,nan,nan,nan,nan,0.018826656448057515
1791062736.393737,-2.276594715523351,2.5743998807190294,2.4881918291281027,1.22466929983968e-09,1.1402330503595504e-08,0.0,0.0,0.0,0.0,-1.4235258900586159,0.6297344541599317,-0.21412343253581417,-0.005119836389872467,0.0,0.0,0.0,0.23731708449084335,3.286674074087772,0.009369871930731775,0.008899377044519794,0.0,0.0,0.0,2.206822348735727,1.767738954224733,0.16571919222302384,0.044422029794754424,nan,nan,nan,nan,nan,nan,nan,0.0,0.0,0.0,0.14300227709277805,0.6751358758971201,0.09188437340720647,-0.1481992892102012,nan,nan,nan,nan,nan,nan,nan,nan,nan,nan,nan,nan,nan,nan,0.0,0.0,0.0,-0.9940834794177856,-0.8844951224765851,0.00027310375094760793,0.00042280445037743753,nan,nan,nan,nan,nan,nan,nan,nan,nan,nan,nan,nan,nan,nan,nan,nan,nan,nan,nan,nan,nan,nan,nan,nan,nan,nan,nan,nan,nan,nan,nan,nan,nan,nan,nan,nan,nan,nan,nan,nan,nan,nan,nan,nan,nan,nan,nan,nan,nan,0.028323661264697052
1791062736.49379,-2.2759813590633993,2.574164331054626,2.4882416246725936,1.108126607579027e-09,1.0317255295856772e-08,0.0,0.0,0.0,0.0,-1.4424381800273611,0.6281546794941544,-0.1514767036117409,-0.04868948355191038,0.0,0.0,0.0,0.2373284589737414,3.286631109123664,0.0023221448698576585,-0.0011785258191606973,0.0,0.0,0.0,2.2304896014010436,1.7791677937377648,0.45188199545195396,0.2542212430439463,nan,nan,nan,nan,nan,nan,nan,0.0,0.0,0.0,0.15228213849634675,0.6598840794498629,0.09090358657265771,-0.14919399133839528,nan,nan,nan,nan,nan,nan,nan,nan,nan,nan,nan,nan,nan,nan,0.0,0.0,0.0,-0.9940769251787742,-0.8844886012475667,0.0005535062955537655,5.203270401619619e-05,nan,nan,nan,nan,nan,nan,nan,nan,nan,nan,nan,nan,nan,nan,nan,nan,nan,nan,nan,nan,nan,nan,nan,nan,nan,nan,nan,nan,nan,nan,nan,nan,nan,nan,nan,nan,nan,nan,nan,nan,nan,nan,nan,nan,nan,nan,nan,nan,nan,0.040914698197588056
1791062736.5938005,-2.2762571457082705,2.5742476659688625,2.4876827221143034,1.002707526629129e-09,9.335746898011427e-09,0.0,0.0,0.0,0.0,-1.4609848431328796,0.6265816140404726,-0.15244196198228713,-0.053796586634220545,0.0,0.0,0.0,0.2377858653101137,3.28636614727686,0.002350338830380395,0.002669155826225696,0.0,0.0,0.0,2.2508357856158034,1.7885914445352575,0.22853259579556762,0.09058953733660109,nan,nan,nan,nan,nan,nan,nan,0.0,0.0,0.0,0.16134171712537881,0.6451828842826296,0.09185506631750637,-0.14716744765160059,nan,nan,nan,nan,nan,nan,nan,nan,nan,nan,nan,nan,nan,nan,0.0,0.0,0.0,-0.994077603969425,-0.8845019941240895,0.0005705876347921108,-0.00046806429996644326,nan,nan,nan,nan,nan,nan,nan,nan,nan,nan,nan,nan,nan,nan,nan,nan,nan,nan,nan,nan,nan,nan,nan,nan,nan,nan,nan,nan,nan,nan,nan,nan,nan,nan,nan,nan,nan,nan,nan,nan,nan,nan,nan,nan,nan,nan,nan,nan,nan,0.014417599714661038
1791062736.6938255,-2.276371038011627,2.5742935674350442,2.488286445395911,9.072872897385033e-10,8.447333121410084e-09,0.0,0.0,0.0,0.0,-1.4797203446316791,0.6258331042138379,-0.15827994688000815,-0.020921722095705385,0.0,0.0,0.0,0.23775262826519653,3.2863386997932205,-0.0033441880990776286,0.0032847188041832858,0.0,0.0,0.0,2.272007992077497,1.7982507973156714,0.2330089846491439,0.085898987184481,nan,nan,nan,nan,nan,nan,nan,0.0,0.0,0.0,0.17028877401478384,0.6306227968020379,0.08566977637418649,-0.14752331918660191,nan,nan,nan,nan,nan,nan,nan,nan,nan,nan,nan,nan,nan,nan,0.0,0.0,0.0,-0.9940819604153708,-0.8844819773449428,-0.00036065527644210725,0.0016643321161870926,nan,nan,nan,nan,nan,nan,nan,nan,nan,nan,nan,nan,nan,nan,nan,nan,nan,nan,nan,nan,nan,nan,nan,nan,nan,nan,nan,nan,nan,nan,nan,nan,nan,nan,nan,nan,nan,nan,nan,nan,nan,nan,nan,nan,nan,nan,nan,nan,nan,0.00163667200642085
1791062736.7937658,-2.2759991546542535,2.5741178283617767,2.488987550906745,8.209594805914256e-10,7.643574742168315e-09,0.0,0.0,0.0,0.0,-1.4977112972264697,0.6245446043209292,-0.1518434641872911,-0.025453735368717208,0.0,0.0,0.0,0.2377850518651121,3.286311747943368,0.00484550925836973,0.00018273255573669756,0.0,0.0,0.0,2.292904082051843,1.8073238875861668,0.19764707728437625,0.09392753988896532,nan,nan,nan,nan,nan,nan,nan,0.0,0.0,0.0,0.17950833807534905,0.6158564861634354,0.08860460794741531,-0.139898125418225,nan,nan,nan,nan,nan,nan,nan,nan,nan,nan,nan,nan,nan,nan,0.0,0.0,0.0,-0.9940826671878322,-0.884498340599829,-0.0009681996353774784,-0.00016943310038998794,nan,nan,nan,nan,nan,nan,nan,nan,nan,nan,nan,nan,nan,nan,nan,nan,nan,nan,nan,nan,nan,nan,nan,nan,nan,nan,nan,nan,nan,nan,nan,nan,nan,nan,nan,nan,nan,nan,nan,nan,nan,nan,nan,nan,nan,nan,nan,nan,nan,0.007663921911543744
1791062736.8936882,-2.276263632390325,2.574262828656862,2.4889120323757044,7.428348569746198e-10,6.916192436541452e-09,0.0,0.0,0.0,0.0,-1.515955228584796,0.6238201554649059,-0.160063269609796,-0.020989015535488494,0.0,0.0,0.0,0.23774661524650162,3.28632650159504,0.0006415691543260827,0.0010900775011908016,0.0,0.0,0.0,2.3123790272996536,1.8156246702021122,0.1756604925692771,0.06592881560332825,nan,nan,nan,nan,nan,nan,nan,0.0,0.0,0.0,0.18824862861450264,0.6017354070391185,0.09199587660041149,-0.14539062778259104,nan,nan,nan,nan,nan,nan,nan,nan,nan,nan,nan,nan,nan,nan,0.0,0.0,0.0,-0.9940915499916342,-0.884482229425253,0.0004953807125828218,-9.322737814127099e-05,nan,nan,nan,nan,nan,nan,nan,nan,nan,nan,nan,nan,nan,nan,nan,nan,nan,nan,nan,nan,nan,nan,nan,nan,nan,nan,nan,nan,nan,nan,nan,nan,nan,nan,nan,nan,nan,nan,nan,nan,nan,nan,nan,nan,nan,nan,nan,nan,nan,0.03175139720930007
1791062736.9937465,-2.2722992490559033,2.5713194036204663,2.4866278450449006,6.721447742329259e-10,6.258029708976694e-09,0.0,0.0,0.0,0.0,-1.5323045537656594,0.6222461704670756,-0.09789147129047399,-0.06607492421292474,0.0,0.0,0.0,0.2377546975749977,3.2862870332880147,-0.003135322984122307,-0.0017945670643193168,0.0,0.0,0.0,2.3306039817778332,1.8238449633583098,0.19102579284820265,0.08456236216515356,nan,nan,nan,nan,nan,nan,nan,0.0,0.0,0.0,0.19709014784717444,0.5871063073334494,0.08945620993819654,-0.15316065808486923,nan,nan,nan,nan,nan,nan,nan,nan,nan,nan,nan,nan,nan,nan,0.0,0.0,0.0,-0.994086233994135,-0.8844864657804432,-0.0007790968567336784,-0.0007223255552609918,nan,nan,nan,nan,nan,nan,nan,nan,nan,nan,nan,nan,nan,nan,nan,nan,nan,nan,nan,nan,nan,nan,nan,nan,nan,nan,nan,nan,nan,nan,nan,nan,nan,nan,nan,nan,nan,nan,nan,nan,nan,nan,nan,nan,nan,nan,nan,nan,nan,0.08095544160566562
1791062737.0937386,-2.2763404728526466,2.5743500887634165,2.48881976384867,6.081873770898782e-10,5.662551908994109e-09,0.0,0.0,0.0,0.0,-1.5493092577211784,0.6210852030577777,-0.18598528658780317,-0.005727707757620404,0.0,0.0,0.0,0.2376519536596498,3.2861945613347516,-0.00670896422734716,-0.009258443151209064,0.0,0.0,0.0,2.3483009235590213,1.8313683532526637,0.1469765137237221,0.068354665775163,nan,nan,nan,nan,nan,nan,nan,0.0,0.0,0.0,0.20564902781257915,0.5725578704545498,0.08642888889835847,-0.14211348740663926,nan,nan,nan,nan,nan,nan,nan,nan,nan,nan,nan,nan,nan,nan,0.0,0.0,0.0,-0.9937238556652278,-0.8843277931779017,0.026545603603272946,0.012300910141127962,nan,nan,nan,nan,nan,nan,nan,nan,nan,nan,nan,nan,nan,nan,nan,nan,nan,nan,nan,nan,nan,nan,nan,nan,nan,nan,nan,nan,nan,nan,nan,nan,nan,nan,nan,nan,nan,nan,nan,nan,nan,nan,nan,nan,nan,nan,nan,nan,nan,0.023204127086223672
1791062737.1937559,-2.2768327203567775,2.574599219270397,2.4883987777161716,5.503106961489268e-10,5.123688850512718e-09,0.0,0.0,0.0,0.0,-1.5661411512798107,0.6205434785794149,-0.16286244685089046,0.0039051712843926937,0.0,0.0,0.0,0.23776276981584127,3.2862997498886406,-0.0007348284117356324,-0.0031919266943843654,0.0,0.0,0.0,2.3663213153516893,1.8392589502267036,0.19057835355201666,0.08250515451374155,nan,nan,nan,nan,nan,nan,nan,0.0,0.0,0.0,0.21460267037562372,0.5579829363097861,0.09226015185140649,-0.1488889667207543,nan,nan,nan,nan,nan,nan,nan,nan,nan,nan,nan,nan,nan,nan,0.0,0.0,0.0,-0.9937392691830635,-0.8843006349186588,0.0003883509452948869,0.000212353546068905,nan,nan,nan,nan,nan,nan,nan,nan,nan,nan,nan,nan,nan,nan,nan,nan,nan,nan,nan,nan,nan,nan,nan,nan,nan,nan,nan,nan,nan,nan,nan,nan,nan,nan,nan,nan,nan,nan,nan,nan,nan,nan,nan,nan,nan,nan,nan,nan,nan,0.04688067881865273
1791062737.294329,-2.276031115137948,2.574200271515056,2.487289068168354,4.979417095846144e-10,4.636105391841212e-09,0.0,0.0,0.0,0.0,-1.5797936379321114,0.6189187854418543,-0.11544022880292895,-0.020338004867056888,0.0,0.0,0.0,0.2377621133759471,3.286286790035206,0.008225387141904477,0.003736819071783246,0.0,0.0,0.0,2.381156344688338,1.8455250005278239,0.1696434964825355,0.06852338565084512,nan,nan,nan,nan,nan,nan,nan,0.0,0.0,0.0,0.22344074637775865,0.5430610804678332,0.08673873221692618,-0.14921071625111224,nan,nan,nan,nan,nan,nan,nan,nan,nan,nan,nan,nan,nan,nan,0.0,0.0,0.0,-0.9937309476882639,-0.8843032075055663,0.00027177060542519577,-0.0002932548195905642,nan,nan,nan,nan,nan,nan,nan,nan,nan,nan,nan,nan,nan,nan,nan,nan,nan,nan,nan,nan,nan,nan,nan,nan,nan,nan,nan,nan,nan,nan,nan,nan,nan,nan,nan,nan,nan,nan,nan,nan,nan,nan,nan,nan,nan,nan,nan,nan,nan,0.03106448493578932
1791062737.393677,-2.276705126268156,2.5744864404166377,2.48838013067142,4.5073429947542023e-10,4.196578988791612e-09,0.0,0.0,0.0,0.0,-1.594385595334358,0.6180231386882418,-0.15166112869294096,-0.02265793904860672,0.0,0.0,0.0,0.237799210759751,3.2863687380290028,0.0037213980744482426,0.006011667782653524,0.0,0.0,0.0,2.3996347422296602,1.8539085360894743,0.1779394638815078,0.10334250338984181,nan,nan,nan,nan,nan,nan,nan,0.0,0.0,0.0,0.2325747405952542,0.5281442413563703,0.08664720502337088,-0.14803144830235215,nan,nan,nan,nan,nan,nan,nan,nan,nan,nan,nan,nan,nan,nan,0.0,0.0,0.0,-0.9937373037712077,-0.8843066846747394,0.0008703178302903794,0.000137918730148459,nan,nan,nan,nan,nan,nan,nan,nan,nan,nan,nan,nan,nan,nan,nan,nan,nan,nan,nan,nan,nan,nan,nan,nan,nan,nan,nan,nan,nan,nan,nan,nan,nan,nan,nan,nan,nan,nan,nan,nan,nan,nan,nan,nan,nan,nan,nan,nan,nan,0.019236908206696175
1791062737.4940994,-1.5854155806507066,0.570642807395631,-3.042637777871329,4.078412598916228e-10,3.797221698050112e-09,0.0,0.0,0.0,0.0,-1.6071005376815446,0.6169560360159655,-0.1608357536528831,-0.011355544955288045,0.0,0.0,0.0,0.23714976892013065,3.28654961139079,-0.011326685631765653,-0.008489282122211188,0.0,0.0,0.0,2.4152349999168816,1.8605583869768545,0.1391300876208567,0.05119414992030291,nan,nan,nan,nan,nan,nan,nan,0.0,0.0,0.0,0.24138398380587178,0.5134376064887513,0.07934248712759644,-0.1489759140279626,nan,nan,nan,nan,nan,nan,nan,nan,nan,nan,nan,nan,nan,nan,0.0,0.0,0.0,-0.9937457348997455,-0.8842970862367611,-0.0007208847909034708,0.0004567890495636362,nan,nan,nan,nan,nan,nan,nan,nan,nan,nan,nan,nan,nan,nan,nan,nan,nan,nan,nan,nan,nan,nan,nan,nan,nan,nan,nan,nan,nan,nan,nan,nan,nan,nan,nan,nan,nan,nan,nan,nan,nan,nan,nan,nan,nan,nan,nan,nan,nan,156.03905680316916
1791062737.5937839,-2.2829128245740673,2.578008514056439,2.487654480519855,3.691481168336612e-10,3.4369677050517277e-09,0.0,0.0,0.0,0.0,-1.6213211078142507,0.6153347101172844,-0.1308008371776807,-0.03704292215962903,0.0,0.0,0.0,0.23713450029340094,3.2865185023082715,-0.010879149190607333,-0.009122528182800507,0.0,0.0,0.0,2.4327578062731647,1.868534880741348,0.22157923426506243,0.10150074186449143,nan,nan,nan,nan,nan,nan,nan,0.0,0.0,0.0,0.2502993221476103,0.4988579675157646,0.08785554328620801,-0.13978262516556322,nan,nan,nan,nan,nan,nan,nan,nan,nan,nan,nan,nan,nan,nan,0.0,0.0,0.0,-0.9937275879334021,-0.8843017477163024,-0.0002661862518192078,-0.00046955475215300547,nan,nan,nan,nan,nan,nan,nan,nan,nan,nan,nan,nan,nan,nan,nan,nan,nan,nan,nan,nan,nan,nan,nan,nan,nan,nan,nan,nan,nan,nan,nan,nan,nan,nan,nan,nan,nan,nan,nan,nan,nan,nan,nan,nan,nan,nan,nan,nan,nan,0.022661683208761035
1791062737.6937933,-2.2831474825997944,2.577954955067324,2.485165520623655,3.3402394514332765e-10,3.1099427569039755e-09,0.0,0.0,0.0,0.0,-1.634869426953948,0.6143261716669995,-0.15023380647388074,-0.02121840139861486,0.0,0.0,0.0,0.2373100228534589,3.286668472229196,9.457955305925661e-06,-0.0001114148339598299,0.0,0.0,0.0,2.4497931406141604,1.8759293386106182,0.18294932315572027,0.060363658840006384,nan,nan,nan,nan,nan,nan,nan,0.0,0.0,0.0,0.25923833304435884,0.48508880842011176,0.10947692211673711,-0.12863233366626448,nan,nan,nan,nan,nan,nan,nan,nan,nan,nan,nan,nan,nan,nan,0.0,0.0,0.0,-0.9937169928996297,-0.884304126906374,0.0002480363960338902,0.000154978876993543,nan,nan,nan,nan,nan,nan,nan,nan,nan,nan,nan,nan,nan,nan,nan,nan,nan,nan,nan,nan,nan,nan,nan,nan,nan,nan,nan,nan,nan,nan,nan,nan,nan,nan,nan,nan,nan,nan,nan,nan,nan,nan,nan,nan,nan,nan,nan,nan,nan,0.0030402922055756568
1791062737.7937336,-2.2833560734815506,2.578055576730354,2.4911614547722634,3.0223736418500353e-10,2.8139925753214425e-09,0.0,0.0,0.0,0.0,-1.6488720099748635,0.6136762050716887,-0.17185568577724103,-0.0066254327415527095,0.0,0.0,0.0,0.2376005625811012,3.286186943128055,-0.011531138629100513,-0.012170862785308698,0.0,0.0,0.0,2.4694513998376024,1.8850758094016724,0.17644431253569504,0.08878317449881276,nan,nan,nan,nan,nan,nan,nan,0.0,0.0,0.0,0.26775663799364646,0.4707548760149678,0.07726999268381365,-0.15452075188490988,nan,nan,nan,nan,nan,nan,nan,nan,nan,nan,nan,nan,nan,nan,0.0,0.0,0.0,-0.9937296657979129,-0.8842940811242063,0.000641798849271737,0.001300626794231026,nan,nan,nan,nan,nan,nan,nan,nan,nan,nan,nan,nan,nan,nan,nan,nan,nan,nan,nan,nan,nan,nan,nan,nan,nan,nan,nan,nan,nan,nan,nan,nan,nan,nan,nan,nan,nan,nan,nan,nan,nan,nan,nan,nan,nan,nan,nan,nan,nan,0.020045682522619075
1791062737.8938067,-2.2831939699286607,2.5780348640149717,2.4883934784762833,2.7347567633303003e-10,2.546205777063022e-09,0.0,0.0,0.0,0.0,-1.662589251240808,0.6126714327370959,-0.16238965904139224,0.004830300817731883,0.0,0.0,0.0,0.2378268985623899,3.286361405284361,0.004198018919313603,0.00038962563475469834,0.0,0.0,0.0,2.4897076469654005,1.893957598663976,0.1866958553402419,0.10035036540214164,nan,nan,nan,nan,nan,nan,nan,0.0,0.0,0.0,0.27638231100950095,0.456722406466329,0.0814178211834085,-0.13807896707973583,nan,nan,nan,nan,nan,nan,nan,nan,nan,nan,nan,nan,nan,nan,0.0,0.0,0.0,-0.9937391445369144,-0.884311845398463,-0.000514369727947377,-0.0004031032249550606,nan,nan,nan,nan,nan,nan,nan,nan,nan,nan,nan,nan,nan,nan,nan,nan,nan,nan,nan,nan,nan,nan,nan,nan,nan,nan,nan,nan,nan,nan,nan,nan,nan,nan,nan,nan,nan,nan,nan,nan,nan,nan,nan,nan,nan,nan,nan,nan,nan,0.016440510320781702
1791062737.9937005,-2.2831410921256077,2.5780218749625465,2.48817010055929,2.474524359203968e-10,2.303915398755824e-09,0.0,0.0,0.0,0.0,-1.6773737634550037,0.6116173760864961,-0.14827172788497367,-0.004944804312956213,0.0,0.0,0.0,0.2375924186182455,3.2861956518153885,-0.00349458649264762,-0.0024443096559028047,0.0,0.0,0.0,2.5116304330789654,1.9034655243379441,0.20728367735297823,0.1013213410628223,nan,nan,nan,nan,nan,nan,nan,0.0,0.0,0.0,0.2850432053408677,0.4431033404746794,0.08264153793380696,-0.14622929025587897,nan,nan,nan,nan,nan,nan,nan,nan,nan,nan,nan,nan,nan,nan,0.0,0.0,0.0,-0.993742221419074,-0.8843004892323936,-5.710249672575968e-05,0.0005973066345243974,nan,nan,nan,nan,nan,nan,nan,nan,nan,nan,nan,nan,nan,nan,nan,nan,nan,nan,nan,nan,nan,nan,nan,nan,nan,nan,nan,nan,nan,nan,nan,nan,nan,nan,nan,nan,nan,nan,nan,nan,nan,nan,nan,nan,nan,nan,nan,nan,nan,0.022115720480883966
1791062738.093741,-2.2835273996385053,2.5779853318046926,2.488703644309737,2.2390422327850642e-10,2.0846688614686318e-09,0.0,0.0,0.0,0.0,-1.693432121282224,0.6108296356809619,-0.16200103980180924,-0.0162983342620648,0.0,0.0,0.0,0.23776207619499032,3.2863022900662022,0.0021655272937926764,-0.0015830927720323071,0.0,0.0,0.0,2.523725961820734,1.9088064671564875,0.20091302111937837,0.08654650671335878,nan,nan,nan,nan,nan,nan,nan,0.0,0.0,0.0,0.29400045864947555,0.42912491585934726,0.09023655610555387,-0.14803245693157582,nan,nan,nan,nan,nan,nan,nan,nan,nan,nan,nan,nan,nan,nan,0.0,0.0,0.0,-0.9937371051020627,-0.8843066820474327,5.18554608003827e-07,-8.742782993291644e-06,nan,nan,nan,nan,nan,nan,nan,nan,nan,nan,nan,nan,nan,nan,nan,nan,nan,nan,nan,nan,nan,nan,nan,nan,nan,nan,nan,nan,nan,nan,nan,nan,nan,nan,nan,nan,nan,nan,nan,nan,nan,nan,nan,nan,nan,nan,nan,nan,nan,0.043895031487033026
1791062738.1938121,-2.2764858241869543,2.574410650221341,2.4885042519182403,2.0259691934525398e-10,1.886286390691166e-09,0.0,0.0,0.0,0.0,-1.7092403862107206,0.6094936857772774,-0.15139460549885753,-0.018681427947545265,0.0,0.0,0.0,0.23776992953784404,3.286294262446957,0.0025536686533532598,-0.0013452379651755055,0.0,0.0,0.0,2.523725961820734,1.9088064671564875,0.20091302111937837,0.08654650671335878,nan,nan,nan,nan,nan,nan,nan,0.0,0.0,0.0,0.302874805736358,0.41456048935151724,0.08664511565336523,-0.14407370858683705,nan,nan,nan,nan,nan,nan,nan,nan,nan,nan,nan,nan,nan,nan,0.0,0.0,0.0,-0.9937348309876093,-0.8842993988583375,-0.0005417548297634806,0.0005940803480418682,nan,nan,nan,nan,nan,nan,nan,nan,nan,nan,nan,nan,nan,nan,nan,nan,nan,nan,nan,nan,nan,nan,nan,nan,nan,nan,nan,nan,nan,nan,nan,nan,nan,nan,nan,nan,nan,nan,nan,nan,nan,nan,nan,nan,nan,nan,nan,nan,nan,0.004956067108711257
1791062738.295389,-2.276312521069691,2.574321433390815,2.48855364715479,1.8331727346264616e-10,1.706782507990296e-09,0.0,0.0,0.0,0.0,-1.7252516171496575,0.6077282342121071,-0.1574398357240719,-0.019595835157342777,0.0,0.0,0.0,0.23717574161791646,3.286564136893717,-0.01733073095760613,-0.004537914661773675,0.0,0.0,0.0,2.523725961820734,1.9088064671564875,0.20091302111937837,0.08654650671335878,nan,nan,nan,nan,nan,nan,nan,0.0,0.0,0.0,0.3116744855319285,0.4005161289785256,0.08504070705923672,-0.1376500173388675,nan,nan,nan,nan,nan,nan,nan,nan,nan,nan,nan,nan,nan,nan,0.0,0.0,0.0,-0.9937370658412994,-0.884312061433092,0.00019511318658319102,-0.00041238022216908077,nan,nan,nan,nan,nan,nan,nan,nan,nan,nan,nan,nan,nan,nan,nan,nan,nan,nan,nan,nan,nan,nan,nan,nan,nan,nan,nan,nan,nan,nan,nan,nan,nan,nan,nan,nan,nan,nan,nan,nan,nan,nan,nan,nan,nan,nan,nan,nan,nan,0.005572022873792612
1791062738.393777,-2.276492850624624,2.5744390775328942,2.4883614132630436,1.6609332442784544e-10,1.54641826966278e-09,0.0,0.0,0.0,0.0,-1.7411314708652008,0.606431030110927,-0.1514944805629507,-0.00866880881950016,0.0,0.0,0.0,0.23717071521124142,3.286516390975679,-0.010075993010858961,-0.009648559354810828,0.0,0.0,0.0,2.591301809296245,1.9382039765498227,0.21871747602571762,0.09648274066889481,nan,nan,nan,nan,nan,nan,nan,0.0,0.0,0.0,0.32047372274127905,0.3862009540235165,0.09100958594974609,-0.15061937644672635,nan,nan,nan,nan,nan,nan,nan,nan,nan,nan,nan,nan,nan,nan,0.0,0.0,0.0,-0.9937329005280433,-0.8843111228028369,-0.0006426413605206663,0.00038593677204549093,nan,nan,nan,nan,nan,nan,nan,nan,nan,nan,nan,nan,nan,nan,nan,nan,nan,nan,nan,nan,nan,nan,nan,nan,nan,nan,nan,nan,nan,nan,nan,nan,nan,nan,nan,nan,nan,nan,nan,nan,nan,nan,nan,nan,nan,nan,nan,nan,nan,0.007836509841096937
1791062738.494985,-2.2764841556984363,2.574469237461666,2.4887821971663633,1.5028745487769244e-10,1.3992571147851705e-09,0.0,0.0,0.0,0.0,-1.7570665578364528,0.6049060303929903,-0.1537867941849662,-0.013716481180839252,0.0,0.0,0.0,0.2372630992145252,3.286661614718045,0.008282664957417755,0.0093605532130672,0.0,0.0,0.0,2.6087532410394196,1.9462885335841322,0.14997072836498102,0.06853294059387521,nan,nan,nan,nan,nan,nan,nan,0.0,0.0,0.0,0.3294663112062766,0.3714019317800032,0.08747029048957318,-0.1434654272006658,nan,nan,nan,nan,nan,nan,nan,nan,nan,nan,nan,nan,nan,nan,0.0,0.0,0.0,-0.9937436548734767,-0.8843073005276555,-0.0007276690587467262,0.0001436645263840028,nan,nan,nan,nan,nan,nan,nan,nan,nan,nan,nan,nan,nan,nan,nan,nan,nan,nan,nan,nan,nan,nan,nan,nan,nan,nan,nan,nan,nan,nan,nan,nan,nan,nan,nan,nan,nan,nan,nan,nan,nan,nan,nan,nan,nan,nan,nan,nan,nan,0.013328135355418427
1791062738.5965042,-2.2763675666237373,2.5743831879516557,2.488934867147566,1.3598571265638722e-10,1.2661001951123282e-09,0.0,0.0,0.0,0.0,-1.773786090665152,0.6029974123448587,-0.16816302876487224,-0.024398475486363973,0.0,0.0,0.0,0.23728072250993318,3.2866382179867393,0.007329026442754432,0.007715513589824436,0.0,0.0,0.0,2.612910398300088,1.9478501186715638,0.1975347928599349,0.08358530275770404,nan,nan,nan,nan,nan,nan,nan,0.0,0.0,0.0,0.3384959163258248,0.3568625092427645,0.09159311620066377,-0.14593889915022812,nan,nan,nan,nan,nan,nan,nan,nan,nan,nan,nan,nan,nan,nan,0.0,0.0,0.0,-0.9937330293476361,-0.8843107050601394,0.0005176379364742089,0.00013550436587053325,nan,nan,nan,nan,nan,nan,nan,nan,nan,nan,nan,nan,nan,nan,nan,nan,nan,nan,nan,nan,nan,nan,nan,nan,nan,nan,nan,nan,nan,nan,nan,nan,nan,nan,nan,nan,nan,nan,nan,nan,nan,nan,nan,nan,nan,nan,nan,nan,nan,0.008313851553745888
1791062738.6960082,-2.276466399452101,2.5743629813889526,2.4883238370510576,1.2317664475932304e-10,1.1468408770054396e-09,0.0,0.0,0.0,0.0,-1.7904560303758532,0.6013950491270987,-0.16015278431671723,-0.012440842955488435,0.0,0.0,0.0,0.23711900673572556,3.2865351272670145,-0.013493268101706528,-0.0087611881485922,0.0,0.0,0.0,2.644385610562177,1.9617605131615228,0.16823040113052226,0.07107335685089528,nan,nan,nan,nan,nan,nan,nan,0.0,0.0,0.0,0.3474838295100017,0.3421490142245384,0.09117829975654743,-0.15441577156783975,nan,nan,nan,nan,nan,nan,nan,nan,nan,nan,nan,nan,nan,nan,0.0,0.0,0.0,-0.9937376939177741,-0.8843119252185928,-0.0004876092934817143,-4.4196935919827724e-05,nan,nan,nan,nan,nan,nan,nan,nan,nan,nan,nan,nan,nan,nan,nan,nan,nan,nan,nan,nan,nan,nan,nan,nan,nan,nan,nan,nan,nan,nan,nan,nan,nan,nan,nan,nan,nan,nan,nan,nan,nan,nan,nan,nan,nan,nan,nan,nan,nan,0.009341617147916382
1791062738.7954416,-2.276558575653494,2.5744369993806737,2.4884171707638556,1.1149351218433413e-10,1.0380646229140005e-09,0.0,0.0,0.0,0.0,-1.8066728133914907,0.59997935223251,-0.1569632357630204,-0.007055076931316661,0.0,0.0,0.0,0.23727630129292082,3.2866133647219367,0.004731803508054988,0.0014336140811219095,0.0,0.0,0.0,2.6637653715213854,1.9712205405878904,0.14166648197888546,0.09605315795543831,nan,nan,nan,nan,nan,nan,nan,0.0,0.0,0.0,0.3565412588420575,0.32764023081678295,0.0853307986441671,-0.13535292445077482,nan,nan,nan,nan,nan,nan,nan,nan,nan,nan,nan,nan,nan,nan,0.0,0.0,0.0,-0.9940850498097901,-0.8844811125360005,-0.026253022283518827,-0.012653756404966243,nan,nan,nan,nan,nan,nan,nan,nan,nan,nan,nan,nan,nan,nan,nan,nan,nan,nan,nan,nan,nan,nan,nan,nan,nan,nan,nan,nan,nan,nan,nan,nan,nan,nan,nan,nan,nan,nan,nan,nan,nan,nan,nan,nan,nan,nan,nan,nan,nan,0.025526810292103734
1791062738.8965526,-2.276483444563311,2.574364559333314,2.4882201576896477,1.0088350170870274e-10,9.392797133015874e-10,0.0,0.0,0.0,0.0,-1.822475445728051,0.5977995666946201,-0.1680261072846137,-0.008696659795379737,0.0,0.0,0.0,0.2373414654741357,3.286658885312529,0.0025146982831680525,0.001473589829658638,0.0,0.0,0.0,2.6841915825357905,1.9798418030083604,0.23754101945590353,0.09799074668814128,nan,nan,nan,nan,nan,nan,nan,0.0,0.0,0.0,0.36553934085433437,0.3134009989079686,0.09555052779067211,-0.14299247423677222,nan,nan,nan,nan,nan,nan,nan,nan,nan,nan,nan,nan,nan,nan,0.0,0.0,0.0,-0.9940644644878142,-0.8844791032941404,0.00041394747154366264,0.00010806427571050434,nan,nan,nan,nan,nan,nan,nan,nan,nan,nan,nan,nan,nan,nan,nan,nan,nan,nan,nan,nan,nan,nan,nan,nan,nan,nan,nan,nan,nan,nan,nan,nan,nan,nan,nan,nan,nan,nan,nan,nan,nan,nan,nan,nan,nan,nan,nan,nan,nan,0.02013038269701913
1791062738.9947462,-2.276479165374804,2.5743690170093285,2.4887645141689294,9.13857041810034e-11,8.508501050136708e-10,0.0,0.0,0.0,0.0,-1.8386140646158093,0.5960392687507776,-0.15941396813292494,-0.01456469729516505,0.0,0.0,0.0,0.23732643609631593,3.286664884262538,0.009925294627013958,0.005904037684150995,0.0,0.0,0.0,2.702081587638223,1.9881085700639458,0.18541767338236834,0.06514811605257907,nan,nan,nan,nan,nan,nan,nan,0.0,0.0,0.0,0.37445722300130785,0.29881706185789253,0.0891571294598049,-0.1500503650232382,nan,nan,nan,nan,nan,nan,nan,nan,nan,nan,nan,nan,nan,nan,0.0,0.0,0.0,-0.9940841862148458,-0.8844751521466575,-0.00021282964512239527,0.00040611028347023036,nan,nan,nan,nan,nan,nan,nan,nan,nan,nan,nan,nan,nan,nan,nan,nan,nan,nan,nan,nan,nan,nan,nan,nan,nan,nan,nan,nan,nan,nan,nan,nan,nan,nan,nan,nan,nan,nan,nan,nan,nan,nan,nan,nan,nan,nan,nan,nan,nan,0.005997775338947961
1791062739.0947936,-2.276286384106862,2.574277863870805,2.4887517498138507,8.26892046297081e-11,7.698810122788239e-10,0.0,0.0,0.0,0.0,-1.8530644704738921,0.5948626670864168,-0.13689168789687875,-0.020607939793530986,0.0,0.0,0.0,0.23775770047152153,3.286338146746945,-0.0017153715338109174,-4.0458727466955135e-05,0.0,0.0,0.0,2.7149053472742586,1.9934646674901517,0.1600343126828717,0.05855170905891553,nan,nan,nan,nan,nan,nan,nan,0.0,0.0,0.0,0.3835816283684992,0.2843367198266304,0.08561521015490098,-0.13871376837051447,nan,nan,nan,nan,nan,nan,nan,nan,nan,nan,nan,nan,nan,nan,0.0,0.0,0.0,-0.9940595965741119,-0.8844814362702669,-0.00022330519119605628,0.0005937861178023832,nan,nan,nan,nan,nan,nan,nan,nan,nan,nan,nan,nan,nan,nan,nan,nan,nan,nan,nan,nan,nan,nan,nan,nan,nan,nan,nan,nan,nan,nan,nan,nan,nan,nan,nan,nan,nan,nan,nan,nan,nan,nan,nan,nan,nan,nan,nan,nan,nan,0.007319024440558401
1791062739.1948452,-2.2765691650071216,2.574410457828905,2.488391117981687,7.482708550733161e-11,6.966804505404751e-10,0.0,0.0,0.0,0.0,-1.867517760356589,0.5936717689283321,-0.14924916618664477,-0.01656303698440734,0.0,0.0,0.0,0.23784502549459674,3.2863777907898064,0.0048156985468312185,0.001942459535121095,0.0,0.0,0.0,2.7149053472742586,1.9934646674901517,0.1600343126828717,0.05855170905891553,nan,nan,nan,nan,nan,nan,nan,0.0,0.0,0.0,0.3925888013702607,0.2702557143591485,0.09410561410650964,-0.14230758298747812,nan,nan,nan,nan,nan,nan,nan,nan,nan,nan,nan,nan,nan,nan,0.0,0.0,0.0,-0.9940702551081804,-0.8844857527589414,0.0002638254296432775,-1.085215675086682e-05,nan,nan,nan,nan,nan,nan,nan,nan,nan,nan,nan,nan,nan,nan,nan,nan,nan,nan,nan,nan,nan,nan,nan,nan,nan,nan,nan,nan,nan,nan,nan,nan,nan,nan,nan,nan,nan,nan,nan,nan,nan,nan,nan,nan,nan,nan,nan,nan,nan,0.013886395896606358
1791062739.2964303,-2.276195427291136,2.574266065333689,2.4877569570979685,6.770634686039438e-11,6.303825401635818e-10,0.0,0.0,0.0,0.0,-1.882564922912715,0.5921386634686157,-0.15187871433528716,-0.01741366005196789,0.0,0.0,0.0,0.23777536916163583,3.2863064588912794,0.0009801153078802581,3.268855883979769e-05,0.0,0.0,0.0,2.7429652442800068,2.0063668159610732,0.13923519005466253,0.07244823789658164,nan,nan,nan,nan,nan,nan,nan,0.0,0.0,0.0,0.4016747620025088,0.2554337929280099,0.09127749463072139,-0.14970154071195999,nan,nan,nan,nan,nan,nan,nan,nan,nan,nan,nan,nan,nan,nan,0.0,0.0,0.0,-0.9940874250839484,-0.8844767872589745,0.0003802210464228494,0.00039693246864528687,nan,nan,nan,nan,nan,nan,nan,nan,nan,nan,nan,nan,nan,nan,nan,nan,nan,nan,nan,nan,nan,nan,nan,nan,nan,nan,nan,nan,nan,nan,nan,nan,nan,nan,nan,nan,nan,nan,nan,nan,nan,nan,nan,nan,nan,nan,nan,nan,nan,0.07873428770263095
1791062739.3958235,-2.2766419140480507,2.574477409434238,2.48849453019299,6.128283438962902e-11,5.705761808507273e-10,0.0,0.0,0.0,0.0,-1.8979285285833758,0.590519861736493,-0.15300268943289697,-0.012910256300563897,0.0,0.0,0.0,0.23762031834667552,3.2861985126927067,-0.00026861144909105794,-0.001051165660730985,0.0,0.0,0.0,2.7589085443613577,2.0138133693528117,0.17893845518189527,0.06803776205640746,nan,nan,nan,nan,nan,nan,nan,0.0,0.0,0.0,0.41049700444809156,0.24118098658212758,0.07247293860776834,-0.114835782492547,nan,nan,nan,nan,nan,nan,nan,nan,nan,nan,nan,nan,nan,nan,0.0,0.0,0.0,-0.9940689095264168,-0.8844827575318402,0.0009089615395172915,0.0004097465047800901,nan,nan,nan,nan,nan,nan,nan,nan,nan,nan,nan,nan,nan,nan,nan,nan,nan,nan,nan,nan,nan,nan,nan,nan,nan,nan,nan,nan,nan,nan,nan,nan,nan,nan,nan,nan,nan,nan,nan,nan,nan,nan,nan,nan,nan,nan,nan,nan,nan,0.4010924884068626
1791062739.494535,-2.276487537581509,2.574405325307118,2.4881829940880715,5.546113496934924e-11,5.163730250344507e-10,0.0,0.0,0.0,0.0,-1.913469351724009,0.5888556096410488,-0.15647901439387008,-0.013958497295344766,0.0,0.0,0.0,0.23730274831166123,3.2866131138663546,0.002392988510693636,-0.0037684931410984293,0.0,0.0,0.0,2.7730482685608147,2.0203689863038115,0.10586382475593659,0.1026786824730768,nan,nan,nan,nan,nan,nan,nan,0.0,0.0,0.0,0.41904415646209275,0.227188250209015,0.09044422549242859,-0.1484737791413825,nan,nan,nan,nan,nan,nan,nan,nan,nan,nan,nan,nan,nan,nan,0.0,0.0,0.0,-0.9940657835632268,-0.8844958898180697,0.0003392275899853516,-0.0001955071621020998,nan,nan,nan,nan,nan,nan,nan,nan,nan,nan,nan,nan,nan,nan,nan,nan,nan,nan,nan,nan,nan,nan,nan,nan,nan,nan,nan,nan,nan,nan,nan,nan,nan,nan,nan,nan,nan,nan,nan,nan,nan,nan,nan,nan,nan,nan,nan,nan,nan,0.002453456194201778
1791062739.5945995,-2.283391731899478,2.577929246080601,2.485311689143895,5.018331017500318e-11,4.672336347900128e-10,0.0,0.0,0.0,0.0,-1.9283714521549542,0.5875599482905498,-0.13829895987092558,-0.006075234974025734,0.0,0.0,0.0,0.2376235723991133,3.2862018282209364,-0.008665219047444243,-0.00841128338065079,0.0,0.0,0.0,2.788117100127856,2.027299218618942,0.1152422595161129,0.047621874630918486,nan,nan,nan,nan,nan,nan,nan,0.0,0.0,0.0,0.42827079104072246,0.21208607342231958,0.09797522923066235,-0.155008237311463,nan,nan,nan,nan,nan,nan,nan,nan,nan,nan,nan,nan,nan,nan,0.0,0.0,0.0,-0.9940665116612145,-0.8844882589207349,-0.0002436248754510812,-0.00011886238028186786,nan,nan,nan,nan,nan,nan,nan,nan,nan,nan,nan,nan,nan,nan,nan,nan,nan,nan,nan,nan,nan,nan,nan,nan,nan,nan,nan,nan,nan,nan,nan,nan,nan,nan,nan,nan,nan,nan,nan,nan,nan,nan,nan,nan,nan,nan,nan,nan,nan,0.029233335677399826
1791062739.6947656,-2.283145962179039,2.577966806739623,2.4850620169858453,4.540773681448026e-11,4.2277047579029185e-10,0.0,0.0,0.0,0.0,-1.94306059848739,0.585960125685827,-0.14092440462675157,-0.0025413261702987716,0.0,0.0,0.0,0.2377413359233377,3.286321992540258,-0.003663465474473002,0.000591219236444594,0.0,0.0,0.0,2.802672715185975,2.0343496266046075,0.12875462612105615,0.06474220962177783,nan,nan,nan,nan,nan,nan,nan,0.0,0.0,0.0,0.4387057994190707,0.19525918056933012,0.1042131632091994,-0.1706456458913661,nan,nan,nan,nan,nan,nan,nan,nan,nan,nan,nan,nan,nan,nan,0.0,0.0,0.0,-0.9940701879845429,-0.884479943598713,0.0004299431061287721,-0.0005987740008160788,nan,nan,nan,nan,nan,nan,nan,nan,nan,nan,nan,nan,nan,nan,nan,nan,nan,nan,nan,nan,nan,nan,nan,nan,nan,nan,nan,nan,nan,nan,nan,nan,nan,nan,nan,nan,nan,nan,nan,nan,nan,nan,nan,nan,nan,nan,nan,nan,nan,0.014992123206476715
1791062739.7954292,-2.2829664063539123,2.5780143242964013,2.487929204488198,4.108661934461511e-11,3.825385457968538e-10,0.0,0.0,0.0,0.0,-1.9596629633717058,0.5839357046009754,-0.16719093233191057,-0.011839815066981552,0.0,0.0,0.0,0.23761210320293916,3.286219851308439,-0.012973877690485934,-0.008799488743982727,0.0,0.0,0.0,2.817953628672161,2.0409596138373383,0.09258259598296065,0.022505359550785156,nan,nan,nan,nan,nan,nan,nan,0.0,0.0,0.0,0.4483915117056761,0.1793585605039587,0.09112033285526812,-0.14737881414681844,nan,nan,nan,nan,nan,nan,nan,nan,nan,nan,nan,nan,nan,nan,0.0,0.0,0.0,-0.993732366718196,-0.8843035598677603,0.02635887168544151,0.012748166534229463,nan,nan,nan,nan,nan,nan,nan,nan,nan,nan,nan,nan,nan,nan,nan,nan,nan,nan,nan,nan,nan,nan,nan,nan,nan,nan,nan,nan,nan,nan,nan,nan,nan,nan,nan,nan,nan,nan,nan,nan,nan,nan,nan,nan,nan,nan,nan,nan,nan,0.015504410476999374
1791062739.8965724,-2.283578176550026,2.5779802580414324,2.488615064160606,3.7181412865844885e-11,3.4617897104344905e-10,0.0,0.0,0.0,0.0,-1.9756500418957617,0.5820936607964683,-0.15383785275770742,-0.008565628245137664,0.0,0.0,0.0,0.23737403807660523,3.2866644128448574,0.003811790076580554,-1.2349223286792525e-05,0.0,0.0,0.0,2.833669977419052,2.0484560428539225,0.13698557269197048,0.06557535664227539,nan,nan,nan,nan,nan,nan,nan,0.0,0.0,0.0,0.45748189308657455,0.1646708115843537,0.09347922402480707,-0.1460039821391742,nan,nan,nan,nan,nan,nan,nan,nan,nan,nan,nan,nan,nan,nan,0.0,0.0,0.0,-0.9937318487048822,-0.8843070505737168,0.00036691605996252676,0.00015842478032631127,nan,nan,nan,nan,nan,nan,nan,nan,nan,nan,nan,nan,nan,nan,nan,nan,nan,nan,nan,nan,nan,nan,nan,nan,nan,nan,nan,nan,nan,nan,nan,nan,nan,nan,nan,nan,nan,nan,nan,nan,nan,nan,nan,nan,nan,nan,nan,nan,nan,0.04499067682667865
1791062739.9958782,-2.2828742541346196,2.577894504812889,2.487692924136211,3.364313362181888e-11,3.1323568638719275e-10,0.0,0.0,0.0,0.0,-1.9909135511805092,0.5802838187452192,-0.15206780794349206,-0.016608358094383532,0.0,0.0,0.0,0.23729861585964523,3.286659969917413,-0.00012088160384906503,-0.0008502442123496143,0.0,0.0,0.0,2.8390569729377435,2.051002071056923,0.1220717266254969,0.060541799268258145,nan,nan,nan,nan,nan,nan,nan,0.0,0.0,0.0,0.4664684548352437,0.1502109537670261,0.10818836198612877,-0.15735035666375013,nan,nan,nan,nan,nan,nan,nan,nan,nan,nan,nan,nan,nan,nan,0.0,0.0,0.0,-0.9937323115875478,-0.8843178492250121,-0.0011223405482561862,-9.127435424908519e-05,nan,nan,nan,nan,nan,nan,nan,nan,nan,nan,nan,nan,nan,nan,nan,nan,nan,nan,nan,nan,nan,nan,nan,nan,nan,nan,nan,nan,nan,nan,nan,nan,nan,nan,nan,nan,nan,nan,nan,nan,nan,nan,nan,nan,nan,nan,nan,nan,nan,0.02007593442528817
1791062740.0945208,-2.283479172918395,2.577882059163896,2.488274682412046,3.045813819307317e-11,2.835816642477029e-10,0.0,0.0,0.0,0.0,-2.006821321617909,0.5780956778653488,-0.15836456508502947,-0.029970273965377162,0.0,0.0,0.0,0.23732209983624675,3.2866486335927916,0.006319901660355287,-0.001478113265845426,0.0,0.0,0.0,2.8605224907630236,2.0612288241927144,0.12402686213306628,0.06815038244304054,nan,nan,nan,nan,nan,nan,nan,0.0,0.0,0.0,0.47483226657288485,0.13655718982898954,0.0834103737390642,-0.13499090350522394,nan,nan,nan,nan,nan,nan,nan,nan,nan,nan,nan,nan,nan,nan,0.0,0.0,0.0,-0.9937276008153952,-0.8843295056797174,-0.00042609858616868805,-1.973213505633697e-05,nan,nan,nan,nan,nan,nan,nan,nan,nan,nan,nan,nan,nan,nan,nan,nan,nan,nan,nan,nan,nan,nan,nan,nan,nan,nan,nan,nan,nan,nan,nan,nan,nan,nan,nan,nan,nan,nan,nan,nan,nan,nan,nan,nan,nan,nan,nan,nan,nan,0.03313328707131407
1791062740.1946404,-2.2831485467072885,2.57791210308439,2.485280278845426,2.755994277453791e-11,2.565979046070625e-10,0.0,0.0,0.0,0.0,-2.0227448850254572,0.5759995857048015,-0.15930487636061189,-0.022740595252720625,0.0,0.0,0.0,0.2376136214847295,3.2861832425755595,-0.0171204239637712,-0.0167498839674034,0.0,0.0,0.0,2.861770371583995,2.061914260766623,0.12534459828525546,0.06885555294822221,nan,nan,nan,nan,nan,nan,nan,0.0,0.0,0.0,0.4831555692181818,0.12330506516554038,0.10306696572710125,-0.1320961378950889,nan,nan,nan,nan,nan,nan,nan,nan,nan,nan,nan,nan,nan,nan,0.0,0.0,0.0,-0.9937261618161785,-0.8842991671426708,0.0012924040005360279,-0.0004068809806697531,nan,nan,nan,nan,nan,nan,nan,nan,nan,nan,nan,nan,nan,nan,nan,nan,nan,nan,nan,nan,nan,nan,nan,nan,nan,nan,nan,nan,nan,nan,nan,nan,nan,nan,nan,nan,nan,nan,nan,nan,nan,nan,nan,nan,nan,nan,nan,nan,nan,0.007296248054437773
1791062740.2950404,-2.2828688525947345,2.5780314049283066,2.48784123077606,2.4937267465303766e-11,2.3217938551507417e-10,0.0,0.0,0.0,0.0,-2.038744501280157,0.5740983785713144,-0.16308621805817244,-0.013262853726403272,0.0,0.0,0.0,0.23774217983984067,3.2863527682083706,0.005963059300424936,0.00941715899364614,0.0,0.0,0.0,2.865401085606689,2.0634090102086735,-0.004543647462042801,-0.0014572776724233977,nan,nan,nan,nan,nan,nan,nan,0.0,0.0,0.0,0.4910889893250365,0.11012791151273976,0.08827632436728816,-0.13551798627395858,nan,nan,nan,nan,nan,nan,nan,nan,nan,nan,nan,nan,nan,nan,0.0,0.0,0.0,-0.9937449431221955,-0.8842996784288595,-0.0011332784632238984,0.0002688844120348752,nan,nan,nan,nan,nan,nan,nan,nan,nan,nan,nan,nan,nan,nan,nan,nan,nan,nan,nan,nan,nan,nan,nan,nan,nan,nan,nan,nan,nan,nan,nan,nan,nan,nan,nan,nan,nan,nan,nan,nan,nan,nan,nan,nan,nan,nan,nan,nan,nan,0.020880408717342487
1791062740.3945239,-2.2828686001352576,2.5779654553415305,2.4875361371292963,2.2570460460725487e-11,2.101431380905986e-10,0.0,0.0,0.0,0.0,-2.0550947778478412,0.5720668453649334,-0.1655570578983154,-0.02195241439743313,0.0,0.0,0.0,0.23779726161429326,3.2863512434481343,0.006027008911033843,0.007479465189804432,0.0,0.0,0.0,2.8653869912505856,2.063374404094523,-0.002123713603403848,0.00046332661531594784,nan,nan,nan,nan,nan,nan,nan,0.0,0.0,0.0,0.4994720771937475,0.09657494196226941,0.0846287099876446,-0.14198131486911275,nan,nan,nan,nan,nan,nan,nan,nan,nan,nan,nan,nan,nan,nan,0.0,0.0,0.0,-0.9937377914876193,-0.8843008763825816,0.0004882143717246651,-5.162516946317611e-05,nan,nan,nan,nan,nan,nan,nan,nan,nan,nan,nan,nan,nan,nan,nan,nan,nan,nan,nan,nan,nan,nan,nan,nan,nan,nan,nan,nan,nan,nan,nan,nan,nan,nan,nan,nan,nan,nan,nan,nan,nan,nan,nan,nan,nan,nan,nan,nan,nan,0.023809513492282434
1791062740.4945865,-2.2830931689037888,2.577915821703321,2.484974844523779,2.0422597170418537e-11,1.9014537451815828e-10,0.0,0.0,0.0,0.0,-2.0722353510106157,0.5696198716270828,-0.17779900050538516,-0.027882033930644045,0.0,0.0,0.0,0.23783613269871137,3.286382458778288,0.014311835648852746,0.013644843526985216,0.0,0.0,0.0,2.8654090895783235,2.063360377975867,-0.000918822629950257,-0.0021271355916690896,nan,nan,nan,nan,nan,nan,nan,0.0,0.0,0.0,0.5080839397558939,0.08249333658479642,0.08046506514183269,-0.14043907812484197,nan,nan,nan,nan,nan,nan,nan,nan,nan,nan,nan,nan,nan,nan,0.0,0.0,0.0,-0.9937557165471422,-0.884300062365778,-0.0008621223282137568,0.0001196717189349602,nan,nan,nan,nan,nan,nan,nan,nan,nan,nan,nan,nan,nan,nan,nan,nan,nan,nan,nan,nan,nan,nan,nan,nan,nan,nan,nan,nan,nan,nan,nan,nan,nan,nan,nan,nan,nan,nan,nan,nan,nan,nan,nan,nan,nan,nan,nan,nan,nan,0.0027736290285291835
1791062740.5968084,-2.2838712934336125,2.5779649038754173,2.4889733436105326,1.8479130096213418e-11,1.7205064975789562e-10,0.0,0.0,0.0,0.0,-2.087473317468849,0.5677878264542863,-0.1698180604841003,-0.021118507311526008,0.0,0.0,0.0,0.237598782663154,3.2862121336536534,-0.010377469751700744,-0.011589253900382242,0.0,0.0,0.0,2.865477635765987,2.0634448710563187,0.021346346020413184,0.027920737409369234,nan,nan,nan,nan,nan,nan,nan,0.0,0.0,0.0,0.5158387174040746,0.06994120906666111,0.08925462135860171,-0.1363876831337074,nan,nan,nan,nan,nan,nan,nan,nan,nan,nan,nan,nan,nan,nan,0.0,0.0,0.0,-0.9937351976767166,-0.8843059749894765,0.0003144704529846966,0.0003627806872013708,nan,nan,nan,nan,nan,nan,nan,nan,nan,nan,nan,nan,nan,nan,nan,nan,nan,nan,nan,nan,nan,nan,nan,nan,nan,nan,nan,nan,nan,nan,nan,nan,nan,nan,nan,nan,nan,nan,nan,nan,nan,nan,nan,nan,nan,nan,nan,nan,nan,0.050295492098324186
1791062740.6953354,-2.283528967273666,2.577939637791741,2.48849278061672,1.6720608366471653e-11,1.5567786572314032e-10,0.0,0.0,0.0,0.0,-2.106284654868878,0.5652196229554325,-0.17770747916213706,-0.027663416977600715,0.0,0.0,0.0,0.23757891173407863,3.2862426914055134,-0.006429145247305141,0.0009823451374307494,0.0,0.0,0.0,2.8654580514126775,2.0634586017590544,-7.027755468962579e-05,3.126832547806972e-05,nan,nan,nan,nan,nan,nan,nan,0.0,0.0,0.0,0.5252266396521027,0.05437029772275665,0.0883960697308698,-0.1473192675894603,nan,nan,nan,nan,nan,nan,nan,nan,nan,nan,nan,nan,nan,nan,0.0,0.0,0.0,-0.9937384102444697,-0.8843099063266486,0.000606787230074833,-0.0006304567689089907,nan,nan,nan,nan,nan,nan,nan,nan,nan,nan,nan,nan,nan,nan,nan,nan,nan,nan,nan,nan,nan,nan,nan,nan,nan,nan,nan,nan,nan,nan,nan,nan,nan,nan,nan,nan,nan,nan,nan,nan,nan,nan,nan,nan,nan,nan,nan,nan,nan,0.026353355458297093
1791062740.795396,-2.2828696765928247,2.577918870061404,2.4877164385706125,1.5140308884671713e-11,1.4096442676578055e-10,0.0,0.0,0.0,0.0,-2.1236670781353486,0.5629163763791019,-0.1754911204665951,-0.020245030921122353,0.0,0.0,0.0,0.23714490503605104,3.286558050268481,-0.04601371980339226,0.014799786185570589,0.0,0.0,0.0,2.8654570886585558,2.0634709374664135,0.0026826822282558483,0.0074824810292492645,nan,nan,nan,nan,nan,nan,nan,0.0,0.0,0.0,0.5337671364910743,0.03983346258808663,0.08160653529253298,-0.14351040079539917,nan,nan,nan,nan,nan,nan,nan,nan,nan,nan,nan,nan,nan,nan,0.0,0.0,0.0,-0.9937506621678178,-0.8843152373630087,-0.0004866157314037388,-0.00042414998308559066,nan,nan,nan,nan,nan,nan,nan,nan,nan,nan,nan,nan,nan,nan,nan,nan,nan,nan,nan,nan,nan,nan,nan,nan,nan,nan,nan,nan,nan,nan,nan,nan,nan,nan,nan,nan,nan,nan,nan,nan,nan,nan,nan,nan,nan,nan,nan,nan,nan,0.0016324504350494183
1791062740.894779,-2.2762590972593135,2.5742377587745238,2.4889898255797234,1.3699648051916672e-11,1.275510988079322e-10,0.0,0.0,0.0,0.0,-2.1405181052031166,0.5603668121813716,-0.1641088108517326,-0.017817086206265452,0.0,0.0,0.0,0.23762562497699408,3.2861869302183235,-0.003235127401408926,-0.0003241879993993518,0.0,0.0,0.0,2.865460061797006,2.0633959147729812,0.001076177292941519,-0.00526401827909092,nan,nan,nan,nan,nan,nan,nan,0.0,0.0,0.0,0.542497744856516,0.0255066301248986,0.08636855702742796,-0.14043403317697556,nan,nan,nan,nan,nan,nan,nan,nan,nan,nan,nan,nan,nan,nan,0.0,0.0,0.0,-0.9937292966265958,-0.8843179477164698,0.000571750011185695,-0.00024402595889385124,nan,nan,nan,nan,nan,nan,nan,nan,nan,nan,nan,nan,nan,nan,nan,nan,nan,nan,nan,nan,nan,nan,nan,nan,nan,nan,nan,nan,nan,nan,nan,nan,nan,nan,nan,nan,nan,nan,nan,nan,nan,nan,nan,nan,nan,nan,nan,nan,nan,0.033011947198755554
1791062740.9945095,-2.276538518493487,2.574375738290333,2.4886436447611286,1.2396890499667907e-11,1.1542172463423479e-10,0.0,0.0,0.0,0.0,-2.1577750814889685,0.5581927897890213,-0.17995540738703497,-0.018624402374321475,0.0,0.0,0.0,0.2377824231823731,3.286319537000252,0.0018556323010398084,0.001832031174745561,0.0,0.0,0.0,2.8654199547918395,2.063376700577454,-0.0033206105177442332,-0.002959718405822526,nan,nan,nan,nan,nan,nan,nan,0.0,0.0,0.0,0.5511594129019397,0.01120780553975647,0.09160557524062146,-0.1503956181338882,nan,nan,nan,nan,nan,nan,nan,nan,nan,nan,nan,nan,nan,nan,0.0,0.0,0.0,-0.9937422822887151,-0.8843178468638794,-0.00035453523508441386,-0.00013848822304306723,nan,nan,nan,nan,nan,nan,nan,nan,nan,nan,nan,nan,nan,nan,nan,nan,nan,nan,nan,nan,nan,nan,nan,nan,nan,nan,nan,nan,nan,nan,nan,nan,nan,nan,nan,nan,nan,nan,nan,nan,nan,nan,nan,nan,nan,nan,nan,nan,nan,0.0025731551426096057
1791062741.0945654,-2.2762327011391825,2.574275230039722,2.487522219710004,1.121717039318073e-11,1.0443789531993371e-10,0.0,0.0,0.0,0.0,-2.176119004544172,0.5557265601943829,-0.216903016505185,-0.053696577103613,0.0,0.0,0.0,0.23735675800553055,3.2866800787578025,0.006926787578679161,0.0037419083619126313,0.0,0.0,0.0,2.8654369568688645,2.0633917633884704,-0.0002582303683075273,-0.00031805759837217045,nan,nan,nan,nan,nan,nan,nan,0.0,0.0,0.0,0.5599620242168954,-0.0034570246200878708,0.0835814024543668,-0.14403344325453607,nan,nan,nan,nan,nan,nan,nan,nan,nan,nan,nan,nan,nan,nan,0.0,0.0,0.0,-0.9937316281647895,-0.8843244789775121,0.000904736075627255,0.00019984394659520527,nan,nan,nan,nan,nan,nan,nan,nan,nan,nan,nan,nan,nan,nan,nan,nan,nan,nan,nan,nan,nan,nan,nan,nan,nan,nan,nan,nan,nan,nan,nan,nan,nan,nan,nan,nan,nan,nan,nan,nan,nan,nan,nan,nan,nan,nan,nan,nan,nan,0.03510272858888377
1791062741.1945887,-2.285621569832313,2.5604418243475555,2.4909047191229865,1.0149715497851738e-11,9.449931556145079e-11,0.0,0.0,0.0,0.0,-2.196351738820193,0.55337728604157,-0.21563745215061644,0.017020823734402175,0.0,0.0,0.0,0.23734278839692682,3.286721063522872,0.008858120703823054,0.005881975906153438,0.0,0.0,0.0,2.8654510111174427,2.0634032538728495,-0.001279199101382039,-0.006159739218335148,nan,nan,nan,nan,nan,nan,nan,0.0,0.0,0.0,0.5688473639220447,-0.0180358176734677,0.09026659411050734,-0.14300857770373807,nan,nan,nan,nan,nan,nan,nan,nan,nan,nan,nan,nan,nan,nan,0.0,0.0,0.0,-0.9937412820618217,-0.8843284886973894,-0.00026446322100606365,-0.00026760248616144165,nan,nan,nan,nan,nan,nan,nan,nan,nan,nan,nan,nan,nan,nan,nan,nan,nan,nan,nan,nan,nan,nan,nan,nan,nan,nan,nan,nan,nan,nan,nan,nan,nan,nan,nan,nan,nan,nan,nan,nan,nan,nan,nan,nan,nan,nan,nan,nan,nan,0.07566767449896591
1791062741.2945933,-2.2764072867325993,2.5743493492659053,2.488434039253179,9.183873977199567e-12,8.550681102654247e-11,0.0,0.0,0.0,0.0,-2.2144847606696976,0.5513028815227838,-0.13942167914976272,-0.00456797715395464,0.0,0.0,0.0,0.23716719887995902,3.286593113248569,-0.0024792201964814646,0.0008437911642816089,0.0,0.0,0.0,2.865404354968868,2.0633996573229423,-0.0036130468480688226,-0.0012449987055329712,nan,nan,nan,nan,nan,nan,nan,0.0,0.0,0.0,0.5776710422299289,-0.03254330278512852,0.08695772634723788,-0.15155660859539846,nan,nan,nan,nan,nan,nan,nan,nan,nan,nan,nan,nan,nan,nan,0.0,0.0,0.0,-0.9937541489254827,-0.884324372889801,-0.0005656268829591048,0.0003095062709595571,nan,nan,nan,nan,nan,nan,nan,nan,nan,nan,nan,nan,nan,nan,nan,nan,nan,nan,nan,nan,nan,nan,nan,nan,nan,nan,nan,nan,nan,nan,nan,nan,nan,nan,nan,nan,nan,nan,nan,nan,nan,nan,nan,nan,nan,nan,nan,nan,nan,0.022393352845526224
1791062741.3948216,-2.2765862573834714,2.5744142078459937,2.487828583600972,8.309912818420524e-12,7.736976212606909e-11,0.0,0.0,0.0,0.0,-2.233028506543104,0.5489652720834065,-0.19176350217328933,-0.02137745843521288,0.0,0.0,0.0,0.23731997119904066,3.286624747559057,0.008680593960027877,0.004008226864328468,0.0,0.0,0.0,2.8661951627456324,2.0637382479353277,0.05364562183635526,0.025214899864910052,nan,nan,nan,nan,nan,nan,nan,0.0,0.0,0.0,0.5865845903028384,-0.04711860246183019,0.08692178642577607,-0.13751148268245544,nan,nan,nan,nan,nan,nan,nan,nan,nan,nan,nan,nan,nan,nan,0.0,0.0,0.0,-0.9937479472966665,-0.8843132156457478,4.263619224623876e-05,-0.0006377150887710333,nan,nan,nan,nan,nan,nan,nan,nan,nan,nan,nan,nan,nan,nan,nan,nan,nan,nan,nan,nan,nan,nan,nan,nan,nan,nan,nan,nan,nan,nan,nan,nan,nan,nan,nan,nan,nan,nan,nan,nan,nan,nan,nan,nan,nan,nan,nan,nan,nan,0.016477729299655002
1791062741.4946816,-2.276210338478364,2.574198992178543,2.487716243316674,7.519251224599348e-12,7.000827702112783e-11,0.0,0.0,0.0,0.0,-2.251609790429283,0.5467566018629134,-0.1920731344991687,-0.023367166322312314,0.0,0.0,0.0,0.23728794557288896,3.286660757179588,8.606935193497078e-05,0.0008130430597450937,0.0,0.0,0.0,2.8654361724087694,2.0634181915423015,-0.0020496154785336037,0.0007202257075640246,nan,nan,nan,nan,nan,nan,nan,0.0,0.0,0.0,0.5952589811481643,-0.06138747616249557,0.09096651695989254,-0.14168426629558167,nan,nan,nan,nan,nan,nan,nan,nan,nan,nan,nan,nan,nan,nan,0.0,0.0,0.0,-0.9937516068234249,-0.884323914666178,-0.00020178200647219833,-0.00010441647975372996,nan,nan,nan,nan,nan,nan,nan,nan,nan,nan,nan,nan,nan,nan,nan,nan,nan,nan,nan,nan,nan,nan,nan,nan,nan,nan,nan,nan,nan,nan,nan,nan,nan,nan,nan,nan,nan,nan,nan,nan,nan,nan,nan,nan,nan,nan,nan,nan,nan,0.008456225350286362
1791062741.5946224,-2.2764700527835187,2.5743750905871035,2.4885468587397233,6.8036998647139155e-12,6.334610863103347e-11,0.0,0.0,0.0,0.0,-2.270458152693723,0.5445078430967171,-0.18829293406661252,-0.01929598317887096,0.0,0.0,0.0,0.2373098128234875,3.2866579202693686,0.00020227338661464993,-0.0023427583716226752,0.0,0.0,0.0,2.8651311255267915,2.062941010661386,-0.024675073714187406,-0.034021699108016445,nan,nan,nan,nan,nan,nan,nan,0.0,0.0,0.0,0.6037324703391764,-0.07516532743391674,0.09123053418966783,-0.14569775283785602,nan,nan,nan,nan,nan,nan,nan,nan,nan,nan,nan,nan,nan,nan,0.0,0.0,0.0,-0.9937492142476891,-0.884310303906151,-0.0007363814391564643,0.00035335768503005086,nan,nan,nan,nan,nan,nan,nan,nan,nan,nan,nan,nan,nan,nan,nan,nan,nan,nan,nan,nan,nan,nan,nan,nan,nan,nan,nan,nan,nan,nan,nan,nan,nan,nan,nan,nan,nan,nan,nan,nan,nan,nan,nan,nan,nan,nan,nan,nan,nan,0.013956018776811149
1791062741.6946194,-2.2827810344435875,2.577719562064801,2.4872905086879658,6.156347024438852e-12,5.731890517437472e-11,0.0,0.0,0.0,0.0,-2.288573884903554,0.5424003889791597,-0.17192888576730864,-0.013632754743458647,0.0,0.0,0.0,0.23783050173902023,3.2863700407609397,0.00650423439382751,0.00402440716753957,0.0,0.0,0.0,2.8654915105346435,2.0634954217133967,0.0003614007326529841,0.0006208642500219405,nan,nan,nan,nan,nan,nan,nan,0.0,0.0,0.0,0.6127175260770369,-0.08958043195993244,0.10878012384379734,-0.13226224059565606,nan,nan,nan,nan,nan,nan,nan,nan,nan,nan,nan,nan,nan,nan,0.0,0.0,0.0,-0.994075240793266,-0.8844789821843156,0.0004765420833355104,0.00033808198946351574,nan,nan,nan,nan,nan,nan,nan,nan,nan,nan,nan,nan,nan,nan,nan,nan,nan,nan,nan,nan,nan,nan,nan,nan,nan,nan,nan,nan,nan,nan,nan,nan,nan,nan,nan,nan,nan,nan,nan,nan,nan,nan,nan,nan,nan,nan,nan,nan,nan,0.11162327846005056
1791062741.7946453,-2.282929792620818,2.5780583453725674,2.487921196512568,5.570493147013898e-12,5.186429017089033e-11,0.0,0.0,0.0,0.0,-2.3072684757621102,0.5402054720974883,-0.19010573072546422,-0.01732283821351973,0.0,0.0,0.0,0.2377782127828947,3.286332315615867,-0.00022238321292771348,-0.000994874481416139,0.0,0.0,0.0,2.865470397965414,2.0633920514023987,0.0007568147162331444,-0.005290783745037063,nan,nan,nan,nan,nan,nan,nan,0.0,0.0,0.0,0.623933689326354,-0.10386165563192465,0.14485931174395847,-0.13074543963698138,nan,nan,nan,nan,nan,nan,nan,nan,nan,nan,nan,nan,nan,nan,0.0,0.0,0.0,-0.9940851995148461,-0.8844770835205645,-5.394389382831145e-05,0.0005217792842649464,nan,nan,nan,nan,nan,nan,nan,nan,nan,nan,nan,nan,nan,nan,nan,nan,nan,nan,nan,nan,nan,nan,nan,nan,nan,nan,nan,nan,nan,nan,nan,nan,nan,nan,nan,nan,nan,nan,nan,nan,nan,nan,nan,nan,nan,nan,nan,nan,nan,0.02058261343687198
1791062741.8945186,-2.282869750382593,2.5780490161976903,2.4877782547830676,5.040491823998165e-12,4.692969251815307e-11,0.0,0.0,0.0,0.0,-2.3256758788626852,0.5379743243958579,-0.1926782794908934,-0.027027289055081075,0.0,0.0,0.0,0.23774322852455898,3.286327105994257,0.0005852513056405851,-0.0012858175415502754,0.0,0.0,0.0,2.865409031836134,2.063465158896912,-0.0034561708218498926,0.005096983067715454,nan,nan,nan,nan,nan,nan,nan,0.0,0.0,0.0,0.6335319317307392,-0.11989914777654812,0.08277512265571962,-0.15473995215852943,nan,nan,nan,nan,nan,nan,nan,nan,nan,nan,nan,nan,nan,nan,0.0,0.0,0.0,-0.9937483828433633,-0.8843145967147462,-0.000637037639490757,0.00016011091467684572,nan,nan,nan,nan,nan,nan,nan,nan,nan,nan,nan,nan,nan,nan,nan,nan,nan,nan,nan,nan,nan,nan,nan,nan,nan,nan,nan,nan,nan,nan,nan,nan,nan,nan,nan,nan,nan,nan,nan,nan,nan,nan,nan,nan,nan,nan,nan,nan,nan,0.005419804223097451
1791062741.9945614,-2.282918984932654,2.5781333050428854,2.4879253658954603,4.560825608384326e-12,4.246374181411087e-11,0.0,0.0,0.0,0.0,-2.3448755796811382,0.5355471896992684,-0.20066473507792437,-0.014631089364136433,0.0,0.0,0.0,0.23760387014276338,3.2862243450170503,-0.002519883273264043,0.0015110826438827476,0.0,0.0,0.0,2.8654626115289212,2.0633799254279075,-0.00016560688331455345,-0.0014049443456000234,nan,nan,nan,nan,nan,nan,nan,0.0,0.0,0.0,0.6409505240081435,-0.13259173147402528,0.0750535524291223,-0.13686980816062969,nan,nan,nan,nan,nan,nan,nan,nan,nan,nan,nan,nan,nan,nan,0.0,0.0,0.0,-0.9937424135456013,-0.8843184568276624,0.0001744844885153913,0.00042210115403535714,nan,nan,nan,nan,nan,nan,nan,nan,nan,nan,nan,nan,nan,nan,nan,nan,nan,nan,nan,nan,nan,nan,nan,nan,nan,nan,nan,nan,nan,nan,nan,nan,nan,nan,nan,nan,nan,nan,nan,nan,nan,nan,nan,nan,nan,nan,nan,nan,nan,0.03971791261936854
1791062742.0949945,-2.2832020399510227,2.57807274607557,2.485311164089185,4.1268056682600885e-12,3.842278250934579e-11,0.0,0.0,0.0,0.0,-2.3628608974732606,0.5337599913848753,-0.17294751478309434,-0.01502061364496877,0.0,0.0,0.0,0.2376187623734147,3.2861739545906814,-0.0119565652170172,-0.011056324717436233,0.0,0.0,0.0,2.865411057398454,2.0633621494703367,0.0006108501681120299,-0.00479667147970535,nan,nan,nan,nan,nan,nan,nan,0.0,0.0,0.0,0.6483887881723073,-0.14516305881664654,0.06593285509726472,-0.12705405579686505,nan,nan,nan,nan,nan,nan,nan,nan,nan,nan,nan,nan,nan,nan,0.0,0.0,0.0,-0.9937517886312475,-0.8843169523516012,4.0259926903054644e-05,0.00022083332209213983,nan,nan,nan,nan,nan,nan,nan,nan,nan,nan,nan,nan,nan,nan,nan,nan,nan,nan,nan,nan,nan,nan,nan,nan,nan,nan,nan,nan,nan,nan,nan,nan,nan,nan,nan,nan,nan,nan,nan,nan,nan,nan,nan,nan,nan,nan,nan,nan,nan,0.005901341789484391
1791062742.1945632,-2.282885645937672,2.578047597837821,2.4877452842625623,3.735218848781927e-12,3.477689840240664e-11,0.0,0.0,0.0,0.0,-2.3812102626097285,0.5315208311285063,-0.18044709810224582,-0.019173770359233802,0.0,0.0,0.0,0.2372523743266283,3.2866227463981685,-0.0005013106987845317,-0.0023515293064133636,0.0,0.0,0.0,2.8654610045546436,2.0633651317609645,0.004687378530769167,-0.0009488324512123443,nan,nan,nan,nan,nan,nan,nan,0.0,0.0,0.0,0.6560372236433212,-0.15793130868729252,0.07483430503343648,-0.12952870777933398,nan,nan,nan,nan,nan,nan,nan,nan,nan,nan,nan,nan,nan,nan,0.0,0.0,0.0,-0.993755814095007,-0.8843137025168611,-0.00021604355998686698,0.00019215660664765165,nan,nan,nan,nan,nan,nan,nan,nan,nan,nan,nan,nan,nan,nan,nan,nan,nan,nan,nan,nan,nan,nan,nan,nan,nan,nan,nan,nan,nan,nan,nan,nan,nan,nan,nan,nan,nan,nan,nan,nan,nan,nan,nan,nan,nan,nan,nan,nan,nan,0.03535797852749644
1791062742.294508,-2.276078855004901,2.5741936739200186,2.487634077914632,3.379819815625881e-12,3.146794206845263e-11,0.0,0.0,0.0,0.0,-2.398833270437717,0.5296710806554403,-0.17297552309649755,-0.018096529004653854,0.0,0.0,0.0,0.23713480485963775,3.2865406966774735,-0.010701486187266013,-0.006309265756772816,0.0,0.0,0.0,2.8654200496296243,2.06336105477272,0.0003096879190299878,-0.004688778740710205,nan,nan,nan,nan,nan,nan,nan,0.0,0.0,0.0,0.6639626628122798,-0.17091763411657065,0.08377079968414526,-0.13835596153898921,nan,nan,nan,nan,nan,nan,nan,nan,nan,nan,nan,nan,nan,nan,0.0,0.0,0.0,-0.9937452833462017,-0.884305844731159,6.748053582727179e-05,0.0008129405883801552,nan,nan,nan,nan,nan,nan,nan,nan,nan,nan,nan,nan,nan,nan,nan,nan,nan,nan,nan,nan,nan,nan,nan,nan,nan,nan,nan,nan,nan,nan,nan,nan,nan,nan,nan,nan,nan,nan,nan,nan,nan,nan,nan,nan,nan,nan,nan,nan,nan,1.253335261955017
1791062742.3945105,-2.2758645352920466,2.5741291784134623,2.488358730631257,3.0581874358848124e-12,2.847337145665916e-11,0.0,0.0,0.0,0.0,-2.4164156408112274,0.5279556655638615,-0.16988862314092387,-0.010808674231105321,0.0,0.0,0.0,0.23727744277674814,3.2866565303858635,-0.002015892848206833,-0.0017834929064372757,0.0,0.0,0.0,2.8654336125580033,2.063362524218889,0.0009049125071003856,0.00034060742445170603,nan,nan,nan,nan,nan,nan,nan,0.0,0.0,0.0,0.6717560780210717,-0.18428771304113664,0.07739378892582446,-0.1429181502611654,nan,nan,nan,nan,nan,nan,nan,nan,nan,nan,nan,nan,nan,nan,0.0,0.0,0.0,-0.9937523440655139,-0.884300073042234,3.3871597520499755e-05,0.0005935701403459647,nan,nan,nan,nan,nan,nan,nan,nan,nan,nan,nan,nan,nan,nan,nan,nan,nan,nan,nan,nan,nan,nan,nan,nan,nan,nan,nan,nan,nan,nan,nan,nan,nan,nan,nan,nan,nan,nan,nan,nan,nan,nan,nan,nan,nan,nan,nan,nan,nan,0.047290502243242175
1791062742.4945774,-2.27656964650859,2.574466109996661,2.4885785921946733,2.7671676066976124e-12,2.5763820171322978e-11,0.0,0.0,0.0,0.0,-2.4346527155185282,0.5255983833745258,-0.18876065296707695,-0.02897531175968697,0.0,0.0,0.0,0.2372969344384472,3.2867059592141104,0.0017888297410271572,0.004196016032941219,0.0,0.0,0.0,2.8654576002675456,2.063382266031381,0.0016302126725064982,-0.000740712239096984,nan,nan,nan,nan,nan,nan,nan,0.0,0.0,0.0,0.6795648277178561,-0.1972935815217874,0.07300728311223509,-0.10773571468619661,nan,nan,nan,nan,nan,nan,nan,nan,nan,nan,nan,nan,nan,nan,0.0,0.0,0.0,-0.9940824666942543,-0.8844748229918858,0.00024589863818926894,0.00029688199091800323,nan,nan,nan,nan,nan,nan,nan,nan,nan,nan,nan,nan,nan,nan,nan,nan,nan,nan,nan,nan,nan,nan,nan,nan,nan,nan,nan,nan,nan,nan,nan,nan,nan,nan,nan,nan,nan,nan,nan,nan,nan,nan,nan,nan,nan,nan,nan,nan,nan,0.0013161600255276688
1791062742.5945406,-2.276194936603702,2.574289672548744,2.487519244794185,2.5038367929158323e-12,2.3312068526275877e-11,0.0,0.0,0.0,0.0,-2.452328971192306,0.5237381613805472,-0.2260606645235799,-0.049329701622586916,0.0,0.0,0.0,0.2376531324723717,3.286232215093694,-0.009894695317059839,-0.00566458361468623,0.0,0.0,0.0,2.865390368553544,2.063361458070413,-0.005380740175928207,-0.005722116167405413,nan,nan,nan,nan,nan,nan,nan,0.0,0.0,0.0,0.6873808685020912,-0.21023205039400347,0.07678606994328341,-0.12497870569221527,nan,nan,nan,nan,nan,nan,nan,nan,nan,nan,nan,nan,nan,nan,0.0,0.0,0.0,-0.9940852443997737,-0.8844761211553174,-0.0003993576206464033,-0.0003316282424881765,nan,nan,nan,nan,nan,nan,nan,nan,nan,nan,nan,nan,nan,nan,nan,nan,nan,nan,nan,nan,nan,nan,nan,nan,nan,nan,nan,nan,nan,nan,nan,nan,nan,nan,nan,nan,nan,nan,nan,nan,nan,nan,nan,nan,nan,nan,nan,nan,nan,0.015841605011472366
1791062742.6945267,-2.276145649810831,2.574266897449875,2.4889353401690255,2.265565219246266e-12,2.1093631897752677e-11,0.0,0.0,0.0,0.0,-2.4714570985743394,0.5221184549889978,-0.20650620390189256,-0.02125331090494311,0.0,0.0,0.0,0.2377738268985754,3.2863634704374363,-5.423466038192609e-05,0.002009385860788424,0.0,0.0,0.0,2.865481034705517,2.0634677143882887,0.005860830322469435,0.005866811603554328,nan,nan,nan,nan,nan,nan,nan,0.0,0.0,0.0,0.6947570713694144,-0.22286794551378733,0.08184563501805794,-0.1342850321763984,nan,nan,nan,nan,nan,nan,nan,nan,nan,nan,nan,nan,nan,nan,0.0,0.0,0.0,-0.9940734801111953,-0.8844713446411325,4.299148535424267e-05,0.00016535038619978987,nan,nan,nan,nan,nan,nan,nan,nan,nan,nan,nan,nan,nan,nan,nan,nan,nan,nan,nan,nan,nan,nan,nan,nan,nan,nan,nan,nan,nan,nan,nan,nan,nan,nan,nan,nan,nan,nan,nan,nan,nan,nan,nan,nan,nan,nan,nan,nan,nan,0.02871634527526891
1791062742.7951877,-2.276121130764014,2.5741987185799626,2.488972351193192,2.0499681837013893e-12,1.9086307426403615e-11,0.0,0.0,0.0,0.0,-2.4876687214033417,0.5205473020378583,-0.13806193533383637,-0.015505518232327438,0.0,0.0,0.0,0.23778658683830345,3.2863436374214676,0.011685980316108178,0.00799784348817735,0.0,0.0,0.0,2.865440988398098,2.0634691424732967,0.0001391333233995149,0.003888332388806078,nan,nan,nan,nan,nan,nan,nan,0.0,0.0,0.0,0.702185732548808,-0.2349740569994652,0.08918584316659806,-0.13805484303706397,nan,nan,nan,nan,nan,nan,nan,nan,nan,nan,nan,nan,nan,nan,0.0,0.0,0.0,-0.9940777254365527,-0.884467634232304,-0.0005463817738465471,-0.0001361265918731096,nan,nan,nan,nan,nan,nan,nan,nan,nan,nan,nan,nan,nan,nan,nan,nan,nan,nan,nan,nan,nan,nan,nan,nan,nan,nan,nan,nan,nan,nan,nan,nan,nan,nan,nan,nan,nan,nan,nan,nan,nan,nan,nan,nan,nan,nan,nan,nan,nan,0.020310198662781512
1791062742.8966267,-2.27625107174275,2.5742443603722744,2.489111181702544,1.8548879186916828e-12,1.727000513429843e-11,0.0,0.0,0.0,0.0,-2.5053187455011057,0.5188477858771003,-0.19100545293338717,-0.019051739182895436,0.0,0.0,0.0,0.23773359664669128,3.286368818671633,-0.00701608272780733,0.0021896868922169693,0.0,0.0,0.0,2.86543984993897,2.0633948700808977,0.0009299648825899477,-0.000518294541858948,nan,nan,nan,nan,nan,nan,nan,0.0,0.0,0.0,0.7118059620137246,-0.250297448548793,0.08643091734598443,-0.1426757441347566,nan,nan,nan,nan,nan,nan,nan,nan,nan,nan,nan,nan,nan,nan,0.0,0.0,0.0,-0.9940906221275375,-0.8844776448303938,6.692281476549675e-05,-0.00010939889155471121,nan,nan,nan,nan,nan,nan,nan,nan,nan,nan,nan,nan,nan,nan,nan,nan,nan,nan,nan,nan,nan,nan,nan,nan,nan,nan,nan,nan,nan,nan,nan,nan,nan,nan,nan,nan,nan,nan,nan,nan,nan,nan,nan,nan,nan,nan,nan,nan,nan,0.01827705115343509
1791062742.994917,-2.2763470204302543,2.5743186862225356,2.4876039946196524,1.6811490873583227e-12,1.5652403079253247e-11,0.0,0.0,0.0,0.0,-2.5232084857877703,0.5170661554373857,-0.20341412155581956,-0.03252745073472338,0.0,0.0,0.0,0.23773506017318483,3.286336316227087,-0.011529940600867747,0.0032710401341157556,0.0,0.0,0.0,2.865389757849644,2.0633861048078983,-0.00158404302590609,-0.0003611836378275547,nan,nan,nan,nan,nan,nan,nan,0.0,0.0,0.0,0.7204286136400555,-0.2645328699543466,0.08786450396678486,-0.14683709904056727,nan,nan,nan,nan,nan,nan,nan,nan,nan,nan,nan,nan,nan,nan,0.0,0.0,0.0,-0.9940964223174651,-0.884455083343419,-0.0011948450848472273,-0.0005039008747248406,nan,nan,nan,nan,nan,nan,nan,nan,nan,nan,nan,nan,nan,nan,nan,nan,nan,nan,nan,nan,nan,nan,nan,nan,nan,nan,nan,nan,nan,nan,nan,nan,nan,nan,nan,nan,nan,nan,nan,nan,nan,nan,nan,nan,nan,nan,nan,nan,nan,0.0014593099546430957
1791062743.095719,-2.283116867926227,2.57794200139597,2.4852360092136085,1.5211665997811107e-12,1.4162879990545517e-11,0.0,0.0,0.0,0.0,-2.541349365490429,0.5151395412165102,-0.22971648281450263,-0.0884115547692652,0.0,0.0,0.0,0.23734929234114227,3.2866586056307394,0.0032643170675773674,-0.0020608047240919824,0.0,0.0,0.0,2.8654343507767592,2.0634616322656787,-0.0001695950851548255,-0.0009201383767240875,nan,nan,nan,nan,nan,nan,nan,0.0,0.0,0.0,0.7294197574516786,-0.2791753111252152,0.08908991101791587,-0.15081301709416572,nan,nan,nan,nan,nan,nan,nan,nan,nan,nan,nan,nan,nan,nan,0.0,0.0,0.0,-0.9940788673168599,-0.8844501864570333,0.0005943978750806502,0.00021340554811508165,nan,nan,nan,nan,nan,nan,nan,nan,nan,nan,nan,nan,nan,nan,nan,nan,nan,nan,nan,nan,nan,nan,nan,nan,nan,nan,nan,nan,nan,nan,nan,nan,nan,nan,nan,nan,nan,nan,nan,nan,nan,nan,nan,nan,nan,nan,nan,nan,nan,0.01608963016609429
1791062743.1955514,-2.28313449335057,2.5779644077089996,2.4852105027279974,1.3769544740256784e-12,1.2820187460648038e-11,0.0,0.0,0.0,0.0,-2.558708694297546,0.5144606209399192,-0.21527605444618453,-0.02194990170540196,0.0,0.0,0.0,0.23714743809358002,3.2865091039332444,-0.003159985778226404,-0.003713063117368887,0.0,0.0,0.0,2.8654335360913885,2.0633669750198744,0.0006559253803014542,-0.006775002160105164,nan,nan,nan,nan,nan,nan,nan,0.0,0.0,0.0,0.7381502110815938,-0.2941249403190857,0.085880022513142,-0.14751366733805144,nan,nan,nan,nan,nan,nan,nan,nan,nan,nan,nan,nan,nan,nan,0.0,0.0,0.0,-0.994059491080347,-0.8844669537081045,0.0007760519801865449,0.00012002419517836756,nan,nan,nan,nan,nan,nan,nan,nan,nan,nan,nan,nan,nan,nan,nan,nan,nan,nan,nan,nan,nan,nan,nan,nan,nan,nan,nan,nan,nan,nan,nan,nan,nan,nan,nan,nan,nan,nan,nan,nan,nan,nan,nan,nan,nan,nan,nan,nan,nan,0.010260893643286462
1791062743.295042,-2.2828562866981277,2.5780168801733634,2.4879578798072752,1.2459199312289115e-12,1.160018532247747e-11,0.0,0.0,0.0,0.0,-2.5767165490867523,0.5128516388666486,-0.17471517335092318,-0.025513594514866806,0.0,0.0,0.0,0.23778196763590512,3.286326242151047,0.012101075338196723,0.005085964559956485,0.0,0.0,0.0,2.8653794074921493,2.0634778863093666,-0.0005021921283957471,0.002809477315109612,nan,nan,nan,nan,nan,nan,nan,0.0,0.0,0.0,0.7472097279602863,-0.3087554779045343,0.10875227744459817,-0.1424165783641609,nan,nan,nan,nan,nan,nan,nan,nan,nan,nan,nan,nan,nan,nan,0.0,0.0,0.0,-0.9940773746267791,-0.8844557911756812,-9.00576602578138e-06,0.0004716588481784587,nan,nan,nan,nan,nan,nan,nan,nan,nan,nan,nan,nan,nan,nan,nan,nan,nan,nan,nan,nan,nan,nan,nan,nan,nan,nan,nan,nan,nan,nan,nan,nan,nan,nan,nan,nan,nan,nan,nan,nan,nan,nan,nan,nan,nan,nan,nan,nan,nan,0.00473244036655075
1791062743.3945913,-2.283105579260206,2.5779795922579947,2.4852483211285032,1.1274774946492834e-12,1.0497422472368579e-11,0.0,0.0,0.0,0.0,-2.594360309411229,0.5106422086506024,-0.16174152559149135,-0.01111127208995807,0.0,0.0,0.0,0.23778963017008287,3.2863081100784153,0.013108847797022632,0.005950066266625643,0.0,0.0,0.0,2.8654045371777275,2.063380046235211,-0.0028661626734634658,-0.00516011709043248,nan,nan,nan,nan,nan,nan,nan,0.0,0.0,0.0,0.7559084324622416,-0.32366766022794285,0.08842221427776066,-0.1514285148102227,nan,nan,nan,nan,nan,nan,nan,nan,nan,nan,nan,nan,nan,nan,0.0,0.0,0.0,-0.9940735319238666,-0.8844817226725077,-8.536899925065553e-06,-0.00044119593245105476,nan,nan,nan,nan,nan,nan,nan,nan,nan,nan,nan,nan,nan,nan,nan,nan,nan,nan,nan,nan,nan,nan,nan,nan,nan,nan,nan,nan,nan,nan,nan,nan,nan,nan,nan,nan,nan,nan,nan,nan,nan,nan,nan,nan,nan,nan,nan,nan,nan,0.0015314099995123573
1791062743.4945352,-2.283139372073178,2.578006262126115,2.485153544251304,1.0202153127637048e-12,9.498753812546497e-12,0.0,0.0,0.0,0.0,-2.611247857651561,0.5091716141219546,-0.19437565892842568,-0.018982078497480865,0.0,0.0,0.0,0.23730815127337213,3.2866870811324675,-0.0010935059662643316,0.001840807072275171,0.0,0.0,0.0,2.8654427757189564,2.0633873595113488,0.000955045307154368,-0.0006112785039047054,nan,nan,nan,nan,nan,nan,nan,0.0,0.0,0.0,0.7647890938237383,-0.3383038849856015,0.08555055592424879,-0.14423752206886228,nan,nan,nan,nan,nan,nan,nan,nan,nan,nan,nan,nan,nan,nan,0.0,0.0,0.0,-0.9940761128474312,-0.8844798544116087,-0.0004613052963560767,-0.00020748038734545816,nan,nan,nan,nan,nan,nan,nan,nan,nan,nan,nan,nan,nan,nan,nan,nan,nan,nan,nan,nan,nan,nan,nan,nan,nan,nan,nan,nan,nan,nan,nan,nan,nan,nan,nan,nan,nan,nan,nan,nan,nan,nan,nan,nan,nan,nan,nan,nan,nan,0.02087005784187528
1791062743.5945797,-2.282873736036466,2.5780495517394706,2.4878092029592294,9.231289895888984e-13,8.59482787567281e-12,0.0,0.0,0.0,0.0,-2.6264611870197174,0.5081186314022565,-0.13858639108696627,-0.014587261621201525,0.0,0.0,0.0,0.23732277964660162,3.2866607234269307,0.0013538437235345712,0.011861853341633645,0.0,0.0,0.0,2.865436347994188,2.0634678927835464,0.000437879338880232,0.0013026017419683318,nan,nan,nan,nan,nan,nan,nan,0.0,0.0,0.0,0.7738280894929626,-0.35306839969849746,0.0945076516318045,-0.14333283036140565,nan,nan,nan,nan,nan,nan,nan,nan,nan,nan,nan,nan,nan,nan,0.0,0.0,0.0,-0.9940779567556096,-0.8844737823605004,-0.00015787954058711054,2.9602340065348174e-06,nan,nan,nan,nan,nan,nan,nan,nan,nan,nan,nan,nan,nan,nan,nan,nan,nan,nan,nan,nan,nan,nan,nan,nan,nan,nan,nan,nan,nan,nan,nan,nan,nan,nan,nan,nan,nan,nan,nan,nan,nan,nan,nan,nan,nan,nan,nan,nan,nan,0.019292447670180856
1791062743.6945353,-2.283149834881996,2.578021264572483,2.48518261603888,8.353098252809456e-13,7.777184176986218e-12,0.0,0.0,0.0,0.0,-2.6431443779899713,0.5066787663354282,-0.15865626664507435,-0.010037587450789618,0.0,0.0,0.0,0.23764192021712685,3.2862288430111204,-0.005603413790262381,-0.004674581419089514,0.0,0.0,0.0,2.865562509596015,2.0634679339440094,0.0038667990453278996,-0.0011495401821528747,nan,nan,nan,nan,nan,nan,nan,0.0,0.0,0.0,0.7827757835422535,-0.36782696197025777,0.09017124108126807,-0.14955403244870305,nan,nan,nan,nan,nan,nan,nan,nan,nan,nan,nan,nan,nan,nan,0.0,0.0,0.0,-0.9937185667662275,-0.8842998310153005,0.001278429957244774,-0.000190293081004561,nan,nan,nan,nan,nan,nan,nan,nan,nan,nan,nan,nan,nan,nan,nan,nan,nan,nan,nan,nan,nan,nan,nan,nan,nan,nan,nan,nan,nan,nan,nan,nan,nan,nan,nan,nan,nan,nan,nan,nan,nan,nan,nan,nan,nan,nan,nan,nan,nan,0.021639603025636972
1791062743.7949758,-2.2831112046295576,2.578056434397459,2.4881129408084797,7.558195856876685e-13,7.037087251415218e-12,0.0,0.0,0.0,0.0,-2.660291745360742,0.5048957042241443,-0.14084278394910854,-0.018015883987541465,0.0,0.0,0.0,0.23773529359044526,3.2863636286799327,-0.0035632004844944835,0.0032427259093409343,0.0,0.0,0.0,2.8654940449138286,2.0634489472224398,0.002019509969519286,0.004383394237201164,nan,nan,nan,nan,nan,nan,nan,0.0,0.0,0.0,0.7915219287389936,-0.38252884944166543,0.08049797676870578,-0.13979892599302218,nan,nan,nan,nan,nan,nan,nan,nan,nan,nan,nan,nan,nan,nan,0.0,0.0,0.0,-0.9937348641619741,-0.8843041458753014,-0.0006043917568338891,-8.033222800637718e-05,nan,nan,nan,nan,nan,nan,nan,nan,nan,nan,nan,nan,nan,nan,nan,nan,nan,nan,nan,nan,nan,nan,nan,nan,nan,nan,nan,nan,nan,nan,nan,nan,nan,nan,nan,nan,nan,nan,nan,nan,nan,nan,nan,nan,nan,nan,nan,nan,nan,0.020738274207612966
1791062743.8945289,-2.2832057929461964,2.5780062589691823,2.4852164788900897,6.839425744310882e-13,6.36787358037319e-12,0.0,0.0,0.0,0.0,-2.67723305358386,0.5035451373076976,-0.1804018311636595,-0.014316012617802394,0.0,0.0,0.0,0.237731229271702,3.286279147082776,-0.003064721046016914,-0.005798951784455634,0.0,0.0,0.0,2.8654314094634556,2.0634005681568435,-0.003795810228940116,0.001121444042219531,nan,nan,nan,nan,nan,nan,nan,0.0,0.0,0.0,0.7997716556199729,-0.3969063500113469,0.09369648553287814,-0.15200491630314522,nan,nan,nan,nan,nan,nan,nan,nan,nan,nan,nan,nan,nan,nan,0.0,0.0,0.0,-0.993749714638575,-0.8842999190035948,-0.0008384805176283267,0.00015002852056392584,nan,nan,nan,nan,nan,nan,nan,nan,nan,nan,nan,nan,nan,nan,nan,nan,nan,nan,nan,nan,nan,nan,nan,nan,nan,nan,nan,nan,nan,nan,nan,nan,nan,nan,nan,nan,nan,nan,nan,nan,nan,nan,nan,nan,nan,nan,nan,nan,nan,0.011689524905829802
1791062743.995032,-2.2828487421796493,2.5777272319997095,2.4825051340641595,6.188568332316664e-13,5.7618902897620506e-12,0.0,0.0,0.0,0.0,-2.6939823663935183,0.5019155223799129,-0.1791910606110408,-0.01658738062760466,0.0,0.0,0.0,0.2371602620511,3.2865976162159978,-0.015739953006815695,0.003454024784858663,0.0,0.0,0.0,2.8654602914423837,2.0633958753566444,0.0011460240633743481,-0.0008235931517936892,nan,nan,nan,nan,nan,nan,nan,0.0,0.0,0.0,0.8071868402811457,-0.40892161885941924,0.07295566028281213,-0.1336305690238109,nan,nan,nan,nan,nan,nan,nan,nan,nan,nan,nan,nan,nan,nan,0.0,0.0,0.0,-0.9937298706997988,-0.8842961109057589,0.00039251705148361235,0.0001322563480044737,nan,nan,nan,nan,nan,nan,nan,nan,nan,nan,nan,nan,nan,nan,nan,nan,nan,nan,nan,nan,nan,nan,nan,nan,nan,nan,nan,nan,nan,nan,nan,nan,nan,nan,nan,nan,nan,nan,nan,nan,nan,nan,nan,nan,nan,nan,nan,nan,nan,0.025374895954553944
1791062744.0947523,-2.2834687533984117,2.5780389703450983,2.4883956784763375,5.601907943484519e-13,5.215677883873566e-12,0.0,0.0,0.0,0.0,-2.709992183195417,0.5001863870022346,-0.13335486245309036,-0.006266707707258999,0.0,0.0,0.0,0.23709129620819214,3.2865649749333232,-0.007485960556812822,0.008138502951858233,0.0,0.0,0.0,2.8654477827264997,2.0634699621356867,0.0016937546677711465,0.005317672147872746,nan,nan,nan,nan,nan,nan,nan,0.0,0.0,0.0,0.8155877614450497,-0.42277049829926594,0.08223458202608286,-0.13879218016653477,nan,nan,nan,nan,nan,nan,nan,nan,nan,nan,nan,nan,nan,nan,0.0,0.0,0.0,-0.993760901926877,-0.8843024877680378,-0.0013614887891798258,-0.00028965889867732503,nan,nan,nan,nan,nan,nan,nan,nan,nan,nan,nan,nan,nan,nan,nan,nan,nan,nan,nan,nan,nan,nan,nan,nan,nan,nan,nan,nan,nan,nan,nan,nan,nan,nan,nan,nan,nan,nan,nan,nan,nan,nan,nan,nan,nan,nan,nan,nan,nan,0.039604094645432374
1791062744.1945531,-2.283497279005615,2.5780683208496464,2.488390904532441,5.068815920465041e-13,4.719340510503126e-12,0.0,0.0,0.0,0.0,-2.726773875863542,0.4983283790924036,-0.1795887060393054,-0.026236867779939554,0.0,0.0,0.0,0.23712501533821684,3.2865322787361984,-0.0013366185667921956,-0.0018009532165482855,0.0,0.0,0.0,2.8654673963471895,2.063384158817648,0.0015627670321233579,-0.0006169657469396973,nan,nan,nan,nan,nan,nan,nan,0.0,0.0,0.0,0.8240060171582669,-0.4363053688190469,0.08763087535329905,-0.13334433929600056,nan,nan,nan,nan,nan,nan,nan,nan,nan,nan,nan,nan,nan,nan,0.0,0.0,0.0,-0.9937383181216667,-0.8843030367205119,0.0007338386592389595,0.00022495302956771136,nan,nan,nan,nan,nan,nan,nan,nan,nan,nan,nan,nan,nan,nan,nan,nan,nan,nan,nan,nan,nan,nan,nan,nan,nan,nan,nan,nan,nan,nan,nan,nan,nan,nan,nan,nan,nan,nan,nan,nan,nan,nan,nan,nan,nan,nan,nan,nan,nan,0.014778909799197175
1791062744.2944994,-2.283179677293552,2.5780333476992054,2.4852888799155606,4.586497941798402e-13,4.270276505934458e-12,0.0,0.0,0.0,0.0,-2.7418798710688326,0.49618804952001117,-0.19437660648085558,-0.048858890206271925,0.0,0.0,0.0,0.2370780554630416,3.2865558536323305,-0.013667838834547438,-0.006469447082290062,0.0,0.0,0.0,2.8654148559316286,2.0633790065769064,-0.00016970645816030634,-0.0016823882466698629,nan,nan,nan,nan,nan,nan,nan,0.0,0.0,0.0,0.8322707972723249,-0.45004144294297554,0.08432162357207694,-0.13749716451672828,nan,nan,nan,nan,nan,nan,nan,nan,nan,nan,nan,nan,nan,nan,0.0,0.0,0.0,-0.9937350671507836,-0.8843081566800441,-0.00038701811505473265,2.2409959701092584e-05,nan,nan,nan,nan,nan,nan,nan,nan,nan,nan,nan,nan,nan,nan,nan,nan,nan,nan,nan,nan,nan,nan,nan,nan,nan,nan,nan,nan,nan,nan,nan,nan,nan,nan,nan,nan,nan,nan,nan,nan,nan,nan,nan,nan,nan,nan,nan,nan,nan,0.01807071408720725
1791062744.3945591,-2.2831611490146964,2.578010219851647,2.4851664385087706,4.15003495614514e-13,3.863905968544809e-12,0.0,0.0,0.0,0.0,-2.758043347838352,0.49423213556851053,-0.2030392928911352,-0.032274360504968916,0.0,0.0,0.0,0.237731263683015,3.28636832664502,0.036594755488241974,-0.022614600653996803,0.0,0.0,0.0,2.8654582568415568,2.0634328719875707,0.0015199203709050722,-0.0020545632391064583,nan,nan,nan,nan,nan,nan,nan,0.0,0.0,0.0,0.8407475488560946,-0.4642198516939492,0.08559140912800414,-0.14472067223147053,nan,nan,nan,nan,nan,nan,nan,nan,nan,nan,nan,nan,nan,nan,0.0,0.0,0.0,-0.9937461819234851,-0.8843095906017342,0.0006658003233428817,-1.2866704123722973e-05,nan,nan,nan,nan,nan,nan,nan,nan,nan,nan,nan,nan,nan,nan,nan,nan,nan,nan,nan,nan,nan,nan,nan,nan,nan,nan,nan,nan,nan,nan,nan,nan,nan,nan,nan,nan,nan,nan,nan,nan,nan,nan,nan,nan,nan,nan,nan,nan,nan,0.005780055645031394
1791062744.4945102,-2.2828561351491623,2.577711781345452,2.482227782905061,3.755216806176451e-13,3.4963090151998972e-12,0.0,0.0,0.0,0.0,-2.7738128339602377,0.49271378495684615,-0.15967177268436517,-0.014794330480254182,0.0,0.0,0.0,0.23776440118204725,3.2863744139030406,-0.0010345182255564512,0.0025318533988303344,0.0,0.0,0.0,2.8654713312648847,2.063468407697447,0.0024230121340886508,0.0007718269339384821,nan,nan,nan,nan,nan,nan,nan,0.0,0.0,0.0,0.8490832178398775,-0.4783555756376288,0.08487277821261188,-0.1411051214881699,nan,nan,nan,nan,nan,nan,nan,nan,nan,nan,nan,nan,nan,nan,0.0,0.0,0.0,-0.9937463710119957,-0.8842990105055947,-0.0003795166758057408,0.0006470157350536738,nan,nan,nan,nan,nan,nan,nan,nan,nan,nan,nan,nan,nan,nan,nan,nan,nan,nan,nan,nan,nan,nan,nan,nan,nan,nan,nan,nan,nan,nan,nan,nan,nan,nan,nan,nan,nan,nan,nan,nan,nan,nan,nan,nan,nan,nan,nan,nan,nan,0.025767428222220647
1791062744.5945594,-2.283162114403868,2.5779552779201373,2.4854306222357767,3.3978606796071643e-13,3.16359122247323e-12,0.0,0.0,0.0,0.0,-2.793993887107199,0.49033869614817943,-0.21517371344275893,-0.025985937417065362,0.0,0.0,0.0,0.23778176828656689,3.286334856816384,0.0007024313216568816,-0.003171588922366832,0.0,0.0,0.0,2.86541771206782,2.0634579372914117,0.001897493185327559,0.0028004523806991217,nan,nan,nan,nan,nan,nan,nan,0.0,0.0,0.0,0.857712331261647,-0.49221091969565856,0.10327524554436793,-0.13690005102950906,nan,nan,nan,nan,nan,nan,nan,nan,nan,nan,nan,nan,nan,nan,0.0,0.0,0.0,-0.9937242191435347,-0.8843172580723462,0.001688420982952022,-0.00018163712842535359,nan,nan,nan,nan,nan,nan,nan,nan,nan,nan,nan,nan,nan,nan,nan,nan,nan,nan,nan,nan,nan,nan,nan,nan,nan,nan,nan,nan,nan,nan,nan,nan,nan,nan,nan,nan,nan,nan,nan,nan,nan,nan,nan,nan,nan,nan,nan,nan,nan,0.007468199180083114
1791062744.6945298,-2.2755915552924937,2.573994663018218,2.4871810496120794,3.0745608401926856e-13,2.8625816665673366e-12,0.0,0.0,0.0,0.0,-2.8105349899002348,0.4882020747402629,-0.14784812133069797,-0.010868305319845908,0.0,0.0,0.0,0.23777111161923256,3.28631058790055,0.0014993194155860459,-0.0012657324161714381,0.0,0.0,0.0,2.8654019029695545,2.0633957213071135,-0.0009006544387427755,-0.006333415786161108,nan,nan,nan,nan,nan,nan,nan,0.0,0.0,0.0,0.8660468845837203,-0.5063988606115535,0.0847699169578982,-0.1478324219422692,nan,nan,nan,nan,nan,nan,nan,nan,nan,nan,nan,nan,nan,nan,0.0,0.0,0.0,-0.9937398261923285,-0.8843216675563637,-0.00019393696577848222,-2.9923167583738415e-05,nan,nan,nan,nan,nan,nan,nan,nan,nan,nan,nan,nan,nan,nan,nan,nan,nan,nan,nan,nan,nan,nan,nan,nan,nan,nan,nan,nan,nan,nan,nan,nan,nan,nan,nan,nan,nan,nan,nan,nan,nan,nan,nan,nan,nan,nan,nan,nan,nan,0.052837870179330795
1791062744.795216,-2.2831111221223197,2.5779570933166025,2.4851101870779737,2.781977692677542e-13,2.5901710045064334e-12,0.0,0.0,0.0,0.0,-2.828556339984963,0.48660406043368615,-0.1927675566216862,-0.007307507087169457,0.0,0.0,0.0,0.23757909282506587,3.2861980238361816,0.02126547593363221,-0.03547388590233639,0.0,0.0,0.0,2.8654537125054946,2.0634000495025053,0.003225860303346696,-0.0009580289345923309,nan,nan,nan,nan,nan,nan,nan,0.0,0.0,0.0,0.8745121543122971,-0.5206609066884534,0.0779844288977422,-0.13677427005604592,nan,nan,nan,nan,nan,nan,nan,nan,nan,nan,nan,nan,nan,nan,0.0,0.0,0.0,-0.9937437403928084,-0.884316833639483,0.00019133162952786694,-0.00032890431210685943,nan,nan,nan,nan,nan,nan,nan,nan,nan,nan,nan,nan,nan,nan,nan,nan,nan,nan,nan,nan,nan,nan,nan,nan,nan,nan,nan,nan,nan,nan,nan,nan,nan,nan,nan,nan,nan,nan,nan,nan,nan,nan,nan,nan,nan,nan,nan,nan,nan,0.021758704922120856
1791062744.8950646,-2.276187646035506,2.574208418840417,2.4884087101728696,2.5186655337945174e-13,2.345013208716784e-12,0.0,0.0,0.0,0.0,-2.845512033462988,0.48428911001462754,-0.13318490995675025,-0.01121263388545455,0.0,0.0,0.0,0.23759893033211058,3.2862049133750966,-0.0018602678351271698,-0.004509828270275401,0.0,0.0,0.0,2.8653617827255715,2.063461209756162,-0.0015240263620145363,0.004758149004177443,nan,nan,nan,nan,nan,nan,nan,0.0,0.0,0.0,0.8828484126300511,-0.5341479594998962,0.08282389416180724,-0.1323350021239696,nan,nan,nan,nan,nan,nan,nan,nan,nan,nan,nan,nan,nan,nan,0.0,0.0,0.0,-0.9937500059947979,-0.8843143288030685,-0.0004070030944135689,6.334465202190855e-05,nan,nan,nan,nan,nan,nan,nan,nan,nan,nan,nan,nan,nan,nan,nan,nan,nan,nan,nan,nan,nan,nan,nan,nan,nan,nan,nan,nan,nan,nan,nan,nan,nan,nan,nan,nan,nan,nan,nan,nan,nan,nan,nan,nan,nan,nan,nan,nan,nan,0.020344210864265314
1791062744.9945152,-2.2762663801127063,2.5742785544125084,2.4886283727792606,2.2793014383714215e-13,2.122152349294114e-12,0.0,0.0,0.0,0.0,-2.864374032570812,0.48202027581492307,-0.22562612861481685,-0.01893339215497008,0.0,0.0,0.0,0.2371188024410445,3.2865703836333697,-0.023976108659255462,0.000495739592952185,0.0,0.0,0.0,2.865438468258749,2.0634722852117857,0.0014021543403765504,0.005626248465406565,nan,nan,nan,nan,nan,nan,nan,0.0,0.0,0.0,0.8910016446032185,-0.5475148149245367,0.08254012102012005,-0.13159716876199867,nan,nan,nan,nan,nan,nan,nan,nan,nan,nan,nan,nan,nan,nan,0.0,0.0,0.0,-0.9937508917329156,-0.8843087656648562,-0.0006924556982396369,0.0003259785061150283,nan,nan,nan,nan,nan,nan,nan,nan,nan,nan,nan,nan,nan,nan,nan,nan,nan,nan,nan,nan,nan,nan,nan,nan,nan,nan,nan,nan,nan,nan,nan,nan,nan,nan,nan,nan,nan,nan,nan,nan,nan,nan,nan,nan,nan,nan,nan,nan,nan,0.03163308552849522
1791062745.09456,-2.2763843354715476,2.574333645515665,2.4890472402191754,2.0623990044488156e-13,1.9202045059911424e-12,0.0,0.0,0.0,0.0,-2.8795383009260824,0.47991742393808834,-0.03155388690359379,0.0004045440815649182,0.0,0.0,0.0,0.23733053784649166,3.286691491249538,0.014569537767051303,0.011260568367444854,0.0,0.0,0.0,2.8654016306263985,2.0634637993909966,0.0014583168199271415,0.00599121076203116,nan,nan,nan,nan,nan,nan,nan,0.0,0.0,0.0,0.8997753324529099,-0.5617768547484432,0.08615881069434222,-0.14448087483578814,nan,nan,nan,nan,nan,nan,nan,nan,nan,nan,nan,nan,nan,nan,0.0,0.0,0.0,-0.9937448301481171,-0.884309248120949,-0.0005389911171943025,0.0003503916962753044,nan,nan,nan,nan,nan,nan,nan,nan,nan,nan,nan,nan,nan,nan,nan,nan,nan,nan,nan,nan,nan,nan,nan,nan,nan,nan,nan,nan,nan,nan,nan,nan,nan,nan,nan,nan,nan,nan,nan,nan,nan,nan,nan,nan,nan,nan,nan,nan,nan,0.009208448125899656
1791062745.194528,-2.2743589054970133,2.5733928225479055,2.4884250422819596,1.8661357904426438e-13,1.7374728875787909e-12,0.0,0.0,0.0,0.0,-2.8796478811660626,0.4797308526534433,-0.007120981256811046,-0.0037864825563157125,0.0,0.0,0.0,0.2372943904095849,3.286663685333435,0.0016750567608018487,0.0010045651802146522,0.0,0.0,0.0,2.8654271746035285,2.063466568623208,-0.0009801165861906159,-0.0003023138300858432,nan,nan,nan,nan,nan,nan,nan,0.0,0.0,0.0,0.9082906744388746,-0.5756111231474424,0.08073143130770816,-0.13908682573580702,nan,nan,nan,nan,nan,nan,nan,nan,nan,nan,nan,nan,nan,nan,0.0,0.0,0.0,-0.9937411369450919,-0.8843170011520841,-0.0006131656256005497,-5.817269544368929e-05,nan,nan,nan,nan,nan,nan,nan,nan,nan,nan,nan,nan,nan,nan,nan,nan,nan,nan,nan,nan,nan,nan,nan,nan,nan,nan,nan,nan,nan,nan,nan,nan,nan,nan,nan,nan,nan,nan,nan,nan,nan,nan,nan,nan,nan,nan,nan,nan,nan,0.17130911021789527
1791062745.294576,-2.276113435117127,2.5741374941716746,2.4877914735296645,1.688549517616537e-13,1.5721305069107993e-12,0.0,0.0,0.0,0.0,-2.8796729176293674,0.47974799242375527,-0.018856539530238046,0.0001404515368516688,0.0,0.0,0.0,0.23720487422802106,3.2865341696898445,-0.0017305038392894253,-0.006500229357614823,0.0,0.0,0.0,2.865428955622332,2.063389730969331,0.0009131369189929184,-0.0037292735676161845,nan,nan,nan,nan,nan,nan,nan,0.0,0.0,0.0,0.9170346164082881,-0.5894242746018912,0.08974702867168051,-0.13847790789747114,nan,nan,nan,nan,nan,nan,nan,nan,nan,nan,nan,nan,nan,nan,0.0,0.0,0.0,-0.9937276949020912,-0.8843155626905342,0.0008932363288565225,-0.0009695275480119668,nan,nan,nan,nan,nan,nan,nan,nan,nan,nan,nan,nan,nan,nan,nan,nan,nan,nan,nan,nan,nan,nan,nan,nan,nan,nan,nan,nan,nan,nan,nan,nan,nan,nan,nan,nan,nan,nan,nan,nan,nan,nan,nan,nan,nan,nan,nan,nan,nan,0.0321306566238276
1791062745.3971028,-2.2764472077930726,2.574326766078493,2.488508481663335,1.527862785989375e-13,1.4225225089153158e-12,0.0,0.0,0.0,0.0,-2.8803173759505154,0.47933467879408737,-0.04760683250121397,-0.026086079882858628,0.0,0.0,0.0,0.23731922788469123,3.286687866980264,0.008525841019827538,0.008220320622322133,0.0,0.0,0.0,2.8653554312698835,2.0633830610341737,-0.003069944005855904,-0.0015314849090627986,nan,nan,nan,nan,nan,nan,nan,0.0,0.0,0.0,0.9261221351073275,-0.6039001914459484,0.08718905939130821,-0.14507234106007272,nan,nan,nan,nan,nan,nan,nan,nan,nan,nan,nan,nan,nan,nan,0.0,0.0,0.0,-0.9937372875711995,-0.884297481718162,2.1167481918963796e-05,7.301982602878629e-05,nan,nan,nan,nan,nan,nan,nan,nan,nan,nan,nan,nan,nan,nan,nan,nan,nan,nan,nan,nan,nan,nan,nan,nan,nan,nan,nan,nan,nan,nan,nan,nan,nan,nan,nan,nan,nan,nan,nan,nan,nan,nan,nan,nan,nan,nan,nan,nan,nan,0.0030463395119686184
1791062745.4949737,-2.2763323931865913,2.574265016346422,2.4891172186221393,1.384163411491267e-13,1.2887306549509953e-12,0.0,0.0,0.0,0.0,-2.879669859081137,0.4796917264561128,-0.0038816346323482763,-0.0016596338630857864,0.0,0.0,0.0,0.23731199560491312,3.2866519738924964,0.0038292069389290087,0.002407249532376741,0.0,0.0,0.0,2.86541663537182,2.0633872811000367,0.00076053792061403,-0.0021140706927472884,nan,nan,nan,nan,nan,nan,nan,0.0,0.0,0.0,0.9346630933494487,-0.6183881506741783,0.08062994590522515,-0.15631211551883514,nan,nan,nan,nan,nan,nan,nan,nan,nan,nan,nan,nan,nan,nan,0.0,0.0,0.0,-0.9937358127156837,-0.8842893814379801,0.0006656583137074098,0.00017101487175481,nan,nan,nan,nan,nan,nan,nan,nan,nan,nan,nan,nan,nan,nan,nan,nan,nan,nan,nan,nan,nan,nan,nan,nan,nan,nan,nan,nan,nan,nan,nan,nan,nan,nan,nan,nan,nan,nan,nan,nan,nan,nan,nan,nan,nan,nan,nan,nan,nan,0.012173509206206929
1791062745.5945501,-2.2762016410209562,2.574195984838427,2.4876343877598486,1.252716820629536e-13,1.16634680220213e-12,0.0,0.0,0.0,0.0,-2.879664448844797,0.47971304406698223,0.0007670750027447759,0.0012618937703695139,0.0,0.0,0.0,0.23713036995752543,3.286524884697117,-0.0011702959150791713,-0.002905615303142095,0.0,0.0,0.0,2.865400934757682,2.0634214594916322,-0.0018718737676010908,0.0021048464090418343,nan,nan,nan,nan,nan,nan,nan,0.0,0.0,0.0,0.9428138406904754,-0.6320153320244067,0.023019037666530608,-0.0964306221761563,nan,nan,nan,nan,nan,nan,nan,nan,nan,nan,nan,nan,nan,nan,0.0,0.0,0.0,-0.99373367562167,-0.8842960379563554,0.0007199719634167882,0.00044307050052439667,nan,nan,nan,nan,nan,nan,nan,nan,nan,nan,nan,nan,nan,nan,nan,nan,nan,nan,nan,nan,nan,nan,nan,nan,nan,nan,nan,nan,nan,nan,nan,nan,nan,nan,nan,nan,nan,nan,nan,nan,nan,nan,nan,nan,nan,nan,nan,nan,nan,0.023069722594354285
1791062745.6945739,-2.276423440364503,2.5742913361213464,2.4887172439103926,1.1335070577207053e-13,1.055356095068401e-12,0.0,0.0,0.0,0.0,-2.879691535850746,0.4797103979912315,-0.00309667684955263,0.0004783936053981933,0.0,0.0,0.0,0.23716251879779582,3.2865209189209135,0.0015529217199252358,-0.004636549736099931,0.0,0.0,0.0,2.865395897814695,2.0634630139027843,-0.0007413940757984246,9.257911804026033e-05,nan,nan,nan,nan,nan,nan,nan,0.0,0.0,0.0,0.9537856876654404,-0.651118835723533,0.11306751731200362,-0.20729656200574179,nan,nan,nan,nan,nan,nan,nan,nan,nan,nan,nan,nan,nan,nan,0.0,0.0,0.0,-0.9937282369949549,-0.8843013682363069,0.0005682642316372124,0.00015580866741326843,nan,nan,nan,nan,nan,nan,nan,nan,nan,nan,nan,nan,nan,nan,nan,nan,nan,nan,nan,nan,nan,nan,nan,nan,nan,nan,nan,nan,nan,nan,nan,nan,nan,nan,nan,nan,nan,nan,nan,nan,nan,nan,nan,nan,nan,nan,nan,nan,nan,0.016077746570670105
1791062745.7947998,-2.276268043168655,2.574252711345563,2.488741672702211,1.0256395995969074e-13,9.54925684322308e-13,0.0,0.0,0.0,0.0,-2.880356333528193,0.4793956922499616,-0.04948873367639106,-0.023462460321297715,0.0,0.0,0.0,0.23709933837783329,3.286521279125499,-0.0023517217645617934,-0.002993535582073426,0.0,0.0,0.0,2.865353868681208,2.0634640238011412,-0.0031232448155823463,-0.00022449462801038607,nan,nan,nan,nan,nan,nan,nan,0.0,0.0,0.0,0.9642974861220888,-0.6680537423026864,0.09919859672363703,-0.16806823930281178,nan,nan,nan,nan,nan,nan,nan,nan,nan,nan,nan,nan,nan,nan,0.0,0.0,0.0,-0.9937319865455411,-0.8843209175034289,0.00017124976455653128,-0.00047595222207996106,nan,nan,nan,nan,nan,nan,nan,nan,nan,nan,nan,nan,nan,nan,nan,nan,nan,nan,nan,nan,nan,nan,nan,nan,nan,nan,nan,nan,nan,nan,nan,nan,nan,nan,nan,nan,nan,nan,nan,nan,nan,nan,nan,nan,nan,nan,nan,nan,nan,0.0272934193471976
1791062745.8953,-2.27641459730861,2.5742751717817645,2.4882178438233056,9.280429626983559e-14,8.640579610845027e-13,0.0,0.0,0.0,0.0,-2.879628706958286,0.4797231074120938,-0.018645545311763507,-0.009461415213956919,0.0,0.0,0.0,0.23714431178848278,3.2865556959884996,-0.0009080151037868997,-0.0003469103213966673,0.0,0.0,0.0,2.865419411163705,2.063481839611571,-0.002893214272757351,0.000536785165441649,nan,nan,nan,nan,nan,nan,nan,0.0,0.0,0.0,0.9745775418854856,-0.6848659385965904,0.10524708131024246,-0.15808081550613384,nan,nan,nan,nan,nan,nan,nan,nan,nan,nan,nan,nan,nan,nan,0.0,0.0,0.0,-0.9937538806773325,-0.8843119236720768,-0.0007965954466843577,-2.6520745145411655e-05,nan,nan,nan,nan,nan,nan,nan,nan,nan,nan,nan,nan,nan,nan,nan,nan,nan,nan,nan,nan,nan,nan,nan,nan,nan,nan,nan,nan,nan,nan,nan,nan,nan,nan,nan,nan,nan,nan,nan,nan,nan,nan,nan,nan,nan,nan,nan,nan,nan,0.04108039086439665
1791062745.9951122,-2.276494144023968,2.5743416782255055,2.4887254303379835,8.397636295883096e-14,7.818651492871039e-13,0.0,0.0,0.0,0.0,-2.879321911030866,0.47986062184768646,0.026974065461352857,0.012609333950330657,0.0,0.0,0.0,0.23727499337416919,3.28661666569186,0.008093197222221089,0.005543426593186616,0.0,0.0,0.0,2.8654111560629603,2.0633759852013926,0.0006010832718753459,-0.00731768221220371,nan,nan,nan,nan,nan,nan,nan,0.0,0.0,0.0,0.9841677715288082,-0.700730987317657,0.0884490769404697,-0.1582807504758233,nan,nan,nan,nan,nan,nan,nan,nan,nan,nan,nan,nan,nan,nan,0.0,0.0,0.0,-0.9937408581504008,-0.8843101044064877,0.000656239438594482,-1.1337084864750559e-05,nan,nan,nan,nan,nan,nan,nan,nan,nan,nan,nan,nan,nan,nan,nan,nan,nan,nan,nan,nan,nan,nan,nan,nan,nan,nan,nan,nan,nan,nan,nan,nan,nan,nan,nan,nan,nan,nan,nan,nan,nan,nan,nan,nan,nan,nan,nan,nan,nan,0.0008114068692129623
1791062746.0954256,-2.2763495471186497,2.574246291809448,2.4879643198263155,7.598495544782232e-14,7.074608430459297e-13,0.0,0.0,0.0,0.0,-2.879670154749149,0.47973749121970904,-0.001449384720172709,0.0013915327738133778,0.0,0.0,0.0,0.23726477806391383,3.28665243549059,0.00911005860632267,0.008635079986580115,0.0,0.0,0.0,2.865413178749537,2.063484045602947,0.0011724992332171897,0.0065572625031759205,nan,nan,nan,nan,nan,nan,nan,0.0,0.0,0.0,0.9938226616726451,-0.7159568256739189,0.10106070655700873,-0.12503076427659185,nan,nan,nan,nan,nan,nan,nan,nan,nan,nan,nan,nan,nan,nan,0.0,0.0,0.0,-0.9937440406990602,-0.8843134038165376,-0.0004943610692553469,0.00019083778080316034,nan,nan,nan,nan,nan,nan,nan,nan,nan,nan,nan,nan,nan,nan,nan,nan,nan,nan,nan,nan,nan,nan,nan,nan,nan,nan,nan,nan,nan,nan,nan,nan,nan,nan,nan,nan,nan,nan,nan,nan,nan,nan,nan,nan,nan,nan,nan,nan,nan,0.00481878949934552
1791062746.1950572,-2.276349827637597,2.57425927670418,2.488247161567158,6.875403090793632e-14,6.401370426851853e-13,0.0,0.0,0.0,0.0,-2.8796706670608705,0.4797112708783429,0.0093958805831843,0.003731857554066722,0.0,0.0,0.0,0.23714489689995963,3.2865038724633493,-0.001983963256035702,-0.0061161562936408505,0.0,0.0,0.0,2.8654097538870147,2.063405298105495,0.0011255155501272577,0.0017352656708694637,nan,nan,nan,nan,nan,nan,nan,0.0,0.0,0.0,1.0031542369157374,-0.7308796839945426,0.09245244484490454,-0.1543121524998864,nan,nan,nan,nan,nan,nan,nan,nan,nan,nan,nan,nan,nan,nan,0.0,0.0,0.0,-0.9937436660732402,-0.8843247201462211,0.0009114979569646736,-0.00016170196857511775,nan,nan,nan,nan,nan,nan,nan,nan,nan,nan,nan,nan,nan,nan,nan,nan,nan,nan,nan,nan,nan,nan,nan,nan,nan,nan,nan,nan,nan,nan,nan,nan,nan,nan,nan,nan,nan,nan,nan,nan,nan,nan,nan,nan,nan,nan,nan,nan,nan,0.025278953978527096
1791062746.2953675,-2.276218161705391,2.574218383456772,2.488263654718066,6.221121981621086e-14,5.792199489846979e-13,0.0,0.0,0.0,0.0,-2.8796584604920215,0.4797080802608982,0.01212218004535396,0.006174406838793157,0.0,0.0,0.0,0.23727385212226798,3.286672882564031,0.011310910969926825,0.008351556013953095,0.0,0.0,0.0,2.8654178729578703,2.0634100947542287,0.0015132257699059827,0.002379663936432377,nan,nan,nan,nan,nan,nan,nan,0.0,0.0,0.0,1.0124207527253706,-0.7456977150265626,0.08547854961805658,-0.13466354035537054,nan,nan,nan,nan,nan,nan,nan,nan,nan,nan,nan,nan,nan,nan,0.0,0.0,0.0,-0.9937460168846359,-0.8843273042940915,-0.0005227398216402416,-1.8257929200961667e-06,nan,nan,nan,nan,nan,nan,nan,nan,nan,nan,nan,nan,nan,nan,nan,nan,nan,nan,nan,nan,nan,nan,nan,nan,nan,nan,nan,nan,nan,nan,nan,nan,nan,nan,nan,nan,nan,nan,nan,nan,nan,nan,nan,nan,nan,nan,nan,nan,nan,0.007182905648145149
1791062746.3961072,-2.276676776973983,2.5744348299732778,2.488278969905332,5.629866595276455e-14,5.241708893894662e-13,0.0,0.0,0.0,0.0,-2.8797183491257488,0.4797026908319779,-0.00014394010264288893,0.0021784435989861467,0.0,0.0,0.0,0.23714622939508193,3.286556252510989,0.00016514062686035565,0.0029373897048687292,0.0,0.0,0.0,2.865406472279953,2.0633822847952117,-0.004380885118837983,-0.005760450166095792,nan,nan,nan,nan,nan,nan,nan,0.0,0.0,0.0,1.0245871034645122,-0.7625819096111377,0.14313119708582506,-0.18809990727204035,nan,nan,nan,nan,nan,nan,nan,nan,nan,nan,nan,nan,nan,nan,0.0,0.0,0.0,-0.9937360840796949,-0.8843151704653895,0.00017443122726259997,-0.00020274902697900343,nan,nan,nan,nan,nan,nan,nan,nan,nan,nan,nan,nan,nan,nan,nan,nan,nan,nan,nan,nan,nan,nan,nan,nan,nan,nan,nan,nan,nan,nan,nan,nan,nan,nan,nan,nan,nan,nan,nan,nan,nan,nan,nan,nan,nan,nan,nan,nan,nan,0.0331861646299385
1791062746.4975014,-2.276230730675262,2.57415540642904,2.488371722026927,5.0963230834922465e-14,4.744951160177574e-13,0.0,0.0,0.0,0.0,-2.879697628698655,0.4796577980179996,0.0009078160172821652,-0.004193426147162359,0.0,0.0,0.0,0.23714432480878778,3.2865464760343572,-0.0028420076420029587,-0.0024102390172083673,0.0,0.0,0.0,2.8654858986596223,2.063400363668437,0.00610804085463338,-0.0011743758035842984,nan,nan,nan,nan,nan,nan,nan,0.0,0.0,0.0,1.0312739699153621,-0.7752638259948204,0.05190709915305372,-0.13001280465934398,nan,nan,nan,nan,nan,nan,nan,nan,nan,nan,nan,nan,nan,nan,0.0,0.0,0.0,-0.9937418155958443,-0.8843069488852948,-0.0002833389062299815,0.00012549279508815793,nan,nan,nan,nan,nan,nan,nan,nan,nan,nan,nan,nan,nan,nan,nan,nan,nan,nan,nan,nan,nan,nan,nan,nan,nan,nan,nan,nan,nan,nan,nan,nan,nan,nan,nan,nan,nan,nan,nan,nan,nan,nan,nan,nan,nan,nan,nan,nan,nan,0.004667627433375692
1791062746.595301,-2.276607141002254,2.5743765104207097,2.4884858031128108,4.611343821078694e-14,4.2934093571656735e-13,0.0,0.0,0.0,0.0,-2.8797088402477007,0.4797018681209777,-0.002734821282651333,-0.004396976424121744,0.0,0.0,0.0,0.2376260860953807,3.2861658802028013,-0.0007340201931465319,-0.004753151013557253,0.0,0.0,0.0,2.8654518096682953,2.063441442923288,0.0015953231859012049,0.0033248373009465205,nan,nan,nan,nan,nan,nan,nan,0.0,0.0,0.0,1.040951036337657,-0.7904898567526933,0.09486488739187306,-0.15099316901463317,nan,nan,nan,nan,nan,nan,nan,nan,nan,nan,nan,nan,nan,nan,0.0,0.0,0.0,-0.9937311069312222,-0.8843163574641796,0.0008107881856802075,8.494400058301377e-05,nan,nan,nan,nan,nan,nan,nan,nan,nan,nan,nan,nan,nan,nan,nan,nan,nan,nan,nan,nan,nan,nan,nan,nan,nan,nan,nan,nan,nan,nan,nan,nan,nan,nan,nan,nan,nan,nan,nan,nan,nan,nan,nan,nan,nan,nan,nan,nan,nan,0.01204112364638805
1791062746.6948097,-2.2765109715708824,2.574321763043659,2.488421844241781,4.1725164374055326e-14,3.8848374379280056e-13,0.0,0.0,0.0,0.0,-2.879700468188172,0.47971276795193485,0.03531284045847882,0.021290540791925668,0.0,0.0,0.0,0.23761694976992082,3.28622899531586,-0.002758113446997257,-0.0015106986662859105,0.0,0.0,0.0,2.865417329346806,2.063493573967614,-0.0023837335966665715,0.0053138191239208874,nan,nan,nan,nan,nan,nan,nan,0.0,0.0,0.0,1.0508125623842188,-0.806232106256977,0.09626760086069128,-0.16298952163915512,nan,nan,nan,nan,nan,nan,nan,nan,nan,nan,nan,nan,nan,nan,0.0,0.0,0.0,-0.9937287888141911,-0.8843154645208351,0.0006666823112533921,-1.8324401068415034e-05,nan,nan,nan,nan,nan,nan,nan,nan,nan,nan,nan,nan,nan,nan,nan,nan,nan,nan,nan,nan,nan,nan,nan,nan,nan,nan,nan,nan,nan,nan,nan,nan,nan,nan,nan,nan,nan,nan,nan,nan,nan,nan,nan,nan,nan,nan,nan,nan,nan,0.0012713977658157074
1791062746.7945216,-2.276094741505234,2.5741037729146172,2.489127845058193,3.776143199529646e-14,3.515792614020622e-13,0.0,0.0,0.0,0.0,-2.879657339102161,0.47973143838210136,0.043356312971221445,0.018066139767304645,0.0,0.0,0.0,0.2376522911213585,3.2862135120035223,-0.01161208517842107,-0.010940439762463597,0.0,0.0,0.0,2.8654002130017138,2.063407525961345,-0.006124537262890246,-0.004375391024607666,nan,nan,nan,nan,nan,nan,nan,0.0,0.0,0.0,1.0608979503054097,-0.8218993118732891,0.1028670570857719,-0.15295570962892088,nan,nan,nan,nan,nan,nan,nan,nan,nan,nan,nan,nan,nan,nan,0.0,0.0,0.0,-0.993747249785285,-0.8843080087941734,-0.0007787231786397459,-8.337116733921268e-05,nan,nan,nan,nan,nan,nan,nan,nan,nan,nan,nan,nan,nan,nan,nan,nan,nan,nan,nan,nan,nan,nan,nan,nan,nan,nan,nan,nan,nan,nan,nan,nan,nan,nan,nan,nan,nan,nan,nan,nan,nan,nan,nan,nan,nan,nan,nan,nan,nan,0.0057332374592687545
1791062746.895028,-2.2766813618442474,2.574379751774225,2.488446863671383,3.4167956633406905e-14,3.1812207117270316e-13,0.0,0.0,0.0,0.0,-2.8803705182841983,0.479344147134383,-0.055104593009528344,-0.027033564171207336,0.0,0.0,0.0,0.23765395226087083,3.286196306877412,-0.007394159160481605,-0.008030083641181511,0.0,0.0,0.0,2.865439435794679,2.0634274183939696,0.0004698735334948953,-0.0030287413416450193,nan,nan,nan,nan,nan,nan,nan,0.0,0.0,0.0,1.0733494056889827,-0.8396772275028365,0.11084702929051386,-0.17881438947928063,nan,nan,nan,nan,nan,nan,nan,nan,nan,nan,nan,nan,nan,nan,0.0,0.0,0.0,-0.9937495013790543,-0.8842984958353984,0.0004308329032146824,0.00015881926038804466,nan,nan,nan,nan,nan,nan,nan,nan,nan,nan,nan,nan,nan,nan,nan,nan,nan,nan,nan,nan,nan,nan,nan,nan,nan,nan,nan,nan,nan,nan,nan,nan,nan,nan,nan,nan,nan,nan,nan,nan,nan,nan,nan,nan,nan,nan,nan,nan,nan,0.019322284464546997
1791062746.994497,-2.276355703849839,2.574253040138268,2.4883302821179076,3.0916674849173185e-14,2.878508873772038e-13,0.0,0.0,0.0,0.0,-2.8803474202795583,0.47937959112655937,-0.05004652606237015,-0.02542995119413624,0.0,0.0,0.0,0.2378072437656416,3.2863468115244125,0.0008765109011202222,0.002296003294300689,0.0,0.0,0.0,2.865505902780219,2.0634480381353177,0.006165890185609169,0.002909189075220449,nan,nan,nan,nan,nan,nan,nan,0.0,0.0,0.0,1.0855534235632938,-0.8589077730175414,0.12200886575771802,-0.1999943163869236,nan,nan,nan,nan,nan,nan,nan,nan,nan,nan,nan,nan,nan,nan,0.0,0.0,0.0,-0.9937523996665424,-0.88429651725537,-0.0006707046231763797,-3.446610739945231e-05,nan,nan,nan,nan,nan,nan,nan,nan,nan,nan,nan,nan,nan,nan,nan,nan,nan,nan,nan,nan,nan,nan,nan,nan,nan,nan,nan,nan,nan,nan,nan,nan,nan,nan,nan,nan,nan,nan,nan,nan,nan,nan,nan,nan,nan,nan,nan,nan,nan,0.017934324652013573
1791062747.0945299,-2.2765142728742624,2.5743631321490095,2.4884181914794508,2.7974804439539406e-14,2.604604900562426e-13,0.0,0.0,0.0,0.0,-2.879640616623009,0.4797274081331689,0.008920177101443392,0.002284370259792276,0.0,0.0,0.0,0.23833912385495656,3.2866983310945,0.003133860313899538,0.0014058821005272573,0.0,0.0,0.0,2.8653891760757717,2.0634845756557656,-0.0017103839550684666,0.005498952689073884,nan,nan,nan,nan,nan,nan,nan,0.0,0.0,0.0,1.0963437008438668,-0.8761314727342807,0.10238749161708559,-0.16544224284455317,nan,nan,nan,nan,nan,nan,nan,nan,nan,nan,nan,nan,nan,nan,0.0,0.0,0.0,-0.9937700328456359,-0.8842952006833522,-0.0003035255194591201,-0.0003809994733689591,nan,nan,nan,nan,nan,nan,nan,nan,nan,nan,nan,nan,nan,nan,nan,nan,nan,nan,nan,nan,nan,nan,nan,nan,nan,nan,nan,nan,nan,nan,nan,nan,nan,nan,nan,nan,nan,nan,nan,nan,nan,nan,nan,nan,nan,nan,nan,nan,nan,0.010731243558377337
1791062747.194513,-2.2759762518883573,2.5741239307847774,2.4889227537608667,2.531264982316561e-14,2.3567439736041023e-13,0.0,0.0,0.0,0.0,-2.8796639311386056,0.47978040448383086,-0.000419287096022299,0.004114445292091751,0.0,0.0,0.0,0.23786436729061006,3.2870603022094893,-0.0026930902113621318,-0.0009064133099646839,0.0,0.0,0.0,2.8653450891016483,2.063466732418999,-0.0031612299541170607,0.0009266558916360387,nan,nan,nan,nan,nan,nan,nan,0.0,0.0,0.0,1.1074888457241225,-0.8936798793145676,0.10912353892265642,-0.17699738782134813,nan,nan,nan,nan,nan,nan,nan,nan,nan,nan,nan,nan,nan,nan,0.0,0.0,0.0,-0.9937471577637642,-0.884296928075849,0.0004384684175635583,2.638639006230172e-05,nan,nan,nan,nan,nan,nan,nan,nan,nan,nan,nan,nan,nan,nan,nan,nan,nan,nan,nan,nan,nan,nan,nan,nan,nan,nan,nan,nan,nan,nan,nan,nan,nan,nan,nan,nan,nan,nan,nan,nan,nan,nan,nan,nan,nan,nan,nan,nan,nan,0.05258208788360874
1791062747.2950952,-2.2765124252556856,2.574340838007277,2.4882313259702595,2.2903832713289753e-14,2.1324701323874102e-13,0.0,0.0,0.0,0.0,-2.8796696888398343,0.47972457683240477,-0.00010042337631874315,-0.0035252132823438793,0.0,0.0,0.0,0.2381167949264015,3.287258689511581,0.0021969687064870053,0.005883737513911757,0.0,0.0,0.0,2.8653975607309947,2.063368079639277,0.0011378811273798442,-0.007125231594968315,nan,nan,nan,nan,nan,nan,nan,0.0,0.0,0.0,1.1186593423356055,-0.9115506082379627,0.11752400345724304,-0.17988330948911674,nan,nan,nan,nan,nan,nan,nan,nan,nan,nan,nan,nan,nan,nan,0.0,0.0,0.0,-0.9937563479347382,-0.8843027606042069,-0.0006545336151205351,-7.507889749263402e-05,nan,nan,nan,nan,nan,nan,nan,nan,nan,nan,nan,nan,nan,nan,nan,nan,nan,nan,nan,nan,nan,nan,nan,nan,nan,nan,nan,nan,nan,nan,nan,nan,nan,nan,nan,nan,nan,nan,nan,nan,nan,nan,nan,nan,nan,nan,nan,nan,nan,0.014140567971856087
1791062747.3945138,-2.275796557564146,2.574014690904835,2.488493336153242,2.0737866177118996e-14,1.930806987011104e-13,0.0,0.0,0.0,0.0,-2.87971387299632,0.4797048609328733,-0.00211806316485484,0.00018864122034126653,0.0,0.0,0.0,0.23813784125487192,3.287298278836791,0.002258422907172911,0.007788022494879932,0.0,0.0,0.0,2.865387904047719,2.063398068091981,0.0026876824051244056,-0.00038802116150700406,nan,nan,nan,nan,nan,nan,nan,0.0,0.0,0.0,1.1288434932712779,-0.9279355072108938,0.10114713299395783,-0.1598482517123461,nan,nan,nan,nan,nan,nan,nan,nan,nan,nan,nan,nan,nan,nan,0.0,0.0,0.0,-0.9937462957752753,-0.8843129472938488,0.0006185193990173663,-0.0009186483121647295,nan,nan,nan,nan,nan,nan,nan,nan,nan,nan,nan,nan,nan,nan,nan,nan,nan,nan,nan,nan,nan,nan,nan,nan,nan,nan,nan,nan,nan,nan,nan,nan,nan,nan,nan,nan,nan,nan,nan,nan,nan,nan,nan,nan,nan,nan,nan,nan,nan,0.05592579837414972
1791062747.494511,-2.2763739523763746,2.574281776800081,2.4880228369478687,1.876462111351784e-14,1.747087248280705e-13,0.0,0.0,0.0,0.0,-2.8796805669958245,0.4796630473246753,-0.00011782159878748736,-0.0023068314084866356,0.0,0.0,0.0,0.23858953902163507,3.2869551711891285,-0.00414029103710233,0.0036020475877430406,0.0,0.0,0.0,2.86538118355168,2.063421516584506,-0.0003904591251481932,0.0013836972499997077,nan,nan,nan,nan,nan,nan,nan,0.0,0.0,0.0,1.1359866819205866,-0.9409961582096295,0.09146599171610591,-0.14270969535165628,nan,nan,nan,nan,nan,nan,nan,nan,nan,nan,nan,nan,nan,nan,0.0,0.0,0.0,-0.9937521183010826,-0.8843257634354162,-0.00022449265261847642,-0.0003241032928174298,nan,nan,nan,nan,nan,nan,nan,nan,nan,nan,nan,nan,nan,nan,nan,nan,nan,nan,nan,nan,nan,nan,nan,nan,nan,nan,nan,nan,nan,nan,nan,nan,nan,nan,nan,nan,nan,nan,nan,nan,nan,nan,nan,nan,nan,nan,nan,nan,nan,0.012493417644253003
1791062747.5945578,-2.276183986325577,2.57423355639495,2.4882999323160115,1.697893132148299e-14,1.580829915069662e-13,0.0,0.0,0.0,0.0,-2.879666515671454,0.4796586530449934,-0.00034175941685564675,-0.0030812193152179,0.0,0.0,0.0,0.23860346522058687,3.286967967792379,0.0007128840071179084,0.0040974339941289165,0.0,0.0,0.0,2.8653771202284615,2.063480128380358,-0.0020081963753311046,0.0057077196359973945,nan,nan,nan,nan,nan,nan,nan,0.0,0.0,0.0,1.1445732369668637,-0.954850614746008,0.08346096645759311,-0.14743844979895201,nan,nan,nan,nan,nan,nan,nan,nan,nan,nan,nan,nan,nan,nan,0.0,0.0,0.0,-0.993747433587896,-0.8843262132009876,0.0006619032545531157,-0.00054127354264273,nan,nan,nan,nan,nan,nan,nan,nan,nan,nan,nan,nan,nan,nan,nan,nan,nan,nan,nan,nan,nan,nan,nan,nan,nan,nan,nan,nan,nan,nan,nan,nan,nan,nan,nan,nan,nan,nan,nan,nan,nan,nan,nan,nan,nan,nan,nan,nan,nan,0.00880083196772324
1791062747.6952658,-2.2762657709317606,2.574256690826573,2.4875615610584347,1.5363172380387643e-14,1.430394058933476e-13,0.0,0.0,0.0,0.0,-2.879655696289408,0.47969861998426677,0.006394807037809663,-0.0011398064059535155,0.0,0.0,0.0,0.23858247301036783,3.286940647408706,-0.0027909809762458994,-0.000894739824810581,0.0,0.0,0.0,2.8654420991089005,2.0634744778071283,0.00183254663393169,0.005743724939048876,nan,nan,nan,nan,nan,nan,nan,0.0,0.0,0.0,1.153302105867532,-0.9690500646087649,0.08748798580866644,-0.1432049987653815,nan,nan,nan,nan,nan,nan,nan,nan,nan,nan,nan,nan,nan,nan,0.0,0.0,0.0,-0.9937481149860395,-0.8843145947078135,-0.0006767740752128545,-5.868150500586218e-05,nan,nan,nan,nan,nan,nan,nan,nan,nan,nan,nan,nan,nan,nan,nan,nan,nan,nan,nan,nan,nan,nan,nan,nan,nan,nan,nan,nan,nan,nan,nan,nan,nan,nan,nan,nan,nan,nan,nan,nan,nan,nan,nan,nan,nan,nan,nan,nan,nan,0.009427020881971537
1791062747.794584,-2.276315656341304,2.574307860329428,2.4882050948494774,1.390172781614512e-14,1.294325702060663e-13,0.0,0.0,0.0,0.0,-2.879738655154634,0.47974308147132566,-0.002779589855384514,0.0016575084663596471,0.0,0.0,0.0,0.23813212393832045,3.287237019027581,-0.00362316833014175,-0.004510921053977882,0.0,0.0,0.0,2.865370812651511,2.0634107850522234,-0.0022431120051630837,0.0016790700949787204,nan,nan,nan,nan,nan,nan,nan,0.0,0.0,0.0,1.1626554513176022,-0.9838946823071456,0.09719022845512527,-0.15522546882568766,nan,nan,nan,nan,nan,nan,nan,nan,nan,nan,nan,nan,nan,nan,0.0,0.0,0.0,-0.993728629834442,-0.8843031563579584,0.0015503774212139014,-0.0005974907869434505,nan,nan,nan,nan,nan,nan,nan,nan,nan,nan,nan,nan,nan,nan,nan,nan,nan,nan,nan,nan,nan,nan,nan,nan,nan,nan,nan,nan,nan,nan,nan,nan,nan,nan,nan,nan,nan,nan,nan,nan,nan,nan,nan,nan,nan,nan,nan,nan,nan,0.008488148055917783
1791062747.8945782,-2.2767035907898827,2.574515961764153,2.4887693898400056,1.2578803505403018e-14,1.1711543265366963e-13,0.0,0.0,0.0,0.0,-2.8796979381120895,0.4797366121376615,-0.0003245928631189429,0.003300835718758402,0.0,0.0,0.0,0.2383641301974511,3.2867497665947645,-0.01581667871965874,-0.013389570433131269,0.0,0.0,0.0,2.8654264722909857,2.0633847399656413,-0.012323921282696557,-0.004827994642295424,nan,nan,nan,nan,nan,nan,nan,0.0,0.0,0.0,1.1717394499085108,-0.9990403553992258,0.09331154762126276,-0.1536746772725339,nan,nan,nan,nan,nan,nan,nan,nan,nan,nan,nan,nan,nan,nan,0.0,0.0,0.0,-0.9937470259650953,-0.8842896525127917,-0.0008470655771673124,-3.496447144706761e-05,nan,nan,nan,nan,nan,nan,nan,nan,nan,nan,nan,nan,nan,nan,nan,nan,nan,nan,nan,nan,nan,nan,nan,nan,nan,nan,nan,nan,nan,nan,nan,nan,nan,nan,nan,nan,nan,nan,nan,nan,nan,nan,nan,nan,nan,nan,nan,nan,nan,0.03656998911414218
1791062747.9947062,-2.276338681972781,2.574331546757744,2.48908487785424,1.1381772087623469e-14,1.0597042571139003e-13,0.0,0.0,0.0,0.0,-2.879723836769073,0.4797015899198224,-0.0016059837101848164,-0.0005950281420601725,0.0,0.0,0.0,0.2383517266022232,3.2867061376794036,-0.018112457296373098,-0.014892943573310273,0.0,0.0,0.0,2.8655082172229385,2.0634806987615586,0.007816898881438423,0.0006761414568660847,nan,nan,nan,nan,nan,nan,nan,0.0,0.0,0.0,1.1813364328350409,-1.0140635715880193,0.10114040403525913,-0.14786411849400624,nan,nan,nan,nan,nan,nan,nan,nan,nan,nan,nan,nan,nan,nan,0.0,0.0,0.0,-0.9937421629966278,-0.8843023210947994,-0.00018909927778218191,0.0006858597991914587,nan,nan,nan,nan,nan,nan,nan,nan,nan,nan,nan,nan,nan,nan,nan,nan,nan,nan,nan,nan,nan,nan,nan,nan,nan,nan,nan,nan,nan,nan,nan,nan,nan,nan,nan,nan,nan,nan,nan,nan,nan,nan,nan,nan,nan,nan,nan,nan,nan,0.002543403504475345
1791062748.0948236,-2.2855610960832213,2.5604493165847537,2.491351148751654,1.0298788296537214e-14,9.588726357315497e-14,0.0,0.0,0.0,0.0,-2.8796574093246683,0.4797802329446021,0.03997736680004679,0.024411256957912037,0.0,0.0,0.0,0.23816638033647874,3.2872926001276768,0.0022179160755083213,0.002107319802343193,0.0,0.0,0.0,2.8653674365632393,2.0633825040909146,-0.001011564851228297,-0.004075832466975361,nan,nan,nan,nan,nan,nan,nan,0.0,0.0,0.0,1.1910093308467224,-1.029806274338845,0.0974194872503069,-0.1678524897418098,nan,nan,nan,nan,nan,nan,nan,nan,nan,nan,nan,nan,nan,nan,0.0,0.0,0.0,-0.9937394679908358,-0.8843257156852379,0.0007406222728188147,-0.0007261426225100756,nan,nan,nan,nan,nan,nan,nan,nan,nan,nan,nan,nan,nan,nan,nan,nan,nan,nan,nan,nan,nan,nan,nan,nan,nan,nan,nan,nan,nan,nan,nan,nan,nan,nan,nan,nan,nan,nan,nan,nan,nan,nan,nan,nan,nan,nan,nan,nan,nan,0.3101991425909999
1791062748.1964011,-2.2763272463584805,2.574263374797753,2.4889646526339173,9.318729012622008e-15,8.676238400788684e-14,0.0,0.0,0.0,0.0,-2.8796834493841725,0.47969413760153296,-0.0006094360883458138,-0.001512044601045344,0.0,0.0,0.0,0.23809912217855586,3.287244609461655,-0.008970197055138842,0.00395523489580534,0.0,0.0,0.0,2.8653935864184534,2.063395591290904,-0.0017510882829716895,-0.008085691639465481,nan,nan,nan,nan,nan,nan,nan,0.0,0.0,0.0,1.2038502705949525,-1.0480565213581186,0.10134493529981384,-0.15638221685392445,nan,nan,nan,nan,nan,nan,nan,nan,nan,nan,nan,nan,nan,nan,0.0,0.0,0.0,-0.9937537068632403,-0.8842891646519978,-0.0011576367344063936,0.0013271417721341906,nan,nan,nan,nan,nan,nan,nan,nan,nan,nan,nan,nan,nan,nan,nan,nan,nan,nan,nan,nan,nan,nan,nan,nan,nan,nan,nan,nan,nan,nan,nan,nan,nan,nan,nan,nan,nan,nan,nan,nan,nan,nan,nan,nan,nan,nan,nan,nan,nan,0.011719756887924457
1791062748.2951858,-2.276069538049232,2.574157440453919,2.4889537241199817,8.43840861840609e-15,7.856612720189078e-14,0.0,0.0,0.0,0.0,-2.879633913454546,0.4798154514546244,0.03848189349332761,0.023732532965991558,0.0,0.0,0.0,0.23782179593042213,3.287089862618957,-0.0031459729717882674,0.0029131420153889207,0.0,0.0,0.0,2.8653610737535913,2.063379201684069,-0.004698958076373544,-0.006409446228844288,nan,nan,nan,nan,nan,nan,nan,0.0,0.0,0.0,1.2132103248139194,-1.0633385919728728,0.09691912310122724,-0.1606975230590338,nan,nan,nan,nan,nan,nan,nan,nan,nan,nan,nan,nan,nan,nan,0.0,0.0,0.0,-0.993742252106541,-0.8843072158095419,0.0003473859975918482,-0.00038089390773076305,nan,nan,nan,nan,nan,nan,nan,nan,nan,nan,nan,nan,nan,nan,nan,nan,nan,nan,nan,nan,nan,nan,nan,nan,nan,nan,nan,nan,nan,nan,nan,nan,nan,nan,nan,nan,nan,nan,nan,nan,nan,nan,nan,nan,nan,nan,nan,nan,nan,0.02790858993130679
1791062748.3947833,-2.2765561650303154,2.5743584166139977,2.48804945826352,7.638179509254336e-15,7.111556337838304e-14,0.0,0.0,0.0,0.0,-2.8797090711017392,0.47972881934173583,0.036095787908111916,0.015941802924516413,0.0,0.0,0.0,0.23814141098732822,3.287299325203747,0.02049899950493229,0.016167746288376708,0.0,0.0,0.0,2.8652711221913907,2.063349095984953,-0.0069462666733213115,-0.0037752181501929005,nan,nan,nan,nan,nan,nan,nan,0.0,0.0,0.0,1.2231235761783195,-1.0790044051995813,0.09198711009595974,-0.154955563329155,nan,nan,nan,nan,nan,nan,nan,nan,nan,nan,nan,nan,nan,nan,0.0,0.0,0.0,-0.993749753152892,-0.8843011751930584,-0.0002607113934631092,-5.171170625781118e-05,nan,nan,nan,nan,nan,nan,nan,nan,nan,nan,nan,nan,nan,nan,nan,nan,nan,nan,nan,nan,nan,nan,nan,nan,nan,nan,nan,nan,nan,nan,nan,nan,nan,nan,nan,nan,nan,nan,nan,nan,nan,nan,nan,nan,nan,nan,nan,nan,nan,0.0008118103944255007
1791062748.4946964,-2.2761569075685673,2.5741941384830307,2.4884991784052772,6.911310626749721e-15,6.434802275971829e-14,0.0,0.0,0.0,0.0,-2.879742367460649,0.4797406767435618,-0.0048046108385883905,-0.0023522460840113535,0.0,0.0,0.0,0.23813214817370837,3.287326346747144,0.0008467339829277957,0.0031074372692639724,0.0,0.0,0.0,2.8652711221913907,2.063349095984953,-0.0069462666733213115,-0.0037752181501929005,nan,nan,nan,nan,nan,nan,nan,0.0,0.0,0.0,1.2328815387725638,-1.094677103978522,0.09385597949844716,-0.16850254510725268,nan,nan,nan,nan,nan,nan,nan,nan,nan,nan,nan,nan,nan,nan,0.0,0.0,0.0,-0.9937459356441226,-0.8842998858037101,-0.00028765318493783845,0.0003396226770765786,nan,nan,nan,nan,nan,nan,nan,nan,nan,nan,nan,nan,nan,nan,nan,nan,nan,nan,nan,nan,nan,nan,nan,nan,nan,nan,nan,nan,nan,nan,nan,nan,nan,nan,nan,nan,nan,nan,nan,nan,nan,nan,nan,nan,nan,nan,nan,nan,nan,0.01042773380415432
1791062748.594638,-2.2760766128648298,2.574225056805684,2.4889913539827524,6.254399442789075e-15,5.823182597744568e-14,0.0,0.0,0.0,0.0,-2.880375116157757,0.4794246188699776,-0.05437699599042313,-0.024334517436681462,0.0,0.0,0.0,0.23858471889754207,3.2869730136584443,0.0008436472444088372,0.001458484463373281,0.0,0.0,0.0,2.8650956230888176,2.0629458655774,-0.027619641711180146,-0.03927853996026427,nan,nan,nan,nan,nan,nan,nan,0.0,0.0,0.0,1.2427347465323428,-1.1101315039213508,0.10527951580725294,-0.14189969352957374,nan,nan,nan,nan,nan,nan,nan,nan,nan,nan,nan,nan,nan,nan,0.0,0.0,0.0,-0.9937255974074243,-0.8842889328009141,0.00018659743672118183,0.0004685415838566853,nan,nan,nan,nan,nan,nan,nan,nan,nan,nan,nan,nan,nan,nan,nan,nan,nan,nan,nan,nan,nan,nan,nan,nan,nan,nan,nan,nan,nan,nan,nan,nan,nan,nan,nan,nan,nan,nan,nan,nan,nan,nan,nan,nan,nan,nan,nan,nan,nan,0.01099209716494773
1791062748.6945038,-2.275971785037005,2.5740782839174376,2.488804738307856,5.659246477214175e-15,5.269063145695893e-14,0.0,0.0,0.0,0.0,-2.8796356557976273,0.4796600135111707,0.041624527128095855,0.01635658860866373,0.0,0.0,0.0,0.23858535350593946,3.2870018391756375,0.01246945033206632,0.015984594350212412,0.0,0.0,0.0,2.8654967632970614,2.0634882820758467,0.00391142740839114,0.00665994407119999,nan,nan,nan,nan,nan,nan,nan,0.0,0.0,0.0,1.2511098650109882,-1.124423314040419,0.09166588666710265,-0.16902694326266957,nan,nan,nan,nan,nan,nan,nan,nan,nan,nan,nan,nan,nan,nan,0.0,0.0,0.0,-0.9937447397797136,-0.8842737342252345,0.0002654239882769633,0.0003191373646330137,nan,nan,nan,nan,nan,nan,nan,nan,nan,nan,nan,nan,nan,nan,nan,nan,nan,nan,nan,nan,nan,nan,nan,nan,nan,nan,nan,nan,nan,nan,nan,nan,nan,nan,nan,nan,nan,nan,nan,nan,nan,nan,nan,nan,nan,nan,nan,nan,nan,0.047289250949380655
1791062748.795683,-2.2766573870289246,2.5744218403137147,2.488425236777357,5.120697971287215e-15,4.767645492979308e-14,0.0,0.0,0.0,0.0,-2.880366070130135,0.47942763237047603,-0.05626953278439393,-0.02170769742721187,0.0,0.0,0.0,0.2383452050577605,3.2867833341291988,-0.019240774242632545,-0.010403643115735694,0.0,0.0,0.0,2.865437743993321,2.0634790300778114,0.0027366464401708036,0.0008177949436695511,nan,nan,nan,nan,nan,nan,nan,0.0,0.0,0.0,1.259821885339416,-1.137745320865009,0.09604678694327093,-0.1550322583480448,nan,nan,nan,nan,nan,nan,nan,nan,nan,nan,nan,nan,nan,nan,0.0,0.0,0.0,-0.9937291574241325,-0.8842965970557262,0.0009328577038476892,-0.0007225217780264545,nan,nan,nan,nan,nan,nan,nan,nan,nan,nan,nan,nan,nan,nan,nan,nan,nan,nan,nan,nan,nan,nan,nan,nan,nan,nan,nan,nan,nan,nan,nan,nan,nan,nan,nan,nan,nan,nan,nan,nan,nan,nan,nan,nan,nan,nan,nan,nan,nan,0.019435748356920704
1791062748.894928,-2.2764461491460293,2.5743878001278446,2.4884928937402453,4.6363612834285165e-15,4.316701961472101e-14,0.0,0.0,0.0,0.0,-2.8796536125086782,0.4797095046249862,0.005600272155652074,0.000644240301255807,0.0,0.0,0.0,0.23811646206576764,3.287245804486588,-0.00011417705468701855,-0.0036134202007479794,0.0,0.0,0.0,2.8654601158921236,2.0633915240428546,0.0017633739362026032,-0.002595682473097236,nan,nan,nan,nan,nan,nan,nan,0.0,0.0,0.0,1.2693623589430052,-1.1528959380398556,0.016235567593308874,-0.025998489450132726,nan,nan,nan,nan,nan,nan,nan,nan,nan,nan,nan,nan,nan,nan,0.0,0.0,0.0,-0.9937316574935453,-0.8843198330853583,-0.0004218214778975381,-0.00023327500240368995,nan,nan,nan,nan,nan,nan,nan,nan,nan,nan,nan,nan,nan,nan,nan,nan,nan,nan,nan,nan,nan,nan,nan,nan,nan,nan,nan,nan,nan,nan,nan,nan,nan,nan,nan,nan,nan,nan,nan,nan,nan,nan,nan,nan,nan,nan,nan,nan,nan,0.017524439511042458
1791062748.9952235,-2.282889854872654,2.5780280203853763,2.487739460493855,4.195153173447563e-15,3.9059134578713236e-14,0.0,0.0,0.0,0.0,-2.879705751558269,0.47979565552538866,-0.0010765141070086543,0.004810385644925794,0.0,0.0,0.0,0.23811817434974356,3.28727459521648,0.00018152699581577315,-0.002729547201873926,0.0,0.0,0.0,2.8653179620795717,2.0634506727542457,-0.008906682171223793,0.003452877576287011,nan,nan,nan,nan,nan,nan,nan,0.0,0.0,0.0,1.2783873530595211,-1.167065340374794,0.09208252464753089,-0.13943667076861144,nan,nan,nan,nan,nan,nan,nan,nan,nan,nan,nan,nan,nan,nan,0.0,0.0,0.0,-0.9937379827364802,-0.8843153291023399,-0.0002889459169426396,-0.0003151813995116566,nan,nan,nan,nan,nan,nan,nan,nan,nan,nan,nan,nan,nan,nan,nan,nan,nan,nan,nan,nan,nan,nan,nan,nan,nan,nan,nan,nan,nan,nan,nan,nan,nan,nan,nan,nan,nan,nan,nan,nan,nan,nan,nan,nan,nan,nan,nan,nan,nan,0.055587852424860675
1791062749.0950549,-2.282895698966886,2.5780313697785355,2.4876305761534256,3.797046044561667e-15,3.5352542880865726e-14,0.0,0.0,0.0,0.0,-2.8796796991641767,0.47974199292169223,0.004880823132543782,0.002732575992080835,0.0,0.0,0.0,0.23814952476270151,3.2872820041278037,0.004616674141191239,0.0040188160988344525,0.0,0.0,0.0,2.865422545262568,2.0634439000343305,0.0003366913082079545,-0.000923578089334872,nan,nan,nan,nan,nan,nan,nan,0.0,0.0,0.0,1.286452874553878,-1.1801187512466873,0.18776973615926731,-0.1862068846243618,nan,nan,nan,nan,nan,nan,nan,nan,nan,nan,nan,nan,nan,nan,0.0,0.0,0.0,-0.9937298544513578,-0.8843187873106255,0.000152676801875394,-0.0004768728904763836,nan,nan,nan,nan,nan,nan,nan,nan,nan,nan,nan,nan,nan,nan,nan,nan,nan,nan,nan,nan,nan,nan,nan,nan,nan,nan,nan,nan,nan,nan,nan,nan,nan,nan,nan,nan,nan,nan,nan,nan,nan,nan,nan,nan,nan,nan,nan,nan,nan,0.01948700920266002
1791062749.1945667,-2.2828792290320976,2.5779854165550065,2.4877425744950803,3.436620992098483e-15,3.199679160131706e-14,0.0,0.0,0.0,0.0,-2.879669611012834,0.47973267385135826,-0.02119069680545098,-0.00613958674661868,0.0,0.0,0.0,0.2381573991846572,3.28728930515808,0.0011969389759817304,-0.0006422304920357077,0.0,0.0,0.0,2.865434058445514,2.0633964628248394,0.0017828726960157936,-0.003596238713663869,nan,nan,nan,nan,nan,nan,nan,0.0,0.0,0.0,1.2933337513367995,-1.191113293324058,0.0706292590355628,-0.12182708760380084,nan,nan,nan,nan,nan,nan,nan,nan,nan,nan,nan,nan,nan,nan,0.0,0.0,0.0,-0.9937307262776843,-0.884306118007467,9.55227646561379e-05,0.0006178752001701679,nan,nan,nan,nan,nan,nan,nan,nan,nan,nan,nan,nan,nan,nan,nan,nan,nan,nan,nan,nan,nan,nan,nan,nan,nan,nan,nan,nan,nan,nan,nan,nan,nan,nan,nan,nan,nan,nan,nan,nan,nan,nan,nan,nan,nan,nan,nan,nan,nan,0.003949792894639536
1791062749.2945476,-2.2828296297061583,2.5779789556835975,2.487760276026954,3.1096349941059073e-15,2.895237592138825e-14,0.0,0.0,0.0,0.0,-2.879669628867101,0.47974256042731134,-0.0031747721050706047,0.0004077517873233647,0.0,0.0,0.0,0.23775212379110713,3.2863000619506075,-0.003570004590481055,-0.002499199514908567,0.0,0.0,0.0,2.8654516342922767,2.0634748382185073,0.009733832726762922,0.008865340650439854,nan,nan,nan,nan,nan,nan,nan,0.0,0.0,0.0,1.3006280411924136,-1.2032322407520328,0.07863902418867345,-0.13442665410236493,nan,nan,nan,nan,nan,nan,nan,nan,nan,nan,nan,nan,nan,nan,0.0,0.0,0.0,-0.9937452341037266,-0.8843032946488825,0.00022299814684003942,-0.0003766431816614023,nan,nan,nan,nan,nan,nan,nan,nan,nan,nan,nan,nan,nan,nan,nan,nan,nan,nan,nan,nan,nan,nan,nan,nan,nan,nan,nan,nan,nan,nan,nan,nan,nan,nan,nan,nan,nan,nan,nan,nan,nan,nan,nan,nan,nan,nan,nan,nan,nan,0.0038078787665512663
1791062749.3949137,-2.282546013107851,2.5776912311358577,2.485007180052499,2.813714099549233e-15,2.6197193078888197e-14,0.0,0.0,0.0,0.0,-2.8796488433240595,0.47969700278858135,-0.001345193797066928,-0.0054976250133536644,0.0,0.0,0.0,0.23759645835775045,3.286199892210838,0.004522215846341222,-0.005932568477347033,0.0,0.0,0.0,2.8654281020431918,2.063405197633929,0.0017323233600306286,0.0013843626010767024,nan,nan,nan,nan,nan,nan,nan,0.0,0.0,0.0,1.3078698120900925,-1.2152782914377496,0.07042429878164973,-0.12861118008903005,nan,nan,nan,nan,nan,nan,nan,nan,nan,nan,nan,nan,nan,nan,0.0,0.0,0.0,-0.9937420994970452,-0.8842982446556025,-5.83452482564468e-06,7.058038340116544e-05,nan,nan,nan,nan,nan,nan,nan,nan,nan,nan,nan,nan,nan,nan,nan,nan,nan,nan,nan,nan,nan,nan,nan,nan,nan,nan,nan,nan,nan,nan,nan,nan,nan,nan,nan,nan,nan,nan,nan,nan,nan,nan,nan,nan,nan,nan,nan,nan,nan,0.028953871470035822
1791062749.4945562,-2.2831245034847636,2.5779237285378205,2.48518885596157,2.5468069456768164e-15,2.371214378221218e-14,0.0,0.0,0.0,0.0,-2.879649275055492,0.47976372770376596,-0.006590287512411442,-0.001079103972595384,0.0,0.0,0.0,0.2371032812185195,3.2865588984709238,-0.037630955037196295,0.026537676038287793,0.0,0.0,0.0,2.8654948511080476,2.063413646142731,0.009300912899640728,0.0063773021565999,nan,nan,nan,nan,nan,nan,nan,0.0,0.0,0.0,1.3151880617859797,-1.2281128251056674,0.07362526785390866,-0.1227333099814005,nan,nan,nan,nan,nan,nan,nan,nan,nan,nan,nan,nan,nan,nan,0.0,0.0,0.0,-0.9937385663916576,-0.8842862959577944,0.0005007057811017549,0.000996216969310964,nan,nan,nan,nan,nan,nan,nan,nan,nan,nan,nan,nan,nan,nan,nan,nan,nan,nan,nan,nan,nan,nan,nan,nan,nan,nan,nan,nan,nan,nan,nan,nan,nan,nan,nan,nan,nan,nan,nan,nan,nan,nan,nan,nan,nan,nan,nan,nan,nan,0.01481249098231551
1791062749.5962358,-2.283307357284715,2.5780359611971613,2.491227211356922,2.3044462213293183e-15,2.145563495941182e-14,0.0,0.0,0.0,0.0,-2.879662115287859,0.47979816945237,0.0015084697234308535,0.0017702341876486894,0.0,0.0,0.0,0.23711535921600163,3.2865212190117603,-0.0027490243317860553,-0.004121673622373437,0.0,0.0,0.0,2.8654651505393964,2.063478773269151,0.0015049466419680877,0.007277505751749098,nan,nan,nan,nan,nan,nan,nan,0.0,0.0,0.0,1.325172932441662,-1.2424461192731269,0.09921127285245697,-0.16034895180962427,nan,nan,nan,nan,nan,nan,nan,nan,nan,nan,nan,nan,nan,nan,0.0,0.0,0.0,-0.9937347693449994,-0.8843005403154253,0.00026106393751180144,0.000411696186496728,nan,nan,nan,nan,nan,nan,nan,nan,nan,nan,nan,nan,nan,nan,nan,nan,nan,nan,nan,nan,nan,nan,nan,nan,nan,nan,nan,nan,nan,nan,nan,nan,nan,nan,nan,nan,nan,nan,nan,nan,nan,nan,nan,nan,nan,nan,nan,nan,nan,0.03253058560245768
1791062749.6946802,-2.2829213639902797,2.577999309396941,2.487969566645815,2.085186251877546e-15,1.941420660138518e-14,0.0,0.0,0.0,0.0,-2.879638204185635,0.47976196898699214,0.00010377020050585193,0.001492531473085037,0.0,0.0,0.0,0.23713501398564563,3.286589014974706,-0.0020338067138828686,0.0014137281467148897,0.0,0.0,0.0,2.8654572959625804,2.0633852957780467,0.001623458990151126,-0.0070749445442008,nan,nan,nan,nan,nan,nan,nan,0.0,0.0,0.0,1.334949035764348,-1.258644726342423,0.09780456357809358,-0.167565347401616,nan,nan,nan,nan,nan,nan,nan,nan,nan,nan,nan,nan,nan,nan,0.0,0.0,0.0,-0.9937429184634208,-0.8843027670624967,0.0003578854156370349,0.0004492656288880696,nan,nan,nan,nan,nan,nan,nan,nan,nan,nan,nan,nan,nan,nan,nan,nan,nan,nan,nan,nan,nan,nan,nan,nan,nan,nan,nan,nan,nan,nan,nan,nan,nan,nan,nan,nan,nan,nan,nan,nan,nan,nan,nan,nan,nan,nan,nan,nan,nan,0.011935440677820316
1791062749.795388,-2.2829021348379666,2.577998871013071,2.4878416299910158,1.886754544573487e-15,1.7566700577212126e-14,0.0,0.0,0.0,0.0,-2.8793357452998767,0.47991351279671574,0.02208048981564742,0.013320013706223136,0.0,0.0,0.0,0.23763719604557254,3.2862547087032405,0.0030282203676311563,0.0021701213390877723,0.0,0.0,0.0,2.865404690993932,2.0634619762709123,-0.002861134398423647,0.000787322153219618,nan,nan,nan,nan,nan,nan,nan,0.0,0.0,0.0,1.3453327171841278,-1.274605894370117,0.11307662805784159,-0.1435764044985421,nan,nan,nan,nan,nan,nan,nan,nan,nan,nan,nan,nan,nan,nan,0.0,0.0,0.0,-0.9937369191600566,-0.8843085275636846,9.896019184902296e-05,-2.5279013855663707e-05,nan,nan,nan,nan,nan,nan,nan,nan,nan,nan,nan,nan,nan,nan,nan,nan,nan,nan,nan,nan,nan,nan,nan,nan,nan,nan,nan,nan,nan,nan,nan,nan,nan,nan,nan,nan,nan,nan,nan,nan,nan,nan,nan,nan,nan,nan,nan,nan,nan,0.02275553265789
1791062749.8956807,-2.283201647734079,2.577974911268202,2.485269015866555,1.7072061108514159e-15,1.5895007996227225e-14,0.0,0.0,0.0,0.0,-2.879682784849146,0.47972004028082865,-0.008029359950572822,-0.005354446297872816,0.0,0.0,0.0,0.23763213442502018,3.2862405972742263,-0.0007163005256654014,0.0005040352149911235,0.0,0.0,0.0,2.8653439004138574,2.0633906697231357,-0.003209902092390645,0.0015862734617080024,nan,nan,nan,nan,nan,nan,nan,0.0,0.0,0.0,1.3550135702089554,-1.290342275461523,0.1067381420339335,-0.14525926567952033,nan,nan,nan,nan,nan,nan,nan,nan,nan,nan,nan,nan,nan,nan,0.0,0.0,0.0,-0.9937528223932204,-0.8843130158398202,-0.000519971090891054,-0.00047716861764098754,nan,nan,nan,nan,nan,nan,nan,nan,nan,nan,nan,nan,nan,nan,nan,nan,nan,nan,nan,nan,nan,nan,nan,nan,nan,nan,nan,nan,nan,nan,nan,nan,nan,nan,nan,nan,nan,nan,nan,nan,nan,nan,nan,nan,nan,nan,nan,nan,nan,0.008625541582487706
1791062749.9949489,-2.2828754002514264,2.577982346758997,2.4878930083942787,1.5453367243673353e-15,1.43879168628516e-14,0.0,0.0,0.0,0.0,-2.8796640357050274,0.479723918887607,0.0005918014355395781,-0.0002951501688437832,0.0,0.0,0.0,0.23778182875467285,3.286346783636412,0.013100091689314173,0.0099086805169173,0.0,0.0,0.0,2.865435074773276,2.0634589431792443,0.005657833024557273,0.0009313330606401416,nan,nan,nan,nan,nan,nan,nan,0.0,0.0,0.0,1.3648587746022303,-1.306167490529532,0.10342067638304625,-0.1259839114821717,nan,nan,nan,nan,nan,nan,nan,nan,nan,nan,nan,nan,nan,nan,0.0,0.0,0.0,-0.9937585904032108,-0.8843033335175191,-0.00012822870090619304,3.470298796694093e-05,nan,nan,nan,nan,nan,nan,nan,nan,nan,nan,nan,nan,nan,nan,nan,nan,nan,nan,nan,nan,nan,nan,nan,nan,nan,nan,nan,nan,nan,nan,nan,nan,nan,nan,nan,nan,nan,nan,nan,nan,nan,nan,nan,nan,nan,nan,nan,nan,nan,0.033502996102783573
1791062750.0949905,-2.2831317122665458,2.5778933380855045,2.485135575402697,1.3982784918954093e-15,1.3018725547172349e-14,0.0,0.0,0.0,0.0,-2.879696338530271,0.47975007353720794,-0.0015476213100521585,0.001242794075847041,0.0,0.0,0.0,0.23718029220983078,3.2865775034554288,-0.018347998290178358,-0.0016679627491863825,0.0,0.0,0.0,2.8654295176187494,2.0633788047274173,-0.001321002200980965,-0.0012364971440295572,nan,nan,nan,nan,nan,nan,nan,0.0,0.0,0.0,1.3742537425815036,-1.3217301680804798,0.09097211253213058,-0.16090567084629825,nan,nan,nan,nan,nan,nan,nan,nan,nan,nan,nan,nan,nan,nan,0.0,0.0,0.0,-0.9937647996819657,-0.8842999089826455,1.975931139128908e-05,-8.606442023137977e-05,nan,nan,nan,nan,nan,nan,nan,nan,nan,nan,nan,nan,nan,nan,nan,nan,nan,nan,nan,nan,nan,nan,nan,nan,nan,nan,nan,nan,nan,nan,nan,nan,nan,nan,nan,nan,nan,nan,nan,nan,nan,nan,nan,nan,nan,nan,nan,nan,nan,0.003701992158496876
1791062750.1945364,-2.2829100217263103,2.5779780494379003,2.488009414203952,1.2657808095219143e-15,1.1785100791835717e-14,0.0,0.0,0.0,0.0,-2.8796309412559022,0.47967517206362964,-0.018625749726174996,-0.010467594905046049,0.0,0.0,0.0,0.23716253307091767,3.2865533507996365,-0.0027638753328141125,-4.550829952224094e-05,0.0,0.0,0.0,2.865137166510542,2.062996976352358,-0.020633882540756883,-0.03542362116000117,nan,nan,nan,nan,nan,nan,nan,0.0,0.0,0.0,1.3835975422414968,-1.3370219448342164,0.09461118142443296,-0.14834189186275665,nan,nan,nan,nan,nan,nan,nan,nan,nan,nan,nan,nan,nan,nan,0.0,0.0,0.0,-0.9937564744088225,-0.8843055564963836,-8.791925629610808e-05,0.00028447259516248296,nan,nan,nan,nan,nan,nan,nan,nan,nan,nan,nan,nan,nan,nan,nan,nan,nan,nan,nan,nan,nan,nan,nan,nan,nan,nan,nan,nan,nan,nan,nan,nan,nan,nan,nan,nan,nan,nan,nan,nan,nan,nan,nan,nan,nan,nan,nan,nan,nan,0.017035942426405278
1791062750.294555,-2.2831328370352066,2.577969056858588,2.485153233556391,1.1453306019446584e-15,1.066364451282036e-14,0.0,0.0,0.0,0.0,-2.8796383421820346,0.47969143521974406,-0.00020419023714990533,-0.0018261435683632231,0.0,0.0,0.0,0.23713702726800648,3.286532365694476,0.0013006012263652098,-0.000640370048322029,0.0,0.0,0.0,2.8654389534326077,2.0633932596531106,0.02033616704366355,0.025341126178548848,nan,nan,nan,nan,nan,nan,nan,0.0,0.0,0.0,1.3921963503188868,-1.3509030514149711,0.0906906158280441,-0.14569905394546298,nan,nan,nan,nan,nan,nan,nan,nan,nan,nan,nan,nan,nan,nan,0.0,0.0,0.0,-0.9937524003191329,-0.8843038903365402,-0.0001430691625594214,-0.00014480300063264245,nan,nan,nan,nan,nan,nan,nan,nan,nan,nan,nan,nan,nan,nan,nan,nan,nan,nan,nan,nan,nan,nan,nan,nan,nan,nan,nan,nan,nan,nan,nan,nan,nan,nan,nan,nan,nan,nan,nan,nan,nan,nan,nan,nan,nan,nan,nan,nan,nan,0.013394874847218324
1791062750.3950763,-2.2831476480009893,2.577944921902997,2.484989893512206,1.0363379848262472e-15,9.648864569370604e-15,0.0,0.0,0.0,0.0,-2.880330036390268,0.4793747839203891,-0.05336535354456649,-0.026981034290066385,0.0,0.0,0.0,0.23726982953455517,3.2866617070399755,0.002165338811684328,0.0029923519787473183,0.0,0.0,0.0,2.8653761075711235,2.063453704708581,-0.004645071321401535,0.0015463355726213824,nan,nan,nan,nan,nan,nan,nan,0.0,0.0,0.0,1.4010024574454616,-1.3654356770779226,0.0862457895892996,-0.14777711251225142,nan,nan,nan,nan,nan,nan,nan,nan,nan,nan,nan,nan,nan,nan,0.0,0.0,0.0,-0.9937638118751344,-0.8843035009120006,3.03498149338739e-06,-0.0002564052015293228,nan,nan,nan,nan,nan,nan,nan,nan,nan,nan,nan,nan,nan,nan,nan,nan,nan,nan,nan,nan,nan,nan,nan,nan,nan,nan,nan,nan,nan,nan,nan,nan,nan,nan,nan,nan,nan,nan,nan,nan,nan,nan,nan,nan,nan,nan,nan,nan,nan,0.004120226452806276
1791062750.495302,-2.28310920033545,2.577885870546003,2.48519163863239,9.377173865521336e-16,8.730653705318593e-15,0.0,0.0,0.0,0.0,-2.879685003899377,0.47975937963168624,-0.003586644432001915,-0.0006370431770817622,0.0,0.0,0.0,0.23733096355606048,3.2867024512278395,0.011417235390688424,0.00897112815106856,0.0,0.0,0.0,2.865448164193469,2.063391491242417,0.0003949230352508831,-0.001341764721396093,nan,nan,nan,nan,nan,nan,nan,0.0,0.0,0.0,1.4097678767081026,-1.3797042391016114,0.08531452500544834,-0.13309301640281335,nan,nan,nan,nan,nan,nan,nan,nan,nan,nan,nan,nan,nan,nan,0.0,0.0,0.0,-0.9940903543009348,-0.8844700309525196,-0.0004381407180077849,0.0003976281671396427,nan,nan,nan,nan,nan,nan,nan,nan,nan,nan,nan,nan,nan,nan,nan,nan,nan,nan,nan,nan,nan,nan,nan,nan,nan,nan,nan,nan,nan,nan,nan,nan,nan,nan,nan,nan,nan,nan,nan,nan,nan,nan,nan,nan,nan,nan,nan,nan,nan,0.019353663034969878
1791062750.594509,-2.2831881333814734,2.5779072440044013,2.485239742701905,8.49009255669875e-16,7.904733249234549e-15,0.0,0.0,0.0,0.0,-2.8796232977247866,0.47972044037785344,0.0023393357126306417,-0.0030867703720806033,0.0,0.0,0.0,0.23732987806688866,3.286697883909561,0.012694166999689728,0.009462249778173606,0.0,0.0,0.0,2.8654369269590774,2.0633977655347686,-0.0005447705134152523,-0.004025242144639304,nan,nan,nan,nan,nan,nan,nan,0.0,0.0,0.0,1.4186604822150428,-1.3939743677711727,0.08552786225220213,-0.14500871485310576,nan,nan,nan,nan,nan,nan,nan,nan,nan,nan,nan,nan,nan,nan,0.0,0.0,0.0,-0.9940884200090861,-0.8844773083820295,0.0012886540648848898,-0.00010577817343080691,nan,nan,nan,nan,nan,nan,nan,nan,nan,nan,nan,nan,nan,nan,nan,nan,nan,nan,nan,nan,nan,nan,nan,nan,nan,nan,nan,nan,nan,nan,nan,nan,nan,nan,nan,nan,nan,nan,nan,nan,nan,nan,nan,nan,nan,nan,nan,nan,nan,0.033656138420964134
1791062750.696095,-2.2828564946910497,2.5779498445426485,2.487953944031495,7.682153429113253e-16,7.152498424639663e-15,0.0,0.0,0.0,0.0,-2.8796593316009824,0.4797416374331194,0.011910190352830436,0.005313564513907518,0.0,0.0,0.0,0.23726707340486705,3.2866376735601155,0.006849013731667224,0.005426362142267689,0.0,0.0,0.0,2.8651093626224418,2.062928708946935,-0.023468253914073547,-0.0343998765568893,nan,nan,nan,nan,nan,nan,nan,0.0,0.0,0.0,1.4265661834935863,-1.4073456412006164,0.07880479814273243,-0.13195639139888587,nan,nan,nan,nan,nan,nan,nan,nan,nan,nan,nan,nan,nan,nan,0.0,0.0,0.0,-0.9940780004878393,-0.8844733845339886,0.0004894978155209592,-3.405327150133e-05,nan,nan,nan,nan,nan,nan,nan,nan,nan,nan,nan,nan,nan,nan,nan,nan,nan,nan,nan,nan,nan,nan,nan,nan,nan,nan,nan,nan,nan,nan,nan,nan,nan,nan,nan,nan,nan,nan,nan,nan,nan,nan,nan,nan,nan,nan,nan,nan,nan,0.02616247451275715
1791062750.7948024,-2.283245924866553,2.577989681858449,2.4911583580662855,6.954581085550658e-16,6.4750894026561556e-15,0.0,0.0,0.0,0.0,-2.8796319781597703,0.4796946405861553,-0.00026749732670229304,-0.003259594219637107,0.0,0.0,0.0,0.23730536025742627,3.2866038573884837,0.0010199143476042273,-0.0048645185200658185,0.0,0.0,0.0,2.865409962466106,2.0634704804588164,-0.003482372835893521,0.004168011424687443,nan,nan,nan,nan,nan,nan,nan,0.0,0.0,0.0,1.4362216471510874,-1.423088407731023,0.0951520523002603,-0.14619997984726857,nan,nan,nan,nan,nan,nan,nan,nan,nan,nan,nan,nan,nan,nan,0.0,0.0,0.0,-0.9940919462474733,-0.884465113957994,0.0003195134137121455,0.0005274652069166211,nan,nan,nan,nan,nan,nan,nan,nan,nan,nan,nan,nan,nan,nan,nan,nan,nan,nan,nan,nan,nan,nan,nan,nan,nan,nan,nan,nan,nan,nan,nan,nan,nan,nan,nan,nan,nan,nan,nan,nan,nan,nan,nan,nan,nan,nan,nan,nan,nan,0.023092112390652293
1791062750.8954282,-2.282820831833683,2.5776354884581867,2.482407565999393,6.292765193973709e-16,5.858903177584623e-15,0.0,0.0,0.0,0.0,-2.8796569207891354,0.47974267014531585,0.0028839004222397705,0.0020569955715398543,0.0,0.0,0.0,0.2372648403428232,3.2866807273445913,-0.003028578484924236,0.00015031130525349195,0.0,0.0,0.0,2.865475194239814,2.0634013333514916,0.001960645593652755,-0.003866182564767218,nan,nan,nan,nan,nan,nan,nan,0.0,0.0,0.0,1.4458719818668049,-1.438683075356123,0.08419812821112554,-0.14684003189831973,nan,nan,nan,nan,nan,nan,nan,nan,nan,nan,nan,nan,nan,nan,0.0,0.0,0.0,-0.9940849987872084,-0.8844749869495557,0.0007317415566419416,-0.0002336235156319118,nan,nan,nan,nan,nan,nan,nan,nan,nan,nan,nan,nan,nan,nan,nan,nan,nan,nan,nan,nan,nan,nan,nan,nan,nan,nan,nan,nan,nan,nan,nan,nan,nan,nan,nan,nan,nan,nan,nan,nan,nan,nan,nan,nan,nan,nan,nan,nan,nan,0.02492645905300753
1791062750.9946144,-2.2832407502287912,2.5779699780466747,2.491060069056982,5.695646327137024e-16,5.3029533656235e-15,0.0,0.0,0.0,0.0,-2.8797110205799643,0.479768797519613,-0.0034557382890507667,0.0011620771012486866,0.0,0.0,0.0,0.23727314033751642,3.286635852664669,-0.0010315430098538669,-0.0004846931517794976,0.0,0.0,0.0,2.865360060796517,2.0634547689408915,0.012890110789765916,0.02607433442141802,nan,nan,nan,nan,nan,nan,nan,0.0,0.0,0.0,1.454599219069895,-1.4530889455249174,0.08649484045208393,-0.14019518772015951,nan,nan,nan,nan,nan,nan,nan,nan,nan,nan,nan,nan,nan,nan,0.0,0.0,0.0,-0.9940889370474565,-0.8844738343513308,-0.0008400246842879723,0.0004478688290474035,nan,nan,nan,nan,nan,nan,nan,nan,nan,nan,nan,nan,nan,nan,nan,nan,nan,nan,nan,nan,nan,nan,nan,nan,nan,nan,nan,nan,nan,nan,nan,nan,nan,nan,nan,nan,nan,nan,nan,nan,nan,nan,nan,nan,nan,nan,nan,nan,nan,0.0037915809342604877
1791062751.0947747,-2.2831294812053136,2.5779401121615475,2.4851542250437584,5.153633917513548e-16,4.7983106320801595e-15,0.0,0.0,0.0,0.0,-2.879269997402928,0.479840293792952,0.06899243218849654,0.026478452251220214,0.0,0.0,0.0,0.23780769371445523,3.286336115282526,0.006170208107760061,0.0027508632961858195,0.0,0.0,0.0,2.8653814593097406,2.0634689076790815,-0.00042385798044693385,0.006789268039929214,nan,nan,nan,nan,nan,nan,nan,0.0,0.0,0.0,1.46318558948811,-1.4671682824301497,0.08935650600493067,-0.13811531150646972,nan,nan,nan,nan,nan,nan,nan,nan,nan,nan,nan,nan,nan,nan,0.0,0.0,0.0,-0.9940774532685482,-0.8844657880868978,0.0008344700725461922,0.0003284986738498267,nan,nan,nan,nan,nan,nan,nan,nan,nan,nan,nan,nan,nan,nan,nan,nan,nan,nan,nan,nan,nan,nan,nan,nan,nan,nan,nan,nan,nan,nan,nan,nan,nan,nan,nan,nan,nan,nan,nan,nan,nan,nan,nan,nan,nan,nan,nan,nan,nan,0.01501045057812234
1791062751.1947308,-2.283086995783024,2.5778789108223457,2.4852116715114128,4.664500413424732e-16,4.342901006417741e-15,0.0,0.0,0.0,0.0,-2.8796268081977447,0.47976159867389145,0.0025256265921525444,0.00016278297757552984,0.0,0.0,0.0,0.2375772811794405,3.286229537479785,-0.013247312179296842,-0.004410880796594295,0.0,0.0,0.0,2.8654315274326785,2.063473411385057,-0.0014032780826188506,0.0056728348085218275,nan,nan,nan,nan,nan,nan,nan,0.0,0.0,0.0,1.471552879552917,-1.4813547377904628,0.07448438438623839,-0.15505595472312378,nan,nan,nan,nan,nan,nan,nan,nan,nan,nan,nan,nan,nan,nan,0.0,0.0,0.0,-0.994083349730253,-0.8844634110923207,-0.0008750012154987066,0.0004509252522246965,nan,nan,nan,nan,nan,nan,nan,nan,nan,nan,nan,nan,nan,nan,nan,nan,nan,nan,nan,nan,nan,nan,nan,nan,nan,nan,nan,nan,nan,nan,nan,nan,nan,nan,nan,nan,nan,nan,nan,nan,nan,nan,nan,nan,nan,nan,nan,nan,nan,0.02000431846119398
1791062751.2946243,-2.283275549950502,2.577969022016239,2.4912877673590166,4.220618567206853e-16,3.9296231104351305e-15,0.0,0.0,0.0,0.0,-2.8797375366126285,0.4797472389854943,-0.008529948211379892,-0.005005385767511555,0.0,0.0,0.0,0.23775763857044482,3.2863145996461354,-0.0014836238437925817,0.0008549448116304524,0.0,0.0,0.0,2.8653640804975278,2.063452835492206,-0.0063802370837540215,-0.0011359140723189599,nan,nan,nan,nan,nan,nan,nan,0.0,0.0,0.0,1.4802622925964382,-1.4956924663299644,0.05768345011018979,-0.10654681285422202,nan,nan,nan,nan,nan,nan,nan,nan,nan,nan,nan,nan,nan,nan,0.0,0.0,0.0,-0.9940832415005075,-0.8844670853253521,0.0004788392135254018,0.00014753888249026577,nan,nan,nan,nan,nan,nan,nan,nan,nan,nan,nan,nan,nan,nan,nan,nan,nan,nan,nan,nan,nan,nan,nan,nan,nan,nan,nan,nan,nan,nan,nan,nan,nan,nan,nan,nan,nan,nan,nan,nan,nan,nan,nan,nan,nan,nan,nan,nan,nan,0.024069463321098213
1791062751.3945482,-2.2832732100587023,2.577950026568938,2.491119354818974,3.8190110527010203e-16,3.5557048931888516e-15,0.0,0.0,0.0,0.0,-2.879651367096065,0.4797554594239869,0.0018119714733530177,0.00233932857331501,0.0,0.0,0.0,0.2377627321579627,3.286295858584089,0.0026336585851851942,-0.001521833413131511,0.0,0.0,0.0,2.8654266386220972,2.0633823232074264,0.002268730397045426,-0.005115976070698688,nan,nan,nan,nan,nan,nan,nan,0.0,0.0,0.0,1.48890025256436,-1.509947081683122,0.08413038591232598,-0.13610088968425268,nan,nan,nan,nan,nan,nan,nan,nan,nan,nan,nan,nan,nan,nan,0.0,0.0,0.0,-0.9940849002762465,-0.8844735386160362,-0.0005223287957646934,-0.0003676507189234525,nan,nan,nan,nan,nan,nan,nan,nan,nan,nan,nan,nan,nan,nan,nan,nan,nan,nan,nan,nan,nan,nan,nan,nan,nan,nan,nan,nan,nan,nan,nan,nan,nan,nan,nan,nan,nan,nan,nan,nan,nan,nan,nan,nan,nan,nan,nan,nan,nan,0.00672661497489529
1791062751.4945343,-2.2829041671699843,2.5779317610305017,2.487869437693457,3.4555841009271993e-16,3.2173348353632946e-15,0.0,0.0,0.0,0.0,-2.8793129097104306,0.479855409253422,0.025744952910572223,0.011248996045410062,0.0,0.0,0.0,0.23728875126786503,3.2867065785197203,0.0015837220000472895,0.003982984108685237,0.0,0.0,0.0,2.865465567185854,2.063480691375598,0.004011184093626829,0.006749584929973233,nan,nan,nan,nan,nan,nan,nan,0.0,0.0,0.0,1.4974207094753462,-1.5241188144285798,0.08430373763667592,-0.1473432026638628,nan,nan,nan,nan,nan,nan,nan,nan,nan,nan,nan,nan,nan,nan,0.0,0.0,0.0,-0.9940810529168405,-0.8844703648997058,-4.007665891989597e-06,-0.0002722024740716198,nan,nan,nan,nan,nan,nan,nan,nan,nan,nan,nan,nan,nan,nan,nan,nan,nan,nan,nan,nan,nan,nan,nan,nan,nan,nan,nan,nan,nan,nan,nan,nan,nan,nan,nan,nan,nan,nan,nan,nan,nan,nan,nan,nan,nan,nan,nan,nan,nan,0.01766272216196278
1791062751.5945287,-2.2832026575663833,2.5779087776034633,2.485126715164638,3.126754462643638e-16,2.9111767390039135e-15,0.0,0.0,0.0,0.0,-2.879693565641463,0.47975331673926414,-0.0012870364448520433,-0.0014572708075794847,0.0,0.0,0.0,0.23729460174250536,3.286688553624422,0.012801503016707143,0.010298202891960484,0.0,0.0,0.0,2.865417180137336,2.0634745871225073,0.001570698322173197,0.0002522332033381133,nan,nan,nan,nan,nan,nan,nan,0.0,0.0,0.0,1.5060549214356385,-1.538846212493016,0.0796619785139368,-0.14126302213762434,nan,nan,nan,nan,nan,nan,nan,nan,nan,nan,nan,nan,nan,nan,0.0,0.0,0.0,-0.9940834280315483,-0.8844680760673533,0.0001953057985759324,0.00046780228822501614,nan,nan,nan,nan,nan,nan,nan,nan,nan,nan,nan,nan,nan,nan,nan,nan,nan,nan,nan,nan,nan,nan,nan,nan,nan,nan,nan,nan,nan,nan,nan,nan,nan,nan,nan,nan,nan,nan,nan,nan,nan,nan,nan,nan,nan,nan,nan,nan,nan,0.004345336460959265
1791062751.6949742,-2.283512283757449,2.577887379815066,2.4885286085009066,2.829204435261528e-16,2.63414164438622e-15,0.0,0.0,0.0,0.0,-2.8796559040962495,0.4797436444530618,-0.016705660745438927,-0.00820519108054422,0.0,0.0,0.0,0.2372709547978649,3.286710328489669,0.004399238665027874,0.006252708891755631,0.0,0.0,0.0,2.865424798267856,2.0633760803204555,0.0005883399528981317,-0.0059824241694684385,nan,nan,nan,nan,nan,nan,nan,0.0,0.0,0.0,1.5139089371521797,-1.5520129314613291,0.0902910860636289,-0.17382447379557758,nan,nan,nan,nan,nan,nan,nan,nan,nan,nan,nan,nan,nan,nan,0.0,0.0,0.0,-0.9940730074557079,-0.8844663853162896,0.0015026898962791154,0.00046557581689570134,nan,nan,nan,nan,nan,nan,nan,nan,nan,nan,nan,nan,nan,nan,nan,nan,nan,nan,nan,nan,nan,nan,nan,nan,nan,nan,nan,nan,nan,nan,nan,nan,nan,nan,nan,nan,nan,nan,nan,nan,nan,nan,nan,nan,nan,nan,nan,nan,nan,0.031584688316688016
1791062751.7952428,-2.2835102698966128,2.577897092965213,2.488475605492341,2.5599700367056862e-16,2.383469924627071e-15,0.0,0.0,0.0,0.0,-2.87968480481312,0.4797283315058617,0.0010996300972592379,-0.0025666175860018,0.0,0.0,0.0,0.23764287370354975,3.2862120015508034,-0.020514300088016735,-0.008071186586620392,0.0,0.0,0.0,2.8654241369371714,2.0633649835544103,0.0007995872759648139,-0.0020873136505038994,nan,nan,nan,nan,nan,nan,nan,0.0,0.0,0.0,1.5224052373376602,-1.5661882793663722,0.088124660142822,-0.15153871885732334,nan,nan,nan,nan,nan,nan,nan,nan,nan,nan,nan,nan,nan,nan,0.0,0.0,0.0,-0.9940736825356159,-0.8844710354757435,0.001141905085280974,0.00010822159907029126,nan,nan,nan,nan,nan,nan,nan,nan,nan,nan,nan,nan,nan,nan,nan,nan,nan,nan,nan,nan,nan,nan,nan,nan,nan,nan,nan,nan,nan,nan,nan,nan,nan,nan,nan,nan,nan,nan,nan,nan,nan,nan,nan,nan,nan,nan,nan,nan,nan,0.026585385528449718
1791062751.8946264,-2.2828532268943906,2.577901379813055,2.4878368432420093,2.3165258089687525e-16,2.156810242359175e-15,0.0,0.0,0.0,0.0,-2.8796367216705856,0.4797407160126296,0.04262318463218484,0.021035441035542547,0.0,0.0,0.0,0.23729527898011393,3.2866668428376826,-0.0007878507211041257,0.0007621642718787357,0.0,0.0,0.0,2.8654648964348954,2.0633963100128665,0.0009951742462311376,-0.003945182143560811,nan,nan,nan,nan,nan,nan,nan,0.0,0.0,0.0,1.5314710199326944,-1.5810912242442434,0.08655439699617035,-0.1367333691659866,nan,nan,nan,nan,nan,nan,nan,nan,nan,nan,nan,nan,nan,nan,0.0,0.0,0.0,-0.9940834791748538,-0.8844815801307075,-0.000283824870109327,-0.0004195121634715894,nan,nan,nan,nan,nan,nan,nan,nan,nan,nan,nan,nan,nan,nan,nan,nan,nan,nan,nan,nan,nan,nan,nan,nan,nan,nan,nan,nan,nan,nan,nan,nan,nan,nan,nan,nan,nan,nan,nan,nan,nan,nan,nan,nan,nan,nan,nan,nan,nan,0.026085035452757983
1791062751.9945436,-2.282826153267105,2.5775809997969836,2.4823974885048385,2.0961331900951183e-16,1.9516128489665994e-15,0.0,0.0,0.0,0.0,-2.8792731741530186,0.4798469263899508,0.07505448855968475,0.0362521010039333,0.0,0.0,0.0,0.23727567455325338,3.286642701680478,-0.0009191882456284201,0.0019226023091899387,0.0,0.0,0.0,2.8654526524172907,2.063375266763098,-0.001336137283163179,-0.0015009488348551735,nan,nan,nan,nan,nan,nan,nan,0.0,0.0,0.0,1.541417929550748,-1.5962151416438342,0.09539155788547748,-0.14940811413395072,nan,nan,nan,nan,nan,nan,nan,nan,nan,nan,nan,nan,nan,nan,0.0,0.0,0.0,-0.9940851491992553,-0.8844887684484104,-0.0008880755926864432,-0.0003990046896741559,nan,nan,nan,nan,nan,nan,nan,nan,nan,nan,nan,nan,nan,nan,nan,nan,nan,nan,nan,nan,nan,nan,nan,nan,nan,nan,nan,nan,nan,nan,nan,nan,nan,nan,nan,nan,nan,nan,nan,nan,nan,nan,nan,nan,nan,nan,nan,nan,nan,0.014995186700001476
1791062752.0952384,-2.2825762005988057,2.5776072154419913,2.4850359250329452,1.8966597438872516e-16,1.7658923315460173e-15,0.0,0.0,0.0,0.0,-2.8803733219890675,0.47938459838687536,-0.05320505262494538,-0.02404080228248472,0.0,0.0,0.0,0.23714497146101027,3.2865407901771477,-0.0015688605395815247,0.0007150293164568042,0.0,0.0,0.0,2.865475980711356,2.0634393072681454,-0.0017508176955303401,0.004178152335721928,nan,nan,nan,nan,nan,nan,nan,0.0,0.0,0.0,1.5501916888883798,-1.6105194941563488,0.08612654605928842,-0.14714135081121354,nan,nan,nan,nan,nan,nan,nan,nan,nan,nan,nan,nan,nan,nan,0.0,0.0,0.0,-0.9940730282835268,-0.8844755793689815,0.00023995394045508666,9.046057835500824e-06,nan,nan,nan,nan,nan,nan,nan,nan,nan,nan,nan,nan,nan,nan,nan,nan,nan,nan,nan,nan,nan,nan,nan,nan,nan,nan,nan,nan,nan,nan,nan,nan,nan,nan,nan,nan,nan,nan,nan,nan,nan,nan,nan,nan,nan,nan,nan,nan,nan,0.029026224104292314
1791062752.195967,-2.2828080536808075,2.5778244130194543,2.4877120391764174,1.716168705825042e-16,1.5978454580601087e-15,0.0,0.0,0.0,0.0,-2.879677099990765,0.47976713726385206,-0.0013432365477948917,0.003254477634627965,0.0,0.0,0.0,0.23733854808977597,3.2866508546018744,-0.001068320353069234,0.00205479018441359,0.0,0.0,0.0,2.8655049611245174,2.063475243803695,0.004266708656553703,0.006341278193457306,nan,nan,nan,nan,nan,nan,nan,0.0,0.0,0.0,1.55881980428281,-1.6249637612386452,0.08441976804045101,-0.14203262661433536,nan,nan,nan,nan,nan,nan,nan,nan,nan,nan,nan,nan,nan,nan,0.0,0.0,0.0,-0.9940712699319951,-0.8844718741969858,0.0006303658753626207,0.00030955598356344845,nan,nan,nan,nan,nan,nan,nan,nan,nan,nan,nan,nan,nan,nan,nan,nan,nan,nan,nan,nan,nan,nan,nan,nan,nan,nan,nan,nan,nan,nan,nan,nan,nan,nan,nan,nan,nan,nan,nan,nan,nan,nan,nan,nan,nan,nan,nan,nan,nan,0.002648313444838936
1791062752.2948244,-2.2831303098835125,2.577891099235598,2.4851545597649407,1.5533110965026231e-16,1.446216256057352e-15,0.0,0.0,0.0,0.0,-2.879680869087562,0.4797361765474157,-0.02048814159500185,-0.008445098834213304,0.0,0.0,0.0,0.23714505443890646,3.2865215932590335,-0.012392909444115164,-0.009471286506187348,0.0,0.0,0.0,2.865461169631935,2.063456524696678,-0.0017417499747331823,0.0031291077717863734,nan,nan,nan,nan,nan,nan,nan,0.0,0.0,0.0,1.5676560293774715,-1.639076388660139,0.09046394562047237,-0.14708630104984133,nan,nan,nan,nan,nan,nan,nan,nan,nan,nan,nan,nan,nan,nan,0.0,0.0,0.0,-0.9940947486782857,-0.8844757830760741,-0.0006332984345029795,-0.0005710146735612645,nan,nan,nan,nan,nan,nan,nan,nan,nan,nan,nan,nan,nan,nan,nan,nan,nan,nan,nan,nan,nan,nan,nan,nan,nan,nan,nan,nan,nan,nan,nan,nan,nan,nan,nan,nan,nan,nan,nan,nan,nan,nan,nan,nan,nan,nan,nan,nan,nan,0.03396436642759646
1791062752.3946624,-2.2831325328633687,2.5778929711079814,2.485035450980352,1.4054940021899101e-16,1.3085905832610028e-15,0.0,0.0,0.0,0.0,-2.879652841040698,0.47974212203176125,0.0029187144690455387,0.0038934977508403037,0.0,0.0,0.0,0.23762026243053613,3.2862053477559017,0.02545999644226867,-0.03561894723788777,0.0,0.0,0.0,2.865433914689389,2.063404101141657,-0.0016704209354362932,-0.0029874716877477192,nan,nan,nan,nan,nan,nan,nan,0.0,0.0,0.0,1.5766945719694152,-1.6541778932759466,0.09331055518125232,-0.16107957197252087,nan,nan,nan,nan,nan,nan,nan,nan,nan,nan,nan,nan,nan,nan,0.0,0.0,0.0,-0.994082715727141,-0.8844698510477155,-0.0003463961980551613,0.000523152601227931,nan,nan,nan,nan,nan,nan,nan,nan,nan,nan,nan,nan,nan,nan,nan,nan,nan,nan,nan,nan,nan,nan,nan,nan,nan,nan,nan,nan,nan,nan,nan,nan,nan,nan,nan,nan,nan,nan,nan,nan,nan,nan,nan,nan,nan,nan,nan,nan,nan,0.038977861008929825
1791062752.4946878,-2.2830387309909086,2.577560882104338,2.484517951934942,1.2717480954413866e-16,1.1840659436338508e-15,0.0,0.0,0.0,0.0,-2.8796581720487424,0.4797039362191721,-0.001034945663045279,-0.0010357629750299868,0.0,0.0,0.0,0.23763728911055101,3.286203208549893,-0.0028656112837467567,-0.005405243248080074,0.0,0.0,0.0,2.865447868670607,2.0633941687073643,0.0006139189247570324,-0.0038364816824555,nan,nan,nan,nan,nan,nan,nan,0.0,0.0,0.0,1.5865353024614233,-1.6698918975234724,0.11164827212685288,-0.16401834453200986,nan,nan,nan,nan,nan,nan,nan,nan,nan,nan,nan,nan,nan,nan,0.0,0.0,0.0,-0.9940818575380673,-0.8844879029203893,-0.000362190032243157,-0.000445658951507165,nan,nan,nan,nan,nan,nan,nan,nan,nan,nan,nan,nan,nan,nan,nan,nan,nan,nan,nan,nan,nan,nan,nan,nan,nan,nan,nan,nan,nan,nan,nan,nan,nan,nan,nan,nan,nan,nan,nan,nan,nan,nan,nan,nan,nan,nan,nan,nan,nan,0.018014189846124014
1791062752.5945332,-2.2831088079539295,2.577858625428953,2.485267763116844,1.1507313575158954e-16,1.0713928454779581e-15,0.0,0.0,0.0,0.0,-2.8796817416149656,0.4797525304269529,-0.002457267121374088,0.000699751863898525,0.0,0.0,0.0,0.23780661268148526,3.286367865869817,0.00406549991856262,0.003264989393956203,0.0,0.0,0.0,2.8654987410487633,2.0634681199155933,0.004390561235836353,0.005651962227495047,nan,nan,nan,nan,nan,nan,nan,0.0,0.0,0.0,1.5959784720133947,-1.6851647353583326,0.09603150702814253,-0.15973249546951568,nan,nan,nan,nan,nan,nan,nan,nan,nan,nan,nan,nan,nan,nan,0.0,0.0,0.0,-0.9940834664749051,-0.8844870289798731,0.0004546209327058609,-0.0006076859258020194,nan,nan,nan,nan,nan,nan,nan,nan,nan,nan,nan,nan,nan,nan,nan,nan,nan,nan,nan,nan,nan,nan,nan,nan,nan,nan,nan,nan,nan,nan,nan,nan,nan,nan,nan,nan,nan,nan,nan,nan,nan,nan,nan,nan,nan,nan,nan,nan,nan,0.02545739498564852
1791062752.6945233,-2.283134347756981,2.577884447450118,2.4851040415045498,1.0412266512223e-16,9.694380685416715e-16,0.0,0.0,0.0,0.0,-2.8796848849089334,0.47976402020447073,-0.0008701523650742819,0.0008439403455351094,0.0,0.0,0.0,0.23763629630774227,3.2861933648788395,0.0031519748550295915,-0.002035537278362633,0.0,0.0,0.0,2.865462417325731,2.0633883264482193,-0.0002740073145391423,-0.004737501538729479,nan,nan,nan,nan,nan,nan,nan,0.0,0.0,0.0,1.6051086169242839,-1.6998005210046119,0.08934510600045198,-0.14187480168076833,nan,nan,nan,nan,nan,nan,nan,nan,nan,nan,nan,nan,nan,nan,0.0,0.0,0.0,-0.994092103732435,-0.8844817200601208,-0.0005909707480708673,-8.510905891965191e-05,nan,nan,nan,nan,nan,nan,nan,nan,nan,nan,nan,nan,nan,nan,nan,nan,nan,nan,nan,nan,nan,nan,nan,nan,nan,nan,nan,nan,nan,nan,nan,nan,nan,nan,nan,nan,nan,nan,nan,nan,nan,nan,nan,nan,nan,nan,nan,nan,nan,0.015765825452633195
1791062752.7947638,-2.282843568847594,2.5779345684697974,2.4876969714201334,9.421408348322816e-17,8.771838390247341e-16,0.0,0.0,0.0,0.0,-2.8797277376962964,0.47971655038571426,0.0004590163383459613,-0.002133350149839054,0.0,0.0,0.0,0.2371633418108015,3.286570603909056,-0.0027547523712236725,-0.002192960234813609,0.0,0.0,0.0,2.865378785527457,2.0633810269102324,-0.00041306566348255324,-0.005379951466468674,nan,nan,nan,nan,nan,nan,nan,0.0,0.0,0.0,1.6132573164422266,-1.7128174674059018,0.07956845751869632,-0.12960581606475263,nan,nan,nan,nan,nan,nan,nan,nan,nan,nan,nan,nan,nan,nan,0.0,0.0,0.0,-0.9940979729785644,-0.8844834600749176,-0.0005000555861290308,-0.0001279097960487387,nan,nan,nan,nan,nan,nan,nan,nan,nan,nan,nan,nan,nan,nan,nan,nan,nan,nan,nan,nan,nan,nan,nan,nan,nan,nan,nan,nan,nan,nan,nan,nan,nan,nan,nan,nan,nan,nan,nan,nan,nan,nan,nan,nan,nan,nan,nan,nan,nan,0.017939576885277565
1791062752.8946176,-2.283162080520396,2.577881533056681,2.485358046777068,8.524842805516714e-17,7.937087601724356e-16,0.0,0.0,0.0,0.0,-2.879695031911477,0.4797616141067943,0.002074853404690807,0.003487289524424928,0.0,0.0,0.0,0.23713327141056187,3.2866126024445483,-0.012295149620769611,-0.00297633158326367,0.0,0.0,0.0,2.865434461888314,2.063455190090916,0.005370154461522381,4.226055159327574e-05,nan,nan,nan,nan,nan,nan,nan,0.0,0.0,0.0,1.6213125452987829,-1.7257518671751702,0.0951480063583841,-0.15000223899396445,nan,nan,nan,nan,nan,nan,nan,nan,nan,nan,nan,nan,nan,nan,0.0,0.0,0.0,-0.9940994598804037,-0.884482085696216,-0.000373230613308191,-7.336602436144082e-05,nan,nan,nan,nan,nan,nan,nan,nan,nan,nan,nan,nan,nan,nan,nan,nan,nan,nan,nan,nan,nan,nan,nan,nan,nan,nan,nan,nan,nan,nan,nan,nan,nan,nan,nan,nan,nan,nan,nan,nan,nan,nan,nan,nan,nan,nan,nan,nan,nan,0.03262134128909691
1791062752.9953246,-2.2828496595673218,2.5779290384905487,2.487972242597474,7.713596754534814e-17,7.181773853413428e-16,0.0,0.0,0.0,0.0,-2.8796709990334266,0.47966979920187414,-0.002237993784618411,-0.0038663177009445587,0.0,0.0,0.0,0.23716029376411024,3.2865561382300923,-0.002181729056458315,0.0008087621660914672,0.0,0.0,0.0,2.865395141772919,2.0634658913139337,-0.004103741353750139,0.004329758444030936,nan,nan,nan,nan,nan,nan,nan,0.0,0.0,0.0,1.6301231033629422,-1.7399968906327816,0.0718761175379644,-0.11559081086475531,nan,nan,nan,nan,nan,nan,nan,nan,nan,nan,nan,nan,nan,nan,0.0,0.0,0.0,-0.9940888976176301,-0.8844804976793879,0.00033408399192161764,-3.216405559780259e-05,nan,nan,nan,nan,nan,nan,nan,nan,nan,nan,nan,nan,nan,nan,nan,nan,nan,nan,nan,nan,nan,nan,nan,nan,nan,nan,nan,nan,nan,nan,nan,nan,nan,nan,nan,nan,nan,nan,nan,nan,nan,nan,nan,nan,nan,nan,nan,nan,nan,0.029954923384052805
1791062753.0945148,-2.283241269331043,2.5779112815726974,2.4911142405483977,6.982429429931042e-17,6.501017710538509e-16,0.0,0.0,0.0,0.0,-2.8796046171779137,0.4797487444970715,0.006025189810346005,0.0012312982693856917,0.0,0.0,0.0,0.23724947393942847,3.286628070291746,-0.0009945016187791625,-0.0034535121263608837,0.0,0.0,0.0,2.8654315938984194,2.0634605115054074,-0.0011830708639509425,0.005052689710526723,nan,nan,nan,nan,nan,nan,nan,0.0,0.0,0.0,1.6391435304300126,-1.7546524727867465,0.08802245443291706,-0.13777250540142286,nan,nan,nan,nan,nan,nan,nan,nan,nan,nan,nan,nan,nan,nan,0.0,0.0,0.0,-0.9940849005213573,-0.88448199905351,1.4321165753577043e-05,0.00013243312789470242,nan,nan,nan,nan,nan,nan,nan,nan,nan,nan,nan,nan,nan,nan,nan,nan,nan,nan,nan,nan,nan,nan,nan,nan,nan,nan,nan,nan,nan,nan,nan,nan,nan,nan,nan,nan,nan,nan,nan,nan,nan,nan,nan,nan,nan,nan,nan,nan,nan,0.0283893154378892
1791062753.1950464,-2.283123929519281,2.5778463894906607,2.485032586161021,6.317963418003446e-17,5.8823640807466715e-16,0.0,0.0,0.0,0.0,-2.879637733789507,0.4797459594694992,0.00012910959216208784,0.005582374738077312,0.0,0.0,0.0,0.23713909583822762,3.286544028722176,-0.012560286550992426,-0.009269568945669486,0.0,0.0,0.0,2.865135650941165,2.062988685290942,-0.030576074281821235,-0.03110365048856051,nan,nan,nan,nan,nan,nan,nan,0.0,0.0,0.0,1.648161554440777,-1.7688996479059838,0.09183104114014677,-0.1417078001356531,nan,nan,nan,nan,nan,nan,nan,nan,nan,nan,nan,nan,nan,nan,0.0,0.0,0.0,-0.9940901338403234,-0.8844770824533335,0.0003313540630461384,-0.0002844147980800082,nan,nan,nan,nan,nan,nan,nan,nan,nan,nan,nan,nan,nan,nan,nan,nan,nan,nan,nan,nan,nan,nan,nan,nan,nan,nan,nan,nan,nan,nan,nan,nan,nan,nan,nan,nan,nan,nan,nan,nan,nan,nan,nan,nan,nan,nan,nan,nan,nan,0.02361791453435
1791062753.2945797,-2.283085308825377,2.577843470241014,2.485076786253063,5.716825108880486e-17,5.322671951623338e-16,0.0,0.0,0.0,0.0,-2.880326784758623,0.4793483841057528,-0.046471751186772846,-0.029614051352045638,0.0,0.0,0.0,0.23714429661589526,3.286557371963612,-0.010953009902535123,-0.007542899812946728,0.0,0.0,0.0,2.865456948249079,2.0634084492221962,-0.0001872103272022675,0.0015071581742426832,nan,nan,nan,nan,nan,nan,nan,0.0,0.0,0.0,1.6571072855819178,-1.7831594032923168,0.07276414870083525,-0.10664158704094415,nan,nan,nan,nan,nan,nan,nan,nan,nan,nan,nan,nan,nan,nan,0.0,0.0,0.0,-0.9940948579792527,-0.8844757493889922,-0.0004937304285532982,-4.884132947318725e-06,nan,nan,nan,nan,nan,nan,nan,nan,nan,nan,nan,nan,nan,nan,nan,nan,nan,nan,nan,nan,nan,nan,nan,nan,nan,nan,nan,nan,nan,nan,nan,nan,nan,nan,nan,nan,nan,nan,nan,nan,nan,nan,nan,nan,nan,nan,nan,nan,nan,0.016994774748924205
1791062753.3945122,-2.2832123064065883,2.5779069663631904,2.4911535698025875,5.172797271706501e-17,4.816152746526415e-16,0.0,0.0,0.0,0.0,-2.879681566953302,0.47974323112516054,0.0013406406057381742,0.0007519416970638539,0.0,0.0,0.0,0.23720033212313296,3.286519426489594,-0.0010458859277952647,-0.004139562304807472,0.0,0.0,0.0,2.8650462959815433,2.062996442834172,-0.02730552894919074,-0.026349642666928685,nan,nan,nan,nan,nan,nan,nan,0.0,0.0,0.0,1.6664839345644733,-1.7982715661766875,0.10010006252301032,-0.15343034995398608,nan,nan,nan,nan,nan,nan,nan,nan,nan,nan,nan,nan,nan,nan,0.0,0.0,0.0,-0.9940767329283925,-0.8844801878382685,0.0006482305490538839,-0.0011321757649815987,nan,nan,nan,nan,nan,nan,nan,nan,nan,nan,nan,nan,nan,nan,nan,nan,nan,nan,nan,nan,nan,nan,nan,nan,nan,nan,nan,nan,nan,nan,nan,nan,nan,nan,nan,nan,nan,nan,nan,nan,nan,nan,nan,nan,nan,nan,nan,nan,nan,0.04297611152403115
1791062753.49449,-2.283205290712869,2.57790312906544,2.4911969849667766,4.6805863695408645e-17,4.3578778975773804e-16,0.0,0.0,0.0,0.0,-2.879721221258586,0.4797290397111302,-0.001955160836285433,-0.0004904847717013354,0.0,0.0,0.0,0.2377994683462838,3.286333748749596,0.002103732167474422,0.004398872253452459,0.0,0.0,0.0,2.865464587270016,2.063387614306357,0.002348807911356632,-0.0033383827829315997,nan,nan,nan,nan,nan,nan,nan,0.0,0.0,0.0,1.674480910573074,-1.8112393286146728,0.038448273477069285,-0.059053229420886914,nan,nan,nan,nan,nan,nan,nan,nan,nan,nan,nan,nan,nan,nan,0.0,0.0,0.0,-0.99408684713694,-0.8844731300536548,0.00041128067816020234,7.472169343644588e-05,nan,nan,nan,nan,nan,nan,nan,nan,nan,nan,nan,nan,nan,nan,nan,nan,nan,nan,nan,nan,nan,nan,nan,nan,nan,nan,nan,nan,nan,nan,nan,nan,nan,nan,nan,nan,nan,nan,nan,nan,nan,nan,nan,nan,nan,nan,nan,nan,nan,0.007291577433681177
1791062753.5945249,-2.2828991129017013,2.5778835143851238,2.487798848841607,4.235169686184253e-17,3.943170985587973e-16,0.0,0.0,0.0,0.0,-2.8796646435347686,0.47975140220675405,0.003622975239160026,0.0031659609975583152,0.0,0.0,0.0,0.23763927281778763,3.286218770485615,-0.009693603417203576,-0.005464879930501399,0.0,0.0,0.0,2.865412549511666,2.0633949125721722,-0.003139221055832835,0.0008979374687200928,nan,nan,nan,nan,nan,nan,nan,0.0,0.0,0.0,1.6748308036237558,-1.8120637455508857,-0.0115697720465303,-0.02118516427208185,nan,nan,nan,nan,nan,nan,nan,nan,nan,nan,nan,nan,nan,nan,0.0,0.0,0.0,-0.9940876839747791,-0.8844687846222811,0.0007721845972225897,4.7353070353722975e-05,nan,nan,nan,nan,nan,nan,nan,nan,nan,nan,nan,nan,nan,nan,nan,nan,nan,nan,nan,nan,nan,nan,nan,nan,nan,nan,nan,nan,nan,nan,nan,nan,nan,nan,nan,nan,nan,nan,nan,nan,nan,nan,nan,nan,nan,nan,nan,nan,nan,0.02303137788456488
1791062753.6973479,-2.2830321863595935,2.5775128558192533,2.484588905343079,3.8321400044015197e-17,3.5679286540420424e-16,0.0,0.0,0.0,0.0,-2.879696209554272,0.47967956002478773,-0.0014745651393902478,-0.0007829674999006019,0.0,0.0,0.0,0.23777513497792838,3.286328105100101,0.005991305549535484,0.002250041136515148,0.0,0.0,0.0,2.865426972049463,2.0633667092595345,-0.012399845308995263,-0.005659034533473352,nan,nan,nan,nan,nan,nan,nan,0.0,0.0,0.0,1.6749476368332605,-1.812115534980121,-0.00045425258604773425,-0.0013938171081081517,nan,nan,nan,nan,nan,nan,nan,nan,nan,nan,nan,nan,nan,nan,0.0,0.0,0.0,-0.9940825576354949,-0.8844687934188427,0.00038033172789210984,0.00010526330133881548,nan,nan,nan,nan,nan,nan,nan,nan,nan,nan,nan,nan,nan,nan,nan,nan,nan,nan,nan,nan,nan,nan,nan,nan,nan,nan,nan,nan,nan,nan,nan,nan,nan,nan,nan,nan,nan,nan,nan,nan,nan,nan,nan,nan,nan,nan,nan,nan,nan,0.03300761920017267
1791062753.794617,-2.282901030814469,2.5779198373386407,2.4878977986753807,3.4702684642739674e-17,3.2310067681974625e-16,0.0,0.0,0.0,0.0,-2.8797055621631857,0.47973939387735887,-0.02292901993390843,-0.0048735749714388914,0.0,0.0,0.0,0.2377406562820068,3.286335916388578,-0.000710058788091281,0.0021637488540655002,0.0,0.0,0.0,2.8653818038636696,2.0633858255481448,-0.002879851255598255,0.0005003588621437707,nan,nan,nan,nan,nan,nan,nan,0.0,0.0,0.0,1.6749470598708425,-1.812079976711073,-0.00999287842089335,-0.024692548729534195,nan,nan,nan,nan,nan,nan,nan,nan,nan,nan,nan,nan,nan,nan,0.0,0.0,0.0,-0.9940936790640196,-0.8844734052798566,0.0008575611823788685,0.0002586419317149547,nan,nan,nan,nan,nan,nan,nan,nan,nan,nan,nan,nan,nan,nan,nan,nan,nan,nan,nan,nan,nan,nan,nan,nan,nan,nan,nan,nan,nan,nan,nan,nan,nan,nan,nan,nan,nan,nan,nan,nan,nan,nan,nan,nan,nan,nan,nan,nan,nan,0.006023079035585093
1791062753.8945234,-2.2828543026378467,2.5779010504976956,2.4876018719438777,3.140361621401879e-17,2.923845736372974e-16,0.0,0.0,0.0,0.0,-2.879638167492358,0.4797078994549813,0.00569476835169267,-0.002315405743483633,0.0,0.0,0.0,0.23775285453929343,3.2863358789205743,0.007896147933986694,0.006993172169420863,0.0,0.0,0.0,2.8654881566286665,2.0634554711042314,0.004561587585958847,0.00490471009641195,nan,nan,nan,nan,nan,nan,nan,0.0,0.0,0.0,1.6749620718181324,-1.8121039714401947,0.0013729868467080132,-0.0035631874154098526,nan,nan,nan,nan,nan,nan,nan,nan,nan,nan,nan,nan,nan,nan,0.0,0.0,0.0,-0.9941022140891053,-0.8844735765279707,-0.0007727033780213683,0.0002919948674707135,nan,nan,nan,nan,nan,nan,nan,nan,nan,nan,nan,nan,nan,nan,nan,nan,nan,nan,nan,nan,nan,nan,nan,nan,nan,nan,nan,nan,nan,nan,nan,nan,nan,nan,nan,nan,nan,nan,nan,nan,nan,nan,nan,nan,nan,nan,nan,nan,nan,0.007064827255455002
1791062753.9947066,-2.282829036681955,2.5779189808760057,2.488030143106238,2.8415167016611006e-17,2.645605027256571e-16,0.0,0.0,0.0,0.0,-2.8796598178035557,0.47974471257172935,0.0025653906512798745,0.004250067514220958,0.0,0.0,0.0,0.23763809933899804,3.286215713097039,-0.008272681869936597,-0.007959140443825861,0.0,0.0,0.0,2.865384229806227,2.0634711763113462,-9.912299600884343e-05,0.008875447198328288,nan,nan,nan,nan,nan,nan,nan,0.0,0.0,0.0,1.6751090326855929,-1.8117586953902687,-0.00396341635008655,0.0023628732316331577,nan,nan,nan,nan,nan,nan,nan,nan,nan,nan,nan,nan,nan,nan,0.0,0.0,0.0,-0.9940925787122022,-0.8844736110927695,-0.0004891367132854184,-0.00019244173171446957,nan,nan,nan,nan,nan,nan,nan,nan,nan,nan,nan,nan,nan,nan,nan,nan,nan,nan,nan,nan,nan,nan,nan,nan,nan,nan,nan,nan,nan,nan,nan,nan,nan,nan,nan,nan,nan,nan,nan,nan,nan,nan,nan,nan,nan,nan,nan,nan,nan,0.006079420006157273
1791062754.094892,-2.2835162052578206,2.5779494642879324,2.4886262864937327,2.5711106360466202e-17,2.393842422387089e-16,0.0,0.0,0.0,0.0,-2.879608551566281,0.4797091295984999,-0.0031905549956572667,-0.0003539750130405702,0.0,0.0,0.0,0.23756066394095615,3.2862234266871098,-0.014223350572766951,-0.005353513056869186,0.0,0.0,0.0,2.8653598631356774,2.0633705838664462,0.00015368052876675847,-0.0013044959289994973,nan,nan,nan,nan,nan,nan,nan,0.0,0.0,0.0,1.6749291855833177,-1.8120644166142452,-0.001789394124804039,0.0033774077585480306,nan,nan,nan,nan,nan,nan,nan,nan,nan,nan,nan,nan,nan,nan,0.0,0.0,0.0,-0.9941037334101803,-0.8844677176221727,6.173465312755435e-05,0.0006389823739190422,nan,nan,nan,nan,nan,nan,nan,nan,nan,nan,nan,nan,nan,nan,nan,nan,nan,nan,nan,nan,nan,nan,nan,nan,nan,nan,nan,nan,nan,nan,nan,nan,nan,nan,nan,nan,nan,nan,nan,nan,nan,nan,nan,nan,nan,nan,nan,nan,nan,0.022876669148292155
1791062754.1948085,-2.2763276961706946,2.5742944693455656,2.488334320556155,2.3271933759329156e-17,2.1667423215098955e-16,0.0,0.0,0.0,0.0,-2.879684658975286,0.47973005054822776,-0.0004179932812038705,0.0002831494742385679,0.0,0.0,0.0,0.2376025121024497,3.2862274502565105,-0.020033917701655468,-0.002069115997263432,0.0,0.0,0.0,2.865449928056266,2.063389510329704,0.0026995031706622567,-0.004191493241995987,nan,nan,nan,nan,nan,nan,nan,0.0,0.0,0.0,1.674952792979467,-1.8120879401443668,0.0020650710855066303,0.0009063167219642617,nan,nan,nan,nan,nan,nan,nan,nan,nan,nan,nan,nan,nan,nan,0.0,0.0,0.0,-0.9940905482511444,-0.8844798778963139,-0.00011860729594376273,-0.00011071084457911941,nan,nan,nan,nan,nan,nan,nan,nan,nan,nan,nan,nan,nan,nan,nan,nan,nan,nan,nan,nan,nan,nan,nan,nan,nan,nan,nan,nan,nan,nan,nan,nan,nan,nan,nan,nan,nan,nan,nan,nan,nan,nan,nan,nan,nan,nan,nan,nan,nan,0.006599785745994976
1791062754.2945693,-2.2765072870193643,2.5743343663704223,2.4882757757121228,2.1057316458849353e-17,1.9605495280565372e-16,0.0,0.0,0.0,0.0,-2.879630976019509,0.47978059759096336,0.0009733022084193188,-0.0001711677341970923,0.0,0.0,0.0,0.23777053424162647,3.2863535857851014,0.00042730319027750715,0.001999031783325317,0.0,0.0,0.0,2.8654558489456794,2.063415433150367,0.006171057871179465,0.0004792586491182899,nan,nan,nan,nan,nan,nan,nan,0.0,0.0,0.0,1.6749461457428043,-1.8121341238558406,-0.00022074276789000333,0.001239498227615976,nan,nan,nan,nan,nan,nan,nan,nan,nan,nan,nan,nan,nan,nan,0.0,0.0,0.0,-0.9940833356084474,-0.884476367027588,0.00027125225321917917,0.00016989893448576148,nan,nan,nan,nan,nan,nan,nan,nan,nan,nan,nan,nan,nan,nan,nan,nan,nan,nan,nan,nan,nan,nan,nan,nan,nan,nan,nan,nan,nan,nan,nan,nan,nan,nan,nan,nan,nan,nan,nan,nan,nan,nan,nan,nan,nan,nan,nan,nan,nan,0.008828738015442457
1791062754.395203,-2.276587193338452,2.5743848684257578,2.4883397558385636,1.9053447858426254e-17,1.7739785731808609e-16,0.0,0.0,0.0,0.0,-2.87965980250722,0.4797743315418948,0.002482825978058499,0.0030612305340235796,0.0,0.0,0.0,0.23727722463917914,3.2866864240561076,-0.03821086034796179,0.02844703254847472,0.0,0.0,0.0,2.8654120040256172,2.0634624883627226,-0.02164161349043185,0.01747659570895675,nan,nan,nan,nan,nan,nan,nan,0.0,0.0,0.0,1.6749559213785885,-1.8120898933261746,0.0008295127595747108,0.0018048228137456579,nan,nan,nan,nan,nan,nan,nan,nan,nan,nan,nan,nan,nan,nan,0.0,0.0,0.0,-0.9940776064841115,-0.8844903704093693,0.0004692122383440012,-0.0006864723856448694,nan,nan,nan,nan,nan,nan,nan,nan,nan,nan,nan,nan,nan,nan,nan,nan,nan,nan,nan,nan,nan,nan,nan,nan,nan,nan,nan,nan,nan,nan,nan,nan,nan,nan,nan,nan,nan,nan,nan,nan,nan,nan,nan,nan,nan,nan,nan,nan,nan,0.00830589493086209
1791062754.4945123,-2.276448351619369,2.5742905459170364,2.4882428132070267,1.7252921445396425e-17,1.6063398706796473e-16,0.0,0.0,0.0,0.0,-2.879609231541536,0.479757730887702,0.003907349492881262,-0.001154715594154624,0.0,0.0,0.0,0.23774064740237646,3.2863000644286995,0.00210232829711906,-0.0012526391698548238,0.0,0.0,0.0,2.865417723233692,2.0634549356058076,-0.0028188576537860766,-0.0007852389528767221,nan,nan,nan,nan,nan,nan,nan,0.0,0.0,0.0,1.6749281479633868,-1.8120908379744598,-0.001049098326262193,5.076950544656805e-05,nan,nan,nan,nan,nan,nan,nan,nan,nan,nan,nan,nan,nan,nan,0.0,0.0,0.0,-0.9940905205391346,-0.8844837687053574,-0.00047181407735432946,0.00017159713175630685,nan,nan,nan,nan,nan,nan,nan,nan,nan,nan,nan,nan,nan,nan,nan,nan,nan,nan,nan,nan,nan,nan,nan,nan,nan,nan,nan,nan,nan,nan,nan,nan,nan,nan,nan,nan,nan,nan,nan,nan,nan,nan,nan,nan,nan,nan,nan,nan,nan,0.008638145287802348
1791062754.5945344,-2.285572703743383,2.560502679429137,2.4907144850072256,1.5611270907510937e-17,1.4534933674903692e-16,0.0,0.0,0.0,0.0,-2.8796431232729782,0.4796826671962525,0.0009567173741724876,-0.002969503964901291,0.0,0.0,0.0,0.23779725563171988,3.2863438423803206,0.009312508533153557,0.0070536409761956,0.0,0.0,0.0,2.8654704309285055,2.0634457738347867,0.025057685394792226,0.03376390494898185,nan,nan,nan,nan,nan,nan,nan,0.0,0.0,0.0,1.6749416867277849,-1.8120832804170564,0.00021227397908398242,0.0009736488573067904,nan,nan,nan,nan,nan,nan,nan,nan,nan,nan,nan,nan,nan,nan,0.0,0.0,0.0,-0.9940889660842344,-0.8844769303808317,-0.0004872396818700012,-0.0001832295471776348,nan,nan,nan,nan,nan,nan,nan,nan,nan,nan,nan,nan,nan,nan,nan,nan,nan,nan,nan,nan,nan,nan,nan,nan,nan,nan,nan,nan,nan,nan,nan,nan,nan,nan,nan,nan,nan,nan,nan,nan,nan,nan,nan,nan,nan,nan,nan,nan,nan,0.3111287706575001
1791062754.6945777,-2.276434709757482,2.574287538851116,2.4883548034808194,1.4125662062462064e-17,1.315175185981863e-16,0.0,0.0,0.0,0.0,-2.8796421949543216,0.4797327216099907,-0.004852394217792885,-0.0003261482495395258,0.0,0.0,0.0,0.23762358431155947,3.2861788981504247,-0.0018209863450347353,-0.0032770831824054433,0.0,0.0,0.0,2.8654143756340935,2.063350484029053,-0.002896973033382797,-0.002470926236585297,nan,nan,nan,nan,nan,nan,nan,0.0,0.0,0.0,1.6749382203121415,-1.8121146486396713,0.000642264438973274,-0.00385355320048092,nan,nan,nan,nan,nan,nan,nan,nan,nan,nan,nan,nan,nan,nan,0.0,0.0,0.0,-0.9940712360097803,-0.8844729141433528,-0.00034961344247754546,-3.618145002198135e-05,nan,nan,nan,nan,nan,nan,nan,nan,nan,nan,nan,nan,nan,nan,nan,nan,nan,nan,nan,nan,nan,nan,nan,nan,nan,nan,nan,nan,nan,nan,nan,nan,nan,nan,nan,nan,nan,nan,nan,nan,nan,nan,nan,nan,nan,nan,nan,nan,nan,0.026214116377819077
1791062754.7945514,-2.276473419293357,2.5743254399413207,2.488292584590772,1.2781427590682546e-17,1.190019719738342e-16,0.0,0.0,0.0,0.0,-2.879698875599298,0.47972665198208186,-0.00734916005361454,-0.004935027654141911,0.0,0.0,0.0,0.23774841089517743,3.286324905600881,-0.0013108620128770075,0.0011296896342304667,0.0,0.0,0.0,2.865409829292394,2.063376852905913,-0.0020445441524068264,-0.0002064115357799999,nan,nan,nan,nan,nan,nan,nan,0.0,0.0,0.0,1.6749554886898346,-1.812096832586397,0.00024009152699661857,-0.0021909137263284037,nan,nan,nan,nan,nan,nan,nan,nan,nan,nan,nan,nan,nan,nan,0.0,0.0,0.0,-0.9940812481168119,-0.8844808263851807,0.00025467947260181647,-0.0004800512616904745,nan,nan,nan,nan,nan,nan,nan,nan,nan,nan,nan,nan,nan,nan,nan,nan,nan,nan,nan,nan,nan,nan,nan,nan,nan,nan,nan,nan,nan,nan,nan,nan,nan,nan,nan,nan,nan,nan,nan,nan,nan,nan,nan,nan,nan,nan,nan,nan,nan,0.005084005596837518
1791062754.8945417,-2.2765388761363217,2.5744088291267477,2.4887028687971884,1.1565143317257018e-17,1.0767771058037972e-16,0.0,0.0,0.0,0.0,-2.8797017880718516,0.4797214288108575,-0.0024328229806725938,-0.0022687595428443116,0.0,0.0,0.0,0.23779077108211638,3.286360707613242,-0.0016774753056515085,4.0697221936235794e-05,0.0,0.0,0.0,2.8654314712952855,2.0633738225154796,0.0021326814755449866,-0.0018146360589612956,nan,nan,nan,nan,nan,nan,nan,0.0,0.0,0.0,1.6748339443845643,-1.8121996948947188,-0.01055635319087124,-0.005356291599528252,nan,nan,nan,nan,nan,nan,nan,nan,nan,nan,nan,nan,nan,nan,0.0,0.0,0.0,-0.994090307302843,-0.8844788886136888,-0.000985198554270624,6.565423060061085e-05,nan,nan,nan,nan,nan,nan,nan,nan,nan,nan,nan,nan,nan,nan,nan,nan,nan,nan,nan,nan,nan,nan,nan,nan,nan,nan,nan,nan,nan,nan,nan,nan,nan,nan,nan,nan,nan,nan,nan,nan,nan,nan,nan,nan,nan,nan,nan,nan,nan,0.034180287197262176
1791062754.9960535,-2.275938080638987,2.5740861391402245,2.4891518200449094,1.0464574420069502e-17,9.74308216370932e-17,0.0,0.0,0.0,0.0,-2.8796872421543647,0.47971720109805943,-0.0013245376820778887,0.0005172184176903455,0.0,0.0,0.0,0.23780198316911003,3.2863232980322445,0.0057056042358888896,0.00025451657296013104,0.0,0.0,0.0,2.865408727455398,2.063377045079992,-0.0007180834215243572,-0.002677007377763576,nan,nan,nan,nan,nan,nan,nan,0.0,0.0,0.0,1.6749708963298777,-1.8120729919533851,0.0017746688330457778,0.000584505673012705,nan,nan,nan,nan,nan,nan,nan,nan,nan,nan,nan,nan,nan,nan,0.0,0.0,0.0,-0.9940886143715905,-0.8844847411369651,1.9861011900911956e-05,-0.0004744407437871095,nan,nan,nan,nan,nan,nan,nan,nan,nan,nan,nan,nan,nan,nan,nan,nan,nan,nan,nan,nan,nan,nan,nan,nan,nan,nan,nan,nan,nan,nan,nan,nan,nan,nan,nan,nan,nan,nan,nan,nan,nan,nan,nan,nan,nan,nan,nan,nan,nan,0.021532356833957454
1791062755.0954332,-2.276538915897827,2.5743954908068765,2.4877875254579025,9.468738500609047e-18,8.815905310127175e-17,0.0,0.0,0.0,0.0,-2.8796391049823096,0.47974951839569013,0.0009962134592902817,4.969137389210487e-05,0.0,0.0,0.0,0.23773230299046752,3.286341141631907,5.1551090453164214e-05,0.0009344991876448952,0.0,0.0,0.0,2.8654591821221738,2.063463091033937,0.002362150301839025,0.007220713824747339,nan,nan,nan,nan,nan,nan,nan,0.0,0.0,0.0,1.6749827576434198,-1.812134613085118,0.0005490876284445717,-0.0020055423831257507,nan,nan,nan,nan,nan,nan,nan,nan,nan,nan,nan,nan,nan,nan,0.0,0.0,0.0,-0.9940849490608731,-0.8844822426289635,-0.0002882081642429717,-0.00044626556810999237,nan,nan,nan,nan,nan,nan,nan,nan,nan,nan,nan,nan,nan,nan,nan,nan,nan,nan,nan,nan,nan,nan,nan,nan,nan,nan,nan,nan,nan,nan,nan,nan,nan,nan,nan,nan,nan,nan,nan,nan,nan,nan,nan,nan,nan,nan,nan,nan,nan,0.018353420777680925
1791062755.1945202,-2.2760187682388016,2.574179243661488,2.487500783733504,8.572263788512307e-18,7.981239089884636e-17,0.0,0.0,0.0,0.0,-2.8796866690267087,0.4797853984106477,-0.0032297414612145496,0.004231120318776391,0.0,0.0,0.0,0.23728657833982933,3.2866761168236125,0.009768718911878072,0.008500810094160078,0.0,0.0,0.0,2.8650997571664956,2.062923944614534,-0.028364907526955446,-0.040678202096506355,nan,nan,nan,nan,nan,nan,nan,0.0,0.0,0.0,1.6749723919535893,-1.8120864300601627,0.0006156133887661306,0.003522885188619541,nan,nan,nan,nan,nan,nan,nan,nan,nan,nan,nan,nan,nan,nan,0.0,0.0,0.0,-0.9940813646651936,-0.8844698433946145,-0.0002592495658666887,0.0006268791926871014,nan,nan,nan,nan,nan,nan,nan,nan,nan,nan,nan,nan,nan,nan,nan,nan,nan,nan,nan,nan,nan,nan,nan,nan,nan,nan,nan,nan,nan,nan,nan,nan,nan,nan,nan,nan,nan,nan,nan,nan,nan,nan,nan,nan,nan,nan,nan,nan,nan,0.0832469498940125
1791062755.294812,-2.276533639209993,2.574441504661929,2.488408549778208,7.75650503435611e-18,7.221723771969184e-17,0.0,0.0,0.0,0.0,-2.879654375165598,0.479722981809647,0.007591260231363502,0.007420652438273903,0.0,0.0,0.0,0.23774428336848022,3.2863211909349808,-0.0033804687170463335,-0.0011671888602709198,0.0,0.0,0.0,2.8654093311032804,2.063390600234803,0.0010734324363337686,-7.025115064589085e-05,nan,nan,nan,nan,nan,nan,nan,0.0,0.0,0.0,1.6749680253444974,-1.8121246625499448,0.0007983191954298835,-0.0024822369337821485,nan,nan,nan,nan,nan,nan,nan,nan,nan,nan,nan,nan,nan,nan,0.0,0.0,0.0,-0.9940785604679256,-0.8844832523389184,0.00032225041882443396,-0.00040683839256374765,nan,nan,nan,nan,nan,nan,nan,nan,nan,nan,nan,nan,nan,nan,nan,nan,nan,nan,nan,nan,nan,nan,nan,nan,nan,nan,nan,nan,nan,nan,nan,nan,nan,nan,nan,nan,nan,nan,nan,nan,nan,nan,nan,nan,nan,nan,nan,nan,nan,0.02341597990698781
1791062755.3945475,-2.2766508750977095,2.574512866458897,2.488771454629747,7.020247745058008e-18,6.53622859793671e-17,0.0,0.0,0.0,0.0,-2.8796364394260547,0.4797552006050499,-0.003602152108249254,0.0010016497638063288,0.0,0.0,0.0,0.23761600820643286,3.28616740671176,-0.008899399947609691,-0.008208686302986861,0.0,0.0,0.0,2.8654468788258587,2.0634510024952553,0.002358098388615716,0.0024345814351880656,nan,nan,nan,nan,nan,nan,nan,0.0,0.0,0.0,1.674943832460858,-1.8120733663502038,-0.0018539000554009556,0.003932237868502924,nan,nan,nan,nan,nan,nan,nan,nan,nan,nan,nan,nan,nan,nan,0.0,0.0,0.0,-0.9940789718945795,-0.8844830913360954,-0.00012420132661460423,-0.000553487758909491,nan,nan,nan,nan,nan,nan,nan,nan,nan,nan,nan,nan,nan,nan,nan,nan,nan,nan,nan,nan,nan,nan,nan,nan,nan,nan,nan,nan,nan,nan,nan,nan,nan,nan,nan,nan,nan,nan,nan,nan,nan,nan,nan,nan,nan,nan,nan,nan,nan,0.03144267365079978
1791062755.4945102,-2.272085940542032,2.5712108868134065,2.4916912448942257,6.35223512961627e-18,5.914272889335617e-17,0.0,0.0,0.0,0.0,-2.87965169895068,0.47968197128368173,-0.01193866992440244,-0.010616336761777957,0.0,0.0,0.0,0.23778649077306704,3.286309055876432,-0.014688182697047332,-0.0009414854421142769,0.0,0.0,0.0,2.8654127030533414,2.063382510442811,0.02629633911550364,0.030415513227222905,nan,nan,nan,nan,nan,nan,nan,0.0,0.0,0.0,1.6749393309233258,-1.8121346459596586,-0.0018580385246457858,0.0017720385163817087,nan,nan,nan,nan,nan,nan,nan,nan,nan,nan,nan,nan,nan,nan,0.0,0.0,0.0,-0.9940614475735575,-0.884476823076329,0.0008479959183451478,-0.0007183198176129603,nan,nan,nan,nan,nan,nan,nan,nan,nan,nan,nan,nan,nan,nan,nan,nan,nan,nan,nan,nan,nan,nan,nan,nan,nan,nan,nan,nan,nan,nan,nan,nan,nan,nan,nan,nan,nan,nan,nan,nan,nan,nan,nan,nan,nan,nan,nan,nan,nan,0.009901179511404139
1791062755.594596,-2.276454125058524,2.5743158787209586,2.488302307266527,5.747740034354823e-18,5.3514554115989095e-17,0.0,0.0,0.0,0.0,-2.8796824840385504,0.47978031714441455,-0.0011832317704321585,0.004931430886958908,0.0,0.0,0.0,0.23783234758916905,3.28634820003759,0.0031399793850011267,-3.693395258667156e-05,0.0,0.0,0.0,2.865431921887226,2.063462731060244,0.0025517804407710954,0.0021683178023789405,nan,nan,nan,nan,nan,nan,nan,0.0,0.0,0.0,1.6749580056702973,-1.8120744900416683,-0.00025198357296888165,0.0021540642924292824,nan,nan,nan,nan,nan,nan,nan,nan,nan,nan,nan,nan,nan,nan,0.0,0.0,0.0,-0.9940730625754093,-0.8844694183683501,-2.9137399056646386e-05,-9.473856146064154e-06,nan,nan,nan,nan,nan,nan,nan,nan,nan,nan,nan,nan,nan,nan,nan,nan,nan,nan,nan,nan,nan,nan,nan,nan,nan,nan,nan,nan,nan,nan,nan,nan,nan,nan,nan,nan,nan,nan,nan,nan,nan,nan,nan,nan,nan,nan,nan,nan,nan,0.017690007276918607
1791062755.6954575,-2.276452225225709,2.574339303389682,2.487727021117223,5.20077025305593e-18,4.842197098137001e-17,0.0,0.0,0.0,0.0,-2.879633939839189,0.47971746430227463,0.002617579285811503,-0.0002566627067946642,0.0,0.0,0.0,0.23713488792137336,3.2865662484690605,-0.011656133494623775,-0.0035484844092872753,0.0,0.0,0.0,2.865442260325197,2.0634455831101577,0.003386837650557573,0.003249061433001364,nan,nan,nan,nan,nan,nan,nan,0.0,0.0,0.0,1.6749586936119196,-1.8120995140706038,0.0011548646753470801,-0.0026139395911041804,nan,nan,nan,nan,nan,nan,nan,nan,nan,nan,nan,nan,nan,nan,0.0,0.0,0.0,-0.9937355161155145,-0.8842951591127959,-0.0001796548538863376,0.0001081602477816277,nan,nan,nan,nan,nan,nan,nan,nan,nan,nan,nan,nan,nan,nan,nan,nan,nan,nan,nan,nan,nan,nan,nan,nan,nan,nan,nan,nan,nan,nan,nan,nan,nan,nan,nan,nan,nan,nan,nan,nan,nan,nan,nan,nan,nan,nan,nan,nan,nan,0.011819546049251221
1791062755.7952414,-2.276247878141818,2.5743061552125517,2.488277058685433,4.706921191136364e-18,4.382397034263869e-17,0.0,0.0,0.0,0.0,-2.8796776077491404,0.47970294633691096,-0.005868069730551568,-0.002284881705587405,0.0,0.0,0.0,0.23776149091849727,3.286288967594984,0.000746635438007107,-0.0005892119591441392,0.0,0.0,0.0,2.8654994143895762,2.063380974922666,0.007604868058078616,-0.001766149050571492,nan,nan,nan,nan,nan,nan,nan,0.0,0.0,0.0,1.6749746323727868,-1.8120795832586605,0.00029761468630480967,0.0026898312679622823,nan,nan,nan,nan,nan,nan,nan,nan,nan,nan,nan,nan,nan,nan,0.0,0.0,0.0,-0.9937233838968448,-0.8843012793098156,0.0006725506614880397,0.0001320264220845954,nan,nan,nan,nan,nan,nan,nan,nan,nan,nan,nan,nan,nan,nan,nan,nan,nan,nan,nan,nan,nan,nan,nan,nan,nan,nan,nan,nan,nan,nan,nan,nan,nan,nan,nan,nan,nan,nan,nan,nan,nan,nan,nan,nan,nan,nan,nan,nan,nan,0.01990559063528817
1791062755.8953526,-2.2765336896673904,2.5745078884960937,2.48836387083044,4.259632404455938e-18,3.9659470932920406e-17,0.0,0.0,0.0,0.0,-2.880306070397388,0.47935405012690846,-0.047111568233468015,-0.02916384158279882,0.0,0.0,0.0,0.23780421764166434,3.2863406712152585,0.0029872097967633482,0.002299369726583275,0.0,0.0,0.0,2.8654561519525994,2.063463754153882,0.0015493674359080584,0.006186298060845268,nan,nan,nan,nan,nan,nan,nan,0.0,0.0,0.0,1.6749500856943755,-1.812133400300634,-0.00010681870060985333,-0.00034406305934276196,nan,nan,nan,nan,nan,nan,nan,nan,nan,nan,nan,nan,nan,nan,0.0,0.0,0.0,-0.9937437042893169,-0.8843001000594963,-0.000502252136736488,0.0006434990045594424,nan,nan,nan,nan,nan,nan,nan,nan,nan,nan,nan,nan,nan,nan,nan,nan,nan,nan,nan,nan,nan,nan,nan,nan,nan,nan,nan,nan,nan,nan,nan,nan,nan,nan,nan,nan,nan,nan,nan,nan,nan,nan,nan,nan,nan,nan,nan,nan,nan,0.006486516575847834
1791062755.9944963,-2.2759790336054535,2.574306005936671,2.488498039064655,3.8555486505101065e-18,3.5897233638144504e-17,0.0,0.0,0.0,0.0,-2.879679930354888,0.47972602592275787,-0.013364631912992978,-0.0016536130385705582,0.0,0.0,0.0,0.23714709911974868,3.286497521577785,-0.011998020230347219,-0.011946325550729388,0.0,0.0,0.0,2.865392988015806,2.0633989533733743,-0.005324790980425966,-0.003668501069766394,nan,nan,nan,nan,nan,nan,nan,0.0,0.0,0.0,1.6748322593167488,-1.812214794648802,-0.009968010813374934,-0.008133867605007167,nan,nan,nan,nan,nan,nan,nan,nan,nan,nan,nan,nan,nan,nan,0.0,0.0,0.0,-0.9940958102235649,-0.8844700827577835,-0.00033765602095059974,0.00016284392854256177,nan,nan,nan,nan,nan,nan,nan,nan,nan,nan,nan,nan,nan,nan,nan,nan,nan,nan,nan,nan,nan,nan,nan,nan,nan,nan,nan,nan,nan,nan,nan,nan,nan,nan,nan,nan,nan,nan,nan,nan,nan,nan,nan,nan,nan,nan,nan,nan,nan,0.028959986717192673
1791062756.0946772,-2.2764135812443946,2.574430294004003,2.489058497955455,3.488644686595275e-18,3.248116020494597e-17,0.0,0.0,0.0,0.0,-2.879633525444213,0.47973406244073946,-0.0006150387519372733,0.0009709248697370332,0.0,0.0,0.0,0.23732412612267725,3.2866483665513355,0.0012927873487417073,0.0016034704500889024,0.0,0.0,0.0,2.8654115002430434,2.0634020344186994,-0.001335846515369238,-0.0021611372074828127,nan,nan,nan,nan,nan,nan,nan,0.0,0.0,0.0,1.6749493071642012,-1.8120972431309736,-0.0009778135498501894,-0.0004479970936759856,nan,nan,nan,nan,nan,nan,nan,nan,nan,nan,nan,nan,nan,nan,0.0,0.0,0.0,-0.9940738991203184,-0.8844814433365591,-6.355509443997821e-05,0.0004087072693893729,nan,nan,nan,nan,nan,nan,nan,nan,nan,nan,nan,nan,nan,nan,nan,nan,nan,nan,nan,nan,nan,nan,nan,nan,nan,nan,nan,nan,nan,nan,nan,nan,nan,nan,nan,nan,nan,nan,nan,nan,nan,nan,nan,nan,nan,nan,nan,nan,nan,0.011475945074697834
1791062756.1944928,-2.276537917163192,2.5744643741845428,2.4884046161718176,3.1566668543869583e-18,2.939026786102755e-17,0.0,0.0,0.0,0.0,-2.8796851166652524,0.4796642448509755,-0.0033047709776249197,-0.002245992162270773,0.0,0.0,0.0,0.23781414453365204,3.286348798508961,0.0014300993407256862,0.0027177023391049215,0.0,0.0,0.0,2.865393630508737,2.0634543922598887,0.01575510915052256,0.03048440931776079,nan,nan,nan,nan,nan,nan,nan,0.0,0.0,0.0,1.6751385501426777,-1.8117903790058194,0.013155386385448227,0.02474422565844376,nan,nan,nan,nan,nan,nan,nan,nan,nan,nan,nan,nan,nan,nan,0.0,0.0,0.0,-0.9940767592236618,-0.8844780839574763,0.0006657053494037767,0.00010953481019671964,nan,nan,nan,nan,nan,nan,nan,nan,nan,nan,nan,nan,nan,nan,nan,nan,nan,nan,nan,nan,nan,nan,nan,nan,nan,nan,nan,nan,nan,nan,nan,nan,nan,nan,nan,nan,nan,nan,nan,nan,nan,nan,nan,nan,nan,nan,nan,nan,nan,0.012277073064402717
