t,x,y,heading,opinion,attention,target_speed,p_att_tb1,p_coop_tb1,p_coop_att_tb1,x_tb1,y_tb1,vx_tb1,vy_tb1,p_att_tb2,p_coop_tb2,p_coop_att_tb2,x_tb2,y_tb2,vx_tb2,vy_tb2,p_att_tb3,p_coop_tb3,p_coop_att_tb3,x_tb3,y_tb3,vx_tb3,vy_tb3,p_att_tb4,p_coop_tb4,p_coop_att_tb4,x_tb4,y_tb4,vx_tb4,vy_tb4,p_att_tb6,p_coop_tb6,p_coop_att_tb6,x_tb6,y_tb6,vx_tb6,vy_tb6,p_att_tb7,p_coop_tb7,p_coop_att_tb7,x_tb7,y_tb7,vx_tb7,vy_tb7,p_att_tb8,p_coop_tb8,p_coop_att_tb8,x_tb8,y_tb8,vx_tb8,vy_tb8,p_att_tb9,p_coop_tb9,p_coop_att_tb9,x_tb9,y_tb9,vx_tb9,vy_tb9,p_att_tb10,p_coop_tb10,p_coop_att_tb10,x_tb10,y_tb10,vx_tb10,vy_tb10,p_att_tb11,p_coop_tb11,p_coop_att_tb11,x_tb11,y_tb11,vx_tb11,vy_tb11,p_att_tb12,p_coop_tb12,p_coop_att_tb12,x_tb12,y_tb12,vx_tb12,vy_tb12,p_att_crnr_x0_y0,p_coop_crnr_x0_y0,p_coop_att_crnr_x0_y0,x_crnr_x0_y0,y_crnr_x0_y0,vx_crnr_x0_y0,vy_crnr_x0_y0,p_att_crnr_x0_y1,p_coop_crnr_x0_y1,p_coop_att_crnr_x0_y1,x_crnr_x0_y1,y_crnr_x0_y1,vx_crnr_x0_y1,vy_crnr_x0_y1,p_att_crnr_x1_y0,p_coop_crnr_x1_y0,p_coop_att_crnr_x1_y0,x_crnr_x1_y0,y_crnr_x1_y0,vx_crnr_x1_y0,vy_crnr_x1_y0,p_att_hat2,p_coop_hat2,p_coop_att_hat2,x_hat2,y_hat2,vx_hat2,vy_hat2,current_speed
1791004172.4830854,1.2711716305499128,2.1203261968402742,-1.5809023841233476,2.5471887541951138e-05,0.19032516363983026,0.35002674548186696,0.0,0.0,0.0,-2.09367771301136,-0.45383475783275123,0.0016473870524534094,7.620456757708913e-05,0.0,0.0,0.0,0.09862981206049364,2.26258194383794,-0.0008402590845913935,6.975541199665824e-05,0.0,0.0,0.0,-1.1499784962377018,2.244848369370963,-0.0009273824393230145,0.0006235811288917514,nan,nan,nan,nan,nan,nan,nan,0.0001510383760507771,0.0,0.0,-1.9090635956084976,1.908523373092124,-0.0016023937583508467,5.369330408259271e-05,nan,nan,nan,nan,nan,nan,nan,nan,nan,nan,nan,nan,nan,nan,8.602789978912088e-06,0.0,0.0,-2.069690524607481,0.759937692331504,-0.00017915965397003364,1.233042705979585e-05,nan,nan,nan,nan,nan,nan,nan,nan,nan,nan,nan,nan,nan,nan,nan,nan,nan,nan,nan,nan,nan,nan,nan,nan,nan,nan,nan,nan,nan,nan,nan,nan,nan,nan,nan,nan,nan,nan,nan,nan,nan,nan,nan,nan,nan,nan,nan,nan,nan,0.003662032403946214
1791004172.5825403,1.271281149756624,2.1191061261622828,-1.5825854956711738,4.364953501832622e-05,0.36253849355256373,0.35004583201150724,0.11684627405401417,0.0,0.0,-2.0920843714607607,-0.45304600475798457,0.06787348008268157,0.019201288001544248,0.0,0.0,0.0,0.09854717232024474,2.261794061339765,-0.002476243815663426,-0.03654924806145986,0.0,0.0,0.0,-1.1498573626806288,2.244840856882438,-6.471363781215237e-05,-3.96847787966615e-06,nan,nan,nan,nan,nan,nan,nan,0.00331122583859175,0.0,0.0,-1.9069130542380555,1.9085040555175137,0.06538255402912288,-0.001971478323501907,nan,nan,nan,nan,nan,nan,nan,nan,nan,nan,nan,nan,nan,nan,0.00213453819725842,0.0,0.0,-2.0682855900214334,0.7599557675428575,0.059819828411812444,0.001432462488387337,nan,nan,nan,nan,nan,nan,nan,nan,nan,nan,nan,nan,nan,nan,nan,nan,nan,nan,nan,nan,nan,nan,nan,nan,nan,nan,nan,nan,nan,nan,nan,nan,nan,nan,nan,nan,nan,nan,nan,nan,nan,nan,nan,nan,nan,nan,nan,nan,nan,0.05959141982797377
1791004172.6815073,1.2704378529738927,2.1097524067405833,-1.5788150815988409,0.017654979598043182,0.5183635583401903,0.36852041347150033,1.1715870187561794,0.0,0.0,-2.0811598923236456,-0.4537374115985826,0.13378723328882136,0.007174755693224551,0.0,0.0,0.0,0.09885258217264359,2.2533545429229154,0.0066216049817402495,-0.11104231965158813,0.0,0.0,0.0,-1.149890850900486,2.2385740363103888,-0.009093945669888484,-0.08485361831385332,nan,nan,nan,nan,nan,nan,nan,0.03308280776622848,0.0,0.0,-1.8957904906903076,1.9084899994323596,0.1142832979485692,-0.0035656497870990914,nan,nan,nan,nan,nan,nan,nan,nan,nan,nan,nan,nan,nan,nan,0.31008013232914144,0.0,0.0,-2.0584898983185904,0.7602755960753871,0.1135932328008856,-0.002762793764507477,nan,nan,nan,nan,nan,nan,nan,nan,nan,nan,nan,nan,nan,nan,nan,nan,nan,nan,nan,nan,nan,nan,nan,nan,nan,nan,nan,nan,nan,nan,nan,nan,nan,nan,nan,nan,nan,nan,nan,nan,nan,nan,nan,nan,nan,nan,nan,nan,nan,0.12546500871403407
1791004172.7825472,1.2703985904197275,2.0952349301464914,-1.5807154416845814,0.03753205136418,0.6592870713512302,0.3892429545911752,1.1384736486887266,0.0,0.0,-2.0671186393099688,-0.4541437266654421,0.15246187386032223,-0.002671796391121174,0.0,0.0,0.0,0.0994135389046917,2.2397061899348816,0.03461214479180553,-0.1838477922866632,0.0,0.0,0.0,-1.1499652704128218,2.2275258389270194,-0.019296319465706414,-0.1447957394478528,nan,nan,nan,nan,nan,nan,nan,0.0349275040453982,0.0,0.0,-1.8825450504460328,1.9095628956473336,0.15177523436226456,0.0022592362200386995,nan,nan,nan,nan,nan,nan,nan,nan,nan,nan,nan,nan,nan,nan,0.23475111204614363,0.0,0.0,-2.0448236097200025,0.7600601805108668,0.14884722147460175,0.015048174370484802,nan,nan,nan,nan,nan,nan,nan,nan,nan,nan,nan,nan,nan,nan,nan,nan,nan,nan,nan,nan,nan,nan,nan,nan,nan,nan,nan,nan,nan,nan,nan,nan,nan,nan,nan,nan,nan,nan,nan,nan,nan,nan,nan,nan,nan,nan,nan,nan,nan,0.17238212513911752
1791004172.8826199,1.2711169692054018,2.075615337297889,-1.5888050522170982,0.055457465556438205,0.7868727752690403,0.40769895395823974,1.0349629736784942,0.0,0.0,-2.0486892834278603,-0.45422227819396543,0.22481068686240385,0.043241219211436366,0.0,0.0,0.0,0.09923038509184061,2.2213772711994,-0.04577950267392171,-0.19437102611264714,0.0,0.0,0.0,-1.1499073068237673,2.21094953960835,-0.007344598236823777,-0.1996487056457948,nan,nan,nan,nan,nan,nan,nan,0.053182549933917425,0.0,0.0,-1.8655125912005244,1.909224206032913,0.213122767802676,0.0018153467994332373,nan,nan,nan,nan,nan,nan,nan,nan,nan,nan,nan,nan,nan,nan,0.39157703342987316,0.0,0.0,-2.0270390856295406,0.7597463008427396,0.20519791501593126,0.005122962860376943,nan,nan,nan,nan,nan,nan,nan,nan,nan,nan,nan,nan,nan,nan,nan,nan,nan,nan,nan,nan,nan,nan,nan,nan,nan,nan,nan,nan,nan,nan,nan,nan,nan,nan,nan,nan,nan,nan,nan,nan,nan,nan,nan,nan,nan,nan,nan,nan,nan,0.20330770629971748
1791004172.9825897,1.2712881226502708,2.052269717842548,-1.5925087051696842,0.05979829491996714,0.9023170941733569,0.4121232078946092,1.1794320786182737,0.0,0.0,-2.028953481314831,-0.4552096796275803,0.20128104657540863,-0.03364925902787305,0.0,0.0,0.0,0.10044647444944894,2.1995832156261925,0.01938193095239896,-0.220693414258695,0.0,0.0,0.0,-1.1493638789894662,2.191206047974276,-0.001861997993958732,-0.212017626433976,nan,nan,nan,nan,nan,nan,nan,0.020320565871485483,0.0,0.0,-1.8477938388896937,1.908679217571945,0.20014774371750318,0.0058591219335486265,nan,nan,nan,nan,nan,nan,nan,nan,nan,nan,nan,nan,nan,nan,0.3195405189020531,0.0,0.0,-2.0062859297638926,0.7593996983977922,0.2096265633216099,-0.005821083973544021,nan,nan,nan,nan,nan,nan,nan,nan,nan,nan,nan,nan,nan,nan,nan,nan,nan,nan,nan,nan,nan,nan,nan,nan,nan,nan,nan,nan,nan,nan,nan,nan,nan,nan,nan,nan,nan,nan,nan,nan,nan,nan,nan,nan,nan,nan,nan,nan,nan,0.2408941341895154
1791004173.0825317,1.27072601417585,2.0272301058634747,-1.5933931098459562,0.06504327344639427,1.0067623557418475,0.41744164065902745,0.8834042809068609,0.0,0.0,-2.0042089620617913,-0.45543817459080405,0.22296607240486405,-0.003449447028435827,0.0,0.0,0.0,0.1005690122591496,2.176725081851979,0.02990915053863731,-0.24363598722562269,0.0,0.0,0.0,-1.1491539723028987,2.1684471414654194,0.01627675814489394,-0.23187075462953827,nan,nan,nan,nan,nan,nan,nan,0.24103052101338984,0.0,0.0,-1.8345057553980357,1.9054509805140192,-0.2547758397768811,-0.10635547217862243,nan,nan,nan,nan,nan,nan,nan,nan,nan,nan,nan,nan,nan,nan,0.3448726284553378,0.0,0.0,-1.9836331264614326,0.7586674081094418,0.23808982662728484,-0.019458357074486232,nan,nan,nan,nan,nan,nan,nan,nan,nan,nan,nan,nan,nan,nan,nan,nan,nan,nan,nan,nan,nan,nan,nan,nan,nan,nan,nan,nan,nan,nan,nan,nan,nan,nan,nan,nan,nan,nan,nan,nan,nan,nan,nan,nan,nan,nan,nan,nan,nan,0.25648816783972805
1791004173.1823359,1.2700839944934013,2.002881165594182,-1.5906174985382755,0.05939259216661772,1.1012810755954594,0.4117105515676907,0.8834042809068609,0.0,0.0,0.09807459918024164,2.1456045342592205,0.07727984853478849,-0.1438724377581417,0.0,0.0,0.0,-1.9840921831963654,-0.4581323700965229,0.19105029950274763,-0.06463664428748644,0.0,0.0,0.0,-1.1553238229516662,2.1483604264912373,-0.4656377862056111,-0.029668972783025434,nan,nan,nan,nan,nan,nan,nan,0.031276844251174954,0.0,0.0,-1.8071654882051174,1.9067970109550034,0.21568342239009172,-0.0016867891124502682,nan,nan,nan,nan,nan,nan,nan,nan,nan,nan,nan,nan,nan,nan,0.6049693449285551,0.0,0.0,-1.9597949443393785,0.7583170090796459,0.2617269429864299,-0.002016163053131777,nan,nan,nan,nan,nan,nan,nan,nan,nan,nan,nan,nan,nan,nan,nan,nan,nan,nan,nan,nan,nan,nan,nan,nan,nan,nan,nan,nan,nan,nan,nan,nan,nan,nan,nan,nan,nan,nan,nan,nan,nan,nan,nan,nan,nan,nan,nan,nan,nan,0.2401748286174273
1791004173.2825844,1.2695587939318527,1.978093556000939,-1.5894202382327096,0.05387418293573862,1.18679804319003,0.4060804321598036,0.8389253646062509,0.0,0.0,-1.9557845158480716,-0.4564954490001921,-2.2157214720046254,-3.022847062963619,0.0,0.0,0.0,0.09468582572461491,2.132280844800828,12.915130194011782,16.061355191945896,0.0,0.0,0.0,-1.1493286207570088,2.1214879898541046,-0.017365129988257025,-0.2420418985928264,nan,nan,nan,nan,nan,nan,nan,0.1189106402213276,0.0,0.0,-1.7816679474676704,1.905482341868042,0.30426403078690817,-0.0365597301590484,nan,nan,nan,nan,nan,nan,nan,nan,nan,nan,nan,nan,nan,nan,0.2952578708844989,0.0,0.0,-1.9356574920332894,0.7578230687046466,0.2547225504041886,0.0030025561672494035,nan,nan,nan,nan,nan,nan,nan,nan,nan,nan,nan,nan,nan,nan,nan,nan,nan,nan,nan,nan,nan,nan,nan,nan,nan,nan,nan,nan,nan,nan,nan,nan,nan,nan,nan,nan,nan,nan,nan,nan,nan,nan,nan,nan,nan,nan,nan,nan,nan,0.28544131564850705
1791004173.3827248,1.2685184145113124,1.954221728131411,-1.5823860335584992,0.06780157385466254,1.2641844409898768,0.42022581789182933,0.0002962879768802434,0.0,0.0,-1.9512925455964483,-0.46596561881849247,0.0020890675924643293,-0.057760270666899184,0.8413476146912175,0.0,0.0,0.09191347129727497,2.128853311667056,-0.12264457104188078,-0.0007822249706990634,0.0,0.0,0.0,-1.1492578907294544,2.097200856502802,-0.00585024304911561,-0.24176358952483065,nan,nan,nan,nan,nan,nan,nan,0.05279210515286054,0.0,0.0,-1.7630910586307893,1.9071662764268773,0.25893951892642125,0.020717481972478007,nan,nan,nan,nan,nan,nan,nan,nan,nan,nan,nan,nan,nan,nan,0.48605216986265815,0.0,0.0,-1.9115071589834682,0.7575255328463342,0.25113024273862067,0.013267099966222703,nan,nan,nan,nan,nan,nan,nan,nan,nan,nan,nan,nan,nan,nan,nan,nan,nan,nan,nan,nan,nan,nan,nan,nan,nan,nan,nan,nan,nan,nan,nan,nan,nan,nan,nan,nan,nan,nan,nan,nan,nan,nan,nan,nan,nan,nan,nan,nan,nan,0.23473812088889165
1791004173.4827232,1.2679882891984544,1.9297530310496573,-1.5811149716351898,0.12969838588379598,1.334198512563474,0.4797029681198164,0.9827064179836374,0.0,0.0,-1.936174234590711,-0.46732385125120063,0.2396171295129969,0.023674186352523732,0.6247892223811401,0.0,0.0,0.08371223220641318,2.1242207831648097,0.006733325064202141,-0.10267479826772885,0.0,0.0,0.0,-1.1495673975049783,2.072732979574934,-0.010122004478215327,-0.24240607040820655,nan,nan,nan,nan,nan,nan,nan,0.029337907529406463,0.0,0.0,-1.739764054697613,1.906526309166041,0.2250567453819488,-0.0031910950314698316,nan,nan,nan,nan,nan,nan,nan,nan,nan,nan,nan,nan,nan,nan,0.39526112334721336,0.0,0.0,-1.8873362280021968,0.7570351644715849,0.24677112555428082,0.0020661516643733094,nan,nan,nan,nan,nan,nan,nan,nan,nan,nan,nan,nan,nan,nan,nan,nan,nan,nan,nan,nan,nan,nan,nan,nan,nan,nan,nan,nan,nan,nan,nan,nan,nan,nan,nan,nan,nan,nan,nan,nan,nan,nan,nan,nan,nan,nan,nan,nan,nan,0.2536028931721886
1791004173.582697,1.2663529982586192,1.905188572986605,-1.5661292550932853,0.11614925619918448,1.3975579011085766,0.46724937964719016,0.1260632754492077,0.0,0.0,-1.921932732270846,-0.4651692978169203,0.11928624974417901,0.008892327246127572,0.8264481396869144,0.0,0.0,-1.9308175075169163,-0.46641989730058064,-2.1865639187766788,-2.943687006676344,0.0,0.0,0.0,-1.1497103473031969,2.048257705258579,-0.007193816352483695,-0.22726437986792153,nan,nan,nan,nan,nan,nan,nan,0.00665889149003256,0.0,0.0,-1.7194273541050038,1.905994343439346,0.14170740569672982,-0.015371285440173748,nan,nan,nan,nan,nan,nan,nan,nan,nan,nan,nan,nan,nan,nan,0.4278619494893945,0.0,0.0,-1.863346884840134,0.7565025812235251,0.25131429907996067,0.010147416168365852,nan,nan,nan,nan,nan,nan,nan,nan,nan,nan,nan,nan,nan,nan,nan,nan,nan,nan,nan,nan,nan,nan,nan,nan,nan,nan,nan,nan,nan,nan,nan,nan,nan,nan,nan,nan,nan,nan,nan,nan,nan,nan,nan,nan,nan,nan,nan,nan,nan,0.2438398963926784
1791004173.6827743,1.2660920401881937,1.8806536253176218,-1.5659769665593959,0.10698429682678594,1.4548878466414898,0.45862889649377664,0.10284692143845123,0.0,0.0,-1.90603133713675,-0.461366334191645,0.14014735288895186,0.052981197838234434,0.9402766631248718,0.0,0.0,0.09268020906289468,2.0985958138050123,0.08972017532538852,-0.17989976112797954,0.0,0.0,0.0,-1.1494036657260278,2.0243186383583036,0.0033392557646664293,-0.22308723688644036,nan,nan,nan,nan,nan,nan,nan,0.007668950837330665,0.0,0.0,-1.6983592433883665,1.9041487533472665,0.16363294150015137,0.0019718289279273818,nan,nan,nan,nan,nan,nan,nan,nan,nan,nan,nan,nan,nan,nan,0.3596487201304657,0.0,0.0,-1.839335982580199,0.7560199255648133,0.23180773822191952,-0.003678035687718535,nan,nan,nan,nan,nan,nan,nan,nan,nan,nan,nan,nan,nan,nan,nan,nan,nan,nan,nan,nan,nan,nan,nan,nan,nan,nan,nan,nan,nan,nan,nan,nan,nan,nan,nan,nan,nan,nan,nan,nan,nan,nan,nan,nan,nan,nan,nan,nan,nan,0.24516805530863092
1791004173.7827337,1.265848101463351,1.8561665447156113,-1.565318531789547,0.1759425798322032,1.506749977994067,0.5,0.09422005158158588,0.0,0.0,-1.893346567983097,-0.4577877105565482,0.16370173553841227,0.12461072312437269,0.8725854408039748,0.0,0.0,0.09728790859359981,2.08253055737497,-0.06824186385775413,-0.11601893596140551,0.0,0.0,0.0,-1.1493170095213256,2.0017874601234773,0.0018332192147015292,-0.21968580426830878,nan,nan,nan,nan,nan,nan,nan,0.007723136825815804,0.0,0.0,-1.6848801831153088,1.9040090725290852,0.1680436405342249,0.01803546786478416,nan,nan,nan,nan,nan,nan,nan,nan,nan,nan,nan,nan,nan,nan,0.5186889829208858,0.0,0.0,-1.8152302708495558,0.7551629206307056,0.2387005444361577,-0.016106168260504355,nan,nan,nan,nan,nan,nan,nan,nan,nan,nan,nan,nan,nan,nan,nan,nan,nan,nan,nan,nan,nan,nan,nan,nan,nan,nan,nan,nan,nan,nan,nan,nan,nan,nan,nan,nan,nan,nan,nan,nan,nan,nan,nan,nan,nan,nan,nan,nan,nan,0.24390300514237087
1791004173.88231,1.2655884548156324,1.8316671060303638,-1.5642660596732094,0.16256579448664715,1.5536743240414397,0.5,0.10257845500478084,0.0,0.0,-1.893346567983097,-0.4577877105565482,0.16370173553841227,0.12461072312437269,0.8725854408039748,0.0,0.0,-1.8817883127928652,-0.45607331670388934,0.16421688939566473,0.035548901024458804,0.0,0.0,0.0,-1.148947454453494,1.9798140336625172,0.004342558884376536,-0.22323281140147921,nan,nan,nan,nan,nan,nan,nan,0.005165960342397637,0.0,0.0,-1.6715042893449756,1.904250654147124,0.14890487077267728,0.028002378162523704,nan,nan,nan,nan,nan,nan,nan,nan,nan,nan,nan,nan,nan,nan,0.45118604580342403,0.0,0.0,-1.7909444610829353,0.7545157129525103,0.22080274790970486,-0.010803456435297148,nan,nan,nan,nan,nan,nan,nan,nan,nan,nan,nan,nan,nan,nan,nan,nan,nan,nan,nan,nan,nan,nan,nan,nan,nan,nan,nan,nan,nan,nan,nan,nan,nan,nan,nan,nan,nan,nan,nan,nan,nan,nan,nan,nan,nan,nan,nan,nan,nan,0.22957256017032726
1791004173.9825702,1.2655341741247406,1.8071777761157057,-1.5642728943919506,0.14861357474328418,1.5961478276845862,0.49646592981064214,0.3330557055950433,0.0,0.0,-1.8600074308041772,-0.45175383516218637,0.1708963659272334,0.030869332873258687,0.8725854408039748,0.0,0.0,-1.8784453497634208,-0.455351126728353,0.17829104842168925,0.06402340848133115,0.0,0.0,0.0,-1.1487994115610236,1.9583750775631559,-0.003902799486076923,-0.21847262405867837,nan,nan,nan,nan,nan,nan,nan,0.002614626067604284,0.0,0.0,-1.6582454994386846,1.9042352714813866,0.11623729876081876,0.0009004627282820279,nan,nan,nan,nan,nan,nan,nan,nan,nan,nan,nan,nan,nan,nan,0.47773661910623244,0.0,0.0,-1.7665493773969663,0.7534669061015745,0.23393688851390607,-0.023771499533775855,nan,nan,nan,nan,nan,nan,nan,nan,nan,nan,nan,nan,nan,nan,nan,nan,nan,nan,nan,nan,nan,nan,nan,nan,nan,nan,nan,nan,nan,nan,nan,nan,nan,nan,nan,nan,nan,nan,nan,nan,nan,nan,nan,nan,nan,nan,nan,nan,nan,0.24558517086992526
1791004174.082259,1.2653038959685,1.7828161854136202,-1.5641661971316436,0.16546669099809455,1.6345794430629341,0.5,0.17832901635664658,0.0,0.0,-1.84333158384422,-0.4486135333228174,0.15063145350539175,0.036661021450355706,0.6195317815289109,0.0,0.0,0.06847884520691586,2.07543988220204,0.006615778980431836,-0.039160342861348424,0.0,0.0,0.0,-1.148568344646844,1.937999218400475,-0.0029240689730653706,-0.17907140962488644,nan,nan,nan,nan,nan,nan,nan,0.001866430233140985,0.0,0.0,-1.646326673184904,1.9037314417443638,0.09649527107895886,-0.004382633116228548,nan,nan,nan,nan,nan,nan,nan,nan,nan,nan,nan,nan,nan,nan,0.4720035376866652,0.0,0.0,-1.7423663176031594,0.7525754575123962,0.23051817558959736,-0.025372219727110845,nan,nan,nan,nan,nan,nan,nan,nan,nan,nan,nan,nan,nan,nan,nan,nan,nan,nan,nan,nan,nan,nan,nan,nan,nan,nan,nan,nan,nan,nan,nan,nan,nan,nan,nan,nan,nan,nan,nan,nan,nan,nan,nan,nan,nan,nan,nan,nan,nan,0.2440141209437582
1791004174.182683,1.2650813516707753,1.7580599360031801,-1.5650628104216864,0.1904622855035521,1.669317481250585,0.5,0.10071788347528458,0.0,0.0,-1.829533090220514,-0.4466670912114681,0.12077788709834038,0.009999666813230328,0.6765469830123072,0.0,0.0,0.07912987046720632,2.0670724637160376,0.11176902299184291,-0.09378432072144982,0.0,0.0,0.0,-1.1483361066237188,1.9197195831392833,0.0058572975482994545,-0.1831757581297097,nan,nan,nan,nan,nan,nan,nan,0.0015748498360004268,0.0,0.0,-1.6373874949272784,1.9038656334409476,0.08832882093827804,8.13859977356813e-05,nan,nan,nan,nan,nan,nan,nan,nan,nan,nan,nan,nan,nan,nan,0.4969205276618652,0.0,0.0,-1.7178714096745642,0.7519483642966206,0.2533503190365106,-0.009046406238058701,nan,nan,nan,nan,nan,nan,nan,nan,nan,nan,nan,nan,nan,nan,nan,nan,nan,nan,nan,nan,nan,nan,nan,nan,nan,nan,nan,nan,nan,nan,nan,nan,nan,nan,nan,nan,nan,nan,nan,nan,nan,nan,nan,nan,nan,nan,nan,nan,nan,0.2463519543064074
1791004174.2827413,1.2648536453579593,1.7334452076106266,-1.5667567363201114,0.2279735872928857,1.7007860835129203,0.5,0.061530008416831886,0.0,0.0,-1.8176531816737662,-0.44437610662243876,0.11891354046000478,0.037025140933449927,0.7084949594809238,0.0,0.0,0.0912848087752726,2.049547399087058,0.11318196512375932,-0.10645458692595935,0.0,0.0,0.0,-1.1484097407980607,1.90219269343182,0.004563704151998657,-0.17292224469590345,nan,nan,nan,nan,nan,nan,nan,0.001111512841739734,0.0,0.0,-1.6332037574621596,1.9017153697955376,0.06297286060289263,-0.0062315484375404795,nan,nan,nan,nan,nan,nan,nan,nan,nan,nan,nan,nan,nan,nan,0.45978298950461416,0.0,0.0,-1.693383166080224,0.7513509217926537,0.2513054625004239,-0.002229359770021027,nan,nan,nan,nan,nan,nan,nan,nan,nan,nan,nan,nan,nan,nan,nan,nan,nan,nan,nan,nan,nan,nan,nan,nan,nan,nan,nan,nan,nan,nan,nan,nan,nan,nan,nan,nan,nan,nan,nan,nan,nan,nan,nan,nan,nan,nan,nan,nan,nan,0.243399249834188
1791004174.3827603,1.2646875601969925,1.7087435815225407,-1.569326525976318,0.2718307269847595,1.7292600523397144,0.5,0.09043983442862825,0.0,0.0,-1.8075132102722244,-0.44367756381921425,0.11798950375401585,0.011111018029899408,0.7539389698593021,0.0,0.0,0.1016586212312885,2.038618843723,0.11236107015411476,-0.1310296033559519,0.0,0.0,0.0,-1.1480289067251288,1.883572149890855,0.005984337621404022,-0.19726141770421596,nan,nan,nan,nan,nan,nan,nan,0.0010327575867123797,0.0,0.0,-1.6257171962736439,1.9016856892356113,0.05753321879406235,0.0057364128855164846,nan,nan,nan,nan,nan,nan,nan,nan,nan,nan,nan,nan,nan,nan,0.35770987438137747,0.0,0.0,-1.6692835361164606,0.7506942128607959,0.23230180949415513,-0.0034571176181808143,nan,nan,nan,nan,nan,nan,nan,nan,nan,nan,nan,nan,nan,nan,nan,nan,nan,nan,nan,nan,nan,nan,nan,nan,nan,nan,nan,nan,nan,nan,nan,nan,nan,nan,nan,nan,nan,nan,nan,nan,nan,nan,nan,nan,nan,nan,nan,nan,nan,0.24600737279861773
1791004174.4827926,1.264449259469085,1.6841328146858108,-1.5716272801888882,0.31825149591912055,1.7550243647770205,0.5,0.051937301256743854,0.0,0.0,-1.7983237630789561,-0.4424509100220193,0.10347798001025552,0.017052540351436322,0.7397069997188066,0.0,0.0,0.11110086776789457,2.0258928491577626,0.10225977916128393,-0.13441468838928217,0.0,0.0,0.0,-1.1481518887299949,1.8646513295448863,-0.002608569252829198,-0.18774603109499663,nan,nan,nan,nan,nan,nan,nan,0.0011431283621474832,0.0,0.0,-1.620399605850061,1.9014094446308027,0.06112608623164692,-0.006058718948271948,nan,nan,nan,nan,nan,nan,nan,nan,nan,nan,nan,nan,nan,nan,0.44682792264296717,0.0,0.0,-1.6451130163676302,0.7495761834853222,0.24477010911146874,-0.006331701998692748,nan,nan,nan,nan,nan,nan,nan,nan,nan,nan,nan,nan,nan,nan,nan,nan,nan,nan,nan,nan,nan,nan,nan,nan,nan,nan,nan,nan,nan,nan,nan,nan,nan,nan,nan,nan,nan,nan,nan,nan,nan,nan,nan,nan,nan,nan,nan,nan,nan,0.24861538837145702
1791004174.5827851,1.2642302692297853,1.6594946775371724,-1.574248017686082,0.35861631630904967,1.778333189991594,0.5,0.03608405186999982,0.0,0.0,-1.7890372149965945,-0.4419449988665215,0.09045198870585291,0.0016238355552533946,0.6998729550184583,0.0,0.0,0.12068084369961823,2.014255353808676,0.08104140640980206,-0.1423499901008811,0.0,0.0,0.0,-1.1435128148259364,1.8417722729994461,0.33921141771102864,-0.4166986317870423,nan,nan,nan,nan,nan,nan,nan,0.0010693413172066098,0.0,0.0,-1.6151167825359263,1.9015050400828222,0.05703133177744468,-0.0037487357218552618,nan,nan,nan,nan,nan,nan,nan,nan,nan,nan,nan,nan,nan,nan,0.37601207358271715,0.0,0.0,-1.6214135654345796,0.7492225398032467,0.2453068343673371,0.00791751261568399,nan,nan,nan,nan,nan,nan,nan,nan,nan,nan,nan,nan,nan,nan,nan,nan,nan,nan,nan,nan,nan,nan,nan,nan,nan,nan,nan,nan,nan,nan,nan,nan,nan,nan,nan,nan,nan,nan,nan,nan,nan,nan,nan,nan,nan,nan,nan,nan,nan,0.24725055062364187
1791004174.6831214,1.263975680470284,1.6349591563658141,-1.576439722362203,0.4013463387955117,1.7994275759451845,0.5,0.015264898384967087,0.0,0.0,-1.7803092385376196,-0.4424718994760596,0.07342400061587183,0.0018003777517074664,0.6703061561747218,0.0,0.0,0.12868623711254268,2.000072727201267,0.07763098221862356,-0.13267687515151444,0.0,0.0,0.0,-1.1437355893623626,1.8228469320472767,0.0018053637688805317,-0.18113501514113495,nan,nan,nan,nan,nan,nan,nan,0.0009874121396800108,0.0,0.0,-1.6104612743521802,1.9011986533807979,0.04870429933350991,0.0007937541548561951,nan,nan,nan,nan,nan,nan,nan,nan,nan,nan,nan,nan,nan,nan,0.24740883600061422,0.0,0.0,-1.599147441694839,0.7481554707469716,0.2242299718916539,0.012415324380352147,nan,nan,nan,nan,nan,nan,nan,nan,nan,nan,nan,nan,nan,nan,nan,nan,nan,nan,nan,nan,nan,nan,nan,nan,nan,nan,nan,nan,nan,nan,nan,nan,nan,nan,nan,nan,nan,nan,nan,nan,nan,nan,nan,nan,nan,nan,nan,nan,nan,0.2525748298709394
1791004174.782656,1.2636198704317025,1.6105141159695238,-1.577561777277646,0.4467330236952073,1.8185145656692299,0.5,0.010020841101880826,0.0,0.0,-1.7738414082630412,-0.4419850237259376,0.058087856158997725,0.0112390425256335,0.6818325932081758,0.0,0.0,0.13600907369816115,1.9854523318021593,0.06425565590928173,-0.1436907520255393,0.0,0.0,0.0,-1.1432303443745138,1.800288769446799,-0.00829598640711452,-0.20035298085802614,nan,nan,nan,nan,nan,nan,nan,0.0010079978364585344,0.0,0.0,-1.6055559255543623,1.9011941548751499,0.042407844058880345,-0.0012495546345183048,nan,nan,nan,nan,nan,nan,nan,nan,nan,nan,nan,nan,nan,nan,0.27150719729865413,0.0,0.0,-1.5775787190576234,0.7472411124774195,0.1845112900090293,-0.026062852827727856,nan,nan,nan,nan,nan,nan,nan,nan,nan,nan,nan,nan,nan,nan,nan,nan,nan,nan,nan,nan,nan,nan,nan,nan,nan,nan,nan,nan,nan,nan,nan,nan,nan,nan,nan,nan,nan,nan,nan,nan,nan,nan,nan,nan,nan,nan,nan,nan,nan,0.24769137378200798
1791004174.8827014,1.263148832727479,1.5859148761003394,-1.5780760925401764,0.48355885034795926,1.8357851881650935,0.5,0.008801274430736795,0.0,0.0,-1.7683030521196332,-0.44189653405985446,0.05658843476809788,0.002496967603045981,0.6472152723110111,0.0,0.0,0.14264872542933496,1.9711952150051606,0.052103776578289226,-0.13690311199580774,0.0,0.0,0.0,-1.1429665347674065,1.7826112734260167,0.00810882713253662,-0.1685056304030361,nan,nan,nan,nan,nan,nan,nan,0.0009580997026005521,0.0,0.0,-1.6014816861964438,1.9011242502780035,0.03510957985705189,-0.0020990511734867512,nan,nan,nan,nan,nan,nan,nan,nan,nan,nan,nan,nan,nan,nan,0.10828429006216421,0.0,0.0,-1.5592652674425034,0.7471760799741237,0.17560312326621072,0.018231499369799967,nan,nan,nan,nan,nan,nan,nan,nan,nan,nan,nan,nan,nan,nan,nan,nan,nan,nan,nan,nan,nan,nan,nan,nan,nan,nan,nan,nan,nan,nan,nan,nan,nan,nan,nan,nan,nan,nan,nan,nan,nan,nan,nan,nan,nan,nan,nan,nan,nan,0.2499306340012422
1791004174.9828374,1.2627730128371837,1.5612429636800729,-1.5796933917920835,0.4598547282226828,1.851411780103235,0.5,0.014280527564360313,0.0,0.0,-1.763017043157245,-0.44163990732341035,0.06367647035425023,0.00503282404350395,0.6435251687253283,0.0,0.0,0.14730409825376556,1.958002541925124,0.051725480609823626,-0.12494357815148807,0.0,0.0,0.0,-1.14310736352685,1.7650581104820533,-0.008047874482400009,-0.1557632493412363,nan,nan,nan,nan,nan,nan,nan,0.0009617912714790596,0.0,0.0,-1.5982045693452003,1.9011896673973356,0.033364432040208114,-0.00013015171835839846,nan,nan,nan,nan,nan,nan,nan,nan,nan,nan,nan,nan,nan,nan,0.06095627674645572,0.0,0.0,-1.5437154908836652,0.7462750167412103,0.12904280772523136,-0.01171752092473597,nan,nan,nan,nan,nan,nan,nan,nan,nan,nan,nan,nan,nan,nan,nan,nan,nan,nan,nan,nan,nan,nan,nan,nan,nan,nan,nan,nan,nan,nan,nan,nan,nan,nan,nan,nan,nan,nan,nan,nan,nan,nan,nan,nan,nan,nan,nan,nan,nan,0.25270031379698304
1791004175.0827012,1.2622650253780185,1.5365817687646959,-1.5799244871100788,0.44222952827355066,1.8655506055854127,0.5,0.03411458082431761,0.0,0.0,-1.756812727189905,-0.44104540556822613,0.0730748391922099,-0.01431052353645964,0.6427798742050753,0.0,0.0,0.15077201112084343,1.9464827908654967,0.023447125453021835,-0.11151027097837915,0.0,0.0,0.0,-1.143355036487046,1.7504064754722355,0.0004938559741854644,-0.14773237690023108,nan,nan,nan,nan,nan,nan,nan,0.0009658026779398638,0.0,0.0,-1.5948378087974455,1.9010291830707824,0.033535262094041195,-0.0017025473316795445,nan,nan,nan,nan,nan,nan,nan,nan,nan,nan,nan,nan,nan,nan,0.033889564327691996,0.0,0.0,-1.5290840948914757,0.7462019358166128,0.1028502859858795,-0.01055092339620901,nan,nan,nan,nan,nan,nan,nan,nan,nan,nan,nan,nan,nan,nan,nan,nan,nan,nan,nan,nan,nan,nan,nan,nan,nan,nan,nan,nan,nan,nan,nan,nan,nan,nan,nan,nan,nan,nan,nan,nan,nan,nan,nan,nan,nan,nan,nan,nan,nan,0.2428675020639007
1791004175.1823554,1.2616914814045597,1.5118364916749998,-1.58101074925271,0.4270697696209944,1.8783446882032324,0.5,0.04491561199750069,0.0,0.0,-1.7497250587409274,-0.4405776268734287,0.08376293647749382,-0.0063181081869323665,0.6444288925856032,0.0,0.0,0.15384418595996496,1.93590446604062,0.02684397966117153,-0.09272942995295748,0.0,0.0,0.0,-1.1435066796930344,1.7376485835138764,-0.008185211481384194,-0.12488020762183887,nan,nan,nan,nan,nan,nan,nan,0.000961982157218702,0.0,0.0,-1.5916962640836128,1.9008044370348398,0.03351258080149512,-0.00038026638688673525,nan,nan,nan,nan,nan,nan,nan,nan,nan,nan,nan,nan,nan,nan,0.036475126071952545,0.0,0.0,-1.5167150582305349,0.7460540413810208,0.11291220082458928,-4.9059348775471454e-05,nan,nan,nan,nan,nan,nan,nan,nan,nan,nan,nan,nan,nan,nan,nan,nan,nan,nan,nan,nan,nan,nan,nan,nan,nan,nan,nan,nan,nan,nan,nan,nan,nan,nan,nan,nan,nan,nan,nan,nan,nan,nan,nan,nan,nan,nan,nan,nan,nan,0.2510915112566842
1791004175.2826471,1.26108530352533,1.4870187391674463,-1.5806179734141956,0.41393403061129197,1.8899217217472761,0.5,0.04437798460491874,0.0,0.0,-1.7410472535594008,-0.4407592244337463,0.0818585911597671,-0.0009759468866014264,0.6391184880046555,0.0,0.0,0.15776820941900765,1.9259548322958717,0.017029511417212817,-0.14030705321555306,0.0,0.0,0.0,-1.143884842077255,1.7254470045151147,-0.031003504375806068,-0.1220294700022655,nan,nan,nan,nan,nan,nan,nan,0.000950827114115914,0.0,0.0,-1.5887927322816702,1.9009417943895404,0.026794110693925018,0.0014719877881944222,nan,nan,nan,nan,nan,nan,nan,nan,nan,nan,nan,nan,nan,nan,0.021682864499849318,0.0,0.0,-1.506366350428147,0.7457027482324269,0.09201744796644731,0.00618792692077367,nan,nan,nan,nan,nan,nan,nan,nan,nan,nan,nan,nan,nan,nan,nan,nan,nan,nan,nan,nan,nan,nan,nan,nan,nan,nan,nan,nan,nan,nan,nan,nan,nan,nan,nan,nan,nan,nan,nan,nan,nan,nan,nan,nan,nan,nan,nan,nan,nan,0.24799038735432297
1791004175.3801887,1.260486258314156,1.46219770911805,-1.581018610668719,0.40227797925886194,1.9003840576523083,0.5,0.04472381441393847,0.0,0.0,-1.7309184454793327,-0.44066979869180706,0.09920853420435032,0.006581483431957167,0.6419878529500901,0.0,0.0,0.1605219637227515,1.9101798128453467,0.023608542738113428,-0.15439152901719339,0.0,0.0,0.0,-1.1435359678443178,1.7150516548883834,0.009608110678879183,-0.10086094573114102,nan,nan,nan,nan,nan,nan,nan,0.0010192853248926841,0.0,0.0,-1.5862995263472663,1.9006990437691886,0.008020048736944438,-0.012150784779688804,nan,nan,nan,nan,nan,nan,nan,nan,nan,nan,nan,nan,nan,nan,0.02841518034610357,0.0,0.0,-1.496207390169302,0.7429668653394159,0.11423542418936371,-0.0018362842281184097,nan,nan,nan,nan,nan,nan,nan,nan,nan,nan,nan,nan,nan,nan,nan,nan,nan,nan,nan,nan,nan,nan,nan,nan,nan,nan,nan,nan,nan,nan,nan,nan,nan,nan,nan,nan,nan,nan,nan,nan,nan,nan,nan,nan,nan,nan,nan,nan,nan,0.26663945397479244
1791004175.4819684,1.2597789119790643,1.4376201771712975,-1.5803036674225652,0.36592075587827777,1.9098637679178538,0.5,0.012578874443251946,0.0,0.0,-1.7219392985618978,-0.43950171315661596,0.07746126931825274,0.066174245796168,0.6419878529500901,0.0,0.0,0.16193652604927772,1.8987530520027511,0.004175006545574336,-0.10494624058567989,0.0,0.0,0.0,-1.143624950947762,1.7045461330310996,-0.0013250073229538173,-0.09749255368673677,nan,nan,nan,nan,nan,nan,nan,0.0010192853248926841,0.0,0.0,-1.580591895406648,1.9030240902387523,0.019440949901231533,-0.0009040598935768785,nan,nan,nan,nan,nan,nan,nan,nan,nan,nan,nan,nan,nan,nan,0.06494118886353302,0.0,0.0,-1.483831256601007,0.7452292022222711,0.14052205648614535,0.0022087756850294217,nan,nan,nan,nan,nan,nan,nan,nan,nan,nan,nan,nan,nan,nan,nan,nan,nan,nan,nan,nan,nan,nan,nan,nan,nan,nan,nan,nan,nan,nan,nan,nan,nan,nan,nan,nan,nan,nan,nan,nan,nan,nan,nan,nan,nan,nan,nan,nan,nan,0.24812391808189663
1791004175.5822206,1.2593018705199108,1.4130770240131374,-1.579324083851683,0.3333988431951951,1.9184408328778173,0.5,0.13638521967716888,0.0,0.0,-1.7114231040140275,-0.4400604837607824,0.1256625678158926,0.005307795532120234,0.6419878529500901,0.0,0.0,0.16301664442157687,1.8883122787555293,0.010376658987881367,-0.08953239197056181,0.0,0.0,0.0,-1.1439144275906605,1.6957327309944372,0.030369642284694968,-0.08186144843116426,nan,nan,nan,nan,nan,nan,nan,0.0010192853248926841,0.0,0.0,-1.5788695847645626,1.9028642148020272,0.025995476116401052,0.0010112134439968388,nan,nan,nan,nan,nan,nan,nan,nan,nan,nan,nan,nan,nan,nan,0.05994689636111225,0.0,0.0,-1.470957386359745,0.7446031218842246,0.129629285594266,-0.017456324441365887,nan,nan,nan,nan,nan,nan,nan,nan,nan,nan,nan,nan,nan,nan,nan,nan,nan,nan,nan,nan,nan,nan,nan,nan,nan,nan,nan,nan,nan,nan,nan,nan,nan,nan,nan,nan,nan,nan,nan,nan,nan,nan,nan,nan,nan,nan,nan,nan,nan,0.2465795328061152
1791004175.6822999,1.2587901829080324,1.3885567643199417,-1.579171925964708,0.30278993870832377,1.9262022137915615,0.5,0.2034918267228671,0.0,0.0,-1.7000532966788742,-0.4396143119804771,0.1296467818029669,-0.01601630230098932,0.6419878529500901,0.0,0.0,0.16354135973759237,1.8796583249952976,0.004609166002983591,-0.07644311677332871,0.0,0.0,0.0,-1.1442368428022123,1.6874439218155082,0.01916116511077846,-0.08635819588350241,nan,nan,nan,nan,nan,nan,nan,0.0010192853248926841,0.0,0.0,-1.5767156016868453,1.9029187754815684,0.025971541957275135,-0.000124406617459107,nan,nan,nan,nan,nan,nan,nan,nan,nan,nan,nan,nan,nan,nan,0.05700281352606347,0.0,0.0,-1.4573450515396185,0.7444143621539345,0.13849998953959078,-0.0025379174053660235,nan,nan,nan,nan,nan,nan,nan,nan,nan,nan,nan,nan,nan,nan,nan,nan,nan,nan,nan,nan,nan,nan,nan,nan,nan,nan,nan,nan,nan,nan,nan,nan,nan,nan,nan,nan,nan,nan,nan,nan,nan,nan,nan,nan,nan,nan,nan,nan,nan,0.24809950173609252
1791004175.7823095,1.2582090381795228,1.3638863634583056,-1.57858561553509,0.2776450496131733,1.9332247620002572,0.5,0.4496196579962963,0.0,0.0,-1.684742551030509,-0.4393610574540308,0.1727451333333639,-0.005110578027005569,0.6419878529500901,0.0,0.0,0.1639790075971446,1.8733264962354716,0.00198361987490197,-0.06234268554620574,0.0,0.0,0.0,-1.1445913458289076,1.6797420324209846,-0.02529247562143837,-0.07430412949396933,nan,nan,nan,nan,nan,nan,nan,0.0010192853248926841,0.0,0.0,-1.5743010331253644,1.9029553172193552,0.02144642947597604,0.00022575623539380636,nan,nan,nan,nan,nan,nan,nan,nan,nan,nan,nan,nan,nan,nan,0.06735289691678796,0.0,0.0,-1.4448070832623194,0.7441749010290792,0.15304009159838466,0.00434334233548956,nan,nan,nan,nan,nan,nan,nan,nan,nan,nan,nan,nan,nan,nan,nan,nan,nan,nan,nan,nan,nan,nan,nan,nan,nan,nan,nan,nan,nan,nan,nan,nan,nan,nan,nan,nan,nan,nan,nan,nan,nan,nan,nan,nan,nan,nan,nan,nan,nan,0.2509780542208615
1791004175.882284,1.257692964728195,1.3391836064310825,-1.580000822012336,0.25621636636289935,1.9395792660447417,0.5,0.4858724501675234,0.0,0.0,-1.6683155161986436,-0.44012995528716775,0.17683116744756375,-0.0026111009561052083,0.6419878529500901,0.0,0.0,0.16447078698646325,1.8668720976634028,0.0005948688806936088,-0.06340972629347545,0.0,0.0,0.0,-1.1446367335054555,1.6720957668694658,0.002185703969806626,-0.06869130201188128,nan,nan,nan,nan,nan,nan,nan,0.0010192853248926841,0.0,0.0,-1.5723681469619957,1.9029475899015835,0.017741029002816953,-0.0005021257804566964,nan,nan,nan,nan,nan,nan,nan,nan,nan,nan,nan,nan,nan,nan,0.09572362943312668,0.0,0.0,-1.4297038783924265,0.7440748688222606,0.168278345074648,0.0043958315829406795,nan,nan,nan,nan,nan,nan,nan,nan,nan,nan,nan,nan,nan,nan,nan,nan,nan,nan,nan,nan,nan,nan,nan,nan,nan,nan,nan,nan,nan,nan,nan,nan,nan,nan,nan,nan,nan,nan,nan,nan,nan,nan,nan,nan,nan,nan,nan,nan,nan,0.24817124464823806
1791004175.9822068,1.2569333308956898,1.314410868163415,-1.5795531470231021,0.2483263578141688,1.945329059074119,0.5,0.6331716023890519,0.0,0.0,-1.6488246721170206,-0.44024867490920777,0.2090970386075771,0.019502547140049734,0.6419878529500901,0.0,0.0,0.164606950186704,1.8617107220352578,0.0043264052053766005,-0.05165849657158955,0.0,0.0,0.0,-1.1448272482822326,1.6648255648408197,-0.007434204193536357,-0.0831994538421821,nan,nan,nan,nan,nan,nan,nan,0.0010192853248926841,0.0,0.0,-1.5706491877262374,1.9029796212456322,0.01606999430024811,0.00024940686943555955,nan,nan,nan,nan,nan,nan,nan,nan,nan,nan,nan,nan,nan,nan,0.2017990949966725,0.0,0.0,-1.4121146114830603,0.743174866258201,0.16926345417783972,-0.042238081495115515,nan,nan,nan,nan,nan,nan,nan,nan,nan,nan,nan,nan,nan,nan,nan,nan,nan,nan,nan,nan,nan,nan,nan,nan,nan,nan,nan,nan,nan,nan,nan,nan,nan,nan,nan,nan,nan,nan,nan,nan,nan,nan,nan,nan,nan,nan,nan,nan,nan,0.25268308320710103
1791004176.0820122,1.2563227948584887,1.2897751557452308,-1.5799924346469052,0.23313542613597396,1.9505316869547717,0.5,0.2190676954932375,0.0,0.0,-1.6288239535885192,-0.4409870408598057,0.16834502779369115,0.049647402441234854,0.6419878529500901,0.0,0.0,0.1651901758050112,1.8564490504698108,0.01225492017748051,-0.05073849150117317,0.0,0.0,0.0,-1.1449534585832166,1.6575493360657763,0.0013560324618117835,-0.07305043671861687,nan,nan,nan,nan,nan,nan,nan,0.0010192853248926841,0.0,0.0,-1.5689813132348294,1.902902107856387,0.017929930471903662,-0.001212883039211668,nan,nan,nan,nan,nan,nan,nan,nan,nan,nan,nan,nan,nan,nan,0.2796309399082991,0.0,0.0,-1.3909743428649353,0.7432032133117071,0.2168499687983923,-0.014335935749357508,nan,nan,nan,nan,nan,nan,nan,nan,nan,nan,nan,nan,nan,nan,nan,nan,nan,nan,nan,nan,nan,nan,nan,nan,nan,nan,nan,nan,nan,nan,nan,nan,nan,nan,nan,nan,nan,nan,nan,nan,nan,nan,nan,nan,nan,nan,nan,nan,nan,0.2493195207632916
1791004176.1819742,1.255786029307505,1.2652848697533452,-1.5801382233013253,0.23918418485753348,1.9552390060490357,0.5,1.2925733212936046,0.0,0.0,-1.6066975018760468,-0.442294004602149,0.2585381126180391,-0.06042211655914488,0.6419878529500901,0.0,0.0,0.16495066430502794,1.8523237441954563,-0.0003106121912950443,-0.04078612639447443,0.0,0.0,0.0,-1.1454487791274088,1.6490995816734746,-0.004620008009551038,-0.09045469518453779,nan,nan,nan,nan,nan,nan,nan,0.0010192853248926841,0.0,0.0,-1.5674106974620468,1.9028860118992994,0.01658503392183572,-0.00010732047672584098,nan,nan,nan,nan,nan,nan,nan,nan,nan,nan,nan,nan,nan,nan,0.37165129324102586,0.0,0.0,-1.3683728440376575,0.7429547597671977,0.25120545598557587,0.0090821925053056,nan,nan,nan,nan,nan,nan,nan,nan,nan,nan,nan,nan,nan,nan,nan,nan,nan,nan,nan,nan,nan,nan,nan,nan,nan,nan,nan,nan,nan,nan,nan,nan,nan,nan,nan,nan,nan,nan,nan,nan,nan,nan,nan,nan,nan,nan,nan,nan,nan,0.2368202964571667
1791004176.280098,1.2551505856279837,1.2409874720066518,-1.5781538158438888,0.23474646562827206,1.9594929349833523,0.5,0.6646981555227172,0.0,0.0,-1.5859771072598081,-0.44283023971712204,0.20321893280649084,0.01527163793996451,0.6419878529500901,0.0,0.0,0.16517109270351496,1.847988273514074,0.0018849355659650506,-0.043786432959813805,0.0,0.0,0.0,-1.1456998280930617,1.6384379794629058,-0.008972990151203506,-0.12625948671717172,nan,nan,nan,nan,nan,nan,nan,0.0010192853248926841,0.0,0.0,-1.5655475845536404,1.9029462628774638,0.028471383988480335,0.003994563120213349,nan,nan,nan,nan,nan,nan,nan,nan,nan,nan,nan,nan,nan,nan,0.44203804415351433,0.0,0.0,-1.3443079394273618,0.7423328049792077,0.2556951229989016,-0.0052917436659076205,nan,nan,nan,nan,nan,nan,nan,nan,nan,nan,nan,nan,nan,nan,nan,nan,nan,nan,nan,nan,nan,nan,nan,nan,nan,nan,nan,nan,nan,nan,nan,nan,nan,nan,nan,nan,nan,nan,nan,nan,nan,nan,nan,nan,nan,nan,nan,nan,nan,0.23862444108636904
1791004176.381918,1.2544296933968406,1.216489553446435,-1.5765695517694618,0.22572551666320398,1.963347691866076,0.5,1.0843322663793873,0.0,0.0,-1.56411503774417,-0.4441761012200198,0.2270288771320273,-0.030624557386096256,0.6419878529500901,0.0,0.0,0.16533326011007363,1.8441096245362325,0.009323047856711347,-0.039516865318264656,0.0,0.0,0.0,-1.1460557337490105,1.6250370226897461,-0.009280089670013071,-0.1510006058962177,nan,nan,nan,nan,nan,nan,nan,0.0010192853248926841,0.0,0.0,-1.564022384449066,1.9031053120558508,-0.00654751078064141,0.015064425705133166,nan,nan,nan,nan,nan,nan,nan,nan,nan,nan,nan,nan,nan,nan,0.435253983311832,0.0,0.0,-1.3203778671199156,0.7419098036248519,0.23719388231721705,-0.023001793004959897,nan,nan,nan,nan,nan,nan,nan,nan,nan,nan,nan,nan,nan,nan,nan,nan,nan,nan,nan,nan,nan,nan,nan,nan,nan,nan,nan,nan,nan,nan,nan,nan,nan,nan,nan,nan,nan,nan,nan,nan,nan,nan,nan,nan,nan,nan,nan,nan,nan,0.24442274639334985
1791004176.4820278,1.2538074901546092,1.1920811990384559,-1.5741783271923033,0.2237427398009316,1.9668356201321424,0.5,0.9253024375983612,0.0,0.0,-1.542766616257091,-0.4448335804106906,0.21298227956196183,-0.007270695868873862,0.6419878529500901,0.0,0.0,0.16546149751488193,1.8405499178358613,0.0016574316359500424,-0.03430937084700836,0.0,0.0,0.0,-1.1464900598049805,1.6085533325705768,-0.00034723961378903175,-0.17926406109068874,nan,nan,nan,nan,nan,nan,nan,0.0010192853248926841,0.0,0.0,-1.5613200343507088,1.902911247083762,0.02676625627935762,0.0023257376691020763,nan,nan,nan,nan,nan,nan,nan,nan,nan,nan,nan,nan,nan,nan,0.4252982460082932,0.0,0.0,-1.2963576666691412,0.7416340863722874,0.24523426126992465,-0.004876739129265555,nan,nan,nan,nan,nan,nan,nan,nan,nan,nan,nan,nan,nan,nan,nan,nan,nan,nan,nan,nan,nan,nan,nan,nan,nan,nan,nan,nan,nan,nan,nan,nan,nan,nan,nan,nan,nan,nan,nan,nan,nan,nan,nan,nan,nan,nan,nan,nan,nan,0.2372968839203176
1791004176.5820234,1.2531461581797831,1.1678345459835617,-1.571355912172198,0.2260454291063394,1.9699910950362494,0.5,1.0222510058301433,0.0,0.0,-1.5198827166996904,-0.4457285362306131,0.22494649052737486,-0.013521879217259867,0.6419878529500901,0.0,0.0,0.1655715329556762,1.8374650673851325,0.001784771501792489,-0.03138524532603103,0.0,0.0,0.0,-1.1468333097744896,1.5900265532016438,-0.013051605793018454,-0.18390632186081196,nan,nan,nan,nan,nan,nan,nan,0.0010192853248926841,0.0,0.0,-1.560109075392142,1.9029785429003998,0.02273701571626873,0.002528083779527488,nan,nan,nan,nan,nan,nan,nan,nan,nan,nan,nan,nan,nan,nan,0.42997540980343063,0.0,0.0,-1.2723413013839475,0.7415103007317688,0.2348632958106428,-0.017084558038029864,nan,nan,nan,nan,nan,nan,nan,nan,nan,nan,nan,nan,nan,nan,nan,nan,nan,nan,nan,nan,nan,nan,nan,nan,nan,nan,nan,nan,nan,nan,nan,nan,nan,nan,nan,nan,nan,nan,nan,nan,nan,nan,nan,nan,nan,nan,nan,nan,nan,0.24152032464865913
1791004176.681979,1.2524269376428963,1.1433265411923232,-1.568985914887882,0.21360684869577123,1.97284678675149,0.5,0.7904176982223512,0.0,0.0,-1.4983687211228818,-0.44668894448309227,0.2042236149280518,-0.010647814798938919,0.6419878529500901,0.0,0.0,0.16549958241949408,1.8341621731337152,-0.000802057770559438,-0.031128884785103887,0.0,0.0,0.0,-1.1474217808579321,1.5690942356057684,0.01097513699310821,-0.22539464208269014,nan,nan,nan,nan,nan,nan,nan,0.0010192853248926841,0.0,0.0,-1.5576966449114102,1.9028010534055113,0.021159550132533678,-0.0016749746204225923,nan,nan,nan,nan,nan,nan,nan,nan,nan,nan,nan,nan,nan,nan,0.3022609793932012,0.0,0.0,-1.248379390217423,0.7417268701873734,0.22989826639041872,-0.0036860269439877094,nan,nan,nan,nan,nan,nan,nan,nan,nan,nan,nan,nan,nan,nan,nan,nan,nan,nan,nan,nan,nan,nan,nan,nan,nan,nan,nan,nan,nan,nan,nan,nan,nan,nan,nan,nan,nan,nan,nan,nan,nan,nan,nan,nan,nan,nan,nan,nan,nan,0.25282279909071154
1791004176.781996,1.2517371370246808,1.1190833414165302,-1.5655146778848237,0.2050945287168207,1.9754306721310568,0.5,1.0286279928082585,0.0,0.0,-1.4764070233564695,-0.4475790404712616,0.21696592050375513,-0.026377514152519484,0.6419878529500901,0.0,0.0,0.1654656405778833,1.831222395711666,0.001646744336876979,-0.028490078718864265,0.0,0.0,0.0,-1.1486543589977567,1.5487577305423885,-0.043122033939082836,-0.22634519963109717,nan,nan,nan,nan,nan,nan,nan,0.0010192853248926841,0.0,0.0,-1.555782983194729,1.9028579424768794,0.027241247478416036,-0.0026906688729692067,nan,nan,nan,nan,nan,nan,nan,nan,nan,nan,nan,nan,nan,nan,0.35697871054691127,0.0,0.0,-1.2247976895685104,0.7390161071500542,0.22950070590209187,-0.007910109830792792,nan,nan,nan,nan,nan,nan,nan,nan,nan,nan,nan,nan,nan,nan,nan,nan,nan,nan,nan,nan,nan,nan,nan,nan,nan,nan,nan,nan,nan,nan,nan,nan,nan,nan,nan,nan,nan,nan,nan,nan,nan,nan,nan,nan,nan,nan,nan,nan,nan,0.24230137047181655
1791004176.8819919,1.2513748847973412,1.0946500470890992,-1.5649639934428017,0.2030571020106033,1.9777687528008803,0.5,0.962989382763971,0.0,0.0,-1.454545790658644,-0.4484600029815447,0.22267117395341166,-0.011911612036875147,0.6419878529500901,0.0,0.0,0.165587899881757,1.8284587854734817,0.0009785970833476086,-0.027638166590007514,0.0,0.0,0.0,-1.1488541315286211,1.5258946462885945,-0.0010966117273115208,-0.21151512630730235,nan,nan,nan,nan,nan,nan,nan,0.0010192853248926841,0.0,0.0,-1.553490522768998,1.9027382486133562,0.025853200699581618,0.003939447548447531,nan,nan,nan,nan,nan,nan,nan,nan,nan,nan,nan,nan,nan,nan,0.3269692681873985,0.0,0.0,-1.2008386688852422,0.7389314217555888,0.2284700272530215,-0.0035919284805764613,nan,nan,nan,nan,nan,nan,nan,nan,nan,nan,nan,nan,nan,nan,nan,nan,nan,nan,nan,nan,nan,nan,nan,nan,nan,nan,nan,nan,nan,nan,nan,nan,nan,nan,nan,nan,nan,nan,nan,nan,nan,nan,nan,nan,nan,nan,nan,nan,nan,0.24413174070175703
1791004176.9819818,1.2561113962508097,1.0646736297630606,-1.5690212629724158,0.20897445520906952,1.9798843356780185,0.5,0.8940907484427302,0.0,0.0,-1.4331308975499348,-0.44885229456035874,0.23057970699273503,0.005245211257701908,0.6419878529500901,0.0,0.0,0.16566242702555908,1.82571335892322,-0.0002114268385335673,-0.027344181334745504,0.0,0.0,0.0,-1.1506262550957016,1.5038470589544195,-0.003988182212304802,-0.21878267916291128,nan,nan,nan,nan,nan,nan,nan,0.0010192853248926841,0.0,0.0,-1.550907481333137,1.9027304714013518,0.025018752098847782,-0.0005344457910238812,nan,nan,nan,nan,nan,nan,nan,nan,nan,nan,nan,nan,nan,nan,0.26634757790538105,0.0,0.0,-1.1758769728663125,0.7419957880094983,0.23537649414549985,0.019708611586868357,nan,nan,nan,nan,nan,nan,nan,nan,nan,nan,nan,nan,nan,nan,nan,nan,nan,nan,nan,nan,nan,nan,nan,nan,nan,nan,nan,nan,nan,nan,nan,nan,nan,nan,nan,nan,nan,nan,nan,nan,nan,nan,nan,nan,nan,nan,nan,nan,nan,0.24424742624537238
1791004177.0819983,1.2558112813004227,1.0407786806111492,-1.5698035780936601,0.2164217084844658,1.981798491570688,0.5,0.717121888802006,0.0,0.0,-1.4108795888001797,-0.4491278340495569,0.21514380312987147,0.040967979394479916,0.6419878529500901,0.0,0.0,0.16680973796014278,1.8191390706357211,-0.0018154522926978251,-0.024571560254576207,0.0,0.0,0.0,-1.151536429784156,1.4810928690153176,-0.0025146987243102174,-0.22436572241298364,nan,nan,nan,nan,nan,nan,nan,0.0010192853248926841,0.0,0.0,-1.5487425662943373,1.9027988640659605,0.02399455124387808,-0.0001533938559044636,nan,nan,nan,nan,nan,nan,nan,nan,nan,nan,nan,nan,nan,nan,0.392014954115896,0.0,0.0,-1.1515928922370342,0.742085736346639,0.2411027516405281,0.0028786838000934866,nan,nan,nan,nan,nan,nan,nan,nan,nan,nan,nan,nan,nan,nan,nan,nan,nan,nan,nan,nan,nan,nan,nan,nan,nan,nan,nan,nan,nan,nan,nan,nan,nan,nan,nan,nan,nan,nan,nan,nan,nan,nan,nan,nan,nan,nan,nan,nan,nan,0.24176140865795354
1791004177.1819668,1.2552882651357273,1.0158615468452188,-1.5701825573339476,0.21313686504718252,1.983530441974377,0.5,1.0010972117921908,0.0,0.0,-1.3892510270955098,-0.45045243000710233,0.21289626183386343,-0.016179124683855305,0.6419878529500901,0.0,0.0,0.1667100060342811,1.8164581426740591,-0.0014344290614548099,-0.026958166944827857,0.0,0.0,0.0,-1.1526914538664368,1.4597578331975594,-0.009283023420164632,-0.21948804875648265,nan,nan,nan,nan,nan,nan,nan,0.0010192853248926841,0.0,0.0,-1.5464092666175355,1.9027539394986537,0.026947572491883322,-0.0011351238638495395,nan,nan,nan,nan,nan,nan,nan,nan,nan,nan,nan,nan,nan,nan,0.4223380852871138,0.0,0.0,-1.128280173025187,0.7390072701404072,0.24388332315756342,-0.0038385525139716485,nan,nan,nan,nan,nan,nan,nan,nan,nan,nan,nan,nan,nan,nan,nan,nan,nan,nan,nan,nan,nan,nan,nan,nan,nan,nan,nan,nan,nan,nan,nan,nan,nan,nan,nan,nan,nan,nan,nan,nan,nan,nan,nan,nan,nan,nan,nan,nan,nan,0.2491442773373303
1791004177.280113,1.2551481549312276,0.9916967477992656,-1.5682203134580668,0.2191836208612685,1.985095965262645,0.5,1.035493723687504,0.0,0.0,-1.3679458356158558,-0.45111066699475316,0.21901311199923768,-0.014671962494682849,0.6419878529500901,0.0,0.0,0.1665408973546592,1.813872329706292,-0.012174662666069105,-0.029105248492558078,0.0,0.0,0.0,-1.1536418819317615,1.4390303652371519,-0.019214030369874777,-0.1982493752812988,nan,nan,nan,nan,nan,nan,nan,0.0010192853248926841,0.0,0.0,-1.5435359781894566,1.9026757591741856,0.027523783271520736,-0.0017757615259766596,nan,nan,nan,nan,nan,nan,nan,nan,nan,nan,nan,nan,nan,nan,0.4759989758379262,0.0,0.0,-1.1038570766653768,0.7390735264684035,0.2502751355179389,-0.007872762894022634,nan,nan,nan,nan,nan,nan,nan,nan,nan,nan,nan,nan,nan,nan,nan,nan,nan,nan,nan,nan,nan,nan,nan,nan,nan,nan,nan,nan,nan,nan,nan,nan,nan,nan,nan,nan,nan,nan,nan,nan,nan,nan,nan,nan,nan,nan,nan,nan,nan,0.22694950640132577
1791004177.381955,1.2547675181251643,0.9673426452127801,-1.566416687824626,0.21077067367561808,1.9865142716855013,0.5,0.802741094653387,0.0,0.0,-1.347311789182226,-0.4520522170772361,0.20982449021611022,-0.004390007520500217,0.6419878529500901,0.0,0.0,0.1662451727626761,1.8115462162335902,-0.026372821078313884,-0.01705103195350485,0.0,0.0,0.0,-1.1543435383463894,1.4195162269686308,0.0028138678559380794,-0.1842858400809931,nan,nan,nan,nan,nan,nan,nan,0.0010192853248926841,0.0,0.0,-1.5403408361225899,1.9026483515067267,0.04605893571989675,0.0024678467277065626,nan,nan,nan,nan,nan,nan,nan,nan,nan,nan,nan,nan,nan,nan,0.3026111853627484,0.0,0.0,-1.079055493744566,0.7431496813373651,0.23927782191492333,0.007365765615150245,nan,nan,nan,nan,nan,nan,nan,nan,nan,nan,nan,nan,nan,nan,nan,nan,nan,nan,nan,nan,nan,nan,nan,nan,nan,nan,nan,nan,nan,nan,nan,nan,nan,nan,nan,nan,nan,nan,nan,nan,nan,nan,nan,nan,nan,nan,nan,nan,nan,0.2569932973868584
1791004177.4820714,1.2548191934356205,0.9438369666405283,-1.5631259146193524,0.20923738677941517,1.9877976084075644,0.5,0.9078164069033038,0.0,0.0,-1.3265144109543756,-0.45285705356071887,0.20614338606574778,-0.01009221941519952,0.6419878529500901,0.0,0.0,0.16637455722143393,1.8090032340694222,-0.0016286389297506803,-0.033600999243410805,0.0,0.0,0.0,-1.1551427015920979,1.401540208616691,-0.015571126546056352,-0.17389338434073917,nan,nan,nan,nan,nan,nan,nan,0.0010192853248926841,0.0,0.0,-1.5366841193661591,1.9026266668069567,0.04734098959395016,0.00047198438562416894,nan,nan,nan,nan,nan,nan,nan,nan,nan,nan,nan,nan,nan,nan,0.4052282158635618,0.0,0.0,-1.0547544514720344,0.743790479931495,0.2559392752284387,0.008776078592959239,nan,nan,nan,nan,nan,nan,nan,nan,nan,nan,nan,nan,nan,nan,nan,nan,nan,nan,nan,nan,nan,nan,nan,nan,nan,nan,nan,nan,nan,nan,nan,nan,nan,nan,nan,nan,nan,nan,nan,nan,nan,nan,nan,nan,nan,nan,nan,nan,nan,0.22789749323555292
1791004177.5823271,1.2547191922649719,0.9198516501163906,-1.5602195727865558,0.19280934161178695,1.988958819494058,0.5,0.6081019093807394,0.0,0.0,-1.3061712391221376,-0.4536673897296197,0.18451453613186256,-0.020911399066304667,0.6419878529500901,0.0,0.0,0.16623079859640208,1.8065204523947669,-0.005066089373726105,-0.031372047871540965,0.0,0.0,0.0,-1.155619810865419,1.3848501449247896,-0.0015412575782180384,-0.16528595586638875,nan,nan,nan,nan,nan,nan,nan,0.0010192853248926841,0.0,0.0,-1.5320804340034115,1.9025787304290296,0.06000351210523268,-0.00022241259473140723,nan,nan,nan,nan,nan,nan,nan,nan,nan,nan,nan,nan,nan,nan,0.29661153929725337,0.0,0.0,-1.0306230818933868,0.7440610146727427,0.25321072680929896,0.00800171310334266,nan,nan,nan,nan,nan,nan,nan,nan,nan,nan,nan,nan,nan,nan,nan,nan,nan,nan,nan,nan,nan,nan,nan,nan,nan,nan,nan,nan,nan,nan,nan,nan,nan,nan,nan,nan,nan,nan,nan,nan,nan,nan,nan,nan,nan,nan,nan,nan,nan,0.24975827152036012
1791004177.6819706,1.2543999035947002,0.8961101704665377,-1.5586033727084023,0.19324800944057915,1.9900094413966904,0.5,0.8481857252105458,0.0,0.0,-1.286074006244674,-0.45449429973708066,0.20909676812039846,-0.004168054857190775,0.6419878529500901,0.0,0.0,0.16604528717211242,1.8038336120043084,-0.0024421636304372525,-0.028622012605543985,0.0,0.0,0.0,-1.1593499943222285,1.3707039829782584,-0.004963686651384803,-0.14375060491923475,nan,nan,nan,nan,nan,nan,nan,0.0010192853248926841,0.0,0.0,-1.526921591911879,1.9026346452474565,0.04549194352208574,0.005831758665833774,nan,nan,nan,nan,nan,nan,nan,nan,nan,nan,nan,nan,nan,nan,0.4115860879919904,0.0,0.0,-1.0064363122357616,0.7441333873282365,0.24402596526926557,-0.011315224800024648,nan,nan,nan,nan,nan,nan,nan,nan,nan,nan,nan,nan,nan,nan,nan,nan,nan,nan,nan,nan,nan,nan,nan,nan,nan,nan,nan,nan,nan,nan,nan,nan,nan,nan,nan,nan,nan,nan,nan,nan,nan,nan,nan,nan,nan,nan,nan,nan,nan,0.23082702868062935
1791004177.7819831,1.2545918087969998,0.8721489564865713,-1.560529637200161,0.183655187620398,1.9909601687456735,0.5,0.7860426955626625,0.0,0.0,-1.2665756802714405,-0.4556388936090963,0.1975579400695618,-0.015002976739852469,0.6419878529500901,0.0,0.0,0.16590001266179893,1.801119463103151,-0.001957237537391761,-0.027984216056839983,0.0,0.0,0.0,-1.1591133417680155,1.3565784876817886,-0.00397360675775138,-0.134947520929829,nan,nan,nan,nan,nan,nan,nan,0.0010192853248926841,0.0,0.0,-1.5211412564880535,1.9026078208081563,0.001890886250927034,0.013150077960358334,nan,nan,nan,nan,nan,nan,nan,nan,nan,nan,nan,nan,nan,nan,0.3521553714958876,0.0,0.0,-0.9822415709463077,0.744689012339651,0.24661703112935018,0.0008610052439728376,nan,nan,nan,nan,nan,nan,nan,nan,nan,nan,nan,nan,nan,nan,nan,nan,nan,nan,nan,nan,nan,nan,nan,nan,nan,nan,nan,nan,nan,nan,nan,nan,nan,nan,nan,nan,nan,nan,nan,nan,nan,nan,nan,nan,nan,nan,nan,nan,nan,0.23344793609509915
1791004177.8806846,1.2547077163708626,0.8483964862791427,-1.5608960419591194,0.17781227014579531,1.9918204224256661,0.5,0.8587764378154185,0.0,0.0,-1.2460284032258095,-0.45713992087510036,0.19905899319586068,-0.014953429687851303,0.6419878529500901,0.0,0.0,0.16581125442115283,1.7981950266685396,0.0008495986514057644,-0.027681494413474905,0.0,0.0,0.0,-1.1595467537991364,1.345024254851992,-0.003373986639147112,-0.12334297404770997,nan,nan,nan,nan,nan,nan,nan,0.0010192853248926841,0.0,0.0,-1.5163918788393043,1.9025115784785636,0.05393750500409999,0.0013458532698969123,nan,nan,nan,nan,nan,nan,nan,nan,nan,nan,nan,nan,nan,nan,0.3473697246206671,0.0,0.0,-0.9580488850274445,0.7449509793486566,0.2399100656058869,-0.0037570119446810996,nan,nan,nan,nan,nan,nan,nan,nan,nan,nan,nan,nan,nan,nan,nan,nan,nan,nan,nan,nan,nan,nan,nan,nan,nan,nan,nan,nan,nan,nan,nan,nan,nan,nan,nan,nan,nan,nan,nan,nan,nan,nan,nan,nan,nan,nan,nan,nan,nan,0.2261306129284846
1791004177.981993,1.25460017722641,0.8246061545657681,-1.5610580536828647,0.16900565876987497,1.9925983834701848,0.5,0.8753513200505759,0.0,0.0,-1.226076260769011,-0.45824207087071217,0.2015857860749848,-0.02190289076123674,0.6419878529500901,0.0,0.0,0.1654461657849564,1.796488390661531,-0.004012984279899351,-0.02296986001080263,0.0,0.0,0.0,-1.1594427226025987,1.3316984250564339,0.0028981154049945905,-0.1183490020936459,nan,nan,nan,nan,nan,nan,nan,0.0010192853248926841,0.0,0.0,-1.5121992013933994,1.902381698013769,0.06217784027538293,-0.0009593627676652674,nan,nan,nan,nan,nan,nan,nan,nan,nan,nan,nan,nan,nan,nan,0.36441413914512316,0.0,0.0,-0.9338187830030806,0.7449482613915238,0.2397789756956973,-0.0067788755961329114,nan,nan,nan,nan,nan,nan,nan,nan,nan,nan,nan,nan,nan,nan,nan,nan,nan,nan,nan,nan,nan,nan,nan,nan,nan,nan,nan,nan,nan,nan,nan,nan,nan,nan,nan,nan,nan,nan,nan,nan,nan,nan,nan,nan,nan,nan,nan,nan,nan,0.23555228089983685
1791004178.0822299,1.2544967421312176,0.8004485168309811,-1.5606908943081057,0.15970742240925256,1.9933027404076686,0.5,0.6978753736072532,0.0,0.0,-1.2058077961130844,-0.4591458834852699,0.19320556615087567,-0.011821442802218451,0.6419878529500901,0.0,0.0,0.16527147238891263,1.7936166544315675,-0.002507579961434552,-0.034951508459980296,0.0,0.0,0.0,-1.1597216669322354,1.3207698539292578,0.004324939584234447,-0.11023376864317322,nan,nan,nan,nan,nan,nan,nan,0.0010192853248926841,0.0,0.0,-1.5062075105017676,1.9022446185957527,0.06172436964584574,-0.0011164110731967938,nan,nan,nan,nan,nan,nan,nan,nan,nan,nan,nan,nan,nan,nan,0.3050735129671438,0.0,0.0,-0.9094845657643941,0.745572212933752,0.23830376168600936,0.0005016490996093618,nan,nan,nan,nan,nan,nan,nan,nan,nan,nan,nan,nan,nan,nan,nan,nan,nan,nan,nan,nan,nan,nan,nan,nan,nan,nan,nan,nan,nan,nan,nan,nan,nan,nan,nan,nan,nan,nan,nan,nan,nan,nan,nan,nan,nan,nan,nan,nan,nan,0.2523002930975537
1791004178.1820295,1.2544372677699556,0.7764721355266736,-1.5624551145427874,0.15593318417819255,1.9939400683388107,0.5,0.8416320346533186,0.0,0.0,-1.1854735015668858,-0.4601756053164011,0.21045329163587628,-0.011412587661123795,0.6419878529500901,0.0,0.0,0.16496349181853692,1.7884803430482759,-0.009777053492590842,-0.034959416914289526,0.0,0.0,0.0,-1.159987568750219,1.3101631133821279,0.011747883976476109,-0.10218501183040556,nan,nan,nan,nan,nan,nan,nan,0.0010192853248926841,0.0,0.0,-1.498627227379797,1.9022403464081827,0.049449808968653,0.011585862667617937,nan,nan,nan,nan,nan,nan,nan,nan,nan,nan,nan,nan,nan,nan,0.3176740599416307,0.0,0.0,-0.8853887282478592,0.7453891387136641,0.23195392364089912,-0.0037370845691155406,nan,nan,nan,nan,nan,nan,nan,nan,nan,nan,nan,nan,nan,nan,nan,nan,nan,nan,nan,nan,nan,nan,nan,nan,nan,nan,nan,nan,nan,nan,nan,nan,nan,nan,nan,nan,nan,nan,nan,nan,nan,nan,nan,nan,nan,nan,nan,nan,nan,0.24903953169701337
1791004178.2820215,1.2544489784852944,0.752234146806346,-1.5639151684613413,0.14831797301948224,1.994516747080413,0.49620980725580177,0.689440491865716,0.0,0.0,-1.1655310621256902,-0.46099782023770036,0.19211790361608422,-0.010160248706825505,0.6419878529500901,0.0,0.0,0.16472426073805813,1.7842302988741774,-0.001843579759120717,-0.03567276064235493,0.0,0.0,0.0,-1.1607635431222225,1.3000845965780505,0.0008830052299433587,-0.08838240910956799,nan,nan,nan,nan,nan,nan,nan,0.0010192853248926841,0.0,0.0,-1.4918560672942953,1.902066824329343,0.022736328764268645,0.009219256458955676,nan,nan,nan,nan,nan,nan,nan,nan,nan,nan,nan,nan,nan,nan,0.30307540294286106,0.0,0.0,-0.8613033674515196,0.7454037000230184,0.2313835708248687,-0.0038418754931015286,nan,nan,nan,nan,nan,nan,nan,nan,nan,nan,nan,nan,nan,nan,nan,nan,nan,nan,nan,nan,nan,nan,nan,nan,nan,nan,nan,nan,nan,nan,nan,nan,nan,nan,nan,nan,nan,nan,nan,nan,nan,nan,nan,nan,nan,nan,nan,nan,nan,0.24787027402362363
1791004178.381996,1.2544676805320336,0.7279554235387862,-1.5658363453914512,0.15084591330794345,1.9950385113654439,0.49839397827197846,0.7536856410374105,0.0,0.0,-1.1447351116089908,-0.461664145008717,0.2081820326487843,0.008611004535214252,0.6419878529500901,0.0,0.0,0.16449236980603926,1.7797160265549457,-0.0034124201352052205,-0.043897141186194824,0.0,0.0,0.0,-1.160770360522997,1.2906662822042012,-0.008364708079798602,-0.09576927030373156,nan,nan,nan,nan,nan,nan,nan,0.0010192853248926841,0.0,0.0,-1.4854589540880103,1.9020701833281386,0.02346769143318804,0.011603207356666641,nan,nan,nan,nan,nan,nan,nan,nan,nan,nan,nan,nan,nan,nan,0.3242538101321984,0.0,0.0,-0.8372101959848322,0.7454944723642293,0.23337069412226258,-0.0005022345878508809,nan,nan,nan,nan,nan,nan,nan,nan,nan,nan,nan,nan,nan,nan,nan,nan,nan,nan,nan,nan,nan,nan,nan,nan,nan,nan,nan,nan,nan,nan,nan,nan,nan,nan,nan,nan,nan,nan,nan,nan,nan,nan,nan,nan,nan,nan,nan,nan,nan,0.2499833886101623
1791004178.48184,1.2546341249721062,0.703531444274373,-1.5693227631067952,0.1463216831637277,1.995510659432818,0.4944751722363508,0.8764111996783609,0.0,0.0,-1.1245208402732263,-0.463319479847624,0.2013463174737287,-0.01800459855616947,0.6419878529500901,0.0,0.0,0.16418695843133596,1.7751751531033972,-0.006084103217885472,-0.045595257993568214,0.0,0.0,0.0,-1.160797506858729,1.2823309817667823,0.000946733703552332,-0.08141700747768979,nan,nan,nan,nan,nan,nan,nan,0.0010192853248926841,0.0,0.0,-1.4799751196456052,1.901821532226569,0.0822011225729605,-0.0042893179693059705,nan,nan,nan,nan,nan,nan,nan,nan,nan,nan,nan,nan,nan,nan,0.32001265701118703,0.0,0.0,-0.8136095838877941,0.7455421487017616,0.22653430340617117,0.0002937717132977162,nan,nan,nan,nan,nan,nan,nan,nan,nan,nan,nan,nan,nan,nan,nan,nan,nan,nan,nan,nan,nan,nan,nan,nan,nan,nan,nan,nan,nan,nan,nan,nan,nan,nan,nan,nan,nan,nan,nan,nan,nan,nan,nan,nan,nan,nan,nan,nan,nan,0.24331320115744656
1791004178.5819755,1.2548347437569622,0.6792537971824041,-1.5744779050569413,0.13753182994468938,1.9959378286484704,0.48673599004814094,0.8215330205941986,0.0,0.0,-1.1032876557817024,-0.4643104505380423,0.18877465930534293,-0.026403605684949594,0.6419878529500901,0.0,0.0,0.16394726205442758,1.7710040928925785,-0.0021845961584233,-0.036561349098509104,0.0,0.0,0.0,-1.161140487364747,1.2742606720182947,-0.0032885901984995637,-0.06912368646454653,nan,nan,nan,nan,nan,nan,nan,0.0010192853248926841,0.0,0.0,-1.47340041156534,1.9016815720790536,0.09779957290247787,-0.0029509110478091118,nan,nan,nan,nan,nan,nan,nan,nan,nan,nan,nan,nan,nan,nan,0.33600633721979595,0.0,0.0,-0.7895092075514657,0.7456776142735295,0.2417892787837601,0.004470232701296916,nan,nan,nan,nan,nan,nan,nan,nan,nan,nan,nan,nan,nan,nan,nan,nan,nan,nan,nan,nan,nan,nan,nan,nan,nan,nan,nan,nan,nan,nan,nan,nan,nan,nan,nan,nan,nan,nan,nan,nan,nan,nan,nan,nan,nan,nan,nan,nan,nan,0.24195062971941128
1791004178.6819549,1.2548742079925013,0.6550560425430595,-1.5792166137137533,0.14148729300614962,1.996324385095471,0.4902389292069828,0.8817152409186877,0.0,0.0,-1.082120003283693,-0.46529341611159775,0.21886106984257142,-0.004326975787806979,0.6419878529500901,0.0,0.0,0.16355870198769154,1.767277268786131,0.001732476939428347,-0.03636684873716959,0.0,0.0,0.0,-1.1611558363704744,1.2669330470823912,-0.001763544516984981,-0.07349973715227388,nan,nan,nan,nan,nan,nan,nan,0.0010192853248926841,0.0,0.0,-1.4639920590183837,1.9015457297229563,0.11263870584633345,-0.008103100000169988,nan,nan,nan,nan,nan,nan,nan,nan,nan,nan,nan,nan,nan,nan,0.34028849130407385,0.0,0.0,-0.7652126387313839,0.7460901578435899,0.2576988150933746,0.019691991207388633,nan,nan,nan,nan,nan,nan,nan,nan,nan,nan,nan,nan,nan,nan,nan,nan,nan,nan,nan,nan,nan,nan,nan,nan,nan,nan,nan,nan,nan,nan,nan,nan,nan,nan,nan,nan,nan,nan,nan,nan,nan,nan,nan,nan,nan,nan,nan,nan,nan,0.23901011069836015
1791004178.7819989,1.2546434014997325,0.6306321969327571,-1.5814466550723008,0.14198374133537792,1.9966741660989986,0.49067625041519153,0.9448818550923727,0.0,0.0,-1.0613724794247144,-0.46670172572370383,0.22771870237221858,-0.014852408382466495,0.6419878529500901,0.0,0.0,0.16343812428425278,1.7636150147112424,-0.002437156740039143,-0.03917381842107705,0.0,0.0,0.0,-1.161410954683118,1.2604933144705506,0.002573674538709415,-0.06765455192558356,nan,nan,nan,nan,nan,nan,nan,0.0010192853248926841,0.0,0.0,-1.4533724844311473,1.9015558669308976,0.11070351576729864,-0.002955517150262581,nan,nan,nan,nan,nan,nan,nan,nan,nan,nan,nan,nan,nan,nan,0.3630641012935714,0.0,0.0,-0.7410217298288131,0.7458092285704614,0.2580526092400651,0.004289827366516907,nan,nan,nan,nan,nan,nan,nan,nan,nan,nan,nan,nan,nan,nan,nan,nan,nan,nan,nan,nan,nan,nan,nan,nan,nan,nan,nan,nan,nan,nan,nan,nan,nan,nan,nan,nan,nan,nan,nan,nan,nan,nan,nan,nan,nan,nan,nan,nan,nan,0.24202923171796195
1791004178.882019,1.2538253554437166,0.6058883039902824,-1.5830716917272467,0.13962341993843674,1.9969906473196049,0.4885923910236124,1.0391848809513449,0.0,0.0,-1.0388312325456914,-0.4679295776928526,0.22697951435551397,-0.0299091721871278,0.6419878529500901,0.0,0.0,0.1627009635185525,1.7617803804875842,-0.010093132624240159,-0.03452645252589358,0.0,0.0,0.0,-1.1615953878499696,1.2530841929794334,-0.001253964946711621,-0.0731307759060342,nan,nan,nan,nan,nan,nan,nan,0.0010192853248926841,0.0,0.0,-1.4421971719889644,1.9021838632095514,0.13293623296025225,0.012999127166664824,nan,nan,nan,nan,nan,nan,nan,nan,nan,nan,nan,nan,nan,nan,0.37534820724389106,0.0,0.0,-0.7168466024225773,0.7458720254703656,0.2553280144891464,0.0031736729930446354,nan,nan,nan,nan,nan,nan,nan,nan,nan,nan,nan,nan,nan,nan,nan,nan,nan,nan,nan,nan,nan,nan,nan,nan,nan,nan,nan,nan,nan,nan,nan,nan,nan,nan,nan,nan,nan,nan,nan,nan,nan,nan,nan,nan,nan,nan,nan,nan,nan,0.23674451858608916
1791004178.982074,1.2531757060349753,0.5816647270337864,-1.5826078925127667,0.14121914998736945,1.9972770250898169,0.49000250480340474,0.9686277124362435,0.0,0.0,-1.015648629732987,-0.4690182923633804,0.2237731581388879,-0.014595073035778084,0.6419878529500901,0.0,0.0,0.1624723424945192,1.7584873829402314,-0.0011346564157820567,-0.032115059035071856,0.0,0.0,0.0,-1.161766446849999,1.2462802929987566,-0.005271201236225021,-0.07330621111045395,nan,nan,nan,nan,nan,nan,nan,0.0010192853248926841,0.0,0.0,-1.4301240457749071,1.9019487273991733,0.13616308618683587,-0.017556549146155266,nan,nan,nan,nan,nan,nan,nan,nan,nan,nan,nan,nan,nan,nan,0.3760794179184472,0.0,0.0,-0.6925682109098489,0.7459646802667377,0.25655319813147687,0.006225989941956569,nan,nan,nan,nan,nan,nan,nan,nan,nan,nan,nan,nan,nan,nan,nan,nan,nan,nan,nan,nan,nan,nan,nan,nan,nan,nan,nan,nan,nan,nan,nan,nan,nan,nan,nan,nan,nan,nan,nan,nan,nan,nan,nan,nan,nan,nan,nan,nan,nan,0.23562172139286888
1791004179.082032,1.252404054328462,0.5574692642412459,-1.5818895680487617,0.1473444633952515,1.9975361186775065,0.49536497395873746,0.97145485189521,0.0,0.0,-0.9926468302393182,-0.4701958169572521,0.2298279756649942,-0.004935889180031241,0.6419878529500901,0.0,0.0,0.16233143569426395,1.754889142898618,-0.0025615887206069943,-0.03892687671813612,0.0,0.0,0.0,-1.1619183713157752,1.2382849841704353,-0.0017610071487288935,-0.07073885110860943,nan,nan,nan,nan,nan,nan,nan,0.0010192853248926841,0.0,0.0,-1.4171652392082006,1.9015960369317098,0.13164729911996434,-0.004575704172954089,nan,nan,nan,nan,nan,nan,nan,nan,nan,nan,nan,nan,nan,nan,0.4140870098991705,0.0,0.0,-0.6687352408254659,0.745908570756289,0.2480091641553948,-0.01348104705101729,nan,nan,nan,nan,nan,nan,nan,nan,nan,nan,nan,nan,nan,nan,nan,nan,nan,nan,nan,nan,nan,nan,nan,nan,nan,nan,nan,nan,nan,nan,nan,nan,nan,nan,nan,nan,nan,nan,nan,nan,nan,nan,nan,nan,nan,nan,nan,nan,nan,0.24169337861198503
1791004179.1819994,1.2517713834783448,0.5327993866402634,-1.5807946535984425,0.15163474762480966,1.9977705801977266,0.4990726799899672,0.9367461489750133,0.0,0.0,-0.9701624341482046,-0.4712978601328747,0.2361101199669594,-0.0015265176087317233,0.6419878529500901,0.0,0.0,0.16213228784317663,1.7507972045255769,-0.002656008826297672,-0.04079258008632745,0.0,0.0,0.0,-1.1619685155536277,1.2304130255431134,-0.0004642249416943811,-0.08822649717617262,nan,nan,nan,nan,nan,nan,nan,0.0010192853248926841,0.0,0.0,-1.4047396491137747,1.901510851690948,0.1333462616556228,0.0070165886663687525,nan,nan,nan,nan,nan,nan,nan,nan,nan,nan,nan,nan,nan,nan,0.3555389468474774,0.0,0.0,-0.644759755467974,0.7459443178306835,0.24705622403289704,-0.0009677444987979146,nan,nan,nan,nan,nan,nan,nan,nan,nan,nan,nan,nan,nan,nan,nan,nan,nan,nan,nan,nan,nan,nan,nan,nan,nan,nan,nan,nan,nan,nan,nan,nan,nan,nan,nan,nan,nan,nan,nan,nan,nan,nan,nan,nan,nan,nan,nan,nan,nan,0.24104054352169196
1791004179.2820034,1.251199394417989,0.5086038344618168,-1.580658862271985,0.15231746255713355,1.9979827307233633,0.4996589748706311,0.9846176040063966,0.0,0.0,-0.9474653789742132,-0.4725999287848932,0.23114617820022823,-0.01391546625880604,0.6419878529500901,0.0,0.0,0.1616589700334657,1.7465862515289765,-0.0035076438437308833,-0.0421992289539188,0.0,0.0,0.0,-1.1625778175435606,1.2220133961478423,0.029788247811564073,-0.09525797601444407,nan,nan,nan,nan,nan,nan,nan,0.0010192853248926841,0.0,0.0,-1.3922879066505796,1.901293980657945,0.1345092369380746,0.0016249272944308616,nan,nan,nan,nan,nan,nan,nan,nan,nan,nan,nan,nan,nan,nan,0.2953545915189492,0.0,0.0,-0.6208090763631455,0.7460477049362454,0.23424155656669604,0.021738719840220175,nan,nan,nan,nan,nan,nan,nan,nan,nan,nan,nan,nan,nan,nan,nan,nan,nan,nan,nan,nan,nan,nan,nan,nan,nan,nan,nan,nan,nan,nan,nan,nan,nan,nan,nan,nan,nan,nan,nan,nan,nan,nan,nan,nan,nan,nan,nan,nan,nan,0.23489781046591088
1791004179.3820121,1.2507959995356088,0.48417900518424145,-1.5801890272368169,0.1436482493541764,1.9981746992756448,0.4921386911065162,0.9282293747682661,0.0,0.0,-0.9249691541681824,-0.4741344124978278,0.21560003797265992,-0.027921479447152626,0.6419878529500901,0.0,0.0,0.16154236246393575,1.7422744635320873,-0.0009344119812142493,-0.045993465332494314,0.0,0.0,0.0,-1.1619275458348763,1.2124969513323878,0.0028492276776810083,-0.09776797517317665,nan,nan,nan,nan,nan,nan,nan,0.0010192853248926841,0.0,0.0,-1.379813983895836,1.901668415370444,0.13160044382335634,0.00840356558446663,nan,nan,nan,nan,nan,nan,nan,nan,nan,nan,nan,nan,nan,nan,0.3174682442698512,0.0,0.0,-0.5966517743993025,0.7456380265869063,0.2371152174754201,0.0010372393703971866,nan,nan,nan,nan,nan,nan,nan,nan,nan,nan,nan,nan,nan,nan,nan,nan,nan,nan,nan,nan,nan,nan,nan,nan,nan,nan,nan,nan,nan,nan,nan,nan,nan,nan,nan,nan,nan,nan,nan,nan,nan,nan,nan,nan,nan,nan,nan,nan,nan,0.2468795923756371
1791004179.482069,1.2503091986573036,0.46017972790913503,-1.5798503865033438,0.1389111522718528,1.9983483996048925,0.48796124374123706,0.9313165281740035,0.0,0.0,-0.9024657953050199,-0.4749261801550639,0.21415060343762019,-0.018711955820340145,0.6419878529500901,0.0,0.0,0.16119615456432027,1.7376668626157044,-0.006127490863758335,-0.04625955085316151,0.0,0.0,0.0,-1.1623052795459239,1.2015821662365553,0.036112526269859314,-0.09237853265451813,nan,nan,nan,nan,nan,nan,nan,0.0010192853248926841,0.0,0.0,-1.3665906905162557,1.90108312957117,0.12843019349800372,0.006995785531150367,nan,nan,nan,nan,nan,nan,nan,nan,nan,nan,nan,nan,nan,nan,0.30145938379354753,0.0,0.0,-0.5723042316229326,0.7458663931707472,0.22760521023375985,0.012980610609138363,nan,nan,nan,nan,nan,nan,nan,nan,nan,nan,nan,nan,nan,nan,nan,nan,nan,nan,nan,nan,nan,nan,nan,nan,nan,nan,nan,nan,nan,nan,nan,nan,nan,nan,nan,nan,nan,nan,nan,nan,nan,nan,nan,nan,nan,nan,nan,nan,nan,0.24275489492891172
1791004179.581995,1.2497936593007295,0.43642187780745845,-1.5772375057628263,0.14088185547856455,1.9985055301723877,0.4897048927142248,0.9382112865348066,0.0,0.0,-0.880502943670343,-0.47590033047248753,0.2233950645997643,-0.004165732428179061,0.6419878529500901,0.0,0.0,0.16067172406792402,1.7332193201008064,-0.002849395682949938,-0.04442233089640006,0.0,0.0,0.0,-1.1620480970148424,1.1903334195271553,0.004983776805307887,-0.12536545269529079,nan,nan,nan,nan,nan,nan,nan,0.0010192853248926841,0.0,0.0,-1.3537527486647758,1.901404516772633,0.11454112072765495,0.04352251293288885,nan,nan,nan,nan,nan,nan,nan,nan,nan,nan,nan,nan,nan,nan,0.36102317413377033,0.0,0.0,-0.5479792810436982,0.7460320931630227,0.24954554746317495,0.008241518231785969,nan,nan,nan,nan,nan,nan,nan,nan,nan,nan,nan,nan,nan,nan,nan,nan,nan,nan,nan,nan,nan,nan,nan,nan,nan,nan,nan,nan,nan,nan,nan,nan,nan,nan,nan,nan,nan,nan,nan,nan,nan,nan,nan,nan,nan,nan,nan,nan,nan,0.24226254446731788
1791004179.6819952,1.249168729664875,0.41271030464123576,-1.5734151851473355,0.14606339176971564,1.9986477477794062,0.4942501057777216,1.0103588106457817,0.0,0.0,-0.8584330636729394,-0.4771006900164692,0.23409537244623219,-0.00665554951909883,0.6419878529500901,0.0,0.0,0.16058624579897002,1.7290621824384116,-0.0007266101848224318,-0.03920493829830856,0.0,0.0,0.0,-1.1622476183024457,1.1781255585751935,-0.00919144280159422,-0.14788943851774505,nan,nan,nan,nan,nan,nan,nan,0.0010192853248926841,0.0,0.0,-1.3411229879631146,1.9011599661411196,0.12325029570380353,0.0021698477233604197,nan,nan,nan,nan,nan,nan,nan,nan,nan,nan,nan,nan,nan,nan,0.3562343374040865,0.0,0.0,-0.5239816178719724,0.7454977583969836,0.2318293407904229,6.3377394102445e-05,nan,nan,nan,nan,nan,nan,nan,nan,nan,nan,nan,nan,nan,nan,nan,nan,nan,nan,nan,nan,nan,nan,nan,nan,nan,nan,nan,nan,nan,nan,nan,nan,nan,nan,nan,nan,nan,nan,nan,nan,nan,nan,nan,nan,nan,nan,nan,nan,nan,0.2379371908948634
1791004179.7819982,1.2486178097831917,0.38881219831859215,-1.5698688589178067,0.14245888191036224,1.998776416292183,0.4910943115863027,0.9599261785357237,0.0,0.0,-0.8360317763453841,-0.4777293149993768,0.2229045434343117,-0.01425579690801596,0.6419878529500901,0.0,0.0,0.16013849634854505,1.725117831324483,-0.006196584420198265,-0.03809971498818074,0.0,0.0,0.0,-1.1623882824291543,1.1609534668889496,-0.005680662072873049,-0.19038566488921332,nan,nan,nan,nan,nan,nan,nan,0.0010192853248926841,0.0,0.0,-1.3285071101596282,1.901124498958022,0.13070064008726914,0.004443199425048518,nan,nan,nan,nan,nan,nan,nan,nan,nan,nan,nan,nan,nan,nan,0.35330287719171793,0.0,0.0,-0.4999747055094745,0.7455584015702604,0.24703649604902259,0.006282831746656189,nan,nan,nan,nan,nan,nan,nan,nan,nan,nan,nan,nan,nan,nan,nan,nan,nan,nan,nan,nan,nan,nan,nan,nan,nan,nan,nan,nan,nan,nan,nan,nan,nan,nan,nan,nan,nan,nan,nan,nan,nan,nan,nan,nan,nan,nan,nan,nan,nan,0.24651574639597582
1791004179.8818645,1.2483757831162259,0.36526116596665054,-1.5677060509423137,0.14147239782470997,1.9988928556767043,0.4902257999705203,0.9135299225150938,0.0,0.0,-0.8134618048930609,-0.47869179985078336,0.2125058811759873,-0.01271786723215626,0.6419878529500901,0.0,0.0,0.15969813163486202,1.7216578274849643,-0.0036629033530624685,-0.035267257981746264,0.0,0.0,0.0,-1.1626413982689736,1.1403593519629822,0.0029239374549367325,-0.24567687799651713,nan,nan,nan,nan,nan,nan,nan,0.0010192853248926841,0.0,0.0,-1.3154926571602856,1.9004059989663327,0.1311114584019737,0.003896111574807945,nan,nan,nan,nan,nan,nan,nan,nan,nan,nan,nan,nan,nan,nan,0.35330287719171793,0.0,0.0,-0.47586769175736193,0.7455921853031651,0.28098189555345204,-0.032282893792825666,nan,nan,nan,nan,nan,nan,nan,nan,nan,nan,nan,nan,nan,nan,nan,nan,nan,nan,nan,nan,nan,nan,nan,nan,nan,nan,nan,nan,nan,nan,nan,nan,nan,nan,nan,nan,nan,nan,nan,nan,nan,nan,nan,nan,nan,nan,nan,nan,nan,0.23782570617418958
1791004179.9802804,1.2481084204023352,0.3414910007073591,-1.5652614141349261,0.1402259953631582,1.9989981070467224,0.4891255057769129,0.8318726360682044,0.0,0.0,-0.7915748557462681,-0.4794084568777683,0.20896160097726807,-0.004800542726228723,0.6419878529500901,0.0,0.0,0.15949595681550316,1.718516641522376,-0.0012528007497376026,-0.029080850158451525,0.0,0.0,0.0,-1.162754519156678,1.1164129247752308,0.002737257659727381,-0.24468591589321143,nan,nan,nan,nan,nan,nan,nan,0.0010192853248926841,0.0,0.0,-1.3027999761863778,1.9008022768016821,0.13389338949764543,0.004307386780304962,nan,nan,nan,nan,nan,nan,nan,nan,nan,nan,nan,nan,nan,nan,0.35330287719171793,0.0,0.0,-0.45243581879175454,0.7455282864165167,0.2396170449690292,-0.007081767463458632,nan,nan,nan,nan,nan,nan,nan,nan,nan,nan,nan,nan,nan,nan,nan,nan,nan,nan,nan,nan,nan,nan,nan,nan,nan,nan,nan,nan,nan,nan,nan,nan,nan,nan,nan,nan,nan,nan,nan,nan,nan,nan,nan,nan,nan,nan,nan,nan,nan,0.24344652023909177
1791004180.081767,1.2477459667821067,0.3176537841794018,-1.5633314346499674,0.14286688151034932,1.9990934497667099,0.49145291437355554,0.9132411744958395,0.0,0.0,-0.7703396829793556,-0.48014901192298787,0.22751414218632576,-0.002697814035353608,0.6419878529500901,0.0,0.0,0.1593057935493314,1.7155640490619757,-0.0027957909484741393,-0.02815117802553923,0.0,0.0,0.0,-1.162902828717327,1.0925779140075091,-0.008126474155832997,-0.23244329615567882,nan,nan,nan,nan,nan,nan,nan,0.0010192853248926841,0.0,0.0,-1.2900510343554688,1.9006982400143952,0.10626033825204984,0.03294375718647612,nan,nan,nan,nan,nan,nan,nan,nan,nan,nan,nan,nan,nan,nan,0.35330287719171793,0.0,0.0,-0.4287402933021359,0.7454949434492657,0.24095111188597315,0.011445721985867251,nan,nan,nan,nan,nan,nan,nan,nan,nan,nan,nan,nan,nan,nan,nan,nan,nan,nan,nan,nan,nan,nan,nan,nan,nan,nan,nan,nan,nan,nan,nan,nan,nan,nan,nan,nan,nan,nan,nan,nan,nan,nan,nan,nan,nan,nan,nan,nan,nan,0.23962546179812955
1791004180.1818268,1.2476392904001337,0.29388573273707197,-1.5640977203901676,0.1411448756902605,1.9991797194273202,0.4899369894815151,0.828818870752455,0.0,0.0,-0.7494446780839297,-0.48121408011569133,0.21225126797598176,-0.005245469347479171,0.6419878529500901,0.0,0.0,0.15898829614302543,1.7132270337466624,-0.0032856629258834523,-0.021520687356782,0.0,0.0,0.0,-1.1627205433396655,1.0687390489305144,-0.008656145230872788,-0.22544419182084677,nan,nan,nan,nan,nan,nan,nan,0.0010192853248926841,0.0,0.0,-1.2783948289307916,1.9005089943424354,0.11077679938468352,0.0015767449670812856,nan,nan,nan,nan,nan,nan,nan,nan,nan,nan,nan,nan,nan,nan,0.35330287719171793,0.0,0.0,-0.4050038019350712,0.7451974545232624,0.25290803032092857,-0.018596968455958252,nan,nan,nan,nan,nan,nan,nan,nan,nan,nan,nan,nan,nan,nan,nan,nan,nan,nan,nan,nan,nan,nan,nan,nan,nan,nan,nan,nan,nan,nan,nan,nan,nan,nan,nan,nan,nan,nan,nan,nan,nan,nan,nan,nan,nan,nan,nan,nan,nan,0.2378932807364975
1791004180.2818363,1.2477507906959777,0.2701492067063695,-1.5668008601301555,0.14045931973885778,1.9992577761005978,0.4893317286316276,0.880910798958774,0.0,0.0,-0.7272845521162374,-0.48200162571797295,0.21591932738068462,-0.007655076170825205,0.6419878529500901,0.0,0.0,0.15863744586622486,1.7111767339522022,-0.003078443585940013,-0.017982457563764792,0.0,0.0,0.0,-1.1625503676415498,1.0450236800697446,0.012282712118984617,-0.22841601275883558,nan,nan,nan,nan,nan,nan,nan,0.0010192853248926841,0.0,0.0,-1.2682549209106522,1.9002713083416571,0.10071598407628375,-0.0007803487200431475,nan,nan,nan,nan,nan,nan,nan,nan,nan,nan,nan,nan,nan,nan,0.35330287719171793,0.0,0.0,-0.38093830913326115,0.7454593071889615,0.25640287051505056,-0.005218728474535058,nan,nan,nan,nan,nan,nan,nan,nan,nan,nan,nan,nan,nan,nan,nan,nan,nan,nan,nan,nan,nan,nan,nan,nan,nan,nan,nan,nan,nan,nan,nan,nan,nan,nan,nan,nan,nan,nan,nan,nan,nan,nan,nan,nan,nan,nan,nan,nan,nan,0.23517082062294486
1791004180.3818104,1.24822575773633,0.24542390679264964,-1.5748832341226524,0.1374908144257791,1.9993284080430396,0.48669949505159543,0.8528467491744767,0.0,0.0,-0.7051332371147517,-0.4823820445340828,0.21355545052663388,-0.008473836474434962,0.6419878529500901,0.0,0.0,0.15835232405157273,1.7094450778348969,-0.006313771651750095,-0.020063617940920507,0.0,0.0,0.0,-1.1627533660900593,1.0212651525641834,0.007636802890861523,-0.22711097509910833,nan,nan,nan,nan,nan,nan,nan,0.0010192853248926841,0.0,0.0,-1.2585776114104046,1.9001476070420609,0.08656941373419857,-0.0008391686583044604,nan,nan,nan,nan,nan,nan,nan,nan,nan,nan,nan,nan,nan,nan,0.35330287719171793,0.0,0.0,-0.356927831612428,0.7454665894088743,0.2520241490444891,0.006070223095104551,nan,nan,nan,nan,nan,nan,nan,nan,nan,nan,nan,nan,nan,nan,nan,nan,nan,nan,nan,nan,nan,nan,nan,nan,nan,nan,nan,nan,nan,nan,nan,nan,nan,nan,nan,nan,nan,nan,nan,nan,nan,nan,nan,nan,nan,nan,nan,nan,nan,0.24102745128380662
1791004180.4823048,1.2482208682650824,0.22157633683731112,-1.5770448138120214,0.1411446418752564,1.9993923184674904,0.4899367832212728,0.9296798997021495,0.0,0.0,-0.6832555174305752,-0.48312372019431044,0.2293794722730913,-0.0011829918250038556,0.6419878529500901,0.0,0.0,0.15856949933467435,1.7063725936690297,-0.0016559340457035915,-0.014362758853590457,0.0,0.0,0.0,-1.1629084289689209,0.997536089376739,-0.001435911096707724,-0.2250616646951018,nan,nan,nan,nan,nan,nan,nan,0.0010192853248926841,0.0,0.0,-1.2497213913304195,1.9001015225620852,0.08724230178186107,-0.0034491936745869632,nan,nan,nan,nan,nan,nan,nan,nan,nan,nan,nan,nan,nan,nan,0.35330287719171793,0.0,0.0,-0.33283195679666916,0.7449544026725594,0.23948841909759855,-0.019765320203885727,nan,nan,nan,nan,nan,nan,nan,nan,nan,nan,nan,nan,nan,nan,nan,nan,nan,nan,nan,nan,nan,nan,nan,nan,nan,nan,nan,nan,nan,nan,nan,nan,nan,nan,nan,nan,nan,nan,nan,nan,nan,nan,nan,nan,nan,nan,nan,nan,nan,0.2370499657084993
1791004180.5818112,1.2478419992930998,0.1973287039437174,-1.5758002411759462,0.14238619649441583,1.9994501339875308,0.4910303890746468,1.0136134818770839,0.0,0.0,-0.6608875016406681,-0.48402586486775195,0.24623929046064927,-0.016880686879263675,0.6419878529500901,0.0,0.0,0.1584932566322886,1.7050705612773644,0.0005098679767728897,-0.01095278048357146,0.0,0.0,0.0,-1.1632028273006316,0.9737681658567396,-0.00042535421714320063,-0.23174312287585747,nan,nan,nan,nan,nan,nan,nan,0.0010192853248926841,0.0,0.0,-1.2421503432916956,1.9000241448683637,0.08704616365095523,6.582040349503699e-06,nan,nan,nan,nan,nan,nan,nan,nan,nan,nan,nan,nan,nan,nan,0.35330287719171793,0.0,0.0,-0.3088925141579253,0.7450348812899268,0.24084378252194782,0.0002860276749051334,nan,nan,nan,nan,nan,nan,nan,nan,nan,nan,nan,nan,nan,nan,nan,nan,nan,nan,nan,nan,nan,nan,nan,nan,nan,nan,nan,nan,nan,nan,nan,nan,nan,nan,nan,nan,nan,nan,nan,nan,nan,nan,nan,nan,nan,nan,nan,nan,nan,0.2561887060410956
1791004180.6818051,1.2478408996421244,0.1733396049904475,-1.5777236758080058,0.14465155137726365,1.9995024583263716,0.49301733767718664,0.933714654658282,0.0,0.0,-0.6374771665539791,-0.48455569901496803,0.23313756956462073,-0.004566428562124202,0.6419878529500901,0.0,0.0,0.158442166967249,1.7038906000985992,-0.0034667798078674462,-0.011198266820681785,0.0,0.0,0.0,-1.163582477761158,0.9500483348234076,-0.009765066649738887,-0.2372537147392773,nan,nan,nan,nan,nan,nan,nan,0.0010192853248926841,0.0,0.0,-1.2338294834932217,1.8998417916862662,0.07203062292457191,-0.0021115796971532623,nan,nan,nan,nan,nan,nan,nan,nan,nan,nan,nan,nan,nan,nan,0.35330287719171793,0.0,0.0,-0.28477014982080623,0.7448221354846338,0.2356791511641438,0.0044915102446725225,nan,nan,nan,nan,nan,nan,nan,nan,nan,nan,nan,nan,nan,nan,nan,nan,nan,nan,nan,nan,nan,nan,nan,nan,nan,nan,nan,nan,nan,nan,nan,nan,nan,nan,nan,nan,nan,nan,nan,nan,nan,nan,nan,nan,nan,nan,nan,nan,nan,0.24280830748919707
1791004180.7818136,1.2475997446739215,0.14915105589986308,-1.5781977847703883,0.1453538447541789,1.9995498056765209,0.4936310905981832,0.9162749631254052,0.0,0.0,-0.6134072823147185,-0.48543992374226835,0.2288722171066002,-0.006409229029856137,0.6419878529500901,0.0,0.0,0.15825252695308734,1.7061730155483266,0.00010070162820230335,-0.008078015805154229,0.0,0.0,0.0,-1.1642282696173665,0.9259624742279116,-0.013346478785815819,-0.24605350977516577,nan,nan,nan,nan,nan,nan,nan,0.0010192853248926841,0.0,0.0,-1.2254406271968783,1.8997649431924224,0.08165175789511972,-0.0023714242444576395,nan,nan,nan,nan,nan,nan,nan,nan,nan,nan,nan,nan,nan,nan,0.35330287719171793,0.0,0.0,-0.26057244467676527,0.7444309877107487,0.24055828680650415,-0.01079811777461227,nan,nan,nan,nan,nan,nan,nan,nan,nan,nan,nan,nan,nan,nan,nan,nan,nan,nan,nan,nan,nan,nan,nan,nan,nan,nan,nan,nan,nan,nan,nan,nan,nan,nan,nan,nan,nan,nan,nan,nan,nan,nan,nan,nan,nan,nan,nan,nan,nan,0.24868343265431878
1791004180.8818316,1.2472392117900781,0.12456640544993619,-1.577999496864124,0.14579117368003786,1.9995926466046918,0.49401274842693127,0.9210901227260906,0.0,0.0,-0.5903949035213755,-0.48632357742468757,0.22025511857237726,-0.007453302156313036,0.6419878529500901,0.0,0.0,0.15791901706888145,1.703199548875446,-0.022444216879713777,-0.11933076200753175,0.0,0.0,0.0,-1.1647766372537731,0.9022268600393339,-0.005062809033650471,-0.2517965954642231,nan,nan,nan,nan,nan,nan,nan,0.0010192853248926841,0.0,0.0,-1.218172215816209,1.89974941849905,0.08303645404161697,-0.0012011899810698327,nan,nan,nan,nan,nan,nan,nan,nan,nan,nan,nan,nan,nan,nan,0.35330287719171793,0.0,0.0,-0.23633796106747912,0.7440772217803499,0.2095330730762209,0.007588941865715588,nan,nan,nan,nan,nan,nan,nan,nan,nan,nan,nan,nan,nan,nan,nan,nan,nan,nan,nan,nan,nan,nan,nan,nan,nan,nan,nan,nan,nan,nan,nan,nan,nan,nan,nan,nan,nan,nan,nan,nan,nan,nan,nan,nan,nan,nan,nan,nan,nan,0.2515167297503885
1791004180.9818518,1.247179646678992,0.10029115686380077,-1.5798899462064886,0.14655324008881676,1.99963141140544,0.4946768208225214,0.9470248864858892,0.0,0.0,-0.5675945662100385,-0.48739281983682115,0.2267397826169283,-0.010439092438042885,0.6419878529500901,0.0,0.0,0.15766691934144128,1.698689121029587,0.011332625879507903,-0.1438338353422753,0.0,0.0,0.0,-1.1658803972804497,0.8781734275089224,-0.025449497427329548,-0.24923426537136834,nan,nan,nan,nan,nan,nan,nan,0.0010192853248926841,0.0,0.0,-1.2097311823327876,1.8996404037481163,0.07412598000227637,-0.0015485821169905429,nan,nan,nan,nan,nan,nan,nan,nan,nan,nan,nan,nan,nan,nan,0.35330287719171793,0.0,0.0,-0.21219179732358617,0.743804337148566,0.22589959338684124,0.011223457223570123,nan,nan,nan,nan,nan,nan,nan,nan,nan,nan,nan,nan,nan,nan,nan,nan,nan,nan,nan,nan,nan,nan,nan,nan,nan,nan,nan,nan,nan,nan,nan,nan,nan,nan,nan,nan,nan,nan,nan,nan,nan,nan,nan,nan,nan,nan,nan,nan,nan,0.23547302967899808
1791004181.0800803,1.2469901865218034,0.07566834783790936,-1.5813961572954722,0.14855634688230263,1.9996664412867822,0.49641635985955246,1.0201310671584305,0.0,0.0,-0.5452018301906512,-0.4877087254450025,0.2530895273000464,-0.01753147331958316,0.6419878529500901,0.0,0.0,0.15724633579537659,1.6943843424933598,-0.0158269972918556,-0.04393365517823926,0.0,0.0,0.0,-1.16662383907953,0.8542407417369389,-0.014364033046738512,-0.2462556300088256,nan,nan,nan,nan,nan,nan,nan,0.0010192853248926841,0.0,0.0,-1.2010844727904997,1.8996586899515426,0.09165379177165922,-3.875584105540275e-05,nan,nan,nan,nan,nan,nan,nan,nan,nan,nan,nan,nan,nan,nan,0.35330287719171793,0.0,0.0,-0.18776476778915244,0.7435082821531022,0.23226611887259802,0.005343803985780863,nan,nan,nan,nan,nan,nan,nan,nan,nan,nan,nan,nan,nan,nan,nan,nan,nan,nan,nan,nan,nan,nan,nan,nan,nan,nan,nan,nan,nan,nan,nan,nan,nan,nan,nan,nan,nan,nan,nan,nan,nan,nan,nan,nan,nan,nan,nan,nan,nan,0.25341272161659467
1791004181.1818252,1.2467841510796085,0.05160105268190688,-1.5838180245855695,0.14364269561137416,1.9996981835950693,0.4921338213967304,0.8143897730340774,0.0,0.0,-0.5232291636241575,-0.4887339385080003,0.1974689125065123,-0.01536933492725387,0.6419878529500901,0.0,0.0,0.15696207419144875,1.690049921417701,-0.00622885586797638,-0.04288186334854159,0.0,0.0,0.0,-1.1634069843577737,0.8267730200430229,-0.007793951703062946,-0.2502567211088122,nan,nan,nan,nan,nan,nan,nan,0.0010192853248926841,0.0,0.0,-1.192963735170445,1.8995857772663176,0.09216587135130333,0.0018564700104803963,nan,nan,nan,nan,nan,nan,nan,nan,nan,nan,nan,nan,nan,nan,0.35330287719171793,0.0,0.0,-0.16317008067004013,0.7430453004796347,0.24411852053098276,-0.0057985382189592585,nan,nan,nan,nan,nan,nan,nan,nan,nan,nan,nan,nan,nan,nan,nan,nan,nan,nan,nan,nan,nan,nan,nan,nan,nan,nan,nan,nan,nan,nan,nan,nan,nan,nan,nan,nan,nan,nan,nan,nan,nan,nan,nan,nan,nan,nan,nan,nan,nan,0.3052134725021449
1791004181.2818053,1.246703602076387,0.027880782077573118,-1.5856904906734555,0.14456522710626227,1.999726905223352,0.4929418235440514,0.951242086000886,0.0,0.0,-0.49927520734239383,-0.48966021058350334,0.2368626986980698,-0.010405140910777832,0.6419878529500901,0.0,0.0,0.15651380541815552,1.6866698942740777,-0.0005750690445321996,-0.032151849700834643,0.0,0.0,0.0,-1.1638680579186527,0.8028037749640076,-0.009363235219888681,-0.2481807477882072,nan,nan,nan,nan,nan,nan,nan,0.0010192853248926841,0.0,0.0,-1.182799545592325,1.899450499258739,0.09012625599765825,0.0022364608588317926,nan,nan,nan,nan,nan,nan,nan,nan,nan,nan,nan,nan,nan,nan,0.35330287719171793,0.0,0.0,-0.13877808616906603,0.7428295125452354,0.24657433013658278,-0.005110689263458395,nan,nan,nan,nan,nan,nan,nan,nan,nan,nan,nan,nan,nan,nan,nan,nan,nan,nan,nan,nan,nan,nan,nan,nan,nan,nan,nan,nan,nan,nan,nan,nan,nan,nan,nan,nan,nan,nan,nan,nan,nan,nan,nan,nan,nan,nan,nan,nan,nan,0.25769822906927353
1791004181.3818576,1.2463626589295678,0.003937435195267291,-1.5848404850483322,0.15332365609293122,1.9997528936273374,0.5,1.0089182040617215,0.0,0.0,-0.47738345128853776,-0.4906095381598771,0.27667172311138666,0.004090425484915798,0.6419878529500901,0.0,0.0,0.15598733848370394,1.6835522242094114,-0.006388685805977828,-0.037860985486406366,0.0,0.0,0.0,-1.1643906828277455,0.7788541742182874,-0.006704416930398015,-0.2443527921279776,nan,nan,nan,nan,nan,nan,nan,0.0010192853248926841,0.0,0.0,-1.172323803207648,1.8993926697991297,0.10203183056245672,-0.004262662566017606,nan,nan,nan,nan,nan,nan,nan,nan,nan,nan,nan,nan,nan,nan,0.35330287719171793,0.0,0.0,-0.11440142275209193,0.7423548212246405,0.2474381683035073,0.0029738385643346852,nan,nan,nan,nan,nan,nan,nan,nan,nan,nan,nan,nan,nan,nan,nan,nan,nan,nan,nan,nan,nan,nan,nan,nan,nan,nan,nan,nan,nan,nan,nan,nan,nan,nan,nan,nan,nan,nan,nan,nan,nan,nan,nan,nan,nan,nan,nan,nan,nan,0.25340970020914483
1791004181.480787,1.2457150193283648,-0.020048825151903555,-1.5816180402209719,0.15285962613160214,1.9997763990902768,0.5,0.9291780344853745,0.0,0.0,-0.45376640751681285,-0.4917666581144252,0.22476034647791843,-0.007563429393676469,0.6419878529500901,0.0,0.0,0.15559502419587698,1.68103885813893,-0.0022936756055366376,-0.02401653419556218,0.0,0.0,0.0,-1.166036750782845,0.7555383156121559,-0.02802475515076296,-0.2247223868510398,nan,nan,nan,nan,nan,nan,nan,0.0010192853248926841,0.0,0.0,-1.161872702480117,1.89934575759263,0.12616832566558633,-0.006470569869752655,nan,nan,nan,nan,nan,nan,nan,nan,nan,nan,nan,nan,nan,nan,0.35330287719171793,0.0,0.0,-0.08950381783733723,0.7412712507655752,0.26634823123919715,-0.04843091140527302,nan,nan,nan,nan,nan,nan,nan,nan,nan,nan,nan,nan,nan,nan,nan,nan,nan,nan,nan,nan,nan,nan,nan,nan,nan,nan,nan,nan,nan,nan,nan,nan,nan,nan,nan,nan,nan,nan,nan,nan,nan,nan,nan,nan,nan,nan,nan,nan,nan,0.24711897317699383
1791004181.581788,1.245380075550112,-0.043774168861072556,-1.580716942525219,0.15256319087994646,1.9997976754150184,0.49986974790922467,1.017046999072274,0.0,0.0,-0.4308916520485537,-0.49325576214826244,0.24063065843672674,-0.01730140006997017,0.6419878529500901,0.0,0.0,0.15541601504588673,1.678917819251119,-0.00041235196124655754,-0.020203810345257797,0.0,0.0,0.0,-1.1663873646321836,0.7315902280905808,0.0016919750572385647,-0.23112396962616577,nan,nan,nan,nan,nan,nan,nan,0.0010192853248926841,0.0,0.0,-1.1508895908396506,1.899174437451003,0.12474827529572433,-0.0030393241220346956,nan,nan,nan,nan,nan,nan,nan,nan,nan,nan,nan,nan,nan,nan,0.35330287719171793,0.0,0.0,-0.06570458457440212,0.7408955599002328,0.2559779699254691,-0.022291267453904893,nan,nan,nan,nan,nan,nan,nan,nan,nan,nan,nan,nan,nan,nan,nan,nan,nan,nan,nan,nan,nan,nan,nan,nan,nan,nan,nan,nan,nan,nan,nan,nan,nan,nan,nan,nan,nan,nan,nan,nan,nan,nan,nan,nan,nan,nan,nan,nan,nan,0.23753686205090271
1791004181.6818233,1.244988752394042,-0.06747839659029345,-1.579274105649571,0.14718163871416548,1.99981692914486,0.4952234705845182,0.9710446144105823,0.0,0.0,-0.4084640881243268,-0.4944646459419823,0.2194559455119388,-0.025230296145191636,0.6419878529500901,0.0,0.0,0.15529073246681174,1.677002097967539,-0.000645139019987837,-0.016799866537185945,0.0,0.0,0.0,-1.1669619474171942,0.7078219280833429,-0.018340924308946176,-0.22518011293013862,nan,nan,nan,nan,nan,nan,nan,0.0010192853248926841,0.0,0.0,-1.1387781751437218,1.8990810059188457,0.12040760762476826,-0.0005736095323171538,nan,nan,nan,nan,nan,nan,nan,nan,nan,nan,nan,nan,nan,nan,0.35330287719171793,0.0,0.0,-0.04145671536696385,0.7405905018228397,0.26711495582941147,-0.028004928569282595,nan,nan,nan,nan,nan,nan,nan,nan,nan,nan,nan,nan,nan,nan,nan,nan,nan,nan,nan,nan,nan,nan,nan,nan,nan,nan,nan,nan,nan,nan,nan,nan,nan,nan,nan,nan,nan,nan,nan,nan,nan,nan,nan,nan,nan,nan,nan,nan,nan,0.23570361695909994
1791004181.7818232,1.2447060891132014,-0.09141499355148858,-1.5803020751379329,0.14983162019658966,1.9998343499865745,0.4975192920454307,1.031439612334847,0.0,0.0,-0.38447030488065703,-0.49517349089345747,0.2615264683653922,-0.009926815815485174,0.6419878529500901,0.0,0.0,0.15512871107641774,1.6756205028455076,-0.001908568460186845,-0.012020820450390272,0.0,0.0,0.0,-1.1673787076340723,0.6840684946306427,-0.00955982731498664,-0.2245128049719654,nan,nan,nan,nan,nan,nan,nan,0.0010192853248926841,0.0,0.0,-1.1275175832859143,1.8988839239490845,0.10890046848107254,0.0006937855777615012,nan,nan,nan,nan,nan,nan,nan,nan,nan,nan,nan,nan,nan,nan,0.35330287719171793,0.0,0.0,-0.017719170166957704,0.7405084979215173,0.24260090590581723,0.021840302372471497,nan,nan,nan,nan,nan,nan,nan,nan,nan,nan,nan,nan,nan,nan,nan,nan,nan,nan,nan,nan,nan,nan,nan,nan,nan,nan,nan,nan,nan,nan,nan,nan,nan,nan,nan,nan,nan,nan,nan,nan,nan,nan,nan,nan,nan,nan,nan,nan,nan,0.23514321226217316
1791004181.8818135,1.2442206288606337,-0.11547907089413322,-1.5812074946798513,0.14811854277020556,1.9998501136695053,0.4960369047164481,0.8932999749649643,0.0,0.0,-0.36223341097726497,-0.49602158475108177,0.21281058317776885,-0.0025468913964434006,0.6419878529500901,0.0,0.0,0.15497336842795226,1.6744737148609197,-0.0005926829010532431,-0.009196015289208399,0.0,0.0,0.0,-1.1675846663738596,0.6600578624027724,0.0107514525459293,-0.23214350448454246,nan,nan,nan,nan,nan,nan,nan,0.0010192853248926841,0.0,0.0,-1.1173872665179998,1.8987558584235398,0.0934410107327694,-0.0003538253520245808,nan,nan,nan,nan,nan,nan,nan,nan,nan,nan,nan,nan,nan,nan,0.35330287719171793,0.0,0.0,0.006467849334436277,0.7393903024996579,0.23835570825183428,0.002663127255442983,nan,nan,nan,nan,nan,nan,nan,nan,nan,nan,nan,nan,nan,nan,nan,nan,nan,nan,nan,nan,nan,nan,nan,nan,nan,nan,nan,nan,nan,nan,nan,nan,nan,nan,nan,nan,nan,nan,nan,nan,nan,nan,nan,nan,nan,nan,nan,nan,nan,0.24337476548575376
1791004181.9818323,1.2441482694872905,-0.13931798631999645,-1.5861285185942315,0.14563538688240013,1.9998643772396716,0.49387684016701394,0.8978087229537103,0.0,0.0,-0.33897368287759894,-0.4969221395661166,0.2106865986056305,-0.006783594819684033,0.6419878529500901,0.0,0.0,0.15478130762061199,1.6734894025001155,-0.0013354457678963006,-0.008828355879958987,0.0,0.0,0.0,-1.1682588137857821,0.6360236243060694,-0.007432760078201855,-0.23106896164080248,nan,nan,nan,nan,nan,nan,nan,0.0010192853248926841,0.0,0.0,-1.1087852224779122,1.900355138707666,0.08401731479073882,0.000823128323103694,nan,nan,nan,nan,nan,nan,nan,nan,nan,nan,nan,nan,nan,nan,0.35330287719171793,0.0,0.0,0.031196747318097965,0.738172837896235,0.19508581210172862,0.2619402650502809,nan,nan,nan,nan,nan,nan,nan,nan,nan,nan,nan,nan,nan,nan,nan,nan,nan,nan,nan,nan,nan,nan,nan,nan,nan,nan,nan,nan,nan,nan,nan,nan,nan,nan,nan,nan,nan,nan,nan,nan,nan,nan,nan,nan,nan,nan,nan,nan,nan,0.2433755345347929
1791004182.0818393,1.2440030080852906,-0.16298999791309743,-1.5907583076886802,0.14301288651221478,1.9998772834516771,0.49158115631461746,0.8961583241916786,0.0,0.0,-0.3171381046637517,-0.49758902278659234,0.21016159559473066,-0.00849846180537429,0.6419878529500901,0.0,0.0,0.1545996254006284,1.672475966185741,-0.0021284630900198103,-0.011417694589247664,0.0,0.0,0.0,-1.1688678501475125,0.611586879676392,-0.0038396898180387048,-0.24490814408737954,nan,nan,nan,nan,nan,nan,nan,0.0010192853248926841,0.0,0.0,-1.100345118454319,1.9002960481524889,0.0898366899377919,0.000642156503141908,nan,nan,nan,nan,nan,nan,nan,nan,nan,nan,nan,nan,nan,nan,0.35330287719171793,0.0,0.0,0.05484563528061134,0.7378138843285169,0.20476873005880078,0.04506416383350952,nan,nan,nan,nan,nan,nan,nan,nan,nan,nan,nan,nan,nan,nan,nan,nan,nan,nan,nan,nan,nan,nan,nan,nan,nan,nan,nan,nan,nan,nan,nan,nan,nan,nan,nan,nan,nan,nan,nan,nan,nan,nan,nan,nan,nan,nan,nan,nan,nan,0.2469378007228299
1791004182.181814,1.2437834343616951,-0.18700875537000483,-1.5947803605822055,0.14234443484886153,1.9998889604985295,0.49099365710295445,0.9531072567950281,0.0,0.0,-0.2956346070939276,-0.49833848524460983,0.2389139855140593,-0.008283471053103304,0.6419878529500901,0.0,0.0,0.15435950037946775,1.671140080918719,-0.0012467043104452346,-0.01147077799199164,0.0,0.0,0.0,-1.169493558642979,0.5873315657812234,-0.004408731173284393,-0.2486757903411437,nan,nan,nan,nan,nan,nan,nan,0.0010192853248926841,0.0,0.0,-1.0928670383737689,1.900130032862287,0.0834401826999742,-0.0033545548030146106,nan,nan,nan,nan,nan,nan,nan,nan,nan,nan,nan,nan,nan,nan,0.35330287719171793,0.0,0.0,0.08005124219711716,0.732544569531038,0.31653136907761503,-0.309947167401423,nan,nan,nan,nan,nan,nan,nan,nan,nan,nan,nan,nan,nan,nan,nan,nan,nan,nan,nan,nan,nan,nan,nan,nan,nan,nan,nan,nan,nan,nan,nan,nan,nan,nan,nan,nan,nan,nan,nan,nan,nan,nan,nan,nan,nan,nan,nan,nan,nan,0.24875970121558155
1791004182.281851,1.2437274473867974,-0.21040652617630395,-1.5966022634616155,0.1418069756014269,1.9998995273041564,0.49052059745987875,0.9202057902950024,0.0,0.0,-0.2741566814042182,-0.49864065470904717,0.21256437151067814,-0.0036061707136811083,0.6419878529500901,0.0,0.0,0.1542445073194597,1.6704090944448422,-9.586524192758367e-05,-0.0032375154837410002,0.0,0.0,0.0,-1.1700638806265145,0.5630488180855698,-0.00048137843224711394,-0.24989339652667006,nan,nan,nan,nan,nan,nan,nan,0.0010192853248926841,0.0,0.0,-1.084572364878593,1.900022356971178,0.0676225047250998,-0.0014571615063651076,nan,nan,nan,nan,nan,nan,nan,nan,nan,nan,nan,nan,nan,nan,0.35330287719171793,0.0,0.0,0.10349279770547562,0.7350669790518883,0.2621679719721294,-0.020235706403101284,nan,nan,nan,nan,nan,nan,nan,nan,nan,nan,nan,nan,nan,nan,nan,nan,nan,nan,nan,nan,nan,nan,nan,nan,nan,nan,nan,nan,nan,nan,nan,nan,nan,nan,nan,nan,nan,nan,nan,nan,nan,nan,nan,nan,nan,nan,nan,nan,nan,0.20918749110780796
1791004182.3818402,1.2429542604566144,-0.23560993190883137,-1.5979267058963755,0.13964787567675374,1.9999090883034554,0.4886140425582983,0.8721147694470182,0.0,0.0,-0.25205135855190086,-0.49948179506569423,0.21229318502999428,-0.005733284642913992,0.6419878529500901,0.0,0.0,0.1542207257356435,1.670317889109966,5.078285429270074e-05,-0.0008277098067433501,0.0,0.0,0.0,-1.170488431043212,0.5388477122974316,0.004005044636919626,-0.25502175835387586,nan,nan,nan,nan,nan,nan,nan,0.0010192853248926841,0.0,0.0,-1.0769103084114406,1.899903270108864,0.09174672127544908,-0.00042636202686390065,nan,nan,nan,nan,nan,nan,nan,nan,nan,nan,nan,nan,nan,nan,0.35330287719171793,0.0,0.0,0.12865289848375094,0.730801569803055,0.2701437244384216,-0.014052686293256008,nan,nan,nan,nan,nan,nan,nan,nan,nan,nan,nan,nan,nan,nan,nan,nan,nan,nan,nan,nan,nan,nan,nan,nan,nan,nan,nan,nan,nan,nan,nan,nan,nan,nan,nan,nan,nan,nan,nan,nan,nan,nan,nan,nan,nan,nan,nan,nan,nan,0.24870305609660087
1791004182.4818633,1.2421496558961433,-0.26017670379366653,-1.598887256996241,0.13516164237044798,1.9999177396952024,0.4846212950896215,0.8909223744643431,0.0,0.0,-0.23191203141320682,-0.5005796924884797,0.19571273930282318,-0.020774645552045532,0.6419878529500901,0.0,0.0,0.1541529625986975,1.67004338665411,-0.001037775570181785,-0.002463735527505775,0.0,0.0,0.0,-1.170909948618207,0.514564167987358,0.001853366563201374,-0.24080181838748496,nan,nan,nan,nan,nan,nan,nan,0.0010192853248926841,0.0,0.0,-1.0704043298493038,1.8997189810939237,0.06340040536658986,0.010893937447984134,nan,nan,nan,nan,nan,nan,nan,nan,nan,nan,nan,nan,nan,nan,0.35330287719171793,0.0,0.0,0.1525699839040549,0.7290717635833548,0.2423486643280935,-0.02038741124227996,nan,nan,nan,nan,nan,nan,nan,nan,nan,nan,nan,nan,nan,nan,nan,nan,nan,nan,nan,nan,nan,nan,nan,nan,nan,nan,nan,nan,nan,nan,nan,nan,nan,nan,nan,nan,nan,nan,nan,nan,nan,nan,nan,nan,nan,nan,nan,nan,nan,0.2511145444930237
1791004182.5818667,1.2415184347009818,-0.2844062712352098,-1.6021275209409804,0.13423841540295559,1.9999255677981755,0.48379444126464116,0.8254342995894505,0.0,0.0,-0.2128836771815646,-0.5012117217005624,0.19635323844848113,0.0012920390777227259,0.6419878529500901,0.0,0.0,0.15412426799248058,1.6697485524068494,-0.00040004636162654976,-0.0021743037899310405,0.0,0.0,0.0,-1.1711620693887264,0.48995193553416944,0.0009376135108533621,-0.25581233129438763,nan,nan,nan,nan,nan,nan,nan,0.0010192853248926841,0.0,0.0,-1.061089199830933,1.8968976257694234,0.08000218978190442,-0.004273628056153982,nan,nan,nan,nan,nan,nan,nan,nan,nan,nan,nan,nan,nan,nan,0.35330287719171793,0.0,0.0,0.17656669723604165,0.7275459497634523,0.23486179606533755,-0.030298039717814598,nan,nan,nan,nan,nan,nan,nan,nan,nan,nan,nan,nan,nan,nan,nan,nan,nan,nan,nan,nan,nan,nan,nan,nan,nan,nan,nan,nan,nan,nan,nan,nan,nan,nan,nan,nan,nan,nan,nan,nan,nan,nan,nan,nan,nan,nan,nan,nan,nan,0.2616496987221313
1791004182.6818411,1.2408181991680378,-0.30853110075563306,-1.6071539774030061,0.13211138279785697,1.9999326507542556,0.4818827848098138,0.7895463446242101,0.0,0.0,-0.19604911673079156,-0.5020834304237526,0.171038367716927,-0.004044892338123775,0.6419878529500901,0.0,0.0,0.15409611882512597,1.669477311555241,5.792657585822723e-06,-0.001418194956867703,0.0,0.0,0.0,-1.1711948807321713,0.465339414833317,0.001796097117637387,-0.25659951113186497,nan,nan,nan,nan,nan,nan,nan,0.0010192853248926841,0.0,0.0,-1.0535466256138954,1.8965011661170725,0.19390445525988934,-0.23013638415073762,nan,nan,nan,nan,nan,nan,nan,nan,nan,nan,nan,nan,nan,nan,0.35330287719171793,0.0,0.0,0.20124518516807074,0.724539127926203,0.280086603565573,-0.13468338552305165,nan,nan,nan,nan,nan,nan,nan,nan,nan,nan,nan,nan,nan,nan,nan,nan,nan,nan,nan,nan,nan,nan,nan,nan,nan,nan,nan,nan,nan,nan,nan,nan,nan,nan,nan,nan,nan,nan,nan,nan,nan,nan,nan,nan,nan,nan,nan,nan,nan,0.258033139431092
1791004182.7818596,1.2402271093920385,-0.3327441295624282,-1.6118655676729976,0.13036435577140312,1.9999390597865565,0.480305759246634,0.7540426978826823,0.0,0.0,-0.18139598210631253,-0.5028000442932701,0.16818532149269194,-0.0014524007396820378,0.6419878529500901,0.0,0.0,0.15407011989845149,1.669251215075426,0.0003745360363679348,-0.0019482557290937653,0.0,0.0,0.0,-1.171434366280172,0.4412324139085353,-0.004566705226709678,-0.24484946655285228,nan,nan,nan,nan,nan,nan,nan,0.0010192853248926841,0.0,0.0,-1.0452942222010133,1.8994809665156627,0.1341272397250738,-0.004173349479765034,nan,nan,nan,nan,nan,nan,nan,nan,nan,nan,nan,nan,nan,nan,0.35330287719171793,0.0,0.0,0.22537433760367206,0.7229125518421018,0.23846471147063736,-0.02285229554913456,nan,nan,nan,nan,nan,nan,nan,nan,nan,nan,nan,nan,nan,nan,nan,nan,nan,nan,nan,nan,nan,nan,nan,nan,nan,nan,nan,nan,nan,nan,nan,nan,nan,nan,nan,nan,nan,nan,nan,nan,nan,nan,nan,nan,nan,nan,nan,nan,nan,0.24006611987078608
1791004183.0825622,-1.035084504015281,1.8855188387148973,-1.5885152302128127,0.029525443887210075,1.9999448590146114,0.38092089231305615,0.7540426978826823,0.0,0.0,-0.14516096551565538,-0.5042313578450408,0.08900213360461054,-0.005602517992720142,1.1173479360249077,0.0,0.0,0.15402338122084963,1.668533045126805,-0.0005540531245113897,-0.004322155479568105,1.1651567000421732,0.0,0.0,-1.1708593817982242,0.3689125279061382,-0.0060431687154573425,-0.23927433420794833,nan,nan,nan,nan,nan,nan,nan,1.3092382329496923,0.0,0.0,-0.9979645360761897,1.8964963270336779,0.09860985935494129,0.003252916064049245,nan,nan,nan,nan,nan,nan,nan,nan,nan,nan,nan,nan,nan,nan,0.35330287719171793,0.0,0.0,0.2981410426694611,0.7182749493963207,0.23677776799918895,-0.01319300336579263,nan,nan,nan,nan,nan,nan,nan,nan,nan,nan,nan,nan,nan,nan,nan,nan,nan,nan,nan,nan,nan,nan,nan,nan,nan,nan,nan,nan,nan,nan,nan,nan,nan,nan,nan,nan,nan,nan,nan,nan,nan,nan,nan,nan,nan,nan,nan,nan,nan,0.13235720344342353
1791004183.1825767,1.2611683562079716,-0.39712947941897725,-1.9053860390464434,0.06384328573116704,1.9999501063731477,0.4162275994541879,0.7430852979295253,0.0,0.0,-0.1384116945742197,-0.5049834169839259,0.06555419993177018,0.0011505999726580103,0.04523798263925924,0.0,0.0,0.15396990210165676,1.6678158220254529,-0.0006244052758531725,-0.010730313046485947,0.011027336860161961,0.0,0.0,-1.170696978738118,0.34467874083021594,-0.0021441480330128947,-0.23570044391044465,nan,nan,nan,nan,nan,nan,nan,1.3092382329496923,0.0,0.0,-0.9882851978456696,1.899669008914948,0.08838526206663591,-0.0010743679607742682,nan,nan,nan,nan,nan,nan,nan,nan,nan,nan,nan,nan,nan,nan,0.35330287719171793,0.0,0.0,0.3222346253986361,0.716641612627541,0.23419095317387628,-0.01801958913627378,nan,nan,nan,nan,nan,nan,nan,nan,nan,nan,nan,nan,nan,nan,nan,nan,nan,nan,nan,nan,nan,nan,nan,nan,nan,nan,nan,nan,nan,nan,nan,nan,nan,nan,nan,nan,nan,nan,nan,nan,nan,nan,nan,nan,nan,nan,nan,nan,nan,26.49115324374672
1791004183.2825844,1.2538869034230045,-0.4078594583568214,-1.8727794603978698,-0.025667841270865757,1.9999548535093559,0.32310191011870737,0.8715715118902401,0.0,0.0,-0.13130875659325456,-0.5052669844595831,0.05507681465312803,-0.004833269554557912,0.06342463282081902,0.0,0.0,0.15385893761254998,1.66666000460481,-0.0012280046063893042,-0.009709914789879174,0.9281243722524418,0.0,0.0,-1.1706113330519676,0.32037141929748836,-0.00311137504413926,-0.2400336013828715,nan,nan,nan,nan,nan,nan,nan,1.3092382329496923,0.0,0.0,-0.9785420617875771,1.8999063486596452,0.10102643357368182,-0.002507338106264006,nan,nan,nan,nan,nan,nan,nan,nan,nan,nan,nan,nan,nan,nan,0.35330287719171793,0.0,0.0,0.34620061167099386,0.7150442692091606,0.23801066595333786,-0.010536039606927665,nan,nan,nan,nan,nan,nan,nan,nan,nan,nan,nan,nan,nan,nan,nan,nan,nan,nan,nan,nan,nan,nan,nan,nan,nan,nan,nan,nan,nan,nan,nan,nan,nan,nan,nan,nan,nan,nan,nan,nan,nan,nan,nan,nan,nan,nan,nan,nan,nan,0.19463333462520774
1791004183.3824942,1.2459480544652375,-0.4251235115793885,-1.8389812004776291,-0.1129312575192462,1.9999591493768298,0.23575996502901034,0.7301398378445415,0.0,0.0,-0.12693413829630498,-0.5055933905591481,0.030512187601273034,-0.008252067683643139,0.09206969534687935,0.0,0.0,0.1537977988210915,1.6657597832019075,-0.0007836074808442924,-0.0075693545621797025,1.228188235557558,0.0,0.0,-1.170329180697513,0.2961336978897988,0.002858922311129041,-0.2396699946701577,nan,nan,nan,nan,nan,nan,nan,1.3092382329496923,0.0,0.0,-0.9702128816696141,1.899997396130893,0.07905627463142711,0.0035240783203294417,nan,nan,nan,nan,nan,nan,nan,nan,nan,nan,nan,nan,nan,nan,0.35330287719171793,0.0,0.0,0.3702185668312861,0.7134449615162378,0.2424613221300917,-0.007708008644620609,nan,nan,nan,nan,nan,nan,nan,nan,nan,nan,nan,nan,nan,nan,nan,nan,nan,nan,nan,nan,nan,nan,nan,nan,nan,nan,nan,nan,nan,nan,nan,nan,nan,nan,nan,nan,nan,nan,nan,nan,nan,nan,nan,nan,nan,nan,nan,nan,nan,0.21381881006062295
1791004183.4826412,1.2383493519441506,-0.4427494880622135,-1.8106266992563125,-0.1898204922588232,1.9999630368276038,0.1697627140284437,0.7403371211562465,0.0,0.0,-0.1227447288280812,-0.5057114561820246,0.03434437725598456,-0.0020377345462983336,0.0907116107800827,0.0,0.0,0.1537779732184052,1.6650215982767644,-0.0009152571885587001,-0.007412634276541295,0.9085209887155486,0.0,0.0,-1.1700792716136559,0.2719636062087322,-0.0004440186520960139,-0.24212230598852302,nan,nan,nan,nan,nan,nan,nan,1.3092382329496923,0.0,0.0,-0.9612804881184774,1.8977926455077392,0.06298045197616571,-0.0019096484326309483,nan,nan,nan,nan,nan,nan,nan,nan,nan,nan,nan,nan,nan,nan,0.35330287719171793,0.0,0.0,0.39440093288637523,0.7119398956554507,0.249911324799494,-0.010623095638053661,nan,nan,nan,nan,nan,nan,nan,nan,nan,nan,nan,nan,nan,nan,nan,nan,nan,nan,nan,nan,nan,nan,nan,nan,nan,nan,nan,nan,nan,nan,nan,nan,nan,nan,nan,nan,nan,nan,nan,nan,nan,nan,nan,nan,nan,nan,nan,nan,nan,0.19581863702130903
1791004183.582506,1.2307971723265982,-0.4606082394676649,-1.781145686272491,-0.2618895405470549,1.99996655414173,0.12041808847844297,0.7002430480980759,0.0,0.0,-0.11981648840454463,-0.5057117537695985,0.03239145030280196,-0.0014372237034553492,0.10381356249794138,0.0,0.0,0.153701412875622,1.6639269549053601,-0.0017032423252466777,-0.016210273771774746,1.0638577381262107,0.0,0.0,-1.1698693974533276,0.2479042122451933,0.007323892337879958,-0.2381339547998005,nan,nan,nan,nan,nan,nan,nan,1.3092382329496923,0.0,0.0,-0.9545426272440719,1.9000726829459633,0.0542538334713582,0.016437042470072626,nan,nan,nan,nan,nan,nan,nan,nan,nan,nan,nan,nan,nan,nan,0.35330287719171793,0.0,0.0,0.4184565149313043,0.7101616591651873,0.2501480173810073,-0.01844332563274052,nan,nan,nan,nan,nan,nan,nan,nan,nan,nan,nan,nan,nan,nan,nan,nan,nan,nan,nan,nan,nan,nan,nan,nan,nan,nan,nan,nan,nan,nan,nan,nan,nan,nan,nan,nan,nan,nan,nan,nan,nan,nan,nan,nan,nan,nan,nan,nan,nan,0.19818532327765323
1791004183.6825113,1.2249314412610421,-0.47614332435479684,-1.748677080533621,-0.24103479073630124,1.9999697369359513,0.13341001085205936,0.6752450833584706,0.0,0.0,-0.11731218976391532,-0.5058884226867811,0.04102685164032889,0.006113328240981236,0.15606758564328338,0.0,0.0,0.15356562789551675,1.662767335666085,-0.0008109477615225989,-0.011006091617937174,0.43071925338676803,0.0,0.0,-1.1697954746641681,0.2238301317625474,0.0077137359447883615,-0.228726252400946,nan,nan,nan,nan,nan,nan,nan,1.3092382329496923,0.0,0.0,-0.9483339236546666,1.8999885316110234,0.04901271656463092,0.0075453217324251455,nan,nan,nan,nan,nan,nan,nan,nan,nan,nan,nan,nan,nan,nan,0.35330287719171793,0.0,0.0,0.4425131726861053,0.7085970945525804,0.25687609166942205,-0.012172786812309227,nan,nan,nan,nan,nan,nan,nan,nan,nan,nan,nan,nan,nan,nan,nan,nan,nan,nan,nan,nan,nan,nan,nan,nan,nan,nan,nan,nan,nan,nan,nan,nan,nan,nan,nan,nan,nan,nan,nan,nan,nan,nan,nan,nan,nan,nan,nan,nan,nan,0.18279475301939235
1791004183.782328,1.2198547559150699,-0.4911534770737377,-1.7236970827752824,-0.299984166741015,1.9999726168014778,0.09930384066888516,0.5931911962276025,0.0,0.0,-0.11418289914453132,-0.5057701303251142,0.03005326712497553,0.0001179842953555844,0.15606758564328338,0.0,0.0,0.1532987235309324,1.6618055017063214,-0.0028016284360092144,-0.009112007019116795,0.06737697182733039,0.0,0.0,-1.1697258393507526,0.1994708149525871,0.012366894493221687,-0.25025294651578345,nan,nan,nan,nan,nan,nan,nan,1.3092382329496923,0.0,0.0,-0.942165323900534,1.8980065995966773,0.09434604083376127,-0.16239808744340323,nan,nan,nan,nan,nan,nan,nan,nan,nan,nan,nan,nan,nan,nan,0.35330287719171793,0.0,0.0,0.4666622181105852,0.7069888086512176,0.25003583918299704,-0.016023070638823314,nan,nan,nan,nan,nan,nan,nan,nan,nan,nan,nan,nan,nan,nan,nan,nan,nan,nan,nan,nan,nan,nan,nan,nan,nan,nan,nan,nan,nan,nan,nan,nan,nan,nan,nan,nan,nan,nan,nan,nan,nan,nan,nan,nan,nan,nan,nan,nan,nan,0.14338335107691383
1791004183.882362,1.2153022325679543,-0.5141529708189768,-1.700348311981234,-0.34987925172919393,1.9999752226573493,0.07641708038701736,0.5524634169532335,0.0,0.0,-0.11136661003207829,-0.5059340959499666,0.01571299443433042,-0.006211481595219161,0.15606758564328338,0.0,0.0,0.15312919074930226,1.6609451324612294,-0.009788521309374984,-0.004787270126783152,0.03955833750944618,0.0,0.0,-1.169781416428636,0.17548985497677358,0.009161467074526674,-0.24845237162183365,nan,nan,nan,nan,nan,nan,nan,1.3092382329496923,0.0,0.0,-0.9361320473593074,1.8999852602393033,0.09066249709592002,0.007220253435221073,nan,nan,nan,nan,nan,nan,nan,nan,nan,nan,nan,nan,nan,nan,0.35330287719171793,0.0,0.0,0.4882690365345483,0.7096801846245135,0.1743736899518561,0.006538535805210964,nan,nan,nan,nan,nan,nan,nan,nan,nan,nan,nan,nan,nan,nan,nan,nan,nan,nan,nan,nan,nan,nan,nan,nan,nan,nan,nan,nan,nan,nan,nan,nan,nan,nan,nan,nan,nan,nan,nan,nan,nan,nan,nan,nan,nan,nan,nan,nan,nan,0.12879962885253754
1791004183.9823675,1.2124197201072227,-0.5259453010544951,-1.6873574058744547,-0.39315524551172726,1.9999775803750328,0.060450925320249226,0.5643597823215154,0.0,0.0,-0.10915346366860798,-0.5060102472045511,0.016311374775674535,-0.0013499629947652113,0.15606758564328338,0.0,0.0,0.15308762345821614,1.6600957914711363,-0.00188149115357294,-0.009590451399001216,0.030748510786316487,0.0,0.0,-1.170017155207367,0.15127993002657808,0.0046124176405386835,-0.25062837554479606,nan,nan,nan,nan,nan,nan,nan,1.3092382329496923,0.0,0.0,-0.9238724555015865,1.898007130941502,0.08781691735575073,0.001117679098909882,nan,nan,nan,nan,nan,nan,nan,nan,nan,nan,nan,nan,nan,nan,0.35330287719171793,0.0,0.0,0.5114663302032333,0.7097014566794624,0.22141127428895935,-0.0038198737335004354,nan,nan,nan,nan,nan,nan,nan,nan,nan,nan,nan,nan,nan,nan,nan,nan,nan,nan,nan,nan,nan,nan,nan,nan,nan,nan,nan,nan,nan,nan,nan,nan,nan,nan,nan,nan,nan,nan,nan,nan,nan,nan,nan,nan,nan,nan,nan,nan,nan,0.11875037124002331
1791004184.0823233,1.21092348913538,-0.5345750941516658,-1.6751672856509396,-0.42906034890971867,1.9999797138246653,0.04956473918315985,0.5778485246992991,0.0,0.0,-0.10739705881724376,-0.5060321479125499,0.016379759559203497,-0.0013814632423554583,0.15606758564328338,0.0,0.0,0.15295387069935348,1.659212297769539,-0.0024407518823768527,-0.009367627060936017,0.020653527409342946,0.0,0.0,-1.170308455977437,0.1271405323845121,0.0014437387295185627,-0.2495768927594624,nan,nan,nan,nan,nan,nan,nan,1.3092382329496923,0.0,0.0,-0.9161194142792991,1.8981194507754506,0.09348024171700009,-0.023170465414546967,nan,nan,nan,nan,nan,nan,nan,nan,nan,nan,nan,nan,nan,nan,0.35330287719171793,0.0,0.0,0.5355659530778729,0.7080571976345733,0.23766152457297962,-0.028590576951229983,nan,nan,nan,nan,nan,nan,nan,nan,nan,nan,nan,nan,nan,nan,nan,nan,nan,nan,nan,nan,nan,nan,nan,nan,nan,nan,nan,nan,nan,nan,nan,nan,nan,nan,nan,nan,nan,nan,nan,nan,nan,nan,nan,nan,nan,nan,nan,nan,nan,0.08648616280866593
1791004184.1823003,1.2086825576165197,-0.5450988835988358,-1.6730521480613638,-0.4603265880029834,1.999981644175341,0.04159033469565572,0.5692906707272012,0.0,0.0,-0.10605295987217873,-0.5062096280569472,0.013939381125028566,-0.0024920019219355593,0.15606758564328338,0.0,0.0,0.15281958000080284,1.658528490640818,-0.001274882853284553,-0.00677265107483487,0.017983321468276393,0.0,0.0,-1.1706336401548778,0.10318315386244616,-0.003244640532589363,-0.24685963980823022,nan,nan,nan,nan,nan,nan,nan,1.3092382329496923,0.0,0.0,-0.9087254225767601,1.8981536946176534,0.07943157275883539,0.0035062845068910753,nan,nan,nan,nan,nan,nan,nan,nan,nan,nan,nan,nan,nan,nan,0.35330287719171793,0.0,0.0,0.5605184727135145,0.7052990787834855,0.22918555424830833,-0.0022860842168985415,nan,nan,nan,nan,nan,nan,nan,nan,nan,nan,nan,nan,nan,nan,nan,nan,nan,nan,nan,nan,nan,nan,nan,nan,nan,nan,nan,nan,nan,nan,nan,nan,nan,nan,nan,nan,nan,nan,nan,nan,nan,nan,nan,nan,nan,nan,nan,nan,nan,0.0720838918578985
1791004184.2823024,1.2073565398425181,-0.5518162937336574,-1.6686404446703025,-0.4851776820420265,1.9999833908837472,0.03612646090581746,0.5290428889804019,0.0,0.0,-0.10464424968227569,-0.5062839275187284,0.014619134410035275,-0.0014202343408058452,0.15606758564328338,0.0,0.0,0.15272087279614385,1.657898825255908,-0.0020650176671859082,-0.006556721373740862,0.012462906015576328,0.0,0.0,-1.170996668053427,0.07897191480304312,-0.009738103315449295,-0.2495509299828091,nan,nan,nan,nan,nan,nan,nan,1.3092382329496923,0.0,0.0,-0.9009072607706117,1.8982076497242366,0.07018145901327977,-0.005848658478105248,nan,nan,nan,nan,nan,nan,nan,nan,nan,nan,nan,nan,nan,nan,0.35330287719171793,0.0,0.0,0.5837114139076931,0.7050420115000976,0.16406523415878463,0.0835378777591631,nan,nan,nan,nan,nan,nan,nan,nan,nan,nan,nan,nan,nan,nan,nan,nan,nan,nan,nan,nan,nan,nan,nan,nan,nan,nan,nan,nan,nan,nan,nan,nan,nan,nan,nan,nan,nan,nan,nan,nan,nan,nan,nan,nan,nan,nan,nan,nan,nan,0.05453532072813116
1791004184.3823512,1.2064448437675408,-0.5575965483566099,-1.664319509093181,-0.507608217261109,1.9999849714501297,0.03178397428566627,0.5360497032590076,0.0,0.0,-0.10320604630208789,-0.5063222450446385,0.012987245396378112,-0.0006862919965605353,0.15606758564328338,0.0,0.0,0.15261280628815138,1.6572649618302284,-0.001031714285312354,-0.004874193128240364,0.012391982146222131,0.0,0.0,-1.1714599362213283,0.05478968380875452,-0.013963884097135804,-0.24575476537058696,nan,nan,nan,nan,nan,nan,nan,1.3092382329496923,0.0,0.0,-0.8938210474093787,1.898526026146853,0.07571905071176223,7.334702221264587e-05,nan,nan,nan,nan,nan,nan,nan,nan,nan,nan,nan,nan,nan,nan,0.35330287719171793,0.0,0.0,0.608064310508097,0.7034154859110323,0.2523600186646259,-0.01521922321950854,nan,nan,nan,nan,nan,nan,nan,nan,nan,nan,nan,nan,nan,nan,nan,nan,nan,nan,nan,nan,nan,nan,nan,nan,nan,nan,nan,nan,nan,nan,nan,nan,nan,nan,nan,nan,nan,nan,nan,nan,nan,nan,nan,nan,nan,nan,nan,nan,nan,0.04712629208260429
1791004184.482223,1.2055235726962328,-0.5619179677790972,-1.661056394179397,-0.4333076543150207,1.9999864016057376,0.048403835864507125,0.5822430713726942,0.0,0.0,-0.10142547879491486,-0.5063457579425449,0.029181445632808483,0.0016895723620384373,0.15606758564328338,0.0,0.0,0.1526041767258388,1.6567533536420667,-8.961288951728848e-05,-0.00422508770132978,0.012391982146222131,0.0,0.0,-1.1719864855237048,0.030712085686960957,-0.01336787115339331,-0.240628337321806,nan,nan,nan,nan,nan,nan,nan,1.3092382329496923,0.0,0.0,-0.8871595552431379,1.898390431424045,0.06419111596444398,0.0012998173316166699,nan,nan,nan,nan,nan,nan,nan,nan,nan,nan,nan,nan,nan,nan,0.35330287719171793,0.0,0.0,0.633320632905972,0.7000056714668837,0.2553669812406845,0.001624662101228894,nan,nan,nan,nan,nan,nan,nan,nan,nan,nan,nan,nan,nan,nan,nan,nan,nan,nan,nan,nan,nan,nan,nan,nan,nan,nan,nan,nan,nan,nan,nan,nan,nan,nan,nan,nan,nan,nan,nan,nan,nan,nan,nan,nan,nan,nan,nan,nan,nan,0.04015277191614282
1791004184.5816612,1.2048234779365286,-0.5660540056193891,-1.6579354748205506,-0.36605168359918877,1.999987694476521,0.07005763304928225,0.5867520840842126,0.0,0.0,-0.0997782432801484,-0.5063965815916917,0.026768129554190126,0.0029734668914148422,0.15606758564328338,0.0,0.0,0.15251703785703244,1.656324218732042,-0.0015244358267177574,-0.00337719931845647,0.012391982146222131,0.0,0.0,-1.1725620276179078,0.006608069536278245,-0.015604808225911385,-0.22530788772406282,nan,nan,nan,nan,nan,nan,nan,1.3092382329496923,0.0,0.0,-0.8804602597899165,1.8986567720913987,0.05434213698593723,0.0030369679270957723,nan,nan,nan,nan,nan,nan,nan,nan,nan,nan,nan,nan,nan,nan,0.35330287719171793,0.0,0.0,0.6572369041044788,0.6980483895465811,0.23837081368926072,-0.0107701888065798,nan,nan,nan,nan,nan,nan,nan,nan,nan,nan,nan,nan,nan,nan,nan,nan,nan,nan,nan,nan,nan,nan,nan,nan,nan,nan,nan,nan,nan,nan,nan,nan,nan,nan,nan,nan,nan,nan,nan,nan,nan,nan,nan,nan,nan,nan,nan,nan,nan,0.039792227697877276
1791004184.682132,1.2040608128905146,-0.5703625840284084,-1.6550119993757797,-0.3050295999008824,1.999988865501907,0.09675198217256151,0.6025123718551929,0.0,0.0,-0.09726663068946304,-0.5064424639504119,0.026382850727516803,-0.0003944642455074674,0.15606758564328338,0.0,0.0,0.15247224316262414,1.655891653236707,-0.0009225011095827125,-0.0042840244105848205,0.012391982146222131,0.0,0.0,-1.1732277618759848,-0.017561983894907325,-0.01207386978681156,-0.233213029332824,nan,nan,nan,nan,nan,nan,nan,1.3092382329496923,0.0,0.0,-0.8747452679879416,1.8984981142952964,0.07286477248980135,-0.011117115370611589,nan,nan,nan,nan,nan,nan,nan,nan,nan,nan,nan,nan,nan,nan,0.35330287719171793,0.0,0.0,0.6811466448643845,0.6960965233517175,0.2482542457760434,-0.017488225441268872,nan,nan,nan,nan,nan,nan,nan,nan,nan,nan,nan,nan,nan,nan,nan,nan,nan,nan,nan,nan,nan,nan,nan,nan,nan,nan,nan,nan,nan,nan,nan,nan,nan,nan,nan,nan,nan,nan,nan,nan,nan,nan,nan,nan,nan,nan,nan,nan,nan,0.05285509817673342
1791004184.7821903,1.2033859163196272,-0.5744742747471326,-1.6509959128750646,-0.24984227503604964,1.9999899250894935,0.12779669765825785,0.64175337932775,0.0,0.0,-0.09478162636350179,-0.5065749531018339,0.03433037341357495,0.0016550635450107492,0.15606758564328338,0.0,0.0,0.15242973303870205,1.6552972638313301,-0.00020350905485817924,-0.004189450115603441,0.012391982146222131,0.0,0.0,-1.1739223852130696,-0.041695235637492827,-0.008703784017504792,-0.23034946872222883,nan,nan,nan,nan,nan,nan,nan,1.3092382329496923,0.0,0.0,-0.8689767181733565,1.899066577056257,0.0671228589613676,0.009557163533918701,nan,nan,nan,nan,nan,nan,nan,nan,nan,nan,nan,nan,nan,nan,0.35330287719171793,0.0,0.0,0.7055778827674669,0.6942100737843728,0.2655835812520658,-0.010740939289600217,nan,nan,nan,nan,nan,nan,nan,nan,nan,nan,nan,nan,nan,nan,nan,nan,nan,nan,nan,nan,nan,nan,nan,nan,nan,nan,nan,nan,nan,nan,nan,nan,nan,nan,nan,nan,nan,nan,nan,nan,nan,nan,nan,nan,nan,nan,nan,nan,nan,0.05926013620500806
1791004184.8821452,1.2022121564151116,-0.5808382259228894,-1.6462562169904627,-0.2000752889585564,1.9999908837272198,0.1619764057282475,0.5974096180406063,0.0,0.0,-0.09263055367302313,-0.5067456752329613,0.023274242919696157,-0.001273679809378786,0.15606758564328338,0.0,0.0,0.1524193629571386,1.654988855405187,-0.00043916235387207324,-0.004189890975364156,0.012391982146222131,0.0,0.0,-1.1743021667426508,-0.06593309473862734,-0.0019296595993188916,-0.23402075218330498,nan,nan,nan,nan,nan,nan,nan,1.3092382329496923,0.0,0.0,-0.862509446404885,1.898840872689554,0.054634041815951134,0.005684416609057693,nan,nan,nan,nan,nan,nan,nan,nan,nan,nan,nan,nan,nan,nan,0.35330287719171793,0.0,0.0,0.7290350149567046,0.6921588325144976,0.25783013194396237,-0.01913365893344976,nan,nan,nan,nan,nan,nan,nan,nan,nan,nan,nan,nan,nan,nan,nan,nan,nan,nan,nan,nan,nan,nan,nan,nan,nan,nan,nan,nan,nan,nan,nan,nan,nan,nan,nan,nan,nan,nan,nan,nan,nan,nan,nan,nan,nan,nan,nan,nan,nan,0.0759583049889634
1791004184.9822392,1.2010477781495372,-0.5885987070931253,-1.6402473594423181,-0.15150747637744824,1.9999917512552747,0.20103672998280686,0.6495428500674794,0.0,0.0,-0.08953940402011173,-0.5065575991919543,0.04009007438661383,0.01681530745008785,0.15606758564328338,0.0,0.0,0.15237506387095842,1.6545427543611042,-0.0002197936969009436,-0.004787860520809658,0.012391982146222131,0.0,0.0,-1.1747334717529132,-0.09026622976710516,-0.002515004817695524,-0.24248646720978306,nan,nan,nan,nan,nan,nan,nan,1.3092382329496923,0.0,0.0,-0.8563339910996178,1.8988077890345807,0.05340073178898274,0.0028237956150147696,nan,nan,nan,nan,nan,nan,nan,nan,nan,nan,nan,nan,nan,nan,0.35330287719171793,0.0,0.0,0.7527673073852515,0.6902423911287092,0.2592487438400202,-0.028354159863850925,nan,nan,nan,nan,nan,nan,nan,nan,nan,nan,nan,nan,nan,nan,nan,nan,nan,nan,nan,nan,nan,nan,nan,nan,nan,nan,nan,nan,nan,nan,nan,nan,nan,nan,nan,nan,nan,nan,nan,nan,nan,nan,nan,nan,nan,nan,nan,nan,nan,0.08810757463728694
1791004185.0821784,1.19965045209083,-0.5983493529502937,-1.631772449864654,-0.11031132313990141,1.999992536110035,0.2382240909384981,0.5344730966839223,0.0,0.0,-0.08759445178078668,-0.5063377824915558,0.014344840121017749,0.04904953116174284,0.15606758564328338,0.0,0.0,0.1523428243663933,1.6541937016489332,-0.00034407912042070814,-0.0034706708376537722,0.012391982146222131,0.0,0.0,-1.1750705320143011,-0.11446737150765707,0.003378959190621148,-0.24093106041275522,nan,nan,nan,nan,nan,nan,nan,1.3092382329496923,0.0,0.0,-0.8512115185921874,1.8986246428908193,0.02665380907219457,0.004331722853167838,nan,nan,nan,nan,nan,nan,nan,nan,nan,nan,nan,nan,nan,nan,0.35330287719171793,0.0,0.0,0.7774006416315596,0.6878921103191411,0.2555377314448042,-0.03265232603318556,nan,nan,nan,nan,nan,nan,nan,nan,nan,nan,nan,nan,nan,nan,nan,nan,nan,nan,nan,nan,nan,nan,nan,nan,nan,nan,nan,nan,nan,nan,nan,nan,nan,nan,nan,nan,nan,nan,nan,nan,nan,nan,nan,nan,nan,nan,nan,nan,nan,0.1133963953563912
1791004185.18218,1.1979085963494096,-0.609759551758595,-1.622400885005466,-0.07834858515090123,1.9999932463930747,0.26921620910344585,0.6008540066912922,0.0,0.0,-0.08396378149595597,-0.5065156124083178,0.04758030588337357,-0.002061332469628233,0.15606758564328338,0.0,0.0,0.1523200021415903,1.6538704262339436,-0.0005335338769656651,-0.003918703420980505,0.012391982146222131,0.0,0.0,-1.1751680043554618,-0.13856103968120942,0.0060251393091372025,-0.24067440819913116,nan,nan,nan,nan,nan,nan,nan,1.3092382329496923,0.0,0.0,-0.846223106834962,1.8987418737528812,0.03462951455735508,0.0009364249484861892,nan,nan,nan,nan,nan,nan,nan,nan,nan,nan,nan,nan,nan,nan,0.35330287719171793,0.0,0.0,0.8019318980957462,0.6856155593763114,0.24639518761203127,-0.03483942152146086,nan,nan,nan,nan,nan,nan,nan,nan,nan,nan,nan,nan,nan,nan,nan,nan,nan,nan,nan,nan,nan,nan,nan,nan,nan,nan,nan,nan,nan,nan,nan,nan,nan,nan,nan,nan,nan,nan,nan,nan,nan,nan,nan,nan,nan,nan,nan,nan,nan,0.1390295519465772
1791004185.2822676,1.1960209049402504,-0.6243957082103352,-1.6122379100610844,-0.047945017251103075,1.9999938890837465,0.3000020518209248,0.5631894234080892,0.0,0.0,-0.07978898044525135,-0.5067406712976399,0.03524366887600227,-0.0016037736924114506,0.15606758564328338,0.0,0.0,0.1522518349225603,1.6535205506286765,-0.0004452498754366314,-0.003219129461766668,0.012391982146222131,0.0,0.0,-1.1751770208618244,-0.161896598112004,0.006248380036617564,-0.2381218099615046,nan,nan,nan,nan,nan,nan,nan,1.3092382329496923,0.0,0.0,-0.8426450592241473,1.8988235729436513,0.03773169017912772,-0.0006002806290140109,nan,nan,nan,nan,nan,nan,nan,nan,nan,nan,nan,nan,nan,nan,0.35330287719171793,0.0,0.0,0.8264829696701668,0.6815373146149915,0.23806108844285873,-0.022188742929143166,nan,nan,nan,nan,nan,nan,nan,nan,nan,nan,nan,nan,nan,nan,nan,nan,nan,nan,nan,nan,nan,nan,nan,nan,nan,nan,nan,nan,nan,nan,nan,nan,nan,nan,nan,nan,nan,nan,nan,nan,nan,nan,nan,nan,nan,nan,nan,nan,nan,0.1722144934529102
1791004185.3821642,1.194111025142087,-0.6415602984804898,-1.6025002750210848,-0.020036422870775575,1.9999944702917705,0.32898705734886385,0.5558430401913236,0.0,0.0,-0.07627573245579677,-0.5069110983062848,0.03123016510785361,-0.0036106759380770217,0.15606758564328338,0.0,0.0,0.15220290437229048,1.6531846977877893,-0.0006448104375364598,-0.004188669469559518,0.012391982146222131,0.0,0.0,-1.1753739866511301,-0.18580489059226146,0.0074995803920385245,-0.2455849454185038,nan,nan,nan,nan,nan,nan,nan,1.3092382329496923,0.0,0.0,-0.838772356125015,1.8986637508915014,0.04206125342654887,-0.0004508748569835672,nan,nan,nan,nan,nan,nan,nan,nan,nan,nan,nan,nan,nan,nan,0.35330287719171793,0.0,0.0,0.850257671895723,0.6794388219434904,0.2420378354074373,-0.016727118559803928,nan,nan,nan,nan,nan,nan,nan,nan,nan,nan,nan,nan,nan,nan,nan,nan,nan,nan,nan,nan,nan,nan,nan,nan,nan,nan,nan,nan,nan,nan,nan,nan,nan,nan,nan,nan,nan,nan,nan,nan,nan,nan,nan,nan,nan,nan,nan,nan,nan,0.18221589960258092
1791004185.4822032,1.192121864730497,-0.6612141193879653,-1.5939847315406617,0.0020518810126026518,1.999994996513082,0.3521544478512311,0.5676009107915537,0.0,0.0,-0.07298647079206466,-0.5069571443567154,0.05252839744843795,0.008434119158983216,0.15606758564328338,0.0,0.0,0.15208734317649203,1.6528719837418442,-0.00014930043767014107,-0.0036478099878452736,0.012391982146222131,0.0,0.0,-1.1754854233471261,-0.2095256701125602,0.0009383536979159384,-0.23426162661597957,nan,nan,nan,nan,nan,nan,nan,1.3092382329496923,0.0,0.0,-0.8346239282942003,1.8988550862016307,0.06526191791632499,-0.006009312257633596,nan,nan,nan,nan,nan,nan,nan,nan,nan,nan,nan,nan,nan,nan,0.35330287719171793,0.0,0.0,0.8737948505551455,0.6778548561749081,0.2304598284004356,-0.008395708470359534,nan,nan,nan,nan,nan,nan,nan,nan,nan,nan,nan,nan,nan,nan,nan,nan,nan,nan,nan,nan,nan,nan,nan,nan,nan,nan,nan,nan,nan,nan,nan,nan,nan,nan,nan,nan,nan,nan,nan,nan,nan,nan,nan,nan,nan,nan,nan,nan,nan,0.20510590489025066
1791004185.5821881,1.1902418347379635,-0.6830649632376148,-1.5838873376280238,0.02499081953816004,1.9999954726578153,0.3761913062553484,0.5480265181379477,0.0,0.0,-0.07031892526820771,-0.5072871245238855,0.02625225704422029,-0.0020071523400778495,0.15606758564328338,0.0,0.0,0.15216736431549027,1.6524794220573358,0.0006549600598566409,-0.003765012672917531,0.012391982146222131,0.0,0.0,-1.1756445210966098,-0.23363806774123574,-0.01171989738911668,-0.25097452611769017,nan,nan,nan,nan,nan,nan,nan,1.3092382329496923,0.0,0.0,-0.8297107040221836,1.8989613018871034,0.05617052306318251,-0.0015679694959986454,nan,nan,nan,nan,nan,nan,nan,nan,nan,nan,nan,nan,nan,nan,0.35330287719171793,0.0,0.0,0.8975822676327321,0.6763886888489175,0.2282436330858415,-0.00968234297704053,nan,nan,nan,nan,nan,nan,nan,nan,nan,nan,nan,nan,nan,nan,nan,nan,nan,nan,nan,nan,nan,nan,nan,nan,nan,nan,nan,nan,nan,nan,nan,nan,nan,nan,nan,nan,nan,nan,nan,nan,nan,nan,nan,nan,nan,nan,nan,nan,nan,0.22996678792234684
1791004185.682195,1.1888523205214947,-0.7063760279565995,-1.5802759804791224,0.04560936990135463,1.9999959034779005,0.39759319625772266,0.547316428623986,0.0,0.0,-0.0670420539621816,-0.5074179701625586,0.02435041963837918,-0.00078160690907706,0.15606758564328338,0.0,0.0,0.152144227145571,1.6520794935181828,0.0005249496636941693,-0.003734307694489147,0.012391982146222131,0.0,0.0,-1.1757634333645384,-0.257451834899347,-0.01127598481916573,-0.2429892496897083,nan,nan,nan,nan,nan,nan,nan,1.3092382329496923,0.0,0.0,-0.8238111120526712,1.898745954670248,0.0528962383404743,0.0011477871018441476,nan,nan,nan,nan,nan,nan,nan,nan,nan,nan,nan,nan,nan,nan,0.35330287719171793,0.0,0.0,0.9212793919531314,0.6751022753823763,0.2226738060318452,-0.0035870914396907783,nan,nan,nan,nan,nan,nan,nan,nan,nan,nan,nan,nan,nan,nan,nan,nan,nan,nan,nan,nan,nan,nan,nan,nan,nan,nan,nan,nan,nan,nan,nan,nan,nan,nan,nan,nan,nan,nan,nan,nan,nan,nan,nan,nan,nan,nan,nan,nan,nan,0.24633990276862444
1791004185.782214,1.188351421895563,-0.7306710647930055,-1.5818188839909295,0.06399000842899512,1.9999962932908606,0.41637612985190464,0.5466311622569279,0.0,0.0,-0.0644570803379673,-0.5074666555522652,0.02571779016131237,-0.001717313320252655,0.15606758564328338,0.0,0.0,0.15210971447474492,1.6517122764416636,-0.00025931945067458927,-0.0037218989199126603,0.012391982146222131,0.0,0.0,-1.1758699424251924,-0.28139883370423147,-0.006548427273287102,-0.23231476840290038,nan,nan,nan,nan,nan,nan,nan,1.3092382329496923,0.0,0.0,-0.8183406865983703,1.8990050913690923,0.05617854484136274,0.002723820164507104,nan,nan,nan,nan,nan,nan,nan,nan,nan,nan,nan,nan,nan,nan,0.35330287719171793,0.0,0.0,0.94509555895261,0.6738148035245626,0.23430661435396963,-0.022357341634592784,nan,nan,nan,nan,nan,nan,nan,nan,nan,nan,nan,nan,nan,nan,nan,nan,nan,nan,nan,nan,nan,nan,nan,nan,nan,nan,nan,nan,nan,nan,nan,nan,nan,nan,nan,nan,nan,nan,nan,nan,nan,nan,nan,nan,nan,nan,nan,nan,nan,0.2577307136248519
1791004185.8821793,1.187814982548343,-0.7548982896941617,-1.5849052270120214,0.07998768929538648,1.9999966459764935,0.43241130285906104,0.5453260527630781,0.0,0.0,-0.061688074940709076,-0.5076310931037415,0.03039610343950469,-0.0010607758557082936,0.15606758564328338,0.0,0.0,0.15208275948801261,1.651376747094795,-0.0006165934168122372,-0.0031285725015007797,0.012391982146222131,0.0,0.0,-1.1757023234798332,-0.3052929130490841,0.012388601763119634,-0.21808720989004826,nan,nan,nan,nan,nan,nan,nan,1.3092382329496923,0.0,0.0,-0.8134765163573775,1.8991401929076548,0.0452043870319114,0.0090096596400243,nan,nan,nan,nan,nan,nan,nan,nan,nan,nan,nan,nan,nan,nan,0.35330287719171793,0.0,0.0,0.9687652902370754,0.6730561095759598,0.23913579705471413,-0.027515869937917485,nan,nan,nan,nan,nan,nan,nan,nan,nan,nan,nan,nan,nan,nan,nan,nan,nan,nan,nan,nan,nan,nan,nan,nan,nan,nan,nan,nan,nan,nan,nan,nan,nan,nan,nan,nan,nan,nan,nan,nan,nan,nan,nan,nan,nan,nan,nan,nan,nan,0.24788373006743947
1791004185.9818907,1.1872055303129923,-0.7794229041499809,-1.5864198704850185,0.09353795618663135,1.9999969651540292,0.4457155971400006,0.5484919217479438,0.0,0.0,-0.05855396570487604,-0.5078583232196905,0.02551984268630027,-0.0030845080064685576,0.15606758564328338,0.0,0.0,0.15206013042090794,1.6509745320767926,-0.000797431884840531,-0.004683225627749427,0.012391982146222131,0.0,0.0,-1.1757491069980042,-0.3292529244613012,-0.0007488847376858692,-0.23142284829142942,nan,nan,nan,nan,nan,nan,nan,1.3092382329496923,0.0,0.0,-0.8078824245949652,1.8989652901103597,0.06832246675937757,-0.003694769961628534,nan,nan,nan,nan,nan,nan,nan,nan,nan,nan,nan,nan,nan,nan,0.35330287719171793,0.0,0.0,0.9917933704124177,0.6745379694526061,0.23445524269369533,-0.01205728193317239,nan,nan,nan,nan,nan,nan,nan,nan,nan,nan,nan,nan,nan,nan,nan,nan,nan,nan,nan,nan,nan,nan,nan,nan,nan,nan,nan,nan,nan,nan,nan,nan,nan,nan,nan,nan,nan,nan,nan,nan,nan,nan,nan,nan,nan,nan,nan,nan,nan,0.25385856414658126
1791004186.0801072,1.1863764091375908,-0.8029213231005293,-1.5842431621882949,0.10523040463415952,1.9999972535736115,0.45696200016947347,0.5453394354863159,0.0,0.0,-0.05506178384711015,-0.5079619689212191,0.03329594671034064,0.0016670611359281028,0.15606758564328338,0.0,0.0,0.15202190000029858,1.650598733501521,0.0008662735840610186,-0.0033103850126145174,0.012391982146222131,0.0,0.0,-1.1758283974684371,-0.35294489175524574,-0.0009283444283053363,-0.23852767346396253,nan,nan,nan,nan,nan,nan,nan,1.3092382329496923,0.0,0.0,-0.8026860810496997,1.8989738072198998,0.06019185878644495,-0.005162752049729948,nan,nan,nan,nan,nan,nan,nan,nan,nan,nan,nan,nan,nan,nan,0.35330287719171793,0.0,0.0,1.0153758226203788,0.6734465824030773,0.24435236943208627,-0.020211954705845848,nan,nan,nan,nan,nan,nan,nan,nan,nan,nan,nan,nan,nan,nan,nan,nan,nan,nan,nan,nan,nan,nan,nan,nan,nan,nan,nan,nan,nan,nan,nan,nan,nan,nan,nan,nan,nan,nan,nan,nan,nan,nan,nan,nan,nan,nan,nan,nan,nan,0.2327078152877861
1791004186.1817884,1.185295177020037,-0.8265210353690395,-1.5796273120129607,0.1147161426166751,1.999997514930637,0.4659115627522715,0.5448341800123997,0.0,0.0,-0.052058935230735306,-0.5080568014471895,0.030593673950055203,-0.0007180110815254634,0.15606758564328338,0.0,0.0,0.15194555318122674,1.6501174106738477,-0.0015606623907097358,-0.004909033873171681,0.012391982146222131,0.0,0.0,-1.1759135168804615,-0.3767645489744869,0.0015727643648179325,-0.240043805832865,nan,nan,nan,nan,nan,nan,nan,1.3092382329496923,0.0,0.0,-0.7965648779689131,1.8989990481460155,0.06228344149423816,0.004334035573196617,nan,nan,nan,nan,nan,nan,nan,nan,nan,nan,nan,nan,nan,nan,0.35330287719171793,0.0,0.0,1.040045106852322,0.670402495276223,0.2680973387843949,-0.029527297884560832,nan,nan,nan,nan,nan,nan,nan,nan,nan,nan,nan,nan,nan,nan,nan,nan,nan,nan,nan,nan,nan,nan,nan,nan,nan,nan,nan,nan,nan,nan,nan,nan,nan,nan,nan,nan,nan,nan,nan,nan,nan,nan,nan,nan,nan,nan,nan,nan,nan,0.2317511109532515
1791004186.2818623,1.1840487999064526,-0.850265180376123,-1.5747581673003885,0.12198867172225997,1.9999977514162532,0.47266037004866224,0.5410708320613268,0.0,0.0,-0.04796806637658067,-0.5082944616009094,0.043333592305520106,-0.0028805346651287374,0.15606758564328338,0.0,0.0,0.15185709861091493,1.6494850066118398,-0.002887150735335745,-0.015411829566880498,0.012391982146222131,0.0,0.0,-1.1761513611861762,-0.4004029123057189,0.0015950177607643263,-0.24512534838396008,nan,nan,nan,nan,nan,nan,nan,1.3092382329496923,0.0,0.0,-0.7908214220531973,1.8992012145843946,0.05323060423116277,-0.003181658958625314,nan,nan,nan,nan,nan,nan,nan,nan,nan,nan,nan,nan,nan,nan,0.35330287719171793,0.0,0.0,1.0637012878454766,0.6694131962695486,0.2644448343792347,-0.05302395665328058,nan,nan,nan,nan,nan,nan,nan,nan,nan,nan,nan,nan,nan,nan,nan,nan,nan,nan,nan,nan,nan,nan,nan,nan,nan,nan,nan,nan,nan,nan,nan,nan,nan,nan,nan,nan,nan,nan,nan,nan,nan,nan,nan,nan,nan,nan,nan,nan,nan,0.23101749084183135
1791004186.3818493,1.1832346099542503,-0.8740308214558636,-1.5709906030402683,0.1273392851097352,1.9999979653972877,0.47756050177744097,0.54569187112958,0.0,0.0,-0.04384619311041174,-0.5084997449179135,0.03398773747750276,-0.0002661995419486874,0.15606758564328338,0.0,0.0,0.15196955637939022,1.6515500650999453,0.0029768519980191413,0.041571171058113233,0.012391982146222131,0.0,0.0,-1.1763750280393885,-0.4238444051424657,-0.0003050716109490989,-0.24594751983248242,nan,nan,nan,nan,nan,nan,nan,1.3092382329496923,0.0,0.0,-0.7854489808097952,1.899116215699081,0.045056637618940805,0.00734166586651407,nan,nan,nan,nan,nan,nan,nan,nan,nan,nan,nan,nan,nan,nan,0.35330287719171793,0.0,0.0,1.0874530510464697,0.668450315703704,0.25832293704940595,-0.01566039006533455,nan,nan,nan,nan,nan,nan,nan,nan,nan,nan,nan,nan,nan,nan,nan,nan,nan,nan,nan,nan,nan,nan,nan,nan,nan,nan,nan,nan,nan,nan,nan,nan,nan,nan,nan,nan,nan,nan,nan,nan,nan,nan,nan,nan,nan,nan,nan,nan,nan,0.22914831226561125
1791004186.4818783,1.1823721610604891,-0.8977356887791149,-1.5654588749913287,0.130730901568007,1.9999981590153344,0.4806371496919435,0.5411731858441545,0.0,0.0,-0.039223513227023485,-0.5085565896113564,0.04258219244409613,-0.0032308678599092112,0.15606758564328338,0.0,0.0,0.1518296706958655,1.6508201604052017,-0.00040932293915286804,-0.005879218700330595,0.012391982146222131,0.0,0.0,-1.1766799769961587,-0.44719399070534577,-0.005044902798294646,-0.2453915473527492,nan,nan,nan,nan,nan,nan,nan,1.3092382329496923,0.0,0.0,-0.7801916191910366,1.8992678912621745,0.05217916249313363,-0.0006457343284569112,nan,nan,nan,nan,nan,nan,nan,nan,nan,nan,nan,nan,nan,nan,0.35330287719171793,0.0,0.0,1.1109903608019118,0.6675926861674841,0.22974017635360466,-0.032563764039346126,nan,nan,nan,nan,nan,nan,nan,nan,nan,nan,nan,nan,nan,nan,nan,nan,nan,nan,nan,nan,nan,nan,nan,nan,nan,nan,nan,nan,nan,nan,nan,nan,nan,nan,nan,nan,nan,nan,nan,nan,nan,nan,nan,nan,nan,nan,nan,nan,nan,0.22983025397494233
1791004186.5818417,1.1817298883066885,-0.9218227070966194,-1.5611676426814645,0.13228626911248828,1.9999983341956078,0.4820403116285665,0.5404671502754496,0.0,0.0,-0.03425025885598646,-0.5089941109287371,0.04793662576657841,-0.010543036554042965,0.15606758564328338,0.0,0.0,0.15175069636170857,1.6503647055565465,-0.0013073853309957854,-0.004568810113820969,0.012391982146222131,0.0,0.0,-1.1770150224882798,-0.47072018360169143,-0.003791978399237314,-0.24026919500581545,nan,nan,nan,nan,nan,nan,nan,1.3092382329496923,0.0,0.0,-0.775431239927636,1.89896389565923,0.054394283917143786,-0.0028407115094070375,nan,nan,nan,nan,nan,nan,nan,nan,nan,nan,nan,nan,nan,nan,0.35330287719171793,0.0,0.0,1.1349500218949318,0.6669795434836173,0.23893170821069934,-0.03320713059951873,nan,nan,nan,nan,nan,nan,nan,nan,nan,nan,nan,nan,nan,nan,nan,nan,nan,nan,nan,nan,nan,nan,nan,nan,nan,nan,nan,nan,nan,nan,nan,nan,nan,nan,nan,nan,nan,nan,nan,nan,nan,nan,nan,nan,nan,nan,nan,nan,nan,0.24645219627293294
1791004186.6816463,1.181334115925072,-0.9459731686481192,-1.557871111045126,0.11969756619111485,1.8096733288768707,0.4705451128436904,0.5404671502754496,0.0,0.0,-0.028118633223976584,-0.5090052011687352,0.05522078453180289,7.159683649720153e-05,0.15606758564328338,0.0,0.0,0.15167265249419892,1.6498195952136845,-9.692377237154249e-05,-0.005902527369336369,0.012391982146222131,0.0,0.0,-1.1770300441018777,-0.49481563930725014,0.021780459288221504,-0.25686764435326115,nan,nan,nan,nan,nan,nan,nan,1.3092382329496923,0.0,0.0,-0.770094421007427,1.8991124860310817,0.05610447349995533,-0.0011642012236974999,nan,nan,nan,nan,nan,nan,nan,nan,nan,nan,nan,nan,nan,nan,0.35330287719171793,0.0,0.0,1.1584020410266558,0.6668918855443651,0.22827999851301897,-0.013792957334818518,nan,nan,nan,nan,nan,nan,nan,nan,nan,nan,nan,nan,nan,nan,nan,nan,nan,nan,nan,nan,nan,nan,nan,nan,nan,nan,nan,nan,nan,nan,nan,nan,nan,nan,nan,nan,nan,nan,nan,nan,nan,nan,nan,nan,nan,nan,nan,nan,nan,0.24430927242251657
1791004186.7816494,1.1810205079468985,-0.9700985511491674,-1.5537057924422888,0.10830783403640792,1.637475220266084,0.45988318921693244,0.5404671502754496,0.0,0.0,-0.021468450214903276,-0.5092136765939764,0.09928658702916271,0.01083858859493956,0.15606758564328338,0.0,0.0,0.1512871313410593,1.6480682200322538,-0.0005326467025301893,0.002462883068031516,0.012391982146222131,0.0,0.0,-1.1773782486461517,-0.5164372321051488,0.01018315801664195,-0.2372501553121563,nan,nan,nan,nan,nan,nan,nan,1.3092382329496923,0.0,0.0,-0.7647572651397072,1.8990524990897673,0.07240585547685362,-0.010533163964953312,nan,nan,nan,nan,nan,nan,nan,nan,nan,nan,nan,nan,nan,nan,0.35330287719171793,0.0,0.0,1.1819120639318206,0.6683130812460243,0.23073001782432634,0.0011425252116425322,nan,nan,nan,nan,nan,nan,nan,nan,nan,nan,nan,nan,nan,nan,nan,nan,nan,nan,nan,nan,nan,nan,nan,nan,nan,nan,nan,nan,nan,nan,nan,nan,nan,nan,nan,nan,nan,nan,nan,nan,nan,nan,nan,nan,nan,nan,nan,nan,nan,0.2508853548076953
1791004186.8816512,1.180590848392645,-0.993793187041102,-1.5471076042996548,0.09800098090773172,1.4816488504814578,0.4500352307697156,0.5404671502754496,0.0,0.0,-0.014076824645070114,-0.5094975224777915,0.06212600022186053,-0.015070013014253762,0.15606758564328338,0.0,0.0,0.15117512191033677,1.6473192750748724,-0.0012514803623331053,-0.00824808557336341,0.012391982146222131,0.0,0.0,-1.1777580072763,-0.5393330639456513,0.013456413165066902,-0.2159845256646586,nan,nan,nan,nan,nan,nan,nan,1.3092382329496923,0.0,0.0,-0.7589796344607891,1.8989277167834766,0.06916115940138462,-0.0022612758893987045,nan,nan,nan,nan,nan,nan,nan,nan,nan,nan,nan,nan,nan,nan,0.35330287719171793,0.0,0.0,1.2059094689508525,0.6679578939383891,0.22737065244151938,0.013749493893838751,nan,nan,nan,nan,nan,nan,nan,nan,nan,nan,nan,nan,nan,nan,nan,nan,nan,nan,nan,nan,nan,nan,nan,nan,nan,nan,nan,nan,nan,nan,nan,nan,nan,nan,nan,nan,nan,nan,nan,nan,nan,nan,nan,nan,nan,nan,nan,nan,nan,0.23161473462353874
1791004186.9816751,1.1799855625099407,-1.0172855849409674,-1.5387171458238056,0.08867495453444818,1.3406513203797448,0.44097273589702013,0.5404671502754496,0.0,0.0,-0.0032854770914574425,-0.5101647322754627,0.10682355184165841,6.563957393488566e-05,0.15606758564328338,0.0,0.0,0.15104811380421684,1.646607539405027,-0.00029423415336818424,-0.010166115785916972,0.012391982146222131,0.0,0.0,-1.1778863768360854,-0.5626928013389012,-0.0015575807165495394,-0.22604954445036615,nan,nan,nan,nan,nan,nan,nan,1.3092382329496923,0.0,0.0,-0.7525293699501766,1.8989769731501165,0.06647975754284224,-0.007457993944898666,nan,nan,nan,nan,nan,nan,nan,nan,nan,nan,nan,nan,nan,nan,0.35330287719171793,0.0,0.0,1.2301412601707944,0.6675961242220442,0.23895813675417937,-0.00318564748912595,nan,nan,nan,nan,nan,nan,nan,nan,nan,nan,nan,nan,nan,nan,nan,nan,nan,nan,nan,nan,nan,nan,nan,nan,nan,nan,nan,nan,nan,nan,nan,nan,nan,nan,nan,nan,nan,nan,nan,nan,nan,nan,nan,nan,nan,nan,nan,nan,nan,0.23037065162865378
1791004187.0816686,1.1795797619267767,-1.0410268392640538,-1.5297953597165779,0.08023657305029777,1.2130738399289438,0.432658098870831,0.5404671502754496,0.0,0.0,0.007442837109051475,-0.5106716310166033,0.13319206835350006,5.45765628625957e-05,0.15606758564328338,0.0,0.0,0.1509280876816272,1.6457951789852379,-0.0017020704072385775,-0.00929133160605644,0.012391982146222131,0.0,0.0,-1.1781597204131216,-0.5860984314185408,-0.004180878209682061,-0.23320155120717945,nan,nan,nan,nan,nan,nan,nan,1.3092382329496923,0.0,0.0,-0.7474728013266642,1.901212945842632,0.04894349412448076,0.015115808503862852,nan,nan,nan,nan,nan,nan,nan,nan,nan,nan,nan,nan,nan,nan,0.35330287719171793,0.0,0.0,1.2543290986592717,0.6671923849581839,0.24928568112706329,-0.0027015384106501,nan,nan,nan,nan,nan,nan,nan,nan,nan,nan,nan,nan,nan,nan,nan,nan,nan,nan,nan,nan,nan,nan,nan,nan,nan,nan,nan,nan,nan,nan,nan,nan,nan,nan,nan,nan,nan,nan,nan,nan,nan,nan,nan,nan,nan,nan,nan,nan,nan,0.23337679364758696
1791004187.1816816,1.1794194593633636,-1.0652855453734476,-1.5235278085002388,0.07260119262682253,1.097636703252915,0.425048265292296,0.5404671502754496,0.0,0.0,0.019340913512278683,-0.5113118795120741,0.11148100809930175,-0.006255521900656786,0.15606758564328338,0.0,0.0,0.1508347224663268,1.6449421125804722,-0.0008420735986616945,-0.008382454952242753,0.012391982146222131,0.0,0.0,-1.1785372193464567,-0.6093272287975171,-0.013483085258756185,-0.23752014079244188,nan,nan,nan,nan,nan,nan,nan,1.3092382329496923,0.0,0.0,-0.7416432490889068,1.9014112345502834,0.04997000735358907,-0.0035835759288252176,nan,nan,nan,nan,nan,nan,nan,nan,nan,nan,nan,nan,nan,nan,0.35330287719171793,0.0,0.0,1.2789114530617833,0.664884864272687,0.24184487566369176,-0.049304334285089645,nan,nan,nan,nan,nan,nan,nan,nan,nan,nan,nan,nan,nan,nan,nan,nan,nan,nan,nan,nan,nan,nan,nan,nan,nan,nan,nan,nan,nan,nan,nan,nan,nan,nan,nan,nan,nan,nan,nan,nan,nan,nan,nan,nan,nan,nan,nan,nan,nan,0.2477061173478159
1791004187.281656,1.1794681405456393,-1.0891663248037138,-1.5161026435623748,0.06569236397718566,0.9931840954106984,0.4180976332561013,0.5404671502754496,0.0,0.0,0.03291484969948004,-0.511705784907908,0.12868451151457366,-0.01708636611691312,0.15606758564328338,0.0,0.0,0.15074932915516542,1.6441407635793268,-0.0009192808752378026,-0.007340038941767878,0.012391982146222131,0.0,0.0,-1.1790123526074616,-0.6327559109870077,-0.011801047805857777,-0.2396819934846862,nan,nan,nan,nan,nan,nan,nan,1.3092382329496923,0.0,0.0,-0.7369276591916577,1.9010805960827772,0.05442553213488599,-0.0005513912425920228,nan,nan,nan,nan,nan,nan,nan,nan,nan,nan,nan,nan,nan,nan,0.35330287719171793,0.0,0.0,1.3035215771869864,0.6649982464209423,0.26295300921458487,0.0250232706929095,nan,nan,nan,nan,nan,nan,nan,nan,nan,nan,nan,nan,nan,nan,nan,nan,nan,nan,nan,nan,nan,nan,nan,nan,nan,nan,nan,nan,nan,nan,nan,nan,nan,nan,nan,nan,nan,nan,nan,nan,nan,nan,nan,nan,nan,nan,nan,nan,nan,0.2375487043765892
1791004187.3816466,1.1796308353515923,-1.112811811768118,-1.5090932906308263,0.05944090900991247,0.898670132588045,0.41175970585521277,0.5404671502754496,0.0,0.0,0.047087044901343134,-0.5123305281517968,0.14206985620892287,-0.03258679934889423,0.15606758564328338,0.0,0.0,0.15065777803034622,1.6432970486040421,-0.0006921393182594014,-0.009352410675505478,0.012391982146222131,0.0,0.0,-1.1795993584005966,-0.6562952276240708,-0.012481958981882013,-0.2454482664105622,nan,nan,nan,nan,nan,nan,nan,1.3092382329496923,0.0,0.0,-0.7323047267316181,1.901333615409503,0.044575626918197386,0.0033521140356192127,nan,nan,nan,nan,nan,nan,nan,nan,nan,nan,nan,nan,nan,nan,0.35330287719171793,0.0,0.0,1.3274145175698906,0.6647626011068761,0.25518407048106545,0.013270045275873834,nan,nan,nan,nan,nan,nan,nan,nan,nan,nan,nan,nan,nan,nan,nan,nan,nan,nan,nan,nan,nan,nan,nan,nan,nan,nan,nan,nan,nan,nan,nan,nan,nan,nan,nan,nan,nan,nan,nan,nan,nan,nan,nan,nan,nan,nan,nan,nan,nan,0.24585177080476203
1791004187.481714,1.1804409862739247,-1.1365091349348582,-1.5056194369642975,0.05378435863821,0.8131503624970273,0.4059885340995565,0.5404671502754496,0.0,0.0,0.06260448102828542,-0.5129053541536812,0.14517274603052668,0.00642613414790972,0.15606758564328338,0.0,0.0,0.15055879955008042,1.642430565189095,-0.0008732240631863905,-0.009407730317357987,0.012391982146222131,0.0,0.0,-1.180425602835748,-0.6800859418215355,-0.0070866709757895505,-0.2421831512204417,nan,nan,nan,nan,nan,nan,nan,1.3092382329496923,0.0,0.0,-0.727896115493254,1.901023885781759,0.036343329119761084,-0.00260181081915392,nan,nan,nan,nan,nan,nan,nan,nan,nan,nan,nan,nan,nan,nan,0.35330287719171793,0.0,0.0,1.3509061049708924,0.6645694288143333,0.2394205424853278,0.004775114166238581,nan,nan,nan,nan,nan,nan,nan,nan,nan,nan,nan,nan,nan,nan,nan,nan,nan,nan,nan,nan,nan,nan,nan,nan,nan,nan,nan,nan,nan,nan,nan,nan,nan,nan,nan,nan,nan,nan,nan,nan,nan,nan,nan,nan,nan,nan,nan,nan,nan,0.24562559672997647
1791005275.3498435,1.244347585688499,2.3359691601148813,-1.5814574665438084,2.8324156315235246e-05,0.19032516363983026,0.3500297403640594,0.0,0.0,0.0,-2.13115825526104,-0.5364970378633431,0.0010179399514593326,0.00021232138776192442,0.0,0.0,0.0,-0.1435939367202422,2.1680135986250546,0.0018680711881356809,-0.0014830016827812687,0.0,0.0,0.0,-1.1089708817714472,2.261506175842169,0.00032254571861793093,-0.0012438101409620597,nan,nan,nan,nan,nan,nan,nan,3.6040680833066405e-05,0.0,0.0,-2.067795416136949,1.9163688494684534,0.003636398035121471,0.0007217449321839426,nan,nan,nan,nan,nan,nan,nan,nan,nan,nan,nan,nan,nan,nan,0.0,0.0,0.0,-2.0743502113307506,0.6456257688548794,0.0010738440291442916,-0.0009545651746658433,nan,nan,nan,nan,nan,nan,nan,nan,nan,nan,nan,nan,nan,nan,nan,nan,nan,nan,nan,nan,nan,nan,nan,nan,nan,nan,nan,nan,nan,nan,nan,nan,nan,nan,nan,nan,nan,nan,nan,nan,nan,nan,nan,nan,nan,nan,nan,nan,nan,0.00378182761335172
1791005275.4496222,1.2435987472237113,2.3323418540307035,-1.583642048435861,0.0016819170474188677,0.3625384935526359,0.35176599791261237,0.19130830390413714,0.0,0.0,-2.1309024568110817,-0.5365188570001472,0.01844738158520891,-0.00025139099391149905,0.0,0.0,0.0,-0.14356081769900164,2.166266094758905,-0.03029750319519738,-0.04983335935217978,0.0,0.0,0.0,-1.1090526769078466,2.261269738501078,-0.005806166742818805,-0.015976746916956785,nan,nan,nan,nan,nan,nan,nan,0.02670724109726153,0.0,0.0,-2.0647548336305057,1.9165235485352021,0.0755722207153795,0.0012725538024204843,nan,nan,nan,nan,nan,nan,nan,nan,nan,nan,nan,nan,nan,nan,0.24828478959535316,0.0,0.0,-2.072659719636838,0.6456454394184535,0.05916669150975684,0.0004329683652575292,nan,nan,nan,nan,nan,nan,nan,nan,nan,nan,nan,nan,nan,nan,nan,nan,nan,nan,nan,nan,nan,nan,nan,nan,nan,nan,nan,nan,nan,nan,nan,nan,nan,nan,nan,nan,nan,nan,nan,nan,nan,nan,nan,nan,nan,nan,nan,nan,nan,0.15447103156867137
1791005275.549393,1.2438574612237638,2.324185185196888,-1.5810868109735345,0.003752067509464591,0.5182742500059033,0.3539395045051847,0.13626727084320647,0.0,0.0,-2.1229967224067963,-0.5364867633010132,0.08462359286938453,0.012489500810653557,0.0,0.0,0.0,-0.144910573896587,2.1568738156119065,-0.03107536245222735,-0.11673820550414797,0.0,0.0,0.0,-1.108465632409515,2.253593594852745,0.009761903878533942,-0.08704486057155157,nan,nan,nan,nan,nan,nan,nan,0.012294137820526843,0.0,0.0,-2.0543152716910704,1.91637998262548,0.12839080366466793,0.0022949929094471383,nan,nan,nan,nan,nan,nan,nan,nan,nan,nan,nan,nan,nan,nan,0.23060224811117755,0.0,0.0,-2.062712584558824,0.645925723475003,0.1300992606983869,0.003565375395091883,nan,nan,nan,nan,nan,nan,nan,nan,nan,nan,nan,nan,nan,nan,nan,nan,nan,nan,nan,nan,nan,nan,nan,nan,nan,nan,nan,nan,nan,nan,nan,nan,nan,nan,nan,nan,nan,nan,nan,nan,nan,nan,nan,nan,nan,nan,nan,nan,nan,0.1610466154087103
1791005275.6495416,1.2439516967413171,2.3050707512655375,-1.5832016461091065,0.004485032463101097,0.6592790980963913,0.3547089999177935,0.7509029581387,0.0,0.0,-2.1084400809601864,-0.5345591926833253,0.15018221575852678,-0.03608348471274446,0.0,0.0,0.0,-0.14444248161420406,2.1433218430675813,0.03478145772039627,-0.16577862306237517,0.0,0.0,0.0,-1.1083540791443287,2.2436006769043906,0.018822438154875464,-0.10437291306381673,nan,nan,nan,nan,nan,nan,nan,0.00509750549589242,0.0,0.0,-2.0400676406936773,1.916230472099118,0.154503869806625,0.0006255650725948772,nan,nan,nan,nan,nan,nan,nan,nan,nan,nan,nan,nan,nan,nan,0.1910314381161559,0.0,0.0,-2.0485045922397944,0.6456177604367667,0.16545269571607285,-0.01252082218953536,nan,nan,nan,nan,nan,nan,nan,nan,nan,nan,nan,nan,nan,nan,nan,nan,nan,nan,nan,nan,nan,nan,nan,nan,nan,nan,nan,nan,nan,nan,nan,nan,nan,nan,nan,nan,nan,nan,nan,nan,nan,nan,nan,nan,nan,nan,nan,nan,nan,0.2191425728576163
1791005275.748136,1.243197176120651,2.284047893509376,-1.5794542536959646,0.017632905959709854,0.7868645101928787,0.36849730096787336,0.5518636912049775,0.0,0.0,-2.092401217553969,-0.5335523908488721,0.20877409945752984,0.06157862171980528,0.0,0.0,0.0,-0.1444776689299946,2.1255930905193767,0.02692091653753798,-0.2062828862670748,0.0,0.0,0.0,-1.1082718681995731,2.2291287631237897,0.007660024654386675,-0.15042891626436278,nan,nan,nan,nan,nan,nan,nan,0.00819663934325546,0.0,0.0,-2.0232141721867256,1.9159784617938405,0.17274487809993894,-0.0017147522168659967,nan,nan,nan,nan,nan,nan,nan,nan,nan,nan,nan,nan,nan,nan,0.34435998060916906,0.0,0.0,-2.0309454722239852,0.6454518275303606,0.19408200034924067,-0.017835012803469764,nan,nan,nan,nan,nan,nan,nan,nan,nan,nan,nan,nan,nan,nan,nan,nan,nan,nan,nan,nan,nan,nan,nan,nan,nan,nan,nan,nan,nan,nan,nan,nan,nan,nan,nan,nan,nan,nan,nan,nan,nan,nan,nan,nan,nan,nan,nan,nan,nan,0.2395363806835368
1791005275.8496397,1.2426173867596335,2.259092945783458,-1.5845565948636078,0.04815540196107312,0.9022341336473212,0.40021432471326107,0.9076583707376565,0.0,0.0,-2.0721938206249377,-0.5335689220160126,0.2518747516247721,0.035711080076901984,0.2866585137588452,0.0,0.0,-0.14444654145294925,2.1042875333076703,-0.011669414771766905,-0.21555536849971396,0.0,0.0,0.0,-1.1082930797333517,2.2115601599211736,-0.011955032605421984,-0.1979019258605233,nan,nan,nan,nan,nan,nan,nan,0.007965330536285307,0.0,0.0,-2.004604619112922,1.9158702566239116,0.18565137657556574,0.0041994888313850506,nan,nan,nan,nan,nan,nan,nan,nan,nan,nan,nan,nan,nan,nan,0.2655788418283933,0.0,0.0,-2.0118537919333535,0.6455200302309796,0.2074864774315771,0.00037687920910017565,nan,nan,nan,nan,nan,nan,nan,nan,nan,nan,nan,nan,nan,nan,nan,nan,nan,nan,nan,nan,nan,nan,nan,nan,nan,nan,nan,nan,nan,nan,nan,nan,nan,nan,nan,nan,nan,nan,nan,nan,nan,nan,nan,nan,nan,nan,nan,nan,nan,0.2515705352032357
1791005275.9497294,1.24166058741319,2.2343115997216425,-1.5860578776373315,0.07533349689318497,1.0067003678293993,0.4277804158148124,1.0449161559518805,0.0,0.0,-2.0486927093245653,-0.5336163429256959,0.227296756220538,-0.022925482484750393,0.4357975605293994,0.0,0.0,-0.14486993892861683,2.0821905918136543,-0.007775652629300723,-0.2263480521387754,0.0,0.0,0.0,-1.1078640884200377,2.189830757177091,0.0017028251184515184,-0.22725631602804974,nan,nan,nan,nan,nan,nan,nan,0.01464658553494455,0.0,0.0,-1.9857812586900023,1.915624883698861,0.1862713740517997,-0.00882548225235361,nan,nan,nan,nan,nan,nan,nan,nan,nan,nan,nan,nan,nan,nan,0.36754765886236224,0.0,0.0,-1.9911753858098147,0.6451529418207116,0.20021270454210896,-0.017711562487292727,nan,nan,nan,nan,nan,nan,nan,nan,nan,nan,nan,nan,nan,nan,nan,nan,nan,nan,nan,nan,nan,nan,nan,nan,nan,nan,nan,nan,nan,nan,nan,nan,nan,nan,nan,nan,nan,nan,nan,nan,nan,nan,nan,nan,nan,nan,nan,nan,nan,0.2938572993628111
1791005276.0496438,1.241705508051405,2.21127054906784,-1.5791917393302177,0.0937154798520525,1.1012234317090888,0.44588803146937916,0.8938243777087146,0.0,0.0,-2.025109485676804,-0.5335072024491453,0.2115337814340707,-0.015337167814978306,0.28946201847652814,0.0,0.0,-0.14488755914916937,2.06074760088171,-0.003693640693230831,-0.20864288433957817,0.0,0.0,0.0,-1.1076863194134339,2.166682105282064,0.025738054041513508,-0.24833553880525927,nan,nan,nan,nan,nan,nan,nan,0.005457418631005393,0.0,0.0,-1.9665125385274258,1.9154956538438828,0.17876752664178205,0.0015771357105527502,nan,nan,nan,nan,nan,nan,nan,nan,nan,nan,nan,nan,nan,nan,0.1621225552042899,0.0,0.0,-1.9701697630430408,0.6453165643175357,0.20125784285246173,0.01081412227160698,nan,nan,nan,nan,nan,nan,nan,nan,nan,nan,nan,nan,nan,nan,nan,nan,nan,nan,nan,nan,nan,nan,nan,nan,nan,nan,nan,nan,nan,nan,nan,nan,nan,nan,nan,nan,nan,nan,nan,nan,nan,nan,nan,nan,nan,nan,nan,nan,nan,0.2447785977026927
1791005276.1499712,1.2412397179150378,2.1873381694402574,-1.5791292229195117,0.1400284420732316,1.1867533305116607,0.4889508093129466,1.0459692387337332,0.0,0.0,-2.0014210753138997,-0.5335596002509024,0.2419810728932997,0.008489349692608044,0.31465349844902757,0.0,0.0,-0.14378589093684913,2.040033950213924,0.009943314520060077,-0.1955010044888028,0.0,0.0,0.0,-1.1080601340222402,2.143402175058124,-0.013557100846745017,-0.24870000595430813,nan,nan,nan,nan,nan,nan,nan,0.01228278763471424,0.0,0.0,-1.9477229720899736,1.915348401095792,0.17327508180244888,-0.00814990334249494,nan,nan,nan,nan,nan,nan,nan,nan,nan,nan,nan,nan,nan,nan,0.4457275580538826,0.0,0.0,-1.9504501692329375,0.644871720572532,0.1977399766083453,-0.02058658006193694,nan,nan,nan,nan,nan,nan,nan,nan,nan,nan,nan,nan,nan,nan,nan,nan,nan,nan,nan,nan,nan,nan,nan,nan,nan,nan,nan,nan,nan,nan,nan,nan,nan,nan,nan,nan,nan,nan,nan,nan,nan,nan,nan,nan,nan,nan,nan,nan,nan,0.2305021430351232
1791005276.2496893,1.242179424476564,2.1636142771399176,-1.5717439856631643,0.12260222530983886,1.264143983287436,0.4732251112813193,0.37720208580522946,0.0,0.0,-1.9779997735568016,-0.5338577692849656,0.3281723062311289,0.08587961384551086,0.8112845897829281,0.0,0.0,-0.1415178842070027,2.0216851768407533,-0.003723343828455703,-0.16482395883067374,0.0,0.0,0.0,-1.108419510204636,2.120301873108684,-0.005284179307948229,-0.2367324169743602,nan,nan,nan,nan,nan,nan,nan,0.00021891312495070334,0.0,0.0,-1.9297475488126448,1.9149978117234017,0.17758520354358548,-0.0017793662098635344,nan,nan,nan,nan,nan,nan,nan,nan,nan,nan,nan,nan,nan,nan,0.0022528220214336893,0.0,0.0,-1.9315410481436024,0.6453420034635199,0.1930330244526738,-0.0012519766029150947,nan,nan,nan,nan,nan,nan,nan,nan,nan,nan,nan,nan,nan,nan,nan,nan,nan,nan,nan,nan,nan,nan,nan,nan,nan,nan,nan,nan,nan,nan,nan,nan,nan,nan,nan,nan,nan,nan,nan,nan,nan,nan,nan,nan,nan,nan,nan,nan,nan,0.2626565895012888
1791005276.3494692,1.2396896565460918,2.1398089342125077,-1.576935775827005,0.1130792456344182,1.3341218710449876,0.46437884784318867,0.9287554954070573,0.0,0.0,-1.9549783382317008,-0.5346264861017956,0.22318832994451004,-0.017252581573935725,0.8112845897829281,0.0,0.0,-0.14062753377571505,2.0059132097962364,0.015586922125940707,-0.13942045753621019,0.0,0.0,0.0,-1.1084519690528771,2.0971227242072614,0.006389463715778758,-0.22771308452039957,nan,nan,nan,nan,nan,nan,nan,0.027326473851622804,0.0,0.0,-1.906713177283865,1.9213304494523071,0.6090679518281898,0.482172655746324,nan,nan,nan,nan,nan,nan,nan,nan,nan,nan,nan,nan,nan,nan,0.517279291250238,0.0,0.0,-1.9136843640671635,0.6454194820711437,0.17993426835655865,0.023885669806334366,nan,nan,nan,nan,nan,nan,nan,nan,nan,nan,nan,nan,nan,nan,nan,nan,nan,nan,nan,nan,nan,nan,nan,nan,nan,nan,nan,nan,nan,nan,nan,nan,nan,nan,nan,nan,nan,nan,nan,nan,nan,nan,nan,nan,nan,nan,nan,nan,nan,0.1812856328334632
1791005276.4489238,1.2397769472620248,2.1157961788124213,-1.577731833547643,0.15714374943436307,1.3974885530274335,0.5,0.9740437929892422,0.0,0.0,-1.931520194797889,-0.5346988095094566,0.2510997736238453,0.029370182505898953,0.32769283233855817,0.0,0.0,-0.1399474882442176,1.9921025481455092,0.011014380863067538,-0.13586713108821652,0.0,0.0,0.0,-1.1086247949982784,2.0744054119842277,-0.0013630252632052637,-0.21204798869234215,nan,nan,nan,nan,nan,nan,nan,0.0164930453438042,0.0,0.0,-1.8887125935232676,1.9210690766157092,0.23550607533773654,0.036267801181256276,nan,nan,nan,nan,nan,nan,nan,nan,nan,nan,nan,nan,nan,nan,0.10826145382424994,0.0,0.0,-1.8971460039803987,0.6458346852785825,0.18249932941141944,0.032434416065180036,nan,nan,nan,nan,nan,nan,nan,nan,nan,nan,nan,nan,nan,nan,nan,nan,nan,nan,nan,nan,nan,nan,nan,nan,nan,nan,nan,nan,nan,nan,nan,nan,nan,nan,nan,nan,nan,nan,nan,nan,nan,nan,nan,nan,nan,nan,nan,nan,nan,0.24101495859321576
1791005276.5496643,1.238661285354662,2.090615288601306,-1.5901235950694614,0.16031659212331395,1.4548250978974693,0.5,0.8427553356665561,0.0,0.0,-1.9085703988509999,-0.5351130716103096,0.22054916168053515,-0.006590042009032821,0.3817296611029209,0.0,0.0,-0.13934086415311586,1.9788343534838186,0.014469443197351481,-0.12569791327705054,0.0,0.0,0.0,-1.10857639707251,2.0536422051574057,0.0054109696074252445,-0.1935135986348439,nan,nan,nan,nan,nan,nan,nan,0.014026831454673212,0.0,0.0,-1.866947670207491,1.9197023634188075,0.2147095081086462,-0.01067677214067549,nan,nan,nan,nan,nan,nan,nan,nan,nan,nan,nan,nan,nan,nan,0.06767831232717836,0.0,0.0,-1.8814962900572967,0.6459112961462984,0.1504087573401979,-0.00209510297325995,nan,nan,nan,nan,nan,nan,nan,nan,nan,nan,nan,nan,nan,nan,nan,nan,nan,nan,nan,nan,nan,nan,nan,nan,nan,nan,nan,nan,nan,nan,nan,nan,nan,nan,nan,nan,nan,nan,nan,nan,nan,nan,nan,nan,nan,nan,nan,nan,nan,0.33582517530219286
1791005276.6496499,1.2390128743918118,2.067476650392157,-1.5785992837736371,0.1946442187745776,1.5067053491549571,0.5,0.9474457071623704,0.0,0.0,-1.8852834440778812,-0.5352599653580244,0.22688934654829399,-0.0022758754304285393,0.30674126803946716,0.0,0.0,-0.1387135883014658,1.966640516946949,0.010560076488287684,-0.11903769242222148,0.0,0.0,0.0,-1.1085972222119553,2.035722337343019,-0.01728714625103908,-0.16627705829339282,nan,nan,nan,nan,nan,nan,nan,0.007940785866862933,0.0,0.0,-1.8474104506302906,1.9194768063809609,0.19114455141263537,0.009336804938521966,nan,nan,nan,nan,nan,nan,nan,nan,nan,nan,nan,nan,nan,nan,0.029978560543981934,0.0,0.0,-1.8669518251100081,0.645663220471991,0.12586860479015455,-0.00866362101765037,nan,nan,nan,nan,nan,nan,nan,nan,nan,nan,nan,nan,nan,nan,nan,nan,nan,nan,nan,nan,nan,nan,nan,nan,nan,nan,nan,nan,nan,nan,nan,nan,nan,nan,nan,nan,nan,nan,nan,nan,nan,nan,nan,nan,nan,nan,nan,nan,nan,0.2445909723376288
1791005276.74967,1.2385901420786254,2.0435651828470056,-1.5779437786240276,0.24025812166272237,1.553648541762238,0.5,1.036263387262339,0.0,0.0,-1.8624638035392622,-0.5356647218497558,0.21621370115385127,-0.004325042378713732,0.32951300095580677,0.0,0.0,-0.1383941453415155,1.9558663445937403,0.006535038381659857,-0.10016191720381276,0.0,0.0,0.0,-1.1086343730243358,2.0192986011817053,0.004061507140555643,-0.15362243452492555,nan,nan,nan,nan,nan,nan,nan,0.008939553066476438,0.0,0.0,-1.8302233772501195,1.9189028888156021,0.16022907600358466,0.002469426438090212,nan,nan,nan,nan,nan,nan,nan,nan,nan,nan,nan,nan,nan,nan,0.0430837502028981,0.0,0.0,-1.8549846128549479,0.6456501780836587,0.10265300090637747,-0.018181693158284648,nan,nan,nan,nan,nan,nan,nan,nan,nan,nan,nan,nan,nan,nan,nan,nan,nan,nan,nan,nan,nan,nan,nan,nan,nan,nan,nan,nan,nan,nan,nan,nan,nan,nan,nan,nan,nan,nan,nan,nan,nan,nan,nan,nan,nan,nan,nan,nan,nan,0.23157514827336578
1791005276.8496528,1.2372206049811327,2.0176650273646497,-1.5889806879268469,0.258062704332563,1.5961238850267114,0.5,0.8337863751897595,0.0,0.0,-1.8409935170556744,-0.5355936033117237,0.2062532404997882,0.0024076372145846042,0.30275214348368007,0.0,0.0,-0.13837420452575455,1.9462765990494764,-0.023394707311598182,-0.0836750952532792,0.0,0.0,0.0,-1.1087137393167144,2.0051775641308964,-0.0021565020098384445,-0.13294032248138582,nan,nan,nan,nan,nan,nan,nan,0.005232799887871734,0.0,0.0,-1.8141735614613625,1.918937300733949,0.168078260028902,0.006646665764919711,nan,nan,nan,nan,nan,nan,nan,nan,nan,nan,nan,nan,nan,nan,0.003949326054280919,0.0,0.0,-1.8447655772170533,0.6462356721968445,0.07481664464170373,-0.0015624007531103478,nan,nan,nan,nan,nan,nan,nan,nan,nan,nan,nan,nan,nan,nan,nan,nan,nan,nan,nan,nan,nan,nan,nan,nan,nan,nan,nan,nan,nan,nan,nan,nan,nan,nan,nan,nan,nan,nan,nan,nan,nan,nan,nan,nan,nan,nan,nan,nan,nan,0.24350954488572746
1791005276.9496567,1.2367747987818625,1.9937684663200435,-1.5868331087361787,0.24586615509858406,1.6345567099256086,0.5,0.9804672682544808,0.0,0.0,-1.8215879471170517,-0.5360818227918098,0.17282309606689972,-0.042856874949206605,0.3176881222989541,0.0,0.0,-0.13726698275496144,1.9380575322201923,0.01177437048652407,-0.07479803291467821,0.0,0.0,0.0,-1.10895801890238,1.9923295327062331,-0.021226884144042998,-0.11511562010065143,nan,nan,nan,nan,nan,nan,nan,0.007781023220921368,0.0,0.0,-1.800261410593184,1.9188678692285563,0.16200107786125856,-0.0017526819171301163,nan,nan,nan,nan,nan,nan,nan,nan,nan,nan,nan,nan,nan,nan,0.005585785844916695,0.0,0.0,-1.8368186169953649,0.6463194091297575,0.07239511161717124,0.005977179213643848,nan,nan,nan,nan,nan,nan,nan,nan,nan,nan,nan,nan,nan,nan,nan,nan,nan,nan,nan,nan,nan,nan,nan,nan,nan,nan,nan,nan,nan,nan,nan,nan,nan,nan,nan,nan,nan,nan,nan,nan,nan,nan,nan,nan,nan,nan,nan,nan,nan,0.23430301860746422
1791005277.0492315,1.2364318919886996,1.9699636534550422,-1.5845391239434305,0.24823039281177678,1.6693125999669847,0.5,0.7306864332953903,0.0,0.0,-1.8025458575867916,-0.5356401440715176,0.18662109396794338,-0.007435298401519048,0.3025713359426297,0.0,0.0,-0.13741794917191238,1.9312882519312524,0.005702195380307596,-0.06010301856910989,0.0,0.0,0.0,-1.1084649663691324,1.9812676746231348,0.004156466263264515,-0.10303730277910883,nan,nan,nan,nan,nan,nan,nan,0.0032369307185452223,0.0,0.0,-1.7865261383572186,1.9198257560926768,0.17019772419839135,0.037494388640146564,nan,nan,nan,nan,nan,nan,nan,nan,nan,nan,nan,nan,nan,nan,0.0006327663225694693,0.0,0.0,-1.8307297063979577,0.6459193343918302,0.029909542250260664,-0.0321106462332165,nan,nan,nan,nan,nan,nan,nan,nan,nan,nan,nan,nan,nan,nan,nan,nan,nan,nan,nan,nan,nan,nan,nan,nan,nan,nan,nan,nan,nan,nan,nan,nan,nan,nan,nan,nan,nan,nan,nan,nan,nan,nan,nan,nan,nan,nan,nan,nan,nan,0.24268927260585613
1791005277.149382,1.2354143074053348,1.9460362685207064,-1.5803573075292685,0.25510587793262374,1.700781666678764,0.5,0.6755230519717296,0.0,0.0,-1.7846341480354142,-0.5352162470699395,0.1605954141093757,-1.7800481228319454e-06,0.3057243313292011,0.0,0.0,-0.1362871266080904,1.924897597476157,-0.0017259332654892337,-0.051102405302083265,0.0,0.0,0.0,-1.1081638419640225,1.9713603699024784,0.011021391909211064,-0.10005327390582713,nan,nan,nan,nan,nan,nan,nan,0.004583338736675747,0.0,0.0,-1.7731599065724284,1.919525115056126,0.14820174597614055,0.014626401020176212,nan,nan,nan,nan,nan,nan,nan,nan,nan,nan,nan,nan,nan,nan,0.0018684686793451009,0.0,0.0,-1.8247396032457415,0.6465288673089448,0.04417179675292776,0.004244225070191638,nan,nan,nan,nan,nan,nan,nan,nan,nan,nan,nan,nan,nan,nan,nan,nan,nan,nan,nan,nan,nan,nan,nan,nan,nan,nan,nan,nan,nan,nan,nan,nan,nan,nan,nan,nan,nan,nan,nan,nan,nan,nan,nan,nan,nan,nan,nan,nan,nan,0.2282288805745406
1791005277.2494574,1.2351912947584023,1.9222992025295662,-1.5790911951720756,0.25409878093661625,1.729241814523289,0.5,0.6438077556768566,0.0,0.0,-1.7669994188548004,-0.5351792913706455,0.17734940959993925,-0.003932493384259809,0.3115523319692286,0.0,0.0,-0.13675224990147286,1.9207103125450475,0.026803918141048128,-0.04655516796269933,0.0,0.0,0.0,-1.1088534578277736,1.962127249939204,-0.003423885994412258,-0.0857681135306107,nan,nan,nan,nan,nan,nan,nan,0.002203808371746145,0.0,0.0,-1.7593166661066602,1.9192484720978031,0.12288574319357239,-0.014120503557958968,nan,nan,nan,nan,nan,nan,nan,nan,nan,nan,nan,nan,nan,nan,0.001251285394887474,0.0,0.0,-1.819568167909097,0.646514507695172,0.04855634740148995,-0.005382675204228473,nan,nan,nan,nan,nan,nan,nan,nan,nan,nan,nan,nan,nan,nan,nan,nan,nan,nan,nan,nan,nan,nan,nan,nan,nan,nan,nan,nan,nan,nan,nan,nan,nan,nan,nan,nan,nan,nan,nan,nan,nan,nan,nan,nan,nan,nan,nan,nan,nan,0.24188878973835215
1791005277.34951,1.2335352168995193,1.8985179135526216,-1.5640269909330193,0.23725694454961416,1.755007862481649,0.5,0.12847265138344036,0.0,0.0,-1.7507349584336762,-0.5342931997969053,0.1443213152347228,0.08780641204966387,0.3115523319692286,0.0,0.0,-0.13583140072521369,1.9162235194549382,0.002019013512245426,-0.04375431374382617,0.0,0.0,0.0,-1.1092082886336296,1.9531482148504626,0.00862689350442661,-0.08407696159420584,nan,nan,nan,nan,nan,nan,nan,0.0014977655967018438,0.0,0.0,-1.7474261166663791,1.9190443044440593,0.10295547293183097,-0.0020078806482872946,nan,nan,nan,nan,nan,nan,nan,nan,nan,nan,nan,nan,nan,nan,0.003527185902725623,0.0,0.0,-1.8133747644536347,0.6465930977640689,0.07441868618939289,0.026023096743915834,nan,nan,nan,nan,nan,nan,nan,nan,nan,nan,nan,nan,nan,nan,nan,nan,nan,nan,nan,nan,nan,nan,nan,nan,nan,nan,nan,nan,nan,nan,nan,nan,nan,nan,nan,nan,nan,nan,nan,nan,nan,nan,nan,nan,nan,nan,nan,nan,nan,0.23455329187738547
1791005277.449059,1.2333286613833327,1.874544488114331,-1.5628016940681766,0.2322445936251223,1.7783064516043643,0.5,0.5055579015942466,0.0,0.0,-1.7338801298273256,-0.5353301633601135,0.16227262507957999,0.0020227103880827227,0.3115523319692286,0.0,0.0,-0.13574963455650993,1.9121501005307013,0.01036628939035949,-0.040154781949481334,0.0,0.0,0.0,-1.1091441803091486,1.944041197435108,-0.009769981764800564,-0.08791979350358235,nan,nan,nan,nan,nan,nan,nan,0.0009282981550437561,0.0,0.0,-1.737895299029589,1.9188511504626091,0.08532301463461814,-0.009490574898327426,nan,nan,nan,nan,nan,nan,nan,nan,nan,nan,nan,nan,nan,nan,0.009341483919044238,0.0,0.0,-1.8056719866124373,0.6463708759748459,0.09225723980121131,-0.012103876451437493,nan,nan,nan,nan,nan,nan,nan,nan,nan,nan,nan,nan,nan,nan,nan,nan,nan,nan,nan,nan,nan,nan,nan,nan,nan,nan,nan,nan,nan,nan,nan,nan,nan,nan,nan,nan,nan,nan,nan,nan,nan,nan,nan,nan,nan,nan,nan,nan,nan,0.2401291640938341
1791005277.5486467,1.2331341394716973,1.8504072619573795,-1.5623631411922025,0.2356134374536539,1.7994033820085371,0.5,0.6143998877996558,0.0,0.0,-1.7162312762229308,-0.5353671924690544,0.1776406764174674,0.002406493393446299,0.3115523319692286,0.0,0.0,-0.13602637322678163,1.9088279778654698,0.009674831623962814,-0.035449359829602914,0.0,0.0,0.0,-1.1090718614985748,1.9354992392349022,0.0023894914022491174,-0.08438315742216097,nan,nan,nan,nan,nan,nan,nan,0.0005830032166718823,0.0,0.0,-1.7300353759699323,1.9189754031537951,0.0628535378833073,-0.007129889389348533,nan,nan,nan,nan,nan,nan,nan,nan,nan,nan,nan,nan,nan,nan,0.03163033613093504,0.0,0.0,-1.7942363012581606,0.6469971331674537,0.13314584275967511,-0.0008030639495962526,nan,nan,nan,nan,nan,nan,nan,nan,nan,nan,nan,nan,nan,nan,nan,nan,nan,nan,nan,nan,nan,nan,nan,nan,nan,nan,nan,nan,nan,nan,nan,nan,nan,nan,nan,nan,nan,nan,nan,nan,nan,nan,nan,nan,nan,nan,nan,nan,nan,0.2421114107180289
1791005277.6490114,1.2328897507887115,1.826242608279438,-1.5622228097971247,0.247793911852398,1.8184909464562944,0.5,0.7460898292575653,0.0,0.0,-1.698859516749226,-0.535520286066853,0.1884911961205272,-0.0017956906016567077,0.3115523319692286,0.0,0.0,-0.13589163785689432,1.905558144136275,0.00419485452795354,-0.03505573042427711,0.0,0.0,0.0,-1.1094590868470349,1.9267541544428912,-0.003911585701324403,-0.08960393172445741,nan,nan,nan,nan,nan,nan,nan,0.0006712866481886276,0.0,0.0,-1.7232341548769041,1.91867374254676,0.0696556778927836,-0.0031942451163541087,nan,nan,nan,nan,nan,nan,nan,nan,nan,nan,nan,nan,nan,nan,0.11577609095148775,0.0,0.0,-1.7790501950214588,0.6469152022134241,0.1804987634664604,0.004990425399701584,nan,nan,nan,nan,nan,nan,nan,nan,nan,nan,nan,nan,nan,nan,nan,nan,nan,nan,nan,nan,nan,nan,nan,nan,nan,nan,nan,nan,nan,nan,nan,nan,nan,nan,nan,nan,nan,nan,nan,nan,nan,nan,nan,nan,nan,nan,nan,nan,nan,0.24190688791016943
1791005277.749168,1.2327873593359653,1.802136157716659,-1.5626280831946486,0.24196106935607292,1.8357638165873866,0.5,0.5960074333342834,0.0,0.0,-1.6811122012889768,-0.5358563393916259,0.16420589776776867,-0.007036620523360393,0.3115523319692286,0.0,0.0,-0.1351470379933254,1.9018957065372364,0.003806471205548456,-0.03368170896669369,0.0,0.0,0.0,-1.1094656274271086,1.9177151334105509,-0.004328356566592423,-0.09550906629717217,nan,nan,nan,nan,nan,nan,nan,0.0007291478849264694,0.0,0.0,-1.7162756877651775,1.9172964982632525,0.07062088896799341,-0.015159002955697885,nan,nan,nan,nan,nan,nan,nan,nan,nan,nan,nan,nan,nan,nan,0.23282605345342636,0.0,0.0,-1.7595536639880494,0.6473140303869931,0.21358352319205437,0.005120857961347074,nan,nan,nan,nan,nan,nan,nan,nan,nan,nan,nan,nan,nan,nan,nan,nan,nan,nan,nan,nan,nan,nan,nan,nan,nan,nan,nan,nan,nan,nan,nan,nan,nan,nan,nan,nan,nan,nan,nan,nan,nan,nan,nan,nan,nan,nan,nan,nan,nan,0.23839674949951484
1791005277.8491309,1.2327152466045381,1.7780785342125804,-1.5644503788876152,0.24088513204658768,1.8513929558040112,0.5,0.6079408159020101,0.0,0.0,-1.6628172604675935,-0.5360915713712795,0.16719312240907896,-0.0015563611672345492,0.3115523319692286,0.0,0.0,-0.13568575592877852,1.899018799837213,0.020538426118505385,-0.037638927675055986,0.0,0.0,0.0,-1.1090693040473512,1.9068946151955024,-0.0011697695897519116,-0.11883595216920004,nan,nan,nan,nan,nan,nan,nan,0.0007732143783330189,0.0,0.0,-1.710834594557613,1.9172408393524543,0.08108537500605621,0.013636254418273465,nan,nan,nan,nan,nan,nan,nan,nan,nan,nan,nan,nan,nan,nan,0.29078776637338866,0.0,0.0,-1.7360972290619259,0.6477524883505954,0.24909992195202207,0.030056432642799013,nan,nan,nan,nan,nan,nan,nan,nan,nan,nan,nan,nan,nan,nan,nan,nan,nan,nan,nan,nan,nan,nan,nan,nan,nan,nan,nan,nan,nan,nan,nan,nan,nan,nan,nan,nan,nan,nan,nan,nan,nan,nan,nan,nan,nan,nan,nan,nan,nan,0.24099575648009575
1791005277.9491403,1.2326493100300437,1.7540454526095743,-1.5664374799041239,0.24389065271561844,1.8655345959191305,0.5,0.6203754487537648,0.0,0.0,-1.6459511114769325,-0.5362937784547105,0.16716866148318849,0.0015601982044852751,0.3115523319692286,0.0,0.0,-0.13513386471063385,1.8954862738826608,0.004779873285808687,-0.034423163111823,0.0,0.0,0.0,-1.1093143483882255,1.8941168628281309,0.014857153687369144,-0.1478808264411013,nan,nan,nan,nan,nan,nan,nan,0.0005245744550720944,0.0,0.0,-1.7049685797894956,1.9172218736676518,0.044971865826575315,-0.015254573194351027,nan,nan,nan,nan,nan,nan,nan,nan,nan,nan,nan,nan,nan,nan,0.37131216688610547,0.0,0.0,-1.7127174290460985,0.6477940842467548,0.2197844852868054,-0.013714592116562528,nan,nan,nan,nan,nan,nan,nan,nan,nan,nan,nan,nan,nan,nan,nan,nan,nan,nan,nan,nan,nan,nan,nan,nan,nan,nan,nan,nan,nan,nan,nan,nan,nan,nan,nan,nan,nan,nan,nan,nan,nan,nan,nan,nan,nan,nan,nan,nan,nan,0.2363187162979862
1791005278.0492206,1.2326569871335757,1.730080321423262,-1.5706165953021316,0.24579297611546158,1.8783228311439297,0.5,0.5314410202408558,0.0,0.0,-1.6298367087854755,-0.536400384588228,0.1662753726842844,0.006895796882856483,0.36924705393112334,0.0,0.0,-0.13574182229180712,1.8925219031358604,-0.06509307329719305,-0.0030586065310350173,0.0,0.0,0.0,-1.1098401694800153,1.8782110719079732,-0.004890766568481397,-0.17585880355211433,nan,nan,nan,nan,nan,nan,nan,0.0006310739108874772,0.0,0.0,-1.6990275910010273,1.9170737442253298,0.06294874955558499,-0.01430493638111274,nan,nan,nan,nan,nan,nan,nan,nan,nan,nan,nan,nan,nan,nan,0.34753159311873705,0.0,0.0,-1.6888632283544853,0.6481562866026793,0.23623051023919886,0.00021429838327687196,nan,nan,nan,nan,nan,nan,nan,nan,nan,nan,nan,nan,nan,nan,nan,nan,nan,nan,nan,nan,nan,nan,nan,nan,nan,nan,nan,nan,nan,nan,nan,nan,nan,nan,nan,nan,nan,nan,nan,nan,nan,nan,nan,nan,nan,nan,nan,nan,nan,0.24070725224031708
1791005278.1492786,1.2326921498944405,1.7063160122486871,-1.5730699651951758,0.25599331129183966,1.8899019446621643,0.5,0.6394943313158497,0.0,0.0,-1.613466475128128,-0.5366176439223088,0.17360959334831405,0.007400979987239055,0.3035204621715388,0.0,0.0,-0.1353327052743634,1.888289419142675,-0.0009724805731894754,-0.050845635592687996,0.0,0.0,0.0,-1.109968158747566,1.8591457992885323,0.0065266512741246445,-0.19968239137357469,nan,nan,nan,nan,nan,nan,nan,0.0007487613247062361,0.0,0.0,-1.6944159621739565,1.9171657660668804,0.071548838338771,-0.011617296396179687,nan,nan,nan,nan,nan,nan,nan,nan,nan,nan,nan,nan,nan,nan,0.4211224671366071,0.0,0.0,-1.665720654880312,0.6482197748787489,0.21255654793159934,-0.029316253668109627,nan,nan,nan,nan,nan,nan,nan,nan,nan,nan,nan,nan,nan,nan,nan,nan,nan,nan,nan,nan,nan,nan,nan,nan,nan,nan,nan,nan,nan,nan,nan,nan,nan,nan,nan,nan,nan,nan,nan,nan,nan,nan,nan,nan,nan,nan,nan,nan,nan,0.2340172662878894
1791005278.2486742,1.2325781414915185,1.6823482337992235,-1.5757687080010148,0.25172477397521925,1.90037886516588,0.5,0.583004937836132,0.0,0.0,-1.5975966858852224,-0.536826439427684,0.1603147042883874,-0.00757386436906203,0.299754378131982,0.0,0.0,-0.1345295587756336,1.883081001236002,0.03728857980742603,-0.06471590385970982,0.0,0.0,0.0,-1.1106290436244166,1.8380626872547752,-0.0040125084170872976,-0.22399869128474265,nan,nan,nan,nan,nan,nan,nan,0.000512542412623305,0.0,0.0,-1.6892816245739666,1.9170760821937516,0.04766485419698854,-0.00797534039602758,nan,nan,nan,nan,nan,nan,nan,nan,nan,nan,nan,nan,nan,nan,0.2738063885638445,0.0,0.0,-1.6422162801842015,0.6489014758503568,0.24284051422730524,0.02909077718501377,nan,nan,nan,nan,nan,nan,nan,nan,nan,nan,nan,nan,nan,nan,nan,nan,nan,nan,nan,nan,nan,nan,nan,nan,nan,nan,nan,nan,nan,nan,nan,nan,nan,nan,nan,nan,nan,nan,nan,nan,nan,nan,nan,nan,nan,nan,nan,nan,nan,0.23843781201303824
1791005278.349018,1.2322119667983942,1.6581627164231836,-1.5763109007332226,0.2422305196072286,1.9098537501717483,0.5,0.3214517595408274,0.0,0.0,-1.5818852646970605,-0.5370914968460452,0.1228067991430123,-0.030252211452084683,0.3037431861738299,0.0,0.0,-0.13485063351235949,1.8788955273544805,0.0030270825907053817,-0.05831207381296982,0.0,0.0,0.0,-1.1113138723032905,1.8150661097433332,-0.015623897835569011,-0.2309402191753834,nan,nan,nan,nan,nan,nan,nan,0.0004946682353730956,0.0,0.0,-1.6845592630349162,1.9169832715796697,0.04777906720934415,-0.0087139647984478,nan,nan,nan,nan,nan,nan,nan,nan,nan,nan,nan,nan,nan,nan,0.30074956921535956,0.0,0.0,-1.6191178467760015,0.6488758950432049,0.23075205243928393,-0.0009399610231703301,nan,nan,nan,nan,nan,nan,nan,nan,nan,nan,nan,nan,nan,nan,nan,nan,nan,nan,nan,nan,nan,nan,nan,nan,nan,nan,nan,nan,nan,nan,nan,nan,nan,nan,nan,nan,nan,nan,nan,nan,nan,nan,nan,nan,nan,nan,nan,nan,nan,0.2451094821696999
1791005278.449894,1.231703150068613,1.6338088344688524,-1.5768002195119442,0.23452591795116262,1.918432300032973,0.5,0.4693637562776489,0.0,0.0,-1.5662606828845012,-0.5371398957467297,0.13914137547985753,-0.028525549571587195,0.3073450417506326,0.0,0.0,-0.1344139509475063,1.8729361662331092,0.0011532751713719286,-0.048135753770601974,0.0,0.0,0.0,-1.111335694456884,1.7916528887174161,0.01933265929410808,-0.230638666675185,nan,nan,nan,nan,nan,nan,nan,0.00045645145567425633,0.0,0.0,-1.680546320838373,1.917396757251638,0.03530574810270375,-0.00028936515011452767,nan,nan,nan,nan,nan,nan,nan,nan,nan,nan,nan,nan,nan,nan,0.2866938795292207,0.0,0.0,-1.5955579798701163,0.6493283414560554,0.235606758556998,0.011099189604716031,nan,nan,nan,nan,nan,nan,nan,nan,nan,nan,nan,nan,nan,nan,nan,nan,nan,nan,nan,nan,nan,nan,nan,nan,nan,nan,nan,nan,nan,nan,nan,nan,nan,nan,nan,nan,nan,nan,nan,nan,nan,nan,nan,nan,nan,nan,nan,nan,nan,0.24013223553702492
1791005278.549199,1.2311702892378091,1.6097426936229915,-1.5770769693107693,0.23561783083283624,1.926181388570799,0.5,0.5681129992184749,0.0,0.0,-1.5513987803681082,-0.5370522669550671,0.1573609393439724,-0.005703316222545119,0.3251244345466858,0.0,0.0,-0.13442786872600432,1.8690217741232928,-0.017599413015249907,-0.02799089085759111,0.0,0.0,0.0,-1.111866681969976,1.7683158294953745,-0.006417833348271706,-0.22484462541946593,nan,nan,nan,nan,nan,nan,nan,0.0004561450792270391,0.0,0.0,-1.6772420581071523,1.9172903955922627,0.02980026820367813,-0.0008668668735668455,nan,nan,nan,nan,nan,nan,nan,nan,nan,nan,nan,nan,nan,nan,0.3663154113894867,0.0,0.0,-1.5718231762178825,0.6495372536114293,0.24352467891659488,0.010273122942623551,nan,nan,nan,nan,nan,nan,nan,nan,nan,nan,nan,nan,nan,nan,nan,nan,nan,nan,nan,nan,nan,nan,nan,nan,nan,nan,nan,nan,nan,nan,nan,nan,nan,nan,nan,nan,nan,nan,nan,nan,nan,nan,nan,nan,nan,nan,nan,nan,nan,0.23196405477505547
1791005278.6471863,1.2306046377441846,1.585596927982397,-1.5766885920771287,0.2336120145974177,1.9332029488222124,0.5,0.3937705876814189,0.0,0.0,-1.5361601151502318,-0.5373947569050113,0.1525840507884434,0.00257831483752845,0.33995901820669533,0.0,0.0,-0.13428385322149783,1.8652692332574001,-0.02489214364651958,-0.022541904130883958,0.0,0.0,0.0,-1.1122535903341306,1.745182647281951,0.007350955520823354,-0.23057454549176531,nan,nan,nan,nan,nan,nan,nan,0.00045651234040699904,0.0,0.0,-1.6741528076114978,1.9171799134686327,0.034072356023771205,-0.000616788419740739,nan,nan,nan,nan,nan,nan,nan,nan,nan,nan,nan,nan,nan,nan,0.2910770127980855,0.0,0.0,-1.5482695752869395,0.6497566994787566,0.23668920126444212,0.007265594529268688,nan,nan,nan,nan,nan,nan,nan,nan,nan,nan,nan,nan,nan,nan,nan,nan,nan,nan,nan,nan,nan,nan,nan,nan,nan,nan,nan,nan,nan,nan,nan,nan,nan,nan,nan,nan,nan,nan,nan,nan,nan,nan,nan,nan,nan,nan,nan,nan,nan,0.2435585365647344
1791005278.7480419,1.2302779412644929,1.5616174127920086,-1.577744842070561,0.23058978395654817,1.9395595286600111,0.5,0.35944958788004416,0.0,0.0,-1.520389405246703,-0.5374740409082639,0.13735963971965975,-0.009744186770286687,0.3093707180243506,0.0,0.0,-0.1337405876200495,1.8622967007756188,-0.0010346662138379687,-0.028158480374005104,0.0,0.0,0.0,-1.1129529582406803,1.7225076384887923,-0.0015258522600981967,-0.23468620994199402,nan,nan,nan,nan,nan,nan,nan,0.0004587649240416708,0.0,0.0,-1.6709377393218994,1.9169517498387771,0.0367522966541502,0.01828870730961127,nan,nan,nan,nan,nan,nan,nan,nan,nan,nan,nan,nan,nan,nan,0.3019875943388037,0.0,0.0,-1.5245696914788611,0.649855301740913,0.24611721982838652,0.01825599029512003,nan,nan,nan,nan,nan,nan,nan,nan,nan,nan,nan,nan,nan,nan,nan,nan,nan,nan,nan,nan,nan,nan,nan,nan,nan,nan,nan,nan,nan,nan,nan,nan,nan,nan,nan,nan,nan,nan,nan,nan,nan,nan,nan,nan,nan,nan,nan,nan,nan,0.24217712157539556
1791005278.8491929,1.2297491579727537,1.5377238866835827,-1.5773362007454923,0.23581141098467018,1.94530973410638,0.5,0.5162896550186468,0.0,0.0,-1.5047063934018718,-0.5374133938038597,0.16189517093641637,0.009271279030757824,0.28903962043973486,0.0,0.0,-0.13372713981244858,1.8598681119033313,0.01790228486704839,-0.026593297724270756,0.0,0.0,0.0,-1.113777143429015,1.6995344358515267,-0.012003625481010069,-0.23709978273757204,nan,nan,nan,nan,nan,nan,nan,0.00045042235492464747,0.0,0.0,-1.6716908169964408,1.9151672468185144,0.027518850020033816,-0.001371046285114856,nan,nan,nan,nan,nan,nan,nan,nan,nan,nan,nan,nan,nan,nan,0.26396472734692195,0.0,0.0,-1.5009063174019879,0.6502916127236034,0.235727616673798,0.02743879408812913,nan,nan,nan,nan,nan,nan,nan,nan,nan,nan,nan,nan,nan,nan,nan,nan,nan,nan,nan,nan,nan,nan,nan,nan,nan,nan,nan,nan,nan,nan,nan,nan,nan,nan,nan,nan,nan,nan,nan,nan,nan,nan,nan,nan,nan,nan,nan,nan,nan,0.24212226620110247
1791005278.9492323,1.22923177522664,1.5138736110116087,-1.5770603735534756,0.2458504608727974,1.9505142010008534,0.5,0.7425772097268512,0.0,0.0,-1.4889719010608142,-0.5375769810325137,0.172786473855153,-0.00699983821916003,0.28262727850154373,0.0,0.0,-0.13349388025590256,1.8577190646059003,0.02341626444054467,-0.030614582521318552,0.0,0.0,0.0,-1.1139665201001858,1.678897369992114,-0.009003452810972905,-0.22763889509309537,nan,nan,nan,nan,nan,nan,nan,0.0004510443223774932,0.0,0.0,-1.6688547504160618,1.915113993967206,0.024333546741938012,-0.00239409127702378,nan,nan,nan,nan,nan,nan,nan,nan,nan,nan,nan,nan,nan,nan,0.3066775835095068,0.0,0.0,-1.4772468649291255,0.6503857826835979,0.24195194039677317,0.030869861017952263,nan,nan,nan,nan,nan,nan,nan,nan,nan,nan,nan,nan,nan,nan,nan,nan,nan,nan,nan,nan,nan,nan,nan,nan,nan,nan,nan,nan,nan,nan,nan,nan,nan,nan,nan,nan,nan,nan,nan,nan,nan,nan,nan,nan,nan,nan,nan,nan,nan,0.2373857118627275
1791005279.0501702,1.228641851108474,1.4896664452194697,-1.576111895741825,0.2508405410637145,1.95522339738945,0.5,0.5984949293385811,0.0,0.0,-1.4721947536967892,-0.5377158726517196,0.16949342159174569,0.001830442198609888,0.296796147993054,0.0,0.0,-0.13328067265338872,1.8551706493703306,0.0022490880699079364,-0.02884736691693032,0.0,0.0,0.0,-1.1149543614255688,1.6545911860324067,-0.012102014850589964,-0.2107854367088657,nan,nan,nan,nan,nan,nan,nan,0.0004502276007181054,0.0,0.0,-1.6664898344434003,1.9152346966171754,0.03404922912471186,0.014485454031062717,nan,nan,nan,nan,nan,nan,nan,nan,nan,nan,nan,nan,nan,nan,0.3905493563831455,0.0,0.0,-1.4536474998697033,0.6498904177659416,0.23988906290276898,-0.0067854102597684676,nan,nan,nan,nan,nan,nan,nan,nan,nan,nan,nan,nan,nan,nan,nan,nan,nan,nan,nan,nan,nan,nan,nan,nan,nan,nan,nan,nan,nan,nan,nan,nan,nan,nan,nan,nan,nan,nan,nan,nan,nan,nan,nan,nan,nan,nan,nan,nan,nan,0.24806072242477878
1791005279.149884,1.228029409124105,1.4653740364192174,-1.5751937921765258,0.25661826919639463,1.9594667015945544,0.5,0.5936622467381036,0.0,0.0,-1.455317071561877,-0.5377810571342042,0.1672631098245307,0.0035054285729079226,0.2971209597021248,0.0,0.0,-0.13308769395577563,1.852371337829596,0.0013737353568500316,-0.025842975853852104,0.0,0.0,0.0,-1.115303085169214,1.6336776522574574,0.0023106261360966627,-0.19909619886348612,nan,nan,nan,nan,nan,nan,nan,0.0004564751593147021,0.0,0.0,-1.663853486560305,1.9151985110391925,0.043381798180022274,0.018616762689509365,nan,nan,nan,nan,nan,nan,nan,nan,nan,nan,nan,nan,nan,nan,0.3137900633317126,0.0,0.0,-1.4301314898910127,0.6501655414176178,0.2306668460618896,0.007899670802695768,nan,nan,nan,nan,nan,nan,nan,nan,nan,nan,nan,nan,nan,nan,nan,nan,nan,nan,nan,nan,nan,nan,nan,nan,nan,nan,nan,nan,nan,nan,nan,nan,nan,nan,nan,nan,nan,nan,nan,nan,nan,nan,nan,nan,nan,nan,nan,nan,nan,0.24472465656794998
1791005279.2491107,1.2274993128880198,1.4411210345336043,-1.5740287943219702,0.2655870737851658,1.9633230454472756,0.5,0.6147655669444207,0.0,0.0,-1.4385208395541653,-0.5379715589017603,0.1714404086998635,-0.004214950066179173,0.30698717579128304,0.0,0.0,-0.1329709260792233,1.8501748245113625,-0.0008625328762051014,-0.01861047167841136,0.0,0.0,0.0,-1.1157426439624638,1.6138565095643733,0.007486599832163885,-0.19521613056660925,nan,nan,nan,nan,nan,nan,nan,0.0004564751593147021,0.0,0.0,-1.6583000479714283,1.9167803460880228,0.03008074417562754,-0.0021061134514644823,nan,nan,nan,nan,nan,nan,nan,nan,nan,nan,nan,nan,nan,nan,0.27779398842273284,0.0,0.0,-1.406626526935889,0.6501164392992441,0.2449570624541018,0.027346218137867237,nan,nan,nan,nan,nan,nan,nan,nan,nan,nan,nan,nan,nan,nan,nan,nan,nan,nan,nan,nan,nan,nan,nan,nan,nan,nan,nan,nan,nan,nan,nan,nan,nan,nan,nan,nan,nan,nan,nan,nan,nan,nan,nan,nan,nan,nan,nan,nan,nan,0.24496179842700166
1791005279.3495603,1.2270008534068837,1.4168761291668461,-1.5741380522305295,0.27595997396781075,1.966813319130184,0.5,0.570414761347222,0.0,0.0,-1.4227610097891725,-0.5384381258084168,0.16460537616323911,-0.0019475474015491407,0.30827625290477945,0.0,0.0,-0.1329681183167976,1.8483797483245803,-0.0014536668844927843,-0.014796669587140715,0.0,0.0,0.0,-1.1161244614751589,1.5949785707905433,-0.012984631090656472,-0.1852414645597397,nan,nan,nan,nan,nan,nan,nan,0.0004564751593147021,0.0,0.0,-1.658621763783555,1.9148469996986235,0.007929096730674472,-0.011503717049494235,nan,nan,nan,nan,nan,nan,nan,nan,nan,nan,nan,nan,nan,nan,0.3340688628497845,0.0,0.0,-1.3831955358446812,0.6501809533241338,0.23942553024639532,0.007686221898448009,nan,nan,nan,nan,nan,nan,nan,nan,nan,nan,nan,nan,nan,nan,nan,nan,nan,nan,nan,nan,nan,nan,nan,nan,nan,nan,nan,nan,nan,nan,nan,nan,nan,nan,nan,nan,nan,nan,nan,nan,nan,nan,nan,nan,nan,nan,nan,nan,nan,0.2410750446670868
1791005279.4490337,1.226534492241659,1.3926075862945106,-1.5733516674472234,0.2886572280186088,1.9699693681879629,0.5,0.4763501427951322,0.0,0.0,-1.4062443194834682,-0.5382806033949369,0.16452573388930378,0.003115733074458327,0.3154969049483687,0.0,0.0,-0.13291807890710236,1.8470330345451753,5.902885354914429e-05,-0.012012233957581076,0.0,0.0,0.0,-1.1166825230564452,1.5765077236115776,-0.026460755972324772,-0.18185794846647463,nan,nan,nan,nan,nan,nan,nan,0.0004564751593147021,0.0,0.0,-1.6561221797013495,1.9149385997595791,0.018481742457410653,0.0003604142169064779,nan,nan,nan,nan,nan,nan,nan,nan,nan,nan,nan,nan,nan,nan,0.3564279611690414,0.0,0.0,-1.3596183564885644,0.6499819194287981,0.2397286120878171,-0.008871168403693551,nan,nan,nan,nan,nan,nan,nan,nan,nan,nan,nan,nan,nan,nan,nan,nan,nan,nan,nan,nan,nan,nan,nan,nan,nan,nan,nan,nan,nan,nan,nan,nan,nan,nan,nan,nan,nan,nan,nan,nan,nan,nan,nan,nan,nan,nan,nan,nan,nan,0.2452912311867428
1791005279.5491035,1.2261586640624345,1.3682904484384693,-1.5750241516942767,0.30184606577731815,1.9728271606402774,0.5,0.5329548526750666,0.0,0.0,-1.3905883050559953,-0.5387090791170677,0.17257303783854164,0.0035441751726355774,0.3189285095645713,0.0,0.0,-0.1328849597787733,1.845879016519875,0.0005629829022419066,-0.010085544980074045,0.0,0.0,0.0,-1.1168644967945118,1.5589362868952257,0.0056403570463476795,-0.17125900919723056,nan,nan,nan,nan,nan,nan,nan,0.0004564751593147021,0.0,0.0,-1.6546196406445655,1.9147129515481638,0.020455391814586214,-0.002227939229444727,nan,nan,nan,nan,nan,nan,nan,nan,nan,nan,nan,nan,nan,nan,0.3750087971749713,0.0,0.0,-1.3361375379736353,0.6497652078826607,0.22926820296536823,-0.02259428517636826,nan,nan,nan,nan,nan,nan,nan,nan,nan,nan,nan,nan,nan,nan,nan,nan,nan,nan,nan,nan,nan,nan,nan,nan,nan,nan,nan,nan,nan,nan,nan,nan,nan,nan,nan,nan,nan,nan,nan,nan,nan,nan,nan,nan,nan,nan,nan,nan,nan,0.24160574732489942
1791005279.6495385,1.2259095498849,1.3441478111998357,-1.576510364513585,0.31644588591731454,1.9754129981849622,0.5,0.5508222248469019,0.0,0.0,-1.3738726543146609,-0.5385992353988511,0.16862605518339807,0.0010020529546139376,0.31840828744450067,0.0,0.0,-0.13303866974918238,1.8451120163582808,0.0018735578572690616,-0.00789596093743216,0.0,0.0,0.0,-1.1172327980665333,1.542080855705948,0.007352510085375012,-0.1612188754570963,nan,nan,nan,nan,nan,nan,nan,0.0004564751593147021,0.0,0.0,-1.652611115227529,1.9145711403859653,0.0054810965244018565,-0.02485033559681528,nan,nan,nan,nan,nan,nan,nan,nan,nan,nan,nan,nan,nan,nan,0.29256531955256687,0.0,0.0,-1.3124107372833695,0.6498787000560489,0.2303561039957156,0.008105947218639137,nan,nan,nan,nan,nan,nan,nan,nan,nan,nan,nan,nan,nan,nan,nan,nan,nan,nan,nan,nan,nan,nan,nan,nan,nan,nan,nan,nan,nan,nan,nan,nan,nan,nan,nan,nan,nan,nan,nan,nan,nan,nan,nan,nan,nan,nan,nan,nan,nan,0.23393893286597375
1791005279.7490273,1.2254580988703723,1.3200134864858144,-1.5779887469850347,0.3336120678232969,1.9777512375438986,0.5,0.5465683814687318,0.0,0.0,-1.357340515424505,-0.5386070104549002,0.15476109555682424,-0.0031245594514932194,0.3063143721099519,0.0,0.0,-0.13269318384877235,1.844281277924696,0.0017850798417645695,-0.006606076579014621,0.0,0.0,0.0,-1.1181343253325056,1.5260703113534975,-0.010216081439526854,-0.15640003747227588,nan,nan,nan,nan,nan,nan,nan,0.0004564751593147021,0.0,0.0,-1.6498802822520797,1.9149099999019135,0.05466719723581527,0.023059188074365505,nan,nan,nan,nan,nan,nan,nan,nan,nan,nan,nan,nan,nan,nan,0.3719815384643085,0.0,0.0,-1.2887946252924718,0.6494777841560735,0.23927403161422878,0.006203783722018516,nan,nan,nan,nan,nan,nan,nan,nan,nan,nan,nan,nan,nan,nan,nan,nan,nan,nan,nan,nan,nan,nan,nan,nan,nan,nan,nan,nan,nan,nan,nan,nan,nan,nan,nan,nan,nan,nan,nan,nan,nan,nan,nan,nan,nan,nan,nan,nan,nan,0.2301884030039759
1791005279.8490872,1.2250140154589721,1.2960742508209233,-1.578456019051646,0.35116471591337595,1.9798684872181096,0.5,0.49751111955065763,0.0,0.0,-1.3410043216863747,-0.538300731413708,0.15867619558462814,0.008679382474667655,0.3055260497557222,0.0,0.0,-0.13263591475104647,1.8436496175153068,0.0005763149732009841,-0.005157297331006111,0.0,0.0,0.0,-1.118441821511454,1.510625570533839,0.004102985424071505,-0.15211786218544882,nan,nan,nan,nan,nan,nan,nan,0.0004564751593147021,0.0,0.0,-1.6468658736942134,1.9146455820108104,0.04579277918112902,-0.00021847861567719182,nan,nan,nan,nan,nan,nan,nan,nan,nan,nan,nan,nan,nan,nan,0.3029384991957162,0.0,0.0,-1.2652821477941913,0.6489630981959379,0.23622217501757176,0.019054471815684076,nan,nan,nan,nan,nan,nan,nan,nan,nan,nan,nan,nan,nan,nan,nan,nan,nan,nan,nan,nan,nan,nan,nan,nan,nan,nan,nan,nan,nan,nan,nan,nan,nan,nan,nan,nan,nan,nan,nan,nan,nan,nan,nan,nan,nan,nan,nan,nan,nan,0.23696635193874124
1791005279.9494617,1.2280591146950723,1.2663852131499334,-1.5869523323604957,0.3743367254696532,1.9817830793049915,0.5,0.5002649817540504,0.0,0.0,-1.3251731741359534,-0.538412957342329,0.17340629501523,0.010644285144320668,0.3069765285562374,0.0,0.0,-0.1326060776512107,1.8431454037486212,0.0007392028935737574,-0.0048184070411185385,0.0,0.0,0.0,-1.1189321884955659,1.4958808832982955,-0.0032426975595131807,-0.1433986821965097,nan,nan,nan,nan,nan,nan,nan,0.0004564751593147021,0.0,0.0,-1.642269344533123,1.9147129874770392,0.06480992517388012,0.021992492268857914,nan,nan,nan,nan,nan,nan,nan,nan,nan,nan,nan,nan,nan,nan,0.3343673929342364,0.0,0.0,-1.2417431055727217,0.6485164040496857,0.24480483737233807,-0.0008236646297181886,nan,nan,nan,nan,nan,nan,nan,nan,nan,nan,nan,nan,nan,nan,nan,nan,nan,nan,nan,nan,nan,nan,nan,nan,nan,nan,nan,nan,nan,nan,nan,nan,nan,nan,nan,nan,nan,nan,nan,nan,nan,nan,nan,nan,nan,nan,nan,nan,nan,0.2518628832171799
1791005280.0495117,1.2274920764701087,1.2423352976708721,-1.5843151119848748,0.4025134289762429,1.983516648510536,0.5,0.4844889193225188,0.0,0.0,-1.309238601585986,-0.5385046099365334,0.16130791422341373,0.0022605533885481136,0.3036169602834755,0.0,0.0,-0.13255679846588755,1.8426776190291212,0.0012630236446027243,-0.005404806094855559,0.0,0.0,0.0,-1.11929649632131,1.4815629852054537,-0.0024077318576750033,-0.1373961300406582,nan,nan,nan,nan,nan,nan,nan,0.0004564751593147021,0.0,0.0,-1.6343306301946732,1.9163006059132155,0.0510715275038202,-0.0012713035853103168,nan,nan,nan,nan,nan,nan,nan,nan,nan,nan,nan,nan,nan,nan,0.32435610446659574,0.0,0.0,-1.2184281071786842,0.6480169815343874,0.2356111652743705,-0.001538997987598691,nan,nan,nan,nan,nan,nan,nan,nan,nan,nan,nan,nan,nan,nan,nan,nan,nan,nan,nan,nan,nan,nan,nan,nan,nan,nan,nan,nan,nan,nan,nan,nan,nan,nan,nan,nan,nan,nan,nan,nan,nan,nan,nan,nan,nan,nan,nan,nan,nan,0.2480858929783362
1791005280.1487305,1.226676335890289,1.2185423668315845,-1.5817648437376992,0.4243550277958137,1.9850848829586323,0.5,0.6935026618759614,0.0,0.0,-1.292461735949699,-0.5384950131887968,0.16532630954454194,-0.0019687098823693394,0.27934522197408285,0.0,0.0,-0.13253271000385705,1.842184042379789,-0.0003756265948038471,-0.006414706903158555,0.0,0.0,0.0,-1.11949456285625,1.4682389702607277,0.01606389144150731,-0.1307505198804857,nan,nan,nan,nan,nan,nan,nan,0.0004564751593147021,0.0,0.0,-1.6289620805399534,1.9164628502718113,0.04817346312641656,0.00062946804069272,nan,nan,nan,nan,nan,nan,nan,nan,nan,nan,nan,nan,nan,nan,0.4699458625513401,0.0,0.0,-1.1956059848510536,0.6451507339803528,0.22943425935860456,-0.01982287327616523,nan,nan,nan,nan,nan,nan,nan,nan,nan,nan,nan,nan,nan,nan,nan,nan,nan,nan,nan,nan,nan,nan,nan,nan,nan,nan,nan,nan,nan,nan,nan,nan,nan,nan,nan,nan,nan,nan,nan,nan,nan,nan,nan,nan,nan,nan,nan,nan,nan,0.2373926564141638
1791005280.2491114,1.2267008948094802,1.1945428341198632,-1.5753315537269572,0.44289297218976953,1.986504190045984,0.5,0.7277798117011299,0.0,0.0,-1.2759539696457003,-0.5382769228189104,0.16813513834727778,0.0003875854389035197,0.2838659152162291,0.0,0.0,-0.13247412073558087,1.8415977504761498,0.001010346891736244,-0.0063151406230642654,0.0,0.0,0.0,-1.1196948127112196,1.4557371391416833,-0.0026584979671727396,-0.1261003457891735,nan,nan,nan,nan,nan,nan,nan,0.0004564751593147021,0.0,0.0,-1.6243562546651256,1.916222224396768,0.04764640205202281,0.0017540985395192977,nan,nan,nan,nan,nan,nan,nan,nan,nan,nan,nan,nan,nan,nan,0.4706158501433028,0.0,0.0,-1.171940512237195,0.6445639974515841,0.23209246450670742,-0.009737975406745439,nan,nan,nan,nan,nan,nan,nan,nan,nan,nan,nan,nan,nan,nan,nan,nan,nan,nan,nan,nan,nan,nan,nan,nan,nan,nan,nan,nan,nan,nan,nan,nan,nan,nan,nan,nan,nan,nan,nan,nan,nan,nan,nan,nan,nan,nan,nan,nan,nan,0.22346218229828738
1791005280.3495266,1.2261529529957704,1.1706727983055634,-1.572923912563511,0.47236631298204,1.9877884861645032,0.5,0.6152231961353487,0.0,0.0,-1.2609624163563564,-0.5380050565034584,0.14265023914252592,-0.004515430813489912,0.27073840131808447,0.0,0.0,-0.13243713956097167,1.8409898031147973,0.0009403209524149088,-0.006206773035329618,0.0,0.0,0.0,-1.1200728081633637,1.4436935957119175,0.002208362541954333,-0.12465051751202792,nan,nan,nan,nan,nan,nan,nan,0.0004564751593147021,0.0,0.0,-1.6194767265002383,1.9162023810369928,0.04908612363242815,0.0017619675880599472,nan,nan,nan,nan,nan,nan,nan,nan,nan,nan,nan,nan,nan,nan,0.45169145468259503,0.0,0.0,-1.1482267069043024,0.6444692915613595,0.23350600646688383,-0.000997813868441686,nan,nan,nan,nan,nan,nan,nan,nan,nan,nan,nan,nan,nan,nan,nan,nan,nan,nan,nan,nan,nan,nan,nan,nan,nan,nan,nan,nan,nan,nan,nan,nan,nan,nan,nan,nan,nan,nan,nan,nan,nan,nan,nan,nan,nan,nan,nan,nan,nan,0.2276558366547196
1791005280.449508,1.2259282368231483,1.1466856259600173,-1.57138407548037,0.5054998487539739,1.9889505131070135,0.5,0.3065590433210838,0.0,0.0,-1.2466859328365825,-0.5379162276182493,0.13869333213665672,0.01280362406738587,0.305534322016022,0.0,0.0,-0.1323875607719317,1.840449171855335,0.0007429119435738733,-0.004210807245544915,0.0,0.0,0.0,-1.1204672118811883,1.4323529609713086,-0.00811520670166078,-0.11241526280547424,nan,nan,nan,nan,nan,nan,nan,0.0004564751593147021,0.0,0.0,-1.614925823859034,1.9161698484382805,0.028024804820012725,0.011692936353636583,nan,nan,nan,nan,nan,nan,nan,nan,nan,nan,nan,nan,nan,nan,0.3665966614335906,0.0,0.0,-1.1238557637719324,0.6479108325347902,0.24209179689474003,-0.007981532706298209,nan,nan,nan,nan,nan,nan,nan,nan,nan,nan,nan,nan,nan,nan,nan,nan,nan,nan,nan,nan,nan,nan,nan,nan,nan,nan,nan,nan,nan,nan,nan,nan,nan,nan,nan,nan,nan,nan,nan,nan,nan,nan,nan,nan,nan,nan,nan,nan,nan,0.24756205258344824
1791005280.5480108,1.225319130301393,1.1230354744904743,-1.5687708489427046,0.5385173589687318,1.9900013716454272,0.5,0.20871582908613195,0.0,0.0,-1.2342914688015787,-0.5379096021370274,0.11027759113386247,0.005934970443420897,0.30923135993406003,0.0,0.0,-0.13234145986068677,1.8399789829557263,-0.0004259034012452171,-0.004296572143528872,0.0,0.0,0.0,-1.1207984561975968,1.4214273083103288,0.005096697488694336,-0.10450385341646193,nan,nan,nan,nan,nan,nan,nan,0.0004564751593147021,0.0,0.0,-1.6102249742313295,1.9159921532469657,0.016470986131183873,0.006773402476673075,nan,nan,nan,nan,nan,nan,nan,nan,nan,nan,nan,nan,nan,nan,0.3925836255554058,0.0,0.0,-1.1001728262283763,0.6475165606280657,0.24461095951226475,-1.1652100172090691e-05,nan,nan,nan,nan,nan,nan,nan,nan,nan,nan,nan,nan,nan,nan,nan,nan,nan,nan,nan,nan,nan,nan,nan,nan,nan,nan,nan,nan,nan,nan,nan,nan,nan,nan,nan,nan,nan,nan,nan,nan,nan,nan,nan,nan,nan,nan,nan,nan,nan,0.2336145488440444
1791005280.649239,1.2249243259411964,1.099232758093597,-1.566604886959635,0.4948946041817511,1.9909528669345604,0.5,0.21909700459836087,0.0,0.0,-1.2221872441865427,-0.5378490169560276,0.11461436216849272,0.004737347192062565,0.30923135993406003,0.0,0.0,-0.1323216380475498,1.8395903217136276,-3.462418812589187e-05,-0.003923433592582999,0.0,0.0,0.0,-1.1211766195879727,1.4114096721276113,0.0014649410525256854,-0.09169910830271917,nan,nan,nan,nan,nan,nan,nan,0.0004564751593147021,0.0,0.0,-1.606401193679906,1.9161503604496026,0.030124971470916324,0.001478584064696659,nan,nan,nan,nan,nan,nan,nan,nan,nan,nan,nan,nan,nan,nan,0.35252891721932755,0.0,0.0,-1.0768446883695202,0.6465224433561636,0.23807010902129336,0.003730698067272547,nan,nan,nan,nan,nan,nan,nan,nan,nan,nan,nan,nan,nan,nan,nan,nan,nan,nan,nan,nan,nan,nan,nan,nan,nan,nan,nan,nan,nan,nan,nan,nan,nan,nan,nan,nan,nan,nan,nan,nan,nan,nan,nan,nan,nan,nan,nan,nan,nan,0.23234966608031393
1791005280.749268,1.2208683419421258,1.0806344185242147,-1.555990163961467,0.46800494856166436,1.9918138154745664,0.5,0.48587991145110787,0.0,0.0,-1.212071738556699,-0.5376689192586971,0.0949058294195678,0.0009397133724614093,0.30923135993406003,0.0,0.0,-0.13230441047935135,1.8391739885831613,0.00021286633807129676,-0.004098723839212874,0.0,0.0,0.0,-1.121336155803081,1.4020074322745577,-0.008254863790770102,-0.08810703344133289,nan,nan,nan,nan,nan,nan,nan,0.0004564751593147021,0.0,0.0,-1.6030820862962647,1.9161328859289273,0.0334377333317321,-0.0017759007309185372,nan,nan,nan,nan,nan,nan,nan,nan,nan,nan,nan,nan,nan,nan,0.658339732117419,0.0,0.0,-1.0534355679066554,0.646080733544594,0.23890947723186215,-0.003250380209143683,nan,nan,nan,nan,nan,nan,nan,nan,nan,nan,nan,nan,nan,nan,nan,nan,nan,nan,nan,nan,nan,nan,nan,nan,nan,nan,nan,nan,nan,nan,nan,nan,nan,nan,nan,nan,nan,nan,nan,nan,nan,nan,nan,nan,nan,nan,nan,nan,nan,0.19165939072275537
1791005280.8493345,1.2206279975521113,1.0567693484239904,-1.5537114709967699,0.43185813066053425,1.992592833929285,0.5,0.2642982779941642,0.0,0.0,-1.2032268970949362,-0.5373894203319152,0.08495922690116287,-0.004439177132942525,0.30923135993406003,0.0,0.0,-0.1322810761390904,1.8387544840104582,-0.00011188098242706466,-0.003992242629317681,0.0,0.0,0.0,-1.1184615291827198,1.3920562848973927,-0.002057396735075965,-0.08429684993917658,nan,nan,nan,nan,nan,nan,nan,0.0004564751593147021,0.0,0.0,-1.5979412116907599,1.9158270620342632,0.07583895879319436,-0.002153629602136938,nan,nan,nan,nan,nan,nan,nan,nan,nan,nan,nan,nan,nan,nan,0.5505570401350023,0.0,0.0,-1.0302651017020161,0.6456155386896552,0.23113831562227277,-0.011738753768601772,nan,nan,nan,nan,nan,nan,nan,nan,nan,nan,nan,nan,nan,nan,nan,nan,nan,nan,nan,nan,nan,nan,nan,nan,nan,nan,nan,nan,nan,nan,nan,nan,nan,nan,nan,nan,nan,nan,nan,nan,nan,nan,nan,nan,nan,nan,nan,nan,nan,0.2081898606197078
1791005280.9505584,1.2198888712417815,1.0337819942271937,-1.5568953309327154,0.3955965690261199,1.9932977189766,0.5,0.06565603811831262,0.0,0.0,-1.1961394127785137,-0.537344506527376,0.06778738954994352,0.0033335530768057887,0.30923135993406003,0.0,0.0,-0.13239813773440864,1.8383870217489022,-0.000895008784068423,-0.003831362653496779,0.0,0.0,0.0,-1.1188396922364658,1.3840480295844928,0.003738382605121356,-0.07617830832193034,nan,nan,nan,nan,nan,nan,nan,0.0004564751593147021,0.0,0.0,-1.5972361464931708,1.9140013241281013,0.038068546578447715,-0.0023027736626846755,nan,nan,nan,nan,nan,nan,nan,nan,nan,nan,nan,nan,nan,nan,0.35036782442880987,0.0,0.0,-1.007047156189018,0.6452107917637029,0.2242597699621194,-0.012435505615936922,nan,nan,nan,nan,nan,nan,nan,nan,nan,nan,nan,nan,nan,nan,nan,nan,nan,nan,nan,nan,nan,nan,nan,nan,nan,nan,nan,nan,nan,nan,nan,nan,nan,nan,nan,nan,nan,nan,nan,nan,nan,nan,nan,nan,nan,nan,nan,nan,nan,0.24198458760402553
1791005281.0492108,1.219876476687947,1.0099616862311531,-1.555343137979513,0.3621711862272927,1.9939350307587567,0.5,0.045631070445245635,0.0,0.0,-1.1894596058161975,-0.5373880360655241,0.05873956389484625,-0.0033808313324601817,0.30923135993406003,0.0,0.0,-0.1323841183742161,1.8378631008701174,0.0012979735522122644,-0.005298111502176968,0.0,0.0,0.0,-1.1189974354740813,1.3765650218736145,-0.00652075479382447,-0.07267473436001307,nan,nan,nan,nan,nan,nan,nan,0.0004564751593147021,0.0,0.0,-1.58688621416652,1.9158946114610749,0.05847558253116984,0.00014956592698198504,nan,nan,nan,nan,nan,nan,nan,nan,nan,nan,nan,nan,nan,nan,0.29673474093784136,0.0,0.0,-0.983761404026123,0.6448238240301081,0.22194150373771085,-0.001243686165678735,nan,nan,nan,nan,nan,nan,nan,nan,nan,nan,nan,nan,nan,nan,nan,nan,nan,nan,nan,nan,nan,nan,nan,nan,nan,nan,nan,nan,nan,nan,nan,nan,nan,nan,nan,nan,nan,nan,nan,nan,nan,nan,nan,nan,nan,nan,nan,nan,nan,0.2434057804562096
1791005281.148011,1.2216097762924045,0.9840116244226782,-1.5508037228920215,0.3315479830935932,1.9945121888903277,0.5,0.02880074349908861,0.0,0.0,-1.1843640623923224,-0.5372785942747873,0.046916632911911005,0.0026406090442984754,0.30923135993406003,0.0,0.0,-0.1323710580686347,1.837246588135842,0.0002185310357814411,-0.007933364351452426,0.0,0.0,0.0,-1.1211637862501402,1.3713301276763266,0.0015829996207243646,-0.06641653925396718,nan,nan,nan,nan,nan,nan,nan,0.0004564751593147021,0.0,0.0,-1.5803489443983467,1.9158614940158472,0.07910769195838266,0.0050596240917372415,nan,nan,nan,nan,nan,nan,nan,nan,nan,nan,nan,nan,nan,nan,0.3025982611247455,0.0,0.0,-0.9604214352268486,0.6442351622522602,0.23385799699784543,-0.0015736528298755618,nan,nan,nan,nan,nan,nan,nan,nan,nan,nan,nan,nan,nan,nan,nan,nan,nan,nan,nan,nan,nan,nan,nan,nan,nan,nan,nan,nan,nan,nan,nan,nan,nan,nan,nan,nan,nan,nan,nan,nan,nan,nan,nan,nan,nan,nan,nan,nan,nan,0.2548874394891145
1791005281.2486613,1.2215738602066823,0.9603403388271106,-1.5490224929705914,0.3038558775494591,1.9950341021587592,0.5,0.031149895518314385,0.0,0.0,-1.179599194603155,-0.5371274402772684,0.05004583252345435,0.00027348866850944676,0.30923135993406003,0.0,0.0,-0.1323823259562649,1.836399783162492,0.019798207463715797,-0.0164510063690276,0.0,0.0,0.0,-1.1212985264120279,1.364997168981525,0.0015891551900245673,-0.06358360573709261,nan,nan,nan,nan,nan,nan,nan,0.0004564751593147021,0.0,0.0,-1.5732976572529953,1.9154547867835976,0.0857530762564438,-0.0036198413318156873,nan,nan,nan,nan,nan,nan,nan,nan,nan,nan,nan,nan,nan,nan,0.3709903695114196,0.0,0.0,-0.9371298466718891,0.6435657268414751,0.24716586762783382,-0.012613734513655002,nan,nan,nan,nan,nan,nan,nan,nan,nan,nan,nan,nan,nan,nan,nan,nan,nan,nan,nan,nan,nan,nan,nan,nan,nan,nan,nan,nan,nan,nan,nan,nan,nan,nan,nan,nan,nan,nan,nan,nan,nan,nan,nan,nan,nan,nan,nan,nan,nan,0.2522242204496693
1791005281.3494005,1.2244250195920026,0.933166982011744,-1.5544256674268813,0.362662765947316,1.9955066698187673,0.5,0.0012504003633978294,0.0,0.0,-1.1757800457296304,-0.5373190626287304,0.038309973203044176,0.0011314859197409136,0.6949209523915745,0.0,0.0,-0.13226658604436783,1.8350359016494695,3.633344885623817e-05,-0.020462469036299943,0.0,0.0,0.0,-1.1214680291379335,1.359041656458658,0.002914692214753691,-0.05668867469602923,nan,nan,nan,nan,nan,nan,nan,0.0004564751593147021,0.0,0.0,-1.56501326948306,1.9157232229384251,0.0722222268838059,0.0005465967750477467,nan,nan,nan,nan,nan,nan,nan,nan,nan,nan,nan,nan,nan,nan,0.02565156995837041,0.0,0.0,-0.9139115570383388,0.6427263954609589,0.2384246291494077,-0.0033877102632015287,nan,nan,nan,nan,nan,nan,nan,nan,nan,nan,nan,nan,nan,nan,nan,nan,nan,nan,nan,nan,nan,nan,nan,nan,nan,nan,nan,nan,nan,nan,nan,nan,nan,nan,nan,nan,nan,nan,nan,nan,nan,nan,nan,nan,nan,nan,nan,nan,nan,0.5594400093884295
1791005281.449221,1.2242829867252418,0.9096814449409003,-1.551161658228132,0.33173512097036034,1.9959342537296976,0.5,0.02012474451014296,0.0,0.0,-1.1724393124641306,-0.5371862956999159,0.029058404370554354,0.001761269815552849,0.6949209523915745,0.0,0.0,-0.13211842776235402,1.8328927536375097,0.0014232879558938767,-0.019105993711471078,0.0,0.0,0.0,-1.1222772912768955,1.353354548247946,-0.005437747825293271,-0.056478064283239475,nan,nan,nan,nan,nan,nan,nan,0.0004564751593147021,0.0,0.0,-1.5561972804949782,1.9155389915059502,0.08074356476507939,0.007403163635467733,nan,nan,nan,nan,nan,nan,nan,nan,nan,nan,nan,nan,nan,nan,0.40019849444402833,0.0,0.0,-0.8907024529080745,0.6417366090163446,0.24135808414062204,-0.008370453421671937,nan,nan,nan,nan,nan,nan,nan,nan,nan,nan,nan,nan,nan,nan,nan,nan,nan,nan,nan,nan,nan,nan,nan,nan,nan,nan,nan,nan,nan,nan,nan,nan,nan,nan,nan,nan,nan,nan,nan,nan,nan,nan,nan,nan,nan,nan,nan,nan,nan,0.23572691508617052
1791005281.5492222,1.2242590473666597,0.8860056930665695,-1.5486261189365136,0.3034845693808931,1.9963211606417,0.5,0.01803647160916267,0.0,0.0,-1.1696794968066684,-0.5370819795173946,0.023885889439524844,0.0011616353888159244,0.6949209523915745,0.0,0.0,-0.131918915996627,1.831020575640823,0.0016016153612390576,-0.020241138791105173,0.0,0.0,0.0,-1.1222329194465086,1.3480645705010894,0.018267507146206542,-0.05407313895172823,nan,nan,nan,nan,nan,nan,nan,0.0004564751593147021,0.0,0.0,-1.5478505964824483,1.9153276892492033,0.08667936565028002,-0.004037369221576741,nan,nan,nan,nan,nan,nan,nan,nan,nan,nan,nan,nan,nan,nan,0.39715555921208884,0.0,0.0,-0.867776540508,0.6407238398857954,0.23569848899214185,-0.018112191951123256,nan,nan,nan,nan,nan,nan,nan,nan,nan,nan,nan,nan,nan,nan,nan,nan,nan,nan,nan,nan,nan,nan,nan,nan,nan,nan,nan,nan,nan,nan,nan,nan,nan,nan,nan,nan,nan,nan,nan,nan,nan,nan,nan,nan,nan,nan,nan,nan,nan,0.2433754007393454
1791005281.648098,1.2244232072769405,0.8622475028037389,-1.5456421070596083,0.2777560511986682,1.9966712484929845,0.5,0.01546018509091768,0.0,0.0,-1.167346998248186,-0.5370220497541961,0.01960566018928445,-0.000372322370126564,0.6949209523915745,0.0,0.0,-0.13174880489966304,1.8290859916088213,0.00244019962855612,-0.019771482460345477,0.0,0.0,0.0,-1.1224746745669516,1.3429039832914216,-0.0048813132559395005,-0.04971444678991768,nan,nan,nan,nan,nan,nan,nan,0.0004564751593147021,0.0,0.0,-1.5391383543416388,1.9153964582376668,0.08342263258374386,-0.002728288222090805,nan,nan,nan,nan,nan,nan,nan,nan,nan,nan,nan,nan,nan,nan,0.3213103675126009,0.0,0.0,-0.8448621339728715,0.6397005859406985,0.21391725624429717,-0.012686536509039312,nan,nan,nan,nan,nan,nan,nan,nan,nan,nan,nan,nan,nan,nan,nan,nan,nan,nan,nan,nan,nan,nan,nan,nan,nan,nan,nan,nan,nan,nan,nan,nan,nan,nan,nan,nan,nan,nan,nan,nan,nan,nan,nan,nan,nan,nan,nan,nan,nan,0.242900091791512
1791005281.7511218,1.2246947795738234,0.838420881168552,-1.5428084577969365,0.2542033011991288,1.996987956587247,0.5,0.011331728718857067,0.0,0.0,-1.1655713062719568,-0.5370632578802463,0.015969793177563866,-0.0009727965450701123,0.6949209523915745,0.0,0.0,-0.13158095587801064,1.8268419350123706,0.0010513652741013936,-0.022643807790949613,0.0,0.0,0.0,-1.1228905220126688,1.3378717163625518,-0.0042237515532030975,-0.04651993814653175,nan,nan,nan,nan,nan,nan,nan,0.0004564751593147021,0.0,0.0,-1.5305446047990579,1.9155236226004035,0.06393670449182617,0.00864396072116683,nan,nan,nan,nan,nan,nan,nan,nan,nan,nan,nan,nan,nan,nan,0.3315930937164853,0.0,0.0,-0.8220970711954196,0.6387069351466821,0.2150418581901205,-0.00899467511472942,nan,nan,nan,nan,nan,nan,nan,nan,nan,nan,nan,nan,nan,nan,nan,nan,nan,nan,nan,nan,nan,nan,nan,nan,nan,nan,nan,nan,nan,nan,nan,nan,nan,nan,nan,nan,nan,nan,nan,nan,nan,nan,nan,nan,nan,nan,nan,nan,nan,0.2282748154558274
1791005281.8493428,1.2249029999326277,0.8145241929164788,-1.5410673779642978,0.23287768091648292,1.997274590414721,0.5,0.01002098480393722,0.0,0.0,-1.1640048601088422,-0.5371425438575048,0.015724608156920578,-0.0005762181089633298,0.6949209523915745,0.0,0.0,-0.13183693692395274,1.8245568845948203,-0.021421196744445283,-0.01844466003460984,0.0,0.0,0.0,-1.122759261526653,1.333175103386767,0.0030132948647456997,-0.04551315191081706,nan,nan,nan,nan,nan,nan,nan,0.0004564751593147021,0.0,0.0,-1.5222796356221537,1.9152061381532168,0.07651508520874707,-0.0033783861917846348,nan,nan,nan,nan,nan,nan,nan,nan,nan,nan,nan,nan,nan,nan,0.35707262750060015,0.0,0.0,-0.798872310563096,0.6373790622849881,0.2322994419604088,-0.0026710485541925582,nan,nan,nan,nan,nan,nan,nan,nan,nan,nan,nan,nan,nan,nan,nan,nan,nan,nan,nan,nan,nan,nan,nan,nan,nan,nan,nan,nan,nan,nan,nan,nan,nan,nan,nan,nan,nan,nan,nan,nan,nan,nan,nan,nan,nan,nan,nan,nan,nan,0.22601714769403733
1791005281.949237,1.225427592071289,0.7906341903056269,-1.5421999679780565,0.2134762129980219,1.9975339013829914,0.5,0.008989658683431915,0.0,0.0,-1.1627106519890276,-0.5371609285591374,0.012170632329533302,0.00012780568896598096,0.6949209523915745,0.0,0.0,-0.131526612648522,1.8219159111144214,0.002030140300210341,-0.026697358025911035,0.0,0.0,0.0,-1.1229796193844457,1.32864056986645,-0.002740258416380559,-0.04304819126024957,nan,nan,nan,nan,nan,nan,nan,0.0004564751593147021,0.0,0.0,-1.5141194652471972,1.91514263820771,0.09262440657087387,-0.005917823682665474,nan,nan,nan,nan,nan,nan,nan,nan,nan,nan,nan,nan,nan,nan,0.3589554906124173,0.0,0.0,-0.7756550589903777,0.6362143402755392,0.23522955887496497,-0.00503140563409001,nan,nan,nan,nan,nan,nan,nan,nan,nan,nan,nan,nan,nan,nan,nan,nan,nan,nan,nan,nan,nan,nan,nan,nan,nan,nan,nan,nan,nan,nan,nan,nan,nan,nan,nan,nan,nan,nan,nan,nan,nan,nan,nan,nan,nan,nan,nan,nan,nan,0.23044924496730115
1791005282.0492256,1.2258859040559658,0.7665607452797559,-1.543736768418227,0.1959742988442014,1.997768447876385,0.5,0.009016356138354855,0.0,0.0,-1.1615182243559719,-0.5371307942887099,0.011807475562160944,0.0005706269110017929,0.6949209523915745,0.0,0.0,-0.13035980924091894,1.818783010722357,0.048398863820325,-0.032928659157963,0.0,0.0,0.0,-1.1232036330103612,1.3240842714102932,-5.1777922970375694e-05,-0.04274231595193768,nan,nan,nan,nan,nan,nan,nan,0.0004564751593147021,0.0,0.0,-1.505195341534864,1.9148730531163871,0.09725630232617598,-0.00949531552338112,nan,nan,nan,nan,nan,nan,nan,nan,nan,nan,nan,nan,nan,nan,0.3440925065501616,0.0,0.0,-0.7528287198852751,0.6349882682061415,0.24136123457742759,-0.002872319558687741,nan,nan,nan,nan,nan,nan,nan,nan,nan,nan,nan,nan,nan,nan,nan,nan,nan,nan,nan,nan,nan,nan,nan,nan,nan,nan,nan,nan,nan,nan,nan,nan,nan,nan,nan,nan,nan,nan,nan,nan,nan,nan,nan,nan,nan,nan,nan,nan,nan,0.24101575000792297
1791005282.1489975,1.2263143395925682,0.7426531569173441,-1.5449375104068097,0.17996514289755058,1.997980808137592,0.5,0.009242985707279949,0.0,0.0,-1.1605264201157737,-0.5370860532896227,0.00895123946311925,0.00027079113605365905,0.6949209523915745,0.0,0.0,-0.13004588594866776,1.8155554915198098,0.0030580638728010374,-0.03970024848233432,0.0,0.0,0.0,-1.123082476222484,1.3196940679191633,0.00022562581209512744,-0.04678343232773892,nan,nan,nan,nan,nan,nan,nan,0.0004564751593147021,0.0,0.0,-1.495813427708324,1.9149205768340114,0.10559512752335991,0.005278028028834453,nan,nan,nan,nan,nan,nan,nan,nan,nan,nan,nan,nan,nan,nan,0.33260409672210406,0.0,0.0,-0.7300842796901168,0.633578257737806,0.22636658687725003,-0.016586634610907584,nan,nan,nan,nan,nan,nan,nan,nan,nan,nan,nan,nan,nan,nan,nan,nan,nan,nan,nan,nan,nan,nan,nan,nan,nan,nan,nan,nan,nan,nan,nan,nan,nan,nan,nan,nan,nan,nan,nan,nan,nan,nan,nan,nan,nan,nan,nan,nan,nan,0.24844709187919034
1791005282.2481549,1.2270148954408135,0.7187106081301032,-1.5462667614247518,0.16527496673279585,1.998172959648099,0.5,0.00749684519730375,0.0,0.0,-1.1596856710935455,-0.5370523782426526,0.008442025613630656,0.0003323797438568835,0.6949209523915745,0.0,0.0,-0.12986500886315,1.8105443718857561,-0.002343772317576494,-0.04855373552867479,0.0,0.0,0.0,-1.1234311250280713,1.315051908956882,-0.00650735748852499,-0.04784998604423132,nan,nan,nan,nan,nan,nan,nan,0.0004564751593147021,0.0,0.0,-1.4860019769365718,1.9146069746072878,0.0906639622706797,-0.0013487552978087643,nan,nan,nan,nan,nan,nan,nan,nan,nan,nan,nan,nan,nan,nan,0.2708596966076892,0.0,0.0,-0.7072431432602438,0.632102147333663,0.21629980345709943,-0.020533281621868293,nan,nan,nan,nan,nan,nan,nan,nan,nan,nan,nan,nan,nan,nan,nan,nan,nan,nan,nan,nan,nan,nan,nan,nan,nan,nan,nan,nan,nan,nan,nan,nan,nan,nan,nan,nan,nan,nan,nan,nan,nan,nan,nan,nan,nan,nan,nan,nan,nan,0.26338682105073397
1791005282.3488696,1.2274016277264221,0.694902933344184,-1.54612536045704,0.15251635791866291,1.9983466695503531,0.4998295872759829,0.008949514960838399,0.0,0.0,-1.1588715589256613,-0.5370134130991427,0.007740988299479518,-3.561492850757708e-05,0.6949209523915745,0.0,0.0,-0.12957430467517778,1.8054985878315306,0.0052774459662214435,-0.05267084273161099,0.0,0.0,0.0,-1.1234648396895428,1.3099679475208676,0.0021442958749898714,-0.049968628083659705,nan,nan,nan,nan,nan,nan,nan,0.0004564751593147021,0.0,0.0,-1.4771283149827954,1.9143237101511124,0.07444960330255493,0.0014140189448583625,nan,nan,nan,nan,nan,nan,nan,nan,nan,nan,nan,nan,nan,nan,0.269194571522747,0.0,0.0,-0.6842822102383588,0.6305556826822899,0.2157137138482552,0.008547776584797159,nan,nan,nan,nan,nan,nan,nan,nan,nan,nan,nan,nan,nan,nan,nan,nan,nan,nan,nan,nan,nan,nan,nan,nan,nan,nan,nan,nan,nan,nan,nan,nan,nan,nan,nan,nan,nan,nan,nan,nan,nan,nan,nan,nan,nan,nan,nan,nan,nan,0.24505291978324586
1791005282.4489548,1.2279872559850635,0.671169493627336,-1.5486560095106325,0.14034019361358022,1.9985040047442897,0.48922645381168445,0.00736712837014816,0.0,0.0,-1.1581799427999648,-0.5369869901949742,0.0058968882682894535,0.0004147710449836139,0.6949209523915745,0.0,0.0,-0.12920294073127114,1.7993216973789545,0.0035540382274031404,-0.06509712150307924,0.0,0.0,0.0,-1.1234998146006714,1.3044601828467666,-0.0045353172410402525,-0.058130830125193204,nan,nan,nan,nan,nan,nan,nan,0.0004564751593147021,0.0,0.0,-1.468720257230028,1.9146856721221883,0.06726195243299614,-0.018170525156445985,nan,nan,nan,nan,nan,nan,nan,nan,nan,nan,nan,nan,nan,nan,0.40113999020702584,0.0,0.0,-0.6607359985601335,0.6284470090584351,0.24092766181596492,-0.018945059530649573,nan,nan,nan,nan,nan,nan,nan,nan,nan,nan,nan,nan,nan,nan,nan,nan,nan,nan,nan,nan,nan,nan,nan,nan,nan,nan,nan,nan,nan,nan,nan,nan,nan,nan,nan,nan,nan,nan,nan,nan,nan,nan,nan,nan,nan,nan,nan,nan,nan,0.23127554150443183
1791005282.5489588,1.228410066780642,0.6471940017317365,-1.5509966781433313,0.1296690795006647,1.998646366863886,0.47967642141420885,0.009770513569043173,0.0,0.0,-1.1575111980756623,-0.5369524291757376,0.005762325629029544,0.00019675088909036132,0.6949209523915745,0.0,0.0,-0.12906550709901227,1.7933464017252203,0.0045349494123025445,-0.06539573510794638,0.0,0.0,0.0,-1.1238358761671552,1.2987292868666807,0.0008948032129063357,-0.06189769570812723,nan,nan,nan,nan,nan,nan,nan,0.0004564751593147021,0.0,0.0,-1.4611183055949988,1.9150589497263275,0.08557917775530463,-0.0010345388718847107,nan,nan,nan,nan,nan,nan,nan,nan,nan,nan,nan,nan,nan,nan,0.33094674259369034,0.0,0.0,-0.6379713574834457,0.6269926214208312,0.22751257780448061,-0.006541841596285906,nan,nan,nan,nan,nan,nan,nan,nan,nan,nan,nan,nan,nan,nan,nan,nan,nan,nan,nan,nan,nan,nan,nan,nan,nan,nan,nan,nan,nan,nan,nan,nan,nan,nan,nan,nan,nan,nan,nan,nan,nan,nan,nan,nan,nan,nan,nan,nan,nan,0.24754608616807192
1791005282.6496725,1.229000654572642,0.6233874835639521,-1.552849688466372,0.11968050968911392,1.9987751820877482,0.4705293276682657,0.007145651765861769,0.0,0.0,-1.1569844957116553,-0.5369309550676806,0.005442572584327036,-0.0002949191742032856,0.6949209523915745,0.0,0.0,-0.12861578344442948,1.7861606666300165,0.0022590924379106746,-0.07502192453605094,0.0,0.0,0.0,-1.1238353023596555,1.2919641293483048,-0.00499813432832724,-0.06963691608803596,nan,nan,nan,nan,nan,nan,nan,0.0004564751593147021,0.0,0.0,-1.453236934454886,1.9148546217999645,0.07348326210806067,0.025155220868701218,nan,nan,nan,nan,nan,nan,nan,nan,nan,nan,nan,nan,nan,nan,0.3619523341108641,0.0,0.0,-0.6161690282491215,0.6270778657450986,0.2346959757585097,-0.012231779613763689,nan,nan,nan,nan,nan,nan,nan,nan,nan,nan,nan,nan,nan,nan,nan,nan,nan,nan,nan,nan,nan,nan,nan,nan,nan,nan,nan,nan,nan,nan,nan,nan,nan,nan,nan,nan,nan,nan,nan,nan,nan,nan,nan,nan,nan,nan,nan,nan,nan,0.23237427916328882
1791005282.7500713,1.2292405523297771,0.5995244736201479,-1.5538519794007704,0.11063119471309849,1.9988917389223497,0.4620774266140262,0.007684289795102528,0.0,0.0,-1.1564584068922459,-0.5369287924849884,0.0051197176243231515,0.00013101467314057804,0.6949209523915745,0.0,0.0,-0.12830001281934858,1.7794782949671417,0.0029475413384199593,-0.07823770045703232,0.0,0.0,0.0,-1.1240402511116265,1.289834927675498,-0.006309629326297856,-0.07167897988321183,nan,nan,nan,nan,nan,nan,nan,0.0004564751593147021,0.0,0.0,-1.4452233849889258,1.9142608524536717,0.093176319187049,-0.02302491822245858,nan,nan,nan,nan,nan,nan,nan,nan,nan,nan,nan,nan,nan,nan,0.3854973096447468,0.0,0.0,-0.5933689250059135,0.6257088959288,0.22736730564534624,-0.018823798500216402,nan,nan,nan,nan,nan,nan,nan,nan,nan,nan,nan,nan,nan,nan,nan,nan,nan,nan,nan,nan,nan,nan,nan,nan,nan,nan,nan,nan,nan,nan,nan,nan,nan,nan,nan,nan,nan,nan,nan,nan,nan,nan,nan,nan,nan,nan,nan,nan,nan,0.22503452074624963
1791005282.8489535,1.2294164878339904,0.5758663326300549,-1.5541872878145664,0.1025335341884626,1.9989968497086892,0.45438844665752043,0.008131860454033898,0.0,0.0,-1.1559635289427899,-0.5369290055579435,0.004753850072096058,-6.539289430647092e-05,0.6949209523915745,0.0,0.0,-0.12813417147427233,1.7715780008914879,-0.01029581869640606,-0.07242833895998292,0.0,0.0,0.0,-1.1238498888113266,1.2766686381685743,-0.0007380813704555415,-0.07597120041843741,nan,nan,nan,nan,nan,nan,nan,0.0004564751593147021,0.0,0.0,-1.4361909677809122,1.9140294363120613,0.09593821854129617,-0.00633954792549736,nan,nan,nan,nan,nan,nan,nan,nan,nan,nan,nan,nan,nan,nan,0.39658450253220706,0.0,0.0,-0.5701879753629787,0.6245324160420098,0.23006695333923496,-0.015615565039128672,nan,nan,nan,nan,nan,nan,nan,nan,nan,nan,nan,nan,nan,nan,nan,nan,nan,nan,nan,nan,nan,nan,nan,nan,nan,nan,nan,nan,nan,nan,nan,nan,nan,nan,nan,nan,nan,nan,nan,nan,nan,nan,nan,nan,nan,nan,nan,nan,nan,0.22196760071781085
1791005282.9495416,1.2295750704332127,0.5521967264224911,-1.5527224972214941,0.0953572885430573,1.99909231208021,0.44748037786063344,0.009472502839185028,0.0,0.0,-1.1555430836932286,-0.5369321226498633,0.004471505704581816,-0.00013640157984939669,0.6949209523915745,0.0,0.0,-0.1274951197060662,1.7642212570098945,0.004401791546815144,-0.07738364984350284,0.0,0.0,0.0,-1.1238246710999096,1.2684440912366564,0.004636401055090722,-0.08930555777189789,nan,nan,nan,nan,nan,nan,nan,0.0004564751593147021,0.0,0.0,-1.426898479444338,1.912900366288043,0.10873800204675711,-0.0001890317850597316,nan,nan,nan,nan,nan,nan,nan,nan,nan,nan,nan,nan,nan,nan,0.3613178402839575,0.0,0.0,-0.5471508561629712,0.6232911217702504,0.2296529945148224,-0.012485667875522223,nan,nan,nan,nan,nan,nan,nan,nan,nan,nan,nan,nan,nan,nan,nan,nan,nan,nan,nan,nan,nan,nan,nan,nan,nan,nan,nan,nan,nan,nan,nan,nan,nan,nan,nan,nan,nan,nan,nan,nan,nan,nan,nan,nan,nan,nan,nan,nan,nan,0.24067651047879615
1791005283.0492644,1.2297706913187392,0.5283799346240314,-1.55371784196899,0.08882955564463543,1.9991786380901855,0.4411240817944108,0.009270206087913192,0.0,0.0,-1.155127020937638,-0.5369569123589389,0.00463578592422232,-0.0003470041425535401,0.6949209523915745,0.0,0.0,-0.12721417963738485,1.7567776209794466,0.0053308451761809915,-0.06767508430696323,0.0,0.0,0.0,-1.1242740328712124,1.2598196733807066,0.005799083458707522,-0.08554655001337055,nan,nan,nan,nan,nan,nan,nan,0.0004564751593147021,0.0,0.0,-1.4164147726563079,1.9124930030099996,0.11572380149657881,-0.007879695121800801,nan,nan,nan,nan,nan,nan,nan,nan,nan,nan,nan,nan,nan,nan,0.33280039681797485,0.0,0.0,-0.5242544736576192,0.6218926322971807,0.22567093726685322,-0.014763761385149326,nan,nan,nan,nan,nan,nan,nan,nan,nan,nan,nan,nan,nan,nan,nan,nan,nan,nan,nan,nan,nan,nan,nan,nan,nan,nan,nan,nan,nan,nan,nan,nan,nan,nan,nan,nan,nan,nan,nan,nan,nan,nan,nan,nan,nan,nan,nan,nan,nan,0.25337261219313983
1791005283.1486583,1.2301628620884335,0.5053061540361777,-1.5525468314870126,0.0827965783851636,1.999256801010006,0.43519153777572617,0.0077419147052574105,0.0,0.0,-1.154697864190038,-0.5369684756470433,0.003437738460559578,-0.0011174460546424778,0.6949209523915745,0.0,0.0,-0.12667319381959932,1.7492857056118534,0.008223924820014328,-0.07644141990424011,0.0,0.0,0.0,-1.12462153635027,1.250210139783421,-0.007934250288023009,-0.09880588069377191,nan,nan,nan,nan,nan,nan,nan,0.0004564751593147021,0.0,0.0,-1.4049575780714303,1.9122933124500203,0.11912781922818191,-0.0027620326335119133,nan,nan,nan,nan,nan,nan,nan,nan,nan,nan,nan,nan,nan,nan,0.34202014243744905,0.0,0.0,-0.5011697835821932,0.6205359931824107,0.23183737151356304,-0.0026199928875041585,nan,nan,nan,nan,nan,nan,nan,nan,nan,nan,nan,nan,nan,nan,nan,nan,nan,nan,nan,nan,nan,nan,nan,nan,nan,nan,nan,nan,nan,nan,nan,nan,nan,nan,nan,nan,nan,nan,nan,nan,nan,nan,nan,nan,nan,nan,nan,nan,nan,0.23516852388353698
1791005283.2489104,1.2302206564044977,0.4815570279278077,-1.5515036071240575,0.07728821531884587,1.999327525744586,0.429728945875889,0.008198758326159385,0.0,0.0,-1.1543005535919528,-0.536983700409589,0.0036045846196947774,-0.0005028768235362138,0.6949209523915745,0.0,0.0,-0.1263689885475229,1.7425079255580673,0.0035141181768730124,-0.06538282935603963,0.0,0.0,0.0,-1.1247655860118677,1.2402931391394176,-0.010576523539007829,-0.10502033262536403,nan,nan,nan,nan,nan,nan,nan,0.0004564751593147021,0.0,0.0,-1.393140371780654,1.911859377105015,0.11033957244977323,-0.013928387151999927,nan,nan,nan,nan,nan,nan,nan,nan,nan,nan,nan,nan,nan,nan,0.35973322348045567,0.0,0.0,-0.47809016858913167,0.6190249583970088,0.21791105674362798,-0.011287003670387302,nan,nan,nan,nan,nan,nan,nan,nan,nan,nan,nan,nan,nan,nan,nan,nan,nan,nan,nan,nan,nan,nan,nan,nan,nan,nan,nan,nan,nan,nan,nan,nan,nan,nan,nan,nan,nan,nan,nan,nan,nan,nan,nan,nan,nan,nan,nan,nan,nan,0.22325288843139654
1791005283.3489854,1.2301241077988883,0.4578005164550375,-1.549132619285492,0.07248334339345532,1.9993915201308354,0.424930203984213,0.009863746630393723,0.0,0.0,-1.153947889936885,-0.5370020994263099,0.003926526049841677,-0.0007003555012217431,0.6949209523915745,0.0,0.0,-0.12595198895228235,1.7350750111511701,4.533111454614006e-05,-0.07074454526252416,0.0,0.0,0.0,-1.124882095590647,1.2296632610846758,0.009225725929359958,-0.10597749213511995,nan,nan,nan,nan,nan,nan,nan,0.0004564751593147021,0.0,0.0,-1.3803944723188044,1.9117389822660895,0.12016292784131782,-0.007384758416967873,nan,nan,nan,nan,nan,nan,nan,nan,nan,nan,nan,nan,nan,nan,0.3685825427391031,0.0,0.0,-0.45491172980661876,0.6180172602495908,0.23261894331341193,-0.010126578842157077,nan,nan,nan,nan,nan,nan,nan,nan,nan,nan,nan,nan,nan,nan,nan,nan,nan,nan,nan,nan,nan,nan,nan,nan,nan,nan,nan,nan,nan,nan,nan,nan,nan,nan,nan,nan,nan,nan,nan,nan,nan,nan,nan,nan,nan,nan,nan,nan,nan,0.24028353595319032
1791005283.4489436,1.2301914401606378,0.4341503575773749,-1.5450950531187018,0.0678568954484463,1.9994494246460772,0.42028156518615734,0.007673768217463635,0.0,0.0,-1.1536025389433557,-0.5370244518356112,0.003382030562030655,-0.0006645352672509162,0.6949209523915745,0.0,0.0,-0.12549742590459317,1.728804297679674,0.00823401031482959,-0.06569752110442398,0.0,0.0,0.0,-1.1252577639056027,1.2194453325781978,0.0028945795439569997,-0.10094998401680534,nan,nan,nan,nan,nan,nan,nan,0.0004564751593147021,0.0,0.0,-1.367598924129972,1.911462908095,0.13110097156663447,-0.006849607580191616,nan,nan,nan,nan,nan,nan,nan,nan,nan,nan,nan,nan,nan,nan,0.3854242505119156,0.0,0.0,-0.43203687001503993,0.617225768508427,0.23443954543254714,-0.019470949834355024,nan,nan,nan,nan,nan,nan,nan,nan,nan,nan,nan,nan,nan,nan,nan,nan,nan,nan,nan,nan,nan,nan,nan,nan,nan,nan,nan,nan,nan,nan,nan,nan,nan,nan,nan,nan,nan,nan,nan,nan,nan,nan,nan,nan,nan,nan,nan,nan,nan,0.231093533766738
1791005283.549058,1.2303742686990071,0.41056809642080655,-1.542739808607927,0.06384627124811991,1.9995018188181586,0.4162306220010592,0.007841622512953832,0.0,0.0,-1.1532432905653511,-0.5370390641384634,0.0030009399002810565,0.00025839055301013123,0.6949209523915745,0.0,0.0,-0.1251398196589415,1.7215866002001092,0.004076492755114774,-0.06897123130903596,0.0,0.0,0.0,-1.1256157850177488,1.2099226362827074,0.0011902728760802117,-0.0864675337935515,nan,nan,nan,nan,nan,nan,nan,0.0004564751593147021,0.0,0.0,-1.3536707719218257,1.9113140084460767,0.1426673968657034,-0.008029765305792202,nan,nan,nan,nan,nan,nan,nan,nan,nan,nan,nan,nan,nan,nan,0.36587707442526046,0.0,0.0,-0.4091461278946369,0.6165918434135461,0.25566167653891925,0.011040156477664959,nan,nan,nan,nan,nan,nan,nan,nan,nan,nan,nan,nan,nan,nan,nan,nan,nan,nan,nan,nan,nan,nan,nan,nan,nan,nan,nan,nan,nan,nan,nan,nan,nan,nan,nan,nan,nan,nan,nan,nan,nan,nan,nan,nan,nan,nan,nan,nan,nan,0.2321753100800822
1791005283.648379,1.2306700775138937,0.3872155204665933,-1.5414896911795422,0.060195580981599515,1.9995492261285224,0.41252713053331097,0.008441635379466064,0.0,0.0,-1.1529239110721097,-0.5370570907197231,0.0023680458682291614,-0.000231271155056193,0.6949209523915745,0.0,0.0,-0.12478213640055268,1.7153674242567643,0.004029467547452635,-0.06510432864634245,0.0,0.0,0.0,-1.1257478994159045,1.2011716781926718,-0.010743803362818688,-0.08115107562465484,nan,nan,nan,nan,nan,nan,nan,0.0004564751593147021,0.0,0.0,-1.338643934295593,1.9125523858783402,0.14096279867298406,0.0031518618135150454,nan,nan,nan,nan,nan,nan,nan,nan,nan,nan,nan,nan,nan,nan,0.3536923036167746,0.0,0.0,-0.38641181834488497,0.6153112438070512,0.2278672825284915,-0.0025702900491635866,nan,nan,nan,nan,nan,nan,nan,nan,nan,nan,nan,nan,nan,nan,nan,nan,nan,nan,nan,nan,nan,nan,nan,nan,nan,nan,nan,nan,nan,nan,nan,nan,nan,nan,nan,nan,nan,nan,nan,nan,nan,nan,nan,nan,nan,nan,nan,nan,nan,0.23026103967404943
1791005283.7508895,1.231418270650547,0.364442658050249,-1.5396669980785687,0.05672618295795195,1.9995921175205016,0.408994084547312,0.0065923024086896554,0.0,0.0,-1.152653184994777,-0.5370830493451665,0.0031088616382026445,-0.0006422318784576938,0.6949209523915745,0.0,0.0,-0.12447896043941666,1.7081352134459333,0.003221297449169357,-0.06722689636871941,0.0,0.0,0.0,-1.1256705823495312,1.1931194822241271,-0.0004994221504513092,-0.08234877710890301,nan,nan,nan,nan,nan,nan,nan,0.0004564751593147021,0.0,0.0,-1.3225624845466686,1.9117856989928095,0.1564147271485778,-0.0031164043632456373,nan,nan,nan,nan,nan,nan,nan,nan,nan,nan,nan,nan,nan,nan,0.32990923368352987,0.0,0.0,-0.3637989332084913,0.6147478550612197,0.22622970120652694,0.012358772680281706,nan,nan,nan,nan,nan,nan,nan,nan,nan,nan,nan,nan,nan,nan,nan,nan,nan,nan,nan,nan,nan,nan,nan,nan,nan,nan,nan,nan,nan,nan,nan,nan,nan,nan,nan,nan,nan,nan,nan,nan,nan,nan,nan,nan,nan,nan,nan,nan,nan,0.2154014071875024
1791005283.8487253,1.2317066358821427,0.34098536169341714,-1.5379637386591447,0.05346999353303034,1.9996309326702673,0.40566684897775307,0.00722941650942924,0.0,0.0,-1.1524120959142266,-0.5371054758746381,0.0025932021525511702,-0.0012151242058128441,0.6949209523915745,0.0,0.0,-0.12409410714247306,1.702038955669364,0.003363905721671753,-0.0655273360076891,0.0,0.0,0.0,-1.1261096849245715,1.184989493326188,-0.0023764646735840627,-0.07858795716332166,nan,nan,nan,nan,nan,nan,nan,0.0004564751593147021,0.0,0.0,-1.3065264374078736,1.9115578162919717,0.2067215138921802,-0.04411036504031835,nan,nan,nan,nan,nan,nan,nan,nan,nan,nan,nan,nan,nan,nan,0.4001176168490194,0.0,0.0,-0.34061795690240815,0.6134242937734077,0.21944104303204326,-0.033376910066513436,nan,nan,nan,nan,nan,nan,nan,nan,nan,nan,nan,nan,nan,nan,nan,nan,nan,nan,nan,nan,nan,nan,nan,nan,nan,nan,nan,nan,nan,nan,nan,nan,nan,nan,nan,nan,nan,nan,nan,nan,nan,nan,nan,nan,nan,nan,nan,nan,nan,0.21988475701539503
1791005283.949277,1.2318944041002038,0.3173604074903053,-1.5370728052816494,0.05072218106100279,1.999666025088421,0.4028510027935567,0.00819367689714738,0.0,0.0,-1.152102626092983,-0.5371074861373537,0.004433736348257654,0.0001834990126075186,0.6949209523915745,0.0,0.0,-0.12364367777400083,1.695186723487986,0.006950014600141252,-0.06498485141616483,0.0,0.0,0.0,-1.1261471435032955,1.176745805240652,-0.012829074979574258,-0.07534989760879682,nan,nan,nan,nan,nan,nan,nan,0.0004564751593147021,0.0,0.0,-1.2885422158255246,1.9117851041844758,0.1947487778828253,-0.003907158004660863,nan,nan,nan,nan,nan,nan,nan,nan,nan,nan,nan,nan,nan,nan,0.3595920203091203,0.0,0.0,-0.31757631231794,0.6126315484528518,0.23155657118034323,-0.01263787903168191,nan,nan,nan,nan,nan,nan,nan,nan,nan,nan,nan,nan,nan,nan,nan,nan,nan,nan,nan,nan,nan,nan,nan,nan,nan,nan,nan,nan,nan,nan,nan,nan,nan,nan,nan,nan,nan,nan,nan,nan,nan,nan,nan,nan,nan,nan,nan,nan,nan,0.2368633241767066
1791005284.048894,1.2322923579523388,0.29425921875130767,-1.536482863024094,0.0482606389933819,1.9996977998351155,0.4003225442383284,0.00837910685674627,0.0,0.0,-1.15181009978424,-0.5371246993031947,0.0026451157922021996,-0.0001951210237762882,0.6949209523915745,0.0,0.0,-0.12327091794262715,1.688815586229439,0.006109560634396713,-0.06663047611914028,0.0,0.0,0.0,-1.1261669657238575,1.1686473059671543,-0.0020760091223525393,-0.0788930287540675,nan,nan,nan,nan,nan,nan,nan,0.0004564751593147021,0.0,0.0,-1.2673181647844773,1.9100106695312038,0.20797845186702946,-0.0057171740378846505,nan,nan,nan,nan,nan,nan,nan,nan,nan,nan,nan,nan,nan,nan,0.3677066070741019,0.0,0.0,-0.29466967533737376,0.6117180851450039,0.24397287445516294,-0.009569747268007354,nan,nan,nan,nan,nan,nan,nan,nan,nan,nan,nan,nan,nan,nan,nan,nan,nan,nan,nan,nan,nan,nan,nan,nan,nan,nan,nan,nan,nan,nan,nan,nan,nan,nan,nan,nan,nan,nan,nan,nan,nan,nan,nan,nan,nan,nan,nan,nan,nan,0.2433693962154018
1791005284.149795,1.2331637904411685,0.270063878335211,-1.5419950716139288,0.04588340962387733,1.999726557982986,0.397875585784474,0.0073018673746236,0.0,0.0,-1.1519900252157032,-0.5371392092881038,0.0003528448173658488,-0.0001793674510987743,0.6949209523915745,0.0,0.0,-0.12286283390850045,1.682008182360696,0.005450074601316734,-0.05867369243767397,0.0,0.0,0.0,-1.1266052922863075,1.1604452318865635,0.0006496313454089873,-0.08008568425726253,nan,nan,nan,nan,nan,nan,nan,0.0004564751593147021,0.0,0.0,-1.247300584442546,1.9096412804925047,0.20450802332565507,-0.00028769683570667817,nan,nan,nan,nan,nan,nan,nan,nan,nan,nan,nan,nan,nan,nan,0.3634429605671324,0.0,0.0,-0.2718851882092692,0.6107284246247113,0.23429459416576612,-0.018250787103312585,nan,nan,nan,nan,nan,nan,nan,nan,nan,nan,nan,nan,nan,nan,nan,nan,nan,nan,nan,nan,nan,nan,nan,nan,nan,nan,nan,nan,nan,nan,nan,nan,nan,nan,nan,nan,nan,nan,nan,nan,nan,nan,nan,nan,nan,nan,nan,nan,nan,0.2391260162100878
1791005284.2488744,1.233325855786902,0.24600590881811688,-1.5422491833693943,0.0440916158720115,1.999752546832691,0.39602806385505557,0.01131665123635893,0.0,0.0,-1.151726471197373,-0.5371333348209061,0.001998083618314919,-0.00023044570554870702,0.6949209523915745,0.0,0.0,-0.12243034656782432,1.6756879996373817,0.01084204329432446,-0.067505856493561,0.0,0.0,0.0,-1.1268041951866714,1.1519407320586783,-0.017954814444431793,-0.0800842266113508,nan,nan,nan,nan,nan,nan,nan,0.0004564751593147021,0.0,0.0,-1.226500913666272,1.9093412997148334,0.1962334965594077,-0.0028027108904957413,nan,nan,nan,nan,nan,nan,nan,nan,nan,nan,nan,nan,nan,nan,0.31269164726136145,0.0,0.0,-0.24899434640017182,0.6100206714600359,0.21617766573725392,-0.005210065136617498,nan,nan,nan,nan,nan,nan,nan,nan,nan,nan,nan,nan,nan,nan,nan,nan,nan,nan,nan,nan,nan,nan,nan,nan,nan,nan,nan,nan,nan,nan,nan,nan,nan,nan,nan,nan,nan,nan,nan,nan,nan,nan,nan,nan,nan,nan,nan,nan,nan,0.28124549950320615
1791005284.3489523,1.2339887808328307,0.22244526542554532,-1.5434569491176031,0.042218916008204765,1.9997760951149337,0.39409432752298024,0.007372295045309962,0.0,0.0,-1.1515740976130777,-0.5371228568104399,0.0017973627286489004,-0.0004283233503111942,0.6949209523915745,0.0,0.0,-0.12199987802235064,1.6695329610131744,0.0037898140902302892,-0.05901168139223341,0.0,0.0,0.0,-1.1269194632793542,1.143254756700582,0.001661589695409959,-0.08878507121480556,nan,nan,nan,nan,nan,nan,nan,0.0004564751593147021,0.0,0.0,-1.2060715262054083,1.9086321326565965,0.2249725691942928,-0.02034242288924251,nan,nan,nan,nan,nan,nan,nan,nan,nan,nan,nan,nan,nan,nan,0.3310372878454232,0.0,0.0,-0.2251016737425996,0.6038847453880987,0.21358575312461106,-0.0019240693582251505,nan,nan,nan,nan,nan,nan,nan,nan,nan,nan,nan,nan,nan,nan,nan,nan,nan,nan,nan,nan,nan,nan,nan,nan,nan,nan,nan,nan,nan,nan,nan,nan,nan,nan,nan,nan,nan,nan,nan,nan,nan,nan,nan,nan,nan,nan,nan,nan,nan,0.2282109758399802
1791005284.4488873,1.2352526157098394,0.19971122237235442,-1.545560969943445,0.04052445960485307,1.9997973904986577,0.3923422803242966,0.00710030339668023,0.0,0.0,-1.151306063498046,-0.5371215113419543,0.002361689264734312,6.412636319063133e-05,0.6949209523915745,0.0,0.0,-0.12172514747146349,1.6631214861670636,-0.0063060500173032375,-0.062299182093498676,0.0,0.0,0.0,-1.1287833701095074,1.1321324797447552,-0.11272386283926196,-0.24656841905700805,nan,nan,nan,nan,nan,nan,nan,0.0004564751593147021,0.0,0.0,-1.1859453472978294,1.9080903183584381,0.2074034169728893,-0.011452930048000402,nan,nan,nan,nan,nan,nan,nan,nan,nan,nan,nan,nan,nan,nan,0.32908278043976147,0.0,0.0,-0.20214858897896787,0.6031428884731731,0.22507954017350504,0.001655009090700362,nan,nan,nan,nan,nan,nan,nan,nan,nan,nan,nan,nan,nan,nan,nan,nan,nan,nan,nan,nan,nan,nan,nan,nan,nan,nan,nan,nan,nan,nan,nan,nan,nan,nan,nan,nan,nan,nan,nan,nan,nan,nan,nan,nan,nan,nan,nan,nan,nan,0.23638424725191715
1791005284.5497818,1.2355161268775483,0.17560361616394563,-1.5488867108622297,0.04035515077812575,1.9998166713418757,0.39216709715091624,0.0075860747801460415,0.0,0.0,-1.1510243239728235,-0.5371183489053475,0.0019293336020568545,-0.0001082844149032554,0.6949209523915745,0.0,0.0,-0.12116498850330179,1.6568670393764091,0.0044402459398083256,-0.057181093656051056,0.0,0.0,0.0,-1.1320612282871443,1.124558887755026,-0.07521145361241657,-0.11789304703116275,nan,nan,nan,nan,nan,nan,nan,0.0004564751593147021,0.0,0.0,-1.1637616604327097,1.907848330763528,0.20601110541381154,-0.012160134768876372,nan,nan,nan,nan,nan,nan,nan,nan,nan,nan,nan,nan,nan,nan,0.32908278043976147,0.0,0.0,-0.179197066225327,0.6022733685002187,0.24001641872684915,0.0063294314138443815,nan,nan,nan,nan,nan,nan,nan,nan,nan,nan,nan,nan,nan,nan,nan,nan,nan,nan,nan,nan,nan,nan,nan,nan,nan,nan,nan,nan,nan,nan,nan,nan,nan,nan,nan,nan,nan,nan,nan,nan,nan,nan,nan,nan,nan,nan,nan,nan,nan,0.23486385195255577
1791005284.6499867,1.2360627560417297,0.15220955535920697,-1.5505345846563297,0.040178094147613995,1.9998341173702763,0.3919838744212609,0.0074792879312245856,0.0,0.0,-1.1507481808657587,-0.5371111362116869,0.0028679831614874503,0.0009050849214268603,0.6949209523915745,0.0,0.0,-0.12066939259311371,1.650977242984346,0.006197343981196078,-0.06151911834918862,0.0,0.0,0.0,-1.1284440415079842,1.1023805791052683,-0.0011416153392734406,-0.16683110750278457,nan,nan,nan,nan,nan,nan,nan,0.0004564751593147021,0.0,0.0,-1.1423235524121018,1.9074583043648772,0.22746664466839647,-0.006143086814415339,nan,nan,nan,nan,nan,nan,nan,nan,nan,nan,nan,nan,nan,nan,0.32908278043976147,0.0,0.0,-0.15623151074050082,0.6014183939056302,0.2261249793720129,-0.003919270293372139,nan,nan,nan,nan,nan,nan,nan,nan,nan,nan,nan,nan,nan,nan,nan,nan,nan,nan,nan,nan,nan,nan,nan,nan,nan,nan,nan,nan,nan,nan,nan,nan,nan,nan,nan,nan,nan,nan,nan,nan,nan,nan,nan,nan,nan,nan,nan,nan,nan,0.2393473855376592
1791005284.747041,1.236462435422012,0.12845295364228654,-1.5514607731305654,0.04012459280463015,1.9998498770182143,0.39192850526482836,0.009009252166399175,0.0,0.0,-1.1504780408477597,-0.5371252422607792,0.003634988939144389,1.9969566399756494e-05,0.6949209523915745,0.0,0.0,-0.12028876703811571,1.64478709530421,0.003991006852331196,-0.05868487464326613,0.0,0.0,0.0,-1.128047906998057,1.0893949510063627,0.004650077076907696,-0.1438565337462099,nan,nan,nan,nan,nan,nan,nan,0.0004564751593147021,0.0,0.0,-1.122871657970838,1.910141952662715,0.21782807974070365,-0.0032799832661710177,nan,nan,nan,nan,nan,nan,nan,nan,nan,nan,nan,nan,nan,nan,0.32908278043976147,0.0,0.0,-0.13304272115939214,0.6006725412600631,0.22767633365432538,-0.009811341255801555,nan,nan,nan,nan,nan,nan,nan,nan,nan,nan,nan,nan,nan,nan,nan,nan,nan,nan,nan,nan,nan,nan,nan,nan,nan,nan,nan,nan,nan,nan,nan,nan,nan,nan,nan,nan,nan,nan,nan,nan,nan,nan,nan,nan,nan,nan,nan,nan,nan,0.26338968448742534
1791005284.849242,1.2370545653025313,0.1050995807499679,-1.5531565988333222,0.040025724832511794,1.9998641631087284,0.39182618006001924,0.007896314888736202,0.0,0.0,-1.1498759767796396,-0.537107244530285,0.007018601732990541,-0.0003828852831846755,0.6949209523915745,0.0,0.0,-0.11979128189989381,1.6389382338479763,0.004812369488351395,-0.05993668792254934,0.0,0.0,0.0,-1.1284739950316791,1.0762288659739412,-0.005528055579980544,-0.12031417015401447,nan,nan,nan,nan,nan,nan,nan,0.0004564751593147021,0.0,0.0,-1.100773175777951,1.909645009074537,0.19983600312677438,-0.008498556073652842,nan,nan,nan,nan,nan,nan,nan,nan,nan,nan,nan,nan,nan,nan,0.32908278043976147,0.0,0.0,-0.10957792938734427,0.6001468306175467,0.2414478644674949,-0.010187225647352962,nan,nan,nan,nan,nan,nan,nan,nan,nan,nan,nan,nan,nan,nan,nan,nan,nan,nan,nan,nan,nan,nan,nan,nan,nan,nan,nan,nan,nan,nan,nan,nan,nan,nan,nan,nan,nan,nan,nan,nan,nan,nan,nan,nan,nan,nan,nan,nan,nan,0.23937299732398806
1791005284.9487185,1.2374742741136984,0.0815805744423584,-1.5538521640397254,0.04008426054148538,1.999877089414311,0.3918867635331217,0.008993073474084845,0.0,0.0,-1.1489226036825184,-0.5370639548156956,0.01491086379184671,0.0010507819604866474,0.6949209523915745,0.0,0.0,-0.11937057967692431,1.6327246166373488,0.0005209161992288386,-0.05983006148873701,0.0,0.0,0.0,-1.1286345805298093,1.0647816655129745,1.7370896632329207e-05,-0.10819351934748211,nan,nan,nan,nan,nan,nan,nan,0.0004564751593147021,0.0,0.0,-1.0795064240696841,1.909022253009978,0.2060762645451174,-0.0044897482664715245,nan,nan,nan,nan,nan,nan,nan,nan,nan,nan,nan,nan,nan,nan,0.32908278043976147,0.0,0.0,-0.08635917328489989,0.5997106793669326,0.2344022606515221,-0.00846320332535055,nan,nan,nan,nan,nan,nan,nan,nan,nan,nan,nan,nan,nan,nan,nan,nan,nan,nan,nan,nan,nan,nan,nan,nan,nan,nan,nan,nan,nan,nan,nan,nan,nan,nan,nan,nan,nan,nan,nan,nan,nan,nan,nan,nan,nan,nan,nan,nan,nan,0.2304265077645542
1791005285.0489452,1.2378678063249324,0.05791296715350764,-1.5536998546047296,0.04023196263105921,1.9998887859029593,0.3920396213815725,0.010306284622337935,0.0,0.0,-1.1470013490694344,-0.5370106567450845,0.02445934406116082,0.0013326634421502398,0.6949209523915745,0.0,0.0,-0.11900174181710516,1.627030057531088,0.0040639055714878445,-0.06023794731847029,0.0,0.0,0.0,-1.1289808422218124,1.0551712044844128,0.0016361310648747662,-0.09379123768118208,nan,nan,nan,nan,nan,nan,nan,0.0004564751593147021,0.0,0.0,-1.0594250618483554,1.9083161661795232,0.2171932271753566,-0.005405008871558145,nan,nan,nan,nan,nan,nan,nan,nan,nan,nan,nan,nan,nan,nan,0.32908278043976147,0.0,0.0,-0.06311104958381165,0.5997420795643186,0.24430758123608015,0.008699832681121109,nan,nan,nan,nan,nan,nan,nan,nan,nan,nan,nan,nan,nan,nan,nan,nan,nan,nan,nan,nan,nan,nan,nan,nan,nan,nan,nan,nan,nan,nan,nan,nan,nan,nan,nan,nan,nan,nan,nan,nan,nan,nan,nan,nan,nan,nan,nan,nan,nan,0.227870950301695
1791005285.1487467,1.238141308727286,0.0342203029129905,-1.55245739623663,0.04014990399509019,1.9998993692130587,0.3919547003730922,0.014560592026154324,0.0,0.0,-1.142962937402041,-0.5368888978780558,0.04694188966503336,0.0007014773081092235,0.6949209523915745,0.0,0.0,-0.11849896066462103,1.6207147771472248,0.0016815147543278101,-0.05973939281076447,0.0,0.0,0.0,-1.1294133968480342,1.0464514067967476,-0.0024316245934182016,-0.07208974733150217,nan,nan,nan,nan,nan,nan,nan,0.0004564751593147021,0.0,0.0,-1.037770710631503,1.905036876081015,0.2866122270589584,-0.23415423416845257,nan,nan,nan,nan,nan,nan,nan,nan,nan,nan,nan,nan,nan,nan,0.32908278043976147,0.0,0.0,-0.04008776004057012,0.5996422331208855,0.22848783353784885,0.00520570117895922,nan,nan,nan,nan,nan,nan,nan,nan,nan,nan,nan,nan,nan,nan,nan,nan,nan,nan,nan,nan,nan,nan,nan,nan,nan,nan,nan,nan,nan,nan,nan,nan,nan,nan,nan,nan,nan,nan,nan,nan,nan,nan,nan,nan,nan,nan,nan,nan,nan,0.22938769619290936
1791005285.2471192,1.238561783176825,0.010738934681296787,-1.5512697571757568,0.03860659526181222,1.9999089368586966,0.390356635227789,0.024106494733785726,0.0,0.0,-1.1372661063093787,-0.5371254831955277,0.0733712649871786,-0.0005414445522566265,0.6949209523915745,0.0,0.0,-0.11816011613552879,1.615036324228159,0.004741404805925765,-0.057189877324805606,0.0,0.0,0.0,-1.1294709250135528,1.038909141342915,-0.0034161983206410854,-0.06857875992757806,nan,nan,nan,nan,nan,nan,nan,0.0004564751593147021,0.0,0.0,-1.0154528533592282,1.9046702465816008,0.2459569570761354,0.0004869872755485804,nan,nan,nan,nan,nan,nan,nan,nan,nan,nan,nan,nan,nan,nan,0.32908278043976147,0.0,0.0,-0.01682071453306977,0.5996723058670294,0.23357890608175286,0.0010415738889616505,nan,nan,nan,nan,nan,nan,nan,nan,nan,nan,nan,nan,nan,nan,nan,nan,nan,nan,nan,nan,nan,nan,nan,nan,nan,nan,nan,nan,nan,nan,nan,nan,nan,nan,nan,nan,nan,nan,nan,nan,nan,nan,nan,nan,nan,nan,nan,nan,nan,0.23396874350704264
1791005285.34872,1.2389054122514225,-0.012627055847781598,-1.551076941943303,0.036056327975813485,1.9999176026623178,0.38771217484485343,0.0397798339255802,0.0,0.0,-1.1296239892371533,-0.5368670855767949,0.08668413675847679,-0.0012835886966859537,0.6949209523915745,0.0,0.0,-0.11768969549572604,1.608809615630883,0.002876359843057228,-0.06340721752695533,0.0,0.0,0.0,-1.1301987468028112,1.032574343889187,0.002063065434325756,-0.06029146412409698,nan,nan,nan,nan,nan,nan,nan,0.0004564751593147021,0.0,0.0,-0.9935352486404497,1.9047727966303254,0.25105139857979897,-0.0020456301234636435,nan,nan,nan,nan,nan,nan,nan,nan,nan,nan,nan,nan,nan,nan,0.32908278043976147,0.0,0.0,0.006002676528427069,0.5996843790496738,0.21542561698927915,-0.0037072748922347657,nan,nan,nan,nan,nan,nan,nan,nan,nan,nan,nan,nan,nan,nan,nan,nan,nan,nan,nan,nan,nan,nan,nan,nan,nan,nan,nan,nan,nan,nan,nan,nan,nan,nan,nan,nan,nan,nan,nan,nan,nan,nan,nan,nan,nan,nan,nan,nan,nan,0.23742706424796958
1791005285.448729,1.2393529530872005,-0.03581996675688254,-1.5524129398154882,0.03376032802738754,1.9999254438056941,0.3853276319159275,0.0489771222641952,0.0,0.0,-1.1196446415756622,-0.5367715600812549,0.10861741685001386,0.00840087702091038,0.6949209523915745,0.0,0.0,-0.11741895973851327,1.6030865316116985,0.0068870263894148746,-0.0589828702905625,0.0,0.0,0.0,-1.1303863252712336,1.025946156953628,0.01355368521160309,-0.06382840481952291,nan,nan,nan,nan,nan,nan,nan,0.0004564751593147021,0.0,0.0,-0.9711327604988083,1.9048447063815497,0.256824460714001,0.0005082752256299838,nan,nan,nan,nan,nan,nan,nan,nan,nan,nan,nan,nan,nan,nan,0.32908278043976147,0.0,0.0,0.029219335634233425,0.6000318417604883,0.23651360639522312,-0.001086954717298249,nan,nan,nan,nan,nan,nan,nan,nan,nan,nan,nan,nan,nan,nan,nan,nan,nan,nan,nan,nan,nan,nan,nan,nan,nan,nan,nan,nan,nan,nan,nan,nan,nan,nan,nan,nan,nan,nan,nan,nan,nan,nan,nan,nan,nan,nan,nan,nan,nan,0.22869039568901486
1791005285.5487466,1.2397489808691757,-0.0589336960713762,-1.552993980133589,0.03139314811509444,1.9999325387656235,0.38286569257769026,0.07853778979078165,0.0,0.0,-1.107762334154929,-0.536850526348744,0.14029782858645143,0.014745798339952406,0.6949209523915745,0.0,0.0,-0.11688839804447332,1.5967224014948587,0.003281116275165495,-0.06545812561022868,0.0,0.0,0.0,-1.1307773318410834,1.0199923449833956,1.8954471061018597e-05,-0.06700497026111694,nan,nan,nan,nan,nan,nan,nan,0.0004564751593147021,0.0,0.0,-0.9480311334197807,1.904748192713807,0.2445520739387056,-0.009213087832353148,nan,nan,nan,nan,nan,nan,nan,nan,nan,nan,nan,nan,nan,nan,0.32908278043976147,0.0,0.0,0.05235846223912175,0.600479867772518,0.24146672462307106,0.0003750908750592124,nan,nan,nan,nan,nan,nan,nan,nan,nan,nan,nan,nan,nan,nan,nan,nan,nan,nan,nan,nan,nan,nan,nan,nan,nan,nan,nan,nan,nan,nan,nan,nan,nan,nan,nan,nan,nan,nan,nan,nan,nan,nan,nan,nan,nan,nan,nan,nan,nan,0.22814512498548525
1791005285.648781,1.2399629327159412,-0.08221731598368219,-1.5522447201206648,0.028978320374082427,1.9999389585508491,0.3803508142333632,0.09791629710498909,0.0,0.0,-1.0935874146908728,-0.5368232853173934,0.15057798652190835,0.006015056054114549,0.6949209523915745,0.0,0.0,-0.11661194621974816,1.5907617155049387,0.0158695085369545,-0.06217543352422449,0.0,0.0,0.0,-1.131025128847258,1.0128607370395724,-0.006534428324741164,-0.06884194714724819,nan,nan,nan,nan,nan,nan,nan,0.0004564751593147021,0.0,0.0,-0.9262526553656921,1.9079309445309502,0.21650375909147043,-0.007409790951721845,nan,nan,nan,nan,nan,nan,nan,nan,nan,nan,nan,nan,nan,nan,0.32908278043976147,0.0,0.0,0.07522206389976108,0.6009604457274924,0.2372083900088494,0.0131492421624511,nan,nan,nan,nan,nan,nan,nan,nan,nan,nan,nan,nan,nan,nan,nan,nan,nan,nan,nan,nan,nan,nan,nan,nan,nan,nan,nan,nan,nan,nan,nan,nan,nan,nan,nan,nan,nan,nan,nan,nan,nan,nan,nan,nan,nan,nan,nan,nan,nan,0.24478876833559937
1791005285.748773,1.24034177414616,-0.10551128366438008,-1.5544782892322735,0.02667029460343455,1.9999447671036563,0.3779442042431226,0.14290204998194417,0.0,0.0,-1.0766969331084468,-0.5368098025916234,0.1726945689879892,0.002349301269377914,0.6949209523915745,0.0,0.0,-0.11606089307186504,1.5839956786470135,0.0033969677126460913,-0.071339863154153,0.0,0.0,0.0,-1.1310204353150657,1.0056902735851179,-0.01976558211770505,-0.0771901657645526,nan,nan,nan,nan,nan,nan,nan,0.0004564751593147021,0.0,0.0,-0.9038953544400627,1.9078894312097938,0.19108111113030574,0.0026697902646038753,nan,nan,nan,nan,nan,nan,nan,nan,nan,nan,nan,nan,nan,nan,0.32908278043976147,0.0,0.0,0.09794961911640028,0.6012092326418593,0.22144375745213604,0.0024606094055864415,nan,nan,nan,nan,nan,nan,nan,nan,nan,nan,nan,nan,nan,nan,nan,nan,nan,nan,nan,nan,nan,nan,nan,nan,nan,nan,nan,nan,nan,nan,nan,nan,nan,nan,nan,nan,nan,nan,nan,nan,nan,nan,nan,nan,nan,nan,nan,nan,nan,0.2455791762700465
1791005285.8493676,1.2406632443107788,-0.12897795613883045,-1.5568276099203597,0.10703063136220377,1.9999500225598272,0.45867285935754,0.21810823399519683,0.0,0.0,-1.0578034463789145,-0.5368385319229383,0.20624543277580354,-0.0012735696249809047,0.22643402019934653,0.0,0.0,-0.1157081409024913,1.5774798191179142,0.00929569025032264,-0.06770356216221521,0.0,0.0,0.0,-1.1307833134764826,0.9976661542115257,0.01359478079878482,-0.0823955778084107,nan,nan,nan,nan,nan,nan,nan,0.0004564751593147021,0.0,0.0,-0.8835388588722782,1.9075408934774172,0.204536033302139,0.002284968356347832,nan,nan,nan,nan,nan,nan,nan,nan,nan,nan,nan,nan,nan,nan,0.32908278043976147,0.0,0.0,0.12099578945537662,0.6020483928291642,0.22295364111468524,0.00958675870805527,nan,nan,nan,nan,nan,nan,nan,nan,nan,nan,nan,nan,nan,nan,nan,nan,nan,nan,nan,nan,nan,nan,nan,nan,nan,nan,nan,nan,nan,nan,nan,nan,nan,nan,nan,nan,nan,nan,nan,nan,nan,nan,nan,nan,nan,nan,nan,nan,nan,0.2555546180125499
1791005285.9510496,1.2410322551756183,-0.15245163928773073,-1.559326438798149,0.17948992357843396,1.999954778542072,0.5,0.2688903762639261,0.0,0.0,-1.037052704686996,-0.5370075898744008,0.2217150721261572,-0.006058284985341108,0.15412555782884718,0.0,0.0,-0.11516168181556605,1.5704826476968012,0.005386073015279489,-0.06658871038612621,0.0,0.0,0.0,-1.1311522973086918,0.9887323155625414,-0.012313414207157132,-0.0962877176546934,nan,nan,nan,nan,nan,nan,nan,0.0004564751593147021,0.0,0.0,-0.866886871024045,1.9074345288605747,0.16217820200095934,-0.00875916964445439,nan,nan,nan,nan,nan,nan,nan,nan,nan,nan,nan,nan,nan,nan,0.32908278043976147,0.0,0.0,0.14463352985178993,0.6029915356737207,0.23275329705997858,0.015580386337634526,nan,nan,nan,nan,nan,nan,nan,nan,nan,nan,nan,nan,nan,nan,nan,nan,nan,nan,nan,nan,nan,nan,nan,nan,nan,nan,nan,nan,nan,nan,nan,nan,nan,nan,nan,nan,nan,nan,nan,nan,nan,nan,nan,nan,nan,nan,nan,nan,nan,0.2847003225770081
1791005286.050313,1.2415940418897204,-0.1760256626401065,-1.564447230697642,0.24454975349151087,1.9999590681230026,0.5,0.2588093071485599,0.0,0.0,-1.0142818825169293,-0.5369794563884874,0.21983816518236027,-0.004582537545976641,0.14808154174565558,0.0,0.0,-0.11481003810812171,1.5644032862940689,0.007349309865444143,-0.05904471086109935,0.0,0.0,0.0,-1.1282533332099804,0.9770000461764154,0.003615783563363093,-0.10745494410635542,nan,nan,nan,nan,nan,nan,nan,0.0004564751593147021,0.0,0.0,-0.8503774243279311,1.907106067756593,0.15592220391299683,-0.0031987919773599095,nan,nan,nan,nan,nan,nan,nan,nan,nan,nan,nan,nan,nan,nan,0.32908278043976147,0.0,0.0,0.16763981757178786,0.6033083521251876,0.2243329182603941,-0.032386692664186104,nan,nan,nan,nan,nan,nan,nan,nan,nan,nan,nan,nan,nan,nan,nan,nan,nan,nan,nan,nan,nan,nan,nan,nan,nan,nan,nan,nan,nan,nan,nan,nan,nan,nan,nan,nan,nan,nan,nan,nan,nan,nan,nan,nan,nan,nan,nan,nan,nan,0.28786338414876345
1791005286.1481931,1.2426117416532074,-0.19870494869606423,-1.5704602042134688,0.30333535715877996,1.9999629633060996,0.5,0.2970967124340955,0.0,0.0,-0.9908546110137729,-0.5369386723429788,0.22968827086196902,-0.0013502539415134402,0.2141930541141713,0.0,0.0,-0.11437590598501002,1.5582335198544943,0.015135824856350278,-0.06365494723023245,0.0,0.0,0.0,-1.1285472841450914,0.966229230544725,-0.008952048502397968,-0.11899272427911636,nan,nan,nan,nan,nan,nan,nan,0.0004564751593147021,0.0,0.0,-0.836806400487791,1.9070066607837115,0.15748997707422638,-0.011440168725755345,nan,nan,nan,nan,nan,nan,nan,nan,nan,nan,nan,nan,nan,nan,0.32908278043976147,0.0,0.0,0.19075715481871694,0.6046685626501803,0.24267329134890042,0.009016122503013362,nan,nan,nan,nan,nan,nan,nan,nan,nan,nan,nan,nan,nan,nan,nan,nan,nan,nan,nan,nan,nan,nan,nan,nan,nan,nan,nan,nan,nan,nan,nan,nan,nan,nan,nan,nan,nan,nan,nan,nan,nan,nan,nan,nan,nan,nan,nan,nan,nan,0.24275364603691296
1791005286.2492082,1.2431272952057917,-0.22205175406749134,-1.5781169988750767,0.3561682887367915,1.9999664859047415,0.5,0.32665135449456617,0.0,0.0,-0.9676929536916282,-0.5369697311556024,0.2403913790852028,0.003991133327972337,0.3070447733433014,0.0,0.0,-0.11409346933226919,1.553168951305597,0.004223173379516678,-0.051867202256890024,0.0,0.0,0.0,-1.1287114296140688,0.954633411635081,-0.00938474304756268,-0.12506417293854438,nan,nan,nan,nan,nan,nan,nan,0.0004564751593147021,0.0,0.0,-0.8249623048005872,1.9070533396838325,0.14498542716746196,-0.00925967359785227,nan,nan,nan,nan,nan,nan,nan,nan,nan,nan,nan,nan,nan,nan,0.32908278043976147,0.0,0.0,0.21354710255285497,0.6050201516228815,0.2300445924677968,-0.02845734561194914,nan,nan,nan,nan,nan,nan,nan,nan,nan,nan,nan,nan,nan,nan,nan,nan,nan,nan,nan,nan,nan,nan,nan,nan,nan,nan,nan,nan,nan,nan,nan,nan,nan,nan,nan,nan,nan,nan,nan,nan,nan,nan,nan,nan,nan,nan,nan,nan,nan,0.2327946948149646
1791005286.3495152,1.2431938706493777,-0.245596830413162,-1.5842479227651936,0.4036710332037122,1.9999696751925753,0.5,0.31876017584668537,0.0,0.0,-0.9445372653832445,-0.536954246718677,0.24225866926831396,0.005644182083721995,0.2684740280361933,0.0,0.0,-0.11361621600503168,1.547825571332503,0.00259428367555219,-0.05114891773173119,0.0,0.0,0.0,-1.1289805312840575,0.9415218308576719,0.006822161009490521,-0.12896341044773063,nan,nan,nan,nan,nan,nan,nan,0.0004564751593147021,0.0,0.0,-0.8133882904285406,1.9069605547244155,0.13907208059255083,-0.020002863318160365,nan,nan,nan,nan,nan,nan,nan,nan,nan,nan,nan,nan,nan,nan,0.32908278043976147,0.0,0.0,0.23669332305637625,0.6066701250672115,0.23363702934347896,0.011415386093030545,nan,nan,nan,nan,nan,nan,nan,nan,nan,nan,nan,nan,nan,nan,nan,nan,nan,nan,nan,nan,nan,nan,nan,nan,nan,nan,nan,nan,nan,nan,nan,nan,nan,nan,nan,nan,nan,nan,nan,nan,nan,nan,nan,nan,nan,nan,nan,nan,nan,0.24385225792533963
1791005286.4491844,1.2430587093264718,-0.2691199274950794,-1.5892518897645185,0.4462688657235529,1.9999725592478406,0.5,0.2946148743769842,0.0,0.0,-0.9216208492447723,-0.5370424453170991,0.2337113111086288,-0.0024461590679101986,0.28378685042936463,0.0,0.0,-0.1133549254482747,1.5433367383636347,0.00016760313972434632,-0.03835314243765178,0.0,0.0,0.0,-1.1291231585573225,0.9282442197932671,0.011785838093981415,-0.12342072446984403,nan,nan,nan,nan,nan,nan,nan,0.0004564751593147021,0.0,0.0,-0.80259032263788,1.9070430444141304,0.10324669593410077,-0.007288178566166707,nan,nan,nan,nan,nan,nan,nan,nan,nan,nan,nan,nan,nan,nan,0.32908278043976147,0.0,0.0,0.2598037385230983,0.6075889622854744,0.21976013701243227,0.004478915294184422,nan,nan,nan,nan,nan,nan,nan,nan,nan,nan,nan,nan,nan,nan,nan,nan,nan,nan,nan,nan,nan,nan,nan,nan,nan,nan,nan,nan,nan,nan,nan,nan,nan,nan,nan,nan,nan,nan,nan,nan,nan,nan,nan,nan,nan,nan,nan,nan,nan,0.2536037837221169
1791005286.5495,1.243079891667768,-0.2923212529199007,-1.5925879741772837,0.4844565758710234,1.9999751704436544,0.5,0.33135911012501307,0.0,0.0,-0.8986498471133835,-0.5370481195925438,0.22908516744142854,-0.005226506800053321,0.47975042485916414,0.0,0.0,-0.11302902145243614,1.5395024600271983,0.001680976234950635,-0.03280655005093787,0.0,0.0,0.0,-1.1297549976999826,0.9141598801682742,-0.0019506417902828159,-0.13938257294295392,nan,nan,nan,nan,nan,nan,nan,0.0004564751593147021,0.0,0.0,-0.7925566388371413,1.907236506844893,0.0716258697997944,-0.002049394468704169,nan,nan,nan,nan,nan,nan,nan,nan,nan,nan,nan,nan,nan,nan,0.32908278043976147,0.0,0.0,0.283249538466552,0.6087051137851403,0.22289350741157155,0.009646011929795284,nan,nan,nan,nan,nan,nan,nan,nan,nan,nan,nan,nan,nan,nan,nan,nan,nan,nan,nan,nan,nan,nan,nan,nan,nan,nan,nan,nan,nan,nan,nan,nan,nan,nan,nan,nan,nan,nan,nan,nan,nan,nan,nan,nan,nan,nan,nan,nan,nan,0.2119029212577841
1791005286.6480536,1.2424142510638287,-0.31637289863538376,-1.5959675912071833,0.5185955956436078,1.9999775331964524,0.5,0.28615671521142405,0.0,0.0,-0.8754443922878187,-0.5368538220620548,0.2240445743738263,-0.00027162007083255253,0.2880832208100568,0.0,0.0,-0.11276449420820489,1.536243022316344,0.002549182576926068,-0.03199588646824392,0.0,0.0,0.0,-1.130080632804152,0.8994110466706496,-0.006407593697480044,-0.1668816121015681,nan,nan,nan,nan,nan,nan,nan,0.0004564751593147021,0.0,0.0,-0.7844619368323463,1.9070429877824593,0.06781525763183474,-0.00244640446677522,nan,nan,nan,nan,nan,nan,nan,nan,nan,nan,nan,nan,nan,nan,0.32908278043976147,0.0,0.0,0.3064725847311933,0.6097101894227762,0.22138269758562307,0.009863477066565277,nan,nan,nan,nan,nan,nan,nan,nan,nan,nan,nan,nan,nan,nan,nan,nan,nan,nan,nan,nan,nan,nan,nan,nan,nan,nan,nan,nan,nan,nan,nan,nan,nan,nan,nan,nan,nan,nan,nan,nan,nan,nan,nan,nan,nan,nan,nan,nan,nan,0.24186500120160642
1791005286.749435,1.2421366911006826,-0.33984468893751507,-1.5980291778589744,0.54905475473768,1.9999796711954823,0.5,0.3563304789218213,0.0,0.0,-0.8522211085189266,-0.5366671282823972,0.2290521395342293,-0.006521439718363123,0.47244580544162407,0.0,0.0,-0.11253386104028308,1.5333333697845286,8.033559426176867e-05,-0.027626960056586408,0.0,0.0,0.0,-1.1306779352279148,0.8833818517604302,-0.013708455532618447,-0.1770270245493671,nan,nan,nan,nan,nan,nan,nan,0.0004564751593147021,0.0,0.0,-0.7790966555760412,1.906986855882569,0.04241386370082189,-0.002559088788002572,nan,nan,nan,nan,nan,nan,nan,nan,nan,nan,nan,nan,nan,nan,0.32908278043976147,0.0,0.0,0.32959829341172137,0.6102838992820222,0.22340789990661158,-0.027381300705390646,nan,nan,nan,nan,nan,nan,nan,nan,nan,nan,nan,nan,nan,nan,nan,nan,nan,nan,nan,nan,nan,nan,nan,nan,nan,nan,nan,nan,nan,nan,nan,nan,nan,nan,nan,nan,nan,nan,nan,nan,nan,nan,nan,nan,nan,nan,nan,nan,nan,0.20725242839816543
1791005286.8487034,1.2415318288611625,-0.3639476223391306,-1.6001965493283308,0.5761447633614606,1.9999816057370041,0.5,0.30943625960794624,0.0,0.0,-0.8287209347692237,-0.5366347909698591,0.2330918985460832,0.007963726248490647,0.3394450661415759,0.0,0.0,-0.11247644959460036,1.5308050016261305,0.0011084678643230293,-0.021157744040387776,0.0,0.0,0.0,-1.1306330760747108,0.8647168865743823,0.020805839795836615,-0.20271812406184134,nan,nan,nan,nan,nan,nan,nan,0.0004564751593147021,0.0,0.0,-0.7743805459470138,1.9068894320134857,0.03315315702707794,0.0021053863018535026,nan,nan,nan,nan,nan,nan,nan,nan,nan,nan,nan,nan,nan,nan,0.32908278043976147,0.0,0.0,0.3529264910214262,0.6118635986624639,0.24706689575749943,0.015553671062473736,nan,nan,nan,nan,nan,nan,nan,nan,nan,nan,nan,nan,nan,nan,nan,nan,nan,nan,nan,nan,nan,nan,nan,nan,nan,nan,nan,nan,nan,nan,nan,nan,nan,nan,nan,nan,nan,nan,nan,nan,nan,nan,nan,nan,nan,nan,nan,nan,nan,0.22687459328033066
1791005286.9494274,1.2404600554719727,-0.38828268036168595,-1.6009923924890523,0.6001468873422258,1.9999833553125144,0.5,0.35579349023621754,0.0,0.0,-0.8053353078336483,-0.5363291717016206,0.25442171607655895,0.013886354103200708,0.18865635795925145,0.0,0.0,-0.11234409899447564,1.5287805162711914,0.001754583170754369,-0.017930873848306415,0.0,0.0,0.0,-1.1295604660726697,0.8439755055434743,-0.015994243130388806,-0.20173881926891032,nan,nan,nan,nan,nan,nan,nan,0.0004564751593147021,0.0,0.0,-0.7710398401299926,1.907110889430457,0.02656411558827815,0.004774930503612743,nan,nan,nan,nan,nan,nan,nan,nan,nan,nan,nan,nan,nan,nan,0.32908278043976147,0.0,0.0,0.3756378684292744,0.6123486263491649,0.23386657289127247,-0.013610303629293474,nan,nan,nan,nan,nan,nan,nan,nan,nan,nan,nan,nan,nan,nan,nan,nan,nan,nan,nan,nan,nan,nan,nan,nan,nan,nan,nan,nan,nan,nan,nan,nan,nan,nan,nan,nan,nan,nan,nan,nan,nan,nan,nan,nan,nan,nan,nan,nan,nan,0.2513326728540746
1791005287.048946,1.239740677950745,-0.41190187013390617,-1.6022958835290604,0.6214438452417069,1.9999849392639466,0.5,0.36155262546893,0.0,0.0,-0.7820185965491072,-0.5360297025769966,0.26059549540305416,0.01037951455527458,0.1800933943343364,0.0,0.0,-0.11041888395868851,1.5250278164454525,0.0023229832933816773,-0.016222953281705026,0.0,0.0,0.0,-1.1320860656520482,0.8247893941664368,0.00849228424816109,-0.20727077012172074,nan,nan,nan,nan,nan,nan,nan,0.0004564751593147021,0.0,0.0,-0.7684635238152329,1.9071365060320888,0.035314355668422455,-0.0031620802236647263,nan,nan,nan,nan,nan,nan,nan,nan,nan,nan,nan,nan,nan,nan,0.32908278043976147,0.0,0.0,0.3987440117100083,0.6140652348406384,0.23447386126327238,0.012795909789056774,nan,nan,nan,nan,nan,nan,nan,nan,nan,nan,nan,nan,nan,nan,nan,nan,nan,nan,nan,nan,nan,nan,nan,nan,nan,nan,nan,nan,nan,nan,nan,nan,nan,nan,nan,nan,nan,nan,nan,nan,nan,nan,nan,nan,nan,nan,nan,nan,nan,0.2608620088880888
1791005287.1495667,1.2388943934863086,-0.43545631230748694,-1.6028840145141343,0.6401787081882805,1.9999863724824711,0.5,0.33183218624249305,0.0,0.0,-0.7589631970763807,-0.5357070588099194,0.23564838190854426,-0.0012307026979641747,0.1695832174586889,0.0,0.0,-0.11029718117619873,1.5234893559013474,0.0014254247499960464,-0.015172396556225544,0.0,0.0,0.0,-1.1330863949994103,0.8036420605272839,-0.010393504240805429,-0.21770337716901453,nan,nan,nan,nan,nan,nan,nan,0.0004564751593147021,0.0,0.0,-0.766531250628574,1.9070762645052066,0.02484109939447146,0.0006500257856064235,nan,nan,nan,nan,nan,nan,nan,nan,nan,nan,nan,nan,nan,nan,0.32908278043976147,0.0,0.0,0.4217913412036396,0.6151563489055145,0.22100942267408688,0.015250909771028182,nan,nan,nan,nan,nan,nan,nan,nan,nan,nan,nan,nan,nan,nan,nan,nan,nan,nan,nan,nan,nan,nan,nan,nan,nan,nan,nan,nan,nan,nan,nan,nan,nan,nan,nan,nan,nan,nan,nan,nan,nan,nan,nan,nan,nan,nan,nan,nan,nan,0.2665113453427275
1791005287.248576,1.2379792145167927,-0.45922471093186573,-1.5992008573322363,0.6565745483620006,1.9999876691018452,0.5,0.3766369877830446,0.0,0.0,-0.7354453053595505,-0.5352585320888543,0.23816717353698091,-0.00264281401622978,0.2169229647988685,0.0,0.0,-0.11017019818502509,1.5219919035064744,0.0007274010289850759,-0.01378178498239134,0.0,0.0,0.0,-1.1338587107679612,0.7819869762572098,-0.025259765652775247,-0.21191013304765494,nan,nan,nan,nan,nan,nan,nan,0.0004564751593147021,0.0,0.0,-0.7630238617163153,1.906907657282073,0.03743036669589756,0.0056916045789254435,nan,nan,nan,nan,nan,nan,nan,nan,nan,nan,nan,nan,nan,nan,0.32908278043976147,0.0,0.0,0.44473265336672174,0.6174935570009522,0.2186898605017788,0.007920733963853649,nan,nan,nan,nan,nan,nan,nan,nan,nan,nan,nan,nan,nan,nan,nan,nan,nan,nan,nan,nan,nan,nan,nan,nan,nan,nan,nan,nan,nan,nan,nan,nan,nan,nan,nan,nan,nan,nan,nan,nan,nan,nan,nan,nan,nan,nan,nan,nan,nan,0.23628462558235658
1791005287.3489754,1.2369583593172955,-0.48229196241193245,-1.5967202967253689,0.6708405782552957,1.9999888417599947,0.5,0.3340168017137396,0.0,0.0,-0.7121895466929475,-0.5347966187201534,0.22448950696509548,-0.002268917140728248,0.13540072290618965,0.0,0.0,-0.11007074172822133,1.5206094601976945,0.000813868106411128,-0.012656680440128777,0.0,0.0,0.0,-1.134443601928103,0.7594465129911897,-0.005581592181317893,-0.2122714779875744,nan,nan,nan,nan,nan,nan,nan,0.0004564751593147021,0.0,0.0,-0.7590077363393861,1.9071222727793489,0.026560986943366408,0.004614400208687877,nan,nan,nan,nan,nan,nan,nan,nan,nan,nan,nan,nan,nan,nan,0.32908278043976147,0.0,0.0,0.468027170524588,0.6181864993157193,0.2240841630433295,0.011695942649733499,nan,nan,nan,nan,nan,nan,nan,nan,nan,nan,nan,nan,nan,nan,nan,nan,nan,nan,nan,nan,nan,nan,nan,nan,nan,nan,nan,nan,nan,nan,nan,nan,nan,nan,nan,nan,nan,nan,nan,nan,nan,nan,nan,nan,nan,nan,nan,nan,nan,0.2685273131444436
1791005287.4489634,1.2364975965676623,-0.5044939424022594,-1.5927158725241581,0.6831860056852833,1.9999899036069204,0.5,0.314332782336265,0.0,0.0,-0.6884733508097248,-0.5342179711331462,0.23008293407082883,0.004726661694357688,0.2713430481827493,0.0,0.0,-0.10994127805726876,1.519373995352207,0.0008277818761459353,-0.011097341551991814,0.0,0.0,0.0,-1.1357003255841034,0.7376305995544633,-0.014364351724817181,-0.22317882708614206,nan,nan,nan,nan,nan,nan,nan,0.0004564751593147021,0.0,0.0,-0.7561538726562024,1.9070437801223976,0.01862163314060797,-0.0006773353681243905,nan,nan,nan,nan,nan,nan,nan,nan,nan,nan,nan,nan,nan,nan,0.32908278043976147,0.0,0.0,0.49136338237648525,0.6190719645231436,0.24053073310075987,0.008606408018527708,nan,nan,nan,nan,nan,nan,nan,nan,nan,nan,nan,nan,nan,nan,nan,nan,nan,nan,nan,nan,nan,nan,nan,nan,nan,nan,nan,nan,nan,nan,nan,nan,nan,nan,nan,nan,nan,nan,nan,nan,nan,nan,nan,nan,nan,nan,nan,nan,nan,0.23845806564528463
1791005287.548934,1.2355833982639284,-0.5264445626601871,-1.5992260355036174,0.6937763524557173,1.9999908643924316,0.5,0.3644104086060642,0.0,0.0,-0.6646441909668843,-0.5337794386642207,0.24723614352090506,0.008539125339066592,0.2972142102562337,0.0,0.0,-0.10986354118138006,1.518204247207679,-0.00012855194517553086,-0.01133357139161015,0.0,0.0,0.0,-1.1370888706045632,0.715945688822418,-0.0060485246834153135,-0.23595891963458743,nan,nan,nan,nan,nan,nan,nan,0.0004564751593147021,0.0,0.0,-0.7544023927583845,1.9070824420201726,0.005714682883169811,0.007716422860990884,nan,nan,nan,nan,nan,nan,nan,nan,nan,nan,nan,nan,nan,nan,0.32908278043976147,0.0,0.0,0.5147273547292177,0.6201270589970145,0.24662128805910338,0.01688130985668195,nan,nan,nan,nan,nan,nan,nan,nan,nan,nan,nan,nan,nan,nan,nan,nan,nan,nan,nan,nan,nan,nan,nan,nan,nan,nan,nan,nan,nan,nan,nan,nan,nan,nan,nan,nan,nan,nan,nan,nan,nan,nan,nan,nan,nan,nan,nan,nan,nan,0.22505393135422816
1791005287.6489265,1.2348222603831396,-0.5499340341512468,-1.5995857976548087,0.702702210460952,1.999991733760433,0.5,0.34249334083151967,0.0,0.0,-0.6414214172241961,-0.5334943918261462,0.23148306384215295,0.001965447368047141,0.23488834256552932,0.0,0.0,-0.10983668268254897,1.517238052353607,0.0007785004960811807,-0.008708569317427403,0.0,0.0,0.0,-1.138386057210875,0.6932970962698254,-0.010600713512348377,-0.22653978631611962,nan,nan,nan,nan,nan,nan,nan,0.0004564751593147021,0.0,0.0,-0.7528049843683678,1.9069633109425803,0.00907595914350091,-0.002092049639357502,nan,nan,nan,nan,nan,nan,nan,nan,nan,nan,nan,nan,nan,nan,0.32908278043976147,0.0,0.0,0.5379432684028738,0.6212637368644548,0.2378684340561046,0.01433974557684446,nan,nan,nan,nan,nan,nan,nan,nan,nan,nan,nan,nan,nan,nan,nan,nan,nan,nan,nan,nan,nan,nan,nan,nan,nan,nan,nan,nan,nan,nan,nan,nan,nan,nan,nan,nan,nan,nan,nan,nan,nan,nan,nan,nan,nan,nan,nan,nan,nan,0.2364098243288545
1791005287.7481298,1.2340296653571323,-0.5737401676266478,-1.59969094879167,0.7100864389657292,1.9999925203971307,0.5,0.35411519443775497,0.0,0.0,-0.6180249733284473,-0.5329795104573085,0.2427859102743773,0.0035448990634762796,0.2703345652626987,0.0,0.0,-0.10981989520082099,1.5163203148743072,0.0004337398670340422,-0.008446399826243409,0.0,0.0,0.0,-1.1393875781597766,0.6701891199161399,-0.018627130562398172,-0.2247520799838722,nan,nan,nan,nan,nan,nan,nan,0.0004564751593147021,0.0,0.0,-0.7519180724946667,1.9068908456709668,0.008878150512550692,-0.00024582456872304344,nan,nan,nan,nan,nan,nan,nan,nan,nan,nan,nan,nan,nan,nan,0.32908278043976147,0.0,0.0,0.5612985417098909,0.622500998709063,0.2323654818760985,0.012009527977727225,nan,nan,nan,nan,nan,nan,nan,nan,nan,nan,nan,nan,nan,nan,nan,nan,nan,nan,nan,nan,nan,nan,nan,nan,nan,nan,nan,nan,nan,nan,nan,nan,nan,nan,nan,nan,nan,nan,nan,nan,nan,nan,nan,nan,nan,nan,nan,nan,nan,0.23372709939880248
1791005287.8489528,1.2334106923150794,-0.5972513514630853,-1.600689041495369,0.7160455043805447,1.9999932319233704,0.5,0.18579275890646837,0.0,0.0,-0.5941586696762324,-0.5326520309324784,0.16341045441745858,0.036795169751291386,0.2245312170069512,0.0,0.0,-0.10978317452044416,1.5155548575196218,-0.0001652940889509291,-0.006458243783330464,0.0,0.0,0.0,-1.1403636815618128,0.6468395905675106,-0.013690667958588656,-0.22562410619579065,nan,nan,nan,nan,nan,nan,nan,0.0004564751593147021,0.0,0.0,-0.7510232532729505,1.9067803919992798,0.008436123422668957,-0.0005019519458299908,nan,nan,nan,nan,nan,nan,nan,nan,nan,nan,nan,nan,nan,nan,0.32908278043976147,0.0,0.0,0.5840515688459192,0.6238872842479141,0.21472485295527466,0.0196033793817802,nan,nan,nan,nan,nan,nan,nan,nan,nan,nan,nan,nan,nan,nan,nan,nan,nan,nan,nan,nan,nan,nan,nan,nan,nan,nan,nan,nan,nan,nan,nan,nan,nan,nan,nan,nan,nan,nan,nan,nan,nan,nan,nan,nan,nan,nan,nan,nan,nan,0.23745795359538077
1791005287.9486663,1.2327278127681158,-0.6207043004604311,-1.603323833578678,0.7207053919615595,1.9999938759910154,0.5,0.34728584503147064,0.0,0.0,-0.5714032699258521,-0.5323444436624181,0.22505577870939109,0.006033492663342801,0.33648335045207173,0.0,0.0,-0.10975727751108559,1.5148164982443013,-0.0006323740414038,-0.007684395469022297,0.0,0.0,0.0,-1.1416575143889482,0.6234414960956053,-0.009378888670260665,-0.23134922173314684,nan,nan,nan,nan,nan,nan,nan,0.0004564751593147021,0.0,0.0,-0.7503655856654219,1.9068361394414284,0.006297890181199717,0.002422842449166327,nan,nan,nan,nan,nan,nan,nan,nan,nan,nan,nan,nan,nan,nan,0.32908278043976147,0.0,0.0,0.6073445279261261,0.6249367354156432,0.22141294384898708,0.013221739343606567,nan,nan,nan,nan,nan,nan,nan,nan,nan,nan,nan,nan,nan,nan,nan,nan,nan,nan,nan,nan,nan,nan,nan,nan,nan,nan,nan,nan,nan,nan,nan,nan,nan,nan,nan,nan,nan,nan,nan,nan,nan,nan,nan,nan,nan,nan,nan,nan,nan,0.208563387554822
1791005288.048612,1.23236601583277,-0.6436306037345582,-1.6104040941815443,0.7241645732883124,1.999994458423826,0.5,0.3922534615030237,0.0,0.0,-0.5496108976598334,-0.5323209952623571,0.2400936578486034,-0.021066498258088297,0.2425064177371993,0.0,0.0,-0.10968030849523172,1.5141815631363267,0.001512866664688188,-0.006560739445905678,0.0,0.0,0.0,-1.1430619073511974,0.5999270209662063,-0.010366949650282724,-0.23595376799322743,nan,nan,nan,nan,nan,nan,nan,0.0004564751593147021,0.0,0.0,-0.7494391989227825,1.9067547031068899,0.009490696186103225,-0.00023230395037696533,nan,nan,nan,nan,nan,nan,nan,nan,nan,nan,nan,nan,nan,nan,0.32908278043976147,0.0,0.0,0.630393374941149,0.6261229604939635,0.22713105581901705,0.02633768684328064,nan,nan,nan,nan,nan,nan,nan,nan,nan,nan,nan,nan,nan,nan,nan,nan,nan,nan,nan,nan,nan,nan,nan,nan,nan,nan,nan,nan,nan,nan,nan,nan,nan,nan,nan,nan,nan,nan,nan,nan,nan,nan,nan,nan,nan,nan,nan,nan,nan,0.24043065959393953
1791005288.1489143,1.2315541699169943,-0.6673563294900067,-1.612555433677487,0.7264993018246368,1.9999949857573476,0.5,0.3020027828702204,0.0,0.0,-0.5257270796492229,-0.5323704035916657,0.2076558502585644,-0.0017024214886210256,0.23945364175649156,0.0,0.0,-0.10961504515418645,1.5134504338361743,0.0006165461982062569,-0.006022218526261355,0.0,0.0,0.0,-1.144458244753724,0.5764066015665668,-0.001881647824635934,-0.2440204159952553,nan,nan,nan,nan,nan,nan,nan,0.0004564751593147021,0.0,0.0,-0.7489854112195158,1.9069822589368917,0.011377301659871926,0.00014742679484149664,nan,nan,nan,nan,nan,nan,nan,nan,nan,nan,nan,nan,nan,nan,0.32908278043976147,0.0,0.0,0.6536829126358529,0.627097070739577,0.23965936259701587,0.016732132544353805,nan,nan,nan,nan,nan,nan,nan,nan,nan,nan,nan,nan,nan,nan,nan,nan,nan,nan,nan,nan,nan,nan,nan,nan,nan,nan,nan,nan,nan,nan,nan,nan,nan,nan,nan,nan,nan,nan,nan,nan,nan,nan,nan,nan,nan,nan,nan,nan,nan,0.23720487341010726
1791005288.2489936,1.2303382526224536,-0.6918578598542803,-1.6139933670716378,0.727762010900565,1.9999954629256236,0.5,0.3244081860362894,0.0,0.0,-0.5023264376500393,-0.5319151232753813,0.24485622636131618,-0.005456981759915846,0.14428734963454345,0.0,0.0,-0.10954596500825113,1.5128360849976954,0.00032008948062669433,-0.006290047662810201,0.0,0.0,0.0,-1.1460103605168002,0.5528049298451464,-0.01242175335729203,-0.24964887921822557,nan,nan,nan,nan,nan,nan,nan,0.0004564751593147021,0.0,0.0,-0.7483926183972297,1.9070895932606755,-0.007465204760388096,0.008667514162092509,nan,nan,nan,nan,nan,nan,nan,nan,nan,nan,nan,nan,nan,nan,0.32908278043976147,0.0,0.0,0.6768307810532267,0.6283009560015125,0.24271240293656615,0.02515266125687342,nan,nan,nan,nan,nan,nan,nan,nan,nan,nan,nan,nan,nan,nan,nan,nan,nan,nan,nan,nan,nan,nan,nan,nan,nan,nan,nan,nan,nan,nan,nan,nan,nan,nan,nan,nan,nan,nan,nan,nan,nan,nan,nan,nan,nan,nan,nan,nan,nan,0.2976993000807748
1791005288.3489792,1.2299369705409295,-0.7148715393840298,-1.6167601913206868,0.7280755495674963,1.999995894670391,0.5,0.3321067364777002,0.0,0.0,-0.47978503803493244,-0.5325112220984064,0.1891770484250689,-0.04415512756726622,0.2876091179492727,0.0,0.0,-0.10948125227794327,1.5121939803870361,0.0006914183206504257,-0.0071419219376029856,0.0,0.0,0.0,-1.147470924417085,0.5292000687237108,-0.02077530439647147,-0.23853135889151716,nan,nan,nan,nan,nan,nan,nan,0.0004564751593147021,0.0,0.0,-0.7469027446592877,1.9069076944422638,0.04191622166973575,-0.011097402222378,nan,nan,nan,nan,nan,nan,nan,nan,nan,nan,nan,nan,nan,nan,0.32908278043976147,0.0,0.0,0.7001921802789718,0.6296031574363746,0.27454149943861783,0.031333825223067706,nan,nan,nan,nan,nan,nan,nan,nan,nan,nan,nan,nan,nan,nan,nan,nan,nan,nan,nan,nan,nan,nan,nan,nan,nan,nan,nan,nan,nan,nan,nan,nan,nan,nan,nan,nan,nan,nan,nan,nan,nan,nan,nan,nan,nan,nan,nan,nan,nan,0.23622811240582473
1791005288.448953,1.229088005986502,-0.7388326650081328,-1.6192260183865859,0.7274709350410441,1.9999962851254818,0.5,0.35367185169681725,0.0,0.0,-0.4563176691169447,-0.5326162551594554,0.23801610643702842,-0.005168662372632742,0.28543577586976054,0.0,0.0,-0.10942924357367168,1.5115262216415035,0.0007585856137395056,-0.00639661137750328,0.0,0.0,0.0,-1.1488627912879765,0.505470527588691,-0.02193446376082712,-0.23152751470548882,nan,nan,nan,nan,nan,nan,nan,0.0004564751593147021,0.0,0.0,-0.7449818589313001,1.9069807389318025,0.0578955842327775,-0.008169627845874806,nan,nan,nan,nan,nan,nan,nan,nan,nan,nan,nan,nan,nan,nan,0.32908278043976147,0.0,0.0,0.7233543553066073,0.6306334419588717,0.23653461304730108,0.025846859397028833,nan,nan,nan,nan,nan,nan,nan,nan,nan,nan,nan,nan,nan,nan,nan,nan,nan,nan,nan,nan,nan,nan,nan,nan,nan,nan,nan,nan,nan,nan,nan,nan,nan,nan,nan,nan,nan,nan,nan,nan,nan,nan,nan,nan,nan,nan,nan,nan,nan,0.23322328625524316
1791005288.5490146,1.2279189445949676,-0.762720940116006,-1.620051990540852,0.7260248628753904,1.9999966386425314,0.5,0.3709071546736498,0.0,0.0,-0.4324407019283569,-0.5328580330008176,0.21538870176364755,-0.0318591282233097,0.26077695827929664,0.0,0.0,-0.10936054379271722,1.5108258447405447,0.0006067729816746319,-0.00570763855421911,0.0,0.0,0.0,-1.1501713913819982,0.48172549640168194,-0.020206397573458934,-0.22786064967014585,nan,nan,nan,nan,nan,nan,nan,0.0004564751593147021,0.0,0.0,-0.7424482960035305,1.9070729526192176,0.04174517288978386,-0.006522691564097147,nan,nan,nan,nan,nan,nan,nan,nan,nan,nan,nan,nan,nan,nan,0.32908278043976147,0.0,0.0,0.7462811961759224,0.6312756085145274,0.22082871247693417,0.01127636396540773,nan,nan,nan,nan,nan,nan,nan,nan,nan,nan,nan,nan,nan,nan,nan,nan,nan,nan,nan,nan,nan,nan,nan,nan,nan,nan,nan,nan,nan,nan,nan,nan,nan,nan,nan,nan,nan,nan,nan,nan,nan,nan,nan,nan,nan,nan,nan,nan,nan,0.23384914194255177
1791005288.6489768,1.226741770595806,-0.786794713218605,-1.618892874873218,0.723778275057081,1.999996958517986,0.5,0.32579665125663054,0.0,0.0,-0.40893161607236955,-0.5328892563325126,0.21557099006557434,0.00384395097252083,0.3152867584000985,0.0,0.0,-0.10929606990045634,1.5101652949607502,0.0007938640041421244,-0.006132204118203177,0.0,0.0,0.0,-1.15132669195973,0.45794617210396066,-0.014261483497277789,-0.2316705120351617,nan,nan,nan,nan,nan,nan,nan,0.0004564751593147021,0.0,0.0,-0.7379069831557387,1.9067684255947759,0.055163709800693274,-0.00762402475991414,nan,nan,nan,nan,nan,nan,nan,nan,nan,nan,nan,nan,nan,nan,0.32908278043976147,0.0,0.0,0.7692322598359644,0.6320736901176968,0.21848525600445323,0.003022457904683036,nan,nan,nan,nan,nan,nan,nan,nan,nan,nan,nan,nan,nan,nan,nan,nan,nan,nan,nan,nan,nan,nan,nan,nan,nan,nan,nan,nan,nan,nan,nan,nan,nan,nan,nan,nan,nan,nan,nan,nan,nan,nan,nan,nan,nan,nan,nan,nan,nan,0.21458416914821507
1791005288.7492294,1.2257750715728961,-0.8105628743038066,-1.6185065253378301,0.7209256345552866,1.9999972479532666,0.5,0.376360904037962,0.0,0.0,-0.38556638530256326,-0.5336867834248359,0.25215457355818066,-0.005209934289360231,0.21525567382850236,0.0,0.0,-0.1086269211222936,1.5066968361503172,0.0006021392835626654,-0.006929550407816369,0.0,0.0,0.0,-1.1519934952574638,0.43446154863027153,-0.0007603739824129478,-0.23474062140885715,nan,nan,nan,nan,nan,nan,nan,0.0004564751593147021,0.0,0.0,-0.7350570050123948,1.9070786570426932,0.030390588851886315,0.006982653464071019,nan,nan,nan,nan,nan,nan,nan,nan,nan,nan,nan,nan,nan,nan,0.32908278043976147,0.0,0.0,0.7927451670431475,0.6329289497742302,0.2268782452885877,0.003478988036468943,nan,nan,nan,nan,nan,nan,nan,nan,nan,nan,nan,nan,nan,nan,nan,nan,nan,nan,nan,nan,nan,nan,nan,nan,nan,nan,nan,nan,nan,nan,nan,nan,nan,nan,nan,nan,nan,nan,nan,nan,nan,nan,nan,nan,nan,nan,nan,nan,nan,0.24376737234446372
1791005288.84865,1.2246005525677781,-0.834201386460188,-1.6170436137924267,0.7173820470707712,1.9999975097675566,0.5,0.4157270630565734,0.0,0.0,-0.3616905205794524,-0.534267771381859,0.2784823056457953,-0.0035391674132360653,0.22041167343559462,0.0,0.0,-0.10855606750830746,1.5059986601783701,0.0021728112684240384,-0.008517328878250827,0.0,0.0,0.0,-1.1530761268383452,0.410923533395613,-0.0005403220967404138,-0.235231379352613,nan,nan,nan,nan,nan,nan,nan,0.0004564751593147021,0.0,0.0,-0.7311213125225693,1.9071788331738495,0.01739108346940746,-0.005596490711629321,nan,nan,nan,nan,nan,nan,nan,nan,nan,nan,nan,nan,nan,nan,0.32908278043976147,0.0,0.0,0.8160086421511886,0.6338287925174193,0.24091331351947265,0.008638766402306059,nan,nan,nan,nan,nan,nan,nan,nan,nan,nan,nan,nan,nan,nan,nan,nan,nan,nan,nan,nan,nan,nan,nan,nan,nan,nan,nan,nan,nan,nan,nan,nan,nan,nan,nan,nan,nan,nan,nan,nan,nan,nan,nan,nan,nan,nan,nan,nan,nan,0.23776505189357214
1791005288.9488833,1.223541093554859,-0.8575754406076789,-1.6154588500107276,0.7132046346292913,1.9999977466052494,0.5,0.39167119550453644,0.0,0.0,-0.33845000245187046,-0.5350706579123519,0.23800085726676995,-0.018356719276372252,0.2234472570141699,0.0,0.0,-0.10850013134820383,1.5052038111298285,0.00023687504390074344,-0.008033633475534232,0.0,0.0,0.0,-1.1541629114434242,0.3873759985077424,-0.0035867625242737887,-0.2367474762595505,nan,nan,nan,nan,nan,nan,nan,0.0004564751593147021,0.0,0.0,-0.7292185236816302,1.9071367452267929,0.019706519167552485,-0.0030174328782858442,nan,nan,nan,nan,nan,nan,nan,nan,nan,nan,nan,nan,nan,nan,0.32908278043976147,0.0,0.0,0.8391406130920591,0.6339396477970605,0.24465743851874505,-0.004284322206726034,nan,nan,nan,nan,nan,nan,nan,nan,nan,nan,nan,nan,nan,nan,nan,nan,nan,nan,nan,nan,nan,nan,nan,nan,nan,nan,nan,nan,nan,nan,nan,nan,nan,nan,nan,nan,nan,nan,nan,nan,nan,nan,nan,nan,nan,nan,nan,nan,nan,0.23289466694968158
1791005289.048981,1.2224601034856728,-0.8810223183560001,-1.611359178171494,0.7084257384429886,1.9999979610441114,0.5,0.37281818343886913,0.0,0.0,-0.3152786842306846,-0.5355900073674399,0.24262935294575605,-0.011464767831456928,0.22731199701636542,0.0,0.0,-0.10843805817354117,1.5042910831544072,0.00032898360798570527,-0.009609332136554533,0.0,0.0,0.0,-1.155106692643364,0.364013368252847,-0.00391494306697518,-0.23405842396512053,nan,nan,nan,nan,nan,nan,nan,0.0004564751593147021,0.0,0.0,-0.7274880362819118,1.9069999959594681,0.019645152482223534,-0.003016265499567568,nan,nan,nan,nan,nan,nan,nan,nan,nan,nan,nan,nan,nan,nan,0.32908278043976147,0.0,0.0,0.8625354504601237,0.6352169423133768,0.24031394831305428,0.009723163119373497,nan,nan,nan,nan,nan,nan,nan,nan,nan,nan,nan,nan,nan,nan,nan,nan,nan,nan,nan,nan,nan,nan,nan,nan,nan,nan,nan,nan,nan,nan,nan,nan,nan,nan,nan,nan,nan,nan,nan,nan,nan,nan,nan,nan,nan,nan,nan,nan,nan,0.2402217102752605
1791005289.1497388,1.2213846600816525,-0.9042743381562113,-1.6073329739027704,0.7030873579103644,1.9999981550764176,0.5,0.3415298537469255,0.0,0.0,-0.29175809068378167,-0.5361303722871205,0.22993490255876703,-0.005704397435781757,0.28460808358103157,0.0,0.0,-0.10843733214767887,1.5034400864256283,-0.00038395672333017264,2.145815633083307e-05,0.0,0.0,0.0,-1.1561330932334688,0.3406865260741441,-0.01465081177064721,-0.23595827624264562,nan,nan,nan,nan,nan,nan,nan,0.0004564751593147021,0.0,0.0,-0.7255596036162224,1.9067713288827235,0.01886222916627253,-0.005692422343317641,nan,nan,nan,nan,nan,nan,nan,nan,nan,nan,nan,nan,nan,nan,0.32908278043976147,0.0,0.0,0.8857519952481526,0.6360102881391164,0.24715686468434625,0.04164817062839266,nan,nan,nan,nan,nan,nan,nan,nan,nan,nan,nan,nan,nan,nan,nan,nan,nan,nan,nan,nan,nan,nan,nan,nan,nan,nan,nan,nan,nan,nan,nan,nan,nan,nan,nan,nan,nan,nan,nan,nan,nan,nan,nan,nan,nan,nan,nan,nan,nan,0.2366093415550103
1791005289.2487853,1.2205942528233225,-0.9276227256615422,-1.6059377115987254,0.6971970314058309,1.9999983305476254,0.5,0.3311537818376447,0.0,0.0,-0.2679901778686947,-0.5362977198853827,0.2547860660072104,0.021933245756923292,0.30241858397293875,0.0,0.0,-0.10841889682680904,1.5028100029035258,-0.0006565445181793983,-0.0038567229120751202,0.0,0.0,0.0,-1.1571084873973145,0.31726422509158747,-0.021860718940467136,-0.23359348710288902,nan,nan,nan,nan,nan,nan,nan,0.0004564751593147021,0.0,0.0,-0.7243500662629834,1.9069952616498036,0.017098857213462226,0.00433788732159898,nan,nan,nan,nan,nan,nan,nan,nan,nan,nan,nan,nan,nan,nan,0.32908278043976147,0.0,0.0,0.9090953708034603,0.6368024448896266,0.2278826651184236,0.014829210832310678,nan,nan,nan,nan,nan,nan,nan,nan,nan,nan,nan,nan,nan,nan,nan,nan,nan,nan,nan,nan,nan,nan,nan,nan,nan,nan,nan,nan,nan,nan,nan,nan,nan,nan,nan,nan,nan,nan,nan,nan,nan,nan,nan,nan,nan,nan,nan,nan,nan,0.24047293049343535
1791005289.3481016,1.2197738607032882,-0.9511224635787983,-1.6045778559563368,0.6907779238658555,1.9999984891898857,0.5,0.3482647847220448,0.0,0.0,-0.2446842336572104,-0.537252459195348,0.23345170991753772,0.004445414603092861,0.27402932532031327,0.0,0.0,-0.10839262114627657,1.502508602075985,0.0002504088731380346,-0.003873631277668072,0.0,0.0,0.0,-1.1578946465842601,0.29391117658299387,-0.012674669856793587,-0.22324372980560683,nan,nan,nan,nan,nan,nan,nan,0.0004564751593147021,0.0,0.0,-0.7230437704784398,1.9070161577622575,0.015637686664854076,0.003796863954147864,nan,nan,nan,nan,nan,nan,nan,nan,nan,nan,nan,nan,nan,nan,0.32908278043976147,0.0,0.0,0.9319601110014316,0.6375575148274153,0.19295196174987367,-0.020192896601791133,nan,nan,nan,nan,nan,nan,nan,nan,nan,nan,nan,nan,nan,nan,nan,nan,nan,nan,nan,nan,nan,nan,nan,nan,nan,nan,nan,nan,nan,nan,nan,nan,nan,nan,nan,nan,nan,nan,nan,nan,nan,nan,nan,nan,nan,nan,nan,nan,nan,0.22557942742677098
1791005289.4488726,1.2187936016216148,-0.9751124670146337,-1.6045662150345115,0.684360529896532,1.9999986329624766,0.5,0.3482647847220448,0.0,0.0,-0.22098100000004456,-0.5373135395736274,0.24614107989467354,0.0035915348140672237,0.23873907072505093,0.0,0.0,-0.10840934540452611,1.501972867359881,-0.00011392497618546534,-0.005436043088838469,0.0,0.0,0.0,-1.158971746205355,0.27058453607548105,-0.012471729984059472,-0.23362197936643642,nan,nan,nan,nan,nan,nan,nan,0.0004564751593147021,0.0,0.0,-0.7219037796218979,1.9071350394253928,-0.00837547491134214,0.004764956803271904,nan,nan,nan,nan,nan,nan,nan,nan,nan,nan,nan,nan,nan,nan,0.32908278043976147,0.0,0.0,0.9552759945732646,0.6383385121756372,0.23017281632919362,0.010948730671044533,nan,nan,nan,nan,nan,nan,nan,nan,nan,nan,nan,nan,nan,nan,nan,nan,nan,nan,nan,nan,nan,nan,nan,nan,nan,nan,nan,nan,nan,nan,nan,nan,nan,nan,nan,nan,nan,nan,nan,nan,nan,nan,nan,nan,nan,nan,nan,nan,nan,0.2536478145166294
1791005289.5488012,1.2180603608682687,-0.9985950299020733,-1.6035317777404288,0.677482558559813,1.9999987630049063,0.5,0.3482647847220448,0.0,0.0,-0.19770265888907015,-0.5381833894883358,0.2329433288695462,-0.012639806748149145,0.21551404729686102,0.0,0.0,-0.1083974594156887,1.501308461005424,0.0005369078571107233,-0.015952588074671196,0.0,0.0,0.0,-1.1600307606540503,0.24717797582355605,-0.004131939746012457,-0.23530560813497864,nan,nan,nan,nan,nan,nan,nan,0.0004564751593147021,0.0,0.0,-0.7202166642297166,1.9071155531848525,0.015402498718108702,0.0004275618254543479,nan,nan,nan,nan,nan,nan,nan,nan,nan,nan,nan,nan,nan,nan,0.32908278043976147,0.0,0.0,0.9783403176479664,0.6394030069394803,0.24514547817620805,0.016108754702282888,nan,nan,nan,nan,nan,nan,nan,nan,nan,nan,nan,nan,nan,nan,nan,nan,nan,nan,nan,nan,nan,nan,nan,nan,nan,nan,nan,nan,nan,nan,nan,nan,nan,nan,nan,nan,nan,nan,nan,nan,nan,nan,nan,nan,nan,nan,nan,nan,nan,0.2658772377254592
1791005289.6487088,1.217417259043663,-1.0218672852913948,-1.6049368428853337,0.670183112913208,1.9999988807160614,0.5,0.3482647847220448,0.0,0.0,-0.17663679646722585,-0.5400398994173685,0.23442866906842694,-0.009834900663254969,0.23980899617491783,0.0,0.0,-0.10836532249059823,1.5005244165662226,0.0001453533035898176,-0.012271011656158678,0.0,0.0,0.0,-1.1612512426638215,0.223827892240625,-0.004379220147031777,-0.2321722910305981,nan,nan,nan,nan,nan,nan,nan,0.0004564751593147021,0.0,0.0,-0.7187357858747586,1.9071978244121426,-0.015013753356387046,0.007522860805987689,nan,nan,nan,nan,nan,nan,nan,nan,nan,nan,nan,nan,nan,nan,0.32908278043976147,0.0,0.0,1.0012457942744981,0.64051616098308,0.2423704040658837,0.012036189877945087,nan,nan,nan,nan,nan,nan,nan,nan,nan,nan,nan,nan,nan,nan,nan,nan,nan,nan,nan,nan,nan,nan,nan,nan,nan,nan,nan,nan,nan,nan,nan,nan,nan,nan,nan,nan,nan,nan,nan,nan,nan,nan,nan,nan,nan,nan,nan,nan,nan,0.24301155644210032
1791005289.7507925,1.216801551808027,-1.04518062033205,-1.6069401946754072,0.6625115482474728,1.9999989872300106,0.5,0.3482647847220448,0.0,0.0,-0.15338388960072932,-0.5409624304194969,0.24431776857763476,-0.003962296420703512,0.2159504207187541,0.0,0.0,-0.10828819270981258,1.499308593459653,0.0020143124588318227,-0.011426819283982648,0.0,0.0,0.0,-1.1625700959409357,0.200447850148952,-0.007372404016330016,-0.23699553088291028,nan,nan,nan,nan,nan,nan,nan,0.0004564751593147021,0.0,0.0,-0.717236611675131,1.907136986607406,0.031309944492810236,-0.002893158937606007,nan,nan,nan,nan,nan,nan,nan,nan,nan,nan,nan,nan,nan,nan,0.32908278043976147,0.0,0.0,1.0241838473857323,0.6415872627025243,0.23786518447098182,0.009039737479731916,nan,nan,nan,nan,nan,nan,nan,nan,nan,nan,nan,nan,nan,nan,nan,nan,nan,nan,nan,nan,nan,nan,nan,nan,nan,nan,nan,nan,nan,nan,nan,nan,nan,nan,nan,nan,nan,nan,nan,nan,nan,nan,nan,nan,nan,nan,nan,nan,nan,0.2343791834216708
1791005289.8489096,1.2161952928331703,-1.0684104946511248,-1.6075259020878165,0.6544825261223746,1.999999083599886,0.5,0.3482647847220448,0.0,0.0,-0.1304631688294571,-0.5420801727271958,0.228893639003684,-0.013226882478770305,0.2633767410985512,0.0,0.0,-0.10816988090209238,1.4982763929126979,0.001174933753333548,-0.012300284339561509,0.0,0.0,0.0,-1.1639437365483631,0.176972268369851,-0.011205607602593003,-0.23722246619827395,nan,nan,nan,nan,nan,nan,nan,0.0004564751593147021,0.0,0.0,-0.7155258289354061,1.9069358688402926,0.04352178140546285,-0.006578372428518303,nan,nan,nan,nan,nan,nan,nan,nan,nan,nan,nan,nan,nan,nan,0.32908278043976147,0.0,0.0,1.0470917780749323,0.6427856480191823,0.22609962871290434,0.009737815686013921,nan,nan,nan,nan,nan,nan,nan,nan,nan,nan,nan,nan,nan,nan,nan,nan,nan,nan,nan,nan,nan,nan,nan,nan,nan,nan,nan,nan,nan,nan,nan,nan,nan,nan,nan,nan,nan,nan,nan,nan,nan,nan,nan,nan,nan,nan,nan,nan,nan,0.24175950406501137
1791005289.9489682,1.215583273901341,-1.0911468880465924,-1.6055524972717963,0.6461644529076883,1.9999991708068867,0.5,0.3482647847220448,0.0,0.0,-0.10664161436519727,-0.5426195219408168,0.11373514956734553,-0.019009166794078207,0.41889804073366327,0.0,0.0,-0.10801527125452533,1.497128598023507,0.002148100097856159,-0.011393237053084444,0.0,0.0,0.0,-1.1651835065176266,0.15346294438428898,-0.02111226876441724,-0.2342623546262454,nan,nan,nan,nan,nan,nan,nan,0.0004564751593147021,0.0,0.0,-0.7130191809252819,1.9068305722655887,0.04613283468084967,-0.0074940262379202364,nan,nan,nan,nan,nan,nan,nan,nan,nan,nan,nan,nan,nan,nan,0.32908278043976147,0.0,0.0,1.0703706671841573,0.6441811002347302,0.22009850354749977,0.013032087105466859,nan,nan,nan,nan,nan,nan,nan,nan,nan,nan,nan,nan,nan,nan,nan,nan,nan,nan,nan,nan,nan,nan,nan,nan,nan,nan,nan,nan,nan,nan,nan,nan,nan,nan,nan,nan,nan,nan,nan,nan,nan,nan,nan,nan,nan,nan,nan,nan,nan,0.19585670885146023
1791005290.04891,1.2150449520767526,-1.1152319899470586,-1.6113464275395126,0.6375021843703096,1.999999249715044,0.5,0.3482647847220448,0.0,0.0,-0.08468940971902865,-0.5444697189411638,0.18977229766259598,-0.020241818946057408,0.30578069261962626,0.0,0.0,-0.10790329612768589,1.4959367380458577,0.0015137265970236787,-0.012075869563475025,0.0,0.0,0.0,-1.166407724651285,0.1300363797315096,-0.020780604776899542,-0.23093922119468072,nan,nan,nan,nan,nan,nan,nan,0.0004564751593147021,0.0,0.0,-0.7099586007968677,1.907071876894053,0.03264508363144835,0.00826289755275604,nan,nan,nan,nan,nan,nan,nan,nan,nan,nan,nan,nan,nan,nan,0.32908278043976147,0.0,0.0,1.0936542090221388,0.6455815486258484,0.22375501852780405,0.010174036063229763,nan,nan,nan,nan,nan,nan,nan,nan,nan,nan,nan,nan,nan,nan,nan,nan,nan,nan,nan,nan,nan,nan,nan,nan,nan,nan,nan,nan,nan,nan,nan,nan,nan,nan,nan,nan,nan,nan,nan,nan,nan,nan,nan,nan,nan,nan,nan,nan,nan,0.2372296700373229
1791005290.1490057,1.2146612401198622,-1.1388421205215657,-1.6160906912664077,0.628544563529072,1.9999993211140974,0.5,0.3482647847220448,0.0,0.0,-0.06470016658573317,-0.5460539911403759,0.21621469228311962,-0.022456586064132235,0.3413478282195514,0.0,0.0,-0.10780651805635705,1.4946790332267204,0.0003285270411568893,-0.013508804337894859,0.0,0.0,0.0,-1.1677265594714257,0.10661453288069744,-0.017654684682968626,-0.230682950822029,nan,nan,nan,nan,nan,nan,nan,0.0004564751593147021,0.0,0.0,-0.7065073453852807,1.9071630815429326,0.02620270543654061,0.0013139869543636509,nan,nan,nan,nan,nan,nan,nan,nan,nan,nan,nan,nan,nan,nan,0.32908278043976147,0.0,0.0,1.1168387514668967,0.6469166029344073,0.23042564643853283,0.01880840896735376,nan,nan,nan,nan,nan,nan,nan,nan,nan,nan,nan,nan,nan,nan,nan,nan,nan,nan,nan,nan,nan,nan,nan,nan,nan,nan,nan,nan,nan,nan,nan,nan,nan,nan,nan,nan,nan,nan,nan,nan,nan,nan,nan,nan,nan,nan,nan,nan,nan,0.2444465497160812
